"orf_id","effect","component","group","term","estimate","std.error","statistic","p.value","conf.low","conf.high","p.adj"
"edge_16_2","fixed","cond",NA,"onset_timeline_combinedt0-6",-59.2029879590397,2.90688779898533e+67,-2.03664510132469e-66,1,-5.69739539311014e+67,5.69739539311014e+67,1
"edge_16_2","fixed","cond",NA,"SexMale",-502.969109487457,5.04715618746116e+108,-9.9653961717492e-107,1,-9.89224435177236e+108,9.89224435177236e+108,1
"edge_16_2","fixed","cond",NA,"Age.at.Gluten.Introduction..months.",-0.72705293247894,0.399532697562897,-1.81975827488933,0.068795824472547,-1.51012263034835,0.056016765390473,0.534261881153218
"edge_16_2","fixed","cond",NA,"HLA.CategoryHigh Risk",2.71938569815073,1.94234926392799,1.40004979982403,0.161498406184513,-1.08754890454601,6.52632030084747,0.622844308745982
"edge_16_2","fixed","cond",NA,"feeding_first_yearFormula",-0.0818170475677139,1.29421315957184,-0.0632175982469387,0.949593231433837,-2.61842822864631,2.45479413351089,1
"edge_16_2","fixed","cond",NA,"feeding_first_yearBreastmilk_and_formula",3.04763898142999,1.98118438061733,1.53829144386872,0.123977370829792,-0.835411051313277,6.93068901417326,0.822255833681735
"edge_16_2","fixed","cond",NA,"Dx.StatusCELIAC:onset_timeline_combinedt0-6",-40.0691890028857,1.16896555047361e+89,-3.42774763436368e-88,1,-2.29113037809632e+89,2.29113037809632e+89,1
"edge_16_2","fixed","cond",NA,"Dx.StatusCELIAC:onset_timeline_combinedt0-18",484.821065546987,471751.789028574,0.00102770371373752,0.999180011218071,-924131.695072795,925101.337203889,1
"edge_16_2","fixed","cond",NA,"Dx.StatusCELIAC:onset_timeline_combinedt0-30",-202.815455498646,1.06246295044216e+58,-1.90891791016563e-56,1,-2.08238911777479e+58,2.08238911777479e+58,1
"edge_16_2","fixed","cond",NA,"Dx.StatusCELIAC:onset_timeline_combinedt0-36",-191.812703290144,2.75872263144867e+55,-6.95295355551633e-54,1,-5.40699700097495e+55,5.40699700097495e+55,1
"edge_1641_46","fixed","cond",NA,"onset_timeline_combinedt0-6",-55.6023584350392,2.67181897233609e+41,-2.08106758020449e-40,1,-5.23666895898956e+41,5.23666895898956e+41,1
"edge_1641_46","fixed","cond",NA,"onset_timeline_combinedt0-30",-66.4883834698443,174833786.432002,-3.80294820736515e-07,0.999999696568634,-342667991.175874,342667858.199107,1
"edge_1641_46","fixed","cond",NA,"onset_timeline_combinedt0-over42",25.4650272638157,49485471.464111,5.14596032136099e-07,0.999999589411771,-96989716.3626148,96989767.2926693,1
"edge_1641_46","fixed","cond",NA,"SexMale",-483.573094452557,5.64021521146315e+74,-8.5736638820048e-73,1,-1.10546186795227e+75,1.10546186795227e+75,1
"edge_1641_46","fixed","cond",NA,"HLA.CategoryLow/No Risk",-36.4165921497728,9.45295494104105e+90,-3.8524030186229e-90,1,-1.85274512319204e+91,1.85274512319204e+91,1
"edge_1641_46","fixed","cond",NA,"feeding_first_yearFormula",-180.875610619264,1.82268785797774e+54,-9.92356479622049e-53,1,-3.57240255669483e+54,3.57240255669483e+54,1
"edge_1641_46","fixed","cond",NA,"Dx.StatusCELIAC:onset_timeline_combinedt0-6",-71.0055015254681,2.6718189723931e+41,-2.65757157423992e-40,1,-5.23666895910128e+41,5.23666895910128e+41,1
"edge_1641_46","fixed","cond",NA,"Dx.StatusCELIAC:onset_timeline_combinedt0-30",231.65087066056,174827082.203881,1.32502852384399e-06,0.999998942780198,-342654552.99096,342655016.292701,1
"edge_1641_46","fixed","cond",NA,"Dx.StatusCELIAC:onset_timeline_combinedt0-over42",138.958463864724,49488693.4924094,2.8078830548646e-06,0.999997759633462,-96995917.9286004,96996195.8455281,1
"edge_1980_2","fixed","cond",NA,"(Intercept)",-6.79757899733693,2.77190765461756,-2.45231077089211,0.0141942014162149,-12.2304181688582,-1.36473982581562,0.0596453248054477
"edge_1980_2","fixed","cond",NA,"Dx.StatusCELIAC",1.48086400504891,1.82191418336704,0.812806672547091,0.416328909296054,-2.09002217727318,5.05175018737101,1
"edge_1980_2","fixed","cond",NA,"onset_timeline_combinedt0-6",-23.6813721239927,106018.095072582,-0.000223371039705816,0.99982177569757,-207815.329423929,207767.966679681,1
"edge_1980_2","fixed","cond",NA,"onset_timeline_combinedt0-12",-18.6460151151208,18066.0489443635,-0.00103210254619277,0.999176501459431,-35427.4512890055,35390.1592587753,1
"edge_1980_2","fixed","cond",NA,"onset_timeline_combinedt0-18",-23.0381952255401,76332.9897823825,-0.000301811776156281,0.999759189047192,-149632.949000959,149586.872610508,1
"edge_1980_2","fixed","cond",NA,"onset_timeline_combinedt0-24",1.64052411234003,1.70796915760644,0.960511555512555,0.336797818053233,-1.7070339232738,4.98808214795386,1
"edge_1980_2","fixed","cond",NA,"onset_timeline_combinedt0-30",2.18559716101324,1.77650913793437,1.2302763404609,0.218593640993809,-1.29629676754443,5.6674910895709,0.93682885018708
"edge_1980_2","fixed","cond",NA,"onset_timeline_combinedt0-36",1.64052721791847,1.70796884417029,0.960513550067375,0.336796814710315,-1.70703020337179,4.98808463920874,0.669042321113734
"edge_1980_2","fixed","cond",NA,"onset_timeline_combinedt0-over42",-27.0730230747816,493991.571401658,-5.48046255080107e-05,0.999956272235468,-968232.76163667,968178.615590521,1
"edge_1980_2","fixed","cond",NA,"SexMale",0.562980462631578,1.39451038834235,0.403711917342395,0.686424575064578,-2.17020967458639,3.29617059984955,1
"edge_1980_2","fixed","cond",NA,"Age.at.Gluten.Introduction..months.",0.445574034029107,0.238342985915146,1.86946568751865,0.0615580531057883,-0.0215696343323161,0.91271770239053,0.534261881153218
"edge_1980_2","fixed","cond",NA,"HLA.CategoryHigh Risk",-2.00558167594377,1.1848495278545,-1.69268892698589,0.0905146940659759,-4.32784407763788,0.316680725750341,0.458607783267611
"edge_1980_2","fixed","cond",NA,"HLA.CategoryLow/No Risk",-10.7064717016548,6.69609683328364,-1.59891231686453,0.109840086876481,-23.8305803318834,2.41763692857387,1
"edge_1980_2","fixed","cond",NA,"feeding_first_yearFormula",1.94428139123997,1.4029993455874,1.38580349118121,0.165806916065742,-0.805546796444599,4.69410957892453,1
"edge_1980_2","fixed","cond",NA,"feeding_first_yearBreastmilk_and_formula",-1.84086670590198,1.22658720351463,-1.50080377540807,0.133406321906287,-4.24493344868835,0.563200036884385,0.822255833681735
"edge_1980_2","fixed","cond",NA,"Delivery.ModeC-Section",8.81763434831563,6.01771307609189,1.46527995549467,0.142844552965127,-2.97686655012022,20.6121352467515,1
"edge_1980_2","fixed","cond",NA,"Dx.StatusCELIAC:onset_timeline_combinedt0-6",-2.88508160828943,1090004.64429784,-2.64685258304375e-06,0.999997888117189,-2136372.73088677,2136366.96072355,1
"edge_1980_2","fixed","cond",NA,"Dx.StatusCELIAC:onset_timeline_combinedt0-12",18.6637106860871,18066.0490098158,0.00103308203558767,0.999175719940382,-35390.1416914884,35427.4691128606,1
"edge_1980_2","fixed","cond",NA,"Dx.StatusCELIAC:onset_timeline_combinedt0-18",-3.66101560162938,865692.51313946,-4.22900226819867e-06,0.999996625744383,-1696729.80845491,1696722.48642371,1
"edge_1980_2","fixed","cond",NA,"Dx.StatusCELIAC:onset_timeline_combinedt0-24",-26.4988086904934,282531.986073867,-9.37904732796e-05,0.99992516602953,-553779.015994042,553726.018376661,1
"edge_1980_2","fixed","cond",NA,"Dx.StatusCELIAC:onset_timeline_combinedt0-30",-28.0436715696192,526869.96265109,-5.32269318002298e-05,0.999957531052918,-1032674.19500367,1032618.10766053,1
"edge_1980_2","fixed","cond",NA,"Dx.StatusCELIAC:onset_timeline_combinedt0-36",-1.16526451902594,2.30011865223863,-0.506610612409852,0.612428060627018,-5.67341423758247,3.34288519953059,1
"edge_1980_2","fixed","cond",NA,"Dx.StatusCELIAC:onset_timeline_combinedt0-over42",26.7290660542696,493991.571404807,5.41083443554671e-05,0.999956827787449,-968178.959553714,968232.417685823,1
"edge_1989_41","fixed","cond",NA,"Dx.StatusCELIAC",-888.613847285737,1.04724975678108e+29,-8.48521416722079e-27,1,-2.05257180610925e+29,2.05257180610925e+29,1
"edge_1989_41","fixed","cond",NA,"onset_timeline_combinedt0-6",-100.586795377737,4.33785092147852e+57,-2.31881632629857e-56,1,-8.50203157640178e+57,8.50203157640178e+57,1
"edge_1989_41","fixed","cond",NA,"onset_timeline_combinedt0-12",93.2380018326364,1.50292129326432e+55,6.20378473912796e-54,1,-2.94567160639642e+55,2.94567160639642e+55,1
"edge_1989_41","fixed","cond",NA,"onset_timeline_combinedt0-18",-19.1522432069494,1.50292129317939e+55,-1.27433441084818e-54,1,-2.94567160622997e+55,2.94567160622997e+55,1
"edge_1989_41","fixed","cond",NA,"onset_timeline_combinedt0-30",661.300325215611,21296341862542.1,3.10522966565805e-11,0.999999999975224,-41740063052373.9,41740063053696.5,1
"edge_1989_41","fixed","cond",NA,"onset_timeline_combinedt0-36",723.622349805383,12366672206471.1,5.85139104298997e-11,0.999999999953313,-24238232132572.3,24238232134019.5,1
"edge_1989_41","fixed","cond",NA,"SexMale",985.737910591617,26291040100.974,3.74933021594342e-08,0.999999970084673,-51529490728.2693,51529492699.7451,1
"edge_1989_41","fixed","cond",NA,"Age.at.Gluten.Introduction..months.",-102.477422822588,14029641.8943844,-7.30435057388074e-06,0.99999417197145,-27497695.3064106,27497490.3515649,0.99999417197145
"edge_1989_41","fixed","cond",NA,"HLA.CategoryHigh Risk",-588.914919391707,562054914.347128,-1.04778893371261e-06,0.999999163985387,-1101607978.36903,1101606800.5392,1
"edge_1989_41","fixed","cond",NA,"HLA.CategoryLow/No Risk",-937.015579375624,708134018039.974,-1.32321785919728e-09,0.999999998944225,-1387917172523,1387917170648.97,1
"edge_1989_41","fixed","cond",NA,"feeding_first_yearFormula",559.59628991658,3.00584258652799e+55,1.86169526117121e-53,1,-5.89134321279159e+55,5.89134321279159e+55,1
"edge_1989_41","fixed","cond",NA,"feeding_first_yearBreastmilk_and_formula",165.313581043625,49407597.7793762,3.3459141604458e-06,0.99999733034675,-96836946.8966375,96837277.5237996,1
"edge_1989_41","fixed","cond",NA,"Delivery.ModeC-Section",817.649219712808,3.00584258652799e+55,2.72019973160758e-53,1,-5.89134321279159e+55,5.89134321279159e+55,1
"edge_1989_41","fixed","cond",NA,"Dx.StatusCELIAC:onset_timeline_combinedt0-6",60.4855189655803,5.99099337155541e+86,1.00960750937831e-85,1,-1.17421312398668e+87,1.17421312398668e+87,1
"edge_1989_41","fixed","cond",NA,"Dx.StatusCELIAC:onset_timeline_combinedt0-12",287.368982935984,8.67766395626081e+59,3.31159381585238e-58,1,-1.70079088242125e+60,1.70079088242125e+60,1
"edge_1989_41","fixed","cond",NA,"Dx.StatusCELIAC:onset_timeline_combinedt0-24",83.2336782911484,4.46241632262304e+26,1.86521544099729e-25,1,-8.74617527636483e+26,8.74617527636483e+26,1
"edge_1989_41","fixed","cond",NA,"Dx.StatusCELIAC:onset_timeline_combinedt0-30",-671.58085867372,2.0045033366034e+80,-3.35036039307225e-78,1,-3.92875434663303e+80,3.92875434663303e+80,1
"edge_1989_41","fixed","cond",NA,"Dx.StatusCELIAC:onset_timeline_combinedt0-36",-555.837846499904,4.32190623325954e+41,-1.28609418275301e-39,1,-8.47078056174785e+41,8.47078056174785e+41,1
"edge_2381_38","fixed","cond",NA,"(Intercept)",-25.9291605572227,5228.71026584524,-0.00495899738920247,0.996043308763031,-10274.0129672087,10222.1546460943,0.999999834899283
"edge_2381_38","fixed","cond",NA,"Dx.StatusCELIAC",-3.3961448386084,39426.4454658852,-8.6138752770574e-05,0.999931271219163,-77277.809296406,77271.0170067288,1
"edge_2381_38","fixed","cond",NA,"onset_timeline_combinedt0-6",-0.697544884404891,913916.753016309,-7.63247726997782e-07,0.999999391016423,-1791244.61832464,1791243.22323487,1
"edge_2381_38","fixed","cond",NA,"onset_timeline_combinedt0-12",22.5899611353988,5228.69617045908,0.00432038129563291,0.99655284519136,-10225.4662190669,10270.6461413377,1
"edge_2381_38","fixed","cond",NA,"onset_timeline_combinedt0-18",-1.90374142464424,923989.30816483,-2.06035005797343e-06,0.999998356078499,-1810987.66984457,1810983.86236172,1
"edge_2381_38","fixed","cond",NA,"onset_timeline_combinedt0-24",-10.7876758775814,1125304.32108737,-9.58645201607097e-06,0.999992351117944,-2205566.72865443,2205545.15330267,1
"edge_2381_38","fixed","cond",NA,"onset_timeline_combinedt0-30",-5.16233691752827,69284.5321085107,-7.45092268133271e-05,0.999940550238343,-135800.349955307,135790.025281472,1
"edge_2381_38","fixed","cond",NA,"onset_timeline_combinedt0-36",22.7650865662811,5228.69640879594,0.00435387423297031,0.996526121945106,-10225.2915607677,10270.8217339002,1
"edge_2381_38","fixed","cond",NA,"onset_timeline_combinedt0-over42",-4.89444708277196,43049.6995431688,-0.000113692944078831,0.999909286155443,-84380.755096964,84370.9662027985,1
"edge_2381_38","fixed","cond",NA,"SexMale",2.32252402395698,7.1012030019074,0.327060643574497,0.743622018121201,-11.5955781066892,16.2406261546032,1
"edge_2381_38","fixed","cond",NA,"Age.at.Gluten.Introduction..months.",-0.85224226697109,1.69288812722122,-0.503425036343066,0.61466547292118,-4.17024202618015,2.46575749223797,0.980849158916777
"edge_2381_38","fixed","cond",NA,"HLA.CategoryHigh Risk",0.702297503320368,4.25359610810231,0.165106767420306,0.868859946485942,-7.6345976733399,9.03919267998064,0.992982795983933
"edge_2381_38","fixed","cond",NA,"HLA.CategoryLow/No Risk",-17.3717766172724,14823.3374820485,-0.00117192073905826,0.999064942749855,-29070.5793721151,29035.8358188805,1
"edge_2381_38","fixed","cond",NA,"feeding_first_yearFormula",-0.0346226059378005,4.78190682519051,-0.00724033470401657,0.994223099197876,-9.40698776073747,9.33774254886186,1
"edge_2381_38","fixed","cond",NA,"feeding_first_yearBreastmilk_and_formula",-3.86533739761724,8.12345554908604,-0.475824281213939,0.63419956975476,-19.7870177038379,12.0563429086034,1
"edge_2381_38","fixed","cond",NA,"Delivery.ModeC-Section",0.785735566429171,117838.976177606,6.66787502672222e-06,0.999994679805463,-230959.363547614,230960.935018747,1
"edge_2381_38","fixed","cond",NA,"Dx.StatusCELIAC:onset_timeline_combinedt0-6",-0.371747973510685,8088951.03430546,-4.59575007852182e-08,0.99999996333122,-15854053.0716947,15854052.3281987,1
"edge_2381_38","fixed","cond",NA,"Dx.StatusCELIAC:onset_timeline_combinedt0-12",5.50277072674588,39426.4444896049,0.000139570554686886,0.999888638809634,-77268.9084673665,77279.91400882,1
"edge_2381_38","fixed","cond",NA,"Dx.StatusCELIAC:onset_timeline_combinedt0-18",-0.194891202262967,2002021.51621672,-9.73472066530326e-08,0.999999922328167,-3923890.26295025,3923889.87316785,1
"edge_2381_38","fixed","cond",NA,"Dx.StatusCELIAC:onset_timeline_combinedt0-24",38.5938678185277,1125760.47733892,3.42824860131492e-05,0.99997264653371,-2206411.39693508,2206488.58467072,1
"edge_2381_38","fixed","cond",NA,"Dx.StatusCELIAC:onset_timeline_combinedt0-30",1.21555962804753,4439256.56433688,2.73820539640087e-07,0.999999781522819,-8700781.76867368,8700784.19979294,1
"edge_2381_38","fixed","cond",NA,"Dx.StatusCELIAC:onset_timeline_combinedt0-36",-29.1142037961452,1253145.03825233,-2.3232908328591e-05,0.999981462821144,-2456148.25658344,2456090.02817585,1
"edge_2381_38","fixed","cond",NA,"Dx.StatusCELIAC:onset_timeline_combinedt0-over42",1.64536853520065,132720.882103907,1.23972091589363e-05,0.999990108458215,-260126.503551508,260129.794288579,1
"edge_2658_6","fixed","cond",NA,"(Intercept)",-1.57778386238212,2.90640346457627,-0.542864706023237,0.587222958003459,-7.27422997749404,4.11866225272981,0.732815426929936
"edge_2658_6","fixed","cond",NA,"Dx.StatusCELIAC",-2.14967382808585,1.91002857816497,-1.12546683995227,0.260391261253643,-5.89326105073145,1.59391339455974,1
"edge_2658_6","fixed","cond",NA,"onset_timeline_combinedt0-6",-22.518047545639,62864.7229055924,-0.000358198469743606,0.9997141989774,-123235.110840597,123190.074745506,1
"edge_2658_6","fixed","cond",NA,"onset_timeline_combinedt0-12",-1.68118450343164,1.42870366508574,-1.1767202286352,0.239307191151267,-4.48139223158007,1.11902322471679,1
"edge_2658_6","fixed","cond",NA,"onset_timeline_combinedt0-18",-20.182301337847,17646.1649759194,-0.00114372167354145,0.999087442333778,-34606.0301193919,34565.6655167162,1
"edge_2658_6","fixed","cond",NA,"onset_timeline_combinedt0-24",0.424016850908828,1.18665828202251,0.357320095711247,0.72085218748243,-1.90179064381147,2.74982434562913,1
"edge_2658_6","fixed","cond",NA,"onset_timeline_combinedt0-30",1.17660438192384,1.27842370243742,0.92035557513565,0.35738697579788,-1.32906003183585,3.68226879568353,1
"edge_2658_6","fixed","cond",NA,"onset_timeline_combinedt0-36",0.424010309542994,1.18665861869042,0.357314481911341,0.720856389642352,-1.90179784503427,2.74981846412026,1
"edge_2658_6","fixed","cond",NA,"onset_timeline_combinedt0-over42",-1.55420238489569,1.24868482892486,-1.24467147265166,0.213252536277079,-4.00157967762998,0.893174907838596,1
"edge_2658_6","fixed","cond",NA,"SexMale",-0.534899327672501,1.45106706866546,-0.368624813575602,0.712407397582307,-3.37893852140892,2.30913986606391,1
"edge_2658_6","fixed","cond",NA,"Age.at.Gluten.Introduction..months.",-0.252754017303818,0.324797741894962,-0.778188961010563,0.436457623628609,-0.88934589367788,0.383837859070244,0.946198952944221
"edge_2658_6","fixed","cond",NA,"HLA.CategoryHigh Risk",2.04533286436509,1.46052506519583,1.40040928643074,0.161390790738585,-0.817243661936738,4.90790939066693,0.622844308745982
"edge_2658_6","fixed","cond",NA,"HLA.CategoryLow/No Risk",2.2597101415804,2.04650364492223,1.10418085361694,0.269514693393512,-1.75136329669711,6.27078357985792,1
"edge_2658_6","fixed","cond",NA,"feeding_first_yearFormula",-2.0014771782798,1.98004221738005,-1.01082550700768,0.312099952699219,-5.88228861221352,1.87933425565392,1
"edge_2658_6","fixed","cond",NA,"feeding_first_yearBreastmilk_and_formula",0.339608911729884,1.28953419095023,0.263357818748205,0.792274799061128,-2.18783165936556,2.86704948282533,1
"edge_2658_6","fixed","cond",NA,"Delivery.ModeC-Section",2.50363683965705,3.23860203486293,0.773060972822804,0.439486296666525,-3.84390650893243,8.85118018824653,1
"edge_2658_6","fixed","cond",NA,"Dx.StatusCELIAC:onset_timeline_combinedt0-6",-2.2078301487277,628341.945536672,-3.51373987430041e-06,0.999997196441204,-1231529.79105785,1231525.37539756,1
"edge_2658_6","fixed","cond",NA,"Dx.StatusCELIAC:onset_timeline_combinedt0-12",3.02101762819052,2.14896447700687,1.40580156652858,0.159783056759389,-1.1908753507989,7.23291060717994,0.820954326108587
"edge_2658_6","fixed","cond",NA,"Dx.StatusCELIAC:onset_timeline_combinedt0-18",-1.28095524791916,136216.320884222,-9.40383090369848e-06,0.99999249682851,-266980.363994875,266977.802084379,1
"edge_2658_6","fixed","cond",NA,"Dx.StatusCELIAC:onset_timeline_combinedt0-24",-0.221618996227836,2.10793690199318,-0.105135498134826,0.916268291943026,-4.3530994058174,3.90986141336173,1
"edge_2658_6","fixed","cond",NA,"Dx.StatusCELIAC:onset_timeline_combinedt0-30",0.381371376511065,2.05683499571278,0.185416612079232,0.852902279772486,-3.64995113722757,4.4126938902497,1
"edge_2658_6","fixed","cond",NA,"Dx.StatusCELIAC:onset_timeline_combinedt0-36",-21.1069762906183,25935.1305491514,-0.00081383728725086,0.999350651865177,-50853.0287869718,50810.8148343906,1
"edge_2658_6","fixed","cond",NA,"Dx.StatusCELIAC:onset_timeline_combinedt0-over42",0.660608986289215,2.080801600157,0.31747812296923,0.750880836875415,-3.41768720899183,4.73890518157026,1
"edge_295_56","fixed","cond",NA,"Dx.StatusCELIAC",194.002474458241,1364170707130248,1.4221275493179e-13,0.999999999999887,-2673725454739630,2673725454740018,1
"edge_295_56","fixed","cond",NA,"onset_timeline_combinedt0-6",-147.32623904943,1.84386478670815e+93,-7.99007823737724e-92,1,-3.61390857430961e+93,3.61390857430961e+93,1
"edge_295_56","fixed","cond",NA,"onset_timeline_combinedt0-18",-159.926386160539,2532824860225.5,-6.31415099685577e-11,0.99999999994962,-4964245505349.61,4964245505029.75,1
"edge_295_56","fixed","cond",NA,"onset_timeline_combinedt0-30",-5.6965297253598,1.45121496557655e+43,-3.9253521087392e-43,1,-2.84432906635558e+43,2.84432906635558e+43,1
"edge_295_56","fixed","cond",NA,"onset_timeline_combinedt0-36",-5.68912883103616,62693168983560264,-9.0745593551476e-17,1,-122876353284461664,122876353284461664,1
"edge_295_56","fixed","cond",NA,"onset_timeline_combinedt0-over42",24.9462183552394,946114911877897,2.63670068424615e-14,0.999999999999979,-1854351152516939,1854351152516989,1
"edge_295_56","fixed","cond",NA,"SexMale",-58.9506790674236,7.61761650036003e+76,-7.7387302267891e-76,1,-1.49302539887437e+77,1.49302539887437e+77,1
"edge_295_56","fixed","cond",NA,"HLA.CategoryHigh Risk",240.032588358293,934815256470.458,2.56770080180947e-10,0.999999999795127,-1832204234640.64,1832204235120.7,1
"edge_295_56","fixed","cond",NA,"HLA.CategoryLow/No Risk",69.9471778515832,1.7750514554595e+129,3.94057184294279e-128,1,-3.47903692340602e+129,3.47903692340602e+129,1
"edge_295_56","fixed","cond",NA,"feeding_first_yearFormula",-322.450233282977,6.9789138021206e+65,-4.62034984849644e-64,1,-1.36784197033659e+66,1.36784197033659e+66,1
"edge_295_56","fixed","cond",NA,"feeding_first_yearBreastmilk_and_formula",-235.818892500228,1.7750514554595e+129,-1.32851862843144e-127,1,-3.47903692340602e+129,3.47903692340602e+129,1
"edge_295_56","fixed","cond",NA,"Delivery.ModeC-Section",59.125116635907,1.4485197542835e+110,4.08176115383066e-109,1,-2.83904654929046e+110,2.83904654929046e+110,1
"edge_295_56","fixed","cond",NA,"Dx.StatusCELIAC:onset_timeline_combinedt0-6",3.03640273732712,1.45502225293722e+115,2.08684281714427e-115,1,-2.85179121246128e+115,2.85179121246128e+115,1
"edge_295_56","fixed","cond",NA,"Dx.StatusCELIAC:onset_timeline_combinedt0-18",344.459075792487,261008191399.551,1.31972515477566e-09,0.999999998947012,-511566654468.599,511566655157.517,1
"edge_295_56","fixed","cond",NA,"Dx.StatusCELIAC:onset_timeline_combinedt0-30",11.6883123048271,1.45121496556625e+43,8.05415640147186e-43,1,-2.84432906633538e+43,2.84432906633538e+43,1
"edge_295_56","fixed","cond",NA,"Dx.StatusCELIAC:onset_timeline_combinedt0-36",-1.66693564723641,62693168984560560,-2.65887922757091e-17,1,-122876353286422208,122876353286422208,1
"edge_295_56","fixed","cond",NA,"Dx.StatusCELIAC:onset_timeline_combinedt0-over42",-41.2643818030788,946114911359979,-4.36145560202237e-14,0.999999999999965,-1854351151501905,1854351151501822,1
"edge_329_17","fixed","cond",NA,"(Intercept)",-5.83829430303179,2.04398452049066,-2.85632999883497,0.00428569441902032,-9.84443034815085,-1.83215825791272,0.0383450437039677
"edge_329_17","fixed","cond",NA,"Dx.StatusCELIAC",0.330560819647833,1.83069905701235,0.180565352006736,0.856708753880864,-3.2575433986278,3.91866503792347,1
"edge_329_17","fixed","cond",NA,"onset_timeline_combinedt0-6",-18.8937486128963,19966.6544493205,-0.000946265117215932,0.999244989785222,-39152.8173610376,39115.0298638118,1
"edge_329_17","fixed","cond",NA,"onset_timeline_combinedt0-12",0.0160838394200027,1.60888558475567,0.0099968820482938,0.992023775011918,-3.13727396194678,3.16944164078679,1
"edge_329_17","fixed","cond",NA,"onset_timeline_combinedt0-18",1.02824865927992,1.89434187104501,0.542799942817442,0.587267552605057,-2.68459318237453,4.74109050093437,1
"edge_329_17","fixed","cond",NA,"onset_timeline_combinedt0-24",0.417134297020445,1.67449974928224,0.249109799627767,0.803275849356348,-2.86482490369409,3.69909349773498,1
"edge_329_17","fixed","cond",NA,"onset_timeline_combinedt0-30",0.737459205818255,1.71766430139216,0.429338378413377,0.667676991162644,-2.62910096244053,4.10401937407704,1
"edge_329_17","fixed","cond",NA,"onset_timeline_combinedt0-36",2.94453764952307,1.50110376851424,1.96158167828564,0.0498112070882293,0.00242832617780797,5.88664697286833,0.415174525657103
"edge_329_17","fixed","cond",NA,"onset_timeline_combinedt0-over42",1.05313434236562,1.42456512818701,0.739267248318724,0.459744732871076,-1.7389620025126,3.84523068724384,1
"edge_329_17","fixed","cond",NA,"SexMale",0.146658427000984,1.27949246009089,0.114622345637399,0.90874446718719,-2.36110071326772,2.65441756726968,1
"edge_329_17","fixed","cond",NA,"Age.at.Gluten.Introduction..months.",0.0701248874579254,0.113868709378664,0.615839837305341,0.538000231974087,-0.153053681890314,0.293303456806164,0.946198952944221
"edge_329_17","fixed","cond",NA,"HLA.CategoryHigh Risk",-1.5806414304106,1.58355344849231,-0.998161086331199,0.318201252657033,-4.68434915704974,1.52306629622853,0.897818889762746
"edge_329_17","fixed","cond",NA,"HLA.CategoryLow/No Risk",-1.44899264239609,3.1185197378955,-0.464641164456418,0.642188448282762,-7.56117901374855,4.66319372895638,1
"edge_329_17","fixed","cond",NA,"feeding_first_yearFormula",4.88057098290333,1.65190373931786,2.95451294572329,0.00313163014401813,1.64289914791328,8.11824281789337,0.423616161380843
"edge_329_17","fixed","cond",NA,"feeding_first_yearBreastmilk_and_formula",2.65736762510577,1.29778148492341,2.04762331407634,0.040596923115587,0.11376265485299,5.20097259535856,0.822255833681735
"edge_329_17","fixed","cond",NA,"Delivery.ModeC-Section",-0.652869375611774,2.93197218858484,-0.222672431257573,0.823790459343391,-6.39942926891114,5.0936905176876,1
"edge_329_17","fixed","cond",NA,"Dx.StatusCELIAC:onset_timeline_combinedt0-6",20.8473176448498,19966.6545287319,0.00104410669373032,0.999166923540606,-39113.0764504232,39154.7710857129,1
"edge_329_17","fixed","cond",NA,"Dx.StatusCELIAC:onset_timeline_combinedt0-12",-21.2130294259049,40045.1911167791,-0.000529727261484253,0.999577338816393,-78508.3453723362,78465.9193134844,1
"edge_329_17","fixed","cond",NA,"Dx.StatusCELIAC:onset_timeline_combinedt0-18",1.08735285029921,2.46250374304121,0.441563938073987,0.658804784360749,-3.73906579785664,5.91377149845506,1
"edge_329_17","fixed","cond",NA,"Dx.StatusCELIAC:onset_timeline_combinedt0-24",-22.2717489325947,59006.2710801031,-0.00037744715137752,0.999698840752548,-115672.437927942,115627.894430077,1
"edge_329_17","fixed","cond",NA,"Dx.StatusCELIAC:onset_timeline_combinedt0-30",-22.1797717081009,54618.0477687833,-0.00040608869438167,0.999675988109342,-107071.586304412,107027.226760995,1
"edge_329_17","fixed","cond",NA,"Dx.StatusCELIAC:onset_timeline_combinedt0-36",-26.5143508938398,136617.124612837,-0.000194077799316737,0.999845148321303,-267791.158263475,267738.129561687,1
"edge_329_17","fixed","cond",NA,"Dx.StatusCELIAC:onset_timeline_combinedt0-over42",-1.36467763955919,2.31484437183936,-0.589533212755389,0.555503639084443,-5.90168923817957,3.1723339590612,1
"edge_329_18","fixed","cond",NA,"(Intercept)",-5.93282588877155,2.50262081104513,-2.37064515031101,0.0177570700577153,-10.8378725453804,-1.02777923216267,0.0609013689234018
"edge_329_18","fixed","cond",NA,"Dx.StatusCELIAC",1.25663369730845,2.10206829888282,0.597808214878798,0.549967908674913,-2.86334446154525,5.37661185616215,1
"edge_329_18","fixed","cond",NA,"onset_timeline_combinedt0-6",-17.2219328317802,13984.7506487525,-0.00123147943530308,0.999017421819979,-27426.8295371599,27392.3856714963,1
"edge_329_18","fixed","cond",NA,"onset_timeline_combinedt0-12",0.0157536461230407,1.87038365210411,0.00842268168101148,0.993279751783747,-3.65013094927351,3.68163824151959,1
"edge_329_18","fixed","cond",NA,"onset_timeline_combinedt0-18",0.897348419811024,2.21969365986423,0.404266785113902,0.68601654748281,-3.45317121023477,5.24786804985682,1
"edge_329_18","fixed","cond",NA,"onset_timeline_combinedt0-24",0.253147245159585,1.94273199917901,0.13030476940029,0.896325306808285,-3.55453750484478,4.06083199516395,1
"edge_329_18","fixed","cond",NA,"onset_timeline_combinedt0-30",0.614907118851698,2.05100128850499,0.299808255751957,0.76432341766767,-3.40498153886332,4.63479577656672,1
"edge_329_18","fixed","cond",NA,"onset_timeline_combinedt0-36",2.83003218462173,1.80526906928476,1.56765117885888,0.116962561180811,-0.708230173580547,6.368294542824,0.415174525657103
"edge_329_18","fixed","cond",NA,"onset_timeline_combinedt0-over42",1.56652970959071,1.6788599187796,0.933091374728543,0.350772792107307,-1.72397526630515,4.85703468548656,1
"edge_329_18","fixed","cond",NA,"SexMale",-1.18987526357726,1.6585709127917,-0.717409942740686,0.473121186417304,-4.44061451845473,2.0608639913002,1
"edge_329_18","fixed","cond",NA,"Age.at.Gluten.Introduction..months.",0.0559134580443646,0.135041916879632,0.414045204158368,0.678841001633038,-0.208763835442966,0.320590751531695,0.986910831018112
"edge_329_18","fixed","cond",NA,"HLA.CategoryHigh Risk",-0.775273937224343,1.38516670074281,-0.559697209591158,0.575685985993386,-3.49015078326443,1.93960290881574,0.961585383197743
"edge_329_18","fixed","cond",NA,"HLA.CategoryLow/No Risk",-1.46650776858493,3.49525547447537,-0.419570981089744,0.674798891112389,-8.31708261532312,5.38406707815326,1
"edge_329_18","fixed","cond",NA,"feeding_first_yearFormula",4.22038699392131,1.78871492211792,2.35945199636629,0.0183019485743279,0.714570167960817,7.72620381988181,0.423616161380843
"edge_329_18","fixed","cond",NA,"feeding_first_yearBreastmilk_and_formula",1.16240150878668,1.34836491289278,0.862082287719033,0.388642237487362,-1.48034515850065,3.80514817607402,0.839974412723467
"edge_329_18","fixed","cond",NA,"Delivery.ModeC-Section",-0.165243185627007,3.59450115048365,-0.0459711038358615,0.9633332813494,-7.21033598296274,6.87984961170873,1
"edge_329_18","fixed","cond",NA,"Dx.StatusCELIAC:onset_timeline_combinedt0-6",19.8602130352158,13984.7507666013,0.00142013349874253,0.998866897787944,-27389.7476222723,27429.4680483428,1
"edge_329_18","fixed","cond",NA,"Dx.StatusCELIAC:onset_timeline_combinedt0-12",-22.9030323340206,86658.2520804847,-0.000264291418118486,0.999789125960385,-169869.956073277,169824.150008609,1
"edge_329_18","fixed","cond",NA,"Dx.StatusCELIAC:onset_timeline_combinedt0-18",0.140582657758138,2.83512798494813,0.0495860005278421,0.96045230286867,-5.41616608430181,5.69733139981808,1
"edge_329_18","fixed","cond",NA,"Dx.StatusCELIAC:onset_timeline_combinedt0-24",-23.7945706123253,130823.748514074,-0.000181882654201468,0.999854878639135,-256433.629980724,256386.040839499,1
"edge_329_18","fixed","cond",NA,"Dx.StatusCELIAC:onset_timeline_combinedt0-30",-24.4989303745721,168882.124761352,-0.000145065266138685,0.999884254664245,-331027.381095225,330978.383234476,1
"edge_329_18","fixed","cond",NA,"Dx.StatusCELIAC:onset_timeline_combinedt0-36",-28.1132337895421,311445.763562303,-9.02668685166371e-05,0.999927977459356,-610450.592953481,610394.366485902,1
"edge_329_18","fixed","cond",NA,"Dx.StatusCELIAC:onset_timeline_combinedt0-over42",-0.899053598836954,2.34727470316733,-0.38302018831618,0.701704795332833,-5.49962747886686,3.70152028119295,1
"edge_329_19","fixed","cond",NA,"(Intercept)",-6.70005601806962,2.87991514138309,-2.32647688877801,0.0199931239936868,-12.3445859737121,-1.05552606242718,0.0609013689234018
"edge_329_19","fixed","cond",NA,"Dx.StatusCELIAC",0.603984089829576,2.13740393024436,0.282578356520812,0.777500073389335,-3.58525063386374,4.79321881352289,1
"edge_329_19","fixed","cond",NA,"onset_timeline_combinedt0-6",-17.5980887645945,18363.6050675919,-0.000958313397604683,0.999235376652674,-36009.6026475618,35974.4064700327,1
"edge_329_19","fixed","cond",NA,"onset_timeline_combinedt0-12",0.0175240051262291,1.87904966663696,0.0093259935792931,0.992559041570939,-3.66534566664421,3.70039367689667,1
"edge_329_19","fixed","cond",NA,"onset_timeline_combinedt0-18",0.999224415724338,2.2785294795366,0.438539165149427,0.660995485567528,-3.46661130188018,5.46506013332886,1
"edge_329_19","fixed","cond",NA,"onset_timeline_combinedt0-24",0.232178555482166,1.9500735528272,0.119061434962571,0.905226683797904,-3.58989537526321,4.05425248622754,1
"edge_329_19","fixed","cond",NA,"onset_timeline_combinedt0-30",0.696461029903897,2.07918413788042,0.3349684220917,0.73764890701899,-3.37866499756869,4.77158705737649,1
"edge_329_19","fixed","cond",NA,"onset_timeline_combinedt0-36",2.79459134174103,1.83359619386552,1.52410402633394,0.127482727075011,-0.799191160425109,6.38837384390717,0.415174525657103
"edge_329_19","fixed","cond",NA,"onset_timeline_combinedt0-over42",-0.0454897929619246,1.87049328552899,-0.0243196772283841,0.980597617613788,-3.71158926592273,3.62060967999888,1
"edge_329_19","fixed","cond",NA,"SexMale",-0.84431933462488,1.63817362415184,-0.515402837755994,0.606271549888393,-4.05508063838594,2.36644196913618,1
"edge_329_19","fixed","cond",NA,"Age.at.Gluten.Introduction..months.",0.05683372978642,0.130767045627075,0.43461813726755,0.663839627747649,-0.199464970007353,0.313132429580193,0.986910831018112
"edge_329_19","fixed","cond",NA,"HLA.CategoryHigh Risk",0.318522535650165,1.47757779252151,0.215570738313954,0.829322366942956,-2.5774767220482,3.21452179334853,0.992982795983933
"edge_329_19","fixed","cond",NA,"HLA.CategoryLow/No Risk",0.0696980466693324,3.17838677820017,0.0219287492470631,0.982504791702883,-6.1598255675413,6.29922166087996,1
"edge_329_19","fixed","cond",NA,"feeding_first_yearFormula",4.33211066399988,1.84709377480286,2.34536585153195,0.0190084174978583,0.711873389318129,7.95234793868162,0.423616161380843
"edge_329_19","fixed","cond",NA,"feeding_first_yearBreastmilk_and_formula",2.01752341530974,1.55561644204906,1.2969285749206,0.194655763515124,-1.03142878486476,5.06647561548424,0.822255833681735
"edge_329_19","fixed","cond",NA,"Delivery.ModeC-Section",-0.917557891202494,3.34555728815177,-0.274261598942576,0.783883593019832,-7.47472968419546,5.63961390179047,1
"edge_329_19","fixed","cond",NA,"Dx.StatusCELIAC:onset_timeline_combinedt0-6",20.5116909115453,18363.6051552975,0.00111697516571947,0.999108782945791,-35971.4930397856,36012.5164216086,1
"edge_329_19","fixed","cond",NA,"Dx.StatusCELIAC:onset_timeline_combinedt0-12",-23.0668197798257,93157.3416951462,-0.000247611399811203,0.999802434689031,-182608.101437758,182561.967798198,1
"edge_329_19","fixed","cond",NA,"Dx.StatusCELIAC:onset_timeline_combinedt0-18",0.37061288189431,2.90937022461167,0.127385947226355,0.898634938116369,-5.33164797603777,6.07287373982639,1
"edge_329_19","fixed","cond",NA,"Dx.StatusCELIAC:onset_timeline_combinedt0-24",-23.6819271369188,124017.616363086,-0.000190956154709387,0.999847639033293,-243093.74344729,243046.379593016,1
"edge_329_19","fixed","cond",NA,"Dx.StatusCELIAC:onset_timeline_combinedt0-30",-23.7871708392081,129489.514535408,-0.000183699590847595,0.999853428933461,-253818.572035815,253770.997694137,1
"edge_329_19","fixed","cond",NA,"Dx.StatusCELIAC:onset_timeline_combinedt0-36",-28.9944332389058,484487.429034301,-5.98455842222753e-05,0.999952250132345,-949606.906302873,949548.917436395,1
"edge_329_19","fixed","cond",NA,"Dx.StatusCELIAC:onset_timeline_combinedt0-over42",-0.619388577236005,2.70120923541674,-0.229300481101178,0.818635379577323,-5.9136613933598,4.67488423888778,1
"edge_329_22","fixed","cond",NA,"(Intercept)",-5.50846918625734,2.30125336875035,-2.39368218252674,0.0166801952355502,-10.0188429083095,-0.998095464205185,0.0609013689234018
"edge_329_22","fixed","cond",NA,"Dx.StatusCELIAC",1.20540817169753,2.04697432247087,0.588873127750084,0.555946385451059,-2.80658777762366,5.21740412101872,1
"edge_329_22","fixed","cond",NA,"onset_timeline_combinedt0-6",-16.6674430776301,11563.7175748489,-0.00144135681019067,0.998849964052743,-22681.1374171744,22647.8025310192,1
"edge_329_22","fixed","cond",NA,"onset_timeline_combinedt0-12",0.0230621317119709,1.85425615130483,0.0124374033737152,0.990076643711309,-3.61121314295735,3.65733740638129,1
"edge_329_22","fixed","cond",NA,"onset_timeline_combinedt0-18",0.960142508284875,2.18680926398869,0.439060929590905,0.660617388058818,-3.3259248901915,5.24620990676125,1
"edge_329_22","fixed","cond",NA,"onset_timeline_combinedt0-24",0.213093048345756,1.91082214744151,0.111519038352719,0.911204769341457,-3.5320495415011,3.95823563819261,1
"edge_329_22","fixed","cond",NA,"onset_timeline_combinedt0-30",0.568307673068864,2.01071475423468,0.282639629451157,0.777453098514627,-3.37262082841441,4.50923617455214,1
"edge_329_22","fixed","cond",NA,"onset_timeline_combinedt0-36",2.67371336488632,1.74972190096408,1.528079041254,0.126492914489061,-0.755678543964243,6.10310527373687,0.415174525657103
"edge_329_22","fixed","cond",NA,"onset_timeline_combinedt0-over42",1.49622494377734,1.6499617014087,0.906824044764128,0.364499852494503,-1.73764056685415,4.73009045440884,1
"edge_329_22","fixed","cond",NA,"SexMale",-0.656176963465864,1.42752753722131,-0.459659758818465,0.645760458121741,-3.45407952335879,2.14172559642706,1
"edge_329_22","fixed","cond",NA,"Age.at.Gluten.Introduction..months.",0.0239895519966317,0.117496644070015,0.204172231356128,0.838218910441649,-0.206299638684919,0.254278742678183,0.99999417197145
"edge_329_22","fixed","cond",NA,"HLA.CategoryHigh Risk",-0.425226656405535,1.22669530689486,-0.346644072097996,0.728858731714778,-2.82950527792377,1.97905196511269,0.992982795983933
"edge_329_22","fixed","cond",NA,"HLA.CategoryLow/No Risk",-0.954538564935314,2.80653719481786,-0.340112565298556,0.733771759514192,-6.45525038805038,4.54617325817976,1
"edge_329_22","fixed","cond",NA,"feeding_first_yearFormula",3.46328733539479,1.59157695622407,2.17600997667825,0.0295545145659286,0.343853822571726,6.58272084821786,0.512278252476096
"edge_329_22","fixed","cond",NA,"feeding_first_yearBreastmilk_and_formula",0.905858172994907,1.22364693185243,0.740293747660988,0.459121773918079,-1.4924457432288,3.30416208921861,0.872898187449187
"edge_329_22","fixed","cond",NA,"Delivery.ModeC-Section",-0.0566837282526098,3.12162881663977,-0.0181583819160236,0.985512503577139,-6.17496378196895,6.06159632546373,1
"edge_329_22","fixed","cond",NA,"Dx.StatusCELIAC:onset_timeline_combinedt0-6",18.9244982512982,11563.7177179871,0.00163654100807577,0.998694229779402,-22645.545756391,22683.3947528936,1
"edge_329_22","fixed","cond",NA,"Dx.StatusCELIAC:onset_timeline_combinedt0-12",-22.6481716300047,81696.3350372027,-0.000277223838984836,0.999778807381821,-160144.522513465,160099.226170205,1
"edge_329_22","fixed","cond",NA,"Dx.StatusCELIAC:onset_timeline_combinedt0-18",1.1613801315351,2.67495289138396,0.434168442844699,0.66416612716594,-4.08143119591875,6.40419145898894,1
"edge_329_22","fixed","cond",NA,"Dx.StatusCELIAC:onset_timeline_combinedt0-24",0.12266465232032,2.47096981326394,0.0496423111532434,0.960407428754324,-4.72034718856266,4.9656764932033,1
"edge_329_22","fixed","cond",NA,"Dx.StatusCELIAC:onset_timeline_combinedt0-30",-23.6130805392054,117114.749764769,-0.000201623455513789,0.99983912775884,-229564.304677908,229517.078516829,1
"edge_329_22","fixed","cond",NA,"Dx.StatusCELIAC:onset_timeline_combinedt0-36",-27.7292229663784,293439.439470983,-9.44972598651668e-05,0.999924602095428,-575158.462229714,575103.003783782,1
"edge_329_22","fixed","cond",NA,"Dx.StatusCELIAC:onset_timeline_combinedt0-over42",-0.847091679581577,2.23449000791022,-0.379098441515883,0.704614763568941,-5.22661161890022,3.53242825973707,1
"edge_329_25","fixed","cond",NA,"(Intercept)",-8.17938951546999,3.71902237840274,-2.1993386119346,0.0278538541239617,-15.4685394348379,-0.890239596102129,0.0676665452017565
"edge_329_25","fixed","cond",NA,"Dx.StatusCELIAC",0.903636099402693,2.4400907870753,0.370328884559985,0.711137454532337,-3.87885396227289,5.68612616107828,1
"edge_329_25","fixed","cond",NA,"onset_timeline_combinedt0-6",-16.9008159721313,16403.5497925628,-0.00103031454690338,0.9991779280757,-32167.2676280046,32133.4659960603,1
"edge_329_25","fixed","cond",NA,"onset_timeline_combinedt0-12",0.0111184130952482,1.94082529797693,0.00572870371528946,0.995429180753063,-3.79282927122376,3.81506609741426,1
"edge_329_25","fixed","cond",NA,"onset_timeline_combinedt0-18",1.2211953090229,2.47895559131955,0.492624923697346,0.622277634047178,-3.63746836923761,6.07985898728342,1
"edge_329_25","fixed","cond",NA,"onset_timeline_combinedt0-24",0.143079617154963,1.99040995713142,0.0718844962779271,0.942693828305436,-3.75805221329253,4.04421144760246,1
"edge_329_25","fixed","cond",NA,"onset_timeline_combinedt0-30",0.541345981331458,2.13579407897744,0.253463564984991,0.799910012996011,-3.64473349185822,4.72742545452113,1
"edge_329_25","fixed","cond",NA,"onset_timeline_combinedt0-36",2.90077159096231,1.8981628624142,1.52819952829176,0.126463005891346,-0.819559256160966,6.6211024380856,0.415174525657103
"edge_329_25","fixed","cond",NA,"onset_timeline_combinedt0-over42",1.89071660029159,1.71237932957581,1.10414589082897,0.269529857095822,-1.46548521354783,5.24691841413101,1
"edge_329_25","fixed","cond",NA,"SexMale",0.135788346283263,2.03596833767966,0.066694723965117,0.946824734627422,-3.85463626923275,4.12621296179928,1
"edge_329_25","fixed","cond",NA,"Age.at.Gluten.Introduction..months.",0.141131791726795,0.193032349901958,0.731130257692439,0.464699594224582,-0.237204661932176,0.519468245385767,0.946198952944221
"edge_329_25","fixed","cond",NA,"HLA.CategoryHigh Risk",-1.99274033711404,2.23249803550127,-0.892605639702883,0.37206839792901,-6.36835608225294,2.38287540802486,0.956307212291697
"edge_329_25","fixed","cond",NA,"HLA.CategoryLow/No Risk",-1.7569176335362,4.799214045177,-0.366084449869834,0.714302060540138,-11.1632043161819,7.64936904910951,1
"edge_329_25","fixed","cond",NA,"feeding_first_yearFormula",5.15687337121496,2.60041628228498,1.98309532452382,0.0473567827672233,0.0601511131248689,10.2535956293051,0.671605282880621
"edge_329_25","fixed","cond",NA,"feeding_first_yearBreastmilk_and_formula",2.42135546222121,1.91458349131292,1.26469045262726,0.205982313758422,-1.33115922614706,6.17387015058947,0.822255833681735
"edge_329_25","fixed","cond",NA,"Delivery.ModeC-Section",1.13668177367227,4.77916010436359,0.237841325431728,0.812004165136575,-8.23029990723105,10.5036634545756,1
"edge_329_25","fixed","cond",NA,"Dx.StatusCELIAC:onset_timeline_combinedt0-6",19.9632611109405,16403.5499298333,0.00121700858633247,0.999028967878302,-32130.4038199669,32170.3303421887,1
"edge_329_25","fixed","cond",NA,"Dx.StatusCELIAC:onset_timeline_combinedt0-12",-26.6865678500506,564735.206881818,-4.7255010002653e-05,0.999962295957112,-1106887.35285799,1106833.97972229,1
"edge_329_25","fixed","cond",NA,"Dx.StatusCELIAC:onset_timeline_combinedt0-18",2.19709957360813,3.38249641499576,0.649549712415847,0.515983125058808,-4.4324715776194,8.82667072483565,1
"edge_329_25","fixed","cond",NA,"Dx.StatusCELIAC:onset_timeline_combinedt0-24",-27.1774304739233,646653.73060739,-4.2027795074183e-05,0.999966466671196,-1267445.19988942,1267390.84502848,1
"edge_329_25","fixed","cond",NA,"Dx.StatusCELIAC:onset_timeline_combinedt0-30",-26.5044500436061,472295.885174302,-5.6118316664615e-05,0.999955224061579,-925709.42943814,925656.420538052,1
"edge_329_25","fixed","cond",NA,"Dx.StatusCELIAC:onset_timeline_combinedt0-36",-30.6585550698068,923273.042218666,-3.32063795517444e-05,0.99997350514244,-1809612.56920038,1809551.25209024,1
"edge_329_25","fixed","cond",NA,"Dx.StatusCELIAC:onset_timeline_combinedt0-over42",-2.88898053982588,2.6577917576008,-1.08698528828074,0.27704331147777,-8.09815666313084,2.32019558347909,1
"edge_329_26","fixed","cond",NA,"(Intercept)",-5.41409522498575,2.05200637169098,-2.63843977274018,0.00832884934309628,-9.43595380954679,-1.39223664042471,0.0505794701447255
"edge_329_26","fixed","cond",NA,"Dx.StatusCELIAC",0.535946726388976,1.82225658648537,0.294111559460827,0.768672658157493,-3.03561055371324,4.1075040064912,1
"edge_329_26","fixed","cond",NA,"onset_timeline_combinedt0-6",-17.9390141906094,14575.5595359376,-0.00123075989956879,0.999017995925997,-28585.5107591475,28549.6327307663,1
"edge_329_26","fixed","cond",NA,"onset_timeline_combinedt0-12",1.19199811113385,1.5609872939367,0.763618074127763,0.445094875229541,-1.86748076530672,4.25147698757443,1
"edge_329_26","fixed","cond",NA,"onset_timeline_combinedt0-18",1.02807198284173,2.00342505496257,0.513157195621144,0.607841365290556,-2.89856897061008,4.95471293629354,1
"edge_329_26","fixed","cond",NA,"onset_timeline_combinedt0-24",0.421456812793209,1.79656963988084,0.234589744498389,0.814527170160782,-3.09975497709133,3.94266860267775,1
"edge_329_26","fixed","cond",NA,"onset_timeline_combinedt0-30",0.644123919766076,1.84480200909339,0.349156124392245,0.726972103460853,-2.9716215766641,4.25986941619626,1
"edge_329_26","fixed","cond",NA,"onset_timeline_combinedt0-36",2.47455257586029,1.59612109183421,1.55035391018899,0.121056594484095,-0.653787279099515,5.60289243082009,0.415174525657103
"edge_329_26","fixed","cond",NA,"onset_timeline_combinedt0-over42",2.12937043917793,1.53191945830866,1.39000156152393,0.164528403180997,-0.873136526323154,5.131877404679,1
"edge_329_26","fixed","cond",NA,"SexMale",0.737257444893154,1.07107549225186,0.688333782470478,0.491242612507718,-1.36201194464401,2.83652683443032,1
"edge_329_26","fixed","cond",NA,"Age.at.Gluten.Introduction..months.",0.0656622673251198,0.103667131036689,0.633395239826605,0.526475572752688,-0.137521575887385,0.268846110537625,0.946198952944221
"edge_329_26","fixed","cond",NA,"HLA.CategoryHigh Risk",-0.172405899183118,1.00954330250201,-0.170776130905762,0.864399798116832,-2.15107441292068,1.80626261455445,0.992982795983933
"edge_329_26","fixed","cond",NA,"HLA.CategoryLow/No Risk",-1.50251503834647,2.34168253803388,-0.641639083839267,0.521107549978464,-6.09212847611922,3.08709839942628,1
"edge_329_26","fixed","cond",NA,"feeding_first_yearFormula",2.96594816696674,1.33379005416737,2.22369941783548,0.026168674433582,0.351767697860968,5.58012863607252,0.510289151454849
"edge_329_26","fixed","cond",NA,"feeding_first_yearBreastmilk_and_formula",0.855542131525983,1.00405078827892,0.852090493342966,0.394163867984875,-1.11236125214976,2.82344551520173,0.839974412723467
"edge_329_26","fixed","cond",NA,"Delivery.ModeC-Section",-0.043147335657059,2.64129679629071,-0.0163356634959209,0.986966605977387,-5.21999392886788,5.13369925755376,1
"edge_329_26","fixed","cond",NA,"Dx.StatusCELIAC:onset_timeline_combinedt0-6",20.2362124836441,14575.5596612064,0.00138836606991523,0.99889224450395,-28547.3357779958,28587.8082029631,1
"edge_329_26","fixed","cond",NA,"Dx.StatusCELIAC:onset_timeline_combinedt0-12",-22.4035713896297,39024.0032842962,-0.000574097209515283,0.99954193672529,-76508.0445411829,76463.2373984036,1
"edge_329_26","fixed","cond",NA,"Dx.StatusCELIAC:onset_timeline_combinedt0-18",1.43685771883877,2.53268324642321,0.56732626192714,0.570492537690782,-3.52711022839869,6.40082566607623,1
"edge_329_26","fixed","cond",NA,"Dx.StatusCELIAC:onset_timeline_combinedt0-24",-20.9385959107533,32629.9530994859,-0.000641698621107831,0.999487998612668,-63974.4714881343,63932.5942963128,1
"edge_329_26","fixed","cond",NA,"Dx.StatusCELIAC:onset_timeline_combinedt0-30",0.0185225399884006,2.44446339884987,0.0075773439672345,0.993954212091009,-4.77253768328371,4.80958276326051,1
"edge_329_26","fixed","cond",NA,"Dx.StatusCELIAC:onset_timeline_combinedt0-36",-23.90298787249,50727.9838145582,-0.000471199248916929,0.99962403740814,-99448.9242727373,99401.1182969924,1
"edge_329_26","fixed","cond",NA,"Dx.StatusCELIAC:onset_timeline_combinedt0-over42",-1.57084961711311,2.21153118803854,-0.7102995542678,0.477518396172177,-5.90537109635572,2.7636718621295,1
"edge_3739_10","fixed","cond",NA,"(Intercept)",-2.39443420796849,1.84689870611767,-1.29646211783958,0.194816323122128,-6.01428915505275,1.22542073911576,0.358747131602943
"edge_3739_10","fixed","cond",NA,"Dx.StatusCELIAC",0.130759181159896,1.509068795267,0.0866489198968301,0.930950579642723,-2.82696130775667,3.08847967007646,1
"edge_3739_10","fixed","cond",NA,"onset_timeline_combinedt0-6",-20.8229904345537,60344.5647261509,-0.000345068201735324,0.999724675414875,-118293.996516436,118252.350535567,1
"edge_3739_10","fixed","cond",NA,"onset_timeline_combinedt0-12",0.107162483560325,1.47856379943646,0.0724774159905505,0.942221977622636,-2.79076931217983,3.00509427930048,1
"edge_3739_10","fixed","cond",NA,"onset_timeline_combinedt0-18",-23.9301518416279,228450.807597597,-0.0001047496924755,0.999916421837778,-447779.285282221,447731.424978538,1
"edge_3739_10","fixed","cond",NA,"onset_timeline_combinedt0-24",1.06524619445137,1.30427599586395,0.816733726473098,0.414080613062225,-1.49108778334208,3.62158017224482,1
"edge_3739_10","fixed","cond",NA,"onset_timeline_combinedt0-30",1.88408414451225,1.26560348597305,1.4886843829003,0.136570499336343,-0.596453106703267,4.36462139572777,0.896700267679031
"edge_3739_10","fixed","cond",NA,"onset_timeline_combinedt0-36",0.269078064897667,1.48009617928653,0.181797689003815,0.855741498208732,-2.63185714015928,3.17001326995461,1
"edge_3739_10","fixed","cond",NA,"onset_timeline_combinedt0-over42",0.31042969320106,1.33633549156275,0.232299220638101,0.816305617724959,-2.30873974152455,2.92959912792667,1
"edge_3739_10","fixed","cond",NA,"SexMale",0.0687579009886276,0.931018176029046,0.0738523723370171,0.941127853668995,-1.75600419298047,1.89351999495773,1
"edge_3739_10","fixed","cond",NA,"Age.at.Gluten.Introduction..months.",-0.0329035524061457,0.16589900040589,-0.19833484424646,0.842783091379635,-0.358059618272887,0.292252513460595,0.99999417197145
"edge_3739_10","fixed","cond",NA,"HLA.CategoryHigh Risk",-0.462353611126402,0.778697987732643,-0.59375215861627,0.552677891581533,-1.98857362191619,1.06386639966339,0.956307212291697
"edge_3739_10","fixed","cond",NA,"HLA.CategoryLow/No Risk",-22.7264011235626,75147.4483006057,-0.000302424122674827,0.999758700465382,-147309.018600396,147263.565798149,1
"edge_3739_10","fixed","cond",NA,"feeding_first_yearFormula",0.718839546556967,1.0106439306988,0.71126885020715,0.476917650596971,-1.26198615880667,2.6996652519206,1
"edge_3739_10","fixed","cond",NA,"feeding_first_yearBreastmilk_and_formula",0.11585093487538,0.74582379204064,0.155332849543994,0.876558919707994,-1.34593683633737,1.57763870608813,1
"edge_3739_10","fixed","cond",NA,"Delivery.ModeC-Section",22.6144987647262,75147.4483126745,0.000300935018719884,0.999759888598383,-147263.677724162,147308.906721692,1
"edge_3739_10","fixed","cond",NA,"Dx.StatusCELIAC:onset_timeline_combinedt0-6",-4.45874778337731,532599.864886762,-8.37166525441253e-06,0.999993320377545,-1043881.01209674,1043872.09460117,1
"edge_3739_10","fixed","cond",NA,"Dx.StatusCELIAC:onset_timeline_combinedt0-12",-21.9234880917183,56982.6420743793,-0.000384739760980223,0.99969302209236,-111705.849697812,111662.002721628,1
"edge_3739_10","fixed","cond",NA,"Dx.StatusCELIAC:onset_timeline_combinedt0-18",24.6447555477738,228450.80760254,0.000107877734407711,0.999913926021429,-447730.71038452,447779.999895615,1
"edge_3739_10","fixed","cond",NA,"Dx.StatusCELIAC:onset_timeline_combinedt0-24",-0.637805672377382,1.97385353785004,-0.323127152114888,0.746598947898043,-4.50648751732044,3.23087617256567,1
"edge_3739_10","fixed","cond",NA,"Dx.StatusCELIAC:onset_timeline_combinedt0-30",-30.2631566492828,1767082.7757691,-1.71260549105353e-05,0.9999863353852,-3463448.86136515,3463388.33505186,1
"edge_3739_10","fixed","cond",NA,"Dx.StatusCELIAC:onset_timeline_combinedt0-36",-21.6642213191291,51774.7578238448,-0.000418432113054746,0.999666139486992,-101498.324864338,101454.9964217,1
"edge_3739_10","fixed","cond",NA,"Dx.StatusCELIAC:onset_timeline_combinedt0-over42",-20.8400499201093,29803.1313993932,-0.000699257055939214,0.999442073636501,-58433.9042192456,58392.2241194054,1
"edge_3739_8","fixed","cond",NA,"(Intercept)",0.282720003811181,2.35541405289557,0.120029853546822,0.9044594992029,-4.33380670854365,4.89924671616601,0.999999834899283
"edge_3739_8","fixed","cond",NA,"Dx.StatusCELIAC",-0.20979744737948,1.62584008270973,-0.1290394114468,0.897326463682532,-3.39638545411218,2.97679055935322,1
"edge_3739_8","fixed","cond",NA,"onset_timeline_combinedt0-6",-19.4078279665403,25773.3098217862,-0.000753020395934359,0.999399176708896,-50534.1668410598,50495.3511851268,1
"edge_3739_8","fixed","cond",NA,"onset_timeline_combinedt0-12",0.00348041236667627,1.53917905733482,0.00226121343718308,0.998195814247285,-3.01325510576788,3.02021593050123,1
"edge_3739_8","fixed","cond",NA,"onset_timeline_combinedt0-18",-19.3114351913031,19512.6903698713,-0.000989685933884394,0.999210345002218,-38263.4818016205,38224.8589312379,1
"edge_3739_8","fixed","cond",NA,"onset_timeline_combinedt0-24",0.398257656133459,1.55417322790781,0.256250493176738,0.797757421905592,-2.6478658963022,3.44438120856912,1
"edge_3739_8","fixed","cond",NA,"onset_timeline_combinedt0-30",1.45859946682696,1.41330918739071,1.03204555651397,0.302050776574441,-1.3114356394784,4.22863457313233,1
"edge_3739_8","fixed","cond",NA,"onset_timeline_combinedt0-36",1.87024128715072,1.34418741702954,1.39135455625949,0.164117937745617,-0.764317638699091,4.50480021300054,0.423251523659749
"edge_3739_8","fixed","cond",NA,"onset_timeline_combinedt0-over42",-0.20008785185789,1.57913640739831,-0.126707136204618,0.899172197492204,-3.29513833703456,2.89496263331878,1
"edge_3739_8","fixed","cond",NA,"SexMale",-1.58012149190373,1.25460816246835,-1.25945417794426,0.207866331074535,-4.03910830505167,0.878865321244212,1
"edge_3739_8","fixed","cond",NA,"Age.at.Gluten.Introduction..months.",-0.463757226400824,0.285226138611885,-1.62592821491677,0.103964927125744,-1.02279018552955,0.0952757327278992,0.534261881153218
"edge_3739_8","fixed","cond",NA,"HLA.CategoryHigh Risk",-0.637428424156697,0.985084846799651,-0.647079717272657,0.517580351577924,-2.56815924560017,1.29330239728678,0.956307212291697
"edge_3739_8","fixed","cond",NA,"HLA.CategoryLow/No Risk",0.741794468622482,1.35986605949461,0.545490832309006,0.58541598406649,-1.92349403178535,3.40708296903032,1
"edge_3739_8","fixed","cond",NA,"feeding_first_yearFormula",1.56150857993888,1.11789068430234,1.39683477272502,0.162463262997956,-0.629516899946544,3.75253405982431,1
"edge_3739_8","fixed","cond",NA,"feeding_first_yearBreastmilk_and_formula",1.47904855190898,0.873272252556721,1.69368550023053,0.090325061204788,-0.232533611800363,3.19063071561832,0.822255833681735
"edge_3739_8","fixed","cond",NA,"Delivery.ModeC-Section",-0.478285017207362,2.01198074346732,-0.237718486501574,0.81209944447592,-4.42169481199143,3.4651247775767,1
"edge_3739_8","fixed","cond",NA,"Dx.StatusCELIAC:onset_timeline_combinedt0-6",-6.75920173890272,586464.049327473,-1.15253471148894e-05,0.999990804103479,-1149455.17411111,1149441.65570763,1
"edge_3739_8","fixed","cond",NA,"Dx.StatusCELIAC:onset_timeline_combinedt0-12",-19.8269293688783,20067.4775729516,-0.000988013032370468,0.999211679783855,-39351.3602329192,39311.7063741815,1
"edge_3739_8","fixed","cond",NA,"Dx.StatusCELIAC:onset_timeline_combinedt0-18",19.989051737707,19512.6904357795,0.00102441289700645,0.999182636908551,-38224.1814438693,38264.1595473447,1
"edge_3739_8","fixed","cond",NA,"Dx.StatusCELIAC:onset_timeline_combinedt0-24",0.278236464799708,2.19232852666593,0.126913672570254,0.89900872500406,-4.01864848974528,4.5751214193447,1
"edge_3739_8","fixed","cond",NA,"Dx.StatusCELIAC:onset_timeline_combinedt0-30",-24.4334958947331,118130.804783543,-0.000206834245644087,0.999834970149932,-231556.556336371,231507.689344582,1
"edge_3739_8","fixed","cond",NA,"Dx.StatusCELIAC:onset_timeline_combinedt0-36",-25.9353648781025,198683.943945246,-0.000130535786451118,0.999895847511654,-389439.309803934,389387.439074178,1
"edge_3739_8","fixed","cond",NA,"Dx.StatusCELIAC:onset_timeline_combinedt0-over42",0.517974793653452,2.21004998085233,0.234372434171688,0.814695857065823,-3.81364357285054,4.84959316015745,1
"edge_3739_9","fixed","cond",NA,"(Intercept)",1.30736577248304,2.46350309304011,0.530693781622038,0.595630995866634,-3.5210115656786,6.13574311064468,0.737215412916899
"edge_3739_9","fixed","cond",NA,"Dx.StatusCELIAC",-0.391974452011101,1.6478120777119,-0.23787570033798,0.811977502928362,-3.62162677761654,2.83767787359434,1
"edge_3739_9","fixed","cond",NA,"onset_timeline_combinedt0-6",-18.9722066074972,25070.463462628,-0.000756755320290693,0.999396196671266,-49156.1776690857,49118.2332558707,1
"edge_3739_9","fixed","cond",NA,"onset_timeline_combinedt0-12",0.00455706238173375,1.52825085153554,0.00298188113368623,0.997620806607095,-2.9907595659706,2.99987369073407,1
"edge_3739_9","fixed","cond",NA,"onset_timeline_combinedt0-18",-20.5035916262405,38195.8540016507,-0.000536801497496416,0.999571694393502,-74883.0017936116,74841.9946103591,1
"edge_3739_9","fixed","cond",NA,"onset_timeline_combinedt0-24",-22.0147477093277,63440.7956465355,-0.000347012478090349,0.999723124106883,-124363.689365484,124319.659870066,1
"edge_3739_9","fixed","cond",NA,"onset_timeline_combinedt0-30",0.449285815049559,1.57635040823092,0.285016461253546,0.775631530499979,-2.64030421209805,3.53887584219717,1
"edge_3739_9","fixed","cond",NA,"onset_timeline_combinedt0-36",1.74499418556179,1.37619904075623,1.26798096342439,0.204804748852525,-0.952306369878977,4.44229474100257,0.470410907520644
"edge_3739_9","fixed","cond",NA,"onset_timeline_combinedt0-over42",-0.340056059653403,1.58168342524699,-0.214996284481075,0.829770215383419,-3.44009860808145,2.75998648877465,1
"edge_3739_9","fixed","cond",NA,"SexMale",-1.70291112634171,1.35714248039374,-1.25477696774155,0.209559735941414,-4.3628615098028,0.957039257119377,1
"edge_3739_9","fixed","cond",NA,"Age.at.Gluten.Introduction..months.",-0.550714543411961,0.319690847183111,-1.72264720202179,0.0849523435723667,-1.17729709007796,0.0758680032540352,0.534261881153218
"edge_3739_9","fixed","cond",NA,"HLA.CategoryHigh Risk",-0.424036581094298,0.997953768404537,-0.424906037252828,0.670905173422741,-2.37999002540322,1.53191686321462,0.992982795983933
"edge_3739_9","fixed","cond",NA,"HLA.CategoryLow/No Risk",0.854194307379573,1.43843999025747,0.593833815219972,0.552623269605904,-1.96509626744721,3.67348488220636,1
"edge_3739_9","fixed","cond",NA,"feeding_first_yearFormula",0.359526253273694,1.26343594290649,0.284562312234538,0.775979488409198,-2.11676269159642,2.83581519814381,1
"edge_3739_9","fixed","cond",NA,"feeding_first_yearBreastmilk_and_formula",1.02727132090836,0.937212635930552,1.09609205160619,0.273038492682026,-0.809631691371368,2.86417433318809,0.822255833681735
"edge_3739_9","fixed","cond",NA,"Delivery.ModeC-Section",0.554273311847343,2.19255715846575,0.252797656702915,0.800424578582566,-3.74305975279101,4.85160637648569,1
"edge_3739_9","fixed","cond",NA,"Dx.StatusCELIAC:onset_timeline_combinedt0-6",-6.97790660792514,554408.853815099,-1.25862106276036e-05,0.999989957656861,-1086628.36409433,1086614.40828112,1
"edge_3739_9","fixed","cond",NA,"Dx.StatusCELIAC:onset_timeline_combinedt0-12",0.246263470452076,2.18081512706396,0.112922671617571,0.910091861941464,-4.02805563553343,4.52058257643758,1
"edge_3739_9","fixed","cond",NA,"Dx.StatusCELIAC:onset_timeline_combinedt0-18",21.2386038641915,38195.85403546,0.000556044743612072,0.999556340506819,-74841.2596643862,74883.7368721146,1
"edge_3739_9","fixed","cond",NA,"Dx.StatusCELIAC:onset_timeline_combinedt0-24",22.5818079581829,63440.7956659407,0.000355950894391231,0.999715992282959,-124319.09284785,124364.256463767,1
"edge_3739_9","fixed","cond",NA,"Dx.StatusCELIAC:onset_timeline_combinedt0-30",-23.0726333626265,96319.421123036,-0.000239542898966909,0.999808872421092,-188805.66904626,188759.523779534,1
"edge_3739_9","fixed","cond",NA,"Dx.StatusCELIAC:onset_timeline_combinedt0-36",-21.7131556483687,24299.7261539915,-0.000893555569752874,0.99928704590155,-47648.3012516578,47604.874940361,1
"edge_3739_9","fixed","cond",NA,"Dx.StatusCELIAC:onset_timeline_combinedt0-over42",0.405653839348847,2.22397224414754,0.182400585446306,0.855268366393105,-3.95325166179706,4.76455934049475,1
"edge_4_11","fixed","cond",NA,"(Intercept)",-2.8374019470956,2.33443268717017,-1.21545674145573,0.224191938047458,-7.41280593828218,1.73800204409099,0.387697267487793
"edge_4_11","fixed","cond",NA,"Dx.StatusCELIAC",0.188176428258035,1.62832403289442,0.115564484989847,0.907997711136391,-3.00328003137605,3.37963288789212,1
"edge_4_11","fixed","cond",NA,"onset_timeline_combinedt0-6",-18.2135774823503,17905.970210048,-0.00101717903407042,0.999188408693095,-35113.2702974236,35076.8431424589,1
"edge_4_11","fixed","cond",NA,"onset_timeline_combinedt0-12",0.210245045644368,1.5352624331747,0.136944043637942,0.891075024971115,-2.79881403019537,3.2193041214841,1
"edge_4_11","fixed","cond",NA,"onset_timeline_combinedt0-18",0.955554090551964,1.61018827531641,0.593442459618079,0.55288508041456,-2.20035693739687,4.1114651185008,1
"edge_4_11","fixed","cond",NA,"onset_timeline_combinedt0-24",1.09165683812044,1.36276941790768,0.801057628513935,0.423098284349064,-1.57932214021122,3.76263581645211,1
"edge_4_11","fixed","cond",NA,"onset_timeline_combinedt0-30",0.587547704623064,1.5550743186566,0.377826125461731,0.70555976450954,-2.46034195322703,3.63543736247316,1
"edge_4_11","fixed","cond",NA,"onset_timeline_combinedt0-36",0.21750371347859,1.53200039613881,0.141973666603989,0.887100805966691,-2.78516188725457,3.22016931421175,1
"edge_4_11","fixed","cond",NA,"onset_timeline_combinedt0-over42",-0.533033081569795,1.61129273490572,-0.330810826625481,0.740787382448987,-3.69110881053606,2.62504264739647,1
"edge_4_11","fixed","cond",NA,"SexMale",-1.13650849247244,1.49730311347868,-0.759037019452928,0.447830412100111,-4.07116866883034,1.79815168388545,1
"edge_4_11","fixed","cond",NA,"Age.at.Gluten.Introduction..months.",0.0343864911173539,0.222115086557356,0.154813847408219,0.876968074178414,-0.400951078958061,0.469724061192769,0.99999417197145
"edge_4_11","fixed","cond",NA,"HLA.CategoryHigh Risk",0.151896505666333,0.833572894745329,0.182223422359169,0.855407392330726,-1.48187634652331,1.78566935785597,0.992982795983933
"edge_4_11","fixed","cond",NA,"HLA.CategoryLow/No Risk",-22.5099827413166,67557.9307602791,-0.000333195266462355,0.999734148646076,-132433.621142939,132388.601177456,1
"edge_4_11","fixed","cond",NA,"feeding_first_yearFormula",-0.396888988429592,1.17807721431984,-0.33689556474338,0.736195628905709,-2.70587789950376,1.91209992264457,1
"edge_4_11","fixed","cond",NA,"feeding_first_yearBreastmilk_and_formula",-1.46982209637562,1.05584418218595,-1.39208239357119,0.163897449130463,-3.53923866674622,0.599594473994978,0.822255833681735
"edge_4_11","fixed","cond",NA,"Delivery.ModeC-Section",23.4066496035691,67557.9307325091,0.000346467829161999,0.999723558673827,-132387.704456166,132434.517755373,1
"edge_4_11","fixed","cond",NA,"Dx.StatusCELIAC:onset_timeline_combinedt0-6",-3.5472843259652,133529.400987513,-2.65655675808575e-05,0.999978803743781,-261716.364097058,261709.269528406,1
"edge_4_11","fixed","cond",NA,"Dx.StatusCELIAC:onset_timeline_combinedt0-12",-0.162061191911664,2.18251694940965,-0.0742542649923061,0.940808067765604,-4.43971580840281,4.11559342457948,1
"edge_4_11","fixed","cond",NA,"Dx.StatusCELIAC:onset_timeline_combinedt0-18",0.0786161662690588,2.30634469833253,0.0340869109140093,0.972807845998106,-4.4417363783976,4.59896871093572,1
"edge_4_11","fixed","cond",NA,"Dx.StatusCELIAC:onset_timeline_combinedt0-24",-26.5050989848715,326157.33313972,-8.12647648597162e-05,0.999935160098853,-639283.131346469,639230.121148499,1
"edge_4_11","fixed","cond",NA,"Dx.StatusCELIAC:onset_timeline_combinedt0-30",-22.3259602541453,60945.4482075029,-0.000366326951573666,0.999707713387671,-119473.209468611,119428.557548103,1
"edge_4_11","fixed","cond",NA,"Dx.StatusCELIAC:onset_timeline_combinedt0-36",0.00944318395585199,2.19580333110019,0.00430055999191901,0.996568660156645,-4.2942522621336,4.31313863004531,1
"edge_4_11","fixed","cond",NA,"Dx.StatusCELIAC:onset_timeline_combinedt0-over42",0.782376371577405,2.17610419644352,0.359530748966924,0.71919807906868,-3.48270948005837,5.04746222321318,1
"edge_4_12","fixed","cond",NA,"(Intercept)",-3.34135619560786,3.96900344175067,-0.841862760928733,0.399864776820764,-11.1204599959547,4.43774760473897,0.556008486054127
"edge_4_12","fixed","cond",NA,"Dx.StatusCELIAC",0.154118439370276,2.20719279622062,0.069825544752671,0.944332515023793,-4.17189994815839,4.48013682689894,1
"edge_4_12","fixed","cond",NA,"onset_timeline_combinedt0-6",-17.1546333345431,13061.1639936931,-0.00131340769802956,0.998952052576994,-25616.5656571444,25582.2563904753,1
"edge_4_12","fixed","cond",NA,"onset_timeline_combinedt0-12",0.211977563610728,1.70959512487235,0.123992845163591,0.90132094007903,-3.13876730928434,3.56272243650579,1
"edge_4_12","fixed","cond",NA,"onset_timeline_combinedt0-18",1.66936125460623,1.88504225517683,0.885582935884708,0.375842310172262,-2.02525367487652,5.36397618408898,1
"edge_4_12","fixed","cond",NA,"onset_timeline_combinedt0-24",0.119258252749228,1.69077004671824,0.0705348743199626,0.943767943968806,-3.19459014495763,3.43310665045608,1
"edge_4_12","fixed","cond",NA,"onset_timeline_combinedt0-30",0.459380802181488,1.74891154549531,0.2626666873832,0.792807495016096,-2.96842283913561,3.88718444349859,1
"edge_4_12","fixed","cond",NA,"onset_timeline_combinedt0-36",1.23704049441453,1.53591530490611,0.805409315515708,0.420583517868617,-1.7732981865053,4.24737917533437,0.671278071363203
"edge_4_12","fixed","cond",NA,"onset_timeline_combinedt0-over42",0.105314126109357,1.5278426202457,0.0689299569954532,0.945045372988544,-2.88920238361752,3.09983063583623,1
"edge_4_12","fixed","cond",NA,"SexMale",-1.08175643386631,2.36580391988486,-0.457246868505887,0.647493614191242,-5.71864691132432,3.55513404359171,1
"edge_4_12","fixed","cond",NA,"Age.at.Gluten.Introduction..months.",-0.00437580701326707,0.363910421152669,-0.012024406993916,0.990406142497463,-0.717627126071301,0.708875512044767,0.99999417197145
"edge_4_12","fixed","cond",NA,"HLA.CategoryHigh Risk",-0.339483742800452,1.53910983286108,-0.220571485901938,0.82542610518906,-3.35608358345964,2.67711609785873,0.992982795983933
"edge_4_12","fixed","cond",NA,"HLA.CategoryLow/No Risk",-22.3563607136172,81554.0356408054,-0.000274129422755767,0.999781276368661,-159865.329010588,159820.616289161,1
"edge_4_12","fixed","cond",NA,"feeding_first_yearFormula",-2.09653763231667,2.48481713985036,-0.843739202653331,0.398815155826523,-6.9666897345912,2.77361446995786,1
"edge_4_12","fixed","cond",NA,"feeding_first_yearBreastmilk_and_formula",-2.0124532683123,1.87409541423738,-1.07382647277392,0.282900462640083,-5.68561278380923,1.66070624718463,0.822255833681735
"edge_4_12","fixed","cond",NA,"Delivery.ModeC-Section",24.3583345469372,81554.0357061914,0.000298677243082012,0.999761690042625,-159818.614443482,159867.331112576,1
"edge_4_12","fixed","cond",NA,"Dx.StatusCELIAC:onset_timeline_combinedt0-6",-2.93387748744734,89611.7989764506,-3.27398570384503e-05,0.999973877373551,-175638.832461174,175632.964706199,1
"edge_4_12","fixed","cond",NA,"Dx.StatusCELIAC:onset_timeline_combinedt0-12",-0.181379438222218,2.46338185451825,-0.0736302566691148,0.941304595136166,-5.00951915324746,4.64676027680303,1
"edge_4_12","fixed","cond",NA,"Dx.StatusCELIAC:onset_timeline_combinedt0-18",0.317152087956778,2.76050824424745,0.114889020388794,0.908533087925807,-5.09334464979412,5.72764882570767,1
"edge_4_12","fixed","cond",NA,"Dx.StatusCELIAC:onset_timeline_combinedt0-24",-25.2734903360865,224622.485616363,-0.000112515406757859,0.999910225694285,-440277.255416275,440226.708435602,1
"edge_4_12","fixed","cond",NA,"Dx.StatusCELIAC:onset_timeline_combinedt0-30",-25.216970717442,223830.047615378,-0.000112661240017132,0.99991010933618,-438724.048954743,438673.615013308,1
"edge_4_12","fixed","cond",NA,"Dx.StatusCELIAC:onset_timeline_combinedt0-36",-1.12923569036563,2.36954776109356,-0.476561692027042,0.633674267458596,-5.77346396175653,3.51499258102526,1
"edge_4_12","fixed","cond",NA,"Dx.StatusCELIAC:onset_timeline_combinedt0-over42",-1.38591835844562,2.35037162777858,-0.58965924454913,0.555419123918498,-5.99256209917642,3.22072538228517,1
"edge_4_15","fixed","cond",NA,"(Intercept)",0.223663668881274,3.33206769050652,0.0671245873901422,0.946482520128362,-6.30706899856105,6.7543963363236,0.999999834899283
"edge_4_15","fixed","cond",NA,"Dx.StatusCELIAC",-0.0835042512428032,1.82784626539893,-0.0456845046673432,0.963561714398195,-3.66601710070074,3.49900859821514,1
"edge_4_15","fixed","cond",NA,"onset_timeline_combinedt0-6",-16.6858577074647,18807.9577046481,-0.000887170099459608,0.999292140767691,-36879.6055815703,36846.2338661553,1
"edge_4_15","fixed","cond",NA,"onset_timeline_combinedt0-12",0.0358307398380308,1.62401080248793,0.0220631166881028,0.982397607928304,-3.14717194354231,3.21883342321837,1
"edge_4_15","fixed","cond",NA,"onset_timeline_combinedt0-18",1.1741982549595,1.83985230671118,0.638202452814503,0.523341900742866,-2.43184600306736,4.78024251298635,1
"edge_4_15","fixed","cond",NA,"onset_timeline_combinedt0-24",0.0659034079791196,1.62986458866911,0.0404348977438268,0.967746408613231,-3.12857248548952,3.26037930144776,1
"edge_4_15","fixed","cond",NA,"onset_timeline_combinedt0-30",0.641743080742776,1.68769786272992,0.380247611207335,0.703761620080185,-2.66608394699309,3.94957010847864,1
"edge_4_15","fixed","cond",NA,"onset_timeline_combinedt0-36",0.0659040592407532,1.62986443762467,0.0404353010712967,0.96774608706744,-3.12857153818623,3.26037965666773,1
"edge_4_15","fixed","cond",NA,"onset_timeline_combinedt0-over42",-0.0232663231508572,1.51891446974846,-0.0153177309283979,0.987778696907493,-3.0002839794546,2.95375133315288,1
"edge_4_15","fixed","cond",NA,"SexMale",-21.0784410348305,29715.7572006323,-0.000709335484622347,0.999434032215852,-58262.8923276109,58220.7354455412,1
"edge_4_15","fixed","cond",NA,"Age.at.Gluten.Introduction..months.",-0.432018360902861,0.393257402783766,-1.09856383591184,0.271958359152401,-1.2027887070128,0.338751985207082,0.741704615870185
"edge_4_15","fixed","cond",NA,"HLA.CategoryHigh Risk",0.871249721069283,1.1738076983559,0.742242295982216,0.457940546502358,-1.42937109248413,3.1718705346227,0.956307212291697
"edge_4_15","fixed","cond",NA,"HLA.CategoryLow/No Risk",-18.6779219718363,44611.782001173,-0.000418676886104777,0.999665944186371,-87456.1639304231,87418.8080864794,1
"edge_4_15","fixed","cond",NA,"feeding_first_yearFormula",-1.81338114067855,1.92845043434721,-0.940330696802372,0.347047958568604,-5.59307453796972,1.96631225661261,1
"edge_4_15","fixed","cond",NA,"feeding_first_yearBreastmilk_and_formula",-0.843078445269125,1.43673089351262,-0.58680331095819,0.557335812881168,-3.65901925202991,1.97286236149166,0.99801994399651
"edge_4_15","fixed","cond",NA,"Delivery.ModeC-Section",22.9617323474675,44611.7820468255,0.000514701078817394,0.999589327973915,-87414.524365581,87460.447830276,1
"edge_4_15","fixed","cond",NA,"Dx.StatusCELIAC:onset_timeline_combinedt0-6",-7.56610434603696,423826.747136817,-1.78518802721871e-05,0.99998575626035,-830692.726177272,830677.59396858,1
"edge_4_15","fixed","cond",NA,"Dx.StatusCELIAC:onset_timeline_combinedt0-12",-24.6634905802809,198991.474289933,-0.000123942448631472,0.999901108234062,-390040.786329377,389991.459348216,1
"edge_4_15","fixed","cond",NA,"Dx.StatusCELIAC:onset_timeline_combinedt0-18",-0.122610551957019,2.52076006515806,-0.0486403103777077,0.961205944931609,-5.06320949333365,4.81798838941962,1
"edge_4_15","fixed","cond",NA,"Dx.StatusCELIAC:onset_timeline_combinedt0-24",-24.863991063388,226137.814377531,-0.000109950611894914,0.999912272104495,-443246.835713628,443197.107731501,1
"edge_4_15","fixed","cond",NA,"Dx.StatusCELIAC:onset_timeline_combinedt0-30",-26.6748544098189,508968.72954151,-5.24096135215382e-05,0.999958183178553,-997587.054012876,997533.704304057,1
"edge_4_15","fixed","cond",NA,"Dx.StatusCELIAC:onset_timeline_combinedt0-36",-24.4169324945808,180840.423006473,-0.000135019217985941,0.999892270250885,-354465.132974169,354416.29910918,1
"edge_4_15","fixed","cond",NA,"Dx.StatusCELIAC:onset_timeline_combinedt0-over42",0.327033002277176,2.17935018791847,0.15005986834522,0.880717381822098,-3.94441487574363,4.59848088029798,1
"edge_4_28","fixed","cond",NA,"(Intercept)",-3.57759270154806,3.64669799292807,-0.981049900070138,0.32656813467075,-10.7249894301816,3.56980402708547,0.493117883352832
"edge_4_28","fixed","cond",NA,"Dx.StatusCELIAC",0.344523901862152,2.13574716916647,0.161313055606957,0.871846841037476,-3.84146362978749,4.5305114335118,1
"edge_4_28","fixed","cond",NA,"onset_timeline_combinedt0-6",-16.8197099944709,10755.944035997,-0.00156375953037504,0.998752300922414,-21098.082640277,21064.443220288,1
"edge_4_28","fixed","cond",NA,"onset_timeline_combinedt0-12",0.205001668931833,1.66368358022901,0.123221549679305,0.90193166143029,-3.05575822998768,3.46576156785135,1
"edge_4_28","fixed","cond",NA,"onset_timeline_combinedt0-18",1.60980895713743,1.83986072578595,0.874962400455478,0.381594364329603,-1.99625180197275,5.21586971624762,1
"edge_4_28","fixed","cond",NA,"onset_timeline_combinedt0-24",0.116414371681401,1.64778834709553,0.0706488620863225,0.943677221217144,-3.11319144277062,3.34602018613342,1
"edge_4_28","fixed","cond",NA,"onset_timeline_combinedt0-30",0.681813159759801,1.69940104071506,0.401207921746895,0.688267048872099,-2.64895167533161,4.01257799485121,1
"edge_4_28","fixed","cond",NA,"onset_timeline_combinedt0-36",1.17953758627558,1.49407401087008,0.789477346968021,0.42983306465828,-1.74879366526709,4.10786883781826,0.671278071363203
"edge_4_28","fixed","cond",NA,"onset_timeline_combinedt0-over42",-0.173228586893475,1.49186693195319,-0.116115307058037,0.907561157596119,-3.09723404324798,2.75077686946103,1
"edge_4_28","fixed","cond",NA,"SexMale",-1.23174486051904,2.38340386356885,-0.516800731653867,0.60529526924866,-5.9031305937276,3.43964087268952,1
"edge_4_28","fixed","cond",NA,"Age.at.Gluten.Introduction..months.",0.0625249962920058,0.347291120632065,0.180036265189306,0.85712409783404,-0.618153092297396,0.743203084881407,0.99999417197145
"edge_4_28","fixed","cond",NA,"HLA.CategoryHigh Risk",-0.808479564959338,1.43488837602079,-0.563444222191975,0.573132431531824,-3.62080910379525,2.00384997387657,0.961585383197743
"edge_4_28","fixed","cond",NA,"HLA.CategoryLow/No Risk",-24.1070924518006,122753.78611327,-0.000196385734526802,0.999843306855466,-240617.106840394,240568.892655491,1
"edge_4_28","fixed","cond",NA,"feeding_first_yearFormula",-1.5103021496635,2.34023496904191,-0.64536346548219,0.518691673385656,-6.09707840434685,3.07647410501986,1
"edge_4_28","fixed","cond",NA,"feeding_first_yearBreastmilk_and_formula",-2.13760956759453,1.74164325129301,-1.22735213770533,0.219690267322742,-5.55116761404607,1.27594847885701,0.822255833681735
"edge_4_28","fixed","cond",NA,"Delivery.ModeC-Section",26.0182572379239,122753.786063569,0.00021195482495709,0.999830884518845,-240566.981393293,240619.017907769,1
"edge_4_28","fixed","cond",NA,"Dx.StatusCELIAC:onset_timeline_combinedt0-6",-2.93043120833926,65772.5931167456,-4.45539862346278e-05,0.999964451062273,-128914.844109837,128908.98324742,1
"edge_4_28","fixed","cond",NA,"Dx.StatusCELIAC:onset_timeline_combinedt0-12",-23.9071383781878,93679.940022953,-0.000255200188773928,0.999796379711673,-183633.215657238,183585.401380482,1
"edge_4_28","fixed","cond",NA,"Dx.StatusCELIAC:onset_timeline_combinedt0-18",0.0994191182834663,2.69578523970424,0.0368794653295059,0.970581112900731,-5.18422286159153,5.38306109815846,1
"edge_4_28","fixed","cond",NA,"Dx.StatusCELIAC:onset_timeline_combinedt0-24",-23.4076661233072,77590.0971852131,-0.00030168368093974,0.999759291252383,-152097.203706104,152050.388373857,1
"edge_4_28","fixed","cond",NA,"Dx.StatusCELIAC:onset_timeline_combinedt0-30",-26.4082895331476,269041.967438948,-9.81567663384718e-05,0.999921682231726,-527338.974799669,527286.158220603,1
"edge_4_28","fixed","cond",NA,"Dx.StatusCELIAC:onset_timeline_combinedt0-36",-1.01973942548486,2.41362362504943,-0.422493140563279,0.672665106438526,-5.75035480281674,3.71087595184702,1
"edge_4_28","fixed","cond",NA,"Dx.StatusCELIAC:onset_timeline_combinedt0-over42",0.497425980391734,2.29735380224364,0.216521277613373,0.828581441369324,-4.00530473175195,5.00015669253542,1
"edge_4_32","fixed","cond",NA,"(Intercept)",-5.32222241719941,4.43962229336816,-1.19880072346462,0.230605441199981,-14.0237222171621,3.3792773827633,0.387697267487793
"edge_4_32","fixed","cond",NA,"Dx.StatusCELIAC",0.376249626894391,2.28015173699821,0.165010784497052,0.868935493618978,-4.09276565690855,4.84526491069734,1
"edge_4_32","fixed","cond",NA,"onset_timeline_combinedt0-6",-19.8195777257632,35990.5843301953,-0.000550687856132835,0.999560614683978,-70560.0686474601,70520.4294920085,1
"edge_4_32","fixed","cond",NA,"onset_timeline_combinedt0-12",-20.0897244755776,21466.1782978009,-0.000935878021549635,0.999253277484816,-42093.0260738806,42052.8466249294,1
"edge_4_32","fixed","cond",NA,"onset_timeline_combinedt0-18",1.46514691583632,1.86226295198547,0.786756195882131,0.43142460050587,-2.18482139979845,5.11511523147108,1
"edge_4_32","fixed","cond",NA,"onset_timeline_combinedt0-24",0.157537612081754,1.66461586108982,0.0946390189858062,0.92460155624228,-3.10504952374843,3.42012474791194,1
"edge_4_32","fixed","cond",NA,"onset_timeline_combinedt0-30",-24.5788622481018,294014.863444138,-8.3597345930682e-05,0.999933298968436,-576283.122132221,576233.964407725,1
"edge_4_32","fixed","cond",NA,"onset_timeline_combinedt0-36",0.157534836697851,1.66461650681523,0.0946373149928985,0.924602909757022,-3.10505356473087,3.42012323812658,1
"edge_4_32","fixed","cond",NA,"onset_timeline_combinedt0-over42",-0.39872689919239,1.54063651684909,-0.258806600279648,0.795784465058325,-3.41831898548384,2.62086518709905,1
"edge_4_32","fixed","cond",NA,"SexMale",-2.17639723485562,4.05966906488825,-0.53610213051086,0.591887967768635,-10.133202391188,5.78040792147674,1
"edge_4_32","fixed","cond",NA,"Age.at.Gluten.Introduction..months.",0.355651999573746,0.491985750452163,0.722890854556014,0.469746942673668,-0.608622352219403,1.31992635136689,0.946198952944221
"edge_4_32","fixed","cond",NA,"HLA.CategoryHigh Risk",-2.35966142686823,1.71584975291855,-1.37521448067034,0.169064960237947,-5.72266514547054,1.00334229173409,0.622844308745982
"edge_4_32","fixed","cond",NA,"HLA.CategoryLow/No Risk",-33.1425654460962,455045.26336529,-7.28335577014695e-05,0.999941887228853,-891905.470096958,891839.184966065,1
"edge_4_32","fixed","cond",NA,"feeding_first_yearFormula",-0.126121520384464,2.36233018570799,-0.0533886080563566,0.957422281722796,-4.75620360396393,4.503960563195,1
"edge_4_32","fixed","cond",NA,"feeding_first_yearBreastmilk_and_formula",-2.68866882514537,2.00245508204302,-1.34268621017069,0.17937360176336,-6.61340866660888,1.23607101631814,0.822255833681735
"edge_4_32","fixed","cond",NA,"Delivery.ModeC-Section",33.3295106133387,455045.263305802,7.32443853413773e-05,0.999941559435823,-891838.997904304,891905.656925531,1
"edge_4_32","fixed","cond",NA,"Dx.StatusCELIAC:onset_timeline_combinedt0-6",-2.86766583935885,171442.082789199,-1.67267323909315e-05,0.999986653998473,-336023.175367204,336017.440035525,1
"edge_4_32","fixed","cond",NA,"Dx.StatusCELIAC:onset_timeline_combinedt0-12",-5.93542945733068,232168.80418145,-2.55651463522716e-05,0.999979601964433,-455048.429958833,455036.559099918,1
"edge_4_32","fixed","cond",NA,"Dx.StatusCELIAC:onset_timeline_combinedt0-18",-24.6956891869681,193088.91032679,-0.000127898019338202,0.999897952145291,-378472.00574378,378422.614365406,1
"edge_4_32","fixed","cond",NA,"Dx.StatusCELIAC:onset_timeline_combinedt0-24",-30.042965788121,1649206.73449867,-1.82166160006941e-05,0.999985465243344,-3232415.84564409,3232355.75971252,1
"edge_4_32","fixed","cond",NA,"Dx.StatusCELIAC:onset_timeline_combinedt0-30",25.1791732227847,294014.863452945,8.56391167680351e-05,0.999931669871014,-576233.364114011,576283.722460457,1
"edge_4_32","fixed","cond",NA,"Dx.StatusCELIAC:onset_timeline_combinedt0-36",0.38417029670379,2.80701919419274,0.13686058773612,0.891140992055454,-5.11748622782663,5.88582682123421,1
"edge_4_32","fixed","cond",NA,"Dx.StatusCELIAC:onset_timeline_combinedt0-over42",-26.7414004773754,298010.929728563,-8.97329520824361e-05,0.999928403463034,-584117.430667757,584063.947866802,1
"edge_4_41","fixed","cond",NA,"(Intercept)",-4.20208520550199,3.88499516771899,-1.08161915886479,0.279421787775524,-11.8165358143434,3.41236540333937,0.448858403767065
"edge_4_41","fixed","cond",NA,"Dx.StatusCELIAC",0.210332646622046,2.23512855694208,0.0941031539187194,0.925027215036749,-4.17043882580141,4.5911041190455,1
"edge_4_41","fixed","cond",NA,"onset_timeline_combinedt0-6",-17.1570141268791,14767.48307371,-0.00116181031264719,0.9990730096975,-28960.8919809032,28926.5779526495,1
"edge_4_41","fixed","cond",NA,"onset_timeline_combinedt0-12",0.166453170687587,1.7101130564506,0.0973346002240734,0.922460679436361,-3.1853068294473,3.51821317082248,1
"edge_4_41","fixed","cond",NA,"onset_timeline_combinedt0-18",3.08446359089591,1.84412107469448,1.67259277778544,0.0944074896453685,-0.529947298636563,6.69887448042838,1
"edge_4_41","fixed","cond",NA,"onset_timeline_combinedt0-24",2.11827444549262,1.52526637116485,1.38878984388471,0.164896664452615,-0.871192708820583,5.10774159980583,1
"edge_4_41","fixed","cond",NA,"onset_timeline_combinedt0-30",0.787016758101642,1.75898381367024,0.447426947300599,0.654566822796666,-2.66052816608094,4.23456168228423,1
"edge_4_41","fixed","cond",NA,"onset_timeline_combinedt0-36",1.28136788065112,1.55416912386503,0.824471327460502,0.409671801048324,-1.7647476280085,4.32748338931075,0.671278071363203
"edge_4_41","fixed","cond",NA,"onset_timeline_combinedt0-over42",-1.11106805392525,1.72423814201236,-0.644382018268384,0.519327741991553,-4.49051271303974,2.26837660518923,1
"edge_4_41","fixed","cond",NA,"SexMale",-1.62667059915761,2.50026187480216,-0.650600089355168,0.515304672673103,-6.52709382568844,3.27375262737323,1
"edge_4_41","fixed","cond",NA,"Age.at.Gluten.Introduction..months.",0.0496630110085374,0.366473302425844,0.135516040813333,0.892203882509933,-0.668611463041572,0.767937485058647,0.99999417197145
"edge_4_41","fixed","cond",NA,"HLA.CategoryHigh Risk",0.0172075495472811,1.51587126799036,0.0113515902772494,0.990942935891077,-2.9538455409129,2.98826064000746,1
"edge_4_41","fixed","cond",NA,"HLA.CategoryLow/No Risk",-27.5450599611958,824480.628851624,-3.34089837860253e-05,0.99997334348765,-1615979.88356008,1615924.79344016,1
"edge_4_41","fixed","cond",NA,"feeding_first_yearFormula",-0.759262906981558,2.12207101004128,-0.357793355353734,0.720497963511913,-4.91844565929901,3.39991984533589,1
"edge_4_41","fixed","cond",NA,"feeding_first_yearBreastmilk_and_formula",-2.13308155579461,1.75920054409297,-1.21252893137002,0.225309974797802,-5.5810512638001,1.31488815221087,0.822255833681735
"edge_4_41","fixed","cond",NA,"Delivery.ModeC-Section",29.5673291325803,824480.628848623,3.58617632701337e-05,0.99997138645277,-1615922.7711651,1615981.90582337,1
"edge_4_41","fixed","cond",NA,"Dx.StatusCELIAC:onset_timeline_combinedt0-6",-2.55186967551378,86673.7360618356,-2.94422484995132e-05,0.99997650848449,-169879.952956404,169874.849217053,1
"edge_4_41","fixed","cond",NA,"Dx.StatusCELIAC:onset_timeline_combinedt0-12",-0.143939406585398,2.5031792143513,-0.0575026373501986,0.954144805285177,-5.05008051356322,4.76220170039242,1
"edge_4_41","fixed","cond",NA,"Dx.StatusCELIAC:onset_timeline_combinedt0-18",-0.908034810894119,2.6804148826659,-0.338766515872723,0.734785627728727,-6.16155144454443,4.34548182275619,1
"edge_4_41","fixed","cond",NA,"Dx.StatusCELIAC:onset_timeline_combinedt0-24",-2.02047422283469,2.40783939629276,-0.839123334365869,0.401400103054929,-6.73975272012517,2.6988042744558,1
"edge_4_41","fixed","cond",NA,"Dx.StatusCELIAC:onset_timeline_combinedt0-30",-31.4124478904254,3517015.17243372,-8.9315645086309e-06,0.999992873642575,-6893254.48349891,6893191.65860313,1
"edge_4_41","fixed","cond",NA,"Dx.StatusCELIAC:onset_timeline_combinedt0-36",-1.18357082257889,2.42247260142939,-0.488579652822708,0.625139321131594,-5.93152987491556,3.56438822975777,1
"edge_4_41","fixed","cond",NA,"Dx.StatusCELIAC:onset_timeline_combinedt0-over42",1.61678177542317,2.34508532883295,0.689434092459134,0.490550135311301,-2.97950100976267,6.21306456060902,1
"edge_4_47","fixed","cond",NA,"(Intercept)",-4.03353648910929,4.65587122646452,-0.866333344054318,0.386307385772354,-13.1588764096361,5.0918034314175,0.555546811920242
"edge_4_47","fixed","cond",NA,"Dx.StatusCELIAC",0.315242824255067,2.49778343188342,0.126209030066855,0.899566463566222,-4.58032274341729,5.21080839192743,1
"edge_4_47","fixed","cond",NA,"onset_timeline_combinedt0-6",-16.6777370355402,12188.9488145294,-0.00136826704987555,0.998908281186493,-23906.5784229153,23873.2229488442,1
"edge_4_47","fixed","cond",NA,"onset_timeline_combinedt0-12",-25.833812566398,316660.529175723,-8.15820419224468e-05,0.999934906948383,-620669.066322379,620617.398697246,1
"edge_4_47","fixed","cond",NA,"onset_timeline_combinedt0-18",2.34730328766954,2.08771425810474,1.12434126392395,0.260868279292317,-1.74454146822651,6.43914804356559,1
"edge_4_47","fixed","cond",NA,"onset_timeline_combinedt0-24",0.0824873631588124,1.79161669900313,0.0460407425342201,0.963277776477527,-3.42901684098786,3.59399156730549,1
"edge_4_47","fixed","cond",NA,"onset_timeline_combinedt0-30",0.736838871509159,1.89445828759969,0.388944362793411,0.697317304089602,-2.97623114239966,4.44990888541798,1
"edge_4_47","fixed","cond",NA,"onset_timeline_combinedt0-36",1.35650159390611,1.64445162856984,0.824896014172115,0.409430629423934,-1.86656437240902,4.57956756022124,0.671278071363203
"edge_4_47","fixed","cond",NA,"onset_timeline_combinedt0-over42",0.298384952027325,1.52790353385891,0.195290439098414,0.845165581468508,-2.69625094618761,3.29302085024226,1
"edge_4_47","fixed","cond",NA,"SexMale",-0.94472516245899,2.57355627664172,-0.367089373966121,0.71355235319755,-5.98880277686375,4.09935245194577,1
"edge_4_47","fixed","cond",NA,"Age.at.Gluten.Introduction..months.",-0.00449614784593054,0.406156046725264,-0.0110700010062188,0.99116759750378,-0.800547371530614,0.791555075838753,0.99999417197145
"edge_4_47","fixed","cond",NA,"HLA.CategoryHigh Risk",-0.565562552451536,1.79753041931662,-0.31463309125336,0.753040251085418,-4.08865743542729,2.95753233052422,0.992982795983933
"edge_4_47","fixed","cond",NA,"HLA.CategoryLow/No Risk",-27.4589859303806,915451.935989788,-2.99950055823432e-05,0.999976067448148,-1794280.28310338,1794225.36513152,1
"edge_4_47","fixed","cond",NA,"feeding_first_yearFormula",-2.03438353448013,2.75680025344569,-0.737951011117827,0.460544219038655,-7.43761274380458,3.36884567484432,1
"edge_4_47","fixed","cond",NA,"feeding_first_yearBreastmilk_and_formula",-2.24597793522373,2.05382852897258,-1.09355669353141,0.274149451426876,-6.27140788243087,1.7794520119834,0.822255833681735
"edge_4_47","fixed","cond",NA,"Delivery.ModeC-Section",30.3444660316633,915451.935992829,3.31469789276857e-05,0.999973552537281,-1794222.47965738,1794283.16858944,1
"edge_4_47","fixed","cond",NA,"Dx.StatusCELIAC:onset_timeline_combinedt0-6",-3.08606318072892,97020.9475184393,-3.18082152325136e-05,0.999974620716164,-190160.648945272,190154.476818911,1
"edge_4_47","fixed","cond",NA,"Dx.StatusCELIAC:onset_timeline_combinedt0-12",25.8523959615811,316660.529180993,8.16407274643462e-05,0.999934860124096,-620617.38012418,620669.084916103,1
"edge_4_47","fixed","cond",NA,"Dx.StatusCELIAC:onset_timeline_combinedt0-18",0.0123828117063761,2.9544154988129,0.00419128985457581,0.996655844326268,-5.77816516133385,5.80293078474661,1
"edge_4_47","fixed","cond",NA,"Dx.StatusCELIAC:onset_timeline_combinedt0-24",-27.2088660927819,576908.208931611,-4.71632500136731e-05,0.999962369170991,-1130746.52075756,1130692.10302537,1
"edge_4_47","fixed","cond",NA,"Dx.StatusCELIAC:onset_timeline_combinedt0-30",-29.6222218169075,1671184.71221976,-1.77252829087705e-05,0.999985857270432,-3275491.46968649,3275432.22524285,1
"edge_4_47","fixed","cond",NA,"Dx.StatusCELIAC:onset_timeline_combinedt0-36",-1.28598673165389,2.4800843769344,-0.518525395189771,0.604091746340321,-6.14686278906577,3.57488932575799,1
"edge_4_47","fixed","cond",NA,"Dx.StatusCELIAC:onset_timeline_combinedt0-over42",0.589411930066231,2.19855568581748,0.268090516819033,0.788629645222858,-3.71967803214179,4.89850189227425,1
"edge_4_48","fixed","cond",NA,"(Intercept)",-2.89190925477407,3.39805354264289,-0.851048760263161,0.394742267162113,-9.55197181589288,3.76815330634473,0.556008486054127
"edge_4_48","fixed","cond",NA,"Dx.StatusCELIAC",-0.72612364845464,1.93988319897865,-0.37431307660015,0.708171404350036,-4.52822485266714,3.07597755575786,1
"edge_4_48","fixed","cond",NA,"onset_timeline_combinedt0-6",-18.4528727969561,16432.7754686568,-0.00112293098826503,0.999104030889915,-32226.1009573975,32189.1952118036,1
"edge_4_48","fixed","cond",NA,"onset_timeline_combinedt0-12",-28.0420136212844,647285.047614979,-4.33225110399345e-05,0.999965433637317,-1268683.42307027,1268627.33904303,1
"edge_4_48","fixed","cond",NA,"onset_timeline_combinedt0-18",0.478780623683355,1.61521006024154,0.296420035677438,0.766909326230872,-2.68697292185684,3.64453416922355,1
"edge_4_48","fixed","cond",NA,"onset_timeline_combinedt0-24",0.20393952111007,1.3376444371873,0.152461682223192,0.878822810238336,-2.41779539989739,2.82567444211753,1
"edge_4_48","fixed","cond",NA,"onset_timeline_combinedt0-30",-0.423134812189883,1.58139010913061,-0.267571429558585,0.7890292251938,-3.52260247159374,2.67633284721397,1
"edge_4_48","fixed","cond",NA,"onset_timeline_combinedt0-36",1.01037245927972,1.2751966217355,0.792326800477753,0.428170148637211,-1.48896699252899,3.50971191108844,0.671278071363203
"edge_4_48","fixed","cond",NA,"onset_timeline_combinedt0-over42",-1.11819826977023,1.40306154158177,-0.796970223066344,0.425468325155062,-3.86814835936375,1.63175181982329,1
"edge_4_48","fixed","cond",NA,"SexMale",-1.44989762511916,2.10668876418103,-0.688235324444238,0.491304602388696,-5.57893172954918,2.67913647931085,1
"edge_4_48","fixed","cond",NA,"Age.at.Gluten.Introduction..months.",0.0310191904652413,0.327132559244343,0.0948214709562806,0.92445663235356,-0.610148843824087,0.67218722475457,0.99999417197145
"edge_4_48","fixed","cond",NA,"HLA.CategoryHigh Risk",-0.264922288799423,1.37543835406277,-0.192609351060261,0.847264920975402,-2.9607319257175,2.43088734811866,0.992982795983933
"edge_4_48","fixed","cond",NA,"HLA.CategoryLow/No Risk",-19.5291689008365,15533.2221167765,-0.001257251634852,0.998996858595782,-30464.0850816437,30425.026743842,1
"edge_4_48","fixed","cond",NA,"feeding_first_yearFormula",0.45354373179313,1.87858499157526,0.241428380311299,0.809223118878653,-3.22841519359186,4.13550265717812,1
"edge_4_48","fixed","cond",NA,"feeding_first_yearBreastmilk_and_formula",-1.5543862411221,1.62554354150076,-0.956225534067845,0.338958302228083,-4.74039303776527,1.63162055552108,0.822255833681735
"edge_4_48","fixed","cond",NA,"Delivery.ModeC-Section",20.2893743110534,15533.2218836896,0.00130619226732079,0.998957809652818,-30424.2660815901,30464.8448302122,1
"edge_4_48","fixed","cond",NA,"Dx.StatusCELIAC:onset_timeline_combinedt0-6",-3.12170869200211,179541.568768215,-1.73871082525306e-05,0.999986127094769,-351898.130222214,351891.88680483,1
"edge_4_48","fixed","cond",NA,"Dx.StatusCELIAC:onset_timeline_combinedt0-12",28.0734211519935,647285.047617371,4.33710329866734e-05,0.999965394922405,-1268627.30764019,1268683.45448249,1
"edge_4_48","fixed","cond",NA,"Dx.StatusCELIAC:onset_timeline_combinedt0-18",1.29396320722275,2.52455138937538,0.512551739952063,0.608264918915834,-3.65406659307355,6.24199300751904,1
"edge_4_48","fixed","cond",NA,"Dx.StatusCELIAC:onset_timeline_combinedt0-24",-27.121345864383,564320.776362012,-4.80601583362308e-05,0.999961653541689,-1106075.51874309,1106021.27605136,1
"edge_4_48","fixed","cond",NA,"Dx.StatusCELIAC:onset_timeline_combinedt0-30",-21.2216617305649,45939.9622634313,-0.000461943386215132,0.999631422517283,-90061.8931491852,90019.449825724,1
"edge_4_48","fixed","cond",NA,"Dx.StatusCELIAC:onset_timeline_combinedt0-36",-0.862122204690935,2.17332626576736,-0.39668328601667,0.691601026936625,-5.12176341224988,3.39751900286801,1
"edge_4_48","fixed","cond",NA,"Dx.StatusCELIAC:onset_timeline_combinedt0-over42",1.71103916084663,2.06309528371784,0.82935537410721,0.406903345515453,-2.33255329191478,5.75463161360803,1
"edge_4_51","fixed","cond",NA,"(Intercept)",-1.35328100015541,3.80217221655897,-0.355923120541907,0.7218981404458,-8.80540160762983,6.098839607319,0.872052953658527
"edge_4_51","fixed","cond",NA,"Dx.StatusCELIAC",-1.75551625018132,2.2084225208367,-0.794918650583317,0.426660824475392,-6.0839448536684,2.57291235330577,1
"edge_4_51","fixed","cond",NA,"onset_timeline_combinedt0-6",-20.9512845792977,32082.8905841595,-0.00065303606370313,0.999478952644158,-62902.2613494711,62860.3587803125,1
"edge_4_51","fixed","cond",NA,"onset_timeline_combinedt0-12",-0.712789482003024,1.3626002182653,-0.523109766495166,0.60089786943603,-3.38343683512943,1.95785787112338,1
"edge_4_51","fixed","cond",NA,"onset_timeline_combinedt0-18",-0.392245652409895,1.59973709887396,-0.245193821338515,0.80630636025662,-3.52767275093544,2.74318144611565,1
"edge_4_51","fixed","cond",NA,"onset_timeline_combinedt0-24",0.447236181558109,1.30787206619534,0.341957132595652,0.732383152827639,-2.11614596457074,3.01061832768696,1
"edge_4_51","fixed","cond",NA,"onset_timeline_combinedt0-30",0.338900584541375,1.39056196570154,0.243714838245557,0.807451680577657,-2.38655078650486,3.06435195558761,1
"edge_4_51","fixed","cond",NA,"onset_timeline_combinedt0-36",-0.514363391865103,1.38234456504832,-0.372094921100314,0.709822177663795,-3.2237089535845,2.1949821698543,1
"edge_4_51","fixed","cond",NA,"onset_timeline_combinedt0-over42",-1.05395673459465,1.33635556832795,-0.788679869021207,0.430299136735326,-3.67316551905699,1.56525204986769,1
"edge_4_51","fixed","cond",NA,"SexMale",-1.58847288231265,2.40773139311574,-0.659738410544658,0.509421713008153,-6.30753969726594,3.13059393264064,1
"edge_4_51","fixed","cond",NA,"Age.at.Gluten.Introduction..months.",-0.0554301546555694,0.377565114555655,-0.14680952375805,0.883282367269049,-0.795444181003393,0.684583871692254,0.99999417197145
"edge_4_51","fixed","cond",NA,"HLA.CategoryHigh Risk",-0.919437133188681,1.55232377454294,-0.592297269594673,0.553651543958351,-3.96193582363812,2.12306155726076,0.956307212291697
"edge_4_51","fixed","cond",NA,"HLA.CategoryLow/No Risk",-19.1805595157534,14630.2539656391,-0.00131102027078964,0.998953957466689,-28693.9514168427,28655.5902978112,1
"edge_4_51","fixed","cond",NA,"feeding_first_yearFormula",0.628012286536936,2.10203225782237,0.298764343030366,0.765119859124765,-3.49189523313632,4.74791980621019,1
"edge_4_51","fixed","cond",NA,"feeding_first_yearBreastmilk_and_formula",-2.48488058758652,1.9032014478333,-1.30563193424187,0.191677755084723,-6.21508688066426,1.24532570549123,0.822255833681735
"edge_4_51","fixed","cond",NA,"Delivery.ModeC-Section",20.4585545536949,14630.254426869,0.0013983731216678,0.998884260039608,-28654.3132067671,28695.2303158745,1
"edge_4_51","fixed","cond",NA,"Dx.StatusCELIAC:onset_timeline_combinedt0-6",-1.36707470861681,362047.195640829,-3.7759571820383e-06,0.999996987222062,-709600.83123446,709598.097085043,1
"edge_4_51","fixed","cond",NA,"Dx.StatusCELIAC:onset_timeline_combinedt0-12",0.724228028360084,2.33928923824937,0.309593194598744,0.756870332124283,-3.86069462803082,5.30915068475099,1
"edge_4_51","fixed","cond",NA,"Dx.StatusCELIAC:onset_timeline_combinedt0-18",2.84679054480794,2.71572780127326,1.04826063329073,0.294518541736766,-2.47593813750179,8.16951922711767,1
"edge_4_51","fixed","cond",NA,"Dx.StatusCELIAC:onset_timeline_combinedt0-24",-0.344523229361912,2.33824191583868,-0.14734285063842,0.88286141163176,-4.92739317154766,4.23834671282383,1
"edge_4_51","fixed","cond",NA,"Dx.StatusCELIAC:onset_timeline_combinedt0-30",0.417233800143114,2.51338140532668,0.166004968151216,0.868153040404307,-4.50890323370984,5.34337083399607,1
"edge_4_51","fixed","cond",NA,"Dx.StatusCELIAC:onset_timeline_combinedt0-36",0.617112585927387,2.37773523602743,0.259537974025409,0.795220186459799,-4.04316284145822,5.277388013313,1
"edge_4_51","fixed","cond",NA,"Dx.StatusCELIAC:onset_timeline_combinedt0-over42",1.51149652358895,2.1118162699263,0.715732966505505,0.47415625074512,-2.62758730743233,5.65058035461022,1
"edge_4_52","fixed","cond",NA,"(Intercept)",-4.79540742391544,5.38435198946787,-0.890619230186949,0.373133479077811,-15.348543403359,5.75772855552816,0.545823290623167
"edge_4_52","fixed","cond",NA,"Dx.StatusCELIAC",0.254297000050267,2.80619217489924,0.0906199519494411,0.927794577797532,-5.24573859645037,5.7543325965509,1
"edge_4_52","fixed","cond",NA,"onset_timeline_combinedt0-6",-16.4062044459123,11934.855988941,-0.00137464620110326,0.998903191365004,-23408.2941034425,23375.4816945506,1
"edge_4_52","fixed","cond",NA,"onset_timeline_combinedt0-12",0.134047169731807,1.75828188776167,0.0762375877638435,0.939230078980658,-3.31212200495016,3.58021634441377,1
"edge_4_52","fixed","cond",NA,"onset_timeline_combinedt0-18",2.00306738700568,2.03819311222476,0.982766242801824,0.325722499607035,-1.99171770649245,5.99785248050381,1
"edge_4_52","fixed","cond",NA,"onset_timeline_combinedt0-24",1.3334763808576,1.6217087822089,0.822266238850418,0.410925386992511,-1.84501442568415,4.51196718739936,1
"edge_4_52","fixed","cond",NA,"onset_timeline_combinedt0-30",2.20906099085144,1.75106133822513,1.26155545932533,0.207108791957362,-1.22295616679033,5.64107814849321,0.93682885018708
"edge_4_52","fixed","cond",NA,"onset_timeline_combinedt0-36",1.33345590806618,1.62170951562504,0.822253242777718,0.410932781964575,-1.84503633594481,4.51194815207716,0.671278071363203
"edge_4_52","fixed","cond",NA,"onset_timeline_combinedt0-over42",0.419067581438899,1.509975003997,0.277532793807581,0.781371028571194,-2.54042904395093,3.37856420682873,1
"edge_4_52","fixed","cond",NA,"SexMale",-1.247161617685,3.13834366015009,-0.39739485306251,0.691076310359888,-7.39820216268878,4.90387892731877,1
"edge_4_52","fixed","cond",NA,"Age.at.Gluten.Introduction..months.",0.0228546424390894,0.471166202224215,0.0485065404335041,0.961312552067252,-0.900614144652887,0.946323429531066,0.99999417197145
"edge_4_52","fixed","cond",NA,"HLA.CategoryHigh Risk",-0.453985552728418,2.08952882018406,-0.217266949535747,0.82800031233738,-4.54938678494764,3.6414156794908,0.992982795983933
"edge_4_52","fixed","cond",NA,"HLA.CategoryLow/No Risk",-27.6213640319211,1177152.44913038,-2.34645597962493e-05,0.999981277990014,-2307204.02597269,2307148.78324463,1
"edge_4_52","fixed","cond",NA,"feeding_first_yearFormula",-2.21774236421127,2.98993248829486,-0.741736602044827,0.458246938736116,-8.07790235747542,3.64241762905289,1
"edge_4_52","fixed","cond",NA,"feeding_first_yearBreastmilk_and_formula",-2.89046647616479,2.35115129626152,-1.22938344323516,0.218928074932859,-7.49863833904203,1.71770538671245,0.822255833681735
"edge_4_52","fixed","cond",NA,"Delivery.ModeC-Section",30.8892258017121,1177152.44913753,2.62406333388201e-05,0.999979063003796,-2307145.51539688,2307207.29384848,1
"edge_4_52","fixed","cond",NA,"Dx.StatusCELIAC:onset_timeline_combinedt0-6",-1.96268577705944,68514.4528338004,-2.86463030190206e-05,0.9999771435571,-134287.822660494,134283.89728894,1
"edge_4_52","fixed","cond",NA,"Dx.StatusCELIAC:onset_timeline_combinedt0-12",-30.0410074274352,1819485.13845784,-1.65107187700898e-05,0.999986826352406,-3566155.38279067,3566095.30077582,1
"edge_4_52","fixed","cond",NA,"Dx.StatusCELIAC:onset_timeline_combinedt0-18",0.910863386924789,3.29281117764224,0.276621809689372,0.782070516238769,-5.54292792914493,7.36465470299451,1
"edge_4_52","fixed","cond",NA,"Dx.StatusCELIAC:onset_timeline_combinedt0-24",-32.0330439768874,2712264.08741353,-1.18104443168124e-05,0.999990576628824,-5315971.96093588,5315907.89484793,1
"edge_4_52","fixed","cond",NA,"Dx.StatusCELIAC:onset_timeline_combinedt0-30",-1.45649207980304,2.8497847123165,-0.511088459948647,0.60928911619938,-7.04196747963621,4.12898332003013,1
"edge_4_52","fixed","cond",NA,"Dx.StatusCELIAC:onset_timeline_combinedt0-36",-1.28785265657847,2.62147013743484,-0.491271152849622,0.623234679946015,-6.42583971249801,3.85013439934108,1
"edge_4_52","fixed","cond",NA,"Dx.StatusCELIAC:onset_timeline_combinedt0-over42",0.751772403692585,2.33163814590403,0.322422415765164,0.747132704860615,-3.81815438725905,5.32169919464422,1
"edge_4_53","fixed","cond",NA,"(Intercept)",-2.97348702349401,3.88343830820184,-0.765684114825256,0.443864281211205,-10.5848862437528,4.63791219676474,0.596903874813491
"edge_4_53","fixed","cond",NA,"Dx.StatusCELIAC",-0.997979617997523,2.16008297286256,-0.462009853572888,0.644074254279441,-5.23166444842636,3.23570521243131,1
"edge_4_53","fixed","cond",NA,"onset_timeline_combinedt0-6",-17.8721892290523,12715.6110014188,-0.00140553129747821,0.998878548647258,-24940.0117934311,24904.267414973,1
"edge_4_53","fixed","cond",NA,"onset_timeline_combinedt0-12",-0.91443161833151,1.55181511419336,-0.589265828105324,0.555682964300473,-3.95593335281541,2.12707011615239,1
"edge_4_53","fixed","cond",NA,"onset_timeline_combinedt0-18",0.302541642012367,1.6806224558358,0.180017612499357,0.857138741299128,-2.99141784303506,3.59650112705979,1
"edge_4_53","fixed","cond",NA,"onset_timeline_combinedt0-24",-0.947859989509821,1.5455586185203,-0.613279870560519,0.539691300915161,-3.97709921780508,2.08137923878544,1
"edge_4_53","fixed","cond",NA,"onset_timeline_combinedt0-30",1.68861322709107,1.41219178901588,1.19573930412655,0.231798308277288,-1.07923181864323,4.45645827282538,0.93682885018708
"edge_4_53","fixed","cond",NA,"onset_timeline_combinedt0-36",-0.947858735735674,1.54555832435502,-0.613279176074593,0.539691760041149,-3.97709738747758,2.08137991600624,0.82640300756301
"edge_4_53","fixed","cond",NA,"onset_timeline_combinedt0-over42",-0.259127369846709,1.32422064774529,-0.195682925113664,0.844858349817561,-2.85455214701178,2.33629740731836,1
"edge_4_53","fixed","cond",NA,"SexMale",-1.6391726095642,2.53300777391432,-0.647124981788407,0.517551058204405,-6.60377661899625,3.32543139986785,1
"edge_4_53","fixed","cond",NA,"Age.at.Gluten.Introduction..months.",0.0305892960167634,0.375461817194348,0.0814711233364368,0.935067288758588,-0.705302343254119,0.766480935287646,0.99999417197145
"edge_4_53","fixed","cond",NA,"HLA.CategoryHigh Risk",-0.0465365528309731,1.5577889893305,-0.0298734637038186,0.976167969297763,-3.09974686743181,3.00667376176986,1
"edge_4_53","fixed","cond",NA,"HLA.CategoryLow/No Risk",-20.3490209585938,28115.1316291105,-0.000723774699938602,0.999422511391839,-55124.9944346182,55084.296392701,1
"edge_4_53","fixed","cond",NA,"feeding_first_yearFormula",-0.556896864042931,2.18167098210114,-0.255261617637042,0.79852104284119,-4.8328934150773,3.71909968699143,1
"edge_4_53","fixed","cond",NA,"feeding_first_yearBreastmilk_and_formula",-2.2007804596061,1.82873559724249,-1.20344376897601,0.228804639002373,-5.78503636744773,1.38347544823553,0.822255833681735
"edge_4_53","fixed","cond",NA,"Delivery.ModeC-Section",21.6988909567697,28115.1316084767,0.0007717869245267,0.999384203189824,-55082.9464822613,55126.3442641748,1
"edge_4_53","fixed","cond",NA,"Dx.StatusCELIAC:onset_timeline_combinedt0-6",-2.36037683670286,118329.87050227,-1.99474302362022e-05,0.999984084253388,-231924.644856574,231919.9241029,1
"edge_4_53","fixed","cond",NA,"Dx.StatusCELIAC:onset_timeline_combinedt0-12",0.93439356766754,2.40948783758292,0.387797586313977,0.69816583186424,-3.78811581518228,5.65690295051736,1
"edge_4_53","fixed","cond",NA,"Dx.StatusCELIAC:onset_timeline_combinedt0-18",1.95193949305156,2.72372547071515,0.716643257199874,0.47359424621104,-3.38646433332453,7.29034331942766,1
"edge_4_53","fixed","cond",NA,"Dx.StatusCELIAC:onset_timeline_combinedt0-24",1.03971558589855,2.42141134975323,0.429384121786872,0.667643707054661,-3.70616345137429,5.7855946231714,1
"edge_4_53","fixed","cond",NA,"Dx.StatusCELIAC:onset_timeline_combinedt0-30",-29.0524801447088,677632.363896267,-4.28735132685548e-05,0.999965791885706,-1328164.08047557,1328105.97551528,1
"edge_4_53","fixed","cond",NA,"Dx.StatusCELIAC:onset_timeline_combinedt0-36",1.0397132153911,2.42141130416683,0.429383150893008,0.66764441349634,-3.70616573253405,5.78559216331625,1
"edge_4_53","fixed","cond",NA,"Dx.StatusCELIAC:onset_timeline_combinedt0-over42",0.745376551290575,2.07616945262946,0.359015277075076,0.719583660676772,-3.3238408016654,4.81459390424655,1
"edge_4_54","fixed","cond",NA,"(Intercept)",-4.06520936828175,3.08408832276817,-1.31812352398292,0.187462300882377,-10.1099114060479,1.9794926694844,0.349466758435048
"edge_4_54","fixed","cond",NA,"Dx.StatusCELIAC",0.356701187626505,1.91941020557907,0.185838955419584,0.852571054611396,-3.4052736868671,4.11867606212011,1
"edge_4_54","fixed","cond",NA,"onset_timeline_combinedt0-6",-17.333464918819,14225.6001072213,-0.00121846985632754,0.999027801954398,-27898.9973335417,27864.330403704,1
"edge_4_54","fixed","cond",NA,"onset_timeline_combinedt0-12",0.182059160210388,1.63722593095918,0.111199778092769,0.911457927598815,-3.02684469902467,3.39096301944545,1
"edge_4_54","fixed","cond",NA,"onset_timeline_combinedt0-18",2.67593628841909,1.69872655848596,1.57526017065636,0.11519640346928,-0.653506585795063,6.00537916263324,1
"edge_4_54","fixed","cond",NA,"onset_timeline_combinedt0-24",0.15399971059379,1.63122463073449,0.0944074210824344,0.924785520965654,-3.04314181634046,3.35114123752804,1
"edge_4_54","fixed","cond",NA,"onset_timeline_combinedt0-30",0.627410978803583,1.67791039874444,0.373924006474402,0.708460855313634,-2.66123297202076,3.91605492962793,1
"edge_4_54","fixed","cond",NA,"onset_timeline_combinedt0-36",1.92391522260943,1.43089721133969,1.34455166126723,0.178770062547243,-0.880591777195167,4.72842222241403,0.442358294651341
"edge_4_54","fixed","cond",NA,"onset_timeline_combinedt0-over42",0.0636830800479691,1.49168807672118,0.0426919548676346,0.965947092809886,-2.85997182649336,2.98733798658929,1
"edge_4_54","fixed","cond",NA,"SexMale",-1.94358944722047,1.9775424232881,-0.982830721774769,0.325690758855624,-5.81950137476522,1.93232248032427,1
"edge_4_54","fixed","cond",NA,"Age.at.Gluten.Introduction..months.",0.103358796121821,0.287583919599071,0.359403948127267,0.719292921597349,-0.46029532882522,0.667012921068861,0.99999417197145
"edge_4_54","fixed","cond",NA,"HLA.CategoryHigh Risk",-0.210010841337344,1.16194485377203,-0.180740799062524,0.856571033114896,-2.48738090675218,2.06735922407749,0.992982795983933
"edge_4_54","fixed","cond",NA,"HLA.CategoryLow/No Risk",-32.956499095851,2000803.19026016,-1.64716346196778e-05,0.999986857537046,-3921535.14956184,3921469.23656365,1
"edge_4_54","fixed","cond",NA,"feeding_first_yearFormula",-0.425047587209218,1.67086434352637,-0.254387849531909,0.799195936954707,-3.69988152357307,2.84978634915463,1
"edge_4_54","fixed","cond",NA,"feeding_first_yearBreastmilk_and_formula",-1.32195204008077,1.28180518583692,-1.03132055844948,0.302390520668066,-3.83424403951781,1.19033995935626,0.822255833681735
"edge_4_54","fixed","cond",NA,"Delivery.ModeC-Section",33.8082797249444,2000803.19025942,1.68973539674139e-05,0.999986517862152,-3921468.38478158,3921536.00134103,1
"edge_4_54","fixed","cond",NA,"Dx.StatusCELIAC:onset_timeline_combinedt0-6",-3.54210826901985,110543.653259725,-3.20426199475927e-05,0.99997443368826,-216665.121216815,216658.037000276,1
"edge_4_54","fixed","cond",NA,"Dx.StatusCELIAC:onset_timeline_combinedt0-12",0.951629856519133,2.23608310063717,0.425578931412686,0.670414695093166,-3.43101248716837,5.33427220020664,1
"edge_4_54","fixed","cond",NA,"Dx.StatusCELIAC:onset_timeline_combinedt0-18",-1.17040885219295,2.42259496474874,-0.483121970128561,0.629009135265182,-5.91860773222856,3.57779002784267,1
"edge_4_54","fixed","cond",NA,"Dx.StatusCELIAC:onset_timeline_combinedt0-24",-0.00410725843469005,2.36229788745919,-0.00173867083253742,0.998612742085341,-4.63412603860975,4.62591152174037,1
"edge_4_54","fixed","cond",NA,"Dx.StatusCELIAC:onset_timeline_combinedt0-30",-27.8742970298461,771845.340041039,-3.61138372984982e-05,0.999971185326794,-1512816.94241254,1512761.19381848,1
"edge_4_54","fixed","cond",NA,"Dx.StatusCELIAC:onset_timeline_combinedt0-36",-1.77403889528763,2.23356610906903,-0.794262989613083,0.427042345208962,-6.15174802615219,2.60367023557693,1
"edge_4_54","fixed","cond",NA,"Dx.StatusCELIAC:onset_timeline_combinedt0-over42",1.21412336626325,2.09457046678393,0.5796526712837,0.562148865940448,-2.8911593117145,5.31940604424101,1
"edge_4_55","fixed","cond",NA,"(Intercept)",-1.63855279004332,1.8505981868219,-0.885417916061654,0.375931273011983,-5.26565858606937,1.98855300598273,0.545823290623167
"edge_4_55","fixed","cond",NA,"Dx.StatusCELIAC",-0.302232891673998,1.40251021384831,-0.215494253581733,0.829381991806512,-3.05110239876626,2.44663661541826,1
"edge_4_55","fixed","cond",NA,"onset_timeline_combinedt0-6",-21.7918484805978,68642.7863483359,-0.000317467422869644,0.999746697648989,-134559.180889697,134515.597192735,1
"edge_4_55","fixed","cond",NA,"onset_timeline_combinedt0-12",-25.403711047877,203720.553692071,-0.000124698812110414,0.999900504743324,-399310.351858065,399259.54443597,1
"edge_4_55","fixed","cond",NA,"onset_timeline_combinedt0-18",0.259769415616612,1.44540041825283,0.1797214199859,0.857371276531028,-2.57316334739806,3.09270217863129,1
"edge_4_55","fixed","cond",NA,"onset_timeline_combinedt0-24",-0.610695904600274,1.37522125739916,-0.444071018619382,0.656991238942217,-3.30608003987652,2.08468823067597,1
"edge_4_55","fixed","cond",NA,"onset_timeline_combinedt0-30",-0.0213392420322527,1.37339204585443,-0.015537618771468,0.987603272670632,-2.71313818856073,2.67045970449622,1
"edge_4_55","fixed","cond",NA,"onset_timeline_combinedt0-36",-0.610706201677967,1.37522452498137,-0.444077451052031,0.656986588508541,-3.30609674129765,2.08468433794172,0.995639469183046
"edge_4_55","fixed","cond",NA,"onset_timeline_combinedt0-over42",-0.97550948133223,1.26614279811008,-0.770457710448089,0.44102843149766,-3.45710376491276,1.5060848022483,1
"edge_4_55","fixed","cond",NA,"SexMale",-0.952292589670178,1.25712680895103,-0.757515139196488,0.448741299382705,-3.41621585921397,1.51163067987361,1
"edge_4_55","fixed","cond",NA,"Age.at.Gluten.Introduction..months.",0.00305504088743935,0.181058015527455,0.0168732705842349,0.986537716715252,-0.351812148658666,0.357922230433545,0.99999417197145
"edge_4_55","fixed","cond",NA,"HLA.CategoryHigh Risk",-0.798487178421467,0.784196809250843,-1.01822293715308,0.308572021354935,-2.33548468134435,0.738510324501412,0.897818889762746
"edge_4_55","fixed","cond",NA,"HLA.CategoryLow/No Risk",-26.2270283847708,303549.187571684,-8.64012471737459e-05,0.999931061778932,-594971.702205278,594919.248148508,1
"edge_4_55","fixed","cond",NA,"feeding_first_yearFormula",0.398125385369829,1.06102187853986,0.375228252519839,0.707490720196447,-1.68143928337733,2.47769005411699,1
"edge_4_55","fixed","cond",NA,"feeding_first_yearBreastmilk_and_formula",-0.904534667844033,0.840373555249945,-1.07634832413903,0.281771504133688,-2.55163656969381,0.74256723400574,0.822255833681735
"edge_4_55","fixed","cond",NA,"Delivery.ModeC-Section",27.0626016483886,303549.187567168,8.91539254816824e-05,0.999928865459417,-594918.412566395,594972.537769692,1
"edge_4_55","fixed","cond",NA,"Dx.StatusCELIAC:onset_timeline_combinedt0-6",-4.97210194018644,1264931.21603736,-3.9307290998498e-06,0.999996863731939,-2479224.59845562,2479214.65425174,1
"edge_4_55","fixed","cond",NA,"Dx.StatusCELIAC:onset_timeline_combinedt0-12",25.4668453684301,203720.553697682,0.000125008718591166,0.99990025747373,-399259.481312647,399310.415003384,1
"edge_4_55","fixed","cond",NA,"Dx.StatusCELIAC:onset_timeline_combinedt0-18",0.51397034926759,2.12272652424013,0.242127444773686,0.808681412938949,-3.64649718727095,4.67443788580613,1
"edge_4_55","fixed","cond",NA,"Dx.StatusCELIAC:onset_timeline_combinedt0-24",-18.5974776520128,16055.5284517503,-0.00115832236278622,0.99907579267697,-31486.8549958408,31449.6600405367,1
"edge_4_55","fixed","cond",NA,"Dx.StatusCELIAC:onset_timeline_combinedt0-30",-21.7041271045958,60787.2404949713,-0.000357050705507701,0.999715114760705,-119162.506216823,119119.097962614,1
"edge_4_55","fixed","cond",NA,"Dx.StatusCELIAC:onset_timeline_combinedt0-36",0.947322725625868,2.05429685028964,0.461142081531353,0.644696672029359,-3.0790251144959,4.97367056574763,1
"edge_4_55","fixed","cond",NA,"Dx.StatusCELIAC:onset_timeline_combinedt0-over42",2.18970790264999,1.81526320208723,1.20627570708877,0.227711201258209,-1.36814259590183,5.74755840120182,1
"edge_4_56","fixed","cond",NA,"(Intercept)",-3.68083198668217,3.97412523801704,-0.926199293235859,0.354342419783607,-11.4699743232472,4.10831034988289,0.529759459280442
"edge_4_56","fixed","cond",NA,"Dx.StatusCELIAC",0.170214190672314,2.31117975538398,0.0736481834767693,0.941290330342691,-4.35961489167837,4.700043273023,1
"edge_4_56","fixed","cond",NA,"onset_timeline_combinedt0-6",-17.7187883296516,17256.7171220914,-0.00102677631001836,0.99918075117879,-33840.2628390244,33804.8252623651,1
"edge_4_56","fixed","cond",NA,"onset_timeline_combinedt0-12",0.209003639492205,1.68957730569321,0.123701732254538,0.90155144005633,-3.10250702876271,3.52051430774712,1
"edge_4_56","fixed","cond",NA,"onset_timeline_combinedt0-18",1.69290423869685,1.88411405020253,0.898514736151391,0.368911192530474,-1.99989144246599,5.38569991985969,1
"edge_4_56","fixed","cond",NA,"onset_timeline_combinedt0-24",0.110632115830343,1.67012007940806,0.0662420128914045,0.947185148757809,-3.16274308966664,3.38400732132732,1
"edge_4_56","fixed","cond",NA,"onset_timeline_combinedt0-30",0.69519864647493,1.72943835565224,0.401979431185185,0.687699163952711,-2.69443824408563,4.08483553703549,1
"edge_4_56","fixed","cond",NA,"onset_timeline_combinedt0-36",1.21260453695211,1.52074208923237,0.797376850116773,0.425232199937203,-1.76799518771754,4.19320426162175,0.671278071363203
"edge_4_56","fixed","cond",NA,"onset_timeline_combinedt0-over42",-0.186884819142689,1.5108023585668,-0.123699051754178,0.901553562485426,-3.14800302969178,2.7742333914064,1
"edge_4_56","fixed","cond",NA,"SexMale",-1.23644366506415,2.49397692704491,-0.495771894140657,0.620055356642929,-6.12454862034604,3.65166129021775,1
"edge_4_56","fixed","cond",NA,"Age.at.Gluten.Introduction..months.",0.0426939912381967,0.370618888037744,0.115196479769938,0.908289388839596,-0.683705681306063,0.769093663782457,0.99999417197145
"edge_4_56","fixed","cond",NA,"HLA.CategoryHigh Risk",-0.679888035394132,1.57781169595794,-0.430905688641982,0.666536946998662,-3.77234213385776,2.4125660630695,0.992982795983933
"edge_4_56","fixed","cond",NA,"HLA.CategoryLow/No Risk",-27.9256860140112,866376.24135429,-3.2232746791808e-05,0.999974281988987,-1698094.1558016,1698038.30442958,1
"edge_4_56","fixed","cond",NA,"feeding_first_yearFormula",-1.91356096448185,2.53177382547676,-0.755818290412063,0.4497581489745,-6.87574647941749,3.04862455045379,1
"edge_4_56","fixed","cond",NA,"feeding_first_yearBreastmilk_and_formula",-2.52500397191347,1.87721088822502,-1.34508274363408,0.178598515230396,-6.20426970422095,1.15426176039401,0.822255833681735
"edge_4_56","fixed","cond",NA,"Delivery.ModeC-Section",30.3345734992698,866376.241347188,3.50131640868874e-05,0.999972063536956,-1698035.89552817,1698096.56467517,1
"edge_4_56","fixed","cond",NA,"Dx.StatusCELIAC:onset_timeline_combinedt0-6",-2.68652818685109,116198.891239165,-2.31200845223349e-05,0.999981552841517,-227748.328400437,227742.955344063,1
"edge_4_56","fixed","cond",NA,"Dx.StatusCELIAC:onset_timeline_combinedt0-12",-28.3255297609303,801670.026846005,-3.53331530584609e-05,0.999971808222696,-1571272.70563319,1571216.05457367,1
"edge_4_56","fixed","cond",NA,"Dx.StatusCELIAC:onset_timeline_combinedt0-18",0.466458747678989,2.84446119436994,0.163988437811088,0.869740245880382,-5.10858274870788,6.04150024406586,1
"edge_4_56","fixed","cond",NA,"Dx.StatusCELIAC:onset_timeline_combinedt0-24",-0.00420490903415161,2.57039188744143,-0.0016359019240203,0.998694739694021,-5.04208043457328,5.03367061650498,1
"edge_4_56","fixed","cond",NA,"Dx.StatusCELIAC:onset_timeline_combinedt0-30",-31.4836821678418,3225117.58918553,-9.76202612686526e-06,0.999992211030071,-6321145.80439244,6321082.83702811,1
"edge_4_56","fixed","cond",NA,"Dx.StatusCELIAC:onset_timeline_combinedt0-36",-1.10619336517959,2.48093500636275,-0.445877607572381,0.655685658167924,-5.96873662563523,3.75634989527604,1
"edge_4_56","fixed","cond",NA,"Dx.StatusCELIAC:onset_timeline_combinedt0-over42",1.58969379898453,2.26586677486069,0.7015830836225,0.482939204269973,-2.85132347350835,6.03071107147742,1
"edge_4_57","fixed","cond",NA,"(Intercept)",-3.31235728637686,4.0098247696959,-0.826060358400166,0.408769853475113,-11.1714694192974,4.54675484654372,0.561129526134019
"edge_4_57","fixed","cond",NA,"Dx.StatusCELIAC",0.388605127501278,2.24226239537928,0.173309389794028,0.862408243388613,-4.00614841133063,4.78335866633318,1
"edge_4_57","fixed","cond",NA,"onset_timeline_combinedt0-6",-16.497767587689,10748.0510281778,-0.0015349543414371,0.998775284110352,-21082.2906868149,21049.2951516395,1
"edge_4_57","fixed","cond",NA,"onset_timeline_combinedt0-12",-25.6793686858857,310586.181519149,-8.26803322681067e-05,0.999934030639476,-608763.409242037,608712.050504665,1
"edge_4_57","fixed","cond",NA,"onset_timeline_combinedt0-18",2.15807300963608,2.00888440900283,1.07426440265287,0.282704194722697,-1.77926808111349,6.09541410038565,1
"edge_4_57","fixed","cond",NA,"onset_timeline_combinedt0-24",0.0888286784508041,1.72589931203256,0.051468053687438,0.958952557563699,-3.29387181407547,3.47152917097708,1
"edge_4_57","fixed","cond",NA,"onset_timeline_combinedt0-30",0.888413844497896,1.7961843642741,0.494611723700722,0.620874225008796,-2.6320428190733,4.4088705080691,1
"edge_4_57","fixed","cond",NA,"onset_timeline_combinedt0-36",1.25945611352279,1.57435448445264,0.799982549013203,0.423720908044295,-1.82622197490351,4.34513420194908,0.671278071363203
"edge_4_57","fixed","cond",NA,"onset_timeline_combinedt0-over42",-0.504839241094002,1.54791679340131,-0.326141071177795,0.744317624068038,-3.5387004072253,2.5290219250373,1
"edge_4_57","fixed","cond",NA,"SexMale",-0.766971564777405,2.23721914623064,-0.342823619255016,0.731731155966304,-5.1518405169129,3.61789738735809,1
"edge_4_57","fixed","cond",NA,"Age.at.Gluten.Introduction..months.",-0.0433816934816799,0.356984554460491,-0.121522606341449,0.90327711012306,-0.743058563261319,0.656295176297959,0.99999417197145
"edge_4_57","fixed","cond",NA,"HLA.CategoryHigh Risk",-0.411596782151279,1.53299105541776,-0.26849261820325,0.788320156171924,-3.41620403939214,2.59301047508958,0.992982795983933
"edge_4_57","fixed","cond",NA,"HLA.CategoryLow/No Risk",-27.3048322944797,857513.308894551,-3.18418758184398e-05,0.999974593858902,-1680722.50652938,1680667.8968648,1
"edge_4_57","fixed","cond",NA,"feeding_first_yearFormula",-1.86903849754054,2.46803917570472,-0.757296932698345,0.448871988133561,-6.70630639435571,2.96822939927464,1
"edge_4_57","fixed","cond",NA,"feeding_first_yearBreastmilk_and_formula",-2.00943636457568,1.82709965460549,-1.0997957114767,0.271421141292962,-5.59048588376801,1.57161315461665,0.822255833681735
"edge_4_57","fixed","cond",NA,"Delivery.ModeC-Section",30.5818537332697,857513.308901013,3.56634158511934e-05,0.999971544711113,-1680664.61985602,1680725.78356349,1
"edge_4_57","fixed","cond",NA,"Dx.StatusCELIAC:onset_timeline_combinedt0-6",-3.4734252867782,84270.1945883197,-4.12177200224436e-05,0.999967113017572,-165170.019788575,165163.072938002,1
"edge_4_57","fixed","cond",NA,"Dx.StatusCELIAC:onset_timeline_combinedt0-12",25.7101671332841,310586.181524026,8.27794945902809e-05,0.999933951519391,-608712.019715777,608763.440050043,1
"edge_4_57","fixed","cond",NA,"Dx.StatusCELIAC:onset_timeline_combinedt0-18",-0.177924737437962,2.76275374293959,-0.0644012293504845,0.948650751180704,-5.59282257175278,5.23697309687686,1
"edge_4_57","fixed","cond",NA,"Dx.StatusCELIAC:onset_timeline_combinedt0-24",-26.2322570752849,378026.69227586,-6.93926053669837e-05,0.999944632711588,-740944.934312566,740892.469798415,1
"edge_4_57","fixed","cond",NA,"Dx.StatusCELIAC:onset_timeline_combinedt0-30",-27.9254147742368,834422.766580832,-3.34667459861686e-05,0.999973297400082,-1635466.49579348,1635410.64496393,1
"edge_4_57","fixed","cond",NA,"Dx.StatusCELIAC:onset_timeline_combinedt0-36",-1.15238920167287,2.38112855696657,-0.483967654035846,0.628408825084394,-5.81931541588718,3.51453701254144,1
"edge_4_57","fixed","cond",NA,"Dx.StatusCELIAC:onset_timeline_combinedt0-over42",0.68617955233741,2.18351873924492,0.314254024938983,0.753328113439333,-3.59343853615094,4.96579764082576,1
"edge_4_58","fixed","cond",NA,"(Intercept)",-2.90943099911164,4.43888738131345,-0.655441499002561,0.512183540112447,-11.6094903979153,5.79062839969203,0.661023201341706
"edge_4_58","fixed","cond",NA,"Dx.StatusCELIAC",1.66198311382111,2.36819421855218,0.701793417449175,0.482808004468238,-2.97959226293713,6.30355849057935,1
"edge_4_58","fixed","cond",NA,"onset_timeline_combinedt0-6",3.55417589112326,2.32155661481936,1.53094517206069,0.125782943781801,-0.995991461993404,8.10434324423993,1
"edge_4_58","fixed","cond",NA,"onset_timeline_combinedt0-12",1.32662252666665,1.64229048636191,0.80778798737698,0.419212641578533,-1.89220767875546,4.54545273208876,1
"edge_4_58","fixed","cond",NA,"onset_timeline_combinedt0-18",1.84783276605381,1.95086193851082,0.947187870949162,0.343543054798268,-1.97578637223738,5.67145190434501,1
"edge_4_58","fixed","cond",NA,"onset_timeline_combinedt0-24",1.44294630480207,1.66335524768321,0.867491359294334,0.38567284411463,-1.81717007415272,4.70306268375686,1
"edge_4_58","fixed","cond",NA,"onset_timeline_combinedt0-30",2.44159163665105,1.75262225269359,1.39310774634898,0.163587210995499,-0.993484857131848,5.87666813043394,0.896700267679031
"edge_4_58","fixed","cond",NA,"onset_timeline_combinedt0-36",1.44295222631457,1.66335506591615,0.867495014072543,0.385670842464625,-1.81716379638334,4.70306824901247,0.671278071363203
"edge_4_58","fixed","cond",NA,"onset_timeline_combinedt0-over42",0.157760810115512,1.53735972893412,0.102618019157358,0.91826614112056,-2.85540888987762,3.17093051010865,1
"edge_4_58","fixed","cond",NA,"SexMale",0.447569059217173,2.13719684727957,0.2094187345386,0.834121368949417,-3.74125978932334,4.63639790775768,1
"edge_4_58","fixed","cond",NA,"Age.at.Gluten.Introduction..months.",-0.216876575426939,0.411382416375043,-0.527189706691838,0.598061855981757,-1.02317129539508,0.589418144541206,0.974508555812319
"edge_4_58","fixed","cond",NA,"HLA.CategoryHigh Risk",-0.975579596052861,1.70334033575355,-0.57274496210487,0.566817389378008,-4.31406530754417,2.36290611543845,0.961585383197743
"edge_4_58","fixed","cond",NA,"HLA.CategoryLow/No Risk",-20.3710435302495,14623.2187609095,-0.00139306153202775,0.998888498070847,-28681.3531529632,28640.6110659027,1
"edge_4_58","fixed","cond",NA,"feeding_first_yearFormula",0.512267006801468,2.4026892079422,0.213205688487776,0.831166531502815,-4.19691730680832,5.22145132041126,1
"edge_4_58","fixed","cond",NA,"feeding_first_yearBreastmilk_and_formula",-2.79517893628981,2.04643078348049,-1.36588002821961,0.171976622283411,-6.80610956876566,1.21575169618604,0.822255833681735
"edge_4_58","fixed","cond",NA,"Delivery.ModeC-Section",23.4331072990886,14623.2194165455,0.00160245884518255,0.998721423375311,-28637.5502871569,28684.4165017551,1
"edge_4_58","fixed","cond",NA,"Dx.StatusCELIAC:onset_timeline_combinedt0-6",-21.4444365280404,26504.032452695,-0.000809100900638987,0.999354430953685,-51968.393488891,51925.5046158349,1
"edge_4_58","fixed","cond",NA,"Dx.StatusCELIAC:onset_timeline_combinedt0-12",-2.72172861641327,2.4097986929309,-1.12944231582389,0.258711290524075,-7.44484726454953,2.00139003172299,1
"edge_4_58","fixed","cond",NA,"Dx.StatusCELIAC:onset_timeline_combinedt0-18",-0.164941194759729,2.74851281691577,-0.0600110698937243,0.952146818081617,-5.55192732696136,5.22204493744191,1
"edge_4_58","fixed","cond",NA,"Dx.StatusCELIAC:onset_timeline_combinedt0-24",-2.26151175423844,2.46064258980865,-0.919073645073463,0.358057053203909,-7.08428260908875,2.56125910061187,1
"edge_4_58","fixed","cond",NA,"Dx.StatusCELIAC:onset_timeline_combinedt0-30",-2.47426532611617,2.61874684054756,-0.944827994751419,0.344746697179901,-7.60691481821744,2.65838416598511,1
"edge_4_58","fixed","cond",NA,"Dx.StatusCELIAC:onset_timeline_combinedt0-36",-2.26152219188355,2.46064310864346,-0.919077693119957,0.358054936006956,-7.08429406363141,2.56124967986431,1
"edge_4_58","fixed","cond",NA,"Dx.StatusCELIAC:onset_timeline_combinedt0-over42",-0.0978850956515464,2.13430033461268,-0.0458628497892778,0.963419564575382,-4.28103688368418,4.08526669238108,1
"edge_4_59","fixed","cond",NA,"(Intercept)",-3.60771053392832,4.2072340762611,-0.857501738323635,0.391167654525796,-11.8537377979297,4.63831673007307,0.556008486054127
"edge_4_59","fixed","cond",NA,"Dx.StatusCELIAC",0.0300541864042472,2.37812418394816,0.0126377699731186,0.989916786859941,-4.63098356489785,4.69109193770634,1
"edge_4_59","fixed","cond",NA,"onset_timeline_combinedt0-6",-16.6973119975577,10553.6341822104,-0.00158213859882535,0.998737636565597,-20701.4402151408,20668.0455911457,1
"edge_4_59","fixed","cond",NA,"onset_timeline_combinedt0-12",0.20547737816819,1.69766787701553,0.12103508639712,0.903663244547759,-3.12189051849282,3.5328452748292,1
"edge_4_59","fixed","cond",NA,"onset_timeline_combinedt0-18",1.7293101766072,1.90146706016414,0.909461022405467,0.363106823381012,-1.99749677910377,5.45611713231816,1
"edge_4_59","fixed","cond",NA,"onset_timeline_combinedt0-24",0.105151597981049,1.67705753279312,0.0627000540678653,0.950005354340098,-3.18182076629507,3.39212396225716,1
"edge_4_59","fixed","cond",NA,"onset_timeline_combinedt0-30",0.696055968468678,1.73928771118788,0.400195990572078,0.689012167487615,-2.71288530421268,4.10499724115003,1
"edge_4_59","fixed","cond",NA,"onset_timeline_combinedt0-36",1.21952465509859,1.52942210940773,0.797376111929527,0.425232628527539,-1.77808759649983,4.21713690669701,0.671278071363203
"edge_4_59","fixed","cond",NA,"onset_timeline_combinedt0-over42",-0.195460591436218,1.51608485838266,-0.128924571969363,0.897417333306413,-3.16693231137275,2.77601112850031,1
"edge_4_59","fixed","cond",NA,"SexMale",-1.10633800244953,2.54201797860534,-0.435220368919858,0.663402479038592,-6.08860168856931,3.87592568367025,1
"edge_4_59","fixed","cond",NA,"Age.at.Gluten.Introduction..months.",0.0139398291572601,0.38559310285855,0.0361516558618887,0.97116143380042,-0.741808765132546,0.769688423447066,0.99999417197145
"edge_4_59","fixed","cond",NA,"HLA.CategoryHigh Risk",-0.535389491103008,1.65580715826381,-0.323340485895948,0.746437395977379,-3.78071188664369,2.70993290443767,0.992982795983933
"edge_4_59","fixed","cond",NA,"HLA.CategoryLow/No Risk",-25.5672518285718,380386.33929723,-6.72139064610148e-05,0.999946371061804,-745569.092485431,745517.957981774,1
"edge_4_59","fixed","cond",NA,"feeding_first_yearFormula",-2.14314914056366,2.59193939176363,-0.826851564266477,0.408321199422861,-7.22325699853103,2.93695871740371,1
"edge_4_59","fixed","cond",NA,"feeding_first_yearBreastmilk_and_formula",-2.5865121383888,1.97844579296485,-1.30734546662141,0.191095409179808,-6.46419463796468,1.29117036118709,0.822255833681735
"edge_4_59","fixed","cond",NA,"Delivery.ModeC-Section",28.3222655877793,380386.339309514,7.44565791694584e-05,0.999940592245085,-745515.202992093,745571.847523268,1
"edge_4_59","fixed","cond",NA,"Dx.StatusCELIAC:onset_timeline_combinedt0-6",-2.39248356607051,70866.1604403058,-3.37605925198364e-05,0.99997306294447,-138897.514669203,138892.72970207,1
"edge_4_59","fixed","cond",NA,"Dx.StatusCELIAC:onset_timeline_combinedt0-12",-0.190330731133263,2.53436955486142,-0.075099833316799,0.940135280445825,-5.15760378217645,4.77694231990992,1
"edge_4_59","fixed","cond",NA,"Dx.StatusCELIAC:onset_timeline_combinedt0-18",0.773370969765583,2.91478931006176,0.265326542503752,0.790757919057852,-4.93951110047782,6.48625304000899,1
"edge_4_59","fixed","cond",NA,"Dx.StatusCELIAC:onset_timeline_combinedt0-24",-26.7801573148222,429775.120379452,-6.23120232999478e-05,0.999950282198689,-842370.537552406,842316.977237776,1
"edge_4_59","fixed","cond",NA,"Dx.StatusCELIAC:onset_timeline_combinedt0-30",0.112681755897023,2.69543133023835,0.041804721431007,0.96665437114751,-5.17026657417103,5.39563008596507,1
"edge_4_59","fixed","cond",NA,"Dx.StatusCELIAC:onset_timeline_combinedt0-36",-1.14668757380236,2.44515615208801,-0.468962921988913,0.639096139098394,-5.93910556847139,3.64573042086667,1
"edge_4_59","fixed","cond",NA,"Dx.StatusCELIAC:onset_timeline_combinedt0-over42",0.520068624633722,2.22296458243714,0.23395272634688,0.815021679123631,-3.8368618958512,4.87699914511864,1
"edge_4_61","fixed","cond",NA,"(Intercept)",-4.148461054173,6.27794353501664,-0.660799357470171,0.508740994931831,-16.4530042797817,8.15608217143567,0.661023201341706
"edge_4_61","fixed","cond",NA,"Dx.StatusCELIAC",-1.02317428687003,3.02579126885594,-0.338150981332198,0.735249413401324,-6.95361619856343,4.90726762482337,1
"edge_4_61","fixed","cond",NA,"onset_timeline_combinedt0-6",-17.5010591854259,13334.6926963942,-0.00131244563214856,0.998952820193846,-26153.0184890274,26118.0163706565,1
"edge_4_61","fixed","cond",NA,"onset_timeline_combinedt0-12",-27.1913306129582,287753.207826977,-9.44953170749987e-05,0.99992460364555,-564013.115107357,563958.732446131,1
"edge_4_61","fixed","cond",NA,"onset_timeline_combinedt0-18",1.28277462206816,1.96360790345776,0.653274322133911,0.513579443417535,-2.56582614846725,5.13137539260356,1
"edge_4_61","fixed","cond",NA,"onset_timeline_combinedt0-24",-1.36361521829409,1.78545092363084,-0.763737160314148,0.445023891237891,-4.8630347247743,2.13580428818612,1
"edge_4_61","fixed","cond",NA,"onset_timeline_combinedt0-30",1.20156551222639,1.71534705986536,0.700479535797674,0.483627880836925,-2.16045294609639,4.56358397054918,1
"edge_4_61","fixed","cond",NA,"onset_timeline_combinedt0-36",0.0867146913958911,1.55972664103183,0.0555960827459647,0.955663585196051,-2.97029335075413,3.14372273354591,1
"edge_4_61","fixed","cond",NA,"onset_timeline_combinedt0-over42",-1.92945429284461,1.61949236515422,-1.19139449765845,0.233498751989707,-5.10360100178448,1.24469241609526,1
"edge_4_61","fixed","cond",NA,"SexMale",-0.865310706596408,3.22257906799571,-0.268514965292874,0.788302957062606,-7.18144961720065,5.45082820400783,1
"edge_4_61","fixed","cond",NA,"Age.at.Gluten.Introduction..months.",-0.0111239837600409,0.508014559256849,-0.0218969782604532,0.98253013519721,-1.00681422352545,0.984566256005372,0.99999417197145
"edge_4_61","fixed","cond",NA,"HLA.CategoryHigh Risk",-0.48034961213017,2.34118863194208,-0.205173391659478,0.837436657582827,-5.06899501175125,4.10829578749091,0.992982795983933
"edge_4_61","fixed","cond",NA,"HLA.CategoryLow/No Risk",-24.579753010673,280170.620390111,-8.77313723203667e-05,0.999930000492617,-549148.905243872,549099.74573785,1
"edge_4_61","fixed","cond",NA,"feeding_first_yearFormula",-2.29140774794673,3.25768544844319,-0.703385205297145,0.48181572397771,-8.67635389985559,4.09353840396213,1
"edge_4_61","fixed","cond",NA,"feeding_first_yearBreastmilk_and_formula",-2.71495752464614,2.65432802695411,-1.02284175018172,0.306382674403052,-7.91734486063145,2.48742981133918,0.822255833681735
"edge_4_61","fixed","cond",NA,"Delivery.ModeC-Section",28.6661148916919,280170.620434129,0.000102316634225506,0.999918363137381,-549095.659462242,549152.991692025,1
"edge_4_61","fixed","cond",NA,"Dx.StatusCELIAC:onset_timeline_combinedt0-6",-2.21696466454252,176172.088236627,-1.25840857466865e-05,0.999989959352271,-345293.164989665,345288.731060336,1
"edge_4_61","fixed","cond",NA,"Dx.StatusCELIAC:onset_timeline_combinedt0-12",27.197727032802,287753.207833628,9.45175459122146e-05,0.999924585909504,-563958.726062747,564013.121516813,1
"edge_4_61","fixed","cond",NA,"Dx.StatusCELIAC:onset_timeline_combinedt0-18",2.15156883658771,3.54110327488842,0.607598443074358,0.543453833688816,-4.78886604773042,9.09200372090584,1
"edge_4_61","fixed","cond",NA,"Dx.StatusCELIAC:onset_timeline_combinedt0-24",-20.1797671320183,30285.816670503,-0.000666310813129648,0.999468360928846,-59379.2896837006,59338.9301494365,1
"edge_4_61","fixed","cond",NA,"Dx.StatusCELIAC:onset_timeline_combinedt0-30",-0.187964001110013,2.83099723307275,-0.0663949787425251,0.947063367766766,-5.73661661826516,5.36068861604513,1
"edge_4_61","fixed","cond",NA,"Dx.StatusCELIAC:onset_timeline_combinedt0-36",-0.0621513271698266,2.5445453130682,-0.0244253175019646,0.980513353901362,-5.04936849781369,4.92506584347404,1
"edge_4_61","fixed","cond",NA,"Dx.StatusCELIAC:onset_timeline_combinedt0-over42",2.08793498580441,2.31364213836537,0.90244508914398,0.366820478328739,-2.44672027850596,6.62259025011477,1
"edge_4_63","fixed","cond",NA,"(Intercept)",-3.92085720681163,3.24249430760634,-1.20921020512325,0.226582098047133,-10.2760292697962,2.43431485617293,0.387697267487793
"edge_4_63","fixed","cond",NA,"Dx.StatusCELIAC",0.425044442271118,1.96902988961373,0.215864901042463,0.829093056973295,-3.43418322585466,4.2842721103969,1
"edge_4_63","fixed","cond",NA,"onset_timeline_combinedt0-6",-17.3569679926877,14085.7368908489,-0.00123223712945852,0.999016817267969,-27624.8939697637,27590.1800337783,1
"edge_4_63","fixed","cond",NA,"onset_timeline_combinedt0-12",1.25928565549364,1.50204965553348,0.838378179346127,0.401818340575158,-1.68467757234277,4.20324888333005,1
"edge_4_63","fixed","cond",NA,"onset_timeline_combinedt0-18",1.37226337559042,1.76654401616871,0.776806783771279,0.437272773827671,-2.090099273205,4.83462602438583,1
"edge_4_63","fixed","cond",NA,"onset_timeline_combinedt0-24",1.22571542841231,1.49288508678838,0.821038028485619,0.411624607331898,-1.70028557474986,4.1517164315745,1
"edge_4_63","fixed","cond",NA,"onset_timeline_combinedt0-30",1.89756569864956,1.53976846965002,1.23237079863109,0.217810603919311,-1.12032504639483,4.91545644369395,0.93682885018708
"edge_4_63","fixed","cond",NA,"onset_timeline_combinedt0-36",1.22569955578299,1.49288645512286,0.821026643772529,0.411631091951107,-1.70030412926548,4.15170324083146,0.671278071363203
"edge_4_63","fixed","cond",NA,"onset_timeline_combinedt0-over42",-0.164723266093803,1.52013152113035,-0.108361193623113,0.913709182827044,-3.14412629927337,2.81467976708576,1
"edge_4_63","fixed","cond",NA,"SexMale",-1.62891756615846,2.18580726621593,-0.745224700885199,0.456135892810561,-5.91302108508764,2.65518595277071,1
"edge_4_63","fixed","cond",NA,"Age.at.Gluten.Introduction..months.",0.0795427438344211,0.315393168007745,0.252201860734243,0.800885039896549,-0.53861650643075,0.697701994099592,0.99999417197145
"edge_4_63","fixed","cond",NA,"HLA.CategoryHigh Risk",-0.169449852072609,1.22438675255974,-0.138395692144131,0.889927701427588,-2.56920379023765,2.23030408609243,0.99456950466948
"edge_4_63","fixed","cond",NA,"HLA.CategoryLow/No Risk",-25.6755868130624,197038.50534612,-0.000130307458270455,0.999896029691183,-386214.049632812,386162.698459186,1
"edge_4_63","fixed","cond",NA,"feeding_first_yearFormula",-0.223788971819281,1.72805965810823,-0.129503035829372,0.896959622937004,-3.610723664848,3.16314572120944,1
"edge_4_63","fixed","cond",NA,"feeding_first_yearBreastmilk_and_formula",-1.99170505471987,1.48754318542327,-1.33892250943501,0.180595900949732,-4.90723612359746,0.923826014157722,0.822255833681735
"edge_4_63","fixed","cond",NA,"Delivery.ModeC-Section",27.0878573721813,197038.505306937,0.00013747494343801,0.999890310865479,-386161.286111829,386215.461826574,1
"edge_4_63","fixed","cond",NA,"Dx.StatusCELIAC:onset_timeline_combinedt0-6",-2.38535486263359,63896.0348840223,-3.73318135775288e-05,0.999970213522327,-125236.312482461,125231.541772736,1
"edge_4_63","fixed","cond",NA,"Dx.StatusCELIAC:onset_timeline_combinedt0-12",-26.9808553507285,296507.382998006,-9.09955599686025e-05,0.9999273960477,-581170.772681667,581116.810970966,1
"edge_4_63","fixed","cond",NA,"Dx.StatusCELIAC:onset_timeline_combinedt0-18",0.0941918456298821,2.56797530804527,0.0366794202945746,0.970740617825468,-4.93894727132699,5.12733096258675,1
"edge_4_63","fixed","cond",NA,"Dx.StatusCELIAC:onset_timeline_combinedt0-24",-26.9536939630798,305885.092487777,-8.81170564536643e-05,0.999929692761203,-599550.71837771,599496.810989783,1
"edge_4_63","fixed","cond",NA,"Dx.StatusCELIAC:onset_timeline_combinedt0-30",-31.3632725437924,2091762.19890944,-1.49937084436003e-05,0.999988036751524,-4099809.93735736,4099747.21081227,1
"edge_4_63","fixed","cond",NA,"Dx.StatusCELIAC:onset_timeline_combinedt0-36",-1.05429039865072,2.31439572346862,-0.455535925840134,0.64872372774128,-5.59042266262274,3.48184186532129,1
"edge_4_63","fixed","cond",NA,"Dx.StatusCELIAC:onset_timeline_combinedt0-over42",1.19154944638401,2.19129751206141,0.543764340453746,0.586603650588816,-3.10331475666858,5.4864136494366,1
"edge_4_64","fixed","cond",NA,"(Intercept)",-3.81989167885585,4.55182547245092,-0.839199943401836,0.401357119072184,-12.7413056687717,5.10152231105997,0.556008486054127
"edge_4_64","fixed","cond",NA,"Dx.StatusCELIAC",0.245259957809761,2.48711597373459,0.0986121919523863,0.921446189429089,-4.62939777608429,5.11991769170382,1
"edge_4_64","fixed","cond",NA,"onset_timeline_combinedt0-6",-16.9028734338752,13398.8604015355,-0.00126151575039457,0.998993456326523,-26278.1866943234,26244.3809474556,1
"edge_4_64","fixed","cond",NA,"onset_timeline_combinedt0-12",-24.5848523954438,176184.35490621,-0.000139540496706029,0.999888662792433,-345339.57510799,345290.405403199,1
"edge_4_64","fixed","cond",NA,"onset_timeline_combinedt0-18",2.31249546886943,2.07676813953106,1.11350681130519,0.265490824632638,-1.75789528885169,6.38288622659056,1
"edge_4_64","fixed","cond",NA,"onset_timeline_combinedt0-24",0.0806599212063201,1.75939213135938,0.0458453347429711,0.963433524876246,-3.36768529094123,3.52900513335387,1
"edge_4_64","fixed","cond",NA,"onset_timeline_combinedt0-30",0.925691010795787,1.84266726718572,0.502364711893745,0.615410996833836,-2.68587046837906,4.53725248997064,1
"edge_4_64","fixed","cond",NA,"onset_timeline_combinedt0-36",1.30794431705747,1.61376154288799,0.810494166763185,0.417656216274167,-1.85497018663877,4.47085882075372,0.671278071363203
"edge_4_64","fixed","cond",NA,"onset_timeline_combinedt0-over42",-0.545040863146792,1.56944615289578,-0.34728229582209,0.728379249983768,-3.62109879849746,2.53101707220387,1
"edge_4_64","fixed","cond",NA,"SexMale",-0.854222032217359,2.52317433590307,-0.3385505393196,0.734948348178748,-5.79955285730314,4.09110879286843,1
"edge_4_64","fixed","cond",NA,"Age.at.Gluten.Introduction..months.",-0.012447258935869,0.39762552048385,-0.0313039739519801,0.975027121207288,-0.791778958418207,0.76688444054647,0.99999417197145
"edge_4_64","fixed","cond",NA,"HLA.CategoryHigh Risk",-0.587244851232858,1.7559528556247,-0.334430875721854,0.738054443864954,-4.02884920680753,2.85435950434181,0.992982795983933
"edge_4_64","fixed","cond",NA,"HLA.CategoryLow/No Risk",-28.960534030831,3001876.61578121,-9.64747647474324e-06,0.99999230242747,-5883599.01349818,5883541.09243012,1
"edge_4_64","fixed","cond",NA,"feeding_first_yearFormula",-2.10671442477056,2.69797600902985,-0.780849947412282,0.434890753433128,-7.39465023362218,3.18122138408106,1
"edge_4_64","fixed","cond",NA,"feeding_first_yearBreastmilk_and_formula",-2.38661928363717,2.06880934378247,-1.15361973340358,0.248656104451708,-6.44141108833075,1.66817252105641,0.822255833681735
"edge_4_64","fixed","cond",NA,"Delivery.ModeC-Section",32.4074135433123,3001876.61578256,1.07957180428163e-05,0.999991386263251,-5883537.64555326,5883602.46038035,1
"edge_4_64","fixed","cond",NA,"Dx.StatusCELIAC:onset_timeline_combinedt0-6",-2.93906569434663,105180.599644465,-2.79430399168796e-05,0.999977704679871,-206153.126241173,206147.248109784,1
"edge_4_64","fixed","cond",NA,"Dx.StatusCELIAC:onset_timeline_combinedt0-12",24.6018369264947,176184.354915947,0.000139636898737301,0.999888585874741,-345290.388437751,345339.592111604,1
"edge_4_64","fixed","cond",NA,"Dx.StatusCELIAC:onset_timeline_combinedt0-18",0.253744323633229,2.97563505963437,0.0852740065727038,0.932043555996502,-5.57839322438484,6.0858818716513,1
"edge_4_64","fixed","cond",NA,"Dx.StatusCELIAC:onset_timeline_combinedt0-24",-28.2048771812307,929613.405915867,-3.03404372201828e-05,0.999975791833578,-1822037.00001789,1821980.59026353,1
"edge_4_64","fixed","cond",NA,"Dx.StatusCELIAC:onset_timeline_combinedt0-30",0.0982167606139277,2.72521855880849,0.0360399573445109,0.971250498282571,-5.24311346465087,5.43954698587872,1
"edge_4_64","fixed","cond",NA,"Dx.StatusCELIAC:onset_timeline_combinedt0-36",-1.24058274671498,2.4826587357768,-0.49969926548395,0.617286849761519,-6.10650445474124,3.62533896131129,1
"edge_4_64","fixed","cond",NA,"Dx.StatusCELIAC:onset_timeline_combinedt0-over42",-0.0673644508743343,2.27386361599507,-0.0296255458772776,0.97636569158866,-4.52405524398069,4.38932634223202,1
"edge_4_65","fixed","cond",NA,"(Intercept)",-3.26067433592345,2.84052755160064,-1.14791153287214,0.251005086696503,-8.82800603415444,2.30665736230755,0.416502946056834
"edge_4_65","fixed","cond",NA,"Dx.StatusCELIAC",0.271184779804261,1.77726446356747,0.152585496060568,0.878725163520023,-3.21218955979087,3.75455911939939,1
"edge_4_65","fixed","cond",NA,"onset_timeline_combinedt0-6",-18.1481923069234,19189.1835377894,-0.000945751145231586,0.99924539987535,-37628.2568191029,37591.9604344891,1
"edge_4_65","fixed","cond",NA,"onset_timeline_combinedt0-12",0.18766012845331,1.59303938179263,0.117800056042643,0.90622608514188,-2.9346396858142,3.30995994272082,1
"edge_4_65","fixed","cond",NA,"onset_timeline_combinedt0-18",1.10567504681869,1.70088582635895,0.65005835764155,0.515654526516297,-2.2279999146595,4.43935000829689,1
"edge_4_65","fixed","cond",NA,"onset_timeline_combinedt0-24",1.1624564841859,1.43010609089203,0.812846327688048,0.416306170198872,-1.64049994803385,3.96541291640564,1
"edge_4_65","fixed","cond",NA,"onset_timeline_combinedt0-30",1.63815924181035,1.47229819675482,1.11265451891547,0.265856835863901,-1.24749219833237,4.52381068195306,0.93682885018708
"edge_4_65","fixed","cond",NA,"onset_timeline_combinedt0-36",1.16245865579521,1.43010587151065,0.812847970875946,0.416305227975965,-1.64049734644493,3.96541465803534,0.671278071363203
"edge_4_65","fixed","cond",NA,"onset_timeline_combinedt0-over42",0.19694166096443,1.46872885346618,0.134089869957719,0.893331509905205,-2.68171399488409,3.07559731681295,1
"edge_4_65","fixed","cond",NA,"SexMale",-1.47245728479787,1.89190183435191,-0.778294760363329,0.436395263702942,-5.18051674241288,2.23560217281715,1
"edge_4_65","fixed","cond",NA,"Age.at.Gluten.Introduction..months.",0.0374200784644369,0.275262908449293,0.135943046868336,0.891866304852876,-0.502085308375924,0.576925465304797,0.99999417197145
"edge_4_65","fixed","cond",NA,"HLA.CategoryHigh Risk",0.0776666300326714,1.05788148479358,0.0734171371264957,0.94147418094062,-1.99574298007451,2.15107624013985,1
"edge_4_65","fixed","cond",NA,"HLA.CategoryLow/No Risk",-21.5842217565355,43604.5461424805,-0.000494999344472197,0.999605047681567,-85484.9242232332,85441.7557797202,1
"edge_4_65","fixed","cond",NA,"feeding_first_yearFormula",-0.293593566476978,1.49517923988079,-0.196360114323409,0.844328312652213,-3.22409102707529,2.63690389412134,1
"edge_4_65","fixed","cond",NA,"feeding_first_yearBreastmilk_and_formula",-1.5548182840238,1.29579231531757,-1.19989775031406,0.230179053805977,-4.09452455349,0.984887985442405,0.822255833681735
"edge_4_65","fixed","cond",NA,"Delivery.ModeC-Section",22.5499217313139,43604.5460757132,0.000517146118025381,0.99958737711514,-85440.7899488838,85485.8897923465,1
"edge_4_65","fixed","cond",NA,"Dx.StatusCELIAC:onset_timeline_combinedt0-6",-2.89424812373233,103257.667641003,-2.80293772835814e-05,0.99997763579262,-202384.203952097,202378.41545585,1
"edge_4_65","fixed","cond",NA,"Dx.StatusCELIAC:onset_timeline_combinedt0-12",-21.3362946349581,34503.2949182161,-0.000618384264040057,0.999506600774525,-67646.5516823024,67603.8790930325,1
"edge_4_65","fixed","cond",NA,"Dx.StatusCELIAC:onset_timeline_combinedt0-18",0.0890008983852399,2.42745170074375,0.0366643333657146,0.970752647361535,-4.66871700928302,4.84671880605349,1
"edge_4_65","fixed","cond",NA,"Dx.StatusCELIAC:onset_timeline_combinedt0-24",-0.95924655853923,2.1777568002409,-0.440474601403206,0.659593403775535,-5.22757145409858,3.30907833702012,1
"edge_4_65","fixed","cond",NA,"Dx.StatusCELIAC:onset_timeline_combinedt0-30",-28.2685554399149,631721.225268105,-4.47484654768686e-05,0.999964295890288,-1238179.11835044,1238122.58123956,1
"edge_4_65","fixed","cond",NA,"Dx.StatusCELIAC:onset_timeline_combinedt0-36",-25.8589385667669,213274.520231183,-0.000121247200737981,0.999903258730728,-418036.237411744,417984.51953461,1
"edge_4_65","fixed","cond",NA,"Dx.StatusCELIAC:onset_timeline_combinedt0-over42",0.0604726095057053,2.1159907444388,0.0285788629579965,0.977200470114108,-4.08679304121443,4.20773826022584,1
"edge_4_66","fixed","cond",NA,"(Intercept)",-2.83058465033435,3.57352391463541,-0.792098980712472,0.428302964386987,-9.83456282091233,4.17339352024363,0.582646374976892
"edge_4_66","fixed","cond",NA,"Dx.StatusCELIAC",0.0820661720089444,2.04414510913164,0.040146940470291,0.967975978862151,-3.92438462106277,4.08851696508066,1
"edge_4_66","fixed","cond",NA,"onset_timeline_combinedt0-6",-17.3645452379404,14476.1393433248,-0.00119952874354912,0.999042914764803,-28390.0762933378,28355.347202862,1
"edge_4_66","fixed","cond",NA,"onset_timeline_combinedt0-12",0.194843028276534,1.6608806001317,0.11731308575769,0.906611955698866,-3.06042313060287,3.45010918715594,1
"edge_4_66","fixed","cond",NA,"onset_timeline_combinedt0-18",1.39712856627098,1.84832741080565,0.755888030498882,0.449716330971803,-2.22552659054626,5.01978372308821,1
"edge_4_66","fixed","cond",NA,"onset_timeline_combinedt0-24",1.19631337245854,1.49523210042278,0.800085399531138,0.423661319811449,-1.73428769289828,4.12691443781536,1
"edge_4_66","fixed","cond",NA,"onset_timeline_combinedt0-30",0.51424845578561,1.70279188494318,0.302003116371893,0.762649687289848,-2.82316231187009,3.85165922344131,1
"edge_4_66","fixed","cond",NA,"onset_timeline_combinedt0-36",1.19631341636258,1.49523209681371,0.80008543082501,0.423661301681547,-1.7342876419206,4.12691447464576,0.671278071363203
"edge_4_66","fixed","cond",NA,"onset_timeline_combinedt0-over42",-0.661738426045355,1.66448088105643,-0.397564450019611,0.69095126977156,-3.92406100587145,2.60058415378074,1
"edge_4_66","fixed","cond",NA,"SexMale",-0.922243720867829,2.11034576976638,-0.437010718376224,0.662103574841991,-5.05844542453638,3.21395798280072,1
"edge_4_66","fixed","cond",NA,"Age.at.Gluten.Introduction..months.",-0.0629789798722981,0.334372199921382,-0.188349928274856,0.850602348563332,-0.718336449149632,0.592378489405036,0.99999417197145
"edge_4_66","fixed","cond",NA,"HLA.CategoryHigh Risk",0.247851184546576,1.37294393406517,0.180525350232409,0.856740154705244,-2.44306947901389,2.93877184810704,0.992982795983933
"edge_4_66","fixed","cond",NA,"HLA.CategoryLow/No Risk",-23.9324719099638,183156.496584153,-0.000130666792367738,0.999895742984057,-359004.069311383,358956.204367563,1
"edge_4_66","fixed","cond",NA,"feeding_first_yearFormula",-2.08515598476898,2.26885421342396,-0.919034802867408,0.358077368736676,-6.5320285292519,2.36171655971394,1
"edge_4_66","fixed","cond",NA,"feeding_first_yearBreastmilk_and_formula",-1.8083618170714,1.67590185228109,-1.07903802040079,0.280570778963659,-5.0930690891663,1.4763454550235,0.822255833681735
"edge_4_66","fixed","cond",NA,"Delivery.ModeC-Section",26.4216115048155,183156.496616183,0.000144257026056705,0.999884899546521,-358953.715290746,359006.558513755,1
"edge_4_66","fixed","cond",NA,"Dx.StatusCELIAC:onset_timeline_combinedt0-6",-2.25836714409442,63254.5136808106,-3.57028615458242e-05,0.999971513238002,-123978.827041129,123974.310306841,1
"edge_4_66","fixed","cond",NA,"Dx.StatusCELIAC:onset_timeline_combinedt0-12",-0.14817749671286,2.3874465315348,-0.0620652629307692,0.950510859810121,-4.82748671353613,4.53113172011041,1
"edge_4_66","fixed","cond",NA,"Dx.StatusCELIAC:onset_timeline_combinedt0-18",0.256222961213257,2.66417915423643,0.0961733225807377,0.92338291807924,-4.96547222945253,5.47791815187904,1
"edge_4_66","fixed","cond",NA,"Dx.StatusCELIAC:onset_timeline_combinedt0-24",-25.9496647893276,194787.914277023,-0.000133220096768543,0.999893705741914,-381803.24627143,381751.346941851,1
"edge_4_66","fixed","cond",NA,"Dx.StatusCELIAC:onset_timeline_combinedt0-30",-23.9549415676365,149359.627371867,-0.000160384315287524,0.999872031831586,-292763.445334749,292715.535451614,1
"edge_4_66","fixed","cond",NA,"Dx.StatusCELIAC:onset_timeline_combinedt0-36",-25.7034338821087,172223.98569469,-0.000149244216933142,0.999880920343962,-337578.512669415,337527.105801651,1
"edge_4_66","fixed","cond",NA,"Dx.StatusCELIAC:onset_timeline_combinedt0-over42",0.281543643819841,2.33316187826604,0.12067042858984,0.903952082365683,-4.29136960768343,4.85445689532311,1
"edge_4_67","fixed","cond",NA,"(Intercept)",-5.48435694313096,5.40965707322347,-1.01380861464902,0.310674083873007,-16.0870899753613,5.11837608909939,0.478691700661471
"edge_4_67","fixed","cond",NA,"Dx.StatusCELIAC",0.609791232844025,2.2570126409682,0.270176259439309,0.78702465598119,-3.81387225610527,5.03345472179332,1
"edge_4_67","fixed","cond",NA,"onset_timeline_combinedt0-6",-18.5910823464916,22980.6912356756,-0.000808987082060898,0.999354521767741,-45059.9182441059,45022.7360794129,1
"edge_4_67","fixed","cond",NA,"onset_timeline_combinedt0-12",0.265609277817201,1.68425517924444,0.157701327619699,0.874692154296745,-3.03547021427695,3.56668876991135,1
"edge_4_67","fixed","cond",NA,"onset_timeline_combinedt0-18",1.24821606541356,1.86314693475909,0.669950416752804,0.50288939876029,-2.40348482462045,4.89991695544758,1
"edge_4_67","fixed","cond",NA,"onset_timeline_combinedt0-24",1.22510731491224,1.51607470998196,0.808078458697346,0.419045417375353,-1.7463445145244,4.19655914434888,1
"edge_4_67","fixed","cond",NA,"onset_timeline_combinedt0-30",0.587657197478979,1.72382820037347,0.3409024155375,0.733177046294649,-2.79098399078753,3.96629838574548,1
"edge_4_67","fixed","cond",NA,"onset_timeline_combinedt0-36",0.141828584838772,1.66496813943974,0.0851839632718122,0.932115139692086,-3.12144900386977,3.40510617354731,1
"edge_4_67","fixed","cond",NA,"onset_timeline_combinedt0-over42",-0.700883642632374,1.69162241903703,-0.414326290988361,0.678635162006628,-4.01640265938548,2.61463537412074,1
"edge_4_67","fixed","cond",NA,"SexMale",-1.69721460554591,3.58819218922983,-0.47299991640364,0.636213238819612,-8.7299420660443,5.3355128549525,1
"edge_4_67","fixed","cond",NA,"Age.at.Gluten.Introduction..months.",0.265863571266335,0.512876931193824,0.518376934301733,0.604195304603638,-0.739356742374987,1.27108388490766,0.974508555812319
"edge_4_67","fixed","cond",NA,"HLA.CategoryHigh Risk",-1.26127418120927,1.99200957439597,-0.633166726415824,0.526624771776268,-5.16554120388433,2.64299284146578,0.956307212291697
"edge_4_67","fixed","cond",NA,"HLA.CategoryLow/No Risk",-24.5364016013641,27434.8312758392,-0.00089435219610672,0.999286410285936,-53795.8176241792,53746.7448209765,1
"edge_4_67","fixed","cond",NA,"feeding_first_yearFormula",-0.621021463992671,2.71064799429056,-0.229104430121775,0.818787750295587,-5.93379390756791,4.69175097958257,1
"edge_4_67","fixed","cond",NA,"feeding_first_yearBreastmilk_and_formula",-1.95782432784566,2.22630436877675,-0.87940550955366,0.379181445877154,-6.32130070927228,2.40565205358095,0.839974412723467
"edge_4_67","fixed","cond",NA,"Delivery.ModeC-Section",24.8569254535438,27434.8303300544,0.000906035326426402,0.999277088500409,-53746.4224434202,53796.1362943273,1
"edge_4_67","fixed","cond",NA,"Dx.StatusCELIAC:onset_timeline_combinedt0-6",-1.92559144860438,69306.0649733906,-2.77838808096188e-05,0.999977831670466,-135839.316849487,135835.46566659,1
"edge_4_67","fixed","cond",NA,"Dx.StatusCELIAC:onset_timeline_combinedt0-12",-24.0599113252314,82932.4277974402,-0.000290114638679057,0.999768522012182,-162568.631544776,162520.511722126,1
"edge_4_67","fixed","cond",NA,"Dx.StatusCELIAC:onset_timeline_combinedt0-18",-26.9796730202771,655756.350456692,-4.11428314822838e-05,0.999967172769982,-1285285.80920156,1285231.84985552,1
"edge_4_67","fixed","cond",NA,"Dx.StatusCELIAC:onset_timeline_combinedt0-24",-27.5145038433319,297474.058282485,-9.24937925753638e-05,0.999926200631039,-583065.955072483,583010.926064796,1
"edge_4_67","fixed","cond",NA,"Dx.StatusCELIAC:onset_timeline_combinedt0-30",-25.231737043278,131473.034369808,-0.000191915681905585,0.999846873441372,-257707.644040063,257657.180565976,1
"edge_4_67","fixed","cond",NA,"Dx.StatusCELIAC:onset_timeline_combinedt0-36",-23.5771053399018,71397.8056947211,-0.00033022170794312,0.999736521202379,-139960.704842182,139913.550631502,1
"edge_4_67","fixed","cond",NA,"Dx.StatusCELIAC:onset_timeline_combinedt0-over42",-21.5256871463629,28127.8153712566,-0.000765281158961237,0.999389394038192,-55151.0307786013,55107.9794043086,1
"edge_4_69","fixed","cond",NA,"(Intercept)",-2.63265039979527,3.45970979407671,-0.760945442390159,0.446689654661752,-9.41355699314612,4.14825619355557,0.596903874813491
"edge_4_69","fixed","cond",NA,"Dx.StatusCELIAC",0.174665120634055,1.99949384969264,0.0873546676129583,0.930389601579518,-3.74427081207287,4.09360105334098,1
"edge_4_69","fixed","cond",NA,"onset_timeline_combinedt0-6",-17.1622051752345,13475.4956536866,-0.0012735861905413,0.998983825516425,-26428.648360227,26394.3239498765,1
"edge_4_69","fixed","cond",NA,"onset_timeline_combinedt0-12",0.174704503184197,1.64394002842207,0.106271822672197,0.915366687216552,-3.04735874526681,3.3967677516352,1
"edge_4_69","fixed","cond",NA,"onset_timeline_combinedt0-18",1.57903330064704,1.82070153819814,0.867266417652247,0.385796052434324,-1.989476140818,5.14754274211208,1
"edge_4_69","fixed","cond",NA,"onset_timeline_combinedt0-24",0.117742975615989,1.63314622909666,0.0720957949253056,0.942525672682412,-3.08316481490087,3.31865076613285,1
"edge_4_69","fixed","cond",NA,"onset_timeline_combinedt0-30",0.66804808158147,1.68007713148507,0.397629411806208,0.690903376923379,-2.62484258737863,3.96093875054157,1
"edge_4_69","fixed","cond",NA,"onset_timeline_combinedt0-36",1.15582664847982,1.47676826647512,0.782672999358689,0.433819161765336,-1.73858596732307,4.05023926428271,0.671278071363203
"edge_4_69","fixed","cond",NA,"onset_timeline_combinedt0-over42",-0.146323070970027,1.4836298962436,-0.0986250488349566,0.92143598088416,-3.05418423399438,2.76153809205432,1
"edge_4_69","fixed","cond",NA,"SexMale",-0.740442510307245,1.99067970699691,-0.371954618166202,0.709926638406408,-4.64210304077594,3.16121802016145,1
"edge_4_69","fixed","cond",NA,"Age.at.Gluten.Introduction..months.",-0.079373158220996,0.321922020937167,-0.246560201100652,0.805248608623257,-0.710328725088192,0.5515824086462,0.99999417197145
"edge_4_69","fixed","cond",NA,"HLA.CategoryHigh Risk",0.0505710131328363,1.32262842314018,0.0382352384449524,0.969500125211733,-2.54173306115092,2.6428750874166,1
"edge_4_69","fixed","cond",NA,"HLA.CategoryLow/No Risk",-23.401158759579,133684.207419928,-0.000175048042032904,0.999860331870576,-262039.6330036,261992.830686081,1
"edge_4_69","fixed","cond",NA,"feeding_first_yearFormula",-1.79216751760586,2.17870367629691,-0.822584336320563,0.410744409112328,-6.06234825613281,2.47801322092109,1
"edge_4_69","fixed","cond",NA,"feeding_first_yearBreastmilk_and_formula",-1.74272546107749,1.62001959258674,-1.0757434472103,0.282042010677482,-4.91790551679676,1.43245459464178,0.822255833681735
"edge_4_69","fixed","cond",NA,"Delivery.ModeC-Section",26.1960172323891,133684.20746173,0.000195954464104433,0.999843650959471,-261990.035909539,262042.427944004,1
"edge_4_69","fixed","cond",NA,"Dx.StatusCELIAC:onset_timeline_combinedt0-6",-2.98723746122735,76929.4272922044,-3.88308813203665e-05,0.99996901743932,-150781.894081474,150775.919606552,1
"edge_4_69","fixed","cond",NA,"Dx.StatusCELIAC:onset_timeline_combinedt0-12",-0.125658294963396,2.36066728601007,-0.0532299895491751,0.957548661275111,-4.75248115502505,4.50116456509826,1
"edge_4_69","fixed","cond",NA,"Dx.StatusCELIAC:onset_timeline_combinedt0-18",-0.0180798768974565,2.59765443682148,-0.00696007776907356,0.99444670624218,-5.10938901734823,5.07322926355332,1
"edge_4_69","fixed","cond",NA,"Dx.StatusCELIAC:onset_timeline_combinedt0-24",-22.3943147555629,57705.8127238353,-0.000388077278501148,0.999690359138858,-113123.708952086,113078.920322575,1
"edge_4_69","fixed","cond",NA,"Dx.StatusCELIAC:onset_timeline_combinedt0-30",-22.0388892021741,53117.1697145196,-0.000414910834305046,0.999668949060697,-104129.778490362,104085.700711958,1
"edge_4_69","fixed","cond",NA,"Dx.StatusCELIAC:onset_timeline_combinedt0-36",-27.9279147075542,546271.468741629,-5.11246080119979e-05,0.999959208464608,-1070700.3324301,1070644.47660068,1
"edge_4_69","fixed","cond",NA,"Dx.StatusCELIAC:onset_timeline_combinedt0-over42",-0.177359466324129,2.19911116765887,-0.0806505232352314,0.935719885306425,-4.48753815293534,4.13281922028709,1
"edge_4_7","fixed","cond",NA,"(Intercept)",-3.16971649227517,2.6467525999707,-1.19758699483672,0.231077841549016,-8.35725626420548,2.01782327965514,0.387697267487793
"edge_4_7","fixed","cond",NA,"Dx.StatusCELIAC",0.225009682570722,1.71162459106862,0.131459715959234,0.895411651967182,-3.12971287097688,3.57973223611832,1
"edge_4_7","fixed","cond",NA,"onset_timeline_combinedt0-6",-18.5263753390802,21885.5267607204,-0.000846512653848059,0.999324580703636,-42913.3706090386,42876.3178583605,1
"edge_4_7","fixed","cond",NA,"onset_timeline_combinedt0-12",0.196934615330241,1.5625956118866,0.126030441806035,0.899707827617874,-2.86569650636783,3.25956573702831,1
"edge_4_7","fixed","cond",NA,"onset_timeline_combinedt0-18",1.11701223806543,1.66145303863144,0.672310448801807,0.501386079219831,-2.13937587965682,4.37340035578767,1
"edge_4_7","fixed","cond",NA,"onset_timeline_combinedt0-24",0.19805317578671,1.56045500996726,0.126920144779352,0.899003602352521,-2.86038244324422,3.25648879481764,1
"edge_4_7","fixed","cond",NA,"onset_timeline_combinedt0-30",0.545973563503532,1.58831032602549,0.343744893272683,0.73103814620147,-2.56705747177949,3.65900459878656,1
"edge_4_7","fixed","cond",NA,"onset_timeline_combinedt0-36",1.75827251785584,1.35042363776263,1.3020155073477,0.192911084524343,-0.888509176030478,4.40505421174216,0.457385958469006
"edge_4_7","fixed","cond",NA,"onset_timeline_combinedt0-over42",-0.607667823454523,1.61416109906983,-0.376460456025546,0.706574608389359,-3.77136544287697,2.55602979596793,1
"edge_4_7","fixed","cond",NA,"SexMale",-1.33765898012642,1.7362673907751,-0.770422221389107,0.441049476102562,-4.74068053357696,2.06536257332411,1
"edge_4_7","fixed","cond",NA,"Age.at.Gluten.Introduction..months.",0.0505783041414955,0.254016508284241,0.199114240578802,0.842173381895435,-0.447284903574237,0.548441511857228,0.99999417197145
"edge_4_7","fixed","cond",NA,"HLA.CategoryHigh Risk",-0.0906218856815803,0.991426217162314,-0.0914055772510845,0.927170330298067,-2.0337815646485,1.85253779328534,1
"edge_4_7","fixed","cond",NA,"HLA.CategoryLow/No Risk",-22.444178099199,50495.6481880314,-0.00044447747290268,0.999645358298423,-98992.096002646,98947.2076464476,1
"edge_4_7","fixed","cond",NA,"feeding_first_yearFormula",-0.196102391839624,1.4138284342265,-0.138703103638534,0.889684765460569,-2.96715520324222,2.57495041956297,1
"edge_4_7","fixed","cond",NA,"feeding_first_yearBreastmilk_and_formula",-1.23723835268699,1.20692221995905,-1.02511854718274,0.305307255119709,-3.60276243594785,1.12828573057387,0.822255833681735
"edge_4_7","fixed","cond",NA,"Delivery.ModeC-Section",22.9480978688442,50495.6481125606,0.000454456942857535,0.999637395834226,-98946.703578758,98992.5997744956,1
"edge_4_7","fixed","cond",NA,"Dx.StatusCELIAC:onset_timeline_combinedt0-6",-3.47173736243721,150421.502543444,-2.30800603885373e-05,0.999981584776155,-294824.199222914,294817.255748189,1
"edge_4_7","fixed","cond",NA,"Dx.StatusCELIAC:onset_timeline_combinedt0-12",-21.2038900511228,32943.9714165144,-0.000643634909192931,0.999486453678619,-64590.2013741364,64547.7935940342,1
"edge_4_7","fixed","cond",NA,"Dx.StatusCELIAC:onset_timeline_combinedt0-18",-0.0197811445790301,2.35773062769052,-0.0083899086463522,0.993305899958204,-4.64084826009946,4.6012859709414,1
"edge_4_7","fixed","cond",NA,"Dx.StatusCELIAC:onset_timeline_combinedt0-24",-21.0265042005204,31947.7258385222,-0.000658153394291587,0.999474869605966,-62637.4185356636,62595.3655272626,1
"edge_4_7","fixed","cond",NA,"Dx.StatusCELIAC:onset_timeline_combinedt0-30",-22.1073586625667,51400.6610192342,-0.000430098722938487,0.999656830879927,-100765.551737913,100721.337020588,1
"edge_4_7","fixed","cond",NA,"Dx.StatusCELIAC:onset_timeline_combinedt0-36",-1.52670604876175,2.10830367135647,-0.724139539053915,0.468980072615869,-5.65890531309401,2.6054932155705,1
"edge_4_7","fixed","cond",NA,"Dx.StatusCELIAC:onset_timeline_combinedt0-over42",0.947220266449219,2.18839755646977,0.43283738078068,0.665132914595906,-3.341960128087,5.23640066098543,1
"edge_4_71","fixed","cond",NA,"(Intercept)",-2.02524931748896,2.72724287556797,-0.742599544628818,0.457724164308106,-7.37054713069564,3.32004849571771,0.606283761495825
"edge_4_71","fixed","cond",NA,"Dx.StatusCELIAC",-0.719302481990939,1.66704108274175,-0.431484556342137,0.666116079533941,-3.98664296491342,2.54803800093154,1
"edge_4_71","fixed","cond",NA,"onset_timeline_combinedt0-6",-19.8118049951604,29872.5504925302,-0.000663211030478112,0.99947083419702,-58568.9348967085,58529.3112867182,1
"edge_4_71","fixed","cond",NA,"onset_timeline_combinedt0-12",-26.2367230265809,295001.206429824,-8.89376804390195e-05,0.999929037997998,-578217.976721346,578165.503275293,1
"edge_4_71","fixed","cond",NA,"onset_timeline_combinedt0-18",0.445686308043529,1.53510992163418,0.290328595863076,0.771564864173026,-2.56307385066957,3.45444646675663,1
"edge_4_71","fixed","cond",NA,"onset_timeline_combinedt0-24",-0.774850002685669,1.44107971014168,-0.537687122532235,0.590793071062695,-3.59931433341479,2.04961432804345,1
"edge_4_71","fixed","cond",NA,"onset_timeline_combinedt0-30",-0.315288285052581,1.46272236603328,-0.215548960195094,0.829339344314415,-3.18217144185902,2.55159487175386,1
"edge_4_71","fixed","cond",NA,"onset_timeline_combinedt0-36",0.200418028324634,1.23455433385682,0.162340386994971,0.871037812254963,-2.21926400299257,2.62010005964183,1
"edge_4_71","fixed","cond",NA,"onset_timeline_combinedt0-over42",-1.8375465821076,1.52535895261747,-1.20466502586452,0.228332642760598,-4.82719519273357,1.15210202851838,1
"edge_4_71","fixed","cond",NA,"SexMale",-1.08852768091144,1.72422364997872,-0.631314667865085,0.527834798158172,-4.46794393616193,2.29088857433905,1
"edge_4_71","fixed","cond",NA,"Age.at.Gluten.Introduction..months.",-0.00451867418193472,0.265397369229539,-0.0170260699834842,0.986415817945297,-0.524687959463509,0.51565061109964,0.99999417197145
"edge_4_71","fixed","cond",NA,"HLA.CategoryHigh Risk",-0.201674754398106,1.09215799690128,-0.184657123758931,0.853497978022346,-2.34226509375202,1.93891558495581,0.992982795983933
"edge_4_71","fixed","cond",NA,"HLA.CategoryLow/No Risk",-21.0219106546972,37883.0336172359,-0.000554916242112478,0.999557240920603,-74270.4034255571,74228.3596042477,1
"edge_4_71","fixed","cond",NA,"feeding_first_yearFormula",-0.268503119526567,1.55020610516755,-0.173204787822421,0.862490460384061,-3.30685125426908,2.76984501521595,1
"edge_4_71","fixed","cond",NA,"feeding_first_yearBreastmilk_and_formula",-1.24725475383627,1.31454391941924,-0.948811778298973,0.342716350335144,-3.82371349199411,1.32920398432157,0.822255833681735
"edge_4_71","fixed","cond",NA,"Delivery.ModeC-Section",22.1794513301909,37883.0336261318,0.00058547189090188,0.999532861044153,-74227.2020810079,74271.5609836683,1
"edge_4_71","fixed","cond",NA,"Dx.StatusCELIAC:onset_timeline_combinedt0-6",-4.19298688889631,455329.344117184,-9.20869024381876e-06,0.999992652528229,-892433.308560815,892424.922587037,1
"edge_4_71","fixed","cond",NA,"Dx.StatusCELIAC:onset_timeline_combinedt0-12",26.2890792381736,295001.206434301,8.91151583952196e-05,0.999928896391077,-578165.450927858,578218.029086334,1
"edge_4_71","fixed","cond",NA,"Dx.StatusCELIAC:onset_timeline_combinedt0-18",0.930207097330364,2.32992080558604,0.399244083790389,0.689713363645139,-3.63635376844883,5.49676796310956,1
"edge_4_71","fixed","cond",NA,"Dx.StatusCELIAC:onset_timeline_combinedt0-24",-20.2512249299652,33522.6802624431,-0.00060410518405515,0.999517993829859,-65723.4972045702,65682.9947547103,1
"edge_4_71","fixed","cond",NA,"Dx.StatusCELIAC:onset_timeline_combinedt0-30",-20.7128697125352,41586.6593718529,-0.000498065245571379,0.999602601446717,-81529.0674758792,81487.6417364542,1
"edge_4_71","fixed","cond",NA,"Dx.StatusCELIAC:onset_timeline_combinedt0-36",-0.00174288073245127,2.06057627232142,-0.000845821994488836,0.999325131769878,-4.04039816188023,4.03691240041533,1
"edge_4_71","fixed","cond",NA,"Dx.StatusCELIAC:onset_timeline_combinedt0-over42",1.79361273402903,2.11895671227554,0.846460299843913,0.397296011942082,-2.35946610683044,5.94669157488849,1
"edge_75_27","fixed","cond",NA,"(Intercept)",1.44171756587486,2.50923962123295,0.5745635266059,0.56558652531495,-3.47630172032265,6.35973685207236,0.711696377687978
"edge_75_27","fixed","cond",NA,"Dx.StatusCELIAC",0.197561929707162,1.48785197913019,0.132783322856254,0.894364743990612,-2.71857436371466,3.11369822312898,1
"edge_75_27","fixed","cond",NA,"onset_timeline_combinedt0-6",-17.6980394913124,21469.9705016632,-0.000824315966803093,0.99934229109135,-42098.0669718886,42062.670892906,1
"edge_75_27","fixed","cond",NA,"onset_timeline_combinedt0-12",0.879516150110384,1.36875807867377,0.642565084227723,0.520506345121071,-1.80320038763844,3.5622326878592,1
"edge_75_27","fixed","cond",NA,"onset_timeline_combinedt0-18",-19.6978015767441,37636.5946267409,-0.000523368327344599,0.999582412511062,-73786.0677707226,73746.6721675691,1
"edge_75_27","fixed","cond",NA,"onset_timeline_combinedt0-24",0.12586157348964,1.55640289332049,0.0808669619092794,0.935547754463081,-2.92463204285245,3.17635518983173,1
"edge_75_27","fixed","cond",NA,"onset_timeline_combinedt0-30",0.317853427255455,1.58713708186178,0.200268414674427,0.841270663564079,-2.79287809172163,3.42858494623254,1
"edge_75_27","fixed","cond",NA,"onset_timeline_combinedt0-36",0.12586152068424,1.55640290724679,0.0808669272578544,0.935547782020665,-2.92463212295291,3.17635516432139,1
"edge_75_27","fixed","cond",NA,"onset_timeline_combinedt0-over42",-0.703844309537452,1.54672912615083,-0.455053375304978,0.649070839806251,-3.73537769063218,2.32768907155728,1
"edge_75_27","fixed","cond",NA,"SexMale",-0.645227407497755,1.12858722099465,-0.571712487519663,0.567516773044288,-2.85721771405941,1.56676289906391,1
"edge_75_27","fixed","cond",NA,"Age.at.Gluten.Introduction..months.",-0.575282906663918,0.305983361302792,-1.88011172965263,0.0600928522076422,-1.1749992746859,0.0244334613580608,0.534261881153218
"edge_75_27","fixed","cond",NA,"HLA.CategoryHigh Risk",-1.01749649742912,1.02097468254812,-0.996593269962075,0.31896197399466,-3.01857010435064,0.983577109492405,0.897818889762746
"edge_75_27","fixed","cond",NA,"HLA.CategoryLow/No Risk",0.0464454339133154,1.37854229917671,0.0336917002409381,0.973122997465022,-2.65544782363808,2.74833869146471,1
"edge_75_27","fixed","cond",NA,"feeding_first_yearFormula",-0.545890042981894,1.66175790812192,-0.328501546653594,0.742532475055833,-3.80287569392549,2.7110956079617,1
"edge_75_27","fixed","cond",NA,"feeding_first_yearBreastmilk_and_formula",1.73964262707699,0.864757145836381,2.01171234658538,0.0442502683557793,0.0447497658640277,3.43453548828994,0.822255833681735
"edge_75_27","fixed","cond",NA,"Delivery.ModeC-Section",2.35862704196791,2.24556535890583,1.05034887210639,0.293557743196499,-2.04260018641827,6.75985427035409,1
"edge_75_27","fixed","cond",NA,"Dx.StatusCELIAC:onset_timeline_combinedt0-6",-12.4718852696957,2150900.07852114,-5.79844939996972e-06,0.999995373506747,-4215699.16013107,4215674.21636053,1
"edge_75_27","fixed","cond",NA,"Dx.StatusCELIAC:onset_timeline_combinedt0-12",-26.4187079353506,222370.391510087,-0.000118804971093251,0.999905207348041,-435864.377295776,435811.539879905,1
"edge_75_27","fixed","cond",NA,"Dx.StatusCELIAC:onset_timeline_combinedt0-18",-10.0743497984388,1742742.25782635,-5.78074569156551e-06,0.999995387632263,-3415722.13402546,3415701.98532586,1
"edge_75_27","fixed","cond",NA,"Dx.StatusCELIAC:onset_timeline_combinedt0-24",-21.8618996755946,40677.8372388877,-0.000537440069569255,0.999571184886777,-79748.9578568777,79705.2340575265,1
"edge_75_27","fixed","cond",NA,"Dx.StatusCELIAC:onset_timeline_combinedt0-30",-23.5582700126428,76534.3153125878,-0.000307813167419401,0.999754400629983,-150028.059864117,149980.943324092,1
"edge_75_27","fixed","cond",NA,"Dx.StatusCELIAC:onset_timeline_combinedt0-36",-22.5490041217654,50166.4340688959,-0.000449483893768447,0.999641363752909,-98346.9530119609,98301.8550037173,1
"edge_75_27","fixed","cond",NA,"Dx.StatusCELIAC:onset_timeline_combinedt0-over42",1.55610369912402,1.95369166781693,0.796494004022047,0.425744959212087,-2.27306160669315,5.38526900494119,1
"virus_comp_103_cycle_1_1","fixed","cond",NA,"(Intercept)",-12.0075141962369,5.84097656931992,-2.05573743598067,0.0398078314144758,-23.4556179066463,-0.559410485827565,0.089716157366953
"virus_comp_103_cycle_1_1","fixed","cond",NA,"Dx.StatusCELIAC",-4.01116918887904,4.47478490577926,-0.896393742568173,0.370042508132659,-12.7815864427699,4.75924806501177,1
"virus_comp_103_cycle_1_1","fixed","cond",NA,"onset_timeline_combinedt0-6",0.312455051759933,3.69370902325783,0.0845911385527465,0.932586444227276,-6.92708160319604,7.5519917067159,1
"virus_comp_103_cycle_1_1","fixed","cond",NA,"onset_timeline_combinedt0-12",-8.46963358997622,3.99123095397671,-2.1220605090611,0.0338326571068834,-16.292302513752,-0.64696466620043,0.854107934747097
"virus_comp_103_cycle_1_1","fixed","cond",NA,"onset_timeline_combinedt0-18",-3.40761374521617,16.687769502362,-0.204198274954232,0.838198559344541,-36.1150409521516,29.2998134617192,1
"virus_comp_103_cycle_1_1","fixed","cond",NA,"onset_timeline_combinedt0-24",-36.4423548084339,143922.582865284,-0.000253208037841742,0.999797969218094,-282119.521332746,282046.636623129,1
"virus_comp_103_cycle_1_1","fixed","cond",NA,"onset_timeline_combinedt0-30",-36.625111700095,157739.949772264,-0.000232186657552334,0.999814741852379,-309201.245588494,309127.995365094,1
"virus_comp_103_cycle_1_1","fixed","cond",NA,"onset_timeline_combinedt0-36",-36.2009412249256,127541.159584686,-0.000283837322342115,0.999773530585764,-250012.280273685,249939.878391235,1
"virus_comp_103_cycle_1_1","fixed","cond",NA,"onset_timeline_combinedt0-over42",-26.7140244122584,15375.1199973971,-0.00173748396219222,0.998613689069435,-30161.3954772922,30107.9674284677,1
"virus_comp_103_cycle_1_1","fixed","cond",NA,"SexMale",0.228987755031032,3.37174418398381,0.0679137391616932,0.945854301736003,-6.37950941065962,6.83748492072169,1
"virus_comp_103_cycle_1_1","fixed","cond",NA,"Age.at.Gluten.Introduction..months.",0.254646446551579,0.41661720788027,0.611224024680136,0.541051280512204,-0.561908276233386,1.07120116933654,0.946198952944221
"virus_comp_103_cycle_1_1","fixed","cond",NA,"HLA.CategoryHigh Risk",1.40193565997229,3.4730675307247,0.40365919970458,0.68646334626505,-5.40515161612358,8.20902293606817,0.992982795983933
"virus_comp_103_cycle_1_1","fixed","cond",NA,"HLA.CategoryLow/No Risk",0.116303170014223,6.2834801846614,0.0185093557385811,0.98523251404481,-12.1990916894932,12.4316980295217,1
"virus_comp_103_cycle_1_1","fixed","cond",NA,"feeding_first_yearFormula",0.0363832994937672,5.23047975512335,0.00695601573796918,0.994449947195628,-10.2151686424139,10.2879352414014,1
"virus_comp_103_cycle_1_1","fixed","cond",NA,"feeding_first_yearBreastmilk_and_formula",1.24376959307842,3.89960206270857,0.318947824182483,0.749766078205405,-6.39931000386848,8.88684919002532,1
"virus_comp_103_cycle_1_1","fixed","cond",NA,"Delivery.ModeC-Section",2.98921865961341,9.11281208207526,0.328023735449691,0.742893716350622,-14.8715648191356,20.8500021383624,1
"virus_comp_103_cycle_1_1","fixed","cond",NA,"Dx.StatusCELIAC:onset_timeline_combinedt0-6",-23.3148367381974,85255.9073732469,-0.000273468871032314,0.999781803412663,-167121.822757585,167075.193084108,1
"virus_comp_103_cycle_1_1","fixed","cond",NA,"Dx.StatusCELIAC:onset_timeline_combinedt0-12",13.156729087519,5.20612731106471,2.52716238028922,0.0114988323653418,2.95290705890181,23.3605511161362,0.428331505608983
"virus_comp_103_cycle_1_1","fixed","cond",NA,"Dx.StatusCELIAC:onset_timeline_combinedt0-18",6.20686415136073,16.8404974272902,0.368567744400616,0.712449941681544,-26.7999042878675,39.213632590589,1
"virus_comp_103_cycle_1_1","fixed","cond",NA,"Dx.StatusCELIAC:onset_timeline_combinedt0-24",36.4438253159198,143922.582874096,0.00025321825517682,0.99979796106584,-282046.635169893,282119.522820525,1
"virus_comp_103_cycle_1_1","fixed","cond",NA,"Dx.StatusCELIAC:onset_timeline_combinedt0-30",37.6578429652063,157739.949783132,0.000238733707072812,0.999809518062793,-309126.96265513,309202.278341061,1
"virus_comp_103_cycle_1_1","fixed","cond",NA,"Dx.StatusCELIAC:onset_timeline_combinedt0-36",34.7908020233572,127541.159595407,0.00027278097622542,0.999782352273288,-249941.288551449,250010.870155495,1
"virus_comp_103_cycle_1_1","fixed","cond",NA,"Dx.StatusCELIAC:onset_timeline_combinedt0-over42",24.8164679722558,15375.1200690628,0.00161406661286441,0.99871216172867,-30109.8651253698,30159.4980613143,1
"virus_comp_103_cycle_1_3","fixed","cond",NA,"(Intercept)",-12.0890849895144,6.1603599979294,-1.96239911199634,0.0497160360778098,-24.1631687172573,-0.0150012617715642,0.104265575663185
"virus_comp_103_cycle_1_3","fixed","cond",NA,"Dx.StatusCELIAC",-3.85466143747773,5.36185599821427,-0.71890431946727,0.4721998748574,-14.3637060842678,6.6543832093123,1
"virus_comp_103_cycle_1_3","fixed","cond",NA,"onset_timeline_combinedt0-6",0.255214516034873,3.43726731938173,0.0742492486970084,0.940812059172037,-6.48170563518985,6.99213466725959,1
"virus_comp_103_cycle_1_3","fixed","cond",NA,"onset_timeline_combinedt0-12",-8.35739878423723,3.82619720490711,-2.18425719759526,0.0289433540600007,-15.856607503603,-0.85819006487148,0.854107934747097
"virus_comp_103_cycle_1_3","fixed","cond",NA,"onset_timeline_combinedt0-18",-3.64255889856742,15.066479834215,-0.241765756742687,0.80896167402275,-33.1723167474278,25.887198950293,1
"virus_comp_103_cycle_1_3","fixed","cond",NA,"onset_timeline_combinedt0-24",-34.6370434996915,45428.7419431933,-0.00076244778125275,0.999391654745861,-89073.3351151227,89004.0610281233,1
"virus_comp_103_cycle_1_3","fixed","cond",NA,"onset_timeline_combinedt0-30",-34.2211553802146,36913.5836229848,-0.000927061315144331,0.999260312195682,-72383.515596738,72315.0732859776,1
"virus_comp_103_cycle_1_3","fixed","cond",NA,"onset_timeline_combinedt0-36",-33.6138458163632,27235.2183508372,-0.00123420511572032,0.999015247043309,-53413.6609245416,53346.4332329089,1
"virus_comp_103_cycle_1_3","fixed","cond",NA,"onset_timeline_combinedt0-over42",-11.4791976540869,5.16197852527648,-2.22379802586878,0.0261620362910054,-21.596489652598,-1.36190565557582,1
"virus_comp_103_cycle_1_3","fixed","cond",NA,"SexMale",1.40688510399121,3.76828260634039,0.373349148926365,0.708888600969513,-5.97881308800467,8.79258329598709,1
"virus_comp_103_cycle_1_3","fixed","cond",NA,"Age.at.Gluten.Introduction..months.",0.192949371526866,0.428608632556458,0.450176120756154,0.652583453046234,-0.647108111746752,1.03300685480048,0.986910831018112
"virus_comp_103_cycle_1_3","fixed","cond",NA,"HLA.CategoryHigh Risk",2.33886762042115,3.7415819161345,0.625101273430753,0.531904592226797,-4.99449818040883,9.67223342125114,0.956307212291697
"virus_comp_103_cycle_1_3","fixed","cond",NA,"HLA.CategoryLow/No Risk",0.459240762149241,5.31400135352375,0.086420896721209,0.931131835891886,-9.95601050455441,10.8744920288529,1
"virus_comp_103_cycle_1_3","fixed","cond",NA,"feeding_first_yearFormula",-2.55090438847832,5.87798590207637,-0.433975928315381,0.664305921310261,-14.0715450581822,8.96973628122554,1
"virus_comp_103_cycle_1_3","fixed","cond",NA,"feeding_first_yearBreastmilk_and_formula",0.644964793951478,4.07605309472679,0.158232677289183,0.874273455346962,-7.34395247078605,8.633882058689,1
"virus_comp_103_cycle_1_3","fixed","cond",NA,"Delivery.ModeC-Section",5.17189153259858,9.85881090017701,0.524595875198876,0.599864154769222,-14.1510227621393,24.4948058273364,1
"virus_comp_103_cycle_1_3","fixed","cond",NA,"Dx.StatusCELIAC:onset_timeline_combinedt0-6",2.038944528449,8.54550200028147,0.238598566635622,0.811416876691629,-14.7099316219177,18.7878206788157,1
"virus_comp_103_cycle_1_3","fixed","cond",NA,"Dx.StatusCELIAC:onset_timeline_combinedt0-12",14.0220470032479,6.39456137643399,2.19280825967574,0.0283211965978623,1.48893700850644,26.5551569979894,0.495197275137783
"virus_comp_103_cycle_1_3","fixed","cond",NA,"Dx.StatusCELIAC:onset_timeline_combinedt0-18",10.0957610563312,15.8873827373733,0.635457785792621,0.525129890457766,-21.0429369175239,41.2344590301862,1
"virus_comp_103_cycle_1_3","fixed","cond",NA,"Dx.StatusCELIAC:onset_timeline_combinedt0-24",35.8575683280728,45428.7419769519,0.00078931457856053,0.999370218149544,-89002.8405694605,89074.5557061166,1
"virus_comp_103_cycle_1_3","fixed","cond",NA,"Dx.StatusCELIAC:onset_timeline_combinedt0-30",33.3782228660643,36913.5836593192,0.000904226020808944,0.999278532116835,-72315.9162897058,72382.6727354379,1
"virus_comp_103_cycle_1_3","fixed","cond",NA,"Dx.StatusCELIAC:onset_timeline_combinedt0-36",31.1555292724247,27235.2183903566,0.00114394270043585,0.999087265979947,-53348.8916269094,53411.2026854542,1
"virus_comp_103_cycle_1_3","fixed","cond",NA,"Dx.StatusCELIAC:onset_timeline_combinedt0-over42",9.11248736894965,5.3177548029058,1.71359675402301,0.0866028101175683,-1.31012052336059,19.5350952612599,1
"virus_comp_103_cycle_1_4","fixed","cond",NA,"(Intercept)",-9.58614356152669,4.13699973522411,-2.31717287286879,0.020494316614574,-17.6945140466177,-1.47777307643569,0.0609013689234018
"virus_comp_103_cycle_1_4","fixed","cond",NA,"Dx.StatusCELIAC",-0.556918983385114,3.25277217605107,-0.171213645851221,0.864055778087682,-6.93223529835919,5.81839733158896,1
"virus_comp_103_cycle_1_4","fixed","cond",NA,"onset_timeline_combinedt0-6",0.712613149342049,2.66334989058445,0.267562723118468,0.789035927660162,-4.50745671443217,5.93268301311627,1
"virus_comp_103_cycle_1_4","fixed","cond",NA,"onset_timeline_combinedt0-12",-3.64003687553899,2.35099758356523,-1.54829460522838,0.121551382724627,-8.24790746706753,0.96783371598955,1
"virus_comp_103_cycle_1_4","fixed","cond",NA,"onset_timeline_combinedt0-18",-3.27324629340407,9.44198205671131,-0.346669404129768,0.728839698361552,-21.7791910672317,15.2326984804235,1
"virus_comp_103_cycle_1_4","fixed","cond",NA,"onset_timeline_combinedt0-24",-6.64706038137742,3.70327274683963,-1.79491515634381,0.0726672187527605,-13.9053415901118,0.611220827356964,1
"virus_comp_103_cycle_1_4","fixed","cond",NA,"onset_timeline_combinedt0-30",-6.60763887770772,3.75768664870446,-1.75843264631601,0.0786739224276971,-13.9725693743555,0.757291618940022,0.896700267679031
"virus_comp_103_cycle_1_4","fixed","cond",NA,"onset_timeline_combinedt0-36",-2.74766042813618,2.4111913010539,-1.1395447664958,0.254476007710869,-7.4735085380381,1.97818768176574,0.575507278976889
"virus_comp_103_cycle_1_4","fixed","cond",NA,"onset_timeline_combinedt0-over42",-3.3630546834904,2.03886323416492,-1.64947536800714,0.0990502854211142,-7.3591531918565,0.633043824875692,1
"virus_comp_103_cycle_1_4","fixed","cond",NA,"SexMale",0.655702563773394,2.95727448661332,0.221725296972452,0.824527736091456,-5.14044892238789,6.45185404993468,1
"virus_comp_103_cycle_1_4","fixed","cond",NA,"Age.at.Gluten.Introduction..months.",0.182038396528047,0.299366253446158,0.608079215451007,0.54313493656695,-0.404708678413112,0.768785471469206,0.946198952944221
"virus_comp_103_cycle_1_4","fixed","cond",NA,"HLA.CategoryHigh Risk",1.80188610508556,2.7756652792911,0.649172693310398,0.516226759649041,-3.6383178754633,7.24209008563442,0.956307212291697
"virus_comp_103_cycle_1_4","fixed","cond",NA,"HLA.CategoryLow/No Risk",0.384081322966884,4.32041243646468,0.0888992263158032,0.929161998429623,-8.08377145086283,8.85193409679659,1
"virus_comp_103_cycle_1_4","fixed","cond",NA,"feeding_first_yearFormula",-0.704019671639409,4.23400640838733,-0.166277422312065,0.867938633082496,-9.00251974239037,7.59448039911155,1
"virus_comp_103_cycle_1_4","fixed","cond",NA,"feeding_first_yearBreastmilk_and_formula",-0.212311248215533,2.96197183352853,-0.0716790233493244,0.942857350156335,-6.01766936515352,5.59304686872245,1
"virus_comp_103_cycle_1_4","fixed","cond",NA,"Delivery.ModeC-Section",7.46886741554902,8.26897388514003,0.903239932704484,0.366398568481629,-8.73802358842768,23.6757584195257,1
"virus_comp_103_cycle_1_4","fixed","cond",NA,"Dx.StatusCELIAC:onset_timeline_combinedt0-6",-0.236498618350403,4.88123861779219,-0.0484505341509759,0.961357186135763,-9.80355050916916,9.33055327246836,1
"virus_comp_103_cycle_1_4","fixed","cond",NA,"Dx.StatusCELIAC:onset_timeline_combinedt0-12",6.07724815257987,3.07594330352103,1.97573477561282,0.0481848240848384,0.0485100591914946,12.1059862459682,0.509765397487119
"virus_comp_103_cycle_1_4","fixed","cond",NA,"Dx.StatusCELIAC:onset_timeline_combinedt0-18",5.80022717810592,9.79132892504896,0.592384059661944,0.553593438064704,-13.3904248757753,24.9908792319871,1
"virus_comp_103_cycle_1_4","fixed","cond",NA,"Dx.StatusCELIAC:onset_timeline_combinedt0-24",6.68416575711819,3.97144605848257,1.68305590928059,0.092364268705111,-1.0997254840512,14.4680569982876,1
"virus_comp_103_cycle_1_4","fixed","cond",NA,"Dx.StatusCELIAC:onset_timeline_combinedt0-30",6.08521387787454,4.05706508124622,1.49990541339932,0.133638905534085,-1.86648756430311,14.0369153200522,1
"virus_comp_103_cycle_1_4","fixed","cond",NA,"Dx.StatusCELIAC:onset_timeline_combinedt0-36",-0.574100906165236,2.90044909045482,-0.1979351777125,0.843095780801025,-6.25887666244865,5.11067485011818,1
"virus_comp_103_cycle_1_4","fixed","cond",NA,"Dx.StatusCELIAC:onset_timeline_combinedt0-over42",0.534040045924499,2.48119367872274,0.215235130777622,0.82958400232461,-4.32901020304052,5.39709029488952,1
"virus_comp_104_cycle_1_1","fixed","cond",NA,"(Intercept)",-34.041818497659,14.8812099526546,-2.28757060789848,0.0221625391892314,-63.2084540512411,-4.87518294407697,0.0631423286334706
"virus_comp_104_cycle_1_1","fixed","cond",NA,"Dx.StatusCELIAC",-11.8976364586972,8.27312377117008,-1.43810690952766,0.150403722463432,-28.1126610898328,4.3173881724383,1
"virus_comp_104_cycle_1_1","fixed","cond",NA,"onset_timeline_combinedt0-6",0.000777499370447251,7.43344752323181,0.000104594721092377,0.999916545487051,-14.5685119271324,14.5700669258733,1
"virus_comp_104_cycle_1_1","fixed","cond",NA,"onset_timeline_combinedt0-12",-19.3970035588728,7.10066370725309,-2.73171697162047,0.00630052399696319,-33.3140486914195,-5.47995842632606,0.697358371141608
"virus_comp_104_cycle_1_1","fixed","cond",NA,"onset_timeline_combinedt0-18",-16.8941952347883,7924.9607498725,-0.00213177020909032,0.998299094751266,-15549.5318438784,15515.7434534088,1
"virus_comp_104_cycle_1_1","fixed","cond",NA,"onset_timeline_combinedt0-24",-63.75300025476,218594.574159807,-0.000291649509141761,0.999767297362789,-428501.245569347,428373.739568838,1
"virus_comp_104_cycle_1_1","fixed","cond",NA,"onset_timeline_combinedt0-30",-31.1286881584253,10.9615149299713,-2.83981624413177,0.00451395277531448,-52.612862637167,-9.64451367968352,0.668065010746543
"virus_comp_104_cycle_1_1","fixed","cond",NA,"onset_timeline_combinedt0-36",-31.1287145359157,10.9614590760068,-2.83983312076149,0.00451371398361513,-52.6127795428987,-9.64464952893272,0.415174525657103
"virus_comp_104_cycle_1_1","fixed","cond",NA,"onset_timeline_combinedt0-over42",-45.331785741366,6753.18213544658,-0.0067126555795712,0.994644115973565,-13281.3255522559,13190.6619807732,1
"virus_comp_104_cycle_1_1","fixed","cond",NA,"SexMale",1.22638739512381,5.73302219176484,0.213916387221638,0.830612260862924,-10.0101296233041,12.4629044135518,1
"virus_comp_104_cycle_1_1","fixed","cond",NA,"Age.at.Gluten.Introduction..months.",0.142752520054746,1.26145168491595,0.113165269634768,0.909899529565797,-2.32964735061788,2.61515239072738,0.99999417197145
"virus_comp_104_cycle_1_1","fixed","cond",NA,"HLA.CategoryHigh Risk",21.2193051610645,6.85914093374058,3.09358057605804,0.00197756843841931,7.77563596604851,34.6629743560804,0.196230173052655
"virus_comp_104_cycle_1_1","fixed","cond",NA,"HLA.CategoryLow/No Risk",0.966950554276835,10.5177189080091,0.0919353866303194,0.926749376039978,-19.6473997049369,21.5813008134906,1
"virus_comp_104_cycle_1_1","fixed","cond",NA,"feeding_first_yearFormula",-21.8842404232998,8.72539083437382,-2.50811004787161,0.0121378858450425,-38.9856922097084,-4.78278863689124,0.423616161380843
"virus_comp_104_cycle_1_1","fixed","cond",NA,"feeding_first_yearBreastmilk_and_formula",-0.642928779594113,6.28402126225437,-0.102311681129396,0.918509283763604,-12.9593841316966,11.6735265725084,1
"virus_comp_104_cycle_1_1","fixed","cond",NA,"Delivery.ModeC-Section",41.1930083698092,13.9180228851387,2.95968821935147,0.00307950523920042,13.9141847789331,68.4718319606853,0.477323312076066
"virus_comp_104_cycle_1_1","fixed","cond",NA,"Dx.StatusCELIAC:onset_timeline_combinedt0-6",7.46728725708381,89.6187688380818,0.0833228056343341,0.933594867071217,-168.182272004377,183.116846518545,1
"virus_comp_104_cycle_1_1","fixed","cond",NA,"Dx.StatusCELIAC:onset_timeline_combinedt0-12",52.4876757462299,12.7621445649284,4.11276298267857,3.90951716269705e-05,27.4743320334767,77.5010194589831,0.0058251805724186
"virus_comp_104_cycle_1_1","fixed","cond",NA,"Dx.StatusCELIAC:onset_timeline_combinedt0-18",50.3298562549729,7924.97052283544,0.00635079412723993,0.994932833479049,-15482.326947044,15582.986659554,1
"virus_comp_104_cycle_1_1","fixed","cond",NA,"Dx.StatusCELIAC:onset_timeline_combinedt0-24",76.8337559446414,218594.574301705,0.000351489766798125,0.999719551747566,-428360.659091261,428514.32660315,1
"virus_comp_104_cycle_1_1","fixed","cond",NA,"Dx.StatusCELIAC:onset_timeline_combinedt0-30",31.1558709169954,11.1459490682224,2.79526406646,0.0051857337889853,9.31021216976171,53.0015296642291,0.777860068347795
"virus_comp_104_cycle_1_1","fixed","cond",NA,"Dx.StatusCELIAC:onset_timeline_combinedt0-36",29.2479069280419,11.1198408314639,2.63024510614254,0.00853233266177416,7.45341938455478,51.042394471529,0.69116243082395
"virus_comp_104_cycle_1_1","fixed","cond",NA,"Dx.StatusCELIAC:onset_timeline_combinedt0-over42",42.2422730994208,6753.18241261189,0.00625516541957039,0.995009132632835,-13193.7520366492,13278.236582848,1
"virus_comp_1044_cycle_1_1","fixed","cond",NA,"(Intercept)",-3.24292172768105,1.63866837516858,-1.9789981773142,0.0478162114787663,-6.45465272561625,-0.0311907297458598,0.103146399047053
"virus_comp_1044_cycle_1_1","fixed","cond",NA,"Dx.StatusCELIAC",-1.75278272160721,1.59951816445711,-1.09581920390515,0.273157902693643,-4.88778071656075,1.38221527334633,1
"virus_comp_1044_cycle_1_1","fixed","cond",NA,"onset_timeline_combinedt0-6",-21.0010011849451,31356.1822061582,-0.000669756319403598,0.9994656118132,-61477.9888179308,61435.9868155609,1
"virus_comp_1044_cycle_1_1","fixed","cond",NA,"onset_timeline_combinedt0-12",-23.0104356806071,41445.6485957446,-0.000555195453811035,0.999557018141934,-81254.9889992431,81208.9681278819,1
"virus_comp_1044_cycle_1_1","fixed","cond",NA,"onset_timeline_combinedt0-18",-21.3876457942348,32495.0307434107,-0.000658182045221539,0.999474846745836,-63710.477579401,63667.7022878125,1
"virus_comp_1044_cycle_1_1","fixed","cond",NA,"onset_timeline_combinedt0-24",0.437212604112339,1.13592718838461,0.38489491983557,0.700315269890652,-1.78916377418134,2.66358898240602,1
"virus_comp_1044_cycle_1_1","fixed","cond",NA,"onset_timeline_combinedt0-30",1.10203133624369,1.20492237377055,0.914607745887494,0.360397590844543,-1.2595731205131,3.46363579300048,1
"virus_comp_1044_cycle_1_1","fixed","cond",NA,"onset_timeline_combinedt0-36",0.43719728889314,1.13592807047373,0.384881138390049,0.700325480858378,-1.78918081826344,2.66357539604972,1
"virus_comp_1044_cycle_1_1","fixed","cond",NA,"onset_timeline_combinedt0-over42",-1.44263337849099,1.24651579152428,-1.15733261327311,0.247136493929057,-3.88575943603901,1.00049267905703,1
"virus_comp_1044_cycle_1_1","fixed","cond",NA,"SexMale",-0.858160285192669,1.17546678226101,-0.730059154493504,0.465354026913234,-3.16203284344743,1.44571227306209,1
"virus_comp_1044_cycle_1_1","fixed","cond",NA,"Age.at.Gluten.Introduction..months.",0.019368126106859,0.0761615094973013,0.25430333819139,0.799261221056282,-0.129905689516057,0.168641941729775,0.99999417197145
"virus_comp_1044_cycle_1_1","fixed","cond",NA,"HLA.CategoryHigh Risk",1.82571310288554,1.15804679302022,1.57654519134242,0.114900212558661,-0.444016903846202,4.09544310961729,0.542020711907043
"virus_comp_1044_cycle_1_1","fixed","cond",NA,"HLA.CategoryLow/No Risk",2.18304909428793,1.62164515783382,1.34619406948684,0.178239937172189,-0.99531701077012,5.36141519934598,1
"virus_comp_1044_cycle_1_1","fixed","cond",NA,"feeding_first_yearFormula",-1.51239884815363,1.54414467915851,-0.979441155072218,0.327362050657559,-4.53886680622347,1.51406910991621,1
"virus_comp_1044_cycle_1_1","fixed","cond",NA,"feeding_first_yearBreastmilk_and_formula",0.100707036331515,1.03294127701002,0.0974954129270778,0.922332976832033,-1.92382066475293,2.12523473741596,1
"virus_comp_1044_cycle_1_1","fixed","cond",NA,"Delivery.ModeC-Section",0.765956155886106,2.07492317772665,0.36914916374172,0.712016545356535,-3.30081854314553,4.83273085491774,1
"virus_comp_1044_cycle_1_1","fixed","cond",NA,"Dx.StatusCELIAC:onset_timeline_combinedt0-6",-1.64827930271688,232342.37978872,-7.09418274968063e-06,0.999994339661113,-455384.34474752,455381.048188915,1
"virus_comp_1044_cycle_1_1","fixed","cond",NA,"Dx.StatusCELIAC:onset_timeline_combinedt0-12",24.0849759131666,41445.6486208868,0.000581121944392224,0.999536331798723,-81207.8936369272,81256.0635887535,1
"virus_comp_1044_cycle_1_1","fixed","cond",NA,"Dx.StatusCELIAC:onset_timeline_combinedt0-18",-0.736141287096078,168709.241455652,-4.36337263296619e-06,0.999996518532343,-330664.773253437,330663.300970863,1
"virus_comp_1044_cycle_1_1","fixed","cond",NA,"Dx.StatusCELIAC:onset_timeline_combinedt0-24",-0.274360650136933,1.95610705611931,-0.140258504399668,0.888455748860093,-4.10826003003546,3.55953872976159,1
"virus_comp_1044_cycle_1_1","fixed","cond",NA,"Dx.StatusCELIAC:onset_timeline_combinedt0-30",0.618640481874174,1.89293871713811,0.326814849457717,0.743807927391742,-3.09145122865796,4.32873219240631,1
"virus_comp_1044_cycle_1_1","fixed","cond",NA,"Dx.StatusCELIAC:onset_timeline_combinedt0-36",-19.423758608869,12343.9232890589,-0.00157354822725489,0.998744490681913,-24213.0688330896,24174.2213158718,1
"virus_comp_1044_cycle_1_1","fixed","cond",NA,"Dx.StatusCELIAC:onset_timeline_combinedt0-over42",2.72737552200697,1.77894853812496,1.53313907825668,0.125241590941724,-0.75929954306812,6.21405058708207,1
"virus_comp_1142_cycle_1_2","fixed","cond",NA,"(Intercept)",-19.9801210926886,11.1904955869041,-1.78545453483496,0.07418761966534,-41.9130894121751,1.95284722679792,0.151024113610692
"virus_comp_1142_cycle_1_2","fixed","cond",NA,"Dx.StatusCELIAC",2.7971890181064,6.90931081114926,0.404843419924414,0.685592610263887,-10.7448113297394,16.3391893659522,1
"virus_comp_1142_cycle_1_2","fixed","cond",NA,"onset_timeline_combinedt0-6",-9.15301740138809,446.140476631338,-0.0205159986166231,0.983631749712067,-883.572283644343,865.266248841567,1
"virus_comp_1142_cycle_1_2","fixed","cond",NA,"onset_timeline_combinedt0-12",-15.7272414277017,1228.88168406676,-0.0127980110954663,0.989788943281983,-2424.29108345948,2392.83660060408,1
"virus_comp_1142_cycle_1_2","fixed","cond",NA,"onset_timeline_combinedt0-18",-9.701026306497,557.035658163268,-0.0174154493780246,0.986105184203403,-1101.47085441107,1082.06880179807,1
"virus_comp_1142_cycle_1_2","fixed","cond",NA,"onset_timeline_combinedt0-24",0.0601655006312604,2.36202210176324,0.0254720311830898,0.9796784571292,-4.56931274951228,4.6896437507748,1
"virus_comp_1142_cycle_1_2","fixed","cond",NA,"onset_timeline_combinedt0-30",-13.7108294873445,484.343146745768,-0.0283080902031247,0.977416428137969,-963.005953267848,935.584294293159,1
"virus_comp_1142_cycle_1_2","fixed","cond",NA,"onset_timeline_combinedt0-36",-19.6970065648912,8938.95864939141,-0.00220350125081205,0.998241861795017,-17539.7340186649,17500.3400055351,1
"virus_comp_1142_cycle_1_2","fixed","cond",NA,"onset_timeline_combinedt0-over42",-1.97073752059796,2.15530237149495,-0.914367072881298,0.360523997511775,-6.19505254452183,2.25357750332591,1
"virus_comp_1142_cycle_1_2","fixed","cond",NA,"SexMale",-1.54281131651788,6.0892752468691,-0.25336534381676,0.799985905730777,-13.4775714923326,10.3919488592968,1
"virus_comp_1142_cycle_1_2","fixed","cond",NA,"Age.at.Gluten.Introduction..months.",0.895256874150104,0.580819808449727,1.5413676688122,0.123227328148576,-0.243129031918814,2.03364278021902,0.534261881153218
"virus_comp_1142_cycle_1_2","fixed","cond",NA,"HLA.CategoryHigh Risk",-3.27060431224147,6.68125698249787,-0.489519310634077,0.624474086571703,-16.365627369394,9.82441874491111,0.992982795983933
"virus_comp_1142_cycle_1_2","fixed","cond",NA,"HLA.CategoryLow/No Risk",4.72773758652592,11.3368574372447,0.417023642812514,0.676661114428011,-17.4920946883387,26.9475698613906,1
"virus_comp_1142_cycle_1_2","fixed","cond",NA,"feeding_first_yearFormula",6.00424169116579,8.13182929217704,0.738362977804019,0.460293905757688,-9.93385084992905,21.9423342322606,1
"virus_comp_1142_cycle_1_2","fixed","cond",NA,"feeding_first_yearBreastmilk_and_formula",-9.98408324655202,8.1924696973107,-1.21869028698751,0.222961765907735,-26.0410287977167,6.0728623046127,0.822255833681735
"virus_comp_1142_cycle_1_2","fixed","cond",NA,"Delivery.ModeC-Section",-1.01765827586695,18.3536903451425,-0.0554470657796774,0.955782300413105,-36.9902303357468,34.9549137840129,1
"virus_comp_1142_cycle_1_2","fixed","cond",NA,"Dx.StatusCELIAC:onset_timeline_combinedt0-6",24.6156651319912,446.234753620226,0.0551630390333531,0.956008574656625,-849.988380613756,899.219710877738,1
"virus_comp_1142_cycle_1_2","fixed","cond",NA,"Dx.StatusCELIAC:onset_timeline_combinedt0-12",-10.1106789366444,1257.26259203697,-0.00804181958540854,0.99358362547086,-2474.30007843857,2454.07872056529,1
"virus_comp_1142_cycle_1_2","fixed","cond",NA,"Dx.StatusCELIAC:onset_timeline_combinedt0-18",-3.17976866190469,2351.89737107926,-0.00135200145253172,0.998921259243482,-4612.81391131169,4606.45437398788,1
"virus_comp_1142_cycle_1_2","fixed","cond",NA,"Dx.StatusCELIAC:onset_timeline_combinedt0-24",-37.0013816338761,68370.3704139855,-0.000541190305242332,0.999568192632069,-134040.465002708,133966.46223944,1
"virus_comp_1142_cycle_1_2","fixed","cond",NA,"Dx.StatusCELIAC:onset_timeline_combinedt0-30",1.06951474358638,2122.74393897065,0.000503835966247064,0.999597997078362,-4159.43215403958,4161.57118352675,1
"virus_comp_1142_cycle_1_2","fixed","cond",NA,"Dx.StatusCELIAC:onset_timeline_combinedt0-36",-7.73347258686842,8958.30893962069,-0.000863273709244935,0.999311207321199,-17565.6963566266,17550.2294114529,1
"virus_comp_1142_cycle_1_2","fixed","cond",NA,"Dx.StatusCELIAC:onset_timeline_combinedt0-over42",-34.4187321102293,23204.5293573623,-0.00148327645780538,0.99881651704888,-45514.4605507427,45445.6230865223,1
"virus_comp_12_cycle_1_7","fixed","cond",NA,"(Intercept)",-2.0583740082716,1.64583731247114,-1.25065460156633,0.21106052040148,-5.28415586512724,1.16740784858404,0.370583006751436
"virus_comp_12_cycle_1_7","fixed","cond",NA,"Dx.StatusCELIAC",0.161293780764102,1.52053291717245,0.106077138444356,0.915521149668484,-2.81889597420152,3.14148353572972,1
"virus_comp_12_cycle_1_7","fixed","cond",NA,"onset_timeline_combinedt0-6",2.18327184416167,1.7248686464161,1.2657612211214,0.205598582540031,-1.19740858087624,5.56395226919958,1
"virus_comp_12_cycle_1_7","fixed","cond",NA,"onset_timeline_combinedt0-12",0.0443818380192669,1.50415708271111,0.0295061190944714,0.976460938736055,-2.90371187118535,2.99247554722389,1
"virus_comp_12_cycle_1_7","fixed","cond",NA,"onset_timeline_combinedt0-18",2.37156544156109,1.4494200774593,1.63621677279249,0.101794227285827,-0.469245708728388,5.21237659185057,1
"virus_comp_12_cycle_1_7","fixed","cond",NA,"onset_timeline_combinedt0-24",0.210773807326166,1.51257304705368,0.139347853471757,0.8891752771168,-2.75381488888505,3.17536250353738,1
"virus_comp_12_cycle_1_7","fixed","cond",NA,"onset_timeline_combinedt0-30",3.44523008394863,1.32487197460141,2.60042490896914,0.00931083937069691,0.848528729603407,6.04193143829386,0.689002113431571
"virus_comp_12_cycle_1_7","fixed","cond",NA,"onset_timeline_combinedt0-36",1.64057372819911,1.28492336646306,1.27678721627971,0.201677379989445,-0.877829792962435,4.15897724936066,0.470410907520644
"virus_comp_12_cycle_1_7","fixed","cond",NA,"onset_timeline_combinedt0-over42",1.1319689981242,1.24543733350074,0.908892778203781,0.363406726230111,-1.30904332053886,3.57298131678725,1
"virus_comp_12_cycle_1_7","fixed","cond",NA,"SexMale",-1.10152721138987,0.934600130605087,-1.17860802210322,0.238554295788632,-2.93330980732227,0.730255384542527,1
"virus_comp_12_cycle_1_7","fixed","cond",NA,"Age.at.Gluten.Introduction..months.",-0.0496254584470515,0.140227113879615,-0.353893459503523,0.723418728827396,-0.324465551307094,0.225214634412991,0.99999417197145
"virus_comp_12_cycle_1_7","fixed","cond",NA,"HLA.CategoryHigh Risk",-1.3088490037234,0.655693159238732,-1.99613033212515,0.0459197382012531,-2.5939839807406,-0.0237140267061975,0.325975905232475
"virus_comp_12_cycle_1_7","fixed","cond",NA,"HLA.CategoryLow/No Risk",-23.3318819073781,62541.9894466249,-0.000373059477541727,0.999702341609513,-122603.378718776,122556.714954962,1
"virus_comp_12_cycle_1_7","fixed","cond",NA,"feeding_first_yearFormula",0.49543465017077,0.898939054884721,0.551132635164354,0.581542755125671,-1.26645352169976,2.2573228220413,1
"virus_comp_12_cycle_1_7","fixed","cond",NA,"feeding_first_yearBreastmilk_and_formula",0.776387279569557,0.614717215057503,1.26299908405352,0.206589508888931,-0.428436322619911,1.98121088175903,0.822255833681735
"virus_comp_12_cycle_1_7","fixed","cond",NA,"Delivery.ModeC-Section",22.3426984011328,62541.9894518574,0.000357243167301729,0.99971496119842,-122557.704148723,122602.389545525,1
"virus_comp_12_cycle_1_7","fixed","cond",NA,"Dx.StatusCELIAC:onset_timeline_combinedt0-6",-27.1373501499589,371928.713187641,-7.29638481454586e-05,0.99994178327212,-728994.020014254,728939.745313954,1
"virus_comp_12_cycle_1_7","fixed","cond",NA,"Dx.StatusCELIAC:onset_timeline_combinedt0-12",0.980377983922468,2.01875081739656,0.485635956391483,0.627225298373232,-2.97630091193559,4.93705687978052,1
"virus_comp_12_cycle_1_7","fixed","cond",NA,"Dx.StatusCELIAC:onset_timeline_combinedt0-18",-0.860415142324327,2.00616987840957,-0.428884488588991,0.668007289011672,-4.79243585087618,3.07160556622753,1
"virus_comp_12_cycle_1_7","fixed","cond",NA,"Dx.StatusCELIAC:onset_timeline_combinedt0-24",-22.3190630827883,75311.5116085555,-0.00029635659417906,0.999763541652474,-147630.169437122,147585.531310956,1
"virus_comp_12_cycle_1_7","fixed","cond",NA,"Dx.StatusCELIAC:onset_timeline_combinedt0-30",-28.4401051061328,325952.99126689,-8.72521678527748e-05,0.999930382842462,-638884.56364131,638827.683431097,1
"virus_comp_12_cycle_1_7","fixed","cond",NA,"Dx.StatusCELIAC:onset_timeline_combinedt0-36",-23.7218715298601,74301.9549368457,-0.000319263087357835,0.99974526491609,-145652.877528665,145605.433785606,1
"virus_comp_12_cycle_1_7","fixed","cond",NA,"Dx.StatusCELIAC:onset_timeline_combinedt0-over42",-0.800169551736081,1.95905742249496,-0.408446195883847,0.682946123941227,-4.63985154347208,3.03951243999991,1
"virus_comp_12035_cycle_1_2","fixed","cond",NA,"(Intercept)",-1.15592628165682,6.67308086799725,-0.173222279861827,0.862476711563136,-14.2349244488547,11.9230718855411,0.999999834899283
"virus_comp_12035_cycle_1_2","fixed","cond",NA,"Dx.StatusCELIAC",-9.50596879804098,5.78684811532387,-1.64268503485839,0.100448116662188,-20.8479826880792,1.83604509199729,1
"virus_comp_12035_cycle_1_2","fixed","cond",NA,"onset_timeline_combinedt0-6",-18.3868697202229,15227.0962439455,-0.00120750991690446,0.999036546714418,-29862.9470969786,29826.1733575382,1
"virus_comp_12035_cycle_1_2","fixed","cond",NA,"onset_timeline_combinedt0-12",-5.89365630267105,2.78248491805211,-2.11812695351352,0.0341643173898839,-11.3472265295791,-0.440086075763022,0.854107934747097
"virus_comp_12035_cycle_1_2","fixed","cond",NA,"onset_timeline_combinedt0-18",-4.00097662617083,3.34868647657561,-1.19478985391975,0.232169145437095,-10.5642815157753,2.56232826343369,1
"virus_comp_12035_cycle_1_2","fixed","cond",NA,"onset_timeline_combinedt0-24",-30.0928499891729,116288.792819925,-0.000258776871437405,0.999793525931892,-227951.938582683,227891.752882705,1
"virus_comp_12035_cycle_1_2","fixed","cond",NA,"onset_timeline_combinedt0-30",-32.1607668007124,337272.470501178,-9.53554458593146e-05,0.999923917362076,-661074.055925957,661009.734392356,1
"virus_comp_12035_cycle_1_2","fixed","cond",NA,"onset_timeline_combinedt0-36",-5.8929301305124,2.7850843422505,-2.11588928964018,0.0343542245586435,-11.3515951352298,-0.434265125794998,0.415174525657103
"virus_comp_12035_cycle_1_2","fixed","cond",NA,"onset_timeline_combinedt0-over42",-27.1038603007346,34300.5461664777,-0.000790187426438809,0.999369521717915,-67254.9389966504,67200.7312760489,1
"virus_comp_12035_cycle_1_2","fixed","cond",NA,"SexMale",1.61547465749791,3.28899240099902,0.49117615991062,0.623301858957477,-4.83083199388608,8.0617813088819,1
"virus_comp_12035_cycle_1_2","fixed","cond",NA,"Age.at.Gluten.Introduction..months.",-0.361428285200258,0.601990037160284,-0.600389147476913,0.548246918754687,-1.54130707708634,0.818450506685827,0.946198952944221
"virus_comp_12035_cycle_1_2","fixed","cond",NA,"HLA.CategoryHigh Risk",0.908758365641706,3.51581537620787,0.258477271528941,0.796038587781327,-5.98211314801786,7.79962987930127,0.992982795983933
"virus_comp_12035_cycle_1_2","fixed","cond",NA,"HLA.CategoryLow/No Risk",2.54536033485046,4.40832511273611,0.577398506180193,0.5636702830967,-6.09479811825578,11.1855187879567,1
"virus_comp_12035_cycle_1_2","fixed","cond",NA,"feeding_first_yearFormula",-31.6396656344906,604601.321869518,-5.23314529592096e-05,0.999958245541659,-1185028.4555352,1184965.17620393,1
"virus_comp_12035_cycle_1_2","fixed","cond",NA,"feeding_first_yearBreastmilk_and_formula",2.32743168522225,3.76743251832626,0.617776608844541,0.536722604540709,-5.05660036488226,9.71146373532675,0.983991441657966
"virus_comp_12035_cycle_1_2","fixed","cond",NA,"Delivery.ModeC-Section",4.16432007671253,10.6864922595985,0.3896807273661,0.696772649486095,-16.7808198731665,25.1094600265916,1
"virus_comp_12035_cycle_1_2","fixed","cond",NA,"Dx.StatusCELIAC:onset_timeline_combinedt0-6",-9.40920837789676,3355806.46774301,-2.80385906289317e-06,0.999997762844143,-6577269.22507125,6577250.40665449,1
"virus_comp_12035_cycle_1_2","fixed","cond",NA,"Dx.StatusCELIAC:onset_timeline_combinedt0-12",7.77965996621531,7.27176746813925,1.06984443607436,0.284689336953728,-6.47274237528762,22.0320623077182,1
"virus_comp_12035_cycle_1_2","fixed","cond",NA,"Dx.StatusCELIAC:onset_timeline_combinedt0-18",9.47174348313188,7.62490720783666,1.24221098368215,0.214158728199433,-5.47280002968783,24.4162869959516,1
"virus_comp_12035_cycle_1_2","fixed","cond",NA,"Dx.StatusCELIAC:onset_timeline_combinedt0-24",34.8265556695855,116288.79300843,0.000299483336000065,0.99976104687356,-227887.019546486,227956.672657825,1
"virus_comp_12035_cycle_1_2","fixed","cond",NA,"Dx.StatusCELIAC:onset_timeline_combinedt0-30",31.990892452854,337272.470522585,9.48517748966758e-05,0.999924319233359,-661009.904308661,661073.886093567,1
"virus_comp_12035_cycle_1_2","fixed","cond",NA,"Dx.StatusCELIAC:onset_timeline_combinedt0-36",-22.7734867919327,278568.379689264,-8.17518729776003e-05,0.999934771442807,-546006.764909429,545961.217935845,1
"virus_comp_12035_cycle_1_2","fixed","cond",NA,"Dx.StatusCELIAC:onset_timeline_combinedt0-over42",27.5261685776276,34300.5463214936,0.000802499421426969,0.999359698170316,-67200.3092715977,67255.3616087529,1
"virus_comp_1260_cycle_2_15","fixed","cond",NA,"(Intercept)",-6.22557772200448,2.79152564353759,-2.2301703501871,0.0257361358438761,-11.6968674452581,-0.75428799875082,0.0654570784383118
"virus_comp_1260_cycle_2_15","fixed","cond",NA,"Dx.StatusCELIAC",-2.00859836527008,2.25824880218815,-0.889449543081274,0.373761528958894,-6.43468468568958,2.41748795514941,1
"virus_comp_1260_cycle_2_15","fixed","cond",NA,"onset_timeline_combinedt0-6",-18.2559053266289,18807.7696688143,-0.000970657640331461,0.999225527376569,-36880.8070857274,36844.2952750742,1
"virus_comp_1260_cycle_2_15","fixed","cond",NA,"onset_timeline_combinedt0-12",0.881824596917352,1.28182073216023,0.687946898339854,0.491486221713126,-1.63049787275347,3.39414706658817,1
"virus_comp_1260_cycle_2_15","fixed","cond",NA,"onset_timeline_combinedt0-18",0.995137099632024,1.97146995289201,0.504769092814336,0.613721026268314,-2.8688730046392,4.85914720390325,1
"virus_comp_1260_cycle_2_15","fixed","cond",NA,"onset_timeline_combinedt0-24",-27.3815461082119,459097.04523466,-5.96421745520411e-05,0.99995241242978,-899841.055614798,899786.292522582,1
"virus_comp_1260_cycle_2_15","fixed","cond",NA,"onset_timeline_combinedt0-30",-28.5975425004454,899786.510105559,-3.17825864016238e-05,0.999974641165012,-1763577.75112438,1763520.55603938,1
"virus_comp_1260_cycle_2_15","fixed","cond",NA,"onset_timeline_combinedt0-36",-24.268029578872,96993.038932541,-0.000250203827470036,0.999800366231091,-190127.131088451,190078.595029293,1
"virus_comp_1260_cycle_2_15","fixed","cond",NA,"onset_timeline_combinedt0-over42",-1.62120748695468,1.53689125683151,-1.05486154583051,0.291488651540715,-4.63345899849893,1.39104402458957,1
"virus_comp_1260_cycle_2_15","fixed","cond",NA,"SexMale",0.379404681470252,1.83888565454112,0.206323150399979,0.836538496144496,-3.22474497311771,3.98355433605822,1
"virus_comp_1260_cycle_2_15","fixed","cond",NA,"Age.at.Gluten.Introduction..months.",0.146032352670116,0.151185700246851,0.965913789675072,0.334087321535417,-0.150286174791181,0.442350880131412,0.845618322752318
"virus_comp_1260_cycle_2_15","fixed","cond",NA,"HLA.CategoryHigh Risk",-0.0400684455044548,1.77635537868529,-0.0225565480788592,0.982004004609804,-3.52166101147163,3.44152412046272,1
"virus_comp_1260_cycle_2_15","fixed","cond",NA,"HLA.CategoryLow/No Risk",-1.6945189871219,3.53936307948972,-0.478763819666167,0.632106658285594,-8.63154315113253,5.24250517688872,1
"virus_comp_1260_cycle_2_15","fixed","cond",NA,"feeding_first_yearFormula",3.10643925059421,2.38275791647188,1.30371584503804,0.192330484903836,-1.56368044956836,7.77655895075679,1
"virus_comp_1260_cycle_2_15","fixed","cond",NA,"feeding_first_yearBreastmilk_and_formula",2.40373719481103,1.94788379211446,1.23402494776227,0.217193608101896,-1.41404488380262,6.22151927342468,0.822255833681735
"virus_comp_1260_cycle_2_15","fixed","cond",NA,"Delivery.ModeC-Section",0.197713891717434,4.07176823788905,0.0485572557587256,0.961272134718707,-7.78280520793923,8.1782329913741,1
"virus_comp_1260_cycle_2_15","fixed","cond",NA,"Dx.StatusCELIAC:onset_timeline_combinedt0-6",-3.74284845410115,216636.322001889,-1.72771048710313e-05,0.999986214864769,-424603.131715378,424595.64601847,1
"virus_comp_1260_cycle_2_15","fixed","cond",NA,"Dx.StatusCELIAC:onset_timeline_combinedt0-12",-28.2991582672757,593498.33066422,-4.7681950908951e-05,0.999961955307555,-1163263.65214478,1163207.05382825,1
"virus_comp_1260_cycle_2_15","fixed","cond",NA,"Dx.StatusCELIAC:onset_timeline_combinedt0-18",-21.1004313980348,68487.146298769,-0.000308093307114683,0.999754177110855,-134253.440580911,134211.239718115,1
"virus_comp_1260_cycle_2_15","fixed","cond",NA,"Dx.StatusCELIAC:onset_timeline_combinedt0-24",27.623393201975,459097.045239081,6.01689631602611e-05,0.999951992113284,-899786.050684153,899841.297470557,1
"virus_comp_1260_cycle_2_15","fixed","cond",NA,"Dx.StatusCELIAC:onset_timeline_combinedt0-30",29.4241464958029,899786.510107468,3.27012532031499e-05,0.999973908174955,-1763519.72943913,1763578.57773212,1
"virus_comp_1260_cycle_2_15","fixed","cond",NA,"Dx.StatusCELIAC:onset_timeline_combinedt0-36",-4.7686437412619,1356142.37355104,-3.51632972633638e-06,0.999997194374801,-2657994.97871244,2657985.44142496,1
"virus_comp_1260_cycle_2_15","fixed","cond",NA,"Dx.StatusCELIAC:onset_timeline_combinedt0-over42",2.21263411170762,2.25992981004922,0.979072049879029,0.327544380721034,-2.21674692357731,6.64201514699254,1
"virus_comp_12691_cycle_1_3","fixed","cond",NA,"(Intercept)",-3.7502588276881,1.73245429574523,-2.16470866613823,0.0304100030018106,-7.14580685221045,-0.354710803165751,0.0717486008323968
"virus_comp_12691_cycle_1_3","fixed","cond",NA,"Dx.StatusCELIAC",0.113194662032168,1.51566296118624,0.0746832672770308,0.940466721267184,-2.8574501545942,3.08383947865853,1
"virus_comp_12691_cycle_1_3","fixed","cond",NA,"onset_timeline_combinedt0-6",-18.1495814038568,14051.3060163831,-0.00129166508669694,0.998969400656172,-27558.2033092657,27521.904146458,1
"virus_comp_12691_cycle_1_3","fixed","cond",NA,"onset_timeline_combinedt0-12",-17.0453456668394,5623.96271598344,-0.00303084257980518,0.997581741201707,-11039.8097193904,11005.7190280568,1
"virus_comp_12691_cycle_1_3","fixed","cond",NA,"onset_timeline_combinedt0-18",-17.6519545150666,9774.96591951107,-0.00180583284488316,0.998559154636784,-19176.2331068632,19140.9291978331,1
"virus_comp_12691_cycle_1_3","fixed","cond",NA,"onset_timeline_combinedt0-24",-16.2695055100107,3806.05926850707,-0.00427463272698653,0.996589346930889,-7476.00859480873,7443.46958378871,1
"virus_comp_12691_cycle_1_3","fixed","cond",NA,"onset_timeline_combinedt0-30",0.474268745981233,1.52189844484878,0.311629693549202,0.75532196502798,-2.5085973940499,3.45713488601236,1
"virus_comp_12691_cycle_1_3","fixed","cond",NA,"onset_timeline_combinedt0-36",0.330409871719463,1.5074300451792,0.219187532301165,0.826503967139346,-2.62409872604535,3.28491846948428,1
"virus_comp_12691_cycle_1_3","fixed","cond",NA,"onset_timeline_combinedt0-over42",1.58334928520846,1.29407803592267,1.22353462562213,0.221127834370459,-0.952997058384293,4.11969562880122,1
"virus_comp_12691_cycle_1_3","fixed","cond",NA,"SexMale",-0.778961889218213,0.929203216299447,-0.838311658369446,0.40185568990178,-2.60016672748391,1.04224294904749,1
"virus_comp_12691_cycle_1_3","fixed","cond",NA,"Age.at.Gluten.Introduction..months.",0.128062775175832,0.127420959285444,1.00503697267692,0.31487904704288,-0.121677715899182,0.377803266250846,0.81481806066336
"virus_comp_12691_cycle_1_3","fixed","cond",NA,"HLA.CategoryHigh Risk",0.667348040211501,0.698666427268124,0.955174048967715,0.339489687024531,-0.702012994441294,2.0367090748643,0.921472007638012
"virus_comp_12691_cycle_1_3","fixed","cond",NA,"HLA.CategoryLow/No Risk",-3.07942288050833,3.72985142978396,-0.825615426909027,0.409022281169812,-10.3897973505701,4.23095158955346,1
"virus_comp_12691_cycle_1_3","fixed","cond",NA,"feeding_first_yearFormula",-0.423375575172343,1.03420299629062,-0.409373765779895,0.68226538895092,-2.45037620060537,1.60362505026069,1
"virus_comp_12691_cycle_1_3","fixed","cond",NA,"feeding_first_yearBreastmilk_and_formula",-0.707864352433952,0.705411015177795,-1.00347788339475,0.315630342726116,-2.09044453648027,0.674715831612363,0.822255833681735
"virus_comp_12691_cycle_1_3","fixed","cond",NA,"Delivery.ModeC-Section",2.63775460285492,3.35733849963052,0.785668351030201,0.432061809426058,-3.94250794033064,9.21801714604047,1
"virus_comp_12691_cycle_1_3","fixed","cond",NA,"Dx.StatusCELIAC:onset_timeline_combinedt0-6",20.2243593426529,14051.3061244917,0.00143932237782518,0.998851587293233,-27519.8295804081,27560.2782990934,1
"virus_comp_12691_cycle_1_3","fixed","cond",NA,"Dx.StatusCELIAC:onset_timeline_combinedt0-12",17.1255244823793,5623.9629132199,0.00304509911367363,0.997570366185935,-11005.6392358176,11039.8902847823,1
"virus_comp_12691_cycle_1_3","fixed","cond",NA,"Dx.StatusCELIAC:onset_timeline_combinedt0-18",19.4377185012522,9774.96601898231,0.00198852031439347,0.998413391387934,-19139.1436288069,19178.0190658094,1
"virus_comp_12691_cycle_1_3","fixed","cond",NA,"Dx.StatusCELIAC:onset_timeline_combinedt0-24",-5.00591524005515,44603.4776407046,-0.000112231500879358,0.999910452218401,-87426.2156762586,87416.2038457785,1
"virus_comp_12691_cycle_1_3","fixed","cond",NA,"Dx.StatusCELIAC:onset_timeline_combinedt0-30",-23.2281463380569,103767.313252003,-0.000223848393199181,0.999821394824597,-203403.42489275,203356.968600074,1
"virus_comp_12691_cycle_1_3","fixed","cond",NA,"Dx.StatusCELIAC:onset_timeline_combinedt0-36",0.756108463659256,1.99723355547534,0.378577889193988,0.705001343968246,-3.15839737378728,4.67061430110579,1
"virus_comp_12691_cycle_1_3","fixed","cond",NA,"Dx.StatusCELIAC:onset_timeline_combinedt0-over42",-0.630991897598862,1.82292561408812,-0.346142427712007,0.729235679233664,-4.20386044770713,2.94187665250941,1
"virus_comp_1298_cycle_1_7","fixed","cond",NA,"(Intercept)",-43.7067926436466,8362.72105564131,-0.00522638413416443,0.995829967774669,-16434.3388744554,16346.9252891681,0.999999834899283
"virus_comp_1298_cycle_1_7","fixed","cond",NA,"Dx.StatusCELIAC",15.8144458546967,8526.25894149558,0.00185479305322654,0.998520090107891,-16695.3460023392,16726.9748940486,1
"virus_comp_1298_cycle_1_7","fixed","cond",NA,"onset_timeline_combinedt0-6",-3.35148047520246,794604.664904506,-4.21779612331527e-06,0.999996634685593,-1557399.87664083,1557393.17367987,1
"virus_comp_1298_cycle_1_7","fixed","cond",NA,"onset_timeline_combinedt0-12",-2.04919790128629,24788.211163638,-8.2668244503753e-05,0.999934040284117,-48586.0503198055,48581.9519240029,1
"virus_comp_1298_cycle_1_7","fixed","cond",NA,"onset_timeline_combinedt0-18",-1.09032796744051,261845.421512746,-4.16401387177751e-06,0.999996677597621,-513208.686009659,513206.505353724,1
"virus_comp_1298_cycle_1_7","fixed","cond",NA,"onset_timeline_combinedt0-24",-2.15728194467961,25975.316194304,-8.30512294265227e-05,0.999933734706361,-50912.8415098206,50908.5269459312,1
"virus_comp_1298_cycle_1_7","fixed","cond",NA,"onset_timeline_combinedt0-30",-2.92326922281685,556678.31738911,-5.25127193120678e-06,0.999995810091202,-1091072.37632624,1091066.52978779,1
"virus_comp_1298_cycle_1_7","fixed","cond",NA,"onset_timeline_combinedt0-36",24.3345513502648,8362.69353178468,0.00290989395435511,0.997678243816819,-16366.2435846938,16414.9126873943,1
"virus_comp_1298_cycle_1_7","fixed","cond",NA,"onset_timeline_combinedt0-over42",-4.92928836486794,44837.5320562323,-0.000109936656609154,0.999912283239202,-87884.8772742403,87875.0186975106,1
"virus_comp_1298_cycle_1_7","fixed","cond",NA,"SexMale",4.26350219755104,21.9283051126017,0.194429171596162,0.84583985009679,-38.7151860651538,47.2421904602559,1
"virus_comp_1298_cycle_1_7","fixed","cond",NA,"Age.at.Gluten.Introduction..months.",1.0387633307391,0.577163712549668,1.79977241838417,0.0718965807961121,-0.092456759041674,2.16998342051988,0.534261881153218
"virus_comp_1298_cycle_1_7","fixed","cond",NA,"HLA.CategoryHigh Risk",4.23408240803264,2.30476430780056,1.83709995581858,0.0661951407027606,-0.283172628109837,8.75133744417512,0.419235891117484
"virus_comp_1298_cycle_1_7","fixed","cond",NA,"HLA.CategoryLow/No Risk",1.57019881912641,20.4264869553174,0.0768707229275982,0.938726388330837,-38.464979943973,41.6053775822258,1
"virus_comp_1298_cycle_1_7","fixed","cond",NA,"feeding_first_yearFormula",-9.76763765539494,24.2351315925507,-0.403036295391822,0.686921523849073,-57.2676227373831,37.7323474265933,1
"virus_comp_1298_cycle_1_7","fixed","cond",NA,"feeding_first_yearBreastmilk_and_formula",-27.4958115146683,25.5778254962501,-1.07498628132792,0.282380870397388,-77.6274282901688,22.6358052608322,0.822255833681735
"virus_comp_1298_cycle_1_7","fixed","cond",NA,"Delivery.ModeC-Section",23.4491187362892,35.1682209150143,0.666770115922415,0.504918984056169,-45.4793276574871,92.3775651300655,1
"virus_comp_1298_cycle_1_7","fixed","cond",NA,"Dx.StatusCELIAC:onset_timeline_combinedt0-6",-0.100602804212516,796848.947654884,-1.26250783801107e-07,0.999999899266449,-1561795.33912502,1561795.13791941,1
"virus_comp_1298_cycle_1_7","fixed","cond",NA,"Dx.StatusCELIAC:onset_timeline_combinedt0-12",18.4686203148466,24843.8611761154,0.000743387679713898,0.999406862502296,-48674.6045217843,48711.541762414,1
"virus_comp_1298_cycle_1_7","fixed","cond",NA,"Dx.StatusCELIAC:onset_timeline_combinedt0-18",17.2567129761604,261850.685762567,6.59028748613164e-05,0.999947417113674,-513200.656708771,513235.170134723,1
"virus_comp_1298_cycle_1_7","fixed","cond",NA,"Dx.StatusCELIAC:onset_timeline_combinedt0-24",17.4781042196139,26028.4184625454,0.000671500815340152,0.999464219907139,-50997.2846569068,51032.2408653461,1
"virus_comp_1298_cycle_1_7","fixed","cond",NA,"Dx.StatusCELIAC:onset_timeline_combinedt0-30",-1.20640794721942,556902.068943584,-2.16628383067048e-06,0.999998271555577,-1091509.20445321,1091506.79163732,1
"virus_comp_1298_cycle_1_7","fixed","cond",NA,"Dx.StatusCELIAC:onset_timeline_combinedt0-36",-9.01372924615164,8526.23925941981,-0.00105717526472099,0.999156496335336,-16720.1356012804,16702.1081427881,1
"virus_comp_1298_cycle_1_7","fixed","cond",NA,"Dx.StatusCELIAC:onset_timeline_combinedt0-over42",-2.74160673809529,78217.9614265875,-3.50508590110528e-05,0.999972033460758,-153307.128946993,153301.645733517,1
"virus_comp_13180_cycle_1_1","fixed","cond",NA,"(Intercept)",-9.32555494124106,3.80377886060523,-2.45165538875655,0.0142200774370604,-16.7808245131821,-1.8702853693,0.0596453248054477
"virus_comp_13180_cycle_1_1","fixed","cond",NA,"Dx.StatusCELIAC",0.523159910108744,2.70945194747545,0.193086985947915,0.846890844581839,-4.78726832478505,5.83358814500254,1
"virus_comp_13180_cycle_1_1","fixed","cond",NA,"onset_timeline_combinedt0-6",-16.7935613519257,11858.6030650823,-0.00141615005239313,0.998870076115089,-23259.2284758696,23225.6413531658,1
"virus_comp_13180_cycle_1_1","fixed","cond",NA,"onset_timeline_combinedt0-12",-1.2783878225219,1.72875174449697,-0.739486063624412,0.45961189920059,-4.66667897994676,2.10990333490296,1
"virus_comp_13180_cycle_1_1","fixed","cond",NA,"onset_timeline_combinedt0-18",-30.6653279965741,2228971.1942884,-1.37576152061328e-05,0.999989023011234,-4368733.9287105,4368672.59805451,1
"virus_comp_13180_cycle_1_1","fixed","cond",NA,"onset_timeline_combinedt0-24",-1.28503867197043,1.72559746876851,-0.744692024199313,0.456457921876436,-4.66714756257019,2.09707021862932,1
"virus_comp_13180_cycle_1_1","fixed","cond",NA,"onset_timeline_combinedt0-30",-0.824286084832723,1.88772406743164,-0.436656023543849,0.662360826479155,-4.52415726974821,2.87558510008276,1
"virus_comp_13180_cycle_1_1","fixed","cond",NA,"onset_timeline_combinedt0-36",0.120191898380366,1.54567340143259,0.0777602165301984,0.938018793194636,-2.90927230028903,3.14965609704976,1
"virus_comp_13180_cycle_1_1","fixed","cond",NA,"onset_timeline_combinedt0-over42",-1.98069891722919,1.62415798270704,-1.21952355517035,0.222645541106348,-5.16399006853821,1.20259223407982,1
"virus_comp_13180_cycle_1_1","fixed","cond",NA,"SexMale",-0.759961093879432,2.59373411503821,-0.292998842662112,0.769523036315635,-5.84358654482718,4.32366435706832,1
"virus_comp_13180_cycle_1_1","fixed","cond",NA,"Age.at.Gluten.Introduction..months.",0.348940628381663,0.223224175626025,1.56318475542835,0.118009144742115,-0.0885707163239899,0.786451973087315,0.534261881153218
"virus_comp_13180_cycle_1_1","fixed","cond",NA,"HLA.CategoryHigh Risk",0.395309497705161,2.26783986396134,0.174311027858314,0.861621032942529,-4.04957495836328,4.84019395377361,0.992982795983933
"virus_comp_13180_cycle_1_1","fixed","cond",NA,"HLA.CategoryLow/No Risk",0.118300061025903,4.37574747706906,0.0270353949001513,0.978431503293548,-8.45800739947146,8.69460752152326,1
"virus_comp_13180_cycle_1_1","fixed","cond",NA,"feeding_first_yearFormula",0.785246505746221,3.08601492440263,0.254453243092537,0.799145422095623,-5.26323160183603,6.83372461332848,1
"virus_comp_13180_cycle_1_1","fixed","cond",NA,"feeding_first_yearBreastmilk_and_formula",-1.10359818948174,2.47110238349667,-0.446601564084173,0.655162766100944,-5.94686986324629,3.73967348428281,1
"virus_comp_13180_cycle_1_1","fixed","cond",NA,"Delivery.ModeC-Section",3.63017208930527,5.76825783773895,0.629335960947306,0.529129133233026,-7.67540552620395,14.9357497048145,1
"virus_comp_13180_cycle_1_1","fixed","cond",NA,"Dx.StatusCELIAC:onset_timeline_combinedt0-6",-2.83947966547092,104137.89913345,-2.72665349416375e-05,0.999978244452746,-204109.371206891,204103.69224756,1
"virus_comp_13180_cycle_1_1","fixed","cond",NA,"Dx.StatusCELIAC:onset_timeline_combinedt0-12",2.66506627059177,2.51098806231883,1.0613615853397,0.28852560768231,-2.25637989716316,7.5865124383467,1
"virus_comp_13180_cycle_1_1","fixed","cond",NA,"Dx.StatusCELIAC:onset_timeline_combinedt0-18",31.9590539976747,2228971.19429485,1.43380291676605e-05,0.999988559907895,-4368671.30434114,4368735.22244913,1
"virus_comp_13180_cycle_1_1","fixed","cond",NA,"Dx.StatusCELIAC:onset_timeline_combinedt0-24",-0.326879243955334,2.54067275681221,-0.128658538601197,0.897627844064106,-5.30650634380935,4.65274785589868,1
"virus_comp_13180_cycle_1_1","fixed","cond",NA,"Dx.StatusCELIAC:onset_timeline_combinedt0-30",-0.88305200527283,2.6911301618056,-0.328134260395771,0.742810150747935,-6.15757020012124,4.39146618957558,1
"virus_comp_13180_cycle_1_1","fixed","cond",NA,"Dx.StatusCELIAC:onset_timeline_combinedt0-36",-3.84791483849897,2.78502936254259,-1.38164246677314,0.16708150785474,-9.30647208496899,1.61064240797106,1
"virus_comp_13180_cycle_1_1","fixed","cond",NA,"Dx.StatusCELIAC:onset_timeline_combinedt0-over42",-0.919981620664564,2.54166520140067,-0.361960190570174,0.717381779505088,-5.90155387616861,4.06159063483948,1
"virus_comp_14463_cycle_1_1","fixed","cond",NA,"(Intercept)",-9.08671195545337,4.14152251410778,-2.19405108254276,0.0282317374020573,-17.2039469242664,-0.969476986640352,0.0676665452017565
"virus_comp_14463_cycle_1_1","fixed","cond",NA,"Dx.StatusCELIAC",-1.33925913107773,3.3470075801325,-0.400136270687715,0.689056150664511,-7.89927344411998,5.22075518196452,1
"virus_comp_14463_cycle_1_1","fixed","cond",NA,"onset_timeline_combinedt0-6",0.501558550142383,2.4858207281723,0.201767788182841,0.840098264913664,-4.37056054909845,5.37367764938321,1
"virus_comp_14463_cycle_1_1","fixed","cond",NA,"onset_timeline_combinedt0-12",-2.37056781199246,1.79971313666947,-1.31719203671503,0.187774262507069,-5.89794074236824,1.15680511838331,1
"virus_comp_14463_cycle_1_1","fixed","cond",NA,"onset_timeline_combinedt0-18",-3.40547432745653,6.83911563914845,-0.497940743677869,0.618525808655496,-16.8098946662921,9.99894601137906,1
"virus_comp_14463_cycle_1_1","fixed","cond",NA,"onset_timeline_combinedt0-24",-6.47175830356992,3.33625153705758,-1.93982924599196,0.0524004451106285,-13.0106911595692,0.0671745524293232,1
"virus_comp_14463_cycle_1_1","fixed","cond",NA,"onset_timeline_combinedt0-30",-6.37749619839298,3.44717575169699,-1.85006412720716,0.0643043075012124,-13.1338365200989,0.3788441233129,0.896700267679031
"virus_comp_14463_cycle_1_1","fixed","cond",NA,"onset_timeline_combinedt0-36",-3.47193865964646,2.14924153496566,-1.61542507119934,0.106218674537821,-7.68437466225673,0.740497342963804,0.415174525657103
"virus_comp_14463_cycle_1_1","fixed","cond",NA,"onset_timeline_combinedt0-over42",-4.06909861842009,1.87043353805387,-2.17548420493672,0.0295938504882703,-7.7350809884815,-0.403116248358689,1
"virus_comp_14463_cycle_1_1","fixed","cond",NA,"SexMale",2.77291621363943,3.42414707896813,0.809812239278884,0.418048097131689,-3.93828873890613,9.48412116618498,1
"virus_comp_14463_cycle_1_1","fixed","cond",NA,"Age.at.Gluten.Introduction..months.",0.290721849510657,0.274488267716392,1.05914125922146,0.289535452041162,-0.24726526939226,0.828708968413574,0.775541389395969
"virus_comp_14463_cycle_1_1","fixed","cond",NA,"HLA.CategoryHigh Risk",2.46367205756914,2.9247967740058,0.842339570210512,0.399597907783627,-3.26882428158116,8.19616839671944,0.956307212291697
"virus_comp_14463_cycle_1_1","fixed","cond",NA,"HLA.CategoryLow/No Risk",-0.97602854974988,4.49002979946024,-0.217376853460352,0.827914668196571,-9.77632524620354,7.82426814670378,1
"virus_comp_14463_cycle_1_1","fixed","cond",NA,"feeding_first_yearFormula",0.0578147553307183,4.54614458165084,0.0127173155829822,0.989853323746072,-8.85246489321684,8.96809440387827,1
"virus_comp_14463_cycle_1_1","fixed","cond",NA,"feeding_first_yearBreastmilk_and_formula",-1.02825107730279,3.05530238812068,-0.336546418875178,0.736458853575439,-7.01653371989854,4.96003156529295,1
"virus_comp_14463_cycle_1_1","fixed","cond",NA,"Delivery.ModeC-Section",7.92270904603959,6.87616970337972,1.15219800961944,0.249239715407324,-5.55433592417013,21.3997540162493,1
"virus_comp_14463_cycle_1_1","fixed","cond",NA,"Dx.StatusCELIAC:onset_timeline_combinedt0-6",0.620683782647765,4.51087152302042,0.137597308963516,0.89055868243483,-8.2204619413596,9.46182950665513,1
"virus_comp_14463_cycle_1_1","fixed","cond",NA,"Dx.StatusCELIAC:onset_timeline_combinedt0-12",5.9837159683609,2.90932326091178,2.05673809052267,0.0397114260816953,0.281547157589175,11.6858847791326,0.509765397487119
"virus_comp_14463_cycle_1_1","fixed","cond",NA,"Dx.StatusCELIAC:onset_timeline_combinedt0-18",7.49302223982694,7.4341562660981,1.0079183126668,0.313493679484619,-7.07765629716809,22.063700776822,1
"virus_comp_14463_cycle_1_1","fixed","cond",NA,"Dx.StatusCELIAC:onset_timeline_combinedt0-24",7.62052487014558,3.70369047927498,2.05754906161525,0.0396334407074876,0.36142492088273,14.8796248194084,1
"virus_comp_14463_cycle_1_1","fixed","cond",NA,"Dx.StatusCELIAC:onset_timeline_combinedt0-30",6.99517207220364,3.84493141845053,1.81932297638293,0.068862170019153,-0.540755030985895,14.5310991753932,1
"virus_comp_14463_cycle_1_1","fixed","cond",NA,"Dx.StatusCELIAC:onset_timeline_combinedt0-36",1.10489118676741,2.64740046332258,0.417349472463538,0.676422807124104,-4.08391837399951,6.29370074753432,1
"virus_comp_14463_cycle_1_1","fixed","cond",NA,"Dx.StatusCELIAC:onset_timeline_combinedt0-over42",2.11575838561589,2.30519181858624,0.917823136693879,0.35871146732588,-2.40233455626952,6.6338513275013,1
"virus_comp_15228_cycle_1_1","fixed","cond",NA,"(Intercept)",-8.36061785313504,3.58081549250192,-2.33483626024347,0.0195519761626546,-15.3788872537218,-1.34234845254823,0.0609013689234018
"virus_comp_15228_cycle_1_1","fixed","cond",NA,"Dx.StatusCELIAC",-0.282363760186338,2.66101882090915,-0.10611114734238,0.915494166781202,-5.49786481135152,4.93313729097884,1
"virus_comp_15228_cycle_1_1","fixed","cond",NA,"onset_timeline_combinedt0-6",0.763559604411512,2.34348894154234,0.32582172284926,0.744559242354934,-3.82959431917936,5.35671352800238,1
"virus_comp_15228_cycle_1_1","fixed","cond",NA,"onset_timeline_combinedt0-12",-0.883970935063765,1.42813580613847,-0.618968400108902,0.535937176336478,-3.68306568012724,1.91512380999971,1
"virus_comp_15228_cycle_1_1","fixed","cond",NA,"onset_timeline_combinedt0-18",-2.38531273682255,4.50653103138569,-0.529301300758847,0.596596453404386,-11.2179512535506,6.44732577990553,1
"virus_comp_15228_cycle_1_1","fixed","cond",NA,"onset_timeline_combinedt0-24",-4.2676502866304,2.77581359387956,-1.53744123742322,0.124185294583683,-9.70814495843103,1.17284438517023,1
"virus_comp_15228_cycle_1_1","fixed","cond",NA,"onset_timeline_combinedt0-30",-4.11161769928009,2.91569373538923,-1.41016789567962,0.158490113040702,-9.82627241059204,1.60303701203186,0.896700267679031
"virus_comp_15228_cycle_1_1","fixed","cond",NA,"onset_timeline_combinedt0-36",-4.26766900943807,2.7758258979013,-1.53744116756916,0.124185311678139,-9.70818779667817,1.17284977780202,0.415174525657103
"virus_comp_15228_cycle_1_1","fixed","cond",NA,"onset_timeline_combinedt0-over42",-1.54371907959561,1.34523451256066,-1.1475464427813,0.251155850120804,-4.1803302749748,1.09289211578357,1
"virus_comp_15228_cycle_1_1","fixed","cond",NA,"SexMale",2.64494083047742,2.71021999782568,0.975913701691883,0.329107231589275,-2.66699275544112,7.95687441639597,1
"virus_comp_15228_cycle_1_1","fixed","cond",NA,"Age.at.Gluten.Introduction..months.",0.29133606966901,0.215889172259351,1.34947050201769,0.177185888882378,-0.131798932611482,0.714471071949502,0.534261881153218
"virus_comp_15228_cycle_1_1","fixed","cond",NA,"HLA.CategoryHigh Risk",2.13292822026706,2.48757431441551,0.857432965080368,0.391205647387074,-2.74262784485426,7.00848428538838,0.956307212291697
"virus_comp_15228_cycle_1_1","fixed","cond",NA,"HLA.CategoryLow/No Risk",-1.21335532088564,3.84275349929512,-0.31575153626383,0.752191105951018,-8.74501378096934,6.31830313919806,1
"virus_comp_15228_cycle_1_1","fixed","cond",NA,"feeding_first_yearFormula",-0.120876421117713,3.43716600134128,-0.0351674667649288,0.971946203936944,-6.85759799263216,6.61584515039674,1
"virus_comp_15228_cycle_1_1","fixed","cond",NA,"feeding_first_yearBreastmilk_and_formula",-1.02416071065193,2.47642698121399,-0.413563863752552,0.679193542400308,-5.87786840417459,3.82954698287074,1
"virus_comp_15228_cycle_1_1","fixed","cond",NA,"Delivery.ModeC-Section",6.00893477504113,5.58952202194654,1.07503553102534,0.282358820947635,-4.94632707876758,16.9641966288498,1
"virus_comp_15228_cycle_1_1","fixed","cond",NA,"Dx.StatusCELIAC:onset_timeline_combinedt0-6",-0.077625114512078,4.02945730702218,-0.0192644092237433,0.984630175981615,-7.9752163135173,7.81996608449315,1
"virus_comp_15228_cycle_1_1","fixed","cond",NA,"Dx.StatusCELIAC:onset_timeline_combinedt0-12",3.92193398465143,2.28888345058599,1.71347037510685,0.0866260389590875,-0.564195143306872,8.40806311260973,0.614632371662097
"virus_comp_15228_cycle_1_1","fixed","cond",NA,"Dx.StatusCELIAC:onset_timeline_combinedt0-18",5.84502210595586,5.10102236993212,1.14585306279173,0.251855955123662,-4.15279802344424,15.842842235356,1
"virus_comp_15228_cycle_1_1","fixed","cond",NA,"Dx.StatusCELIAC:onset_timeline_combinedt0-24",5.32932381791643,3.14058765680444,1.69691930310235,0.0897119180557555,-0.826114879711316,11.4847625155442,1
"virus_comp_15228_cycle_1_1","fixed","cond",NA,"Dx.StatusCELIAC:onset_timeline_combinedt0-30",3.39073786924053,3.28213452461712,1.03308924232351,0.301562137216717,-3.04212759142452,9.82360332990558,1
"virus_comp_15228_cycle_1_1","fixed","cond",NA,"Dx.StatusCELIAC:onset_timeline_combinedt0-36",2.14956821636447,3.12873536017016,0.687040599128066,0.492057144690269,-3.98264040672599,8.28177683945494,1
"virus_comp_15228_cycle_1_1","fixed","cond",NA,"Dx.StatusCELIAC:onset_timeline_combinedt0-over42",-0.448921126863135,1.90955469102524,-0.235092049980568,0.814137288999212,-4.19157954778212,3.29373729405585,1
"virus_comp_15228_cycle_1_2","fixed","cond",NA,"(Intercept)",-13.941453116237,8.33652216615338,-1.67233443855519,0.0944583922940541,-30.2807363182174,2.39783008574348,0.185236587485742
"virus_comp_15228_cycle_1_2","fixed","cond",NA,"Dx.StatusCELIAC",-9.01175699410148,6.72956203053642,-1.33912979079608,0.180528423717818,-22.2014562056811,4.17794221747813,1
"virus_comp_15228_cycle_1_2","fixed","cond",NA,"onset_timeline_combinedt0-6",0.325866850544137,4.34856663724729,0.0749366119293082,0.940265146330831,-8.19716714283301,8.84890084392129,1
"virus_comp_15228_cycle_1_2","fixed","cond",NA,"onset_timeline_combinedt0-12",-10.5137352905785,4.04235403380696,-2.60089423208609,0.00929811161522144,-18.4366036096003,-2.5908669715566,0.697358371141608
"virus_comp_15228_cycle_1_2","fixed","cond",NA,"onset_timeline_combinedt0-18",-8.27653201404668,201.922940717413,-0.0409885671466597,0.967305010298918,-404.038223472593,387.4851594445,1
"virus_comp_15228_cycle_1_2","fixed","cond",NA,"onset_timeline_combinedt0-24",-41.24747784409,10196.9503542576,-0.00404507979455519,0.996772502086459,-20026.902924332,19944.4079686438,1
"virus_comp_15228_cycle_1_2","fixed","cond",NA,"onset_timeline_combinedt0-30",-16.8033877152414,6.98885160924761,-2.40431313393566,0.016202887644989,-30.5012851626615,-3.10549026782132,0.799342457152788
"virus_comp_15228_cycle_1_2","fixed","cond",NA,"onset_timeline_combinedt0-36",-16.8052004629989,6.98319160516096,-2.40652146084305,0.0161052577366002,-30.4920045062568,-3.11839641974093,0.415174525657103
"virus_comp_15228_cycle_1_2","fixed","cond",NA,"onset_timeline_combinedt0-over42",-13.1611572481649,5.06915652155669,-2.59632094455889,0.00942280035601054,-23.0965214624124,-3.22579303391747,1
"virus_comp_15228_cycle_1_2","fixed","cond",NA,"SexMale",1.809458670812,4.76851015819198,0.379459959355119,0.704346332628729,-7.53664949915768,11.1555668407817,1
"virus_comp_15228_cycle_1_2","fixed","cond",NA,"Age.at.Gluten.Introduction..months.",0.165252075502104,0.594819103171071,0.277819045523454,0.781151270286765,-1.00057194402961,1.33107609503382,0.99999417197145
"virus_comp_15228_cycle_1_2","fixed","cond",NA,"HLA.CategoryHigh Risk",2.96535411897458,4.87534491238467,0.608234734621913,0.543031800391873,-6.59014632150996,12.5208545594591,0.956307212291697
"virus_comp_15228_cycle_1_2","fixed","cond",NA,"HLA.CategoryLow/No Risk",0.817071551649883,6.47302435146495,0.12622717099233,0.899552104039504,-11.8698230482722,13.5039661515719,1
"virus_comp_15228_cycle_1_2","fixed","cond",NA,"feeding_first_yearFormula",-3.65481936393436,8.60718086923486,-0.424624440854728,0.671110473094227,-20.5245838760568,13.2149451481881,1
"virus_comp_15228_cycle_1_2","fixed","cond",NA,"feeding_first_yearBreastmilk_and_formula",0.352904213892862,5.61829445562381,0.0628134065738778,0.949915090049563,-10.6587505736709,11.3645590014566,1
"virus_comp_15228_cycle_1_2","fixed","cond",NA,"Delivery.ModeC-Section",6.98979199578226,13.5474110735193,0.515950387705071,0.605889060411137,-19.5626457920747,33.5422297836392,1
"virus_comp_15228_cycle_1_2","fixed","cond",NA,"Dx.StatusCELIAC:onset_timeline_combinedt0-6",5.32825362774517,27.5665833988436,0.193286688838222,0.8467344505321,-48.701257010808,59.3577642662983,1
"virus_comp_15228_cycle_1_2","fixed","cond",NA,"Dx.StatusCELIAC:onset_timeline_combinedt0-12",22.0455993516261,6.52677504164731,3.37771705182931,0.000730902451222692,9.25335533480246,34.8378433684497,0.0544522326160906
"virus_comp_15228_cycle_1_2","fixed","cond",NA,"Dx.StatusCELIAC:onset_timeline_combinedt0-18",20.771597366902,201.996819095149,0.102831309225309,0.918096855808618,-375.134893051242,416.678087785046,1
"virus_comp_15228_cycle_1_2","fixed","cond",NA,"Dx.StatusCELIAC:onset_timeline_combinedt0-24",42.7417585455447,10196.9505597699,0.00419162163188022,0.996655579608604,-19942.914090739,20028.3976078301,1
"virus_comp_15228_cycle_1_2","fixed","cond",NA,"Dx.StatusCELIAC:onset_timeline_combinedt0-30",17.5947807050828,7.30145503918389,2.40976361706795,0.0159628592467005,3.28419179354387,31.9053696166217,0.870327706339898
"virus_comp_15228_cycle_1_2","fixed","cond",NA,"Dx.StatusCELIAC:onset_timeline_combinedt0-36",15.382287363026,7.17739683100381,2.14315687500794,0.032100503803851,1.31484807150663,29.4497266545454,0.69116243082395
"virus_comp_15228_cycle_1_2","fixed","cond",NA,"Dx.StatusCELIAC:onset_timeline_combinedt0-over42",11.1488637196519,5.26273613268722,2.11845386858853,0.0341366478557318,0.834090439447312,21.4636369998564,1
"virus_comp_155_cycle_2_71","fixed","cond",NA,"(Intercept)",22.3528259955729,102.783709715922,0.217474403846219,0.827838652434258,-179.099543245053,223.805195236199,0.984280602500575
"virus_comp_155_cycle_2_71","fixed","cond",NA,"Dx.StatusCELIAC",-17.8156497335203,37.1197447654241,-0.479950760602079,0.631262405861482,-90.5690125890706,54.93771312203,1
"virus_comp_155_cycle_2_71","fixed","cond",NA,"onset_timeline_combinedt0-6",-9.6863646888252,794.610371717039,-0.0121900808667956,0.990273963560418,-1567.09407499621,1547.72134561856,1
"virus_comp_155_cycle_2_71","fixed","cond",NA,"onset_timeline_combinedt0-12",0.000195589500360467,6.85892355969162,2.85160635861148e-05,0.999977247473133,-13.4430475602085,13.4434387392092,1
"virus_comp_155_cycle_2_71","fixed","cond",NA,"onset_timeline_combinedt0-18",3.55363347907425,25.7189233568361,0.138171937828404,0.890104532712197,-46.8545300214704,53.9617969796189,1
"virus_comp_155_cycle_2_71","fixed","cond",NA,"onset_timeline_combinedt0-24",2.89389913659157,19.4465150983014,0.148813251215605,0.88170099411359,-35.2205700808935,41.0083683540766,1
"virus_comp_155_cycle_2_71","fixed","cond",NA,"onset_timeline_combinedt0-30",3.54617224246453,25.5980616549027,0.138532842457833,0.8898193153143,-46.6251066751805,53.7174511601095,1
"virus_comp_155_cycle_2_71","fixed","cond",NA,"onset_timeline_combinedt0-36",2.89349677942575,19.4449715498966,0.148804371968399,0.88170800071943,-35.2179471387776,41.004940697629,1
"virus_comp_155_cycle_2_71","fixed","cond",NA,"onset_timeline_combinedt0-over42",8.30991804718478,22.8080511034874,0.364341434061158,0.715603063048387,-36.3930406731995,53.0128767675691,1
"virus_comp_155_cycle_2_71","fixed","cond",NA,"SexMale",15.9098007454717,26.2703809617566,0.605617435416433,0.544768821743142,-35.5791997997178,67.3988012906612,1
"virus_comp_155_cycle_2_71","fixed","cond",NA,"Age.at.Gluten.Introduction..months.",-6.99231019778774,17.3423919219865,-0.403191798988407,0.686807132318871,-40.9827737706596,26.9981533750841,0.986910831018112
"virus_comp_155_cycle_2_71","fixed","cond",NA,"HLA.CategoryHigh Risk",10.3047904852784,42.1391823715292,0.244541775737934,0.806811251481776,-72.2864893008839,92.8960702714407,0.992982795983933
"virus_comp_155_cycle_2_71","fixed","cond",NA,"HLA.CategoryLow/No Risk",-11.5051582839584,345.781156332373,-0.0332729475660013,0.97345692652598,-689.223771228024,666.213454660107,1
"virus_comp_155_cycle_2_71","fixed","cond",NA,"feeding_first_yearFormula",-12.9707244362682,209.584687167955,-0.0618877486305756,0.950652223972463,-423.749162996555,397.807714124018,1
"virus_comp_155_cycle_2_71","fixed","cond",NA,"feeding_first_yearBreastmilk_and_formula",5.23783581545427,26.3704513488127,0.198625186432014,0.842555950222162,-46.4472990842842,56.9229707151927,1
"virus_comp_155_cycle_2_71","fixed","cond",NA,"Delivery.ModeC-Section",61.9608988212613,415.974627078281,0.148953553384883,0.881590283029552,-753.334388734648,877.256186377171,1
"virus_comp_155_cycle_2_71","fixed","cond",NA,"Dx.StatusCELIAC:onset_timeline_combinedt0-6",-5.71415690420407,13858.6200718317,-0.00041231788407407,0.999671017935476,-27168.1103731182,27156.6820593098,1
"virus_comp_155_cycle_2_71","fixed","cond",NA,"Dx.StatusCELIAC:onset_timeline_combinedt0-12",7.20294377923577,163.54766239675,0.0440418632322738,0.964871034190464,-313.344584274111,327.750471832582,1
"virus_comp_155_cycle_2_71","fixed","cond",NA,"Dx.StatusCELIAC:onset_timeline_combinedt0-18",-25.2431919694503,321108.580738159,-7.86126359856895e-05,0.999937276191528,-629386.496565533,629336.010181594,1
"virus_comp_155_cycle_2_71","fixed","cond",NA,"Dx.StatusCELIAC:onset_timeline_combinedt0-24",14.9204140501844,21.1682502193098,0.704848718982632,0.480904386103331,-26.568593995395,56.4094220957637,1
"virus_comp_155_cycle_2_71","fixed","cond",NA,"Dx.StatusCELIAC:onset_timeline_combinedt0-30",-3.54617656030249,26.4604580768198,-0.134017958041665,0.89338837407302,-55.4077214053013,48.3153682846963,1
"virus_comp_155_cycle_2_71","fixed","cond",NA,"Dx.StatusCELIAC:onset_timeline_combinedt0-36",-37.4736298645379,603356.876081005,-6.21085651794359e-05,0.999950444534782,-1182595.22057323,1182520.2733135,1
"virus_comp_155_cycle_2_71","fixed","cond",NA,"Dx.StatusCELIAC:onset_timeline_combinedt0-over42",-41.2300088873637,186031.567543017,-0.000221629100006534,0.999823165564328,-364656.402380732,364573.942362957,1
"virus_comp_16559_cycle_1_1","fixed","cond",NA,"(Intercept)",-10.0582324935858,4.44940403374474,-2.26057971299148,0.023785295169424,-18.7789041523927,-1.33756083477888,0.0641353494746969
"virus_comp_16559_cycle_1_1","fixed","cond",NA,"Dx.StatusCELIAC",-2.02570868974672,3.65185292544368,-0.554707084623517,0.57909502954525,-9.18320890045356,5.13179152096012,1
"virus_comp_16559_cycle_1_1","fixed","cond",NA,"onset_timeline_combinedt0-6",0.789687123227965,2.70445586219266,0.291994827598229,0.770290578709063,-4.51094896444786,6.09032321090379,1
"virus_comp_16559_cycle_1_1","fixed","cond",NA,"onset_timeline_combinedt0-12",-3.48591275618981,2.32798768781607,-1.49739312387,0.13429099641444,-8.04868478076197,1.07685926838236,1
"virus_comp_16559_cycle_1_1","fixed","cond",NA,"onset_timeline_combinedt0-18",-3.57574831926938,11.5001286143169,-0.310931159049632,0.75585295622634,-26.115586220909,18.9640895823702,1
"virus_comp_16559_cycle_1_1","fixed","cond",NA,"onset_timeline_combinedt0-24",-6.793615868715,4.08478550547092,-1.66315118862815,0.0962821754944104,-14.7996483440092,1.21241660657925,1
"virus_comp_16559_cycle_1_1","fixed","cond",NA,"onset_timeline_combinedt0-30",-6.73902429902911,4.16539842703803,-1.61785827144059,0.10569314492509,-14.9030551972835,1.42500659922522,0.896700267679031
"virus_comp_16559_cycle_1_1","fixed","cond",NA,"onset_timeline_combinedt0-36",-6.79340344583928,4.08460932185226,-1.66317092053216,0.0962782267679199,-14.7990906075863,1.21228371590773,0.415174525657103
"virus_comp_16559_cycle_1_1","fixed","cond",NA,"onset_timeline_combinedt0-over42",-3.3063240247296,2.04178125586048,-1.61933312652348,0.105375606831531,-7.30814175052511,0.695493701065904,1
"virus_comp_16559_cycle_1_1","fixed","cond",NA,"SexMale",0.820104297359057,3.06943278052175,0.267184315800411,0.789327251505459,-5.19587340543021,6.83608200014833,1
"virus_comp_16559_cycle_1_1","fixed","cond",NA,"Age.at.Gluten.Introduction..months.",0.182217239748447,0.314722740172711,0.578977037529767,0.562604667222496,-0.434627996105824,0.799062475602717,0.946198952944221
"virus_comp_16559_cycle_1_1","fixed","cond",NA,"HLA.CategoryHigh Risk",1.93862173199075,2.96064131995025,0.654797904402459,0.512597880053547,-3.86412862625286,7.74137209023436,0.956307212291697
"virus_comp_16559_cycle_1_1","fixed","cond",NA,"HLA.CategoryLow/No Risk",0.630783265036849,4.4654281967691,0.141259300842245,0.887665100374413,-8.12129517618022,9.38286170625392,1
"virus_comp_16559_cycle_1_1","fixed","cond",NA,"feeding_first_yearFormula",-0.84732343402873,4.4924148948264,-0.188612016891969,0.850396913747462,-9.65229483149977,7.95764796344231,1
"virus_comp_16559_cycle_1_1","fixed","cond",NA,"feeding_first_yearBreastmilk_and_formula",-0.0291511622561848,3.13135978055304,-0.00930942603185518,0.992572259987427,-6.16650355477739,6.10820123026502,1
"virus_comp_16559_cycle_1_1","fixed","cond",NA,"Delivery.ModeC-Section",7.80558852555161,8.82406379973567,0.884579792565125,0.376383309370198,-9.48925871921396,25.1004357703172,1
"virus_comp_16559_cycle_1_1","fixed","cond",NA,"Dx.StatusCELIAC:onset_timeline_combinedt0-6",0.662160007315624,5.66782297441064,0.116827926755154,0.906996412935043,-10.4465688932779,11.7708889079092,1
"virus_comp_16559_cycle_1_1","fixed","cond",NA,"Dx.StatusCELIAC:onset_timeline_combinedt0-12",7.47018990112587,3.50838935146554,2.12923628274194,0.0332347164522002,0.593873128509581,14.3465066737422,0.495197275137783
"virus_comp_16559_cycle_1_1","fixed","cond",NA,"Dx.StatusCELIAC:onset_timeline_combinedt0-18",8.14101614596765,11.9166838101968,0.683161211259262,0.49450497994597,-15.2152549371695,31.4972872291048,1
"virus_comp_16559_cycle_1_1","fixed","cond",NA,"Dx.StatusCELIAC:onset_timeline_combinedt0-24",7.93353332742978,4.38465491137783,1.80938602644484,0.0703910525165158,-0.660232383507426,16.527299038367,1
"virus_comp_16559_cycle_1_1","fixed","cond",NA,"Dx.StatusCELIAC:onset_timeline_combinedt0-30",5.93807881712289,4.46209415900636,1.33078294753986,0.183260440482694,-2.80746503015612,14.6836226644019,1
"virus_comp_16559_cycle_1_1","fixed","cond",NA,"Dx.StatusCELIAC:onset_timeline_combinedt0-36",4.4629131524822,4.35303183274695,1.02524248017408,0.305248788725474,-4.06887246325821,12.9946987682226,1
"virus_comp_16559_cycle_1_1","fixed","cond",NA,"Dx.StatusCELIAC:onset_timeline_combinedt0-over42",1.08439193608832,2.4755289212562,0.43804454344167,0.661353993937868,-3.76755559226111,5.93633946443775,1
"virus_comp_16559_cycle_1_2","fixed","cond",NA,"(Intercept)",-9.48316494207368,4.05402367104576,-2.33919821677495,0.0193251773403136,-17.4289053297962,-1.53742455435113,0.0609013689234018
"virus_comp_16559_cycle_1_2","fixed","cond",NA,"Dx.StatusCELIAC",-0.476745449577262,3.18540085183392,-0.149665763196738,0.881028320886091,-6.72001639549496,5.76652549634043,1
"virus_comp_16559_cycle_1_2","fixed","cond",NA,"onset_timeline_combinedt0-6",0.723313977903465,2.62340194856099,0.275716032878691,0.782766180325,-4.41845935824827,5.86508731405521,1
"virus_comp_16559_cycle_1_2","fixed","cond",NA,"onset_timeline_combinedt0-12",-3.31488951404916,2.2604530362039,-1.46647130506902,0.142519933028205,-7.74529605375302,1.11551702565469,1
"virus_comp_16559_cycle_1_2","fixed","cond",NA,"onset_timeline_combinedt0-18",-3.43018744915389,9.8535386704708,-0.348117317429678,0.72775207935054,-22.7427683635493,15.8823934652415,1
"virus_comp_16559_cycle_1_2","fixed","cond",NA,"onset_timeline_combinedt0-24",-6.4498202403519,3.91206885660242,-1.64869803594242,0.0992095127371974,-14.1173343043334,1.21769382362963,1
"virus_comp_16559_cycle_1_2","fixed","cond",NA,"onset_timeline_combinedt0-30",-6.38844319139843,4.00055186586131,-1.59689048051449,0.110290122135718,-14.2293807667711,1.45249438397425,0.896700267679031
"virus_comp_16559_cycle_1_2","fixed","cond",NA,"onset_timeline_combinedt0-36",-6.44974054690569,3.91200711655646,-1.64870368451248,0.0992083549578532,-14.1171336026207,1.21765250880935,0.415174525657103
"virus_comp_16559_cycle_1_2","fixed","cond",NA,"onset_timeline_combinedt0-over42",-3.14982770042946,1.98631114132267,-1.58576752398017,0.112792055249572,-7.04292599951254,0.743270598653609,1
"virus_comp_16559_cycle_1_2","fixed","cond",NA,"SexMale",0.72973099029915,2.98216047136758,0.244698766986374,0.806689682826258,-5.11519612970029,6.57465811029859,1
"virus_comp_16559_cycle_1_2","fixed","cond",NA,"Age.at.Gluten.Introduction..months.",0.18437777699655,0.294325386665229,0.62644197663542,0.53102508386345,-0.392489380603123,0.761244934596224,0.946198952944221
"virus_comp_16559_cycle_1_2","fixed","cond",NA,"HLA.CategoryHigh Risk",1.78938390438409,2.74005898319312,0.653045761189722,0.51372677747599,-3.58103301818987,7.15980082695804,0.956307212291697
"virus_comp_16559_cycle_1_2","fixed","cond",NA,"HLA.CategoryLow/No Risk",0.408882605352208,4.3301980670817,0.094425843579892,0.924770887310803,-8.07814965205288,8.8959148627573,1
"virus_comp_16559_cycle_1_2","fixed","cond",NA,"feeding_first_yearFormula",-0.531699865657391,4.24175127359475,-0.12534913797687,0.900247152438369,-8.84537959328,7.78197986196522,1
"virus_comp_16559_cycle_1_2","fixed","cond",NA,"feeding_first_yearBreastmilk_and_formula",-0.129628712614244,2.90290849413685,-0.0446547705089781,0.964382485613247,-5.81922481153788,5.55996738630939,1
"virus_comp_16559_cycle_1_2","fixed","cond",NA,"Delivery.ModeC-Section",7.2185870942999,8.08296786214997,0.893061461756182,0.371824259530792,-8.62373880370876,23.0609129923086,1
"virus_comp_16559_cycle_1_2","fixed","cond",NA,"Dx.StatusCELIAC:onset_timeline_combinedt0-6",-0.434845060901933,4.86993665169605,-0.0892917284150891,0.928850067580864,-9.97974550521777,9.11005538341391,1
"virus_comp_16559_cycle_1_2","fixed","cond",NA,"Dx.StatusCELIAC:onset_timeline_combinedt0-12",5.62312434678081,2.96816036891829,1.89448131093742,0.0581611527334297,-0.194363076638155,11.4406117701998,0.509765397487119
"virus_comp_16559_cycle_1_2","fixed","cond",NA,"Dx.StatusCELIAC:onset_timeline_combinedt0-18",5.88497687585425,10.1621304393739,0.579108574817393,0.562515914533301,-14.0324327915167,25.8023865432252,1
"virus_comp_16559_cycle_1_2","fixed","cond",NA,"Dx.StatusCELIAC:onset_timeline_combinedt0-24",6.49249481527501,4.15484386389624,1.56263268318984,0.118139016272992,-1.65084951934886,14.6358391498989,1
"virus_comp_16559_cycle_1_2","fixed","cond",NA,"Dx.StatusCELIAC:onset_timeline_combinedt0-30",4.62948190001397,4.25497506706937,1.08801622266674,0.276587945906484,-3.71011598655789,12.9690797865858,1
"virus_comp_16559_cycle_1_2","fixed","cond",NA,"Dx.StatusCELIAC:onset_timeline_combinedt0-36",3.33541606951871,4.16153977328753,0.801486048728498,0.422850317543523,-4.82105200635583,11.4918841453933,1
"virus_comp_16559_cycle_1_2","fixed","cond",NA,"Dx.StatusCELIAC:onset_timeline_combinedt0-over42",0.224998326753244,2.42176089869292,0.0929069120220254,0.925977514501977,-4.52156581385223,4.97156246735872,1
"virus_comp_16559_cycle_1_3","fixed","cond",NA,"(Intercept)",-10.440744158902,4.68905065529577,-2.22662217289342,0.0259725357978032,-19.6311145649656,-1.25037375283834,0.0654570784383118
"virus_comp_16559_cycle_1_3","fixed","cond",NA,"Dx.StatusCELIAC",-1.23713058664877,3.81298550653958,-0.324451950978307,0.745595893852149,-8.71044485303957,6.23618367974202,1
"virus_comp_16559_cycle_1_3","fixed","cond",NA,"onset_timeline_combinedt0-6",0.819348212353495,2.74812197564366,0.298148415396151,0.765589890762853,-4.56687188503113,6.20556830973812,1
"virus_comp_16559_cycle_1_3","fixed","cond",NA,"onset_timeline_combinedt0-12",-3.59812700192217,2.36324259104394,-1.52253814972619,0.127874293939963,-8.2299973670994,1.03374336325507,1
"virus_comp_16559_cycle_1_3","fixed","cond",NA,"onset_timeline_combinedt0-18",-3.67795002997134,12.7553998174689,-0.288344550747385,0.773083007995366,-28.6780742806191,21.3221742206765,1
"virus_comp_16559_cycle_1_3","fixed","cond",NA,"onset_timeline_combinedt0-24",-7.02472275116616,4.18553744099391,-1.6783323169839,0.0932822425159574,-15.2282253914582,1.17877988912584,1
"virus_comp_16559_cycle_1_3","fixed","cond",NA,"onset_timeline_combinedt0-30",-6.97440377528089,4.2611218417144,-1.6367529571684,0.101682098801236,-15.3260491187781,1.37724156821631,0.896700267679031
"virus_comp_16559_cycle_1_3","fixed","cond",NA,"onset_timeline_combinedt0-36",-7.02482054186096,4.18561689424615,-1.67832382163733,0.0932839000560715,-15.2284789076658,1.17883782394388,0.415174525657103
"virus_comp_16559_cycle_1_3","fixed","cond",NA,"onset_timeline_combinedt0-over42",-3.41050787006518,2.07070078915932,-1.64703074819893,0.0995517258904863,-7.46900683957611,0.64799109944575,1
"virus_comp_16559_cycle_1_3","fixed","cond",NA,"SexMale",0.827077679803255,3.1425547068306,0.263186406271793,0.792406907796765,-5.33221636503155,6.98637172463806,1
"virus_comp_16559_cycle_1_3","fixed","cond",NA,"Age.at.Gluten.Introduction..months.",0.18918047120452,0.329786883672789,0.57364461890553,0.56620831167618,-0.457189943367848,0.835550885776887,0.946198952944221
"virus_comp_16559_cycle_1_3","fixed","cond",NA,"HLA.CategoryHigh Risk",1.96639829353084,3.05955189819133,0.642707938601497,0.520413628889962,-4.03021323575531,7.963009822817,0.956307212291697
"virus_comp_16559_cycle_1_3","fixed","cond",NA,"HLA.CategoryLow/No Risk",0.761516215187402,4.54674996769196,0.167485835068684,0.866987792083307,-8.1499499681975,9.6729823985723,1
"virus_comp_16559_cycle_1_3","fixed","cond",NA,"feeding_first_yearFormula",-1.02182080959078,4.61795179797979,-0.221271432507761,0.824881092249275,-10.0728400159732,8.0291983967916,1
"virus_comp_16559_cycle_1_3","fixed","cond",NA,"feeding_first_yearBreastmilk_and_formula",-0.0997234705050875,3.26213182102157,-0.0305700308805602,0.975612442867189,-6.49338435252942,6.29393741151924,1
"virus_comp_16559_cycle_1_3","fixed","cond",NA,"Delivery.ModeC-Section",8.15784382439225,9.30147619195361,0.87704829384494,0.380460407462295,-10.0727145148936,26.3884021636781,1
"virus_comp_16559_cycle_1_3","fixed","cond",NA,"Dx.StatusCELIAC:onset_timeline_combinedt0-6",-0.256825995698317,6.29769869852294,-0.0407809277631133,0.967470544149041,-12.600088630288,12.0864366388914,1
"virus_comp_16559_cycle_1_3","fixed","cond",NA,"Dx.StatusCELIAC:onset_timeline_combinedt0-12",6.87640273281786,3.5647161916249,1.92901829014427,0.0537285916533844,-0.110312617873731,13.8631180835094,0.509765397487119
"virus_comp_16559_cycle_1_3","fixed","cond",NA,"Dx.StatusCELIAC:onset_timeline_combinedt0-18",7.59501919300949,13.1323112361304,0.578345963360478,0.563030568453958,-18.1438378635768,33.3338762495958,1
"virus_comp_16559_cycle_1_3","fixed","cond",NA,"Dx.StatusCELIAC:onset_timeline_combinedt0-24",7.04387939327525,4.48451052553298,1.57071309191277,0.116249306814204,-1.74559972506017,15.8333585116107,1
"virus_comp_16559_cycle_1_3","fixed","cond",NA,"Dx.StatusCELIAC:onset_timeline_combinedt0-30",5.19233202268443,4.57004115083259,1.13616745480256,0.255886488398001,-3.76478404081341,14.1494480861823,1
"virus_comp_16559_cycle_1_3","fixed","cond",NA,"Dx.StatusCELIAC:onset_timeline_combinedt0-36",3.33685809644592,4.4856086848918,0.743903075559166,0.456935114598258,-5.45477337468209,12.1284895675739,1
"virus_comp_16559_cycle_1_3","fixed","cond",NA,"Dx.StatusCELIAC:onset_timeline_combinedt0-over42",-0.474980289964174,2.62320653780539,-0.181068582713106,0.856313744317749,-5.61637062807274,4.66641004814439,1
"virus_comp_17772_cycle_1_10","fixed","cond",NA,"(Intercept)",-18.8087244972555,20501.3300792763,-0.000917439230748654,0.999267989504999,-40200.6773150464,40163.0598660519,0.999999834899283
"virus_comp_17772_cycle_1_10","fixed","cond",NA,"Dx.StatusCELIAC",-4.47305239730788,108507.708262526,-4.12233607080307e-05,0.999967108516956,-212675.673291928,212666.727187133,1
"virus_comp_17772_cycle_1_10","fixed","cond",NA,"onset_timeline_combinedt0-6",-2.16874079655193,382973.58295169,-5.66289920008792e-06,0.999995481660159,-750616.598356372,750612.260874779,1
"virus_comp_17772_cycle_1_10","fixed","cond",NA,"onset_timeline_combinedt0-12",20.2120157108658,20501.3296493689,0.00098588804026611,0.999213375281421,-40161.6557322354,40202.0797636572,1
"virus_comp_17772_cycle_1_10","fixed","cond",NA,"onset_timeline_combinedt0-18",-5.71432691607399,582124.472707091,-9.81633170222219e-06,0.999992167700491,-1140948.71535218,1140937.28669835,1
"virus_comp_17772_cycle_1_10","fixed","cond",NA,"onset_timeline_combinedt0-24",-5.57307502570772,338977.89722899,-1.64408212785122e-05,0.999986882122536,-664390.043198967,664378.897048915,1
"virus_comp_17772_cycle_1_10","fixed","cond",NA,"onset_timeline_combinedt0-30",20.6067316264107,20501.3300035613,0.00100514120902552,0.999198013482934,-40161.2617105241,40202.4751737769,1
"virus_comp_17772_cycle_1_10","fixed","cond",NA,"onset_timeline_combinedt0-36",20.2559336754233,20501.3295577051,0.000988030245473052,0.999211666049793,-40161.611634613,40202.1235019638,1
"virus_comp_17772_cycle_1_10","fixed","cond",NA,"onset_timeline_combinedt0-over42",19.442257204387,20501.3288768369,0.000948341315881895,0.999243333219105,-40162.4239766069,40201.3084910157,1
"virus_comp_17772_cycle_1_10","fixed","cond",NA,"SexMale",-1.93742282281812,2.91136878031388,-0.665468021749289,0.505751190426117,-7.64360077794761,3.76875513231138,1
"virus_comp_17772_cycle_1_10","fixed","cond",NA,"Age.at.Gluten.Introduction..months.",-0.759111455721905,0.840526284071902,-0.903138271946018,0.366452514006721,-2.40651270056211,0.888289789118304,0.872505985730287
"virus_comp_17772_cycle_1_10","fixed","cond",NA,"HLA.CategoryHigh Risk",0.789979065091384,2.24800325444656,0.3514136661185,0.72527803129418,-3.6160263507527,5.19598448093547,0.992982795983933
"virus_comp_17772_cycle_1_10","fixed","cond",NA,"HLA.CategoryLow/No Risk",3.10008560918585,4.34354203780541,0.713722943672069,0.47539851611252,-5.41310035024846,11.6132715686202,1
"virus_comp_17772_cycle_1_10","fixed","cond",NA,"feeding_first_yearFormula",-1.91054335039534,3.12355027049945,-0.611657628321073,0.540764301367271,-8.0325893844746,4.21150268368392,1
"virus_comp_17772_cycle_1_10","fixed","cond",NA,"feeding_first_yearBreastmilk_and_formula",0.40104509339055,2.08366505850468,0.192470998039558,0.847373283392911,-3.68286337712316,4.48495356390426,1
"virus_comp_17772_cycle_1_10","fixed","cond",NA,"Delivery.ModeC-Section",2.27819525534107,5.23348320140359,0.435311468035299,0.663336361864587,-7.97924333310535,12.5356338437875,1
"virus_comp_17772_cycle_1_10","fixed","cond",NA,"Dx.StatusCELIAC:onset_timeline_combinedt0-6",-1.39254653328183,2075043.75420474,-6.71092612124471e-07,0.999999464545566,-4067012.4171326,4067009.63203954,1
"virus_comp_17772_cycle_1_10","fixed","cond",NA,"Dx.StatusCELIAC:onset_timeline_combinedt0-12",-18.7758036628052,121103.401683838,-0.000155039440690715,0.999876296424453,-237377.081509272,237339.529901947,1
"virus_comp_17772_cycle_1_10","fixed","cond",NA,"Dx.StatusCELIAC:onset_timeline_combinedt0-18",31.4930361666043,592350.133874865,5.31662514543422e-05,0.999957579468829,-1160953.43559605,1161016.42166838,1
"virus_comp_17772_cycle_1_10","fixed","cond",NA,"Dx.StatusCELIAC:onset_timeline_combinedt0-24",29.7720244327178,355931.930415568,8.36452756513234e-05,0.999933260726051,-697583.992537896,697643.536586761,1
"virus_comp_17772_cycle_1_10","fixed","cond",NA,"Dx.StatusCELIAC:onset_timeline_combinedt0-30",3.52890782598675,108507.703780343,3.25221869327404e-05,0.999974051049167,-212667.662546787,212674.720362439,1
"virus_comp_17772_cycle_1_10","fixed","cond",NA,"Dx.StatusCELIAC:onset_timeline_combinedt0-36",-20.9903282595033,150064.437037411,-0.000139875434006196,0.999888395551135,-294141.882281863,294099.901625344,1
"virus_comp_17772_cycle_1_10","fixed","cond",NA,"Dx.StatusCELIAC:onset_timeline_combinedt0-over42",2.72218270494648,108507.698772373,2.50874614036104e-05,0.999979983101878,-212668.459456467,212673.903821876,1
"virus_comp_17772_cycle_1_6","fixed","cond",NA,"(Intercept)",-18.0662777728853,16924.6152199118,-0.00106745574644617,0.999148293702318,-33189.7025609985,33153.5700054527,0.999999834899283
"virus_comp_17772_cycle_1_6","fixed","cond",NA,"Dx.StatusCELIAC",-6.06994982107938,266868.472320223,-2.27450989931695e-05,0.999981852036681,-523058.664306683,523046.52440704,1
"virus_comp_17772_cycle_1_6","fixed","cond",NA,"onset_timeline_combinedt0-6",-1.79211516269553,160436.88619029,-1.11702190515587e-05,0.999991087454678,-314452.310839882,314448.726609557,1
"virus_comp_17772_cycle_1_6","fixed","cond",NA,"onset_timeline_combinedt0-12",19.618555709337,16924.6150601702,0.00115917293478105,0.999075114019163,-33152.0174144284,33191.254525847,1
"virus_comp_17772_cycle_1_6","fixed","cond",NA,"onset_timeline_combinedt0-18",-7.87048620367873,1505604.18316298,-5.22746037218387e-06,0.999995829090077,-2950937.84445848,2950922.10348608,1
"virus_comp_17772_cycle_1_6","fixed","cond",NA,"onset_timeline_combinedt0-24",-8.15647686772318,1042684.92744168,-7.82257099250086e-06,0.999993758491379,-2043633.06148533,2043616.74853159,1
"virus_comp_17772_cycle_1_6","fixed","cond",NA,"onset_timeline_combinedt0-30",19.8806406496468,16924.615062969,0.00117465836449926,0.999062758442286,-33151.7553349737,33191.516616273,1
"virus_comp_17772_cycle_1_6","fixed","cond",NA,"onset_timeline_combinedt0-36",21.133128228284,16924.6150425565,0.00124866226943096,0.999003711912459,-33150.5028073873,33192.7690638439,1
"virus_comp_17772_cycle_1_6","fixed","cond",NA,"onset_timeline_combinedt0-over42",19.0372294470701,16924.6150631093,0.00112482495915465,0.999102519720738,-33152.5987464513,33190.6732053454,1
"virus_comp_17772_cycle_1_6","fixed","cond",NA,"SexMale",-18.9197144703639,7178.34950398494,-0.00263566359646614,0.997897047143681,-14088.2262107218,14050.3867817811,1
"virus_comp_17772_cycle_1_6","fixed","cond",NA,"Age.at.Gluten.Introduction..months.",-0.532847679588945,0.35172111183867,-1.5149721232354,0.129779463874511,-1.22220839139512,0.156513032217231,0.534261881153218
"virus_comp_17772_cycle_1_6","fixed","cond",NA,"HLA.CategoryHigh Risk",-0.0767899985291922,1.19027997233242,-0.06451423220935,0.948560775054982,-2.40969587582006,2.25611587876168,1
"virus_comp_17772_cycle_1_6","fixed","cond",NA,"HLA.CategoryLow/No Risk",-19.9626296012826,54410.1118622965,-0.000366891905162865,0.999707262619955,-106661.822274498,106621.897015295,1
"virus_comp_17772_cycle_1_6","fixed","cond",NA,"feeding_first_yearFormula",-1.00286457364218,1.67091401851746,-0.6001892153206,0.548380140258644,-4.27779587119949,2.27206672391512,1
"virus_comp_17772_cycle_1_6","fixed","cond",NA,"feeding_first_yearBreastmilk_and_formula",0.998477819999161,1.15429925184079,0.865007768485397,0.387034524956169,-1.26390714099031,3.26086278098863,0.839974412723467
"virus_comp_17772_cycle_1_6","fixed","cond",NA,"Delivery.ModeC-Section",22.3847124570436,54410.1119003668,0.000411407212284978,0.999671744546375,-106619.475007056,106664.24443197,1
"virus_comp_17772_cycle_1_6","fixed","cond",NA,"Dx.StatusCELIAC:onset_timeline_combinedt0-6",-0.555993758318926,1153179.2950585,-4.82139907212541e-07,0.999999615308012,-2260190.4420257,2260189.33003818,1
"virus_comp_17772_cycle_1_6","fixed","cond",NA,"Dx.StatusCELIAC:onset_timeline_combinedt0-12",-17.5487404360991,285629.743965745,-6.14387710203028e-05,0.999950978953199,-559841.559826692,559806.46234582,1
"virus_comp_17772_cycle_1_6","fixed","cond",NA,"Dx.StatusCELIAC:onset_timeline_combinedt0-18",33.8248275054771,1535170.03763866,2.20332775368032e-05,0.999982419988031,-3008844.15908926,3008911.80874427,1
"virus_comp_17772_cycle_1_6","fixed","cond",NA,"Dx.StatusCELIAC:onset_timeline_combinedt0-24",34.2438274695609,1074947.86218519,3.18562682658384e-05,0.99997458237539,-2106824.85131383,2106893.33896877,1
"virus_comp_17772_cycle_1_6","fixed","cond",NA,"Dx.StatusCELIAC:onset_timeline_combinedt0-30",-16.0308433826146,275726.368883323,-5.81404072723934e-05,0.999953610666705,-540429.783442702,540397.721755936,1
"virus_comp_17772_cycle_1_6","fixed","cond",NA,"Dx.StatusCELIAC:onset_timeline_combinedt0-36",-18.6469361843907,293057.280077062,-6.36289812677143e-05,0.999949231418261,-574400.361294494,574363.067422125,1
"virus_comp_17772_cycle_1_6","fixed","cond",NA,"Dx.StatusCELIAC:onset_timeline_combinedt0-over42",-10.4482066101056,266903.53446499,-3.91460031844432e-05,0.99996876600845,-523131.763104436,523110.866691216,1
"virus_comp_17776_cycle_1_5","fixed","cond",NA,"(Intercept)",-4.51812220043193,1.70520286341096,-2.64960978976673,0.00805847845223786,-7.86025839905197,-1.17598600181188,0.0505794701447255
"virus_comp_17776_cycle_1_5","fixed","cond",NA,"Dx.StatusCELIAC",-1.14937342103146,1.458546751681,-0.788026451470816,0.43068123379028,-4.0080725240941,1.70932568203118,1
"virus_comp_17776_cycle_1_5","fixed","cond",NA,"onset_timeline_combinedt0-6",-22.8662876284994,83415.9144295888,-0.000274123802212836,0.999781280853205,-163515.054307098,163469.32173184,1
"virus_comp_17776_cycle_1_5","fixed","cond",NA,"onset_timeline_combinedt0-12",-22.1470700199056,48016.6087668513,-0.000461237696469624,0.999631985576175,-94132.9709127986,94088.6767727588,1
"virus_comp_17776_cycle_1_5","fixed","cond",NA,"onset_timeline_combinedt0-18",1.52572927595364,1.3427212245815,1.1362963867866,0.255832542472328,-1.10595596550362,4.1574145174109,1
"virus_comp_17776_cycle_1_5","fixed","cond",NA,"onset_timeline_combinedt0-24",1.08324015021063,1.10339247970721,0.981736027871123,0.326229911319098,-1.07936937082785,3.24584967124911,1
"virus_comp_17776_cycle_1_5","fixed","cond",NA,"onset_timeline_combinedt0-30",-19.9148830217259,17063.1136766813,-0.00116713065382328,0.999068764682295,-33463.0031534298,33423.1733873864,1
"virus_comp_17776_cycle_1_5","fixed","cond",NA,"onset_timeline_combinedt0-36",1.55993694756131,1.08119573600965,1.44278866037573,0.149080014487441,-0.559167755255875,3.6790416503785,0.415174525657103
"virus_comp_17776_cycle_1_5","fixed","cond",NA,"onset_timeline_combinedt0-over42",0.627362470590208,1.14165293017323,0.549521184599436,0.582647830410172,-1.61023615539394,2.86496109657435,1
"virus_comp_17776_cycle_1_5","fixed","cond",NA,"SexMale",-0.546639382011433,0.942405671063178,-0.580046787488811,0.561883066619543,-2.39372055612156,1.3004417920987,1
"virus_comp_17776_cycle_1_5","fixed","cond",NA,"Age.at.Gluten.Introduction..months.",0.208312162120356,0.135881349965483,1.53304454344376,0.125264880184138,-0.058010389982674,0.474634714223387,0.534261881153218
"virus_comp_17776_cycle_1_5","fixed","cond",NA,"HLA.CategoryHigh Risk",1.81151977521595,0.824730272189403,2.19649967547199,0.0280561983686797,0.195078144764804,3.4279614056671,0.284302810135954
"virus_comp_17776_cycle_1_5","fixed","cond",NA,"HLA.CategoryLow/No Risk",-2.67720933342438,3.66781262135019,-0.729919875906542,0.465439162272424,-9.8659899733122,4.51157130646344,1
"virus_comp_17776_cycle_1_5","fixed","cond",NA,"feeding_first_yearFormula",-1.56786592122635,1.29025417055385,-1.21516051411276,0.224304877101541,-4.0967176264145,0.960985783961801,1
"virus_comp_17776_cycle_1_5","fixed","cond",NA,"feeding_first_yearBreastmilk_and_formula",-0.0133531022623129,0.843541238604867,-0.0158298156049817,0.987370162001212,-1.66666354940216,1.63995734487753,1
"virus_comp_17776_cycle_1_5","fixed","cond",NA,"Delivery.ModeC-Section",2.05107331803745,3.16924934597521,0.647179535003207,0.517515754698792,-4.16054125810107,8.26268789417598,1
"virus_comp_17776_cycle_1_5","fixed","cond",NA,"Dx.StatusCELIAC:onset_timeline_combinedt0-6",-0.898482412863171,404805.720695595,-2.21953981114514e-06,0.999998229063453,-793405.531781559,793403.734816733,1
"virus_comp_17776_cycle_1_5","fixed","cond",NA,"Dx.StatusCELIAC:onset_timeline_combinedt0-12",22.2634151315421,48016.6087923017,0.000463660714313325,0.999630052287854,-94088.560477529,94133.0873077921,1
"virus_comp_17776_cycle_1_5","fixed","cond",NA,"Dx.StatusCELIAC:onset_timeline_combinedt0-18",-25.9638483326519,367560.801873997,-7.06382405312974e-05,0.999943638838525,-720431.897650028,720379.969953363,1
"virus_comp_17776_cycle_1_5","fixed","cond",NA,"Dx.StatusCELIAC:onset_timeline_combinedt0-24",-27.2673031561518,464788.865777901,-5.86659990456429e-05,0.999953191305144,-910996.704643063,910942.170036751,1
"virus_comp_17776_cycle_1_5","fixed","cond",NA,"Dx.StatusCELIAC:onset_timeline_combinedt0-30",-0.754325261325897,44301.4173228826,-1.7027113508088e-05,0.999986414329017,-86829.9367421901,86828.4280916674,1
"virus_comp_17776_cycle_1_5","fixed","cond",NA,"Dx.StatusCELIAC:onset_timeline_combinedt0-36",-1.39221382949151,1.90591778156562,-0.730468986100688,0.465103563664266,-5.12774403885461,2.34331637987158,1
"virus_comp_17776_cycle_1_5","fixed","cond",NA,"Dx.StatusCELIAC:onset_timeline_combinedt0-over42",-27.11017822732,314226.525078391,-8.62759062767113e-05,0.999931161786498,-615899.782319046,615845.561962592,1
"virus_comp_17783_cycle_1_3","fixed","cond",NA,"(Intercept)",-2.7265641176901,1.36310904591079,-2.00025385046747,0.0454728595896607,-5.39820875467601,-0.054919480704192,0.0995130695367936
"virus_comp_17783_cycle_1_3","fixed","cond",NA,"Dx.StatusCELIAC",0.263175780809819,1.13546563324917,0.231777847874385,0.81671056341492,-1.96229596604152,2.48864752766116,1
"virus_comp_17783_cycle_1_3","fixed","cond",NA,"onset_timeline_combinedt0-6",0.565919614718648,1.51007891998564,0.374761614925417,0.707837763986022,-2.39378068226635,3.52561991170364,1
"virus_comp_17783_cycle_1_3","fixed","cond",NA,"onset_timeline_combinedt0-12",-0.700521699357195,1.33077478104601,-0.526401393635196,0.598609347595263,-3.30879234174156,1.90774894302717,1
"virus_comp_17783_cycle_1_3","fixed","cond",NA,"onset_timeline_combinedt0-18",2.04795069411768,1.22852725782213,1.66699654491036,0.0955150918976283,-0.359918485239438,4.4558198734748,1
"virus_comp_17783_cycle_1_3","fixed","cond",NA,"onset_timeline_combinedt0-24",0.377460375567294,1.12337757760824,0.336004904398162,0.736867168102602,-1.8243192175847,2.57923996871928,1
"virus_comp_17783_cycle_1_3","fixed","cond",NA,"onset_timeline_combinedt0-30",1.65534752616823,1.05763088843173,1.56514672961452,0.11754850874938,-0.417570924095065,3.72826597643152,0.896700267679031
"virus_comp_17783_cycle_1_3","fixed","cond",NA,"onset_timeline_combinedt0-36",1.36164022136098,1.02389565101739,1.32986229603377,0.183563646079808,-0.645158378560303,3.36843882128226,0.442358294651341
"virus_comp_17783_cycle_1_3","fixed","cond",NA,"onset_timeline_combinedt0-over42",-0.328003773962156,1.12931452019417,-0.290445016066703,0.771475809321497,-2.54141956076086,1.88541201283655,1
"virus_comp_17783_cycle_1_3","fixed","cond",NA,"SexMale",0.000795382863883524,0.642285254706065,0.00123836388591471,0.999011928827315,-1.25806058416114,1.25965134988891,1
"virus_comp_17783_cycle_1_3","fixed","cond",NA,"Age.at.Gluten.Introduction..months.",0.0657238412207008,0.112973998917644,0.581760775491468,0.560727828155411,-0.155701127847348,0.28714881028875,0.946198952944221
"virus_comp_17783_cycle_1_3","fixed","cond",NA,"HLA.CategoryHigh Risk",-0.979551108164766,0.564529631845086,-1.73516331634044,0.0827118820251305,-2.08600885478679,0.126906638457259,0.458607783267611
"virus_comp_17783_cycle_1_3","fixed","cond",NA,"HLA.CategoryLow/No Risk",-28.6256153042012,389078.150894923,-7.35729190610142e-05,0.999941297303841,-762607.788540794,762550.537310185,1
"virus_comp_17783_cycle_1_3","fixed","cond",NA,"feeding_first_yearFormula",1.89905337677444,0.778261178973259,2.44012348050023,0.0146822423558534,0.373689495421175,3.42441725812771,0.423616161380843
"virus_comp_17783_cycle_1_3","fixed","cond",NA,"feeding_first_yearBreastmilk_and_formula",0.763655415547113,0.565292539559086,1.35090304949495,0.176726491246565,-0.344297602717879,1.87160843381211,0.822255833681735
"virus_comp_17783_cycle_1_3","fixed","cond",NA,"Delivery.ModeC-Section",26.9879722673101,389078.150893045,6.93638853926006e-05,0.999944655626812,-762552.174949541,762606.150894076,1
"virus_comp_17783_cycle_1_3","fixed","cond",NA,"Dx.StatusCELIAC:onset_timeline_combinedt0-6",0.0111674559540221,2.09314805056101,0.0053352441797077,0.995743111236177,-4.09132733745578,4.11366224936383,1
"virus_comp_17783_cycle_1_3","fixed","cond",NA,"Dx.StatusCELIAC:onset_timeline_combinedt0-12",-22.5881778951978,78785.7182107916,-0.000286703966253922,0.999771243334939,-154439.758367168,154394.582011378,1
"virus_comp_17783_cycle_1_3","fixed","cond",NA,"Dx.StatusCELIAC:onset_timeline_combinedt0-18",-2.21954033287881,1.83947497579334,-1.20661621499991,0.227579979188015,-5.82484503589645,1.38576437013883,1
"virus_comp_17783_cycle_1_3","fixed","cond",NA,"Dx.StatusCELIAC:onset_timeline_combinedt0-24",-0.711414229456659,1.74006198367902,-0.408844188384894,0.682654009292204,-4.12187304833486,2.69904458942155,1
"virus_comp_17783_cycle_1_3","fixed","cond",NA,"Dx.StatusCELIAC:onset_timeline_combinedt0-30",-29.9797804421907,1126210.82437566,-2.66200428847862e-05,0.999978760278777,-2207362.63455591,2207302.67499502,1
"virus_comp_17783_cycle_1_3","fixed","cond",NA,"Dx.StatusCELIAC:onset_timeline_combinedt0-36",-0.837002954854581,1.52460545040599,-0.548996433557083,0.583007897352381,-3.82517472828379,2.15116881857463,1
"virus_comp_17783_cycle_1_3","fixed","cond",NA,"Dx.StatusCELIAC:onset_timeline_combinedt0-over42",-0.0178213672667811,1.72957162946632,-0.0103039197470417,0.991778806993396,-3.40771946970302,3.37207673516946,1
"virus_comp_17783_cycle_1_6","fixed","cond",NA,"(Intercept)",-0.472531417854085,1.67632216269624,-0.281885802365132,0.778031076348361,-3.75806248322502,2.81299964751685,0.932402321655575
"virus_comp_17783_cycle_1_6","fixed","cond",NA,"Dx.StatusCELIAC",0.0826839057611347,1.26399013083657,0.0654149931585389,0.947843586833677,-2.39469122749261,2.56005903901488,1
"virus_comp_17783_cycle_1_6","fixed","cond",NA,"onset_timeline_combinedt0-6",1.46057458327305,1.73586213825605,0.841411625430359,0.400117374948178,-1.94165268983551,4.8628018563816,1
"virus_comp_17783_cycle_1_6","fixed","cond",NA,"onset_timeline_combinedt0-12",0.0266510880978897,1.16325202889778,0.0229108460039759,0.981721388807232,-2.25328099348491,2.30658316968069,1
"virus_comp_17783_cycle_1_6","fixed","cond",NA,"onset_timeline_combinedt0-18",1.48884568581241,1.33741772273287,1.113224133721,0.265612180135737,-1.13244488302958,4.11013625465441,1
"virus_comp_17783_cycle_1_6","fixed","cond",NA,"onset_timeline_combinedt0-24",1.43019230930813,1.09223384075068,1.30941951800832,0.190392283559893,-0.710546681259057,3.57093129987532,1
"virus_comp_17783_cycle_1_6","fixed","cond",NA,"onset_timeline_combinedt0-30",2.42446750962773,1.16528533553902,2.08057840915526,0.0374725118410201,0.140550220258577,4.70838479899689,0.896700267679031
"virus_comp_17783_cycle_1_6","fixed","cond",NA,"onset_timeline_combinedt0-36",0.917369511041906,1.11649371120002,0.821652197266658,0.411274872752199,-1.27091795187561,3.10565697395942,0.671278071363203
"virus_comp_17783_cycle_1_6","fixed","cond",NA,"onset_timeline_combinedt0-over42",-0.604567686444477,1.17771283311228,-0.513340493069788,0.607713163348381,-2.91284242347519,1.70370705058623,1
"virus_comp_17783_cycle_1_6","fixed","cond",NA,"SexMale",-0.0163731042474538,0.821785126245757,-0.0199238264657486,0.984104138145024,-1.62704235471984,1.59429614622493,1
"virus_comp_17783_cycle_1_6","fixed","cond",NA,"Age.at.Gluten.Introduction..months.",-0.255333950703291,0.164594082552045,-1.55129483845541,0.120831043216321,-0.577932424573712,0.0672645231671298,0.534261881153218
"virus_comp_17783_cycle_1_6","fixed","cond",NA,"HLA.CategoryHigh Risk",-0.892777035198186,0.740949089524088,-1.2049100914229,0.228238012445742,-2.34501056504314,0.55945649464677,0.797394288929894
"virus_comp_17783_cycle_1_6","fixed","cond",NA,"HLA.CategoryLow/No Risk",-1.22147949646766,1.39361661253348,-0.876481727816888,0.380768205495088,-3.95291786529,1.50995887235467,1
"virus_comp_17783_cycle_1_6","fixed","cond",NA,"feeding_first_yearFormula",1.06982815775516,0.985598957524625,1.08545991205396,0.277718009530119,-0.861910302193331,3.00156661770364,1
"virus_comp_17783_cycle_1_6","fixed","cond",NA,"feeding_first_yearBreastmilk_and_formula",1.00875673482203,0.712281867832084,1.41623250623002,0.156707441509876,-0.387290072969768,2.40480354261384,0.822255833681735
"virus_comp_17783_cycle_1_6","fixed","cond",NA,"Delivery.ModeC-Section",1.91922781603588,1.98027112968031,0.969174264710773,0.332458249094772,-1.96203227776196,5.80048790983373,1
"virus_comp_17783_cycle_1_6","fixed","cond",NA,"Dx.StatusCELIAC:onset_timeline_combinedt0-6",-24.9177536327007,112690.792216211,-0.000221116145717505,0.999823574842625,-220894.811886692,220844.976379427,1
"virus_comp_17783_cycle_1_6","fixed","cond",NA,"Dx.StatusCELIAC:onset_timeline_combinedt0-12",-20.1425417906805,16786.5203597207,-0.00119992359101488,0.999042599722333,-32921.1178725915,32880.8327890102,1
"virus_comp_17783_cycle_1_6","fixed","cond",NA,"Dx.StatusCELIAC:onset_timeline_combinedt0-18",-0.438840284391885,1.84534572350551,-0.237809251026546,0.812029043203756,-4.0556514414877,3.17797087270393,1
"virus_comp_17783_cycle_1_6","fixed","cond",NA,"Dx.StatusCELIAC:onset_timeline_combinedt0-24",-0.928397060242449,1.61083350569552,-0.576345759484055,0.564381498837327,-4.08557271649607,2.22877859601117,1
"virus_comp_17783_cycle_1_6","fixed","cond",NA,"Dx.StatusCELIAC:onset_timeline_combinedt0-30",-2.8112824976158,1.8440594063164,-1.52450755544338,0.127381970927975,-6.42557251934826,0.803007524116668,1
"virus_comp_17783_cycle_1_6","fixed","cond",NA,"Dx.StatusCELIAC:onset_timeline_combinedt0-36",-21.7527355782195,22692.2063011034,-0.00095859941028131,0.99923514844768,-44497.6598154937,44454.1543443373,1
"virus_comp_17783_cycle_1_6","fixed","cond",NA,"Dx.StatusCELIAC:onset_timeline_combinedt0-over42",0.878215926138692,1.65687080794389,0.530044902673205,0.59608079854541,-2.36919118446711,4.12562303674449,1
"virus_comp_17860_cycle_1_57","fixed","cond",NA,"onset_timeline_combinedt0-6",-83.3486774112041,2.34929586953058e+83,-3.54781526210481e-82,1,-4.60453529330865e+83,4.60453529330865e+83,1
"virus_comp_17860_cycle_1_57","fixed","cond",NA,"onset_timeline_combinedt0-over42",-73.0172787036122,223809470743.344,-3.26247492838878e-10,0.999999999739692,-438658502128.942,438658501982.908,1
"virus_comp_17860_cycle_1_57","fixed","cond",NA,"feeding_first_yearFormula",-123.241299410508,1.09709673173139e+38,-1.12334032037461e-36,1,-2.15027008175013e+38,2.15027008175013e+38,1
"virus_comp_17860_cycle_1_57","fixed","cond",NA,"feeding_first_yearBreastmilk_and_formula",429.091011725583,0.577533131072198,742.972114740794,0,427.959067588802,430.222955862363,0
"virus_comp_17860_cycle_1_57","fixed","cond",NA,"Delivery.ModeC-Section",14.4539586681895,1.57788222258413e+102,9.16035332758737e-102,1,-3.09259232811091e+102,3.09259232811091e+102,1
"virus_comp_17860_cycle_1_57","fixed","cond",NA,"Dx.StatusCELIAC:onset_timeline_combinedt0-6",5.37206172536296,2.34929586951113e+83,2.28666886750235e-83,1,-4.60453529327052e+83,4.60453529327052e+83,1
"virus_comp_17860_cycle_1_57","fixed","cond",NA,"Dx.StatusCELIAC:onset_timeline_combinedt0-24",-222.760472605221,5.48932030420121e+39,-4.05807022109338e-38,1,-1.07588700958388e+40,1.07588700958388e+40,1
"virus_comp_17860_cycle_1_57","fixed","cond",NA,"Dx.StatusCELIAC:onset_timeline_combinedt0-36",-452.828748287791,2.54570261632138e+24,-1.7787967274125e-22,1,-4.9894854433393e+24,4.9894854433393e+24,1
"virus_comp_17860_cycle_1_57","fixed","cond",NA,"Dx.StatusCELIAC:onset_timeline_combinedt0-over42",462.989144353485,181508710140.576,2.55078196520104e-09,0.99999999796477,-355750534292.861,355750535218.839,1
"virus_comp_17935_cycle_1_3","fixed","cond",NA,"Dx.StatusCELIAC",136.741343732512,120913832.941154,1.13089909075218e-06,0.999999097673076,-236986621.056011,236986894.538698,1
"virus_comp_17935_cycle_1_3","fixed","cond",NA,"onset_timeline_combinedt0-6",-107.976630849101,8.77382920905914e+58,-1.23066711553506e-57,1,-1.71963892562615e+59,1.71963892562615e+59,1
"virus_comp_17935_cycle_1_3","fixed","cond",NA,"onset_timeline_combinedt0-12",-268.934769044795,96999776.0951798,-2.7725297920369e-06,0.999997787841285,-190116336.589771,190115798.720233,1
"virus_comp_17935_cycle_1_3","fixed","cond",NA,"onset_timeline_combinedt0-18",-52.763512721418,8.99110222934574e+46,-5.86841428064348e-46,1,-1.76222365508354e+47,1.76222365508354e+47,1
"virus_comp_17935_cycle_1_3","fixed","cond",NA,"SexMale",-167.281239329372,2.56167102628683e+36,-6.53016088376687e-35,1,-5.02078295176194e+36,5.02078295176194e+36,1
"virus_comp_17935_cycle_1_3","fixed","cond",NA,"Age.at.Gluten.Introduction..months.",-0.0621939071482383,0.50651531551323,-0.122787811628598,0.902275126132093,-1.05494568317211,0.930557868875635,0.99999417197145
"virus_comp_17935_cycle_1_3","fixed","cond",NA,"HLA.CategoryHigh Risk",-123.132385806925,620159425.166109,-1.98549567756621e-07,0.999999841580365,-1215490261.13102,1215490014.86625,1
"virus_comp_17935_cycle_1_3","fixed","cond",NA,"HLA.CategoryLow/No Risk",-343.763877357861,6.44349039822516e+74,-5.33505687309707e-73,1,-1.2629009115251e+75,1.2629009115251e+75,1
"virus_comp_17935_cycle_1_3","fixed","cond",NA,"feeding_first_yearFormula",438.801239856835,620166625.17308,7.07553779977069e-07,0.999999435453763,-1215503810.95175,1215504688.55423,1
"virus_comp_17935_cycle_1_3","fixed","cond",NA,"feeding_first_yearBreastmilk_and_formula",315.325763548025,46719.5624020976,0.00674933041611423,0.994614854350593,-91253.3339180349,91883.985445131,1
"virus_comp_17935_cycle_1_3","fixed","cond",NA,"Delivery.ModeC-Section",-173.76311022287,7.13604188177974e+85,-2.43500687217846e-84,1,-1.39863850804577e+86,1.39863850804577e+86,1
"virus_comp_17935_cycle_1_3","fixed","cond",NA,"Dx.StatusCELIAC:onset_timeline_combinedt0-6",-5.79754367335714,8.77618229971498e+58,-6.60599731792881e-59,1,-1.72010012291993e+59,1.72010012291993e+59,1
"virus_comp_17935_cycle_1_3","fixed","cond",NA,"Dx.StatusCELIAC:onset_timeline_combinedt0-18",1.60042415274156,8.99110273008588e+46,1.78000874952329e-47,1,-1.76222375322681e+47,1.76222375322681e+47,1
"virus_comp_17935_cycle_1_3","fixed","cond",NA,"Dx.StatusCELIAC:onset_timeline_combinedt0-30",-156.682114173928,120913835.668781,-1.29581625880373e-06,0.999998966088213,-236986919.825519,236986606.46129,1
"virus_comp_17935_cycle_1_3","fixed","cond",NA,"Dx.StatusCELIAC:onset_timeline_combinedt0-36",-150.055682291682,120913832.94243,-1.24101336166498e-06,0.999999009814599,-236986907.855538,236986607.744173,1
"virus_comp_17945_cycle_1_3","fixed","cond",NA,"(Intercept)",-1224.54746899325,5917887799.51419,-2.06923062835658e-07,0.999999834899283,-11598848176.1443,11598845727.0493,0.999999834899283
"virus_comp_17945_cycle_1_3","fixed","cond",NA,"onset_timeline_combinedt0-18",-371.034908163932,6.00106969603082e+60,-6.1828128476718e-59,1,-1.17618804729351e+61,1.17618804729351e+61,1
"virus_comp_17945_cycle_1_3","fixed","cond",NA,"onset_timeline_combinedt0-over42",1062.04417779968,5917740969.03655,1.79467838041006e-07,0.999999856805383,-11598558107.1046,11598560231.193,1
"virus_comp_17945_cycle_1_3","fixed","cond",NA,"SexMale",-589.424934375403,5.92074997821115e+57,-9.95524108507428e-56,1,-1.16044567187602e+58,1.16044567187602e+58,1
"virus_comp_17945_cycle_1_3","fixed","cond",NA,"HLA.CategoryLow/No Risk",-512.34222066579,5.66470037748456e+53,-9.04447166706632e-52,1,-1.11026087230802e+54,1.11026087230802e+54,1
"virus_comp_17945_cycle_1_3","fixed","cond",NA,"feeding_first_yearFormula",640.675332962469,870039279497.094,7.36375182201885e-10,0.999999999412458,-1705245652308.81,1705245653590.16,1
"virus_comp_17945_cycle_1_3","fixed","cond",NA,"Delivery.ModeC-Section",-671.335095532324,5.49705130501743e+108,-1.22126401643653e-106,1,-1.07740225790031e+109,1.07740225790031e+109,1
"virus_comp_17945_cycle_1_3","fixed","cond",NA,"Dx.StatusCELIAC:onset_timeline_combinedt0-18",-235.393700503498,6.00106969594554e+60,-3.92252902282629e-59,1,-1.1761880472768e+61,1.1761880472768e+61,1
"virus_comp_17945_cycle_1_3","fixed","cond",NA,"Dx.StatusCELIAC:onset_timeline_combinedt0-24",-176.79346589672,513733891100380,-3.44134325103686e-13,0.999999999999725,-1006899924194543,1006899924194189,1
"virus_comp_17945_cycle_1_3","fixed","cond",NA,"Dx.StatusCELIAC:onset_timeline_combinedt0-over42",-746.128422138885,5728860399.58264,-1.3024028691522e-07,0.999999896083286,-11228360801.7681,11228359309.5113,1
"virus_comp_1795_cycle_1_4","fixed","cond",NA,"(Intercept)",-27.6810755240891,59149.0609288866,-0.000467988419247591,0.999626599279278,-115957.710215507,115902.348064459,0.999999834899283
"virus_comp_1795_cycle_1_4","fixed","cond",NA,"Dx.StatusCELIAC",-0.870730629984064,71842.2987804872,-1.2120027403975e-05,0.999990329617258,-140809.188906951,140807.447445691,1
"virus_comp_1795_cycle_1_4","fixed","cond",NA,"onset_timeline_combinedt0-6",-2.36782260726324,2138134.90641684,-1.10742432582578e-06,0.999999116403228,-4190669.77848753,4190665.04284231,1
"virus_comp_1795_cycle_1_4","fixed","cond",NA,"onset_timeline_combinedt0-12",23.0823346450542,59149.0584888786,0.000390240102459014,0.999688633455145,-115906.94202301,115953.1066923,1
"virus_comp_1795_cycle_1_4","fixed","cond",NA,"onset_timeline_combinedt0-18",-2.97600535719864,1802778.75696129,-1.65078789935095e-06,0.999998682861822,-3533384.41174337,3533378.45973265,1
"virus_comp_1795_cycle_1_4","fixed","cond",NA,"onset_timeline_combinedt0-24",-4.95338220097082,708016.28400164,-6.99614163247034e-06,0.999994417886606,-1387691.3704933,1387681.4637289,1
"virus_comp_1795_cycle_1_4","fixed","cond",NA,"onset_timeline_combinedt0-30",-2.4797375794789,311377.05877037,-7.96377738704128e-06,0.999993645824977,-610290.300539516,610285.341064357,1
"virus_comp_1795_cycle_1_4","fixed","cond",NA,"onset_timeline_combinedt0-36",23.1467120022559,59149.0585324676,0.000391328494088378,0.999687765044334,-115906.877731086,115953.17115509,1
"virus_comp_1795_cycle_1_4","fixed","cond",NA,"onset_timeline_combinedt0-over42",-5.89461876877021,595763.563386285,-9.89422504334697e-06,0.999992105550597,-1167681.02215713,1167669.23291959,1
"virus_comp_1795_cycle_1_4","fixed","cond",NA,"SexMale",-19.8605539116174,62456.8834943456,-0.000317988231247809,0.999746282104046,-122433.102789443,122393.38168162,1
"virus_comp_1795_cycle_1_4","fixed","cond",NA,"Age.at.Gluten.Introduction..months.",-0.333633004005292,1.03829024023617,-0.321329230571795,0.747960907194899,-2.36864448036762,1.70137847235703,0.99999417197145
"virus_comp_1795_cycle_1_4","fixed","cond",NA,"HLA.CategoryHigh Risk",-1.01964332427666,3.53844409901265,-0.288161490119675,0.773223125465212,-7.95486631964974,5.91557967109642,0.992982795983933
"virus_comp_1795_cycle_1_4","fixed","cond",NA,"HLA.CategoryLow/No Risk",-18.467261186405,63462.4031290094,-0.000290995302350335,0.999767819344265,-124402.491766407,124365.557244034,1
"virus_comp_1795_cycle_1_4","fixed","cond",NA,"feeding_first_yearFormula",-0.320686502157912,4.60285347229981,-0.0696712385236285,0.944455334469464,-9.34211353398067,8.70074052966485,1
"virus_comp_1795_cycle_1_4","fixed","cond",NA,"feeding_first_yearBreastmilk_and_formula",-1.32591488655464,3.89631187220748,-0.340299988820822,0.733630625573771,-8.96254582861712,6.31071605550784,1
"virus_comp_1795_cycle_1_4","fixed","cond",NA,"Delivery.ModeC-Section",23.1344594412552,63462.403438045,0.000364538028627298,0.999709140741575,-124360.890651478,124407.15957036,1
"virus_comp_1795_cycle_1_4","fixed","cond",NA,"Dx.StatusCELIAC:onset_timeline_combinedt0-6",-2.47400494365485,2234016.33771042,-1.10742473181301e-06,0.999999116402904,-4378594.03679145,4378589.08878156,1
"virus_comp_1795_cycle_1_4","fixed","cond",NA,"Dx.StatusCELIAC:onset_timeline_combinedt0-12",2.42471369259541,71842.2972386169,3.37505033356877e-05,0.999973070994474,-140805.890440618,140810.739868003,1
"virus_comp_1795_cycle_1_4","fixed","cond",NA,"Dx.StatusCELIAC:onset_timeline_combinedt0-18",-1.68411387356469,1897220.23926527,-8.87674418978838e-07,0.999999291738286,-3718485.02381426,3718481.65558652,1
"virus_comp_1795_cycle_1_4","fixed","cond",NA,"Dx.StatusCELIAC:onset_timeline_combinedt0-24",29.8328551403901,709209.69508619,4.20649285353672e-05,0.99996643704298,-1389995.62700042,1390055.2927107,1
"virus_comp_1795_cycle_1_4","fixed","cond",NA,"Dx.StatusCELIAC:onset_timeline_combinedt0-30",1.15101997078388,1499240.12389082,7.6773556980103e-07,0.999999387435642,-2938455.4959834,2938457.79802334,1
"virus_comp_1795_cycle_1_4","fixed","cond",NA,"Dx.StatusCELIAC:onset_timeline_combinedt0-36",-23.7294361807638,105674.58015722,-0.000224551979723598,0.999820833443786,-207142.100625723,207094.641753362,1
"virus_comp_1795_cycle_1_4","fixed","cond",NA,"Dx.StatusCELIAC:onset_timeline_combinedt0-over42",26.6190767666659,597123.484596646,4.45788475136713e-05,0.999964431225842,-1170313.90505572,1170367.14320925,1
"virus_comp_17995_cycle_1_13","fixed","cond",NA,"(Intercept)",185.924546406663,172142937.401278,1.0800591021243e-06,0.999999138237518,-337393771.574892,337394143.423985,0.999999834899283
"virus_comp_17995_cycle_1_13","fixed","cond",NA,"onset_timeline_combinedt0-6",-21.0526346842168,1.14309067905012e+24,-1.84172918824873e-23,1,-2.24041656200167e+24,2.24041656200167e+24,1
"virus_comp_17995_cycle_1_13","fixed","cond",NA,"onset_timeline_combinedt0-18",-12.4242662127725,7137914207750245,-1.74060178522213e-15,0.999999999999999,-13990054771927240,13990054771927216,1
"virus_comp_17995_cycle_1_13","fixed","cond",NA,"SexMale",-78.8721810288805,6.31500248800806e+27,-1.24896516159187e-26,1,-1.23771774387766e+28,1.23771774387766e+28,1
"virus_comp_17995_cycle_1_13","fixed","cond",NA,"HLA.CategoryLow/No Risk",119.987008277627,37861535.7630329,3.16910040386632e-06,0.999997471423716,-74207126.5079115,74207366.481928,1
"virus_comp_17995_cycle_1_13","fixed","cond",NA,"feeding_first_yearFormula",275.23929626431,119983061.774943,2.29398460243153e-06,0.999998169665103,-235162204.594436,235162755.073028,1
"virus_comp_17995_cycle_1_13","fixed","cond",NA,"Delivery.ModeC-Section",197.099585686509,101022135.549607,1.95105344600167e-06,0.999998443284578,-197999550.218968,197999944.418139,1
"virus_comp_17995_cycle_1_13","fixed","cond",NA,"Dx.StatusCELIAC:onset_timeline_combinedt0-6",5.92574889652306,1.14309134138586e+24,5.18396796649586e-24,1,-2.24041786015586e+24,2.24041786015586e+24,1
"virus_comp_17995_cycle_1_13","fixed","cond",NA,"Dx.StatusCELIAC:onset_timeline_combinedt0-12",17.4024505467508,132399899068507,1.31438548436856e-13,0.999999999999895,-259499033730995,259499033731030,1
"virus_comp_17995_cycle_1_13","fixed","cond",NA,"Dx.StatusCELIAC:onset_timeline_combinedt0-18",13.2891421963537,414563063979353216,3.20557795689573e-17,1,-812528674720106240,812528674720106240,1
"virus_comp_17995_cycle_1_13","fixed","cond",NA,"Dx.StatusCELIAC:onset_timeline_combinedt0-24",23.9637595497213,6.31500248794065e+27,3.79473477571598e-27,1,-1.23771774386445e+28,1.23771774386445e+28,1
"virus_comp_17995_cycle_1_13","fixed","cond",NA,"Dx.StatusCELIAC:onset_timeline_combinedt0-30",-5.26369343720972,6.12416544582303e+27,-8.59495629857585e-28,1,-1.20031437091778e+28,1.20031437091778e+28,1
"virus_comp_17995_cycle_1_13","fixed","cond",NA,"Dx.StatusCELIAC:onset_timeline_combinedt0-36",-0.293528495526035,6.31501391850061e+27,-4.64810528233528e-29,1,-1.23771998421303e+28,1.23771998421303e+28,1
"virus_comp_17995_cycle_1_13","fixed","cond",NA,"Dx.StatusCELIAC:onset_timeline_combinedt0-over42",-214.347325408253,1.51970921854279e+51,-1.41044959649442e-49,1,-2.97857533531738e+51,2.97857533531738e+51,1
"virus_comp_18003_cycle_1_1","fixed","cond",NA,"(Intercept)",-1.79548844808101,1.6065772997008,-1.11758609337714,0.263743810914791,-4.94432209387419,1.35334519771217,0.432883863566668
"virus_comp_18003_cycle_1_1","fixed","cond",NA,"Dx.StatusCELIAC",2.1406025327126,1.34794875323115,1.588044447225,0.112276288809057,-0.501328476626127,4.78253354205133,1
"virus_comp_18003_cycle_1_1","fixed","cond",NA,"onset_timeline_combinedt0-6",1.7204410783386,1.79198509807437,0.960075549839864,0.33701719293321,-1.79178517471965,5.23266733139684,1
"virus_comp_18003_cycle_1_1","fixed","cond",NA,"onset_timeline_combinedt0-12",0.960851411344378,1.37865954371985,0.696946113869303,0.48583651734735,-1.74127164128896,3.66297446397771,1
"virus_comp_18003_cycle_1_1","fixed","cond",NA,"onset_timeline_combinedt0-18",1.49443349589464,1.44395993740254,1.0349549576721,0.300689946920932,-1.33567597653304,4.32454296832233,1
"virus_comp_18003_cycle_1_1","fixed","cond",NA,"onset_timeline_combinedt0-24",1.29133947180252,1.39241434665359,0.927410346572492,0.353713520679076,-1.43774249919539,4.02042144280043,1
"virus_comp_18003_cycle_1_1","fixed","cond",NA,"onset_timeline_combinedt0-30",1.91222261168526,1.34117197176912,1.42578480011245,0.153930469721979,-0.716426150056784,4.5408713734273,0.896700267679031
"virus_comp_18003_cycle_1_1","fixed","cond",NA,"onset_timeline_combinedt0-36",1.29135947788666,1.39241203161673,0.927426256427319,0.353705263400921,-1.43771795572237,4.02043691149568,0.671278071363203
"virus_comp_18003_cycle_1_1","fixed","cond",NA,"onset_timeline_combinedt0-over42",0.753702583038177,1.59394683615743,0.472853024919671,0.636318040838218,-2.37037580910194,3.8777809751783,1
"virus_comp_18003_cycle_1_1","fixed","cond",NA,"SexMale",0.779196478660828,0.697735771390734,1.1167500802026,0.264101198462032,-0.588340503990282,2.14673346131194,1
"virus_comp_18003_cycle_1_1","fixed","cond",NA,"Age.at.Gluten.Introduction..months.",-0.181724153864683,0.129858817094877,-1.39939788402594,0.161693701071466,-0.436242758445616,0.0727944507162508,0.534261881153218
"virus_comp_18003_cycle_1_1","fixed","cond",NA,"HLA.CategoryHigh Risk",-0.417189435569868,0.668192492695844,-0.624355167306211,0.532394361204933,-1.72682265599377,0.89244378485403,0.956307212291697
"virus_comp_18003_cycle_1_1","fixed","cond",NA,"HLA.CategoryLow/No Risk",0.641657294045474,1.04111167963035,0.616319369573584,0.53768375743593,-1.39888410191402,2.68219869000497,1
"virus_comp_18003_cycle_1_1","fixed","cond",NA,"feeding_first_yearFormula",1.34621566370319,0.932593083113454,1.44351881659776,0.148874375770262,-0.48163319143035,3.17406451883673,1
"virus_comp_18003_cycle_1_1","fixed","cond",NA,"feeding_first_yearBreastmilk_and_formula",-0.142728309007866,0.697390322805087,-0.204660581514488,0.837837319847661,-1.5095882248726,1.22413160685687,1
"virus_comp_18003_cycle_1_1","fixed","cond",NA,"Delivery.ModeC-Section",-20.3739373270016,10378.2137815482,-0.00196314488753596,0.998433638009726,-20361.2991730187,20320.5512983647,1
"virus_comp_18003_cycle_1_1","fixed","cond",NA,"Dx.StatusCELIAC:onset_timeline_combinedt0-6",-0.919233605139471,2.23585833867985,-0.411132310682182,0.68097551891038,-5.30143542348553,3.46296821320659,1
"virus_comp_18003_cycle_1_1","fixed","cond",NA,"Dx.StatusCELIAC:onset_timeline_combinedt0-12",-3.07653884167516,1.90478660180242,-1.6151619497764,0.106275628183273,-6.80985197944235,0.656774296092026,0.628511696786977
"virus_comp_18003_cycle_1_1","fixed","cond",NA,"Dx.StatusCELIAC:onset_timeline_combinedt0-18",-1.27560806819201,1.80956078007971,-0.704926898413339,0.480855729778144,-4.82228202498444,2.27106588860042,1
"virus_comp_18003_cycle_1_1","fixed","cond",NA,"Dx.StatusCELIAC:onset_timeline_combinedt0-24",-1.53913572447275,1.70330252729106,-0.903618529187884,0.366197712647235,-4.87754733273928,1.79927588379378,1
"virus_comp_18003_cycle_1_1","fixed","cond",NA,"Dx.StatusCELIAC:onset_timeline_combinedt0-30",-3.89337086781747,1.8879083720319,-2.06226685865434,0.0391823364449298,-7.59360328311164,-0.193138452523296,1
"virus_comp_18003_cycle_1_1","fixed","cond",NA,"Dx.StatusCELIAC:onset_timeline_combinedt0-36",-23.5623296194524,22664.5567448999,-0.0010396113140291,0.999170510332718,-44445.2772751876,44398.1526159486,1
"virus_comp_18003_cycle_1_1","fixed","cond",NA,"Dx.StatusCELIAC:onset_timeline_combinedt0-over42",-1.13287769134262,1.8680804262693,-0.6064394634256,0.544222969753544,-4.79424804705468,2.52849266436944,1
"virus_comp_18116_cycle_1_3","fixed","cond",NA,"(Intercept)",-1.66662083948433,2.36681102728153,-0.704163036369905,0.481331247442834,-6.30548521116837,2.9722435321997,0.632008855337982
"virus_comp_18116_cycle_1_3","fixed","cond",NA,"Dx.StatusCELIAC",-1.89273795861772,2.22557885641997,-0.850447492865903,0.395076341057413,-6.2547923619547,2.46931644471925,1
"virus_comp_18116_cycle_1_3","fixed","cond",NA,"onset_timeline_combinedt0-6",0.191716207461332,2.38828454009102,0.0802736040212468,0.936019651389553,-4.48923547595088,4.87266789087354,1
"virus_comp_18116_cycle_1_3","fixed","cond",NA,"onset_timeline_combinedt0-12",0.889533333970805,1.39686632860841,0.636806339842824,0.524250995995258,-1.84827436131837,3.62734102925998,1
"virus_comp_18116_cycle_1_3","fixed","cond",NA,"onset_timeline_combinedt0-18",-22.4927753917861,20966.8844243115,-0.00107277623783271,0.999144048566816,-41116.8311150561,41071.8455642725,1
"virus_comp_18116_cycle_1_3","fixed","cond",NA,"onset_timeline_combinedt0-24",-23.5693747341477,30568.3376952709,-0.000771038810454975,0.999384800098314,-59936.4103247232,59889.2715752549,1
"virus_comp_18116_cycle_1_3","fixed","cond",NA,"onset_timeline_combinedt0-30",-2.3536772129921,1.76163238696992,-1.33607739639739,0.181523977231146,-5.80641324545248,1.09905881946828,0.926398228627919
"virus_comp_18116_cycle_1_3","fixed","cond",NA,"onset_timeline_combinedt0-36",-2.3536811842984,1.76163326895375,-1.33607898180548,0.181523459087088,-5.80641894541531,1.09905657681852,0.442358294651341
"virus_comp_18116_cycle_1_3","fixed","cond",NA,"onset_timeline_combinedt0-over42",-23.844635342624,33267.4371461629,-0.000716756004914381,0.999428111498783,-65226.8232997718,65179.1340290865,1
"virus_comp_18116_cycle_1_3","fixed","cond",NA,"SexMale",-1.71447816659304,2.13957247900167,-0.801318106032576,0.4229475115286,-5.90796316774938,2.47900683456331,1
"virus_comp_18116_cycle_1_3","fixed","cond",NA,"Age.at.Gluten.Introduction..months.",0.028068322050421,0.159918230072191,0.175516712745948,0.860673639741919,-0.285365649362463,0.341502293463305,0.99999417197145
"virus_comp_18116_cycle_1_3","fixed","cond",NA,"HLA.CategoryHigh Risk",-0.807510845366501,1.70729938315769,-0.472975538638683,0.636230631012079,-4.15375614718303,2.53873445645003,0.992982795983933
"virus_comp_18116_cycle_1_3","fixed","cond",NA,"HLA.CategoryLow/No Risk",0.870880218033002,2.81646133941234,0.30921078370446,0.757161191386854,-4.64928257106462,6.39104300713063,1
"virus_comp_18116_cycle_1_3","fixed","cond",NA,"feeding_first_yearFormula",-2.23187442386665,2.49753811465773,-0.893629775164617,0.371520009908755,-7.12695917861188,2.66321033087857,1
"virus_comp_18116_cycle_1_3","fixed","cond",NA,"feeding_first_yearBreastmilk_and_formula",-3.31966773313315,2.06768058968921,-1.60550316605338,0.108383116987231,-7.37224722045655,0.732911754190252,0.822255833681735
"virus_comp_18116_cycle_1_3","fixed","cond",NA,"Delivery.ModeC-Section",-19.6633034268244,14022.1258175762,-0.0014023054480211,0.998881122500199,-27502.5248925655,27463.1982857119,1
"virus_comp_18116_cycle_1_3","fixed","cond",NA,"Dx.StatusCELIAC:onset_timeline_combinedt0-6",4.40445084444537,3.81581003632747,1.15426365634397,0.248392091807517,-3.07439939860295,11.8833010874937,1
"virus_comp_18116_cycle_1_3","fixed","cond",NA,"Dx.StatusCELIAC:onset_timeline_combinedt0-12",1.30537545641885,2.13368132304005,0.611794949097163,0.540673431928186,-2.87656309122541,5.48731400406312,1
"virus_comp_18116_cycle_1_3","fixed","cond",NA,"Dx.StatusCELIAC:onset_timeline_combinedt0-18",-6.10232829284449,1207053.9869534,-5.0555553925527e-06,0.999995966250406,-2365788.44415243,2365776.23949585,1
"virus_comp_18116_cycle_1_3","fixed","cond",NA,"Dx.StatusCELIAC:onset_timeline_combinedt0-24",23.6854609052905,30568.3377523996,0.00077483640416238,0.999381770057832,-59889.155601054,59936.5265228646,1
"virus_comp_18116_cycle_1_3","fixed","cond",NA,"Dx.StatusCELIAC:onset_timeline_combinedt0-30",3.9348393986631,2.4931006902155,1.57829140800686,0.114498678880404,-0.951548163991238,8.82122696131743,1
"virus_comp_18116_cycle_1_3","fixed","cond",NA,"Dx.StatusCELIAC:onset_timeline_combinedt0-36",3.84036964911391,2.48582843351849,1.54490535120245,0.122369158914041,-1.03176455232794,8.71250385055576,1
"virus_comp_18116_cycle_1_3","fixed","cond",NA,"Dx.StatusCELIAC:onset_timeline_combinedt0-over42",24.4386887574598,33267.4372034303,0.000734612907150536,0.999413863755937,-65178.5400879138,65227.4174654287,1
"virus_comp_18206_cycle_1_8","fixed","cond",NA,"(Intercept)",-3.56147453683013,2.34661855724997,-1.5177049230378,0.129088802450082,-8.16076239449341,1.03781332083315,0.249902681666184
"virus_comp_18206_cycle_1_8","fixed","cond",NA,"Dx.StatusCELIAC",0.410602484088694,1.5522681201129,0.26451775873541,0.79138098250053,-2.63178712568229,3.45299209385968,1
"virus_comp_18206_cycle_1_8","fixed","cond",NA,"onset_timeline_combinedt0-6",-27.1887503930942,1095101.41799236,-2.48276095221747e-05,0.999980190433683,-2146386.52743417,2146332.14993338,1
"virus_comp_18206_cycle_1_8","fixed","cond",NA,"onset_timeline_combinedt0-12",1.33828400190688,1.37385875188434,0.974105962546247,0.330003929301796,-1.35442967163158,4.03099767544534,1
"virus_comp_18206_cycle_1_8","fixed","cond",NA,"onset_timeline_combinedt0-18",0.642371091384443,1.55926665369117,0.411970005171208,0.68036140839298,-2.41373539214453,3.69847757491342,1
"virus_comp_18206_cycle_1_8","fixed","cond",NA,"onset_timeline_combinedt0-24",1.18782093298458,1.3616902025784,0.872313636931079,0.383037300176752,-1.48104282217013,3.85668468813929,1
"virus_comp_18206_cycle_1_8","fixed","cond",NA,"onset_timeline_combinedt0-30",-21.9851483651442,65692.0089175927,-0.000334670056942899,0.999732971933587,-128775.956698931,128731.986402201,1
"virus_comp_18206_cycle_1_8","fixed","cond",NA,"onset_timeline_combinedt0-36",-22.0241034096839,64944.1375033532,-0.000339123810960561,0.99972941835222,-127310.194616999,127266.14641018,1
"virus_comp_18206_cycle_1_8","fixed","cond",NA,"onset_timeline_combinedt0-over42",0.956713719369735,1.41146595385005,0.677815654539954,0.49788858407073,-1.80970871558085,3.72313615432031,1
"virus_comp_18206_cycle_1_8","fixed","cond",NA,"SexMale",-1.02126955780657,1.47985140842693,-0.690116285993994,0.490121062286942,-3.92172502079422,1.87918590518108,1
"virus_comp_18206_cycle_1_8","fixed","cond",NA,"Age.at.Gluten.Introduction..months.",0.217009537648982,0.226610092230296,0.957634037889376,0.338247329100927,-0.227138081655698,0.661157156953663,0.845618322752318
"virus_comp_18206_cycle_1_8","fixed","cond",NA,"HLA.CategoryHigh Risk",-0.79702538863232,0.813352648594918,-0.979925976769359,0.327122659252403,-2.39116728660862,0.797116509343981,0.904048076479368
"virus_comp_18206_cycle_1_8","fixed","cond",NA,"HLA.CategoryLow/No Risk",-22.2098880574551,16981.4942502718,-0.00130788773532692,0.998956456866228,-33305.3270222642,33260.9072461493,1
"virus_comp_18206_cycle_1_8","fixed","cond",NA,"feeding_first_yearFormula",-0.0898864500926792,1.14420359416292,-0.0785580910173933,0.93738412299381,-2.33248428563329,2.15271138544793,1
"virus_comp_18206_cycle_1_8","fixed","cond",NA,"feeding_first_yearBreastmilk_and_formula",-2.66380609978075,1.21100895529599,-2.19965846506039,0.0278311357581991,-5.03734003711636,-0.290272162445141,0.822255833681735
"virus_comp_18206_cycle_1_8","fixed","cond",NA,"Delivery.ModeC-Section",20.5355031663297,16981.4939980268,0.00120928719043895,0.99903512865634,-33262.5811366493,33303.6521429819,1
"virus_comp_18206_cycle_1_8","fixed","cond",NA,"Dx.StatusCELIAC:onset_timeline_combinedt0-6",29.7160683100435,1095101.41799437,2.71354486641676e-05,0.999978349044463,-2146329.62261941,2146389.05475603,1
"virus_comp_18206_cycle_1_8","fixed","cond",NA,"Dx.StatusCELIAC:onset_timeline_combinedt0-12",-1.3272271499236,2.06416437919451,-0.642985201809133,0.520233702098842,-5.37291499131532,2.71846069146811,1
"virus_comp_18206_cycle_1_8","fixed","cond",NA,"Dx.StatusCELIAC:onset_timeline_combinedt0-18",-20.3633761175068,24421.3005422226,-0.000833836678038505,0.999334694665458,-47885.2328945022,47844.5061422672,1
"virus_comp_18206_cycle_1_8","fixed","cond",NA,"Dx.StatusCELIAC:onset_timeline_combinedt0-24",-25.7083967592045,228770.823472572,-0.000112376204137267,0.999910336761906,-448408.283116571,448356.866323052,1
"virus_comp_18206_cycle_1_8","fixed","cond",NA,"Dx.StatusCELIAC:onset_timeline_combinedt0-30",-5.34187371993797,974283.708718236,-5.48287287587485e-06,0.999995625300384,-1909566.32168557,1909555.63793813,1
"virus_comp_18206_cycle_1_8","fixed","cond",NA,"Dx.StatusCELIAC:onset_timeline_combinedt0-36",-5.40744916902776,982791.760195667,-5.50213116148957e-06,0.999995609934495,-1926241.8617354,1926231.04683706,1
"virus_comp_18206_cycle_1_8","fixed","cond",NA,"Dx.StatusCELIAC:onset_timeline_combinedt0-over42",-28.4816754998739,828526.496906487,-3.43763001017076e-05,0.999972571680897,-1623910.57584935,1623853.61249835,1
"virus_comp_18299_cycle_1_4","fixed","cond",NA,"(Intercept)",-13.6192986924743,10.6775730882241,-1.27550507778724,0.202130528022644,-34.5469573876877,7.30836000273916,0.36773144254722
"virus_comp_18299_cycle_1_4","fixed","cond",NA,"Dx.StatusCELIAC",2.13767796186277,5.08333694706309,0.420526513218413,0.674100864988298,-7.82547937566266,12.1008352993882,1
"virus_comp_18299_cycle_1_4","fixed","cond",NA,"onset_timeline_combinedt0-6",-8.5750325943031,1356.35486660408,-0.00632211584551798,0.994955714977906,-2666.98172139394,2649.83165620533,1
"virus_comp_18299_cycle_1_4","fixed","cond",NA,"onset_timeline_combinedt0-12",-22.2174811225676,40425.9129832002,-0.000549585141881656,0.999561494522521,-79255.5509703452,79211.1160081,1
"virus_comp_18299_cycle_1_4","fixed","cond",NA,"onset_timeline_combinedt0-18",2.14276667184839,3.12097972601767,0.686568597029155,0.492354623143694,-3.97424118762592,8.2597745313227,1
"virus_comp_18299_cycle_1_4","fixed","cond",NA,"onset_timeline_combinedt0-24",0.00656833688085882,2.13463209556792,0.00307703463022808,0.997544885449715,-4.17723369067552,4.19037036443724,1
"virus_comp_18299_cycle_1_4","fixed","cond",NA,"onset_timeline_combinedt0-30",-18.104776942446,5456.28990497682,-0.00331814790961385,0.997352505870658,-10712.2364799065,10676.0269260216,1
"virus_comp_18299_cycle_1_4","fixed","cond",NA,"onset_timeline_combinedt0-36",-22.7534474730313,52871.4166262372,-0.000430354413120454,0.999656626868697,-103648.82584651,103603.318951564,1
"virus_comp_18299_cycle_1_4","fixed","cond",NA,"onset_timeline_combinedt0-over42",-0.5420298319203,2.11882726302588,-0.255815960733973,0.798092949010306,-4.69485495691261,3.61079529307201,1
"virus_comp_18299_cycle_1_4","fixed","cond",NA,"SexMale",-3.43016306598758,6.98924068973288,-0.490777642130203,0.623583724906336,-17.1288230971459,10.2684969651708,1
"virus_comp_18299_cycle_1_4","fixed","cond",NA,"Age.at.Gluten.Introduction..months.",-0.120821364433338,1.15655652055773,-0.104466459084139,0.916799184381426,-2.38763049081144,2.14598776194476,0.99999417197145
"virus_comp_18299_cycle_1_4","fixed","cond",NA,"HLA.CategoryHigh Risk",3.73822295958484,5.62988276116227,0.663996590723516,0.506692493129663,-7.29614448947611,14.7725904086458,0.956307212291697
"virus_comp_18299_cycle_1_4","fixed","cond",NA,"HLA.CategoryLow/No Risk",23.4067524134482,15.8950889982019,1.47257762546004,0.140864961614117,-7.74704955408638,54.5605543809827,1
"virus_comp_18299_cycle_1_4","fixed","cond",NA,"feeding_first_yearFormula",2.02852786561914,6.2006986989594,0.327145046728294,0.743558182249826,-10.1246182633257,14.1816739945639,1
"virus_comp_18299_cycle_1_4","fixed","cond",NA,"feeding_first_yearBreastmilk_and_formula",4.19100570606827,5.3410302748911,0.784681136478621,0.432640545380293,-6.27722127305635,14.6592326851929,0.845535811280711
"virus_comp_18299_cycle_1_4","fixed","cond",NA,"Delivery.ModeC-Section",-18.969461413632,14.3932462421685,-1.31794183844757,0.187523118586872,-47.1797056688987,9.24078284163465,1
"virus_comp_18299_cycle_1_4","fixed","cond",NA,"Dx.StatusCELIAC:onset_timeline_combinedt0-6",14.4916070383704,1356.35292956732,0.0106842450238916,0.991475368037426,-2643.91128523896,2672.8944993157,1
"virus_comp_18299_cycle_1_4","fixed","cond",NA,"Dx.StatusCELIAC:onset_timeline_combinedt0-12",-10.8090652190247,40439.744951945,-0.000267288164944393,0.999786734902445,-79271.2527150167,79249.6345845787,1
"virus_comp_18299_cycle_1_4","fixed","cond",NA,"Dx.StatusCELIAC:onset_timeline_combinedt0-18",-25.6684930468699,13658.3573423025,-0.00187932504645853,0.998500516443362,-26795.556971938,26744.2199858443,1
"virus_comp_18299_cycle_1_4","fixed","cond",NA,"Dx.StatusCELIAC:onset_timeline_combinedt0-24",-38.0231812561425,12819.655799055,-0.00296600640860773,0.99763347274913,-25164.0868416041,25088.0404790918,1
"virus_comp_18299_cycle_1_4","fixed","cond",NA,"Dx.StatusCELIAC:onset_timeline_combinedt0-30",11.0047352763706,5456.2918790044,0.00201688903753782,0.998390756467121,-10683.1308367106,10705.1403072634,1
"virus_comp_18299_cycle_1_4","fixed","cond",NA,"Dx.StatusCELIAC:onset_timeline_combinedt0-36",-11.7743750835193,52916.0267980255,-0.000222510566193126,0.999822462256084,-103725.28110417,103701.732354003,1
"virus_comp_18299_cycle_1_4","fixed","cond",NA,"Dx.StatusCELIAC:onset_timeline_combinedt0-over42",-40.7275231300007,44917.0211226155,-0.000906728053466009,0.999276535784426,-88076.4712162812,87995.0161700212,1
"virus_comp_18378_cycle_1_1","fixed","cond",NA,"(Intercept)",1.12853198041755,0.633867457071303,1.78039110200069,0.0750119769589529,-0.113825406414187,2.3708893672493,0.151024113610692
"virus_comp_18378_cycle_1_1","fixed","cond",NA,"Dx.StatusCELIAC",0.122148665385289,0.750969454817753,0.162654638749498,0.870790364281129,-1.34972441954719,1.59402175031776,1
"virus_comp_18378_cycle_1_1","fixed","cond",NA,"onset_timeline_combinedt0-6",-22.9198214515942,40424.5982448604,-0.000566977099259316,0.99954761775041,-79253.6764708791,79207.8368279759,1
"virus_comp_18378_cycle_1_1","fixed","cond",NA,"onset_timeline_combinedt0-12",0.0515306264819484,0.771201153468291,0.0668186584656958,0.946726069296885,-1.45999585915165,1.56305711211555,1
"virus_comp_18378_cycle_1_1","fixed","cond",NA,"onset_timeline_combinedt0-18",-0.840733334321692,0.940988035728618,-0.893458048773917,0.371611928264389,-2.68503599423287,1.00356932558949,1
"virus_comp_18378_cycle_1_1","fixed","cond",NA,"onset_timeline_combinedt0-24",-1.06443430042876,0.779382308783533,-1.36574090588499,0.17202030022403,-2.59199555583216,0.463126954974641,1
"virus_comp_18378_cycle_1_1","fixed","cond",NA,"onset_timeline_combinedt0-30",-0.712421517235835,0.807896337346145,-0.881822932353011,0.377872568372307,-2.2958692416761,0.87102620720443,1
"virus_comp_18378_cycle_1_1","fixed","cond",NA,"onset_timeline_combinedt0-36",-1.06443402461451,0.779382295388848,-1.36574057546873,0.172020403969242,-2.5919952537648,0.463127204535794,0.435982747991011
"virus_comp_18378_cycle_1_1","fixed","cond",NA,"onset_timeline_combinedt0-over42",-1.19198368668678,0.737244634248978,-1.61680890075388,0.105919537528335,-2.63695661761018,0.252989244236616,1
"virus_comp_18378_cycle_1_1","fixed","cond",NA,"SexMale",-0.332367922121688,0.398087841791818,-0.834911010157154,0.40376781512266,-1.11260575471693,0.447869910473554,1
"virus_comp_18378_cycle_1_1","fixed","cond",NA,"Age.at.Gluten.Introduction..months.",-0.0309159089074158,0.030772660879784,-1.00465504196051,0.315062983456499,-0.0912292159402572,0.0293973981254255,0.81481806066336
"virus_comp_18378_cycle_1_1","fixed","cond",NA,"HLA.CategoryHigh Risk",-0.43499526827191,0.3712507474061,-1.17170206743337,0.241316692702468,-1.16263336242144,0.292642825877622,0.797394288929894
"virus_comp_18378_cycle_1_1","fixed","cond",NA,"HLA.CategoryLow/No Risk",0.243223145360358,0.605103475301191,0.401952980420899,0.687718630652165,-0.942757873149999,1.42920416387071,1
"virus_comp_18378_cycle_1_1","fixed","cond",NA,"feeding_first_yearFormula",-0.283861086158117,0.517251628205653,-0.548787225944231,0.583151477679225,-1.2976556483859,0.729933476069665,1
"virus_comp_18378_cycle_1_1","fixed","cond",NA,"feeding_first_yearBreastmilk_and_formula",-0.311598652199684,0.36180603364512,-0.861231221216498,0.389110707798757,-1.02072544753341,0.397528143134038,0.839974412723467
"virus_comp_18378_cycle_1_1","fixed","cond",NA,"Delivery.ModeC-Section",0.218025042004036,0.829958479748999,0.262693914603984,0.792786507549851,-1.40866368696762,1.84471377097569,1
"virus_comp_18378_cycle_1_1","fixed","cond",NA,"Dx.StatusCELIAC:onset_timeline_combinedt0-6",21.1789482521011,40424.598265418,0.00052391239890735,0.999581978404822,-79209.5777414676,79251.9356379718,1
"virus_comp_18378_cycle_1_1","fixed","cond",NA,"Dx.StatusCELIAC:onset_timeline_combinedt0-12",0.345231986083382,1.10977725593948,0.311082232254911,0.755738108103261,-1.82989146641968,2.52035543858644,1
"virus_comp_18378_cycle_1_1","fixed","cond",NA,"Dx.StatusCELIAC:onset_timeline_combinedt0-18",-0.0717623752969878,1.3257287519972,-0.0541305113801585,0.956831183309996,-2.67014298248073,2.52661823188676,1
"virus_comp_18378_cycle_1_1","fixed","cond",NA,"Dx.StatusCELIAC:onset_timeline_combinedt0-24",0.880520661488184,1.11095712766287,0.792578434903732,0.428023477133959,-1.29691529709911,3.05795662007548,1
"virus_comp_18378_cycle_1_1","fixed","cond",NA,"Dx.StatusCELIAC:onset_timeline_combinedt0-30",0.71112157176492,1.15455863113025,0.615925040609475,0.537943993941083,-1.55177176329024,2.97401490682008,1
"virus_comp_18378_cycle_1_1","fixed","cond",NA,"Dx.StatusCELIAC:onset_timeline_combinedt0-36",0.0413667114472183,1.1023472903307,0.0375260245206468,0.970065590190033,-2.11919427605627,2.2019276989507,1
"virus_comp_18378_cycle_1_1","fixed","cond",NA,"Dx.StatusCELIAC:onset_timeline_combinedt0-over42",0.208893414360548,1.02366538140193,0.204064158225673,0.838303362554338,-1.79745386540769,2.21524069412879,1
"virus_comp_189_cycle_1_4","fixed","cond",NA,"(Intercept)",-475.851196603117,93645677.1830027,-5.0814005613223e-06,0.999995945628945,-183542630.437746,183541678.735353,0.999999834899283
"virus_comp_189_cycle_1_4","fixed","cond",NA,"onset_timeline_combinedt0-6",12.2606318887716,1.9721148789661e+76,6.21699679848232e-76,1,-3.86527413614913e+76,3.86527413614913e+76,1
"virus_comp_189_cycle_1_4","fixed","cond",NA,"onset_timeline_combinedt0-12",277.853445642722,93645605.8047237,2.96707403679059e-06,0.999997632617435,-183541736.834248,183542292.541139,1
"virus_comp_189_cycle_1_4","fixed","cond",NA,"onset_timeline_combinedt0-18",-20.7562823153706,7.96254067767707e+66,-2.60674113396503e-66,1,-1.56062929536822e+67,1.56062929536822e+67,1
"virus_comp_189_cycle_1_4","fixed","cond",NA,"onset_timeline_combinedt0-24",265.739114426688,93645889.7675408,2.83770184774087e-06,0.999997735841508,-183542305.505473,183542836.983702,1
"virus_comp_189_cycle_1_4","fixed","cond",NA,"onset_timeline_combinedt0-30",34.2780688279467,1.2662087862932e+49,2.70714191837945e-48,1,-2.48172361804284e+49,2.48172361804284e+49,1
"virus_comp_189_cycle_1_4","fixed","cond",NA,"SexMale",-361.091605789171,2.06793014228966e+36,-1.74614992259537e-34,1,-4.05306860143252e+36,4.05306860143252e+36,1
"virus_comp_189_cycle_1_4","fixed","cond",NA,"Age.at.Gluten.Introduction..months.",26.9309643167884,119.637301809973,0.225105079346946,0.821897529636257,-207.553838438306,261.415767071883,0.99999417197145
"virus_comp_189_cycle_1_4","fixed","cond",NA,"HLA.CategoryHigh Risk",-210.932154407928,1.0330531983784e+42,-2.04183245102026e-40,1,-2.02474706293558e+42,2.02474706293558e+42,1
"virus_comp_189_cycle_1_4","fixed","cond",NA,"feeding_first_yearFormula",-188.329698484315,6.33916606900165e+48,-2.97089075178582e-47,1,-1.24245371872616e+49,1.24245371872616e+49,1
"virus_comp_189_cycle_1_4","fixed","cond",NA,"feeding_first_yearBreastmilk_and_formula",-64.7067915132932,244.024428219504,-0.265165221307633,0.790882185544061,-542.9858821715,413.572299144913,1
"virus_comp_189_cycle_1_4","fixed","cond",NA,"Delivery.ModeC-Section",-336.595406751628,8.29283216735422e+106,-4.05887156473126e-105,1,-1.62536523778495e+107,1.62536523778495e+107,1
"virus_comp_189_cycle_1_4","fixed","cond",NA,"Dx.StatusCELIAC:onset_timeline_combinedt0-6",55.086022376447,8.07673910575267e+88,6.820329548247e-88,1,-1.58301177598015e+89,1.58301177598015e+89,1
"virus_comp_189_cycle_1_4","fixed","cond",NA,"Dx.StatusCELIAC:onset_timeline_combinedt0-12",32.9769961589151,7.67164285882034e+35,4.29855726677896e-35,1,-1.50361437055417e+36,1.50361437055417e+36,1
"virus_comp_189_cycle_1_4","fixed","cond",NA,"Dx.StatusCELIAC:onset_timeline_combinedt0-18",73.2073477818637,1.38602819384476e+92,5.28180798247623e-91,1,-2.71656534149283e+92,2.71656534149283e+92,1
"virus_comp_189_cycle_1_4","fixed","cond",NA,"Dx.StatusCELIAC:onset_timeline_combinedt0-24",-422.121654696389,1.4024037714288e+58,-3.0099865908541e-56,1,-2.74866088378358e+58,2.74866088378358e+58,1
"virus_comp_189_cycle_1_4","fixed","cond",NA,"Dx.StatusCELIAC:onset_timeline_combinedt0-30",144.947290729443,4.10283336974169e+64,3.53285833634938e-63,1,-8.04140563926282e+64,8.04140563926282e+64,1
"virus_comp_1898_cycle_1_10","fixed","cond",NA,"(Intercept)",-5.18586330209404,2.06242806129337,-2.51444566693974,0.0119219671135492,-9.2281480229338,-1.14357858125427,0.0573742012751373
"virus_comp_1898_cycle_1_10","fixed","cond",NA,"Dx.StatusCELIAC",0.882439395201825,1.90571774427899,0.463048317543839,0.64332973407956,-2.8526987482839,4.61757753868755,1
"virus_comp_1898_cycle_1_10","fixed","cond",NA,"onset_timeline_combinedt0-6",-19.1081674738339,28394.9393506126,-0.000672942711301181,0.999463069440873,-55672.1666378738,55633.9503029261,1
"virus_comp_1898_cycle_1_10","fixed","cond",NA,"onset_timeline_combinedt0-12",0.0264404092863585,1.78397457364437,0.0148210684597063,0.988174931226773,-3.4700855043918,3.52296632296451,1
"virus_comp_1898_cycle_1_10","fixed","cond",NA,"onset_timeline_combinedt0-18",0.69520573257585,2.01813198340668,0.34447981514188,0.730485473390509,-3.26026027094963,4.65067173610133,1
"virus_comp_1898_cycle_1_10","fixed","cond",NA,"onset_timeline_combinedt0-24",0.355080309201925,1.85856486220037,0.191050802919809,0.848485791158543,-3.28763988364244,3.9978005020463,1
"virus_comp_1898_cycle_1_10","fixed","cond",NA,"onset_timeline_combinedt0-30",0.773181958615647,1.94800766132275,0.396909095362918,0.69143449683566,-3.04484289918505,4.59120681641634,1
"virus_comp_1898_cycle_1_10","fixed","cond",NA,"onset_timeline_combinedt0-36",1.69266703844011,1.68355753454477,1.00541086580554,0.314699049880226,-1.60704509516869,4.99237917204891,0.644706282459765
"virus_comp_1898_cycle_1_10","fixed","cond",NA,"onset_timeline_combinedt0-over42",1.48344268222786,1.59558632517521,0.92971634240157,0.352517970730437,-1.64384904934017,4.61073441379589,1
"virus_comp_1898_cycle_1_10","fixed","cond",NA,"SexMale",-0.955133462992906,1.42328549548528,-0.671076509964185,0.502171790334535,-3.74472177386229,1.83445484787648,1
"virus_comp_1898_cycle_1_10","fixed","cond",NA,"Age.at.Gluten.Introduction..months.",0.0496770873862963,0.117983007038735,0.421052901033339,0.673716452993388,-0.18156535719736,0.280919531969953,0.986910831018112
"virus_comp_1898_cycle_1_10","fixed","cond",NA,"HLA.CategoryHigh Risk",-0.491829895734387,1.18282544168294,-0.41580936493436,0.677549505537232,-2.81012516143063,1.82646536996186,0.992982795983933
"virus_comp_1898_cycle_1_10","fixed","cond",NA,"HLA.CategoryLow/No Risk",-1.30664838334706,3.17317148963081,-0.411779945589731,0.680500721749338,-7.52595021979277,4.91265345309865,1
"virus_comp_1898_cycle_1_10","fixed","cond",NA,"feeding_first_yearFormula",3.81401761157058,1.45378208034006,2.62351397994838,0.00870278734394503,0.964657092734354,6.66337813040681,0.423616161380843
"virus_comp_1898_cycle_1_10","fixed","cond",NA,"feeding_first_yearBreastmilk_and_formula",0.894448676078667,1.15719216766369,0.772947398948015,0.439553511530678,-1.37360629573401,3.16250364789134,0.846140509696556
"virus_comp_1898_cycle_1_10","fixed","cond",NA,"Delivery.ModeC-Section",-0.147365217378834,3.18228578582697,-0.0463079771261143,0.963064781304715,-6.38453074611344,6.08980031135577,1
"virus_comp_1898_cycle_1_10","fixed","cond",NA,"Dx.StatusCELIAC:onset_timeline_combinedt0-6",21.5507118844085,28394.9394052003,0.000758963122860605,0.999394435100188,-55631.5078655054,55674.6092892742,1
"virus_comp_1898_cycle_1_10","fixed","cond",NA,"Dx.StatusCELIAC:onset_timeline_combinedt0-12",-20.7717288771059,29617.7072723933,-0.000701328049672071,0.999440421222981,-58070.411287418,58028.8678296638,1
"virus_comp_1898_cycle_1_10","fixed","cond",NA,"Dx.StatusCELIAC:onset_timeline_combinedt0-18",0.247996441412781,2.64616108478649,0.0937193290456052,0.925332115498856,-4.93838398206018,5.43437686488574,1
"virus_comp_1898_cycle_1_10","fixed","cond",NA,"Dx.StatusCELIAC:onset_timeline_combinedt0-24",-21.5220113422275,41524.859852466,-0.000518292209021132,0.999586462666952,-81408.7517852488,81365.7077625644,1
"virus_comp_1898_cycle_1_10","fixed","cond",NA,"Dx.StatusCELIAC:onset_timeline_combinedt0-30",-22.6582809629098,63692.0926233176,-0.000355747158393955,0.999716154840755,-124856.865922655,124811.549360729,1
"virus_comp_1898_cycle_1_10","fixed","cond",NA,"Dx.StatusCELIAC:onset_timeline_combinedt0-36",-24.4237472841531,90389.6931730805,-0.00027020500265872,0.99978440760275,-177184.966940148,177136.11944558,1
"virus_comp_1898_cycle_1_10","fixed","cond",NA,"Dx.StatusCELIAC:onset_timeline_combinedt0-over42",-0.623678329630948,2.25173723657092,-0.276976513734224,0.781798140223738,-5.03700221595769,3.78964555669579,1
"virus_comp_1898_cycle_1_13","fixed","cond",NA,"(Intercept)",-36.6356660515733,9530.85532844322,-0.00384390118085628,0.996933018147282,-18716.7688516619,18643.4975195588,0.999999834899283
"virus_comp_1898_cycle_1_13","fixed","cond",NA,"onset_timeline_combinedt0-6",-6.70732967595039,279935.482548537,-2.39602697553263e-05,0.999980882470691,-548670.171119649,548656.756460297,1
"virus_comp_1898_cycle_1_13","fixed","cond",NA,"onset_timeline_combinedt0-12",22.8406924643072,9530.65579469353,0.00239654992860244,0.998087831643183,-18656.901414183,18702.5827991116,1
"virus_comp_1898_cycle_1_13","fixed","cond",NA,"onset_timeline_combinedt0-18",24.553272061215,9530.67048156208,0.00257623764337625,0.997944462033159,-18655.2176203195,18704.3241644419,1
"virus_comp_1898_cycle_1_13","fixed","cond",NA,"onset_timeline_combinedt0-24",22.5571740030433,9530.6598676113,0.00236680086335899,0.998111567895717,-18657.1929154164,18702.3072634225,1
"virus_comp_1898_cycle_1_13","fixed","cond",NA,"onset_timeline_combinedt0-30",23.135560252088,9530.65983730605,0.00242748777598042,0.998063146884222,-18656.6144697701,18702.8855902743,1
"virus_comp_1898_cycle_1_13","fixed","cond",NA,"onset_timeline_combinedt0-36",26.8231578014573,9530.68192333537,0.00281440069212489,0.997754436104304,-18652.9701600428,18706.6164756457,1
"virus_comp_1898_cycle_1_13","fixed","cond",NA,"onset_timeline_combinedt0-over42",22.2463249868352,9530.66136830665,0.00233418480912703,0.998137591669934,-18657.5067057414,18701.9993557151,1
"virus_comp_1898_cycle_1_13","fixed","cond",NA,"SexMale",4.52989891571309,4.25809417500908,1.0638324869138,0.287404591540559,-3.81581231008449,12.8756101415107,1
"virus_comp_1898_cycle_1_13","fixed","cond",NA,"Age.at.Gluten.Introduction..months.",-0.0511698688960103,0.889837776300385,-0.0575047163189178,0.954143149248384,-1.79521986252797,1.69288012473595,0.99999417197145
"virus_comp_1898_cycle_1_13","fixed","cond",NA,"HLA.CategoryHigh Risk",-0.969343110726761,4.2545818319116,-0.227835107896193,0.81977443221994,-9.30817027055194,7.36948404909842,0.992982795983933
"virus_comp_1898_cycle_1_13","fixed","cond",NA,"HLA.CategoryLow/No Risk",-19.7348423747487,42817.5194460877,-0.000460905784128788,0.999632250403879,-83940.53086405,83901.0611793005,1
"virus_comp_1898_cycle_1_13","fixed","cond",NA,"feeding_first_yearFormula",7.48901596887248,6.75890735836993,1.10802169223379,0.267852447718704,-5.75819902837534,20.7362309661203,1
"virus_comp_1898_cycle_1_13","fixed","cond",NA,"feeding_first_yearBreastmilk_and_formula",3.44156079364864,4.396516544874,0.782792640155361,0.433748890202443,-5.17545329173886,12.0585748790361,0.845535811280711
"virus_comp_1898_cycle_1_13","fixed","cond",NA,"Delivery.ModeC-Section",20.2406550507367,42817.5208428773,0.000472718986347004,0.999622824833243,-83900.5581042818,83941.0394143832,1
"virus_comp_1898_cycle_1_2","fixed","cond",NA,"(Intercept)",-5.23982168195896,2.17559286118294,-2.40845692015642,0.0160201168611102,-9.50390533489997,-0.975738029017945,0.0609013689234018
"virus_comp_1898_cycle_1_2","fixed","cond",NA,"Dx.StatusCELIAC",-0.171780018591595,1.58249760171765,-0.108549939289098,0.913559468683361,-3.27341832357921,2.92985828639602,1
"virus_comp_1898_cycle_1_2","fixed","cond",NA,"onset_timeline_combinedt0-6",-21.9297245179157,100313.149939345,-0.000218612659767695,0.999825572335365,-196632.0907814,196588.231332364,1
"virus_comp_1898_cycle_1_2","fixed","cond",NA,"onset_timeline_combinedt0-12",0.205824620914431,1.55791909994871,0.132115089237437,0.894893261044969,-2.8476407058121,3.25928994764096,1
"virus_comp_1898_cycle_1_2","fixed","cond",NA,"onset_timeline_combinedt0-18",0.695868625823846,1.63707442840324,0.425068410910664,0.670786805023886,-2.51273829385799,3.90447554550568,1
"virus_comp_1898_cycle_1_2","fixed","cond",NA,"onset_timeline_combinedt0-24",0.393097262102817,1.56652214628057,0.250936294157191,0.801863363279082,-2.67722972559149,3.46342424979713,1
"virus_comp_1898_cycle_1_2","fixed","cond",NA,"onset_timeline_combinedt0-30",0.563681016493868,1.59113669754191,0.354263098428111,0.723141719943299,-2.55488960516827,3.682251638156,1
"virus_comp_1898_cycle_1_2","fixed","cond",NA,"onset_timeline_combinedt0-36",0.393097259497786,1.56652214695801,0.250936292385736,0.801863364648692,-2.67722972952428,3.46342424851985,1
"virus_comp_1898_cycle_1_2","fixed","cond",NA,"onset_timeline_combinedt0-over42",0.322779921347202,1.65403697139696,0.195146739117077,0.845278073361975,-2.91907297168854,3.56463281438295,1
"virus_comp_1898_cycle_1_2","fixed","cond",NA,"SexMale",-0.914968471837152,1.21487691524533,-0.753136766659511,0.451367732627768,-3.29608347136713,1.46614652769282,1
"virus_comp_1898_cycle_1_2","fixed","cond",NA,"Age.at.Gluten.Introduction..months.",0.169059314733597,0.198435199904022,0.851962327325827,0.394235001640261,-0.219866530343293,0.557985159810486,0.923988285094362
"virus_comp_1898_cycle_1_2","fixed","cond",NA,"HLA.CategoryHigh Risk",1.32033787125593,0.956675364163189,1.38013156888475,0.167546138898691,-0.554711387400661,3.19538712991252,0.622844308745982
"virus_comp_1898_cycle_1_2","fixed","cond",NA,"HLA.CategoryLow/No Risk",-3.14613819466198,5.6122635871953,-0.560582756989545,0.575082008939148,-14.1459726973103,7.85369630798638,1
"virus_comp_1898_cycle_1_2","fixed","cond",NA,"feeding_first_yearFormula",1.99586614681797,0.993882983957896,2.00815003278345,0.0446273509016794,0.0478912934132907,3.94384100022264,0.671605282880621
"virus_comp_1898_cycle_1_2","fixed","cond",NA,"feeding_first_yearBreastmilk_and_formula",0.249785115423506,1.05334794277649,0.237134478817232,0.812552464853219,-1.81473891560776,2.31430914645477,1
"virus_comp_1898_cycle_1_2","fixed","cond",NA,"Delivery.ModeC-Section",1.93356998620482,4.98187894308676,0.388120628440398,0.697926766920479,-7.8307333175837,11.6978732899933,1
"virus_comp_1898_cycle_1_2","fixed","cond",NA,"Dx.StatusCELIAC:onset_timeline_combinedt0-6",-2.37476520663018,582166.907458128,-4.07918275018233e-06,0.999996745283063,-1141028.5463742,1141023.79684379,1
"virus_comp_1898_cycle_1_2","fixed","cond",NA,"Dx.StatusCELIAC:onset_timeline_combinedt0-12",-21.3280835294964,36209.5684847268,-0.000589017887315963,0.999530031748849,-70990.7782093306,70948.1220422716,1
"virus_comp_1898_cycle_1_2","fixed","cond",NA,"Dx.StatusCELIAC:onset_timeline_combinedt0-18",-22.4272294844912,64838.1294763727,-0.00034589568924353,0.999724015175408,-127102.82582812,127057.971369151,1
"virus_comp_1898_cycle_1_2","fixed","cond",NA,"Dx.StatusCELIAC:onset_timeline_combinedt0-24",-21.8619046738975,46556.6326470794,-0.000469576587285012,0.99962533210466,-91271.1851344111,91227.4613250633,1
"virus_comp_1898_cycle_1_2","fixed","cond",NA,"Dx.StatusCELIAC:onset_timeline_combinedt0-30",-22.305770650209,58187.5227981369,-0.000383342847015361,0.999694136668363,-114067.754804602,114023.143263301,1
"virus_comp_1898_cycle_1_2","fixed","cond",NA,"Dx.StatusCELIAC:onset_timeline_combinedt0-36",-21.6596119614612,42072.0285726348,-0.00051482214422029,0.999589231377712,-82481.3203708658,82438.0011469428,1
"virus_comp_1898_cycle_1_2","fixed","cond",NA,"Dx.StatusCELIAC:onset_timeline_combinedt0-over42",0.37436482052968,2.18194848073298,0.171573629641301,0.86377274048642,-3.90217561782885,4.65090525888821,1
"virus_comp_1931_cycle_1_4","fixed","cond",NA,"(Intercept)",-1035.21385588548,67571734.7106365,-1.53202202121729e-05,0.999987776232825,-132439201.619599,132437131.191887,0.999999834899283
"virus_comp_1931_cycle_1_4","fixed","cond",NA,"Dx.StatusCELIAC",188.094856267519,109104801286.99,1.72398330823914e-09,0.99999999862446,-213841480874.805,213841481250.994,1
"virus_comp_1931_cycle_1_4","fixed","cond",NA,"onset_timeline_combinedt0-6",-168.813588100512,2.67539095500192e+97,-6.3098661444189e-96,1,-5.24366991636799e+97,5.24366991636799e+97,1
"virus_comp_1931_cycle_1_4","fixed","cond",NA,"onset_timeline_combinedt0-12",585.53391329212,29322327732.893,1.99688755485563e-08,0.999999984067143,-57470705713.8163,57470706884.8841,1
"virus_comp_1931_cycle_1_4","fixed","cond",NA,"onset_timeline_combinedt0-24",-177.326503349987,1.33483253866808e+99,-1.3284550549459e-97,1,-2.6162237011816e+99,2.6162237011816e+99,1
"virus_comp_1931_cycle_1_4","fixed","cond",NA,"onset_timeline_combinedt0-over42",-98.0888736932831,1.17147300990354e+82,-8.37312280044419e-81,1,-2.29604490827167e+82,2.29604490827167e+82,1
"virus_comp_1931_cycle_1_4","fixed","cond",NA,"HLA.CategoryHigh Risk",-501.185350288282,7.56347244220961e+51,-6.62639223078686e-50,1,-1.4824133584792e+52,1.4824133584792e+52,1
"virus_comp_1931_cycle_1_4","fixed","cond",NA,"feeding_first_yearFormula",-275.292239117867,3.22176383222243e+82,-8.54476781831538e-81,1,-6.31454107784971e+82,6.31454107784971e+82,1
"virus_comp_1931_cycle_1_4","fixed","cond",NA,"feeding_first_yearBreastmilk_and_formula",-143.469106893815,109049301361.344,-1.3156352686609e-09,0.999999998950275,-213732703350.959,213732703064.021,1
"virus_comp_1931_cycle_1_4","fixed","cond",NA,"Delivery.ModeC-Section",-136.143138452572,8.43979130540797e+112,-1.6131102479434e-111,1,-1.65416869956339e+113,1.65416869956339e+113,1
"virus_comp_1931_cycle_1_4","fixed","cond",NA,"Dx.StatusCELIAC:onset_timeline_combinedt0-6",18.1634687168163,3.53423862419839e+103,5.13928759435026e-103,1,-6.92698041619922e+103,6.92698041619922e+103,1
"virus_comp_1931_cycle_1_4","fixed","cond",NA,"Dx.StatusCELIAC:onset_timeline_combinedt0-12",-15.3795428320706,19302187049.7667,-7.96777214541422e-10,0.999999999364264,-37831591455.7777,37831591425.0186,1
"virus_comp_1931_cycle_1_4","fixed","cond",NA,"Dx.StatusCELIAC:onset_timeline_combinedt0-18",-37.2515952066912,1426053110924303104,-2.61221653817272e-17,1,-2795012737452935680,2795012737452935680,1
"virus_comp_1931_cycle_1_4","fixed","cond",NA,"Dx.StatusCELIAC:onset_timeline_combinedt0-24",64.8207651347155,1.33483255136181e+99,4.85609712383659e-98,1,-2.61622372606086e+99,2.61622372606086e+99,1
"virus_comp_1931_cycle_1_4","fixed","cond",NA,"Dx.StatusCELIAC:onset_timeline_combinedt0-36",-50.075991503877,374197141.766728,-1.33822485301328e-07,0.999999893225105,-733412971.056607,733412870.904624,1
"virus_comp_1931_cycle_1_4","fixed","cond",NA,"Dx.StatusCELIAC:onset_timeline_combinedt0-over42",72.4186945659765,1.17147300992306e+82,6.18184917215745e-81,1,-2.29604490830993e+82,2.29604490830993e+82,1
"virus_comp_1933_cycle_1_2","fixed","cond",NA,"(Intercept)",-2.12735175482176,1.47217401403289,-1.44504096291856,0.148446380038421,-5.01275980130198,0.758056291658462,0.283739283364577
"virus_comp_1933_cycle_1_2","fixed","cond",NA,"Dx.StatusCELIAC",1.27867998546756,1.42720235896994,0.895934607612634,0.370287689379214,-1.51858523676413,4.07594520769924,1
"virus_comp_1933_cycle_1_2","fixed","cond",NA,"onset_timeline_combinedt0-6",1.33042702378195,1.95729484214854,0.679727445825958,0.496677054335408,-2.5058003739552,5.16665442151911,1
"virus_comp_1933_cycle_1_2","fixed","cond",NA,"onset_timeline_combinedt0-12",1.09883871234655,1.43793670435061,0.764177386265971,0.44476154073467,-1.71946544022886,3.91714286492197,1
"virus_comp_1933_cycle_1_2","fixed","cond",NA,"onset_timeline_combinedt0-18",0.643599517862499,1.70149329250102,0.378255689104993,0.705240659227106,-2.69126605537598,3.97846509110098,1
"virus_comp_1933_cycle_1_2","fixed","cond",NA,"onset_timeline_combinedt0-24",0.575490380580265,1.58656595181319,0.362727045744661,0.716808794160329,-2.5341217440711,3.68510250523163,1
"virus_comp_1933_cycle_1_2","fixed","cond",NA,"onset_timeline_combinedt0-30",1.43346989808009,1.42892786233532,1.00317863194111,0.315774680911113,-1.36717724860295,4.23411704476312,1
"virus_comp_1933_cycle_1_2","fixed","cond",NA,"onset_timeline_combinedt0-36",1.43347036372919,1.42892780914402,1.00317899515714,0.315774505694579,-1.36717667870081,4.23411740615919,0.644706282459765
"virus_comp_1933_cycle_1_2","fixed","cond",NA,"onset_timeline_combinedt0-over42",-22.4753675012243,82012.9737858956,-0.000274046488789674,0.999781342540389,-160764.950252884,160719.999517882,1
"virus_comp_1933_cycle_1_2","fixed","cond",NA,"SexMale",0.234897694672018,0.8771705413135,0.26779022277729,0.788860797050412,-1.48432497460194,1.95412036394598,1
"virus_comp_1933_cycle_1_2","fixed","cond",NA,"Age.at.Gluten.Introduction..months.",-0.0310383811264301,0.0925595011605255,-0.335334360462902,0.737372876799841,-0.212451669828053,0.150374907575193,0.99999417197145
"virus_comp_1933_cycle_1_2","fixed","cond",NA,"HLA.CategoryHigh Risk",-3.46057466341471,1.28864271232722,-2.68544153496597,0.00724340461409701,-5.98626796851607,-0.93488135831336,0.196230173052655
"virus_comp_1933_cycle_1_2","fixed","cond",NA,"HLA.CategoryLow/No Risk",-0.852397291345924,1.22993384642226,-0.693043202140872,0.488282439972396,-3.26302333370037,1.55822875100853,1
"virus_comp_1933_cycle_1_2","fixed","cond",NA,"feeding_first_yearFormula",1.89320351035651,1.18064826074715,1.60352881827686,0.10881795192322,-0.420824559117763,4.20723157983079,1
"virus_comp_1933_cycle_1_2","fixed","cond",NA,"feeding_first_yearBreastmilk_and_formula",0.0312146664409721,0.713216919455863,0.0437660206726263,0.965090912693095,-1.36666480885712,1.42909414173907,1
"virus_comp_1933_cycle_1_2","fixed","cond",NA,"Delivery.ModeC-Section",-29.9948824387589,1950452.86046017,-1.53784195695364e-05,0.999987729796456,-3822847.3549275,3822787.36516263,1
"virus_comp_1933_cycle_1_2","fixed","cond",NA,"Dx.StatusCELIAC:onset_timeline_combinedt0-6",-27.74149515073,497869.720289951,-5.57203903353951e-05,0.999955541560853,-975834.462256485,975778.979266184,1
"virus_comp_1933_cycle_1_2","fixed","cond",NA,"Dx.StatusCELIAC:onset_timeline_combinedt0-12",-1.71425382411708,1.97123678749615,-0.869633640661967,0.38450064741087,-5.57780693260996,2.14929928437581,1
"virus_comp_1933_cycle_1_2","fixed","cond",NA,"Dx.StatusCELIAC:onset_timeline_combinedt0-18",0.15744202097347,2.11791055401278,0.0743383712192973,0.940741145663852,-3.99358638736885,4.30847042931579,1
"virus_comp_1933_cycle_1_2","fixed","cond",NA,"Dx.StatusCELIAC:onset_timeline_combinedt0-24",-26.662179201653,342327.642300016,-7.78849730699989e-05,0.999937856782532,-670976.511999743,670923.18764134,1
"virus_comp_1933_cycle_1_2","fixed","cond",NA,"Dx.StatusCELIAC:onset_timeline_combinedt0-30",-30.2073860835634,1269295.56664452,-2.37985437571636e-05,0.999981011509368,-2487803.8037457,2487743.38897353,1
"virus_comp_1933_cycle_1_2","fixed","cond",NA,"Dx.StatusCELIAC:onset_timeline_combinedt0-36",-30.2856544344539,1295955.32163657,-2.33693661570124e-05,0.999981353943549,-2540056.04163514,2539995.47032627,1
"virus_comp_1933_cycle_1_2","fixed","cond",NA,"Dx.StatusCELIAC:onset_timeline_combinedt0-over42",-3.45575281509316,280834.202962041,-1.23053131657195e-05,0.99999018178061,-550428.379185428,550421.467679797,1
"virus_comp_2171_cycle_1_4","fixed","cond",NA,"(Intercept)",-6.49136724145737,5.18747638771921,-1.25135359783516,0.210805498753785,-16.658634132039,3.67589964912421,0.370583006751436
"virus_comp_2171_cycle_1_4","fixed","cond",NA,"Dx.StatusCELIAC",-5.21251800301474,4.45816020636528,-1.16920831951539,0.242319710075614,-13.9503514448003,3.52531543877085,1
"virus_comp_2171_cycle_1_4","fixed","cond",NA,"onset_timeline_combinedt0-6",-19.8289838164002,106122.939094456,-0.000186849176866004,0.999850915927447,-208016.967542488,207977.309574856,1
"virus_comp_2171_cycle_1_4","fixed","cond",NA,"onset_timeline_combinedt0-12",-1.93048583014406,2.11927744105018,-0.910916991211604,0.36233911233336,-6.08419328785062,2.2232216275625,1
"virus_comp_2171_cycle_1_4","fixed","cond",NA,"onset_timeline_combinedt0-18",-25.0478813101036,68006.8497791873,-0.000368314094704167,0.999706127876954,-133316.024150543,133265.928387923,1
"virus_comp_2171_cycle_1_4","fixed","cond",NA,"onset_timeline_combinedt0-24",-1.92380671572464,2.12716272740618,-0.904400350259281,0.365783152523803,-6.09296905069676,2.24535561924747,1
"virus_comp_2171_cycle_1_4","fixed","cond",NA,"onset_timeline_combinedt0-30",-24.2192356877618,42057.1635229741,-0.00057586469602335,0.999540526475327,-82454.7450326286,82406.3065612531,1
"virus_comp_2171_cycle_1_4","fixed","cond",NA,"onset_timeline_combinedt0-36",-24.2251698321335,42182.0592270286,-0.000574300313357177,0.999541774671897,-82699.5420485437,82651.0917088794,1
"virus_comp_2171_cycle_1_4","fixed","cond",NA,"onset_timeline_combinedt0-over42",-21.3719257900325,20284.4840459919,-0.00105360953434039,0.99915934137497,-39778.2301009115,39735.4862493315,1
"virus_comp_2171_cycle_1_4","fixed","cond",NA,"SexMale",-2.57590593027292,4.8711924239419,-0.52880397777192,0.59694143807412,-12.1232676429634,6.97145578241757,1
"virus_comp_2171_cycle_1_4","fixed","cond",NA,"Age.at.Gluten.Introduction..months.",-0.286106070236178,0.488535081815191,-0.585640787910518,0.558116932600581,-1.24361723577828,0.671405095305926,0.946198952944221
"virus_comp_2171_cycle_1_4","fixed","cond",NA,"HLA.CategoryHigh Risk",2.10073094092822,3.45263807856992,0.608442267368593,0.542894185393017,-4.66631534472039,8.86777722657684,0.956307212291697
"virus_comp_2171_cycle_1_4","fixed","cond",NA,"HLA.CategoryLow/No Risk",6.10738188010741,6.33207649479335,0.964514860982696,0.334787861417443,-6.30325999704019,18.518023757255,1
"virus_comp_2171_cycle_1_4","fixed","cond",NA,"feeding_first_yearFormula",0.00703320246045287,4.43245493232776,0.00158675103702843,0.998733956376987,-8.68041882799888,8.69448523291979,1
"virus_comp_2171_cycle_1_4","fixed","cond",NA,"feeding_first_yearBreastmilk_and_formula",1.22328669324013,3.39539401401136,0.360278273505856,0.718639045159797,-5.43156328754502,7.87813667402528,1
"virus_comp_2171_cycle_1_4","fixed","cond",NA,"Delivery.ModeC-Section",-29.2902146768986,1158096.55492393,-2.52916862176683e-05,0.999979820154052,-2269856.82848549,2269798.24805613,1
"virus_comp_2171_cycle_1_4","fixed","cond",NA,"Dx.StatusCELIAC:onset_timeline_combinedt0-6",25.7879922791503,106122.939156559,0.000243001112522018,0.999806113165969,-207971.350688112,208022.92667267,1
"virus_comp_2171_cycle_1_4","fixed","cond",NA,"Dx.StatusCELIAC:onset_timeline_combinedt0-12",7.32580415857867,4.57958982557997,1.599663820908,0.109673181989674,-1.65002696352414,16.3016352806815,0.628511696786977
"virus_comp_2171_cycle_1_4","fixed","cond",NA,"Dx.StatusCELIAC:onset_timeline_combinedt0-18",26.9621790579432,68006.849832785,0.000396462696393638,0.9996836685439,-133264.014195224,133317.93855334,1
"virus_comp_2171_cycle_1_4","fixed","cond",NA,"Dx.StatusCELIAC:onset_timeline_combinedt0-24",5.98313081713708,4.45756006686139,1.34224345323289,0.179517071438248,-2.75352637283521,14.7197880071094,1
"virus_comp_2171_cycle_1_4","fixed","cond",NA,"Dx.StatusCELIAC:onset_timeline_combinedt0-30",24.341778304359,42057.1635829681,0.000578778410872593,0.999538201667621,-82406.1841362227,82454.8676928314,1
"virus_comp_2171_cycle_1_4","fixed","cond",NA,"Dx.StatusCELIAC:onset_timeline_combinedt0-36",24.3468297948727,42182.0592868419,0.000577184476208524,0.999539473443268,-82650.9701661485,82699.6638257382,1
"virus_comp_2171_cycle_1_4","fixed","cond",NA,"Dx.StatusCELIAC:onset_timeline_combinedt0-over42",16.9493496660388,20284.4842954936,0.000835581985675833,0.999333302111925,-39739.9093144697,39773.8080138017,1
"virus_comp_2171_cycle_1_7","fixed","cond",NA,"(Intercept)",-31.9267064172617,38642.6922156431,-0.000826202952917895,0.999340785494775,-75770.2117147441,75706.3583019096,0.999999834899283
"virus_comp_2171_cycle_1_7","fixed","cond",NA,"Dx.StatusCELIAC",25.3874559988785,38642.6918157104,0.000656979490972136,0.999475806245098,-75712.8967684742,75763.6716804719,1
"virus_comp_2171_cycle_1_7","fixed","cond",NA,"onset_timeline_combinedt0-6",0.289106173451442,444799.836509559,6.4996915403594e-07,0.999999481399647,-871791.370781866,871791.948994213,1
"virus_comp_2171_cycle_1_7","fixed","cond",NA,"onset_timeline_combinedt0-12",-3.81690735118033,263881.892517127,-1.44644534521542e-05,0.99998845903591,-517202.82241319,517195.188598487,1
"virus_comp_2171_cycle_1_7","fixed","cond",NA,"onset_timeline_combinedt0-18",-3.92297366367994,295129.08593516,-1.32923993284139e-05,0.9999893941998,-578446.302196803,578438.456249476,1
"virus_comp_2171_cycle_1_7","fixed","cond",NA,"onset_timeline_combinedt0-24",-3.8601715339973,270044.940648317,-1.42945523242535e-05,0.999988594597397,-529282.218049492,529274.497706424,1
"virus_comp_2171_cycle_1_7","fixed","cond",NA,"onset_timeline_combinedt0-30",-2.84505963391111,165332.358618594,-1.72081234289677e-05,0.999986269903996,-324048.313431138,324042.62331187,1
"virus_comp_2171_cycle_1_7","fixed","cond",NA,"onset_timeline_combinedt0-36",-2.83329554558701,164172.694105866,-1.72580194350711e-05,0.999986230092743,-321775.400987954,321769.734396863,1
"virus_comp_2171_cycle_1_7","fixed","cond",NA,"onset_timeline_combinedt0-over42",-0.94628106716685,135200.34368006,-6.99910252747688e-06,0.999994415524154,-264988.750591422,264986.858029287,1
"virus_comp_2171_cycle_1_7","fixed","cond",NA,"SexMale",3.85685068327674,3.19275761693722,1.207999837763,0.227047324751279,-2.40083925728615,10.1145406238396,1
"virus_comp_2171_cycle_1_7","fixed","cond",NA,"Age.at.Gluten.Introduction..months.",-0.063399556293837,0.19859897250974,-0.319234059938188,0.749549030988013,-0.452646389779588,0.325847277191914,0.99999417197145
"virus_comp_2171_cycle_1_7","fixed","cond",NA,"HLA.CategoryHigh Risk",4.0861676443938,2.85872411582278,1.42936760556125,0.152898604114256,-1.51682866435495,9.68916395314256,0.622844308745982
"virus_comp_2171_cycle_1_7","fixed","cond",NA,"HLA.CategoryLow/No Risk",5.93858567182268,4.79385775398528,1.23879054752631,0.215423075358511,-3.45720287299655,15.3343742166419,1
"virus_comp_2171_cycle_1_7","fixed","cond",NA,"feeding_first_yearFormula",-24.1332396594509,21522.6853672789,-0.00112129314941995,0.99910533769542,-42207.8214101133,42159.5549307944,1
"virus_comp_2171_cycle_1_7","fixed","cond",NA,"feeding_first_yearBreastmilk_and_formula",-4.00987696507807,3.77551052708852,-1.06207542961621,0.288201443412164,-11.4097416214234,3.38998769126726,0.822255833681735
"virus_comp_2171_cycle_1_7","fixed","cond",NA,"Delivery.ModeC-Section",0.237553899507421,1387173.13290682,1.71250360803649e-07,0.999999863361981,-2718809.14326505,2718809.61837285,1
"virus_comp_2171_cycle_1_7","fixed","cond",NA,"Dx.StatusCELIAC:onset_timeline_combinedt0-6",5.47625326750174,444799.836500291,1.23117250010458e-05,0.999990176664705,-871786.183616607,871797.136123142,1
"virus_comp_2171_cycle_1_7","fixed","cond",NA,"Dx.StatusCELIAC:onset_timeline_combinedt0-12",5.410472747778,263881.892523866,2.05033876937527e-05,0.999983640663516,-517193.595046299,517204.415991794,1
"virus_comp_2171_cycle_1_7","fixed","cond",NA,"Dx.StatusCELIAC:onset_timeline_combinedt0-18",5.89381718889396,295129.085945702,1.99703027236642e-05,0.999984066003783,-578436.485426613,578448.27306099,1
"virus_comp_2171_cycle_1_7","fixed","cond",NA,"Dx.StatusCELIAC:onset_timeline_combinedt0-24",5.51496663133794,270044.940655109,2.04224030932001e-05,0.999983705279879,-529272.842924639,529283.872857902,1
"virus_comp_2171_cycle_1_7","fixed","cond",NA,"Dx.StatusCELIAC:onset_timeline_combinedt0-30",2.63252196886944,165332.358629983,1.59226057783466e-05,0.999987295598682,-324042.835871858,324048.100915796,1
"virus_comp_2171_cycle_1_7","fixed","cond",NA,"Dx.StatusCELIAC:onset_timeline_combinedt0-36",2.58324679046848,164172.694117119,1.57349357294802e-05,0.999987445337717,-321769.984467674,321775.150961254,1
"virus_comp_2171_cycle_1_7","fixed","cond",NA,"Dx.StatusCELIAC:onset_timeline_combinedt0-over42",0.730056567483359,135200.343692044,5.39981295569976e-06,0.999995691572611,-264987.074277276,264988.534390411,1
"virus_comp_2171_cycle_1_9","fixed","cond",NA,"(Intercept)",-30.7836184540569,18255.5642328835,-0.00168625949115321,0.998654560224121,-35811.0320323633,35749.4647954552,0.999999834899283
"virus_comp_2171_cycle_1_9","fixed","cond",NA,"Dx.StatusCELIAC",21.1373674676615,18255.5636619698,0.00115785893325743,0.999076162439988,-35759.1099274714,35801.3846624067,1
"virus_comp_2171_cycle_1_9","fixed","cond",NA,"onset_timeline_combinedt0-6",0.747606940556384,279940.115955245,2.67059595229969e-06,0.999997869172721,-548671.797493306,548673.292707187,1
"virus_comp_2171_cycle_1_9","fixed","cond",NA,"onset_timeline_combinedt0-12",-6.68150024192027,512012.362247078,-1.30494900798821e-05,0.999989588013339,-1003532.47114379,1003519.10814331,1
"virus_comp_2171_cycle_1_9","fixed","cond",NA,"onset_timeline_combinedt0-18",-6.71397898747662,526335.522134681,-1.27560818244728e-05,0.999989822119256,-1031605.38114705,1031591.95318907,1
"virus_comp_2171_cycle_1_9","fixed","cond",NA,"onset_timeline_combinedt0-24",-7.2399835067817,682415.189226979,-1.06093528120072e-05,0.999991534961191,-1337516.43337147,1337501.95340446,1
"virus_comp_2171_cycle_1_9","fixed","cond",NA,"onset_timeline_combinedt0-30",23.6961991341108,18255.5634941688,0.0012980261683886,0.998964325251555,-35756.5507669209,35803.9431651891,1
"virus_comp_2171_cycle_1_9","fixed","cond",NA,"onset_timeline_combinedt0-36",-7.16677487250072,649233.579981476,-1.1038823458123e-05,0.999991192293194,-1272481.60109257,1272467.26754282,1
"virus_comp_2171_cycle_1_9","fixed","cond",NA,"onset_timeline_combinedt0-over42",-1.1794011368895,283834.395898138,-4.15524388141022e-06,0.999996684595061,-556306.37293517,556304.014132896,1
"virus_comp_2171_cycle_1_9","fixed","cond",NA,"SexMale",-1.10412817102855,3.91044637460478,-0.282353487366297,0.777672476231582,-8.76846222872915,6.56020588667204,1
"virus_comp_2171_cycle_1_9","fixed","cond",NA,"Age.at.Gluten.Introduction..months.",-0.12657528287461,0.40111833219908,-0.315555966192512,0.752339564937807,-0.912752767523579,0.65960220177436,0.99999417197145
"virus_comp_2171_cycle_1_9","fixed","cond",NA,"HLA.CategoryHigh Risk",1.44267535643778,3.36738631451026,0.428425853672091,0.668341105203587,-5.1572805420354,8.04263125491095,0.992982795983933
"virus_comp_2171_cycle_1_9","fixed","cond",NA,"HLA.CategoryLow/No Risk",3.17976868106216,5.00722173958741,0.635036522533585,0.525404595274133,-6.63420559113516,12.9937429532595,1
"virus_comp_2171_cycle_1_9","fixed","cond",NA,"feeding_first_yearFormula",2.04033729999775,5.02341421096977,0.406165451286539,0.684621037265148,-7.80537363292968,11.8860482329252,1
"virus_comp_2171_cycle_1_9","fixed","cond",NA,"feeding_first_yearBreastmilk_and_formula",-0.170589501347384,3.43058095281924,-0.0497261261848942,0.960340636524553,-6.8944046149222,6.55322561222743,1
"virus_comp_2171_cycle_1_9","fixed","cond",NA,"Delivery.ModeC-Section",-1.29991443283987,226184.125933942,-5.74715147436789e-06,0.99999541443657,-443314.040619631,443311.440790765,1
"virus_comp_2171_cycle_1_9","fixed","cond",NA,"Dx.StatusCELIAC:onset_timeline_combinedt0-6",3.49419048539834,279940.115964234,1.24819212614914e-05,0.999990040867737,-548669.050927379,548676.03930835,1
"virus_comp_2171_cycle_1_9","fixed","cond",NA,"Dx.StatusCELIAC:onset_timeline_combinedt0-12",7.98358544858414,512012.362249259,1.55925638465299e-05,0.999987558934044,-1003517.80606237,1003533.77323327,1
"virus_comp_2171_cycle_1_9","fixed","cond",NA,"Dx.StatusCELIAC:onset_timeline_combinedt0-18",8.40500073612907,526335.522139033,1.59689026915209e-05,0.99998725865909,-1031590.26217585,1031607.07217733,1
"virus_comp_2171_cycle_1_9","fixed","cond",NA,"Dx.StatusCELIAC:onset_timeline_combinedt0-24",9.15702445240255,682415.189228735,1.3418553099253e-05,0.999989293543654,-1337500.03636695,1337518.35041586,1
"virus_comp_2171_cycle_1_9","fixed","cond",NA,"Dx.StatusCELIAC:onset_timeline_combinedt0-30",-21.7907323741905,18255.5635674388,-0.00119364884538855,0.999047606241406,-35802.0378420357,35758.4563772874,1
"virus_comp_2171_cycle_1_9","fixed","cond",NA,"Dx.StatusCELIAC:onset_timeline_combinedt0-36",9.04389995754363,649233.579983882,1.39301173512438e-05,0.999988885374436,-1272465.39042246,1272483.47822237,1
"virus_comp_2171_cycle_1_9","fixed","cond",NA,"Dx.StatusCELIAC:onset_timeline_combinedt0-over42",0.874802807211127,283834.395904178,3.08208878076376e-06,0.999997540848947,-556304.318743065,556306.068348679,1
"virus_comp_2223_cycle_1_7","fixed","cond",NA,"(Intercept)",-3.31340836032182,8.80976312598299,-0.376106407509352,0.70683779096295,-20.5802267995775,13.9534100789338,0.860746019640367
"virus_comp_2223_cycle_1_7","fixed","cond",NA,"Dx.StatusCELIAC",-0.00321782552119385,5.73498507165807,-0.000561086991681311,0.99955231737556,-11.2435820178459,11.2371463668035,1
"virus_comp_2223_cycle_1_7","fixed","cond",NA,"onset_timeline_combinedt0-6",-9.95832282232477,1269.01465949626,-0.00784728745866322,0.99373883475296,-2497.18135128835,2477.2647056437,1
"virus_comp_2223_cycle_1_7","fixed","cond",NA,"onset_timeline_combinedt0-12",0.0130851299475715,2.48087692380701,0.00527439705775157,0.995791659532241,-4.84934429079068,4.87551455068583,1
"virus_comp_2223_cycle_1_7","fixed","cond",NA,"onset_timeline_combinedt0-18",-1.88134597209709,4.08633459718518,-0.460399393968628,0.645229569605774,-9.89041461136003,6.12772266716585,1
"virus_comp_2223_cycle_1_7","fixed","cond",NA,"onset_timeline_combinedt0-24",0.041673652135709,2.50123687487965,0.0166612177176199,0.986706886641353,-4.86066053943191,4.94400784370333,1
"virus_comp_2223_cycle_1_7","fixed","cond",NA,"onset_timeline_combinedt0-30",0.0416715111352871,2.50123697412568,0.0166603610798827,0.986707570044521,-4.86066287495098,4.94400589722155,1
"virus_comp_2223_cycle_1_7","fixed","cond",NA,"onset_timeline_combinedt0-36",-12.6993788573622,6.21439694029234,-2.04354163072898,0.0409988506459439,-24.8793730459711,-0.519384668753325,0.415174525657103
"virus_comp_2223_cycle_1_7","fixed","cond",NA,"onset_timeline_combinedt0-over42",-20.8604839939938,10094.5390023911,-0.00206651180297114,0.998351163311244,-19805.7933692155,19764.0724012275,1
"virus_comp_2223_cycle_1_7","fixed","cond",NA,"SexMale",-39.351750463988,789.687732696703,-0.0498320397223416,0.960256234385531,-1587.11126558262,1508.40776465464,1
"virus_comp_2223_cycle_1_7","fixed","cond",NA,"Age.at.Gluten.Introduction..months.",-0.906395094266204,0.998531096744693,-0.90772845955538,0.364021703858805,-2.86348008132908,1.05068989279667,0.872505985730287
"virus_comp_2223_cycle_1_7","fixed","cond",NA,"HLA.CategoryHigh Risk",2.89793536088257,6.48839069209018,0.446633918702732,0.655139401275084,-9.8190767132391,15.6149474350042,0.992982795983933
"virus_comp_2223_cycle_1_7","fixed","cond",NA,"HLA.CategoryLow/No Risk",28.3684953540231,30.2738826837122,0.93706167954749,0.348726831566389,-30.9672243782437,87.7042150862898,1
"virus_comp_2223_cycle_1_7","fixed","cond",NA,"feeding_first_yearFormula",-1.70095086949357,6.59472643080837,-0.25792591813169,0.796464081668474,-14.6263771617723,11.2244754227852,1
"virus_comp_2223_cycle_1_7","fixed","cond",NA,"feeding_first_yearBreastmilk_and_formula",-2.10197300056849,5.70408190573605,-0.368503299094415,0.712497985636974,-13.2817681006777,9.07782209954075,1
"virus_comp_2223_cycle_1_7","fixed","cond",NA,"Delivery.ModeC-Section",-49.382276939027,1273937.99128195,-3.87634855675623e-05,0.99996907121335,-2496921.96372685,2496823.19917297,1
"virus_comp_2223_cycle_1_7","fixed","cond",NA,"Dx.StatusCELIAC:onset_timeline_combinedt0-6",-2.60344838982562,1302.0215349774,-0.00199954326398357,0.998404596364127,-2554.51876404109,2549.31186726144,1
"virus_comp_2223_cycle_1_7","fixed","cond",NA,"Dx.StatusCELIAC:onset_timeline_combinedt0-12",-21.8603502711115,7.69167588634738,-2.84207896876068,0.00448203881764279,-36.9357579891076,-6.78494255311547,0.222607927942925
"virus_comp_2223_cycle_1_7","fixed","cond",NA,"Dx.StatusCELIAC:onset_timeline_combinedt0-18",-9.57490120045281,6.36082693554169,-1.50529189010822,0.132249049299862,-22.0418929060068,2.89209050510119,1
"virus_comp_2223_cycle_1_7","fixed","cond",NA,"Dx.StatusCELIAC:onset_timeline_combinedt0-24",-11.6983159184055,5.41020865190012,-2.16226705310098,0.0305975977202687,-22.3021300249767,-1.09450181183424,1
"virus_comp_2223_cycle_1_7","fixed","cond",NA,"Dx.StatusCELIAC:onset_timeline_combinedt0-30",-23.3678286600163,9.82664931958753,-2.37800575761232,0.017406554126798,-42.6277074151129,-4.10794990491975,0.870327706339898
"virus_comp_2223_cycle_1_7","fixed","cond",NA,"Dx.StatusCELIAC:onset_timeline_combinedt0-36",1.04271913376348,6.94643349006132,0.150108560782358,0.880678965987472,-12.5720403277596,14.6574785952865,1
"virus_comp_2223_cycle_1_7","fixed","cond",NA,"Dx.StatusCELIAC:onset_timeline_combinedt0-over42",-7.300573971973,10094.5454803012,-0.000723219681977714,0.999422954231985,-19792.2461556639,19777.6450077199,1
"virus_comp_2239_cycle_1_2","fixed","cond",NA,"(Intercept)",-11.279390420151,18.3993071176164,-0.613033433707485,0.539854233070966,-47.3413697111707,24.7825888708687,0.690830416895897
"virus_comp_2239_cycle_1_2","fixed","cond",NA,"Dx.StatusCELIAC",0.0506132986071866,9.47115205487903,0.00534394319866434,0.995736170522202,-18.5125036210582,18.6137302182726,1
"virus_comp_2239_cycle_1_2","fixed","cond",NA,"onset_timeline_combinedt0-6",-13.2118218563356,11455.5402625316,-0.00115331285592426,0.999079789682483,-22465.6581598668,22439.2345161541,1
"virus_comp_2239_cycle_1_2","fixed","cond",NA,"onset_timeline_combinedt0-12",0.0299407970599928,8.09311130535425,0.00369954099607953,0.997048200090525,-15.8322658843083,15.8921474784283,1
"virus_comp_2239_cycle_1_2","fixed","cond",NA,"onset_timeline_combinedt0-18",0.236241764405394,8.61012592995936,0.027437666571563,0.978110655968778,-16.6392949606694,17.1117784894802,1
"virus_comp_2239_cycle_1_2","fixed","cond",NA,"onset_timeline_combinedt0-24",0.155521226784307,8.36926463873025,0.0185824243225151,0.985174223775155,-16.2479360422116,16.5589784957802,1
"virus_comp_2239_cycle_1_2","fixed","cond",NA,"onset_timeline_combinedt0-30",-14.5457338676575,8.76079040499132,-1.6603220936972,0.096849673383434,-31.7165675375445,2.62509980222957,0.896700267679031
"virus_comp_2239_cycle_1_2","fixed","cond",NA,"onset_timeline_combinedt0-36",-51.4250361877027,1342179.57351392,-3.831457220964e-05,0.999969429394388,-2630675.04990879,2630572.19983642,1
"virus_comp_2239_cycle_1_2","fixed","cond",NA,"onset_timeline_combinedt0-over42",-9.64841885364987,1508.77317775745,-0.00639487697414579,0.994897661170344,-2966.78950809829,2947.49267039099,1
"virus_comp_2239_cycle_1_2","fixed","cond",NA,"SexMale",-1.36912584065101,10.2798172571126,-0.133185815117843,0.894046428797966,-21.517197432245,18.778945750943,1
"virus_comp_2239_cycle_1_2","fixed","cond",NA,"Age.at.Gluten.Introduction..months.",-0.443187065784581,2.4318074965991,-0.182245949321392,0.855389714403362,-5.20944217645333,4.32306804488417,0.99999417197145
"virus_comp_2239_cycle_1_2","fixed","cond",NA,"HLA.CategoryHigh Risk",2.47604737810691,9.05745840361132,0.273371101226331,0.784567964902613,-15.2762448844409,20.2283396406547,0.992982795983933
"virus_comp_2239_cycle_1_2","fixed","cond",NA,"HLA.CategoryLow/No Risk",2.88123693534504,15.5175035669812,0.185676576319651,0.852698398268956,-27.5325111859099,33.2949850566,1
"virus_comp_2239_cycle_1_2","fixed","cond",NA,"feeding_first_yearFormula",0.479709402313033,7.98174002593011,0.0601008552965408,0.952075308768283,-15.1642135824718,16.1236323870978,1
"virus_comp_2239_cycle_1_2","fixed","cond",NA,"feeding_first_yearBreastmilk_and_formula",0.616587689268958,7.93068211903303,0.077747119354235,0.938029211688286,-14.9272636368716,16.1604390154095,1
"virus_comp_2239_cycle_1_2","fixed","cond",NA,"Delivery.ModeC-Section",-25.1197963500026,2063014.44007308,-1.21762581308509e-05,0.999990284751629,-4043459.12192565,4043408.88233295,1
"virus_comp_2239_cycle_1_2","fixed","cond",NA,"Dx.StatusCELIAC:onset_timeline_combinedt0-6",6.9491471173752,11456.1529445757,0.000606586447561831,0.999516014068378,-22446.6980256335,22460.5963198683,1
"virus_comp_2239_cycle_1_2","fixed","cond",NA,"Dx.StatusCELIAC:onset_timeline_combinedt0-12",-13.3472427819913,10.6683906812437,-1.25110179977354,0.210897339007506,-34.2569042902318,7.56241872624915,0.924226573885837
"virus_comp_2239_cycle_1_2","fixed","cond",NA,"Dx.StatusCELIAC:onset_timeline_combinedt0-18",-6.4028113090285,116.302466914808,-0.0550530997224554,0.956096160439746,-234.351457775213,221.545835157156,1
"virus_comp_2239_cycle_1_2","fixed","cond",NA,"Dx.StatusCELIAC:onset_timeline_combinedt0-24",0.138569310251199,9.67646130800139,0.0143202464041908,0.988574486992496,-18.8269463512269,19.1040849717293,1
"virus_comp_2239_cycle_1_2","fixed","cond",NA,"Dx.StatusCELIAC:onset_timeline_combinedt0-30",0.44978691277331,10.9414921390977,0.0411083705088145,0.967209501544901,-20.9951436169863,21.8947174425329,1
"virus_comp_2239_cycle_1_2","fixed","cond",NA,"Dx.StatusCELIAC:onset_timeline_combinedt0-36",37.3290882120592,1342179.5735157,2.78122905076549e-05,0.999977809002806,-2630586.2957879,2630660.95396432,1
"virus_comp_2239_cycle_1_2","fixed","cond",NA,"Dx.StatusCELIAC:onset_timeline_combinedt0-over42",-10.3885084896814,1508.81749627674,-0.00688519884964007,0.994506449544357,-2967.61646043599,2946.83944345663,1
"virus_comp_2265_cycle_1_11","fixed","cond",NA,"(Intercept)",-6.66407853860343,6.33312087701412,-1.0522582259231,0.292681091960175,-19.0767673672898,5.74861029008296,0.458606355383177
"virus_comp_2265_cycle_1_11","fixed","cond",NA,"Dx.StatusCELIAC",1.7725608308022,5.59126147245293,0.317023419408173,0.751225832007199,-9.18611028335193,12.7312319449563,1
"virus_comp_2265_cycle_1_11","fixed","cond",NA,"onset_timeline_combinedt0-6",-5.48856526991258,285.150045941032,-0.0192479901302474,0.984643274094195,-564.372385504277,553.395254964452,1
"virus_comp_2265_cycle_1_11","fixed","cond",NA,"onset_timeline_combinedt0-12",1.91340320590718,2.08915393388002,0.915874687296768,0.359732624566401,-2.18126326265784,6.0080696744722,1
"virus_comp_2265_cycle_1_11","fixed","cond",NA,"onset_timeline_combinedt0-18",-2.18454650610028,5.72261465022051,-0.381739229290251,0.702654798941811,-13.4006651179337,9.03157210573319,1
"virus_comp_2265_cycle_1_11","fixed","cond",NA,"onset_timeline_combinedt0-24",3.54891377264794,2.20774052845286,1.60748680694599,0.107947621207567,-0.778178150329091,7.87600569562497,1
"virus_comp_2265_cycle_1_11","fixed","cond",NA,"onset_timeline_combinedt0-30",3.35166919258698,2.34523249796102,1.42914154374928,0.15296355509196,-1.24490203878952,7.94824042396348,0.896700267679031
"virus_comp_2265_cycle_1_11","fixed","cond",NA,"onset_timeline_combinedt0-36",-3.52433781699047,4.09854897890861,-0.859898914256467,0.389844767076549,-11.5573462045248,4.50867057054383,0.671278071363203
"virus_comp_2265_cycle_1_11","fixed","cond",NA,"onset_timeline_combinedt0-over42",-16.6706974718954,1655.68225827762,-0.0100687782263475,0.991966413048514,-3261.74829353797,3228.40689859417,1
"virus_comp_2265_cycle_1_11","fixed","cond",NA,"SexMale",-39.4593776739913,49592.8597276754,-0.00079566651107984,0.999365150042247,-97239.6783342646,97160.7595789166,1
"virus_comp_2265_cycle_1_11","fixed","cond",NA,"Age.at.Gluten.Introduction..months.",-0.642097448356364,0.701887343605627,-0.914815538712923,0.36028847593919,-2.01777136302788,0.733576466315154,0.872505985730287
"virus_comp_2265_cycle_1_11","fixed","cond",NA,"HLA.CategoryHigh Risk",2.75044696630081,5.39079863305321,0.510211409017707,0.60990336005642,-7.81532420239124,13.3162181349928,0.986226709878466
"virus_comp_2265_cycle_1_11","fixed","cond",NA,"HLA.CategoryLow/No Risk",19.8209018474568,18.395984936844,1.07745803856139,0.281275687380815,-16.2345660888986,55.8763697838123,1
"virus_comp_2265_cycle_1_11","fixed","cond",NA,"feeding_first_yearFormula",-0.642863127610259,5.27421501207099,-0.121887925717657,0.902987778206214,-10.9801345979899,9.69440834276937,1
"virus_comp_2265_cycle_1_11","fixed","cond",NA,"feeding_first_yearBreastmilk_and_formula",-1.51790338602576,4.27526536736291,-0.355043080509888,0.722557317321838,-9.89726953040847,6.86146275835694,1
"virus_comp_2265_cycle_1_11","fixed","cond",NA,"Delivery.ModeC-Section",-14.1062790376667,16.0710164523971,-0.877746537031433,0.380081283595436,-45.6048924793157,17.3923344039822,1
"virus_comp_2265_cycle_1_11","fixed","cond",NA,"Dx.StatusCELIAC:onset_timeline_combinedt0-6",0.857157662668716,287.461333712364,0.00298181898622371,0.997620856193375,-562.556703361414,564.271018686751,1
"virus_comp_2265_cycle_1_11","fixed","cond",NA,"Dx.StatusCELIAC:onset_timeline_combinedt0-12",-13.3800462635426,8.15280070198367,-1.64115949262529,0.100764311829258,-29.3592420125635,2.59914948547821,0.62557843593998
"virus_comp_2265_cycle_1_11","fixed","cond",NA,"Dx.StatusCELIAC:onset_timeline_combinedt0-18",-15.6260109163349,11.4522749035412,-1.36444602037129,0.172427232262542,-38.0720572683276,6.82003543565786,1
"virus_comp_2265_cycle_1_11","fixed","cond",NA,"Dx.StatusCELIAC:onset_timeline_combinedt0-24",-10.2764593995767,6.7159870954299,-1.53014877091852,0.125979908511023,-23.4395522272551,2.88663342810167,1
"virus_comp_2265_cycle_1_11","fixed","cond",NA,"Dx.StatusCELIAC:onset_timeline_combinedt0-30",-10.0781572264166,6.75083696026634,-1.49287522209972,0.135469852178316,-23.3095545340405,3.15324008120727,1
"virus_comp_2265_cycle_1_11","fixed","cond",NA,"Dx.StatusCELIAC:onset_timeline_combinedt0-36",-3.20317494269545,7.06852553175255,-0.453160270597659,0.650433338391348,-17.0572304087323,10.6508805233414,1
"virus_comp_2265_cycle_1_11","fixed","cond",NA,"Dx.StatusCELIAC:onset_timeline_combinedt0-over42",6.90751451862752,1655.69621079612,0.00417196975724558,0.996671259398866,-3238.19742798121,3252.01245701846,1
"virus_comp_2273_cycle_1_2","fixed","cond",NA,"(Intercept)",-9.28097522024659,6.50967216138303,-1.42572083357801,0.153948940374964,-22.0396982077203,3.47774776722716,0.290578624957744
"virus_comp_2273_cycle_1_2","fixed","cond",NA,"Dx.StatusCELIAC",-2.39852976472461,4.54695706991356,-0.527502179555481,0.597844903272171,-11.310401861005,6.51334233155575,1
"virus_comp_2273_cycle_1_2","fixed","cond",NA,"onset_timeline_combinedt0-6",-17.5654868299918,46914.240256756,-0.000374416951736998,0.999701258501886,-91967.7867521308,91932.6557784708,1
"virus_comp_2273_cycle_1_2","fixed","cond",NA,"onset_timeline_combinedt0-12",0.022607800992813,2.17831329746823,0.0103785809961722,0.991719239120661,-4.24680780908961,4.29202341107523,1
"virus_comp_2273_cycle_1_2","fixed","cond",NA,"onset_timeline_combinedt0-18",-28.2811289707033,2089749.7662119,-1.35332609807961e-05,0.999989202020006,-4095862.55960529,4095805.99734735,1
"virus_comp_2273_cycle_1_2","fixed","cond",NA,"onset_timeline_combinedt0-24",0.0408903366224073,2.18664902070336,0.0186999999703906,0.985080428279182,-4.24486299078595,4.32664366403076,1
"virus_comp_2273_cycle_1_2","fixed","cond",NA,"onset_timeline_combinedt0-30",2.13113507135132,2.17929000875794,0.977903382655314,0.328122111969769,-2.14019485768222,6.40246500038487,1
"virus_comp_2273_cycle_1_2","fixed","cond",NA,"onset_timeline_combinedt0-36",-24.214425970676,93200.3209868705,-0.000259810542649174,0.999792701181619,-182693.486907809,182645.058055868,1
"virus_comp_2273_cycle_1_2","fixed","cond",NA,"onset_timeline_combinedt0-over42",-29.4751020944973,955074.78330314,-3.08615645704279e-05,0.999975376034111,-1871941.65291864,1871882.70271446,1
"virus_comp_2273_cycle_1_2","fixed","cond",NA,"SexMale",-0.41329522048822,3.63950159979088,-0.113558191734815,0.909588031049998,-7.54658727775425,6.71999683677781,1
"virus_comp_2273_cycle_1_2","fixed","cond",NA,"Age.at.Gluten.Introduction..months.",0.0143411494266962,0.662192542731662,0.0216570687545595,0.982721509903463,-1.28353238515836,1.31221468401175,0.99999417197145
"virus_comp_2273_cycle_1_2","fixed","cond",NA,"HLA.CategoryHigh Risk",0.535948445497715,2.80803575879267,0.190862400458942,0.848633398678347,-4.96770050903651,6.03959740003195,0.992982795983933
"virus_comp_2273_cycle_1_2","fixed","cond",NA,"HLA.CategoryLow/No Risk",-18.1312991272651,22354.8097776251,-0.000811069264629244,0.999352860426962,-43832.7533445164,43796.4907462619,1
"virus_comp_2273_cycle_1_2","fixed","cond",NA,"feeding_first_yearFormula",0.320855735328063,4.48090733181244,0.071605081642758,0.942916195893115,-8.46156125308578,9.10327272374191,1
"virus_comp_2273_cycle_1_2","fixed","cond",NA,"feeding_first_yearBreastmilk_and_formula",0.107473933605136,2.95010814171681,0.0364305064229246,0.970939089710255,-5.67463177465819,5.88957964186846,1
"virus_comp_2273_cycle_1_2","fixed","cond",NA,"Delivery.ModeC-Section",-0.753565935442814,73433.2560319316,-1.02619164144803e-05,0.999991812175329,-143927.29065603,143925.783524159,1
"virus_comp_2273_cycle_1_2","fixed","cond",NA,"Dx.StatusCELIAC:onset_timeline_combinedt0-6",19.9216361662101,46914.2407802079,0.000424639423656935,0.999661186770138,-91930.3006550814,91970.1439274139,1
"virus_comp_2273_cycle_1_2","fixed","cond",NA,"Dx.StatusCELIAC:onset_timeline_combinedt0-12",-0.0163576993258634,4.3848448612751,-0.00373050811223151,0.997023492077159,-8.61049570522059,8.57778030656886,1
"virus_comp_2273_cycle_1_2","fixed","cond",NA,"Dx.StatusCELIAC:onset_timeline_combinedt0-18",30.3368644017004,2089749.76622368,1.45169842303757e-05,0.999988417122414,-4095803.94163501,4095864.61536381,1
"virus_comp_2273_cycle_1_2","fixed","cond",NA,"Dx.StatusCELIAC:onset_timeline_combinedt0-24",3.52002615928747,4.133647492832,0.851554508552415,0.394461397563009,-4.58177405144753,11.6218263700225,1
"virus_comp_2273_cycle_1_2","fixed","cond",NA,"Dx.StatusCELIAC:onset_timeline_combinedt0-30",2.40334915908189,4.31377910084371,0.557133108325326,0.577436488244668,-6.05150251583336,10.8582008339971,1
"virus_comp_2273_cycle_1_2","fixed","cond",NA,"Dx.StatusCELIAC:onset_timeline_combinedt0-36",-4.55396161758165,5625104.47831482,-8.09578139417232e-07,0.999999354050102,-11025006.7407336,11024997.6328104,1
"virus_comp_2273_cycle_1_2","fixed","cond",NA,"Dx.StatusCELIAC:onset_timeline_combinedt0-over42",31.0969349429954,955074.783307792,3.25596858868944e-05,0.999974021129331,-1871881.08089073,1871943.27476061,1
"virus_comp_229_cycle_1_35","fixed","cond",NA,"(Intercept)",-18.6289887187151,7742.25521824316,-0.0024061450047293,0.998080175902155,-15193.1703755926,15155.9123981552,0.999999834899283
"virus_comp_229_cycle_1_35","fixed","cond",NA,"Dx.StatusCELIAC",-1.19893667362172,27.3607847169944,-0.0438195280589682,0.965048260894225,-54.8250893076846,52.4272159604411,1
"virus_comp_229_cycle_1_35","fixed","cond",NA,"onset_timeline_combinedt0-6",4.63062192984398,25.6285787601459,0.180681963412068,0.856617216879324,-45.6004694149902,54.8617132746781,1
"virus_comp_229_cycle_1_35","fixed","cond",NA,"onset_timeline_combinedt0-12",-27.6052035271183,40465.4094817792,-0.000682192615387926,0.999455689086907,-79338.3504074799,79283.1400004257,1
"virus_comp_229_cycle_1_35","fixed","cond",NA,"onset_timeline_combinedt0-18",-26.2310741940895,20357.6159376218,-0.00128851405166817,0.998971914816279,-39926.4251230313,39873.9629746431,1
"virus_comp_229_cycle_1_35","fixed","cond",NA,"onset_timeline_combinedt0-24",-19.8412026943714,73667.0322568376,-0.00026933625648439,0.999785100761885,-144404.571274046,144364.888868658,1
"virus_comp_229_cycle_1_35","fixed","cond",NA,"onset_timeline_combinedt0-30",-13.810441859891,85992.9710790543,-0.000160599659327911,0.999871860011903,-168556.936680401,168529.315796681,1
"virus_comp_229_cycle_1_35","fixed","cond",NA,"onset_timeline_combinedt0-36",6.08966000309568,5.8494402227631,1.04106713996286,0.297844388938657,-5.37503216323994,17.5543521694313,0.634538045999748
"virus_comp_229_cycle_1_35","fixed","cond",NA,"onset_timeline_combinedt0-over42",4.60106055274733,4.22954626314662,1.08783785930842,0.276666692800261,-3.68869779396601,12.8908188994607,1
"virus_comp_229_cycle_1_35","fixed","cond",NA,"SexMale",4.85934490231061,25.8356820633587,0.188086573073383,0.850808786390203,-45.7776614578999,55.4963512625211,1
"virus_comp_229_cycle_1_35","fixed","cond",NA,"Age.at.Gluten.Introduction..months.",-1.54947958510627,5.42864418681874,-0.285426624362038,0.775317312226508,-12.1894266761537,9.09046750594118,0.99999417197145
"virus_comp_229_cycle_1_35","fixed","cond",NA,"HLA.CategoryHigh Risk",-3.34193748653883,23.6378733928956,-0.141380632301011,0.887569253763618,-49.6713180077317,42.9874430346541,0.99456950466948
"virus_comp_229_cycle_1_35","fixed","cond",NA,"HLA.CategoryLow/No Risk",-7.62327964243553,23767.2585129964,-0.000320747116806382,0.999744080831966,-46590.5939763683,46575.3474170834,1
"virus_comp_229_cycle_1_35","fixed","cond",NA,"feeding_first_yearFormula",18.5292247940187,7742.18591966951,0.00239328078481609,0.998090440035057,-15155.8763393713,15192.9347889594,1
"virus_comp_229_cycle_1_35","fixed","cond",NA,"feeding_first_yearBreastmilk_and_formula",14.5205813971279,7742.15668005135,0.00187552151127889,0.99850355122001,-15159.8276741697,15188.868836964,1
"virus_comp_229_cycle_1_35","fixed","cond",NA,"Delivery.ModeC-Section",18.0968995331205,23767.2758696308,0.000761420855818155,0.999392474113573,-46564.9078155711,46601.1016146374,1
"virus_comp_229_cycle_1_35","fixed","cond",NA,"Dx.StatusCELIAC:onset_timeline_combinedt0-6",-19.1049802168721,7353.4106144668,-0.00259811143679176,0.997927009329517,-14431.5249481063,14393.3149876726,1
"virus_comp_229_cycle_1_35","fixed","cond",NA,"Dx.StatusCELIAC:onset_timeline_combinedt0-12",28.3570906506872,40465.4099390644,0.000700773591405332,0.999440863616563,-79282.3890095646,79339.103190866,1
"virus_comp_229_cycle_1_35","fixed","cond",NA,"Dx.StatusCELIAC:onset_timeline_combinedt0-18",-0.837222903029413,3992000.19729094,-2.09725165744624e-07,0.999999832663528,-7824177.45018992,7824175.77574412,1
"virus_comp_229_cycle_1_35","fixed","cond",NA,"Dx.StatusCELIAC:onset_timeline_combinedt0-24",-5.80954537821797,75692.5541555266,-7.67518739859275e-05,0.999938760864794,-148360.489588058,148348.870497301,1
"virus_comp_229_cycle_1_35","fixed","cond",NA,"Dx.StatusCELIAC:onset_timeline_combinedt0-30",-11.309687573936,87021.5621233949,-0.000129964198504034,0.999896303572848,-170570.437327843,170547.817952695,1
"virus_comp_229_cycle_1_35","fixed","cond",NA,"Dx.StatusCELIAC:onset_timeline_combinedt0-36",-39.1593187093834,710200.51641024,-5.51383979658549e-05,0.999956005923578,-1392006.59328453,1391928.27464711,1
"virus_comp_229_cycle_1_35","fixed","cond",NA,"Dx.StatusCELIAC:onset_timeline_combinedt0-over42",-35.049701036952,135433.9477797,-0.000258795535473606,0.999793511040146,-265480.709633328,265410.610231254,1
"virus_comp_229_cycle_1_37","fixed","cond",NA,"(Intercept)",-5.39220089681492,564.027729487313,-0.00956016985497556,0.992372204266986,-1110.86623697385,1100.08183518022,0.999999834899283
"virus_comp_229_cycle_1_37","fixed","cond",NA,"Dx.StatusCELIAC",-3.24364548907899,16.1536650458799,-0.200799352955898,0.840855468891607,-34.9042471973272,28.4169562191692,1
"virus_comp_229_cycle_1_37","fixed","cond",NA,"onset_timeline_combinedt0-6",3.18955060667474,12.1501640734244,0.262510908280747,0.792927576578895,-20.6243333834896,27.0034345968391,1
"virus_comp_229_cycle_1_37","fixed","cond",NA,"onset_timeline_combinedt0-12",-19.8594175337413,1113.18825549644,-0.0178401249165936,0.985766394791984,-2201.66830631973,2161.94947125225,1
"virus_comp_229_cycle_1_37","fixed","cond",NA,"onset_timeline_combinedt0-18",-21.0331785302808,2002.12077586663,-0.0105054494133484,0.991618018287902,-3945.11779192826,3903.0514348677,1
"virus_comp_229_cycle_1_37","fixed","cond",NA,"onset_timeline_combinedt0-24",-13.668957568051,3171.04564521988,-0.00431055213243492,0.996560687655894,-6228.8042155316,6201.46630039549,1
"virus_comp_229_cycle_1_37","fixed","cond",NA,"onset_timeline_combinedt0-30",-11.7429170525633,2809.22642504372,-0.00418012480157434,0.99666475267164,-5517.72553455646,5494.23970045133,1
"virus_comp_229_cycle_1_37","fixed","cond",NA,"onset_timeline_combinedt0-36",-13.6435747120702,3131.05491466511,-0.00435750093304559,0.996523228284558,-6150.39844107281,6123.11129164867,1
"virus_comp_229_cycle_1_37","fixed","cond",NA,"onset_timeline_combinedt0-over42",4.63494530335197,4.14656591032516,1.11777924277309,0.263661288880809,-3.49217454040688,12.7620651471108,1
"virus_comp_229_cycle_1_37","fixed","cond",NA,"SexMale",1.96879324844847,13.0969517164246,0.150324540479099,0.880508572474184,-23.7007604230038,27.6383469199007,1
"virus_comp_229_cycle_1_37","fixed","cond",NA,"Age.at.Gluten.Introduction..months.",-2.48996791402021,5.79048346101076,-0.430010366282191,0.667188100492085,-13.8391069506761,8.85917112263572,0.986910831018112
"virus_comp_229_cycle_1_37","fixed","cond",NA,"HLA.CategoryHigh Risk",2.3932896605715,18.3839618083122,0.130183563560787,0.896421198287623,-33.6386133768803,38.4251926980233,0.99456950466948
"virus_comp_229_cycle_1_37","fixed","cond",NA,"HLA.CategoryLow/No Risk",3.45464174509142,334.197071005808,0.0103371395048264,0.991752302873105,-651.559581165067,658.46886465525,1
"virus_comp_229_cycle_1_37","fixed","cond",NA,"feeding_first_yearFormula",11.6444121702403,563.77012581875,0.020654539211934,0.98352123372835,-1093.32472999413,1116.61355433461,1
"virus_comp_229_cycle_1_37","fixed","cond",NA,"feeding_first_yearBreastmilk_and_formula",10.3535317363002,563.810693716856,0.0183634894685054,0.985348878711589,-1094.69512204728,1115.40218551988,1
"virus_comp_229_cycle_1_37","fixed","cond",NA,"Delivery.ModeC-Section",11.7579726395198,334.219160941991,0.035180426539221,0.971935869927755,-643.299545749979,666.815491029018,1
"virus_comp_229_cycle_1_37","fixed","cond",NA,"Dx.StatusCELIAC:onset_timeline_combinedt0-6",-11.2678453724596,417.763656033352,-0.0269718181793202,0.978482211686,-830.069565247609,807.53387450269,1
"virus_comp_229_cycle_1_37","fixed","cond",NA,"Dx.StatusCELIAC:onset_timeline_combinedt0-12",20.0919146663614,1113.20048281748,0.0180487836436339,0.98559993601781,-2161.74093922849,2201.92476856121,1
"virus_comp_229_cycle_1_37","fixed","cond",NA,"Dx.StatusCELIAC:onset_timeline_combinedt0-18",-0.529739819209531,355117.483353282,-1.49173117078702e-06,0.99999880977073,-696018.007392753,696016.947913114,1
"virus_comp_229_cycle_1_37","fixed","cond",NA,"Dx.StatusCELIAC:onset_timeline_combinedt0-24",-7.31270833496013,3656.23022478289,-0.00200006779808139,0.998404177847306,-7173.39226809621,7158.76685142629,1
"virus_comp_229_cycle_1_37","fixed","cond",NA,"Dx.StatusCELIAC:onset_timeline_combinedt0-30",-9.94865893809867,3824.64393896653,-0.00260119872512549,0.997924546038144,-7506.1130330019,7486.21571512571,1
"virus_comp_229_cycle_1_37","fixed","cond",NA,"Dx.StatusCELIAC:onset_timeline_combinedt0-36",-7.37509367513411,3638.74339014343,-0.00202682434136786,0.998382829257791,-7139.18108733944,7124.43089998917,1
"virus_comp_229_cycle_1_37","fixed","cond",NA,"Dx.StatusCELIAC:onset_timeline_combinedt0-over42",-29.8759118882196,10825.8201784335,-0.00275969038796123,0.99779808844177,-21248.0935647248,21188.3417409484,1
"virus_comp_229_cycle_1_40","fixed","cond",NA,"(Intercept)",-5.39220089681492,564.027729487313,-0.00956016985497556,0.992372204266986,-1110.86623697385,1100.08183518022,0.999999834899283
"virus_comp_229_cycle_1_40","fixed","cond",NA,"Dx.StatusCELIAC",-3.24364548907899,16.1536650458799,-0.200799352955898,0.840855468891607,-34.9042471973272,28.4169562191692,1
"virus_comp_229_cycle_1_40","fixed","cond",NA,"onset_timeline_combinedt0-6",3.18955060667474,12.1501640734244,0.262510908280747,0.792927576578895,-20.6243333834896,27.0034345968391,1
"virus_comp_229_cycle_1_40","fixed","cond",NA,"onset_timeline_combinedt0-12",-19.8594175337413,1113.18825549644,-0.0178401249165936,0.985766394791984,-2201.66830631973,2161.94947125225,1
"virus_comp_229_cycle_1_40","fixed","cond",NA,"onset_timeline_combinedt0-18",-21.0331785302808,2002.12077586663,-0.0105054494133484,0.991618018287902,-3945.11779192826,3903.0514348677,1
"virus_comp_229_cycle_1_40","fixed","cond",NA,"onset_timeline_combinedt0-24",-13.668957568051,3171.04564521988,-0.00431055213243492,0.996560687655894,-6228.8042155316,6201.46630039549,1
"virus_comp_229_cycle_1_40","fixed","cond",NA,"onset_timeline_combinedt0-30",-11.7429170525633,2809.22642504372,-0.00418012480157434,0.99666475267164,-5517.72553455646,5494.23970045133,1
"virus_comp_229_cycle_1_40","fixed","cond",NA,"onset_timeline_combinedt0-36",-13.6435747120702,3131.05491466511,-0.00435750093304559,0.996523228284558,-6150.39844107281,6123.11129164867,1
"virus_comp_229_cycle_1_40","fixed","cond",NA,"onset_timeline_combinedt0-over42",4.63494530335197,4.14656591032516,1.11777924277309,0.263661288880809,-3.49217454040688,12.7620651471108,1
"virus_comp_229_cycle_1_40","fixed","cond",NA,"SexMale",1.96879324844847,13.0969517164246,0.150324540479099,0.880508572474184,-23.7007604230038,27.6383469199007,1
"virus_comp_229_cycle_1_40","fixed","cond",NA,"Age.at.Gluten.Introduction..months.",-2.48996791402021,5.79048346101076,-0.430010366282191,0.667188100492085,-13.8391069506761,8.85917112263572,0.986910831018112
"virus_comp_229_cycle_1_40","fixed","cond",NA,"HLA.CategoryHigh Risk",2.3932896605715,18.3839618083122,0.130183563560787,0.896421198287623,-33.6386133768803,38.4251926980233,0.99456950466948
"virus_comp_229_cycle_1_40","fixed","cond",NA,"HLA.CategoryLow/No Risk",3.45464174509142,334.197071005808,0.0103371395048264,0.991752302873105,-651.559581165067,658.46886465525,1
"virus_comp_229_cycle_1_40","fixed","cond",NA,"feeding_first_yearFormula",11.6444121702403,563.77012581875,0.020654539211934,0.98352123372835,-1093.32472999413,1116.61355433461,1
"virus_comp_229_cycle_1_40","fixed","cond",NA,"feeding_first_yearBreastmilk_and_formula",10.3535317363002,563.810693716856,0.0183634894685054,0.985348878711589,-1094.69512204728,1115.40218551988,1
"virus_comp_229_cycle_1_40","fixed","cond",NA,"Delivery.ModeC-Section",11.7579726395198,334.219160941991,0.035180426539221,0.971935869927755,-643.299545749979,666.815491029018,1
"virus_comp_229_cycle_1_40","fixed","cond",NA,"Dx.StatusCELIAC:onset_timeline_combinedt0-6",-11.2678453724596,417.763656033352,-0.0269718181793202,0.978482211686,-830.069565247609,807.53387450269,1
"virus_comp_229_cycle_1_40","fixed","cond",NA,"Dx.StatusCELIAC:onset_timeline_combinedt0-12",20.0919146663614,1113.20048281748,0.0180487836436339,0.98559993601781,-2161.74093922849,2201.92476856121,1
"virus_comp_229_cycle_1_40","fixed","cond",NA,"Dx.StatusCELIAC:onset_timeline_combinedt0-18",-0.529739819209531,355117.483353282,-1.49173117078702e-06,0.99999880977073,-696018.007392753,696016.947913114,1
"virus_comp_229_cycle_1_40","fixed","cond",NA,"Dx.StatusCELIAC:onset_timeline_combinedt0-24",-7.31270833496013,3656.23022478289,-0.00200006779808139,0.998404177847306,-7173.39226809621,7158.76685142629,1
"virus_comp_229_cycle_1_40","fixed","cond",NA,"Dx.StatusCELIAC:onset_timeline_combinedt0-30",-9.94865893809867,3824.64393896653,-0.00260119872512549,0.997924546038144,-7506.1130330019,7486.21571512571,1
"virus_comp_229_cycle_1_40","fixed","cond",NA,"Dx.StatusCELIAC:onset_timeline_combinedt0-36",-7.37509367513411,3638.74339014343,-0.00202682434136786,0.998382829257791,-7139.18108733944,7124.43089998917,1
"virus_comp_229_cycle_1_40","fixed","cond",NA,"Dx.StatusCELIAC:onset_timeline_combinedt0-over42",-29.8759118882196,10825.8201784335,-0.00275969038796123,0.99779808844177,-21248.0935647248,21188.3417409484,1
"virus_comp_2375_cycle_1_11","fixed","cond",NA,"(Intercept)",-2.48525619506664,5.01691533792666,-0.495375350721729,0.620335190924201,-12.3182295708895,7.34771718075621,0.761549705931337
"virus_comp_2375_cycle_1_11","fixed","cond",NA,"Dx.StatusCELIAC",2.33361860434188,2.62485025489961,0.889048279986982,0.373977133120283,-2.81099336007212,7.47823056875589,1
"virus_comp_2375_cycle_1_11","fixed","cond",NA,"onset_timeline_combinedt0-6",-17.0841205841826,12084.7805222014,-0.00141368894145795,0.998872039795541,-23702.8187051701,23668.6504640018,1
"virus_comp_2375_cycle_1_11","fixed","cond",NA,"onset_timeline_combinedt0-12",-1.85139445246079,2.26102427028818,-0.818829977541473,0.41288342496857,-6.28292059039658,2.58013168547499,1
"virus_comp_2375_cycle_1_11","fixed","cond",NA,"onset_timeline_combinedt0-18",-0.997160609912749,2.60191464041118,-0.383241092703628,0.701541012055587,-6.09681959596615,4.10249837614065,1
"virus_comp_2375_cycle_1_11","fixed","cond",NA,"onset_timeline_combinedt0-24",0.297256958184461,1.84724822432566,0.160918794924259,0.872157359013064,-3.32328303199939,3.91779694836831,1
"virus_comp_2375_cycle_1_11","fixed","cond",NA,"onset_timeline_combinedt0-30",0.297240915547182,1.84725052664833,0.160909909760047,0.872164357156401,-3.32330358710619,3.91778541820055,1
"virus_comp_2375_cycle_1_11","fixed","cond",NA,"onset_timeline_combinedt0-36",-5.11013197047114,3.56600444247085,-1.43301334950957,0.151854022347501,-12.0993722464238,1.87910830548155,0.415174525657103
"virus_comp_2375_cycle_1_11","fixed","cond",NA,"onset_timeline_combinedt0-over42",-21.6732327395721,28017.3357820394,-0.00077356508513796,0.99938278442335,-54934.6423083021,54891.2958428229,1
"virus_comp_2375_cycle_1_11","fixed","cond",NA,"SexMale",-3.22365441329215,2.80521044578214,-1.14916669376416,0.25048725169321,-8.72176585608069,2.27445702949638,1
"virus_comp_2375_cycle_1_11","fixed","cond",NA,"Age.at.Gluten.Introduction..months.",-0.242327841581794,0.493133432786197,-0.491404203143651,0.623140592041733,-1.20885160941534,0.724195926251754,0.983906197960631
"virus_comp_2375_cycle_1_11","fixed","cond",NA,"HLA.CategoryHigh Risk",1.95656659768602,2.76745019459186,0.70699252384362,0.479571123781837,-3.46753611272239,7.38066930809443,0.956307212291697
"virus_comp_2375_cycle_1_11","fixed","cond",NA,"HLA.CategoryLow/No Risk",1.46110501933996,4.20873347916296,0.347160262481278,0.728470922409318,-6.7878610203474,9.71007105902732,1
"virus_comp_2375_cycle_1_11","fixed","cond",NA,"feeding_first_yearFormula",-2.02482138188446,3.53551824719106,-0.572708508432437,0.566842075541315,-8.95430981306311,4.9046670492942,1
"virus_comp_2375_cycle_1_11","fixed","cond",NA,"feeding_first_yearBreastmilk_and_formula",-1.26827983557402,2.69907060248477,-0.469895020310489,0.638430022222796,-6.55836100817499,4.02180133702695,1
"virus_comp_2375_cycle_1_11","fixed","cond",NA,"Delivery.ModeC-Section",-26.4676959368572,1087162.26053553,-2.43456721205714e-05,0.999980574964095,-2130825.34369672,2130772.40830485,1
"virus_comp_2375_cycle_1_11","fixed","cond",NA,"Dx.StatusCELIAC:onset_timeline_combinedt0-6",16.0985664879319,12084.7808505071,0.00133213557507386,0.998937109906117,-23669.6366615653,23701.8337945412,1
"virus_comp_2375_cycle_1_11","fixed","cond",NA,"Dx.StatusCELIAC:onset_timeline_combinedt0-12",-1.06464923809317,2.68605771829995,-0.39636126611866,0.691838536294601,-6.32922562635691,4.19992715017057,1
"virus_comp_2375_cycle_1_11","fixed","cond",NA,"Dx.StatusCELIAC:onset_timeline_combinedt0-18",-4.1859840172935,3.5903923531649,-1.16588484085969,0.243661008781742,-11.2230237198647,2.85105568527772,1
"virus_comp_2375_cycle_1_11","fixed","cond",NA,"Dx.StatusCELIAC:onset_timeline_combinedt0-24",-3.72275047612191,2.67332936002467,-1.39255212312768,0.163755269380855,-8.96237974058378,1.51687878833995,1
"virus_comp_2375_cycle_1_11","fixed","cond",NA,"Dx.StatusCELIAC:onset_timeline_combinedt0-30",-5.62801902360027,3.02793296013428,-1.85870001010547,0.0630696720440922,-11.5626585730652,0.30662052586468,1
"virus_comp_2375_cycle_1_11","fixed","cond",NA,"Dx.StatusCELIAC:onset_timeline_combinedt0-36",-0.223388519418869,3.71443356948973,-0.0601406688906155,0.952043599474794,-7.50354453858529,7.05676749974755,1
"virus_comp_2375_cycle_1_11","fixed","cond",NA,"Dx.StatusCELIAC:onset_timeline_combinedt0-over42",16.9702237654915,28017.3358535717,0.00060570440580731,0.999516717835747,-54895.9989919977,54929.9394395287,1
"virus_comp_2455_cycle_1_11","fixed","cond",NA,"(Intercept)",0.683414790993703,0.637682639969873,1.07171616123342,0.283847539632384,-0.566420216913669,1.93324979890108,0.45116819457358
"virus_comp_2455_cycle_1_11","fixed","cond",NA,"Dx.StatusCELIAC",0.158275898766743,0.758645861473818,0.208629489468592,0.834737487849071,-1.3286426667423,1.64519446427579,1
"virus_comp_2455_cycle_1_11","fixed","cond",NA,"onset_timeline_combinedt0-6",-0.271516553971785,1.31273977318516,-0.206831970446809,0.83614108717343,-2.84443923048798,2.30140612254441,1
"virus_comp_2455_cycle_1_11","fixed","cond",NA,"onset_timeline_combinedt0-12",-0.15061309507431,0.773149540233656,-0.194804610539887,0.845545912751723,-1.66595834859598,1.36473215844736,1
"virus_comp_2455_cycle_1_11","fixed","cond",NA,"onset_timeline_combinedt0-18",0.681527973912299,0.964530273226992,0.70659054757518,0.479820964742893,-1.20891662361118,2.57197257143578,1
"virus_comp_2455_cycle_1_11","fixed","cond",NA,"onset_timeline_combinedt0-24",-0.339484196090264,0.79779323693856,-0.425529047341884,0.67045105120316,-1.90313020759947,1.22416181541894,1
"virus_comp_2455_cycle_1_11","fixed","cond",NA,"onset_timeline_combinedt0-30",-0.406023361151763,0.849642357505019,-0.477875611503237,0.632738740758084,-2.0712917816013,1.25924505929778,1
"virus_comp_2455_cycle_1_11","fixed","cond",NA,"onset_timeline_combinedt0-36",-1.65036939864863,0.948430910514566,-1.74010503069035,0.0818405770789542,-3.5092598250817,0.208521027784455,0.415174525657103
"virus_comp_2455_cycle_1_11","fixed","cond",NA,"onset_timeline_combinedt0-over42",-0.487381786734588,0.750944977861337,-0.649024630436483,0.516322456090908,-1.95920689771404,0.984443324244861,1
"virus_comp_2455_cycle_1_11","fixed","cond",NA,"SexMale",-1.14642593456189,0.462524071968443,-2.47862977094975,0.0131888124472888,-2.05295645760285,-0.239895411520929,1
"virus_comp_2455_cycle_1_11","fixed","cond",NA,"Age.at.Gluten.Introduction..months.",-0.0681709945525814,0.0332333928771993,-2.05128001238032,0.0402396858084158,-0.133307247675962,-0.00303474142920086,0.534261881153218
"virus_comp_2455_cycle_1_11","fixed","cond",NA,"HLA.CategoryHigh Risk",-0.545854268057946,0.380394028243211,-1.43497065550394,0.151295459803215,-1.29141286334875,0.199704327232859,0.622844308745982
"virus_comp_2455_cycle_1_11","fixed","cond",NA,"HLA.CategoryLow/No Risk",1.19016128146478,0.665518116895055,1.7883228889657,0.0737239291043127,-0.114230258708447,2.494552821638,1
"virus_comp_2455_cycle_1_11","fixed","cond",NA,"feeding_first_yearFormula",-0.41790925503666,0.533364001429247,-0.783534797843115,0.433313127571401,-1.46328348848815,0.627464978414834,1
"virus_comp_2455_cycle_1_11","fixed","cond",NA,"feeding_first_yearBreastmilk_and_formula",0.354772520099552,0.373382716918245,0.95015785151414,0.342032051417401,-0.377044157509923,1.08658919770903,0.822255833681735
"virus_comp_2455_cycle_1_11","fixed","cond",NA,"Delivery.ModeC-Section",-0.966350522151064,0.864027099480878,-1.11842617289627,0.263385021240674,-2.65981251880019,0.727111474498063,1
"virus_comp_2455_cycle_1_11","fixed","cond",NA,"Dx.StatusCELIAC:onset_timeline_combinedt0-6",-1.10930475269846,1.85124205897722,-0.599221883123883,0.54902493189441,-4.73767251495958,2.51906300956266,1
"virus_comp_2455_cycle_1_11","fixed","cond",NA,"Dx.StatusCELIAC:onset_timeline_combinedt0-12",0.141268616295516,1.09633978873192,0.128854774539301,0.897472562935257,-2.0075178844373,2.29005511702833,1
"virus_comp_2455_cycle_1_11","fixed","cond",NA,"Dx.StatusCELIAC:onset_timeline_combinedt0-18",-0.423370910841593,1.35295288138911,-0.312923618158017,0.754338693367302,-3.07510983114393,2.22836800946075,1
"virus_comp_2455_cycle_1_11","fixed","cond",NA,"Dx.StatusCELIAC:onset_timeline_combinedt0-24",0.69010128809055,1.13483941406158,0.608104793981984,0.543117972895734,-1.53414309170668,2.91434566788778,1
"virus_comp_2455_cycle_1_11","fixed","cond",NA,"Dx.StatusCELIAC:onset_timeline_combinedt0-30",-0.335481775609912,1.20265855260505,-0.278950143316432,0.780283086398301,-2.69264922441488,2.02168567319506,1
"virus_comp_2455_cycle_1_11","fixed","cond",NA,"Dx.StatusCELIAC:onset_timeline_combinedt0-36",1.739123575918,1.23230993162707,1.41127124863935,0.158164648730435,-0.676159507862062,4.15440665969807,1
"virus_comp_2455_cycle_1_11","fixed","cond",NA,"Dx.StatusCELIAC:onset_timeline_combinedt0-over42",-0.563417334348593,1.06231029465316,-0.53036983373351,0.595855537089186,-2.64550725227492,1.51867258357774,1
"virus_comp_2506_cycle_1_4","fixed","cond",NA,"(Intercept)",-4.18169573120551,1.40989705673633,-2.96595819618591,0.00301741500936059,-6.94504318431774,-1.41834827809328,0.0372460359220813
"virus_comp_2506_cycle_1_4","fixed","cond",NA,"Dx.StatusCELIAC",-2.77152557711071,1.58781501090735,-1.7454965207357,0.0808984775604301,-5.88358581260119,0.340534658379776,1
"virus_comp_2506_cycle_1_4","fixed","cond",NA,"onset_timeline_combinedt0-6",-22.5266852111116,48361.1790432367,-0.000465800992795728,0.999628344592881,-94808.6958598483,94763.6424894261,1
"virus_comp_2506_cycle_1_4","fixed","cond",NA,"onset_timeline_combinedt0-12",-0.33989136174546,1.02593220101521,-0.331300022953877,0.740417873969084,-2.35068152631518,1.67089880282426,1
"virus_comp_2506_cycle_1_4","fixed","cond",NA,"onset_timeline_combinedt0-18",-0.765748666235326,1.48516626455613,-0.515597939779615,0.606135249533757,-3.67662105581922,2.14512372334857,1
"virus_comp_2506_cycle_1_4","fixed","cond",NA,"onset_timeline_combinedt0-24",1.08235801143438,1.00184044267395,1.08036965302132,0.279977603957923,-0.881213174462222,3.04592919733097,1
"virus_comp_2506_cycle_1_4","fixed","cond",NA,"onset_timeline_combinedt0-30",0.419387230199197,1.09301242679021,0.383698501425817,0.701201923449622,-1.72287776096433,2.56165222136272,1
"virus_comp_2506_cycle_1_4","fixed","cond",NA,"onset_timeline_combinedt0-36",0.0294725107250312,1.04429917789594,0.028222286629022,0.977484862142848,-2.01731626703579,2.07626128848585,1
"virus_comp_2506_cycle_1_4","fixed","cond",NA,"onset_timeline_combinedt0-over42",-2.06352182237364,1.32567131266979,-1.55658631415797,0.119568735195026,-4.66178985054437,0.534746205797093,1
"virus_comp_2506_cycle_1_4","fixed","cond",NA,"SexMale",-0.0230605190463592,0.981048814065062,-0.0235059853452204,0.981246664190141,-1.94588086168961,1.89975982359689,1
"virus_comp_2506_cycle_1_4","fixed","cond",NA,"Age.at.Gluten.Introduction..months.",0.151920487089764,0.0841575897623005,1.80519056592348,0.071044866713239,-0.0130253578700421,0.31686633204957,0.534261881153218
"virus_comp_2506_cycle_1_4","fixed","cond",NA,"HLA.CategoryHigh Risk",1.65117130632806,0.971663597069839,1.69932403694793,0.0892581459930673,-0.253254349017459,3.55559696167358,0.458607783267611
"virus_comp_2506_cycle_1_4","fixed","cond",NA,"HLA.CategoryLow/No Risk",-0.665853251896019,1.98436538619461,-0.335549721098954,0.73721044439189,-4.55513794100537,3.22343143721333,1
"virus_comp_2506_cycle_1_4","fixed","cond",NA,"feeding_first_yearFormula",1.07999888037255,1.23220136805995,0.876479208972933,0.380769574247518,-1.33507142272593,3.49506918347103,1
"virus_comp_2506_cycle_1_4","fixed","cond",NA,"feeding_first_yearBreastmilk_and_formula",1.24013851486499,1.01236475888766,1.22499178678207,0.220578315066464,-0.744059951772393,3.22433698150237,0.822255833681735
"virus_comp_2506_cycle_1_4","fixed","cond",NA,"Delivery.ModeC-Section",0.584391974878602,2.18749643831091,0.267151052062898,0.789352861615621,-3.70302226052043,4.87180621027764,1
"virus_comp_2506_cycle_1_4","fixed","cond",NA,"Dx.StatusCELIAC:onset_timeline_combinedt0-6",0.0822763453643848,207755.4298209,3.96025006110853e-07,0.999999684017762,-407193.077765257,407193.242317948,1
"virus_comp_2506_cycle_1_4","fixed","cond",NA,"Dx.StatusCELIAC:onset_timeline_combinedt0-12",0.506138637778218,1.98862472650677,0.254516918668362,0.799096235143725,-3.39149420494087,4.40377148049731,1
"virus_comp_2506_cycle_1_4","fixed","cond",NA,"Dx.StatusCELIAC:onset_timeline_combinedt0-18",-17.1946319475205,13796.7769729964,-0.0012462788940616,0.999005613569389,-27058.380601752,27023.991337857,1
"virus_comp_2506_cycle_1_4","fixed","cond",NA,"Dx.StatusCELIAC:onset_timeline_combinedt0-24",-0.853825526325245,1.98561920346838,-0.430004667981568,0.667192245577558,-4.74556765213437,3.03791659948388,1
"virus_comp_2506_cycle_1_4","fixed","cond",NA,"Dx.StatusCELIAC:onset_timeline_combinedt0-30",0.688164984744508,2.01868493235024,0.340897667444972,0.733180620865733,-3.26838477879564,4.64471474828465,1
"virus_comp_2506_cycle_1_4","fixed","cond",NA,"Dx.StatusCELIAC:onset_timeline_combinedt0-36",1.34317926390993,1.86087968116906,0.721798017089478,0.470418668764635,-2.30407789074381,4.99043641856368,1
"virus_comp_2506_cycle_1_4","fixed","cond",NA,"Dx.StatusCELIAC:onset_timeline_combinedt0-over42",2.32292801897626,1.99926867676506,1.16188886765079,0.245280609639569,-1.59556658290231,6.24142262085482,1
"virus_comp_2551_cycle_1_1","fixed","cond",NA,"(Intercept)",-1.0176445886473,1.12108571538517,-0.907731295369923,0.364020205229198,-3.21493221438455,1.17964303708996,0.538892656760872
"virus_comp_2551_cycle_1_1","fixed","cond",NA,"Dx.StatusCELIAC",0.844762269909679,1.04410953674328,0.809074374078225,0.418472367349821,-1.20165481802196,2.89117935784131,1
"virus_comp_2551_cycle_1_1","fixed","cond",NA,"onset_timeline_combinedt0-6",0.875555599437248,1.54093523978519,0.568197531493472,0.569900847447743,-2.14462197305032,3.89573317192481,1
"virus_comp_2551_cycle_1_1","fixed","cond",NA,"onset_timeline_combinedt0-12",0.0922763999104293,1.14049700266995,0.0809089368007161,0.935514372730098,-2.14305664979856,2.32760944961942,1
"virus_comp_2551_cycle_1_1","fixed","cond",NA,"onset_timeline_combinedt0-18",0.568354858440736,1.20518553380745,0.471591172062261,0.637218629107373,-1.79376538251054,2.93047509939201,1
"virus_comp_2551_cycle_1_1","fixed","cond",NA,"onset_timeline_combinedt0-24",0.353090628093628,1.14652890821678,0.307964871677589,0.758109062425249,-1.89406473924529,2.60024599543255,1
"virus_comp_2551_cycle_1_1","fixed","cond",NA,"onset_timeline_combinedt0-30",0.353092248332294,1.14652865484742,0.307966352903133,0.758107935315002,-1.89406262241179,2.60024711907638,1
"virus_comp_2551_cycle_1_1","fixed","cond",NA,"onset_timeline_combinedt0-36",0.353094454133046,1.14652830987401,0.307968369461236,0.75810640085451,-1.8940597404756,2.60024864874169,1
"virus_comp_2551_cycle_1_1","fixed","cond",NA,"onset_timeline_combinedt0-over42",0.739082561095786,1.17485440192934,0.629084386867061,0.529293811458973,-1.56358975376406,3.04175487595564,1
"virus_comp_2551_cycle_1_1","fixed","cond",NA,"SexMale",0.144077553413836,0.578731361615885,0.248954114066939,0.803396275726014,-0.990215072077124,1.2783701789048,1
"virus_comp_2551_cycle_1_1","fixed","cond",NA,"Age.at.Gluten.Introduction..months.",-0.122145492231886,0.0858734131525561,-1.42239009429952,0.154913037174677,-0.290454289240424,0.0461633047766519,0.534261881153218
"virus_comp_2551_cycle_1_1","fixed","cond",NA,"HLA.CategoryHigh Risk",-0.251763865539602,0.540762569113064,-0.465571916252514,0.641521948899282,-1.31163902518856,0.808111294109356,0.992982795983933
"virus_comp_2551_cycle_1_1","fixed","cond",NA,"HLA.CategoryLow/No Risk",0.842758250273904,0.85387458535872,0.986981302318366,0.323651804890715,-0.830805184343258,2.51632168489107,1
"virus_comp_2551_cycle_1_1","fixed","cond",NA,"feeding_first_yearFormula",0.97754115536251,0.738596583090164,1.32351161343401,0.185665296793083,-0.470081546598557,2.42516385732358,1
"virus_comp_2551_cycle_1_1","fixed","cond",NA,"feeding_first_yearBreastmilk_and_formula",-0.284977557332473,0.560233900441607,-0.508676031757161,0.610979325392506,-1.38301582511642,0.813060710451474,1
"virus_comp_2551_cycle_1_1","fixed","cond",NA,"Delivery.ModeC-Section",-23.4719486517985,34312.0972205646,-0.000684072107307125,0.999454189469673,-67273.9467349952,67227.0028376916,1
"virus_comp_2551_cycle_1_1","fixed","cond",NA,"Dx.StatusCELIAC:onset_timeline_combinedt0-6",0.374783102160694,1.98424370968857,0.188879571763651,0.850187204752771,-3.51426310537904,4.26382930970043,1
"virus_comp_2551_cycle_1_1","fixed","cond",NA,"Dx.StatusCELIAC:onset_timeline_combinedt0-12",-0.856491894970478,1.52069374512705,-0.563224447864696,0.573282057269532,-3.83699686693482,2.12401307699386,1
"virus_comp_2551_cycle_1_1","fixed","cond",NA,"Dx.StatusCELIAC:onset_timeline_combinedt0-18",-0.517560161536823,1.61314388548776,-0.320839428021842,0.748332078396403,-3.67926407897383,2.64414375590019,1
"virus_comp_2551_cycle_1_1","fixed","cond",NA,"Dx.StatusCELIAC:onset_timeline_combinedt0-24",0.174940087123971,1.45411598238259,0.120306831947015,0.90424009231219,-2.67507486768999,3.02495504193793,1
"virus_comp_2551_cycle_1_1","fixed","cond",NA,"Dx.StatusCELIAC:onset_timeline_combinedt0-30",-1.79467720757508,1.69669140752368,-1.05775110289172,0.290168930493295,-5.12013125920005,1.5307768440499,1
"virus_comp_2551_cycle_1_1","fixed","cond",NA,"Dx.StatusCELIAC:onset_timeline_combinedt0-36",-21.023546606922,13612.7078103855,-0.00154440592568091,0.998767742846148,-26701.4405870295,26659.3934938157,1
"virus_comp_2551_cycle_1_1","fixed","cond",NA,"Dx.StatusCELIAC:onset_timeline_combinedt0-over42",-1.51050701714947,1.53859389586836,-0.981745099344073,0.326225441106229,-4.52609563988464,1.50508160558569,1
"virus_comp_2552_cycle_1_1","fixed","cond",NA,"(Intercept)",-3.09753360346668,1.40421071084527,-2.20588945771686,0.0273917405517218,-5.8497360234288,-0.345331183504562,0.0676665452017565
"virus_comp_2552_cycle_1_1","fixed","cond",NA,"Dx.StatusCELIAC",1.5546813428844,1.40207454953793,1.10884356569824,0.267497672765319,-1.19333427785017,4.30269696361897,1
"virus_comp_2552_cycle_1_1","fixed","cond",NA,"onset_timeline_combinedt0-6",2.30459393075665,1.83188226843183,1.25804696648409,0.208374771235695,-1.28582933928727,5.89501720080056,1
"virus_comp_2552_cycle_1_1","fixed","cond",NA,"onset_timeline_combinedt0-12",2.11105463754319,1.31423765281016,1.6062959640741,0.10820889670844,-0.464803829091189,4.68691310417756,1
"virus_comp_2552_cycle_1_1","fixed","cond",NA,"onset_timeline_combinedt0-18",0.52581380109816,1.61757569919064,0.325062871160374,0.745133488791715,-2.6445763115827,3.69620391377902,1
"virus_comp_2552_cycle_1_1","fixed","cond",NA,"onset_timeline_combinedt0-24",1.84321564003413,1.35754287271067,1.35775869557158,0.174540265218567,-0.817519497947828,4.50395077801609,1
"virus_comp_2552_cycle_1_1","fixed","cond",NA,"onset_timeline_combinedt0-30",1.16758836715332,1.40825774623783,0.829101327702645,0.407047072529271,-1.59254609642237,3.92772283072901,1
"virus_comp_2552_cycle_1_1","fixed","cond",NA,"onset_timeline_combinedt0-36",0.213583236768816,1.5718707798704,0.135878368313727,0.891917436441282,-2.86722688012805,3.29439335366569,1
"virus_comp_2552_cycle_1_1","fixed","cond",NA,"onset_timeline_combinedt0-over42",0.713756706502404,1.62081771973229,0.440368276958556,0.659670397070749,-2.46298764967722,3.89050106268203,1
"virus_comp_2552_cycle_1_1","fixed","cond",NA,"SexMale",-0.0594874732755787,0.788168189477427,-0.0754756079600475,0.939836304197945,-1.60426873841148,1.48529379186032,1
"virus_comp_2552_cycle_1_1","fixed","cond",NA,"Age.at.Gluten.Introduction..months.",-0.0982161258229075,0.0692227128956525,-1.41884248268282,0.155944944079771,-0.233890150010543,0.0374578983647278,0.534261881153218
"virus_comp_2552_cycle_1_1","fixed","cond",NA,"HLA.CategoryHigh Risk",0.629557715056446,0.756247788108033,0.832475446482246,0.40514063179016,-0.852660713023377,2.11177614313627,0.956307212291697
"virus_comp_2552_cycle_1_1","fixed","cond",NA,"HLA.CategoryLow/No Risk",1.78204918752455,1.19203588665162,1.49496269993201,0.134924177059935,-0.554298218591896,4.11839659364099,1
"virus_comp_2552_cycle_1_1","fixed","cond",NA,"feeding_first_yearFormula",1.27268418289709,1.01577794519401,1.25291574690963,0.210236370477546,-0.718204005973275,3.26357237176745,1
"virus_comp_2552_cycle_1_1","fixed","cond",NA,"feeding_first_yearBreastmilk_and_formula",0.419005735497464,0.779649656984025,0.537428230416126,0.590971847478683,-1.10907951275023,1.94709098374516,1
"virus_comp_2552_cycle_1_1","fixed","cond",NA,"Delivery.ModeC-Section",-21.3236967971352,9405.49656300009,-0.00226715268612395,0.998191075424399,-18455.7582169926,18413.1108233983,1
"virus_comp_2552_cycle_1_1","fixed","cond",NA,"Dx.StatusCELIAC:onset_timeline_combinedt0-6",-0.868856208061881,2.29504824449886,-0.378578624717147,0.705000797689196,-5.36706811006152,3.62935569393776,1
"virus_comp_2552_cycle_1_1","fixed","cond",NA,"Dx.StatusCELIAC:onset_timeline_combinedt0-12",-2.96846594109716,1.72220784313759,-1.72363977607319,0.0847728932153611,-6.34393128753924,0.406999405344912,0.614632371662097
"virus_comp_2552_cycle_1_1","fixed","cond",NA,"Dx.StatusCELIAC:onset_timeline_combinedt0-18",0.239270496996724,1.98176486449805,0.120736067776299,0.903900090000611,-3.64491726324635,4.1234582572398,1
"virus_comp_2552_cycle_1_1","fixed","cond",NA,"Dx.StatusCELIAC:onset_timeline_combinedt0-24",-0.696322432334086,1.67520702233869,-0.415663510866841,0.677656245629788,-3.9796678627665,2.58702299809833,1
"virus_comp_2552_cycle_1_1","fixed","cond",NA,"Dx.StatusCELIAC:onset_timeline_combinedt0-30",-2.83335985376261,1.9490037736196,-1.45374775160164,0.146016253929757,-6.65333705578968,0.986617348264456,1
"virus_comp_2552_cycle_1_1","fixed","cond",NA,"Dx.StatusCELIAC:onset_timeline_combinedt0-36",-1.93617920840712,2.05767463835259,-0.940954984971417,0.346727928089146,-5.96914739147967,2.09678897466543,1
"virus_comp_2552_cycle_1_1","fixed","cond",NA,"Dx.StatusCELIAC:onset_timeline_combinedt0-over42",-0.385468063160318,1.90429953760046,-0.202419869116826,0.83958849658822,-4.1178265726335,3.34689044631286,1
"virus_comp_2590_cycle_1_6","fixed","cond",NA,"(Intercept)",-4.61439667587091,44.8190133236107,-0.102956230708453,0.917997709116911,-92.4580486127687,83.2292552610269,0.999999834899283
"virus_comp_2590_cycle_1_6","fixed","cond",NA,"Dx.StatusCELIAC",-16.2477642077711,20.6099416815644,-0.788345957441728,0.43049437263401,-56.6425076271081,24.146979211566,1
"virus_comp_2590_cycle_1_6","fixed","cond",NA,"onset_timeline_combinedt0-6",-9.60620667231546,603.473285741477,-0.0159181970424962,0.98729965270095,-1192.39211235766,1173.17969901303,1
"virus_comp_2590_cycle_1_6","fixed","cond",NA,"onset_timeline_combinedt0-12",-4.40120482820548,4.83452524836196,-0.910369602412708,0.362627623090653,-13.8767001973445,5.07429054093352,1
"virus_comp_2590_cycle_1_6","fixed","cond",NA,"onset_timeline_combinedt0-18",0.972898431002325,7.4419810617852,0.13073110814514,0.895988022783224,-13.6131164237258,15.5589132857305,1
"virus_comp_2590_cycle_1_6","fixed","cond",NA,"onset_timeline_combinedt0-24",-4.39928892321033,4.84281600241972,-0.908415459313799,0.363658761060026,-13.8910338717072,5.09245602528657,1
"virus_comp_2590_cycle_1_6","fixed","cond",NA,"onset_timeline_combinedt0-30",-10.0174158902897,8.92515773372193,-1.12237970343548,0.261701030480794,-27.5104036047238,7.47557182414445,0.93682885018708
"virus_comp_2590_cycle_1_6","fixed","cond",NA,"onset_timeline_combinedt0-36",-10.0174429569675,8.92480421523956,-1.12242719452178,0.261680847172657,-27.5097377879083,7.4748518739733,0.582834614157283
"virus_comp_2590_cycle_1_6","fixed","cond",NA,"onset_timeline_combinedt0-over42",-46.6074221898552,661132.147281293,-7.04963786461061e-05,0.999943752027932,-1295841.80511515,1295748.59027077,1
"virus_comp_2590_cycle_1_6","fixed","cond",NA,"SexMale",22.7703293487861,7.74716494369183,2.93918220591481,0.00329079552692288,7.58616507685882,37.9544936207134,0.506782511146123
"virus_comp_2590_cycle_1_6","fixed","cond",NA,"Age.at.Gluten.Introduction..months.",-8.58950914099075,7.47060651283123,-1.14977400111192,0.250236966106089,-23.2316288488103,6.05261056682883,0.695102683628025
"virus_comp_2590_cycle_1_6","fixed","cond",NA,"HLA.CategoryHigh Risk",16.7036261150156,15.9134333159773,1.04965570806427,0.293876434498526,-14.4861300546796,47.8933822847109,0.897818889762746
"virus_comp_2590_cycle_1_6","fixed","cond",NA,"HLA.CategoryLow/No Risk",30.0560175381957,14.6613740183856,2.05001369588587,0.0403630943303351,1.32025249828868,58.7917825781028,1
"virus_comp_2590_cycle_1_6","fixed","cond",NA,"feeding_first_yearFormula",20.9004886341676,21.3395806900441,0.979423585577698,0.327370728117875,-20.9243209635052,62.7252982318404,1
"virus_comp_2590_cycle_1_6","fixed","cond",NA,"feeding_first_yearBreastmilk_and_formula",52.5077898987528,22.9384335610996,2.28907478616146,0.0220750075177843,7.54928625723279,97.4662935402728,0.822255833681735
"virus_comp_2590_cycle_1_6","fixed","cond",NA,"Delivery.ModeC-Section",2.07265357688708,3907548.48759897,5.30422996276278e-07,0.999999576783681,-7658652.23088436,7658656.37619151,1
"virus_comp_2590_cycle_1_6","fixed","cond",NA,"Dx.StatusCELIAC:onset_timeline_combinedt0-6",9.27988270248578,603.522391611654,0.0153762028243967,0.987732048578291,-1173.60226871983,1192.16203412481,1
"virus_comp_2590_cycle_1_6","fixed","cond",NA,"Dx.StatusCELIAC:onset_timeline_combinedt0-12",4.34920090391905,8.51225709950663,0.510933921882027,0.609397327183695,-12.3345164382593,21.0329182460974,1
"virus_comp_2590_cycle_1_6","fixed","cond",NA,"Dx.StatusCELIAC:onset_timeline_combinedt0-18",-1.01812172659712,11.5078673446714,-0.0884717989965836,0.929501697568471,-23.5731272610176,21.5368838078234,1
"virus_comp_2590_cycle_1_6","fixed","cond",NA,"Dx.StatusCELIAC:onset_timeline_combinedt0-24",6.85361766186687,18.9217694498825,0.362208073616996,0.717196546737884,-30.2323689836732,43.9396043074069,1
"virus_comp_2590_cycle_1_6","fixed","cond",NA,"Dx.StatusCELIAC:onset_timeline_combinedt0-30",12.4716350787485,20.3375630671785,0.613231537994624,0.539723254134689,-27.3892560662333,52.3325262237303,1
"virus_comp_2590_cycle_1_6","fixed","cond",NA,"Dx.StatusCELIAC:onset_timeline_combinedt0-36",-12.5192869490535,12.2781717559467,-1.019637711371,0.307900312911979,-36.584061386706,11.545487488599,1
"virus_comp_2590_cycle_1_6","fixed","cond",NA,"Dx.StatusCELIAC:onset_timeline_combinedt0-over42",-4.37519073648284,7362133.98158061,-5.94282954837438e-07,0.999999525830806,-14429521.8284472,14429513.0780657,1
"virus_comp_2915_cycle_1_10","fixed","cond",NA,"(Intercept)",-533.017758187148,20591680.674418,-2.58851021737794e-05,0.999979346676623,-40359485.5207669,40358419.4852505,0.999999834899283
"virus_comp_2915_cycle_1_10","fixed","cond",NA,"Dx.StatusCELIAC",-24.0599055213988,20655321.6408343,-1.16482841273379e-06,0.999999070601393,-40483710.5650314,40483662.4452204,1
"virus_comp_2915_cycle_1_10","fixed","cond",NA,"onset_timeline_combinedt0-12",141.454659539978,20597998.0330846,6.86739843905088e-06,0.999994520608813,-40371192.8438132,40371475.7531322,1
"virus_comp_2915_cycle_1_10","fixed","cond",NA,"onset_timeline_combinedt0-24",-13.6813705739563,6029247403.5272,-2.26916722076333e-09,0.999999998189466,-11817107778.4763,11817107751.1136,1
"virus_comp_2915_cycle_1_10","fixed","cond",NA,"onset_timeline_combinedt0-over42",105.232000519799,20598362.0512187,5.10875574757525e-06,0.999995923802664,-40371942.5289046,40372152.9929057,1
"virus_comp_2915_cycle_1_10","fixed","cond",NA,"SexMale",-505.332398016429,2.82429226620317e+28,-1.78923549826439e-26,1,-5.53551112357323e+28,5.53551112357323e+28,1
"virus_comp_2915_cycle_1_10","fixed","cond",NA,"Age.at.Gluten.Introduction..months.",53.4731249795642,10202.4673730338,0.00524119539170487,0.995818150262808,-19942.9954796117,20049.9417295709,0.99999417197145
"virus_comp_2915_cycle_1_10","fixed","cond",NA,"HLA.CategoryHigh Risk",-268.987107525602,1.14438836375762e+28,-2.35048796408919e-26,1,-2.24295997729166e+28,2.24295997729166e+28,1
"virus_comp_2915_cycle_1_10","fixed","cond",NA,"HLA.CategoryLow/No Risk",-265.194096363022,235969562492.865,-1.12384874371686e-09,0.999999999103298,-462491844198.882,462491843668.494,1
"virus_comp_2915_cycle_1_10","fixed","cond",NA,"feeding_first_yearBreastmilk_and_formula",-1207.98113973981,235937234052.565,-5.11992583362524e-09,0.99999999591489,-462428482563.005,462428480147.043,1
"virus_comp_2915_cycle_1_10","fixed","cond",NA,"Delivery.ModeC-Section",363.924536774448,232451847045.416,1.56559107359274e-09,0.999999998750839,-455597247984.903,455597248712.752,1
"virus_comp_2915_cycle_1_10","fixed","cond",NA,"Dx.StatusCELIAC:onset_timeline_combinedt0-12",-271.83562959438,4.22042868951343e+44,-6.44094829204945e-43,1,-8.27188823076589e+44,8.27188823076589e+44,1
"virus_comp_2915_cycle_1_10","fixed","cond",NA,"Dx.StatusCELIAC:onset_timeline_combinedt0-24",80.5872703204997,6029251024.85283,1.33660499435694e-08,0.999999989335435,-11817114781.8755,11817114943.05,1
"virus_comp_2915_cycle_1_10","fixed","cond",NA,"Dx.StatusCELIAC:onset_timeline_combinedt0-over42",-170.917170507802,3.77434922381853e+30,-4.52838781926184e-29,1,-7.39758854376103e+30,7.39758854376103e+30,1
"virus_comp_3_cycle_1_6","fixed","cond",NA,"(Intercept)",-5.59384400410022,4.42534280242526,-1.26404761254531,0.206212938090705,-14.2673565160973,3.07966850789684,0.370583006751436
"virus_comp_3_cycle_1_6","fixed","cond",NA,"Dx.StatusCELIAC",0.408852981074098,2.2235368254284,0.183875066245114,0.854111465535677,-3.94919911506409,4.76690507721228,1
"virus_comp_3_cycle_1_6","fixed","cond",NA,"onset_timeline_combinedt0-6",-19.2387906443956,28717.8331800631,-0.00066992486946236,0.99946547732974,-56305.1575375975,56266.6799563087,1
"virus_comp_3_cycle_1_6","fixed","cond",NA,"onset_timeline_combinedt0-12",-19.5575136588074,16377.4439063639,-0.00119417375328074,0.999047187425801,-32118.757728957,32079.6427016393,1
"virus_comp_3_cycle_1_6","fixed","cond",NA,"onset_timeline_combinedt0-18",1.33730476564598,1.82612749441339,0.732317305192078,0.463974919292859,-2.24183935458264,4.91644888587459,1
"virus_comp_3_cycle_1_6","fixed","cond",NA,"onset_timeline_combinedt0-24",0.190429598591556,1.67759006156717,0.113513785610807,0.909623234385087,-3.09758650290243,3.47844570008554,1
"virus_comp_3_cycle_1_6","fixed","cond",NA,"onset_timeline_combinedt0-30",0.965406758082806,1.72553694484003,0.559481940372079,0.575832853053755,-2.41658350779692,4.34739702396253,1
"virus_comp_3_cycle_1_6","fixed","cond",NA,"onset_timeline_combinedt0-36",0.190445056142397,1.67758656013399,0.113523236694973,0.909615741942311,-3.09756418266867,3.47845429495346,1
"virus_comp_3_cycle_1_6","fixed","cond",NA,"onset_timeline_combinedt0-over42",-0.246534254200349,1.57545280598987,-0.156484696503143,0.875650981062629,-3.33436501328305,2.84129650488236,1
"virus_comp_3_cycle_1_6","fixed","cond",NA,"SexMale",-2.43880042923674,3.88465543474971,-0.62780353887265,0.53013264755577,-10.0525851736939,5.17498431522047,1
"virus_comp_3_cycle_1_6","fixed","cond",NA,"Age.at.Gluten.Introduction..months.",0.358773472462643,0.476745825236925,0.752546647439117,0.451722388486789,-0.575631174781556,1.29317811970684,0.946198952944221
"virus_comp_3_cycle_1_6","fixed","cond",NA,"HLA.CategoryHigh Risk",-1.67249134037536,1.65308815513332,-1.01173753812329,0.311663562150349,-4.91248458770643,1.5675019069557,0.897818889762746
"virus_comp_3_cycle_1_6","fixed","cond",NA,"HLA.CategoryLow/No Risk",-31.8096523971961,201087.814042168,-0.000158187867070481,0.999873784343685,-394156.682904935,394093.063600141,1
"virus_comp_3_cycle_1_6","fixed","cond",NA,"feeding_first_yearFormula",-0.313880541115921,2.3391728375849,-0.134184415992103,0.893256748699311,-4.89857505639668,4.27081397416484,1
"virus_comp_3_cycle_1_6","fixed","cond",NA,"feeding_first_yearBreastmilk_and_formula",-2.86388284579466,2.06245121519541,-1.38858210303089,0.16495986264444,-6.90621294744853,1.17844725585921,0.822255833681735
"virus_comp_3_cycle_1_6","fixed","cond",NA,"Delivery.ModeC-Section",32.2393382330676,201087.813921883,0.000160324674102786,0.999872079418366,-394092.633678549,394157.112355015,1
"virus_comp_3_cycle_1_6","fixed","cond",NA,"Dx.StatusCELIAC:onset_timeline_combinedt0-6",-2.44508604856698,112052.77944303,-2.18208424701337e-05,0.999982589486691,-219621.857161997,219616.966989899,1
"virus_comp_3_cycle_1_6","fixed","cond",NA,"Dx.StatusCELIAC:onset_timeline_combinedt0-12",-4.62480397115428,100879.700110006,-4.58447434529551e-05,0.999963421187018,-197725.203790784,197715.954182842,1
"virus_comp_3_cycle_1_6","fixed","cond",NA,"Dx.StatusCELIAC:onset_timeline_combinedt0-18",-21.1379522348522,34736.946338191,-0.000608514980823527,0.999514475321748,-68104.3017079898,68062.0258035201,1
"virus_comp_3_cycle_1_6","fixed","cond",NA,"Dx.StatusCELIAC:onset_timeline_combinedt0-24",-26.1504157051077,250927.275638497,-0.000104215118259132,0.999916848366289,-491834.573405915,491782.272574504,1
"virus_comp_3_cycle_1_6","fixed","cond",NA,"Dx.StatusCELIAC:onset_timeline_combinedt0-30",-30.9718081647849,1903758.52612812,-1.62687692476292e-05,0.999987019400195,-3731329.11828032,3731267.174664,1
"virus_comp_3_cycle_1_6","fixed","cond",NA,"Dx.StatusCELIAC:onset_timeline_combinedt0-36",0.237004575933344,2.70503126803092,0.0876162056736104,0.930181721449818,-5.06475928646198,5.53876843832867,1
"virus_comp_3_cycle_1_6","fixed","cond",NA,"Dx.StatusCELIAC:onset_timeline_combinedt0-over42",-0.682948634018969,2.75378189710194,-0.248003894112928,0.804131393845182,-6.08026197361716,4.71436470557923,1
"virus_comp_317_cycle_1_3","fixed","cond",NA,"(Intercept)",-1.86122799944016,3.12105726602894,-0.596345353767982,0.550944538517499,-7.97838783454392,4.25593183566361,0.699097691732289
"virus_comp_317_cycle_1_3","fixed","cond",NA,"Dx.StatusCELIAC",-5.8124978575488,3.39711056190671,-1.71101227105379,0.0870788475869198,-12.4707122103866,0.845716495288972,1
"virus_comp_317_cycle_1_3","fixed","cond",NA,"onset_timeline_combinedt0-6",-19.8125957083251,20101.7453714281,-0.000985615693674342,0.999213592582457,-39418.5095501021,39378.8843586855,1
"virus_comp_317_cycle_1_3","fixed","cond",NA,"onset_timeline_combinedt0-12",-27.1300654627468,119917.680077372,-0.000226239078718353,0.99981948733358,-235061.464126708,235007.203995782,1
"virus_comp_317_cycle_1_3","fixed","cond",NA,"onset_timeline_combinedt0-18",-0.271946215348166,1.83039962789657,-0.14857204470735,0.88189133323686,-3.85946356334095,3.31557113264462,1
"virus_comp_317_cycle_1_3","fixed","cond",NA,"onset_timeline_combinedt0-24",-29.8744579546096,480966.64605697,-6.21133673187622e-05,0.999950440703229,-942707.178494639,942647.429578729,1
"virus_comp_317_cycle_1_3","fixed","cond",NA,"onset_timeline_combinedt0-30",-25.0177558425913,51061.7674031439,-0.000489950840225929,0.999609075804672,-100104.242852966,100054.207341281,1
"virus_comp_317_cycle_1_3","fixed","cond",NA,"onset_timeline_combinedt0-36",-3.45899944899485,1.8310356379758,-1.88909455242431,0.0588791602731904,-7.04776335383673,0.129764455847031,0.415174525657103
"virus_comp_317_cycle_1_3","fixed","cond",NA,"onset_timeline_combinedt0-over42",-27.463794207316,84792.4337967164,-0.000323894396912329,0.999741569665892,-166217.580197268,166162.652608854,1
"virus_comp_317_cycle_1_3","fixed","cond",NA,"SexMale",0.994396436714606,1.95736321490052,0.508028570857322,0.611433306692921,-2.84196496915395,4.83075784258316,1
"virus_comp_317_cycle_1_3","fixed","cond",NA,"Age.at.Gluten.Introduction..months.",-0.119057605618936,0.299351320097501,-0.397718659066406,0.690837581712679,-0.705775411734559,0.467660200496686,0.986910831018112
"virus_comp_317_cycle_1_3","fixed","cond",NA,"HLA.CategoryHigh Risk",0.64642310061805,1.91844641427861,0.336951345529828,0.736153578063241,-3.11366277763802,4.40650897887412,0.992982795983933
"virus_comp_317_cycle_1_3","fixed","cond",NA,"HLA.CategoryLow/No Risk",-0.0660841739057537,2.93308261350509,-0.0225306214020279,0.982024685849053,-5.81482046005634,5.68265211224483,1
"virus_comp_317_cycle_1_3","fixed","cond",NA,"feeding_first_yearFormula",-22.048917522699,23437.9869376765,-0.000940734269599556,0.999249402761179,-45959.6591854889,45915.5613504435,1
"virus_comp_317_cycle_1_3","fixed","cond",NA,"feeding_first_yearBreastmilk_and_formula",2.55708109089219,1.98401178908824,1.28884369788312,0.197452430875051,-1.33151056062364,6.44567274240802,0.822255833681735
"virus_comp_317_cycle_1_3","fixed","cond",NA,"Delivery.ModeC-Section",2.8855998273019,5.20535751083686,0.55435190019023,0.579338037541625,-7.31671342059341,13.0879130751972,1
"virus_comp_317_cycle_1_3","fixed","cond",NA,"Dx.StatusCELIAC:onset_timeline_combinedt0-6",22.8227568747241,20101.7455366595,0.00113536194322539,0.999094112429199,-39375.8745213667,39421.5200351161,1
"virus_comp_317_cycle_1_3","fixed","cond",NA,"Dx.StatusCELIAC:onset_timeline_combinedt0-12",28.2723233657825,119917.68011725,0.000235764428882706,0.999811887203951,-235006.061816039,235062.606462771,1
"virus_comp_317_cycle_1_3","fixed","cond",NA,"Dx.StatusCELIAC:onset_timeline_combinedt0-18",3.30145004631428,3.42887407897973,0.962837937547313,0.335628858880025,-3.41901965600893,10.0219197486375,1
"virus_comp_317_cycle_1_3","fixed","cond",NA,"Dx.StatusCELIAC:onset_timeline_combinedt0-24",32.4254947458136,480966.646066607,6.74173459032816e-05,0.999946208740614,-942644.878560826,942709.729550318,1
"virus_comp_317_cycle_1_3","fixed","cond",NA,"Dx.StatusCELIAC:onset_timeline_combinedt0-30",24.9689823672233,51061.7674568553,0.000488995653907219,0.999609837932997,-100054.256220029,100104.194184763,1
"virus_comp_317_cycle_1_3","fixed","cond",NA,"Dx.StatusCELIAC:onset_timeline_combinedt0-36",-27.8799034564451,2719395.54829323,-1.02522428095991e-05,0.999991819893749,-5329945.21427673,5329889.45446982,1
"virus_comp_317_cycle_1_3","fixed","cond",NA,"Dx.StatusCELIAC:onset_timeline_combinedt0-over42",25.9617440221902,84792.4338254286,0.000306179960297407,0.999755703740668,-166164.154715314,166216.078203358,1
"virus_comp_36_cycle_2_10","fixed","cond",NA,"(Intercept)",-6.30278301173741,1.87893616503851,-3.35444233232279,0.000795251271900439,-9.98543022446269,-2.62013579901213,0.0307491833575475
"virus_comp_36_cycle_2_10","fixed","cond",NA,"Dx.StatusCELIAC",1.06789429419616,1.17563004724533,0.908359136191177,0.363688508112797,-1.23629825754781,3.37208684594013,1
"virus_comp_36_cycle_2_10","fixed","cond",NA,"onset_timeline_combinedt0-6",-18.9011508262908,13288.7125011418,-0.0014223462825813,0.998865132243666,-26064.2990539714,26026.4967523188,1
"virus_comp_36_cycle_2_10","fixed","cond",NA,"onset_timeline_combinedt0-12",0.942770751985593,1.12035524922071,0.841492689610158,0.400071978722593,-1.25308518637739,3.13862669034858,1
"virus_comp_36_cycle_2_10","fixed","cond",NA,"onset_timeline_combinedt0-18",2.69328902549708,1.35992395141319,1.98047032166637,0.0476507049866255,0.0278870590138336,5.35869099198033,1
"virus_comp_36_cycle_2_10","fixed","cond",NA,"onset_timeline_combinedt0-24",1.03090395516918,1.12363093129006,0.917475593151909,0.358893476742586,-1.17137220207454,3.23318011241291,1
"virus_comp_36_cycle_2_10","fixed","cond",NA,"onset_timeline_combinedt0-30",1.43136009263109,1.14803285330152,1.24679366841705,0.212473162690955,-0.818742952908642,3.68146313817083,0.93682885018708
"virus_comp_36_cycle_2_10","fixed","cond",NA,"onset_timeline_combinedt0-36",2.01623516214599,1.09449769905673,1.8421556882976,0.0654523799823864,-0.128940909167164,4.16141123345914,0.415174525657103
"virus_comp_36_cycle_2_10","fixed","cond",NA,"onset_timeline_combinedt0-over42",0.489663072749028,1.09783544703421,0.446025926810662,0.655578517875111,-1.66205486438944,2.6413810098875,1
"virus_comp_36_cycle_2_10","fixed","cond",NA,"SexMale",-0.758655669969549,0.811521756092465,-0.934855614497052,0.349862713900835,-2.34920908458148,0.831897744642381,1
"virus_comp_36_cycle_2_10","fixed","cond",NA,"Age.at.Gluten.Introduction..months.",0.337257080960938,0.159154592746346,2.11905340047864,0.0340859542701607,0.0253198112039601,0.649194350717916,0.534261881153218
"virus_comp_36_cycle_2_10","fixed","cond",NA,"HLA.CategoryHigh Risk",1.69009542692065,0.695931435640232,2.42853726727523,0.0151598670045178,0.326094877356545,3.05409597648476,0.230429978468671
"virus_comp_36_cycle_2_10","fixed","cond",NA,"HLA.CategoryLow/No Risk",-6.35119117398788,4.53949717949743,-1.39909574185285,0.161784274465665,-15.248442153724,2.54605980574825,1
"virus_comp_36_cycle_2_10","fixed","cond",NA,"feeding_first_yearFormula",0.15653555222795,0.954884112136796,0.16393146585889,0.86978509600174,-1.71500291696968,2.02807402142558,1
"virus_comp_36_cycle_2_10","fixed","cond",NA,"feeding_first_yearBreastmilk_and_formula",0.807469599562306,0.681970342356499,1.18402450870833,0.236403361181234,-0.529167709980882,2.14410690910549,0.822255833681735
"virus_comp_36_cycle_2_10","fixed","cond",NA,"Delivery.ModeC-Section",5.71255284249556,3.9186016107838,1.45780393362135,0.144894593734874,-1.96776518440132,13.3928708693924,1
"virus_comp_36_cycle_2_10","fixed","cond",NA,"Dx.StatusCELIAC:onset_timeline_combinedt0-6",-4.28056970743776,107791.513251739,-3.97115652086711e-05,0.999968314755243,-211271.764382187,211263.203242772,1
"virus_comp_36_cycle_2_10","fixed","cond",NA,"Dx.StatusCELIAC:onset_timeline_combinedt0-12",-2.926569707903,1.76699686819466,-1.65623932932777,0.0976733615199228,-6.3898199303596,0.536680514553604,0.62557843593998
"virus_comp_36_cycle_2_10","fixed","cond",NA,"Dx.StatusCELIAC:onset_timeline_combinedt0-18",-3.13531139555028,1.9391394290375,-1.61685712156681,0.10590912588339,-6.93595483746535,0.665332046364785,1
"virus_comp_36_cycle_2_10","fixed","cond",NA,"Dx.StatusCELIAC:onset_timeline_combinedt0-24",-2.94306885310047,1.7825440151304,-1.65104975143359,0.0987284164416466,-6.43679092361348,0.550653217412532,1
"virus_comp_36_cycle_2_10","fixed","cond",NA,"Dx.StatusCELIAC:onset_timeline_combinedt0-30",-2.70316450110701,1.78474089322612,-1.51459772752825,0.129874308046352,-6.20119237356604,0.794863371352017,1
"virus_comp_36_cycle_2_10","fixed","cond",NA,"Dx.StatusCELIAC:onset_timeline_combinedt0-36",-3.92842976692239,1.77095625025063,-2.21825342459274,0.026537557908494,-7.39944023560974,-0.457419298235045,0.69116243082395
"virus_comp_36_cycle_2_10","fixed","cond",NA,"Dx.StatusCELIAC:onset_timeline_combinedt0-over42",-1.32471578159265,1.51294505410743,-0.875587502663261,0.381254321801667,-4.29003359823121,1.6406020350459,1
"virus_comp_36_cycle_2_100","fixed","cond",NA,"(Intercept)",-4.78061468869108,1.62851959840527,-2.9355585854616,0.00332947733176157,-7.97245444968305,-1.58877492769912,0.0372460359220813
"virus_comp_36_cycle_2_100","fixed","cond",NA,"Dx.StatusCELIAC",0.89756308770804,1.1014847395777,0.814866566423933,0.415148692636487,-1.26130733138473,3.05643350680081,1
"virus_comp_36_cycle_2_100","fixed","cond",NA,"onset_timeline_combinedt0-6",-18.7363199247104,12548.5499347526,-0.00149310637660381,0.998808673917122,-24613.4422502422,24575.9696103927,1
"virus_comp_36_cycle_2_100","fixed","cond",NA,"onset_timeline_combinedt0-12",-0.573863747854555,1.34319752913397,-0.427237048466397,0.66920667912241,-3.20648252908033,2.05875503337122,1
"virus_comp_36_cycle_2_100","fixed","cond",NA,"onset_timeline_combinedt0-18",1.65750155845432,1.28663619318335,1.28824415731177,0.197660985204053,-0.864259041390774,4.17926215829941,1
"virus_comp_36_cycle_2_100","fixed","cond",NA,"onset_timeline_combinedt0-24",0.95370309431969,1.07817813031136,0.884550583533239,0.376399069114093,-1.15948721000931,3.06689339864869,1
"virus_comp_36_cycle_2_100","fixed","cond",NA,"onset_timeline_combinedt0-30",0.672272787446609,1.16375117526239,0.57767742945139,0.563481920215136,-1.60863760303383,2.95318317792705,1
"virus_comp_36_cycle_2_100","fixed","cond",NA,"onset_timeline_combinedt0-36",1.83973023078395,1.04564814424422,1.75941614864499,0.0785068510354424,-0.209702472435865,3.88916293400377,0.415174525657103
"virus_comp_36_cycle_2_100","fixed","cond",NA,"onset_timeline_combinedt0-over42",-0.429979570074273,1.17941489880394,-0.364570237759691,0.715432234734192,-2.74159029455994,1.8816311544114,1
"virus_comp_36_cycle_2_100","fixed","cond",NA,"SexMale",-0.273199988118004,0.767680001608978,-0.355877432713377,0.72193235694882,-1.77782514292325,1.23142516668724,1
"virus_comp_36_cycle_2_100","fixed","cond",NA,"Age.at.Gluten.Introduction..months.",0.212542994424342,0.12950816410728,1.64115518036592,0.100765206742886,-0.0412883429298296,0.466374331778514,0.534261881153218
"virus_comp_36_cycle_2_100","fixed","cond",NA,"HLA.CategoryHigh Risk",1.19805010112309,0.696136263024612,1.72099941456538,0.0852509301247862,-0.166351902737451,2.56245210498363,0.458607783267611
"virus_comp_36_cycle_2_100","fixed","cond",NA,"HLA.CategoryLow/No Risk",-3.86323065894348,3.67630000857379,-1.0508474961058,0.293328637677352,-11.0686462721124,3.34218495422543,1
"virus_comp_36_cycle_2_100","fixed","cond",NA,"feeding_first_yearFormula",-0.124155414000452,0.990618679837283,-0.125331185982527,0.900261363985088,-2.06573234889414,1.81742152089324,1
"virus_comp_36_cycle_2_100","fixed","cond",NA,"feeding_first_yearBreastmilk_and_formula",0.776114606854164,0.691386805466314,1.12254761114613,0.261629675952788,-0.578978631246013,2.13120784495434,0.822255833681735
"virus_comp_36_cycle_2_100","fixed","cond",NA,"Delivery.ModeC-Section",3.41885608543028,3.22027215460278,1.06166681612411,0.2883869690737,-2.89276135800837,9.73047352886893,1
"virus_comp_36_cycle_2_100","fixed","cond",NA,"Dx.StatusCELIAC:onset_timeline_combinedt0-6",-2.55179947726481,42251.7529572857,-6.03951149635034e-05,0.999951811670252,-82814.4658794408,82809.3622804863,1
"virus_comp_36_cycle_2_100","fixed","cond",NA,"Dx.StatusCELIAC:onset_timeline_combinedt0-12",-1.17197774803254,1.85984263767094,-0.630148876197503,0.528597184172067,-4.81720233477956,2.47324683871448,1
"virus_comp_36_cycle_2_100","fixed","cond",NA,"Dx.StatusCELIAC:onset_timeline_combinedt0-18",-28.4227186219591,437573.172110298,-6.49553501757978e-05,0.99994817312899,-857656.080655752,857599.235218508,1
"virus_comp_36_cycle_2_100","fixed","cond",NA,"Dx.StatusCELIAC:onset_timeline_combinedt0-24",-26.2375039676049,120437.208597363,-0.000217852142815102,0.999826179140085,-236078.828753337,236026.353745402,1
"virus_comp_36_cycle_2_100","fixed","cond",NA,"Dx.StatusCELIAC:onset_timeline_combinedt0-30",-27.6790447159845,360006.769207696,-7.68847896302076e-05,0.999938654813454,-705627.980882424,705572.622792992,1
"virus_comp_36_cycle_2_100","fixed","cond",NA,"Dx.StatusCELIAC:onset_timeline_combinedt0-36",-3.50810175372886,1.69174420820661,-2.07365968017573,0.0381109283166319,-6.82385947286805,-0.19234403458968,0.69116243082395
"virus_comp_36_cycle_2_100","fixed","cond",NA,"Dx.StatusCELIAC:onset_timeline_combinedt0-over42",-0.905960082028685,1.58433237285364,-0.571824509523153,0.567440870944381,-4.0111944723627,2.19927430830533,1
"virus_comp_36_cycle_2_106","fixed","cond",NA,"(Intercept)",-6.15744357788662,2.16957489126953,-2.83808759156666,0.00453847262670594,-10.4097322265373,-1.90515492923595,0.0383450437039677
"virus_comp_36_cycle_2_106","fixed","cond",NA,"Dx.StatusCELIAC",0.631770801764499,1.17715293297636,0.536693902777022,0.591479068394743,-1.67540655116485,2.93894815469385,1
"virus_comp_36_cycle_2_106","fixed","cond",NA,"onset_timeline_combinedt0-6",-19.0951799928501,11385.6306681262,-0.00167712975674739,0.998661844687947,-22334.5212307948,22296.3308708091,1
"virus_comp_36_cycle_2_106","fixed","cond",NA,"onset_timeline_combinedt0-12",-1.25040778712836,1.3584414137819,-0.920472369616019,0.357325965448048,-3.91290403324855,1.41208845899183,1
"virus_comp_36_cycle_2_106","fixed","cond",NA,"onset_timeline_combinedt0-18",2.48685823456772,1.38140312761498,1.80024077320669,0.0718226282978438,-0.22064214368862,5.19435861282406,1
"virus_comp_36_cycle_2_106","fixed","cond",NA,"onset_timeline_combinedt0-24",0.438585727980146,1.09108893427586,0.401970649873037,0.687705626622579,-1.69990928713073,2.57708074309102,1
"virus_comp_36_cycle_2_106","fixed","cond",NA,"onset_timeline_combinedt0-30",0.906748453768278,1.11322651733544,0.814522866324298,0.415345478151434,-1.27513542684414,3.08863233438069,1
"virus_comp_36_cycle_2_106","fixed","cond",NA,"onset_timeline_combinedt0-36",1.51512672933756,1.05628505103504,1.43439190761329,0.151460455671524,-0.555153928099182,3.5854073867743,0.415174525657103
"virus_comp_36_cycle_2_106","fixed","cond",NA,"onset_timeline_combinedt0-over42",-0.342632870796698,1.07791308553608,-0.317866881285976,0.750585915561221,-2.45530369691186,1.77003795531846,1
"virus_comp_36_cycle_2_106","fixed","cond",NA,"SexMale",-0.711272191831438,0.995149623615115,-0.714738944730315,0.474770368384078,-2.66172961334565,1.23918522968278,1
"virus_comp_36_cycle_2_106","fixed","cond",NA,"Age.at.Gluten.Introduction..months.",0.364887936760532,0.194504366716468,1.87598840540395,0.0606568720221384,-0.0163336168395165,0.74610949036058,0.534261881153218
"virus_comp_36_cycle_2_106","fixed","cond",NA,"HLA.CategoryHigh Risk",1.858356363452,0.838893009410099,2.21524836016785,0.0267430221777517,0.214156278125784,3.50255644877821,0.284302810135954
"virus_comp_36_cycle_2_106","fixed","cond",NA,"HLA.CategoryLow/No Risk",-7.52994136825183,5.58164157742806,-1.34905498029516,0.177319307084827,-18.4697578346222,3.40987509811848,1
"virus_comp_36_cycle_2_106","fixed","cond",NA,"feeding_first_yearFormula",-0.302393067094018,1.17200366280813,-0.258013756006088,0.796396290820003,-2.59947803594698,1.99469190175894,1
"virus_comp_36_cycle_2_106","fixed","cond",NA,"feeding_first_yearBreastmilk_and_formula",0.699701498551106,0.828152408246699,0.844894601022124,0.398169689148137,-0.923447395322535,2.32285039242475,0.839974412723467
"virus_comp_36_cycle_2_106","fixed","cond",NA,"Delivery.ModeC-Section",7.24333611222718,4.8276656561487,1.50038064525073,0.133515830168251,-2.2187147032252,16.7053869276796,1
"virus_comp_36_cycle_2_106","fixed","cond",NA,"Dx.StatusCELIAC:onset_timeline_combinedt0-6",-3.03815556081691,62727.2697024504,-4.84343663486157e-05,0.999961354966893,-122946.227620894,122940.151309772,1
"virus_comp_36_cycle_2_106","fixed","cond",NA,"Dx.StatusCELIAC:onset_timeline_combinedt0-12",-0.764558452964353,1.91766093090203,-0.398693241669536,0.690119248242348,-4.52310481209189,2.99398790616319,1
"virus_comp_36_cycle_2_106","fixed","cond",NA,"Dx.StatusCELIAC:onset_timeline_combinedt0-18",-3.33636784989792,2.10894704884885,-1.58200645754432,0.113648096324358,-7.4698281109437,0.797092411147861,1
"virus_comp_36_cycle_2_106","fixed","cond",NA,"Dx.StatusCELIAC:onset_timeline_combinedt0-24",-27.1557631839239,206797.845792443,-0.000131315503214571,0.999895225387692,-405343.48559684,405289.174070473,1
"virus_comp_36_cycle_2_106","fixed","cond",NA,"Dx.StatusCELIAC:onset_timeline_combinedt0-30",-27.6068819215802,245061.054919959,-0.000112653077130501,0.999910115849221,-480338.448538434,480283.234774591,1
"virus_comp_36_cycle_2_106","fixed","cond",NA,"Dx.StatusCELIAC:onset_timeline_combinedt0-36",-3.45104834443338,1.76345428331273,-1.95698203071669,0.0503495810534004,-6.90735522810922,0.00525853924245068,0.69116243082395
"virus_comp_36_cycle_2_106","fixed","cond",NA,"Dx.StatusCELIAC:onset_timeline_combinedt0-over42",-1.04230472039579,1.58728308549084,-0.656659627966411,0.511399798989477,-4.15332240122744,2.06871296043586,1
"virus_comp_36_cycle_2_13","fixed","cond",NA,"(Intercept)",-5.84888426629187,1.94188265576949,-3.01196586153874,0.00259561786259047,-9.65490433380305,-2.04286419878068,0.0372460359220813
"virus_comp_36_cycle_2_13","fixed","cond",NA,"Dx.StatusCELIAC",-0.294176918694632,1.28601705729254,-0.22875040189122,0.819062918185125,-2.81472403449219,2.22637019710293,1
"virus_comp_36_cycle_2_13","fixed","cond",NA,"onset_timeline_combinedt0-6",-19.3286573050152,16286.4373641626,-0.0011867946852236,0.999053075066105,-31940.1593275312,31901.5020129212,1
"virus_comp_36_cycle_2_13","fixed","cond",NA,"onset_timeline_combinedt0-12",-0.616412861958729,1.37474425599194,-0.448383660649637,0.65387633185655,-3.31086209165625,2.07803636773879,1
"virus_comp_36_cycle_2_13","fixed","cond",NA,"onset_timeline_combinedt0-18",2.7260306786327,1.43093196990208,1.90507357161028,0.0567705082585767,-0.0785444467023342,5.53060580396774,1
"virus_comp_36_cycle_2_13","fixed","cond",NA,"onset_timeline_combinedt0-24",0.452211873689667,1.18393400430761,0.381956994261796,0.702493264073137,-1.86825613482553,2.77267988220487,1
"virus_comp_36_cycle_2_13","fixed","cond",NA,"onset_timeline_combinedt0-30",0.882245859113412,1.20618700311591,0.731433730287535,0.46451426880985,-1.48183722561407,3.24632894384089,1
"virus_comp_36_cycle_2_13","fixed","cond",NA,"onset_timeline_combinedt0-36",2.01177762212556,1.10114964660521,1.82697931051222,0.0677028802224176,-0.146436026809653,4.16999127106077,0.415174525657103
"virus_comp_36_cycle_2_13","fixed","cond",NA,"onset_timeline_combinedt0-over42",-1.35557115081038,1.46479505538843,-0.925434002404462,0.354740198692054,-4.22651670410405,1.51537440248329,1
"virus_comp_36_cycle_2_13","fixed","cond",NA,"SexMale",-0.312501474569968,0.884583901599151,-0.353275109353706,0.723882203895375,-2.04625406300823,1.42125111386829,1
"virus_comp_36_cycle_2_13","fixed","cond",NA,"Age.at.Gluten.Introduction..months.",0.24570303759828,0.151932243151096,1.61718824459091,0.105837653047758,-0.0520786870682498,0.54348476226481,0.534261881153218
"virus_comp_36_cycle_2_13","fixed","cond",NA,"HLA.CategoryHigh Risk",2.00132876072968,0.885566730214837,2.25994122458074,0.0238248989090309,0.265649863601698,3.73700765785766,0.278568048782515
"virus_comp_36_cycle_2_13","fixed","cond",NA,"HLA.CategoryLow/No Risk",-3.59765031620556,4.23374784265907,-0.849755453065906,0.395461061078993,-11.8956436074415,4.70034297503036,1
"virus_comp_36_cycle_2_13","fixed","cond",NA,"feeding_first_yearFormula",0.483415083268893,1.0974766348729,0.440478701694526,0.659590434681605,-1.66759959495621,2.63442976149399,1
"virus_comp_36_cycle_2_13","fixed","cond",NA,"feeding_first_yearBreastmilk_and_formula",1.03015704971383,0.851359194288485,1.21001459386925,0.226273292973374,-0.638476308998635,2.6987904084263,0.822255833681735
"virus_comp_36_cycle_2_13","fixed","cond",NA,"Delivery.ModeC-Section",3.82612751536446,3.70950698869723,1.03143828196646,0.302335336522615,-3.44437258288174,11.0966276136107,1
"virus_comp_36_cycle_2_13","fixed","cond",NA,"Dx.StatusCELIAC:onset_timeline_combinedt0-6",-1.91166570859146,72289.2409009206,-2.64446781397468e-05,0.999978900199599,-141686.220301253,141682.396969836,1
"virus_comp_36_cycle_2_13","fixed","cond",NA,"Dx.StatusCELIAC:onset_timeline_combinedt0-12",-0.173352441324661,1.9827399853751,-0.0874307486626218,0.930329129055139,-4.05945140336733,3.71274652071801,1
"virus_comp_36_cycle_2_13","fixed","cond",NA,"Dx.StatusCELIAC:onset_timeline_combinedt0-18",-26.9437307549288,224594.937570465,-0.000119965886348064,0.99990428107169,-440224.932478888,440171.045017378,1
"virus_comp_36_cycle_2_13","fixed","cond",NA,"Dx.StatusCELIAC:onset_timeline_combinedt0-24",-27.9866165751124,565988.452514928,-4.94473278575843e-05,0.999960546740546,-1109344.96921139,1109288.99597824,1
"virus_comp_36_cycle_2_13","fixed","cond",NA,"Dx.StatusCELIAC:onset_timeline_combinedt0-30",-28.8535653022951,983733.654559628,-2.93306680813025e-05,0.999976597512783,-1928111.38688214,1928053.67975154,1
"virus_comp_36_cycle_2_13","fixed","cond",NA,"Dx.StatusCELIAC:onset_timeline_combinedt0-36",-2.72986495264109,1.83025874081632,-1.49151859885315,0.135825391878019,-6.3171061670307,0.857376261748522,1
"virus_comp_36_cycle_2_13","fixed","cond",NA,"Dx.StatusCELIAC:onset_timeline_combinedt0-over42",-0.641999338062694,2.11373803008765,-0.303727012961995,0.761335876257013,-4.78484974978713,3.50085107366174,1
"virus_comp_36_cycle_2_15","fixed","cond",NA,"(Intercept)",-5.24372115005441,1.70700317456536,-3.07188716938947,0.00212710111804062,-8.58938589369805,-1.89805640641078,0.0356880298693482
"virus_comp_36_cycle_2_15","fixed","cond",NA,"Dx.StatusCELIAC",1.43620323304722,1.08846227234584,1.31947911244726,0.187008988635129,-0.697143619281255,3.56955008537569,1
"virus_comp_36_cycle_2_15","fixed","cond",NA,"onset_timeline_combinedt0-6",-18.8150038658429,12575.1122284787,-0.00149620961817206,0.998806197891352,-24665.5820732332,24627.9520655015,1
"virus_comp_36_cycle_2_15","fixed","cond",NA,"onset_timeline_combinedt0-12",-0.516675192013773,1.35311061724612,-0.381842537800288,0.702578164526485,-3.16872326891493,2.13537288488738,1
"virus_comp_36_cycle_2_15","fixed","cond",NA,"onset_timeline_combinedt0-18",1.69896794507008,1.2833003884466,1.32390511244731,0.185534560103466,-0.816254597631526,4.21419048777168,1
"virus_comp_36_cycle_2_15","fixed","cond",NA,"onset_timeline_combinedt0-24",0.971889941351037,1.08476243642701,0.895947268004822,0.370280927289577,-1.15420536582783,3.0979852485299,1
"virus_comp_36_cycle_2_15","fixed","cond",NA,"onset_timeline_combinedt0-30",0.743295086448203,1.16588037648828,0.637539752308951,0.523773325028248,-1.54178846175082,3.02837863464723,1
"virus_comp_36_cycle_2_15","fixed","cond",NA,"onset_timeline_combinedt0-36",1.86327190385894,1.04897097983973,1.7762854642019,0.0756858778287296,-0.192673437454619,3.91921724517249,0.415174525657103
"virus_comp_36_cycle_2_15","fixed","cond",NA,"onset_timeline_combinedt0-over42",-0.0208875864000121,1.11162183045254,-0.0187901908974825,0.985008478972789,-2.19962633851548,2.15785116571546,1
"virus_comp_36_cycle_2_15","fixed","cond",NA,"SexMale",-0.621642456255108,0.758494867248847,-0.819573715125958,0.412459163018665,-2.10826507852134,0.864980166011121,1
"virus_comp_36_cycle_2_15","fixed","cond",NA,"Age.at.Gluten.Introduction..months.",0.275549238828394,0.142360772612677,1.93556998723296,0.0529203891823227,-0.00347274830374888,0.554571225960537,0.534261881153218
"virus_comp_36_cycle_2_15","fixed","cond",NA,"HLA.CategoryHigh Risk",1.2713976854026,0.640607732861495,1.98467427129464,0.047180723125753,0.0158296007762111,2.52696577002898,0.325975905232475
"virus_comp_36_cycle_2_15","fixed","cond",NA,"HLA.CategoryLow/No Risk",-5.61485231333632,4.08368264134089,-1.37494825295549,0.169147488126621,-13.6187232146559,2.38901858798323,1
"virus_comp_36_cycle_2_15","fixed","cond",NA,"feeding_first_yearFormula",-0.410526209625209,0.922729907906059,-0.444903981227629,0.656389145406332,-2.21904359657904,1.39799117732863,1
"virus_comp_36_cycle_2_15","fixed","cond",NA,"feeding_first_yearBreastmilk_and_formula",0.588838487515114,0.633191581814004,0.92995312070981,0.352395357292172,-0.65219420815428,1.82987118318451,0.822255833681735
"virus_comp_36_cycle_2_15","fixed","cond",NA,"Delivery.ModeC-Section",5.24170371881395,3.52538039019982,1.4868476983038,0.137055040455854,-1.66791487778146,12.1513223154094,1
"virus_comp_36_cycle_2_15","fixed","cond",NA,"Dx.StatusCELIAC:onset_timeline_combinedt0-6",-4.85278478102551,109697.505624262,-4.42378771824344e-05,0.999964703280805,-215008.013002214,214998.307432652,1
"virus_comp_36_cycle_2_15","fixed","cond",NA,"Dx.StatusCELIAC:onset_timeline_combinedt0-12",-1.66725719429612,1.8651590161106,-0.893895469445195,0.371377822045924,-5.32290169131305,1.98838730272081,1
"virus_comp_36_cycle_2_15","fixed","cond",NA,"Dx.StatusCELIAC:onset_timeline_combinedt0-18",-2.64217705972002,1.85865542747109,-1.42155292512448,0.155156078954203,-6.28507475723326,1.00072063779321,1
"virus_comp_36_cycle_2_15","fixed","cond",NA,"Dx.StatusCELIAC:onset_timeline_combinedt0-24",-30.5976401399349,846245.633632221,-3.61569252754722e-05,0.999971150947563,-1658641.56163357,1658580.36635329,1
"virus_comp_36_cycle_2_15","fixed","cond",NA,"Dx.StatusCELIAC:onset_timeline_combinedt0-30",-2.37786340361376,1.75756914757513,-1.35292736954015,0.176078834680756,-5.82263563319978,1.06690882597227,1
"virus_comp_36_cycle_2_15","fixed","cond",NA,"Dx.StatusCELIAC:onset_timeline_combinedt0-36",-3.9649149350546,1.69022292904885,-2.34579407657533,0.0189865940527069,-7.27769100183415,-0.652138868275053,0.69116243082395
"virus_comp_36_cycle_2_15","fixed","cond",NA,"Dx.StatusCELIAC:onset_timeline_combinedt0-over42",-1.74458647244099,1.53292440248241,-1.13807730480108,0.25508820392074,-4.7490630923291,1.25989014744712,1
"virus_comp_36_cycle_2_16","fixed","cond",NA,"(Intercept)",-5.25285118961548,1.6248514383437,-3.23281936160885,0.00122575042982495,-8.43750148899723,-2.06820089023374,0.0308480524839279
"virus_comp_36_cycle_2_16","fixed","cond",NA,"Dx.StatusCELIAC",0.525593044160921,1.11937737492865,0.469540528451742,0.638683322747821,-1.66834629580822,2.71953238413006,1
"virus_comp_36_cycle_2_16","fixed","cond",NA,"onset_timeline_combinedt0-6",-19.0073783014153,10718.3707220783,-0.00177334585584568,0.998585075462256,-21026.6279665235,20988.6132099207,1
"virus_comp_36_cycle_2_16","fixed","cond",NA,"onset_timeline_combinedt0-12",-0.278084319525589,1.141768797018,-0.243555718330955,0.807574927232313,-2.51591004035249,1.95974140130131,1
"virus_comp_36_cycle_2_16","fixed","cond",NA,"onset_timeline_combinedt0-18",1.36663659080719,1.29169408084006,1.05801877633317,0.290046882285755,-1.16503728668288,3.89831046829727,1
"virus_comp_36_cycle_2_16","fixed","cond",NA,"onset_timeline_combinedt0-24",0.983076765307339,1.03840518790784,0.946717886962818,0.343782553355185,-1.05216000435157,3.01831353496625,1
"virus_comp_36_cycle_2_16","fixed","cond",NA,"onset_timeline_combinedt0-30",0.861869007622672,1.09246018916185,0.788924865338948,0.43015592170062,-1.27931361767836,3.00305163292371,1
"virus_comp_36_cycle_2_16","fixed","cond",NA,"onset_timeline_combinedt0-36",1.4721653766701,1.02897474791113,1.43071088931838,0.152513091057711,-0.544588070236905,3.4889188235771,0.415174525657103
"virus_comp_36_cycle_2_16","fixed","cond",NA,"onset_timeline_combinedt0-over42",-0.264981885195552,1.05035324151989,-0.252278828417873,0.800825551475342,-2.32363640961943,1.79367263922833,1
"virus_comp_36_cycle_2_16","fixed","cond",NA,"SexMale",-0.187595687661805,0.7990749438418,-0.234766074330751,0.814390300639273,-1.7537537985401,1.37856242321649,1
"virus_comp_36_cycle_2_16","fixed","cond",NA,"Age.at.Gluten.Introduction..months.",0.297198660390049,0.134637130860007,2.20740488520266,0.0272857853907486,0.0333147329226292,0.561082587857469,0.534261881153218
"virus_comp_36_cycle_2_16","fixed","cond",NA,"HLA.CategoryHigh Risk",1.63477689981227,0.712687185499281,2.29382109440765,0.0218007772383618,0.237935683990461,3.03161811563407,0.276143178352582
"virus_comp_36_cycle_2_16","fixed","cond",NA,"HLA.CategoryLow/No Risk",-3.97601739798194,3.81659919685284,-1.04176969938592,0.297518465510019,-11.456414367238,3.50437957127412,1
"virus_comp_36_cycle_2_16","fixed","cond",NA,"feeding_first_yearFormula",-0.952609595458259,1.04186158105208,-0.914334123441145,0.360541305435392,-2.99462077119629,1.08940158027978,1
"virus_comp_36_cycle_2_16","fixed","cond",NA,"feeding_first_yearBreastmilk_and_formula",0.328363327664113,0.699281514014832,0.469572441260257,0.638660517870033,-1.0422032548596,1.69892991018782,1
"virus_comp_36_cycle_2_16","fixed","cond",NA,"Delivery.ModeC-Section",4.05603055865435,3.39027991923661,1.19637040459115,0.23155204526709,-2.58879598055876,10.7008570978675,1
"virus_comp_36_cycle_2_16","fixed","cond",NA,"Dx.StatusCELIAC:onset_timeline_combinedt0-6",-3.12341835598415,67988.1305920078,-4.59406418265501e-05,0.999963344671186,-133257.410754897,133251.163918185,1
"virus_comp_36_cycle_2_16","fixed","cond",NA,"Dx.StatusCELIAC:onset_timeline_combinedt0-12",-0.104217372330043,1.56834420771906,-0.066450573679621,0.947019107171124,-3.17811553482141,2.96968079016133,1
"virus_comp_36_cycle_2_16","fixed","cond",NA,"Dx.StatusCELIAC:onset_timeline_combinedt0-18",-1.84877006265399,1.93078439992731,-0.95752278852242,0.338303449797611,-5.6330379484233,1.93549782311532,1
"virus_comp_36_cycle_2_16","fixed","cond",NA,"Dx.StatusCELIAC:onset_timeline_combinedt0-24",-31.7476060896441,1162853.35150729,-2.73014701711896e-05,0.999978216578466,-2279182.43586207,2279118.94064989,1
"virus_comp_36_cycle_2_16","fixed","cond",NA,"Dx.StatusCELIAC:onset_timeline_combinedt0-30",-2.07948193687154,1.74982168898626,-1.18839648060155,0.234677242339321,-5.50906942665166,1.35010555290859,1
"virus_comp_36_cycle_2_16","fixed","cond",NA,"Dx.StatusCELIAC:onset_timeline_combinedt0-36",-3.66970353515267,1.82306069578372,-2.01293546816065,0.0441214186541431,-7.24283684051928,-0.096570229786054,0.69116243082395
"virus_comp_36_cycle_2_16","fixed","cond",NA,"Dx.StatusCELIAC:onset_timeline_combinedt0-over42",-0.966166682694704,1.55015430231755,-0.623271297089741,0.533106256320846,-4.00441328571692,2.07207992032751,1
"virus_comp_36_cycle_2_18","fixed","cond",NA,"(Intercept)",-6.20821786350225,2.4508777335324,-2.53305898477216,0.0113071924073885,-11.0118499517369,-1.4045857752676,0.0573742012751373
"virus_comp_36_cycle_2_18","fixed","cond",NA,"Dx.StatusCELIAC",0.321630005989858,1.42063269837213,0.2263991293164,0.820891005056886,-2.46275891807946,3.10601893005918,1
"virus_comp_36_cycle_2_18","fixed","cond",NA,"onset_timeline_combinedt0-6",-18.4483858766042,13273.753840277,-0.00138983938519529,0.998891068969569,-26034.5278524697,25997.6310807165,1
"virus_comp_36_cycle_2_18","fixed","cond",NA,"onset_timeline_combinedt0-12",-0.730061639670598,1.41930058769518,-0.514381270606076,0.606985451283242,-3.51183967478969,2.05171639544849,1
"virus_comp_36_cycle_2_18","fixed","cond",NA,"onset_timeline_combinedt0-18",2.11323250873997,1.52478872889679,1.38591823817384,0.16577187105977,-0.875298483930344,5.10176350141028,1
"virus_comp_36_cycle_2_18","fixed","cond",NA,"onset_timeline_combinedt0-24",1.02944039618721,1.19416265158015,0.862060452841185,0.388654252221197,-1.31107539259273,3.36995618496715,1
"virus_comp_36_cycle_2_18","fixed","cond",NA,"onset_timeline_combinedt0-30",0.733888115259287,1.28297616316054,0.572020070467555,0.567308377500997,-1.78069895755876,3.24847518807733,1
"virus_comp_36_cycle_2_18","fixed","cond",NA,"onset_timeline_combinedt0-36",2.18064757444576,1.18208786003385,1.84474238182542,0.0650750225433332,-0.136202057782606,4.49749720667413,0.415174525657103
"virus_comp_36_cycle_2_18","fixed","cond",NA,"onset_timeline_combinedt0-over42",-0.0435696626759264,1.20070230177594,-0.0362868153175714,0.971053662869488,-2.39690293031111,2.30976360495925,1
"virus_comp_36_cycle_2_18","fixed","cond",NA,"SexMale",-1.43121763929933,1.23161274995485,-1.16206789784516,0.245207886018591,-3.84513427211117,0.982698993512513,1
"virus_comp_36_cycle_2_18","fixed","cond",NA,"Age.at.Gluten.Introduction..months.",0.297348578347471,0.216946957169808,1.37060497287699,0.170498131928712,-0.127859644260906,0.722556800955849,0.534261881153218
"virus_comp_36_cycle_2_18","fixed","cond",NA,"HLA.CategoryHigh Risk",1.58886344037466,1.02534859621169,1.54958366963681,0.121241475031838,-0.420782879798956,3.59850976054828,0.542020711907043
"virus_comp_36_cycle_2_18","fixed","cond",NA,"HLA.CategoryLow/No Risk",-5.0884240466706,6.25176355143818,-0.813918185613408,0.415691821866425,-17.3416554473496,7.16480735400845,1
"virus_comp_36_cycle_2_18","fixed","cond",NA,"feeding_first_yearFormula",-0.207141898101959,1.45537844388289,-0.142328546209131,0.886820499433655,-3.05963123198837,2.64534743578445,1
"virus_comp_36_cycle_2_18","fixed","cond",NA,"feeding_first_yearBreastmilk_and_formula",1.2065255703678,1.02656607188862,1.17530240225853,0.239873753780808,-0.805506958284645,3.21855809902024,0.822255833681735
"virus_comp_36_cycle_2_18","fixed","cond",NA,"Delivery.ModeC-Section",4.38453237477795,5.40755032538133,0.810816748981205,0.41747091452859,-6.2140715075573,14.9831362571132,1
"virus_comp_36_cycle_2_18","fixed","cond",NA,"Dx.StatusCELIAC:onset_timeline_combinedt0-6",-3.55138778540117,77176.2495584287,-4.6016589374591e-05,0.99996328407381,-151266.220984181,151259.11820861,1
"virus_comp_36_cycle_2_18","fixed","cond",NA,"Dx.StatusCELIAC:onset_timeline_combinedt0-12",0.12470429330812,1.90596373158725,0.0654284712984902,0.94783285582287,-3.61091597644245,3.86032456305869,1
"virus_comp_36_cycle_2_18","fixed","cond",NA,"Dx.StatusCELIAC:onset_timeline_combinedt0-18",-0.187032384897629,2.04167847388829,-0.0916071689492979,0.92701015540605,-4.18864866172937,3.81458389193411,1
"virus_comp_36_cycle_2_18","fixed","cond",NA,"Dx.StatusCELIAC:onset_timeline_combinedt0-24",-27.9251371384677,250205.237952031,-0.000111608923006725,0.99991094896367,-490421.180266394,490365.329992117,1
"virus_comp_36_cycle_2_18","fixed","cond",NA,"Dx.StatusCELIAC:onset_timeline_combinedt0-30",-29.9864381261958,1067427.95558359,-2.80922360795783e-05,0.999977585638557,-2092150.33547318,2092090.36259693,1
"virus_comp_36_cycle_2_18","fixed","cond",NA,"Dx.StatusCELIAC:onset_timeline_combinedt0-36",-3.82481331817535,1.94166917966586,-1.96985838691303,0.0488546027573845,-7.63041498021187,-0.0192116561388227,0.69116243082395
"virus_comp_36_cycle_2_18","fixed","cond",NA,"Dx.StatusCELIAC:onset_timeline_combinedt0-over42",-1.0227695397884,1.7790033582555,-0.574911528436537,0.565351132711904,-4.509552050345,2.46401297076819,1
"virus_comp_36_cycle_2_19","fixed","cond",NA,"(Intercept)",-5.85207174083713,2.18974699457032,-2.67248762315823,0.00752911518762088,-10.1438969854498,-1.56024649622447,0.0505794701447255
"virus_comp_36_cycle_2_19","fixed","cond",NA,"Dx.StatusCELIAC",-0.17772048215827,1.36927239503322,-0.129791911969392,0.896731062098811,-2.86144506144827,2.50600409713173,1
"virus_comp_36_cycle_2_19","fixed","cond",NA,"onset_timeline_combinedt0-6",-18.2640127470825,9798.52567350816,-0.00186395518628503,0.998512779796017,-19223.0214344142,19186.49340892,1
"virus_comp_36_cycle_2_19","fixed","cond",NA,"onset_timeline_combinedt0-12",0.342388963737589,1.20167081750971,0.284927418348348,0.775699749456308,-2.01284255985424,2.69762048732941,1
"virus_comp_36_cycle_2_19","fixed","cond",NA,"onset_timeline_combinedt0-18",1.79212190207419,1.38799021228577,1.29116321297605,0.196647088280751,-0.928288924900013,4.5125327290484,1
"virus_comp_36_cycle_2_19","fixed","cond",NA,"onset_timeline_combinedt0-24",0.992757291729806,1.13920672821791,0.871446127502075,0.383510608847378,-1.240046866523,3.22556144998262,1
"virus_comp_36_cycle_2_19","fixed","cond",NA,"onset_timeline_combinedt0-30",1.32243955250979,1.16790777410398,1.13231505246582,0.257502003979231,-0.966617621998352,3.61149672701793,0.93682885018708
"virus_comp_36_cycle_2_19","fixed","cond",NA,"onset_timeline_combinedt0-36",2.00593558977367,1.11372289705618,1.80110833231121,0.0716858066911036,-0.176921177214051,4.18879235676138,0.415174525657103
"virus_comp_36_cycle_2_19","fixed","cond",NA,"onset_timeline_combinedt0-over42",-0.421902493495043,1.22122716466225,-0.345474212909215,0.72973789338082,-2.81546375317501,1.97165876618493,1
"virus_comp_36_cycle_2_19","fixed","cond",NA,"SexMale",-0.77882034161548,1.01122680950028,-0.77017374766829,0.441196834285628,-2.76078846843738,1.20314778520642,1
"virus_comp_36_cycle_2_19","fixed","cond",NA,"Age.at.Gluten.Introduction..months.",0.337612360962456,0.190779465848896,1.7696472702668,0.0767859190377837,-0.0363085210911679,0.711533243016081,0.534261881153218
"virus_comp_36_cycle_2_19","fixed","cond",NA,"HLA.CategoryHigh Risk",1.2920072677664,0.82616244526067,1.56386589002935,0.117849066469977,-0.327241370324055,2.91125590585686,0.542020711907043
"virus_comp_36_cycle_2_19","fixed","cond",NA,"HLA.CategoryLow/No Risk",-5.87066116544106,5.4698616964669,-1.07327415046582,0.283148129684395,-16.5913930909313,4.85007076004922,1
"virus_comp_36_cycle_2_19","fixed","cond",NA,"feeding_first_yearFormula",-0.727069882047153,1.24291999296685,-0.584969174332484,0.558568444088748,-3.16314830392695,1.70900853983264,1
"virus_comp_36_cycle_2_19","fixed","cond",NA,"feeding_first_yearBreastmilk_and_formula",0.223974976184347,0.82941451433675,0.270039856203205,0.787129591382522,-1.40164760017046,1.84959755253916,1
"virus_comp_36_cycle_2_19","fixed","cond",NA,"Delivery.ModeC-Section",4.98172505437026,4.71533307069308,1.05649483921568,0.290742197406443,-4.26015793929884,14.2236080480394,1
"virus_comp_36_cycle_2_19","fixed","cond",NA,"Dx.StatusCELIAC:onset_timeline_combinedt0-6",20.2550684548625,9798.52583715681,0.0020671546711704,0.998350650377729,-19184.5026739577,19225.0128108674,1
"virus_comp_36_cycle_2_19","fixed","cond",NA,"Dx.StatusCELIAC:onset_timeline_combinedt0-12",-0.261816925129825,1.75259618356131,-0.149388049332509,0.881247441168685,-3.69684232435235,3.1732084740927,1
"virus_comp_36_cycle_2_19","fixed","cond",NA,"Dx.StatusCELIAC:onset_timeline_combinedt0-18",0.685837900750664,1.92897370493512,0.355545489809428,0.722180972143841,-3.09488108804696,4.46655688954829,1
"virus_comp_36_cycle_2_19","fixed","cond",NA,"Dx.StatusCELIAC:onset_timeline_combinedt0-24",-23.6668295661187,44231.0577708023,-0.000535072656158397,0.999573073809115,-86714.9470584491,86667.6133993169,1
"virus_comp_36_cycle_2_19","fixed","cond",NA,"Dx.StatusCELIAC:onset_timeline_combinedt0-30",-24.5502261202542,86994.0569805927,-0.000282205784766781,0.999774832364354,-170529.768777107,170480.668324867,1
"virus_comp_36_cycle_2_19","fixed","cond",NA,"Dx.StatusCELIAC:onset_timeline_combinedt0-36",-2.86078923419136,1.88075916450327,-1.52108217159582,0.128239217858444,-6.5470094602114,0.825430991828678,1
"virus_comp_36_cycle_2_19","fixed","cond",NA,"Dx.StatusCELIAC:onset_timeline_combinedt0-over42",-0.191858767415869,1.79892092551123,-0.106652140566626,0.915064952251796,-3.71767899245334,3.3339614576216,1
"virus_comp_36_cycle_2_2","fixed","cond",NA,"(Intercept)",-5.06634441888985,1.74540703862515,-2.90267216000262,0.00369993734325311,-8.48727935295786,-1.64540948482184,0.0372460359220813
"virus_comp_36_cycle_2_2","fixed","cond",NA,"Dx.StatusCELIAC",-0.96088054298306,1.32195683004731,-0.726862270493866,0.467310331987633,-3.55186831899252,1.6301072330264,1
"virus_comp_36_cycle_2_2","fixed","cond",NA,"onset_timeline_combinedt0-6",-19.2357062532479,13028.2908397664,-0.00147645661966146,0.998821958486484,-25554.2165323086,25515.7451198021,1
"virus_comp_36_cycle_2_2","fixed","cond",NA,"onset_timeline_combinedt0-12",-0.361144726691381,1.12914293648423,-0.319839689929659,0.749089858490575,-2.57422421559827,1.85193476221551,1
"virus_comp_36_cycle_2_2","fixed","cond",NA,"onset_timeline_combinedt0-18",2.39314683681055,1.39455158511028,1.71606906647437,0.0861494021126022,-0.340124044588844,5.12641771820994,1
"virus_comp_36_cycle_2_2","fixed","cond",NA,"onset_timeline_combinedt0-24",0.408398497242571,1.06860306366091,0.382179792600859,0.702328009430965,-1.68602502130198,2.50282201578713,1
"virus_comp_36_cycle_2_2","fixed","cond",NA,"onset_timeline_combinedt0-30",0.10763494918526,1.16299683219733,0.0925496494963773,0.926261345860154,-2.17179695605568,2.3870668544262,1
"virus_comp_36_cycle_2_2","fixed","cond",NA,"onset_timeline_combinedt0-36",1.43880137970548,1.03070675863918,1.3959366887291,0.16273356117941,-0.58134674584933,3.45894950526028,0.423251523659749
"virus_comp_36_cycle_2_2","fixed","cond",NA,"onset_timeline_combinedt0-over42",-0.578952452496987,1.08807699599678,-0.532087760909432,0.594665213760103,-2.71154417705721,1.55363927206323,1
"virus_comp_36_cycle_2_2","fixed","cond",NA,"SexMale",-0.121453292010686,0.935545772600761,-0.129820790780822,0.896708213450503,-1.95508931219688,1.7121827281755,1
"virus_comp_36_cycle_2_2","fixed","cond",NA,"Age.at.Gluten.Introduction..months.",0.223087077965303,0.132385995959669,1.68512595571866,0.0919642728596971,-0.0363847061731125,0.482558862103719,0.534261881153218
"virus_comp_36_cycle_2_2","fixed","cond",NA,"HLA.CategoryHigh Risk",1.98298502877209,0.961935313203837,2.06145361497077,0.0392597843654591,0.0976264594353176,3.86834359810887,0.301833929255221
"virus_comp_36_cycle_2_2","fixed","cond",NA,"HLA.CategoryLow/No Risk",-3.05589693120836,3.58933686414921,-0.851382037091888,0.394557166780593,-10.0908679133227,3.97907405090602,1
"virus_comp_36_cycle_2_2","fixed","cond",NA,"feeding_first_yearFormula",-0.198009932128725,1.23581275719479,-0.160226483321141,0.872702668221917,-2.62015842786566,2.22413856360821,1
"virus_comp_36_cycle_2_2","fixed","cond",NA,"feeding_first_yearBreastmilk_and_formula",0.839131557772853,0.901455230348886,0.930863263667667,0.35192429957683,-0.927688227386222,2.60595134293193,0.822255833681735
"virus_comp_36_cycle_2_2","fixed","cond",NA,"Delivery.ModeC-Section",3.11153054596951,3.27808469189279,0.949191628167755,0.342523158700308,-3.31339738841244,9.53645848035146,1
"virus_comp_36_cycle_2_2","fixed","cond",NA,"Dx.StatusCELIAC:onset_timeline_combinedt0-6",-0.268529842478664,33039.869166897,-8.1274487233051e-06,0.999993515234145,-64757.222150876,64756.685091191,1
"virus_comp_36_cycle_2_2","fixed","cond",NA,"Dx.StatusCELIAC:onset_timeline_combinedt0-12",-0.469927951445607,1.83754697476286,-0.255736565050944,0.798154258944941,-4.07145384188134,3.13159793899013,1
"virus_comp_36_cycle_2_2","fixed","cond",NA,"Dx.StatusCELIAC:onset_timeline_combinedt0-18",-28.1958114658461,395862.65280969,-7.12262479567659e-05,0.99994316967648,-775904.738142941,775848.346520009,1
"virus_comp_36_cycle_2_2","fixed","cond",NA,"Dx.StatusCELIAC:onset_timeline_combinedt0-24",-22.6273715671105,38699.2655860252,-0.000584697699671115,0.999533478759277,-75871.7941483269,75826.5394051927,1
"virus_comp_36_cycle_2_2","fixed","cond",NA,"Dx.StatusCELIAC:onset_timeline_combinedt0-30",-25.4709971659706,234447.964101573,-0.000108642432718824,0.999913315880456,-459535.036884989,459484.094890657,1
"virus_comp_36_cycle_2_2","fixed","cond",NA,"Dx.StatusCELIAC:onset_timeline_combinedt0-36",-2.21296435653709,1.80395113575949,-1.2267318735357,0.219923383765026,-5.74864361249581,1.32271489942164,1
"virus_comp_36_cycle_2_2","fixed","cond",NA,"Dx.StatusCELIAC:onset_timeline_combinedt0-over42",0.190332665630167,1.64760061913259,0.115521118054915,0.908032082743905,-3.03890520877561,3.41957054003594,1
"virus_comp_36_cycle_2_37","fixed","cond",NA,"(Intercept)",-7.23677839133512,2.4692422545657,-2.93076889396093,0.00338124223814952,-12.0764042793884,-2.39715250328186,0.0372460359220813
"virus_comp_36_cycle_2_37","fixed","cond",NA,"Dx.StatusCELIAC",-1.54990443098739,1.84543179271328,-0.839860046362703,0.400986861405389,-5.16688428063061,2.06707541865584,1
"virus_comp_36_cycle_2_37","fixed","cond",NA,"onset_timeline_combinedt0-6",-18.1598658056107,11895.7646738214,-0.00152658246893321,0.998781963890342,-23333.4301950594,23297.1104634482,1
"virus_comp_36_cycle_2_37","fixed","cond",NA,"onset_timeline_combinedt0-12",0.333077988160616,1.54249592517606,0.215934436340634,0.82903885394255,-2.69015847148425,3.35631444780548,1
"virus_comp_36_cycle_2_37","fixed","cond",NA,"onset_timeline_combinedt0-18",2.50237430296484,1.55942439739746,1.60467817942382,0.108564646426033,-0.554041352547248,5.55878995847694,1
"virus_comp_36_cycle_2_37","fixed","cond",NA,"onset_timeline_combinedt0-24",2.06748055312922,1.33137034607616,1.55289665210175,0.12044782675911,-0.541957375264683,4.67691848152313,1
"virus_comp_36_cycle_2_37","fixed","cond",NA,"onset_timeline_combinedt0-30",0.757676194653668,1.55821856739737,0.486245133068326,0.626793375143097,-2.29637607748677,3.8117284667941,1
"virus_comp_36_cycle_2_37","fixed","cond",NA,"onset_timeline_combinedt0-36",2.56024500546908,1.3200201833042,1.93954989313906,0.0524344154078504,-0.0269470126731224,5.14743702361128,0.415174525657103
"virus_comp_36_cycle_2_37","fixed","cond",NA,"onset_timeline_combinedt0-over42",1.14762958944563,1.43506168100484,0.799707500127835,0.423880286478144,-1.66503962091737,3.96029879980863,1
"virus_comp_36_cycle_2_37","fixed","cond",NA,"SexMale",-1.3728269138024,1.11670684511675,-1.22935300325742,0.218939482675851,-3.56153211152058,0.815878283915779,1
"virus_comp_36_cycle_2_37","fixed","cond",NA,"Age.at.Gluten.Introduction..months.",0.274555408756498,0.200811859185816,1.36722706452533,0.171554144634057,-0.11902860291623,0.668139420429227,0.534261881153218
"virus_comp_36_cycle_2_37","fixed","cond",NA,"HLA.CategoryHigh Risk",2.80291882145314,1.0373278662189,2.70205680646553,0.00689119875417763,0.76979356350432,4.83604407940197,0.196230173052655
"virus_comp_36_cycle_2_37","fixed","cond",NA,"HLA.CategoryLow/No Risk",-2.67359992604104,5.40212907916622,-0.494915964957595,0.620659440764704,-13.2615783610433,7.91437850896128,1
"virus_comp_36_cycle_2_37","fixed","cond",NA,"feeding_first_yearFormula",0.738124152476565,1.09426081764363,0.674541334730446,0.499967215857283,-1.40658763979831,2.88283594475144,1
"virus_comp_36_cycle_2_37","fixed","cond",NA,"feeding_first_yearBreastmilk_and_formula",1.73447972578897,1.0101580852815,1.71703790828505,0.0859722458585395,-0.245393740054706,3.71435319163265,0.822255833681735
"virus_comp_36_cycle_2_37","fixed","cond",NA,"Delivery.ModeC-Section",1.29739922708066,4.41775442635339,0.293678439738804,0.769003630789396,-7.3612403411144,9.95603879527571,1
"virus_comp_36_cycle_2_37","fixed","cond",NA,"Dx.StatusCELIAC:onset_timeline_combinedt0-6",-1.04290084541075,47126.2068305386,-2.21299551894962e-05,0.999982342850425,-92366.7110166864,92364.6252149956,1
"virus_comp_36_cycle_2_37","fixed","cond",NA,"Dx.StatusCELIAC:onset_timeline_combinedt0-12",-0.176145809268366,2.37645861933467,-0.0741211346308571,0.940913998512419,-4.8339191139141,4.48162749537737,1
"virus_comp_36_cycle_2_37","fixed","cond",NA,"Dx.StatusCELIAC:onset_timeline_combinedt0-18",-24.1197164886069,154989.190240578,-0.000155621927252912,0.999875831667424,-303797.350581049,303749.111148072,1
"virus_comp_36_cycle_2_37","fixed","cond",NA,"Dx.StatusCELIAC:onset_timeline_combinedt0-24",-25.8274833413029,113375.477283353,-0.000227804847751632,0.999818238030675,-222237.679688753,222186.02472207,1
"virus_comp_36_cycle_2_37","fixed","cond",NA,"Dx.StatusCELIAC:onset_timeline_combinedt0-30",-25.2284073587333,319058.227877173,-7.9071483367122e-05,0.999936910084287,-625367.864017791,625317.407203074,1
"virus_comp_36_cycle_2_37","fixed","cond",NA,"Dx.StatusCELIAC:onset_timeline_combinedt0-36",-26.2313011117625,108441.094274953,-0.00024189447079216,0.999806996138294,-212566.870524133,212514.40792191,1
"virus_comp_36_cycle_2_37","fixed","cond",NA,"Dx.StatusCELIAC:onset_timeline_combinedt0-over42",-2.86306901004597,2.3248035930021,-1.23153156622095,0.21812411806511,-7.41960032345939,1.69346230336746,1
"virus_comp_36_cycle_2_4","fixed","cond",NA,"(Intercept)",-5.04476695739725,1.4852761678837,-3.39651781027719,0.000682491157723862,-7.95585475354497,-2.13367916124953,0.0307491833575475
"virus_comp_36_cycle_2_4","fixed","cond",NA,"Dx.StatusCELIAC",0.87334424082639,1.12735959810895,0.774681159668438,0.438528086486713,-1.33623996909271,3.08292845074549,1
"virus_comp_36_cycle_2_4","fixed","cond",NA,"onset_timeline_combinedt0-6",-18.6206849754488,11860.3260653769,-0.00156999772795513,0.998747323566988,-23264.4326180158,23227.1912480649,1
"virus_comp_36_cycle_2_4","fixed","cond",NA,"onset_timeline_combinedt0-12",0.283310140315743,1.16093193575592,0.244036822133996,0.807202301923348,-1.99207464226823,2.55869492289971,1
"virus_comp_36_cycle_2_4","fixed","cond",NA,"onset_timeline_combinedt0-18",1.68655848940005,1.29486371122431,1.30249884584795,0.192745912250358,-0.851327749487465,4.22444472828757,1
"virus_comp_36_cycle_2_4","fixed","cond",NA,"onset_timeline_combinedt0-24",0.987933712762187,1.09545664938119,0.901846470437933,0.367138430187944,-1.15912186664986,3.13498929217424,1
"virus_comp_36_cycle_2_4","fixed","cond",NA,"onset_timeline_combinedt0-30",-0.100821033608964,1.3696053649222,-0.0736131999707019,0.9413181675802,-2.78519822188932,2.58355615467139,1
"virus_comp_36_cycle_2_4","fixed","cond",NA,"onset_timeline_combinedt0-36",1.90286898396351,1.05992224045465,1.79529111791001,0.0726073294475814,-0.174540433740607,3.98027840166763,0.415174525657103
"virus_comp_36_cycle_2_4","fixed","cond",NA,"onset_timeline_combinedt0-over42",0.394911845926549,1.07662839406263,0.366804227070735,0.713765054349303,-1.71524103116939,2.50506472302249,1
"virus_comp_36_cycle_2_4","fixed","cond",NA,"SexMale",-0.294409702761557,0.763240067798213,-0.385736696988232,0.699691681948564,-1.79033274720396,1.20151334168085,1
"virus_comp_36_cycle_2_4","fixed","cond",NA,"Age.at.Gluten.Introduction..months.",0.218678009806519,0.108152069830821,2.02194937321672,0.0431815823170002,0.00670384808464894,0.43065217152839,0.534261881153218
"virus_comp_36_cycle_2_4","fixed","cond",NA,"HLA.CategoryHigh Risk",1.4876358367133,0.722251506550903,2.05971994965781,0.0394253211170921,0.0720488960937402,2.90322277733287,0.301833929255221
"virus_comp_36_cycle_2_4","fixed","cond",NA,"HLA.CategoryLow/No Risk",-2.58333753648149,2.96661776727715,-0.870802287027546,0.38386211630796,-8.39780151624133,3.23112644327835,1
"virus_comp_36_cycle_2_4","fixed","cond",NA,"feeding_first_yearFormula",-0.357743112756569,0.973889529577663,-0.367334386387446,0.71336960755195,-2.26653151564944,1.55104529013631,1
"virus_comp_36_cycle_2_4","fixed","cond",NA,"feeding_first_yearBreastmilk_and_formula",0.738320546361366,0.714092316490324,1.03392870825179,0.301169492906764,-0.661274675596445,2.13791576831918,0.822255833681735
"virus_comp_36_cycle_2_4","fixed","cond",NA,"Delivery.ModeC-Section",2.7045524440918,2.65523075450356,1.01857529312832,0.308404638752161,-2.49960420537829,7.90870909356189,1
"virus_comp_36_cycle_2_4","fixed","cond",NA,"Dx.StatusCELIAC:onset_timeline_combinedt0-6",-2.025431753183,32792.1823998907,-6.17656894098561e-05,0.999950718110064,-64273.5219100072,64269.4710465008,1
"virus_comp_36_cycle_2_4","fixed","cond",NA,"Dx.StatusCELIAC:onset_timeline_combinedt0-12",-2.30820782757244,1.83897174964533,-1.25516220029895,0.209419884389076,-5.9125262254639,1.29611057031901,0.924226573885837
"virus_comp_36_cycle_2_4","fixed","cond",NA,"Dx.StatusCELIAC:onset_timeline_combinedt0-18",-28.995647429634,640672.535870922,-4.52581401670631e-05,0.999963889228722,-1255724.09183838,1255666.10054352,1
"virus_comp_36_cycle_2_4","fixed","cond",NA,"Dx.StatusCELIAC:onset_timeline_combinedt0-24",-29.7238042474874,510756.155550017,-5.81956848184802e-05,0.999953566561604,-1001093.39356442,1001033.94595592,1
"virus_comp_36_cycle_2_4","fixed","cond",NA,"Dx.StatusCELIAC:onset_timeline_combinedt0-30",-1.0219610086239,1.90060109034936,-0.53770410519761,0.590781344653425,-4.7470706946862,2.70314867743839,1
"virus_comp_36_cycle_2_4","fixed","cond",NA,"Dx.StatusCELIAC:onset_timeline_combinedt0-36",-29.5185428989811,291618.195736405,-0.000101223254689029,0.999919235528027,-571590.679422805,571531.642337007,1
"virus_comp_36_cycle_2_4","fixed","cond",NA,"Dx.StatusCELIAC:onset_timeline_combinedt0-over42",-3.07396843850855,1.80292543244631,-1.70498922650263,0.0881964337381305,-6.60763735291461,0.459700475897522,1
"virus_comp_36_cycle_2_40","fixed","cond",NA,"(Intercept)",-5.0307858317011,1.85298758460532,-2.7149592763044,0.00662839206940274,-8.66257476132738,-1.39899690207481,0.0476612953561816
"virus_comp_36_cycle_2_40","fixed","cond",NA,"Dx.StatusCELIAC",1.32945915422749,1.33308072288706,0.997283308806886,0.318627013176708,-1.28333105111578,3.94224935957075,1
"virus_comp_36_cycle_2_40","fixed","cond",NA,"onset_timeline_combinedt0-6",-18.441842037451,16397.8506730065,-0.00112464995597315,0.999102659352986,-32157.6385849961,32120.7549009212,1
"virus_comp_36_cycle_2_40","fixed","cond",NA,"onset_timeline_combinedt0-12",1.11503086363239,1.34278141416059,0.830388961206632,0.406318904782501,-1.51677234723213,3.74683407449691,1
"virus_comp_36_cycle_2_40","fixed","cond",NA,"onset_timeline_combinedt0-18",2.59934683149091,1.4882077037304,1.74662906593971,0.0807017019808329,-0.31748666933573,5.51618033231754,1
"virus_comp_36_cycle_2_40","fixed","cond",NA,"onset_timeline_combinedt0-24",1.1795259671857,1.34249922777017,0.878604577780532,0.379615712843235,-1.45172416851667,3.81077610288807,1
"virus_comp_36_cycle_2_40","fixed","cond",NA,"onset_timeline_combinedt0-30",1.44615156658698,1.35560505819093,1.06679416534258,0.286064793884494,-1.21078552472757,4.10308865790153,0.984595104532678
"virus_comp_36_cycle_2_40","fixed","cond",NA,"onset_timeline_combinedt0-36",2.21032032129623,1.2673085489779,1.74410590308011,0.0811406249192334,-0.273558792000159,4.69419943459262,0.415174525657103
"virus_comp_36_cycle_2_40","fixed","cond",NA,"onset_timeline_combinedt0-over42",0.852802774704323,1.29225719080198,0.659932698207755,0.509297019719994,-1.67997477803046,3.3855803274391,1
"virus_comp_36_cycle_2_40","fixed","cond",NA,"SexMale",-0.368164467558813,0.875131184873202,-0.420696318360723,0.673976849901894,-2.08339007165815,1.34706113654053,1
"virus_comp_36_cycle_2_40","fixed","cond",NA,"Age.at.Gluten.Introduction..months.",0.192356805910911,0.142839107392332,1.3466676558162,0.178087293717739,-0.087602700161909,0.472316311983731,0.534261881153218
"virus_comp_36_cycle_2_40","fixed","cond",NA,"HLA.CategoryHigh Risk",0.881550912327876,0.744951659953367,1.18336659909324,0.236663888735788,-0.578527511404052,2.3416293360598,0.797394288929894
"virus_comp_36_cycle_2_40","fixed","cond",NA,"HLA.CategoryLow/No Risk",-4.05113660125975,4.12673477435244,-0.981680874292545,0.326257090588749,-12.1393881327396,4.03711493022005,1
"virus_comp_36_cycle_2_40","fixed","cond",NA,"feeding_first_yearFormula",-1.31008911392177,1.26600995163672,-1.03481739004348,0.300754199996519,-3.79142302319903,1.17124479535549,1
"virus_comp_36_cycle_2_40","fixed","cond",NA,"feeding_first_yearBreastmilk_and_formula",0.689954168924215,0.733638859943118,0.940454774952502,0.346984337097554,-0.747951574223321,2.12785991207175,0.822255833681735
"virus_comp_36_cycle_2_40","fixed","cond",NA,"Delivery.ModeC-Section",3.60259601726614,3.50298606999341,1.02843572463105,0.303744911078553,-3.26313051826644,10.4683225527987,1
"virus_comp_36_cycle_2_40","fixed","cond",NA,"Dx.StatusCELIAC:onset_timeline_combinedt0-6",-2.88924662944657,49051.6567244997,-5.89021211999857e-05,0.999953002906923,-96142.3698086708,96136.5913154119,1
"virus_comp_36_cycle_2_40","fixed","cond",NA,"Dx.StatusCELIAC:onset_timeline_combinedt0-12",-25.9026727303542,119913.488430645,-0.000216011335082921,0.999827647892119,-235052.021257356,235000.215911895,1
"virus_comp_36_cycle_2_40","fixed","cond",NA,"Dx.StatusCELIAC:onset_timeline_combinedt0-18",-26.0463099625503,107016.63471398,-0.000243385619741861,0.999805806373604,-209774.796096041,209722.703476116,1
"virus_comp_36_cycle_2_40","fixed","cond",NA,"Dx.StatusCELIAC:onset_timeline_combinedt0-24",-26.366538012265,150799.619396669,-0.000174844857816978,0.999860493988123,-295588.189437831,295535.456361807,1
"virus_comp_36_cycle_2_40","fixed","cond",NA,"Dx.StatusCELIAC:onset_timeline_combinedt0-30",-27.8582721398638,333302.242382639,-8.35826124082353e-05,0.999933310724086,-653288.249308551,653232.532764271,1
"virus_comp_36_cycle_2_40","fixed","cond",NA,"Dx.StatusCELIAC:onset_timeline_combinedt0-36",-24.4165619935742,33963.7030172724,-0.000718901645711512,0.999426399525559,-66592.0512574618,66543.2181334747,1
"virus_comp_36_cycle_2_40","fixed","cond",NA,"Dx.StatusCELIAC:onset_timeline_combinedt0-over42",-2.964325053265,1.91588259747549,-1.54723731880598,0.121806030139516,-6.719385942924,0.790735836393997,1
"virus_comp_36_cycle_2_48","fixed","cond",NA,"(Intercept)",-5.64851586532661,2.06641135783149,-2.73349052400399,0.0062666926538361,-9.69860770392085,-1.59842402673237,0.0473135295364625
"virus_comp_36_cycle_2_48","fixed","cond",NA,"Dx.StatusCELIAC",-2.49710626858699,1.644881741011,-1.5181068683103,0.128987459993235,-5.72101523979608,0.726802702622102,1
"virus_comp_36_cycle_2_48","fixed","cond",NA,"onset_timeline_combinedt0-6",-20.926763849566,24033.6900250133,-0.00087072621090587,0.99930526108742,-47126.0936284751,47084.240100776,1
"virus_comp_36_cycle_2_48","fixed","cond",NA,"onset_timeline_combinedt0-12",-1.08553825977837,1.31643147556848,-0.82460673413297,0.409594896964604,-3.66569654000751,1.49462002045077,1
"virus_comp_36_cycle_2_48","fixed","cond",NA,"onset_timeline_combinedt0-18",1.93680425535089,1.30537060517997,1.48371983225704,0.13788326266269,-0.6216751172791,4.49528362798088,1
"virus_comp_36_cycle_2_48","fixed","cond",NA,"onset_timeline_combinedt0-24",0.527702964066626,1.04258376871774,0.506149222633346,0.612751898020638,-1.51572367348617,2.57112960161943,1
"virus_comp_36_cycle_2_48","fixed","cond",NA,"onset_timeline_combinedt0-30",0.131509269581174,1.13914392758261,0.115445701282235,0.908091856705289,-2.10117180168825,2.3641903408506,1
"virus_comp_36_cycle_2_48","fixed","cond",NA,"onset_timeline_combinedt0-36",1.48790542756472,1.00631659010537,1.47856593262457,0.139256363391097,-0.484438846086955,3.4602497012164,0.415174525657103
"virus_comp_36_cycle_2_48","fixed","cond",NA,"onset_timeline_combinedt0-over42",-0.00255382540935748,1.06920963886052,-0.00238851700970369,0.998094240966806,-2.09816620949904,2.09305855868033,1
"virus_comp_36_cycle_2_48","fixed","cond",NA,"SexMale",-1.17166244319585,1.09763389321304,-1.06744375373296,0.285771499705374,-3.32298534210389,0.979660455712187,1
"virus_comp_36_cycle_2_48","fixed","cond",NA,"Age.at.Gluten.Introduction..months.",0.314169248951312,0.188911159375286,1.66305288681856,0.096301849473218,-0.0560898197019556,0.68442831760458,0.534261881153218
"virus_comp_36_cycle_2_48","fixed","cond",NA,"HLA.CategoryHigh Risk",2.3507767723419,0.890507137574519,2.63981800162178,0.00829505602773272,0.605414854719983,4.09613868996381,0.196230173052655
"virus_comp_36_cycle_2_48","fixed","cond",NA,"HLA.CategoryLow/No Risk",-3.82459280801415,5.18427775004002,-0.737729148092929,0.460679055795927,-13.9855904839449,6.33640486791663,1
"virus_comp_36_cycle_2_48","fixed","cond",NA,"feeding_first_yearFormula",0.42630801786191,1.12794899003261,0.377949731440946,0.705467937367123,-1.78443137900033,2.63704741472415,1
"virus_comp_36_cycle_2_48","fixed","cond",NA,"feeding_first_yearBreastmilk_and_formula",0.812189233594269,0.921524680504276,0.8813537507751,0.378126381809161,-0.993965951058891,2.61834441824743,0.839974412723467
"virus_comp_36_cycle_2_48","fixed","cond",NA,"Delivery.ModeC-Section",2.64766658296974,4.37071531850076,0.605774201710748,0.544664703098843,-5.91877802796927,11.2141111939087,1
"virus_comp_36_cycle_2_48","fixed","cond",NA,"Dx.StatusCELIAC:onset_timeline_combinedt0-6",-0.22331840830171,138593.987795822,-1.61131382286731e-06,0.999998714357578,-271639.447872003,271639.001235186,1
"virus_comp_36_cycle_2_48","fixed","cond",NA,"Dx.StatusCELIAC:onset_timeline_combinedt0-12",1.19721095550394,2.21992247661812,0.539303046891888,0.589677766805794,-3.15375714713853,5.54817905814641,1
"virus_comp_36_cycle_2_48","fixed","cond",NA,"Dx.StatusCELIAC:onset_timeline_combinedt0-18",-19.8091260478615,18219.5174235953,-0.00108724757013639,0.99913250212093,-35729.4070919946,35689.7888398988,1
"virus_comp_36_cycle_2_48","fixed","cond",NA,"Dx.StatusCELIAC:onset_timeline_combinedt0-24",-21.6465334136426,29090.4258559626,-0.00074411194668729,0.99940628462102,-57037.8335060332,56994.5404392059,1
"virus_comp_36_cycle_2_48","fixed","cond",NA,"Dx.StatusCELIAC:onset_timeline_combinedt0-30",-21.0254954773515,53703.6271284767,-0.000391509784377349,0.999687620395622,-105278.20050646,105236.149515505,1
"virus_comp_36_cycle_2_48","fixed","cond",NA,"Dx.StatusCELIAC:onset_timeline_combinedt0-36",-22.9020525913439,33718.8693478061,-0.000679205828496558,0.999458072197502,-66110.6715737029,66064.8674685202,1
"virus_comp_36_cycle_2_48","fixed","cond",NA,"Dx.StatusCELIAC:onset_timeline_combinedt0-over42",-1.75486640708155,2.15358604253135,-0.814857810379779,0.415153705226131,-5.97581748805113,2.46608467388804,1
"virus_comp_36_cycle_2_5","fixed","cond",NA,"(Intercept)",-6.84313749497745,2.73454958523006,-2.50247336231854,0.0123328905863399,-12.2027561959673,-1.48351879398758,0.0573742012751373
"virus_comp_36_cycle_2_5","fixed","cond",NA,"Dx.StatusCELIAC",1.00082921187149,1.40343969159911,0.713125913327364,0.475767845676672,-1.74986203813677,3.75152046187975,1
"virus_comp_36_cycle_2_5","fixed","cond",NA,"onset_timeline_combinedt0-6",-18.6707889644027,13071.5350359287,-0.00142835473516184,0.998860338196987,-25638.4086820382,25601.0671041094,1
"virus_comp_36_cycle_2_5","fixed","cond",NA,"onset_timeline_combinedt0-12",-0.682116442321491,1.4242177978899,-0.478941102499986,0.631980529285305,-3.47353203232664,2.10929914768366,1
"virus_comp_36_cycle_2_5","fixed","cond",NA,"onset_timeline_combinedt0-18",3.32544582565846,1.6336331044042,2.03561363729298,0.0417891673118973,0.123583777073866,6.52730787424306,1
"virus_comp_36_cycle_2_5","fixed","cond",NA,"onset_timeline_combinedt0-24",1.07786767643218,1.1984806872333,0.899361740171589,0.368460011297993,-1.2711113067119,3.42684665957627,1
"virus_comp_36_cycle_2_5","fixed","cond",NA,"onset_timeline_combinedt0-30",0.786196279651383,1.28606190579878,0.611320711784143,0.540987281879076,-1.73443873760317,3.30683129690594,1
"virus_comp_36_cycle_2_5","fixed","cond",NA,"onset_timeline_combinedt0-36",2.22312490304648,1.18955620621284,1.86886915593857,0.061641020479404,-0.108362418716793,4.55461222480976,0.415174525657103
"virus_comp_36_cycle_2_5","fixed","cond",NA,"onset_timeline_combinedt0-over42",-0.00551418692438732,1.20631909633911,-0.00457108483246394,0.996352814687273,-2.36985616961195,2.35882779576318,1
"virus_comp_36_cycle_2_5","fixed","cond",NA,"SexMale",-0.950783503954148,1.24736591554023,-0.762233032111007,0.445920934617603,-3.39557577395582,1.49400876604752,1
"virus_comp_36_cycle_2_5","fixed","cond",NA,"Age.at.Gluten.Introduction..months.",0.333143289644049,0.235224768630387,1.41627640483525,0.156694593321049,-0.127888785143276,0.794175364431374,0.534261881153218
"virus_comp_36_cycle_2_5","fixed","cond",NA,"HLA.CategoryHigh Risk",2.07961906077006,1.10676188960691,1.87901217081903,0.0602428313945524,-0.0895943823209877,4.2488325038611,0.398126537911825
"virus_comp_36_cycle_2_5","fixed","cond",NA,"HLA.CategoryLow/No Risk",-5.65571010824621,6.70430019539916,-0.84359440111698,0.398896094026552,-18.7958970327734,7.48447681628098,1
"virus_comp_36_cycle_2_5","fixed","cond",NA,"feeding_first_yearFormula",-0.246677807847024,1.51183503644571,-0.163164500028361,0.870388916462293,-3.20982002984642,2.71646441415237,1
"virus_comp_36_cycle_2_5","fixed","cond",NA,"feeding_first_yearBreastmilk_and_formula",1.02536799325262,1.08885217479542,0.941696234794469,0.346348183305752,-1.10874305383452,3.15947904033976,0.822255833681735
"virus_comp_36_cycle_2_5","fixed","cond",NA,"Delivery.ModeC-Section",5.19774768259988,5.79393971517128,0.89710075322146,0.369665156840111,-6.15816548773207,16.5536608529318,1
"virus_comp_36_cycle_2_5","fixed","cond",NA,"Dx.StatusCELIAC:onset_timeline_combinedt0-6",-1.58704459027902,30654.1918730484,-5.17725144036295e-05,0.999958691510102,-60082.6990909456,60079.5250017651,1
"virus_comp_36_cycle_2_5","fixed","cond",NA,"Dx.StatusCELIAC:onset_timeline_combinedt0-12",-1.79059209496665,2.14871365406715,-0.833332115508904,0.404657448565972,-6.00199347002772,2.42080928009443,1
"virus_comp_36_cycle_2_5","fixed","cond",NA,"Dx.StatusCELIAC:onset_timeline_combinedt0-18",-31.1760114808586,317072.366984552,-9.83245931436768e-05,0.99992154832531,-621481.595794069,621419.243771108,1
"virus_comp_36_cycle_2_5","fixed","cond",NA,"Dx.StatusCELIAC:onset_timeline_combinedt0-24",-24.8227228022898,31937.7377641285,-0.000777222325063046,0.999379866368955,-62621.6384881789,62571.9930425743,1
"virus_comp_36_cycle_2_5","fixed","cond",NA,"Dx.StatusCELIAC:onset_timeline_combinedt0-30",-30.6298832464224,803577.055021436,-3.8116921152764e-05,0.999969587097114,-1575012.71652802,1574951.45676153,1
"virus_comp_36_cycle_2_5","fixed","cond",NA,"Dx.StatusCELIAC:onset_timeline_combinedt0-36",-4.66509556155678,2.10186414697081,-2.21950384770589,0.0264524657432952,-8.78467359001558,-0.54551753309799,0.69116243082395
"virus_comp_36_cycle_2_5","fixed","cond",NA,"Dx.StatusCELIAC:onset_timeline_combinedt0-over42",-2.37570210830703,1.88059433806287,-1.26327196685818,0.206491457140217,-6.06159928044018,1.31019506382613,1
"virus_comp_36_cycle_2_51","fixed","cond",NA,"(Intercept)",-5.36297942271921,2.40916832810591,-2.22607086443627,0.0260094351410511,-10.0848625785014,-0.641096266937053,0.0654570784383118
"virus_comp_36_cycle_2_51","fixed","cond",NA,"Dx.StatusCELIAC",-1.33048418831421,1.60029528852825,-0.831399178546494,0.405748162975119,-4.4670053184587,1.80603694183029,1
"virus_comp_36_cycle_2_51","fixed","cond",NA,"onset_timeline_combinedt0-6",-20.9476083575775,31745.2390949663,-0.000659866139137037,0.999473503033594,-62240.4729151044,62198.5776983892,1
"virus_comp_36_cycle_2_51","fixed","cond",NA,"onset_timeline_combinedt0-12",-20.325850945379,18733.1656719962,-0.00108501954775128,0.999134279824544,-36736.6558844799,36696.0041825892,1
"virus_comp_36_cycle_2_51","fixed","cond",NA,"onset_timeline_combinedt0-18",1.77247433069546,1.41929836287997,1.24883842400751,0.211724177023713,-1.00929934386593,4.55424800525686,1
"virus_comp_36_cycle_2_51","fixed","cond",NA,"onset_timeline_combinedt0-24",0.437651674928506,1.20435441824951,0.363391098414881,0.716312750396953,-1.92283960946223,2.79814295931924,1
"virus_comp_36_cycle_2_51","fixed","cond",NA,"onset_timeline_combinedt0-30",-0.262179715602705,1.41338883865207,-0.185497230792301,0.852839052084462,-3.03237093551166,2.50801150430625,1
"virus_comp_36_cycle_2_51","fixed","cond",NA,"onset_timeline_combinedt0-36",1.57207808244897,1.12341023815994,1.39938023444036,0.161698990848418,-0.629765524208087,3.77392168910602,0.423251523659749
"virus_comp_36_cycle_2_51","fixed","cond",NA,"onset_timeline_combinedt0-over42",-0.214689858433881,1.24754833034102,-0.172089411858853,0.863367236697142,-2.65983965487537,2.2304599380076,1
"virus_comp_36_cycle_2_51","fixed","cond",NA,"SexMale",-1.2074005739871,1.32781060960174,-0.90931685984136,0.363182893543446,-3.80986154709669,1.39506039912249,1
"virus_comp_36_cycle_2_51","fixed","cond",NA,"Age.at.Gluten.Introduction..months.",0.30570008236198,0.221530441405398,1.37994616190266,0.167603222011524,-0.128491604271861,0.739891768995821,0.534261881153218
"virus_comp_36_cycle_2_51","fixed","cond",NA,"HLA.CategoryHigh Risk",1.70475554096099,0.999008734350849,1.70644708333679,0.0879248706940748,-0.25326559860762,3.66277668052959,0.458607783267611
"virus_comp_36_cycle_2_51","fixed","cond",NA,"HLA.CategoryLow/No Risk",-4.72006245713345,6.03699488370334,-0.781856295733345,0.434299032092921,-16.5523550040446,7.11223008977766,1
"virus_comp_36_cycle_2_51","fixed","cond",NA,"feeding_first_yearFormula",-1.55986611647511,1.50972894070427,-1.03320938906255,0.301505919963067,-4.5188804666733,1.39914823372307,1
"virus_comp_36_cycle_2_51","fixed","cond",NA,"feeding_first_yearBreastmilk_and_formula",-0.135974394175459,1.0322556256999,-0.13172550557258,0.895201410775092,-2.15915824338612,1.8872094550352,1
"virus_comp_36_cycle_2_51","fixed","cond",NA,"Delivery.ModeC-Section",4.04043965517544,5.11388176378548,0.790092505420883,0.429473746436266,-5.98258442304027,14.0634637333911,1
"virus_comp_36_cycle_2_51","fixed","cond",NA,"Dx.StatusCELIAC:onset_timeline_combinedt0-6",-0.970546286646833,183904.453713874,-5.2774485176789e-06,0.999995789205307,-360447.076421993,360445.13532942,1
"virus_comp_36_cycle_2_51","fixed","cond",NA,"Dx.StatusCELIAC:onset_timeline_combinedt0-12",20.4150870816613,18733.1657451612,0.00108978308094746,0.999130479077199,-36695.9150898538,36736.7452640171,1
"virus_comp_36_cycle_2_51","fixed","cond",NA,"Dx.StatusCELIAC:onset_timeline_combinedt0-18",-23.560544032287,83918.3139801994,-0.000280755688655115,0.999775989373607,-164500.433588547,164453.312500483,1
"virus_comp_36_cycle_2_51","fixed","cond",NA,"Dx.StatusCELIAC:onset_timeline_combinedt0-24",-23.0447443267052,70282.2758429789,-0.000327888419239447,0.99973838289731,-137773.774148075,137727.684659421,1
"virus_comp_36_cycle_2_51","fixed","cond",NA,"Dx.StatusCELIAC:onset_timeline_combinedt0-30",-25.5553143957464,526326.998804123,-4.85540632606937e-05,0.999961259462575,-1031607.51706153,1031556.40643274,1
"virus_comp_36_cycle_2_51","fixed","cond",NA,"Dx.StatusCELIAC:onset_timeline_combinedt0-36",-1.43097346884856,2.01135215860071,-0.71144849634093,0.476806355850222,-5.37315125993284,2.51120432223572,1
"virus_comp_36_cycle_2_51","fixed","cond",NA,"Dx.StatusCELIAC:onset_timeline_combinedt0-over42",-1.011739182823,2.14083289385119,-0.472591385216883,0.636504729791533,-5.20769455168999,3.18421618604399,1
"virus_comp_36_cycle_2_53","fixed","cond",NA,"(Intercept)",-4.54529395101782,1.60281912973443,-2.83581214292776,0.00457093236206238,-7.68676171902914,-1.4038261830065,0.0383450437039677
"virus_comp_36_cycle_2_53","fixed","cond",NA,"Dx.StatusCELIAC",-1.05934661284518,1.25317221480456,-0.845332030450734,0.397925482258685,-3.51551902028841,1.39682579459805,1
"virus_comp_36_cycle_2_53","fixed","cond",NA,"onset_timeline_combinedt0-6",-20.0093526814264,16922.296792035,-0.00118242534848133,0.999056561289986,-33187.1016007677,33147.0828954049,1
"virus_comp_36_cycle_2_53","fixed","cond",NA,"onset_timeline_combinedt0-12",-0.288153709347309,1.10502383532368,-0.260766962789453,0.794272223051718,-2.45396062864004,1.87765320994542,1
"virus_comp_36_cycle_2_53","fixed","cond",NA,"onset_timeline_combinedt0-18",-0.03402560686189,1.44456915898535,-0.0235541556804309,0.981208240461786,-2.86532913165049,2.79727791792671,1
"virus_comp_36_cycle_2_53","fixed","cond",NA,"onset_timeline_combinedt0-24",0.478073489877238,1.04336828906912,0.458202050882503,0.646807286588103,-1.56689077930941,2.52303775906389,1
"virus_comp_36_cycle_2_53","fixed","cond",NA,"onset_timeline_combinedt0-30",-0.743618557229928,1.33751300646259,-0.555971084869392,0.578230621768739,-3.36509587875049,1.87785876429063,1
"virus_comp_36_cycle_2_53","fixed","cond",NA,"onset_timeline_combinedt0-36",1.44734521367348,1.00371258819572,1.44199169233817,0.149304717264948,-0.519895310019626,3.41458573736658,0.415174525657103
"virus_comp_36_cycle_2_53","fixed","cond",NA,"onset_timeline_combinedt0-over42",-0.321103694987422,1.08057324471279,-0.297160508608345,0.766343970315468,-2.43898833728207,1.79678094730723,1
"virus_comp_36_cycle_2_53","fixed","cond",NA,"SexMale",-0.922684126122767,0.895061772797531,-1.03086083459793,0.302606085265819,-2.6769729647445,0.831604712498966,1
"virus_comp_36_cycle_2_53","fixed","cond",NA,"Age.at.Gluten.Introduction..months.",0.191999716337635,0.134353146506178,1.42906750850681,0.152984831098912,-0.071327612024108,0.455327044699378,0.534261881153218
"virus_comp_36_cycle_2_53","fixed","cond",NA,"HLA.CategoryHigh Risk",2.43273773655593,0.874382173953611,2.78223619948249,0.00539857339897352,0.718980166883021,4.14649530622885,0.196230173052655
"virus_comp_36_cycle_2_53","fixed","cond",NA,"HLA.CategoryLow/No Risk",-2.28228545596174,3.77287804193662,-0.604918958575784,0.54523284555132,-9.67699053621951,5.11241962429603,1
"virus_comp_36_cycle_2_53","fixed","cond",NA,"feeding_first_yearFormula",-0.68125343397413,1.03410676084428,-0.658784430940118,0.510034206371989,-2.7080654413983,1.34555857345004,1
"virus_comp_36_cycle_2_53","fixed","cond",NA,"feeding_first_yearBreastmilk_and_formula",0.620554412844827,0.789965168375958,0.785546550261941,0.432133188573687,-0.92774886621317,2.16885769190282,0.845535811280711
"virus_comp_36_cycle_2_53","fixed","cond",NA,"Delivery.ModeC-Section",2.59247937853184,3.30151894509939,0.785238377135466,0.432313818387399,-3.87837884813963,9.06333760520331,1
"virus_comp_36_cycle_2_53","fixed","cond",NA,"Dx.StatusCELIAC:onset_timeline_combinedt0-6",-2.46808879779183,123705.657683174,-1.9951300886439e-05,0.999984081165056,-242461.10183166,242456.165654064,1
"virus_comp_36_cycle_2_53","fixed","cond",NA,"Dx.StatusCELIAC:onset_timeline_combinedt0-12",-0.481139774915364,1.80320454862616,-0.266824845402002,0.789604023696302,-4.01535574698145,3.05307619715072,1
"virus_comp_36_cycle_2_53","fixed","cond",NA,"Dx.StatusCELIAC:onset_timeline_combinedt0-18",0.725347874972599,2.10691524934177,0.344270076928442,0.730643185573372,-3.4041301322155,4.8548258821607,1
"virus_comp_36_cycle_2_53","fixed","cond",NA,"Dx.StatusCELIAC:onset_timeline_combinedt0-24",-22.5217793816013,37012.5303420627,-0.000608490669874751,0.999514494719075,-72565.7482265205,72520.7046677573,1
"virus_comp_36_cycle_2_53","fixed","cond",NA,"Dx.StatusCELIAC:onset_timeline_combinedt0-30",0.553985741902838,1.98749715874982,0.278735362948296,0.780447921891813,-3.34143710862249,4.44940859242817,1
"virus_comp_36_cycle_2_53","fixed","cond",NA,"Dx.StatusCELIAC:onset_timeline_combinedt0-36",-2.1753489506943,1.75722981963345,-1.23794220106512,0.215737492990362,-5.61945610973566,1.26875820834707,1
"virus_comp_36_cycle_2_53","fixed","cond",NA,"Dx.StatusCELIAC:onset_timeline_combinedt0-over42",-22.7117788878511,38219.1599194394,-0.000594251127856403,0.99952585622775,-74930.8887403657,74885.46518259,1
"virus_comp_36_cycle_2_56","fixed","cond",NA,"(Intercept)",-4.78844126417466,2.61096183690352,-1.8339759687386,0.0666575614479414,-9.9058324295141,0.328949901164791,0.137880709296427
"virus_comp_36_cycle_2_56","fixed","cond",NA,"Dx.StatusCELIAC",-0.447507796831176,1.62385070114727,-0.275584323432571,0.782867351660131,-3.63019668734994,2.73518109368758,1
"virus_comp_36_cycle_2_56","fixed","cond",NA,"onset_timeline_combinedt0-6",-527.416124953277,3.87824264154479e+114,-1.3599358619377e-112,1,-7.60121590073527e+114,7.60121590073527e+114,1
"virus_comp_36_cycle_2_56","fixed","cond",NA,"onset_timeline_combinedt0-18",1.66236801093737,1.7091732719412,0.972615262728349,0.330744554110837,-1.68755004540588,5.01228606728061,1
"virus_comp_36_cycle_2_56","fixed","cond",NA,"onset_timeline_combinedt0-24",0.720159893677727,1.58928874364759,0.453133451398443,0.650452649019546,-2.39478880490646,3.83510859226191,1
"virus_comp_36_cycle_2_56","fixed","cond",NA,"onset_timeline_combinedt0-36",1.57501907420181,1.43453994697329,1.09792625679397,0.272236691511439,-1.23662755624984,4.38666570465345,0.597295427644501
"virus_comp_36_cycle_2_56","fixed","cond",NA,"onset_timeline_combinedt0-over42",1.13433015879214,1.46379690256537,0.774923185589599,0.438385050782961,-1.73465905091726,4.00331936850155,1
"virus_comp_36_cycle_2_56","fixed","cond",NA,"SexMale",0.66060641101698,0.965591559665147,0.684146836625279,0.49388244887354,-1.23191826970257,2.55313109173653,1
"virus_comp_36_cycle_2_56","fixed","cond",NA,"Age.at.Gluten.Introduction..months.",0.00039319309381562,0.221582421220187,0.00177447782929,0.998584172279542,-0.433900372104935,0.434686758292566,0.99999417197145
"virus_comp_36_cycle_2_56","fixed","cond",NA,"HLA.CategoryHigh Risk",2.29438858257845,1.11556736826994,2.05670105440307,0.0397149906914765,0.107916718441232,4.48086044671567,0.301833929255221
"virus_comp_36_cycle_2_56","fixed","cond",NA,"HLA.CategoryLow/No Risk",-305.172544836679,109637835.863368,-2.78346012974014e-06,0.999997779120137,-214886514.80766,214885904.462571,1
"virus_comp_36_cycle_2_56","fixed","cond",NA,"feeding_first_yearFormula",-0.321187597246436,1.35256732696604,-0.237465145610825,0.812295955726665,-2.97217084476549,2.32979565027262,1
"virus_comp_36_cycle_2_56","fixed","cond",NA,"feeding_first_yearBreastmilk_and_formula",1.39527907346662,1.07478281841653,1.2981962956221,0.194219890740172,-0.711256541832235,3.50181468876548,0.822255833681735
"virus_comp_36_cycle_2_56","fixed","cond",NA,"Delivery.ModeC-Section",305.348218732274,109637835.863353,2.78506244060532e-06,0.999997777841678,-214885904.286866,214886514.983304,1
"virus_comp_36_cycle_2_56","fixed","cond",NA,"Dx.StatusCELIAC:onset_timeline_combinedt0-6",-58.2332832745317,2.79840728429288e+127,-2.08094381405409e-126,1,-5.48477749128859e+127,5.48477749128859e+127,1
"virus_comp_36_cycle_2_56","fixed","cond",NA,"Dx.StatusCELIAC:onset_timeline_combinedt0-18",-558.626566860547,1.81264424306881e+121,-3.08183235070325e-119,1,-3.55271743319873e+121,3.55271743319873e+121,1
"virus_comp_36_cycle_2_56","fixed","cond",NA,"Dx.StatusCELIAC:onset_timeline_combinedt0-24",-596.630166542402,2.65112876644325e+129,-2.25047600137069e-127,1,-5.19611690060687e+129,5.19611690060687e+129,1
"virus_comp_36_cycle_2_56","fixed","cond",NA,"Dx.StatusCELIAC:onset_timeline_combinedt0-36",-515.829820829467,4.92298338635927e+111,-1.04779923137409e-109,1,-9.6488701337532e+111,9.6488701337532e+111,1
"virus_comp_36_cycle_2_56","fixed","cond",NA,"Dx.StatusCELIAC:onset_timeline_combinedt0-over42",-545.007484964077,1.00199630893352e+118,-5.43921649316409e-116,1,-1.96387667815178e+118,1.96387667815178e+118,1
"virus_comp_36_cycle_2_6","fixed","cond",NA,"(Intercept)",-5.79982275452876,2.29168794421026,-2.53080824951821,0.0113800042117552,-10.2914485889855,-1.30819692007201,0.0573742012751373
"virus_comp_36_cycle_2_6","fixed","cond",NA,"Dx.StatusCELIAC",0.722274424537241,1.21888281285421,0.59257085006057,0.553468392147884,-1.66669199003189,3.11124083910637,1
"virus_comp_36_cycle_2_6","fixed","cond",NA,"onset_timeline_combinedt0-6",-19.1534859180077,13811.7319102779,-0.00138675482860732,0.998893530087275,-27089.6505941853,27051.3436223493,1
"virus_comp_36_cycle_2_6","fixed","cond",NA,"onset_timeline_combinedt0-12",-1.30814464466218,1.36366017019872,-0.959289325339431,0.337413011455995,-3.98086946540343,1.36458017607907,1
"virus_comp_36_cycle_2_6","fixed","cond",NA,"onset_timeline_combinedt0-18",2.56164862896661,1.41213853583334,1.81402076635132,0.0696745287241295,-0.206092042447849,5.32938930038108,1
"virus_comp_36_cycle_2_6","fixed","cond",NA,"onset_timeline_combinedt0-24",0.337755173804646,1.09290092573187,0.309044640600396,0.75728756948149,-1.80429127930031,2.4798016269096,1
"virus_comp_36_cycle_2_6","fixed","cond",NA,"onset_timeline_combinedt0-30",0.799640830381489,1.11570681775867,0.716712327695442,0.473551617722446,-1.38710434973129,2.98638601049427,1
"virus_comp_36_cycle_2_6","fixed","cond",NA,"onset_timeline_combinedt0-36",1.93608110748093,1.07795482673615,1.79606886992012,0.0724835646335734,-0.176671529883035,4.0488337448449,0.415174525657103
"virus_comp_36_cycle_2_6","fixed","cond",NA,"onset_timeline_combinedt0-over42",-0.49463149108666,1.06865181452247,-0.462855613367099,0.643467865096793,-2.58915055956407,1.59988757739075,1
"virus_comp_36_cycle_2_6","fixed","cond",NA,"SexMale",-0.648997198486194,1.06220962003162,-0.610987874942119,0.541207607437898,-2.73088979778014,1.43289540080775,1
"virus_comp_36_cycle_2_6","fixed","cond",NA,"Age.at.Gluten.Introduction..months.",0.382105729589142,0.207037092776763,1.84559068360347,0.0649516602629109,-0.0236795157171913,0.787890974895476,0.534261881153218
"virus_comp_36_cycle_2_6","fixed","cond",NA,"HLA.CategoryHigh Risk",0.872398564507158,0.853898783298305,1.02166507503078,0.30693944633703,-0.801212297200092,2.54600942621441,0.897818889762746
"virus_comp_36_cycle_2_6","fixed","cond",NA,"HLA.CategoryLow/No Risk",-7.39355158419499,5.98481241922019,-1.23538568401085,0.216686998206274,-19.1235683800946,4.33646521170461,1
"virus_comp_36_cycle_2_6","fixed","cond",NA,"feeding_first_yearFormula",-0.381612728572196,1.30191926127748,-0.293115510248881,0.769433861724624,-2.93332759145506,2.17010213431067,1
"virus_comp_36_cycle_2_6","fixed","cond",NA,"feeding_first_yearBreastmilk_and_formula",0.438071664545577,0.869962080746241,0.503552596418692,0.614575811051838,-1.26702268163258,2.14316601072373,1
"virus_comp_36_cycle_2_6","fixed","cond",NA,"Delivery.ModeC-Section",6.63805653905028,5.17549457161447,1.28259366273078,0.199634471566582,-3.50572642349663,16.7818395015972,1
"virus_comp_36_cycle_2_6","fixed","cond",NA,"Dx.StatusCELIAC:onset_timeline_combinedt0-6",19.8587063348249,13811.7320125448,0.00143781433905522,0.99885279053284,-27050.6386023719,27090.3560150415,1
"virus_comp_36_cycle_2_6","fixed","cond",NA,"Dx.StatusCELIAC:onset_timeline_combinedt0-12",-0.871378478587525,1.94608080655348,-0.447760686839485,0.65432591858412,-4.685626770437,2.94286981326195,1
"virus_comp_36_cycle_2_6","fixed","cond",NA,"Dx.StatusCELIAC:onset_timeline_combinedt0-18",-2.27932856600824,1.92516421266684,-1.18396578900186,0.236426605523911,-6.05258108716066,1.49392395514418,1
"virus_comp_36_cycle_2_6","fixed","cond",NA,"Dx.StatusCELIAC:onset_timeline_combinedt0-24",-24.1148537857623,42086.4960440191,-0.000572983166869965,0.99954282560257,-82512.1313355507,82463.9016279792,1
"virus_comp_36_cycle_2_6","fixed","cond",NA,"Dx.StatusCELIAC:onset_timeline_combinedt0-30",-25.2497398421325,90715.3044798466,-0.000278340462912099,0.999777916444863,-177823.979366926,177773.479887242,1
"virus_comp_36_cycle_2_6","fixed","cond",NA,"Dx.StatusCELIAC:onset_timeline_combinedt0-36",-3.98997753412001,1.81894010535451,-2.19357279680321,0.0282661358555153,-7.55503463065034,-0.424920437589679,0.69116243082395
"virus_comp_36_cycle_2_6","fixed","cond",NA,"Dx.StatusCELIAC:onset_timeline_combinedt0-over42",-1.36925378666844,1.65206314889359,-0.8288144358074,0.407209418314078,-4.60723805868571,1.86873048534883,1
"virus_comp_36_cycle_2_67","fixed","cond",NA,"(Intercept)",-4.26243800389664,1.28324900006353,-3.32159853908761,0.00089503371957444,-6.77755982721819,-1.74731618057509,0.0307491833575475
"virus_comp_36_cycle_2_67","fixed","cond",NA,"Dx.StatusCELIAC",-0.233621522880579,1.01523086783636,-0.230116646648529,0.818001129817407,-2.22343745983319,1.75619441407204,1
"virus_comp_36_cycle_2_67","fixed","cond",NA,"onset_timeline_combinedt0-6",-24.6921620873415,163418.658496308,-0.000151097569362921,0.999879441582689,-320319.377216702,320269.992892527,1
"virus_comp_36_cycle_2_67","fixed","cond",NA,"onset_timeline_combinedt0-12",-19.9946223199698,12249.3445526949,-0.00163230140469605,0.998697612488965,-24028.2687798238,23988.2795351838,1
"virus_comp_36_cycle_2_67","fixed","cond",NA,"onset_timeline_combinedt0-18",0.90577013188398,1.16297505941767,0.778838827667999,0.436074662344566,-1.37361909949298,3.18515936326094,1
"virus_comp_36_cycle_2_67","fixed","cond",NA,"onset_timeline_combinedt0-24",0.512518663354595,0.979935698024306,0.52301254499444,0.60096552327149,-1.40812001193816,2.43315733864735,1
"virus_comp_36_cycle_2_67","fixed","cond",NA,"onset_timeline_combinedt0-30",-0.726514464717469,1.27618577740048,-0.569285818399685,0.569162189348397,-3.22779262600466,1.77476369656972,1
"virus_comp_36_cycle_2_67","fixed","cond",NA,"onset_timeline_combinedt0-36",1.35472670502966,0.935756144912653,1.44773476764731,0.147691242487198,-0.479321637311182,3.1887750473705,0.415174525657103
"virus_comp_36_cycle_2_67","fixed","cond",NA,"onset_timeline_combinedt0-over42",-0.497407569980453,1.07371705883053,-0.463257583447745,0.643179745518895,-2.60185433487458,1.60703919491367,1
"virus_comp_36_cycle_2_67","fixed","cond",NA,"SexMale",0.0171792218921592,0.62897158668198,0.0273131922902669,0.978209934868502,-1.21558243530353,1.24994087908785,1
"virus_comp_36_cycle_2_67","fixed","cond",NA,"Age.at.Gluten.Introduction..months.",0.205328111663063,0.0989083352248615,2.07594346013674,0.0378991805440021,0.0114713368515204,0.399184886474606,0.534261881153218
"virus_comp_36_cycle_2_67","fixed","cond",NA,"HLA.CategoryHigh Risk",1.59037331668578,0.617364110675295,2.57607024636752,0.00999303421938581,0.380361894414597,2.80038473895695,0.196230173052655
"virus_comp_36_cycle_2_67","fixed","cond",NA,"HLA.CategoryLow/No Risk",-3.10979023336834,2.809136310897,-1.10702717461771,0.268282179514343,-8.61559623039018,2.3960157636535,1
"virus_comp_36_cycle_2_67","fixed","cond",NA,"feeding_first_yearFormula",0.050290831660719,0.834683092654844,0.0602514081131809,0.951955402297738,-1.58565796844728,1.68623963176872,1
"virus_comp_36_cycle_2_67","fixed","cond",NA,"feeding_first_yearBreastmilk_and_formula",0.592652380379172,0.613255501923814,0.96640369066399,0.333842218028548,-0.609306316712538,1.79461107747088,0.822255833681735
"virus_comp_36_cycle_2_67","fixed","cond",NA,"Delivery.ModeC-Section",2.25146757516896,2.5090344027581,0.897344242348369,0.369535255293499,-2.66614949020887,7.16908464054679,1
"virus_comp_36_cycle_2_67","fixed","cond",NA,"Dx.StatusCELIAC:onset_timeline_combinedt0-6",25.7564283171903,163418.658503263,0.000157610082918873,0.999874245348733,-320268.928639929,320320.441496563,1
"virus_comp_36_cycle_2_67","fixed","cond",NA,"Dx.StatusCELIAC:onset_timeline_combinedt0-12",18.7095050515776,12249.3446222665,0.00152738825043488,0.998781320970472,-23989.5647888102,24026.9837989134,1
"virus_comp_36_cycle_2_67","fixed","cond",NA,"Dx.StatusCELIAC:onset_timeline_combinedt0-18",-27.3077772952067,520455.544292458,-5.24689910496211e-05,0.99995813580214,-1020101.4301447,1020046.81459011,1
"virus_comp_36_cycle_2_67","fixed","cond",NA,"Dx.StatusCELIAC:onset_timeline_combinedt0-24",-28.5440118016347,604355.19453663,-4.72305228112086e-05,0.999962315495064,-1184542.95917329,1184485.87114969,1
"virus_comp_36_cycle_2_67","fixed","cond",NA,"Dx.StatusCELIAC:onset_timeline_combinedt0-30",0.0573643036840202,1.83679749339397,0.0312306086492009,0.975085629642474,-3.5426926302616,3.65742123762965,1
"virus_comp_36_cycle_2_67","fixed","cond",NA,"Dx.StatusCELIAC:onset_timeline_combinedt0-36",-2.55136445505866,1.62113910993924,-1.57380969925171,0.11553145104391,-5.72873872446889,0.626009814351567,1
"virus_comp_36_cycle_2_67","fixed","cond",NA,"Dx.StatusCELIAC:onset_timeline_combinedt0-over42",-0.484065465071852,1.5096710674034,-0.320643003316236,0.748480944960613,-3.44296638568465,2.47483545554094,1
"virus_comp_36_cycle_2_69","fixed","cond",NA,"(Intercept)",-4.82042811576757,2.11957234617248,-2.27424561585373,0.0229512229911221,-8.97471357689271,-0.666142654642443,0.0641353494746969
"virus_comp_36_cycle_2_69","fixed","cond",NA,"Dx.StatusCELIAC",-0.178661026299441,1.33066015142854,-0.134264955712123,0.893193063575951,-2.786706998762,2.42938494616312,1
"virus_comp_36_cycle_2_69","fixed","cond",NA,"onset_timeline_combinedt0-6",-19.3048961151757,19024.016177727,-0.00101476449214638,0.999190335217824,-37305.6914457674,37267.0816535371,1
"virus_comp_36_cycle_2_69","fixed","cond",NA,"onset_timeline_combinedt0-12",-20.481174225773,18349.1626395306,-0.00111619121962815,0.999109408443884,-35984.1790941737,35943.2167457222,1
"virus_comp_36_cycle_2_69","fixed","cond",NA,"onset_timeline_combinedt0-18",0.434585874915927,1.54566344511728,0.281164619819907,0.778584139776824,-2.59485880973404,3.46403055956589,1
"virus_comp_36_cycle_2_69","fixed","cond",NA,"onset_timeline_combinedt0-24",1.48575739914177,1.11765385612906,1.32935379857913,0.183731272880805,-0.704803906053489,3.67631870433704,1
"virus_comp_36_cycle_2_69","fixed","cond",NA,"onset_timeline_combinedt0-30",-0.254499871928663,1.41544401650313,-0.179802146154397,0.857307898690026,-3.02871916640751,2.51971942255019,1
"virus_comp_36_cycle_2_69","fixed","cond",NA,"onset_timeline_combinedt0-36",1.96439630319918,1.1190651990672,1.75539039623126,0.0791925536547129,-0.228931183324667,4.15772378972303,0.415174525657103
"virus_comp_36_cycle_2_69","fixed","cond",NA,"onset_timeline_combinedt0-over42",0.0343616037788649,1.17696441499903,0.029195108484986,0.976708982435917,-2.27244626070449,2.34116946826222,1
"virus_comp_36_cycle_2_69","fixed","cond",NA,"SexMale",-1.88939760287198,1.32684889842842,-1.42397344950873,0.154454157971674,-4.48997365671833,0.711178450974373,1
"virus_comp_36_cycle_2_69","fixed","cond",NA,"Age.at.Gluten.Introduction..months.",0.241059043811147,0.198728955525086,1.21300413004343,0.22512824148482,-0.148442551703284,0.630560639325578,0.637155400428735
"virus_comp_36_cycle_2_69","fixed","cond",NA,"HLA.CategoryHigh Risk",1.2173508425671,0.891517541252338,1.36548164925286,0.172101716890337,-0.529991429873188,2.96469311500738,0.622844308745982
"virus_comp_36_cycle_2_69","fixed","cond",NA,"HLA.CategoryLow/No Risk",-4.54851442848347,5.59620135636207,-0.812786055904237,0.416340731605029,-15.5168675371873,6.41983868022038,1
"virus_comp_36_cycle_2_69","fixed","cond",NA,"feeding_first_yearFormula",-0.32941997984469,1.2500062738124,-0.263534661182132,0.792138511671147,-2.7793872569661,2.12054729727672,1
"virus_comp_36_cycle_2_69","fixed","cond",NA,"feeding_first_yearBreastmilk_and_formula",0.42289768900638,0.910844810319937,0.464291703937838,0.642438766930941,-1.36232533472591,2.20812071273867,1
"virus_comp_36_cycle_2_69","fixed","cond",NA,"Delivery.ModeC-Section",4.05113566497589,4.78031038403057,0.847462892474385,0.39673716187704,-5.31810052264687,13.4203718525986,1
"virus_comp_36_cycle_2_69","fixed","cond",NA,"Dx.StatusCELIAC:onset_timeline_combinedt0-6",-3.43554343299194,144303.370722132,-2.38077836699142e-05,0.999981004136985,-282832.845006543,282825.973919677,1
"virus_comp_36_cycle_2_69","fixed","cond",NA,"Dx.StatusCELIAC:onset_timeline_combinedt0-12",20.623351970959,18349.1626798961,0.00112393967674365,0.999103226073459,-35943.0746470919,35984.3213510339,1
"virus_comp_36_cycle_2_69","fixed","cond",NA,"Dx.StatusCELIAC:onset_timeline_combinedt0-18",-26.642021912383,415574.44955213,-6.41089026072113e-05,0.999948848496435,-814537.596039145,814484.311995321,1
"virus_comp_36_cycle_2_69","fixed","cond",NA,"Dx.StatusCELIAC:onset_timeline_combinedt0-24",-26.5994993874719,173667.273651542,-0.000153163568634371,0.999877793153787,-340408.201149671,340355.002150896,1
"virus_comp_36_cycle_2_69","fixed","cond",NA,"Dx.StatusCELIAC:onset_timeline_combinedt0-30",-26.6266240075349,515278.378820564,-5.16742504672549e-05,0.99995876991338,-1009953.6911245,1009900.43787648,1
"virus_comp_36_cycle_2_69","fixed","cond",NA,"Dx.StatusCELIAC:onset_timeline_combinedt0-36",-1.71046927361585,1.66892254872849,-1.02489433971578,0.305413045686843,-4.98149736211049,1.56055881487878,1
"virus_comp_36_cycle_2_69","fixed","cond",NA,"Dx.StatusCELIAC:onset_timeline_combinedt0-over42",-1.58348683375432,1.92329178915442,-0.823321163581998,0.410325381629284,-5.35306947225857,2.18609580474994,1
"virus_comp_36_cycle_2_77","fixed","cond",NA,"(Intercept)",-4.5281360027471,1.80783192668395,-2.50473284375108,0.0122543915671345,-8.0714214691493,-0.984850536344894,0.0573742012751373
"virus_comp_36_cycle_2_77","fixed","cond",NA,"Dx.StatusCELIAC",-1.5023440389587,1.54986264478709,-0.969340117985153,0.332375519085604,-4.54001900372539,1.53533092580799,1
"virus_comp_36_cycle_2_77","fixed","cond",NA,"onset_timeline_combinedt0-6",-23.4154276886748,100725.484138539,-0.000232467760159573,0.999814517564955,-197441.736664586,197394.905809209,1
"virus_comp_36_cycle_2_77","fixed","cond",NA,"onset_timeline_combinedt0-12",-21.7184092080444,42960.6215664104,-0.000505542248136964,0.999596635662559,-84222.9894328271,84179.552614411,1
"virus_comp_36_cycle_2_77","fixed","cond",NA,"onset_timeline_combinedt0-18",1.24556645768486,1.27982767478332,0.973229820097255,0.330439093207621,-1.26284969130809,3.7539826066778,1
"virus_comp_36_cycle_2_77","fixed","cond",NA,"onset_timeline_combinedt0-24",1.02480651417183,1.09283554308749,0.937749985031172,0.348372909564884,-1.11711179130492,3.16672481964858,1
"virus_comp_36_cycle_2_77","fixed","cond",NA,"onset_timeline_combinedt0-30",-0.39170399684583,1.35326369335626,-0.289451345490807,0.77223600766312,-3.04405209740976,2.2606441037181,1
"virus_comp_36_cycle_2_77","fixed","cond",NA,"onset_timeline_combinedt0-36",1.02480614606588,1.09283557032887,0.937749624820029,0.348373094723282,-1.117112212803,3.16672450493477,0.671278071363203
"virus_comp_36_cycle_2_77","fixed","cond",NA,"onset_timeline_combinedt0-over42",0.416865852908577,1.19247923660623,0.349579129021121,0.726654576448348,-1.92035050315145,2.7540822089686,1
"virus_comp_36_cycle_2_77","fixed","cond",NA,"SexMale",-1.04189701789192,1.05148879438435,-0.990877908976625,0.321745200530986,-3.10277718503268,1.01898314924885,1
"virus_comp_36_cycle_2_77","fixed","cond",NA,"Age.at.Gluten.Introduction..months.",0.303865982406562,0.164897043511933,1.84276185876294,0.0653637878760478,-0.0193262840339599,0.627058248847085,0.534261881153218
"virus_comp_36_cycle_2_77","fixed","cond",NA,"HLA.CategoryHigh Risk",0.840964973759789,0.703393507294368,1.19558250828131,0.231859520736877,-0.537660967496483,2.21959091501606,0.797394288929894
"virus_comp_36_cycle_2_77","fixed","cond",NA,"HLA.CategoryLow/No Risk",-4.39478516855988,4.47369712784337,-0.982360907091282,0.325922078317337,-13.1630704168732,4.37350007975341,1
"virus_comp_36_cycle_2_77","fixed","cond",NA,"feeding_first_yearFormula",-1.01748245479255,1.22396701722139,-0.831298916127986,0.405804786750791,-3.41641372681139,1.38144881722629,1
"virus_comp_36_cycle_2_77","fixed","cond",NA,"feeding_first_yearBreastmilk_and_formula",-0.270875375131539,0.809738658108998,-0.334521974984028,0.737985711436851,-1.85793398191497,1.31618323165189,1
"virus_comp_36_cycle_2_77","fixed","cond",NA,"Delivery.ModeC-Section",-17.3639161140982,14997.5279147847,-0.00115778521718774,0.999076221256863,-29411.9784862262,29377.250653998,1
"virus_comp_36_cycle_2_77","fixed","cond",NA,"Dx.StatusCELIAC:onset_timeline_combinedt0-6",-0.575582239755565,559373.279719348,-1.02897700091136e-06,0.999999178995138,-1096352.05774621,1096350.90658173,1
"virus_comp_36_cycle_2_77","fixed","cond",NA,"Dx.StatusCELIAC:onset_timeline_combinedt0-12",21.7784706401606,42960.621602203,0.000506940305515594,0.999595520174305,-84179.4926231311,84223.0495644114,1
"virus_comp_36_cycle_2_77","fixed","cond",NA,"Dx.StatusCELIAC:onset_timeline_combinedt0-18",0.568465615101325,2.15654868618648,0.263599713163243,0.792088379573436,-3.65829214073135,4.795223370934,1
"virus_comp_36_cycle_2_77","fixed","cond",NA,"Dx.StatusCELIAC:onset_timeline_combinedt0-24",-26.7947053114596,304531.873905821,-8.79865380519941e-05,0.99992979689982,-596898.299705213,596844.710294591,1
"virus_comp_36_cycle_2_77","fixed","cond",NA,"Dx.StatusCELIAC:onset_timeline_combinedt0-30",-20.6913510687163,64602.9238090863,-0.000320285055980796,0.999744449503146,-126640.095312863,126598.712610726,1
"virus_comp_36_cycle_2_77","fixed","cond",NA,"Dx.StatusCELIAC:onset_timeline_combinedt0-36",-0.882073500803732,2.08348959134339,-0.423363526493545,0.672030051733341,-4.96563806200085,3.20149106039338,1
"virus_comp_36_cycle_2_77","fixed","cond",NA,"Dx.StatusCELIAC:onset_timeline_combinedt0-over42",-0.0228366037394534,1.91796075941141,-0.011906710618241,0.990500043896034,-3.7819706159469,3.736297408468,1
"virus_comp_36_cycle_2_83","fixed","cond",NA,"(Intercept)",-4.86625855345079,1.5608064966809,-3.11778466055788,0.00182215885924997,-7.92538307378148,-1.8071340331201,0.0356880298693482
"virus_comp_36_cycle_2_83","fixed","cond",NA,"Dx.StatusCELIAC",-0.471040232275133,1.24376838486298,-0.378720216728313,0.70489563898095,-2.90878147171613,1.96670100716587,1
"virus_comp_36_cycle_2_83","fixed","cond",NA,"onset_timeline_combinedt0-6",-18.9768864010468,13594.483691407,-0.00139592549682795,0.998886212959772,-26663.6753099759,26625.7215371739,1
"virus_comp_36_cycle_2_83","fixed","cond",NA,"onset_timeline_combinedt0-12",-0.600829572600609,1.35132809093015,-0.444621536866777,0.656593280758984,-3.24938396212096,2.04772481691974,1
"virus_comp_36_cycle_2_83","fixed","cond",NA,"onset_timeline_combinedt0-18",0.536886866890237,1.47009426857195,0.365205741133709,0.714957833044133,-2.34444495338954,3.41821868717001,1
"virus_comp_36_cycle_2_83","fixed","cond",NA,"onset_timeline_combinedt0-24",1.04033023964462,1.09643749940616,0.948827671625667,0.342708265593573,-1.10864777049062,3.18930824977986,1
"virus_comp_36_cycle_2_83","fixed","cond",NA,"onset_timeline_combinedt0-30",0.682713141643357,1.18195876983092,0.577611638467746,0.56352634754625,-1.63388347843651,2.99930976172322,1
"virus_comp_36_cycle_2_83","fixed","cond",NA,"onset_timeline_combinedt0-36",1.96043299449036,1.0697714118036,1.83257186802659,0.0668662649356637,-0.136280444335259,4.05714643331599,0.415174525657103
"virus_comp_36_cycle_2_83","fixed","cond",NA,"onset_timeline_combinedt0-over42",0.378766397200448,1.12041529356943,0.338058931696453,0.735318778172366,-1.8172072259235,2.57474002032439,1
"virus_comp_36_cycle_2_83","fixed","cond",NA,"SexMale",-0.665176519572888,0.83653735489541,-0.795154592535863,0.426523581507589,-2.30475960689029,0.974406567744516,1
"virus_comp_36_cycle_2_83","fixed","cond",NA,"Age.at.Gluten.Introduction..months.",0.174766963851434,0.116572187519831,1.49921664480821,0.133817438342447,-0.0537103252864841,0.403244252989353,0.534261881153218
"virus_comp_36_cycle_2_83","fixed","cond",NA,"HLA.CategoryHigh Risk",1.99871734981578,0.816074409176393,2.44918518132795,0.0143179814499485,0.399240899125249,3.59819380050631,0.230429978468671
"virus_comp_36_cycle_2_83","fixed","cond",NA,"HLA.CategoryLow/No Risk",-2.16182978613855,3.24015834167047,-0.66719880887797,0.504645151873177,-8.51242344001969,4.18876386774259,1
"virus_comp_36_cycle_2_83","fixed","cond",NA,"feeding_first_yearFormula",-0.0844218287125971,1.00388290736833,-0.0840952944740416,0.932980665858899,-2.05199617184989,1.8831525144247,1
"virus_comp_36_cycle_2_83","fixed","cond",NA,"feeding_first_yearBreastmilk_and_formula",1.01413781527777,0.764557400498672,1.32643777251559,0.184694734199472,-0.484367153813197,2.51264278436873,0.822255833681735
"virus_comp_36_cycle_2_83","fixed","cond",NA,"Delivery.ModeC-Section",1.71179237526156,2.86090746204547,0.598338952927082,0.549613790312014,-3.89548321344945,7.31906796397258,1
"virus_comp_36_cycle_2_83","fixed","cond",NA,"Dx.StatusCELIAC:onset_timeline_combinedt0-6",-2.31505275423645,64871.4998007704,-3.56867462806673e-05,0.999971526096123,-127148.118285361,127143.488179853,1
"virus_comp_36_cycle_2_83","fixed","cond",NA,"Dx.StatusCELIAC:onset_timeline_combinedt0-12",0.80569874737521,1.8071085891211,0.445849658523878,0.655705848312921,-2.73616900345514,4.34756649820556,1
"virus_comp_36_cycle_2_83","fixed","cond",NA,"Dx.StatusCELIAC:onset_timeline_combinedt0-18",-23.487606393817,114169.541104723,-0.00020572567925339,0.999835854657921,-223791.676303117,223744.701090329,1
"virus_comp_36_cycle_2_83","fixed","cond",NA,"Dx.StatusCELIAC:onset_timeline_combinedt0-24",-25.4521012325608,126304.156708058,-0.000201514359431506,0.999839214804918,-247577.050346729,247526.146144264,1
"virus_comp_36_cycle_2_83","fixed","cond",NA,"Dx.StatusCELIAC:onset_timeline_combinedt0-30",-24.6498956405644,132759.461237326,-0.000185673363019298,0.999851854091146,-260228.41252774,260179.112736459,1
"virus_comp_36_cycle_2_83","fixed","cond",NA,"Dx.StatusCELIAC:onset_timeline_combinedt0-36",-2.62093980127603,1.77448520007392,-1.47701417919228,0.139671836485992,-6.09886688452026,0.8569872819682,1
"virus_comp_36_cycle_2_83","fixed","cond",NA,"Dx.StatusCELIAC:onset_timeline_combinedt0-over42",-2.17433303895311,1.85670654140795,-1.17106984354367,0.241570704245874,-5.81341098997261,1.4647449120664,1
"virus_comp_36_cycle_2_86","fixed","cond",NA,"(Intercept)",-6.2226332157773,2.37209115645144,-2.62326900838251,0.00870904783948916,-10.8718464504681,-1.5734199810865,0.0505794701447255
"virus_comp_36_cycle_2_86","fixed","cond",NA,"Dx.StatusCELIAC",0.626460823612979,1.20121194968635,0.521523969001937,0.60200181269104,-1.7278713355714,2.98079298279736,1
"virus_comp_36_cycle_2_86","fixed","cond",NA,"onset_timeline_combinedt0-6",-21.8398066618555,43811.8287675481,-0.00049849109877907,0.999602261665059,-85891.4462878921,85847.7666745684,1
"virus_comp_36_cycle_2_86","fixed","cond",NA,"onset_timeline_combinedt0-12",-20.7184699002952,15135.2772424259,-0.00136888605133832,0.998907787295246,-29685.3167610838,29643.8798212832,1
"virus_comp_36_cycle_2_86","fixed","cond",NA,"onset_timeline_combinedt0-18",2.35617888227023,1.42245961892078,1.65641178907972,0.0976384552887223,-0.431790740277071,5.14414850481754,1
"virus_comp_36_cycle_2_86","fixed","cond",NA,"onset_timeline_combinedt0-24",-0.219626035109082,1.17404937317247,-0.187067120112349,0.851608007402448,-2.52072052259895,2.08146845238078,1
"virus_comp_36_cycle_2_86","fixed","cond",NA,"onset_timeline_combinedt0-30",0.815698882214075,1.13881657821942,0.716268886328865,0.473825334752377,-1.41634059609313,3.04773836052128,1
"virus_comp_36_cycle_2_86","fixed","cond",NA,"onset_timeline_combinedt0-36",1.56193116345561,1.07591323353146,1.45172595222098,0.146577820223376,-0.546820024756078,3.6706823516673,0.415174525657103
"virus_comp_36_cycle_2_86","fixed","cond",NA,"onset_timeline_combinedt0-over42",-0.439351463763003,1.12573675786725,-0.390279042318356,0.696330218817631,-2.64575496525571,1.7670520377297,1
"virus_comp_36_cycle_2_86","fixed","cond",NA,"SexMale",-0.500337372858445,1.03292467650713,-0.48438902103719,0.628109808660431,-2.5248325375551,1.52415779183821,1
"virus_comp_36_cycle_2_86","fixed","cond",NA,"Age.at.Gluten.Introduction..months.",0.368753178853571,0.209616178609446,1.75918281355862,0.0785464624324229,-0.0420869817978586,0.779593339505,0.534261881153218
"virus_comp_36_cycle_2_86","fixed","cond",NA,"HLA.CategoryHigh Risk",1.89130156536462,0.8909890936222,2.12269889598286,0.0337790915928562,0.144995031247117,3.63760809948211,0.301833929255221
"virus_comp_36_cycle_2_86","fixed","cond",NA,"HLA.CategoryLow/No Risk",-7.41158487572264,5.9272540378613,-1.25042470398264,0.211144444924417,-19.0287893171504,4.20561956570511,1
"virus_comp_36_cycle_2_86","fixed","cond",NA,"feeding_first_yearFormula",0.0164625432612454,1.2357299473873,0.013322120497324,0.989370800148733,-2.40552364823543,2.43844873475792,1
"virus_comp_36_cycle_2_86","fixed","cond",NA,"feeding_first_yearBreastmilk_and_formula",0.529818753712973,0.884693034620009,0.59887297964377,0.549257591171737,-1.20414773151569,2.26378523894164,0.995125518122912
"virus_comp_36_cycle_2_86","fixed","cond",NA,"Delivery.ModeC-Section",6.5294467440041,5.16745355295783,1.26357144328209,0.20638388871664,-3.59857611157678,16.657469599585,1
"virus_comp_36_cycle_2_86","fixed","cond",NA,"Dx.StatusCELIAC:onset_timeline_combinedt0-6",-0.758425778952019,100356.103459276,-7.55734581962704e-06,0.99999397011045,-196695.106834736,196693.589983178,1
"virus_comp_36_cycle_2_86","fixed","cond",NA,"Dx.StatusCELIAC:onset_timeline_combinedt0-12",18.7289818819901,15135.27730063,0.00123743896527158,0.99901266680665,-29645.8694233795,29683.3273871434,1
"virus_comp_36_cycle_2_86","fixed","cond",NA,"Dx.StatusCELIAC:onset_timeline_combinedt0-18",-30.8300239514445,798729.330278332,-3.85988379075815e-05,0.999969202583176,-1565511.55076528,1565449.89071738,1
"virus_comp_36_cycle_2_86","fixed","cond",NA,"Dx.StatusCELIAC:onset_timeline_combinedt0-24",-27.1490738802477,291352.137472698,-9.31830262710594e-05,0.999925650702117,-571066.84533913,571012.54719137,1
"virus_comp_36_cycle_2_86","fixed","cond",NA,"Dx.StatusCELIAC:onset_timeline_combinedt0-30",-28.806077178277,480947.46301595,-5.98944362813318e-05,0.999952211154042,-942668.51204435,942610.899889994,1
"virus_comp_36_cycle_2_86","fixed","cond",NA,"Dx.StatusCELIAC:onset_timeline_combinedt0-36",-3.49265354061158,1.77255499498524,-1.97040630642925,0.0487918233972203,-6.96679749139922,-0.0185095898239389,0.69116243082395
"virus_comp_36_cycle_2_86","fixed","cond",NA,"Dx.StatusCELIAC:onset_timeline_combinedt0-over42",-0.979427997236293,1.59715743404014,-0.613231968472105,0.539722969536857,-4.10979904559538,2.15094305112279,1
"virus_comp_36_cycle_2_87","fixed","cond",NA,"(Intercept)",-4.91318964061559,1.47276935254366,-3.33602110346056,0.000849867121452187,-7.79976452913554,-2.02661475209565,0.0307491833575475
"virus_comp_36_cycle_2_87","fixed","cond",NA,"Dx.StatusCELIAC",0.285347491270037,1.12280563978718,0.254137921256009,0.799389007920122,-1.91531112435129,2.48600610689136,1
"virus_comp_36_cycle_2_87","fixed","cond",NA,"onset_timeline_combinedt0-6",-14.5225775623891,1328.4761565938,-0.0109317562760215,0.991277894165314,-2618.28799880643,2589.24284368165,1
"virus_comp_36_cycle_2_87","fixed","cond",NA,"onset_timeline_combinedt0-12",-0.529963440262272,1.35058375239634,-0.392395835742846,0.694765762439106,-3.17705895306406,2.11713207253952,1
"virus_comp_36_cycle_2_87","fixed","cond",NA,"onset_timeline_combinedt0-18",1.52099178442577,1.279215916689,1.18900317341467,0.234438418166326,-0.986225340735057,4.0282089095866,1
"virus_comp_36_cycle_2_87","fixed","cond",NA,"onset_timeline_combinedt0-24",1.07371573722493,1.08166594107553,0.992650037734664,0.320880530863356,-1.04631055058674,3.19374202503659,1
"virus_comp_36_cycle_2_87","fixed","cond",NA,"onset_timeline_combinedt0-30",1.29137319577424,1.10500640055246,1.16865675631255,0.242541951312992,-0.874399551994822,3.4571459435433,0.93682885018708
"virus_comp_36_cycle_2_87","fixed","cond",NA,"onset_timeline_combinedt0-36",1.53572700290941,1.05467708253195,1.45611109632022,0.14536191056175,-0.531402094172984,3.6028560999918,0.415174525657103
"virus_comp_36_cycle_2_87","fixed","cond",NA,"onset_timeline_combinedt0-over42",-0.00451948325776543,1.19105181879122,-0.00379453117527009,0.996972409425212,-2.33893815180948,2.32989918529395,1
"virus_comp_36_cycle_2_87","fixed","cond",NA,"SexMale",0.0667346165995789,0.702483668455321,0.0949981040076283,0.924316332893789,-1.31010807330043,1.44357730649958,1
"virus_comp_36_cycle_2_87","fixed","cond",NA,"Age.at.Gluten.Introduction..months.",0.198209294811837,0.105664748165007,1.87583180061446,0.0606783798006294,-0.00888980602707026,0.405308395650745,0.534261881153218
"virus_comp_36_cycle_2_87","fixed","cond",NA,"HLA.CategoryHigh Risk",1.78928205327865,0.697670235844519,2.56465298553657,0.0103279038448766,0.421873517937825,3.15669058861947,0.196230173052655
"virus_comp_36_cycle_2_87","fixed","cond",NA,"HLA.CategoryLow/No Risk",-2.56414940628992,2.92454620627786,-0.87676830025311,0.380612500326417,-8.29615464171776,3.16785582913793,1
"virus_comp_36_cycle_2_87","fixed","cond",NA,"feeding_first_yearFormula",-0.0718188431867638,0.906321416422576,-0.0792421340656899,0.936840031801435,-1.84817617779234,1.70453849141881,1
"virus_comp_36_cycle_2_87","fixed","cond",NA,"feeding_first_yearBreastmilk_and_formula",0.575813772650863,0.694635804994002,0.828943409641597,0.407136430093881,-0.785647387509368,1.9372749328111,0.844144142114224
"virus_comp_36_cycle_2_87","fixed","cond",NA,"Delivery.ModeC-Section",2.00411324465535,2.62742362407208,0.762767460219948,0.445602090428012,-3.14554243065563,7.15376891996632,1
"virus_comp_36_cycle_2_87","fixed","cond",NA,"Dx.StatusCELIAC:onset_timeline_combinedt0-6",-1.65256857222332,4449.68018335451,-0.000371390415519142,0.999703673328239,-8722.86547066865,8719.5603335242,1
"virus_comp_36_cycle_2_87","fixed","cond",NA,"Dx.StatusCELIAC:onset_timeline_combinedt0-12",-0.79342377932756,1.89396653891181,-0.418921751269916,0.675273319954506,-4.5055299835187,2.91868242486358,1
"virus_comp_36_cycle_2_87","fixed","cond",NA,"Dx.StatusCELIAC:onset_timeline_combinedt0-18",-20.2317546013415,11017.8494474887,-0.00183627074392027,0.998534868747349,-21614.8198587636,21574.356349561,1
"virus_comp_36_cycle_2_87","fixed","cond",NA,"Dx.StatusCELIAC:onset_timeline_combinedt0-24",-20.645003786129,8458.83000192142,-0.00244064531163761,0.998052648720763,-16599.647158899,16558.3571513267,1
"virus_comp_36_cycle_2_87","fixed","cond",NA,"Dx.StatusCELIAC:onset_timeline_combinedt0-30",-20.727533150181,10601.8309797719,-0.0019550899452867,0.998440064911451,-20799.934423684,20758.4793573836,1
"virus_comp_36_cycle_2_87","fixed","cond",NA,"Dx.StatusCELIAC:onset_timeline_combinedt0-36",-2.77849234283192,1.71632582058917,-1.61886065541923,0.105477247921409,-6.14242913692284,0.585444451258998,1
"virus_comp_36_cycle_2_87","fixed","cond",NA,"Dx.StatusCELIAC:onset_timeline_combinedt0-over42",-2.42291743511946,1.85801642460058,-1.3040344547225,0.192221835063085,-6.06456271002047,1.21872783978156,1
"virus_comp_36_cycle_2_88","fixed","cond",NA,"(Intercept)",-4.95134022251548,1.88438406188311,-2.62756426498719,0.00859985958512271,-8.64466511684767,-1.25801532818328,0.0505794701447255
"virus_comp_36_cycle_2_88","fixed","cond",NA,"Dx.StatusCELIAC",-1.68095415689874,1.66252379842006,-1.01108577122095,0.311975379895327,-4.93944092524279,1.57753261144531,1
"virus_comp_36_cycle_2_88","fixed","cond",NA,"onset_timeline_combinedt0-6",-21.2817433550585,42040.6866720869,-0.000506217786618329,0.999596096660904,-82419.5135059784,82376.9500192683,1
"virus_comp_36_cycle_2_88","fixed","cond",NA,"onset_timeline_combinedt0-12",-0.592057170523907,1.42142366984327,-0.416524068850767,0.677026558801249,-3.37799637018946,2.19388202914165,1
"virus_comp_36_cycle_2_88","fixed","cond",NA,"onset_timeline_combinedt0-18",1.4794218791319,1.46317921003847,1.01110094305742,0.311968119062013,-1.38835667547126,4.34720043373506,1
"virus_comp_36_cycle_2_88","fixed","cond",NA,"onset_timeline_combinedt0-24",1.07533113148299,1.17024785981623,0.918891773621233,0.358152183184025,-1.2183125267419,3.36897478970787,1
"virus_comp_36_cycle_2_88","fixed","cond",NA,"onset_timeline_combinedt0-30",-0.370730951878657,1.45471729209394,-0.254847422171645,0.798840946613057,-3.22192445207041,2.4804625483131,1
"virus_comp_36_cycle_2_88","fixed","cond",NA,"onset_timeline_combinedt0-36",2.111221473921,1.15193357246938,1.83276321168,0.0668377922696716,-0.146526840701541,4.36896978854353,0.415174525657103
"virus_comp_36_cycle_2_88","fixed","cond",NA,"onset_timeline_combinedt0-over42",-0.687266345683247,1.4647360617395,-0.469208319256549,0.63892073957134,-3.5580962735497,2.1835635821832,1
"virus_comp_36_cycle_2_88","fixed","cond",NA,"SexMale",-1.9194919460527,1.33194258851357,-1.44112213439682,0.149550181310662,-4.53005144901434,0.691067556908945,1
"virus_comp_36_cycle_2_88","fixed","cond",NA,"Age.at.Gluten.Introduction..months.",0.214959506370776,0.15700038984138,1.36916543065882,0.170947569261139,-0.0927556032770768,0.522674616018629,0.534261881153218
"virus_comp_36_cycle_2_88","fixed","cond",NA,"HLA.CategoryHigh Risk",2.27092470721018,1.08272205591386,2.09742167420191,0.0359562640878259,0.148828472351853,4.3930209420685,0.301833929255221
"virus_comp_36_cycle_2_88","fixed","cond",NA,"HLA.CategoryLow/No Risk",-1.60662929427638,4.21983829515929,-0.380732431410795,0.703401801335197,-9.87736037337148,6.66410178481872,1
"virus_comp_36_cycle_2_88","fixed","cond",NA,"feeding_first_yearFormula",-0.0920721091767413,1.24508683550685,-0.073948343642442,0.94105148845636,-2.53239746439511,2.34825324604163,1
"virus_comp_36_cycle_2_88","fixed","cond",NA,"feeding_first_yearBreastmilk_and_formula",-0.150951602080558,1.08004937020502,-0.139763612891051,0.88884676375479,-2.26780946920756,1.96590626504645,1
"virus_comp_36_cycle_2_88","fixed","cond",NA,"Delivery.ModeC-Section",1.2016379075531,3.72346223831841,0.322720583865995,0.746906861902531,-6.09621397734587,8.49948979245207,1
"virus_comp_36_cycle_2_88","fixed","cond",NA,"Dx.StatusCELIAC:onset_timeline_combinedt0-6",-0.927298441248235,227910.68582608,-4.06869225059443e-06,0.999996753653271,-446697.663209382,446695.808612499,1
"virus_comp_36_cycle_2_88","fixed","cond",NA,"Dx.StatusCELIAC:onset_timeline_combinedt0-12",0.683694914713937,2.18876306706355,0.312365886012132,0.754762473212345,-3.60620186742205,4.97359169684992,1
"virus_comp_36_cycle_2_88","fixed","cond",NA,"Dx.StatusCELIAC:onset_timeline_combinedt0-18",-22.569105696327,53445.0556308426,-0.000422286129744481,0.99966306442685,-104772.953293887,104727.815082495,1
"virus_comp_36_cycle_2_88","fixed","cond",NA,"Dx.StatusCELIAC:onset_timeline_combinedt0-24",-24.0224742142317,82906.712637099,-0.000289753066430018,0.999768810505085,-162518.19331954,162470.148371111,1
"virus_comp_36_cycle_2_88","fixed","cond",NA,"Dx.StatusCELIAC:onset_timeline_combinedt0-30",-18.4028499947666,14999.3348421647,-0.0012269110722853,0.999021066843545,-29416.5589326944,29379.7532327048,1
"virus_comp_36_cycle_2_88","fixed","cond",NA,"Dx.StatusCELIAC:onset_timeline_combinedt0-36",-1.97849667854314,2.03319290532055,-0.973098358432057,0.330504419837715,-5.96348154659378,2.0064881895075,1
"virus_comp_36_cycle_2_88","fixed","cond",NA,"Dx.StatusCELIAC:onset_timeline_combinedt0-over42",-0.456269877723384,2.29213131308522,-0.199059222793498,0.842216418343495,-4.94876469920691,4.03622494376014,1
"virus_comp_36_cycle_2_9","fixed","cond",NA,"(Intercept)",-4.24042196492591,1.45425859236894,-2.91586516124233,0.00354703759517018,-7.09071643017695,-1.39012749967487,0.0372460359220813
"virus_comp_36_cycle_2_9","fixed","cond",NA,"Dx.StatusCELIAC",0.0188808724521915,1.04087375188596,0.0181394452669992,0.985527610348866,-2.02119419369737,2.05895593860176,1
"virus_comp_36_cycle_2_9","fixed","cond",NA,"onset_timeline_combinedt0-6",-19.9517599058441,13435.5118550454,-0.0014850018459365,0.998815140389845,-26353.0711096557,26313.167589844,1
"virus_comp_36_cycle_2_9","fixed","cond",NA,"onset_timeline_combinedt0-12",-0.83366028420902,1.09101977631264,-0.764111065911722,0.444801058380439,-2.97201975220274,1.3046991837847,1
"virus_comp_36_cycle_2_9","fixed","cond",NA,"onset_timeline_combinedt0-18",1.91439890075984,1.25308118817652,1.52775328432284,0.12657380497758,-0.541595097770787,4.37039289929047,1
"virus_comp_36_cycle_2_9","fixed","cond",NA,"onset_timeline_combinedt0-24",-0.0264551498340898,1.00535098338948,-0.0263143422259338,0.979006615430854,-1.99690686909939,1.94399656943121,1
"virus_comp_36_cycle_2_9","fixed","cond",NA,"onset_timeline_combinedt0-30",0.920778068249618,0.996906417479072,0.923635410611596,0.355676170837048,-1.03312260596621,2.87467874246545,1
"virus_comp_36_cycle_2_9","fixed","cond",NA,"onset_timeline_combinedt0-36",0.947769178019571,0.956965573190087,0.99039004596596,0.321983508889505,-0.927848879877728,2.82338723591687,0.648377750777497
"virus_comp_36_cycle_2_9","fixed","cond",NA,"onset_timeline_combinedt0-over42",-0.769133381423803,0.986289266216753,-0.779825359322904,0.435493677431983,-2.70222482154708,1.16395805869947,1
"virus_comp_36_cycle_2_9","fixed","cond",NA,"SexMale",0.11909304845965,0.775506021849729,0.153568180135585,0.877950227842795,-1.40087082415975,1.63905692107905,1
"virus_comp_36_cycle_2_9","fixed","cond",NA,"Age.at.Gluten.Introduction..months.",0.234338165369303,0.11939923804655,1.96264372539749,0.0496875862387156,0.000319959016540083,0.468356371722067,0.534261881153218
"virus_comp_36_cycle_2_9","fixed","cond",NA,"HLA.CategoryHigh Risk",1.20493430096095,0.709855822615883,1.69743525737474,0.089614401569833,-0.186357545582234,2.59622614750413,0.458607783267611
"virus_comp_36_cycle_2_9","fixed","cond",NA,"HLA.CategoryLow/No Risk",-3.92235849647189,3.36706828951766,-1.16491801151849,0.244052181976935,-10.5216910774134,2.67697408446961,1
"virus_comp_36_cycle_2_9","fixed","cond",NA,"feeding_first_yearFormula",-0.391024304783029,1.0383226539695,-0.376592288811329,0.70647661922181,-2.4260993108953,1.64405070132924,1
"virus_comp_36_cycle_2_9","fixed","cond",NA,"feeding_first_yearBreastmilk_and_formula",0.801717619443888,0.708675282493367,1.13129050673697,0.25793283868173,-0.58726041097686,2.19069564986464,0.822255833681735
"virus_comp_36_cycle_2_9","fixed","cond",NA,"Delivery.ModeC-Section",3.85173008491802,3.0239904329271,1.27372429587673,0.202761142845222,-2.07518225321277,9.77864242304882,1
"virus_comp_36_cycle_2_9","fixed","cond",NA,"Dx.StatusCELIAC:onset_timeline_combinedt0-6",-1.65505904417524,48641.2346672305,-3.40258436180332e-05,0.999972851304714,-95336.7231703771,95333.4130522888,1
"virus_comp_36_cycle_2_9","fixed","cond",NA,"Dx.StatusCELIAC:onset_timeline_combinedt0-12",-1.04710911031512,1.7128674167169,-0.611319416842048,0.540988138995531,-4.40426755737241,2.31004933674217,1
"virus_comp_36_cycle_2_9","fixed","cond",NA,"Dx.StatusCELIAC:onset_timeline_combinedt0-18",-2.44640997599869,1.89079853939208,-1.29385015115637,0.195717185830089,-6.1523070152281,1.25948706323073,1
"virus_comp_36_cycle_2_9","fixed","cond",NA,"Dx.StatusCELIAC:onset_timeline_combinedt0-24",-28.6228955669629,583315.843218342,-4.9069292219188e-05,0.999960848369345,-1143306.66721513,1143249.421424,1
"virus_comp_36_cycle_2_9","fixed","cond",NA,"Dx.StatusCELIAC:onset_timeline_combinedt0-30",-28.6076987808341,492059.774889648,-5.81386657489932e-05,0.999953612056239,-964448.044723377,964390.829325815,1
"virus_comp_36_cycle_2_9","fixed","cond",NA,"Dx.StatusCELIAC:onset_timeline_combinedt0-36",-2.74455057854892,1.66383879466102,-1.6495291414984,0.099039278102044,-6.00561469216506,0.516513535067213,1
"virus_comp_36_cycle_2_9","fixed","cond",NA,"Dx.StatusCELIAC:onset_timeline_combinedt0-over42",-0.337179386584569,1.44629385650582,-0.233133387843587,0.815657829357708,-3.17186325639752,2.49750448322838,1
"virus_comp_36_cycle_2_94","fixed","cond",NA,"(Intercept)",-5.6119708032167,2.24783779854135,-2.49660843271626,0.0125387327290035,-10.0176519314455,-1.20628967498785,0.0573742012751373
"virus_comp_36_cycle_2_94","fixed","cond",NA,"Dx.StatusCELIAC",0.605581288137575,1.29158723144982,0.468865960727873,0.639165448447054,-1.92588316839588,3.13704574467103,1
"virus_comp_36_cycle_2_94","fixed","cond",NA,"onset_timeline_combinedt0-6",-18.344355634384,11536.6340183659,-0.00159009600245448,0.998731287484084,-22629.7315344511,22593.0428231823,1
"virus_comp_36_cycle_2_94","fixed","cond",NA,"onset_timeline_combinedt0-12",-0.644626784935571,1.38892959833211,-0.464117681493482,0.642563434398057,-3.36687877472819,2.07762520485704,1
"virus_comp_36_cycle_2_94","fixed","cond",NA,"onset_timeline_combinedt0-18",2.91309399220578,1.48368336507524,1.96342026929584,0.0495973605140416,0.00512803219712232,5.82105995221443,1
"virus_comp_36_cycle_2_94","fixed","cond",NA,"onset_timeline_combinedt0-24",1.52255478622746,1.12598497860217,1.35219813333354,0.176311940698424,-0.684335218965894,3.72944479142082,1
"virus_comp_36_cycle_2_94","fixed","cond",NA,"onset_timeline_combinedt0-30",1.31996968255681,1.17816307765774,1.12036245880408,0.262559335859671,-0.989187517567227,3.62912688268085,0.93682885018708
"virus_comp_36_cycle_2_94","fixed","cond",NA,"onset_timeline_combinedt0-36",2.0216186484246,1.12651171955365,1.79458288212537,0.0727201824766191,-0.186303750062843,4.22954104691204,0.415174525657103
"virus_comp_36_cycle_2_94","fixed","cond",NA,"onset_timeline_combinedt0-over42",0.537453482544779,1.11018512265733,0.484111587856926,0.628306677866287,-1.63846937403578,2.71337633912534,1
"virus_comp_36_cycle_2_94","fixed","cond",NA,"SexMale",-0.860076932928424,1.08428161227039,-0.793222833621144,0.427648006375724,-2.98522984207742,1.26507597622057,1
"virus_comp_36_cycle_2_94","fixed","cond",NA,"Age.at.Gluten.Introduction..months.",0.29054721255972,0.198498440178696,1.46372541919301,0.143268987290765,-0.0985025811779024,0.679597006297342,0.534261881153218
"virus_comp_36_cycle_2_94","fixed","cond",NA,"HLA.CategoryHigh Risk",1.22621283340446,0.880457939948757,1.39269893287103,0.163710851451458,-0.499453018797433,2.95187868560635,0.622844308745982
"virus_comp_36_cycle_2_94","fixed","cond",NA,"HLA.CategoryLow/No Risk",-5.97995446352711,5.71458221486148,-1.04643773397389,0.295358978781871,-17.1803297913487,5.22042086429451,1
"virus_comp_36_cycle_2_94","fixed","cond",NA,"feeding_first_yearFormula",-0.334631710581199,1.2899202079311,-0.259420473083304,0.795310835039085,-2.86282886105657,2.19356543989417,1
"virus_comp_36_cycle_2_94","fixed","cond",NA,"feeding_first_yearBreastmilk_and_formula",0.573287786350605,0.883533858808678,0.648857743973279,0.516430329676159,-1.1584067560361,2.30498232873731,0.958196033375042
"virus_comp_36_cycle_2_94","fixed","cond",NA,"Delivery.ModeC-Section",5.03432857306825,4.92921553993831,1.02132449520178,0.307100724790234,-4.62675635724599,14.6954135033825,1
"virus_comp_36_cycle_2_94","fixed","cond",NA,"Dx.StatusCELIAC:onset_timeline_combinedt0-6",-0.91852029873083,22953.0064221899,-4.00174287339913e-05,0.999968070711459,-44987.9844447076,44986.1474041101,1
"virus_comp_36_cycle_2_94","fixed","cond",NA,"Dx.StatusCELIAC:onset_timeline_combinedt0-12",0.145329633477533,1.80711955119012,0.0804205971773274,0.935902745780776,-3.39655960261329,3.68721886956836,1
"virus_comp_36_cycle_2_94","fixed","cond",NA,"Dx.StatusCELIAC:onset_timeline_combinedt0-18",-31.9505828710039,1164340.38433131,-2.74409299041478e-05,0.999978105305698,-2282097.16961776,2282033.26845201,1
"virus_comp_36_cycle_2_94","fixed","cond",NA,"Dx.StatusCELIAC:onset_timeline_combinedt0-24",-27.0405869453899,152300.281147814,-0.000177547846541043,0.999858337315185,-298530.106471986,298476.025298095,1
"virus_comp_36_cycle_2_94","fixed","cond",NA,"Dx.StatusCELIAC:onset_timeline_combinedt0-30",-31.1348735520269,1522855.22513527,-2.04450646641485e-05,0.999983687198561,-2984772.52980731,2984710.2600602,1
"virus_comp_36_cycle_2_94","fixed","cond",NA,"Dx.StatusCELIAC:onset_timeline_combinedt0-36",-3.40489605574875,1.81061080640736,-1.88052343645557,0.0600367753610096,-6.9536280263262,0.143835914828696,0.732793284065763
"virus_comp_36_cycle_2_94","fixed","cond",NA,"Dx.StatusCELIAC:onset_timeline_combinedt0-over42",-1.1713382362088,1.59378049057575,-0.734943264229353,0.462374048071813,-4.29509059699986,1.95241412458225,1
"virus_comp_36_cycle_2_97","fixed","cond",NA,"(Intercept)",-4.25824017167027,1.37235575670637,-3.10286902711726,0.00191654438016645,-6.94800802879097,-1.56847231454956,0.0356880298693482
"virus_comp_36_cycle_2_97","fixed","cond",NA,"Dx.StatusCELIAC",-0.110418473358527,1.04281729350166,-0.105884773916392,0.915673774803864,-2.15430281107731,1.93346586436026,1
"virus_comp_36_cycle_2_97","fixed","cond",NA,"onset_timeline_combinedt0-6",-15.9810262271698,2283.96749888955,-0.00699704625172631,0.994417210378874,-4492.47506591071,4460.51301345637,1
"virus_comp_36_cycle_2_97","fixed","cond",NA,"onset_timeline_combinedt0-12",-1.03130312753714,1.27843926184254,-0.806689186039848,0.419845575946718,-3.53699803717048,1.4743917820962,1
"virus_comp_36_cycle_2_97","fixed","cond",NA,"onset_timeline_combinedt0-18",0.984975192003316,1.18184247334807,0.833423416585252,0.404605972756752,-1.33139349115865,3.30134387516528,1
"virus_comp_36_cycle_2_97","fixed","cond",NA,"onset_timeline_combinedt0-24",0.441540969812092,0.987737966068552,0.447022373321881,0.654858905882572,-1.49438986984512,2.3774718094693,1
"virus_comp_36_cycle_2_97","fixed","cond",NA,"onset_timeline_combinedt0-30",0.213750683151538,1.08165469547376,0.197614528967506,0.843346666503947,-1.90625356368566,2.33375492998874,1
"virus_comp_36_cycle_2_97","fixed","cond",NA,"onset_timeline_combinedt0-36",0.895360335670377,0.953162486061502,0.939357505948471,0.347547222755449,-0.972803808424828,2.76352447976558,0.671278071363203
"virus_comp_36_cycle_2_97","fixed","cond",NA,"onset_timeline_combinedt0-over42",-0.414698047245914,1.03518119922387,-0.400604307300824,0.688711473928215,-2.44361591519768,1.61421982070585,1
"virus_comp_36_cycle_2_97","fixed","cond",NA,"SexMale",-0.325194225209405,0.729045164173554,-0.446054978744761,0.655557532670146,-1.75409649009266,1.10370803967385,1
"virus_comp_36_cycle_2_97","fixed","cond",NA,"Age.at.Gluten.Introduction..months.",0.217409025930317,0.11163953789179,1.9474196152715,0.0514844483078109,-0.00140044758828564,0.43621849944892,0.534261881153218
"virus_comp_36_cycle_2_97","fixed","cond",NA,"HLA.CategoryHigh Risk",1.57050853570518,0.662292176004611,2.37132279771073,0.0177245436167569,0.272439723493479,2.86857734791688,0.244920966340641
"virus_comp_36_cycle_2_97","fixed","cond",NA,"HLA.CategoryLow/No Risk",-2.78231960493011,3.09499297316743,-0.898974449716657,0.368666270152603,-8.84839436474282,3.28375515488259,1
"virus_comp_36_cycle_2_97","fixed","cond",NA,"feeding_first_yearFormula",-0.340396875649018,0.889851452915338,-0.382532246852895,0.702066614760541,-2.08447367495372,1.40367992365568,1
"virus_comp_36_cycle_2_97","fixed","cond",NA,"feeding_first_yearBreastmilk_and_formula",0.24678271534245,0.697525965309519,0.353797174034866,0.723490891492168,-1.12034305494574,1.61390848563064,1
"virus_comp_36_cycle_2_97","fixed","cond",NA,"Delivery.ModeC-Section",3.01677565629519,2.71009789115833,1.11316113935862,0.265639229268949,-2.29491860495309,8.32846991754346,1
"virus_comp_36_cycle_2_97","fixed","cond",NA,"Dx.StatusCELIAC:onset_timeline_combinedt0-6",-0.628881196850781,5950.74110923438,-0.000105681155558067,0.999915678637769,-11663.8671366182,11662.6093742245,1
"virus_comp_36_cycle_2_97","fixed","cond",NA,"Dx.StatusCELIAC:onset_timeline_combinedt0-12",-0.366056314020516,1.86179783463515,-0.196614426771127,0.844129280050064,-4.01511301640007,3.28300038835904,1
"virus_comp_36_cycle_2_97","fixed","cond",NA,"Dx.StatusCELIAC:onset_timeline_combinedt0-18",-18.9644896679187,7382.62623799836,-0.00256879991706861,0.997950396460511,-14488.6460274651,14450.7170481293,1
"virus_comp_36_cycle_2_97","fixed","cond",NA,"Dx.StatusCELIAC:onset_timeline_combinedt0-24",-18.4866869867503,3660.5595181646,-0.00505023532468595,0.995970512334617,-7193.05150585467,7156.07813188117,1
"virus_comp_36_cycle_2_97","fixed","cond",NA,"Dx.StatusCELIAC:onset_timeline_combinedt0-30",-18.3967023321743,5864.80409099207,-0.00313679741842193,0.997497201873855,-11513.2014970598,11476.4080923955,1
"virus_comp_36_cycle_2_97","fixed","cond",NA,"Dx.StatusCELIAC:onset_timeline_combinedt0-36",-2.22216697186735,1.67334110262416,-1.32798206437559,0.184184032132779,-5.50185526686125,1.05752132312655,1
"virus_comp_36_cycle_2_97","fixed","cond",NA,"Dx.StatusCELIAC:onset_timeline_combinedt0-over42",-1.41543444504216,1.62616591118916,-0.87041207499369,0.384075250181371,-4.60266106385968,1.77179217377536,1
"virus_comp_4028_cycle_1_1","fixed","cond",NA,"(Intercept)",-7.79067219661899,3.32653698339969,-2.34197672699763,0.0191819110020825,-14.3105648773229,-1.27077951591509,0.0609013689234018
"virus_comp_4028_cycle_1_1","fixed","cond",NA,"Dx.StatusCELIAC",-0.0343380739235755,2.44418571978618,-0.0140488808381466,0.988790983606458,-4.82485405623159,4.75617790838443,1
"virus_comp_4028_cycle_1_1","fixed","cond",NA,"onset_timeline_combinedt0-6",0.648665267795781,2.26903128925584,0.285877621374062,0.774971854325547,-3.79855433894015,5.09588487453171,1
"virus_comp_4028_cycle_1_1","fixed","cond",NA,"onset_timeline_combinedt0-12",-0.852210162011537,1.41768950372404,-0.601126099736874,0.547756000863712,-3.63083053057112,1.92641020654804,1
"virus_comp_4028_cycle_1_1","fixed","cond",NA,"onset_timeline_combinedt0-18",-1.83365726026841,3.42967149625855,-0.534645158368303,0.592895250682971,-8.55568987173876,4.88837535120195,1
"virus_comp_4028_cycle_1_1","fixed","cond",NA,"onset_timeline_combinedt0-24",-24.7282682544075,11194.352475695,-0.00220899496492514,0.998237478456012,-21965.2559508634,21915.7994143546,1
"virus_comp_4028_cycle_1_1","fixed","cond",NA,"onset_timeline_combinedt0-30",-3.39087869891449,2.53573192745797,-1.33723863401988,0.181144754771356,-8.36082195118045,1.57906455335146,0.926398228627919
"virus_comp_4028_cycle_1_1","fixed","cond",NA,"onset_timeline_combinedt0-36",-3.65165026921138,2.37076401816211,-1.54028416208302,0.123491102628476,-8.29826236065257,0.994961822229805,0.415174525657103
"virus_comp_4028_cycle_1_1","fixed","cond",NA,"onset_timeline_combinedt0-over42",-3.05139156787839,1.57836682449445,-1.93325880937452,0.0532043233179411,-6.14493369828037,0.0421505625235885,1
"virus_comp_4028_cycle_1_1","fixed","cond",NA,"SexMale",2.64420497274423,2.46331440697495,1.07343381147656,0.28307652094336,-2.18380254752531,7.47221249301378,1
"virus_comp_4028_cycle_1_1","fixed","cond",NA,"Age.at.Gluten.Introduction..months.",0.287708715914918,0.196559764921445,1.46372130649373,0.14327011146098,-0.0975413441407732,0.672958775970609,0.534261881153218
"virus_comp_4028_cycle_1_1","fixed","cond",NA,"HLA.CategoryHigh Risk",1.89577781955938,2.27257928219504,0.834196560011002,0.404170229300466,-2.55839572555479,6.34995136467355,0.956307212291697
"virus_comp_4028_cycle_1_1","fixed","cond",NA,"HLA.CategoryLow/No Risk",-1.38378718732912,3.59711947498725,-0.384693140428434,0.700464777976888,-8.43401180639176,5.66643743173351,1
"virus_comp_4028_cycle_1_1","fixed","cond",NA,"feeding_first_yearFormula",-0.145728988498931,3.04667451964634,-0.0478321486457464,0.961850014956886,-6.11710131962162,5.82564334262375,1
"virus_comp_4028_cycle_1_1","fixed","cond",NA,"feeding_first_yearBreastmilk_and_formula",-1.14038555742566,2.28160501500845,-0.499817255802023,0.617203759121675,-5.6122492137882,3.33147809893688,1
"virus_comp_4028_cycle_1_1","fixed","cond",NA,"Delivery.ModeC-Section",5.83446676540442,5.18649148163562,1.12493518712277,0.26061649994497,-4.33086974472518,15.999803275534,1
"virus_comp_4028_cycle_1_1","fixed","cond",NA,"Dx.StatusCELIAC:onset_timeline_combinedt0-6",-0.0117678763819045,3.85156933752365,-0.0030553458475372,0.997562190513219,-7.56070506188705,7.53716930912324,1
"virus_comp_4028_cycle_1_1","fixed","cond",NA,"Dx.StatusCELIAC:onset_timeline_combinedt0-12",3.70911525385362,2.21899228901784,1.67153138485909,0.0946167648879449,-0.640029714593428,8.05826022230068,0.62557843593998
"virus_comp_4028_cycle_1_1","fixed","cond",NA,"Dx.StatusCELIAC:onset_timeline_combinedt0-18",5.0807666441692,4.10524927207228,1.23762683029586,0.215854461223684,-2.96537407665174,13.1269073649901,1
"virus_comp_4028_cycle_1_1","fixed","cond",NA,"Dx.StatusCELIAC:onset_timeline_combinedt0-24",25.7696006904194,11194.3525734027,0.00230201796141805,0.998163257032132,-21914.7582734222,21966.297474803,1
"virus_comp_4028_cycle_1_1","fixed","cond",NA,"Dx.StatusCELIAC:onset_timeline_combinedt0-30",2.6908389784781,2.93955402483829,0.915390210807956,0.359986815618615,-3.07058104081471,8.45225899777092,1
"virus_comp_4028_cycle_1_1","fixed","cond",NA,"Dx.StatusCELIAC:onset_timeline_combinedt0-36",1.59194428766866,2.77089375931462,0.574523755130341,0.565613430214529,-3.83890768557478,7.02279626091211,1
"virus_comp_4028_cycle_1_1","fixed","cond",NA,"Dx.StatusCELIAC:onset_timeline_combinedt0-over42",1.12277620462855,2.0618508176075,0.544547740816369,0.586064605287045,-2.91837713937662,5.16392954863371,1
"virus_comp_4028_cycle_1_2","fixed","cond",NA,"(Intercept)",-10.0371896250907,4.38151640617468,-2.29080270267749,0.0219748272656816,-18.6248039788645,-1.44957527131699,0.0631423286334706
"virus_comp_4028_cycle_1_2","fixed","cond",NA,"Dx.StatusCELIAC",-1.70404215679408,3.54632983337737,-0.480508648901172,0.630865754737187,-8.65472090751364,5.24663659392549,1
"virus_comp_4028_cycle_1_2","fixed","cond",NA,"onset_timeline_combinedt0-6",0.854336093636487,2.67252971672946,0.319673187650086,0.749216087217796,-4.38372589876628,6.09239808603925,1
"virus_comp_4028_cycle_1_2","fixed","cond",NA,"onset_timeline_combinedt0-12",-3.06129271564047,2.08243926364248,-1.47005138113168,0.141547838642391,-7.14279867237185,1.0202132410909,1
"virus_comp_4028_cycle_1_2","fixed","cond",NA,"onset_timeline_combinedt0-18",-3.16390891923204,9.42988332527288,-0.335519413135526,0.737233302992066,-21.6461406151817,15.3183227767176,1
"virus_comp_4028_cycle_1_2","fixed","cond",NA,"onset_timeline_combinedt0-24",-6.02822011787474,3.7799174328735,-1.59480206245989,0.110756505708923,-13.4367221508419,1.38028191509241,1
"virus_comp_4028_cycle_1_2","fixed","cond",NA,"onset_timeline_combinedt0-30",-5.92683207402708,3.91606697698965,-1.51346545114076,0.130161470551963,-13.6021823099734,1.74851816191928,0.896700267679031
"virus_comp_4028_cycle_1_2","fixed","cond",NA,"onset_timeline_combinedt0-36",-6.02812111020691,3.77983372893692,-1.59481118549157,0.110754464980665,-13.436459086473,1.38021686605917,0.415174525657103
"virus_comp_4028_cycle_1_2","fixed","cond",NA,"onset_timeline_combinedt0-over42",-2.25331751013377,1.67654891960743,-1.34402133083083,0.17894148925963,-5.53929301088387,1.03265799061632,1
"virus_comp_4028_cycle_1_2","fixed","cond",NA,"SexMale",0.865708338054245,3.04692940856345,0.28412484241386,0.776314709647656,-5.10616356616604,6.83758024227453,1
"virus_comp_4028_cycle_1_2","fixed","cond",NA,"Age.at.Gluten.Introduction..months.",0.189541378613535,0.303956355236939,0.623580903468146,0.532902855130214,-0.406202130522928,0.785284887749998,0.946198952944221
"virus_comp_4028_cycle_1_2","fixed","cond",NA,"HLA.CategoryHigh Risk",2.02803067325307,2.93561530476173,0.690836660363328,0.489668194242547,-3.7256695965445,7.78173094305063,0.956307212291697
"virus_comp_4028_cycle_1_2","fixed","cond",NA,"HLA.CategoryLow/No Risk",0.576299751656301,4.45626822000079,0.129323398683619,0.897101757426005,-8.15782546499566,9.31042496830827,1
"virus_comp_4028_cycle_1_2","fixed","cond",NA,"feeding_first_yearFormula",-0.957907494629196,4.50469166504293,-0.212646628416924,0.831602598889971,-9.7869409195711,7.87112593031271,1
"virus_comp_4028_cycle_1_2","fixed","cond",NA,"feeding_first_yearBreastmilk_and_formula",-0.0163159702794509,3.05791664939007,-0.00533564912003251,0.995742788145142,-6.00972247080937,5.97709053025047,1
"virus_comp_4028_cycle_1_2","fixed","cond",NA,"Delivery.ModeC-Section",7.80151296320181,8.47613707911099,0.920409013019415,0.357359060445781,-8.81141043988025,24.4144363662839,1
"virus_comp_4028_cycle_1_2","fixed","cond",NA,"Dx.StatusCELIAC:onset_timeline_combinedt0-6",0.446898965892651,5.36797496992771,0.0832528035984246,0.933650527226392,-10.0741386450781,10.9679365768634,1
"virus_comp_4028_cycle_1_2","fixed","cond",NA,"Dx.StatusCELIAC:onset_timeline_combinedt0-12",6.91295583121796,3.22734525526163,2.14199451389577,0.0321939235000596,0.587475365228947,13.238436297207,0.495197275137783
"virus_comp_4028_cycle_1_2","fixed","cond",NA,"Dx.StatusCELIAC:onset_timeline_combinedt0-18",7.57844752413909,9.89391510936696,0.765970542537228,0.443693830002921,-11.8132697563168,26.970164804595,1
"virus_comp_4028_cycle_1_2","fixed","cond",NA,"Dx.StatusCELIAC:onset_timeline_combinedt0-24",7.15924700046536,4.09415532891226,1.74865055800593,0.0803514412910099,-0.865149991315411,15.1836439922461,1
"virus_comp_4028_cycle_1_2","fixed","cond",NA,"Dx.StatusCELIAC:onset_timeline_combinedt0-30",5.13286190789313,4.22768553145939,1.21410683687281,0.224706929588538,-3.15324947172836,13.4189732875146,1
"virus_comp_4028_cycle_1_2","fixed","cond",NA,"Dx.StatusCELIAC:onset_timeline_combinedt0-36",3.71671358319838,4.07023486870755,0.913144745472286,0.361166419723994,-4.26080016808753,11.6942273344843,1
"virus_comp_4028_cycle_1_2","fixed","cond",NA,"Dx.StatusCELIAC:onset_timeline_combinedt0-over42",0.0524576346544791,2.19375718553938,0.0239122337696555,0.980922615936768,-4.24722743982865,4.35214270913761,1
"virus_comp_4092_cycle_1_5","fixed","cond",NA,"(Intercept)",-24.2291409310135,82477.3336154714,-0.000293767267549838,0.999765607636124,-161676.83256815,161628.374286288,0.999999834899283
"virus_comp_4092_cycle_1_5","fixed","cond",NA,"Dx.StatusCELIAC",0.552792730532689,98576.0334376337,5.60778022055864e-06,0.999995525638742,-193204.922483848,193206.028069309,1
"virus_comp_4092_cycle_1_5","fixed","cond",NA,"onset_timeline_combinedt0-6",-3.37616377604874,990381.733033459,-3.40895198632938e-06,0.999997280049842,-1941115.90385572,1941109.15152817,1
"virus_comp_4092_cycle_1_5","fixed","cond",NA,"onset_timeline_combinedt0-12",-2.6149288630793,321300.166554309,-8.13858545771187e-06,0.999993506348317,-629739.36960203,629734.139744304,1
"virus_comp_4092_cycle_1_5","fixed","cond",NA,"onset_timeline_combinedt0-18",-2.88827709775608,530912.678669805,-5.44021119441454e-06,0.99999565933948,-1040572.6174056,1040566.84085141,1
"virus_comp_4092_cycle_1_5","fixed","cond",NA,"onset_timeline_combinedt0-24",-4.54456064709372,899796.734634301,-5.05065252202848e-06,0.999995970162331,-1763573.73785062,1763564.64872933,1
"virus_comp_4092_cycle_1_5","fixed","cond",NA,"onset_timeline_combinedt0-30",23.1446732961513,82477.3341702857,0.00028061859090118,0.999776098761784,-161629.459841338,161675.749187931,1
"virus_comp_4092_cycle_1_5","fixed","cond",NA,"onset_timeline_combinedt0-36",23.1446731905781,82477.3341702853,0.000280618589621154,0.999776098762806,-161629.459841443,161675.749187824,1
"virus_comp_4092_cycle_1_5","fixed","cond",NA,"onset_timeline_combinedt0-over42",-3.15288439959138,406403.536515477,-7.75801418123563e-06,0.999993810000262,-796539.447644442,796533.141875643,1
"virus_comp_4092_cycle_1_5","fixed","cond",NA,"SexMale",-0.966285642966393,1.6470040392881,-0.586692940585661,0.557409949804482,-4.19435424236305,2.26178295643026,1
"virus_comp_4092_cycle_1_5","fixed","cond",NA,"Age.at.Gluten.Introduction..months.",-0.256551364043853,0.329796389831117,-0.77790834573789,0.436623047878816,-0.902940410344174,0.389837682256469,0.946198952944221
"virus_comp_4092_cycle_1_5","fixed","cond",NA,"HLA.CategoryHigh Risk",0.588120411665918,1.22266796421374,0.481014002885174,0.630506546576556,-1.80826476324392,2.98450558657576,0.992982795983933
"virus_comp_4092_cycle_1_5","fixed","cond",NA,"HLA.CategoryLow/No Risk",-21.5638469440837,67354.6189929025,-0.00032015394439921,0.999744554115048,-132034.19126545,131991.063571562,1
"virus_comp_4092_cycle_1_5","fixed","cond",NA,"feeding_first_yearFormula",0.770485393108554,1.67804663184993,0.459156127418906,0.646122053360159,-2.51842556969606,4.05939635591317,1
"virus_comp_4092_cycle_1_5","fixed","cond",NA,"feeding_first_yearBreastmilk_and_formula",1.0411883592193,1.26673986178946,0.82194331340332,0.411109160120564,-1.4415761476693,3.52395286610789,0.844144142114224
"virus_comp_4092_cycle_1_5","fixed","cond",NA,"Delivery.ModeC-Section",-0.860540889418866,240815.292361672,-3.57344785283174e-06,0.99999714880113,-471990.16049625,471988.439414471,1
"virus_comp_4092_cycle_1_5","fixed","cond",NA,"Dx.StatusCELIAC:onset_timeline_combinedt0-6",-2.47677313557456,1949105.73387357,-1.27072282048667e-06,0.99999898610988,-3820179.51722584,3820174.56367957,1
"virus_comp_4092_cycle_1_5","fixed","cond",NA,"Dx.StatusCELIAC:onset_timeline_combinedt0-12",24.7955494958694,325883.971781569,7.60870482838266e-05,0.999939291318956,-638696.052281247,638745.643380239,1
"virus_comp_4092_cycle_1_5","fixed","cond",NA,"Dx.StatusCELIAC:onset_timeline_combinedt0-18",26.6031039087977,533892.987223115,4.98285322067364e-05,0.999960242583481,-1046384.4234519,1046437.62965972,1
"virus_comp_4092_cycle_1_5","fixed","cond",NA,"Dx.StatusCELIAC:onset_timeline_combinedt0-24",-1.60674134383365,1728896.69516922,-9.29344910151726e-07,0.999999258490045,-3388576.86226333,3388573.64878065,1
"virus_comp_4092_cycle_1_5","fixed","cond",NA,"Dx.StatusCELIAC:onset_timeline_combinedt0-30",-22.3502095735176,109943.630001833,-0.000203287899200209,0.999837799724947,-215507.905342763,215463.204923615,1
"virus_comp_4092_cycle_1_5","fixed","cond",NA,"Dx.StatusCELIAC:onset_timeline_combinedt0-36",-22.2389072171103,107669.831063338,-0.00020654724724169,0.999835199141521,-211051.230012872,211006.752198438,1
"virus_comp_4092_cycle_1_5","fixed","cond",NA,"Dx.StatusCELIAC:onset_timeline_combinedt0-over42",26.1132526529918,409831.176236097,6.37170966172382e-05,0.999949161112384,-803228.231911784,803280.45841709,1
"virus_comp_42_cycle_1_1","fixed","cond",NA,"(Intercept)",-5.52726815895839,1.68234577510685,-3.28545311002273,0.00101818487938899,-8.82460528771093,-2.22993103020585,0.0307491833575475
"virus_comp_42_cycle_1_1","fixed","cond",NA,"Dx.StatusCELIAC",-0.38724001763296,1.26435457670628,-0.306274857359827,0.759395380889997,-2.86532945166565,2.09084941639973,1
"virus_comp_42_cycle_1_1","fixed","cond",NA,"onset_timeline_combinedt0-6",-19.12252225457,13754.8287461749,-0.00139024066438397,0.998890748795409,-26978.0914782736,26939.8464337645,1
"virus_comp_42_cycle_1_1","fixed","cond",NA,"onset_timeline_combinedt0-12",-0.563086447418342,1.36028918790707,-0.413946131766807,0.678913557964894,-3.22920426427543,2.10303136943875,1
"virus_comp_42_cycle_1_1","fixed","cond",NA,"onset_timeline_combinedt0-18",1.77659549063439,1.31976926112928,1.34614098309444,0.178257053721214,-0.810104729082038,4.36329571035083,1
"virus_comp_42_cycle_1_1","fixed","cond",NA,"onset_timeline_combinedt0-24",1.07760920021318,1.09847145228137,0.981007925126448,0.326588833406947,-1.07535528430371,3.23057368473007,1
"virus_comp_42_cycle_1_1","fixed","cond",NA,"onset_timeline_combinedt0-30",1.45554528966431,1.12366615165493,1.29535386246225,0.195198186253038,-0.746799898226074,3.65789047755469,0.93682885018708
"virus_comp_42_cycle_1_1","fixed","cond",NA,"onset_timeline_combinedt0-36",1.99086770470143,1.07228411398873,1.85666063567398,0.0633594512776994,-0.11077053991093,4.09250594931378,0.415174525657103
"virus_comp_42_cycle_1_1","fixed","cond",NA,"onset_timeline_combinedt0-over42",0.122406141172851,1.13579569922648,0.107771266660205,0.914177135991766,-2.10371252310654,2.34852480545224,1
"virus_comp_42_cycle_1_1","fixed","cond",NA,"SexMale",-0.291726345438717,0.796776375850126,-0.366133276890216,0.714265627551214,-1.85337934583731,1.26992665495988,1
"virus_comp_42_cycle_1_1","fixed","cond",NA,"Age.at.Gluten.Introduction..months.",0.233207814589822,0.127176603128973,1.83373206118204,0.0666937769646764,-0.0160537472191094,0.482469376398754,0.534261881153218
"virus_comp_42_cycle_1_1","fixed","cond",NA,"HLA.CategoryHigh Risk",2.03644792910569,0.792391793449627,2.57000128716647,0.0101698137113444,0.483388552299319,3.58950730591206,0.196230173052655
"virus_comp_42_cycle_1_1","fixed","cond",NA,"HLA.CategoryLow/No Risk",-2.87314140339,3.50916495432026,-0.818753589754386,0.412927014694697,-9.75097832966784,4.00469552288785,1
"virus_comp_42_cycle_1_1","fixed","cond",NA,"feeding_first_yearFormula",-0.167827928501616,1.01769531027933,-0.164909798449943,0.869014979949036,-2.16247408388441,1.82681822688118,1
"virus_comp_42_cycle_1_1","fixed","cond",NA,"feeding_first_yearBreastmilk_and_formula",0.871233337185718,0.760327220426055,1.14586629779941,0.251850478017662,-0.618980631314797,2.36144730568623,0.822255833681735
"virus_comp_42_cycle_1_1","fixed","cond",NA,"Delivery.ModeC-Section",3.01730377369457,3.06395869555185,0.984772992558608,0.324735589491009,-2.98794491970539,9.02255246709452,1
"virus_comp_42_cycle_1_1","fixed","cond",NA,"Dx.StatusCELIAC:onset_timeline_combinedt0-6",-0.444341582068927,33686.5068977005,-1.31904914753645e-05,0.999989475510503,-66024.7846260352,66023.895942871,1
"virus_comp_42_cycle_1_1","fixed","cond",NA,"Dx.StatusCELIAC:onset_timeline_combinedt0-12",-0.262491072606919,1.99591386499908,-0.131514228750067,0.895368531420547,-4.17441036424926,3.64942821903542,1
"virus_comp_42_cycle_1_1","fixed","cond",NA,"Dx.StatusCELIAC:onset_timeline_combinedt0-18",-27.4122541850963,497780.90957947,-5.50689141699999e-05,0.999956061363626,-975660.067221535,975605.242713164,1
"virus_comp_42_cycle_1_1","fixed","cond",NA,"Dx.StatusCELIAC:onset_timeline_combinedt0-24",-26.8590694450897,222166.358545746,-0.000120896204181873,0.999903538785459,-435464.92039552,435411.20225663,1
"virus_comp_42_cycle_1_1","fixed","cond",NA,"Dx.StatusCELIAC:onset_timeline_combinedt0-30",-27.0640214991823,314166.484083921,-8.61454765873528e-05,0.999931265854333,-615782.05797556,615727.929932561,1
"virus_comp_42_cycle_1_1","fixed","cond",NA,"Dx.StatusCELIAC:onset_timeline_combinedt0-36",-2.76496286398847,1.82803009077347,-1.51253684386484,0.130397347053249,-6.34783600455995,0.817910276583017,1
"virus_comp_42_cycle_1_1","fixed","cond",NA,"Dx.StatusCELIAC:onset_timeline_combinedt0-over42",-1.48371771724068,1.76152119831033,-0.842293421540356,0.39962373240239,-4.93623582393277,1.96880038945141,1
"virus_comp_42_cycle_1_4","fixed","cond",NA,"(Intercept)",-5.63407089113737,2.03926005449916,-2.76280157535919,0.00573075934519664,-9.63094715306691,-1.63719462920782,0.045544455848668
"virus_comp_42_cycle_1_4","fixed","cond",NA,"Dx.StatusCELIAC",0.568803400510597,1.19281521942739,0.476857933438887,0.633463288749372,-1.76907146977833,2.90667827079952,1
"virus_comp_42_cycle_1_4","fixed","cond",NA,"onset_timeline_combinedt0-6",-19.5226727060514,17128.5135566457,-0.00113977623577714,0.999090590335604,-33590.7923524377,33551.7470070256,1
"virus_comp_42_cycle_1_4","fixed","cond",NA,"onset_timeline_combinedt0-12",-0.478693217937527,1.37323677499679,-0.348587531774078,0.727398989493855,-3.17018783917717,2.21280140330212,1
"virus_comp_42_cycle_1_4","fixed","cond",NA,"onset_timeline_combinedt0-18",1.67007647911755,1.32278545547098,1.26254523907123,0.206752658489939,-0.922535372878973,4.26268833111408,1
"virus_comp_42_cycle_1_4","fixed","cond",NA,"onset_timeline_combinedt0-24",0.973399216532177,1.10429165409395,0.881469322821995,0.378063850985311,-1.19097265392013,3.13777108698448,1
"virus_comp_42_cycle_1_4","fixed","cond",NA,"onset_timeline_combinedt0-30",1.34416889915177,1.12695175389297,1.19274751071503,0.232968272487767,-0.864615950792696,3.55295374909624,0.93682885018708
"virus_comp_42_cycle_1_4","fixed","cond",NA,"onset_timeline_combinedt0-36",1.89221499510637,1.07407739723254,1.761711958544,0.078117976339837,-0.212938020077921,3.99736801029066,0.415174525657103
"virus_comp_42_cycle_1_4","fixed","cond",NA,"onset_timeline_combinedt0-over42",-0.00390963207593774,1.13794613597779,-0.00343569168375298,0.997258720042857,-2.23424307493893,2.22642381078706,1
"virus_comp_42_cycle_1_4","fixed","cond",NA,"SexMale",-1.26232432055225,1.0989811738355,-1.1486314330087,0.250707990060945,-3.41628784095738,0.891639199852878,1
"virus_comp_42_cycle_1_4","fixed","cond",NA,"Age.at.Gluten.Introduction..months.",0.344052210244374,0.188482816675146,1.82537706255395,0.0679441482368671,-0.0253673221435783,0.713471742632326,0.534261881153218
"virus_comp_42_cycle_1_4","fixed","cond",NA,"HLA.CategoryHigh Risk",1.21956064599491,0.75058502077305,1.62481346182322,0.104202311763538,-0.251558962055514,2.69068025404534,0.510927464130896
"virus_comp_42_cycle_1_4","fixed","cond",NA,"HLA.CategoryLow/No Risk",-6.53035656404101,5.23869593852557,-1.24656148031355,0.212558333094349,-16.7980119295074,3.73729880142536,1
"virus_comp_42_cycle_1_4","fixed","cond",NA,"feeding_first_yearFormula",-0.303514464596946,1.06222708048768,-0.285734067764116,0.775081809712468,-2.38544128575592,1.77841235656203,1
"virus_comp_42_cycle_1_4","fixed","cond",NA,"feeding_first_yearBreastmilk_and_formula",0.161064941083068,0.788149105272578,0.204358464668135,0.838073385610474,-1.38367891969865,1.70580880186479,1
"virus_comp_42_cycle_1_4","fixed","cond",NA,"Delivery.ModeC-Section",5.81176926629635,4.44473990120785,1.30756116116424,0.191022197511017,-2.89976086071915,14.5232993933119,1
"virus_comp_42_cycle_1_4","fixed","cond",NA,"Dx.StatusCELIAC:onset_timeline_combinedt0-6",-1.01140810363139,42972.7620367609,-2.35360273739489e-05,0.999981220967137,-84226.077316365,84224.0545001577,1
"virus_comp_42_cycle_1_4","fixed","cond",NA,"Dx.StatusCELIAC:onset_timeline_combinedt0-12",-1.01164794599523,1.95071499548274,-0.518603664983299,0.604037152786653,-4.83497908124362,2.81168318925316,1
"virus_comp_42_cycle_1_4","fixed","cond",NA,"Dx.StatusCELIAC:onset_timeline_combinedt0-18",-26.5090557484699,187598.445689119,-0.000141307438081869,0.999887252977203,-367712.706162114,367659.688050617,1
"virus_comp_42_cycle_1_4","fixed","cond",NA,"Dx.StatusCELIAC:onset_timeline_combinedt0-24",-26.0725227685432,116509.334143053,-0.000223780549089147,0.999821448956364,-228380.171305894,228328.026260357,1
"virus_comp_42_cycle_1_4","fixed","cond",NA,"Dx.StatusCELIAC:onset_timeline_combinedt0-30",-26.1629980090349,148202.897545962,-0.00017653499656389,0.999859145452532,-290498.504592574,290446.178596556,1
"virus_comp_42_cycle_1_4","fixed","cond",NA,"Dx.StatusCELIAC:onset_timeline_combinedt0-36",-3.31232903555887,1.78219258564516,-1.85856964182117,0.0630881635288405,-6.8053623169377,0.180704245819951,0.732793284065763
"virus_comp_42_cycle_1_4","fixed","cond",NA,"Dx.StatusCELIAC:onset_timeline_combinedt0-over42",-1.83069420581039,1.74729854887354,-1.0477283386921,0.294763787180464,-5.25533643184162,1.59394802022085,1
"virus_comp_4247_cycle_1_4","fixed","cond",NA,"(Intercept)",-21.1236916077702,21.1055707190493,-1.00085858321303,0.316895182231038,-62.48985009027,20.2424668747296,0.48334517693825
"virus_comp_4247_cycle_1_4","fixed","cond",NA,"Dx.StatusCELIAC",3.59353673676797,7.13347551147753,0.503756791620871,0.614432294405559,-10.3878183503264,17.5748918238624,1
"virus_comp_4247_cycle_1_4","fixed","cond",NA,"onset_timeline_combinedt0-6",-18.162991817231,62520.1683775068,-0.000290514121899991,0.999768203270701,-122555.44131911,122519.115335476,1
"virus_comp_4247_cycle_1_4","fixed","cond",NA,"onset_timeline_combinedt0-12",-17.0779731838991,427.457543718361,-0.0399524430785371,0.968131040919973,-854.879363791843,820.723417424045,1
"virus_comp_4247_cycle_1_4","fixed","cond",NA,"onset_timeline_combinedt0-18",0.23925354583816,4.89624916858246,0.0488646589665753,0.96102715325944,-9.35721848391764,9.83572557559396,1
"virus_comp_4247_cycle_1_4","fixed","cond",NA,"onset_timeline_combinedt0-24",0.238640055990195,4.89555124006598,0.0487463095140597,0.961121470063261,-9.35646405900952,9.8337441709899,1
"virus_comp_4247_cycle_1_4","fixed","cond",NA,"onset_timeline_combinedt0-30",7.22847035867401,6.28842546234791,1.14948811939565,0.250354762894398,-5.09661706699253,19.5535577843406,0.93682885018708
"virus_comp_4247_cycle_1_4","fixed","cond",NA,"onset_timeline_combinedt0-36",-17.6246625690512,561.820705499678,-0.03137061770156,0.974973973291162,-1118.7730111173,1083.5236859792,1
"virus_comp_4247_cycle_1_4","fixed","cond",NA,"onset_timeline_combinedt0-over42",-6.85769070839664,3082.85511424658,-0.00222446091504777,0.99822513844351,-6049.14268418681,6035.42730277001,1
"virus_comp_4247_cycle_1_4","fixed","cond",NA,"SexMale",-24.1846123872245,17306.5706015809,-0.0013974237267443,0.99888501754642,-33944.4396873856,33896.0704626111,1
"virus_comp_4247_cycle_1_4","fixed","cond",NA,"Age.at.Gluten.Introduction..months.",0.966471709133404,1.83922671960018,0.525477201279188,0.599251498144636,-2.6383464206867,4.5712898389535,0.974508555812319
"virus_comp_4247_cycle_1_4","fixed","cond",NA,"HLA.CategoryHigh Risk",1.7062144047187,4.89093917483162,0.348852100532908,0.727200346926657,-7.87985022852733,11.2922790379647,0.992982795983933
"virus_comp_4247_cycle_1_4","fixed","cond",NA,"HLA.CategoryLow/No Risk",0.574104960861769,5207.24476525082,0.000110251195544505,0.999912032273443,-10205.4380936155,10206.5863035372,1
"virus_comp_4247_cycle_1_4","fixed","cond",NA,"feeding_first_yearFormula",-0.534716513506204,5.86086200206114,-0.0912351311663976,0.927305760713677,-12.0217949559053,10.9523619288929,1
"virus_comp_4247_cycle_1_4","fixed","cond",NA,"feeding_first_yearBreastmilk_and_formula",-17.8035069441442,5207.03079617694,-0.00341912841330145,0.997271935543004,-10223.3963338419,10187.7893199536,1
"virus_comp_4247_cycle_1_4","fixed","cond",NA,"Delivery.ModeC-Section",-12.4533130209214,14540.7580270202,-0.000856441802950032,0.999316658391738,-28511.8153538923,28486.9087278504,1
"virus_comp_4247_cycle_1_4","fixed","cond",NA,"Dx.StatusCELIAC:onset_timeline_combinedt0-6",0.768113999412578,92365.7634259268,8.31600336447791e-06,0.999993364789308,-181032.801605364,181034.337833363,1
"virus_comp_4247_cycle_1_4","fixed","cond",NA,"Dx.StatusCELIAC:onset_timeline_combinedt0-12",-0.605805337203024,4013.69406454355,-0.000150934607237415,0.999879571607652,-7867.30161680475,7866.09000613034,1
"virus_comp_4247_cycle_1_4","fixed","cond",NA,"Dx.StatusCELIAC:onset_timeline_combinedt0-18",-18.0360261937918,5707.52045321982,-0.00316004582753918,0.997478652419094,-11204.5705555304,11168.4985031428,1
"virus_comp_4247_cycle_1_4","fixed","cond",NA,"Dx.StatusCELIAC:onset_timeline_combinedt0-24",-0.217504886427306,5.4171445090859,-0.0401512062420516,0.967972578010826,-10.8349130232846,10.39990325043,1
"virus_comp_4247_cycle_1_4","fixed","cond",NA,"Dx.StatusCELIAC:onset_timeline_combinedt0-30",-26.8551760542137,14251.0714788166,-0.00188443206492455,0.998496441639392,-27958.4420156407,27904.7316635323,1
"virus_comp_4247_cycle_1_4","fixed","cond",NA,"Dx.StatusCELIAC:onset_timeline_combinedt0-36",-1.08154604616297,6686.28441969884,-0.000161755913789214,0.999870937454332,-13105.9581990472,13103.7951069549,1
"virus_comp_4247_cycle_1_4","fixed","cond",NA,"Dx.StatusCELIAC:onset_timeline_combinedt0-over42",6.34169288136165,3082.855696337,0.00205708392024212,0.998358685657326,-6035.9444414733,6048.62782723602,1
"virus_comp_4271_cycle_1_3","fixed","cond",NA,"(Intercept)",-255.376412920878,243.661023539774,-1.04808068689407,0.294601433590518,-732.943243495002,222.190417653246,0.458606355383177
"virus_comp_4271_cycle_1_3","fixed","cond",NA,"Dx.StatusCELIAC",-194.407078810042,19553352336328.2,-9.94239123123931e-12,0.999999999992067,-38323866356419.8,38323866356031,1
"virus_comp_4271_cycle_1_3","fixed","cond",NA,"onset_timeline_combinedt0-6",-162.087763964051,5.44693133300004e+53,-2.97576293980518e-52,1,-1.06757892389428e+54,1.06757892389428e+54,1
"virus_comp_4271_cycle_1_3","fixed","cond",NA,"onset_timeline_combinedt0-12",-12.2827900815411,413.8588418887,-0.0296786943719432,0.976323303864104,-823.431214866849,798.865634703767,1
"virus_comp_4271_cycle_1_3","fixed","cond",NA,"onset_timeline_combinedt0-18",-242.662345572242,1.22269841165603e+55,-1.98464595405485e-53,1,-2.39644485080014e+55,2.39644485080014e+55,1
"virus_comp_4271_cycle_1_3","fixed","cond",NA,"onset_timeline_combinedt0-30",-265.913142161184,3.59836539544533e+52,-7.38983157457456e-51,1,-7.05266657828807e+52,7.05266657828807e+52,1
"virus_comp_4271_cycle_1_3","fixed","cond",NA,"SexMale",-530.702757640776,9.86317607528844e+56,-5.38064771012674e-55,1,-1.93314698807425e+57,1.93314698807425e+57,1
"virus_comp_4271_cycle_1_3","fixed","cond",NA,"Age.at.Gluten.Introduction..months.",34.9074682341232,7.90975183891287,4.4132191432849,1.01844813215701e-05,19.4046395032045,50.4102969650419,0.00152767219823551
"virus_comp_4271_cycle_1_3","fixed","cond",NA,"HLA.CategoryHigh Risk",-248.889566732456,3461315311621435392,-7.19060658521354e-17,1,-6784053349915044864,6784053349915044864,1
"virus_comp_4271_cycle_1_3","fixed","cond",NA,"feeding_first_yearFormula",-251.379065959754,3.63237384971775e+64,-6.92051744561721e-63,1,-7.1193219238319e+64,7.1193219238319e+64,1
"virus_comp_4271_cycle_1_3","fixed","cond",NA,"feeding_first_yearBreastmilk_and_formula",-324.641056581735,54781396112853.2,-5.92611871214369e-12,0.999999999995272,-107369563404339,107369563403690,1
"virus_comp_4271_cycle_1_3","fixed","cond",NA,"Delivery.ModeC-Section",-353.963020944853,1.72765689542775e+125,-2.04880391402724e-123,1,-3.38614529268067e+125,3.38614529268067e+125,1
"virus_comp_4271_cycle_1_3","fixed","cond",NA,"Dx.StatusCELIAC:onset_timeline_combinedt0-6",-15.3579582439321,9.56201617659387e+67,-1.6061422570614e-67,1,-1.87412073257134e+68,1.87412073257134e+68,1
"virus_comp_4271_cycle_1_3","fixed","cond",NA,"Dx.StatusCELIAC:onset_timeline_combinedt0-12",-688.363306288032,3.56799200866397e+83,-1.92927367722942e-81,1,-6.9931358341081e+83,6.9931358341081e+83,1
"virus_comp_4271_cycle_1_3","fixed","cond",NA,"Dx.StatusCELIAC:onset_timeline_combinedt0-18",-1.3088466871309,2.66914242783934e+82,-4.90362250241701e-83,1,-5.23142302817291e+82,5.23142302817291e+82,1
"virus_comp_4271_cycle_1_3","fixed","cond",NA,"Dx.StatusCELIAC:onset_timeline_combinedt0-30",16.8399490136275,3.42182003618297e+83,4.92134268768046e-83,1,-6.70664403249616e+83,6.70664403249616e+83,1
"virus_comp_5117_cycle_1_1","fixed","cond",NA,"(Intercept)",-7.98274141224972,3.57326554097109,-2.23401852471347,0.025481854201375,-14.9862131797511,-0.979269644748343,0.0654570784383118
"virus_comp_5117_cycle_1_1","fixed","cond",NA,"Dx.StatusCELIAC",0.237947422787619,2.65397930917832,0.0896568492319137,0.928559907108918,-4.96375643891637,5.43965128449161,1
"virus_comp_5117_cycle_1_1","fixed","cond",NA,"onset_timeline_combinedt0-6",0.452056215920473,2.34691667581064,0.192617070976467,0.847258874580365,-4.14781594338485,5.05192837522579,1
"virus_comp_5117_cycle_1_1","fixed","cond",NA,"onset_timeline_combinedt0-12",-1.94863952277649,1.55988753578061,-1.24921795839681,0.211585365349926,-5.00596291283941,1.10868386728643,1
"virus_comp_5117_cycle_1_1","fixed","cond",NA,"onset_timeline_combinedt0-18",-2.81791962193943,4.85367169498517,-0.580574830566088,0.561527039755698,-12.3309413368919,6.69510209301298,1
"virus_comp_5117_cycle_1_1","fixed","cond",NA,"onset_timeline_combinedt0-24",-5.36840558619926,2.7716880719776,-1.93687220451503,0.0527609669123755,-10.8008143836546,0.0640032112560993,1
"virus_comp_5117_cycle_1_1","fixed","cond",NA,"onset_timeline_combinedt0-30",-5.20767702494084,2.9233025232395,-1.78143622958662,0.074841214023471,-10.9372446864053,0.521890636523651,0.896700267679031
"virus_comp_5117_cycle_1_1","fixed","cond",NA,"onset_timeline_combinedt0-36",-2.86387928747134,1.83655871078844,-1.55937257581157,0.118908223255185,-6.46346821611,0.735709641167312,0.415174525657103
"virus_comp_5117_cycle_1_1","fixed","cond",NA,"onset_timeline_combinedt0-over42",-2.86634726409539,1.48282628701213,-1.9330297076612,0.0532325382504429,-5.77263338196841,0.0399388537776266,1
"virus_comp_5117_cycle_1_1","fixed","cond",NA,"SexMale",2.64182005902538,2.80957819333021,0.940290633411423,0.347068502786779,-2.86485201165094,8.1484921297017,1
"virus_comp_5117_cycle_1_1","fixed","cond",NA,"Age.at.Gluten.Introduction..months.",0.290746126110806,0.224165455918956,1.29701574633302,0.194625768935302,-0.148610094068349,0.730102346289961,0.572428732162652
"virus_comp_5117_cycle_1_1","fixed","cond",NA,"HLA.CategoryHigh Risk",2.03155509734605,2.50041160524638,0.812488269164736,0.41651151510259,-2.86916159546284,6.93227179015494,0.956307212291697
"virus_comp_5117_cycle_1_1","fixed","cond",NA,"HLA.CategoryLow/No Risk",-1.32408481247179,3.9706879574709,-0.333464836988892,0.738783427991194,-9.10649020296166,6.45832057801808,1
"virus_comp_5117_cycle_1_1","fixed","cond",NA,"feeding_first_yearFormula",-0.0565073823033731,3.5154461338245,-0.0160740287725297,0.987175332875823,-6.94665519418996,6.83364042958321,1
"virus_comp_5117_cycle_1_1","fixed","cond",NA,"feeding_first_yearBreastmilk_and_formula",-1.20188366026507,2.54730069727796,-0.471826377447077,0.637050721617561,-6.19450128472363,3.79073396419349,1
"virus_comp_5117_cycle_1_1","fixed","cond",NA,"Delivery.ModeC-Section",7.26626817566958,5.81063699470102,1.25051146411246,0.21111277014966,-4.12237106118047,18.6549074125196,1
"virus_comp_5117_cycle_1_1","fixed","cond",NA,"Dx.StatusCELIAC:onset_timeline_combinedt0-6",-0.447842567981322,4.01882647755932,-0.111436154430161,0.911270491499225,-8.32459772411356,7.42891258815092,1
"virus_comp_5117_cycle_1_1","fixed","cond",NA,"Dx.StatusCELIAC:onset_timeline_combinedt0-12",3.92174769709816,2.24058167837426,1.75032570111157,0.0800621285050002,-0.4697116969357,8.31320709113202,0.614632371662097
"virus_comp_5117_cycle_1_1","fixed","cond",NA,"Dx.StatusCELIAC:onset_timeline_combinedt0-18",4.8860663500061,5.31467934758294,0.919352990172067,0.357910969464449,-5.53051376063528,15.3026464606475,1
"virus_comp_5117_cycle_1_1","fixed","cond",NA,"Dx.StatusCELIAC:onset_timeline_combinedt0-24",5.4633635559782,3.07925325882474,1.7742495003686,0.0760218896413796,-0.571861930595894,11.4985890425523,1
"virus_comp_5117_cycle_1_1","fixed","cond",NA,"Dx.StatusCELIAC:onset_timeline_combinedt0-30",3.58414582997522,3.23934281293251,1.10644227454598,0.268535136331341,-2.76484941695117,9.9331410769016,1
"virus_comp_5117_cycle_1_1","fixed","cond",NA,"Dx.StatusCELIAC:onset_timeline_combinedt0-36",-0.0355761700027116,2.35384212357267,-0.0151140850299314,0.987941164016875,-4.64902195749843,4.577869617493,1
"virus_comp_5117_cycle_1_1","fixed","cond",NA,"Dx.StatusCELIAC:onset_timeline_combinedt0-over42",0.170434081632767,1.99850414158843,0.0852808248359718,0.932038135554755,-3.74656205883468,4.08743022210022,1
"virus_comp_5117_cycle_1_2","fixed","cond",NA,"(Intercept)",-11.3317777548117,4.80939532845448,-2.35617514903962,0.01846420944026,-20.7580193859976,-1.9055361236257,0.0609013689234018
"virus_comp_5117_cycle_1_2","fixed","cond",NA,"Dx.StatusCELIAC",-1.96078505357906,3.63576494973152,-0.53930468022248,0.589676639978976,-9.08675341130592,5.1651833041478,1
"virus_comp_5117_cycle_1_2","fixed","cond",NA,"onset_timeline_combinedt0-6",0.409218934433093,2.87869824920291,0.1421541610158,0.886958238208037,-5.23292595636311,6.0513638252293,1
"virus_comp_5117_cycle_1_2","fixed","cond",NA,"onset_timeline_combinedt0-12",-6.02923334508568,3.1804080856456,-1.89574205030415,0.0579941620029433,-12.262718649091,0.204251958919673,1
"virus_comp_5117_cycle_1_2","fixed","cond",NA,"onset_timeline_combinedt0-18",-4.51541217355616,21.7006602051463,-0.208077179720335,0.835168705134772,-47.0479246163845,38.0171002692722,1
"virus_comp_5117_cycle_1_2","fixed","cond",NA,"onset_timeline_combinedt0-24",-9.30584908061264,4.73325306318128,-1.96605779500792,0.0492919348966942,-18.5828546141618,-0.0288435470634543,1
"virus_comp_5117_cycle_1_2","fixed","cond",NA,"onset_timeline_combinedt0-30",-9.20890051968641,4.83436424001548,-1.90488346812215,0.0567952206716009,-18.6840803182651,0.266279278892277,0.896700267679031
"virus_comp_5117_cycle_1_2","fixed","cond",NA,"onset_timeline_combinedt0-36",-5.52069880822689,3.45383852928976,-1.59842411896487,0.109948620441815,-12.2900979340516,1.24870031759782,0.415174525657103
"virus_comp_5117_cycle_1_2","fixed","cond",NA,"onset_timeline_combinedt0-over42",-4.95977190648796,3.13475470391326,-1.58218820129577,0.113606613046394,-11.1037782265255,1.18423441354954,1
"virus_comp_5117_cycle_1_2","fixed","cond",NA,"SexMale",1.16891073064306,3.27090673535219,0.357365961557199,0.720817855327711,-5.24194866743672,7.57977012872283,1
"virus_comp_5117_cycle_1_2","fixed","cond",NA,"Age.at.Gluten.Introduction..months.",0.25829259083387,0.363508758238865,0.710553968727608,0.477360676343461,-0.454171483379183,0.970756665046924,0.946198952944221
"virus_comp_5117_cycle_1_2","fixed","cond",NA,"HLA.CategoryHigh Risk",0.690153013764068,3.12442837614265,0.220889369407186,0.825178574972302,-5.43361407575049,6.81392010327862,0.992982795983933
"virus_comp_5117_cycle_1_2","fixed","cond",NA,"HLA.CategoryLow/No Risk",0.309069330900992,4.94650508037311,0.0624823639881271,0.950178705994253,-9.3859024759747,10.0040411377767,1
"virus_comp_5117_cycle_1_2","fixed","cond",NA,"feeding_first_yearFormula",1.41932269633956,3.97783462533576,0.356807869110387,0.721235644832,-6.37708990577489,9.21573529845402,1
"virus_comp_5117_cycle_1_2","fixed","cond",NA,"feeding_first_yearBreastmilk_and_formula",1.42832955885319,3.43437593941566,0.415892023485412,0.677489016567672,-5.30292359177242,8.1595827094788,1
"virus_comp_5117_cycle_1_2","fixed","cond",NA,"Delivery.ModeC-Section",9.94695080250544,10.2938257249601,0.966302623366392,0.333892773745957,-10.2285768815483,30.1224784865592,1
"virus_comp_5117_cycle_1_2","fixed","cond",NA,"Dx.StatusCELIAC:onset_timeline_combinedt0-6",0.121871180793324,7.26113917243607,0.0167840304254128,0.986608909978353,-14.1097000839143,14.353442445501,1
"virus_comp_5117_cycle_1_2","fixed","cond",NA,"Dx.StatusCELIAC:onset_timeline_combinedt0-12",8.11208181158079,4.08543400498033,1.9856107825244,0.0470765582651895,0.104778300604108,16.1193853225575,0.509765397487119
"virus_comp_5117_cycle_1_2","fixed","cond",NA,"Dx.StatusCELIAC:onset_timeline_combinedt0-18",6.79348107582716,21.9378224208942,0.309669799740783,0.756812070885282,-36.2038607683608,49.7908229200151,1
"virus_comp_5117_cycle_1_2","fixed","cond",NA,"Dx.StatusCELIAC:onset_timeline_combinedt0-24",7.45732788332259,5.0650132816889,1.47232148635867,0.140934083780396,-2.46991573000468,17.3845714966499,1
"virus_comp_5117_cycle_1_2","fixed","cond",NA,"Dx.StatusCELIAC:onset_timeline_combinedt0-30",7.32394772735852,5.16505887335152,1.41797952490833,0.156196742677359,-2.79938164243948,17.4472770971565,1
"virus_comp_5117_cycle_1_2","fixed","cond",NA,"Dx.StatusCELIAC:onset_timeline_combinedt0-36",1.92288788727685,3.99660617056895,0.481130190269187,0.630423972339397,-5.91031626742884,9.75609204198254,1
"virus_comp_5117_cycle_1_2","fixed","cond",NA,"Dx.StatusCELIAC:onset_timeline_combinedt0-over42",0.498027035942002,3.72493411368338,0.133700897987033,0.893639095049357,-6.80270967166205,7.79876374354606,1
"virus_comp_5117_cycle_1_3","fixed","cond",NA,"(Intercept)",-5.48845972690783,2.34904087808353,-2.33646837656806,0.0194668439002074,-10.0924952461639,-0.884424207651765,0.0609013689234018
"virus_comp_5117_cycle_1_3","fixed","cond",NA,"Dx.StatusCELIAC",1.50915893883241,1.88791448373629,0.799378865850799,0.424070761202936,-2.19108545518224,5.20940333284707,1
"virus_comp_5117_cycle_1_3","fixed","cond",NA,"onset_timeline_combinedt0-6",-17.494749042373,11004.0018376002,-0.00158985333704636,0.998731481102822,-21584.9420365514,21549.9525384667,1
"virus_comp_5117_cycle_1_3","fixed","cond",NA,"onset_timeline_combinedt0-12",-1.88027062031785,1.5314994708501,-1.2277318119308,0.219547660324319,-4.88195442552619,1.12141318489049,1
"virus_comp_5117_cycle_1_3","fixed","cond",NA,"onset_timeline_combinedt0-18",-22.8920806346404,43790.3910339141,-0.000522764928427137,0.999582893953677,-85850.481376032,85804.6972147627,1
"virus_comp_5117_cycle_1_3","fixed","cond",NA,"onset_timeline_combinedt0-24",-1.87630227358283,1.535800514399,-1.2217096269935,0.221817454423895,-4.88641596924297,1.1338114220773,1
"virus_comp_5117_cycle_1_3","fixed","cond",NA,"onset_timeline_combinedt0-30",-1.40769817836236,1.66090426984658,-0.847549256100348,0.396689044568097,-4.66301072903045,1.84761437230573,1
"virus_comp_5117_cycle_1_3","fixed","cond",NA,"onset_timeline_combinedt0-36",0.165117215914764,1.253418634522,0.131733493796135,0.895195092155797,-2.29153816529972,2.62177259712925,1
"virus_comp_5117_cycle_1_3","fixed","cond",NA,"onset_timeline_combinedt0-over42",-0.774167233591629,1.18804050571191,-0.651633702613302,0.514637500611759,-3.10268383696172,1.55434936977846,1
"virus_comp_5117_cycle_1_3","fixed","cond",NA,"SexMale",1.02100318491513,1.83933682691773,0.555093102020947,0.57883098072116,-2.58403075128181,4.62603712111207,1
"virus_comp_5117_cycle_1_3","fixed","cond",NA,"Age.at.Gluten.Introduction..months.",0.23452107837277,0.150997503567086,1.55314540196074,0.120388401504075,-0.061428590374177,0.530470747119718,0.534261881153218
"virus_comp_5117_cycle_1_3","fixed","cond",NA,"HLA.CategoryHigh Risk",-1.11779859754487,1.65532236780903,-0.675275474604004,0.499500762732867,-4.36217082125413,2.12657362616439,0.956307212291697
"virus_comp_5117_cycle_1_3","fixed","cond",NA,"HLA.CategoryLow/No Risk",-1.78141187155635,2.9818976707624,-0.597408787371597,0.550234488298108,-7.62582391183453,4.06300016872182,1
"virus_comp_5117_cycle_1_3","fixed","cond",NA,"feeding_first_yearFormula",0.420349468451027,2.25195529885205,0.186659774581362,0.851927396934821,-3.99340181209312,4.83410074899518,1
"virus_comp_5117_cycle_1_3","fixed","cond",NA,"feeding_first_yearBreastmilk_and_formula",-1.36576595140799,1.7231050866808,-0.792619070052689,0.427999794650365,-4.74298986288012,2.01145796006414,0.845535811280711
"virus_comp_5117_cycle_1_3","fixed","cond",NA,"Delivery.ModeC-Section",4.45848591311423,3.94223979004498,1.13095249161983,0.25807508800924,-3.26816209379468,12.1851339200231,1
"virus_comp_5117_cycle_1_3","fixed","cond",NA,"Dx.StatusCELIAC:onset_timeline_combinedt0-6",17.5807271067447,11004.0021297682,0.00159766663977509,0.998725246997123,-21549.867133041,21585.0285872544,1
"virus_comp_5117_cycle_1_3","fixed","cond",NA,"Dx.StatusCELIAC:onset_timeline_combinedt0-12",2.65454619188517,2.01784644491921,1.31553429081242,0.188330400699218,-1.30036016648867,6.60945255025901,0.876913428255732
"virus_comp_5117_cycle_1_3","fixed","cond",NA,"Dx.StatusCELIAC:onset_timeline_combinedt0-18",23.7620773111138,43790.3910699987,0.000542632224341872,0.999567042147251,-85803.8272888107,85851.3514434329,1
"virus_comp_5117_cycle_1_3","fixed","cond",NA,"Dx.StatusCELIAC:onset_timeline_combinedt0-24",1.05291172706618,2.06134893886033,0.510787721194018,0.609499708015988,-2.98725795266993,5.09308140680228,1
"virus_comp_5117_cycle_1_3","fixed","cond",NA,"Dx.StatusCELIAC:onset_timeline_combinedt0-30",0.572666283373185,2.20190543353245,0.260077601268496,0.794803915163029,-3.74298906371346,4.88832163045983,1
"virus_comp_5117_cycle_1_3","fixed","cond",NA,"Dx.StatusCELIAC:onset_timeline_combinedt0-36",-2.13620122035928,1.96579513927374,-1.08668557454491,0.27717579136319,-5.98908889431971,1.71668645360115,1
"virus_comp_5117_cycle_1_3","fixed","cond",NA,"Dx.StatusCELIAC:onset_timeline_combinedt0-over42",-0.919968724162748,1.78711230741517,-0.514779468724808,0.606707133982816,-4.42264448302476,2.58270703469926,1
"virus_comp_5117_cycle_1_4","fixed","cond",NA,"(Intercept)",-9.89904106940128,4.89779071759014,-2.02112373520768,0.0432669579000171,-19.4985344796925,-0.299547659110017,0.0960780976897439
"virus_comp_5117_cycle_1_4","fixed","cond",NA,"Dx.StatusCELIAC",-0.391497317916949,4.02954068289946,-0.0971568098514014,0.922601866465206,-8.28925193063882,7.50625729480492,1
"virus_comp_5117_cycle_1_4","fixed","cond",NA,"onset_timeline_combinedt0-6",0.728386386713694,2.71911944130215,0.26787583349589,0.788794896165193,-4.6009897879012,6.05776256132858,1
"virus_comp_5117_cycle_1_4","fixed","cond",NA,"onset_timeline_combinedt0-12",-3.36356111916512,2.42684707555423,-1.38597983904568,0.165753059768251,-8.12009398323777,1.39297174490752,1
"virus_comp_5117_cycle_1_4","fixed","cond",NA,"onset_timeline_combinedt0-18",-3.04103749038991,7.61222249274725,-0.399494036503444,0.689529216972447,-17.9607194184802,11.8786444377004,1
"virus_comp_5117_cycle_1_4","fixed","cond",NA,"onset_timeline_combinedt0-24",-6.10848162407525,3.86406960586864,-1.58084150834081,0.113914281066815,-13.6819188853337,1.46495563718316,1
"virus_comp_5117_cycle_1_4","fixed","cond",NA,"onset_timeline_combinedt0-30",-6.05973205986883,3.93612918444227,-1.53951554329573,0.123678486260643,-13.7744034998727,1.65493938013505,0.896700267679031
"virus_comp_5117_cycle_1_4","fixed","cond",NA,"onset_timeline_combinedt0-36",-2.49311155059505,2.4227059751659,-1.02906071811885,0.303451143640591,-7.2415280070502,2.25530490586011,0.63724740164524
"virus_comp_5117_cycle_1_4","fixed","cond",NA,"onset_timeline_combinedt0-over42",-3.10018831058195,2.11635445743591,-1.46487196399889,0.142955853181452,-7.24816682567713,1.04779020451323,1
"virus_comp_5117_cycle_1_4","fixed","cond",NA,"SexMale",0.591093506484294,3.13253198222351,0.188695122616028,0.850331774506755,-5.54855635909365,6.73074337206223,1
"virus_comp_5117_cycle_1_4","fixed","cond",NA,"Age.at.Gluten.Introduction..months.",0.20798550867611,0.281961195887593,0.737638766289762,0.460733991461932,-0.344648280301415,0.760619297653635,0.946198952944221
"virus_comp_5117_cycle_1_4","fixed","cond",NA,"HLA.CategoryHigh Risk",3.06916773872696,3.00140634228145,1.02257654869683,0.306508102354632,-2.81348059511479,8.9518160725687,0.897818889762746
"virus_comp_5117_cycle_1_4","fixed","cond",NA,"HLA.CategoryLow/No Risk",0.327577129010707,4.97955798222427,0.0657843788906711,0.947549493133434,-9.4321771750778,10.0873314330992,1
"virus_comp_5117_cycle_1_4","fixed","cond",NA,"feeding_first_yearFormula",-0.374859084701549,6.38308942741588,-0.0587269047322914,0.953169629438359,-12.8854844725351,12.135766303132,1
"virus_comp_5117_cycle_1_4","fixed","cond",NA,"feeding_first_yearBreastmilk_and_formula",0.382963005307008,3.17941682033819,0.120450707455927,0.90412612501658,-5.84857945439669,6.6145054650107,1
"virus_comp_5117_cycle_1_4","fixed","cond",NA,"Delivery.ModeC-Section",6.88415036102675,8.28632012361772,0.8307849875852,0.40609510493692,-9.35673864563347,23.125039367687,1
"virus_comp_5117_cycle_1_4","fixed","cond",NA,"Dx.StatusCELIAC:onset_timeline_combinedt0-6",5.08037056475621,5.06020567643615,1.00398499381437,0.315385846709435,-4.83745031542378,14.9981914449362,1
"virus_comp_5117_cycle_1_4","fixed","cond",NA,"Dx.StatusCELIAC:onset_timeline_combinedt0-12",5.94593414518835,3.36344026170143,1.76781321579963,0.0770921348004697,-0.646287631898429,12.5381559222751,0.614632371662097
"virus_comp_5117_cycle_1_4","fixed","cond",NA,"Dx.StatusCELIAC:onset_timeline_combinedt0-18",5.914525414013,8.1598918746995,0.724828895386657,0.468557006589081,-10.078568778139,21.907619606165,1
"virus_comp_5117_cycle_1_4","fixed","cond",NA,"Dx.StatusCELIAC:onset_timeline_combinedt0-24",6.33392732139943,4.09871877086268,1.54534323418981,0.122263263087643,-1.6994138522497,14.3672684950486,1
"virus_comp_5117_cycle_1_4","fixed","cond",NA,"Dx.StatusCELIAC:onset_timeline_combinedt0-30",5.73388575875016,4.19147693672046,1.36798695193025,0.171316160388891,-2.4812580792522,13.9490295967525,1
"virus_comp_5117_cycle_1_4","fixed","cond",NA,"Dx.StatusCELIAC:onset_timeline_combinedt0-36",-0.560444776464896,2.80906466438611,-0.199512949477571,0.841861514756611,-6.06611034890576,4.94522079597597,1
"virus_comp_5117_cycle_1_4","fixed","cond",NA,"Dx.StatusCELIAC:onset_timeline_combinedt0-over42",0.51532065191802,2.4390956907766,0.211275291029661,0.832672462643321,-4.26521905685097,5.29586036068701,1
"virus_comp_5552_cycle_1_3","fixed","cond",NA,"(Intercept)",-7.94650360127921,3.41732105238255,-2.32536056152492,0.0200526884637137,-14.6443297875595,-1.24867741499891,0.0609013689234018
"virus_comp_5552_cycle_1_3","fixed","cond",NA,"Dx.StatusCELIAC",0.640609442742669,2.52231613598015,0.253976665971624,0.799513585022277,-4.30303934140266,5.584258226888,1
"virus_comp_5552_cycle_1_3","fixed","cond",NA,"onset_timeline_combinedt0-6",0.671992108698835,2.29683533746551,0.292573045066591,0.769848519546246,-3.82972243115246,5.17370664855013,1
"virus_comp_5552_cycle_1_3","fixed","cond",NA,"onset_timeline_combinedt0-12",-0.903020757372465,1.45773346226987,-0.61946904612202,0.5356074074655,-3.76012584248029,1.95408432773536,1
"virus_comp_5552_cycle_1_3","fixed","cond",NA,"onset_timeline_combinedt0-18",-2.48119859292532,4.46274436298524,-0.555980444119722,0.578224223552003,-11.2280168165855,6.2656196307349,1
"virus_comp_5552_cycle_1_3","fixed","cond",NA,"onset_timeline_combinedt0-24",-4.38599621264909,2.80171233843392,-1.56546985658804,0.11747277991583,-9.87725149102106,1.10525906572289,1
"virus_comp_5552_cycle_1_3","fixed","cond",NA,"onset_timeline_combinedt0-30",-4.28273519516673,2.90264705767289,-1.47545847292929,0.140089324915855,-9.97181888803674,1.40634849770328,0.896700267679031
"virus_comp_5552_cycle_1_3","fixed","cond",NA,"onset_timeline_combinedt0-36",-4.38595727041878,2.80168857095836,-1.56546923733158,0.117472925009669,-9.87716596539465,1.1052514245571,0.415174525657103
"virus_comp_5552_cycle_1_3","fixed","cond",NA,"onset_timeline_combinedt0-over42",-2.12814493134366,1.4624804201128,-1.45516131503457,0.145624607762312,-4.99455388285975,0.738264020172436,1
"virus_comp_5552_cycle_1_3","fixed","cond",NA,"SexMale",2.53331141072633,2.62361379133561,0.965580917089439,0.33425392798847,-2.60887712963403,7.6754999510867,1
"virus_comp_5552_cycle_1_3","fixed","cond",NA,"Age.at.Gluten.Introduction..months.",0.286121585567451,0.209491479180078,1.36579104165617,0.172004558967836,-0.124474168693525,0.696717339828427,0.534261881153218
"virus_comp_5552_cycle_1_3","fixed","cond",NA,"HLA.CategoryHigh Risk",2.01202435124903,2.37401158736589,0.847520863822526,0.396704862876184,-2.64095285886889,6.66500156136694,0.956307212291697
"virus_comp_5552_cycle_1_3","fixed","cond",NA,"HLA.CategoryLow/No Risk",-1.27816106948856,3.77134249125101,-0.338914079655645,0.734674457481873,-8.66985652570611,6.11353438672898,1
"virus_comp_5552_cycle_1_3","fixed","cond",NA,"feeding_first_yearFormula",0.0213971177335386,3.24859541851497,0.00658657511230494,0.99474471140769,-6.34573290289763,6.38852713836471,1
"virus_comp_5552_cycle_1_3","fixed","cond",NA,"feeding_first_yearBreastmilk_and_formula",-1.22174416594288,2.40305740375459,-0.508412393326102,0.611164163181138,-5.9316501300842,3.48816179819844,1
"virus_comp_5552_cycle_1_3","fixed","cond",NA,"Delivery.ModeC-Section",5.4760550920764,5.45514961128853,1.00383224701017,0.315459478293457,-5.2158416763268,16.1679518604796,1
"virus_comp_5552_cycle_1_3","fixed","cond",NA,"Dx.StatusCELIAC:onset_timeline_combinedt0-6",-0.695078459193496,3.89199035310479,-0.178592030331988,0.858258052754988,-8.32323937945621,6.93308246106922,1
"virus_comp_5552_cycle_1_3","fixed","cond",NA,"Dx.StatusCELIAC:onset_timeline_combinedt0-12",2.80788154121355,2.11306599834368,1.32881866605894,0.18390780237486,-1.33365171249623,6.94941479492333,0.876913428255732
"virus_comp_5552_cycle_1_3","fixed","cond",NA,"Dx.StatusCELIAC:onset_timeline_combinedt0-18",4.47751426987972,4.93305017238137,0.907656341090537,0.364059817262087,-5.19108640191687,14.1461149416763,1
"virus_comp_5552_cycle_1_3","fixed","cond",NA,"Dx.StatusCELIAC:onset_timeline_combinedt0-24",4.49287687415741,3.10183901096377,1.44845585418098,0.147489603721995,-1.58661587317291,10.5723696214877,1
"virus_comp_5552_cycle_1_3","fixed","cond",NA,"Dx.StatusCELIAC:onset_timeline_combinedt0-30",2.69201595117612,3.2213637165438,0.835675877688342,0.403337269313139,-3.62174091435383,9.00577281670608,1
"virus_comp_5552_cycle_1_3","fixed","cond",NA,"Dx.StatusCELIAC:onset_timeline_combinedt0-36",1.53855675549034,3.12259912425932,0.492716706264781,0.622212771604334,-4.58162506621423,7.65873857719491,1
"virus_comp_5552_cycle_1_3","fixed","cond",NA,"Dx.StatusCELIAC:onset_timeline_combinedt0-over42",-0.51278995982455,1.98638099740728,-0.258152872230386,0.796288927899271,-4.40602517431758,3.38044525466848,1
"virus_comp_590_cycle_2_7","fixed","cond",NA,"(Intercept)",-1019.91828119845,8408381.17443158,-0.000121297817028068,0.999903218344772,-16481144.1884517,16479104.3518893,0.999999834899283
"virus_comp_590_cycle_2_7","fixed","cond",NA,"onset_timeline_combinedt0-6",-210.967074226753,3.05548862787004e+48,-6.90452820876039e-47,1,-5.98864766579699e+48,5.98864766579699e+48,1
"virus_comp_590_cycle_2_7","fixed","cond",NA,"onset_timeline_combinedt0-12",-166.458606701067,248783660.941943,-6.69089786969219e-07,0.999999466143589,-487607181.846839,487606848.929626,1
"virus_comp_590_cycle_2_7","fixed","cond",NA,"onset_timeline_combinedt0-24",-123.51368642308,5.36045756338391e+64,-2.30416312343883e-63,1,-1.05063037648878e+65,1.05063037648878e+65,1
"virus_comp_590_cycle_2_7","fixed","cond",NA,"onset_timeline_combinedt0-36",-105.25134593471,3.83518767906782e+57,-2.74435972218946e-56,1,-7.51682972492467e+57,7.51682972492467e+57,1
"virus_comp_590_cycle_2_7","fixed","cond",NA,"onset_timeline_combinedt0-over42",-83.2041368746169,234651318.342773,-3.54586274913121e-07,0.999999717081086,-459908216.080815,459908049.672541,1
"virus_comp_590_cycle_2_7","fixed","cond",NA,"feeding_first_yearFormula",848.893552474708,8408360.92306531,0.00010095826763883,0.999919446957102,-16479235.6846695,16480933.4717744,1
"virus_comp_590_cycle_2_7","fixed","cond",NA,"feeding_first_yearBreastmilk_and_formula",447.869291178851,760709.319022427,0.000588752207945079,0.99953024373028,-1490514.99869677,1491410.73727913,1
"virus_comp_590_cycle_2_7","fixed","cond",NA,"Delivery.ModeC-Section",-84.4272242064757,1.30928376146049e+153,-6.44835189220539e-152,1,-2.5661490180057e+153,2.5661490180057e+153,1
"virus_comp_590_cycle_2_7","fixed","cond",NA,"Dx.StatusCELIAC:onset_timeline_combinedt0-6",-149.161117585317,8.45396683645468e+83,-1.7643920359625e-82,1,-1.65694705259472e+84,1.65694705259472e+84,1
"virus_comp_590_cycle_2_7","fixed","cond",NA,"Dx.StatusCELIAC:onset_timeline_combinedt0-12",167.845351612915,248783660.947886,6.74663886580855e-07,0.999999461696101,-487606847.554529,487607183.245232,1
"virus_comp_590_cycle_2_7","fixed","cond",NA,"Dx.StatusCELIAC:onset_timeline_combinedt0-24",-137.672968122522,5.36045756330784e+64,-2.56830627789853e-63,1,-1.05063037647387e+65,1.05063037647387e+65,1
"virus_comp_590_cycle_2_7","fixed","cond",NA,"Dx.StatusCELIAC:onset_timeline_combinedt0-36",-122.595522340215,3.83518767901299e+57,-3.19659773134664e-56,1,-7.51682972481722e+57,7.51682972481722e+57,1
"virus_comp_590_cycle_2_7","fixed","cond",NA,"Dx.StatusCELIAC:onset_timeline_combinedt0-over42",83.4923958094871,234651318.341469,3.5581473140495e-07,0.999999716100919,-459908049.381726,459908216.366518,1
"virus_comp_6161_cycle_1_4","fixed","cond",NA,"(Intercept)",-1.7519938793327,1.04394043564679,-1.67825080771704,0.0932981468886142,-3.79807953520546,0.294091776540057,0.185236587485742
"virus_comp_6161_cycle_1_4","fixed","cond",NA,"Dx.StatusCELIAC",0.143626765362132,1.01468868775756,0.141547616618791,0.887437346055191,-1.8451265181629,2.13238004888717,1
"virus_comp_6161_cycle_1_4","fixed","cond",NA,"onset_timeline_combinedt0-6",-0.100452133176701,1.58425300481903,-0.0634066231032183,0.949442713392151,-3.20553096502136,3.00462669866796,1
"virus_comp_6161_cycle_1_4","fixed","cond",NA,"onset_timeline_combinedt0-12",-0.952006818173133,1.07085745922205,-0.889013575032424,0.373995784182722,-3.05084887082442,1.14683523447815,1
"virus_comp_6161_cycle_1_4","fixed","cond",NA,"onset_timeline_combinedt0-18",-20.3539916532831,12288.384204778,-0.00165636029229694,0.99867841629995,-24105.1444612089,24064.4364779024,1
"virus_comp_6161_cycle_1_4","fixed","cond",NA,"onset_timeline_combinedt0-24",-0.0459788214633965,0.982414745069008,-0.0468018438181797,0.962671159491254,-1.97147633967975,1.87951869675296,1
"virus_comp_6161_cycle_1_4","fixed","cond",NA,"onset_timeline_combinedt0-30",-0.343274491927982,1.08484067596933,-0.316428485336114,0.751677298684532,-2.46952314579195,1.78297416193599,1
"virus_comp_6161_cycle_1_4","fixed","cond",NA,"onset_timeline_combinedt0-36",-0.0459838323830263,0.982415252601724,-0.0468069202521517,0.962667113517049,-1.97148234534522,1.87951468057917,1
"virus_comp_6161_cycle_1_4","fixed","cond",NA,"onset_timeline_combinedt0-over42",-22.6090170696023,25991.961428333,-0.000869846515121283,0.999305962982838,-50965.9173041565,50920.6992700173,1
"virus_comp_6161_cycle_1_4","fixed","cond",NA,"SexMale",-0.116752546859001,0.784672766284972,-0.148791383969862,0.881718249553857,-1.65468290842696,1.42117781470896,1
"virus_comp_6161_cycle_1_4","fixed","cond",NA,"Age.at.Gluten.Introduction..months.",0.030937422253675,0.0693607149435793,0.44603666901128,0.655570758384762,-0.10500708097769,0.16688192548504,0.986910831018112
"virus_comp_6161_cycle_1_4","fixed","cond",NA,"HLA.CategoryHigh Risk",-0.368603846908686,0.671023443633657,-0.549315900071479,0.582788677556941,-1.6837856292127,0.946577935395325,0.962868249876685
"virus_comp_6161_cycle_1_4","fixed","cond",NA,"HLA.CategoryLow/No Risk",-1.65983828551734,1.65952021487543,-1.0001916642166,0.317217762493042,-4.91243813828936,1.59276156725468,1
"virus_comp_6161_cycle_1_4","fixed","cond",NA,"feeding_first_yearFormula",1.75926878179192,0.944400598715203,1.86284166293975,0.0624845464138175,-0.0917223786679386,3.61025994225179,0.812299103379627
"virus_comp_6161_cycle_1_4","fixed","cond",NA,"feeding_first_yearBreastmilk_and_formula",0.260697756659537,0.717942834283968,0.363117708277625,0.716516956871702,-1.14644434149565,1.66783985481472,1
"virus_comp_6161_cycle_1_4","fixed","cond",NA,"Delivery.ModeC-Section",0.76675958224164,1.94834224041735,0.393544607479943,0.693917284232946,-3.05192103853445,4.58544020301773,1
"virus_comp_6161_cycle_1_4","fixed","cond",NA,"Dx.StatusCELIAC:onset_timeline_combinedt0-6",0.974540033918287,2.09951515379457,0.464173850880261,0.642523194262666,-3.14043405251513,5.08951412035171,1
"virus_comp_6161_cycle_1_4","fixed","cond",NA,"Dx.StatusCELIAC:onset_timeline_combinedt0-12",-21.5748137223697,33007.5982485148,-0.00065363173533356,0.999478477367062,-64715.2785969788,64672.128969534,1
"virus_comp_6161_cycle_1_4","fixed","cond",NA,"Dx.StatusCELIAC:onset_timeline_combinedt0-18",19.177386847881,12288.3842744179,0.00156061093302597,0.998754813136562,-24065.6132191996,24103.9679928954,1
"virus_comp_6161_cycle_1_4","fixed","cond",NA,"Dx.StatusCELIAC:onset_timeline_combinedt0-24",-0.436126483376355,1.44785887901486,-0.301221679610862,0.763245459163531,-3.27387774094201,2.4016247741893,1
"virus_comp_6161_cycle_1_4","fixed","cond",NA,"Dx.StatusCELIAC:onset_timeline_combinedt0-30",-0.909540234309512,1.68953744814711,-0.538336830182125,0.590344528900673,-4.22097278320956,2.40189231459054,1
"virus_comp_6161_cycle_1_4","fixed","cond",NA,"Dx.StatusCELIAC:onset_timeline_combinedt0-36",-1.35084879768747,1.61048847121422,-0.838782035284617,0.401591633543699,-4.50734819878431,1.80565060340936,1
"virus_comp_6161_cycle_1_4","fixed","cond",NA,"Dx.StatusCELIAC:onset_timeline_combinedt0-over42",22.6400287975677,25991.9614457725,0.00087103964219099,0.999305011005531,-50920.6682924701,50965.9483500653,1
"virus_comp_6408_cycle_1_1","fixed","cond",NA,"(Intercept)",-12.1503427753347,4.93198764349621,-2.46357932209286,0.0137557454269809,-21.8168609287839,-2.4838246218856,0.0596453248054477
"virus_comp_6408_cycle_1_1","fixed","cond",NA,"Dx.StatusCELIAC",-4.53072640361822,4.44167037936453,-1.02005012003309,0.307704691230498,-13.2362403783711,4.17478757113462,1
"virus_comp_6408_cycle_1_1","fixed","cond",NA,"onset_timeline_combinedt0-6",0.995042340672283,2.70640003872073,0.36766269821021,0.713124757769386,-4.30940426297816,6.29948894432272,1
"virus_comp_6408_cycle_1_1","fixed","cond",NA,"onset_timeline_combinedt0-12",-1.82725112465369,2.15840138579492,-0.846576145048537,0.397231415007732,-6.05764010499308,2.40313785568571,1
"virus_comp_6408_cycle_1_1","fixed","cond",NA,"onset_timeline_combinedt0-18",-3.57162764787595,13.5917290529158,-0.262779491407661,0.792720543649972,-30.2109270792177,23.0676717834658,1
"virus_comp_6408_cycle_1_1","fixed","cond",NA,"onset_timeline_combinedt0-24",-30.6347987169779,12031.9652296726,-0.0025461176235307,0.997968494253142,-23612.8533121134,23551.5837146795,1
"virus_comp_6408_cycle_1_1","fixed","cond",NA,"onset_timeline_combinedt0-30",-7.45694762315047,4.59616539370054,-1.62242804259631,0.104711728810171,-16.4652662617929,1.55137101549193,0.896700267679031
"virus_comp_6408_cycle_1_1","fixed","cond",NA,"onset_timeline_combinedt0-36",-7.47339050734358,4.56236001556184,-1.63805365684699,0.101410501194498,-16.4154518223504,1.46867080766322,0.415174525657103
"virus_comp_6408_cycle_1_1","fixed","cond",NA,"onset_timeline_combinedt0-over42",-4.99680694237288,2.73117908720662,-1.82954203398045,0.0673184483561799,-10.3498195886268,0.356205703881082,1
"virus_comp_6408_cycle_1_1","fixed","cond",NA,"SexMale",2.98636002761186,4.96450842875597,0.601541939240941,0.547479086938236,-6.74389769369537,12.7166177489191,1
"virus_comp_6408_cycle_1_1","fixed","cond",NA,"Age.at.Gluten.Introduction..months.",0.34425066491531,0.465795704622033,0.739059337600913,0.459870966729507,-0.568692140297331,1.25719347012795,0.946198952944221
"virus_comp_6408_cycle_1_1","fixed","cond",NA,"HLA.CategoryHigh Risk",1.14963940155768,4.03528059583662,0.284897016267917,0.775723041974533,-6.75936523379543,9.05864403691078,0.992982795983933
"virus_comp_6408_cycle_1_1","fixed","cond",NA,"HLA.CategoryLow/No Risk",-0.428685233270321,6.51358663081353,-0.0658140065631981,0.947525904789528,-13.1950804398464,12.3377099733058,1
"virus_comp_6408_cycle_1_1","fixed","cond",NA,"feeding_first_yearFormula",-0.166601549635629,4.48371701367867,-0.0371570170747552,0.970359810332049,-8.9545254133153,8.62132231404404,1
"virus_comp_6408_cycle_1_1","fixed","cond",NA,"feeding_first_yearBreastmilk_and_formula",1.46805949427642,3.77911373833311,0.388466607761837,0.697670760714873,-5.93886732633701,8.87498631488984,1
"virus_comp_6408_cycle_1_1","fixed","cond",NA,"Delivery.ModeC-Section",2.00678144642775,8.33678708794872,0.240714009516767,0.809776780171173,-14.3330209927303,18.3465838855858,1
"virus_comp_6408_cycle_1_1","fixed","cond",NA,"Dx.StatusCELIAC:onset_timeline_combinedt0-6",1.56814396149333,8.72859321729026,0.179655979200294,0.857422654544629,-15.5395843800962,18.6758723030828,1
"virus_comp_6408_cycle_1_1","fixed","cond",NA,"Dx.StatusCELIAC:onset_timeline_combinedt0-12",6.7566467080363,4.43259698286965,1.52430882711608,0.127431583148518,-1.93108373636912,15.4443771524417,0.703233551449228
"virus_comp_6408_cycle_1_1","fixed","cond",NA,"Dx.StatusCELIAC:onset_timeline_combinedt0-18",9.31024462693818,14.3596132480897,0.648363188206112,0.516750073713579,-18.8340801712419,37.4545694251183,1
"virus_comp_6408_cycle_1_1","fixed","cond",NA,"Dx.StatusCELIAC:onset_timeline_combinedt0-24",30.637322904485,12031.9653925136,0.00254632737919508,0.997968326892879,-23551.5815096545,23612.8561554635,1
"virus_comp_6408_cycle_1_1","fixed","cond",NA,"Dx.StatusCELIAC:onset_timeline_combinedt0-30",7.42663928878315,5.01471164775609,1.48097035491688,0.138614473360658,-2.4020149336723,17.2552935112386,1
"virus_comp_6408_cycle_1_1","fixed","cond",NA,"Dx.StatusCELIAC:onset_timeline_combinedt0-36",5.49517168689413,4.95658743233016,1.10866029539819,0.267576756350899,-4.21956116669684,15.2099045404851,1
"virus_comp_6408_cycle_1_1","fixed","cond",NA,"Dx.StatusCELIAC:onset_timeline_combinedt0-over42",2.06396550563282,3.33639519182929,0.618621412321715,0.536165792546809,-4.47524890854519,8.60317991981082,1
"virus_comp_6408_cycle_1_4","fixed","cond",NA,"(Intercept)",-12.1836893848214,4.85527002013139,-2.50937421282528,0.0120945282223215,-21.699843759496,-2.66753501014681,0.0573742012751373
"virus_comp_6408_cycle_1_4","fixed","cond",NA,"Dx.StatusCELIAC",-1.40739791382403,3.76722194640756,-0.373590389375951,0.708709085216739,-8.79101725055172,5.97622142290367,1
"virus_comp_6408_cycle_1_4","fixed","cond",NA,"onset_timeline_combinedt0-6",-15.524660581991,10394.015093047,-0.00149361535874391,0.998808267808583,-20387.4198977198,20356.3705765558,1
"virus_comp_6408_cycle_1_4","fixed","cond",NA,"onset_timeline_combinedt0-12",0.0605545454211618,1.96067367384801,0.0308845608674481,0.975361602693202,-3.78229524075676,3.90340433159908,1
"virus_comp_6408_cycle_1_4","fixed","cond",NA,"onset_timeline_combinedt0-18",-23.8933932191353,122307.032726676,-0.000195355840841391,0.999844128591721,-239741.272593465,239693.485807027,1
"virus_comp_6408_cycle_1_4","fixed","cond",NA,"onset_timeline_combinedt0-24",0.0499995658012472,1.95741999526875,0.0255436063400294,0.97962136699239,-3.78647312754407,3.88647225914657,1
"virus_comp_6408_cycle_1_4","fixed","cond",NA,"onset_timeline_combinedt0-30",0.68973929265634,2.11751050863128,0.325731225344509,0.744627717153267,-3.46050504114605,4.83998362645874,1
"virus_comp_6408_cycle_1_4","fixed","cond",NA,"onset_timeline_combinedt0-36",0.0499363935596105,1.95742809783883,0.025511227520819,0.979647193136172,-3.78655218053125,3.88642496765047,1
"virus_comp_6408_cycle_1_4","fixed","cond",NA,"onset_timeline_combinedt0-over42",-21.507093216101,29565.9632340117,-0.000727427449120276,0.99941959692043,-57969.7302001145,57926.7160136823,1
"virus_comp_6408_cycle_1_4","fixed","cond",NA,"SexMale",1.83429397376813,2.94279159897646,0.623317660144916,0.53307579482176,-3.93347157423278,7.60205952176903,1
"virus_comp_6408_cycle_1_4","fixed","cond",NA,"Age.at.Gluten.Introduction..months.",0.324861522547689,0.267590514535486,1.21402480619173,0.224738251693428,-0.199606248546405,0.849329293641784,0.637155400428735
"virus_comp_6408_cycle_1_4","fixed","cond",NA,"HLA.CategoryHigh Risk",-0.148730552709786,2.87067019612805,-0.0518103935834891,0.95867977379388,-5.7751407486133,5.47767964319373,1
"virus_comp_6408_cycle_1_4","fixed","cond",NA,"HLA.CategoryLow/No Risk",-0.830774005392769,4.58637136005616,-0.181139715948033,0.856257911381115,-9.81989669082883,8.1583486800433,1
"virus_comp_6408_cycle_1_4","fixed","cond",NA,"feeding_first_yearFormula",-0.293913105709962,3.77168251173447,-0.0779262583198713,0.937886711799403,-7.6862749898291,7.09844877840917,1
"virus_comp_6408_cycle_1_4","fixed","cond",NA,"feeding_first_yearBreastmilk_and_formula",0.618451357535962,2.64474344088,0.233841720893041,0.815107858769679,-4.56515053493738,5.8020532500093,1
"virus_comp_6408_cycle_1_4","fixed","cond",NA,"Delivery.ModeC-Section",2.94773212182604,6.64348175963756,0.443702899846128,0.657257398631961,-10.0732528590123,15.9687171026644,1
"virus_comp_6408_cycle_1_4","fixed","cond",NA,"Dx.StatusCELIAC:onset_timeline_combinedt0-6",18.6508385955973,10394.0164442531,0.00179438224825106,0.998568290876246,-20353.2470468575,20390.5487240487,1
"virus_comp_6408_cycle_1_4","fixed","cond",NA,"Dx.StatusCELIAC:onset_timeline_combinedt0-12",4.95931652160267,3.41515127971834,1.45215134423318,0.146459528138439,-1.73425698840115,11.6528900316065,0.779373917593834
"virus_comp_6408_cycle_1_4","fixed","cond",NA,"Dx.StatusCELIAC:onset_timeline_combinedt0-18",29.3716518060332,122307.032772054,0.000240146875779202,0.999808390517332,-239688.007637379,239746.750940991,1
"virus_comp_6408_cycle_1_4","fixed","cond",NA,"Dx.StatusCELIAC:onset_timeline_combinedt0-24",1.68195709139871,2.75983994607201,0.609440085028333,0.542232775011192,-3.72722980599739,7.09114398879481,1
"virus_comp_6408_cycle_1_4","fixed","cond",NA,"Dx.StatusCELIAC:onset_timeline_combinedt0-30",0.978789767905791,2.89382268492145,0.33823418864116,0.735186713697314,-4.69299847218525,6.65057800799683,1
"virus_comp_6408_cycle_1_4","fixed","cond",NA,"Dx.StatusCELIAC:onset_timeline_combinedt0-36",-0.0493588192364388,2.71959481271009,-0.0181493283505907,0.985519726086985,-5.37966670469018,5.2809490662173,1
"virus_comp_6408_cycle_1_4","fixed","cond",NA,"Dx.StatusCELIAC:onset_timeline_combinedt0-over42",20.1620402242389,29565.9632858058,0.000681934156155786,0.99945589530749,-57928.0611681886,57968.3852486371,1
"virus_comp_7129_cycle_1_1","fixed","cond",NA,"(Intercept)",-10.0582324935858,4.44940403374474,-2.26057971299148,0.023785295169424,-18.7789041523927,-1.33756083477888,0.0641353494746969
"virus_comp_7129_cycle_1_1","fixed","cond",NA,"Dx.StatusCELIAC",-2.02570868974672,3.65185292544368,-0.554707084623517,0.57909502954525,-9.18320890045356,5.13179152096012,1
"virus_comp_7129_cycle_1_1","fixed","cond",NA,"onset_timeline_combinedt0-6",0.789687123227965,2.70445586219266,0.291994827598229,0.770290578709063,-4.51094896444786,6.09032321090379,1
"virus_comp_7129_cycle_1_1","fixed","cond",NA,"onset_timeline_combinedt0-12",-3.48591275618981,2.32798768781607,-1.49739312387,0.13429099641444,-8.04868478076197,1.07685926838236,1
"virus_comp_7129_cycle_1_1","fixed","cond",NA,"onset_timeline_combinedt0-18",-3.57574831926938,11.5001286143169,-0.310931159049632,0.75585295622634,-26.115586220909,18.9640895823702,1
"virus_comp_7129_cycle_1_1","fixed","cond",NA,"onset_timeline_combinedt0-24",-6.793615868715,4.08478550547092,-1.66315118862815,0.0962821754944104,-14.7996483440092,1.21241660657925,1
"virus_comp_7129_cycle_1_1","fixed","cond",NA,"onset_timeline_combinedt0-30",-6.73902429902911,4.16539842703803,-1.61785827144059,0.10569314492509,-14.9030551972835,1.42500659922522,0.896700267679031
"virus_comp_7129_cycle_1_1","fixed","cond",NA,"onset_timeline_combinedt0-36",-6.79340344583928,4.08460932185226,-1.66317092053216,0.0962782267679199,-14.7990906075863,1.21228371590773,0.415174525657103
"virus_comp_7129_cycle_1_1","fixed","cond",NA,"onset_timeline_combinedt0-over42",-3.3063240247296,2.04178125586048,-1.61933312652348,0.105375606831531,-7.30814175052511,0.695493701065904,1
"virus_comp_7129_cycle_1_1","fixed","cond",NA,"SexMale",0.820104297359057,3.06943278052175,0.267184315800411,0.789327251505459,-5.19587340543021,6.83608200014833,1
"virus_comp_7129_cycle_1_1","fixed","cond",NA,"Age.at.Gluten.Introduction..months.",0.182217239748447,0.314722740172711,0.578977037529767,0.562604667222496,-0.434627996105824,0.799062475602717,0.946198952944221
"virus_comp_7129_cycle_1_1","fixed","cond",NA,"HLA.CategoryHigh Risk",1.93862173199075,2.96064131995025,0.654797904402459,0.512597880053547,-3.86412862625286,7.74137209023436,0.956307212291697
"virus_comp_7129_cycle_1_1","fixed","cond",NA,"HLA.CategoryLow/No Risk",0.630783265036849,4.4654281967691,0.141259300842245,0.887665100374413,-8.12129517618022,9.38286170625392,1
"virus_comp_7129_cycle_1_1","fixed","cond",NA,"feeding_first_yearFormula",-0.84732343402873,4.4924148948264,-0.188612016891969,0.850396913747462,-9.65229483149977,7.95764796344231,1
"virus_comp_7129_cycle_1_1","fixed","cond",NA,"feeding_first_yearBreastmilk_and_formula",-0.0291511622561848,3.13135978055304,-0.00930942603185518,0.992572259987427,-6.16650355477739,6.10820123026502,1
"virus_comp_7129_cycle_1_1","fixed","cond",NA,"Delivery.ModeC-Section",7.80558852555161,8.82406379973567,0.884579792565125,0.376383309370198,-9.48925871921396,25.1004357703172,1
"virus_comp_7129_cycle_1_1","fixed","cond",NA,"Dx.StatusCELIAC:onset_timeline_combinedt0-6",0.662160007315624,5.66782297441064,0.116827926755154,0.906996412935043,-10.4465688932779,11.7708889079092,1
"virus_comp_7129_cycle_1_1","fixed","cond",NA,"Dx.StatusCELIAC:onset_timeline_combinedt0-12",7.47018990112587,3.50838935146554,2.12923628274194,0.0332347164522002,0.593873128509581,14.3465066737422,0.495197275137783
"virus_comp_7129_cycle_1_1","fixed","cond",NA,"Dx.StatusCELIAC:onset_timeline_combinedt0-18",8.14101614596765,11.9166838101968,0.683161211259262,0.49450497994597,-15.2152549371695,31.4972872291048,1
"virus_comp_7129_cycle_1_1","fixed","cond",NA,"Dx.StatusCELIAC:onset_timeline_combinedt0-24",7.93353332742978,4.38465491137783,1.80938602644484,0.0703910525165158,-0.660232383507426,16.527299038367,1
"virus_comp_7129_cycle_1_1","fixed","cond",NA,"Dx.StatusCELIAC:onset_timeline_combinedt0-30",5.93807881712289,4.46209415900636,1.33078294753986,0.183260440482694,-2.80746503015612,14.6836226644019,1
"virus_comp_7129_cycle_1_1","fixed","cond",NA,"Dx.StatusCELIAC:onset_timeline_combinedt0-36",4.4629131524822,4.35303183274695,1.02524248017408,0.305248788725474,-4.06887246325821,12.9946987682226,1
"virus_comp_7129_cycle_1_1","fixed","cond",NA,"Dx.StatusCELIAC:onset_timeline_combinedt0-over42",1.08439193608832,2.4755289212562,0.43804454344167,0.661353993937868,-3.76755559226111,5.93633946443775,1
"virus_comp_7129_cycle_1_3","fixed","cond",NA,"(Intercept)",-7.90504114465123,3.35166515184159,-2.35854143732341,0.0183469113434166,-14.4741841304987,-1.33589815880376,0.0609013689234018
"virus_comp_7129_cycle_1_3","fixed","cond",NA,"Dx.StatusCELIAC",0.796602266349147,2.46752989125195,0.322833887108446,0.746821047756857,-4.0396674512807,5.632871983979,1
"virus_comp_7129_cycle_1_3","fixed","cond",NA,"onset_timeline_combinedt0-6",0.688918193857079,2.26982374515014,0.303511757390445,0.761499888701693,-3.75985459789101,5.13769098560517,1
"virus_comp_7129_cycle_1_3","fixed","cond",NA,"onset_timeline_combinedt0-12",-0.854571746007227,1.40995652473463,-0.606097940621303,0.544449718424656,-3.61803575425436,1.9088922622399,1
"virus_comp_7129_cycle_1_3","fixed","cond",NA,"onset_timeline_combinedt0-18",-2.34554470935436,4.24646438206411,-0.552352380314619,0.580706949626524,-10.6684619598321,5.97737254112343,1
"virus_comp_7129_cycle_1_3","fixed","cond",NA,"onset_timeline_combinedt0-24",-4.15136049029845,2.68942918661293,-1.54358423377069,0.122689086909145,-9.42254483503065,1.11982385443375,1
"virus_comp_7129_cycle_1_3","fixed","cond",NA,"onset_timeline_combinedt0-30",-3.99054232184588,2.8278180421781,-1.41117365485518,0.158193416281369,-9.53296383934752,1.55187919565576,0.896700267679031
"virus_comp_7129_cycle_1_3","fixed","cond",NA,"onset_timeline_combinedt0-36",-4.15123667918204,2.6893519352692,-1.54358253553249,0.122689498582602,-9.42226961406277,1.1197962556987,0.415174525657103
"virus_comp_7129_cycle_1_3","fixed","cond",NA,"onset_timeline_combinedt0-over42",-1.50173606450419,1.33135711505146,-1.12797389034583,0.259330946027118,-4.1111480605662,1.10767593155781,1
"virus_comp_7129_cycle_1_3","fixed","cond",NA,"SexMale",2.51215454758371,2.55723622364774,0.982370937949676,0.325917138376151,-2.49993635072706,7.52424544589449,1
"virus_comp_7129_cycle_1_3","fixed","cond",NA,"Age.at.Gluten.Introduction..months.",0.281436060443041,0.204776633202807,1.3743563220141,0.169331088989805,-0.11991876550983,0.682790886395912,0.534261881153218
"virus_comp_7129_cycle_1_3","fixed","cond",NA,"HLA.CategoryHigh Risk",1.97133045851166,2.32652644335329,0.847327768031005,0.396812453236568,-2.58857757954086,6.53123849656418,0.956307212291697
"virus_comp_7129_cycle_1_3","fixed","cond",NA,"HLA.CategoryLow/No Risk",-1.21246889332281,3.70263723044343,-0.327460892834377,0.743319316873198,-8.46950451280906,6.04456672616344,1
"virus_comp_7129_cycle_1_3","fixed","cond",NA,"feeding_first_yearFormula",0.199141255305754,3.13920236914683,0.0634368963476146,0.949418607367695,-5.95358232840484,6.35186483901635,1
"virus_comp_7129_cycle_1_3","fixed","cond",NA,"feeding_first_yearBreastmilk_and_formula",-1.2921955566234,2.35708840028881,-0.54821684094032,0.583543019752223,-5.91200392956659,3.32761281631979,1
"virus_comp_7129_cycle_1_3","fixed","cond",NA,"Delivery.ModeC-Section",5.62309965546136,5.32584669661286,1.0558132773588,0.291053530993641,-4.81536805708148,16.0615673680042,1
"virus_comp_7129_cycle_1_3","fixed","cond",NA,"Dx.StatusCELIAC:onset_timeline_combinedt0-6",-0.70680212401986,3.85345329631955,-0.183420446459006,0.854468134051924,-8.25943180091333,6.84582755287361,1
"virus_comp_7129_cycle_1_3","fixed","cond",NA,"Dx.StatusCELIAC:onset_timeline_combinedt0-12",2.73291521399599,2.06360361280151,1.32434116563977,0.185389764683902,-1.3116735454617,6.77750397345368,0.876913428255732
"virus_comp_7129_cycle_1_3","fixed","cond",NA,"Dx.StatusCELIAC:onset_timeline_combinedt0-18",4.31620207810273,4.72481300448963,0.913518074472232,0.360970131996059,-4.94426124438343,13.5766654005889,1
"virus_comp_7129_cycle_1_3","fixed","cond",NA,"Dx.StatusCELIAC:onset_timeline_combinedt0-24",4.26196600488977,3.00048104873173,1.4204275700029,0.155483241126517,-1.6188687869194,10.1428007966989,1
"virus_comp_7129_cycle_1_3","fixed","cond",NA,"Dx.StatusCELIAC:onset_timeline_combinedt0-30",2.41069011848923,3.1579594496456,0.763369560923199,0.445243027888674,-3.77879666745408,8.60017690443254,1
"virus_comp_7129_cycle_1_3","fixed","cond",NA,"Dx.StatusCELIAC:onset_timeline_combinedt0-36",1.32276975448168,3.03008789738399,0.436545010995782,0.662441349400547,-4.61609339438163,7.26163290334499,1
"virus_comp_7129_cycle_1_3","fixed","cond",NA,"Dx.StatusCELIAC:onset_timeline_combinedt0-over42",-1.11814760500124,1.89986236664287,-0.588541372592715,0.556168972387351,-4.84180941920429,2.60551420920181,1
"virus_comp_722_cycle_1_59","fixed","cond",NA,"(Intercept)",-29.0727471555237,461.683600474001,-0.0629711497780631,0.949789477853989,-933.955976337344,875.810482026297,0.999999834899283
"virus_comp_722_cycle_1_59","fixed","cond",NA,"Dx.StatusCELIAC",14.9720473443187,461.486745279268,0.0324430712202977,0.974118714684779,-889.525352745656,919.469447434294,1
"virus_comp_722_cycle_1_59","fixed","cond",NA,"onset_timeline_combinedt0-6",-12.4983053659602,938350.856678303,-1.33194372627349e-05,0.99998937262665,-1839146.38225714,1839121.38564641,1
"virus_comp_722_cycle_1_59","fixed","cond",NA,"onset_timeline_combinedt0-12",-11.8831075160878,181803.730892538,-6.53622863389518e-05,0.999947848440909,-356340.647911903,356316.881696871,1
"virus_comp_722_cycle_1_59","fixed","cond",NA,"onset_timeline_combinedt0-18",-8.40074712404288,854113.287425345,-9.83563567939125e-06,0.999992152298146,-1674039.68281791,1674022.88132366,1
"virus_comp_722_cycle_1_59","fixed","cond",NA,"onset_timeline_combinedt0-24",16.9893710653914,461.484449567171,0.0368146122395367,0.970632823064456,-887.503529511554,921.482271642337,1
"virus_comp_722_cycle_1_59","fixed","cond",NA,"onset_timeline_combinedt0-30",16.9893575769869,461.484449511462,0.036814583015684,0.970632846365921,-887.503542890771,921.482258044745,1
"virus_comp_722_cycle_1_59","fixed","cond",NA,"onset_timeline_combinedt0-36",-13.3921698539258,386157.747293302,-3.46805675861628e-05,0.999972328910569,-756868.669215846,756841.884876138,1
"virus_comp_722_cycle_1_59","fixed","cond",NA,"onset_timeline_combinedt0-over42",-11.7198537369355,118417.452051579,-9.89706629714574e-05,0.999921032836172,-232105.66101583,232082.221308356,1
"virus_comp_722_cycle_1_59","fixed","cond",NA,"SexMale",-23.3307624141814,21155.6644107176,-0.00110281397744057,0.999120081932322,-41487.6710764364,41441.0095516081,1
"virus_comp_722_cycle_1_59","fixed","cond",NA,"Age.at.Gluten.Introduction..months.",0.824232078272066,1.25353549605359,0.657525918385981,0.510842811163585,-1.63265234733553,3.28111650387966,0.946198952944221
"virus_comp_722_cycle_1_59","fixed","cond",NA,"HLA.CategoryHigh Risk",1.92388013582186,3.17956228955511,0.605077039107495,0.54512780967669,-4.30794743830788,8.15570770995159,0.956307212291697
"virus_comp_722_cycle_1_59","fixed","cond",NA,"HLA.CategoryLow/No Risk",-20.1887925363607,33.4961290366164,-0.602720168479504,0.546694862186382,-85.8399990696352,45.4624139969138,1
"virus_comp_722_cycle_1_59","fixed","cond",NA,"feeding_first_yearFormula",-12.8732287434092,1089.57415765109,-0.0118149174638662,0.990573279085167,-2148.39933622511,2122.65287873829,1
"virus_comp_722_cycle_1_59","fixed","cond",NA,"feeding_first_yearBreastmilk_and_formula",4.02943857033995,3.30493037999709,1.21922040921888,0.222760547648073,-2.44810594586662,10.5069830865465,0.822255833681735
"virus_comp_722_cycle_1_59","fixed","cond",NA,"Delivery.ModeC-Section",-9.47428165605589,103823.571102816,-9.1253667692412e-05,0.999927190107533,-203499.934389509,203480.985826197,1
"virus_comp_722_cycle_1_59","fixed","cond",NA,"Dx.StatusCELIAC:onset_timeline_combinedt0-6",-8.49833083750756,941566.170067968,-9.02573935604982e-06,0.999992798501918,-1845444.28072537,1845427.2840637,1
"virus_comp_722_cycle_1_59","fixed","cond",NA,"Dx.StatusCELIAC:onset_timeline_combinedt0-12",10.3049285127062,181803.730904717,5.66816118757595e-05,0.999954774617027,-356318.459899744,356339.06975677,1
"virus_comp_722_cycle_1_59","fixed","cond",NA,"Dx.StatusCELIAC:onset_timeline_combinedt0-18",-4.87420133150409,854115.685422028,-5.70672265443258e-06,0.999995446694101,-1674040.85625925,1674031.10785658,1
"virus_comp_722_cycle_1_59","fixed","cond",NA,"Dx.StatusCELIAC:onset_timeline_combinedt0-24",-16.6714938520545,461.489311006816,-0.0361254171102747,0.971182355628877,-921.173922675618,887.830934971509,1
"virus_comp_722_cycle_1_59","fixed","cond",NA,"Dx.StatusCELIAC:onset_timeline_combinedt0-30",-36.4417108691262,6554.70474880566,-0.00555962659885882,0.995564082624913,-12883.4269478219,12810.5435260836,1
"virus_comp_722_cycle_1_59","fixed","cond",NA,"Dx.StatusCELIAC:onset_timeline_combinedt0-36",-5.40007429792521,386175.775430297,-1.3983462043698e-05,0.999988842811529,-756896.011619508,756885.211470912,1
"virus_comp_722_cycle_1_59","fixed","cond",NA,"Dx.StatusCELIAC:onset_timeline_combinedt0-over42",-5.32959906570492,118420.783997972,-4.50056053149943e-05,0.999964090722382,-232105.801256088,232095.142057956,1
"virus_comp_733_cycle_1_25","fixed","cond",NA,"(Intercept)",-21.3745640033451,19885.5662102512,-0.00107487832015195,0.999142371348754,-38996.3681482823,38953.6190202756,0.999999834899283
"virus_comp_733_cycle_1_25","fixed","cond",NA,"Dx.StatusCELIAC",-6.62133177141028,462264.394866919,-1.43236897432182e-05,0.999988571349101,-906028.186606135,906014.943942592,1
"virus_comp_733_cycle_1_25","fixed","cond",NA,"onset_timeline_combinedt0-6",21.9614637339239,19885.5665845617,0.00110439215501025,0.999118822729572,-38953.0328541802,38996.955781648,1
"virus_comp_733_cycle_1_25","fixed","cond",NA,"onset_timeline_combinedt0-12",-3.31553103151452,120306.16857269,-2.7559110815762e-05,0.999978011010973,-235799.073051509,235792.441989446,1
"virus_comp_733_cycle_1_25","fixed","cond",NA,"onset_timeline_combinedt0-18",20.8632584927223,19885.566286153,0.00104916592228254,0.999162886862466,-38954.1304745511,38995.8569915365,1
"virus_comp_733_cycle_1_25","fixed","cond",NA,"onset_timeline_combinedt0-24",20.0681455182758,19885.5660188627,0.0010091815088009,0.999194789791757,-38954.9250636461,38995.0613546827,1
"virus_comp_733_cycle_1_25","fixed","cond",NA,"onset_timeline_combinedt0-30",-6.39103432958782,513046.079739473,-1.24570376462738e-05,0.999990060721989,-1005558.22973316,1005545.4476645,1
"virus_comp_733_cycle_1_25","fixed","cond",NA,"onset_timeline_combinedt0-36",20.9391152711663,19885.5662793193,0.00105298058788211,0.99915984320136,-38954.0546043788,38995.9328349211,1
"virus_comp_733_cycle_1_25","fixed","cond",NA,"onset_timeline_combinedt0-over42",21.4178362066997,19885.5663461671,0.00107705437370296,0.999140635110228,-38953.5760144626,38996.411686876,1
"virus_comp_733_cycle_1_25","fixed","cond",NA,"SexMale",-0.408812764965694,1.00688383203379,-0.406017806582454,0.684729516869888,-2.38226881236759,1.56464328243621,1
"virus_comp_733_cycle_1_25","fixed","cond",NA,"Age.at.Gluten.Introduction..months.",-0.0352698377602341,0.0915927322166188,-0.385072449600261,0.700183739134581,-0.214788294150428,0.14424861862996,0.990826045945161
"virus_comp_733_cycle_1_25","fixed","cond",NA,"HLA.CategoryHigh Risk",-1.03150794228017,0.914556102284153,-1.12787825667985,0.259371337752491,-2.82400496459844,0.760989080038103,0.838817943369758
"virus_comp_733_cycle_1_25","fixed","cond",NA,"HLA.CategoryLow/No Risk",-0.630433580831588,1.45964766990589,-0.43190805139451,0.665808242779873,-3.49129044396493,2.23042328230176,1
"virus_comp_733_cycle_1_25","fixed","cond",NA,"feeding_first_yearFormula",-29.1930738429458,1166326.0905464,-2.50299415228459e-05,0.999980028996103,-2285986.32477419,2285927.9386265,1
"virus_comp_733_cycle_1_25","fixed","cond",NA,"feeding_first_yearBreastmilk_and_formula",-1.09292839051378,0.920634932088841,-1.18714634044357,0.235169902281053,-2.89733970031739,0.711482919289827,0.822255833681735
"virus_comp_733_cycle_1_25","fixed","cond",NA,"Delivery.ModeC-Section",-21.0364509789787,39839.5163024292,-0.000528029778757532,0.999578693211463,-78105.0535652364,78062.9806632785,1
"virus_comp_733_cycle_1_25","fixed","cond",NA,"Dx.StatusCELIAC:onset_timeline_combinedt0-6",-17.7663454713412,477016.801689013,-3.72446953827087e-05,0.999970283032589,-934953.517676421,934917.984985479,1
"virus_comp_733_cycle_1_25","fixed","cond",NA,"Dx.StatusCELIAC:onset_timeline_combinedt0-12",29.7819973617855,476330.893575347,6.25237576724058e-05,0.999950113259102,-933561.614134099,933621.178128822,1
"virus_comp_733_cycle_1_25","fixed","cond",NA,"Dx.StatusCELIAC:onset_timeline_combinedt0-18",-14.9566786878912,464050.076381551,-3.22307428640386e-05,0.99997428358789,-909536.393409588,909506.480052213,1
"virus_comp_733_cycle_1_25","fixed","cond",NA,"Dx.StatusCELIAC:onset_timeline_combinedt0-24",-12.8393025142765,462508.769169584,-2.77601277427213e-05,0.999977850622671,-906513.369408847,906487.690803819,1
"virus_comp_733_cycle_1_25","fixed","cond",NA,"Dx.StatusCELIAC:onset_timeline_combinedt0-30",33.32125713288,675285.880396827,4.93439269206976e-05,0.999960629242557,-1323502.68358907,1323569.32610334,1
"virus_comp_733_cycle_1_25","fixed","cond",NA,"Dx.StatusCELIAC:onset_timeline_combinedt0-36",5.72546005806488,462264.392453123,1.23856826343065e-05,0.999990117655051,-906015.835083352,906027.286003468,1
"virus_comp_733_cycle_1_25","fixed","cond",NA,"Dx.StatusCELIAC:onset_timeline_combinedt0-over42",5.76848122441619,462264.39922388,1.24787485995054e-05,0.999990043399155,-906015.805332626,906027.342295074,1
"virus_comp_8074_cycle_1_1","fixed","cond",NA,"(Intercept)",-9.48316494207368,4.05402367104576,-2.33919821677495,0.0193251773403136,-17.4289053297962,-1.53742455435113,0.0609013689234018
"virus_comp_8074_cycle_1_1","fixed","cond",NA,"Dx.StatusCELIAC",-0.476745449577262,3.18540085183392,-0.149665763196738,0.881028320886091,-6.72001639549496,5.76652549634043,1
"virus_comp_8074_cycle_1_1","fixed","cond",NA,"onset_timeline_combinedt0-6",0.723313977903465,2.62340194856099,0.275716032878691,0.782766180325,-4.41845935824827,5.86508731405521,1
"virus_comp_8074_cycle_1_1","fixed","cond",NA,"onset_timeline_combinedt0-12",-3.31488951404916,2.2604530362039,-1.46647130506902,0.142519933028205,-7.74529605375302,1.11551702565469,1
"virus_comp_8074_cycle_1_1","fixed","cond",NA,"onset_timeline_combinedt0-18",-3.43018744915389,9.8535386704708,-0.348117317429678,0.72775207935054,-22.7427683635493,15.8823934652415,1
"virus_comp_8074_cycle_1_1","fixed","cond",NA,"onset_timeline_combinedt0-24",-6.4498202403519,3.91206885660242,-1.64869803594242,0.0992095127371974,-14.1173343043334,1.21769382362963,1
"virus_comp_8074_cycle_1_1","fixed","cond",NA,"onset_timeline_combinedt0-30",-6.38844319139843,4.00055186586131,-1.59689048051449,0.110290122135718,-14.2293807667711,1.45249438397425,0.896700267679031
"virus_comp_8074_cycle_1_1","fixed","cond",NA,"onset_timeline_combinedt0-36",-6.44974054690569,3.91200711655646,-1.64870368451248,0.0992083549578532,-14.1171336026207,1.21765250880935,0.415174525657103
"virus_comp_8074_cycle_1_1","fixed","cond",NA,"onset_timeline_combinedt0-over42",-3.14982770042946,1.98631114132267,-1.58576752398017,0.112792055249572,-7.04292599951254,0.743270598653609,1
"virus_comp_8074_cycle_1_1","fixed","cond",NA,"SexMale",0.72973099029915,2.98216047136758,0.244698766986374,0.806689682826258,-5.11519612970029,6.57465811029859,1
"virus_comp_8074_cycle_1_1","fixed","cond",NA,"Age.at.Gluten.Introduction..months.",0.18437777699655,0.294325386665229,0.62644197663542,0.53102508386345,-0.392489380603123,0.761244934596224,0.946198952944221
"virus_comp_8074_cycle_1_1","fixed","cond",NA,"HLA.CategoryHigh Risk",1.78938390438409,2.74005898319312,0.653045761189722,0.51372677747599,-3.58103301818987,7.15980082695804,0.956307212291697
"virus_comp_8074_cycle_1_1","fixed","cond",NA,"HLA.CategoryLow/No Risk",0.408882605352208,4.3301980670817,0.094425843579892,0.924770887310803,-8.07814965205288,8.8959148627573,1
"virus_comp_8074_cycle_1_1","fixed","cond",NA,"feeding_first_yearFormula",-0.531699865657391,4.24175127359475,-0.12534913797687,0.900247152438369,-8.84537959328,7.78197986196522,1
"virus_comp_8074_cycle_1_1","fixed","cond",NA,"feeding_first_yearBreastmilk_and_formula",-0.129628712614244,2.90290849413685,-0.0446547705089781,0.964382485613247,-5.81922481153788,5.55996738630939,1
"virus_comp_8074_cycle_1_1","fixed","cond",NA,"Delivery.ModeC-Section",7.2185870942999,8.08296786214997,0.893061461756182,0.371824259530792,-8.62373880370876,23.0609129923086,1
"virus_comp_8074_cycle_1_1","fixed","cond",NA,"Dx.StatusCELIAC:onset_timeline_combinedt0-6",-0.434845060901933,4.86993665169605,-0.0892917284150891,0.928850067580864,-9.97974550521777,9.11005538341391,1
"virus_comp_8074_cycle_1_1","fixed","cond",NA,"Dx.StatusCELIAC:onset_timeline_combinedt0-12",5.62312434678081,2.96816036891829,1.89448131093742,0.0581611527334297,-0.194363076638155,11.4406117701998,0.509765397487119
"virus_comp_8074_cycle_1_1","fixed","cond",NA,"Dx.StatusCELIAC:onset_timeline_combinedt0-18",5.88497687585425,10.1621304393739,0.579108574817393,0.562515914533301,-14.0324327915167,25.8023865432252,1
"virus_comp_8074_cycle_1_1","fixed","cond",NA,"Dx.StatusCELIAC:onset_timeline_combinedt0-24",6.49249481527501,4.15484386389624,1.56263268318984,0.118139016272992,-1.65084951934886,14.6358391498989,1
"virus_comp_8074_cycle_1_1","fixed","cond",NA,"Dx.StatusCELIAC:onset_timeline_combinedt0-30",4.62948190001397,4.25497506706937,1.08801622266674,0.276587945906484,-3.71011598655789,12.9690797865858,1
"virus_comp_8074_cycle_1_1","fixed","cond",NA,"Dx.StatusCELIAC:onset_timeline_combinedt0-36",3.33541606951871,4.16153977328753,0.801486048728498,0.422850317543523,-4.82105200635583,11.4918841453933,1
"virus_comp_8074_cycle_1_1","fixed","cond",NA,"Dx.StatusCELIAC:onset_timeline_combinedt0-over42",0.224998326753244,2.42176089869292,0.0929069120220254,0.925977514501977,-4.52156581385223,4.97156246735872,1
"virus_comp_808_cycle_4_32","fixed","cond",NA,"(Intercept)",-8.39959090115149,7.59110932292135,-1.106503745874,0.268508543591474,-23.2778917767836,6.47870997448059,0.435965484756049
"virus_comp_808_cycle_4_32","fixed","cond",NA,"Dx.StatusCELIAC",-0.444086792334107,3.98593572676252,-0.111413435332738,0.911288506535753,-8.25637726148013,7.36820367681192,1
"virus_comp_808_cycle_4_32","fixed","cond",NA,"onset_timeline_combinedt0-6",2.4420629336865,2.42933633526691,1.00523871406146,0.314781917633384,-2.31934878977117,7.20347465714416,1
"virus_comp_808_cycle_4_32","fixed","cond",NA,"onset_timeline_combinedt0-12",0.170292969405218,1.89168373020347,0.0900219030730374,0.928269809358171,-3.53733901193396,3.8779249507444,1
"virus_comp_808_cycle_4_32","fixed","cond",NA,"onset_timeline_combinedt0-18",-21.2306088504487,37017.5697799776,-0.000573527894365777,0.999542390972983,-72574.3341728047,72531.8729551038,1
"virus_comp_808_cycle_4_32","fixed","cond",NA,"onset_timeline_combinedt0-24",0.372503048385654,1.95271848346846,0.190761265148679,0.84871263726576,-3.4547548511582,4.19976094792951,1
"virus_comp_808_cycle_4_32","fixed","cond",NA,"onset_timeline_combinedt0-30",0.372543963745908,1.9527135528888,0.190782699897164,0.848695843209348,-3.45470427203938,4.1997921995312,1
"virus_comp_808_cycle_4_32","fixed","cond",NA,"onset_timeline_combinedt0-36",1.99041018929302,1.89112672218738,1.05249963735418,0.292570376819714,-1.71613007639553,5.69695045498157,0.632468314595559
"virus_comp_808_cycle_4_32","fixed","cond",NA,"onset_timeline_combinedt0-over42",-17.990831216184,8363.7090844303,-0.00215105894221923,0.998283704604192,-16410.55941387,16374.5777514377,1
"virus_comp_808_cycle_4_32","fixed","cond",NA,"SexMale",0.796124901752295,3.94794525685732,0.201655506841053,0.84018604832574,-6.94170561462378,8.53395541812837,1
"virus_comp_808_cycle_4_32","fixed","cond",NA,"Age.at.Gluten.Introduction..months.",0.205440220112944,0.672456648276567,0.305507010213171,0.759980031650839,-1.11255059167365,1.52343103189953,0.99999417197145
"virus_comp_808_cycle_4_32","fixed","cond",NA,"HLA.CategoryHigh Risk",1.60316788025693,3.11670910300583,0.514378412380802,0.606987449222414,-4.50546971192263,7.7118054724365,0.986226709878466
"virus_comp_808_cycle_4_32","fixed","cond",NA,"HLA.CategoryLow/No Risk",-24.5113925991625,172247.681247607,-0.000142303178896947,0.999886458490988,-337623.763058444,337574.740273246,1
"virus_comp_808_cycle_4_32","fixed","cond",NA,"feeding_first_yearFormula",-21.1807950544205,33646.1266639897,-0.000629516593869619,0.999497718462157,-65966.3772757469,65924.0156856381,1
"virus_comp_808_cycle_4_32","fixed","cond",NA,"feeding_first_yearBreastmilk_and_formula",-2.17941070262715,3.12522751256821,-0.697360654180399,0.485577118339928,-8.30474407075454,3.94592266550024,0.911937514931084
"virus_comp_808_cycle_4_32","fixed","cond",NA,"Delivery.ModeC-Section",-1.31506628378989,1429011.32704592,-9.20263023042946e-07,0.999999265736342,-2800812.04957607,2800809.41944351,1
"virus_comp_808_cycle_4_32","fixed","cond",NA,"Dx.StatusCELIAC:onset_timeline_combinedt0-6",-24.960454432603,608720.034679629,-4.10048183246339e-05,0.999967282888549,-1193094.30509448,1193044.38418561,1
"virus_comp_808_cycle_4_32","fixed","cond",NA,"Dx.StatusCELIAC:onset_timeline_combinedt0-12",-0.130259180671322,4.14374954733293,-0.0314350998252685,0.974922549362053,-8.25185905439801,7.99134069305537,1
"virus_comp_808_cycle_4_32","fixed","cond",NA,"Dx.StatusCELIAC:onset_timeline_combinedt0-18",21.844549187623,37017.5700171952,0.000590112997084247,0.999529157977824,-72531.2594797046,72574.9485780799,1
"virus_comp_808_cycle_4_32","fixed","cond",NA,"Dx.StatusCELIAC:onset_timeline_combinedt0-24",-0.263449201804638,4.21331301169248,-0.0625278020108008,0.950142522449055,-8.52139096031589,7.99449255670661,1
"virus_comp_808_cycle_4_32","fixed","cond",NA,"Dx.StatusCELIAC:onset_timeline_combinedt0-30",-0.0652554973361035,4.35649034819183,-0.0149789147043991,0.988049002124802,-8.60381967878845,8.47330868411624,1
"virus_comp_808_cycle_4_32","fixed","cond",NA,"Dx.StatusCELIAC:onset_timeline_combinedt0-36",-34.004579957119,1370574.55228331,-2.4810456242945e-05,0.999980204120019,-2686310.76518235,2686242.75602243,1
"virus_comp_808_cycle_4_32","fixed","cond",NA,"Dx.StatusCELIAC:onset_timeline_combinedt0-over42",-1.80814150159577,48812.8515144276,-3.70423248283567e-05,0.99997044450093,-95673.2390924812,95669.622809478,1
"virus_comp_81_cycle_1_2","fixed","cond",NA,"(Intercept)",-9.05939454397743,4.3122890173389,-2.10083194970265,0.0356557207475762,-17.5113257088893,-0.607463379065564,0.0815759671649091
"virus_comp_81_cycle_1_2","fixed","cond",NA,"Dx.StatusCELIAC",-0.29934223924254,2.95125423087262,-0.101428821723038,0.919210058021422,-6.08369424097433,5.48500976248925,1
"virus_comp_81_cycle_1_2","fixed","cond",NA,"onset_timeline_combinedt0-6",-17.8888078194067,24219.3340560723,-0.000738616833063649,0.999410669086135,-47486.9112872655,47451.1336716267,1
"virus_comp_81_cycle_1_2","fixed","cond",NA,"onset_timeline_combinedt0-12",0.102826743899459,2.02579425083061,0.050758730239904,0.959517776956702,-3.86765702781683,4.07331051561575,1
"virus_comp_81_cycle_1_2","fixed","cond",NA,"onset_timeline_combinedt0-18",-21.3577789688397,57357.2718714766,-0.000372363926525257,0.999702896578891,-112439.544898535,112396.829340598,1
"virus_comp_81_cycle_1_2","fixed","cond",NA,"onset_timeline_combinedt0-24",-21.5488971929559,30499.3773154837,-0.000706535643992187,0.999436266164904,-59799.2299864388,59756.1321920529,1
"virus_comp_81_cycle_1_2","fixed","cond",NA,"onset_timeline_combinedt0-30",-21.7257136551293,33318.5566414057,-0.000652060468553739,0.999479731056299,-65324.8967476682,65281.4453203579,1
"virus_comp_81_cycle_1_2","fixed","cond",NA,"onset_timeline_combinedt0-36",0.166632137538551,2.0563552518297,0.0810327580267491,0.935415901019248,-3.86375009546745,4.19701437054456,1
"virus_comp_81_cycle_1_2","fixed","cond",NA,"onset_timeline_combinedt0-over42",-0.481899657627975,2.17607711863365,-0.221453391289072,0.82473942398287,-4.74693243773162,3.78313312247567,1
"virus_comp_81_cycle_1_2","fixed","cond",NA,"SexMale",0.4316736243497,2.55259225144448,0.16911186034723,0.86570865608754,-4.57131525569749,5.43466250439689,1
"virus_comp_81_cycle_1_2","fixed","cond",NA,"Age.at.Gluten.Introduction..months.",0.192112257280982,0.23673946519076,0.811492317625124,0.417083002891565,-0.271888568212181,0.656113082774145,0.946198952944221
"virus_comp_81_cycle_1_2","fixed","cond",NA,"HLA.CategoryHigh Risk",0.621021695785199,2.67029774115429,0.232566461115586,0.816098073375417,-4.61266570487588,5.85470909644627,0.992982795983933
"virus_comp_81_cycle_1_2","fixed","cond",NA,"HLA.CategoryLow/No Risk",-0.426462600286991,5.34120936685004,-0.0798438276795159,0.936361466124149,-10.8950405932011,10.0421153926271,1
"virus_comp_81_cycle_1_2","fixed","cond",NA,"feeding_first_yearFormula",1.8552702587591,3.31661978558926,0.55938587438339,0.575898399620731,-4.64518507140881,8.35572558892702,1
"virus_comp_81_cycle_1_2","fixed","cond",NA,"feeding_first_yearBreastmilk_and_formula",0.614112737074211,2.70300062567023,0.227196668488353,0.820270818128105,-4.68367113942867,5.91189661357709,1
"virus_comp_81_cycle_1_2","fixed","cond",NA,"Delivery.ModeC-Section",-21.358909173498,64002.1325234908,-0.000333721835997552,0.999733728504397,-125463.233588975,125420.515770628,1
"virus_comp_81_cycle_1_2","fixed","cond",NA,"Dx.StatusCELIAC:onset_timeline_combinedt0-6",-2.97939382880285,193685.907121192,-1.53826051316093e-05,0.999987726456861,-379620.381664336,379614.422876678,1
"virus_comp_81_cycle_1_2","fixed","cond",NA,"Dx.StatusCELIAC:onset_timeline_combinedt0-12",-31.2054972114945,3311728.78333038,-9.42272125923103e-06,0.999992481756187,-6490900.3473894,6490837.93639498,1
"virus_comp_81_cycle_1_2","fixed","cond",NA,"Dx.StatusCELIAC:onset_timeline_combinedt0-18",-1.61661540052105,353750.389025208,-4.56993250233811e-06,0.999996353721412,-693339.638621841,693336.40539104,1
"virus_comp_81_cycle_1_2","fixed","cond",NA,"Dx.StatusCELIAC:onset_timeline_combinedt0-24",-4.16442169184487,227760.956761331,-1.8284177196396e-05,0.999985411337309,-446407.436758285,446399.107914901,1
"virus_comp_81_cycle_1_2","fixed","cond",NA,"Dx.StatusCELIAC:onset_timeline_combinedt0-30",-3.81300852980278,229179.428863627,-1.66376561313088e-05,0.999986725071045,-449187.239578698,449179.613561639,1
"virus_comp_81_cycle_1_2","fixed","cond",NA,"Dx.StatusCELIAC:onset_timeline_combinedt0-36",-0.0239464636576347,2.91169036110009,-0.00822424800986989,0.993438073461672,-5.73075470554623,5.68286177823096,1
"virus_comp_81_cycle_1_2","fixed","cond",NA,"Dx.StatusCELIAC:onset_timeline_combinedt0-over42",-1.1127211250406,2.93425025353982,-0.379218208705356,0.704525831047177,-6.86374594360617,4.63830369352496,1
"virus_comp_8200_cycle_1_1","fixed","cond",NA,"(Intercept)",-9.5684341438614,4.13180979908609,-2.315797340424,0.020569336523798,-17.6666325410398,-1.47023574668299,0.0609013689234018
"virus_comp_8200_cycle_1_1","fixed","cond",NA,"Dx.StatusCELIAC",-0.55812380100835,3.24717437712607,-0.171879836494127,0.863531998811252,-6.92246863169674,5.80622102968004,1
"virus_comp_8200_cycle_1_1","fixed","cond",NA,"onset_timeline_combinedt0-6",0.743986884742705,2.64526192908739,0.281252633836294,0.778516637212977,-4.44063122594353,5.92860499542894,1
"virus_comp_8200_cycle_1_1","fixed","cond",NA,"onset_timeline_combinedt0-12",-3.36072646039549,2.27286136740753,-1.47863240080885,0.139238588189789,-7.81545288236671,1.09399996157573,1
"virus_comp_8200_cycle_1_1","fixed","cond",NA,"onset_timeline_combinedt0-18",-3.48227437277066,10.2546434152834,-0.339580249819386,0.734172653559444,-23.581006141027,16.6164573954856,1
"virus_comp_8200_cycle_1_1","fixed","cond",NA,"onset_timeline_combinedt0-24",-6.54886179594095,3.94661695626262,-1.6593608826286,0.0970430937433703,-14.2840888909908,1.18636529910887,1
"virus_comp_8200_cycle_1_1","fixed","cond",NA,"onset_timeline_combinedt0-30",-6.48972530788117,4.03251047339132,-1.6093511351561,0.107539583683022,-14.3933006030087,1.41384998724638,0.896700267679031
"virus_comp_8200_cycle_1_1","fixed","cond",NA,"onset_timeline_combinedt0-36",-6.54898634794827,3.94671459278843,-1.65935139062622,0.0970450053170957,-14.2844048070722,1.18643211117571,0.415174525657103
"virus_comp_8200_cycle_1_1","fixed","cond",NA,"onset_timeline_combinedt0-over42",-3.19376410663596,1.99643926098547,-1.59973016412204,0.109658457163951,-7.10671315548924,0.719184942217309,1
"virus_comp_8200_cycle_1_1","fixed","cond",NA,"SexMale",0.642297512336066,2.96358713115656,0.216729754824319,0.828418958094269,-5.16622652977716,6.4508215544493,1
"virus_comp_8200_cycle_1_1","fixed","cond",NA,"Age.at.Gluten.Introduction..months.",0.182301447354981,0.298502703452207,0.610719585607268,0.54138523757577,-0.402753100699185,0.767355995409147,0.946198952944221
"virus_comp_8200_cycle_1_1","fixed","cond",NA,"HLA.CategoryHigh Risk",1.8441515921963,2.77801286899603,0.663838390663314,0.506793751549906,-3.60065357962471,7.28895676401731,0.956307212291697
"virus_comp_8200_cycle_1_1","fixed","cond",NA,"HLA.CategoryLow/No Risk",0.417785006571607,4.32925692558095,0.0965027056035819,0.923121325196339,-8.06740264738766,8.90297266053088,1
"virus_comp_8200_cycle_1_1","fixed","cond",NA,"feeding_first_yearFormula",-0.642009837896805,4.25720103672398,-0.150805619081322,0.880129053578253,-8.98597054482238,7.70195086902877,1
"virus_comp_8200_cycle_1_1","fixed","cond",NA,"feeding_first_yearBreastmilk_and_formula",-0.207694028902027,2.96225369713135,-0.0701135183334089,0.944103307108514,-6.0136045883501,5.59821653054605,1
"virus_comp_8200_cycle_1_1","fixed","cond",NA,"Delivery.ModeC-Section",7.44280391379534,8.24756262586899,0.902424661857131,0.366831325299981,-8.72212179314647,23.6077296207371,1
"virus_comp_8200_cycle_1_1","fixed","cond",NA,"Dx.StatusCELIAC:onset_timeline_combinedt0-6",-0.280887639942525,4.84889490811063,-0.0579281764743327,0.953805839220512,-9.784547024659,9.22277174477395,1
"virus_comp_8200_cycle_1_1","fixed","cond",NA,"Dx.StatusCELIAC:onset_timeline_combinedt0-12",5.78729427102743,3.01081042959345,1.9221715901286,0.0545841703391009,-0.113785735253307,11.6883742773082,0.509765397487119
"virus_comp_8200_cycle_1_1","fixed","cond",NA,"Dx.StatusCELIAC:onset_timeline_combinedt0-18",6.00078277344553,10.5772693767165,0.567328160012158,0.570491248359036,-14.7302842596973,26.7318498065884,1
"virus_comp_8200_cycle_1_1","fixed","cond",NA,"Dx.StatusCELIAC:onset_timeline_combinedt0-24",6.58713771776944,4.19769393563609,1.56922772807429,0.116594885467587,-1.6401912141995,14.8144666497384,1
"virus_comp_8200_cycle_1_1","fixed","cond",NA,"Dx.StatusCELIAC:onset_timeline_combinedt0-30",5.96867414828066,4.31109746639142,1.38449065343835,0.166208268045221,-2.48092161968839,14.4182699162497,1
"virus_comp_8200_cycle_1_1","fixed","cond",NA,"Dx.StatusCELIAC:onset_timeline_combinedt0-36",3.23252696581104,4.21665255614995,0.766609750925869,0.443313576225985,-5.03196017956161,11.4970141111837,1
"virus_comp_8200_cycle_1_1","fixed","cond",NA,"Dx.StatusCELIAC:onset_timeline_combinedt0-over42",0.369445434996238,2.44349368046991,0.15119557621495,0.87982143984896,-4.41971417517601,5.15860504516849,1
"virus_comp_8200_cycle_1_2","fixed","cond",NA,"(Intercept)",-11.5015470685011,5.41120440094992,-2.12550593477527,0.0335444193895234,-22.1073128073476,-0.895781329654627,0.077926266581816
"virus_comp_8200_cycle_1_2","fixed","cond",NA,"Dx.StatusCELIAC",-3.53653707254749,4.36698359507459,-0.809835209029926,0.41803489366275,-12.0956676399709,5.02259349487595,1
"virus_comp_8200_cycle_1_2","fixed","cond",NA,"onset_timeline_combinedt0-6",0.124241304812869,3.24966535666086,0.0382320304329832,0.969502682964795,-6.24498575604991,6.49346836567565,1
"virus_comp_8200_cycle_1_2","fixed","cond",NA,"onset_timeline_combinedt0-12",-7.82567353421261,3.89079331751468,-2.01133108227178,0.0442904975007858,-15.4514883078305,-0.199858760594713,0.949082089302552
"virus_comp_8200_cycle_1_2","fixed","cond",NA,"onset_timeline_combinedt0-18",-3.01965101174538,9.61314982179515,-0.314116711766954,0.753432397306005,-21.8610784404515,15.8217764169607,1
"virus_comp_8200_cycle_1_2","fixed","cond",NA,"onset_timeline_combinedt0-24",-7.54754075081316,4.27510169564329,-1.76546461070266,0.0774857128775166,-15.9265861045201,0.831504602893799,1
"virus_comp_8200_cycle_1_2","fixed","cond",NA,"onset_timeline_combinedt0-30",-7.30913783604611,4.54023040011216,-1.6098605559457,0.107428301679789,-16.2078259017798,1.5895502296876,0.896700267679031
"virus_comp_8200_cycle_1_2","fixed","cond",NA,"onset_timeline_combinedt0-36",-7.54754935935582,4.27510334958724,-1.76546594132854,0.0774854894293385,-15.9265979547333,0.831499236021716,0.415174525657103
"virus_comp_8200_cycle_1_2","fixed","cond",NA,"onset_timeline_combinedt0-over42",-26.7539779807071,14239.3358946967,-0.0018788782130402,0.998500872964219,-27935.3394953548,27881.8315393933,1
"virus_comp_8200_cycle_1_2","fixed","cond",NA,"SexMale",1.69691034322778,3.3536912655789,0.505982873451788,0.612868672705354,-4.87620375257342,8.27002443902897,1
"virus_comp_8200_cycle_1_2","fixed","cond",NA,"Age.at.Gluten.Introduction..months.",0.203525172206238,0.3561784379152,0.571413512276378,0.567719371766533,-0.494571738177289,0.901622082589765,0.946198952944221
"virus_comp_8200_cycle_1_2","fixed","cond",NA,"HLA.CategoryHigh Risk",2.63698463920003,3.51814215637976,0.749538967440003,0.453532421077247,-4.25844727979637,9.53241655819643,0.956307212291697
"virus_comp_8200_cycle_1_2","fixed","cond",NA,"HLA.CategoryLow/No Risk",0.179307131616358,4.93184888645241,0.0363569800585146,0.970997716422684,-9.48693906302434,9.84555332625705,1
"virus_comp_8200_cycle_1_2","fixed","cond",NA,"feeding_first_yearFormula",-2.95896800628869,4.94776141929955,-0.598041771930789,0.549812061188429,-12.6564021922126,6.73846617963519,1
"virus_comp_8200_cycle_1_2","fixed","cond",NA,"feeding_first_yearBreastmilk_and_formula",0.685225822059241,3.62572575905583,0.188989975413276,0.850100673672056,-6.42106608350933,7.79151772762782,1
"virus_comp_8200_cycle_1_2","fixed","cond",NA,"Delivery.ModeC-Section",5.6335036307497,8.53060195790939,0.660387585606011,0.50900513677518,-11.0861689731996,22.353176234699,1
"virus_comp_8200_cycle_1_2","fixed","cond",NA,"Dx.StatusCELIAC:onset_timeline_combinedt0-6",2.26826838619496,6.54140482892553,0.346755543421632,0.728774978409223,-10.5526494867955,15.0891862591854,1
"virus_comp_8200_cycle_1_2","fixed","cond",NA,"Dx.StatusCELIAC:onset_timeline_combinedt0-12",13.6730567746971,5.63158516559106,2.42792328849777,0.0151855548501181,2.63535267426858,24.7107608751256,0.452529534533519
"virus_comp_8200_cycle_1_2","fixed","cond",NA,"Dx.StatusCELIAC:onset_timeline_combinedt0-18",9.57122423443917,10.3888780026122,0.921295276740428,0.356896286421773,-10.7906024904612,29.9330509593395,1
"virus_comp_8200_cycle_1_2","fixed","cond",NA,"Dx.StatusCELIAC:onset_timeline_combinedt0-24",9.99683739150073,4.73344059747031,2.11196003956263,0.0346898769253969,0.719464297499176,19.2742104855023,1
"virus_comp_8200_cycle_1_2","fixed","cond",NA,"Dx.StatusCELIAC:onset_timeline_combinedt0-30",7.73291713865672,4.88589557928652,1.58270208873067,0.113489382018099,-1.84326222896831,17.3090965062818,1
"virus_comp_8200_cycle_1_2","fixed","cond",NA,"Dx.StatusCELIAC:onset_timeline_combinedt0-36",6.298791511274,4.53018763795742,1.39040411008539,0.164406199101435,-2.5802131023311,15.1777961248791,1
"virus_comp_8200_cycle_1_2","fixed","cond",NA,"Dx.StatusCELIAC:onset_timeline_combinedt0-over42",25.0409988813124,14239.3359481531,0.00175857912001579,0.998596857594416,-27883.5446232653,27933.6266210279,1
"virus_comp_95_cycle_1_1","fixed","cond",NA,"(Intercept)",-4.74457904746805,1.96692435963428,-2.41218175179357,0.01585737444057,-8.59967995266574,-0.889478142270364,0.0609013689234018
"virus_comp_95_cycle_1_1","fixed","cond",NA,"Dx.StatusCELIAC",-0.493704974305576,1.74160952170229,-0.283476271893035,0.776811768281903,-3.90719691197409,2.91978696336293,1
"virus_comp_95_cycle_1_1","fixed","cond",NA,"onset_timeline_combinedt0-6",-24.268705401057,286397.659190707,-8.47377924443752e-05,0.999932389023773,-561353.365975763,561304.828564961,1
"virus_comp_95_cycle_1_1","fixed","cond",NA,"onset_timeline_combinedt0-12",-1.18431769477825,1.63220964910233,-0.725591651433743,0.468089140595176,-4.38338982223759,2.01475443268108,1
"virus_comp_95_cycle_1_1","fixed","cond",NA,"onset_timeline_combinedt0-18",-0.116002177907107,1.99512576020546,-0.0581427899037108,0.953634890609033,-4.02637681253791,3.79437245672369,1
"virus_comp_95_cycle_1_1","fixed","cond",NA,"onset_timeline_combinedt0-24",-1.01784583641108,1.6936610247733,-0.60097376129165,0.547857462706653,-4.33736044698594,2.30166877416378,1
"virus_comp_95_cycle_1_1","fixed","cond",NA,"onset_timeline_combinedt0-30",-0.702422621543036,1.7794270785927,-0.39474650576778,0.693029977502589,-4.19003560870005,2.78519036561398,1
"virus_comp_95_cycle_1_1","fixed","cond",NA,"onset_timeline_combinedt0-36",1.25531835939059,1.38007654164989,0.90960053410505,0.36303321683261,-1.44958195815179,3.96021867693296,0.671278071363203
"virus_comp_95_cycle_1_1","fixed","cond",NA,"onset_timeline_combinedt0-over42",0.108317979906345,1.30300282682553,0.0831295049222858,0.933748565498667,-2.44552063242558,2.66215659223827,1
"virus_comp_95_cycle_1_1","fixed","cond",NA,"SexMale",-0.533181464288046,1.42045088463158,-0.375360718245698,0.707392214969664,-3.31721403997399,2.2508511113979,1
"virus_comp_95_cycle_1_1","fixed","cond",NA,"Age.at.Gluten.Introduction..months.",0.0818178834991835,0.114896178656494,0.712102738802087,0.476401158435486,-0.143374488628825,0.307010255627192,0.946198952944221
"virus_comp_95_cycle_1_1","fixed","cond",NA,"HLA.CategoryHigh Risk",-0.940820420598678,1.30540477082272,-0.720711645634427,0.471086945818959,-3.49936675665798,1.61772591546062,0.956307212291697
"virus_comp_95_cycle_1_1","fixed","cond",NA,"HLA.CategoryLow/No Risk",-0.99263628716466,2.82483244933197,-0.351396518189744,0.72529089414367,-6.52920615021538,4.54393357588606,1
"virus_comp_95_cycle_1_1","fixed","cond",NA,"feeding_first_yearFormula",3.90983923805201,1.62485484318128,2.40626986124926,0.0161163547668952,0.725182265311226,7.0944962107928,0.423616161380843
"virus_comp_95_cycle_1_1","fixed","cond",NA,"feeding_first_yearBreastmilk_and_formula",1.57483176369539,1.23995460096022,1.27007211592735,0.204058943078945,-0.855434596651368,4.00509812404215,0.822255833681735
"virus_comp_95_cycle_1_1","fixed","cond",NA,"Delivery.ModeC-Section",-0.678061518582416,3.05824794431258,-0.221715678692242,0.824535224034527,-6.67211734522873,5.31599430806389,1
"virus_comp_95_cycle_1_1","fixed","cond",NA,"Dx.StatusCELIAC:onset_timeline_combinedt0-6",26.693546421519,286397.65919673,9.32044853173291e-05,0.999925633580275,-561302.403735745,561355.790828588,1
"virus_comp_95_cycle_1_1","fixed","cond",NA,"Dx.StatusCELIAC:onset_timeline_combinedt0-12",-17.5217562090028,11104.5579960655,-0.00157788866654674,0.998741027516714,-21782.0554927337,21747.0119803157,1
"virus_comp_95_cycle_1_1","fixed","cond",NA,"Dx.StatusCELIAC:onset_timeline_combinedt0-18",2.7363072319409,2.63903930861567,1.03685732266574,0.299802355951048,-2.43611476673129,7.90872923061309,1
"virus_comp_95_cycle_1_1","fixed","cond",NA,"Dx.StatusCELIAC:onset_timeline_combinedt0-24",1.27916990405557,2.31993997506431,0.551380603724506,0.581372794179903,-3.26782889336522,5.82616870147637,1
"virus_comp_95_cycle_1_1","fixed","cond",NA,"Dx.StatusCELIAC:onset_timeline_combinedt0-30",-16.3327317716726,6359.18795288504,-0.00256836751684037,0.997950741464839,-12480.1120903473,12447.446626804,1
"virus_comp_95_cycle_1_1","fixed","cond",NA,"Dx.StatusCELIAC:onset_timeline_combinedt0-36",-26.7183131782742,330808.811002834,-8.07666310255724e-05,0.999935557552147,-648400.07364725,648346.637020894,1
"virus_comp_95_cycle_1_1","fixed","cond",NA,"Dx.StatusCELIAC:onset_timeline_combinedt0-over42",-0.0893465280694885,2.00439615841617,-0.0445752840297241,0.964445843559414,-4.01789080931562,3.83919775317664,1
"virus_comp_99_cycle_1_1","fixed","cond",NA,"(Intercept)",-12.0890849895144,6.1603599979294,-1.96239911199634,0.0497160360778098,-24.1631687172573,-0.0150012617715642,0.104265575663185
"virus_comp_99_cycle_1_1","fixed","cond",NA,"Dx.StatusCELIAC",-3.85466143747773,5.36185599821427,-0.71890431946727,0.4721998748574,-14.3637060842678,6.6543832093123,1
"virus_comp_99_cycle_1_1","fixed","cond",NA,"onset_timeline_combinedt0-6",0.255214516034873,3.43726731938173,0.0742492486970084,0.940812059172037,-6.48170563518985,6.99213466725959,1
"virus_comp_99_cycle_1_1","fixed","cond",NA,"onset_timeline_combinedt0-12",-8.35739878423723,3.82619720490711,-2.18425719759526,0.0289433540600007,-15.856607503603,-0.85819006487148,0.854107934747097
"virus_comp_99_cycle_1_1","fixed","cond",NA,"onset_timeline_combinedt0-18",-3.64255889856742,15.066479834215,-0.241765756742687,0.80896167402275,-33.1723167474278,25.887198950293,1
"virus_comp_99_cycle_1_1","fixed","cond",NA,"onset_timeline_combinedt0-24",-34.6370434996915,45428.7419431933,-0.00076244778125275,0.999391654745861,-89073.3351151227,89004.0610281233,1
"virus_comp_99_cycle_1_1","fixed","cond",NA,"onset_timeline_combinedt0-30",-34.2211553802146,36913.5836229848,-0.000927061315144331,0.999260312195682,-72383.515596738,72315.0732859776,1
"virus_comp_99_cycle_1_1","fixed","cond",NA,"onset_timeline_combinedt0-36",-33.6138458163632,27235.2183508372,-0.00123420511572032,0.999015247043309,-53413.6609245416,53346.4332329089,1
"virus_comp_99_cycle_1_1","fixed","cond",NA,"onset_timeline_combinedt0-over42",-11.4791976540869,5.16197852527648,-2.22379802586878,0.0261620362910054,-21.596489652598,-1.36190565557582,1
"virus_comp_99_cycle_1_1","fixed","cond",NA,"SexMale",1.40688510399121,3.76828260634039,0.373349148926365,0.708888600969513,-5.97881308800467,8.79258329598709,1
"virus_comp_99_cycle_1_1","fixed","cond",NA,"Age.at.Gluten.Introduction..months.",0.192949371526866,0.428608632556458,0.450176120756154,0.652583453046234,-0.647108111746752,1.03300685480048,0.986910831018112
"virus_comp_99_cycle_1_1","fixed","cond",NA,"HLA.CategoryHigh Risk",2.33886762042115,3.7415819161345,0.625101273430753,0.531904592226797,-4.99449818040883,9.67223342125114,0.956307212291697
"virus_comp_99_cycle_1_1","fixed","cond",NA,"HLA.CategoryLow/No Risk",0.459240762149241,5.31400135352375,0.086420896721209,0.931131835891886,-9.95601050455441,10.8744920288529,1
"virus_comp_99_cycle_1_1","fixed","cond",NA,"feeding_first_yearFormula",-2.55090438847832,5.87798590207637,-0.433975928315381,0.664305921310261,-14.0715450581822,8.96973628122554,1
"virus_comp_99_cycle_1_1","fixed","cond",NA,"feeding_first_yearBreastmilk_and_formula",0.644964793951478,4.07605309472679,0.158232677289183,0.874273455346962,-7.34395247078605,8.633882058689,1
"virus_comp_99_cycle_1_1","fixed","cond",NA,"Delivery.ModeC-Section",5.17189153259858,9.85881090017701,0.524595875198876,0.599864154769222,-14.1510227621393,24.4948058273364,1
"virus_comp_99_cycle_1_1","fixed","cond",NA,"Dx.StatusCELIAC:onset_timeline_combinedt0-6",2.038944528449,8.54550200028147,0.238598566635622,0.811416876691629,-14.7099316219177,18.7878206788157,1
"virus_comp_99_cycle_1_1","fixed","cond",NA,"Dx.StatusCELIAC:onset_timeline_combinedt0-12",14.0220470032479,6.39456137643399,2.19280825967574,0.0283211965978623,1.48893700850644,26.5551569979894,0.495197275137783
"virus_comp_99_cycle_1_1","fixed","cond",NA,"Dx.StatusCELIAC:onset_timeline_combinedt0-18",10.0957610563312,15.8873827373733,0.635457785792621,0.525129890457766,-21.0429369175239,41.2344590301862,1
"virus_comp_99_cycle_1_1","fixed","cond",NA,"Dx.StatusCELIAC:onset_timeline_combinedt0-24",35.8575683280728,45428.7419769519,0.00078931457856053,0.999370218149544,-89002.8405694605,89074.5557061166,1
"virus_comp_99_cycle_1_1","fixed","cond",NA,"Dx.StatusCELIAC:onset_timeline_combinedt0-30",33.3782228660643,36913.5836593192,0.000904226020808944,0.999278532116835,-72315.9162897058,72382.6727354379,1
"virus_comp_99_cycle_1_1","fixed","cond",NA,"Dx.StatusCELIAC:onset_timeline_combinedt0-36",31.1555292724247,27235.2183903566,0.00114394270043585,0.999087265979947,-53348.8916269094,53411.2026854542,1
"virus_comp_99_cycle_1_1","fixed","cond",NA,"Dx.StatusCELIAC:onset_timeline_combinedt0-over42",9.11248736894965,5.3177548029058,1.71359675402301,0.0866028101175683,-1.31012052336059,19.5350952612599,1
