"","baseMean","log2FoldChange","lfcSE","stat","pvalue","padj"
"Viruses;Pisuviricota;Duplopiviricetes;Durnavirales;Picobirnaviridae;unclassified Picobirnaviridae genus;Lysoka partiti-like virus",11.9752896302412,-4.06743927145245,0.631362288832585,-6.44232217127397,1.17659186767575e-10,1.50603759062496e-08
"Viruses;Pisuviricota;Pisoniviricetes;Picornavirales;Picornaviridae;Enterovirus;Rhinovirus C",1.45464610123918,-1.60848843838452,0.40010978391998,-4.0201177352519,5.81690638923976e-05,0.000930705022278362
"Viruses;Pisuviricota;Pisoniviricetes;Picornavirales;unclassified Picornavirales family;unclassified Picornavirales genus;Picornavirales sp.",2.71737180447677,-2.51459621251352,0.448596099497655,-5.605479439811,2.07679275795691e-08,8.86098243394949e-07
"Viruses;Pisuviricota;Stelpaviricetes;Stellavirales;Astroviridae;Mamastrovirus;Burkina Faso astrovirus",1.41647567114182,1.72952157467527,0.35435387044606,4.88077517679758,1.05669653749883e-06,3.38142891999626e-05
"Viruses;Pisuviricota;Stelpaviricetes;Stellavirales;Astroviridae;unclassified Astroviridae genus;Human astrovirus MLB2",1.92378203845744,-2.05647949433828,0.444178583306414,-4.62984837996934,3.65933578847789e-06,9.36789961850339e-05
"Viruses;Preplasmiviricota;Tectiliviricetes;Rowavirales;Adenoviridae;Mastadenovirus;Adenovirus Lopburi070_2006_THA",4.3735911987058,-2.93191420200751,0.495837048005664,-5.91305997363476,3.35809835534772e-09,2.14918294742254e-07
"Viruses;Preplasmiviricota;Tectiliviricetes;Rowavirales;Adenoviridae;Mastadenovirus;Simian mastadenovirus C",3.19186406549623,1.91463535115862,0.457945643402746,4.18092273338819,2.90328515579147e-05,0.000530886428487583
"Viruses;Preplasmiviricota;Tectiliviricetes;Rowavirales;Adenoviridae;Mastadenovirus;Simian mastadenovirus D",3.63348873656579,-2.15017897195273,0.48448886743493,-4.43803586929996,9.07834930498748e-06,0.000193671451839733
"Viruses;Preplasmiviricota;Tectiliviricetes;Rowavirales;Adenoviridae;unclassified Adenoviridae genus;Pan troglodytes adenovirus",1.82467649220083,-1.53303086884133,0.441899518303534,-3.46918429494262,0.000522041214758688,0.00668212754891121
"Viruses;unclassified Viruses phylum;unclassified Viruses class;unclassified Viruses order;Anelloviridae;Gammatorquevirus;Torque teno midi virus 12",3.12594097471478,1.80623023368574,0.508636413360913,3.55112254301797,0.000383591770605618,0.00545552740416878
