"","term","coef","exp_coef","se","z_value","p_value","ci_lower","ci_upper"
"get(i)1","get(i)1",1.12852334166456,3.0910886465597,3.0910886465597,0.374635457230685,3.0123239001632,4.40734869190263,627.484176385001
"CountryUSA","CountryUSA",-0.934458891725823,0.392798354476261,0.392798354476261,0.210317969487162,-4.44307680415706,1.29706470138175,1.80974940738483
"SexMale","SexMale",0.075019472848475,1.07790514056374,1.07790514056374,0.196397670088304,0.381977407444522,2.08237871162429,4.87440324918324
"Delivery.ModeVaginal","Delivery.ModeVaginal",0.635844435572833,1.88861628306192,1.88861628306192,0.231932080179314,2.74151137299006,3.31591596316425,19.6000542946012
"HLA.CategoryLow/No Risk","HLA.CategoryLow/No Risk",-0.415738006486597,0.659853125078578,0.659853125078578,0.272413724623082,-1.52612724289799,1.47236932302349,3.08160369884901
"HLA.CategoryStandard Risk","HLA.CategoryStandard Risk",-0.403098243775886,0.668246445044568,0.668246445044568,0.191426428334571,-2.10576066890492,1.58279435701767,2.64448550133598
