"","term","coef","exp_coef","se","z_value","p_value","ci_lower","ci_upper"
"get(i)1","get(i)1",0.494999734562523,1.64049780360739,1.64049780360739,0.524912712266209,0.943013424890128,1.79744549829048,98.4626642613432
"CountryUSA","CountryUSA",-0.875184500030452,0.416785115717793,0.416785115717793,0.21084770137109,-4.15078985608733,1.3174538620416,1.87773462876383
"SexMale","SexMale",0.106552056691888,1.11243583466791,1.11243583466791,0.196682809936976,0.541745649891981,2.1309884371556,5.13281842915475
"Delivery.ModeVaginal","Delivery.ModeVaginal",0.57559911451276,1.7781955506075,1.7781955506075,0.230763541871962,2.49432431935946,3.0994852487336,16.3651552897206
"HLA.CategoryLow/No Risk","HLA.CategoryLow/No Risk",-0.461350688649328,0.63043155343752,0.63043155343752,0.272244618885822,-1.69461820967274,1.44736621907891,2.92973558137713
"HLA.CategoryStandard Risk","HLA.CategoryStandard Risk",-0.372860273230786,0.688761464534926,0.688761464534926,0.19031933346034,-1.95912977652628,1.60691636894037,2.71871346748349
