"","term","estimate","std.error","statistic","p.value"
"1","get(i)1",0.394489050714976,0.380378904681203,1.0370949751948,0.29969159674548
"2","CountryUSA",-0.85019770620532,0.215675133462464,-3.94202935014429,8.07950866304826e-05
"3","SexMale",0.131636029281775,0.19470257477961,0.676087768386103,0.498984922092676
"4","Delivery.ModeVaginal",0.539586981442884,0.234074752918198,2.30519086196132,0.0211558864300678
"5","HLA.CategoryLow/No Risk",-0.482899390986842,0.273352893934669,-1.76657866699686,0.0772988162826866
"6","HLA.CategoryStandard Risk",-0.390297285282817,0.190981805709111,-2.04363595701513,0.0409895243216552
