"","term","estimate","std.error","statistic","p.value"
"1","get(i)1",1.12852334166456,0.374635457230685,3.0123239001632,0.00259255808824783
"2","CountryUSA",-0.934458891725823,0.210317969487162,-4.44307680415706,8.86814913085812e-06
"3","SexMale",0.075019472848475,0.196397670088304,0.381977407444522,0.702478122561601
"4","Delivery.ModeVaginal",0.635844435572833,0.231932080179314,2.74151137299006,0.00611572435291996
"5","HLA.CategoryLow/No Risk",-0.415738006486597,0.272413724623082,-1.52612724289799,0.126978178607073
"6","HLA.CategoryStandard Risk",-0.403098243775886,0.191426428334571,-2.10576066890492,0.0352251468918728
