"","term","coef","exp_coef","se","z_value","p_value","ci_lower","ci_upper"
"get(i)1","get(i)1",0.394489050714976,1.48362593961034,1.48362593961034,0.380378904681203,1.0370949751948,2.0217342110059,22.8014621019797
"CountryUSA","CountryUSA",-0.85019770620532,0.427330437717226,0.427330437717226,0.215675133462464,-3.94202935014429,1.32314925398132,1.91966175673139
"SexMale","SexMale",0.131636029281775,1.14069306482751,1.14069306482751,0.19470257477961,0.676087768386103,2.1789018868752,5.31591748657087
"Delivery.ModeVaginal","Delivery.ModeVaginal",0.539586981442884,1.71529826584843,1.71529826584843,0.234074752918198,2.30519086196132,2.95696584068564,15.0871177476937
"HLA.CategoryLow/No Risk","HLA.CategoryLow/No Risk",-0.482899390986842,0.616991895196705,0.616991895196705,0.273352893934669,-1.76657866699686,1.43487540753613,2.86992128837354
"HLA.CategoryStandard Risk","HLA.CategoryStandard Risk",-0.390297285282817,0.67685562536943,0.67685562536943,0.190981805709111,-2.04363595701513,1.59283147948678,2.67552915469396
