"","term","coef","exp_coef","se","z_value","p_value","ci_lower","ci_upper"
"get(i)1","get(i)1",0.722191773898767,2.05894100195684,2.05894100195684,0.397964529124273,1.81471392811807,2.56981669495351,89.2557079933359
"CountryUSA","CountryUSA",-0.904174513969834,0.404875966648642,0.404875966648642,0.209604067915384,-4.3137259832898,1.30797057439038,1.84148551328807
"SexMale","SexMale",0.129346376548697,1.13808426160047,1.13808426160047,0.194476308431346,0.665100945158873,2.17577410554026,5.29173200477324
"Delivery.ModeVaginal","Delivery.ModeVaginal",0.632038881684712,1.88144271038888,1.88144271038888,0.233986468015908,2.70117706824714,3.28505036801634,19.612947192211
"HLA.CategoryLow/No Risk","HLA.CategoryLow/No Risk",-0.426066989950461,0.653072591354719,0.653072591354719,0.272445056930569,-1.56386390250802,1.46649314839249,3.0463788494811
"HLA.CategoryStandard Risk","HLA.CategoryStandard Risk",-0.359820489352032,0.697801577642055,0.697801577642055,0.191229510306463,-1.88161591155772,1.61556712242934,2.75962627616305
