"","term","estimate","std.error","statistic","p.value"
"1","get(i)1",0.494999734562523,0.524912712266209,0.943013424890128,0.345674036191275
"2","CountryUSA",-0.875184500030452,0.21084770137109,-4.15078985608733,3.31329872333485e-05
"3","SexMale",0.106552056691888,0.196682809936976,0.541745649891981,0.587993737261507
"4","Delivery.ModeVaginal",0.57559911451276,0.230763541871962,2.49432431935946,0.0126197179569566
"5","HLA.CategoryLow/No Risk",-0.461350688649328,0.272244618885822,-1.69461820967274,0.0901478703919534
"6","HLA.CategoryStandard Risk",-0.372860273230786,0.19031933346034,-1.95912977652628,0.0500975904391853
