"","term","coef","exp_coef","se","z_value","p_value","ci_lower","ci_upper"
"get(i)1","get(i)1",0.944215396800377,2.57079553268714,2.57079553268714,0.371333917218796,2.54276637015097,3.46120455345975,204.975527786033
"CountryUSA","CountryUSA",-0.926022360943866,0.396126228000172,0.396126228000172,0.209769878614724,-4.41446773511584,1.30029268026586,1.81769956989607
"SexMale","SexMale",0.105875275761588,1.1116832140172,1.1116832140172,0.195485696441738,0.541601138542343,2.1336841131386,5.10753888115898
"Delivery.ModeVaginal","Delivery.ModeVaginal",0.614183520131473,1.8481470085403,1.8481470085403,0.231768164634997,2.64999086953434,3.23304476521541,18.3721753554549
"HLA.CategoryLow/No Risk","HLA.CategoryLow/No Risk",-0.413077339902237,0.661611111910383,0.661611111910383,0.272671138724697,-1.51492872268855,1.47359934391606,3.09261820863862
"HLA.CategoryStandard Risk","HLA.CategoryStandard Risk",-0.346551064090421,0.707122709787339,0.707122709787339,0.192005613021881,-1.80490069345488,1.62475133577733,2.80168401481898
