"","term","coef","exp_coef","se","z_value","p_value","ci_lower","ci_upper"
"get(i)1","get(i)1",0.693731534544048,2.00116904950431,2.00116904950431,0.35641687524187,1.94640484986372,2.70520840668278,55.9287090894176
"CountryUSA","CountryUSA",-0.850841024010379,0.427055616846057,0.427055616846057,0.20976098049677,-4.05624068878473,1.32723415754764,1.90449841089817
"SexMale","SexMale",0.133963623064441,1.14335122727423,1.14335122727423,0.193465199589353,0.692442999303187,2.1870014896612,5.31505063023913
"Delivery.ModeVaginal","Delivery.ModeVaginal",0.596469265715229,1.8156967270598,1.8156967270598,0.230864045378738,2.58363862911917,3.17359714288594,17.368616841784
"HLA.CategoryLow/No Risk","HLA.CategoryLow/No Risk",-0.439739592691203,0.644204154712907,0.644204154712907,0.272550960826549,-1.61342154640597,1.45877390793861,3.00132761925741
"HLA.CategoryStandard Risk","HLA.CategoryStandard Risk",-0.330155594280545,0.718811881712826,0.718811881712826,0.191271406667836,-1.72611055688997,1.63900357819142,2.84551741864304
