"","term","coef","exp_coef","se","z_value","p_value","ci_lower","ci_upper"
"get(i)1","get(i)1",0.921464000954799,2.51296668385532,2.51296668385532,0.423973870197277,2.17339809296747,2.98831920753731,320.104250897345
"CountryUSA","CountryUSA",-0.928294995971874,0.395226999854631,0.395226999854631,0.210234996390579,-4.41551127028949,1.29920762271064,1.81622282672838
"SexMale","SexMale",0.121044352028814,1.12867497028205,1.12867497028205,0.194372698665236,0.622743589300505,2.1621734397937,5.21758664489314
"Delivery.ModeVaginal","Delivery.ModeVaginal",0.623945826991181,1.86627754067826,1.86627754067826,0.232251187886704,2.68651296326438,3.26681176404247,18.9570713619844
"HLA.CategoryLow/No Risk","HLA.CategoryLow/No Risk",-0.407462369435219,0.665336487914766,0.665336487914766,0.273533227879065,-1.48962658977346,1.47584809574762,3.11832284317782
"HLA.CategoryStandard Risk","HLA.CategoryStandard Risk",-0.361791867428872,0.696427301963454,0.696427301963454,0.191253559537609,-1.89168697462976,1.61400517815304,2.7542463611842
