"","term","coef","exp_coef","se","z_value","p_value","ci_lower","ci_upper"
"get(i)1","get(i)1",1.46575509059712,4.33081216152067,4.33081216152067,0.369347638185998,3.96849726126849,8.16462118842593,7571.93461628631
"CountryUSA","CountryUSA",-0.920180315067639,0.398447188574905,0.398447188574905,0.211109209932197,-4.35878811428065,1.30139333844732,1.82695912035024
"SexMale","SexMale",0.121894817834861,1.129635278047,1.129635278047,0.194053559525441,0.628150383496986,2.16463751312118,5.21952633623522
"Delivery.ModeVaginal","Delivery.ModeVaginal",0.598053694511911,1.81857584952014,1.81857584952014,0.230897373289203,2.5901277523969,3.17917391549411,17.4506748136464
"HLA.CategoryLow/No Risk","HLA.CategoryLow/No Risk",-0.421185818408567,0.656268143376503,0.656268143376503,0.272011105700673,-1.54841405215289,1.46972418981176,3.06011541558581
"HLA.CategoryStandard Risk","HLA.CategoryStandard Risk",-0.363022862279939,0.695570530989115,0.695570530989115,0.191085405827756,-1.89979376346076,1.61330915607467,2.74989850344163
