"orf_id","effect","component","group","term","estimate","std.error","statistic","p.value","conf.low","conf.high","p.adj"
"edge_1845_14","fixed","cond",NA,"(Intercept)",-1212.06576400118,60475884.876108,-2.00421335956347e-05,0.99998400869104,-118531768.356126,118529344.224598,0.999989040315975
"edge_1845_14","fixed","cond",NA,"Dx.StatusCELIAC",321.609578735042,44199928.1796496,7.27624663614535e-06,0.999994194395148,-86629945.7417916,86630588.960949,0.999998120218113
"edge_1845_14","fixed","cond",NA,"onset_timeline_combinedt0-6",-191.066683721343,1.26236570703131e+44,-1.51356047345957e-42,1,-2.47419132109981e+44,2.47419132109981e+44,1
"edge_1845_14","fixed","cond",NA,"onset_timeline_combinedt0-18",-34.7869493082673,19018085367.8625,-1.82915097053101e-09,0.999999998540549,-37274762410.7057,37274762341.1318,0.999999998540549
"edge_1845_14","fixed","cond",NA,"onset_timeline_combinedt0-30",-118.274773886037,5.34066592172672e+60,-2.21460723474344e-59,1,-1.04675128600448e+61,1.04675128600448e+61,1
"edge_1845_14","fixed","cond",NA,"onset_timeline_combinedt0-over42",-54.4323305854865,115330859.61488,-4.7196674651737e-07,0.99999962342502,-226044385.583541,226044276.71888,1
"edge_1845_14","fixed","cond",NA,"SexMale",71.1093379760695,4605.92983017619,0.0154386498704756,0.987682228958025,-8956.34724448796,9098.5659204401,1
"edge_1845_14","fixed","cond",NA,"HLA.CategoryHigh Risk",-381.49843472234,44199916.4988152,-8.63120261171909e-06,0.999993113296695,-86630625.9557903,86629862.9589208,0.999993113296695
"edge_1845_14","fixed","cond",NA,"feeding_first_yearFormula",1029.38433629616,60475882.6041874,1.70214024495259e-05,0.999986418885783,-118529522.453143,118531581.221816,1
"edge_1845_14","fixed","cond",NA,"feeding_first_yearBreastmilk_and_formula",643.327513430526,262327643.7241,2.45238170212492e-06,0.999998043282503,-514152090.520976,514153377.176003,0.999998456348986
"edge_1845_14","fixed","cond",NA,"Delivery.ModeC-Section",-103.374450475857,1.32817362663836e+154,-7.78320306942852e-153,1,-2.60317247342714e+154,2.60317247342714e+154,1
"edge_1845_14","fixed","cond",NA,"Dx.StatusCELIAC:onset_timeline_combinedt0-6",-75.3198034861628,1.49865112957467e+65,-5.02583970343645e-64,1,-2.93730223935663e+65,2.93730223935663e+65,1
"edge_1845_14","fixed","cond",NA,"Dx.StatusCELIAC:onset_timeline_combinedt0-18",-34.0683387975393,1983273576473672,-1.71778312390538e-14,0.999999999999986,-3887144781378375,3887144781378307,1
"edge_1845_14","fixed","cond",NA,"Dx.StatusCELIAC:onset_timeline_combinedt0-30",-121.26637060829,5.34066592165085e+60,-2.27062265993236e-59,1,-1.04675128598961e+61,1.04675128598961e+61,1
"edge_1845_14","fixed","cond",NA,"Dx.StatusCELIAC:onset_timeline_combinedt0-over42",51.212134816408,115330859.612683,4.440453750921e-07,0.999999645703051,-226044279.934768,226044382.359038,1
"edge_1847_26","fixed","cond",NA,"(Intercept)",-2.96238981368296,644.746130460201,-0.00459466086530599,0.996334003932203,-1266.64158468724,1260.71680505987,0.999989040315975
"edge_1847_26","fixed","cond",NA,"Dx.StatusCELIAC",4.74753060997892,646.554346794511,0.00734281755820874,0.994141331884499,-1262.47570315508,1271.97076437504,0.999998120218113
"edge_1847_26","fixed","cond",NA,"onset_timeline_combinedt0-6",-0.487746021003157,39.767116239572,-0.0122650588507548,0.990214144256694,-78.4298616195821,77.4543695775757,1
"edge_1847_26","fixed","cond",NA,"onset_timeline_combinedt0-12",-0.857882231029665,352.861789876235,-0.00243121317082975,0.998060174457961,-692.454281908791,690.738517446732,0.999995349743898
"edge_1847_26","fixed","cond",NA,"onset_timeline_combinedt0-18",-1.37378972651546,59.4759612340667,-0.0230982349509062,0.981571913616862,-117.944531691187,115.196952238156,0.999999998540549
"edge_1847_26","fixed","cond",NA,"onset_timeline_combinedt0-24",-1.25885657391561,723.03953748361,-0.00174106187650098,0.998610834311166,-1418.39030944029,1415.87259629246,0.999995842904296
"edge_1847_26","fixed","cond",NA,"onset_timeline_combinedt0-30",-0.844559002691366,1333.78550367372,-0.000633204514792783,0.999494775927578,-2615.0161093048,2613.32699129941,1
"edge_1847_26","fixed","cond",NA,"onset_timeline_combinedt0-36",-0.513015468022413,1140.61548773167,-0.000449770736536852,0.999641134885516,-2236.07829163068,2235.05226069463,0.999999999336064
"edge_1847_26","fixed","cond",NA,"onset_timeline_combinedt0-over42",-0.617787480777067,1765.0620068282,-0.000350008939282097,0.999720733276906,-3460.07575134404,3458.84017638248,1
"edge_1847_26","fixed","cond",NA,"SexMale",-4.55919511256295,33.7622870545661,-0.13503810050529,0.89258175036367,-70.7320617752154,61.6136715500895,1
"edge_1847_26","fixed","cond",NA,"HLA.CategoryHigh Risk",-11.2820144392579,11.0418318120345,-1.02175206354453,0.30689826272005,-32.9236071141941,10.3595782356783,0.999993113296695
"edge_1847_26","fixed","cond",NA,"HLA.CategoryLow/No Risk",-2.87546421064264,3035.24117034465,-0.000947359385717652,0.99924411668567,-5951.83884247936,5946.08791405808,0.999999262755209
"edge_1847_26","fixed","cond",NA,"feeding_first_yearFormula",-1.14717076957541,646.163667554253,-0.00177535634882952,0.99858347132347,-1267.60468729422,1265.31034575507,1
"edge_1847_26","fixed","cond",NA,"feeding_first_yearBreastmilk_and_formula",-7.43632028734285,10.3265371601024,-0.720117515876843,0.471452643797983,-27.6759612061581,12.8033206314724,0.999998456348986
"edge_1847_26","fixed","cond",NA,"Delivery.ModeC-Section",-1.22132985855313,175140.35739378,-6.97343477384331e-06,0.999994436004058,-343270.014061141,343267.571401424,1
"edge_1847_26","fixed","cond",NA,"Dx.StatusCELIAC:onset_timeline_combinedt0-6",-0.496786940974054,127.249991087964,-0.00390402338520117,0.996885047928641,-249.902186506427,248.908612624479,1
"edge_1847_26","fixed","cond",NA,"Dx.StatusCELIAC:onset_timeline_combinedt0-12",0.307221044060715,352.861900812946,0.000870655186499079,0.999305317756676,-691.289396065659,691.90383815378,0.999999948577024
"edge_1847_26","fixed","cond",NA,"Dx.StatusCELIAC:onset_timeline_combinedt0-18",-0.744233472447738,321.465017172979,-0.00231513052024342,0.998152794751772,-630.804089421036,629.31562247614,1
"edge_1847_26","fixed","cond",NA,"Dx.StatusCELIAC:onset_timeline_combinedt0-24",0.0519023700642538,723.039562292105,7.17835824912793e-05,0.99994272498786,-1417.07959912007,1417.18340386019,0.999996294200444
"edge_1847_26","fixed","cond",NA,"Dx.StatusCELIAC:onset_timeline_combinedt0-30",0.149481407774987,1333.78550995385,0.000112073048222093,0.999910578645329,-2614.02208120316,2614.32104401871,1
"edge_1847_26","fixed","cond",NA,"Dx.StatusCELIAC:onset_timeline_combinedt0-36",0.953227283198806,1140.61549265628,0.000835713077137782,0.999333197516108,-2234.61205853152,2236.51851309791,1
"edge_1847_26","fixed","cond",NA,"Dx.StatusCELIAC:onset_timeline_combinedt0-over42",0.487397889642921,1765.0620085292,0.000276136411801793,0.999779675023148,-3458.97056930753,3459.94536508681,1
"edge_187_2","fixed","cond",NA,"(Intercept)",-40.4652408592002,9520.27033195586,-0.00425042981430622,0.99660865788581,-18699.8522145779,18618.9217328595,0.999989040315975
"edge_187_2","fixed","cond",NA,"Dx.StatusCELIAC",18.6644821570019,9520.26718686328,0.00196049982533647,0.998435748459956,-18640.7163272935,18678.0452916075,0.999998120218113
"edge_187_2","fixed","cond",NA,"onset_timeline_combinedt0-6",0.0947749510704403,266322.908228375,3.5586480975632e-07,0.999999716060963,-521983.213610629,521983.403160531,1
"edge_187_2","fixed","cond",NA,"onset_timeline_combinedt0-12",-8.0312346146398,1377988.21460901,-5.82823171453508e-06,0.999995349743898,-2700815.30298892,2700799.24051969,0.999995349743898
"edge_187_2","fixed","cond",NA,"onset_timeline_combinedt0-18",-1.94235736574252,977278.444867423,-1.98751683918089e-06,0.999998414191,-1915432.49716483,1915428.6124501,0.999999998540549
"edge_187_2","fixed","cond",NA,"onset_timeline_combinedt0-24",-7.84834257910833,1506357.27868013,-5.21014681589021e-06,0.999995842904296,-2952413.8624054,2952398.16572024,0.999995842904296
"edge_187_2","fixed","cond",NA,"onset_timeline_combinedt0-30",25.7579526324361,9520.2657386226,0.00270559177018969,0.997841252732484,-18633.6200183185,18685.1359235833,1
"edge_187_2","fixed","cond",NA,"onset_timeline_combinedt0-36",25.1428473556401,9520.26528480283,0.00264098180076721,0.997892803845347,-18634.2342341249,18684.5199288361,0.999999999336064
"edge_187_2","fixed","cond",NA,"onset_timeline_combinedt0-over42",22.817324195829,9520.26363224945,0.00239671138082105,0.99808770282332,-18636.5565183396,18682.1911667312,1
"edge_187_2","fixed","cond",NA,"SexMale",3.83487352860843,6.36402779377615,0.602585917735752,0.546784190864076,-8.63839174380471,16.3081388010216,1
"edge_187_2","fixed","cond",NA,"Age.at.Gluten.Introduction..months.",-0.77812414725703,1.08453273595342,-0.717474098716785,0.47308161273276,-2.90376924978042,1.34752095526636,0.883719897235668
"edge_187_2","fixed","cond",NA,"HLA.CategoryHigh Risk",-4.26073391959022,5.58021440032394,-0.763543049410947,0.445139598708804,-15.1977531702369,6.67628533105647,0.999993113296695
"edge_187_2","fixed","cond",NA,"HLA.CategoryLow/No Risk",-31.459864871531,131358.940373309,-0.00023949542210165,0.999808910302149,-257490.252043901,257427.332314158,0.999999262755209
"edge_187_2","fixed","cond",NA,"feeding_first_yearFormula",0.0856567363498788,8.17754564688336,0.0104746265014766,0.991642610060315,-15.9420382134738,16.1133516861736,1
"edge_187_2","fixed","cond",NA,"feeding_first_yearBreastmilk_and_formula",-1.24948073463692,5.69517811064566,-0.21939274072945,0.82634412435255,-12.4118247170433,9.91286324776945,0.999998456348986
"edge_187_2","fixed","cond",NA,"Delivery.ModeC-Section",34.5406636054021,131358.940848527,0.000262948706668027,0.999790197289084,-257424.252446836,257493.333774046,1
"edge_187_2","fixed","cond",NA,"Dx.StatusCELIAC:onset_timeline_combinedt0-6",5.38651409472212,266322.908317002,2.0225500422632e-05,0.999983862385479,-521977.922045193,521988.695073382,1
"edge_187_2","fixed","cond",NA,"Dx.StatusCELIAC:onset_timeline_combinedt0-12",13.0910567353791,1377988.21462194,9.50012242228847e-06,0.999992419998994,-2700794.18072291,2700820.36283638,0.999999948577024
"edge_187_2","fixed","cond",NA,"Dx.StatusCELIAC:onset_timeline_combinedt0-18",12.3444492834651,977278.444778138,1.26314555993993e-05,0.999989921556597,-1915418.21018318,1915442.89908175,1
"edge_187_2","fixed","cond",NA,"Dx.StatusCELIAC:onset_timeline_combinedt0-24",13.9795109128146,1506357.27870876,9.28034212759789e-06,0.999992595358298,-2952392.03460801,2952419.99362984,0.999996294200444
"edge_187_2","fixed","cond",NA,"Dx.StatusCELIAC:onset_timeline_combinedt0-30",-47.4702257354333,69647.4799245186,-0.000681578512056427,0.99945617907036,-136554.022491768,136459.082040297,1
"edge_187_2","fixed","cond",NA,"Dx.StatusCELIAC:onset_timeline_combinedt0-36",-12.8052582786338,9520.2670320786,-0.00134505242715214,0.998926803758503,-18672.1857643567,18646.5752477994,1
"edge_187_2","fixed","cond",NA,"Dx.StatusCELIAC:onset_timeline_combinedt0-over42",-6.80709812374056,9520.2656527059,-0.000715011363344237,0.999429503520999,-18666.184900681,18652.5707044335,1
"edge_329_19","fixed","cond",NA,"(Intercept)",-31.7539533097004,6.55648043043457,-4.84314010338557,1.27803104801274e-06,-44.6044188186938,-18.9034878007069,1.62309943097618e-05
"edge_329_19","fixed","cond",NA,"Dx.StatusCELIAC",-0.938695580885969,5.07904916923046,-0.18481718715635,0.853372426688617,-10.8934490282858,9.01605786651381,0.999998120218113
"edge_329_19","fixed","cond",NA,"onset_timeline_combinedt0-6",-19.4494609696435,69831.9347610304,-0.000278518145547605,0.999777774674637,-136887.52656334,136848.6276414,1
"edge_329_19","fixed","cond",NA,"onset_timeline_combinedt0-12",-1.85941029479494,2.36897506081749,-0.784900746972531,0.432511764065657,-6.50251609427081,2.78369550468092,0.963666562041025
"edge_329_19","fixed","cond",NA,"onset_timeline_combinedt0-18",-0.0415082158799488,2.55927428443184,-0.0162187445606924,0.987059881433256,-5.05759363992587,4.97457720816597,0.999999998540549
"edge_329_19","fixed","cond",NA,"onset_timeline_combinedt0-24",-0.0216969194099709,2.15534285657363,-0.0100665744866516,0.991968171289286,-4.24609129262996,4.20269745381002,0.999995842904296
"edge_329_19","fixed","cond",NA,"onset_timeline_combinedt0-30",4.05552148317017,3.17614541405325,1.27686895732985,0.201648515272238,-2.16960913803625,10.2806521043766,0.496365576054739
"edge_329_19","fixed","cond",NA,"onset_timeline_combinedt0-36",3.80551843262019,2.88367741240265,1.3196755005441,0.186943383150343,-1.84638543872067,9.45742230396104,0.516126296958555
"edge_329_19","fixed","cond",NA,"onset_timeline_combinedt0-over42",-0.631712531294912,3.07617331607339,-0.205356612384008,0.837293516125056,-6.6609014410019,5.39747637841208,1
"edge_329_19","fixed","cond",NA,"SexMale",0.549611235523715,4.4628587158483,0.123152282094873,0.90198651121045,-8.19743111562963,9.29665358667706,1
"edge_329_19","fixed","cond",NA,"Age.at.Gluten.Introduction..months.",0.310290982212168,0.400582459511822,0.774599523379806,0.438576339037606,-0.474836211269478,1.09541817569381,0.883719897235668
"edge_329_19","fixed","cond",NA,"HLA.CategoryHigh Risk",1.16791180847895,4.82054269165289,0.242278075972914,0.808564700628935,-8.28017825309847,10.6160018700564,0.999993113296695
"edge_329_19","fixed","cond",NA,"HLA.CategoryLow/No Risk",4.53948881871476,7.32265557566987,0.619923847544814,0.535307924455159,-9.81265238078961,18.8916300182191,0.999999262755209
"edge_329_19","fixed","cond",NA,"feeding_first_yearFormula",7.69864888613818,4.62834811462656,1.66336859187597,0.096238676151454,-1.37274672644373,16.7700444987201,1
"edge_329_19","fixed","cond",NA,"feeding_first_yearBreastmilk_and_formula",3.89240163971569,4.46729672820759,0.871310297150876,0.383584749599487,-4.8633390558248,12.6481423352562,0.999998456348986
"edge_329_19","fixed","cond",NA,"Delivery.ModeC-Section",-3.75491103811917,8.402462533817,-0.446882211376362,0.654960108435052,-20.2234349858477,12.7136129096093,1
"edge_329_19","fixed","cond",NA,"Dx.StatusCELIAC:onset_timeline_combinedt0-6",30.0559474327139,69831.9349210983,0.000430404047470165,0.999656587266219,-136838.021468665,136898.13336353,1
"edge_329_19","fixed","cond",NA,"Dx.StatusCELIAC:onset_timeline_combinedt0-12",-26.122895474374,47237.7315102387,-0.000553009101817516,0.999558762598166,-92610.375366915,92558.1295759662,0.999999948577024
"edge_329_19","fixed","cond",NA,"Dx.StatusCELIAC:onset_timeline_combinedt0-18",5.10549791149025,4.78145708156613,1.06777031026241,0.285624133698936,-4.26598576200335,14.4769815849839,1
"edge_329_19","fixed","cond",NA,"Dx.StatusCELIAC:onset_timeline_combinedt0-24",-25.8051464631477,27974.7144783717,-0.000922445392002076,0.999263995167916,-54855.2380018629,54803.6277089366,0.999996294200444
"edge_329_19","fixed","cond",NA,"Dx.StatusCELIAC:onset_timeline_combinedt0-30",-21.9235581950999,12698.8156494481,-0.00172642542425228,0.998622512492889,-24911.144877427,24867.2977610368,1
"edge_329_19","fixed","cond",NA,"Dx.StatusCELIAC:onset_timeline_combinedt0-36",-28.2381530332787,28867.0622422516,-0.000978213605399292,0.999219498591562,-56606.6404873224,56550.1641812558,1
"edge_329_19","fixed","cond",NA,"Dx.StatusCELIAC:onset_timeline_combinedt0-over42",-5.57384351194692,4.33140625760424,-1.28684385173094,0.198148718964012,-14.0632437792626,2.9155567553688,1
"edge_4_30","fixed","cond",NA,"(Intercept)",-21.3903675289846,10.1165717667311,-2.11438894738313,0.0344820608869083,-41.2184838387923,-1.56225121917682,0.070632608590925
"edge_4_30","fixed","cond",NA,"Dx.StatusCELIAC",-0.460254592189241,7.36867480394212,-0.0624609722148429,0.950195740886314,-14.9025918217035,13.982082637325,0.999998120218113
"edge_4_30","fixed","cond",NA,"onset_timeline_combinedt0-6",-20.4190732168818,14785.0883017191,-0.00138105859093907,0.998898075023013,-28998.6596528307,28957.8215063969,1
"edge_4_30","fixed","cond",NA,"onset_timeline_combinedt0-12",-27.2831741000167,19136.6391827905,-0.00142570353338492,0.998862453547799,-37534.4067575073,37479.8404093073,0.999995349743898
"edge_4_30","fixed","cond",NA,"onset_timeline_combinedt0-18",3.329661539155,5.16714554494418,0.64439089439099,0.519321987639122,-6.79775763181218,13.4570807101222,0.938608209988113
"edge_4_30","fixed","cond",NA,"onset_timeline_combinedt0-24",-1.38332113811622,6.52683398907678,-0.211943668313201,0.832150982001558,-14.1756806897786,11.4090384135462,0.999995842904296
"edge_4_30","fixed","cond",NA,"onset_timeline_combinedt0-30",-2.46940984839171,6.54891332449539,-0.377071695109354,0.706120325332065,-15.3050441022772,10.3662244054937,1
"edge_4_30","fixed","cond",NA,"onset_timeline_combinedt0-36",-2.16422175206007,6.50691582865791,-0.332603311468754,0.739433743374955,-14.9175424266632,10.589098922543,0.999999999336064
"edge_4_30","fixed","cond",NA,"onset_timeline_combinedt0-over42",-4.33375720227482,6.78405939882941,-0.638814749031032,0.522943452264589,-17.6302692929609,8.96275488841126,1
"edge_4_30","fixed","cond",NA,"SexMale",0.657618919904095,5.64140819936293,0.116569993991634,0.907200816901885,-10.3993379729362,11.7145758127444,1
"edge_4_30","fixed","cond",NA,"Age.at.Gluten.Introduction..months.",-0.00477966302531407,0.994292802169504,-0.0048070980850762,0.996164505427549,-1.95355774536495,1.94399841931432,0.996164505427549
"edge_4_30","fixed","cond",NA,"HLA.CategoryHigh Risk",-1.34315045284889,3.90050561335701,-0.34435290856892,0.73058089914463,-8.98800097652494,6.30170007082717,0.999993113296695
"edge_4_30","fixed","cond",NA,"HLA.CategoryLow/No Risk",-21.637607616966,59348.3005589073,-0.000364586810628034,0.999709101819172,-116342.169246734,116298.8940315,0.999999262755209
"edge_4_30","fixed","cond",NA,"feeding_first_yearFormula",-3.12624784730595,6.13552623172368,-0.509532145937494,0.6103792718471,-15.1516582876851,8.89916259307321,1
"edge_4_30","fixed","cond",NA,"feeding_first_yearBreastmilk_and_formula",-3.44912961437524,5.35664671129552,-0.643897161838597,0.519642122342603,-13.9479642464194,7.0497050176689,0.999998456348986
"edge_4_30","fixed","cond",NA,"Delivery.ModeC-Section",27.6392876566592,59348.3007685278,0.000465713209961291,0.999628414633442,-116292.892762309,116348.171337622,1
"edge_4_30","fixed","cond",NA,"Dx.StatusCELIAC:onset_timeline_combinedt0-6",-1.25861327094492,468041.510032045,-2.68910608133613e-06,0.999997854403775,-917345.761545821,917343.244319279,1
"edge_4_30","fixed","cond",NA,"Dx.StatusCELIAC:onset_timeline_combinedt0-12",-8.07562779121845,4006847.27248274,-2.01545685224348e-06,0.999998391898095,-7853284.4212465,7853268.26999092,0.999999948577024
"edge_4_30","fixed","cond",NA,"Dx.StatusCELIAC:onset_timeline_combinedt0-18",-0.490601287359428,8.62250302322547,-0.0568977808459968,0.954626622079467,-17.3903966694691,16.4091940947502,1
"edge_4_30","fixed","cond",NA,"Dx.StatusCELIAC:onset_timeline_combinedt0-24",-26.7970998614684,53585.034131231,-0.000500085523802069,0.999600989498108,-105051.534107424,104997.939907701,0.999996294200444
"edge_4_30","fixed","cond",NA,"Dx.StatusCELIAC:onset_timeline_combinedt0-30",-27.5720268223393,99739.7264444012,-0.000276439767836229,0.999779432980061,-195513.843685726,195458.699632081,1
"edge_4_30","fixed","cond",NA,"Dx.StatusCELIAC:onset_timeline_combinedt0-36",0.469563017026022,7.21275278724928,0.0651017761008136,0.94809296631065,-13.6671726753735,14.6062987094255,1
"edge_4_30","fixed","cond",NA,"Dx.StatusCELIAC:onset_timeline_combinedt0-over42",7.27236533084478,9.56435363673287,0.760361400995727,0.447038588974404,-11.4734233325563,26.0181539942459,1
"edge_4_32","fixed","cond",NA,"(Intercept)",-11.4375499835341,8.79782118165548,-1.30004347069281,0.19358607056936,-28.6809626420024,5.80586267493427,0.299822328808643
"edge_4_32","fixed","cond",NA,"Dx.StatusCELIAC",-1.72221211483396,3.73076879179603,-0.461623920147802,0.644351037915773,-9.03438458140018,5.58996035173226,0.999998120218113
"edge_4_32","fixed","cond",NA,"onset_timeline_combinedt0-6",-22.2178044204412,2209.27527582117,-0.0100566030243484,0.991976126962397,-4352.31777696472,4307.88216812384,1
"edge_4_32","fixed","cond",NA,"onset_timeline_combinedt0-12",-29.4818106948977,37850.4342130305,-0.000778902839765791,0.999378525512626,-74214.9696674374,74156.0060460476,0.999995349743898
"edge_4_32","fixed","cond",NA,"onset_timeline_combinedt0-18",-2.13830334913677,5.30534541197914,-0.403046961713107,0.686913677262511,-12.5365892821607,8.25998258388717,0.999999998540549
"edge_4_32","fixed","cond",NA,"onset_timeline_combinedt0-24",3.27126567865237,4.77198809101864,0.685514216770411,0.493019492561837,-6.08165911439821,12.624190471703,0.854069680838339
"edge_4_32","fixed","cond",NA,"onset_timeline_combinedt0-30",-15.9904553075158,492.039231908011,-0.0324983340159862,0.974074644592018,-980.369628827968,948.388718212936,1
"edge_4_32","fixed","cond",NA,"onset_timeline_combinedt0-36",-6.02278469753247,4.97074095364312,-1.21164726822433,0.225647432421763,-15.7652579431513,3.71968854808632,0.565769889433483
"edge_4_32","fixed","cond",NA,"onset_timeline_combinedt0-over42",-6.53507994307957,5.22788085632334,-1.25004377924472,0.211283555293278,-16.7815381369397,3.71137825078058,0.772694145072561
"edge_4_32","fixed","cond",NA,"SexMale",-4.5703024513792,6.12618332386143,-0.746027699428763,0.455650682551687,-16.5774011288375,7.43679622607907,1
"edge_4_32","fixed","cond",NA,"Age.at.Gluten.Introduction..months.",0.363875090628417,0.91353810753445,0.398314079760154,0.690398683149157,-1.42662669864398,2.15437687990082,0.883719897235668
"edge_4_32","fixed","cond",NA,"HLA.CategoryHigh Risk",-6.25311493757212,3.35349597093005,-1.86465556892794,0.0622296984012274,-12.8258462628952,0.319616387750959,0.612723184258239
"edge_4_32","fixed","cond",NA,"HLA.CategoryLow/No Risk",-21.2317513905547,944.11960726781,-0.0224884127255839,0.982058354969529,-1871.67217873356,1829.20867595245,0.999999262755209
"edge_4_32","fixed","cond",NA,"feeding_first_yearFormula",0.41227398459784,4.92182241955332,0.0837644980769655,0.933243675213567,-9.23432069602846,10.0588686652241,1
"edge_4_32","fixed","cond",NA,"feeding_first_yearBreastmilk_and_formula",-5.6187794797274,3.91575498143563,-1.43491600122217,0.151311035394541,-13.2935182156245,2.05595925616974,0.999998456348986
"edge_4_32","fixed","cond",NA,"Delivery.ModeC-Section",24.0130058820064,944.044508411041,0.0254363069411035,0.979706951717799,-1826.28023040645,1874.30624217047,1
"edge_4_32","fixed","cond",NA,"Dx.StatusCELIAC:onset_timeline_combinedt0-6",-6.66244993523433,309397.829076018,-2.15336027247863e-05,0.999982818670849,-606415.264333811,606401.93943394,1
"edge_4_32","fixed","cond",NA,"Dx.StatusCELIAC:onset_timeline_combinedt0-12",-3.17619247969,608767.815818231,-5.21741195437697e-06,0.999995837107554,-1193166.17014333,1193159.81775837,0.999999948577024
"edge_4_32","fixed","cond",NA,"Dx.StatusCELIAC:onset_timeline_combinedt0-18",-13.9514385770126,854.602498712374,-0.0163250617661816,0.986975063806018,-1688.9415571512,1661.03867999718,1
"edge_4_32","fixed","cond",NA,"Dx.StatusCELIAC:onset_timeline_combinedt0-24",-23.8897669572254,4985.78014171553,-0.00479158051060898,0.996176886518046,-9795.83927955467,9748.05974564022,0.999996294200444
"edge_4_32","fixed","cond",NA,"Dx.StatusCELIAC:onset_timeline_combinedt0-30",13.2637141258586,492.051507511702,0.0269559465287141,0.978494870828215,-951.139519135717,977.666947387434,1
"edge_4_32","fixed","cond",NA,"Dx.StatusCELIAC:onset_timeline_combinedt0-36",5.24829870498845,6.00425818682624,0.874096106743642,0.382065917536878,-6.51983109507073,17.0164285050476,1
"edge_4_32","fixed","cond",NA,"Dx.StatusCELIAC:onset_timeline_combinedt0-over42",-13.7899429930719,1207.66408157626,-0.0114186910113888,0.990889400721064,-2380.76804830518,2353.18816231904,1
"edge_4_42","fixed","cond",NA,"(Intercept)",-9.63785205101128,5.97949552671498,-1.6118169179911,0.107001785581351,-21.357447929091,2.08174382706843,0.178805615379364
"edge_4_42","fixed","cond",NA,"Dx.StatusCELIAC",1.37893709424644,2.925425199001,0.471362964507634,0.637381558816407,-4.35479093526143,7.11266512375431,0.999998120218113
"edge_4_42","fixed","cond",NA,"onset_timeline_combinedt0-6",-22.9359330559617,37457.6913650744,-0.00061231571461308,0.999511442775502,-73438.6619526188,73392.7900865068,1
"edge_4_42","fixed","cond",NA,"onset_timeline_combinedt0-12",-20.3486638619932,7506.09152214699,-0.00271095333729328,0.997836974836559,-14732.0177119315,14691.3203842075,0.999995349743898
"edge_4_42","fixed","cond",NA,"onset_timeline_combinedt0-18",4.3017176332223,4.9961737636023,0.86100240639363,0.389236717715221,-5.49060300394213,14.0940382703867,0.816759014222103
"edge_4_42","fixed","cond",NA,"onset_timeline_combinedt0-24",2.37594793668183,3.34205943074817,0.710923305199852,0.477131763343859,-4.17436818177703,8.92626405514068,0.854069680838339
"edge_4_42","fixed","cond",NA,"onset_timeline_combinedt0-30",1.79746430250429,3.40112974342558,0.52849036587881,0.597159032073991,-4.86862750135781,8.46355610636638,1
"edge_4_42","fixed","cond",NA,"onset_timeline_combinedt0-36",1.30635265459721,3.29116052018312,0.396927663231851,0.69142080404921,-5.14420343230181,7.75690874149623,0.999999999336064
"edge_4_42","fixed","cond",NA,"onset_timeline_combinedt0-over42",-2.30452839053867,3.88506456349632,-0.593176343114549,0.553063142951312,-9.91911501260427,5.31005823152694,1
"edge_4_42","fixed","cond",NA,"SexMale",-4.46531274729086,4.10200489317952,-1.08856836195281,0.276344274910758,-12.5050946023298,3.57446910774807,1
"edge_4_42","fixed","cond",NA,"Age.at.Gluten.Introduction..months.",-0.285263287760302,0.623576841762089,-0.457462927831334,0.647338342734461,-1.50745143920723,0.936924863686625,0.883719897235668
"edge_4_42","fixed","cond",NA,"HLA.CategoryHigh Risk",-4.15146828626384,2.56505803096762,-1.6184695379768,0.105561446512582,-9.1788896452156,0.875953072687917,0.711150797558446
"edge_4_42","fixed","cond",NA,"HLA.CategoryLow/No Risk",-32.2786456191852,349775.088135065,-9.22840039617712e-05,0.999926368018134,-685578.854079669,685514.296788431,0.999999262755209
"edge_4_42","fixed","cond",NA,"feeding_first_yearFormula",-2.36333461005215,4.60749648134375,-0.512932482883393,0.607998550377333,-11.3938617723809,6.66719255227663,1
"edge_4_42","fixed","cond",NA,"feeding_first_yearBreastmilk_and_formula",-1.78993891379947,2.52926193713336,-0.707692187796164,0.479136429847172,-6.74720121804887,3.16732339044993,0.999998456348986
"edge_4_42","fixed","cond",NA,"Delivery.ModeC-Section",35.2014288472777,349775.08814852,0.000100640182906138,0.999919700751998,-685511.374031574,685581.776889268,1
"edge_4_42","fixed","cond",NA,"Dx.StatusCELIAC:onset_timeline_combinedt0-6",-5.12009742526326,321630.78004441,-1.59191773391722e-05,0.999987298334181,-630389.865303992,630379.625109141,1
"edge_4_42","fixed","cond",NA,"Dx.StatusCELIAC:onset_timeline_combinedt0-12",-5.46862911411792,28019.449012087,-0.000195172614270854,0.99984427478537,-54922.579559461,54911.6423012328,0.999999948577024
"edge_4_42","fixed","cond",NA,"Dx.StatusCELIAC:onset_timeline_combinedt0-18",-5.77921217619708,7.19752076137062,-0.802944842787304,0.422006615678827,-19.8860936464628,8.32766929406863,1
"edge_4_42","fixed","cond",NA,"Dx.StatusCELIAC:onset_timeline_combinedt0-24",-29.9920383291499,127060.586991579,-0.000236045173718092,0.999811663201987,-249064.166396342,249004.182319683,0.999996294200444
"edge_4_42","fixed","cond",NA,"Dx.StatusCELIAC:onset_timeline_combinedt0-30",-29.3373213583964,152227.980495855,-0.000192719638418873,0.999846231976894,-298390.696532499,298332.021889782,1
"edge_4_42","fixed","cond",NA,"Dx.StatusCELIAC:onset_timeline_combinedt0-36",-2.9363157984013,4.27836270133192,-0.686317641439605,0.492512826703562,-11.3217526058114,5.44912100900876,1
"edge_4_42","fixed","cond",NA,"Dx.StatusCELIAC:onset_timeline_combinedt0-over42",4.44970277219393,5.90792256350468,0.75317554087139,0.451344435223846,-7.1296126757268,16.0290182201147,1
"edge_4_43","fixed","cond",NA,"(Intercept)",-9.21334465086134,6.05235995750532,-1.52227308282221,0.127940669670317,-21.0757521890441,2.64906288732145,0.205676772761143
"edge_4_43","fixed","cond",NA,"Dx.StatusCELIAC",1.36602260063971,2.60820177352571,0.523741151664486,0.600458589175097,-3.74595893988417,6.47800414116359,0.999998120218113
"edge_4_43","fixed","cond",NA,"onset_timeline_combinedt0-6",-24.1523077987534,33502.6677041471,-0.000720907003944756,0.9994247994816,-65688.1743939402,65639.8697783427,1
"edge_4_43","fixed","cond",NA,"onset_timeline_combinedt0-12",-23.2021370079968,38450.8137243686,-0.000603423822817362,0.999518537477372,-75385.4122130289,75339.0079390129,0.999995349743898
"edge_4_43","fixed","cond",NA,"onset_timeline_combinedt0-18",-22.5435057853344,18915.4225551703,-0.00119180556075775,0.999049076968708,-37096.0904662756,37051.003454705,0.999999998540549
"edge_4_43","fixed","cond",NA,"onset_timeline_combinedt0-24",2.31967660391116,3.00808879576011,0.771146319610223,0.44062020807772,-3.57606909807712,8.21542230589943,0.847860097361674
"edge_4_43","fixed","cond",NA,"onset_timeline_combinedt0-30",-22.088607894782,31995.3193155352,-0.000690369978087919,0.999449164496997,-62731.7621402025,62687.584924413,1
"edge_4_43","fixed","cond",NA,"onset_timeline_combinedt0-36",1.013851026406,3.0598660497589,0.331338369039351,0.740388912251013,-4.9833762286383,7.01107828145029,0.999999999336064
"edge_4_43","fixed","cond",NA,"onset_timeline_combinedt0-over42",-2.44238790791461,3.3465341839296,-0.729826074881653,0.465496503917469,-9.00147438144876,4.11669856561954,1
"edge_4_43","fixed","cond",NA,"SexMale",-25.4684020479065,38260.9408417356,-0.000665650177115488,0.999468888040006,-75015.5344664672,74964.5976623714,1
"edge_4_43","fixed","cond",NA,"Age.at.Gluten.Introduction..months.",-0.457228489839386,0.715938383558774,-0.638642235616147,0.52305569868134,-1.8604419367644,0.945984957085633,0.883719897235668
"edge_4_43","fixed","cond",NA,"HLA.CategoryHigh Risk",-2.74117512259648,2.22299502571021,-1.23309998038377,0.217538464798981,-7.09816531080017,1.61581506560722,0.999993113296695
"edge_4_43","fixed","cond",NA,"HLA.CategoryLow/No Risk",-24.7102543916476,39605.3509734575,-0.000623912016540589,0.999502190267,-77649.7717574367,77600.3512486534,0.999999262755209
"edge_4_43","fixed","cond",NA,"feeding_first_yearFormula",-0.312330981887295,3.18938880990056,-0.0979281613197336,0.921989337957459,-6.56341818198745,5.93875621821286,1
"edge_4_43","fixed","cond",NA,"feeding_first_yearBreastmilk_and_formula",-1.32602228314497,2.52573281853037,-0.52500497020763,0.599579735819915,-6.27636764203533,3.62432307574539,0.999998456348986
"edge_4_43","fixed","cond",NA,"Delivery.ModeC-Section",26.9982349296161,39605.3510894303,0.000681681494721588,0.999456096902101,-77598.0634954179,77652.0599652771,1
"edge_4_43","fixed","cond",NA,"Dx.StatusCELIAC:onset_timeline_combinedt0-6",-6.41473299769851,1783317.46093563,-3.59707855623921e-06,0.999997129946556,-3495244.41116824,3495231.58170225,1
"edge_4_43","fixed","cond",NA,"Dx.StatusCELIAC:onset_timeline_combinedt0-12",-7.86757997976443,532198.967145641,-1.47831552961496e-05,0.99998820474863,-1043098.67579485,1043082.94063489,0.999999948577024
"edge_4_43","fixed","cond",NA,"Dx.StatusCELIAC:onset_timeline_combinedt0-18",-3.55780911042778,100357.36225521,-3.54514011775263e-05,0.999971713874348,-196700.373412761,196693.25779454,1
"edge_4_43","fixed","cond",NA,"Dx.StatusCELIAC:onset_timeline_combinedt0-24",-28.5268763976539,79290.5271547369,-0.000359776601585498,0.99971293981045,-155435.104414877,155378.050662082,0.999996294200444
"edge_4_43","fixed","cond",NA,"Dx.StatusCELIAC:onset_timeline_combinedt0-30",-7.17109609842661,394949.806616119,-1.81569809082011e-05,0.999985512825263,-774094.56776475,774080.225572554,1
"edge_4_43","fixed","cond",NA,"Dx.StatusCELIAC:onset_timeline_combinedt0-36",-2.12919345830971,3.78759473132323,-0.562149229087628,0.574014349611676,-9.5527427197369,5.29435580311747,1
"edge_4_43","fixed","cond",NA,"Dx.StatusCELIAC:onset_timeline_combinedt0-over42",1.84336521372914,5.13570875031608,0.358931026533716,0.719646688280201,-8.22243897197757,11.9091693994359,1
"edge_4_46","fixed","cond",NA,"(Intercept)",-18.5975845625964,8.33189808904432,-2.23209457963132,0.0256087126093727,-34.9278047399814,-2.26736438521144,0.0560742500239713
"edge_4_46","fixed","cond",NA,"Dx.StatusCELIAC",2.29533076525239,4.12177935199839,0.556878612179841,0.577610368447348,-5.7832083168853,10.3738698473901,0.999998120218113
"edge_4_46","fixed","cond",NA,"onset_timeline_combinedt0-6",-13.4501554078343,3259.29255231548,-0.00412671007341118,0.996707371090952,-6401.54617302581,6374.64586221014,1
"edge_4_46","fixed","cond",NA,"onset_timeline_combinedt0-12",-0.890767819931744,2.06834670297162,-0.430666589238626,0.666710815569842,-4.94465286529828,3.16311722543479,0.999995349743898
"edge_4_46","fixed","cond",NA,"onset_timeline_combinedt0-18",8.14038715605693,4.6636796088181,1.74548593361025,0.0809003188708792,-1.00025691266039,17.2810312247743,0.442474719107883
"edge_4_46","fixed","cond",NA,"onset_timeline_combinedt0-24",3.37856372547227,2.880196106089,1.17303253008698,0.240782760881905,-2.26651691087468,9.02364436181922,0.555989284218217
"edge_4_46","fixed","cond",NA,"onset_timeline_combinedt0-30",2.66207731963274,3.01213278483983,0.883784849403411,0.376812366496085,-3.24159445530565,8.56574909457114,0.822760298824231
"edge_4_46","fixed","cond",NA,"onset_timeline_combinedt0-36",3.2873067971658,2.77433944074434,1.18489711420598,0.236058128539315,-2.1502985875821,8.72491218191369,0.565769889433483
"edge_4_46","fixed","cond",NA,"onset_timeline_combinedt0-over42",0.930112597283378,3.04694606059039,0.305260604811348,0.760167677642479,-5.04179194430998,6.90201713887674,1
"edge_4_46","fixed","cond",NA,"SexMale",-2.02780739004933,3.4492391646294,-0.587899908722973,0.556599477730823,-8.78819192678798,4.73257714668932,1
"edge_4_46","fixed","cond",NA,"Age.at.Gluten.Introduction..months.",-0.166341089766905,0.791741701128227,-0.210095147861822,0.833593412416644,-1.71812630903671,1.3854441295029,0.906715641575999
"edge_4_46","fixed","cond",NA,"HLA.CategoryHigh Risk",1.44757120902622,3.26175153685942,0.443801801782858,0.657185885621778,-4.94534432973642,7.84048674778886,0.999993113296695
"edge_4_46","fixed","cond",NA,"HLA.CategoryLow/No Risk",-37.9864575623756,4243514.02863904,-8.9516512272633e-06,0.999992857615692,-8317172.65048054,8317096.67756542,0.999999262755209
"edge_4_46","fixed","cond",NA,"feeding_first_yearFormula",2.3411173874656,5.00126567509954,0.468104983728746,0.639709515469638,-7.46118321284589,12.1434179877771,1
"edge_4_46","fixed","cond",NA,"feeding_first_yearBreastmilk_and_formula",-4.07774361247974,3.46956008194883,-1.17529125196451,0.239878213176218,-10.8779564152973,2.72246919033781,0.999998456348986
"edge_4_46","fixed","cond",NA,"Delivery.ModeC-Section",41.8219067445117,4243514.02863153,9.85548921538471e-06,0.999992136457316,-8317092.84210151,8317176.485915,1
"edge_4_46","fixed","cond",NA,"Dx.StatusCELIAC:onset_timeline_combinedt0-6",-3.09825666956837,10586.7192621853,-0.000292655032483486,0.999766495071273,-20752.6867249891,20746.49021165,1
"edge_4_46","fixed","cond",NA,"Dx.StatusCELIAC:onset_timeline_combinedt0-12",-1.57198091164904,3.88616965259504,-0.40450650696614,0.685840293917916,-9.18873346854784,6.04477164524977,0.999999948577024
"edge_4_46","fixed","cond",NA,"Dx.StatusCELIAC:onset_timeline_combinedt0-18",-3.64371905348676,6.85664235064617,-0.531414483525362,0.595131587071636,-17.0824911156253,9.79505300865179,1
"edge_4_46","fixed","cond",NA,"Dx.StatusCELIAC:onset_timeline_combinedt0-24",-6.36440592406661,3.7594301287662,-1.69291773116564,0.0904711277787086,-13.7327535788431,1.00394173070991,0.348176764481697
"edge_4_46","fixed","cond",NA,"Dx.StatusCELIAC:onset_timeline_combinedt0-30",-5.85663951957453,4.14890963976986,-1.41160932102136,0.15806502635087,-13.9883529886345,2.27507394948545,0.562008982580871
"edge_4_46","fixed","cond",NA,"Dx.StatusCELIAC:onset_timeline_combinedt0-36",-5.18072597725716,3.61236838326252,-1.43416324903668,0.151525681955944,-12.2608379073429,1.89938595282855,0.892693207903869
"edge_4_46","fixed","cond",NA,"Dx.StatusCELIAC:onset_timeline_combinedt0-over42",-1.90865233412991,4.59752488697175,-0.415147798229121,0.678033710466279,-10.9196355306211,7.10233086236129,1
"edge_4_47","fixed","cond",NA,"(Intercept)",-20.0708412804628,11.6252143957804,-1.72649214002866,0.084258912151076,-42.8558428087488,2.7141602478233,0.152869740616952
"edge_4_47","fixed","cond",NA,"Dx.StatusCELIAC",-1.73378162603253,6.67508338592019,-0.259739320963332,0.79506485954686,-14.8167046562378,11.3491414041727,0.999998120218113
"edge_4_47","fixed","cond",NA,"onset_timeline_combinedt0-6",-20.5474624153374,15080.6550315253,-0.00136250463739036,0.998912878922163,-29578.0881874776,29536.9932626469,1
"edge_4_47","fixed","cond",NA,"onset_timeline_combinedt0-12",-30.0280823098521,45673.0329149114,-0.000657457593538714,0.999475424774524,-89547.5276602486,89487.4714956289,0.999995349743898
"edge_4_47","fixed","cond",NA,"onset_timeline_combinedt0-18",2.77086964796021,4.39045440002612,0.631112271190821,0.527967118118314,-5.83426285185638,11.3760021477768,0.938608209988113
"edge_4_47","fixed","cond",NA,"onset_timeline_combinedt0-24",-3.39054800639941,4.63609928058593,-0.731336367320179,0.464573722192986,-12.4771356250999,5.69603961230107,0.854069680838339
"edge_4_47","fixed","cond",NA,"onset_timeline_combinedt0-30",-4.3504736884346,4.76546703132543,-0.912916543087404,0.361286436202773,-13.6906174393455,4.98967006247624,0.81130989182377
"edge_4_47","fixed","cond",NA,"onset_timeline_combinedt0-36",-3.49636860760612,4.73457321640694,-0.738475982479263,0.460225256784528,-12.7759615939317,5.78322437871944,0.92775567637516
"edge_4_47","fixed","cond",NA,"onset_timeline_combinedt0-over42",-4.26127909943431,4.86579039926405,-0.875762979860132,0.381158899322147,-13.7980530383126,5.275494839444,1
"edge_4_47","fixed","cond",NA,"SexMale",0.439717358286889,6.30972280078961,0.0696888551477827,0.944441312518841,-11.9271120836919,12.8065468002657,1
"edge_4_47","fixed","cond",NA,"Age.at.Gluten.Introduction..months.",-0.173742460240759,1.18115459464226,-0.147095444600443,0.883056685450357,-2.48876292591359,2.14127800543207,0.927957872846138
"edge_4_47","fixed","cond",NA,"HLA.CategoryHigh Risk",-1.3982615329415,4.57216878085167,-0.305820191677404,0.759741553831422,-10.3595476746492,7.56302460876617,0.999993113296695
"edge_4_47","fixed","cond",NA,"HLA.CategoryLow/No Risk",-24.5697075022086,636252.47103098,-3.86162861770831e-05,0.999969188661471,-1247056.49800284,1247007.35858783,0.999999262755209
"edge_4_47","fixed","cond",NA,"feeding_first_yearFormula",-3.44505520248985,6.66566396141133,-0.516836015501811,0.605270636339354,-16.5095164999026,9.61940609492293,1
"edge_4_47","fixed","cond",NA,"feeding_first_yearBreastmilk_and_formula",-3.31814470773225,6.84902166446071,-0.484469880559725,0.628052434957567,-16.7419804994098,10.1056910839453,0.999998456348986
"edge_4_47","fixed","cond",NA,"Delivery.ModeC-Section",31.0470432267716,636252.471200624,4.87967349944984e-05,0.999961065838546,-1247000.8815846,1247062.97567106,1
"edge_4_47","fixed","cond",NA,"Dx.StatusCELIAC:onset_timeline_combinedt0-6",-0.933696568277596,806916.273881154,-1.15711703741783e-06,0.999999076754181,-1581527.76904289,1581525.90164975,1
"edge_4_47","fixed","cond",NA,"Dx.StatusCELIAC:onset_timeline_combinedt0-12",26.3682994734664,45673.0331142109,0.000577327531708467,0.999539359301512,-89491.1316690851,89543.868268032,0.999999948577024
"edge_4_47","fixed","cond",NA,"Dx.StatusCELIAC:onset_timeline_combinedt0-18",1.58593088368925,6.56194151401712,0.241686226599476,0.809023302806451,-11.2752381524425,14.447099919821,1
"edge_4_47","fixed","cond",NA,"Dx.StatusCELIAC:onset_timeline_combinedt0-24",-24.3097222228082,24553.1854899125,-0.000990084249263533,0.999210027192683,-48147.6689881827,48099.049543737,0.999996294200444
"edge_4_47","fixed","cond",NA,"Dx.StatusCELIAC:onset_timeline_combinedt0-30",-19.8020753750044,7531.54441841172,-0.00262921842784277,0.9979021896264,-14781.3578834256,14741.7537326756,1
"edge_4_47","fixed","cond",NA,"Dx.StatusCELIAC:onset_timeline_combinedt0-36",1.35924529092815,5.32972170727622,0.255031194043864,0.798699006279352,-9.08681730295456,11.8053078848109,1
"edge_4_47","fixed","cond",NA,"Dx.StatusCELIAC:onset_timeline_combinedt0-over42",1.62593166982264,6.41010404487045,0.253651369531788,0.79976490696425,-10.937641395278,14.1895047349232,1
"edge_4_49","fixed","cond",NA,"(Intercept)",-19.7345001778471,9.28201278260551,-2.126101379092,0.0334948191341142,-37.9269109357943,-1.54208941989992,0.0697351152464345
"edge_4_49","fixed","cond",NA,"Dx.StatusCELIAC",-0.855032517735707,5.38766022676474,-0.15870201195838,0.873903652956513,-11.4146525231335,9.70458748766208,0.999998120218113
"edge_4_49","fixed","cond",NA,"onset_timeline_combinedt0-6",-25.2144389206216,290006.485757168,-8.69443966219933e-05,0.999930628408374,-568427.481805997,568377.052928156,1
"edge_4_49","fixed","cond",NA,"onset_timeline_combinedt0-12",-4.12299181935842,3.67098499446464,-1.12312957573386,0.261382466738967,-11.3179901962961,3.07200655757924,0.663911465516976
"edge_4_49","fixed","cond",NA,"onset_timeline_combinedt0-18",2.86830427118793,3.5187110419715,0.81515766340985,0.41498206813794,-4.02824264307961,9.76485118545547,0.82996413627588
"edge_4_49","fixed","cond",NA,"onset_timeline_combinedt0-24",-1.08644948932978,3.29333468573364,-0.329893434164514,0.741480484823876,-7.54126686240425,5.36836788374469,0.999995842904296
"edge_4_49","fixed","cond",NA,"onset_timeline_combinedt0-30",-2.30369679487383,3.4271169160168,-0.672196733092878,0.50145846050358,-9.02072252107474,4.41332893132707,0.943921808006738
"edge_4_49","fixed","cond",NA,"onset_timeline_combinedt0-36",-2.76711414069711,3.32036722732027,-0.833375934423473,0.404632742847214,-9.27491432169195,3.74068604029774,0.842432103960592
"edge_4_49","fixed","cond",NA,"onset_timeline_combinedt0-over42",-4.48024013425255,3.5762841899405,-1.25276401323327,0.21029160187689,-11.4896283450159,2.52914807651083,0.772694145072561
"edge_4_49","fixed","cond",NA,"SexMale",0.127463406460427,5.2576593027359,0.0242433750688447,0.980658479984181,-10.1773594698839,10.4322862828048,1
"edge_4_49","fixed","cond",NA,"Age.at.Gluten.Introduction..months.",-0.116981285177491,0.94473686181652,-0.123824198997128,0.901454471233281,-1.96863150920526,1.73466893885028,0.939330709520394
"edge_4_49","fixed","cond",NA,"HLA.CategoryHigh Risk",-1.11476339931964,4.13712421245265,-0.269453693453106,0.787580572041745,-9.22337785529547,6.99385105665619,0.999993113296695
"edge_4_49","fixed","cond",NA,"feeding_first_yearFormula",-3.01045329346656,5.88815997596079,-0.511272333930658,0.609160374690129,-14.5510347815599,8.53012819462681,1
"edge_4_49","fixed","cond",NA,"feeding_first_yearBreastmilk_and_formula",-3.27177185117835,5.22482723055623,-0.626197136633367,0.531185645114571,-13.5122450485127,6.968701346156,0.999998456348986
"edge_4_49","fixed","cond",NA,"Dx.StatusCELIAC:onset_timeline_combinedt0-6",-0.0274754941103148,3601998.55828056,-7.62784705928102e-09,0.999999993913859,-7059787.47407058,7059787.4191196,1
"edge_4_49","fixed","cond",NA,"Dx.StatusCELIAC:onset_timeline_combinedt0-12",2.70992934284628,4.90555842873234,0.552420154038724,0.580660525563572,-6.904788501526,12.3246471872186,0.999999948577024
"edge_4_49","fixed","cond",NA,"Dx.StatusCELIAC:onset_timeline_combinedt0-18",1.03809167716479,5.00448028340747,0.207432464187464,0.835672131161357,-8.77050943965465,10.8466927939842,1
"edge_4_49","fixed","cond",NA,"Dx.StatusCELIAC:onset_timeline_combinedt0-24",-1.62338102955339,4.07681802669433,-0.398198060086019,0.690484195812957,-9.61379753339792,6.36703547429114,0.999996294200444
"edge_4_49","fixed","cond",NA,"Dx.StatusCELIAC:onset_timeline_combinedt0-30",-20.082084583499,7175.42993394503,-0.00279872910311563,0.997766940173971,-14083.6663287064,14043.5021595394,1
"edge_4_49","fixed","cond",NA,"Dx.StatusCELIAC:onset_timeline_combinedt0-36",1.66920650769549,3.96899098725368,0.420561929481852,0.674074998427126,-6.10987288228579,9.44828589767677,1
"edge_4_49","fixed","cond",NA,"Dx.StatusCELIAC:onset_timeline_combinedt0-over42",3.8783779103988,4.83781571509176,0.801679546887255,0.422738349987285,-5.60356665502293,13.3603224758205,1
"edge_4_50","fixed","cond",NA,"(Intercept)",-15.9861064090175,4.67805975078884,-3.41725143769741,0.000632568279578891,-25.1549350380901,-6.81727777994501,0.00154492637512537
"edge_4_50","fixed","cond",NA,"Dx.StatusCELIAC",0.974158509668454,3.60607448034038,0.270143757423585,0.787049659524367,-6.09361759736768,8.04193461670459,0.999998120218113
"edge_4_50","fixed","cond",NA,"onset_timeline_combinedt0-6",-21.3658940098551,26193.2033809788,-0.000815703741886367,0.999349162650335,-51359.1011604611,51316.3693724414,1
"edge_4_50","fixed","cond",NA,"onset_timeline_combinedt0-12",-23.4178171961336,9967.49802652786,-0.00234941779108544,0.998125437542141,-19559.3549651648,19512.5193307725,0.999995349743898
"edge_4_50","fixed","cond",NA,"onset_timeline_combinedt0-18",2.09020088852613,3.10196463738959,0.673831307853048,0.500418568010704,-3.9895380820743,8.16993985912657,0.938608209988113
"edge_4_50","fixed","cond",NA,"onset_timeline_combinedt0-24",0.259131618552733,3.37367082481892,0.0768099888840344,0.938774704236555,-6.35314169378589,6.87140493089136,0.999995842904296
"edge_4_50","fixed","cond",NA,"onset_timeline_combinedt0-30",1.2010260668021,3.33669567754838,0.35994474260372,0.718888456627997,-5.3387772885632,7.7408294221674,1
"edge_4_50","fixed","cond",NA,"onset_timeline_combinedt0-36",-1.4926049684796,3.3992284430599,-0.439101105878013,0.660588277832687,-8.15497029210116,5.16976035514196,0.999999999336064
"edge_4_50","fixed","cond",NA,"onset_timeline_combinedt0-over42",-2.31359857781195,3.95976349647844,-0.584276959942055,0.559033990730729,-10.0745924182061,5.4473952625822,1
"edge_4_50","fixed","cond",NA,"SexMale",-4.49344397242598,3.549891771764,-1.26579745562021,0.205585606278511,-11.4511039940985,2.46421604924653,1
"edge_4_50","fixed","cond",NA,"Age.at.Gluten.Introduction..months.",0.274428384292508,0.256881095573976,1.06830899206236,0.285381153648059,-0.229049311341676,0.777906079926692,0.883719897235668
"edge_4_50","fixed","cond",NA,"HLA.CategoryHigh Risk",-0.812635248778499,2.8780937717098,-0.28235190137524,0.777673692219211,-6.45359538545876,4.82832488790176,0.999993113296695
"edge_4_50","fixed","cond",NA,"HLA.CategoryLow/No Risk",-3.59483860565992,6.44013840033744,-0.558192756458707,0.576712766618363,-16.2172779257747,9.02760071445486,0.999999262755209
"edge_4_50","fixed","cond",NA,"feeding_first_yearFormula",-1.49340687288063,3.92425194492209,-0.380558357068045,0.703530986356875,-9.18479935118918,6.19798560542792,1
"edge_4_50","fixed","cond",NA,"feeding_first_yearBreastmilk_and_formula",-4.87678644392721,3.17979273396617,-1.5336806049759,0.125108247482348,-11.1090656808031,1.35549279294864,0.999998456348986
"edge_4_50","fixed","cond",NA,"Delivery.ModeC-Section",7.28728288718685,7.43206027289939,0.98051988541583,0.326829558720291,-7.27928757862687,21.8538533530006,1
"edge_4_50","fixed","cond",NA,"Dx.StatusCELIAC:onset_timeline_combinedt0-6",-2.9739831003916,152744.594295044,-1.94703001708002e-05,0.9999844649481,-299376.877634569,299370.929668368,1
"edge_4_50","fixed","cond",NA,"Dx.StatusCELIAC:onset_timeline_combinedt0-12",18.3801859701955,9967.49843118011,0.00184401192506828,0.998528692188886,-19517.5577551023,19554.3181270427,0.999999948577024
"edge_4_50","fixed","cond",NA,"Dx.StatusCELIAC:onset_timeline_combinedt0-18",-0.423226547838631,5.25342436236437,-0.0805620331893678,0.935790261146996,-10.7197490935781,9.87329599790082,1
"edge_4_50","fixed","cond",NA,"Dx.StatusCELIAC:onset_timeline_combinedt0-24",-28.3296975732257,34821.5485696921,-0.000813567998462976,0.999350866726473,-68277.3107800819,68220.6513849354,0.999996294200444
"edge_4_50","fixed","cond",NA,"Dx.StatusCELIAC:onset_timeline_combinedt0-30",-28.1418486640463,50314.8091773375,-0.000559315420731474,0.999553730884447,-98643.3557252508,98587.0720279227,1
"edge_4_50","fixed","cond",NA,"Dx.StatusCELIAC:onset_timeline_combinedt0-36",-0.409908193416118,4.10213919895689,-0.0999254714516637,0.920403494260619,-8.44995328294161,7.63013689610938,1
"edge_4_50","fixed","cond",NA,"Dx.StatusCELIAC:onset_timeline_combinedt0-over42",-0.689716974975956,4.73299047279286,-0.145725409535626,0.884138161584192,-9.96620784082116,8.58677389086925,1
"edge_4_51","fixed","cond",NA,"(Intercept)",-12.7464126728761,8.13269840761882,-1.56730423704574,0.117043595483305,-28.6862086489352,3.193383303183,0.190570982389484
"edge_4_51","fixed","cond",NA,"Dx.StatusCELIAC",-1.46928677176217,3.62971649893398,-0.404793810258649,0.685629078997522,-8.58340038376358,5.64482684023925,0.999998120218113
"edge_4_51","fixed","cond",NA,"onset_timeline_combinedt0-6",-20.8577148363179,6600.38994122563,-0.00316007312023216,0.997478630642785,-12957.384283559,12915.6688538864,1
"edge_4_51","fixed","cond",NA,"onset_timeline_combinedt0-12",-0.783990364685025,1.73984714197823,-0.450608760832642,0.652271551333159,-4.1940281015673,2.62604737219725,0.999995349743898
"edge_4_51","fixed","cond",NA,"onset_timeline_combinedt0-18",4.77113819778045,5.80291081570259,0.822197402184749,0.410964557049327,-6.60235800649457,16.1446344020555,0.82996413627588
"edge_4_51","fixed","cond",NA,"onset_timeline_combinedt0-24",0.964918828284359,1.84052349373539,0.524263249868131,0.600095453986363,-2.64244093213683,4.57227858870555,0.960915052129766
"edge_4_51","fixed","cond",NA,"onset_timeline_combinedt0-30",1.75428749954369,2.33583184590436,0.75103330002956,0.452632615312389,-2.82385879237056,6.33243379145794,0.934467334838481
"edge_4_51","fixed","cond",NA,"onset_timeline_combinedt0-36",-0.909690394685751,2.08287515462079,-0.436747441471772,0.662294519440674,-4.99205068203579,3.17266989266429,0.999999999336064
"edge_4_51","fixed","cond",NA,"onset_timeline_combinedt0-over42",-0.824683461141651,1.88094992848196,-0.438439880112716,0.661067442443036,-4.51127757768947,2.86191065540617,1
"edge_4_51","fixed","cond",NA,"SexMale",-3.27522860993289,4.04556615973156,-0.809584735638141,0.418178884003798,-11.2043925800808,4.65393536021499,1
"edge_4_51","fixed","cond",NA,"Age.at.Gluten.Introduction..months.",-0.248687187456648,0.773867544643033,-0.321356269788212,0.747940418641941,-1.76543970376143,1.26806532884814,0.883719897235668
"edge_4_51","fixed","cond",NA,"HLA.CategoryHigh Risk",-1.87540083661538,3.32018135366814,-0.564848915419466,0.57217653265482,-8.38283671194638,4.63203503871561,0.999993113296695
"edge_4_51","fixed","cond",NA,"HLA.CategoryLow/No Risk",-25.1537337621853,130734.321478375,-0.000192403444464628,0.999846484263164,-256259.715374658,256209.407907134,0.999999262755209
"edge_4_51","fixed","cond",NA,"feeding_first_yearFormula",0.817432945324152,4.27726752753483,0.191111016568859,0.848438616740964,-7.5658573608868,9.2007232515351,1
"edge_4_51","fixed","cond",NA,"feeding_first_yearBreastmilk_and_formula",-5.03898584935512,3.64489341285556,-1.38247824520261,0.166824905712298,-12.1828456660393,2.10487396732906,0.999998456348986
"edge_4_51","fixed","cond",NA,"Delivery.ModeC-Section",28.1687222110943,130734.321678981,0.000215465394621184,0.999828083489575,-256206.393311865,256262.730756287,1
"edge_4_51","fixed","cond",NA,"Dx.StatusCELIAC:onset_timeline_combinedt0-6",-1.0165151390654,291458.052079759,-3.48768933234766e-06,0.999997217226529,-571248.301595666,571246.268565387,1
"edge_4_51","fixed","cond",NA,"Dx.StatusCELIAC:onset_timeline_combinedt0-12",-0.310635727151363,3.4877222681097,-0.0890654998512033,0.929029855524496,-7.14644576072473,6.525174306422,0.999999948577024
"edge_4_51","fixed","cond",NA,"Dx.StatusCELIAC:onset_timeline_combinedt0-18",-0.27006111602096,7.00982880199617,-0.0385260644231505,0.969268250501925,-14.009073105725,13.4689508736831,1
"edge_4_51","fixed","cond",NA,"Dx.StatusCELIAC:onset_timeline_combinedt0-24",-3.40777666461451,2.92772507436549,-1.16396744163318,0.24443720645553,-9.14601236700573,2.3304590377767,0.757159151703714
"edge_4_51","fixed","cond",NA,"Dx.StatusCELIAC:onset_timeline_combinedt0-30",-3.90560305897409,3.55157401740646,-1.09968229293055,0.2714705724352,-10.866560221519,3.0553541035708,0.827338887421561
"edge_4_51","fixed","cond",NA,"Dx.StatusCELIAC:onset_timeline_combinedt0-36",-0.286791048278723,2.99895594869685,-0.095630297071667,0.923814201884154,-6.1646366989467,5.59105460238926,1
"edge_4_51","fixed","cond",NA,"Dx.StatusCELIAC:onset_timeline_combinedt0-over42",2.42268289156375,3.66705024504707,0.660662584276276,0.508828723708687,-4.76460351822729,9.60996930135479,1
"edge_4_54","fixed","cond",NA,"(Intercept)",-10.7863970839247,5.59607001745171,-1.92749501887694,0.053917968229351,-21.7544927730945,0.181698605245046,0.0992403183351823
"edge_4_54","fixed","cond",NA,"Dx.StatusCELIAC",1.54602485227744,2.73074578233903,0.566154807333688,0.571288548439858,-3.80613853204172,6.89818823659659,0.999998120218113
"edge_4_54","fixed","cond",NA,"onset_timeline_combinedt0-6",-20.88787779147,7716.73565240987,-0.00270682821497804,0.99784026619589,-15145.411834731,15103.6360791481,1
"edge_4_54","fixed","cond",NA,"onset_timeline_combinedt0-12",0.581172925245128,2.11280504586709,0.275071723433251,0.783261135326981,-3.55984887100886,4.72219472149911,0.999995349743898
"edge_4_54","fixed","cond",NA,"onset_timeline_combinedt0-18",5.87089865968544,5.35983197876216,1.09535125036537,0.273362782638192,-4.63417898187445,16.3759763012453,0.672071259135925
"edge_4_54","fixed","cond",NA,"onset_timeline_combinedt0-24",5.68657239010716,2.80374142181713,2.02820857367854,0.0425389652413028,0.191340181382468,11.1818045988319,0.16882651830142
"edge_4_54","fixed","cond",NA,"onset_timeline_combinedt0-30",4.63129923512054,2.89933244381493,1.59736743711483,0.11018382655523,-1.05128793396523,10.3138864042063,0.36162896920691
"edge_4_54","fixed","cond",NA,"onset_timeline_combinedt0-36",3.06595971460774,2.73826622731431,1.1196718872784,0.262853609172592,-2.30094347101069,8.43286290022616,0.606952879362168
"edge_4_54","fixed","cond",NA,"onset_timeline_combinedt0-over42",1.09131935177236,3.62196619652722,0.301305780495337,0.763181333425452,-6.00760394664252,8.19024265018724,1
"edge_4_54","fixed","cond",NA,"SexMale",-6.18929411327728,3.6641346689817,-1.68915574137382,0.0911895880561536,-13.370866098986,0.992277872431433,1
"edge_4_54","fixed","cond",NA,"Age.at.Gluten.Introduction..months.",-0.142069771196426,0.562307477444884,-0.252654956398568,0.800534858298556,-1.24417217522597,0.960032632833115,0.894291193054242
"edge_4_54","fixed","cond",NA,"HLA.CategoryHigh Risk",-3.30983748649675,2.24038196696713,-1.4773541009069,0.139580742890375,-7.70090545336534,1.08123048037183,0.893316754498401
"edge_4_54","fixed","cond",NA,"HLA.CategoryLow/No Risk",-33.9722574400562,688475.053192865,-4.93442097611335e-05,0.999960629016883,-1349420.28076975,1349352.33625487,0.999999262755209
"edge_4_54","fixed","cond",NA,"feeding_first_yearFormula",-0.958918069291207,2.77575521970164,-0.345462043081119,0.729747041006118,-6.39929832980548,4.48146219122306,1
"edge_4_54","fixed","cond",NA,"feeding_first_yearBreastmilk_and_formula",-2.97480504501633,2.29682290693455,-1.29518259158546,0.195257248689899,-7.47649522147463,1.52688513144197,0.999998456348986
"edge_4_54","fixed","cond",NA,"Delivery.ModeC-Section",34.9167396304124,688475.053199216,5.07160564034395e-05,0.999959534441628,-1349351.39178513,1349421.22526439,1
"edge_4_54","fixed","cond",NA,"Dx.StatusCELIAC:onset_timeline_combinedt0-6",-4.97002198015251,93266.0598617716,-5.32886452748032e-05,0.999957481812689,-182803.088331009,182793.148287049,1
"edge_4_54","fixed","cond",NA,"Dx.StatusCELIAC:onset_timeline_combinedt0-12",2.06469942861969,3.45657193475358,0.597325751522913,0.550289914766378,-4.71005707346926,8.83945593070864,0.999999948577024
"edge_4_54","fixed","cond",NA,"Dx.StatusCELIAC:onset_timeline_combinedt0-18",-6.45824387973397,7.36301817630048,-0.877119100496217,0.380421951118048,-20.8894943227967,7.97300656332875,1
"edge_4_54","fixed","cond",NA,"Dx.StatusCELIAC:onset_timeline_combinedt0-24",-6.60800270568302,3.77406312669707,-1.75089882809303,0.0799633387084707,-14.0050305093899,0.789025098023869,0.317354500499243
"edge_4_54","fixed","cond",NA,"Dx.StatusCELIAC:onset_timeline_combinedt0-30",-34.4454375026903,362170.242994776,-9.51084142580625e-05,0.999924114464775,-709875.077979382,709806.187104377,1
"edge_4_54","fixed","cond",NA,"Dx.StatusCELIAC:onset_timeline_combinedt0-36",-4.09748669872532,3.7735759459189,-1.08583655329813,0.277551311206527,-11.493559645653,3.29858624820238,1
"edge_4_54","fixed","cond",NA,"Dx.StatusCELIAC:onset_timeline_combinedt0-over42",2.24774185720409,4.87702051268271,0.460884232772617,0.644881664529823,-7.3110426995171,11.8065264139253,1
"edge_4_57","fixed","cond",NA,"(Intercept)",-20.1857485531701,14.9194100484141,-1.3529857070532,0.17606019657307,-49.4272549186467,9.05575781230643,0.276044999565184
"edge_4_57","fixed","cond",NA,"Dx.StatusCELIAC",-3.5319661725996,8.90332903163126,-0.396701746060538,0.691587412445128,-20.9821704171067,13.9182380719075,0.999998120218113
"edge_4_57","fixed","cond",NA,"onset_timeline_combinedt0-6",-20.4828505089815,8334.63469914226,-0.00245755827919962,0.998039154165539,-16356.0666851256,16315.1009841077,1
"edge_4_57","fixed","cond",NA,"onset_timeline_combinedt0-12",-37.3017636410894,356490.90901679,-0.000104635946380704,0.99991651259403,-698746.644252495,698672.040725213,0.999995349743898
"edge_4_57","fixed","cond",NA,"onset_timeline_combinedt0-18",2.92104333036769,5.78981256567909,0.504514316695341,0.613900004146929,-8.42678077560077,14.2688674363361,0.978632474521225
"edge_4_57","fixed","cond",NA,"onset_timeline_combinedt0-24",-4.49685577326388,6.73558327303863,-0.667626780187548,0.504371858762799,-17.69835640329,8.70464485676224,0.854069680838339
"edge_4_57","fixed","cond",NA,"onset_timeline_combinedt0-30",-5.19488945895164,6.77712313947921,-0.76653313685412,0.443359142759008,-18.4778067311239,8.08802781322062,0.930327381527098
"edge_4_57","fixed","cond",NA,"onset_timeline_combinedt0-36",-5.58353122107722,6.82255455503907,-0.818393048532427,0.413132789790201,-18.9554924315135,7.78842998935905,0.846255875860573
"edge_4_57","fixed","cond",NA,"onset_timeline_combinedt0-over42",-6.89542970202434,7.47013113049927,-0.92306675499597,0.355972418273847,-21.5366176775944,7.74575827354571,1
"edge_4_57","fixed","cond",NA,"SexMale",1.09312145427205,7.75462157148544,0.1409638683455,0.887898486150896,-14.1056575395768,16.2919004481209,1
"edge_4_57","fixed","cond",NA,"Age.at.Gluten.Introduction..months.",-0.272661343737582,1.52805323489692,-0.17843707111158,0.858379737897803,-3.26759065059547,2.7222679631203,0.917578340511445
"edge_4_57","fixed","cond",NA,"HLA.CategoryHigh Risk",-1.61649515490295,4.99104142802778,-0.323879330238641,0.74602939331886,-11.3987565991848,8.16576628937886,0.999993113296695
"edge_4_57","fixed","cond",NA,"HLA.CategoryLow/No Risk",-25.5279309569862,832382.037300523,-3.06685269660254e-05,0.999975530055835,-1631464.34241806,1631413.28655614,0.999999262755209
"edge_4_57","fixed","cond",NA,"feeding_first_yearFormula",-3.70685632748132,7.47793848120494,-0.495705646255066,0.620102102878587,-18.3633464292491,10.9496337742865,1
"edge_4_57","fixed","cond",NA,"feeding_first_yearBreastmilk_and_formula",-4.11261162141234,9.38492282077682,-0.438214751463659,0.661230616136929,-22.5067223478229,14.2814991049983,0.999998456348986
"edge_4_57","fixed","cond",NA,"Delivery.ModeC-Section",33.6246140642917,832382.037541441,4.03956507322128e-05,0.999967768933966,-1631405.19034523,1631472.43957336,1
"edge_4_57","fixed","cond",NA,"Dx.StatusCELIAC:onset_timeline_combinedt0-6",-1.47895437676579,3123134.64853549,-4.73548067310932e-07,0.999999622163308,-6121232.90895309,6121229.95104434,1
"edge_4_57","fixed","cond",NA,"Dx.StatusCELIAC:onset_timeline_combinedt0-12",33.133027794982,356490.909092844,9.29421394764176e-05,0.99992584290197,-698676.209610121,698742.475665711,0.999999948577024
"edge_4_57","fixed","cond",NA,"Dx.StatusCELIAC:onset_timeline_combinedt0-18",3.38591056466596,9.08018631841428,0.372889987708672,0.709230324123799,-14.4109275923394,21.1827487216713,1
"edge_4_57","fixed","cond",NA,"Dx.StatusCELIAC:onset_timeline_combinedt0-24",-30.5719233566259,231885.060465111,-0.000131840849493733,0.99989480622201,-454516.938987866,454455.795141153,0.999996294200444
"edge_4_57","fixed","cond",NA,"Dx.StatusCELIAC:onset_timeline_combinedt0-30",-20.3883769742387,11506.4630411551,-0.00177190652777623,0.998586223878096,-22572.6415270794,22531.864773131,1
"edge_4_57","fixed","cond",NA,"Dx.StatusCELIAC:onset_timeline_combinedt0-36",3.87741307589089,7.41596956201798,0.522846411850131,0.601081138833637,-10.6576201761096,18.4124463278914,1
"edge_4_57","fixed","cond",NA,"Dx.StatusCELIAC:onset_timeline_combinedt0-over42",2.72300288430303,10.7093570899399,0.254263898517396,0.799291688260449,-18.2669513095579,23.712957078164,1
"edge_4_58","fixed","cond",NA,"(Intercept)",-21.586605775152,8.56877892137432,-2.51921609522513,0.0117616448028784,-38.3811038525317,-4.7921076977724,0.0271587070902828
"edge_4_58","fixed","cond",NA,"Dx.StatusCELIAC",2.14380543041652,4.90407916833718,0.437147394409503,0.662004457640753,-7.46801311685749,11.7556239776905,0.999998120218113
"edge_4_58","fixed","cond",NA,"onset_timeline_combinedt0-6",6.1969987721031,5.52853738398293,1.12091107316319,0.262325716990751,-4.63873538768672,17.0327329318929,1
"edge_4_58","fixed","cond",NA,"onset_timeline_combinedt0-12",-0.0672665034402511,2.06536517657811,-0.0325688184361169,0.974018435915878,-4.11530786445656,3.98077485757606,0.999995349743898
"edge_4_58","fixed","cond",NA,"onset_timeline_combinedt0-18",5.62533534744996,3.31674037854132,1.69604331525157,0.0898776773187887,-0.875356340560765,12.1260270354607,0.442474719107883
"edge_4_58","fixed","cond",NA,"onset_timeline_combinedt0-24",2.39102450410404,2.70843209932393,0.882807623163557,0.377340221012791,-2.91740486514307,7.69945387335115,0.772938839816523
"edge_4_58","fixed","cond",NA,"onset_timeline_combinedt0-30",1.13015717554755,2.59386920773072,0.435703223654935,0.663052066548259,-3.95373305221211,6.2140474033072,1
"edge_4_58","fixed","cond",NA,"onset_timeline_combinedt0-36",-0.442130108587808,2.60062154207687,-0.170009400227732,0.865002743959258,-5.53925466847748,4.65499445130187,0.999999999336064
"edge_4_58","fixed","cond",NA,"onset_timeline_combinedt0-over42",0.307563801451386,2.54037982889117,0.121070006128033,0.903635586027897,-4.67148917022734,5.28661677313011,1
"edge_4_58","fixed","cond",NA,"SexMale",1.2895018503013,4.74755149426638,0.271614083988057,0.785918768999041,-8.01552809321013,10.5945317938127,1
"edge_4_58","fixed","cond",NA,"Age.at.Gluten.Introduction..months.",-0.135497456376017,0.91403806343412,-0.148240496535714,0.882152973245339,-1.92697914120563,1.65598422845359,0.927957872846138
"edge_4_58","fixed","cond",NA,"HLA.CategoryHigh Risk",-1.89344692130417,3.93738443452411,-0.480889522674466,0.630595019636736,-9.61057860626002,5.82368476365168,0.999993113296695
"edge_4_58","fixed","cond",NA,"HLA.CategoryLow/No Risk",-16.4218583790309,3226.7386908397,-0.00508930531798265,0.995939339390792,-6340.71347994677,6307.8697631887,0.999999262755209
"edge_4_58","fixed","cond",NA,"feeding_first_yearFormula",1.31904970924572,5.2713861819988,0.250228244280438,0.802410844099326,-9.01267735607403,11.6507767745655,1
"edge_4_58","fixed","cond",NA,"feeding_first_yearBreastmilk_and_formula",-4.35865526778252,5.12737629750806,-0.850075168054441,0.395283296414365,-14.4081281460827,5.69081761051761,0.999998456348986
"edge_4_58","fixed","cond",NA,"Delivery.ModeC-Section",22.7010923360195,3226.75585343167,0.00703526804232082,0.994386714552885,-6301.62416729386,6347.0263519659,1
"edge_4_58","fixed","cond",NA,"Dx.StatusCELIAC:onset_timeline_combinedt0-6",-26.6810041484236,296270.884581538,-9.00561126217606e-05,0.99992814561823,-580706.944451786,580653.582443489,1
"edge_4_58","fixed","cond",NA,"Dx.StatusCELIAC:onset_timeline_combinedt0-12",-2.84461103164657,4.36962746997989,-0.650996235077142,0.515048917240114,-11.408923498664,5.71970143537089,0.999999948577024
"edge_4_58","fixed","cond",NA,"Dx.StatusCELIAC:onset_timeline_combinedt0-18",-1.6341476556839,4.67504438964527,-0.349546981693556,0.726678706084618,-10.7970662855147,7.52877097414687,1
"edge_4_58","fixed","cond",NA,"Dx.StatusCELIAC:onset_timeline_combinedt0-24",-5.03412116111109,3.6790979876155,-1.36830309441522,0.17121722259951,-12.2450207124313,2.17677839020909,0.58769154784156
"edge_4_58","fixed","cond",NA,"Dx.StatusCELIAC:onset_timeline_combinedt0-30",-3.41783547724241,4.00421640954739,-0.853559130593729,0.393349311518227,-11.2659554262596,4.43028447177475,1
"edge_4_58","fixed","cond",NA,"Dx.StatusCELIAC:onset_timeline_combinedt0-36",-1.23143168773965,3.56238840940298,-0.345675862993846,0.729586325810619,-8.21358466911242,5.75072129363312,1
"edge_4_58","fixed","cond",NA,"Dx.StatusCELIAC:onset_timeline_combinedt0-over42",-1.65625619721041,4.68411089731547,-0.353590304226066,0.723645941650644,-10.8369448555403,7.5244324611195,1
"edge_4_61","fixed","cond",NA,"(Intercept)",-22.411211123247,11.6253964405121,-1.92778037617268,0.0538824496054988,-45.1965694526508,0.374147206156888,0.0992403183351823
"edge_4_61","fixed","cond",NA,"Dx.StatusCELIAC",-0.178529370521885,6.4404432834339,-0.0277200438952856,0.977885437128861,-12.8015662505252,12.4445075094814,0.999998120218113
"edge_4_61","fixed","cond",NA,"onset_timeline_combinedt0-6",-16.8955584615235,6453.53220206076,-0.00261803271952813,0.997911114499649,-12665.5862475701,12631.795130647,1
"edge_4_61","fixed","cond",NA,"onset_timeline_combinedt0-12",-20.8902033077154,1993.18632738168,-0.0104808080512761,0.991637678167893,-3927.46361945347,3885.68321283804,0.999995349743898
"edge_4_61","fixed","cond",NA,"onset_timeline_combinedt0-18",4.87861537365294,4.0890822946659,1.19308319620199,0.232836791823637,-3.13583865371262,12.8930694010185,0.584374693204423
"edge_4_61","fixed","cond",NA,"onset_timeline_combinedt0-24",-0.685327441212926,3.06212431415033,-0.223807844131596,0.822906826053434,-6.68698081313198,5.31632593070613,0.999995842904296
"edge_4_61","fixed","cond",NA,"onset_timeline_combinedt0-30",-0.477808242559481,2.41267657280486,-0.19804073531663,0.843013192680897,-5.20656743160053,4.25095094648157,1
"edge_4_61","fixed","cond",NA,"onset_timeline_combinedt0-36",-1.31726299040661,3.14585709957628,-0.418729442791295,0.675413875386951,-7.48302960608575,4.84850362527252,0.999999999336064
"edge_4_61","fixed","cond",NA,"onset_timeline_combinedt0-over42",-3.39113038583129,3.59004829800709,-0.944591856247109,0.344867286260873,-10.4274957526845,3.64523498102192,1
"edge_4_61","fixed","cond",NA,"SexMale",0.5728972998184,6.42266191579358,0.0891993549293982,0.928923478027462,-12.015288740014,13.1610833396508,1
"edge_4_61","fixed","cond",NA,"Age.at.Gluten.Introduction..months.",-0.0536485694724231,1.13338690889204,-0.0473347354301701,0.962246444229318,-2.27504609145,2.16774895250516,0.986103794086243
"edge_4_61","fixed","cond",NA,"HLA.CategoryHigh Risk",-0.883396010649083,4.91643726953551,-0.179682148315612,0.857402108918623,-10.5194359911891,8.75264396989096,0.999993113296695
"edge_4_61","fixed","cond",NA,"HLA.CategoryLow/No Risk",-30.9816188423805,2696192.84388013,-1.14908764455418e-05,0.999990831607094,-5284471.85099852,5284409.88776083,0.999999262755209
"edge_4_61","fixed","cond",NA,"feeding_first_yearFormula",-3.66187687889968,6.34036704209755,-0.577549667800974,0.563568196638173,-16.0887679301756,8.76501417237626,1
"edge_4_61","fixed","cond",NA,"feeding_first_yearBreastmilk_and_formula",-3.2034488431287,6.40321935587224,-0.50028722508013,0.616872847993063,-15.753528165748,9.34663047949065,0.999998456348986
"edge_4_61","fixed","cond",NA,"Delivery.ModeC-Section",37.9934060103583,2696192.84283555,1.40915016933288e-05,0.999988756608361,-5284402.87392634,5284478.86073836,1
"edge_4_61","fixed","cond",NA,"Dx.StatusCELIAC:onset_timeline_combinedt0-6",-0.487493794442393,103969.562405472,-4.68881260210765e-06,0.999996258868816,-203777.085296908,203776.110309319,1
"edge_4_61","fixed","cond",NA,"Dx.StatusCELIAC:onset_timeline_combinedt0-12",18.0560266746123,1993.18990032378,0.00905885920437348,0.992772174958562,-3888.52439230898,3924.6364456582,0.999999948577024
"edge_4_61","fixed","cond",NA,"Dx.StatusCELIAC:onset_timeline_combinedt0-18",-0.311986135816122,5.66284471403813,-0.0550935354174047,0.95606394631396,-11.4109578253739,10.7869855537416,1
"edge_4_61","fixed","cond",NA,"Dx.StatusCELIAC:onset_timeline_combinedt0-24",-23.8812872766148,7857.08794896733,-0.00303945780316148,0.997574867279665,-15423.4906906163,15375.728116063,0.999996294200444
"edge_4_61","fixed","cond",NA,"Dx.StatusCELIAC:onset_timeline_combinedt0-30",-1.95534882917049,4.03513407679592,-0.484580881813752,0.627973677913416,-9.86406629248076,5.95336863413979,1
"edge_4_61","fixed","cond",NA,"Dx.StatusCELIAC:onset_timeline_combinedt0-36",-0.222833949006534,3.9143414571035,-0.0569275704351621,0.954602891889005,-7.89480222812142,7.44913433010835,1
"edge_4_61","fixed","cond",NA,"Dx.StatusCELIAC:onset_timeline_combinedt0-over42",0.995329148774206,5.17238365337989,0.192431423396795,0.847404280023005,-9.14235652607409,11.1330148236225,1
"edge_4_63","fixed","cond",NA,"(Intercept)",-13.1364557751356,6.66517003474645,-1.97091082547834,0.0487340766695777,-26.1999489940743,-0.0729625561970355,0.0937761778338843
"edge_4_63","fixed","cond",NA,"Dx.StatusCELIAC",0.479172787812047,4.08252464016299,0.117371682977256,0.906565522658745,-7.52242847290474,8.48077404852884,0.999998120218113
"edge_4_63","fixed","cond",NA,"onset_timeline_combinedt0-6",-18.1979780025719,16671.1124892899,-0.00109158749989017,0.99912903936004,-32692.9780392267,32656.5820832216,1
"edge_4_63","fixed","cond",NA,"onset_timeline_combinedt0-12",-0.248181709627092,2.44890871250249,-0.101343797896607,0.919277549448483,-5.04795458755833,4.55159116830415,0.999995349743898
"edge_4_63","fixed","cond",NA,"onset_timeline_combinedt0-18",7.7596284105885,4.14963843421137,1.86995289676683,0.0614903592139438,-0.373513469328955,15.892770290506,0.442474719107883
"edge_4_63","fixed","cond",NA,"onset_timeline_combinedt0-24",4.64299362371727,3.19195873722969,1.45459074065191,0.145782595919647,-1.61313054139087,10.8991177888254,0.440818801947504
"edge_4_63","fixed","cond",NA,"onset_timeline_combinedt0-30",2.22538083497169,3.26485651325109,0.681616734438259,0.495481330546648,-4.17362034569147,8.62438201563485,0.943921808006738
"edge_4_63","fixed","cond",NA,"onset_timeline_combinedt0-36",1.91394462360491,3.10748055558052,0.615915237238664,0.537950464458813,-4.17660534799143,8.00449459520126,0.999999999336064
"edge_4_63","fixed","cond",NA,"onset_timeline_combinedt0-over42",-0.304561163890119,3.04905941215808,-0.0998869233822358,0.920434098056272,-6.28060779844281,5.67148547066258,1
"edge_4_63","fixed","cond",NA,"SexMale",-3.76410456327842,4.13652938877057,-0.909966836811756,0.362839999519854,-11.8715531862602,4.34334405970337,1
"edge_4_63","fixed","cond",NA,"Age.at.Gluten.Introduction..months.",-0.325109120209083,0.667155993175682,-0.487306002695942,0.626041494464711,-1.63271083890347,0.982492598485304,0.883719897235668
"edge_4_63","fixed","cond",NA,"HLA.CategoryHigh Risk",-1.6215514470384,3.06405759698727,-0.529217025369493,0.596654907449823,-7.6269939836898,4.383891089613,0.999993113296695
"edge_4_63","fixed","cond",NA,"HLA.CategoryLow/No Risk",-29.0625258391076,347709.750734921,-8.3582717417849e-05,0.9999333106403,-681527.651039684,681469.525988006,0.999999262755209
"edge_4_63","fixed","cond",NA,"feeding_first_yearFormula",-1.86880209928398,4.38860614920072,-0.425830442684938,0.670231402414263,-10.4703120940484,6.73270789548044,1
"edge_4_63","fixed","cond",NA,"feeding_first_yearBreastmilk_and_formula",-6.52846045614632,3.88426273966417,-1.68074635875707,0.092812191796879,-14.141475532379,1.08455462008633,0.999998456348986
"edge_4_63","fixed","cond",NA,"Delivery.ModeC-Section",34.5531875551629,347709.750810702,9.93736513704331e-05,0.999920711297951,-681464.035474818,681533.141849928,1
"edge_4_63","fixed","cond",NA,"Dx.StatusCELIAC:onset_timeline_combinedt0-6",-1.76711706674164,50151.3462048717,-3.52356855890337e-05,0.999971885990485,-98296.5994548147,98293.0652206812,1
"edge_4_63","fixed","cond",NA,"Dx.StatusCELIAC:onset_timeline_combinedt0-12",-23.2871790867792,21821.3142864345,-0.00106717582548435,0.999148517046805,-42792.2772758277,42745.7029176541,0.999999948577024
"edge_4_63","fixed","cond",NA,"Dx.StatusCELIAC:onset_timeline_combinedt0-18",-3.35471463901078,6.10345327449363,-0.549642061327832,0.582564903475123,-15.3172632383413,8.60783396031978,1
"edge_4_63","fixed","cond",NA,"Dx.StatusCELIAC:onset_timeline_combinedt0-24",-37.7619944385839,1334047.72546512,-2.83063294646509e-05,0.99997741481675,-2614723.25756366,2614647.73357478,0.999996294200444
"edge_4_63","fixed","cond",NA,"Dx.StatusCELIAC:onset_timeline_combinedt0-30",-34.8297638992482,760696.064614353,-4.57867018372254e-05,0.999963467497527,-1490971.71958938,1490902.06006159,1
"edge_4_63","fixed","cond",NA,"Dx.StatusCELIAC:onset_timeline_combinedt0-36",-2.96839217757545,4.0860168973513,-0.726475746955344,0.4675471702541,-10.9768381366061,5.0400537814552,1
"edge_4_63","fixed","cond",NA,"Dx.StatusCELIAC:onset_timeline_combinedt0-over42",4.15520472848242,5.34115126779466,0.777960503297652,0.436592297977172,-6.31325939237555,14.6236688493404,1
"edge_4_64","fixed","cond",NA,"(Intercept)",-19.3987209687485,11.6746463849857,-1.66161100979439,0.0965907943926368,-42.2806074155613,3.4831654780642,0.170375428998123
"edge_4_64","fixed","cond",NA,"Dx.StatusCELIAC",-1.84109163906157,7.56989104576721,-0.243212435678455,0.807840833775555,-16.6778054556575,12.9956221775344,0.999998120218113
"edge_4_64","fixed","cond",NA,"onset_timeline_combinedt0-6",-18.4337138969074,6252.44318025555,-0.00294824172974795,0.997647646850146,-12272.9971625809,12236.129734787,1
"edge_4_64","fixed","cond",NA,"onset_timeline_combinedt0-12",-31.1451225141672,76279.7703456954,-0.00040830120978366,0.999674222777608,-149536.747749064,149474.457504035,0.999995349743898
"edge_4_64","fixed","cond",NA,"onset_timeline_combinedt0-18",2.36174539102548,4.69197083691404,0.503358923811818,0.614711945629083,-6.83434846583828,11.5578392478892,0.978632474521225
"edge_4_64","fixed","cond",NA,"onset_timeline_combinedt0-24",-2.9750575282762,6.08102942827981,-0.489235838004779,0.624674739965885,-14.8936561966328,8.94354114008042,0.967484048483749
"edge_4_64","fixed","cond",NA,"onset_timeline_combinedt0-30",-3.27174420780488,6.1095727007977,-0.535511134416602,0.59229646031671,-15.2462866622975,8.70279824668771,1
"edge_4_64","fixed","cond",NA,"onset_timeline_combinedt0-36",-3.72627979580957,6.17778163182914,-0.603174410796756,0.546392668934705,-15.8345092985478,8.38194970692863,0.999999999336064
"edge_4_64","fixed","cond",NA,"onset_timeline_combinedt0-over42",-4.97833234918682,6.66181288750992,-0.747293932334933,0.45488615429422,-18.035245680451,8.0785809820774,1
"edge_4_64","fixed","cond",NA,"SexMale",0.324160639963955,6.38998719440967,0.0507294662886883,0.959541096169168,-12.1999841227511,12.848305402679,1
"edge_4_64","fixed","cond",NA,"Age.at.Gluten.Introduction..months.",-0.233394600433676,1.2000801119331,-0.194482516719423,0.845798084010692,-2.58550839838534,2.11871919751799,0.911990977541963
"edge_4_64","fixed","cond",NA,"HLA.CategoryHigh Risk",-1.24335961172927,4.77244389606006,-0.260528911142516,0.794455817203695,-10.597177766245,8.11045854278646,0.999993113296695
"edge_4_64","fixed","cond",NA,"HLA.CategoryLow/No Risk",-19.6421510217756,58361.0508637205,-0.00033656266861339,0.99973146184804,-114405.199943824,114365.915641781,0.999999262755209
"edge_4_64","fixed","cond",NA,"feeding_first_yearFormula",-3.3667474972303,6.71890153205644,-0.501086000615914,0.61631059885369,-16.5355525157319,9.8020575212713,1
"edge_4_64","fixed","cond",NA,"feeding_first_yearBreastmilk_and_formula",-3.52653589608393,6.98230142126428,-0.505067839859222,0.613511188536294,-17.2115952109648,10.1585234187969,0.999998456348986
"edge_4_64","fixed","cond",NA,"Delivery.ModeC-Section",26.6259448856529,58361.052720505,0.000456227974727706,0.999635982755386,-114358.935487147,114412.187376919,1
"edge_4_64","fixed","cond",NA,"Dx.StatusCELIAC:onset_timeline_combinedt0-6",-0.891524975530496,270516.258415284,-3.29564285989003e-06,0.999997370457444,-530203.015251462,530201.23220151,1
"edge_4_64","fixed","cond",NA,"Dx.StatusCELIAC:onset_timeline_combinedt0-12",27.5622384036585,76279.7705797956,0.000361330903254696,0.999711699657226,-149478.040846974,149533.165323781,0.999999948577024
"edge_4_64","fixed","cond",NA,"Dx.StatusCELIAC:onset_timeline_combinedt0-18",1.96562791921923,7.82938066980479,0.251057906380766,0.801769339627622,-13.3796762148522,17.3109320532907,1
"edge_4_64","fixed","cond",NA,"Dx.StatusCELIAC:onset_timeline_combinedt0-24",-25.5647726388597,27833.7451350268,-0.000918481236169987,0.999267158105311,-54578.7027921582,54527.5732468805,0.999996294200444
"edge_4_64","fixed","cond",NA,"Dx.StatusCELIAC:onset_timeline_combinedt0-30",1.2260036378585,7.27754681354263,0.168463861417842,0.866218371728533,-13.0377260124893,15.4897332882063,1
"edge_4_64","fixed","cond",NA,"Dx.StatusCELIAC:onset_timeline_combinedt0-36",1.80561251605958,6.77807554095002,0.266390143507681,0.789938755410471,-11.4791714286943,15.0903964608135,1
"edge_4_64","fixed","cond",NA,"Dx.StatusCELIAC:onset_timeline_combinedt0-over42",2.87820597329345,9.17497990966692,0.313701610426517,0.753747677530337,-15.1044242085323,20.8608361551192,1
"edge_4_69","fixed","cond",NA,"(Intercept)",-6.70529366021618,7.02684489671047,-0.954239599532812,0.339962374102214,-20.4776565827178,7.06706926228541,0.474432045161849
"edge_4_69","fixed","cond",NA,"Dx.StatusCELIAC",2.54080476274968,3.41768371037022,0.743428877002327,0.457222066677718,-4.15773222012517,9.23934174562454,0.999998120218113
"edge_4_69","fixed","cond",NA,"onset_timeline_combinedt0-6",-22.0941524572292,154504.703280653,-0.000142999869829826,0.999885902612055,-302845.748024584,302801.55971967,1
"edge_4_69","fixed","cond",NA,"onset_timeline_combinedt0-12",-0.817368921688907,2.81506275963896,-0.290355488129059,0.771544292847693,-6.3347905448012,4.70005270142339,0.999995349743898
"edge_4_69","fixed","cond",NA,"onset_timeline_combinedt0-18",8.89314947342847,6.76273350873649,1.31502290633511,0.188502204214095,-4.36156464073725,22.1478635875942,0.548370048622822
"edge_4_69","fixed","cond",NA,"onset_timeline_combinedt0-24",6.03353116586036,3.61080726215878,1.67096461478066,0.0947286673311575,-1.04352102308652,13.1105833548072,0.333159575495755
"edge_4_69","fixed","cond",NA,"onset_timeline_combinedt0-30",5.19619540320426,3.68918379421848,1.40849458662035,0.158984668801297,-2.03447196581278,12.4268627722213,0.446922650076856
"edge_4_69","fixed","cond",NA,"onset_timeline_combinedt0-36",3.53578190976407,3.5773185806272,0.98838888124528,0.32296223079152,-3.47563366949118,10.5471974890193,0.70717591914695
"edge_4_69","fixed","cond",NA,"onset_timeline_combinedt0-over42",-0.0312516312654506,4.128857082461,-0.00756907556771693,0.993960809130142,-8.12366281020213,8.06115954767123,1
"edge_4_69","fixed","cond",NA,"SexMale",-4.80247013718842,4.23856456656237,-1.1330416375097,0.257196768337898,-13.1099040337983,3.50496375942145,1
"edge_4_69","fixed","cond",NA,"Age.at.Gluten.Introduction..months.",-0.792516662924188,0.742704921857655,-1.06706800991966,0.285941126153117,-2.24819156090583,0.66315823505745,0.883719897235668
"edge_4_69","fixed","cond",NA,"HLA.CategoryHigh Risk",-0.767992642127888,2.94756934769446,-0.260551169976238,0.794438649892871,-6.54512240554324,5.00913712128746,0.999993113296695
"edge_4_69","fixed","cond",NA,"HLA.CategoryLow/No Risk",-33.225870635585,2000778.89254472,-1.66064679907364e-05,0.999986749955581,-3921487.79628622,3921421.34454495,0.999999262755209
"edge_4_69","fixed","cond",NA,"feeding_first_yearFormula",-5.92940815095114,5.18720018347254,-1.14308450440055,0.253003507259631,-16.0961336911569,4.2373173892546,1
"edge_4_69","fixed","cond",NA,"feeding_first_yearBreastmilk_and_formula",-2.83215488021086,2.77031124711557,-1.02232371296174,0.306627713559334,-8.26186515052362,2.59755539010191,0.999998456348986
"edge_4_69","fixed","cond",NA,"Delivery.ModeC-Section",40.0024381949269,2000778.89260132,1.99934327290496e-05,0.999984047548709,-3921414.56808833,3921494.57296472,1
"edge_4_69","fixed","cond",NA,"Dx.StatusCELIAC:onset_timeline_combinedt0-6",-8.45220446533019,1104695.45415827,-7.65116252946874e-06,0.999993895255546,-2165171.75623979,2165154.85183086,1
"edge_4_69","fixed","cond",NA,"Dx.StatusCELIAC:onset_timeline_combinedt0-12",-1.08400457209203,4.85317609495628,-0.2233598268191,0.823255468067918,-10.5960549288371,8.42804578465301,0.999999948577024
"edge_4_69","fixed","cond",NA,"Dx.StatusCELIAC:onset_timeline_combinedt0-18",-11.9450025301154,9.66293046270334,-1.23616770049421,0.216396234054658,-30.8839982221289,6.99399316189807,0.893507030935362
"edge_4_69","fixed","cond",NA,"Dx.StatusCELIAC:onset_timeline_combinedt0-24",-38.7680728164746,622341.761230311,-6.22938636478994e-05,0.999950296687995,-1219806.20615945,1219728.67001382,0.999996294200444
"edge_4_69","fixed","cond",NA,"Dx.StatusCELIAC:onset_timeline_combinedt0-30",-41.2704567513985,2988640.30087633,-1.38091080212286e-05,0.999988981925912,-5857668.62291931,5857586.08200581,1
"edge_4_69","fixed","cond",NA,"Dx.StatusCELIAC:onset_timeline_combinedt0-36",-29.2728712090304,21667.1845176874,-0.00135102330370309,0.998922039692618,-42496.1741722601,42437.6284298421,1
"edge_4_69","fixed","cond",NA,"Dx.StatusCELIAC:onset_timeline_combinedt0-over42",-0.349620499640772,6.2325652405763,-0.0560957625224062,0.955265519642324,-12.5652239024665,11.865982903185,1
"edge_4_7","fixed","cond",NA,"(Intercept)",-11.2419733351016,5.78932490927638,-1.9418452947922,0.0521558316394096,-22.5888416520839,0.104894981880703,0.0988625465403734
"edge_4_7","fixed","cond",NA,"Dx.StatusCELIAC",1.58413268702022,2.62383564154317,0.60374691994371,0.546011914376307,-3.55849067175694,6.72675604579737,0.999998120218113
"edge_4_7","fixed","cond",NA,"onset_timeline_combinedt0-6",-20.8904221132686,19495.6805225656,-0.00107154105695816,0.999145034097999,-38231.7221004408,38189.9412562142,1
"edge_4_7","fixed","cond",NA,"onset_timeline_combinedt0-12",-0.813695734962704,2.2536439796205,-0.361057798978402,0.71805623979752,-5.23075676899441,3.603365299069,0.999995349743898
"edge_4_7","fixed","cond",NA,"onset_timeline_combinedt0-18",3.46558554527673,5.3001427104821,0.65386645880739,0.513197844925858,-6.92250328019068,13.8536743707441,0.938608209988113
"edge_4_7","fixed","cond",NA,"onset_timeline_combinedt0-24",3.66591916134577,3.02972690816408,1.20998336565166,0.226285275889483,-2.27223646164772,9.60407478433927,0.546508545268973
"edge_4_7","fixed","cond",NA,"onset_timeline_combinedt0-30",3.18975819768405,3.104912093822,1.02732641095729,0.304266790045353,-2.89575768136991,9.27527407673801,0.695466948675092
"edge_4_7","fixed","cond",NA,"onset_timeline_combinedt0-36",3.46119763641909,2.91304407799135,1.18817207833179,0.234765621762422,-2.24826384182163,9.17065911465982,0.565769889433483
"edge_4_7","fixed","cond",NA,"onset_timeline_combinedt0-over42",-1.4087348343642,3.56969712587348,-0.394637075552872,0.693110747443787,-8.40521263679236,5.58774296806396,1
"edge_4_7","fixed","cond",NA,"SexMale",-5.19638097106214,3.75886645451989,-1.38243298450087,0.166838794141038,-12.5636238446169,2.17086190249261,1
"edge_4_7","fixed","cond",NA,"Age.at.Gluten.Introduction..months.",-0.165201576797303,0.605877816023915,-0.272664838401646,0.785110865729142,-1.35270027523596,1.02229712164136,0.893153645416638
"edge_4_7","fixed","cond",NA,"HLA.CategoryHigh Risk",-1.98043916767767,2.18342344080915,-0.907033940674256,0.36438884915462,-6.25987047466412,2.29899213930879,0.999993113296695
"edge_4_7","fixed","cond",NA,"HLA.CategoryLow/No Risk",-26.4033452698812,48204.6533722875,-0.000547734366347716,0.999562971227522,-94505.7878421906,94452.9811516509,0.999999262755209
"edge_4_7","fixed","cond",NA,"feeding_first_yearFormula",-2.22095271209862,3.1454302757489,-0.706088680210796,0.480132990795861,-8.38588276844835,3.94397734425111,1
"edge_4_7","fixed","cond",NA,"feeding_first_yearBreastmilk_and_formula",-2.26644430322649,2.28794228293894,-0.990603792817347,0.321879084950392,-6.75072877649315,2.21784017004017,0.999998456348986
"edge_4_7","fixed","cond",NA,"Delivery.ModeC-Section",27.4432376118827,48204.6534167359,0.00056930681307118,0.999545758908028,-94451.9413464262,94506.8278216499,1
"edge_4_7","fixed","cond",NA,"Dx.StatusCELIAC:onset_timeline_combinedt0-6",-3.95762532630081,75987.1091748258,-5.20828515425608e-05,0.99995844389689,-148935.954897298,148928.039646645,1
"edge_4_7","fixed","cond",NA,"Dx.StatusCELIAC:onset_timeline_combinedt0-12",-23.9807925984382,19028.6196246485,-0.00126024867128959,0.998994467308575,-37319.3899324215,37271.4283472246,0.999999948577024
"edge_4_7","fixed","cond",NA,"Dx.StatusCELIAC:onset_timeline_combinedt0-18",-4.86045216207039,7.39525245542076,-0.657239518376096,0.511026919081448,-19.3548806312765,9.63397630713571,1
"edge_4_7","fixed","cond",NA,"Dx.StatusCELIAC:onset_timeline_combinedt0-24",-31.3103243987661,131035.398225913,-0.000238945543133201,0.999809349042076,-256855.971547052,256793.350898254,0.999996294200444
"edge_4_7","fixed","cond",NA,"Dx.StatusCELIAC:onset_timeline_combinedt0-30",-32.3453923370084,210420.892787877,-0.000153717589106589,0.999877351109411,-412449.716851339,412385.026066665,1
"edge_4_7","fixed","cond",NA,"Dx.StatusCELIAC:onset_timeline_combinedt0-36",-4.69403225553363,3.82125731693615,-1.22839993913241,0.219296870725356,-12.1835589723886,2.79549446132139,0.892693207903869
"edge_4_7","fixed","cond",NA,"Dx.StatusCELIAC:onset_timeline_combinedt0-over42",2.38662839547729,5.126394106556,0.465556948191927,0.641532665051579,-7.66091942393085,12.4341762148854,1
"edge_4_70","fixed","cond",NA,"(Intercept)",-6.83069558281696,7.89622223339411,-0.865058680077303,0.387006582198623,-22.3070067741938,8.64561560855992,0.528492859561561
"edge_4_70","fixed","cond",NA,"Dx.StatusCELIAC",0.0878182699939218,3.82044415505726,0.0229864032635246,0.981661118708789,-7.40011467886487,7.57575121885271,0.999998120218113
"edge_4_70","fixed","cond",NA,"onset_timeline_combinedt0-6",-20.8013650960203,11724.1089043915,-0.00177423847438237,0.998584363256827,-22999.6325685287,22958.0298383366,1
"edge_4_70","fixed","cond",NA,"onset_timeline_combinedt0-12",-24.9621096156774,40790.559070043,-0.000611958016383497,0.999511728177344,-79972.9887961535,79923.0645769222,0.999995349743898
"edge_4_70","fixed","cond",NA,"onset_timeline_combinedt0-18",5.09937416299302,6.15121199274821,0.829003157264743,0.407102620665661,-6.95677980406433,17.1555281300504,0.82996413627588
"edge_4_70","fixed","cond",NA,"onset_timeline_combinedt0-24",2.30127787290096,4.54811353948247,0.50598514151492,0.612867080492213,-6.61286086208367,11.2154166078856,0.960915052129766
"edge_4_70","fixed","cond",NA,"onset_timeline_combinedt0-30",2.4069967666679,4.59682632840886,0.523621428069277,0.600541874579197,-6.60261728019896,11.4166108135348,1
"edge_4_70","fixed","cond",NA,"onset_timeline_combinedt0-36",2.13968899074014,4.50044973073822,0.475438926942344,0.6344741542499,-6.68103039573975,10.96040837722,0.999999999336064
"edge_4_70","fixed","cond",NA,"onset_timeline_combinedt0-over42",-2.42520342867905,5.30208317117315,-0.4574057687108,0.647379418755546,-12.8170954872143,7.96668862985623,1
"edge_4_70","fixed","cond",NA,"SexMale",-5.57698621452696,4.96240929428804,-1.1238464793596,0.261078159636394,-15.3031297078783,4.14915727882441,1
"edge_4_70","fixed","cond",NA,"Age.at.Gluten.Introduction..months.",-0.456559902746708,0.807307539904794,-0.565534050134785,0.571710570968957,-2.03885360540774,1.12573379991432,0.883719897235668
"edge_4_70","fixed","cond",NA,"HLA.CategoryHigh Risk",-4.0967969025715,3.48469166727172,-1.17565549372666,0.239732570288162,-10.9266670676509,2.7330732625079,0.999993113296695
"edge_4_70","fixed","cond",NA,"HLA.CategoryLow/No Risk",-30.9574542599251,180856.053676711,-0.000171171789003331,0.999863424672976,-354502.309046656,354440.394138136,0.999999262755209
"edge_4_70","fixed","cond",NA,"feeding_first_yearFormula",-3.9515096770498,6.51071118133935,-0.606924430679002,0.543901064094389,-16.7122691062171,8.80924975211755,1
"edge_4_70","fixed","cond",NA,"feeding_first_yearBreastmilk_and_formula",-2.28417539162178,3.57076081966828,-0.639688712567978,0.522374995137695,-9.28273799557833,4.71438721233477,0.999998456348986
"edge_4_70","fixed","cond",NA,"Delivery.ModeC-Section",34.3446744306838,180856.053720694,0.000189900607273695,0.99984848123828,-354437.00700417,354505.696353031,1
"edge_4_70","fixed","cond",NA,"Dx.StatusCELIAC:onset_timeline_combinedt0-6",-4.08382604092383,67268.9972160732,-6.07088883428166e-05,0.999951561315317,-131848.89564567,131840.727993588,1
"edge_4_70","fixed","cond",NA,"Dx.StatusCELIAC:onset_timeline_combinedt0-12",-5.15236772549466,234549.407577099,-2.19670890611865e-05,0.999982472798794,-459713.543814045,459703.239078594,0.999999948577024
"edge_4_70","fixed","cond",NA,"Dx.StatusCELIAC:onset_timeline_combinedt0-18",-4.98342055104243,9.10511804243347,-0.547320806585671,0.58415835179944,-22.8291239891979,12.862282887113,1
"edge_4_70","fixed","cond",NA,"Dx.StatusCELIAC:onset_timeline_combinedt0-24",-30.3418013565377,127212.664867238,-0.0002385124263233,0.999809694619281,-249362.583318506,249301.899715793,0.999996294200444
"edge_4_70","fixed","cond",NA,"Dx.StatusCELIAC:onset_timeline_combinedt0-30",-31.1906025272434,267023.955302557,-0.000116808255992996,0.999906800496181,-523388.526004971,523326.144799917,1
"edge_4_70","fixed","cond",NA,"Dx.StatusCELIAC:onset_timeline_combinedt0-36",-3.32271114682039,5.5072725701079,-0.603331522913036,0.546288166408783,-14.1167670372772,7.47134474363644,1
"edge_4_70","fixed","cond",NA,"Dx.StatusCELIAC:onset_timeline_combinedt0-over42",5.08309930778892,7.99534495121733,0.635757348657608,0.524934590923984,-10.5874888405712,20.753687456149,1
"edge_4_9","fixed","cond",NA,"(Intercept)",-20.1967750698567,10.1535247123248,-1.98913930305808,0.0466858292175445,-40.0973178221508,-0.296232317562708,0.0912169278558178
"edge_4_9","fixed","cond",NA,"Dx.StatusCELIAC",0.919493242107289,4.1575304957582,0.221163318716584,0.82496526947259,-7.22911679420573,9.06810327842031,0.999998120218113
"edge_4_9","fixed","cond",NA,"onset_timeline_combinedt0-6",-20.845011628779,142931.939174265,-0.000145838724005307,0.999883637534161,-280162.298033658,280120.608010401,1
"edge_4_9","fixed","cond",NA,"onset_timeline_combinedt0-12",-23.3254741022312,26820.0738423217,-0.000869702083572339,0.999306078222498,-52589.7042677576,52543.0533195531,0.999995349743898
"edge_4_9","fixed","cond",NA,"onset_timeline_combinedt0-18",0.59317374887444,2.19537004915658,0.270193058843235,0.787011732418925,-3.70967248021039,4.89601997795927,0.999999998540549
"edge_4_9","fixed","cond",NA,"onset_timeline_combinedt0-24",0.064919254534328,2.85238198263518,0.0227596636528857,0.981841983424855,-5.52564670158158,5.65548521065023,0.999995842904296
"edge_4_9","fixed","cond",NA,"onset_timeline_combinedt0-30",-22.7512881966754,21038.8299738225,-0.00108139512629665,0.999137171692768,-41258.1003137504,41212.5977373571,1
"edge_4_9","fixed","cond",NA,"onset_timeline_combinedt0-36",0.0880068314461917,2.93438589483933,0.0299915670944876,0.976073778630599,-5.66328383918123,5.83929750207361,0.999999999336064
"edge_4_9","fixed","cond",NA,"onset_timeline_combinedt0-over42",-2.50992294124895,2.88322638169508,-0.8705257960956,0.384013128221983,-8.16094280864704,3.14109692614914,1
"edge_4_9","fixed","cond",NA,"SexMale",-19.7722449849183,18654.9186870651,-0.00105989446089776,0.999154326731904,-36582.7410061556,36543.1965161858,1
"edge_4_9","fixed","cond",NA,"Age.at.Gluten.Introduction..months.",-0.0288290867910113,1.18629593172068,-0.0243017665492586,0.980611904045791,-2.35392638796994,2.29626821438792,0.996164505427549
"edge_4_9","fixed","cond",NA,"HLA.CategoryHigh Risk",-1.24612512991187,4.04461773030975,-0.308094661350464,0.758010303407611,-9.17343021255111,6.68117995272738,0.999993113296695
"edge_4_9","fixed","cond",NA,"HLA.CategoryLow/No Risk",-16.5423654899301,29109.4082171844,-0.00056828243867096,0.999546576240414,-57069.9340824457,57036.8493514659,0.999999262755209
"edge_4_9","fixed","cond",NA,"feeding_first_yearFormula",-1.14946634001389,5.43187666364238,-0.211614955786406,0.832407440536555,-11.7957489692165,9.49681628918875,1
"edge_4_9","fixed","cond",NA,"feeding_first_yearBreastmilk_and_formula",-1.72457549349559,4.64487342381597,-0.371285788898587,0.710424681529412,-10.8283601169221,7.37920912993095,0.999998456348986
"edge_4_9","fixed","cond",NA,"Delivery.ModeC-Section",20.1942294555863,29109.4078251468,0.000693735495304069,0.999446479203415,-57033.1967191205,57073.5851780317,1
"edge_4_9","fixed","cond",NA,"Dx.StatusCELIAC:onset_timeline_combinedt0-6",-6.65898637054705,2906662.64705921,-2.29093884606259e-06,0.999998172095265,-5696960.76243028,5696947.44445754,1
"edge_4_9","fixed","cond",NA,"Dx.StatusCELIAC:onset_timeline_combinedt0-12",-5.44616771910862,421485.243059984,-1.29213722396766e-05,0.999989690236586,-826101.342580398,826090.45024496,0.999999948577024
"edge_4_9","fixed","cond",NA,"Dx.StatusCELIAC:onset_timeline_combinedt0-18",-23.7866185599582,150089.562073543,-0.000158482830060513,0.999873548997272,-294193.922738094,294146.349500974,1
"edge_4_9","fixed","cond",NA,"Dx.StatusCELIAC:onset_timeline_combinedt0-24",-27.8234620893453,121766.267316648,-0.000228498932442361,0.999817684231231,-238685.321934597,238629.675010418,0.999996294200444
"edge_4_9","fixed","cond",NA,"Dx.StatusCELIAC:onset_timeline_combinedt0-30",-7.65991220351064,333182.042160404,-2.29901712404504e-05,0.999981656497319,-653032.462842101,653017.143017694,1
"edge_4_9","fixed","cond",NA,"Dx.StatusCELIAC:onset_timeline_combinedt0-36",-28.1578828770573,115948.118964339,-0.000242848983912517,0.999806234547034,-227282.295128146,227225.979362392,1
"edge_4_9","fixed","cond",NA,"Dx.StatusCELIAC:onset_timeline_combinedt0-over42",-30.7538163180927,467561.407461799,-6.57749245923497e-05,0.999947519203218,-916434.273002302,916372.765369666,1
"virus_comp_103_cycle_1_1","fixed","cond",NA,"(Intercept)",-30.9336487942298,8.03533794574833,-3.84970103349511,0.000118262085385087,-46.6826217715046,-15.184675816955,0.000395906119947093
"virus_comp_103_cycle_1_1","fixed","cond",NA,"Dx.StatusCELIAC",-4.84582876191547,6.1218928106027,-0.791557270248644,0.428618870295623,-16.8445181879115,7.15286066408051,0.999998120218113
"virus_comp_103_cycle_1_1","fixed","cond",NA,"onset_timeline_combinedt0-6",1.3065073752341,2.69814668483527,0.4842239981159,0.62822690729733,-3.98176295204918,6.59477770251737,1
"virus_comp_103_cycle_1_1","fixed","cond",NA,"onset_timeline_combinedt0-12",-7.7534125160419,4.02983033248514,-1.92400470400462,0.0543539938437241,-15.6517348315199,0.14490979943605,0.28762321742304
"virus_comp_103_cycle_1_1","fixed","cond",NA,"onset_timeline_combinedt0-18",-4.6509920589018,4.96281364077523,-0.937168387845263,0.348671947928092,-14.3779280568054,5.07594393900175,0.743833488913263
"virus_comp_103_cycle_1_1","fixed","cond",NA,"onset_timeline_combinedt0-24",-30.7465706205076,33490.1773651483,-0.000918077270397026,0.999267480423229,-65670.2880421696,65608.7949009286,0.999995842904296
"virus_comp_103_cycle_1_1","fixed","cond",NA,"onset_timeline_combinedt0-30",-39.8123837733164,2450144.69767691,-1.62489928905278e-05,0.999987035179445,-4802235.1767423,4802155.55197475,1
"virus_comp_103_cycle_1_1","fixed","cond",NA,"onset_timeline_combinedt0-36",-31.9620537785454,59074.8944542205,-0.000541042926506014,0.99956831022327,-115816.627574556,115752.703466999,0.999999999336064
"virus_comp_103_cycle_1_1","fixed","cond",NA,"onset_timeline_combinedt0-over42",-28.7763048056594,11590.6245716095,-0.00248272253387837,0.998019076056501,-22745.9830234854,22688.430413874,1
"virus_comp_103_cycle_1_1","fixed","cond",NA,"SexMale",-0.2101270922393,4.16165865287061,-0.0504911886741022,0.959730970869773,-8.36682816781518,7.94657398333658,1
"virus_comp_103_cycle_1_1","fixed","cond",NA,"Age.at.Gluten.Introduction..months.",0.493797689730241,0.525442709984155,0.939774556478541,0.347333212513664,-0.536051097777826,1.52364647723831,0.883719897235668
"virus_comp_103_cycle_1_1","fixed","cond",NA,"HLA.CategoryHigh Risk",2.51362111151129,4.16238789060595,0.60388920436374,0.545917306708005,-5.64450924376201,10.6717514667846,0.999993113296695
"virus_comp_103_cycle_1_1","fixed","cond",NA,"HLA.CategoryLow/No Risk",1.28154284669521,6.91800422869522,0.185247479522995,0.853034930216325,-12.2774962864432,14.8405819798336,0.999999262755209
"virus_comp_103_cycle_1_1","fixed","cond",NA,"feeding_first_yearFormula",-0.0883139007006058,6.6472492984912,-0.0132857813412612,0.989399792034482,-13.1166831220025,12.9400553206013,1
"virus_comp_103_cycle_1_1","fixed","cond",NA,"feeding_first_yearBreastmilk_and_formula",0.177449838578744,5.29560239297111,0.0335089052029802,0.973268764496112,-10.2017401280888,10.5566398052462,0.999998456348986
"virus_comp_103_cycle_1_1","fixed","cond",NA,"Delivery.ModeC-Section",7.45265178074562,10.6009301194713,0.703018668810665,0.482044115242675,-13.3247894560441,28.2300930175353,1
"virus_comp_103_cycle_1_1","fixed","cond",NA,"Dx.StatusCELIAC:onset_timeline_combinedt0-6",-22.1707166179147,7202.629178133,-0.00307814217136494,0.997544001763926,-14139.0644997559,14094.7230665201,1
"virus_comp_103_cycle_1_1","fixed","cond",NA,"Dx.StatusCELIAC:onset_timeline_combinedt0-12",15.507720719006,5.02467920964847,3.08631060252122,0.0020265700667648,5.65953043422784,25.3559110037842,0.0417856360135877
"virus_comp_103_cycle_1_1","fixed","cond",NA,"Dx.StatusCELIAC:onset_timeline_combinedt0-18",11.7891944610805,5.93565253650189,1.98616654000241,0.0470148348224299,0.155529264792953,23.422859657368,0.36681267934398
"virus_comp_103_cycle_1_1","fixed","cond",NA,"Dx.StatusCELIAC:onset_timeline_combinedt0-24",32.75209201821,33490.177414298,0.000977961138068713,0.999219700031251,-65606.7894758625,65672.293659899,0.999996294200444
"virus_comp_103_cycle_1_1","fixed","cond",NA,"Dx.StatusCELIAC:onset_timeline_combinedt0-30",42.9827344083347,2450144.6976794,1.75429371371596e-05,0.999986002761308,-4802152.38162898,4802238.3470978,1
"virus_comp_103_cycle_1_1","fixed","cond",NA,"Dx.StatusCELIAC:onset_timeline_combinedt0-36",30.1092445811986,59074.8945298025,0.000509679193180936,0.999593334858405,-115754.556424334,115814.774913496,1
"virus_comp_103_cycle_1_1","fixed","cond",NA,"Dx.StatusCELIAC:onset_timeline_combinedt0-over42",24.8479230276745,11590.6249708227,0.00214379492824801,0.998289500435425,-22692.3595780955,22742.0554241508,1
"virus_comp_103_cycle_1_3","fixed","cond",NA,"(Intercept)",-27.5854444208872,6.90294688799498,-3.99618378476321,6.43717670179538e-05,-41.1149717085502,-14.0559171332242,0.000302785718936301
"virus_comp_103_cycle_1_3","fixed","cond",NA,"Dx.StatusCELIAC",0.503368485080414,5.56771176804129,0.0904085028197316,0.927962600092866,-10.4091460565803,11.4158830267412,0.999998120218113
"virus_comp_103_cycle_1_3","fixed","cond",NA,"onset_timeline_combinedt0-6",1.9354696411338,2.53196409285835,0.764414332175159,0.444620370507092,-3.0270887910172,6.8980280732848,1
"virus_comp_103_cycle_1_3","fixed","cond",NA,"onset_timeline_combinedt0-12",-6.43662252353777,2.45680905288071,-2.61991159467219,0.00879525642551667,-11.2518797840759,-1.62136526299962,0.0979158048598002
"virus_comp_103_cycle_1_3","fixed","cond",NA,"onset_timeline_combinedt0-18",-4.14024403512471,3.30352715220975,-1.25327985645745,0.210103876607825,-10.615038275406,2.33455020515657,0.560277004287534
"virus_comp_103_cycle_1_3","fixed","cond",NA,"onset_timeline_combinedt0-24",-25.7567854689634,1925.61664831503,-0.0133758635144234,0.989327923245551,-3799.89606419716,3748.38249325923,0.999995842904296
"virus_comp_103_cycle_1_3","fixed","cond",NA,"onset_timeline_combinedt0-30",-27.853916928395,4377.83270037275,-0.00636249003440067,0.994923501683837,-8608.24834000071,8552.54050614391,1
"virus_comp_103_cycle_1_3","fixed","cond",NA,"onset_timeline_combinedt0-36",-27.0694888841997,2186.88962195626,-0.0123780773443814,0.990123975390617,-4313.29438608289,4259.15540831449,0.999999999336064
"virus_comp_103_cycle_1_3","fixed","cond",NA,"onset_timeline_combinedt0-over42",-9.39745615692213,2.91353075050574,-3.22545288231157,0.00125773536702414,-15.1078714957633,-3.68704081808094,0.0201237658723862
"virus_comp_103_cycle_1_3","fixed","cond",NA,"SexMale",1.19099294229508,4.0692277738077,0.292682791059551,0.769764624913587,-6.78454693925811,9.16653282384828,1
"virus_comp_103_cycle_1_3","fixed","cond",NA,"Age.at.Gluten.Introduction..months.",0.179334633642108,0.475525704856754,0.377129210493744,0.706077584328167,-0.752678621600152,1.11134788888437,0.883719897235668
"virus_comp_103_cycle_1_3","fixed","cond",NA,"HLA.CategoryHigh Risk",3.33127340702195,3.96201016326613,0.840803852021362,0.40045782882483,-4.43412381936133,11.0966706334052,0.999993113296695
"virus_comp_103_cycle_1_3","fixed","cond",NA,"HLA.CategoryLow/No Risk",0.822186833376288,6.08939734374424,0.135019409469303,0.892596528315296,-11.1128126479163,12.7571863146689,0.999999262755209
"virus_comp_103_cycle_1_3","fixed","cond",NA,"feeding_first_yearFormula",-3.02055951349792,6.71424857784912,-0.449873054069372,0.652801978051671,-16.1802449093315,10.1391258823356,1
"virus_comp_103_cycle_1_3","fixed","cond",NA,"feeding_first_yearBreastmilk_and_formula",-0.552898724655959,4.87360182457285,-0.113447660387073,0.90967565605132,-10.1049827758074,8.99918532649551,0.999998456348986
"virus_comp_103_cycle_1_3","fixed","cond",NA,"Delivery.ModeC-Section",10.3174899525248,11.0062205663328,0.937423513397985,0.348540750590297,-11.2543059633914,31.8892858684411,1
"virus_comp_103_cycle_1_3","fixed","cond",NA,"Dx.StatusCELIAC:onset_timeline_combinedt0-6",-2.64262041659406,4.04921679112445,-0.652625076134838,0.513998015313929,-10.5789394927928,5.29369865960471,1
"virus_comp_103_cycle_1_3","fixed","cond",NA,"Dx.StatusCELIAC:onset_timeline_combinedt0-12",9.69977263209237,3.18073140255485,3.04954156905586,0.00229190913073207,3.4656536385893,15.9338916255954,0.0417856360135877
"virus_comp_103_cycle_1_3","fixed","cond",NA,"Dx.StatusCELIAC:onset_timeline_combinedt0-18",6.67524661058078,4.10026528638629,1.62800359107103,0.103524124324121,-1.36112567779616,14.7116188989577,0.509657227441828
"virus_comp_103_cycle_1_3","fixed","cond",NA,"Dx.StatusCELIAC:onset_timeline_combinedt0-24",25.7915966647151,1925.61775593861,0.0133939337571924,0.989313506569307,-3748.34985296579,3799.93304629522,0.999996294200444
"virus_comp_103_cycle_1_3","fixed","cond",NA,"Dx.StatusCELIAC:onset_timeline_combinedt0-30",28.2227190816784,4377.83335184383,0.00644673216484856,0.994856287567147,-8552.17298085049,8608.61841901384,1
"virus_comp_103_cycle_1_3","fixed","cond",NA,"Dx.StatusCELIAC:onset_timeline_combinedt0-36",26.3913095095568,2186.89085997814,0.0120679591252307,0.990371395445473,-4259.83601416741,4312.61863318653,1
"virus_comp_103_cycle_1_3","fixed","cond",NA,"Dx.StatusCELIAC:onset_timeline_combinedt0-over42",7.67223835061715,3.71071477602383,2.06759042764215,0.0386785529658892,0.399371032709831,14.9451056685245,0.796035461907399
"virus_comp_103_cycle_1_4","fixed","cond",NA,"(Intercept)",-27.5090336598574,7.18243802661802,-3.83004121412664,0.000128121798433904,-41.5863535132196,-13.4317138064951,0.000396865082953802
"virus_comp_103_cycle_1_4","fixed","cond",NA,"Dx.StatusCELIAC",0.41335137609837,5.55366906590981,0.0744285212519508,0.940669415058433,-10.4716399751391,11.2983427273358,0.999998120218113
"virus_comp_103_cycle_1_4","fixed","cond",NA,"onset_timeline_combinedt0-6",1.30842066145119,2.88057372803256,0.454222243547587,0.649668874752476,-4.33740010030491,6.95424142320728,1
"virus_comp_103_cycle_1_4","fixed","cond",NA,"onset_timeline_combinedt0-12",-7.15729614748104,3.70043790311266,-1.93417545027863,0.0530915597202864,-14.4100211646088,0.0954288696466881,0.28762321742304
"virus_comp_103_cycle_1_4","fixed","cond",NA,"onset_timeline_combinedt0-18",-10.31765395573,5.08917412629383,-2.02737294886859,0.0426242862548222,-20.292251954319,-0.343055957141033,0.442474719107883
"virus_comp_103_cycle_1_4","fixed","cond",NA,"onset_timeline_combinedt0-24",-15.0637154044094,4.49350870732012,-3.35232807713712,0.000801349951333063,-23.8708306349739,-6.25660017384479,0.00969241972997158
"virus_comp_103_cycle_1_4","fixed","cond",NA,"onset_timeline_combinedt0-30",-12.2943207128916,4.683674292198,-2.62493075860789,0.00866665896626444,-21.4741536409158,-3.11448778486738,0.110933234768185
"virus_comp_103_cycle_1_4","fixed","cond",NA,"onset_timeline_combinedt0-36",-10.2351242093076,4.10594885876863,-2.49275491764822,0.0126756305156433,-18.2826360948574,-2.18761232375775,0.0912075483602205
"virus_comp_103_cycle_1_4","fixed","cond",NA,"onset_timeline_combinedt0-over42",-10.1170352804892,3.24228331591368,-3.12034276302539,0.00180640708756007,-16.4717938073551,-3.76227675362331,0.0227889079231887
"virus_comp_103_cycle_1_4","fixed","cond",NA,"SexMale",0.740416199479753,4.12177548118362,0.179635257393286,0.857438923504626,-7.33811529600039,8.81894769495989,1
"virus_comp_103_cycle_1_4","fixed","cond",NA,"Age.at.Gluten.Introduction..months.",0.17434537584197,0.524868711937937,0.33216949663135,0.739761275479927,-0.854378396168314,1.20306914785225,0.883719897235668
"virus_comp_103_cycle_1_4","fixed","cond",NA,"HLA.CategoryHigh Risk",2.91041259652859,3.9712369809753,0.732873059570929,0.463635855854812,-4.87306886025657,10.6938940533137,0.999993113296695
"virus_comp_103_cycle_1_4","fixed","cond",NA,"HLA.CategoryLow/No Risk",0.982402816199877,6.31748255232413,0.155505426103387,0.87642287656647,-11.3996354593156,13.3644410917153,0.999999262755209
"virus_comp_103_cycle_1_4","fixed","cond",NA,"feeding_first_yearFormula",-1.38457463567218,6.40392583865949,-0.216207162692879,0.828826270566575,-13.9360386391102,11.1668893677659,1
"virus_comp_103_cycle_1_4","fixed","cond",NA,"feeding_first_yearBreastmilk_and_formula",-0.538837821940503,5.07008761662008,-0.106277812670171,0.915361934803249,-10.4760269489784,9.39835130509737,0.999998456348986
"virus_comp_103_cycle_1_4","fixed","cond",NA,"Delivery.ModeC-Section",22.1979394291205,15.6235287322493,1.42080190778544,0.155374355929719,-8.42361419751496,52.8194930557559,0.938899283384921
"virus_comp_103_cycle_1_4","fixed","cond",NA,"Dx.StatusCELIAC:onset_timeline_combinedt0-6",-2.60861012173967,4.82101076708427,-0.541091950997103,0.588444205835289,-12.0576175943047,6.84039735082532,1
"virus_comp_103_cycle_1_4","fixed","cond",NA,"Dx.StatusCELIAC:onset_timeline_combinedt0-12",9.68224964454705,4.1842022531872,2.31400134569783,0.0206676483238676,1.48136392426881,17.8831353648253,0.131239566856559
"virus_comp_103_cycle_1_4","fixed","cond",NA,"Dx.StatusCELIAC:onset_timeline_combinedt0-18",12.0014785185596,5.6648530938557,2.11858601092,0.0341254689912827,0.898570476892091,23.104386560227,0.36681267934398
"virus_comp_103_cycle_1_4","fixed","cond",NA,"Dx.StatusCELIAC:onset_timeline_combinedt0-24",14.6228711082638,5.06502265807403,2.88702975197037,0.00388897454443184,4.69560911755935,24.5501330989682,0.0590983332468044
"virus_comp_103_cycle_1_4","fixed","cond",NA,"Dx.StatusCELIAC:onset_timeline_combinedt0-30",12.8547238175877,5.28825438301784,2.43080663042005,0.0150652524489866,2.48993568578662,23.2195119493887,0.267760378847548
"virus_comp_103_cycle_1_4","fixed","cond",NA,"Dx.StatusCELIAC:onset_timeline_combinedt0-36",8.39224247660952,4.99925843061016,1.67869746945353,0.0932110193930619,-1.40612399679463,18.1906089500137,0.845557104494205
"virus_comp_103_cycle_1_4","fixed","cond",NA,"Dx.StatusCELIAC:onset_timeline_combinedt0-over42",7.19504536366925,4.19462284605087,1.71530209693184,0.0862898543211284,-1.02626434331935,15.4163550706579,0.920425112758702
"virus_comp_104_cycle_1_1","fixed","cond",NA,"(Intercept)",-29.37530138919,7.74456188599437,-3.79302300396278,0.000148824363480953,-44.5543637617806,-14.1962390165995,0.000439551027025141
"virus_comp_104_cycle_1_1","fixed","cond",NA,"Dx.StatusCELIAC",-1.75330980091065,6.16342008376431,-0.284470274146853,0.776050011231248,-13.8333911866795,10.3267715848582,0.999998120218113
"virus_comp_104_cycle_1_1","fixed","cond",NA,"onset_timeline_combinedt0-6",1.8020852568282,2.43440768700817,0.740256147910426,0.459144583998558,-2.96926613339527,6.57343664705168,1
"virus_comp_104_cycle_1_1","fixed","cond",NA,"onset_timeline_combinedt0-12",-5.70620209347052,3.53052018694117,-1.61624967181234,0.106040343310081,-12.6258945065668,1.21349031962579,0.373802828384133
"virus_comp_104_cycle_1_1","fixed","cond",NA,"onset_timeline_combinedt0-18",-5.62427600116432,4.58606788857064,-1.22638306667485,0.220054555234931,-14.6128038934184,3.36425189108978,0.574836389185125
"virus_comp_104_cycle_1_1","fixed","cond",NA,"onset_timeline_combinedt0-24",-29.4284975958555,8217.20145500356,-0.00358132847989703,0.997142519407028,-16134.847403113,16075.9904079212,0.999995842904296
"virus_comp_104_cycle_1_1","fixed","cond",NA,"onset_timeline_combinedt0-30",-6.72253879039378,4.18763115864729,-1.60533211634745,0.108420734884944,-14.9301450418802,1.48506746109263,0.36162896920691
"virus_comp_104_cycle_1_1","fixed","cond",NA,"onset_timeline_combinedt0-36",-5.24683530043699,4.03435284214442,-1.30053951791884,0.193416121159226,-13.1540215719669,2.66035097109288,0.522635050791951
"virus_comp_104_cycle_1_1","fixed","cond",NA,"onset_timeline_combinedt0-over42",-28.7690050496288,5777.75439150893,-0.0049792710281884,0.996027132939204,-11352.9595239253,11295.421513826,1
"virus_comp_104_cycle_1_1","fixed","cond",NA,"SexMale",1.2538093828202,4.34272675935541,0.288714775830452,0.772799654530117,-7.25777866021475,9.76539742585515,1
"virus_comp_104_cycle_1_1","fixed","cond",NA,"Age.at.Gluten.Introduction..months.",0.280773916886999,0.526430767247374,0.533353926775828,0.593788604404076,-0.751011427271642,1.31255926104564,0.883719897235668
"virus_comp_104_cycle_1_1","fixed","cond",NA,"HLA.CategoryHigh Risk",3.72183312458031,4.50335473472305,0.826457906121224,0.408544386984321,-5.10457996508479,12.5482462142454,0.999993113296695
"virus_comp_104_cycle_1_1","fixed","cond",NA,"HLA.CategoryLow/No Risk",1.24150544145562,6.40407046565367,0.193861927053124,0.846283995898553,-11.3102420256822,13.7932529085935,0.999999262755209
"virus_comp_104_cycle_1_1","fixed","cond",NA,"feeding_first_yearFormula",-3.22206126857715,7.32926665770538,-0.43961577863861,0.66021541075336,-17.5871599507699,11.1430374136156,1
"virus_comp_104_cycle_1_1","fixed","cond",NA,"feeding_first_yearBreastmilk_and_formula",-0.527668853185923,5.32388636574721,-0.099113470298847,0.921048176999125,-10.9622943878343,9.90695668146244,0.999998456348986
"virus_comp_104_cycle_1_1","fixed","cond",NA,"Delivery.ModeC-Section",10.4774103157932,12.0266895630505,0.871179908724254,0.383655928221816,-13.0944680810294,34.0492887126159,1
"virus_comp_104_cycle_1_1","fixed","cond",NA,"Dx.StatusCELIAC:onset_timeline_combinedt0-6",-2.68234977425904,4.25164010026481,-0.630897656199068,0.528107444457031,-11.0154112460043,5.65071169748625,1
"virus_comp_104_cycle_1_1","fixed","cond",NA,"Dx.StatusCELIAC:onset_timeline_combinedt0-12",11.8693491528438,4.28399741734151,2.77062472185372,0.00559488684988735,3.47286850499189,20.2658298006958,0.0592249659345476
"virus_comp_104_cycle_1_1","fixed","cond",NA,"Dx.StatusCELIAC:onset_timeline_combinedt0-18",10.1586447579007,5.35651551822609,1.89650244143509,0.0578936374635145,-0.339932740452292,20.6572222562538,0.370519279766493
"virus_comp_104_cycle_1_1","fixed","cond",NA,"Dx.StatusCELIAC:onset_timeline_combinedt0-24",31.5802443139874,8217.20172288811,0.00384318717964828,0.996933587833614,-16073.8391862472,16136.9996748752,0.999996294200444
"virus_comp_104_cycle_1_1","fixed","cond",NA,"Dx.StatusCELIAC:onset_timeline_combinedt0-30",8.0924646126689,4.77970920881011,1.6930872275143,0.0904388650924947,-1.27559329317335,17.4605225185111,0.40383059679143
"virus_comp_104_cycle_1_1","fixed","cond",NA,"Dx.StatusCELIAC:onset_timeline_combinedt0-36",3.7827191917425,4.7837958301421,0.790735918934513,0.429098111053759,-5.5933483447289,13.1587867282139,1
"virus_comp_104_cycle_1_1","fixed","cond",NA,"Dx.StatusCELIAC:onset_timeline_combinedt0-over42",22.9950396044812,5777.75499431233,0.0039799263947879,0.996824486559726,-11301.1966607441,11347.1867399531,1
"virus_comp_104_cycle_1_3","fixed","cond",NA,"(Intercept)",-26.8915652975302,6.16554400000656,-4.36158841742133,1.29121596284418e-05,-38.9758094826401,-14.8073211124203,9.1102459600673e-05
"virus_comp_104_cycle_1_3","fixed","cond",NA,"Dx.StatusCELIAC",-1.2194806801935,5.12511367910831,-0.237942171929671,0.811925946186752,-11.2645189079194,8.82555754753236,0.999998120218113
"virus_comp_104_cycle_1_3","fixed","cond",NA,"onset_timeline_combinedt0-6",0.9481905909106,3.15136156997371,0.300882831073716,0.763503842847464,-5.22836458850147,7.12474577032267,1
"virus_comp_104_cycle_1_3","fixed","cond",NA,"onset_timeline_combinedt0-12",-3.90114948101076,3.64167184656409,-1.07125233831584,0.284055984010943,-11.0386951437899,3.23639618176833,0.700878657616756
"virus_comp_104_cycle_1_3","fixed","cond",NA,"onset_timeline_combinedt0-18",-34.7765041004014,460361.682899779,-7.55416999115721e-05,0.999939726444001,-902327.094849915,902257.541841714,0.999999998540549
"virus_comp_104_cycle_1_3","fixed","cond",NA,"onset_timeline_combinedt0-24",-29.4733828655622,27271.5261327917,-0.00108073830272824,0.999137695761846,-53480.6824065801,53421.735640849,0.999995842904296
"virus_comp_104_cycle_1_3","fixed","cond",NA,"onset_timeline_combinedt0-30",-3.35368440591469,4.88667654165323,-0.68629146564714,0.492529329613235,-12.9313944316518,6.22402561982238,0.943921808006738
"virus_comp_104_cycle_1_3","fixed","cond",NA,"onset_timeline_combinedt0-36",-2.68697008662648,4.69203931843004,-0.57266572257232,0.56687105047377,-11.8831981647952,6.50925799154227,0.999999999336064
"virus_comp_104_cycle_1_3","fixed","cond",NA,"onset_timeline_combinedt0-over42",-25.8375483694596,3285.18724782586,-0.00786486322402442,0.993724811753876,-6464.6862365784,6413.01113983948,1
"virus_comp_104_cycle_1_3","fixed","cond",NA,"SexMale",1.32919463324531,3.96536064862771,0.335201448500102,0.737473129433627,-6.44276942377739,9.10115869026802,1
"virus_comp_104_cycle_1_3","fixed","cond",NA,"Age.at.Gluten.Introduction..months.",0.203262644977452,0.437053616830586,0.465074849286151,0.641877856259259,-0.653346703323465,1.05987199327837,0.883719897235668
"virus_comp_104_cycle_1_3","fixed","cond",NA,"HLA.CategoryHigh Risk",2.36977772773821,3.6092789308356,0.656579270582883,0.511451481429718,-4.7042789868588,9.44383444233522,0.999993113296695
"virus_comp_104_cycle_1_3","fixed","cond",NA,"HLA.CategoryLow/No Risk",-0.0227910707656997,6.07700929546731,-0.00375037615668928,0.997007639782127,-11.9335104235967,11.8879282820654,0.999999262755209
"virus_comp_104_cycle_1_3","fixed","cond",NA,"feeding_first_yearFormula",-0.884444389267834,5.66846869595842,-0.1560288036694,0.876010317219725,-11.9944388808391,10.2255501023034,1
"virus_comp_104_cycle_1_3","fixed","cond",NA,"feeding_first_yearBreastmilk_and_formula",1.70266670220125,4.22359557859355,0.40313204011077,0.686851091286284,-6.57542851710472,9.98076192150722,0.999998456348986
"virus_comp_104_cycle_1_3","fixed","cond",NA,"Delivery.ModeC-Section",7.35678647212272,9.62213479849837,0.764569051066591,0.444528204189916,-11.5022511873236,26.2158241315691,1
"virus_comp_104_cycle_1_3","fixed","cond",NA,"Dx.StatusCELIAC:onset_timeline_combinedt0-6",-20.7253447691431,4901.03320521131,-0.00422877052681579,0.996625939341585,-9626.57391401821,9585.12322447992,1
"virus_comp_104_cycle_1_3","fixed","cond",NA,"Dx.StatusCELIAC:onset_timeline_combinedt0-12",6.72486256812394,4.8919720154887,1.37467314752252,0.169232799760775,-2.86322639561172,16.3129515318596,0.621691382175626
"virus_comp_104_cycle_1_3","fixed","cond",NA,"Dx.StatusCELIAC:onset_timeline_combinedt0-18",36.4249296303388,460361.68291696,7.91224182680493e-05,0.999936869444116,-902255.89344986,902328.74330912,1
"virus_comp_104_cycle_1_3","fixed","cond",NA,"Dx.StatusCELIAC:onset_timeline_combinedt0-24",29.9846452922608,27271.5263785472,0.00109948540745588,0.999122737745312,-53421.2248600943,53481.1941506788,0.999996294200444
"virus_comp_104_cycle_1_3","fixed","cond",NA,"Dx.StatusCELIAC:onset_timeline_combinedt0-30",2.1506169731262,6.44325496185067,0.333778033906715,0.738547060174806,-10.4779306953101,14.7791646415625,1
"virus_comp_104_cycle_1_3","fixed","cond",NA,"Dx.StatusCELIAC:onset_timeline_combinedt0-36",2.15177584032924,6.32293462697562,0.340312840045679,0.73362094865496,-10.2409483051442,14.5444999858027,1
"virus_comp_104_cycle_1_3","fixed","cond",NA,"Dx.StatusCELIAC:onset_timeline_combinedt0-over42",24.1814499404705,3285.18952622524,0.00736074730161932,0.994127026405654,-6414.6717038492,6463.03460373015,1
"virus_comp_1069_cycle_1_2","fixed","cond",NA,"(Intercept)",-12.9915677572469,11.4345538735354,-1.13616743608293,0.255886496230983,-35.4028815286592,9.41974601416551,0.377878895596917
"virus_comp_1069_cycle_1_2","fixed","cond",NA,"Dx.StatusCELIAC",1.59317080575969,7.50265385934042,0.2123476353339,0.831835835065179,-13.111760547018,16.2981021585374,0.999998120218113
"virus_comp_1069_cycle_1_2","fixed","cond",NA,"onset_timeline_combinedt0-6",-22.2914882556173,41607.5669433044,-0.000535755630363878,0.999572528874619,-81571.6241814715,81527.0412049603,1
"virus_comp_1069_cycle_1_2","fixed","cond",NA,"onset_timeline_combinedt0-12",10.5791844614933,6.81674695227674,1.55194032220308,0.12067650365157,-2.78139405669233,23.9397629796788,0.373802828384133
"virus_comp_1069_cycle_1_2","fixed","cond",NA,"onset_timeline_combinedt0-18",12.2224067078079,7.93256595942009,1.5407885380762,0.123368259944203,-3.32513687764389,27.7699502932597,0.476191885638561
"virus_comp_1069_cycle_1_2","fixed","cond",NA,"onset_timeline_combinedt0-24",4.77177428704607,7.66945602612128,0.622178974727016,0.533824189598143,-10.2600833051653,19.8036318792574,0.892048316828476
"virus_comp_1069_cycle_1_2","fixed","cond",NA,"onset_timeline_combinedt0-30",3.48246244708567,7.71455167094202,0.45141475430165,0.651690651427516,-11.637780984834,18.6027058790053,1
"virus_comp_1069_cycle_1_2","fixed","cond",NA,"onset_timeline_combinedt0-36",-30.0493181987182,778799.298014846,-3.85841618955149e-05,0.99996921429294,-1526448.62461237,1526388.52597598,0.999999999336064
"virus_comp_1069_cycle_1_2","fixed","cond",NA,"onset_timeline_combinedt0-over42",-26.4596809303681,96921.1696895194,-0.000273002080093853,0.999782175857932,-189988.461611884,189935.542250023,1
"virus_comp_1069_cycle_1_2","fixed","cond",NA,"SexMale",7.00633745951864,4.1597937894613,1.68429922590609,0.092123854936285,-1.1467085509389,15.1593834699762,1
"virus_comp_1069_cycle_1_2","fixed","cond",NA,"Age.at.Gluten.Introduction..months.",-0.57422251427736,0.816200883453972,-0.703530865890986,0.481724978262323,-2.17394684999692,1.0255018214422,0.883719897235668
"virus_comp_1069_cycle_1_2","fixed","cond",NA,"HLA.CategoryHigh Risk",0.297255414989022,4.05407515885117,0.0733226206573974,0.941549391464991,-7.64858588697777,8.24309671695581,0.999993113296695
"virus_comp_1069_cycle_1_2","fixed","cond",NA,"HLA.CategoryLow/No Risk",1.02596950302734,4.97007487770676,0.206429385526831,0.836455518777787,-8.71519825774523,10.7671372637999,0.999999262755209
"virus_comp_1069_cycle_1_2","fixed","cond",NA,"feeding_first_yearFormula",-2.55481282212505,6.39581993921673,-0.399450398292159,0.689561365054517,-15.090389554593,9.98076391034289,1
"virus_comp_1069_cycle_1_2","fixed","cond",NA,"feeding_first_yearBreastmilk_and_formula",-2.44313177524111,3.6994213783042,-0.660409162786703,0.50899129374392,-9.69386444035486,4.80760088987264,0.999998456348986
"virus_comp_1069_cycle_1_2","fixed","cond",NA,"Delivery.ModeC-Section",-26.1041834896104,90756.5777407756,-0.000287628556953423,0.999770505618325,-177905.727915519,177853.51954854,1
"virus_comp_1069_cycle_1_2","fixed","cond",NA,"Dx.StatusCELIAC:onset_timeline_combinedt0-6",-4.90505751986013,157664.830793945,-3.11106636474348e-05,0.999975177281803,-309022.295042253,309012.484927213,1
"virus_comp_1069_cycle_1_2","fixed","cond",NA,"Dx.StatusCELIAC:onset_timeline_combinedt0-12",-41.8978079043945,690540.915619106,-6.06738962988615e-05,0.999951589234929,-1353477.22227266,1353393.42665686,0.999999948577024
"virus_comp_1069_cycle_1_2","fixed","cond",NA,"Dx.StatusCELIAC:onset_timeline_combinedt0-18",-39.2868539357189,113967.238052983,-0.000344720593452079,0.999724952766141,-223410.968855286,223332.395147415,1
"virus_comp_1069_cycle_1_2","fixed","cond",NA,"Dx.StatusCELIAC:onset_timeline_combinedt0-24",-33.7091246532598,59283.3107212063,-0.000568610697398209,0.999546314327886,-116226.863022515,116159.444773208,0.999996294200444
"virus_comp_1069_cycle_1_2","fixed","cond",NA,"Dx.StatusCELIAC:onset_timeline_combinedt0-30",-1.74470371745426,10.2725921197333,-0.169840649479574,0.865135457656078,-21.8786143000014,18.3892068650929,1
"virus_comp_1069_cycle_1_2","fixed","cond",NA,"Dx.StatusCELIAC:onset_timeline_combinedt0-36",27.7135729632078,778799.298032218,3.55849999264654e-05,0.999971607277969,-1526390.86175526,1526446.28890119,1
"virus_comp_1069_cycle_1_2","fixed","cond",NA,"Dx.StatusCELIAC:onset_timeline_combinedt0-over42",30.4563338484097,96921.1698752466,0.000314238198812622,0.999749274196879,-189931.545961123,189992.45862882,1
"virus_comp_1144_cycle_1_2","fixed","cond",NA,"(Intercept)",-29.9757068513673,8.35532991472759,-3.5876149903465,0.000333716571808262,-46.3518525631834,-13.5995611395511,0.000901744779141475
"virus_comp_1144_cycle_1_2","fixed","cond",NA,"Dx.StatusCELIAC",1.36074309234588,4.98419064286501,0.273011846826889,0.784844108945117,-8.40809105975108,11.1295772444428,0.999998120218113
"virus_comp_1144_cycle_1_2","fixed","cond",NA,"onset_timeline_combinedt0-6",-27.843658371024,2451125.84441081,-1.13595384890231e-05,0.999990936399622,-4804146.22027889,4804090.53296215,1
"virus_comp_1144_cycle_1_2","fixed","cond",NA,"onset_timeline_combinedt0-12",-26.9666532579798,123497.340304589,-0.000218358170236463,0.999825775388628,-242077.305836739,242023.372530223,0.999995349743898
"virus_comp_1144_cycle_1_2","fixed","cond",NA,"onset_timeline_combinedt0-18",-25.2114426276023,730648.310607164,-3.4505578486388e-05,0.99997246853167,-1432069.5855977,1432019.16271245,0.999999998540549
"virus_comp_1144_cycle_1_2","fixed","cond",NA,"onset_timeline_combinedt0-24",-1.49295002953421,2.13869155979431,-0.698067013308733,0.485135286159228,-5.68470846077084,2.69880840170243,0.854069680838339
"virus_comp_1144_cycle_1_2","fixed","cond",NA,"onset_timeline_combinedt0-30",-29.5609158534388,338220.053487951,-8.74014285923822e-05,0.999930263749623,-662928.684601447,662869.56276974,1
"virus_comp_1144_cycle_1_2","fixed","cond",NA,"onset_timeline_combinedt0-36",-23.671705334354,10441.9108163532,-0.00226698980202756,0.99819120538677,-20489.4408351659,20442.0974244972,0.999999999336064
"virus_comp_1144_cycle_1_2","fixed","cond",NA,"onset_timeline_combinedt0-over42",-3.23733862717055,2.89059704724618,-1.11995500384763,0.262732937152207,-8.90280473359088,2.42812747924978,0.93416155431896
"virus_comp_1144_cycle_1_2","fixed","cond",NA,"SexMale",-2.34411104941112,4.55527117456325,-0.514593085588558,0.6068373978436,-11.2722784913686,6.58405639254632,1
"virus_comp_1144_cycle_1_2","fixed","cond",NA,"Age.at.Gluten.Introduction..months.",0.632182818835441,0.482268457776048,1.31085251096602,0.189907597668812,-0.313045989285288,1.57741162695617,0.883719897235668
"virus_comp_1144_cycle_1_2","fixed","cond",NA,"HLA.CategoryHigh Risk",-0.751290866782822,4.75450397629676,-0.158016665992568,0.874443666142901,-10.0699474246769,8.5673656911113,0.999993113296695
"virus_comp_1144_cycle_1_2","fixed","cond",NA,"HLA.CategoryLow/No Risk",-3.33561916251304,10.2695123761156,-0.324807940274837,0.745326434647061,-23.4634935584879,16.7922552334618,0.999999262755209
"virus_comp_1144_cycle_1_2","fixed","cond",NA,"feeding_first_yearFormula",5.6706847568456,5.84781339740591,0.96971027826591,0.332190925754507,-5.7908188903808,17.132188404072,1
"virus_comp_1144_cycle_1_2","fixed","cond",NA,"feeding_first_yearBreastmilk_and_formula",0.338141066328706,4.75526871862113,0.0711087188416042,0.943311229106868,-8.98201435897864,9.65829649163606,0.999998456348986
"virus_comp_1144_cycle_1_2","fixed","cond",NA,"Delivery.ModeC-Section",3.97512777504748,10.1497071163624,0.39164950569255,0.695317203889941,-15.9179326266526,23.8681881767476,1
"virus_comp_1144_cycle_1_2","fixed","cond",NA,"Dx.StatusCELIAC:onset_timeline_combinedt0-6",33.8856254093765,2451125.84440716,1.3824514757859e-05,0.999988969633114,-4804084.49098795,4804152.26223877,1
"virus_comp_1144_cycle_1_2","fixed","cond",NA,"Dx.StatusCELIAC:onset_timeline_combinedt0-12",23.2079636261631,123497.340349622,0.000187922780850675,0.999850059315419,-242027.131308117,242073.547235369,0.999999948577024
"virus_comp_1144_cycle_1_2","fixed","cond",NA,"Dx.StatusCELIAC:onset_timeline_combinedt0-18",22.258258212013,730648.310617684,3.04637099525982e-05,0.999975693476168,-1432022.11591748,1432066.63243391,1
"virus_comp_1144_cycle_1_2","fixed","cond",NA,"Dx.StatusCELIAC:onset_timeline_combinedt0-24",-25.6957435300236,29999.6479580825,-0.00085653483553965,0.999316584162498,-58823.9252902523,58772.5338031922,0.999996294200444
"virus_comp_1144_cycle_1_2","fixed","cond",NA,"Dx.StatusCELIAC:onset_timeline_combinedt0-30",32.0342937194663,338220.053520831,9.47143535281041e-05,0.999924428879747,-662867.089456319,662931.158043758,1
"virus_comp_1144_cycle_1_2","fixed","cond",NA,"Dx.StatusCELIAC:onset_timeline_combinedt0-36",-8.47831671034683,417987.733087274,-2.02836495887706e-05,0.999983815989158,-819249.381147308,819232.424513887,1
"virus_comp_1144_cycle_1_2","fixed","cond",NA,"Dx.StatusCELIAC:onset_timeline_combinedt0-over42",-24.0029641126081,13183.5063916739,-0.0018206813422389,0.99854730726947,-25863.2006817471,25815.1947535219,1
"virus_comp_11746_cycle_1_4","fixed","cond",NA,"(Intercept)",-6.06516290850755,115.575529436198,-0.0524779158537685,0.958147891679201,-232.589038097605,220.45871228059,0.999989040315975
"virus_comp_11746_cycle_1_4","fixed","cond",NA,"Dx.StatusCELIAC",2.36349694986937,125.04498344349,0.01890117367993,0.984919943247763,-242.720167046779,247.447160946517,0.999998120218113
"virus_comp_11746_cycle_1_4","fixed","cond",NA,"onset_timeline_combinedt0-6",-0.800707792739994,21.1340540014887,-0.0378870893716649,0.969777706848308,-42.2226924829824,40.6212768975024,1
"virus_comp_11746_cycle_1_4","fixed","cond",NA,"onset_timeline_combinedt0-12",0.42820640083351,91.5802518154007,0.00467575041938791,0.996269304524018,-179.065788852461,179.922201654128,0.999995349743898
"virus_comp_11746_cycle_1_4","fixed","cond",NA,"onset_timeline_combinedt0-18",-1.82930318683462,35.1656453566914,-0.0520196108525713,0.958513067367632,-70.752701579058,67.0940952053887,0.999999998540549
"virus_comp_11746_cycle_1_4","fixed","cond",NA,"onset_timeline_combinedt0-24",-1.10252708301721,151.285041829501,-0.00728774682337572,0.994185270797894,-297.615760468475,295.41070630244,0.999995842904296
"virus_comp_11746_cycle_1_4","fixed","cond",NA,"onset_timeline_combinedt0-30",-0.927982521325372,368.428356402036,-0.00251875976753738,0.99799032259406,-723.034291952603,721.178326909952,1
"virus_comp_11746_cycle_1_4","fixed","cond",NA,"onset_timeline_combinedt0-36",-0.534591742396122,286.490221763941,-0.00186600345067487,0.998511145520326,-562.045108322613,560.975924837821,0.999999999336064
"virus_comp_11746_cycle_1_4","fixed","cond",NA,"onset_timeline_combinedt0-over42",-0.243964299670117,280.958160094122,-0.000868329645910226,0.999307173268906,-550.911839246787,550.423910647447,1
"virus_comp_11746_cycle_1_4","fixed","cond",NA,"SexMale",-4.05118611150417,589.682916947487,-0.00687010933346224,0.994518488951597,-1159.8084656271,1151.70609340409,1
"virus_comp_11746_cycle_1_4","fixed","cond",NA,"HLA.CategoryHigh Risk",-13.9419526641981,43.1455083152746,-0.323137986052243,0.746590743380901,-98.5055950568097,70.6216897284135,0.999993113296695
"virus_comp_11746_cycle_1_4","fixed","cond",NA,"HLA.CategoryLow/No Risk",-3.16404260529487,1897.89604666312,-0.00166713166975499,0.998669821996044,-3722.97194046595,3716.64385525536,0.999999262755209
"virus_comp_11746_cycle_1_4","fixed","cond",NA,"feeding_first_yearFormula",-1.37111926192798,124.442763746968,-0.0110180714462105,0.991209028771178,-245.274454342611,242.532215818755,1
"virus_comp_11746_cycle_1_4","fixed","cond",NA,"feeding_first_yearBreastmilk_and_formula",-12.1470948132396,55.8119367511657,-0.217643312888365,0.827707034527967,-121.536480752952,97.2422911264726,0.999998456348986
"virus_comp_11746_cycle_1_4","fixed","cond",NA,"Delivery.ModeC-Section",-1.19239757609947,14595.9396887048,-8.16937861850866e-05,0.999934817789362,-28608.7085079562,28606.323712804,1
"virus_comp_11746_cycle_1_4","fixed","cond",NA,"Dx.StatusCELIAC:onset_timeline_combinedt0-6",-0.569273416839185,718.77183583359,-0.000792008518501527,0.999368068697129,-1409.33618475241,1408.19763791873,1
"virus_comp_11746_cycle_1_4","fixed","cond",NA,"Dx.StatusCELIAC:onset_timeline_combinedt0-12",2.03904771787692,91.5805871670093,0.0222650649111743,0.982236516132092,-177.455604812492,181.533700248246,0.999999948577024
"virus_comp_11746_cycle_1_4","fixed","cond",NA,"Dx.StatusCELIAC:onset_timeline_combinedt0-18",-1.00398613953095,2223.78555303029,-0.000451476149830568,0.999639774162717,-4359.54357941938,4357.53560714032,1
"virus_comp_11746_cycle_1_4","fixed","cond",NA,"Dx.StatusCELIAC:onset_timeline_combinedt0-24",0.419543621443841,151.28550125799,0.00277319120441282,0.997787316389985,-296.094590227305,296.933677470193,0.999996294200444
"virus_comp_11746_cycle_1_4","fixed","cond",NA,"Dx.StatusCELIAC:onset_timeline_combinedt0-30",0.137379708175065,368.428495442105,0.000372880246437541,0.999702484615233,-721.969202236629,722.24396165298,1
"virus_comp_11746_cycle_1_4","fixed","cond",NA,"Dx.StatusCELIAC:onset_timeline_combinedt0-36",0.986276554850572,286.490333915812,0.00344261721283901,0.997253194302802,-560.524459838995,562.497012948696,1
"virus_comp_11746_cycle_1_4","fixed","cond",NA,"Dx.StatusCELIAC:onset_timeline_combinedt0-over42",0.388415536573508,280.958232732255,0.00138246718309784,0.99889695113015,-550.27960177867,551.056432851816,1
"virus_comp_12_cycle_1_3","fixed","cond",NA,"(Intercept)",-10.0381703776013,6.12013504001918,-1.64018772657177,0.100966140436276,-22.0334146365605,1.95707388135794,0.174828694877463
"virus_comp_12_cycle_1_3","fixed","cond",NA,"Dx.StatusCELIAC",-1.38604431716416,3.96800273370733,-0.349305282829068,0.726860132822456,-9.16318676578701,6.3910981314587,0.999998120218113
"virus_comp_12_cycle_1_3","fixed","cond",NA,"onset_timeline_combinedt0-6",-1.10962891510055,3.62668410289652,-0.305962384265651,0.759633286192416,-8.21779914008169,5.99854130988058,1
"virus_comp_12_cycle_1_3","fixed","cond",NA,"onset_timeline_combinedt0-12",-25.37524655475,51081.6970773269,-0.000496758095494307,0.999603644401453,-100143.6617873,100092.911294191,0.999995349743898
"virus_comp_12_cycle_1_3","fixed","cond",NA,"onset_timeline_combinedt0-18",-1.68395997713571,3.40160443863494,-0.495048735828755,0.620565719064714,-8.35098216651178,4.98306221224037,0.978632474521225
"virus_comp_12_cycle_1_3","fixed","cond",NA,"onset_timeline_combinedt0-24",-26.5144535504045,92102.9009658231,-0.000287878593099292,0.999770306118353,-180544.883218223,180491.854311122,0.999995842904296
"virus_comp_12_cycle_1_3","fixed","cond",NA,"onset_timeline_combinedt0-30",0.0214283361993255,2.48537736271734,0.00862176364875927,0.993120913123803,-4.84982178271779,4.89267845511644,1
"virus_comp_12_cycle_1_3","fixed","cond",NA,"onset_timeline_combinedt0-36",-0.804471483414915,2.34311344567433,-0.343334414686607,0.731346893351214,-5.39688944862815,3.78794648179832,0.999999999336064
"virus_comp_12_cycle_1_3","fixed","cond",NA,"onset_timeline_combinedt0-over42",0.847908946778128,2.8848802784744,0.293914778060226,0.768823025348857,-4.80635249874158,6.50217039229784,1
"virus_comp_12_cycle_1_3","fixed","cond",NA,"SexMale",-6.77578668615005,4.08237537884579,-1.65976571416266,0.0969615936224501,-14.7770954000608,1.22552202776075,1
"virus_comp_12_cycle_1_3","fixed","cond",NA,"Age.at.Gluten.Introduction..months.",-0.841490310425196,0.807222790967778,-1.04245112977588,0.297202571832177,-2.42361790822194,0.740637287371552,0.883719897235668
"virus_comp_12_cycle_1_3","fixed","cond",NA,"HLA.CategoryHigh Risk",3.09908674847741,2.63000555249651,1.17835749264318,0.238654116367411,-2.05562941355611,8.25380291051093,0.999993113296695
"virus_comp_12_cycle_1_3","fixed","cond",NA,"HLA.CategoryLow/No Risk",2.69137860649171,4.40082109593375,0.611562830622331,0.540827036413646,-5.93407224394253,11.316829456926,0.999999262755209
"virus_comp_12_cycle_1_3","fixed","cond",NA,"feeding_first_yearFormula",1.30199712806128,3.01895970499637,0.431273436974492,0.666269562320862,-4.61505516450926,7.21904942063182,1
"virus_comp_12_cycle_1_3","fixed","cond",NA,"feeding_first_yearBreastmilk_and_formula",5.68813999199582,3.43706159184495,1.65494270032634,0.0979361215191053,-1.04837694066619,12.4246569246578,0.999998456348986
"virus_comp_12_cycle_1_3","fixed","cond",NA,"Delivery.ModeC-Section",3.30928187338887,5.39041189710815,0.613920037384201,0.539268168575708,-7.25573130677931,13.8742950535571,1
"virus_comp_12_cycle_1_3","fixed","cond",NA,"Dx.StatusCELIAC:onset_timeline_combinedt0-6",-32.4227347091433,723634.129624908,-4.48054249817507e-05,0.999964250443179,-1418329.25478352,1418264.4093141,1
"virus_comp_12_cycle_1_3","fixed","cond",NA,"Dx.StatusCELIAC:onset_timeline_combinedt0-12",-6.1764335283292,477815.723869604,-1.29263923721664e-05,0.9999896862311,-936507.786464886,936495.43359783,0.999999948577024
"virus_comp_12_cycle_1_3","fixed","cond",NA,"Dx.StatusCELIAC:onset_timeline_combinedt0-18",3.6931591802578,4.83701114937432,0.763520915335396,0.445152793688148,-5.78720846533456,13.1735268258502,1
"virus_comp_12_cycle_1_3","fixed","cond",NA,"Dx.StatusCELIAC:onset_timeline_combinedt0-24",26.3233977427849,92102.9010215165,0.000285804219528714,0.99977196122893,-180492.045476087,180544.692271572,0.999996294200444
"virus_comp_12_cycle_1_3","fixed","cond",NA,"Dx.StatusCELIAC:onset_timeline_combinedt0-30",-28.6100730060094,149051.877200657,-0.000191947082742835,0.999846848387129,-292164.92121438,292107.701068368,1
"virus_comp_12_cycle_1_3","fixed","cond",NA,"Dx.StatusCELIAC:onset_timeline_combinedt0-36",-27.9831882610667,111610.450028739,-0.000250721937362148,0.99979995283922,-218780.445542898,218724.479166375,1
"virus_comp_12_cycle_1_3","fixed","cond",NA,"Dx.StatusCELIAC:onset_timeline_combinedt0-over42",-1.59486466258105,4.46855392963703,-0.356908451300844,0.721160342584435,-10.3530694276446,7.16334010248245,1
"virus_comp_126_cycle_1_207","fixed","cond",NA,"(Intercept)",-17.171960698906,15.4658777032261,-1.11031271735221,0.266864294861089,-47.4845239865302,13.1406025887182,0.385133698265435
"virus_comp_126_cycle_1_207","fixed","cond",NA,"Dx.StatusCELIAC",-21.47314036452,1342.83988555593,-0.01599084194288,0.987241697833105,-2653.39095305803,2610.44467232899,0.999998120218113
"virus_comp_126_cycle_1_207","fixed","cond",NA,"onset_timeline_combinedt0-6",-8.33270436855304,170.92776843004,-0.0487498575865605,0.961118642472697,-343.344974449233,326.679565712127,1
"virus_comp_126_cycle_1_207","fixed","cond",NA,"onset_timeline_combinedt0-12",1.12256566169596,2.31669938006879,0.48455387494541,0.627992839299105,-3.41808168624513,5.66321300963706,0.999995349743898
"virus_comp_126_cycle_1_207","fixed","cond",NA,"onset_timeline_combinedt0-18",-0.48826331247853,2.75815279044839,-0.17702547667751,0.859488378114003,-5.89414344561602,4.91761682065896,0.999999998540549
"virus_comp_126_cycle_1_207","fixed","cond",NA,"onset_timeline_combinedt0-24",-5.37776529753356,4.02405438064931,-1.33640472737991,0.181417021994155,-13.2647669554368,2.50923636036972,0.509693844437891
"virus_comp_126_cycle_1_207","fixed","cond",NA,"onset_timeline_combinedt0-30",-4.35506489505823,3.38707905562816,-1.28578779046258,0.1985171324696,-10.9936178568794,2.2834880667629,0.496365576054739
"virus_comp_126_cycle_1_207","fixed","cond",NA,"onset_timeline_combinedt0-36",0.290357624517311,3.24286077910193,0.0895374930642941,0.928654758071844,-6.06553270939997,6.64624795843459,0.999999999336064
"virus_comp_126_cycle_1_207","fixed","cond",NA,"onset_timeline_combinedt0-over42",-9.05317270451934,3.99477018054808,-2.26625620382429,0.0234357012448426,-16.8827783849081,-1.22356702413055,0.136353170879084
"virus_comp_126_cycle_1_207","fixed","cond",NA,"SexMale",2.88805941713445,8.97915693013398,0.321640376664111,0.747725151764373,-14.7107647774614,20.4868836117303,1
"virus_comp_126_cycle_1_207","fixed","cond",NA,"Age.at.Gluten.Introduction..months.",-0.617438318458906,1.63513746757082,-0.377606366867845,0.705723034221458,-3.82224886466974,2.58737222775193,0.883719897235668
"virus_comp_126_cycle_1_207","fixed","cond",NA,"HLA.CategoryHigh Risk",-3.5652103405648,6.22003530925287,-0.573181688416017,0.56652168156027,-15.7562555292679,8.62583484813827,0.999993113296695
"virus_comp_126_cycle_1_207","fixed","cond",NA,"HLA.CategoryLow/No Risk",11.3157172964882,15.8552296722156,0.713689901087817,0.475418952507524,-19.7599618276652,42.3913964206415,0.999999262755209
"virus_comp_126_cycle_1_207","fixed","cond",NA,"feeding_first_yearFormula",0.230577842538463,8.18086664199984,0.0281850142079932,0.977514589406562,-15.8036261381063,16.2647818231833,1
"virus_comp_126_cycle_1_207","fixed","cond",NA,"feeding_first_yearBreastmilk_and_formula",1.1014275634365,5.22293103682725,0.210883037832638,0.832978540338781,-9.13532916248135,11.3381842893544,0.999998456348986
"virus_comp_126_cycle_1_207","fixed","cond",NA,"Delivery.ModeC-Section",-4.55391091785687,25.2553684812911,-0.180314570394423,0.8569056176269,-54.0535235574755,44.9457017217618,1
"virus_comp_126_cycle_1_207","fixed","cond",NA,"Dx.StatusCELIAC:onset_timeline_combinedt0-6",-0.0661540691572994,2120888.94584196,-3.11916704959945e-08,0.999999975112648,-4156866.01521342,4156865.88290528,1
"virus_comp_126_cycle_1_207","fixed","cond",NA,"Dx.StatusCELIAC:onset_timeline_combinedt0-12",-5.56001954397954,7823.87596163375,-0.000710647711089034,0.999432985210878,-15340.0751238548,15328.9550847669,0.999999948577024
"virus_comp_126_cycle_1_207","fixed","cond",NA,"Dx.StatusCELIAC:onset_timeline_combinedt0-18",-0.977426886093372,56840.8768159323,-1.71958446253138e-05,0.999986279701064,-111407.048835791,111405.093982019,1
"virus_comp_126_cycle_1_207","fixed","cond",NA,"Dx.StatusCELIAC:onset_timeline_combinedt0-24",0.361471687120517,7262.13902162118,4.97748233742602e-05,0.999960285436929,-14233.1694614133,14233.8924047876,0.999996294200444
"virus_comp_126_cycle_1_207","fixed","cond",NA,"Dx.StatusCELIAC:onset_timeline_combinedt0-30",-0.798345287347276,4058.57622737337,-0.000196705751628558,0.999843051518767,-7955.4615794496,7953.86488887491,1
"virus_comp_126_cycle_1_207","fixed","cond",NA,"Dx.StatusCELIAC:onset_timeline_combinedt0-36",-7.1786809551394,3353.74139013423,-0.00214049925741355,0.998292129994268,-6580.39101907951,6566.03365716923,1
"virus_comp_126_cycle_1_207","fixed","cond",NA,"Dx.StatusCELIAC:onset_timeline_combinedt0-over42",-0.951294195389468,30023.4938105979,-3.1684993138729e-05,0.99997471903317,-58845.9178530285,58844.0152646378,1
"virus_comp_1260_cycle_2_17","fixed","cond",NA,"(Intercept)",-26.2640082765935,5.94374828788333,-4.41876186616687,9.92679508852432e-06,-37.9135408540164,-14.6144756991705,7.51807606425477e-05
"virus_comp_1260_cycle_2_17","fixed","cond",NA,"Dx.StatusCELIAC",-6.07346764424495,4.77961504987569,-1.27070225967317,0.203834591400135,-15.4413410019669,3.29440571347701,0.999998120218113
"virus_comp_1260_cycle_2_17","fixed","cond",NA,"onset_timeline_combinedt0-6",-20.7259161342097,97954.4845002663,-0.00021158721052892,0.999831177832715,-192007.987660843,191966.535828575,1
"virus_comp_1260_cycle_2_17","fixed","cond",NA,"onset_timeline_combinedt0-12",-0.0506973678354975,1.87540193879052,-0.0270328012288358,0.978433571987764,-3.72641762440151,3.62502288873052,0.999995349743898
"virus_comp_1260_cycle_2_17","fixed","cond",NA,"onset_timeline_combinedt0-18",0.696239019457235,2.34478040913184,0.296931438332436,0.766518853691372,-3.89944613409626,5.29192417301073,0.999999998540549
"virus_comp_1260_cycle_2_17","fixed","cond",NA,"onset_timeline_combinedt0-24",-19.2401643404711,1260.68707165653,-0.0152616495980955,0.9878234381051,-2490.14142056254,2451.6610918816,0.999995842904296
"virus_comp_1260_cycle_2_17","fixed","cond",NA,"onset_timeline_combinedt0-30",-15.4912540179557,121.395256383847,-0.127610044077612,0.898457582099717,-253.421584424303,222.439076388391,1
"virus_comp_1260_cycle_2_17","fixed","cond",NA,"onset_timeline_combinedt0-36",-17.013702855396,375.098698531369,-0.0453579362498724,0.963822008467348,-752.193642624727,718.166236913935,0.999999999336064
"virus_comp_1260_cycle_2_17","fixed","cond",NA,"onset_timeline_combinedt0-over42",-19.4776902281443,886.383192015066,-0.021974345185703,0.982468420171648,-1756.75682307933,1717.80144262304,1
"virus_comp_1260_cycle_2_17","fixed","cond",NA,"SexMale",-2.95802543131339,4.51809590918185,-0.654706206059498,0.512656928771377,-11.8133306920076,5.89727982938079,1
"virus_comp_1260_cycle_2_17","fixed","cond",NA,"Age.at.Gluten.Introduction..months.",0.408516363616056,0.394251333038186,1.03618258045684,0.300116971857105,-0.364202049995694,1.18123477722781,0.883719897235668
"virus_comp_1260_cycle_2_17","fixed","cond",NA,"HLA.CategoryHigh Risk",-0.958342872031854,3.88931201609958,-0.246404214438145,0.805369344148776,-8.58125434822589,6.66456860416219,0.999993113296695
"virus_comp_1260_cycle_2_17","fixed","cond",NA,"HLA.CategoryLow/No Risk",-4.5370855857003,7.81849670847116,-0.580301527886361,0.561711297268135,-19.8610575475487,10.7868863761481,0.999999262755209
"virus_comp_1260_cycle_2_17","fixed","cond",NA,"feeding_first_yearFormula",3.03510069771896,6.85020240173582,0.443067302208454,0.657717054997048,-10.391049296493,16.461250691931,1
"virus_comp_1260_cycle_2_17","fixed","cond",NA,"feeding_first_yearBreastmilk_and_formula",6.02415617726338,4.03680581220728,1.4923076455762,0.135618513342896,-1.88783782724484,13.9361501817716,0.999998456348986
"virus_comp_1260_cycle_2_17","fixed","cond",NA,"Delivery.ModeC-Section",-12.94754093622,1609.65541013997,-0.00804367248707856,0.99358214711704,-3167.8141723306,3141.91909045816,1
"virus_comp_1260_cycle_2_17","fixed","cond",NA,"Dx.StatusCELIAC:onset_timeline_combinedt0-6",-1.91652335517388,1241135.42356892,-1.54416941034755e-06,0.999998767931068,-2432582.6466553,2432578.81360859,1
"virus_comp_1260_cycle_2_17","fixed","cond",NA,"Dx.StatusCELIAC:onset_timeline_combinedt0-12",-23.5437774098652,23816.2234442875,-0.000988560485458174,0.999211242979702,-46702.4839759717,46655.396421152,0.999999948577024
"virus_comp_1260_cycle_2_17","fixed","cond",NA,"Dx.StatusCELIAC:onset_timeline_combinedt0-18",-8.79882465515125,1140.13497498652,-0.00771735351356562,0.993842503902221,-2243.4223131432,2225.8246638329,1
"virus_comp_1260_cycle_2_17","fixed","cond",NA,"Dx.StatusCELIAC:onset_timeline_combinedt0-24",23.2379013477069,1260.68987725079,0.0184326865528438,0.985293676769788,-2447.66885373806,2494.14465643347,0.999996294200444
"virus_comp_1260_cycle_2_17","fixed","cond",NA,"Dx.StatusCELIAC:onset_timeline_combinedt0-30",-3.60419331810371,818.021360463579,-0.00440598924710375,0.996484540578794,-1606.89659841118,1599.68821177497,1
"virus_comp_1260_cycle_2_17","fixed","cond",NA,"Dx.StatusCELIAC:onset_timeline_combinedt0-36",18.4165578132568,375.109559955038,0.0490964768145721,0.960842411118055,-716.784669955284,753.617785581798,1
"virus_comp_1260_cycle_2_17","fixed","cond",NA,"Dx.StatusCELIAC:onset_timeline_combinedt0-over42",21.0584180500087,886.38540938993,0.0237576316429921,0.981045935552417,-1716.22506077605,1758.34189687606,1
"virus_comp_14463_cycle_1_1","fixed","cond",NA,"(Intercept)",-27.0883994032092,6.87377017455064,-3.94083577357604,8.11982045274114e-05,-40.560741383334,-13.6160574230843,0.000332650708870363
"virus_comp_14463_cycle_1_1","fixed","cond",NA,"Dx.StatusCELIAC",0.211151899820542,5.65135941480194,0.0373630279588123,0.970195551489214,-10.8653090168826,11.2876128165237,0.999998120218113
"virus_comp_14463_cycle_1_1","fixed","cond",NA,"onset_timeline_combinedt0-6",2.06163888791247,2.47666125702259,0.832426672023346,0.40516815220417,-2.79252797775751,6.91580575358245,1
"virus_comp_14463_cycle_1_1","fixed","cond",NA,"onset_timeline_combinedt0-12",-3.12295036077823,2.63425251624118,-1.18551670408362,0.235813214150379,-8.28599041879496,2.0400896972385,0.623922462439543
"virus_comp_14463_cycle_1_1","fixed","cond",NA,"onset_timeline_combinedt0-18",-8.5053772497618,3.7502083006808,-2.26797462109445,0.0233307535623073,-15.8556504536193,-1.15510404590426,0.442474719107883
"virus_comp_14463_cycle_1_1","fixed","cond",NA,"onset_timeline_combinedt0-24",-12.0275116554619,3.54038563059105,-3.39723208441955,0.000680712078378203,-18.9665399828035,-5.08848332812028,0.00969241972997158
"virus_comp_14463_cycle_1_1","fixed","cond",NA,"onset_timeline_combinedt0-30",-7.91848747972895,3.1637764375203,-2.50285936320308,0.0123194486569661,-14.1193753524052,-1.71759960705274,0.112865062649098
"virus_comp_14463_cycle_1_1","fixed","cond",NA,"onset_timeline_combinedt0-36",-6.93663244443917,2.56080857170365,-2.70876648925944,0.00675338524834975,-11.9557250162798,-1.91753987259857,0.0714733272117015
"virus_comp_14463_cycle_1_1","fixed","cond",NA,"onset_timeline_combinedt0-over42",-7.89870707844616,1.87056901929037,-4.22262263353568,2.41475934374482e-05,-11.5649549868517,-4.23245917004062,0.00154544597999668
"virus_comp_14463_cycle_1_1","fixed","cond",NA,"SexMale",2.82327272082069,5.6879880868508,0.496357003163804,0.619642555137011,-8.32497907389977,13.9715245155411,1
"virus_comp_14463_cycle_1_1","fixed","cond",NA,"Age.at.Gluten.Introduction..months.",0.187018616675626,0.520761401555981,0.35912534246362,0.719501323927707,-0.833654974912697,1.20769220826395,0.883719897235668
"virus_comp_14463_cycle_1_1","fixed","cond",NA,"HLA.CategoryHigh Risk",3.83374125286753,4.96375557601657,0.772346904305895,0.439908992085614,-5.89504090418483,13.5625234099199,0.999993113296695
"virus_comp_14463_cycle_1_1","fixed","cond",NA,"HLA.CategoryLow/No Risk",1.43643114775702,6.27298193655437,0.228986973386062,0.818879040887748,-10.8583875235598,13.7312498190739,0.999999262755209
"virus_comp_14463_cycle_1_1","fixed","cond",NA,"feeding_first_yearFormula",-3.44524412310426,6.88482673458765,-0.500411158612926,0.616785597833836,-16.9392565626946,10.048768316486,1
"virus_comp_14463_cycle_1_1","fixed","cond",NA,"feeding_first_yearBreastmilk_and_formula",-1.25668686170191,4.92162018424608,-0.25534007393023,0.798460450949645,-10.9028851684096,8.38951144500579,0.999998456348986
"virus_comp_14463_cycle_1_1","fixed","cond",NA,"Delivery.ModeC-Section",19.0181721084274,13.2530102411919,1.43500772747588,0.151284895582701,-6.95725065104919,44.993594867904,0.938899283384921
"virus_comp_14463_cycle_1_1","fixed","cond",NA,"Dx.StatusCELIAC:onset_timeline_combinedt0-6",-2.23313606553786,4.0133570031033,-0.55642597053068,0.577919689117323,-10.0991712487219,5.63289911764622,1
"virus_comp_14463_cycle_1_1","fixed","cond",NA,"Dx.StatusCELIAC:onset_timeline_combinedt0-12",6.33880504382141,3.16285314744911,2.00414143443042,0.0450549120185132,0.139726786432007,12.5378833012108,0.228878953054047
"virus_comp_14463_cycle_1_1","fixed","cond",NA,"Dx.StatusCELIAC:onset_timeline_combinedt0-18",11.2369837930336,4.33066857874389,2.59474572775848,0.00946609204964814,2.7490293497163,19.7249382363509,0.36681267934398
"virus_comp_14463_cycle_1_1","fixed","cond",NA,"Dx.StatusCELIAC:onset_timeline_combinedt0-24",11.6684798266541,4.07470571769493,2.86363743422802,0.00418807086000976,3.68220337237266,19.6547562809356,0.0590983332468044
"virus_comp_14463_cycle_1_1","fixed","cond",NA,"Dx.StatusCELIAC:onset_timeline_combinedt0-30",9.18810960931767,3.78365785947314,2.42836692707651,0.0151669899153416,1.7722764749284,16.6039427437069,0.267760378847548
"virus_comp_14463_cycle_1_1","fixed","cond",NA,"Dx.StatusCELIAC:onset_timeline_combinedt0-36",4.8916286992797,3.48667924251581,1.40294772161208,0.160632428854104,-1.94213704169469,11.7253944402541,0.892693207903869
"virus_comp_14463_cycle_1_1","fixed","cond",NA,"Dx.StatusCELIAC:onset_timeline_combinedt0-over42",5.53651606840923,2.90059571530086,1.90875137793375,0.0562941718784396,-0.148547067291641,11.2215792041101,0.796035461907399
"virus_comp_150_cycle_1_151","fixed","cond",NA,"(Intercept)",-21.5966168640749,1187.28521608792,-0.018189914749579,0.985487348170842,-2348.63287977326,2305.43964604511,0.999989040315975
"virus_comp_150_cycle_1_151","fixed","cond",NA,"Dx.StatusCELIAC",-21.2718098341191,1531.28026840207,-0.0138915195820533,0.988916527471458,-3022.525986139,2979.98236647076,0.999998120218113
"virus_comp_150_cycle_1_151","fixed","cond",NA,"onset_timeline_combinedt0-6",-7.46379042252568,209.426434194715,-0.035639199278856,0.9715700516585,-417.932058854814,403.004478009763,1
"virus_comp_150_cycle_1_151","fixed","cond",NA,"onset_timeline_combinedt0-12",-5.16387016733414,3.27891887357951,-1.57486975629162,0.115286510886742,-11.5904330677786,1.26269273311034,0.373802828384133
"virus_comp_150_cycle_1_151","fixed","cond",NA,"onset_timeline_combinedt0-18",-5.47117588163239,3.78479321795814,-1.44556797863426,0.148298413445838,-12.8892342777618,1.94688251449702,0.486722997976084
"virus_comp_150_cycle_1_151","fixed","cond",NA,"onset_timeline_combinedt0-24",-6.23767176995565,3.34743887551244,-1.86341618231961,0.0624037350319472,-12.7985314064093,0.323187866497989,0.240159828759312
"virus_comp_150_cycle_1_151","fixed","cond",NA,"onset_timeline_combinedt0-30",-5.7286765757136,3.774782732495,-1.5176175641577,0.129110836423646,-13.1271147808675,1.66976162944029,0.403077733225041
"virus_comp_150_cycle_1_151","fixed","cond",NA,"onset_timeline_combinedt0-36",-5.77226633932756,3.30381694922493,-1.74715077379869,0.0806111880067407,-12.2476285713214,0.70309589266629,0.30110649637812
"virus_comp_150_cycle_1_151","fixed","cond",NA,"onset_timeline_combinedt0-over42",0.422375161469825,1.59330750031263,0.265093311483784,0.790937579737169,-2.70045015544047,3.54520047838012,1
"virus_comp_150_cycle_1_151","fixed","cond",NA,"SexMale",4.31864288475836,8.9428801784144,0.482914094631654,0.629156733619736,-13.209080182991,21.8463659525077,1
"virus_comp_150_cycle_1_151","fixed","cond",NA,"Age.at.Gluten.Introduction..months.",-2.70782526426352,2.90572588344263,-0.931892880774893,0.35139188718783,-8.40294334475691,2.98729281622986,0.883719897235668
"virus_comp_150_cycle_1_151","fixed","cond",NA,"HLA.CategoryHigh Risk",20.7615870284551,1187.19871659834,0.0174878785987429,0.986047402846085,-2306.10513999647,2347.62831405338,0.999993113296695
"virus_comp_150_cycle_1_151","fixed","cond",NA,"HLA.CategoryLow/No Risk",9.3630640913648,1209.02275799839,0.00774432410756763,0.993820985124726,-2360.27799807475,2379.00412625748,0.999999262755209
"virus_comp_150_cycle_1_151","fixed","cond",NA,"feeding_first_yearFormula",-0.350354828012433,9.6223817706939,-0.0364104061095851,0.970955116806842,-19.2098765440672,18.5091668880424,1
"virus_comp_150_cycle_1_151","fixed","cond",NA,"feeding_first_yearBreastmilk_and_formula",0.118491590406154,8.41931262622377,0.0140737843653751,0.988771115430849,-16.3830579315758,16.6200411123881,0.999998456348986
"virus_comp_150_cycle_1_151","fixed","cond",NA,"Delivery.ModeC-Section",29.3892802698786,230.265320303271,0.127632247145039,0.898440010296618,-421.922454413113,480.70101495287,1
"virus_comp_150_cycle_1_151","fixed","cond",NA,"Dx.StatusCELIAC:onset_timeline_combinedt0-6",0.0603679130830834,2207862.89976205,2.73422380934928e-08,0.99999997818405,-4327331.70596786,4327331.82670369,1
"virus_comp_150_cycle_1_151","fixed","cond",NA,"Dx.StatusCELIAC:onset_timeline_combinedt0-12",-8.16545447068733,1737325.38518588,-4.70001448221151e-06,0.999996249931009,-3405103.34984597,3405087.01893703,0.999999948577024
"virus_comp_150_cycle_1_151","fixed","cond",NA,"Dx.StatusCELIAC:onset_timeline_combinedt0-18",-1.97680578201957,400794.269873939,-4.93222066932577e-06,0.999996064657278,-785544.31096873,785540.357357165,1
"virus_comp_150_cycle_1_151","fixed","cond",NA,"Dx.StatusCELIAC:onset_timeline_combinedt0-24",22.9535140835171,1531.27217203651,0.0149898329654813,0.988040291590803,-2978.28479363647,3024.19182180351,0.999996294200444
"virus_comp_150_cycle_1_151","fixed","cond",NA,"Dx.StatusCELIAC:onset_timeline_combinedt0-30",22.3261103277345,1531.27345539107,0.0145800936136731,0.988367180561155,-2978.91471272096,3023.56693337643,1
"virus_comp_150_cycle_1_151","fixed","cond",NA,"Dx.StatusCELIAC:onset_timeline_combinedt0-36",-10.7760416846803,4044228.87934871,-2.66454792895294e-06,0.999997873998346,-7926553.72480193,7926532.17271856,1
"virus_comp_150_cycle_1_151","fixed","cond",NA,"Dx.StatusCELIAC:onset_timeline_combinedt0-over42",-12.6642219680368,160652.952730171,-7.88296869296101e-05,0.999937103009931,-314886.665583118,314861.337139182,1
"virus_comp_150_cycle_1_2","fixed","cond",NA,"(Intercept)",-27.9851189424611,28180.597058443,-0.000993063379190424,0.999207650192078,-55260.9404163261,55204.9701784412,0.999989040315975
"virus_comp_150_cycle_1_2","fixed","cond",NA,"Dx.StatusCELIAC",-6.35666009248747,8.00278974616464,-0.794305522712742,0.427017589713682,-22.0418397708166,9.32851958584165,0.999998120218113
"virus_comp_150_cycle_1_2","fixed","cond",NA,"onset_timeline_combinedt0-6",-8.76099095682769,430.707047075309,-0.0203409510392707,0.98377138833105,-852.93129111203,835.409309198374,1
"virus_comp_150_cycle_1_2","fixed","cond",NA,"onset_timeline_combinedt0-12",-3.21163408290386,3.86428251150039,-0.831107475539327,0.405912917029987,-10.7854886315326,4.36222046572489,0.937289826596516
"virus_comp_150_cycle_1_2","fixed","cond",NA,"onset_timeline_combinedt0-18",-8.7586321060444,4.18275941937289,-2.09398419270252,0.0362613884031213,-16.9566899240109,-0.560574288077879,0.442474719107883
"virus_comp_150_cycle_1_2","fixed","cond",NA,"onset_timeline_combinedt0-24",-8.44754536899111,3.89283553369,-2.17002370017511,0.0300050505698512,-16.0773628127613,-0.817727925220954,0.131401428357624
"virus_comp_150_cycle_1_2","fixed","cond",NA,"onset_timeline_combinedt0-30",-8.57527034039233,4.18206736819881,-2.05048594042273,0.0403170343965559,-16.7719717629822,-0.378568917802456,0.207061622603536
"virus_comp_150_cycle_1_2","fixed","cond",NA,"onset_timeline_combinedt0-36",-8.85878853926411,3.65274868921926,-2.42523898931509,0.0152983120759967,-16.0180444147097,-1.69953266381848,0.102257138613241
"virus_comp_150_cycle_1_2","fixed","cond",NA,"onset_timeline_combinedt0-over42",-3.07874567173651,1.51379626972671,-2.03379129233309,0.0419726428611307,-6.04573184033194,-0.111759503141072,0.223854095259364
"virus_comp_150_cycle_1_2","fixed","cond",NA,"SexMale",4.52383865815984,24.321942517905,0.185998246432395,0.852446136479011,-43.1462927109874,52.193970027307,1
"virus_comp_150_cycle_1_2","fixed","cond",NA,"Age.at.Gluten.Introduction..months.",-3.02283216561546,4.8183664559228,-0.627356219844956,0.530425758866901,-12.46665688354,6.42099255230912,0.883719897235668
"virus_comp_150_cycle_1_2","fixed","cond",NA,"HLA.CategoryHigh Risk",28.0337988572662,28180.5937720784,0.000994790921866321,0.99920627181313,-55204.9150573702,55260.9826550847,0.999993113296695
"virus_comp_150_cycle_1_2","fixed","cond",NA,"HLA.CategoryLow/No Risk",11.2705418163723,28448.0555170216,0.000396179690018839,0.9996838943503,-55745.893701742,55768.4347853747,0.999999262755209
"virus_comp_150_cycle_1_2","fixed","cond",NA,"feeding_first_yearFormula",-2.87069022145409,25.3439843561365,-0.113269096962609,0.909817216587379,-52.5439867842282,46.80260634132,1
"virus_comp_150_cycle_1_2","fixed","cond",NA,"feeding_first_yearBreastmilk_and_formula",1.08364504718166,24.3647054015369,0.044476016817068,0.964524968862582,-46.6703000337592,48.8375901281225,0.999998456348986
"virus_comp_150_cycle_1_2","fixed","cond",NA,"Delivery.ModeC-Section",39.1192998838007,3892.0587562473,0.0100510558379955,0.99198055275306,-7589.17568807465,7667.41428784225,1
"virus_comp_150_cycle_1_2","fixed","cond",NA,"Dx.StatusCELIAC:onset_timeline_combinedt0-6",-0.416798421936267,2711.26808032161,-0.000153728222215056,0.999877342625418,-5314.40458828533,5313.57099144146,1
"virus_comp_150_cycle_1_2","fixed","cond",NA,"Dx.StatusCELIAC:onset_timeline_combinedt0-12",-22.187574375074,27922.0031139882,-0.000794626885631947,0.999365979543079,-54748.3080540071,54703.932905257,0.999999948577024
"virus_comp_150_cycle_1_2","fixed","cond",NA,"Dx.StatusCELIAC:onset_timeline_combinedt0-18",-0.303643608922219,601.04233238848,-0.00050519504627165,0.999596912689532,-1178.3249682743,1177.71768105645,1
"virus_comp_150_cycle_1_2","fixed","cond",NA,"Dx.StatusCELIAC:onset_timeline_combinedt0-24",10.2307250710947,4.66727665449063,2.1920117079949,0.0283786612487479,1.08303092240851,19.378419219781,0.167811179124823
"virus_comp_150_cycle_1_2","fixed","cond",NA,"Dx.StatusCELIAC:onset_timeline_combinedt0-30",10.0121465129374,4.93546767174629,2.02861150732548,0.0424978755642724,0.338807629452926,19.6854853964219,0.348174798080196
"virus_comp_150_cycle_1_2","fixed","cond",NA,"Dx.StatusCELIAC:onset_timeline_combinedt0-36",-15.8732430745342,7763.3450871693,-0.00204463963617543,0.998368614738572,-15231.7500134823,15200.0035273333,1
"virus_comp_150_cycle_1_2","fixed","cond",NA,"Dx.StatusCELIAC:onset_timeline_combinedt0-over42",-11.6861437772084,280.883603021709,-0.0416049340420386,0.966813639852658,-562.207889547604,538.835601993187,1
"virus_comp_150_cycle_1_78","fixed","cond",NA,"(Intercept)",-28.3927863387904,96926.4308058611,-0.000292931309888629,0.999766274633807,-190000.70631584,189943.920743163,0.999989040315975
"virus_comp_150_cycle_1_78","fixed","cond",NA,"Dx.StatusCELIAC",-6.81715065550479,7.24639859256798,-0.940763962735444,0.346825832363833,-21.0198309145598,7.38552960355017,0.999998120218113
"virus_comp_150_cycle_1_78","fixed","cond",NA,"onset_timeline_combinedt0-6",-7.52711180091349,190.02220098549,-0.0396117493738969,0.968402660146138,-379.963781995505,364.909558393678,1
"virus_comp_150_cycle_1_78","fixed","cond",NA,"onset_timeline_combinedt0-12",-5.84125967286672,3.74601484664147,-1.55932635400625,0.118919157230403,-13.1833138578363,1.5007945121029,0.373802828384133
"virus_comp_150_cycle_1_78","fixed","cond",NA,"onset_timeline_combinedt0-18",-6.09295100326284,4.33352430188963,-1.40600365402497,0.159723039731007,-14.5865025610956,2.40060055456991,0.511113727139224
"virus_comp_150_cycle_1_78","fixed","cond",NA,"onset_timeline_combinedt0-24",-6.19530495358063,3.7629859734391,-1.64638002833653,0.0996855422743203,-13.5706219358507,1.18001202868941,0.333159575495755
"virus_comp_150_cycle_1_78","fixed","cond",NA,"onset_timeline_combinedt0-30",-5.31996862007892,4.31261324631901,-1.23358351797944,0.217358137813935,-13.7725352621146,3.13259802195671,0.524940408305353
"virus_comp_150_cycle_1_78","fixed","cond",NA,"onset_timeline_combinedt0-36",-5.49235802495656,3.84289807162987,-1.42922292566222,0.152940170419929,-13.0242998416095,2.03958379169641,0.473741503495877
"virus_comp_150_cycle_1_78","fixed","cond",NA,"onset_timeline_combinedt0-over42",0.223807434220112,1.73194164461879,0.12922342673351,0.897180859768371,-3.17073581255779,3.61835068099802,1
"virus_comp_150_cycle_1_78","fixed","cond",NA,"SexMale",3.83163367683682,14.1851115491128,0.270116570008677,0.787070574755872,-23.9706740761074,31.633941429781,1
"virus_comp_150_cycle_1_78","fixed","cond",NA,"Age.at.Gluten.Introduction..months.",-3.19577932789134,3.58178013581242,-0.892232132268072,0.372268522659038,-10.2159393946247,3.82438073884199,0.883719897235668
"virus_comp_150_cycle_1_78","fixed","cond",NA,"HLA.CategoryHigh Risk",31.2823913074699,96926.4299565542,0.000322743665700797,0.999742487816511,-189941.029473583,190003.594256198,0.999993113296695
"virus_comp_150_cycle_1_78","fixed","cond",NA,"HLA.CategoryLow/No Risk",11.1624691549995,98463.0831084466,0.000113367048873589,0.999909546182194,-192972.934230174,192995.259168485,0.999999262755209
"virus_comp_150_cycle_1_78","fixed","cond",NA,"feeding_first_yearFormula",-2.5229995758679,15.2556380583298,-0.165381452170091,0.868643751673198,-32.4235007313729,27.3775015796371,1
"virus_comp_150_cycle_1_78","fixed","cond",NA,"feeding_first_yearBreastmilk_and_formula",1.60875269689798,14.3765823366046,0.11190091352949,0.910901972262477,-26.5688309036216,29.7863362974176,0.999998456348986
"virus_comp_150_cycle_1_78","fixed","cond",NA,"Delivery.ModeC-Section",40.7868422842214,17348.0140001715,0.00235109576714766,0.998124098714645,-33960.6958013485,34042.2694859169,1
"virus_comp_150_cycle_1_78","fixed","cond",NA,"Dx.StatusCELIAC:onset_timeline_combinedt0-6",-1.7795921077143,1694.65657244543,-0.00105011961517743,0.999162125926048,-3323.24544026484,3319.68625604942,1
"virus_comp_150_cycle_1_78","fixed","cond",NA,"Dx.StatusCELIAC:onset_timeline_combinedt0-12",-9.47138833696188,750.394532482846,-0.0126218781280611,0.989929465706498,-1480.21764619911,1461.27486952519,0.999999948577024
"virus_comp_150_cycle_1_78","fixed","cond",NA,"Dx.StatusCELIAC:onset_timeline_combinedt0-18",-1.934488001509,260.251056408726,-0.00743316099540004,0.99406925021804,-512.017185501113,508.148209498095,1
"virus_comp_150_cycle_1_78","fixed","cond",NA,"Dx.StatusCELIAC:onset_timeline_combinedt0-24",7.5471155997292,4.7789066085751,1.57925572058406,0.114277413850403,-1.81936923855845,16.9136004380168,0.42685975173533
"virus_comp_150_cycle_1_78","fixed","cond",NA,"Dx.StatusCELIAC:onset_timeline_combinedt0-30",6.84640741985191,5.2727992053134,1.29843886582155,0.194136570997363,-3.48808912027377,17.1809039599776,0.671607596963851
"virus_comp_150_cycle_1_78","fixed","cond",NA,"Dx.StatusCELIAC:onset_timeline_combinedt0-36",-15.4115334095542,4780.65962386965,-0.00322372530614917,0.997427843805103,-9385.33221853888,9354.50915171977,1
"virus_comp_150_cycle_1_78","fixed","cond",NA,"Dx.StatusCELIAC:onset_timeline_combinedt0-over42",-18.8120324987493,1836.50185033224,-0.0102434051429603,0.99182708811363,-3618.2895166911,3580.6654516936,1
"virus_comp_15228_cycle_1_1","fixed","cond",NA,"(Intercept)",-25.4011111816059,5.86936860275964,-4.32774168752374,1.50645998769766e-05,-36.904862255005,-13.8973601082068,0.000100694957072423
"virus_comp_15228_cycle_1_1","fixed","cond",NA,"Dx.StatusCELIAC",0.386525592080879,4.54047693445919,0.0851288526866876,0.932158952432212,-8.51264567209395,9.28569685625571,0.999998120218113
"virus_comp_15228_cycle_1_1","fixed","cond",NA,"onset_timeline_combinedt0-6",1.83907177042133,2.7601114848032,0.666303437577436,0.505217168804876,-3.5706473331083,7.24879087395096,1
"virus_comp_15228_cycle_1_1","fixed","cond",NA,"onset_timeline_combinedt0-12",-0.453021904098935,2.53561914513442,-0.178663229045354,0.858202143525165,-5.42274410707264,4.51670029887477,0.999995349743898
"virus_comp_15228_cycle_1_1","fixed","cond",NA,"onset_timeline_combinedt0-18",-6.07259701318616,3.78972424249983,-1.60238492951151,0.109070515320937,-13.5003200398242,1.35512601345185,0.476191885638561
"virus_comp_15228_cycle_1_1","fixed","cond",NA,"onset_timeline_combinedt0-24",-9.62127668843691,3.32975427410961,-2.88948549844858,0.00385872804380839,-16.1474751430601,-3.09507823381377,0.0272254700868703
"virus_comp_15228_cycle_1_1","fixed","cond",NA,"onset_timeline_combinedt0-30",-8.18238541346968,3.27363780998096,-2.49947791674525,0.0124376450645249,-14.5985976194609,-1.76617320747843,0.112865062649098
"virus_comp_15228_cycle_1_1","fixed","cond",NA,"onset_timeline_combinedt0-36",-6.31889837129126,2.76828507703686,-2.28260392100041,0.0224537097922596,-11.7446374212232,-0.893159321359319,0.123983527983346
"virus_comp_15228_cycle_1_1","fixed","cond",NA,"onset_timeline_combinedt0-over42",-4.70591429189833,1.4914390458926,-3.15528435765333,0.00160341747007785,-7.6290811069846,-1.78274747681205,0.0227889079231887
"virus_comp_15228_cycle_1_1","fixed","cond",NA,"SexMale",6.57860619260093,5.31208922097572,1.23842163016091,0.215559764431417,-3.83289736317491,16.9901097483768,1
"virus_comp_15228_cycle_1_1","fixed","cond",NA,"Age.at.Gluten.Introduction..months.",0.400533866177318,0.388503232472175,1.03096662446948,0.302556471324398,-0.360918477345536,1.16198620970017,0.883719897235668
"virus_comp_15228_cycle_1_1","fixed","cond",NA,"HLA.CategoryHigh Risk",2.63693270891048,3.89530796269215,0.676951022657533,0.498437029828941,-4.99773060665822,10.2715960244792,0.999993113296695
"virus_comp_15228_cycle_1_1","fixed","cond",NA,"HLA.CategoryLow/No Risk",-2.68153730301692,6.24636899009988,-0.429295372602386,0.66770828394275,-14.9241955577605,9.56112095172667,0.999999262755209
"virus_comp_15228_cycle_1_1","fixed","cond",NA,"feeding_first_yearFormula",-2.349078463232,5.1088990464399,-0.459801307851039,0.645658844383787,-12.3623365949052,7.66417966844124,1
"virus_comp_15228_cycle_1_1","fixed","cond",NA,"feeding_first_yearBreastmilk_and_formula",-2.46324560231287,4.45430292390153,-0.553003611203728,0.580260937384876,-11.1935189093913,6.26702770476559,0.999998456348986
"virus_comp_15228_cycle_1_1","fixed","cond",NA,"Delivery.ModeC-Section",16.7238220391973,9.56273945700699,1.74885262893397,0.0803164967819551,-2.0188028900765,35.4664469684711,0.938899283384921
"virus_comp_15228_cycle_1_1","fixed","cond",NA,"Dx.StatusCELIAC:onset_timeline_combinedt0-6",-2.84696118935589,4.16997100932401,-0.682729252311374,0.494777941812964,-11.0199541842071,5.32603180549531,1
"virus_comp_15228_cycle_1_1","fixed","cond",NA,"Dx.StatusCELIAC:onset_timeline_combinedt0-12",3.65885692509263,2.97171824281837,1.23122605379391,0.218238329590844,-2.16560380303202,9.48331765321728,0.692906696450929
"virus_comp_15228_cycle_1_1","fixed","cond",NA,"Dx.StatusCELIAC:onset_timeline_combinedt0-18",8.69621516240915,4.28866508281068,2.02772074631435,0.0425887570222152,0.290586058345728,17.1018442664726,0.36681267934398
"virus_comp_15228_cycle_1_1","fixed","cond",NA,"Dx.StatusCELIAC:onset_timeline_combinedt0-24",9.69038513732347,3.78558430767495,2.55981226403465,0.010472872149293,2.27077623384058,17.1099940408064,0.0950039116400153
"virus_comp_15228_cycle_1_1","fixed","cond",NA,"Dx.StatusCELIAC:onset_timeline_combinedt0-30",7.82071271869488,3.8596622170738,2.02626869369521,0.0427372575566021,0.255913780740227,15.3855116566495,0.348174798080196
"virus_comp_15228_cycle_1_1","fixed","cond",NA,"Dx.StatusCELIAC:onset_timeline_combinedt0-36",6.04610401975857,3.46409268215889,1.7453643924996,0.0809214597108521,-0.743392876381614,12.8356009158988,0.845557104494205
"virus_comp_15228_cycle_1_1","fixed","cond",NA,"Dx.StatusCELIAC:onset_timeline_combinedt0-over42",4.32313030364057,2.48490575700391,1.73975624284965,0.0819018288753745,-0.547195485063324,9.19345609234447,0.920425112758702
"virus_comp_15228_cycle_1_2","fixed","cond",NA,"(Intercept)",-28.2738674929831,7.35069597380559,-3.8464204741616,0.00011985600838293,-42.6809668629456,-13.8667681230205,0.000395906119947093
"virus_comp_15228_cycle_1_2","fixed","cond",NA,"Dx.StatusCELIAC",-1.27391870548926,6.27446122530145,-0.203032365608101,0.839109734922658,-13.5716367294732,11.0237993184946,0.999998120218113
"virus_comp_15228_cycle_1_2","fixed","cond",NA,"onset_timeline_combinedt0-6",2.09823752956302,2.67722214923826,0.783736803522271,0.433194562501342,-3.14902146155688,7.34549652068292,1
"virus_comp_15228_cycle_1_2","fixed","cond",NA,"onset_timeline_combinedt0-12",-7.49132865206438,3.27804529046929,-2.28530358437845,0.0222950329135687,-13.9161793610753,-1.06647794305342,0.198256561116725
"virus_comp_15228_cycle_1_2","fixed","cond",NA,"onset_timeline_combinedt0-18",-6.16338775535145,4.67180762273747,-1.31927259276571,0.18707799702203,-15.3199624386166,2.99318692791367,0.548370048622822
"virus_comp_15228_cycle_1_2","fixed","cond",NA,"onset_timeline_combinedt0-24",-28.4157749654771,3463.61311587629,-0.00820408458301151,0.993454161005912,-6816.97273846356,6760.14118853261,0.999995842904296
"virus_comp_15228_cycle_1_2","fixed","cond",NA,"onset_timeline_combinedt0-30",-7.9898939074571,4.17815398336447,-1.91230240418837,0.0558374176442316,-16.178925236714,0.199137421799833,0.220939653691551
"virus_comp_15228_cycle_1_2","fixed","cond",NA,"onset_timeline_combinedt0-36",-6.37837607281383,4.04295520469206,-1.57765192783026,0.114645595763039,-14.302422665119,1.54567051949137,0.383157648997526
"virus_comp_15228_cycle_1_2","fixed","cond",NA,"onset_timeline_combinedt0-over42",-9.41061988902562,3.19677958559494,-2.94378127645427,0.00324229049808422,-15.6761927433046,-3.14504703474667,0.0303650000880504
"virus_comp_15228_cycle_1_2","fixed","cond",NA,"SexMale",1.2966243830483,4.28004406175367,0.302946503433199,0.761930630913417,-7.09210783023342,9.68535659633003,1
"virus_comp_15228_cycle_1_2","fixed","cond",NA,"Age.at.Gluten.Introduction..months.",0.190234557724235,0.5081648003172,0.374356030967688,0.708139450783593,-0.805750149108466,1.18621926455693,0.883719897235668
"virus_comp_15228_cycle_1_2","fixed","cond",NA,"HLA.CategoryHigh Risk",3.5723013802354,4.27126062198272,0.836357622817484,0.402953745192369,-4.79921560743489,11.9438183679057,0.999993113296695
"virus_comp_15228_cycle_1_2","fixed","cond",NA,"HLA.CategoryLow/No Risk",1.1216816867129,6.28559958711211,0.178452615564755,0.8583675311215,-11.1978671252667,13.4412304986925,0.999999262755209
"virus_comp_15228_cycle_1_2","fixed","cond",NA,"feeding_first_yearFormula",-3.13754414557388,7.15113111944268,-0.438747953738877,0.660844176164658,-17.1535035884051,10.8784152972574,1
"virus_comp_15228_cycle_1_2","fixed","cond",NA,"feeding_first_yearBreastmilk_and_formula",-0.385316842707956,5.13439729653012,-0.0750461681195488,0.940177978586059,-10.4485506262268,9.67791694081089,0.999998456348986
"virus_comp_15228_cycle_1_2","fixed","cond",NA,"Delivery.ModeC-Section",10.4095213193286,11.7324154192199,0.887244522749838,0.374947266654292,-12.5855903540048,33.404632992662,1
"virus_comp_15228_cycle_1_2","fixed","cond",NA,"Dx.StatusCELIAC:onset_timeline_combinedt0-6",-2.9916542526805,4.79765717345746,-0.623565658094856,0.532912869919163,-12.3948895228274,6.41158101746634,1
"virus_comp_15228_cycle_1_2","fixed","cond",NA,"Dx.StatusCELIAC:onset_timeline_combinedt0-12",12.7975073275048,4.61911082497836,2.7705564582475,0.00559605977334308,3.74421646994808,21.8507981850615,0.0592249659345476
"virus_comp_15228_cycle_1_2","fixed","cond",NA,"Dx.StatusCELIAC:onset_timeline_combinedt0-18",11.4230282168983,5.86820306367275,1.9465972961319,0.0515830330327472,-0.0784384418679043,22.9244948756645,0.36681267934398
"virus_comp_15228_cycle_1_2","fixed","cond",NA,"Dx.StatusCELIAC:onset_timeline_combinedt0-24",28.314374088571,3463.61435915061,0.00817480560841496,0.993477521464326,-6760.2450261824,6816.87377435954,0.999996294200444
"virus_comp_15228_cycle_1_2","fixed","cond",NA,"Dx.StatusCELIAC:onset_timeline_combinedt0-30",8.20199406152654,5.22885861731487,1.56860123055659,0.116740885546426,-2.0463805086625,18.4503686317156,0.449014445760482
"virus_comp_15228_cycle_1_2","fixed","cond",NA,"Dx.StatusCELIAC:onset_timeline_combinedt0-36",6.15121417618611,5.03605869883736,1.22143416986109,0.221921676264976,-3.71927949756476,16.021707849937,0.892693207903869
"virus_comp_15228_cycle_1_2","fixed","cond",NA,"Dx.StatusCELIAC:onset_timeline_combinedt0-over42",8.12156298342379,4.30052785785978,1.88850374927361,0.0589583550583063,-0.307316732492556,16.5504426993401,0.796035461907399
"virus_comp_155_cycle_1_100","fixed","cond",NA,"(Intercept)",-19.1263934981075,15.2871634222997,-1.25114077541734,0.210883121226821,-49.088683231593,10.8358962353779,0.322676583082004
"virus_comp_155_cycle_1_100","fixed","cond",NA,"Dx.StatusCELIAC",-2.86255792694575,5.23453687180809,-0.546859826771451,0.584475037242786,-13.1220616714366,7.39694581754507,0.999998120218113
"virus_comp_155_cycle_1_100","fixed","cond",NA,"onset_timeline_combinedt0-6",-9.21825744836478,763.761600133963,-0.0120695482029313,0.990370127637244,-1506.16348648561,1487.72697158888,1
"virus_comp_155_cycle_1_100","fixed","cond",NA,"onset_timeline_combinedt0-12",-0.0642718960791445,0.113124484826078,-0.568151944983074,0.569931798569074,-0.285991812107906,0.157448019949617,0.999995349743898
"virus_comp_155_cycle_1_100","fixed","cond",NA,"onset_timeline_combinedt0-18",0.0523959429613276,0.116522436532043,0.449663983355847,0.652952745010047,-0.175983836032332,0.280775721954987,0.999999998540549
"virus_comp_155_cycle_1_100","fixed","cond",NA,"onset_timeline_combinedt0-24",-0.441037640050791,0.136574935068074,-3.22927219281459,0.00124105712354186,-0.708719593975112,-0.173355686126469,0.0131345212241513
"virus_comp_155_cycle_1_100","fixed","cond",NA,"onset_timeline_combinedt0-30",1.05512741261932,0.0676282480040116,15.6018741245038,7.06881481571332e-55,0.922578482193911,1.18767634304472,3.01602765470435e-53
"virus_comp_155_cycle_1_100","fixed","cond",NA,"onset_timeline_combinedt0-36",1.12563466121591,0.059212421735097,19.0101101801197,1.40656751966614e-80,1.00958044717772,1.2416888752541,3.57268149995199e-79
"virus_comp_155_cycle_1_100","fixed","cond",NA,"onset_timeline_combinedt0-over42",-9.19366984137867,942.566883768055,-0.00975386468557602,0.992217665358546,-1856.59081504692,1838.20347536416,1
"virus_comp_155_cycle_1_100","fixed","cond",NA,"SexMale",-2.56410102715608,5.45885830510866,-0.46971379065774,0.638559513767004,-13.2632667018764,8.13506464756426,1
"virus_comp_155_cycle_1_100","fixed","cond",NA,"Age.at.Gluten.Introduction..months.",-1.11065064112332,2.29710025308576,-0.483501161793595,0.628739935049865,-5.61288440604925,3.3915831238026,0.883719897235668
"virus_comp_155_cycle_1_100","fixed","cond",NA,"HLA.CategoryHigh Risk",5.48079903612024,6.96474705134743,0.786934399155228,0.431320269273133,-8.16985434595226,19.1314524181927,0.999993113296695
"virus_comp_155_cycle_1_100","fixed","cond",NA,"HLA.CategoryLow/No Risk",-5.70791209630545,388.630396191571,-0.0146872507972634,0.988281690652912,-767.409491929317,755.993667736707,0.999999262755209
"virus_comp_155_cycle_1_100","fixed","cond",NA,"feeding_first_yearFormula",-10.8267768770579,474.486857145352,-0.0228178646342174,0.981795557817053,-940.803928019548,919.150374265432,1
"virus_comp_155_cycle_1_100","fixed","cond",NA,"feeding_first_yearBreastmilk_and_formula",5.51321938800738,6.51678620336444,0.846002801988663,0.397551181159482,-7.25944686553444,18.2858856415492,0.999998456348986
"virus_comp_155_cycle_1_100","fixed","cond",NA,"Delivery.ModeC-Section",-0.193464920423932,12007.1802054704,-1.61124358186771e-05,0.999987144136224,-23533.8342235247,23533.4472936839,1
"virus_comp_155_cycle_1_100","fixed","cond",NA,"Dx.StatusCELIAC:onset_timeline_combinedt0-6",-6.41400122033085,2801.82130653982,-0.0022892256566683,0.998173463787694,-5497.88285315534,5485.05485071468,1
"virus_comp_155_cycle_1_100","fixed","cond",NA,"Dx.StatusCELIAC:onset_timeline_combinedt0-12",-2.34525606694449,0.377348981496484,-6.21508519154791,5.12968115895711e-10,-3.08484648028047,-1.60566565360851,6.51469507187554e-08
"virus_comp_155_cycle_1_100","fixed","cond",NA,"Dx.StatusCELIAC:onset_timeline_combinedt0-18",-9.26032334402361,510.795601212881,-0.0181292151342632,0.985535771471812,-1010.40130518275,991.880658494706,1
"virus_comp_155_cycle_1_100","fixed","cond",NA,"Dx.StatusCELIAC:onset_timeline_combinedt0-24",1.00383979838975,0.153410550295975,6.54348606698194,6.01010865534196e-11,0.703160644961164,1.30451895181833,3.81641899614215e-09
"virus_comp_155_cycle_1_100","fixed","cond",NA,"Dx.StatusCELIAC:onset_timeline_combinedt0-30",-0.481692525973788,0.0976708922065263,-4.93179201184364,8.14786482559629e-07,-0.673123957036473,-0.290261094911103,5.21463348838163e-05
"virus_comp_155_cycle_1_100","fixed","cond",NA,"Dx.StatusCELIAC:onset_timeline_combinedt0-36",-20.6485808382345,713.959365813496,-0.0289212269310414,0.97692741605897,-1419.98322425774,1378.68606258127,1
"virus_comp_155_cycle_1_100","fixed","cond",NA,"Dx.StatusCELIAC:onset_timeline_combinedt0-over42",-9.90671831570104,2567.96397777639,-0.00385781046830699,0.99692192022386,-5043.02362835364,5023.21019172224,1
"virus_comp_155_cycle_1_210","fixed","cond",NA,"(Intercept)",-27.6632824794438,337.70521857242,-0.0819154723056535,0.934713930668541,-689.553348272615,634.226783313727,0.999989040315975
"virus_comp_155_cycle_1_210","fixed","cond",NA,"Dx.StatusCELIAC",-14.8470526562801,494.781925985832,-0.0300072655780583,0.976061258687953,-984.601807789874,954.907702477314,0.999998120218113
"virus_comp_155_cycle_1_210","fixed","cond",NA,"onset_timeline_combinedt0-6",-2.93821223634492,62.2829216974532,-0.0471752473433671,0.962373555310321,-125.010495615281,119.134071142592,1
"virus_comp_155_cycle_1_210","fixed","cond",NA,"onset_timeline_combinedt0-12",1.23862740120988,0.177333653766311,6.9847283631912,2.85407649913858e-12,0.891059826581013,1.58619497583874,6.04112858984332e-11
"virus_comp_155_cycle_1_210","fixed","cond",NA,"onset_timeline_combinedt0-18",0.415918981567267,0.236656614193772,1.75747879679677,0.0788362328176589,-0.0479194589557156,0.87975742209025,0.442474719107883
"virus_comp_155_cycle_1_210","fixed","cond",NA,"onset_timeline_combinedt0-24",0.531153721844021,0.220893497701641,2.4045692941195,0.0161915362249296,0.0982104219297237,0.964097021758318,0.0822530040226425
"virus_comp_155_cycle_1_210","fixed","cond",NA,"onset_timeline_combinedt0-30",1.63603943617909,0.14651219410424,11.1665752204563,5.94282934352958e-29,1.34888081243884,1.92319805991934,1.26780359328631e-27
"virus_comp_155_cycle_1_210","fixed","cond",NA,"onset_timeline_combinedt0-36",0.725741907746122,0.13946032560668,5.20393097168677,1.95116507008957e-07,0.452404692284801,0.999079123207442,3.0974745487672e-06
"virus_comp_155_cycle_1_210","fixed","cond",NA,"onset_timeline_combinedt0-over42",-5.46317941831249,1335.75439386097,-0.00408995803676249,0.996736694726101,-2623.49368357695,2612.56732474032,1
"virus_comp_155_cycle_1_210","fixed","cond",NA,"SexMale",-0.848965000068111,45.9202753099525,-0.0184878029222989,0.985249707762089,-90.8510507677389,89.1531207676027,1
"virus_comp_155_cycle_1_210","fixed","cond",NA,"Age.at.Gluten.Introduction..months.",-1.4722069001132,3.11596920547272,-0.472471582045001,0.636590221193336,-7.57939431977562,4.63498051954922,0.883719897235668
"virus_comp_155_cycle_1_210","fixed","cond",NA,"HLA.CategoryHigh Risk",15.8100151039612,337.45078673054,0.0468513209204213,0.962631725732744,-645.581373442603,677.201403650526,0.999993113296695
"virus_comp_155_cycle_1_210","fixed","cond",NA,"HLA.CategoryLow/No Risk",-0.756235495684669,9643.84181138921,-7.84164143787144e-05,0.999937432753718,-18902.33885842,18900.8263874287,0.999999262755209
"virus_comp_155_cycle_1_210","fixed","cond",NA,"feeding_first_yearFormula",-11.044561183625,644.763559791504,-0.0171296299486845,0.986333201096586,-1274.75791691881,1252.66879455156,1
"virus_comp_155_cycle_1_210","fixed","cond",NA,"feeding_first_yearBreastmilk_and_formula",4.05281636300295,45.9829891887175,0.0881372967374934,0.929767553201724,-86.072186348378,94.1778190743839,0.999998456348986
"virus_comp_155_cycle_1_210","fixed","cond",NA,"Delivery.ModeC-Section",-0.14938398607046,2428769.18152632,-6.15060447928534e-08,0.999999950925276,-4760300.2719364,4760299.97316842,1
"virus_comp_155_cycle_1_210","fixed","cond",NA,"Dx.StatusCELIAC:onset_timeline_combinedt0-6",0.155188191646904,5172.74633858256,3.00011215491824e-05,0.999976062568313,-10138.2413365916,10138.5517129749,1
"virus_comp_155_cycle_1_210","fixed","cond",NA,"Dx.StatusCELIAC:onset_timeline_combinedt0-12",-6.33651834454675,9744.24034053826,-0.000650283462137669,0.999481148901983,-19104.6966425018,19092.0236058127,0.999999948577024
"virus_comp_155_cycle_1_210","fixed","cond",NA,"Dx.StatusCELIAC:onset_timeline_combinedt0-18",-0.591822436565947,3280.72709425578,-0.000180393680901459,0.999856066667923,-6430.69877028263,6429.5151254095,1
"virus_comp_155_cycle_1_210","fixed","cond",NA,"Dx.StatusCELIAC:onset_timeline_combinedt0-24",13.7945867183721,494.750555462266,0.0278819024376502,0.977756342594858,-955.898683318856,983.4878567556,0.999996294200444
"virus_comp_155_cycle_1_210","fixed","cond",NA,"Dx.StatusCELIAC:onset_timeline_combinedt0-30",12.5949633827105,494.750535181169,0.0254572001182342,0.979690286770801,-957.098266904298,982.288193669719,1
"virus_comp_155_cycle_1_210","fixed","cond",NA,"Dx.StatusCELIAC:onset_timeline_combinedt0-36",-9.90436440140172,29646.6693403341,-0.000334080172302084,0.999733442593408,-58116.3085330241,58096.4998042213,1
"virus_comp_155_cycle_1_210","fixed","cond",NA,"Dx.StatusCELIAC:onset_timeline_combinedt0-over42",-5.54364248873694,26972.2309531401,-0.000205531477850984,0.999836009608218,-52870.1448933398,52859.0576083624,1
"virus_comp_155_cycle_2_128","fixed","cond",NA,"(Intercept)",-25.8834854405775,179.805425518711,-0.143952749845605,0.885537781076032,-378.29564368215,326.528672800995,0.999989040315975
"virus_comp_155_cycle_2_128","fixed","cond",NA,"Dx.StatusCELIAC",-13.8070600330578,372.690872937234,-0.037046949726035,0.970447570945654,-744.267748356831,716.653628290715,0.999998120218113
"virus_comp_155_cycle_2_128","fixed","cond",NA,"onset_timeline_combinedt0-6",-4.80705201214462,118.690848671181,-0.0405006120182188,0.967694019123386,-237.436840702153,227.822736677864,1
"virus_comp_155_cycle_2_128","fixed","cond",NA,"onset_timeline_combinedt0-12",0.483558728783313,0.113370758384516,4.26528617849799,1.99646134062787e-05,0.261356125449668,0.705761332116957,0.000316938237824674
"virus_comp_155_cycle_2_128","fixed","cond",NA,"onset_timeline_combinedt0-18",0.702680958758076,0.112510973042183,6.24544379768741,4.22598472151714e-10,0.482163503729841,0.923198413786312,1.14662560649307e-08
"virus_comp_155_cycle_2_128","fixed","cond",NA,"onset_timeline_combinedt0-24",-0.156411752286771,0.147423402070697,-1.06096962958271,0.288703703444154,-0.445356310823705,0.132532806250163,0.615801367803567
"virus_comp_155_cycle_2_128","fixed","cond",NA,"onset_timeline_combinedt0-30",1.04736782088407,0.0819236879154499,12.7846761728429,1.99692820525328e-37,0.88680034308909,1.20793529867905,5.1121362054484e-36
"virus_comp_155_cycle_2_128","fixed","cond",NA,"onset_timeline_combinedt0-36",0.40000336920362,0.0741901535135056,5.39159646206694,6.98344543297799e-08,0.254593340309651,0.545413398097589,1.26699652855458e-06
"virus_comp_155_cycle_2_128","fixed","cond",NA,"onset_timeline_combinedt0-over42",-5.24349095011145,844.485071148488,-0.00620909845449413,0.995045888039241,-1660.40381588289,1649.91683398267,1
"virus_comp_155_cycle_2_128","fixed","cond",NA,"SexMale",-1.42737578470996,38.800284825783,-0.0367877656341703,0.970654229056117,-77.4745366331407,74.6197850637207,1
"virus_comp_155_cycle_2_128","fixed","cond",NA,"Age.at.Gluten.Introduction..months.",-1.32588002258003,3.11511738101469,-0.425627628243063,0.670379205002737,-7.43139789698356,4.7796378518235,0.883719897235668
"virus_comp_155_cycle_2_128","fixed","cond",NA,"HLA.CategoryHigh Risk",13.8398414956066,179.330494211406,0.0771750591357396,0.938484282386038,-337.641468488517,365.32115147973,0.999993113296695
"virus_comp_155_cycle_2_128","fixed","cond",NA,"HLA.CategoryLow/No Risk",-1.84375510348796,6427.37505174664,-0.000286859734906386,0.999771119049541,-12599.2673716582,12595.5798614512,0.999999262755209
"virus_comp_155_cycle_2_128","fixed","cond",NA,"feeding_first_yearFormula",-11.4985482217781,693.286473206433,-0.0165855655146387,0.986767240026571,-1370.31506667518,1347.31797023162,1
"virus_comp_155_cycle_2_128","fixed","cond",NA,"feeding_first_yearBreastmilk_and_formula",3.95446926054219,38.9723130187675,0.101468682616756,0.919178416872373,-72.4298606504636,80.3387991715479,0.999998456348986
"virus_comp_155_cycle_2_128","fixed","cond",NA,"Delivery.ModeC-Section",-0.321162737023963,730560.461084681,-4.39611440984809e-07,0.999999649240819,-1431872.51341769,1431871.87109221,1
"virus_comp_155_cycle_2_128","fixed","cond",NA,"Dx.StatusCELIAC:onset_timeline_combinedt0-6",-0.434695194453461,7242.35263411883,-6.00212688354342e-05,0.999952109956305,-14195.1850214061,14194.3156310172,1
"virus_comp_155_cycle_2_128","fixed","cond",NA,"Dx.StatusCELIAC:onset_timeline_combinedt0-12",-4.93928574607278,5107.5631697857,-0.000967053285858826,0.999228403234005,-10015.5791472893,10005.7005757971,0.999999948577024
"virus_comp_155_cycle_2_128","fixed","cond",NA,"Dx.StatusCELIAC:onset_timeline_combinedt0-18",-1.13725909451217,1525.24401842687,-0.000745624359625504,0.999405077890421,-2990.56060284633,2988.2860846573,1
"virus_comp_155_cycle_2_128","fixed","cond",NA,"Dx.StatusCELIAC:onset_timeline_combinedt0-24",12.2377084310956,372.64918500115,0.0328397563275439,0.973802374333472,-718.141273039362,742.616689901553,0.999996294200444
"virus_comp_155_cycle_2_128","fixed","cond",NA,"Dx.StatusCELIAC:onset_timeline_combinedt0-30",11.4630593890877,372.64914929992,0.030760997068215,0.975460145519706,-718.915852108246,741.841970886421,1
"virus_comp_155_cycle_2_128","fixed","cond",NA,"Dx.StatusCELIAC:onset_timeline_combinedt0-36",-8.62504624224925,13932.7477233238,-0.000619048475830127,0.999506070810294,-27316.3087896392,27299.0586971547,1
"virus_comp_155_cycle_2_128","fixed","cond",NA,"Dx.StatusCELIAC:onset_timeline_combinedt0-over42",-5.34586320484124,9147.39142858235,-0.000584413955232889,0.999533705154545,-17933.9036157166,17923.2118893069,1
"virus_comp_155_cycle_2_145","fixed","cond",NA,"(Intercept)",-27.0610182471355,267.502964188082,-0.101161564056946,0.919422207586367,-551.357193813484,497.235157319213,0.999989040315975
"virus_comp_155_cycle_2_145","fixed","cond",NA,"Dx.StatusCELIAC",-13.2483669133136,359.91989227527,-0.0368092100427201,0.97063713047438,-718.678393092379,692.181659265752,0.999998120218113
"virus_comp_155_cycle_2_145","fixed","cond",NA,"onset_timeline_combinedt0-6",-5.7126631420745,280.457219596734,-0.020369107096935,0.983748927700854,-555.398712755913,543.973386471764,1
"virus_comp_155_cycle_2_145","fixed","cond",NA,"onset_timeline_combinedt0-12",1.28641256780277,0.0653570285412063,19.6828496722691,3.02505292403228e-86,1.15831514572545,1.41450998988009,1.28060573784033e-84
"virus_comp_155_cycle_2_145","fixed","cond",NA,"onset_timeline_combinedt0-18",0.54349575041985,0.0844270113199084,6.43746286790198,1.21487030153056e-10,0.378021848910475,0.708969651929226,5.18344661986372e-09
"virus_comp_155_cycle_2_145","fixed","cond",NA,"onset_timeline_combinedt0-24",0.35758990568409,0.0871075753709368,4.10515278563705,4.04047744098335e-05,0.186862195176446,0.528317616191735,0.00128285158751221
"virus_comp_155_cycle_2_145","fixed","cond",NA,"onset_timeline_combinedt0-30",0.448914420703646,0.0649277873170399,6.9140569739673,4.70985869920505e-12,0.321658295966371,0.57617054544092,8.61231304997494e-11
"virus_comp_155_cycle_2_145","fixed","cond",NA,"onset_timeline_combinedt0-36",1.16184302066779,0.0510280712747906,22.768703414463,9.36762946408622e-115,1.06182983876866,1.26185620256692,3.96562980646317e-113
"virus_comp_155_cycle_2_145","fixed","cond",NA,"onset_timeline_combinedt0-over42",-5.27617595230146,1099.83633553452,-0.00479723735417166,0.996172373061779,-2160.91578248846,2150.36343058386,1
"virus_comp_155_cycle_2_145","fixed","cond",NA,"SexMale",-1.96091062502067,38.1438545393298,-0.0514082975803821,0.959000173004727,-76.7214917536417,72.7996705036003,1
"virus_comp_155_cycle_2_145","fixed","cond",NA,"Age.at.Gluten.Introduction..months.",-1.17755462486186,3.23951175621146,-0.36349756181746,0.716233233936915,-7.52688099453042,5.1717717448067,0.883719897235668
"virus_comp_155_cycle_2_145","fixed","cond",NA,"HLA.CategoryHigh Risk",13.3504032852621,267.12574284959,0.0499779734549182,0.960139941018592,-510.206432043442,536.907238613966,0.999993113296695
"virus_comp_155_cycle_2_145","fixed","cond",NA,"HLA.CategoryLow/No Risk",-1.90755307904779,5846.82958679148,-0.000326254263226197,0.999739686765094,-11461.4829669336,11457.6678607755,0.999999262755209
"virus_comp_155_cycle_2_145","fixed","cond",NA,"feeding_first_yearFormula",-11.6455590515482,850.303895871132,-0.0136957611368079,0.989072705254065,-1678.21057087306,1654.91945276997,1
"virus_comp_155_cycle_2_145","fixed","cond",NA,"feeding_first_yearBreastmilk_and_formula",3.73248597904762,38.3310087540488,0.0973751043964732,0.922428514573068,-71.3949106699774,78.8598826280727,0.999998456348986
"virus_comp_155_cycle_2_145","fixed","cond",NA,"Delivery.ModeC-Section",-0.408271884380318,385810.66916007,-1.05821823245362e-06,0.99999915566401,-756175.424676919,756174.60813315,1
"virus_comp_155_cycle_2_145","fixed","cond",NA,"Dx.StatusCELIAC:onset_timeline_combinedt0-6",-0.338788692125786,11246.4332613334,-3.01241010597186e-05,0.99997596444486,-22042.9429354388,22042.2653580546,1
"virus_comp_155_cycle_2_145","fixed","cond",NA,"Dx.StatusCELIAC:onset_timeline_combinedt0-12",-5.98180964606108,5578.16738791607,-0.00107236108744593,0.999144379808709,-10938.9889896974,10927.0253704053,0.999999948577024
"virus_comp_155_cycle_2_145","fixed","cond",NA,"Dx.StatusCELIAC:onset_timeline_combinedt0-18",-1.20133385143207,1696.29284228239,-0.00070821135448267,0.99943492914171,-3325.87421195799,3323.47154425513,1
"virus_comp_155_cycle_2_145","fixed","cond",NA,"Dx.StatusCELIAC:onset_timeline_combinedt0-24",11.8177558395495,359.874712683695,0.0328385280294379,0.973803353845267,-693.523719967193,717.159231646292,0.999996294200444
"virus_comp_155_cycle_2_145","fixed","cond",NA,"Dx.StatusCELIAC:onset_timeline_combinedt0-30",11.3683373317111,359.8748019872,0.0315897008318894,0.974799256837781,-693.973313506685,716.709988170107,1
"virus_comp_155_cycle_2_145","fixed","cond",NA,"Dx.StatusCELIAC:onset_timeline_combinedt0-36",-10.4138094193362,22455.7307660293,-0.000463748409162888,0.999629982317495,-44022.8373573648,44002.0097385261,1
"virus_comp_155_cycle_2_145","fixed","cond",NA,"Dx.StatusCELIAC:onset_timeline_combinedt0-over42",-5.40089848421097,9587.9307781431,-0.00056330178108117,0.999550550229572,-18797.3999099078,18786.5981129394,1
"virus_comp_155_cycle_2_147","fixed","cond",NA,"(Intercept)",-28.3842888437776,295.495260364377,-0.0960566636797382,0.923475569464262,-607.544356760243,550.775779072687,0.999989040315975
"virus_comp_155_cycle_2_147","fixed","cond",NA,"Dx.StatusCELIAC",-20.7840493638183,6501.95732370741,-0.00319658347926024,0.997449499738145,-12764.3862328468,12722.8181341191,0.999998120218113
"virus_comp_155_cycle_2_147","fixed","cond",NA,"onset_timeline_combinedt0-6",-4.07552159642743,81.718735839341,-0.0498725482542938,0.960223953391431,-164.241300703678,156.090257510824,1
"virus_comp_155_cycle_2_147","fixed","cond",NA,"onset_timeline_combinedt0-12",0.499441253020921,0.0946333751434832,5.27764387842734,1.30855453924995e-07,0.313963246004227,0.684919260037616,2.37409180692491e-06
"virus_comp_155_cycle_2_147","fixed","cond",NA,"onset_timeline_combinedt0-18",-0.28823110364376,0.135249756930001,-2.13110256303777,0.0330806936191628,-0.553315756144358,-0.0231464511431615,0.442474719107883
"virus_comp_155_cycle_2_147","fixed","cond",NA,"onset_timeline_combinedt0-24",0.384429102446623,0.10154529999531,3.78578922376889,0.000153221508426307,0.185403971656501,0.583454233236746,0.00389182631402821
"virus_comp_155_cycle_2_147","fixed","cond",NA,"onset_timeline_combinedt0-30",0.924118435007198,0.0700053707729606,13.2006791022402,8.69476552928279e-40,0.786910429567822,1.06132644044657,2.78232496937049e-38
"virus_comp_155_cycle_2_147","fixed","cond",NA,"onset_timeline_combinedt0-36",0.838981477045317,0.0607733474049143,13.8050891199959,2.37478646884805e-43,0.719867904911744,0.95809504917889,5.02663135906172e-42
"virus_comp_155_cycle_2_147","fixed","cond",NA,"onset_timeline_combinedt0-over42",-5.46805989210494,753.869902104163,-0.0072533203366294,0.994212738434162,-1483.025917045,1472.08979726079,1
"virus_comp_155_cycle_2_147","fixed","cond",NA,"SexMale",-1.20746620081824,29.5110496994955,-0.0409157320093187,0.967363075620001,-59.048060757801,56.6331283561645,1
"virus_comp_155_cycle_2_147","fixed","cond",NA,"Age.at.Gluten.Introduction..months.",-0.968382360610697,3.30756056841465,-0.292778421008584,0.769691523398808,-7.45108195138825,5.51431723016685,0.883719897235668
"virus_comp_155_cycle_2_147","fixed","cond",NA,"HLA.CategoryHigh Risk",12.6913165802398,295.096551146631,0.0430073361783668,0.965695685841481,-565.687295629139,591.069928789618,0.999993113296695
"virus_comp_155_cycle_2_147","fixed","cond",NA,"HLA.CategoryLow/No Risk",-1.65831573669695,2598.14702905577,-0.000638268626891228,0.999490735351537,-5093.93291922575,5090.61628775236,0.999999262755209
"virus_comp_155_cycle_2_147","fixed","cond",NA,"feeding_first_yearFormula",-10.12460140558,534.72636662976,-0.018934172760907,0.984893618501482,-1058.16902158387,1037.91981877271,1
"virus_comp_155_cycle_2_147","fixed","cond",NA,"feeding_first_yearBreastmilk_and_formula",3.91945048832803,29.9004825595769,0.131083185046212,0.895709502768635,-54.6844184488106,62.5233194254667,0.999998456348986
"virus_comp_155_cycle_2_147","fixed","cond",NA,"Delivery.ModeC-Section",-0.232579601161273,122314.071832759,-1.90149504203639e-06,0.999998482826464,-239731.408174253,239730.943015051,1
"virus_comp_155_cycle_2_147","fixed","cond",NA,"Dx.StatusCELIAC:onset_timeline_combinedt0-6",0.286243243223443,177533.407860968,1.61233452718719e-06,0.999998713543174,-347958.799216913,347959.3717034,1
"virus_comp_155_cycle_2_147","fixed","cond",NA,"Dx.StatusCELIAC:onset_timeline_combinedt0-12",-3.513047720121,46171.7986768393,-7.60864384926641e-05,0.999939291805499,-90498.5755557592,90491.5494603189,0.999999948577024
"virus_comp_155_cycle_2_147","fixed","cond",NA,"Dx.StatusCELIAC:onset_timeline_combinedt0-18",-0.44326072282435,107647.806869632,-4.1176939476451e-06,0.999996714555573,-210986.267739924,210985.381218478,1
"virus_comp_155_cycle_2_147","fixed","cond",NA,"Dx.StatusCELIAC:onset_timeline_combinedt0-24",20.5192651766982,6501.95451809448,0.00315586107524969,0.997481991351688,-12723.077419406,12764.1159497594,0.999996294200444
"virus_comp_155_cycle_2_147","fixed","cond",NA,"Dx.StatusCELIAC:onset_timeline_combinedt0-30",-11.4745868445719,486587.517037855,-2.35817534210999e-05,0.99998118448303,-953705.48330781,953682.53413412,1
"virus_comp_155_cycle_2_147","fixed","cond",NA,"Dx.StatusCELIAC:onset_timeline_combinedt0-36",-8.3528211920773,169407.116170471,-4.93062002405616e-05,0.999960659344092,-332040.199240107,332023.493597723,1
"virus_comp_155_cycle_2_147","fixed","cond",NA,"Dx.StatusCELIAC:onset_timeline_combinedt0-over42",-5.68685376554086,728313.838874394,-7.80824620101942e-06,0.999993769920909,-1427474.58048968,1427463.20678215,1
"virus_comp_155_cycle_2_193","fixed","cond",NA,"(Intercept)",-22.8528715798558,1910.27891157209,-0.0119631072936092,0.990455049064176,-3766.93073868752,3721.22499552781,0.999989040315975
"virus_comp_155_cycle_2_193","fixed","cond",NA,"Dx.StatusCELIAC",-2.48468498613533,7.0126099875979,-0.354316722380056,0.723101536951768,-16.2291479994531,11.2597780271824,0.999998120218113
"virus_comp_155_cycle_2_193","fixed","cond",NA,"onset_timeline_combinedt0-6",-8.29346027682066,1069.17630635869,-0.00775686874792975,0.99381097625049,-2103.84051386341,2087.25359330977,1
"virus_comp_155_cycle_2_193","fixed","cond",NA,"onset_timeline_combinedt0-12",1.41373397449604,2.02929908187425,0.696661220183631,0.486014833310104,-2.56361913983769,5.39108708882977,0.999995349743898
"virus_comp_155_cycle_2_193","fixed","cond",NA,"onset_timeline_combinedt0-18",0.715006322292519,2.15902160140377,0.331171453693483,0.740514981394099,-3.51659825830286,4.9466109028879,0.999999998540549
"virus_comp_155_cycle_2_193","fixed","cond",NA,"onset_timeline_combinedt0-24",0.102577420192673,2.16699208620764,0.047336315091113,0.962245185253494,-4.14464902355761,4.34980386394296,0.999995842904296
"virus_comp_155_cycle_2_193","fixed","cond",NA,"onset_timeline_combinedt0-30",1.2748939257716,2.09228107349903,0.609332054817821,0.542304364185872,-2.8259016238213,5.37568947536451,1
"virus_comp_155_cycle_2_193","fixed","cond",NA,"onset_timeline_combinedt0-36",0.448315013161914,2.1503588728742,0.208483811152271,0.834851221757821,-3.76631093150766,4.66294095783148,0.999999999336064
"virus_comp_155_cycle_2_193","fixed","cond",NA,"onset_timeline_combinedt0-over42",7.61758938026393,8.14156404209734,0.93564201434465,0.349457534940562,-8.3395829200732,23.5747616806011,1
"virus_comp_155_cycle_2_193","fixed","cond",NA,"SexMale",2.35210322518494,9.18144759812708,0.256179997766882,0.79781185286618,-15.6432033930859,20.3474098434558,1
"virus_comp_155_cycle_2_193","fixed","cond",NA,"Age.at.Gluten.Introduction..months.",-3.56416575427452,3.48602515643508,-1.02241538552732,0.306584341646646,-10.3966495100879,3.26831800153885,0.883719897235668
"virus_comp_155_cycle_2_193","fixed","cond",NA,"HLA.CategoryHigh Risk",25.4581108432886,1910.23098713352,0.0133272421056738,0.989366714059257,-3718.5258260908,3769.44204777738,0.999993113296695
"virus_comp_155_cycle_2_193","fixed","cond",NA,"HLA.CategoryLow/No Risk",13.9688395248915,1919.78874820991,0.00727623783497876,0.994194453398578,-3748.74796489176,3776.68564394155,0.999999262755209
"virus_comp_155_cycle_2_193","fixed","cond",NA,"feeding_first_yearFormula",-3.63552363765912,12.3315253309669,-0.294815405238604,0.768134897533794,-27.8048691607977,20.5338218854794,1
"virus_comp_155_cycle_2_193","fixed","cond",NA,"feeding_first_yearBreastmilk_and_formula",4.4147143376119,8.37316910183444,0.527245333746419,0.598023231003722,-11.9963955384472,20.825824213671,0.999998456348986
"virus_comp_155_cycle_2_193","fixed","cond",NA,"Delivery.ModeC-Section",27.3988455366124,193.949284118444,0.141268093157178,0.887658154770227,-352.734766162864,407.532457236089,1
"virus_comp_155_cycle_2_193","fixed","cond",NA,"Dx.StatusCELIAC:onset_timeline_combinedt0-6",-1.78890860845887,1119.01697372616,-0.00159864296115373,0.998724468006363,-2195.02187520073,2191.44405798381,1
"virus_comp_155_cycle_2_193","fixed","cond",NA,"Dx.StatusCELIAC:onset_timeline_combinedt0-12",-3.75738493861305,2.93769200002611,-1.27902616699765,0.200887841464672,-9.51515545633566,2.00038557910956,0.671388312263508
"virus_comp_155_cycle_2_193","fixed","cond",NA,"Dx.StatusCELIAC:onset_timeline_combinedt0-18",-10.9553278633092,380.769706142725,-0.0287715322058808,0.977046805485779,-757.25023830695,735.339582580332,1
"virus_comp_155_cycle_2_193","fixed","cond",NA,"Dx.StatusCELIAC:onset_timeline_combinedt0-24",-0.230494417205151,2.97024730140139,-0.0776010863123759,0.938145378236697,-6.05207215312916,5.59108331871886,0.999996294200444
"virus_comp_155_cycle_2_193","fixed","cond",NA,"Dx.StatusCELIAC:onset_timeline_combinedt0-30",-1.21655587418388,2.98759441953717,-0.40720248579536,0.683859276027589,-7.07213333688958,4.63902158852182,1
"virus_comp_155_cycle_2_193","fixed","cond",NA,"Dx.StatusCELIAC:onset_timeline_combinedt0-36",-38.0055064130021,3506688.69281908,-1.08380040950966e-05,0.999991352523863,-6873021.54842564,6872945.53741282,1
"virus_comp_155_cycle_2_193","fixed","cond",NA,"Dx.StatusCELIAC:onset_timeline_combinedt0-over42",-37.9642596801057,272212.066092744,-0.000139465748983996,0.999888722432486,-533563.809958696,533487.881439336,1
"virus_comp_155_cycle_2_29","fixed","cond",NA,"(Intercept)",-18.7155428220526,15.4772316688981,-1.20923064424124,0.226574247743245,-49.0503594734757,11.6192738293705,0.342294857635737
"virus_comp_155_cycle_2_29","fixed","cond",NA,"Dx.StatusCELIAC",-3.71336700512203,5.3722644011799,-0.691210768462265,0.489433097629828,-14.2428117468613,6.81607773661721,0.999998120218113
"virus_comp_155_cycle_2_29","fixed","cond",NA,"onset_timeline_combinedt0-6",-11.5073634107735,4046.16995166206,-0.00284401385711605,0.997730808311725,-7941.85474399658,7918.84001717504,1
"virus_comp_155_cycle_2_29","fixed","cond",NA,"onset_timeline_combinedt0-12",1.16676419464128,0.0660823567823032,17.6562134199448,9.11534064736708e-70,1.03724515533444,1.29628323394812,2.89412065553905e-68
"virus_comp_155_cycle_2_29","fixed","cond",NA,"onset_timeline_combinedt0-18",0.52213741933541,0.0837248526872815,6.23634921503692,4.47900627536355e-10,0.358039723457417,0.686235115213403,1.14662560649307e-08
"virus_comp_155_cycle_2_29","fixed","cond",NA,"onset_timeline_combinedt0-24",0.395928334745267,0.0846537417036837,4.67703289632663,2.91055580441061e-06,0.23001004984949,0.561846619641043,0.000123213529053382
"virus_comp_155_cycle_2_29","fixed","cond",NA,"onset_timeline_combinedt0-30",0.0615702387837606,0.0700222380197523,0.879295499900938,0.379241075239294,-0.0756708258518451,0.198811303419366,0.822760298824231
"virus_comp_155_cycle_2_29","fixed","cond",NA,"onset_timeline_combinedt0-36",0.156178153726831,0.0530222537781476,2.94552084451751,0.00322411422980643,0.052256445942519,0.260099861511143,0.0414100922116422
"virus_comp_155_cycle_2_29","fixed","cond",NA,"onset_timeline_combinedt0-over42",-10.4832145484392,1675.28001557143,-0.00625758944833078,0.995007198575564,-3293.97170908813,3273.00527999125,1
"virus_comp_155_cycle_2_29","fixed","cond",NA,"SexMale",-3.54526722317721,5.98974560067179,-0.591889448990887,0.553924619577733,-15.2849528770511,8.19441843069672,1
"virus_comp_155_cycle_2_29","fixed","cond",NA,"Age.at.Gluten.Introduction..months.",-1.22611480539589,2.40359670703848,-0.510116693788706,0.609969710454985,-5.93707778455038,3.4848481737586,0.883719897235668
"virus_comp_155_cycle_2_29","fixed","cond",NA,"HLA.CategoryHigh Risk",5.63395773877995,7.7618747072099,0.725850126586897,0.467930653557038,-9.57903713986384,20.8469526174237,0.999993113296695
"virus_comp_155_cycle_2_29","fixed","cond",NA,"HLA.CategoryLow/No Risk",-6.28544920826476,505.36198676081,-0.0124375187943048,0.990076551626126,-996.776742415059,984.205843998529,0.999999262755209
"virus_comp_155_cycle_2_29","fixed","cond",NA,"feeding_first_yearFormula",-12.0741438372548,1015.69876930465,-0.0118875243351144,0.990515351251769,-2002.80715081603,1978.65886314152,1
"virus_comp_155_cycle_2_29","fixed","cond",NA,"feeding_first_yearBreastmilk_and_formula",5.9315429970628,7.16303842367993,0.828076389685976,0.407627239709314,-8.10775433322641,19.970840327352,0.999998456348986
"virus_comp_155_cycle_2_29","fixed","cond",NA,"Delivery.ModeC-Section",-0.0629560562499705,24776.9586497265,-2.54091138222348e-06,0.999997972646038,-48562.0095559584,48561.8836438459,1
"virus_comp_155_cycle_2_29","fixed","cond",NA,"Dx.StatusCELIAC:onset_timeline_combinedt0-6",-9.60405141055477,53357.7081049935,-0.000179993701971918,0.99985638580493,-104588.790234799,104569.582131978,1
"virus_comp_155_cycle_2_29","fixed","cond",NA,"Dx.StatusCELIAC:onset_timeline_combinedt0-12",-1.19652258381087,0.255155556115676,-4.68938478952198,2.74027666573419e-06,-1.69661828425289,-0.69642688336886,0.000174007568274121
"virus_comp_155_cycle_2_29","fixed","cond",NA,"Dx.StatusCELIAC:onset_timeline_combinedt0-18",-15.3980168097623,13907.8487311421,-0.00110714583595402,0.999116625611404,-27274.2806322793,27243.4845986597,1
"virus_comp_155_cycle_2_29","fixed","cond",NA,"Dx.StatusCELIAC:onset_timeline_combinedt0-24",1.23816952404202,0.157454347544367,7.86367314305585,3.73030134021734e-15,0.92956467364581,1.54677437443824,4.73748270207602e-13
"virus_comp_155_cycle_2_29","fixed","cond",NA,"Dx.StatusCELIAC:onset_timeline_combinedt0-30",1.50744410792436,0.150583016897428,10.0107179347535,1.36756470379e-23,1.21230681812202,1.80258139772671,1.7504828208512e-21
"virus_comp_155_cycle_2_29","fixed","cond",NA,"Dx.StatusCELIAC:onset_timeline_combinedt0-36",-20.4812147837304,2067.32807125967,-0.00990709460605873,0.992095411478208,-4072.36977868133,4031.40734911387,1
"virus_comp_155_cycle_2_29","fixed","cond",NA,"Dx.StatusCELIAC:onset_timeline_combinedt0-over42",-11.0505783204094,13396.3998624426,-0.000824891645059818,0.999341831766713,-26267.5118312053,26245.4106745644,1
"virus_comp_155_cycle_2_71","fixed","cond",NA,"(Intercept)",-4.77859460140569,21.5880622356397,-0.221353567969464,0.824817143057346,-47.0904190792687,37.5332298764573,0.999989040315975
"virus_comp_155_cycle_2_71","fixed","cond",NA,"Dx.StatusCELIAC",-5.51798078760482,7.50065101272372,-0.735666914544405,0.461933429257274,-20.2189866331472,9.18302505793755,0.999998120218113
"virus_comp_155_cycle_2_71","fixed","cond",NA,"onset_timeline_combinedt0-6",-15.1081625375846,16797.376789563,-0.000899435830181057,0.999282354134426,-32937.36170483,32907.1453797549,1
"virus_comp_155_cycle_2_71","fixed","cond",NA,"onset_timeline_combinedt0-12",0.583054630673452,1.71686494261661,0.339604249699944,0.734154577361306,-2.78193882317453,3.94804808452143,0.999995349743898
"virus_comp_155_cycle_2_71","fixed","cond",NA,"onset_timeline_combinedt0-18",0.938013904850203,1.82206710256244,0.514807552109929,0.606687507484799,-2.63317199358743,4.50919980328784,0.978632474521225
"virus_comp_155_cycle_2_71","fixed","cond",NA,"onset_timeline_combinedt0-24",0.712495795296706,1.82334329566259,0.390763383391161,0.695972143057445,-2.86119139565454,4.28618298624796,0.999995842904296
"virus_comp_155_cycle_2_71","fixed","cond",NA,"onset_timeline_combinedt0-30",0.816992264992697,1.78984216091693,0.456460509665363,0.648058861985386,-2.69103390841583,4.32501843840123,1
"virus_comp_155_cycle_2_71","fixed","cond",NA,"onset_timeline_combinedt0-36",0.912561103735223,1.80375897716453,0.505921863889903,0.612911502986321,-2.62274152829806,4.44786373576851,0.999999999336064
"virus_comp_155_cycle_2_71","fixed","cond",NA,"onset_timeline_combinedt0-over42",5.19783873164542,5.9297813890292,0.876564984547666,0.380722965070968,-6.42431922704771,16.8199966903386,1
"virus_comp_155_cycle_2_71","fixed","cond",NA,"SexMale",4.55486457776806,7.85870350298783,0.579594913593105,0.562187823907144,-10.8479112532668,19.957640408803,1
"virus_comp_155_cycle_2_71","fixed","cond",NA,"Age.at.Gluten.Introduction..months.",-3.37632391368824,3.33960471258631,-1.0109950740468,0.31201878744927,-9.92182887295765,3.16918104558117,0.883719897235668
"virus_comp_155_cycle_2_71","fixed","cond",NA,"HLA.CategoryHigh Risk",6.36119821888649,10.8565181945238,0.585933547469684,0.557920172150962,-14.9171864398839,27.6395828776569,0.999993113296695
"virus_comp_155_cycle_2_71","fixed","cond",NA,"HLA.CategoryLow/No Risk",-21.573290977196,436610.417303218,-4.94108480288819e-05,0.999960575847238,-855762.266480288,855719.119898334,0.999999262755209
"virus_comp_155_cycle_2_71","fixed","cond",NA,"feeding_first_yearFormula",-3.77121539304835,13.5596246117854,-0.278120928935643,0.780919530327582,-30.3475912760305,22.8051604899338,1
"virus_comp_155_cycle_2_71","fixed","cond",NA,"feeding_first_yearBreastmilk_and_formula",3.90561532901281,8.64833719628248,0.45160303540103,0.651554982907097,-13.044814101859,20.8560447598846,0.999998456348986
"virus_comp_155_cycle_2_71","fixed","cond",NA,"Delivery.ModeC-Section",44.5144954877806,436610.417981747,0.00010195472589397,0.999918651898449,-855696.180023715,855785.20901469,1
"virus_comp_155_cycle_2_71","fixed","cond",NA,"Dx.StatusCELIAC:onset_timeline_combinedt0-6",-4.38618134533761,115398.597502751,-3.80089657955597e-05,0.999969673233027,-226181.48115317,226172.70879048,1
"virus_comp_155_cycle_2_71","fixed","cond",NA,"Dx.StatusCELIAC:onset_timeline_combinedt0-12",-1.37601430199776,2.44217801539559,-0.563437347041578,0.573137111959117,-6.16259525600862,3.4105666520131,0.999999948577024
"virus_comp_155_cycle_2_71","fixed","cond",NA,"Dx.StatusCELIAC:onset_timeline_combinedt0-18",-16.2165982323867,12796.4089084611,-0.00126727727664784,0.998988859297354,-25096.7171902636,25064.2839937988,1
"virus_comp_155_cycle_2_71","fixed","cond",NA,"Dx.StatusCELIAC:onset_timeline_combinedt0-24",3.70473143768783,2.91236994678832,1.27206759627955,0.203349103117411,-2.00340876767411,9.41287164304978,0.662188105023363
"virus_comp_155_cycle_2_71","fixed","cond",NA,"Dx.StatusCELIAC:onset_timeline_combinedt0-30",0.82690159490898,2.30727528567941,0.358388788733326,0.720052380512387,-3.69527486744202,5.34907805725998,1
"virus_comp_155_cycle_2_71","fixed","cond",NA,"Dx.StatusCELIAC:onset_timeline_combinedt0-36",-28.941522141567,45066.186018547,-0.000642200387884081,0.999487598260787,-88357.0430390762,88299.1599947931,1
"virus_comp_155_cycle_2_71","fixed","cond",NA,"Dx.StatusCELIAC:onset_timeline_combinedt0-over42",-27.7761417754772,18458.7790430258,-0.00150476592794862,0.998799370951569,-36206.3182646887,36150.7659811378,1
"virus_comp_155_cycle_2_74","fixed","cond",NA,"(Intercept)",-28.7009209458598,207.399932737714,-0.138384427453774,0.889936603693395,-435.197319507809,377.795477616089,0.999989040315975
"virus_comp_155_cycle_2_74","fixed","cond",NA,"Dx.StatusCELIAC",-15.3515920105461,1442.96559786377,-0.010638917541259,0.991511532080566,-2843.51219475383,2812.80901073274,0.999998120218113
"virus_comp_155_cycle_2_74","fixed","cond",NA,"onset_timeline_combinedt0-6",-4.07619612741813,99.370949824272,-0.0410199976414283,0.967279953465929,-198.839678892528,190.687286637692,1
"virus_comp_155_cycle_2_74","fixed","cond",NA,"onset_timeline_combinedt0-12",0.955483154360695,0.0820229611255135,11.6489717177924,2.32244236483428e-31,0.794721104649359,1.11624520407203,5.89900360667906e-30
"virus_comp_155_cycle_2_74","fixed","cond",NA,"onset_timeline_combinedt0-18",0.190028232435863,0.110849948074422,1.71428345918829,0.0864766794544634,-0.0272336734781393,0.407290138349866,0.442474719107883
"virus_comp_155_cycle_2_74","fixed","cond",NA,"onset_timeline_combinedt0-24",0.124231775225093,0.109775405127331,1.13169042811543,0.257764607135103,-0.0909240652127681,0.339387615662955,0.57431763344137
"virus_comp_155_cycle_2_74","fixed","cond",NA,"onset_timeline_combinedt0-30",0.495120159706871,0.0746477037058962,6.63275807729585,3.29471576264841e-11,0.348813348914697,0.641426970499044,5.27154522023746e-10
"virus_comp_155_cycle_2_74","fixed","cond",NA,"onset_timeline_combinedt0-36",1.29045733617409,0.0590005731269281,21.8719457758135,4.80635080342031e-106,1.17481833777809,1.40609633457009,1.52601638008595e-104
"virus_comp_155_cycle_2_74","fixed","cond",NA,"onset_timeline_combinedt0-over42",-6.81998070810499,1137.79842277497,-0.00599401490773011,0.995217496685718,-2236.86391101353,2223.22394959732,1
"virus_comp_155_cycle_2_74","fixed","cond",NA,"SexMale",-2.26531222986031,20.4689517359061,-0.110670651779717,0.911877519470716,-42.3837204335249,37.8530959738043,1
"virus_comp_155_cycle_2_74","fixed","cond",NA,"Age.at.Gluten.Introduction..months.",-0.664679070761822,2.77312559306267,-0.239685888163379,0.81057377571312,-6.09990535777093,4.77054721624728,0.897420965968098
"virus_comp_155_cycle_2_74","fixed","cond",NA,"HLA.CategoryHigh Risk",11.849919066303,206.855531066972,0.0572859667091349,0.954317398939003,-393.579471827868,417.279309960474,0.999993113296695
"virus_comp_155_cycle_2_74","fixed","cond",NA,"HLA.CategoryLow/No Risk",-2.47568505313662,2459.79774151009,-0.00100645878779317,0.99919696220771,-4823.59066766588,4818.63929755961,0.999999262755209
"virus_comp_155_cycle_2_74","fixed","cond",NA,"feeding_first_yearFormula",-13.0067060975691,1568.90487218495,-0.00829030894617291,0.993385366257422,-3088.00375074948,3061.99033855434,1
"virus_comp_155_cycle_2_74","fixed","cond",NA,"feeding_first_yearBreastmilk_and_formula",3.31106784054526,20.7221556485953,0.159783947997211,0.873051269254176,-37.3036109127348,43.9257465938253,0.999998456348986
"virus_comp_155_cycle_2_74","fixed","cond",NA,"Delivery.ModeC-Section",-0.282879873815975,32003.7821576868,-8.8389513596296e-06,0.999992947537177,-62726.5432780055,62725.9775182579,1
"virus_comp_155_cycle_2_74","fixed","cond",NA,"Dx.StatusCELIAC:onset_timeline_combinedt0-6",0.0262005059372287,13003.9391670518,2.01481301939747e-06,0.999998392411799,-25487.2262240654,25487.2786250772,1
"virus_comp_155_cycle_2_74","fixed","cond",NA,"Dx.StatusCELIAC:onset_timeline_combinedt0-12",-2.98549474344559,5921.51452718209,-0.000504177559599152,0.999597724526335,-11608.9407019511,11602.9697124642,0.999999948577024
"virus_comp_155_cycle_2_74","fixed","cond",NA,"Dx.StatusCELIAC:onset_timeline_combinedt0-18",-0.835836414913897,5621.05426150342,-0.00014869744642713,0.999881356603702,-11017.899744107,11016.2280712772,1
"virus_comp_155_cycle_2_74","fixed","cond",NA,"Dx.StatusCELIAC:onset_timeline_combinedt0-24",14.7668733552206,1442.95491632982,0.0102337732025478,0.991834772887372,-2813.37279396623,2842.90654067667,0.999996294200444
"virus_comp_155_cycle_2_74","fixed","cond",NA,"Dx.StatusCELIAC:onset_timeline_combinedt0-30",-7.08955380460074,15217.3664756079,-0.000465885724442838,0.999628276986816,-29832.5797855433,29818.4006779341,1
"virus_comp_155_cycle_2_74","fixed","cond",NA,"Dx.StatusCELIAC:onset_timeline_combinedt0-36",-6.76233319503013,13776.8463937214,-0.00049084768761826,0.99960836022407,-27008.8850854296,26995.3604190395,1
"virus_comp_155_cycle_2_74","fixed","cond",NA,"Dx.StatusCELIAC:onset_timeline_combinedt0-over42",-6.98802045042021,150267.762808047,-4.65037897672488e-05,0.999962895344139,-294526.391161629,294512.415120728,1
"virus_comp_164_cycle_1_4","fixed","cond",NA,"(Intercept)",-31.1642957539721,32764.3128806682,-0.000951165857421652,0.999241079562035,-64248.0375200655,64185.7089285576,0.999989040315975
"virus_comp_164_cycle_1_4","fixed","cond",NA,"Dx.StatusCELIAC",-3.59933006577348,7.06157416173189,-0.509706473845305,0.610257116841098,-17.4397610969266,10.2411009653796,0.999998120218113
"virus_comp_164_cycle_1_4","fixed","cond",NA,"onset_timeline_combinedt0-6",-9.89847211242645,1495.0268924041,-0.00662093248136098,0.994717298791105,-2940.0973371433,2920.30039291844,1
"virus_comp_164_cycle_1_4","fixed","cond",NA,"onset_timeline_combinedt0-12",0.836429111918674,2.16892034701796,0.385643074937572,0.699761027100887,-3.41457665357265,5.08743487741,0.999995349743898
"virus_comp_164_cycle_1_4","fixed","cond",NA,"onset_timeline_combinedt0-18",0.919578953818553,2.38190866133931,0.386068101075499,0.699446233546336,-3.74887623687051,5.58803414450762,0.999999998540549
"virus_comp_164_cycle_1_4","fixed","cond",NA,"onset_timeline_combinedt0-24",1.04344568627317,2.37344834869564,0.439632776018322,0.660203098030676,-3.60842759633635,5.69531896888269,0.98642109941054
"virus_comp_164_cycle_1_4","fixed","cond",NA,"onset_timeline_combinedt0-30",0.570222788588188,2.31499359634205,0.246317220699532,0.805436680349416,-3.96708128468309,5.10752686185946,1
"virus_comp_164_cycle_1_4","fixed","cond",NA,"onset_timeline_combinedt0-36",0.608025029013234,2.34359245577858,0.259441451739628,0.795294650409666,-3.98533177875256,5.20138183677902,0.999999999336064
"virus_comp_164_cycle_1_4","fixed","cond",NA,"onset_timeline_combinedt0-over42",8.83583142386442,5.42723979571465,1.62805251959591,0.103513750024782,-1.8013631111988,19.4730259589276,0.473205714399004
"virus_comp_164_cycle_1_4","fixed","cond",NA,"SexMale",-0.290490058388656,7.63779249718794,-0.0380332482841878,0.969661172900159,-15.2602882742673,14.6793081574899,1
"virus_comp_164_cycle_1_4","fixed","cond",NA,"Age.at.Gluten.Introduction..months.",-2.91871876550036,3.28275821168206,-0.889105617073404,0.373946320406685,-9.35280663035032,3.51536909934959,0.883719897235668
"virus_comp_164_cycle_1_4","fixed","cond",NA,"HLA.CategoryHigh Risk",30.3907232883856,32764.3090095832,0.000927555752190488,0.999259917692166,-64186.4749138359,64247.2563604127,0.999993113296695
"virus_comp_164_cycle_1_4","fixed","cond",NA,"HLA.CategoryLow/No Risk",14.7098235143357,32815.1383610108,0.000448263339697301,0.99964233761406,-64301.7795117656,64331.1991587942,0.999999262755209
"virus_comp_164_cycle_1_4","fixed","cond",NA,"feeding_first_yearFormula",-5.2197539937658,17.8598255276913,-0.29226231721428,0.770086068102432,-40.2243687982097,29.7848608106781,1
"virus_comp_164_cycle_1_4","fixed","cond",NA,"feeding_first_yearBreastmilk_and_formula",6.36954098893642,5.86506458798711,1.08601378439763,0.277472893759652,-5.12577437051955,17.8648563483924,0.999998456348986
"virus_comp_164_cycle_1_4","fixed","cond",NA,"Delivery.ModeC-Section",32.4064054885937,1825.95889875287,0.017747609494785,0.985840199733606,-3546.40727331746,3611.22008429465,1
"virus_comp_164_cycle_1_4","fixed","cond",NA,"Dx.StatusCELIAC:onset_timeline_combinedt0-6",-4.27906389492351,1963.76252266447,-0.00217901291298583,0.998261400614779,-3853.18288250681,3844.62475471697,1
"virus_comp_164_cycle_1_4","fixed","cond",NA,"Dx.StatusCELIAC:onset_timeline_combinedt0-12",-1.85796749226169,3.21777441520596,-0.577407627918741,0.563664122510639,-8.16468945643981,4.44875447191643,0.999999948577024
"virus_comp_164_cycle_1_4","fixed","cond",NA,"Dx.StatusCELIAC:onset_timeline_combinedt0-18",-9.69567686926158,325.353536884556,-0.0298004348196216,0.976226211986084,-647.376891405715,627.985537667192,1
"virus_comp_164_cycle_1_4","fixed","cond",NA,"Dx.StatusCELIAC:onset_timeline_combinedt0-24",0.481742455200831,3.25374279306996,0.148057939990487,0.88229704255667,-5.89547623417305,6.85896114457472,0.999996294200444
"virus_comp_164_cycle_1_4","fixed","cond",NA,"Dx.StatusCELIAC:onset_timeline_combinedt0-30",0.944145815330352,3.32158489309214,0.284245577252558,0.776222189655251,-5.56604094672256,7.45433257738327,1
"virus_comp_164_cycle_1_4","fixed","cond",NA,"Dx.StatusCELIAC:onset_timeline_combinedt0-36",-30.0839599340497,94172.8560860153,-0.000319454683487265,0.999745112044505,-184605.490209798,184545.32228993,1
"virus_comp_164_cycle_1_4","fixed","cond",NA,"Dx.StatusCELIAC:onset_timeline_combinedt0-over42",-36.6783792446895,130807.657784324,-0.000280399327271535,0.999776273708842,-256414.97653856,256341.61978007,1
"virus_comp_164_cycle_1_6","fixed","cond",NA,"(Intercept)",-30.8404902267531,112593.385953625,-0.000273910318670545,0.999781451188421,-220709.821856749,220648.140876296,0.999989040315975
"virus_comp_164_cycle_1_6","fixed","cond",NA,"Dx.StatusCELIAC",-6.97913395901291,7.61280120718464,-0.916762932470415,0.359266880456582,-21.8999501465579,7.94168222853204,0.999998120218113
"virus_comp_164_cycle_1_6","fixed","cond",NA,"onset_timeline_combinedt0-6",-13.8997366773997,4593.67213193491,-0.00302584430890695,0.997585729226601,-9017.33167205515,8989.53219870035,1
"virus_comp_164_cycle_1_6","fixed","cond",NA,"onset_timeline_combinedt0-12",-6.02462553308018,3.01490133664953,-1.99828281603914,0.0456860074218424,-11.9337235698549,-0.115527496305442,0.264753642029598
"virus_comp_164_cycle_1_6","fixed","cond",NA,"onset_timeline_combinedt0-18",-5.54013151525863,3.50196955828083,-1.58200447578373,0.113648548729865,-12.4038657244447,1.32360269392743,0.476191885638561
"virus_comp_164_cycle_1_6","fixed","cond",NA,"onset_timeline_combinedt0-24",-6.51320523586917,3.08499908899709,-2.11125029472426,0.0347508039025886,-12.5596923426423,-0.466718129095998,0.147111736520958
"virus_comp_164_cycle_1_6","fixed","cond",NA,"onset_timeline_combinedt0-30",-5.7649671694506,3.498981450018,-1.6476129558849,0.0994321200992226,-12.6228447940596,1.09291045515842,0.353536427019458
"virus_comp_164_cycle_1_6","fixed","cond",NA,"onset_timeline_combinedt0-36",-6.76378193377974,3.02076195939004,-2.23909795763765,0.0251495431367286,-12.6843665800529,-0.843197287506613,0.133082999098522
"virus_comp_164_cycle_1_6","fixed","cond",NA,"onset_timeline_combinedt0-over42",-1.93270674612623,1.53137616174791,-1.26207185040693,0.206922933353076,-4.93414886993531,1.06873537768284,0.772694145072561
"virus_comp_164_cycle_1_6","fixed","cond",NA,"SexMale",4.61153417241503,25.0007281850355,0.184455994172815,0.853655746320822,-44.38899265753,53.6120610023601,1
"virus_comp_164_cycle_1_6","fixed","cond",NA,"Age.at.Gluten.Introduction..months.",-3.16086490356204,4.51124356704325,-0.700663765231753,0.48351287415469,-12.0027398204548,5.68101001333072,0.883719897235668
"virus_comp_164_cycle_1_6","fixed","cond",NA,"HLA.CategoryHigh Risk",32.1218326295139,112593.385178628,0.000285290584154237,0.999772371050649,-220646.858014928,220711.101680187,0.999993113296695
"virus_comp_164_cycle_1_6","fixed","cond",NA,"HLA.CategoryLow/No Risk",12.6994393589361,113185.505274682,0.000112200226770351,0.999910477171529,-221826.814470987,221852.213349704,0.999999262755209
"virus_comp_164_cycle_1_6","fixed","cond",NA,"feeding_first_yearFormula",-2.82852167480415,25.9844345982408,-0.108854463009776,0.913317925192368,-53.7570776459926,48.1000342963843,1
"virus_comp_164_cycle_1_6","fixed","cond",NA,"feeding_first_yearBreastmilk_and_formula",1.70028209664562,25.0547596005694,0.0678626386264338,0.945894980216425,-47.4061443617796,50.8067085550709,0.999998456348986
"virus_comp_164_cycle_1_6","fixed","cond",NA,"Delivery.ModeC-Section",41.8014290959739,11554.3546299891,0.0036178073492291,0.997113413668954,-22604.3175102863,22687.9203684783,1
"virus_comp_164_cycle_1_6","fixed","cond",NA,"Dx.StatusCELIAC:onset_timeline_combinedt0-6",0.409851211406977,22973.9634410042,1.78398129891453e-05,0.999985765888649,-45027.7310752968,45028.5507777196,1
"virus_comp_164_cycle_1_6","fixed","cond",NA,"Dx.StatusCELIAC:onset_timeline_combinedt0-12",5.39393863402725,3.98326872684566,1.35414881694379,0.175688904443189,-2.41312461133496,13.2010018793895,0.621691382175626
"virus_comp_164_cycle_1_6","fixed","cond",NA,"Dx.StatusCELIAC:onset_timeline_combinedt0-18",-0.361523907474303,157.996285059618,-0.00228817979699894,0.998174298260792,-310.028552315449,309.305504500501,1
"virus_comp_164_cycle_1_6","fixed","cond",NA,"Dx.StatusCELIAC:onset_timeline_combinedt0-24",8.89843541661052,4.00612279033452,2.22120885512535,0.0263368187140319,1.04657902990976,16.7502918033113,0.167238798834103
"virus_comp_164_cycle_1_6","fixed","cond",NA,"Dx.StatusCELIAC:onset_timeline_combinedt0-30",8.14357074759311,4.37760517282271,1.86027986218366,0.0628459411437575,-0.436377729675641,16.7235192248619,0.391182174807272
"virus_comp_164_cycle_1_6","fixed","cond",NA,"Dx.StatusCELIAC:onset_timeline_combinedt0-36",-16.9910969321136,5165.92962432168,-0.00328906860289345,0.997375707673918,-10142.0271072711,10108.0449134069,1
"virus_comp_164_cycle_1_6","fixed","cond",NA,"Dx.StatusCELIAC:onset_timeline_combinedt0-over42",-11.430607426689,161.581532109064,-0.0707420413551566,0.943603060470955,-328.124590927258,305.26337607388,1
"virus_comp_16559_cycle_1_1","fixed","cond",NA,"(Intercept)",-27.1049299595908,6.68068327544594,-4.05720924672657,4.96625846693771e-05,-40.1988285715839,-14.0110313475977,0.000262797843875454
"virus_comp_16559_cycle_1_1","fixed","cond",NA,"Dx.StatusCELIAC",-0.242869251462552,5.2946277751336,-0.0458708830492667,0.963413161699895,-10.6201490022698,10.1344104993447,0.999998120218113
"virus_comp_16559_cycle_1_1","fixed","cond",NA,"onset_timeline_combinedt0-6",1.59998541411324,2.65409026231741,0.602837603841032,0.546616728169167,-3.60193591174735,6.80190673997383,1
"virus_comp_16559_cycle_1_1","fixed","cond",NA,"onset_timeline_combinedt0-12",-6.35492526665496,3.03808248705835,-2.09175534032592,0.0364604072483477,-12.3094575233512,-0.40039300995872,0.257248428918898
"virus_comp_16559_cycle_1_1","fixed","cond",NA,"onset_timeline_combinedt0-18",-8.57155356403708,4.81086590027071,-1.78170702358483,0.0747970209396909,-18.0006774630195,0.857570334945363,0.442474719107883
"virus_comp_16559_cycle_1_1","fixed","cond",NA,"onset_timeline_combinedt0-24",-11.5819442212561,4.22562825335577,-2.74088100676114,0.00612746939787563,-19.8640234098883,-3.29986503262389,0.0353722097059184
"virus_comp_16559_cycle_1_1","fixed","cond",NA,"onset_timeline_combinedt0-30",-9.18841729252079,4.5414651371099,-2.02322753012877,0.0430496945590741,-18.0895253983004,-0.287309186741126,0.207061622603536
"virus_comp_16559_cycle_1_1","fixed","cond",NA,"onset_timeline_combinedt0-36",-7.8763498790831,3.9997425813816,-1.96921419787031,0.0489284991728248,-15.7157012860223,-0.0369984721439023,0.221925692676741
"virus_comp_16559_cycle_1_1","fixed","cond",NA,"onset_timeline_combinedt0-over42",-7.36441107145169,2.80387016520459,-2.6265164353337,0.00862638264991421,-12.8598956125791,-1.86892653032432,0.0581145778520536
"virus_comp_16559_cycle_1_1","fixed","cond",NA,"SexMale",0.818685999885923,3.92132634103989,0.208777828898784,0.834621679908655,-6.8669724001805,8.50434439995234,1
"virus_comp_16559_cycle_1_1","fixed","cond",NA,"Age.at.Gluten.Introduction..months.",0.17239216423202,0.477637883390284,0.360926488930017,0.718154401121773,-0.763760884864878,1.10854521332892,0.883719897235668
"virus_comp_16559_cycle_1_1","fixed","cond",NA,"HLA.CategoryHigh Risk",2.922681001995,3.80866135711012,0.767377492498474,0.442857106576815,-4.54215808725028,10.3875200912403,0.999993113296695
"virus_comp_16559_cycle_1_1","fixed","cond",NA,"HLA.CategoryLow/No Risk",1.18468064390411,6.07195031757299,0.195107104298185,0.845309101031955,-10.7161232944555,13.0854845822637,0.999999262755209
"virus_comp_16559_cycle_1_1","fixed","cond",NA,"feeding_first_yearFormula",-1.66204196754416,6.01989687263662,-0.276091435236866,0.782477838804519,-13.4608230285572,10.1367390934689,1
"virus_comp_16559_cycle_1_1","fixed","cond",NA,"feeding_first_yearBreastmilk_and_formula",-0.691663537265726,4.88377246456953,-0.141624848881384,0.887376338202079,-10.2636816765104,8.88035460197897,0.999998456348986
"virus_comp_16559_cycle_1_1","fixed","cond",NA,"Delivery.ModeC-Section",18.8874162122335,13.8871156530649,1.36006761116482,0.173808529353067,-8.33083031691601,46.1056627413831,0.938899283384921
"virus_comp_16559_cycle_1_1","fixed","cond",NA,"Dx.StatusCELIAC:onset_timeline_combinedt0-6",-2.10084918535918,4.34250205676076,-0.483787723735997,0.628536528357032,-10.6119968194014,6.41029844868302,1
"virus_comp_16559_cycle_1_1","fixed","cond",NA,"Dx.StatusCELIAC:onset_timeline_combinedt0-12",9.9001526031576,3.52607625873082,2.80769667945896,0.00498972000329241,2.98917012930347,16.8111350770117,0.0592249659345476
"virus_comp_16559_cycle_1_1","fixed","cond",NA,"Dx.StatusCELIAC:onset_timeline_combinedt0-18",12.2574763573453,5.39455786367253,2.27219295206532,0.0230748587803702,1.68433723202977,22.8306154826607,0.36681267934398
"virus_comp_16559_cycle_1_1","fixed","cond",NA,"Dx.StatusCELIAC:onset_timeline_combinedt0-24",11.6091518871433,4.64593054942193,2.4987786114426,0.0124622138101352,2.50329533560192,20.7150084386846,0.105513410259145
"virus_comp_16559_cycle_1_1","fixed","cond",NA,"Dx.StatusCELIAC:onset_timeline_combinedt0-30",8.48953229995123,5.10133936094652,1.66417713060674,0.096077036867395,-1.50890912042053,18.487973720323,0.409928690634218
"virus_comp_16559_cycle_1_1","fixed","cond",NA,"Dx.StatusCELIAC:onset_timeline_combinedt0-36",6.44403014555592,4.67745141933172,1.37767975930717,0.168302183289069,-2.72360617577001,15.6116664668819,0.892693207903869
"virus_comp_16559_cycle_1_1","fixed","cond",NA,"Dx.StatusCELIAC:onset_timeline_combinedt0-over42",5.8976512197428,3.59163587645089,1.64205153935889,0.100579323471582,-1.14182574368289,12.9371281831685,0.990319492643274
"virus_comp_16559_cycle_1_2","fixed","cond",NA,"(Intercept)",-27.1768019418088,6.94853533412842,-3.91115546442244,9.18556198721003e-05,-40.7956809420045,-13.5579229416131,0.000344451069606574
"virus_comp_16559_cycle_1_2","fixed","cond",NA,"Dx.StatusCELIAC",0.897671541062433,5.31440876355841,0.168912776754751,0.865865249209744,-9.51837823463609,11.313721316761,0.999998120218113
"virus_comp_16559_cycle_1_2","fixed","cond",NA,"onset_timeline_combinedt0-6",0.849227011491582,2.93210351674631,0.289630637745679,0.772098825618526,-4.89759028027441,6.59604430325758,1
"virus_comp_16559_cycle_1_2","fixed","cond",NA,"onset_timeline_combinedt0-12",-8.00095411604995,3.6215302562886,-2.20927440883773,0.0271555600747197,-15.0990229872977,-0.902885244802179,0.215547258093087
"virus_comp_16559_cycle_1_2","fixed","cond",NA,"onset_timeline_combinedt0-18",-10.8299483085163,5.54434369480004,-1.95333278466729,0.0507801751316755,-21.6966622682361,0.036765651203531,0.442474719107883
"virus_comp_16559_cycle_1_2","fixed","cond",NA,"onset_timeline_combinedt0-24",-14.0051677737498,4.88920672665287,-2.86450718015307,0.00417658685828099,-23.5878368709604,-4.42249867653923,0.027917185842194
"virus_comp_16559_cycle_1_2","fixed","cond",NA,"onset_timeline_combinedt0-30",-11.7029716976344,5.27816271865162,-2.21724344652719,0.0266064601454715,-22.0479805307336,-1.35796286453523,0.162172709458112
"virus_comp_16559_cycle_1_2","fixed","cond",NA,"onset_timeline_combinedt0-36",-9.28936853261675,4.71124010914681,-1.97174593470232,0.0486386170369044,-18.523229469065,-0.055507596168459,0.221925692676741
"virus_comp_16559_cycle_1_2","fixed","cond",NA,"onset_timeline_combinedt0-over42",-8.62035496216219,3.30800426933312,-2.6059080521985,0.00916310559837871,-15.1039241907598,-2.13678573356455,0.0586438758296237
"virus_comp_16559_cycle_1_2","fixed","cond",NA,"SexMale",0.659889495454634,4.04766510085003,0.163029667478185,0.870495075885496,-7.2733883236911,8.59316731460037,1
"virus_comp_16559_cycle_1_2","fixed","cond",NA,"Age.at.Gluten.Introduction..months.",0.186650922140916,0.506943786365169,0.36818859834385,0.712732611333576,-0.806940641321182,1.18024248560301,0.883719897235668
"virus_comp_16559_cycle_1_2","fixed","cond",NA,"HLA.CategoryHigh Risk",2.61552932913416,3.84149288053367,0.68086272979655,0.495958352909679,-4.91365836357885,10.1447170218472,0.999993113296695
"virus_comp_16559_cycle_1_2","fixed","cond",NA,"HLA.CategoryLow/No Risk",0.991884006715184,6.21833406649352,0.159509604358471,0.873267392013036,-11.1958268074506,13.179594820881,0.999999262755209
"virus_comp_16559_cycle_1_2","fixed","cond",NA,"feeding_first_yearFormula",-1.1037635938205,6.15186743515943,-0.179419274789996,0.857608497857381,-13.1612022043978,10.9536750167568,1
"virus_comp_16559_cycle_1_2","fixed","cond",NA,"feeding_first_yearBreastmilk_and_formula",-0.53497111369345,4.92294119027323,-0.108669003552276,0.913465027805068,-10.1837585446377,9.11381631725083,0.999998456348986
"virus_comp_16559_cycle_1_2","fixed","cond",NA,"Delivery.ModeC-Section",20.4719396784615,14.9408439086932,1.37019968909186,0.170624575344838,-8.81157628121192,49.7554556381348,0.938899283384921
"virus_comp_16559_cycle_1_2","fixed","cond",NA,"Dx.StatusCELIAC:onset_timeline_combinedt0-6",-2.35049227195788,4.79878886653802,-0.489809478459841,0.624268722882663,-11.7559456197842,7.05496107586843,1
"virus_comp_16559_cycle_1_2","fixed","cond",NA,"Dx.StatusCELIAC:onset_timeline_combinedt0-12",9.80018568413738,4.02917606743572,2.43230514629123,0.0150030616186914,1.90314570459264,17.6972256636821,0.105854934754101
"virus_comp_16559_cycle_1_2","fixed","cond",NA,"Dx.StatusCELIAC:onset_timeline_combinedt0-18",12.6043816811673,6.01396028455235,2.09585382755908,0.036095159671989,0.817236118990474,24.3915272433442,0.36681267934398
"virus_comp_16559_cycle_1_2","fixed","cond",NA,"Dx.StatusCELIAC:onset_timeline_combinedt0-24",12.9525301160246,5.37273501431826,2.41078893366345,0.0159180573841311,2.42216298948351,23.4828972425656,0.113242030428724
"virus_comp_16559_cycle_1_2","fixed","cond",NA,"Dx.StatusCELIAC:onset_timeline_combinedt0-30",9.9134205363371,5.87435900142043,1.68757485436965,0.0914928695855584,-1.60011153870561,21.4269526113798,0.40383059679143
"virus_comp_16559_cycle_1_2","fixed","cond",NA,"Dx.StatusCELIAC:onset_timeline_combinedt0-36",6.53956547741893,5.47094685268972,1.19532608404043,0.231959652447462,-4.18329331518569,17.2624242700235,0.892693207903869
"virus_comp_16559_cycle_1_2","fixed","cond",NA,"Dx.StatusCELIAC:onset_timeline_combinedt0-over42",6.21518946302426,4.18757432571266,1.48419800571935,0.137756398721786,-1.99230539795714,14.4226843240057,1
"virus_comp_16559_cycle_1_3","fixed","cond",NA,"(Intercept)",-25.3246601941289,5.90243348397157,-4.29054563052674,1.78234657253034e-05,-36.8932172438564,-13.7561031444014,0.00010778953081493
"virus_comp_16559_cycle_1_3","fixed","cond",NA,"Dx.StatusCELIAC",-0.605663245258331,4.89700282760597,-0.12368039524993,0.901568334787,-10.2036124195568,8.99228592904017,0.999998120218113
"virus_comp_16559_cycle_1_3","fixed","cond",NA,"onset_timeline_combinedt0-6",1.14772789949732,2.45553453365669,0.46740450348632,0.6402105011616,-3.66503134926415,5.96048714825878,1
"virus_comp_16559_cycle_1_3","fixed","cond",NA,"onset_timeline_combinedt0-12",-6.25986400625854,2.24038231239891,-2.79410526123809,0.00520435353470418,-10.650932650161,-1.86879536235612,0.0734392109897146
"virus_comp_16559_cycle_1_3","fixed","cond",NA,"onset_timeline_combinedt0-18",-5.91941954437481,3.42717845067805,-1.7271991025748,0.0841319119744182,-12.6365658762956,0.797726787545948,0.442474719107883
"virus_comp_16559_cycle_1_3","fixed","cond",NA,"onset_timeline_combinedt0-24",-9.23065011646067,3.00096085799203,-3.07589820502923,0.00209869481848224,-15.1124253171395,-3.34887491578186,0.0177689494631496
"virus_comp_16559_cycle_1_3","fixed","cond",NA,"onset_timeline_combinedt0-30",-6.55416518826591,3.18159905778817,-2.06002235643806,0.0393964036114974,-12.7899847547773,-0.31834562175453,0.207061622603536
"virus_comp_16559_cycle_1_3","fixed","cond",NA,"onset_timeline_combinedt0-36",-3.6050291110196,3.07182403427043,-1.17357930363215,0.24056357503471,-9.62569358503417,2.41563536299496,0.565769889433483
"virus_comp_16559_cycle_1_3","fixed","cond",NA,"onset_timeline_combinedt0-over42",-7.46031941109405,2.116182511719,-3.52536672511954,0.000422896909862369,-11.6079609187768,-3.3126779034113,0.0127485997153017
"virus_comp_16559_cycle_1_3","fixed","cond",NA,"SexMale",0.523398677303265,3.6875731436589,0.141935808975964,0.887130709168725,-6.70411187462531,7.75090922923185,1
"virus_comp_16559_cycle_1_3","fixed","cond",NA,"Age.at.Gluten.Introduction..months.",0.137496634916782,0.44224119857803,0.31090869724233,0.75587003249087,-0.729280186775983,1.00427345660955,0.883719897235668
"virus_comp_16559_cycle_1_3","fixed","cond",NA,"HLA.CategoryHigh Risk",2.1682830267843,3.45939166372189,0.626781595597501,0.530802409206533,-4.6120000425287,8.94856609609731,0.999993113296695
"virus_comp_16559_cycle_1_3","fixed","cond",NA,"HLA.CategoryLow/No Risk",0.808992409902388,5.77843891792136,0.140001896947178,0.888658491603816,-10.5165397560881,12.1345245758929,0.999999262755209
"virus_comp_16559_cycle_1_3","fixed","cond",NA,"feeding_first_yearFormula",-1.65620289035332,5.34461975608967,-0.309882267763995,0.756650487787424,-12.1314651233503,8.81905934264368,1
"virus_comp_16559_cycle_1_3","fixed","cond",NA,"feeding_first_yearBreastmilk_and_formula",-0.871289032997907,4.72699979577451,-0.184321783507746,0.853761025925046,-10.1360383876441,8.39346032164832,0.999998456348986
"virus_comp_16559_cycle_1_3","fixed","cond",NA,"Delivery.ModeC-Section",17.6810270506023,12.7491263755086,1.38684224548656,0.165489872044637,-7.30680147974426,42.668855580949,0.938899283384921
"virus_comp_16559_cycle_1_3","fixed","cond",NA,"Dx.StatusCELIAC:onset_timeline_combinedt0-6",-1.6995573248788,4.04540881042657,-0.420120043368271,0.674397761184327,-9.62841289605589,6.22929824629829,1
"virus_comp_16559_cycle_1_3","fixed","cond",NA,"Dx.StatusCELIAC:onset_timeline_combinedt0-12",9.55935589819656,3.04123893277393,3.14324395731624,0.00167086521282571,3.59863712157862,15.5200746748145,0.0417856360135877
"virus_comp_16559_cycle_1_3","fixed","cond",NA,"Dx.StatusCELIAC:onset_timeline_combinedt0-18",8.86727607906031,4.28700011528331,2.06841050632309,0.0386014381010483,0.464910251385961,17.2696419067347,0.36681267934398
"virus_comp_16559_cycle_1_3","fixed","cond",NA,"Dx.StatusCELIAC:onset_timeline_combinedt0-24",9.27393108291195,3.60324298287297,2.57377343881416,0.0100596122101971,2.21170460893426,16.3361575568896,0.0950039116400153
"virus_comp_16559_cycle_1_3","fixed","cond",NA,"Dx.StatusCELIAC:onset_timeline_combinedt0-30",6.89976641667983,3.92692122996646,1.75704222535138,0.0789106121752648,-0.796857764180157,14.5963905975398,0.40383059679143
"virus_comp_16559_cycle_1_3","fixed","cond",NA,"Dx.StatusCELIAC:onset_timeline_combinedt0-36",2.56167556237678,3.81722386112806,0.671083398713681,0.502167402112824,-4.91994572636115,10.0432968511147,1
"virus_comp_16559_cycle_1_3","fixed","cond",NA,"Dx.StatusCELIAC:onset_timeline_combinedt0-over42",5.44805934667302,2.92131052007094,1.86493674987372,0.0621902704615155,-0.277604060324006,11.17372275367,0.796035461907399
"virus_comp_1740_cycle_1_2","fixed","cond",NA,"(Intercept)",-21.1191834323685,12.9101334601102,-1.63586096903047,0.101868688353798,-46.42258004979,4.18421318505292,0.174828694877463
"virus_comp_1740_cycle_1_2","fixed","cond",NA,"Dx.StatusCELIAC",2.05338946623641,5.99440128843893,0.342551218617391,0.731936105798075,-9.69542116798438,13.8022001004572,0.999998120218113
"virus_comp_1740_cycle_1_2","fixed","cond",NA,"onset_timeline_combinedt0-6",-15.0384008167325,2123.0696698274,-0.00708332893190224,0.994348368466588,-4176.17849034778,4146.10168871431,1
"virus_comp_1740_cycle_1_2","fixed","cond",NA,"onset_timeline_combinedt0-12",-23.2703622632065,17915.7559829836,-0.00129887693744594,0.998963646436631,-35137.506844719,35090.9661201926,0.999995349743898
"virus_comp_1740_cycle_1_2","fixed","cond",NA,"onset_timeline_combinedt0-18",-26.6951280920936,114904.348995872,-0.000232324784269502,0.999814631643207,-225235.080827023,225181.690570838,0.999999998540549
"virus_comp_1740_cycle_1_2","fixed","cond",NA,"onset_timeline_combinedt0-24",-23.8062166316578,26366.9234085935,-0.000902881851733178,0.99927960460815,-51702.026480601,51654.4140473377,0.999995842904296
"virus_comp_1740_cycle_1_2","fixed","cond",NA,"onset_timeline_combinedt0-30",7.60165138319534,7.01563941186769,1.08352937443397,0.278573519854739,-6.1487491925851,21.3520519589758,0.648316555298301
"virus_comp_1740_cycle_1_2","fixed","cond",NA,"onset_timeline_combinedt0-36",-0.773875382588961,5.2507320205398,-0.147384284621976,0.882828709115012,-11.0651210353182,9.51737027014026,0.999999999336064
"virus_comp_1740_cycle_1_2","fixed","cond",NA,"onset_timeline_combinedt0-over42",0.909926282594894,5.90665875771695,0.154050931316472,0.877569577462953,-10.6669121514984,12.4867647166882,1
"virus_comp_1740_cycle_1_2","fixed","cond",NA,"SexMale",-29.3127631808998,30641.3859955096,-0.000956639597999759,0.999236712150925,-60085.3257507697,60026.7002244079,1
"virus_comp_1740_cycle_1_2","fixed","cond",NA,"Age.at.Gluten.Introduction..months.",0.472836016614813,1.02387152144555,0.461811864780887,0.644216241669066,-1.53391529021469,2.47958732344432,0.883719897235668
"virus_comp_1740_cycle_1_2","fixed","cond",NA,"HLA.CategoryHigh Risk",5.7598715026576,4.00856406761951,1.43689146674363,0.150748834972028,-2.09676969959801,13.6165127049132,0.918850041734268
"virus_comp_1740_cycle_1_2","fixed","cond",NA,"HLA.CategoryLow/No Risk",-5.66427149073738,28.9127570465275,-0.195909075070988,0.844681334031445,-62.3322339956879,51.0036910142131,0.999999262755209
"virus_comp_1740_cycle_1_2","fixed","cond",NA,"feeding_first_yearFormula",-3.39229613530978,4.78424023167573,-0.709056395799255,0.478289480524087,-12.7692346827818,5.9846424121622,1
"virus_comp_1740_cycle_1_2","fixed","cond",NA,"feeding_first_yearBreastmilk_and_formula",-4.81101710046643,4.56450475893282,-1.05400637189636,0.291879999875023,-13.7572820352364,4.13524783430358,0.999998456348986
"virus_comp_1740_cycle_1_2","fixed","cond",NA,"Delivery.ModeC-Section",8.7150498851245,25.2669181964644,0.344919384998207,0.730154976786935,-40.8071997802654,58.2372995505144,1
"virus_comp_1740_cycle_1_2","fixed","cond",NA,"Dx.StatusCELIAC:onset_timeline_combinedt0-6",-5.5339215214714,23505.4325441596,-0.000235431596975501,0.999812152765383,-46075.3351491099,46064.267306067,1
"virus_comp_1740_cycle_1_2","fixed","cond",NA,"Dx.StatusCELIAC:onset_timeline_combinedt0-12",-8.17039659126263,411266.281203781,-1.98664392503752e-05,0.999984148874845,-806075.269611723,806058.928818541,0.999999948577024
"virus_comp_1740_cycle_1_2","fixed","cond",NA,"Dx.StatusCELIAC:onset_timeline_combinedt0-18",-8.22506298990906,1650731.42412505,-4.98267790247506e-06,0.99999602439823,-3235382.3644966,3235365.91437062,1
"virus_comp_1740_cycle_1_2","fixed","cond",NA,"Dx.StatusCELIAC:onset_timeline_combinedt0-24",-7.22745159393086,206995.750004149,-3.49159419639581e-05,0.999972141108987,-405711.442412583,405696.987509395,0.999996294200444
"virus_comp_1740_cycle_1_2","fixed","cond",NA,"Dx.StatusCELIAC:onset_timeline_combinedt0-30",-41.4334316768137,419878.695996622,-9.86795283301228e-05,0.999921265128006,-822988.555460698,822905.688597344,1
"virus_comp_1740_cycle_1_2","fixed","cond",NA,"Dx.StatusCELIAC:onset_timeline_combinedt0-36",-16.2405900387274,345.685946872066,-0.0469807644356971,0.962528558354619,-693.772595869604,661.291415792149,1
"virus_comp_1740_cycle_1_2","fixed","cond",NA,"Dx.StatusCELIAC:onset_timeline_combinedt0-over42",-35.4448909296646,72390.8915492945,-0.000489631915992199,0.999609330269363,-141918.985136292,141848.095354433,1
"virus_comp_17776_cycle_1_1","fixed","cond",NA,"(Intercept)",-20.9494175357561,4.87515026088562,-4.29718396658207,1.72981627949924e-05,-30.5045364663129,-11.3942986051992,0.00010778953081493
"virus_comp_17776_cycle_1_1","fixed","cond",NA,"Dx.StatusCELIAC",-2.19134326419765,3.38668076137417,-0.647047483539163,0.517601212476477,-8.8291155836257,4.4464290552304,0.999998120218113
"virus_comp_17776_cycle_1_1","fixed","cond",NA,"onset_timeline_combinedt0-6",-22.640336757414,32862.5622766187,-0.000688940094410178,0.999450305378836,-64432.0788386346,64386.7981651198,1
"virus_comp_17776_cycle_1_1","fixed","cond",NA,"onset_timeline_combinedt0-12",3.41145395589388,3.20389462549648,1.06478344473181,0.286973938551743,-2.86806412034066,9.69097203212842,0.700878657616756
"virus_comp_17776_cycle_1_1","fixed","cond",NA,"onset_timeline_combinedt0-18",3.08971430714772,3.24026601319358,0.953537238784455,0.340317937741249,-3.26109037904088,9.44051899333632,0.741514923935026
"virus_comp_17776_cycle_1_1","fixed","cond",NA,"onset_timeline_combinedt0-24",3.25650896227243,2.70172557975078,1.20534409070992,0.228070495269729,-2.0387758701497,8.55179379469456,0.546508545268973
"virus_comp_17776_cycle_1_1","fixed","cond",NA,"onset_timeline_combinedt0-30",0.407417745662131,3.12769443094929,0.130261364930869,0.896359645893853,-5.72275069364497,6.53758618496924,1
"virus_comp_17776_cycle_1_1","fixed","cond",NA,"onset_timeline_combinedt0-36",2.90688972988314,2.36811067095053,1.2275143073091,0.219629347707359,-1.73452189658489,7.54830135635116,0.565769889433483
"virus_comp_17776_cycle_1_1","fixed","cond",NA,"onset_timeline_combinedt0-over42",2.05602335042223,1.99859928112152,1.02873215748806,0.303605554365536,-1.8611592601036,5.97320596094805,1
"virus_comp_17776_cycle_1_1","fixed","cond",NA,"SexMale",-2.5396595586015,2.27071598259906,-1.11843998900057,0.263379123335346,-6.99018110361513,1.91086198641213,1
"virus_comp_17776_cycle_1_1","fixed","cond",NA,"Age.at.Gluten.Introduction..months.",0.376929533752905,0.395710955015951,0.952537525117824,0.340824444375815,-0.398649686366309,1.15250875387212,0.883719897235668
"virus_comp_17776_cycle_1_1","fixed","cond",NA,"HLA.CategoryHigh Risk",6.51520080070239,2.36563600784912,2.75410112928832,0.00588535795391808,1.878639424787,11.1517621766178,0.107795519397515
"virus_comp_17776_cycle_1_1","fixed","cond",NA,"HLA.CategoryLow/No Risk",-3.8710118067246,11.6958761226497,-0.330972367194294,0.74066535813338,-26.79450777476,19.0524841613108,0.999999262755209
"virus_comp_17776_cycle_1_1","fixed","cond",NA,"feeding_first_yearFormula",-3.71842202100247,2.26729214081472,-1.64002774678446,0.100999397907261,-8.16223295943004,0.725388917425094,1
"virus_comp_17776_cycle_1_1","fixed","cond",NA,"feeding_first_yearBreastmilk_and_formula",1.56515805358512,2.14342917334132,0.7302121633183,0.46526050879412,-2.63588592957632,5.76620203674657,0.999998456348986
"virus_comp_17776_cycle_1_1","fixed","cond",NA,"Delivery.ModeC-Section",5.42398905340668,9.84998790332254,0.550659463406761,0.581867137782578,-13.8816324852607,24.7296105920741,1
"virus_comp_17776_cycle_1_1","fixed","cond",NA,"Dx.StatusCELIAC:onset_timeline_combinedt0-6",-3.58162748803732,135363.735823521,-2.6459283694023e-05,0.999978888546053,-265311.628654383,265304.465399407,1
"virus_comp_17776_cycle_1_1","fixed","cond",NA,"Dx.StatusCELIAC:onset_timeline_combinedt0-12",-1.40893546903343,3.88939422346998,-0.362250620040368,0.717164755224105,-9.03200806871272,6.21413713064587,0.999999948577024
"virus_comp_17776_cycle_1_1","fixed","cond",NA,"Dx.StatusCELIAC:onset_timeline_combinedt0-18",-31.360269672078,431395.908570468,-7.26948704172869e-05,0.999941997885296,-845551.804145724,845489.08360638,1
"virus_comp_17776_cycle_1_1","fixed","cond",NA,"Dx.StatusCELIAC:onset_timeline_combinedt0-24",-27.8992715397543,39193.97205341,-0.000711825571078524,0.999432045414815,-76846.6729072928,76790.8743642133,0.999996294200444
"virus_comp_17776_cycle_1_1","fixed","cond",NA,"Dx.StatusCELIAC:onset_timeline_combinedt0-30",-29.1705426451018,227238.647970329,-0.000128369636528161,0.99989757584922,-445408.736460065,445350.395374775,1
"virus_comp_17776_cycle_1_1","fixed","cond",NA,"Dx.StatusCELIAC:onset_timeline_combinedt0-36",-24.549490639373,14702.6197576615,-0.001669735805184,0.998667744199483,-28841.1546940429,28792.0557127641,1
"virus_comp_17776_cycle_1_1","fixed","cond",NA,"Dx.StatusCELIAC:onset_timeline_combinedt0-over42",-36.0412520243212,380141.801645621,-9.48100205457536e-05,0.99992435254851,-745100.281495611,745028.198991563,1
"virus_comp_17783_cycle_1_5","fixed","cond",NA,"(Intercept)",-10.3482242479343,1.43424748143719,-7.215089712108,5.38984310004495e-13,-13.1592976564685,-7.53715083940012,3.60635742229842e-11
"virus_comp_17783_cycle_1_5","fixed","cond",NA,"Dx.StatusCELIAC",0.757001783389375,1.90724277173166,0.396908980130549,0.691434581813536,-2.98112535897903,4.49512892575778,0.999998120218113
"virus_comp_17783_cycle_1_5","fixed","cond",NA,"onset_timeline_combinedt0-6",-2.79287324032973,2.853429230186,-0.978777819608892,0.32768977138094,-8.38549176392813,2.79974528326867,1
"virus_comp_17783_cycle_1_5","fixed","cond",NA,"onset_timeline_combinedt0-12",2.08641417152378,1.73226741508293,1.2044411580783,0.228419112127393,-1.30876757363106,5.48159591667862,0.623922462439543
"virus_comp_17783_cycle_1_5","fixed","cond",NA,"onset_timeline_combinedt0-18",2.81572371793192,2.06508607486487,1.3634897606465,0.172728209317292,-1.23177061377841,6.86321804964225,0.539249043722279
"virus_comp_17783_cycle_1_5","fixed","cond",NA,"onset_timeline_combinedt0-24",-1.259391065798,1.86839554331699,-0.67404949144879,0.500279849371158,-4.92137903957444,2.40259690797844,0.854069680838339
"virus_comp_17783_cycle_1_5","fixed","cond",NA,"onset_timeline_combinedt0-30",3.85597826286617,1.80316057305269,2.13845528817111,0.0324798093093808,0.321848481340295,7.39010804439205,0.188973435981852
"virus_comp_17783_cycle_1_5","fixed","cond",NA,"onset_timeline_combinedt0-36",2.14408654858314,2.45604425222078,0.872983679607742,0.382671973408205,-2.66967173020619,6.95784482737247,0.8099890103807
"virus_comp_17783_cycle_1_5","fixed","cond",NA,"onset_timeline_combinedt0-over42",2.25784197163176,2.29500838421779,0.983805543874431,0.325211132985214,-2.24029180565257,6.75597574891609,1
"virus_comp_17783_cycle_1_5","fixed","cond",NA,"SexMale",-2.49838276867621,1.33845367602834,-1.86661878062884,0.0619548430274418,-5.12170376866701,0.124938231314579,1
"virus_comp_17783_cycle_1_5","fixed","cond",NA,"Age.at.Gluten.Introduction..months.",-0.0951998794182942,0.10105137976072,-0.942093810532012,0.346144613091125,-0.293256944337385,0.102857185500797,0.883719897235668
"virus_comp_17783_cycle_1_5","fixed","cond",NA,"HLA.CategoryHigh Risk",-1.21793679831874,1.32162586794546,-0.921544309822035,0.356766318563643,-3.80827590052832,1.37240230389084,0.999993113296695
"virus_comp_17783_cycle_1_5","fixed","cond",NA,"HLA.CategoryLow/No Risk",-2.5904694814699,2.59071188159705,-0.999906434934399,0.317355789994654,-7.66817146372011,2.48723250078032,0.999999262755209
"virus_comp_17783_cycle_1_5","fixed","cond",NA,"feeding_first_yearFormula",0.422745968593813,1.42388546771825,0.296896048297519,0.766545873224208,-2.36801826624393,3.21351020343155,1
"virus_comp_17783_cycle_1_5","fixed","cond",NA,"feeding_first_yearBreastmilk_and_formula",2.07995388723271,1.1759499759379,1.76874350932641,0.076936687822337,-0.224865713226324,4.38477348769174,0.999998456348986
"virus_comp_17783_cycle_1_5","fixed","cond",NA,"Delivery.ModeC-Section",1.39836754396702,3.10959386155307,0.449694592357028,0.652930671085255,-4.69632443122382,7.49305951915787,1
"virus_comp_17783_cycle_1_5","fixed","cond",NA,"Dx.StatusCELIAC:onset_timeline_combinedt0-6",-30.1876506720589,788290.476033243,-3.82950848575086e-05,0.999969444943045,-1545051.13003176,1544990.75473042,1
"virus_comp_17783_cycle_1_5","fixed","cond",NA,"Dx.StatusCELIAC:onset_timeline_combinedt0-12",-3.29253311658288,2.53783850780647,-1.29737692388816,0.19450152844005,-8.26660519046243,1.68153895729667,0.667613354375306
"virus_comp_17783_cycle_1_5","fixed","cond",NA,"Dx.StatusCELIAC:onset_timeline_combinedt0-18",-0.5338282269203,2.82193159038625,-0.189171214759048,0.849958627605071,-6.06471251091318,4.99705605707258,1
"virus_comp_17783_cycle_1_5","fixed","cond",NA,"Dx.StatusCELIAC:onset_timeline_combinedt0-24",0.59780825454828,2.59420709334231,0.230439680811326,0.817750129874493,-4.48674421684099,5.68236072593755,0.999996294200444
"virus_comp_17783_cycle_1_5","fixed","cond",NA,"Dx.StatusCELIAC:onset_timeline_combinedt0-30",-0.216831091605389,3.33393833778527,-0.0650375230843139,0.948144124382615,-6.75123016034185,6.31756797713108,1
"virus_comp_17783_cycle_1_5","fixed","cond",NA,"Dx.StatusCELIAC:onset_timeline_combinedt0-36",-35.9624715756916,1181075.82539806,-3.04489100550096e-05,0.999975705284778,-2314902.04326268,2314830.11831953,1
"virus_comp_17783_cycle_1_5","fixed","cond",NA,"Dx.StatusCELIAC:onset_timeline_combinedt0-over42",-2.34820966646823,2.99101833320312,-0.785087018825962,0.432402550188772,-8.21049787664536,3.5140785437089,1
"virus_comp_17800_cycle_1_55","fixed","cond",NA,"(Intercept)",-44.0189355871097,363.515865474019,-0.121092199180109,0.903618007861242,-756.496939725094,668.459068550875,0.999989040315975
"virus_comp_17800_cycle_1_55","fixed","cond",NA,"Dx.StatusCELIAC",9.29016736886905,22.8175431059543,0.40715020568734,0.683897671068715,-35.4313953344916,54.0117300722297,0.999998120218113
"virus_comp_17800_cycle_1_55","fixed","cond",NA,"onset_timeline_combinedt0-6",-9.64282403642049,2085.67407128105,-0.00462336094080977,0.996311104828289,-4097.4888872363,4078.20323916346,1
"virus_comp_17800_cycle_1_55","fixed","cond",NA,"onset_timeline_combinedt0-12",-7.62979112312374,714.397832064271,-0.0106800311824537,0.991478730004632,-1407.82381260259,1392.56423035634,0.999995349743898
"virus_comp_17800_cycle_1_55","fixed","cond",NA,"onset_timeline_combinedt0-18",-6.77906065476178,468.524524594126,-0.0144689558366968,0.988455846324442,-925.070254732998,911.512133423475,0.999999998540549
"virus_comp_17800_cycle_1_55","fixed","cond",NA,"onset_timeline_combinedt0-24",7.67646044319665,22.4460802989649,0.341995588581702,0.732354212122121,-36.3170485368686,51.6699694232619,0.999995842904296
"virus_comp_17800_cycle_1_55","fixed","cond",NA,"onset_timeline_combinedt0-30",-13.5911085239398,11232.0244415054,-0.00121003195770452,0.999034534418472,-22027.954487348,22000.7722703002,1
"virus_comp_17800_cycle_1_55","fixed","cond",NA,"onset_timeline_combinedt0-36",-11.4158812488069,5646.24720910136,-0.00202185289202452,0.998386795892339,-11077.8570588973,11055.0252963996,0.999999999336064
"virus_comp_17800_cycle_1_55","fixed","cond",NA,"onset_timeline_combinedt0-over42",-13.3942775810831,41192.328212835,-0.000325164373129791,0.999740556371528,-80748.8740140908,80722.0854589286,1
"virus_comp_17800_cycle_1_55","fixed","cond",NA,"SexMale",-17.6783322897226,823.349162465683,-0.0214712458524659,0.982869740659261,-1631.41303742368,1596.05637284423,1
"virus_comp_17800_cycle_1_55","fixed","cond",NA,"Age.at.Gluten.Introduction..months.",0.311982050655816,1.19285836420836,0.26154157108406,0.793674895680404,-2.02597738184993,2.64994148316156,0.894291193054242
"virus_comp_17800_cycle_1_55","fixed","cond",NA,"HLA.CategoryHigh Risk",-0.43368157969537,4.86244174017469,-0.0891900824460654,0.928930847027606,-9.96389226736203,9.09652910797128,0.999993113296695
"virus_comp_17800_cycle_1_55","fixed","cond",NA,"HLA.CategoryLow/No Risk",-15.0746289638196,34.5605065498748,-0.436180787514361,0.662705566204216,-82.8119770890349,52.6627191613956,0.999999262755209
"virus_comp_17800_cycle_1_55","fixed","cond",NA,"feeding_first_yearFormula",18.7667013979092,362.766515214697,0.0517321765124944,0.95874209840794,-692.242603219999,729.776006015817,1
"virus_comp_17800_cycle_1_55","fixed","cond",NA,"feeding_first_yearBreastmilk_and_formula",16.0061395559394,362.73906141856,0.0441257676891602,0.964804153139078,-694.949356610301,726.96163572218,0.999998456348986
"virus_comp_17800_cycle_1_55","fixed","cond",NA,"Delivery.ModeC-Section",-1.17285519240559,3767.49582824023,-0.000311308955835903,0.999751611394511,-7385.32899044816,7382.98328006335,1
"virus_comp_17800_cycle_1_55","fixed","cond",NA,"Dx.StatusCELIAC:onset_timeline_combinedt0-6",-5.70088088498602,2974.33279051957,-0.00191669234295405,0.998470701708114,-5835.28602833986,5823.88426656988,1
"virus_comp_17800_cycle_1_55","fixed","cond",NA,"Dx.StatusCELIAC:onset_timeline_combinedt0-12",8.61958397619258,714.397873614099,0.0120655230013306,0.990373339049615,-1391.57451893944,1408.81368689182,0.999999948577024
"virus_comp_17800_cycle_1_55","fixed","cond",NA,"Dx.StatusCELIAC:onset_timeline_combinedt0-18",8.03708495444616,468.524588143684,0.0171540302426591,0.986313735338887,-910.254233678637,926.32840358753,1
"virus_comp_17800_cycle_1_55","fixed","cond",NA,"Dx.StatusCELIAC:onset_timeline_combinedt0-24",-6.43479385164788,22.4491820799884,-0.286638231572097,0.774389337640855,-50.4343822108072,37.5647945075114,0.999996294200444
"virus_comp_17800_cycle_1_55","fixed","cond",NA,"Dx.StatusCELIAC:onset_timeline_combinedt0-30",-9.67534286566776,47935.6296138984,-0.000201840320938697,0.999838954725269,-93961.7829623581,93942.4322766268,1
"virus_comp_17800_cycle_1_55","fixed","cond",NA,"Dx.StatusCELIAC:onset_timeline_combinedt0-36",-5.37399350934796,10499.5663552668,-0.000511830043976271,0.999591618727987,-20584.1459031207,20573.397916102,1
"virus_comp_17800_cycle_1_55","fixed","cond",NA,"Dx.StatusCELIAC:onset_timeline_combinedt0-over42",-13.9247369211673,471408.224457287,-2.95385956348094e-05,0.999976431610599,-923957.066689177,923929.217215334,1
"virus_comp_17800_cycle_1_6","fixed","cond",NA,"(Intercept)",-44.9605946236486,396.346647035484,-0.113437555129925,0.909683667165362,-821.785748206406,731.864558959109,0.999989040315975
"virus_comp_17800_cycle_1_6","fixed","cond",NA,"Dx.StatusCELIAC",9.10675236423901,44.7392700099245,0.203551652993418,0.838703877356852,-78.580605549826,96.794110278304,0.999998120218113
"virus_comp_17800_cycle_1_6","fixed","cond",NA,"onset_timeline_combinedt0-6",-7.323559503669,4153.17746624344,-0.00176336300656403,0.998593040611116,-8147.40181474413,8132.75469573679,1
"virus_comp_17800_cycle_1_6","fixed","cond",NA,"onset_timeline_combinedt0-12",-10.7947631274371,3748.1607016538,-0.00288001608967142,0.997702082803864,-7357.05474663727,7335.46522038239,0.999995349743898
"virus_comp_17800_cycle_1_6","fixed","cond",NA,"onset_timeline_combinedt0-18",7.05638173843913,44.3128821290866,0.159239963626906,0.873479819126192,-79.7952712857393,93.9080347626175,0.999999998540549
"virus_comp_17800_cycle_1_6","fixed","cond",NA,"onset_timeline_combinedt0-24",8.36098407578691,44.3089122219133,0.188697570229493,0.850329856054113,-78.4828880733097,95.2048562248835,0.999995842904296
"virus_comp_17800_cycle_1_6","fixed","cond",NA,"onset_timeline_combinedt0-30",-17.3126073463148,77653.4072839494,-0.000222947169375441,0.999822113897154,-152215.194160707,152180.568946015,1
"virus_comp_17800_cycle_1_6","fixed","cond",NA,"onset_timeline_combinedt0-36",-15.1766126940791,40096.1030240114,-0.000378505928244215,0.999697995970893,-78602.094460164,78571.7412347759,0.999999999336064
"virus_comp_17800_cycle_1_6","fixed","cond",NA,"onset_timeline_combinedt0-over42",-12.0118863799764,49653.347816204,-0.00024191493440562,0.999806979810693,-97330.7853179803,97306.7615452204,1
"virus_comp_17800_cycle_1_6","fixed","cond",NA,"SexMale",-17.4745426949396,3665.53004412873,-0.00476726216524388,0.996196289528745,-7201.78141343676,7166.83232804688,1
"virus_comp_17800_cycle_1_6","fixed","cond",NA,"Age.at.Gluten.Introduction..months.",0.378016439978739,1.75548269887326,0.215334756771665,0.829506333188612,-3.06266642529602,3.8186993052535,0.906715641575999
"virus_comp_17800_cycle_1_6","fixed","cond",NA,"HLA.CategoryHigh Risk",-0.69591091551401,8.08117169953647,-0.086115100803257,0.931374919513092,-16.5347163994898,15.1428945684618,0.999993113296695
"virus_comp_17800_cycle_1_6","fixed","cond",NA,"HLA.CategoryLow/No Risk",-18.9807148590755,118.007485855274,-0.160843311943394,0.872216811324475,-250.271137041532,212.309707323382,0.999999262755209
"virus_comp_17800_cycle_1_6","fixed","cond",NA,"feeding_first_yearFormula",14.5398227850364,393.701448011737,0.0369310879054804,0.970539952084428,-757.100835979237,786.180481549309,1
"virus_comp_17800_cycle_1_6","fixed","cond",NA,"feeding_first_yearBreastmilk_and_formula",12.6807948870402,393.704275783753,0.0322089336261241,0.974305431873386,-758.965406208541,784.326995982621,0.999998456348986
"virus_comp_17800_cycle_1_6","fixed","cond",NA,"Delivery.ModeC-Section",-0.872342544622111,69190.057595781,-1.26079175958845e-05,0.999989940337207,-135610.893318527,135609.148633438,1
"virus_comp_17800_cycle_1_6","fixed","cond",NA,"Dx.StatusCELIAC:onset_timeline_combinedt0-6",-5.53047846754769,4676.92603890439,-0.00118250287080513,0.999056499436164,-9172.13707307773,9161.07611614263,1
"virus_comp_17800_cycle_1_6","fixed","cond",NA,"Dx.StatusCELIAC:onset_timeline_combinedt0-12",9.47822191422086,3748.16070402783,0.00252876615029751,0.997982338681173,-7336.78176624862,7355.73821007706,0.999999948577024
"virus_comp_17800_cycle_1_6","fixed","cond",NA,"Dx.StatusCELIAC:onset_timeline_combinedt0-18",-6.54589276304387,44.31316484913,-0.147718917963324,0.882564601055892,-93.3980999083249,80.3063143822371,1
"virus_comp_17800_cycle_1_6","fixed","cond",NA,"Dx.StatusCELIAC:onset_timeline_combinedt0-24",-7.38228158772429,44.3094947704322,-0.166607216488745,0.867679115132171,-94.2272955109372,79.4627323354886,0.999996294200444
"virus_comp_17800_cycle_1_6","fixed","cond",NA,"Dx.StatusCELIAC:onset_timeline_combinedt0-30",-9.91880627608856,213557.923993509,-4.64455080411348e-05,0.999962941846229,-418575.758446696,418555.920834143,1
"virus_comp_17800_cycle_1_6","fixed","cond",NA,"Dx.StatusCELIAC:onset_timeline_combinedt0-36",-4.98394650021836,50529.913364291,-9.86335849081518e-05,0.999921301785553,-99041.7942824398,99031.8263894393,1
"virus_comp_17800_cycle_1_6","fixed","cond",NA,"Dx.StatusCELIAC:onset_timeline_combinedt0-over42",-12.1816675015965,351822.082751558,-3.46245107934248e-05,0.999972373637418,-689570.792826425,689546.429491421,1
"virus_comp_17810_cycle_1_1","fixed","cond",NA,"(Intercept)",-29.7420151866614,12.8629137899561,-2.31223000265191,0.0207650117341781,-54.9528629512189,-4.53116742210393,0.0462659033375547
"virus_comp_17810_cycle_1_1","fixed","cond",NA,"Dx.StatusCELIAC",-2.32012138623361,4.80276617183061,-0.48308022985622,0.629038771025092,-11.7333701091889,7.0931273367217,0.999998120218113
"virus_comp_17810_cycle_1_1","fixed","cond",NA,"onset_timeline_combinedt0-6",-15.2051100209358,6972.76112430073,-0.00218064404471631,0.998260099163046,-13681.5657864514,13651.1555664095,1
"virus_comp_17810_cycle_1_1","fixed","cond",NA,"onset_timeline_combinedt0-12",-3.74107832286615,2.21989027405439,-1.68525371122667,0.0919396322814828,-8.09198330964351,0.609826663911207,0.370664045790786
"virus_comp_17810_cycle_1_1","fixed","cond",NA,"onset_timeline_combinedt0-18",-17.8390818148816,25268.8824342805,-0.000705970351529304,0.99943671720292,-49543.9385825814,49508.2604189516,0.999999998540549
"virus_comp_17810_cycle_1_1","fixed","cond",NA,"onset_timeline_combinedt0-24",-25.9008441060455,46494.2703876102,-0.000557076041630874,0.999555517650179,-91152.9962912892,91101.1946030771,0.999995842904296
"virus_comp_17810_cycle_1_1","fixed","cond",NA,"onset_timeline_combinedt0-30",-31.0262393480799,347271.618817196,-8.93428592113429e-05,0.999928714712112,-680670.891973974,680608.839495277,1
"virus_comp_17810_cycle_1_1","fixed","cond",NA,"onset_timeline_combinedt0-36",-1.9447462668842,2.11674548186086,-0.918743553983893,0.358229722949472,-6.09349117576937,2.20399864200097,0.771104657874287
"virus_comp_17810_cycle_1_1","fixed","cond",NA,"onset_timeline_combinedt0-over42",-3.37101397525102,1.89714786347095,-1.77688520761031,0.0755871286721402,-7.08935546100119,0.347327510499143,0.358338980371628
"virus_comp_17810_cycle_1_1","fixed","cond",NA,"SexMale",-1.66457365979292,5.2522853572461,-0.316923690655242,0.751301505395691,-11.9588637965224,8.62971647693652,1
"virus_comp_17810_cycle_1_1","fixed","cond",NA,"Age.at.Gluten.Introduction..months.",0.416515299525019,1.13742465797351,0.36619155089103,0.714222146413457,-1.81279606523085,2.64582666428089,0.883719897235668
"virus_comp_17810_cycle_1_1","fixed","cond",NA,"HLA.CategoryHigh Risk",2.11957865368372,5.141404469222,0.412256741591166,0.680151251717834,-7.95738893594466,12.1965462433121,0.999993113296695
"virus_comp_17810_cycle_1_1","fixed","cond",NA,"HLA.CategoryLow/No Risk",-39.778382294371,6003975.18631937,-6.62534088831842e-06,0.999994713742795,-11767614.9076404,11767535.3508758,0.999999262755209
"virus_comp_17810_cycle_1_1","fixed","cond",NA,"feeding_first_yearFormula",4.27434017422547,6.22445767730205,0.686700817295644,0.49227128184126,-7.92537269658038,16.4740530450313,1
"virus_comp_17810_cycle_1_1","fixed","cond",NA,"feeding_first_yearBreastmilk_and_formula",4.3070863143505,5.48150819285369,0.785748404055237,0.432014899511636,-6.43647232460397,15.050644953305,0.999998456348986
"virus_comp_17810_cycle_1_1","fixed","cond",NA,"Delivery.ModeC-Section",39.2127410271012,6003975.18634657,6.53112976154091e-06,0.999994788912399,-11767535.9165704,11767614.3420525,1
"virus_comp_17810_cycle_1_1","fixed","cond",NA,"Dx.StatusCELIAC:onset_timeline_combinedt0-6",-2.5964746424109,38069.0425804002,-6.8204358881032e-05,0.999945580795112,-74616.5488581486,74611.3559088637,1
"virus_comp_17810_cycle_1_1","fixed","cond",NA,"Dx.StatusCELIAC:onset_timeline_combinedt0-12",4.12946065896533,2.9846766322426,1.38355378748772,0.16649512685341,-1.72039804572846,9.97931936365912,0.621691382175626
"virus_comp_17810_cycle_1_1","fixed","cond",NA,"Dx.StatusCELIAC:onset_timeline_combinedt0-18",-0.82677563850883,200242.094719217,-4.12888029196932e-06,0.999996705630162,-392468.120614162,392466.467062885,1
"virus_comp_17810_cycle_1_1","fixed","cond",NA,"Dx.StatusCELIAC:onset_timeline_combinedt0-24",22.3623384630337,46494.270434262,0.000480969767977148,0.999616241662714,-91104.7332001558,91149.4578770819,0.999996294200444
"virus_comp_17810_cycle_1_1","fixed","cond",NA,"Dx.StatusCELIAC:onset_timeline_combinedt0-30",29.8573206659096,347271.618823168,8.5976852260746e-05,0.999931400397079,-680610.008425665,680669.723066997,1
"virus_comp_17810_cycle_1_1","fixed","cond",NA,"Dx.StatusCELIAC:onset_timeline_combinedt0-36",-2.36867063080283,3.06739494522839,-0.77220921110518,0.439990526889841,-8.38065424981068,3.64331298820502,1
"virus_comp_17810_cycle_1_1","fixed","cond",NA,"Dx.StatusCELIAC:onset_timeline_combinedt0-over42",0.113880728267792,2.59453501328278,0.0438925386185873,0.964990062890476,-4.97131445439461,5.1990759109302,1
"virus_comp_18003_cycle_1_1","fixed","cond",NA,"(Intercept)",-13.3302116825166,3.56569865443204,-3.73845716489464,0.000185153031471674,-20.3188526249264,-6.34157074010692,0.000534418977202332
"virus_comp_18003_cycle_1_1","fixed","cond",NA,"Dx.StatusCELIAC",11.5987663667342,4.23005287106654,2.74199087346389,0.00610680383523415,3.30801508674353,19.8895176467249,0.390835445454986
"virus_comp_18003_cycle_1_1","fixed","cond",NA,"onset_timeline_combinedt0-6",0.925436468317748,3.19996883632083,0.289201712783481,0.772427021217644,-5.34638720252163,7.19726013915713,1
"virus_comp_18003_cycle_1_1","fixed","cond",NA,"onset_timeline_combinedt0-12",5.49958829665911,3.53623302898125,1.55521094101751,0.119895839415724,-1.43130108108511,12.4304776744033,0.373802828384133
"virus_comp_18003_cycle_1_1","fixed","cond",NA,"onset_timeline_combinedt0-18",5.42145095668856,3.48391152416952,1.55613910372793,0.119675018207256,-1.40689015600774,12.2497920693849,0.476191885638561
"virus_comp_18003_cycle_1_1","fixed","cond",NA,"onset_timeline_combinedt0-24",3.85762516498363,3.26407523833507,1.18184321233701,0.237267918073254,-2.53984474498211,10.2550950749494,0.555989284218217
"virus_comp_18003_cycle_1_1","fixed","cond",NA,"onset_timeline_combinedt0-30",7.28443567377996,3.26970040050671,2.22786028733736,0.0258898331148635,0.875940648550622,13.6929306990093,0.162172709458112
"virus_comp_18003_cycle_1_1","fixed","cond",NA,"onset_timeline_combinedt0-36",6.54234513082121,3.44771310635695,1.89758977298846,0.0577501426823364,-0.215048386665114,13.2997386483075,0.244475604021891
"virus_comp_18003_cycle_1_1","fixed","cond",NA,"onset_timeline_combinedt0-over42",9.65769906481995,3.50511650712859,2.75531470785021,0.00586357059454542,2.78779694923109,16.5276011804088,0.0469085647563634
"virus_comp_18003_cycle_1_1","fixed","cond",NA,"SexMale",1.15674009370622,2.24307581724797,0.515693711648776,0.606068347301154,-3.23960772269255,5.55308791010498,1
"virus_comp_18003_cycle_1_1","fixed","cond",NA,"Age.at.Gluten.Introduction..months.",-0.461459135843504,0.203264417604889,-2.27024061210999,0.023192988150557,-0.859850073687596,-0.0630681979994125,0.428929756586782
"virus_comp_18003_cycle_1_1","fixed","cond",NA,"HLA.CategoryHigh Risk",-2.62228635567261,2.02422000843855,-1.29545520977999,0.195163242993194,-6.58968466899753,1.34511195765232,0.999993113296695
"virus_comp_18003_cycle_1_1","fixed","cond",NA,"HLA.CategoryLow/No Risk",2.2425790593292,3.33072860084078,0.673299847595839,0.500756549715904,-4.28552904059622,8.77068715925462,0.999999262755209
"virus_comp_18003_cycle_1_1","fixed","cond",NA,"feeding_first_yearFormula",2.30883616896175,3.08597439523653,0.748170876766065,0.454357095066774,-3.73956250291463,8.35723484083812,1
"virus_comp_18003_cycle_1_1","fixed","cond",NA,"feeding_first_yearBreastmilk_and_formula",-1.06701357713662,2.32248873085465,-0.4594268049447,0.645927703003951,-5.61900784411187,3.48498068983863,0.999998456348986
"virus_comp_18003_cycle_1_1","fixed","cond",NA,"Delivery.ModeC-Section",-30.8320881276373,2289.90655103914,-0.0134643433871334,0.989257332878117,-4518.96645612668,4457.30227987141,1
"virus_comp_18003_cycle_1_1","fixed","cond",NA,"Dx.StatusCELIAC:onset_timeline_combinedt0-6",-4.2496607075203,4.61112402069811,-0.92161058528131,0.356731735093257,-13.2872977163361,4.78797630129553,1
"virus_comp_18003_cycle_1_1","fixed","cond",NA,"Dx.StatusCELIAC:onset_timeline_combinedt0-12",-17.5482307852661,4.76986958758961,-3.67897496210874,0.000234173253963835,-26.8970033878947,-8.19945818263757,0.00991333441780233
"virus_comp_18003_cycle_1_1","fixed","cond",NA,"Dx.StatusCELIAC:onset_timeline_combinedt0-18",-10.6242304871446,5.21588991718127,-2.03689699281192,0.0416603655574342,-20.8471868721454,-0.401274102143672,0.36681267934398
"virus_comp_18003_cycle_1_1","fixed","cond",NA,"Dx.StatusCELIAC:onset_timeline_combinedt0-24",-10.4041273684709,5.03596928286286,-2.06596323052955,0.0388319516067044,-20.2744457901321,-0.533808946809717,0.189679148232748
"virus_comp_18003_cycle_1_1","fixed","cond",NA,"Dx.StatusCELIAC:onset_timeline_combinedt0-30",-13.4766705141244,4.5886193478418,-2.9369772239798,0.00331428444134026,-22.470199174658,-4.48314185359083,0.141409469497184
"virus_comp_18003_cycle_1_1","fixed","cond",NA,"Dx.StatusCELIAC:onset_timeline_combinedt0-36",-15.1613110592308,5.35239608160773,-2.83262128363951,0.00461680482361424,-25.6518146101752,-4.67080750828631,0.195444737533003
"virus_comp_18003_cycle_1_1","fixed","cond",NA,"Dx.StatusCELIAC:onset_timeline_combinedt0-over42",-13.1481488454821,5.88695293137028,-2.23343875834618,0.0255200246678855,-24.6863645696503,-1.60993312131383,0.796035461907399
"virus_comp_18116_cycle_1_3","fixed","cond",NA,"(Intercept)",-0.22084633255083,4.42708295243225,-0.0498852935270834,0.960213796777265,-8.8977694758893,8.45607681078764,0.999989040315975
"virus_comp_18116_cycle_1_3","fixed","cond",NA,"Dx.StatusCELIAC",-1.77495254614006,5.54753410944733,-0.319953426355207,0.74900363648262,-12.6479196036643,9.0980145113842,0.999998120218113
"virus_comp_18116_cycle_1_3","fixed","cond",NA,"onset_timeline_combinedt0-6",-9.52853329847583,5.33996635215835,-1.78438077510067,0.0743618128210505,-19.9946750273619,0.937608430410268,1
"virus_comp_18116_cycle_1_3","fixed","cond",NA,"onset_timeline_combinedt0-12",0.572035138090966,2.81814740962149,0.202982688605276,0.839148563042619,-4.95143228789201,6.09550256407394,0.999995349743898
"virus_comp_18116_cycle_1_3","fixed","cond",NA,"onset_timeline_combinedt0-18",-28.5153614368559,1327.25433181993,-0.0214844741909832,0.982859188406343,-2629.88605012869,2572.85532725498,0.999999998540549
"virus_comp_18116_cycle_1_3","fixed","cond",NA,"onset_timeline_combinedt0-24",-31.7074878679889,2362.63104527474,-0.0134204144703016,0.989292379916027,-4662.3792453627,4598.96426962672,0.999995842904296
"virus_comp_18116_cycle_1_3","fixed","cond",NA,"onset_timeline_combinedt0-30",-9.26445381233092,4.59278214076488,-2.01717685019303,0.0436770610179333,-18.2661413970688,-0.262766227592991,0.207061622603536
"virus_comp_18116_cycle_1_3","fixed","cond",NA,"onset_timeline_combinedt0-36",0.700429800066235,4.6801169047233,0.149660748721756,0.881032277299178,-8.4724307766285,9.87329037676097,0.999999999336064
"virus_comp_18116_cycle_1_3","fixed","cond",NA,"onset_timeline_combinedt0-over42",-22.4232422998835,104.50344536562,-0.214569406983977,0.830103048057922,-227.246231476848,182.399746877081,1
"virus_comp_18116_cycle_1_3","fixed","cond",NA,"SexMale",-5.83290303341968,3.98897280880727,-1.46225690497092,0.143670823117911,-13.6511460739915,1.98534000715215,1
"virus_comp_18116_cycle_1_3","fixed","cond",NA,"Age.at.Gluten.Introduction..months.",-0.138859106085548,0.282449126486254,-0.491625192164672,0.622984330942927,-0.692449221463403,0.414731009292307,0.883719897235668
"virus_comp_18116_cycle_1_3","fixed","cond",NA,"HLA.CategoryHigh Risk",-3.6360115024969,3.56798303005566,-1.01906636659092,0.308171460208717,-10.6291297388561,3.35710673386229,0.999993113296695
"virus_comp_18116_cycle_1_3","fixed","cond",NA,"HLA.CategoryLow/No Risk",8.63871569859427,5.70755962073517,1.51355680406919,0.130138283801365,-2.54789559766176,19.8253269948503,0.999999262755209
"virus_comp_18116_cycle_1_3","fixed","cond",NA,"feeding_first_yearFormula",-10.506379796491,4.60800838199196,-2.28002619039275,0.0226061351930349,-19.5379102656539,-1.47484932732804,0.911186456172708
"virus_comp_18116_cycle_1_3","fixed","cond",NA,"feeding_first_yearBreastmilk_and_formula",-10.9957785564014,3.21917819528298,-3.41570981454625,0.000636159998530322,-17.3052518789727,-4.68630523383007,0.0814284798118813
"virus_comp_18116_cycle_1_3","fixed","cond",NA,"Delivery.ModeC-Section",-31.7335017685989,6975.0357108129,-0.0045495826952405,0.996369970732192,-13702.5522858426,13639.0852823054,1
"virus_comp_18116_cycle_1_3","fixed","cond",NA,"Dx.StatusCELIAC:onset_timeline_combinedt0-6",5.85083472686827,8.92184402934029,0.655787604852457,0.511960792783063,-11.6356582463224,23.337327700059,1
"virus_comp_18116_cycle_1_3","fixed","cond",NA,"Dx.StatusCELIAC:onset_timeline_combinedt0-12",6.8201945106582,6.51603397620282,1.04667878276359,0.29524775258767,-5.95099740473865,19.591386426055,0.815140534318133
"virus_comp_18116_cycle_1_3","fixed","cond",NA,"Dx.StatusCELIAC:onset_timeline_combinedt0-18",-13.7566531783547,379485.033729363,-3.62508451075451e-05,0.999971076010379,-743790.755434696,743763.24212834,1
"virus_comp_18116_cycle_1_3","fixed","cond",NA,"Dx.StatusCELIAC:onset_timeline_combinedt0-24",30.1739310927583,2362.63495507301,0.0127713047790008,0.989810250098222,-4600.50548946576,4660.85335165127,0.999996294200444
"virus_comp_18116_cycle_1_3","fixed","cond",NA,"Dx.StatusCELIAC:onset_timeline_combinedt0-30",10.695902021243,7.41137310159849,1.44317414258042,0.14897142158809,-3.83012233387896,25.221926376365,0.544809770379299
"virus_comp_18116_cycle_1_3","fixed","cond",NA,"Dx.StatusCELIAC:onset_timeline_combinedt0-36",-9.57495124672002,5.49091741204291,-1.74377986922911,0.081197482040398,-20.336951616408,1.18704912296796,0.845557104494205
"virus_comp_18116_cycle_1_3","fixed","cond",NA,"Dx.StatusCELIAC:onset_timeline_combinedt0-over42",10.3723776366524,104.612626445273,0.0991503414941848,0.921018902239106,-194.664602524226,215.40935779753,1
"virus_comp_18153_cycle_1_11","fixed","cond",NA,"(Intercept)",-15.9430803422115,7.25736055131772,-2.19681525114757,0.0280336434047848,-30.167245645616,-1.71891503880703,0.0603436052950452
"virus_comp_18153_cycle_1_11","fixed","cond",NA,"Dx.StatusCELIAC",4.6814043445001,4.75556337932067,0.984405836090201,0.324916009694015,-4.63932860516599,14.0021372941662,0.999998120218113
"virus_comp_18153_cycle_1_11","fixed","cond",NA,"onset_timeline_combinedt0-6",-9.07320349099385,3669.50486485476,-0.00247259611995445,0.998027155741028,-7201.17057970084,7183.02417271885,1
"virus_comp_18153_cycle_1_11","fixed","cond",NA,"onset_timeline_combinedt0-12",0.639886325682987,2.18309143280814,0.293110181308299,0.769437934821162,-3.6388942575789,4.91866690894487,0.999995349743898
"virus_comp_18153_cycle_1_11","fixed","cond",NA,"onset_timeline_combinedt0-18",1.18970216966228,2.43328329320494,0.48892875440545,0.624892137562429,-3.57944544920241,5.95884978852698,0.978632474521225
"virus_comp_18153_cycle_1_11","fixed","cond",NA,"onset_timeline_combinedt0-24",4.4065555979992,3.36995032605858,1.30760253761752,0.191008155755062,-2.19842567076463,11.011536866763,0.509693844437891
"virus_comp_18153_cycle_1_11","fixed","cond",NA,"onset_timeline_combinedt0-30",-0.849658529087919,2.52175479482666,-0.336931461707133,0.736168567569355,-5.79220710478937,4.09289004661353,1
"virus_comp_18153_cycle_1_11","fixed","cond",NA,"onset_timeline_combinedt0-36",5.75783731078806,3.53344400723267,1.62952555608699,0.103201809319878,-1.16758568477687,12.683260306353,0.354233237395257
"virus_comp_18153_cycle_1_11","fixed","cond",NA,"onset_timeline_combinedt0-over42",-40.4984876798746,4245789.92232774,-9.538504829667e-06,0.999992389374263,-8321635.83217316,8321554.8351978,1
"virus_comp_18153_cycle_1_11","fixed","cond",NA,"SexMale",-102.399665885549,87372.4345031306,-0.00117199053074205,0.999064887064186,-171349.224533606,171144.425201835,1
"virus_comp_18153_cycle_1_11","fixed","cond",NA,"Age.at.Gluten.Introduction..months.",-0.928781319440998,0.558804063294117,-1.66208762686135,0.0964952060895945,-2.02401715791211,0.166454519030112,0.85467182536498
"virus_comp_18153_cycle_1_11","fixed","cond",NA,"HLA.CategoryHigh Risk",7.7443404929708,4.76275274532458,1.62602194719706,0.103944986606538,-1.59048335513463,17.0791643410762,0.711150797558446
"virus_comp_18153_cycle_1_11","fixed","cond",NA,"HLA.CategoryLow/No Risk",81.5602927021418,77561.4393934937,0.00105155723436695,0.999160978872526,-151936.067507632,152099.188093036,0.999999262755209
"virus_comp_18153_cycle_1_11","fixed","cond",NA,"feeding_first_yearFormula",-28.0863619156062,23304.7992913808,-0.00120517501843467,0.999038409692502,-45704.6536399566,45648.4809161254,1
"virus_comp_18153_cycle_1_11","fixed","cond",NA,"feeding_first_yearBreastmilk_and_formula",-57.9556519731397,77561.4388715871,-0.000747222496337293,0.999403802762168,-152075.582429389,151959.671125443,0.999998456348986
"virus_comp_18153_cycle_1_11","fixed","cond",NA,"Delivery.ModeC-Section",-36.7775579085479,73986.093979452,-0.000497087438063185,0.999603381624134,-145046.85711443,144973.301998613,1
"virus_comp_18153_cycle_1_11","fixed","cond",NA,"Dx.StatusCELIAC:onset_timeline_combinedt0-6",-4.15215273090326,5204.13690836316,-0.000797856167894173,0.999363402949436,-10204.0730637383,10195.7687582765,1
"virus_comp_18153_cycle_1_11","fixed","cond",NA,"Dx.StatusCELIAC:onset_timeline_combinedt0-12",-11.7532697204545,4.4937343631433,-2.61547941437137,0.00891022921297062,-20.5608272283054,-2.94571221260365,0.0693766121450888
"virus_comp_18153_cycle_1_11","fixed","cond",NA,"Dx.StatusCELIAC:onset_timeline_combinedt0-18",-3.25158681341609,5.16266052884264,-0.629827740028654,0.528807294181037,-13.3702155143542,6.86704188752199,1
"virus_comp_18153_cycle_1_11","fixed","cond",NA,"Dx.StatusCELIAC:onset_timeline_combinedt0-24",-15.3037209626375,5.17711178645118,-2.95603448291154,0.00311622248937062,-25.4506736080196,-5.15676831725533,0.0590983332468044
"virus_comp_18153_cycle_1_11","fixed","cond",NA,"Dx.StatusCELIAC:onset_timeline_combinedt0-30",-8.61539183274691,4.65460596641055,-1.8509390257562,0.0641783255543181,-17.7382518891368,0.507468223643009,0.391182174807272
"virus_comp_18153_cycle_1_11","fixed","cond",NA,"Dx.StatusCELIAC:onset_timeline_combinedt0-36",-8.36144800200458,5.20258399353901,-1.60717213069284,0.108016613789164,-18.5583252558856,1.83542925187644,0.883381130058985
"virus_comp_18153_cycle_1_11","fixed","cond",NA,"Dx.StatusCELIAC:onset_timeline_combinedt0-over42",31.1432501642256,4245789.92232645,7.33508975572697e-06,0.999994147445132,-8321564.1904328,8321626.47693312,1
"virus_comp_18200_cycle_1_4","fixed","cond",NA,"(Intercept)",-24.4145002891936,7.01154211861636,-3.48204430297446,0.000497601358816567,-38.1568703177673,-10.6721302606199,0.00129236100589779
"virus_comp_18200_cycle_1_4","fixed","cond",NA,"Dx.StatusCELIAC",-14.1795776653274,169.247277564135,-0.0837802407779003,0.933231158353166,-345.898146172486,317.538990841831,0.999998120218113
"virus_comp_18200_cycle_1_4","fixed","cond",NA,"onset_timeline_combinedt0-6",-8.48293351446813,430.029996491445,-0.0197263762613753,0.984261649657582,-851.326238909586,834.360371880649,1
"virus_comp_18200_cycle_1_4","fixed","cond",NA,"onset_timeline_combinedt0-12",-1.35883761925608,1.08817646088267,-1.24872910608071,0.211764171389872,-3.49162429141036,0.773949052898207,0.597645550366973
"virus_comp_18200_cycle_1_4","fixed","cond",NA,"onset_timeline_combinedt0-18",-9.00397461906036,493.353715786368,-0.0182505458679048,0.985438979566926,-975.95948919935,957.95153996123,0.999999998540549
"virus_comp_18200_cycle_1_4","fixed","cond",NA,"onset_timeline_combinedt0-24",-1.78068187674287,1.47707115027482,-1.20554915476587,0.227991374116221,-4.67568813388467,1.11432438039893,0.546508545268973
"virus_comp_18200_cycle_1_4","fixed","cond",NA,"onset_timeline_combinedt0-30",-37.6463181535148,3161476.3742056,-1.19078283996269e-05,0.999990498927567,-6196417.4777354,6196342.1850991,1
"virus_comp_18200_cycle_1_4","fixed","cond",NA,"onset_timeline_combinedt0-36",-1.51143443187909,1.13566162455192,-1.33088448108425,0.183227024353593,-3.7372903146251,0.71442145086693,0.516126296958555
"virus_comp_18200_cycle_1_4","fixed","cond",NA,"onset_timeline_combinedt0-over42",-2.72429891597724,1.00267675615264,-2.71702609964811,0.00658714130132298,-4.68950924617187,-0.759088585782607,0.0495972992099613
"virus_comp_18200_cycle_1_4","fixed","cond",NA,"SexMale",0.795555473054365,5.8798649250504,0.135301657979421,0.8923733742556,-10.7287680140047,12.3198789601134,1
"virus_comp_18200_cycle_1_4","fixed","cond",NA,"Age.at.Gluten.Introduction..months.",0.166957900806264,0.377854777967011,0.441857323346698,0.65859245446589,-0.573623855395456,0.907539657007984,0.883719897235668
"virus_comp_18200_cycle_1_4","fixed","cond",NA,"HLA.CategoryHigh Risk",-19.5634803658007,2554.92239285342,-0.0076571720614776,0.993890520334919,-5027.11935365339,4987.99239292179,0.999993113296695
"virus_comp_18200_cycle_1_4","fixed","cond",NA,"HLA.CategoryLow/No Risk",-3.95021393744987,7.31803535714561,-0.539791589499868,0.589340767902588,-18.293299675046,10.3928718001462,0.999999262755209
"virus_comp_18200_cycle_1_4","fixed","cond",NA,"feeding_first_yearFormula",-6.6255234143131,328.321578418273,-0.0201799816089833,0.983899796996382,-650.12399246147,636.872945632844,1
"virus_comp_18200_cycle_1_4","fixed","cond",NA,"feeding_first_yearBreastmilk_and_formula",2.05474711163389,4.79593136764721,0.428435470427074,0.668334105000793,-7.34510564128056,11.4545998645483,0.999998456348986
"virus_comp_18200_cycle_1_4","fixed","cond",NA,"Delivery.ModeC-Section",-4.10711903619321,229.653055312195,-0.0178840165248832,0.985731379941636,-454.21883638768,446.004598315293,1
"virus_comp_18200_cycle_1_4","fixed","cond",NA,"Dx.StatusCELIAC:onset_timeline_combinedt0-6",-3.95186626880673,319956.926544633,-1.23512446237211e-05,0.999990145132608,-627108.004497877,627100.10076534,1
"virus_comp_18200_cycle_1_4","fixed","cond",NA,"Dx.StatusCELIAC:onset_timeline_combinedt0-12",-6.39641204348319,54049.3710998513,-0.000118343875484997,0.999905575249105,-105941.217154792,105928.424330705,0.999999948577024
"virus_comp_18200_cycle_1_4","fixed","cond",NA,"Dx.StatusCELIAC:onset_timeline_combinedt0-18",-4.74218639078737,528298.232968267,-8.97634346445413e-06,0.999992837914137,-1035450.25190035,1035440.76752756,1
"virus_comp_18200_cycle_1_4","fixed","cond",NA,"Dx.StatusCELIAC:onset_timeline_combinedt0-24",18.4880278713772,169.184970732155,0.109277010785115,0.912982780119758,-313.10842148911,350.084477231865,0.999996294200444
"virus_comp_18200_cycle_1_4","fixed","cond",NA,"Dx.StatusCELIAC:onset_timeline_combinedt0-30",52.4898552563244,3161476.3068362,1.66029570244836e-05,0.999986752756927,-6196327.20952039,6196432.1892309,1
"virus_comp_18200_cycle_1_4","fixed","cond",NA,"Dx.StatusCELIAC:onset_timeline_combinedt0-36",-2.29386026140401,5913.18196567684,-0.000387923164671536,0.999690482103894,-11591.9175470198,11587.329826497,1
"virus_comp_18200_cycle_1_4","fixed","cond",NA,"Dx.StatusCELIAC:onset_timeline_combinedt0-over42",16.6557565312114,169.18581991261,0.0984465278462145,0.921577730208147,-314.942357192384,348.253870254806,1
"virus_comp_18378_cycle_1_1","fixed","cond",NA,"(Intercept)",-1.75471031350749,1.11478135751105,-1.57403987937617,0.115478230143627,-3.93964162486581,0.430220997850829,0.190464093873255
"virus_comp_18378_cycle_1_1","fixed","cond",NA,"Dx.StatusCELIAC",-2.45392213158193,1.67147583452089,-1.46811702622391,0.142072437451881,-5.7299545682719,0.82211030510804,0.999998120218113
"virus_comp_18378_cycle_1_1","fixed","cond",NA,"onset_timeline_combinedt0-6",-39.5753243890246,225620.623981048,-0.000175406501811417,0.999860045861058,-442247.872496697,442168.721847919,1
"virus_comp_18378_cycle_1_1","fixed","cond",NA,"onset_timeline_combinedt0-12",-0.625803274136763,1.44801715890614,-0.432179460227879,0.66561098645279,-3.46386475458881,2.21225820631529,0.999995349743898
"virus_comp_18378_cycle_1_1","fixed","cond",NA,"onset_timeline_combinedt0-18",-0.988918048439532,2.03405985073159,-0.486179424899345,0.626839957912267,-4.97560209827237,2.9977660013933,0.978632474521225
"virus_comp_18378_cycle_1_1","fixed","cond",NA,"onset_timeline_combinedt0-24",-2.89279444375077,1.63469382968957,-1.76962461790176,0.0767896950452423,-6.09673547569219,0.311146588190645,0.286832096198405
"virus_comp_18378_cycle_1_1","fixed","cond",NA,"onset_timeline_combinedt0-30",-0.629472929489608,1.51323480810833,-0.415978357170163,0.677425840380221,-3.5953586535343,2.33641279455509,1
"virus_comp_18378_cycle_1_1","fixed","cond",NA,"onset_timeline_combinedt0-36",-4.08505601087297,1.59679735557574,-2.55828079662623,0.0105191115037069,-7.21472131841022,-0.955390703335716,0.090219608259209
"virus_comp_18378_cycle_1_1","fixed","cond",NA,"onset_timeline_combinedt0-over42",-2.55790740653221,2.02832528291953,-1.26109329113642,0.207275237458098,-6.53335190998651,1.41753709692209,0.772694145072561
"virus_comp_18378_cycle_1_1","fixed","cond",NA,"SexMale",-1.40452988055733,1.09552620742102,-1.28205959021623,0.199821743077022,-3.55172179122229,0.742662030107624,1
"virus_comp_18378_cycle_1_1","fixed","cond",NA,"Age.at.Gluten.Introduction..months.",-0.171888254374038,0.0758446351955759,-2.26632053711908,0.0234317648926296,-0.320541007777946,-0.0232355009701306,0.428929756586782
"virus_comp_18378_cycle_1_1","fixed","cond",NA,"HLA.CategoryHigh Risk",-1.99207799736535,1.10715138803207,-1.79928239163952,0.0719740220163151,-4.16205484334174,0.177898848611032,0.658048201292024
"virus_comp_18378_cycle_1_1","fixed","cond",NA,"HLA.CategoryLow/No Risk",0.341807060418543,1.4085489465187,0.242666086445441,0.808264081348026,-2.41889814521995,3.10251226605704,0.999999262755209
"virus_comp_18378_cycle_1_1","fixed","cond",NA,"feeding_first_yearFormula",2.11968524815483,1.39609107488673,1.5183001211628,0.128938757161655,-0.61660297776098,4.85597347407064,1
"virus_comp_18378_cycle_1_1","fixed","cond",NA,"feeding_first_yearBreastmilk_and_formula",2.10035634561475,0.930356632913019,2.25758195439353,0.0239717347518277,0.276890852327287,3.92382183890222,0.999998456348986
"virus_comp_18378_cycle_1_1","fixed","cond",NA,"Delivery.ModeC-Section",-0.62103609068638,2.40111455243694,-0.258644923898394,0.79590921806389,-5.32713413621779,4.08506195484503,1
"virus_comp_18378_cycle_1_1","fixed","cond",NA,"Dx.StatusCELIAC:onset_timeline_combinedt0-6",39.7708197817498,225620.62399369,0.000176272980181377,0.999859354511355,-442168.526377305,442248.068016868,1
"virus_comp_18378_cycle_1_1","fixed","cond",NA,"Dx.StatusCELIAC:onset_timeline_combinedt0-12",2.41447346007667,2.28727128359744,1.0556130693335,0.29114502746872,-2.068495878647,6.89744279880035,0.815140534318133
"virus_comp_18378_cycle_1_1","fixed","cond",NA,"Dx.StatusCELIAC:onset_timeline_combinedt0-18",2.5599318506735,3.1747649401233,0.806337445119348,0.420048305261545,-3.66249309134862,8.78235679269562,1
"virus_comp_18378_cycle_1_1","fixed","cond",NA,"Dx.StatusCELIAC:onset_timeline_combinedt0-24",2.95977661266008,2.2724391045943,1.30246685452479,0.19275684149919,-1.4941221894052,7.41367541472535,0.644213654484133
"virus_comp_18378_cycle_1_1","fixed","cond",NA,"Dx.StatusCELIAC:onset_timeline_combinedt0-30",0.425982122314059,2.49729572558265,0.170577364126418,0.864556097852154,-4.46862755857376,5.32059180320188,1
"virus_comp_18378_cycle_1_1","fixed","cond",NA,"Dx.StatusCELIAC:onset_timeline_combinedt0-36",7.31695094883441,2.54500145543831,2.87502819819576,0.00403991416361986,2.32883975557329,12.3050621420955,0.195444737533003
"virus_comp_18378_cycle_1_1","fixed","cond",NA,"Dx.StatusCELIAC:onset_timeline_combinedt0-over42",3.44917898233418,2.43574256459548,1.41606877199151,0.156755370088078,-1.3247887198842,8.22314668455255,1
"virus_comp_2136_cycle_1_11","fixed","cond",NA,"(Intercept)",-24.3861671189459,8.46215103973233,-2.88179293946014,0.00395419485280329,-40.9716783885594,-7.80065584933234,0.00929968048714849
"virus_comp_2136_cycle_1_11","fixed","cond",NA,"Dx.StatusCELIAC",-13.4254887606574,25.3428509719803,-0.529754476933198,0.596282171708499,-63.0965639313046,36.2455864099898,0.999998120218113
"virus_comp_2136_cycle_1_11","fixed","cond",NA,"onset_timeline_combinedt0-6",1.07572149471195,0.0671716482331313,16.0145168833503,1.01189615751773e-57,0.944067483392816,1.20737550603108,1.29522708162269e-55
"virus_comp_2136_cycle_1_11","fixed","cond",NA,"onset_timeline_combinedt0-12",4.02594373339482,0.0580847774799558,69.3115116914085,0,3.91209966148408,4.13978780530555,0
"virus_comp_2136_cycle_1_11","fixed","cond",NA,"onset_timeline_combinedt0-18",9.77872217212567,0.0596566328187078,163.916763486174,0,9.66179732036207,9.89564702388927,0
"virus_comp_2136_cycle_1_11","fixed","cond",NA,"onset_timeline_combinedt0-24",5.60394680482582,0.0601596310645099,93.151282773271,0,5.48603609461616,5.72185751503547,0
"virus_comp_2136_cycle_1_11","fixed","cond",NA,"onset_timeline_combinedt0-30",4.52680320611693,0.060286916686442,75.0876550821344,0,4.40864302067253,4.64496339156132,0
"virus_comp_2136_cycle_1_11","fixed","cond",NA,"onset_timeline_combinedt0-36",4.99990944404154,0.0605487595724419,82.5765792618681,0,4.88123605597098,5.1185828321121,0
"virus_comp_2136_cycle_1_11","fixed","cond",NA,"onset_timeline_combinedt0-over42",-8.10669366638215,5689.8647395508,-0.00142476034799768,0.998863206100093,-11160.0366600903,11143.8232727575,1
"virus_comp_2136_cycle_1_11","fixed","cond",NA,"SexMale",-7.31517550253425,18.4501752230178,-0.396482711633442,0.691748959242306,-43.4768544481025,28.8465034430339,1
"virus_comp_2136_cycle_1_11","fixed","cond",NA,"Age.at.Gluten.Introduction..months.",-0.639648802726518,1.04814013583167,-0.610270307241861,0.541682762876373,-2.69396571970751,1.41466811425447,0.883719897235668
"virus_comp_2136_cycle_1_11","fixed","cond",NA,"HLA.CategoryHigh Risk",-2.62463642164777,6.03172901871162,-0.43513831830071,0.663462031312508,-14.4466080628277,9.19733521953213,0.999993113296695
"virus_comp_2136_cycle_1_11","fixed","cond",NA,"HLA.CategoryLow/No Risk",3.10276202107395,23.2473518632228,0.13346733164832,0.893823798658919,-42.4612103667728,48.6667344089207,0.999999262755209
"virus_comp_2136_cycle_1_11","fixed","cond",NA,"feeding_first_yearFormula",-7.09309467069952,9.14332733014001,-0.775767334427357,0.437886374413822,-25.0136869366347,10.8274975952357,1
"virus_comp_2136_cycle_1_11","fixed","cond",NA,"feeding_first_yearBreastmilk_and_formula",-2.12321414480729,12.2792918862729,-0.172910145346479,0.862722056940231,-26.190183997557,21.9437557079424,0.999998456348986
"virus_comp_2136_cycle_1_11","fixed","cond",NA,"Delivery.ModeC-Section",-0.713226373918545,119.937940275589,-0.00594662850037044,0.995255304894701,-235.787269693989,234.360816946152,1
"virus_comp_2136_cycle_1_11","fixed","cond",NA,"Dx.StatusCELIAC:onset_timeline_combinedt0-6",-0.453187844424535,100565.358846128,-4.50640110694523e-06,0.999996404412132,-197104.934618602,197104.028242913,1
"virus_comp_2136_cycle_1_11","fixed","cond",NA,"Dx.StatusCELIAC:onset_timeline_combinedt0-12",-6.37094084640101,10.291471909885,-0.619050501443018,0.535883090272062,-26.5418551376812,13.7999734448791,0.999999948577024
"virus_comp_2136_cycle_1_11","fixed","cond",NA,"Dx.StatusCELIAC:onset_timeline_combinedt0-18",-0.26200976237555,446.165292626637,-0.000587248194123443,0.999531443759481,-874.729914462358,874.205894937607,1
"virus_comp_2136_cycle_1_11","fixed","cond",NA,"Dx.StatusCELIAC:onset_timeline_combinedt0-24",7.28881393926723,7.27522907119028,1.00186727702235,0.316407698799479,-6.9703730195445,21.548000898079,0.95675661303652
"virus_comp_2136_cycle_1_11","fixed","cond",NA,"Dx.StatusCELIAC:onset_timeline_combinedt0-30",7.58870065615631,7.27525164954071,1.04308428377668,0.296909258895175,-6.6705305554091,21.8479318677217,0.863736025876873
"virus_comp_2136_cycle_1_11","fixed","cond",NA,"Dx.StatusCELIAC:onset_timeline_combinedt0-36",-4.44711423733678,10.2632071631826,-0.43330648662048,0.664792126316065,-24.5626306430481,15.6684021683745,1
"virus_comp_2136_cycle_1_11","fixed","cond",NA,"Dx.StatusCELIAC:onset_timeline_combinedt0-over42",-6.45626595434588,6445.67192412613,-0.00100164358818513,0.999200804179197,-12639.7410934026,12626.8285614939,1
"virus_comp_2136_cycle_1_4","fixed","cond",NA,"(Intercept)",-13.7294350187891,36.9585012631473,-0.371482461397299,0.710278216679985,-86.1667664171358,58.7078963795576,0.90205333518358
"virus_comp_2136_cycle_1_4","fixed","cond",NA,"Dx.StatusCELIAC",-10.9719499581296,47.7384965678205,-0.229834426028521,0.818220432607063,-104.537683907147,82.5937839908876,0.999998120218113
"virus_comp_2136_cycle_1_4","fixed","cond",NA,"onset_timeline_combinedt0-6",1.74486450362186,0.144010795061139,12.1162063085694,8.66793549514537e-34,1.46260853191705,2.02712047532667,5.54747871689304e-32
"virus_comp_2136_cycle_1_4","fixed","cond",NA,"onset_timeline_combinedt0-12",3.23631138714799,0.133509984862546,24.2402198643038,8.38490679123251e-130,2.97463662524091,3.49798614905507,5.32441581243264e-128
"virus_comp_2136_cycle_1_4","fixed","cond",NA,"onset_timeline_combinedt0-18",10.6575696725002,0.146646877062933,72.6750537478307,0,10.3701470750116,10.9449922699888,0
"virus_comp_2136_cycle_1_4","fixed","cond",NA,"onset_timeline_combinedt0-24",6.09547645284148,0.147756484142807,41.2535293337798,0,5.80587906543931,6.38507384024364,0
"virus_comp_2136_cycle_1_4","fixed","cond",NA,"onset_timeline_combinedt0-30",4.25916916685042,0.149616222035421,28.4672952498565,2.97701074415948e-178,3.96592676015805,4.55241157354279,1.90528687626207e-176
"virus_comp_2136_cycle_1_4","fixed","cond",NA,"onset_timeline_combinedt0-36",4.57326543341528,0.15153886676539,30.1788282506794,4.49135457153138e-200,4.2762547122971,4.87027615453345,2.85201015292243e-198
"virus_comp_2136_cycle_1_4","fixed","cond",NA,"onset_timeline_combinedt0-over42",-5.81216921232858,14736.9694965213,-0.00039439378725053,0.999685319294434,-28889.7416236595,28878.1172852348,1
"virus_comp_2136_cycle_1_4","fixed","cond",NA,"SexMale",-5.9953168269097,92.9185292267426,-0.0645222957875253,0.948554354627224,-188.112287607758,176.121653953938,1
"virus_comp_2136_cycle_1_4","fixed","cond",NA,"Age.at.Gluten.Introduction..months.",-2.662504845032,5.242595715811,-0.507860035249757,0.611551503605853,-12.9378036335255,7.61279394346155,0.883719897235668
"virus_comp_2136_cycle_1_4","fixed","cond",NA,"HLA.CategoryHigh Risk",-3.6204937301877,11.4425937506379,-0.316404987285848,0.751695131963597,-26.047565371161,18.8065779107856,0.999993113296695
"virus_comp_2136_cycle_1_4","fixed","cond",NA,"HLA.CategoryLow/No Risk",2.37600118264786,96.1000852390818,0.0247242359539718,0.98027492349173,-185.976704797182,190.728707162477,0.999999262755209
"virus_comp_2136_cycle_1_4","fixed","cond",NA,"feeding_first_yearBreastmilk_and_formula",-3.61851032897,87.9062541247572,-0.041163286560187,0.967165721932027,-175.91160242932,168.67458177138,0.999998456348986
"virus_comp_2136_cycle_1_4","fixed","cond",NA,"Delivery.ModeC-Section",-0.357144206937473,728.599109436955,-0.000490179307539185,0.999608893514152,-1428.38515787133,1427.67086945745,1
"virus_comp_2136_cycle_1_4","fixed","cond",NA,"Dx.StatusCELIAC:onset_timeline_combinedt0-6",-0.0147887693905961,55330.7246326731,-2.67279517641871e-07,0.9999997867418,-108446.242307312,108446.212729773,1
"virus_comp_2136_cycle_1_4","fixed","cond",NA,"Dx.StatusCELIAC:onset_timeline_combinedt0-12",-5.34719828688726,41.7436991922175,-0.128095937599229,0.898073050891018,-87.1633452851073,76.4689487113327,0.999999948577024
"virus_comp_2136_cycle_1_4","fixed","cond",NA,"Dx.StatusCELIAC:onset_timeline_combinedt0-18",-0.360983829270604,181.059095749825,-0.0019937348509096,0.998409230798004,-355.230290572317,354.508322913775,1
"virus_comp_2136_cycle_1_4","fixed","cond",NA,"Dx.StatusCELIAC:onset_timeline_combinedt0-24",6.45603138126366,37.4747628659657,0.17227677742364,0.863219940318634,-66.9931541652081,79.9052169277355,0.999996294200444
"virus_comp_2136_cycle_1_4","fixed","cond",NA,"Dx.StatusCELIAC:onset_timeline_combinedt0-30",-0.378596968242473,5755.72078444665,-6.57775077042538e-05,0.999947517142193,-11281.3840395523,11280.6268456158,1
"virus_comp_2136_cycle_1_4","fixed","cond",NA,"Dx.StatusCELIAC:onset_timeline_combinedt0-36",-2.71779498588939,38.9123348479577,-0.069844048076494,0.944317787463623,-78.9845698422494,73.5489798704706,1
"virus_comp_2136_cycle_1_4","fixed","cond",NA,"Dx.StatusCELIAC:onset_timeline_combinedt0-over42",-5.40175332682379,14884.984995893,-0.000362899480806613,0.999710448113497,-29179.4362556961,29168.6327490425,1
"virus_comp_2171_cycle_1_9","fixed","cond",NA,"(Intercept)",-43.1960594291857,10502.7978949876,-0.00411281449582125,0.996718458063687,-20628.3016705079,20541.9095516495,0.999989040315975
"virus_comp_2171_cycle_1_9","fixed","cond",NA,"Dx.StatusCELIAC",19.2640507258089,10502.7972481941,0.00183418286296265,0.998536534632525,-20565.840292661,20604.3683941127,0.999998120218113
"virus_comp_2171_cycle_1_9","fixed","cond",NA,"onset_timeline_combinedt0-6",-3.42154812420479,99027.0088393372,-3.45516658970883e-05,0.999972431759236,-194092.792369955,194085.949273706,1
"virus_comp_2171_cycle_1_9","fixed","cond",NA,"onset_timeline_combinedt0-12",-10.0505836466561,629420.867683408,-1.59679860689198e-05,0.999987259390449,-1233652.28236108,1233632.18119378,0.999995349743898
"virus_comp_2171_cycle_1_9","fixed","cond",NA,"onset_timeline_combinedt0-18",-6.31839779371906,136928.627587263,-4.61437312638836e-05,0.99996318262926,-268381.496921327,268368.860125739,0.999999998540549
"virus_comp_2171_cycle_1_9","fixed","cond",NA,"onset_timeline_combinedt0-24",-7.40307088017448,204851.601426128,-3.61387015216678e-05,0.999971165488015,-401509.164041444,401494.357899684,0.999995842904296
"virus_comp_2171_cycle_1_9","fixed","cond",NA,"onset_timeline_combinedt0-30",22.5922886924426,10502.796136961,0.00215107371387861,0.99828369281814,-20562.5098767176,20607.6944541024,1
"virus_comp_2171_cycle_1_9","fixed","cond",NA,"onset_timeline_combinedt0-36",-7.64090427885454,227354.907512473,-3.36078264703187e-05,0.999973184834142,-445615.07133716,445599.789528603,0.999999999336064
"virus_comp_2171_cycle_1_9","fixed","cond",NA,"onset_timeline_combinedt0-over42",-4.76038013415238,2070049.63305133,-2.29964540856705e-06,0.999998165148433,-4057227.48737108,4057217.96661082,1
"virus_comp_2171_cycle_1_9","fixed","cond",NA,"SexMale",-1.731032662897,6.02390165210504,-0.287360711191574,0.77383614102058,-13.5376629474342,10.0755976216402,1
"virus_comp_2171_cycle_1_9","fixed","cond",NA,"Age.at.Gluten.Introduction..months.",-0.246544515186261,0.414963150635156,-0.594135924620997,0.55242120472491,-1.05985734534244,0.566768314969915,0.883719897235668
"virus_comp_2171_cycle_1_9","fixed","cond",NA,"HLA.CategoryHigh Risk",-1.78661063499546,5.83250693162018,-0.306319504792971,0.759361389866227,-13.2181141605512,9.64489289056031,0.999993113296695
"virus_comp_2171_cycle_1_9","fixed","cond",NA,"HLA.CategoryLow/No Risk",5.98443112717801,7.67475600073837,0.779755229560688,0.435534963267174,-9.05781422440184,21.0266764787579,0.999999262755209
"virus_comp_2171_cycle_1_9","fixed","cond",NA,"feeding_first_yearFormula",4.92455921692195,6.68813164688224,0.736313140489333,0.461540151083944,-8.18393793482979,18.0330563686737,1
"virus_comp_2171_cycle_1_9","fixed","cond",NA,"feeding_first_yearBreastmilk_and_formula",-0.0875369471924036,5.79205670873553,-0.0151132752309523,0.987941810069187,-11.4397594927276,11.2646855983428,0.999998456348986
"virus_comp_2171_cycle_1_9","fixed","cond",NA,"Delivery.ModeC-Section",-8.78739729802515,2050411.82282446,-4.28567432171769e-06,0.999996580526626,-4018742.11360836,4018724.53881377,1
"virus_comp_2171_cycle_1_9","fixed","cond",NA,"Dx.StatusCELIAC:onset_timeline_combinedt0-6",8.06334196842455,99027.0089085658,8.14256843390033e-05,0.999935031703685,-194081.307615548,194097.434299484,1
"virus_comp_2171_cycle_1_9","fixed","cond",NA,"Dx.StatusCELIAC:onset_timeline_combinedt0-12",11.9170697291994,629420.867688487,1.89333883589912e-05,0.999984893341746,-1233630.31471766,1233654.14885711,0.999999948577024
"virus_comp_2171_cycle_1_9","fixed","cond",NA,"Dx.StatusCELIAC:onset_timeline_combinedt0-18",6.0326451163741,136928.627630064,4.40568580930521e-05,0.999964847713141,-268369.145962305,268381.211252538,1
"virus_comp_2171_cycle_1_9","fixed","cond",NA,"Dx.StatusCELIAC:onset_timeline_combinedt0-24",7.84723706080805,204851.601449082,3.83069353878522e-05,0.99996943548769,-401493.913778494,401509.608252615,0.999996294200444
"virus_comp_2171_cycle_1_9","fixed","cond",NA,"Dx.StatusCELIAC:onset_timeline_combinedt0-30",-23.3377477606443,10502.796383746,-0.00222205086226002,0.998227061382668,-20608.4403968604,20561.7649013391,1
"virus_comp_2171_cycle_1_9","fixed","cond",NA,"Dx.StatusCELIAC:onset_timeline_combinedt0-36",7.68342681345237,227354.90753,3.37948579906441e-05,0.99997303560458,-445599.747040421,445615.113894048,1
"virus_comp_2171_cycle_1_9","fixed","cond",NA,"Dx.StatusCELIAC:onset_timeline_combinedt0-over42",3.95540556915105,2070049.63306231,1.91077813110193e-06,0.99999847541963,-4057218.77160691,4057226.68241805,1
"virus_comp_2223_cycle_1_10","fixed","cond",NA,"(Intercept)",-17.5820062602855,8.24728756925662,-2.13185318356376,0.0330189179242572,-33.7463928661734,-1.41761965439768,0.0697351152464345
"virus_comp_2223_cycle_1_10","fixed","cond",NA,"Dx.StatusCELIAC",2.02185649029302,5.36654843628404,0.376751745427833,0.706358104210462,-8.49638516611343,12.5400981466995,0.999998120218113
"virus_comp_2223_cycle_1_10","fixed","cond",NA,"onset_timeline_combinedt0-6",-22.4402241502977,2640.41808381576,-0.00849873900191916,0.993219068993659,-5197.56457255744,5152.68412425685,1
"virus_comp_2223_cycle_1_10","fixed","cond",NA,"onset_timeline_combinedt0-12",-5.81940109905205,3.74560130368929,-1.55366271720381,0.120264890652387,-13.1606447547293,1.52184255662523,0.373802828384133
"virus_comp_2223_cycle_1_10","fixed","cond",NA,"onset_timeline_combinedt0-18",-6.47313008954005,127.865311249866,-0.0506245988553585,0.959624660902321,-257.084535011282,244.138274832202,0.999999998540549
"virus_comp_2223_cycle_1_10","fixed","cond",NA,"onset_timeline_combinedt0-24",-31.032260519368,27980.5531610746,-0.00110906529762745,0.99911509410351,-54871.908723734,54809.8442026953,0.999995842904296
"virus_comp_2223_cycle_1_10","fixed","cond",NA,"onset_timeline_combinedt0-30",-27.3302966058397,9461.77676959071,-0.002888495181336,0.997695317495675,-18572.0719947614,18517.4114015497,1
"virus_comp_2223_cycle_1_10","fixed","cond",NA,"onset_timeline_combinedt0-36",-29.8793295162145,20608.314056671,-0.00144986772979337,0.998843173328489,-40421.432662682,40361.6740036496,0.999999999336064
"virus_comp_2223_cycle_1_10","fixed","cond",NA,"onset_timeline_combinedt0-over42",-25.1122409792745,3516.20382221133,-0.00714186157828628,0.994301667353039,-6916.74509481557,6866.52061285702,1
"virus_comp_2223_cycle_1_10","fixed","cond",NA,"SexMale",-28.6585356085088,1763.79747757728,-0.0162482008126429,0.987036381841183,-3485.63806768257,3428.32099646556,1
"virus_comp_2223_cycle_1_10","fixed","cond",NA,"Age.at.Gluten.Introduction..months.",-0.61077804418484,0.684237939469208,-0.892639839086746,0.372050077283423,-1.95185976240039,0.730303674030704,0.883719897235668
"virus_comp_2223_cycle_1_10","fixed","cond",NA,"HLA.CategoryHigh Risk",-0.520404870560218,5.92721768701232,-0.0877991830299276,0.930036287106607,-12.1375380656332,11.0967283245127,0.999993113296695
"virus_comp_2223_cycle_1_10","fixed","cond",NA,"HLA.CategoryLow/No Risk",18.6159305317382,19.8563172441736,0.937531884831292,0.348485030489772,-20.3017361324437,57.53359719592,0.999999262755209
"virus_comp_2223_cycle_1_10","fixed","cond",NA,"feeding_first_yearFormula",-14.5819487730272,2827.54708278997,-0.00515710202025672,0.995885246158687,-5556.47239563267,5527.30849808661,1
"virus_comp_2223_cycle_1_10","fixed","cond",NA,"feeding_first_yearBreastmilk_and_formula",-2.11302488860764,6.4078597045982,-0.329755173492853,0.741584960830087,-14.6721991276056,10.4461493503903,0.999998456348986
"virus_comp_2223_cycle_1_10","fixed","cond",NA,"Delivery.ModeC-Section",-32.4557987666258,234972.369285913,-0.000138126022498985,0.999889791379553,-460569.836961202,460504.925363669,1
"virus_comp_2223_cycle_1_10","fixed","cond",NA,"Dx.StatusCELIAC:onset_timeline_combinedt0-6",13.5814325553055,2640.42308683887,0.0051436577050859,0.995895973027919,-5161.55272159696,5188.71558670757,1
"virus_comp_2223_cycle_1_10","fixed","cond",NA,"Dx.StatusCELIAC:onset_timeline_combinedt0-12",-5.93967704684798,5.51343301054066,-1.07731009617645,0.281341753321214,-16.7458071786819,4.86645308498594,0.812054606177142
"virus_comp_2223_cycle_1_10","fixed","cond",NA,"Dx.StatusCELIAC:onset_timeline_combinedt0-18",-4.8216588024363,127.950336033418,-0.037683830710511,0.96993976806359,-255.599709237732,245.95639163286,1
"virus_comp_2223_cycle_1_10","fixed","cond",NA,"Dx.StatusCELIAC:onset_timeline_combinedt0-24",24.0306041163387,27980.5534301177,0.000858832337836201,0.999314751021561,-54816.846386413,54864.9075946457,0.999996294200444
"virus_comp_2223_cycle_1_10","fixed","cond",NA,"Dx.StatusCELIAC:onset_timeline_combinedt0-30",16.7475830125357,9461.77752156806,0.00177002502694231,0.998587725096208,-18527.9955889915,18561.4907550166,1
"virus_comp_2223_cycle_1_10","fixed","cond",NA,"Dx.StatusCELIAC:onset_timeline_combinedt0-36",21.690902995929,20608.3143845574,0.00105253164286851,0.999160201407457,-40369.8630728153,40413.2448788072,1
"virus_comp_2223_cycle_1_10","fixed","cond",NA,"Dx.StatusCELIAC:onset_timeline_combinedt0-over42",14.3849138636653,3516.20564684345,0.00409103315006015,0.996735836916976,-6877.25151618587,6906.0213439132,1
"virus_comp_2223_cycle_1_6","fixed","cond",NA,"(Intercept)",-14.4582612484348,7.10662978725358,-2.03447508611848,0.041903718052423,-28.3869996829114,-0.529522813958295,0.0844725744866306
"virus_comp_2223_cycle_1_6","fixed","cond",NA,"Dx.StatusCELIAC",1.21386159488384,5.41893944058827,0.224003535782652,0.822754551985101,-9.40706454307279,11.8347877328405,0.999998120218113
"virus_comp_2223_cycle_1_6","fixed","cond",NA,"onset_timeline_combinedt0-6",-17.6899265315958,16397.4737159711,-0.0010788202401182,0.999139226153497,-32156.1478472771,32120.7679942139,1
"virus_comp_2223_cycle_1_6","fixed","cond",NA,"onset_timeline_combinedt0-12",-7.93549420911786,4.18167646651842,-1.89768248994279,0.0577379205485218,-16.1314294784927,0.260441060256951,0.293308636386491
"virus_comp_2223_cycle_1_6","fixed","cond",NA,"onset_timeline_combinedt0-18",-7.77579770809291,4.18574132706636,-1.85768710976287,0.0632134600768007,-15.9796999577439,0.42810454155804,0.442474719107883
"virus_comp_2223_cycle_1_6","fixed","cond",NA,"onset_timeline_combinedt0-24",-6.66814871754539,4.21628656883073,-1.58152170368121,0.113758800451592,-14.9319185409536,1.59562110586279,0.370445324547493
"virus_comp_2223_cycle_1_6","fixed","cond",NA,"onset_timeline_combinedt0-30",-8.31377826022296,4.15662074070409,-2.00012913827079,0.0454863210969159,-16.4606052093952,-0.166951311050756,0.207937467871616
"virus_comp_2223_cycle_1_6","fixed","cond",NA,"onset_timeline_combinedt0-36",-36.6369524827206,18162.7144726026,-0.00201715181604519,0.998390546800633,-35634.9031802683,35561.6292753028,0.999999999336064
"virus_comp_2223_cycle_1_6","fixed","cond",NA,"onset_timeline_combinedt0-over42",-13.5940510078127,2647.58235098543,-0.0051345148915776,0.99590326784133,-5202.76010504313,5175.57200302751,1
"virus_comp_2223_cycle_1_6","fixed","cond",NA,"SexMale",-47.6562709917854,1059408.42312741,-4.4983851318741e-05,0.999964108079559,-2076450.01051909,2076354.69797711,1
"virus_comp_2223_cycle_1_6","fixed","cond",NA,"Age.at.Gluten.Introduction..months.",-0.772941913240906,0.621090226166688,-1.2444921537591,0.213318485325266,-1.99025638767745,0.444372561195638,0.883719897235668
"virus_comp_2223_cycle_1_6","fixed","cond",NA,"HLA.CategoryHigh Risk",0.473280723041972,5.49041998731694,0.0862011875476314,0.931306486696962,-10.2877447120981,11.234306158182,0.999993113296695
"virus_comp_2223_cycle_1_6","fixed","cond",NA,"HLA.CategoryLow/No Risk",23.156418621598,17.7241323328324,1.30649095745594,0.191385652118245,-11.5822424079754,57.8950796511714,0.999999262755209
"virus_comp_2223_cycle_1_6","fixed","cond",NA,"feeding_first_yearFormula",-2.41518522953704,6.13109287622794,-0.393924097757747,0.693637078456217,-14.4319064528139,9.60153599373981,1
"virus_comp_2223_cycle_1_6","fixed","cond",NA,"feeding_first_yearBreastmilk_and_formula",-3.10548053736785,5.86675530209317,-0.529335276052823,0.596572888621785,-14.6041096355799,8.39314856084416,0.999998456348986
"virus_comp_2223_cycle_1_6","fixed","cond",NA,"Delivery.ModeC-Section",-36.269165650137,111963.874927975,-0.000323936320294992,0.999741536215874,-219481.431594029,219408.893262729,1
"virus_comp_2223_cycle_1_6","fixed","cond",NA,"Dx.StatusCELIAC:onset_timeline_combinedt0-6",12.2505401873705,16397.474129303,0.000747099223378448,0.999403901119731,-32126.2081906738,32150.7092710486,1
"virus_comp_2223_cycle_1_6","fixed","cond",NA,"Dx.StatusCELIAC:onset_timeline_combinedt0-12",1.74136211515938,4.66768605443959,0.373067531716943,0.709098182985523,-7.40713444268209,10.8898586730008,0.999999948577024
"virus_comp_2223_cycle_1_6","fixed","cond",NA,"Dx.StatusCELIAC:onset_timeline_combinedt0-18",-0.997851536091206,4.87568014992343,-0.204658940990392,0.837838601668503,-10.554009030078,8.55830595789556,1
"virus_comp_2223_cycle_1_6","fixed","cond",NA,"Dx.StatusCELIAC:onset_timeline_combinedt0-24",-5.2628212027815,5.56223945420995,-0.946169478338112,0.344062150975261,-16.1646102064207,5.63896780085773,0.976801545091409
"virus_comp_2223_cycle_1_6","fixed","cond",NA,"Dx.StatusCELIAC:onset_timeline_combinedt0-30",2.11015740013296,5.76147540466181,0.366252956391267,0.714176329711819,-9.18212689081751,13.4024416910834,1
"virus_comp_2223_cycle_1_6","fixed","cond",NA,"Dx.StatusCELIAC:onset_timeline_combinedt0-36",25.321359750392,18162.7148117301,0.00139413958831961,0.998887637907212,-35572.9455327128,35623.5882522136,1
"virus_comp_2223_cycle_1_6","fixed","cond",NA,"Dx.StatusCELIAC:onset_timeline_combinedt0-over42",2.70835617327392,2647.58489224105,0.00102295347779441,0.999183801355998,-5186.46267863153,5191.87939097808,1
"virus_comp_2239_cycle_1_10","fixed","cond",NA,"(Intercept)",-29.3570499120078,1505.68081080797,-0.0194975254391762,0.984444211082393,-2980.43721130869,2921.72311148467,0.999989040315975
"virus_comp_2239_cycle_1_10","fixed","cond",NA,"Dx.StatusCELIAC",2.99869176488001,1505.62197573428,0.00199166312209117,0.99841088379516,-2947.96615500635,2953.96353853611,0.999998120218113
"virus_comp_2239_cycle_1_10","fixed","cond",NA,"onset_timeline_combinedt0-6",-1.65177320369351,2386823.84121924,-6.92038170211065e-07,0.999999447833429,-4678090.41800446,4678087.11445805,1
"virus_comp_2239_cycle_1_10","fixed","cond",NA,"onset_timeline_combinedt0-12",-0.845980523496519,2399.13110293288,-0.000352619547327917,0.99971865031318,-4703.0565364618,4701.3645754148,0.999995349743898
"virus_comp_2239_cycle_1_10","fixed","cond",NA,"onset_timeline_combinedt0-18",-1.28781711406682,8321.35681178539,-0.00015476047274441,0.999876519008668,-16310.8474707205,16308.2718364923,0.999999998540549
"virus_comp_2239_cycle_1_10","fixed","cond",NA,"onset_timeline_combinedt0-24",-2.04727794116145,2971.02179149942,-0.0006890821019957,0.999450192073203,-5825.14298656369,5821.04843068136,0.999995842904296
"virus_comp_2239_cycle_1_10","fixed","cond",NA,"onset_timeline_combinedt0-30",-0.999379998308981,2970.17061236081,-0.000336472253193104,0.999731533989104,-5822.42680816477,5820.42804816815,1
"virus_comp_2239_cycle_1_10","fixed","cond",NA,"onset_timeline_combinedt0-36",-0.180020057170477,2410.81199224464,-7.46719602148925e-05,0.999940420395875,-4725.28469835392,4724.92465823958,0.999999999336064
"virus_comp_2239_cycle_1_10","fixed","cond",NA,"onset_timeline_combinedt0-over42",-3.46605742357991,6488.10535962904,-0.000534217191531254,0.999573756371036,-12719.9188901978,12712.9867753506,1
"virus_comp_2239_cycle_1_10","fixed","cond",NA,"SexMale",-14.756188068532,803.043784733016,-0.0183753219302206,0.985339439365788,-1588.69308415398,1559.18070801692,1
"virus_comp_2239_cycle_1_10","fixed","cond",NA,"Age.at.Gluten.Introduction..months.",-0.576782925617531,1.4411785524662,-0.400216145758289,0.688997323605014,-3.40144098374284,2.24787513250778,0.883719897235668
"virus_comp_2239_cycle_1_10","fixed","cond",NA,"HLA.CategoryHigh Risk",-8.18592114054954,7.94360175975864,-1.03050497596927,0.302773017602967,-23.7550944972055,7.38325221610638,0.999993113296695
"virus_comp_2239_cycle_1_10","fixed","cond",NA,"HLA.CategoryLow/No Risk",12.0118143971618,141.687659918338,0.0847767152346567,0.932438905435191,-265.69089609654,289.714524890863,0.999999262755209
"virus_comp_2239_cycle_1_10","fixed","cond",NA,"feeding_first_yearFormula",-15.8875803807634,1051709.1052933,-1.51064398898901e-05,0.999987946804844,-2061327.8561681,2061296.08100734,1
"virus_comp_2239_cycle_1_10","fixed","cond",NA,"feeding_first_yearBreastmilk_and_formula",-0.898588405918147,139.767876551788,-0.00642914829993279,0.994870317170736,-274.838592643064,273.041415831227,0.999998456348986
"virus_comp_2239_cycle_1_10","fixed","cond",NA,"Delivery.ModeC-Section",-9.86409686168388,8233.6348684799,-0.00119802456864413,0.999044114921874,-16147.4919009355,16127.7637072121,1
"virus_comp_2239_cycle_1_10","fixed","cond",NA,"Dx.StatusCELIAC:onset_timeline_combinedt0-6",3.75718446933899,2386823.8412191,1.57413563768492e-06,0.999998744021478,-4678085.0090465,4678092.52341544,1
"virus_comp_2239_cycle_1_10","fixed","cond",NA,"Dx.StatusCELIAC:onset_timeline_combinedt0-12",0.0440595626659898,2399.13128938867,1.83647984838782e-05,0.999985347010828,-4702.16686182226,4702.25498094759,0.999999948577024
"virus_comp_2239_cycle_1_10","fixed","cond",NA,"Dx.StatusCELIAC:onset_timeline_combinedt0-18",-0.64865879463733,8321.35683146981,-7.7951085114416e-05,0.999937804032752,-16310.2083509818,16308.9110333925,1
"virus_comp_2239_cycle_1_10","fixed","cond",NA,"Dx.StatusCELIAC:onset_timeline_combinedt0-24",4.05455488622952,2971.02185465411,0.00136470045815316,0.998911126912307,-5819.04127751722,5827.15038728967,0.999996294200444
"virus_comp_2239_cycle_1_10","fixed","cond",NA,"Dx.StatusCELIAC:onset_timeline_combinedt0-30",-0.0747739975144763,2970.17075987172,-2.51749827062825e-05,0.999979913269982,-5821.50249128004,5821.35294328502,1
"virus_comp_2239_cycle_1_10","fixed","cond",NA,"Dx.StatusCELIAC:onset_timeline_combinedt0-36",0.9278814329358,2410.81213885611,0.000384883341999458,0.99969290753129,-4724.17708421702,4726.03284708289,1
"virus_comp_2239_cycle_1_10","fixed","cond",NA,"Dx.StatusCELIAC:onset_timeline_combinedt0-over42",11.2158837753822,6488.10585496116,0.0017286838448861,0.998620710536622,-12705.2379198319,12727.6696873827,1
"virus_comp_2239_cycle_1_5","fixed","cond",NA,"(Intercept)",-20.5565040638422,19.4333266561439,-1.05779645593222,0.290148248918804,-58.6451244096865,17.5321162820021,0.41403177092908
"virus_comp_2239_cycle_1_5","fixed","cond",NA,"Dx.StatusCELIAC",-1.85358739704152,5.62254630663978,-0.329670454621705,0.741648980588052,-12.8735756594642,9.16640086538114,0.999998120218113
"virus_comp_2239_cycle_1_5","fixed","cond",NA,"onset_timeline_combinedt0-6",-17.4275170131962,22400.0051973376,-0.000778013971856915,0.999379234726392,-43920.630957305,43885.7759232786,1
"virus_comp_2239_cycle_1_5","fixed","cond",NA,"onset_timeline_combinedt0-12",-39.990482471055,1736761.15402408,-2.302589643855e-05,0.999981627992735,-3404029.30211788,3403949.32115294,0.999995349743898
"virus_comp_2239_cycle_1_5","fixed","cond",NA,"onset_timeline_combinedt0-18",-32.8429193595979,5394267.63578333,-6.08848532870924e-06,0.999995142091558,-10572603.1320247,10572537.446186,0.999999998540549
"virus_comp_2239_cycle_1_5","fixed","cond",NA,"onset_timeline_combinedt0-24",0.460242834238911,1.02820743474527,0.447616714960764,0.654429837823604,-1.55500670649813,2.47549237497595,0.98642109941054
"virus_comp_2239_cycle_1_5","fixed","cond",NA,"onset_timeline_combinedt0-30",1.1877678244532,1.50150180013229,0.791053213754755,0.42891293946311,-1.75512162652815,4.13065727543455,0.915014270854634
"virus_comp_2239_cycle_1_5","fixed","cond",NA,"onset_timeline_combinedt0-36",-32.5147680949296,3083002.86298635,-1.05464605580788e-05,0.99999158514195,-6042607.09045522,6042542.06091903,0.999999999336064
"virus_comp_2239_cycle_1_5","fixed","cond",NA,"onset_timeline_combinedt0-over42",-21.624517859742,2130036.11633789,-1.01521836619937e-05,0.999991899729398,-4174815.6983097,4174772.44927398,1
"virus_comp_2239_cycle_1_5","fixed","cond",NA,"SexMale",-39.7480054031308,17932.3406393398,-0.00221655422471353,0.998231447054102,-35186.4898170132,35106.9938062069,1
"virus_comp_2239_cycle_1_5","fixed","cond",NA,"Age.at.Gluten.Introduction..months.",-0.79375731130634,2.42697077392296,-0.327056806713543,0.743624920061305,-5.55053261972664,3.96301799711396,0.883719897235668
"virus_comp_2239_cycle_1_5","fixed","cond",NA,"HLA.CategoryHigh Risk",3.20395154997949,5.28151921206935,0.606634459012818,0.544093526571993,-7.14763588933278,13.5555389892918,0.999993113296695
"virus_comp_2239_cycle_1_5","fixed","cond",NA,"HLA.CategoryLow/No Risk",27.0914881465752,7844.81432710167,0.00345342630391921,0.99724456994718,-15348.4620583765,15402.6450346697,0.999999262755209
"virus_comp_2239_cycle_1_5","fixed","cond",NA,"feeding_first_yearFormula",2.88895684787024,6.9169790318734,0.417661646010193,0.676194518101208,-10.6680729364204,16.4459866321608,1
"virus_comp_2239_cycle_1_5","fixed","cond",NA,"feeding_first_yearBreastmilk_and_formula",-16.7509659769276,7844.80484160174,-0.00213529416156992,0.998296283050389,-15392.2859212618,15358.7839893079,0.999998456348986
"virus_comp_2239_cycle_1_5","fixed","cond",NA,"Delivery.ModeC-Section",-50.2555177476628,8039127.80851842,-6.25136444458702e-06,0.999995012132826,-15756451.2273283,15756350.7162928,1
"virus_comp_2239_cycle_1_5","fixed","cond",NA,"Dx.StatusCELIAC:onset_timeline_combinedt0-6",-13.7509330684718,3102064.67202485,-4.43283249136644e-06,0.999996463111395,-6079948.78581583,6079921.28394969,1
"virus_comp_2239_cycle_1_5","fixed","cond",NA,"Dx.StatusCELIAC:onset_timeline_combinedt0-12",39.7876435938578,1736761.1455284,2.29091050869592e-05,0.999981721178751,-3403949.5073406,3404029.08262778,0.999999948577024
"virus_comp_2239_cycle_1_5","fixed","cond",NA,"Dx.StatusCELIAC:onset_timeline_combinedt0-18",32.3453515497661,5394267.6311762,5.9962452294406e-06,0.999995215688509,-10572537.934724,10572602.6254271,1
"virus_comp_2239_cycle_1_5","fixed","cond",NA,"Dx.StatusCELIAC:onset_timeline_combinedt0-24",1.31451582965007,1.50701091542736,0.872266959843021,0.383062757842086,-1.63917128889629,4.26820294819643,0.999996294200444
"virus_comp_2239_cycle_1_5","fixed","cond",NA,"Dx.StatusCELIAC:onset_timeline_combinedt0-30",-1.9924945007628,1.88385421708323,-1.05766915650605,0.290206301623558,-5.68478091836983,1.69979191684424,0.863736025876873
"virus_comp_2239_cycle_1_5","fixed","cond",NA,"Dx.StatusCELIAC:onset_timeline_combinedt0-36",32.2268650120618,3083002.86561187,1.04530765674997e-05,0.999991659651594,-6042542.35396804,6042606.80769806,1
"virus_comp_2239_cycle_1_5","fixed","cond",NA,"Dx.StatusCELIAC:onset_timeline_combinedt0-over42",28.8089179041122,2130036.12007961,1.3525084214551e-05,0.999989208544122,-4174765.27220757,4174822.89004338,1
"virus_comp_2265_cycle_1_11","fixed","cond",NA,"(Intercept)",-20.2792025604603,5.02776116134988,-4.03344588369738,5.49648432506617e-05,-30.1334333595753,-10.4249717613452,0.000268482118955155
"virus_comp_2265_cycle_1_11","fixed","cond",NA,"Dx.StatusCELIAC",1.52708649334331,3.28194250967869,0.465299586705074,0.641716930720552,-4.90540262495792,7.95957561164453,0.999998120218113
"virus_comp_2265_cycle_1_11","fixed","cond",NA,"onset_timeline_combinedt0-6",-27.1697657482504,2530478.13155093,-1.07370087136845e-05,0.999991433106518,-4959673.17127178,4959618.83174028,1
"virus_comp_2265_cycle_1_11","fixed","cond",NA,"onset_timeline_combinedt0-12",-0.80259194812968,1.62959398635861,-0.492510376724636,0.622358588135473,-3.99653747081561,2.39135357455625,0.999995349743898
"virus_comp_2265_cycle_1_11","fixed","cond",NA,"onset_timeline_combinedt0-18",-1.0178926484523,1.60823876837985,-0.632923834734897,0.526783382206069,-4.16998271301786,2.13419741611326,0.938608209988113
"virus_comp_2265_cycle_1_11","fixed","cond",NA,"onset_timeline_combinedt0-24",2.37643119865253,1.5946927208042,1.49021260814065,0.136168342270649,-0.749109100531881,5.50197149783694,0.421789743131036
"virus_comp_2265_cycle_1_11","fixed","cond",NA,"onset_timeline_combinedt0-30",3.32655049016812,1.72260955220218,1.93111113654018,0.0534693100932048,-0.0497021915728171,6.70280317190905,0.220939653691551
"virus_comp_2265_cycle_1_11","fixed","cond",NA,"onset_timeline_combinedt0-36",-1.8521990043968,1.34039883647501,-1.38182677722082,0.167024895065535,-4.47933244880722,0.774934440013611,0.493306085426116
"virus_comp_2265_cycle_1_11","fixed","cond",NA,"onset_timeline_combinedt0-over42",-25.882416477486,6311.48377188914,-0.0041008449697303,0.996728008283218,-12396.1632983892,12344.3984654342,1
"virus_comp_2265_cycle_1_11","fixed","cond",NA,"SexMale",-5.19550956918563,6.03534174634963,-0.860847618501146,0.389321974564189,-17.024562026422,6.63354288805073,1
"virus_comp_2265_cycle_1_11","fixed","cond",NA,"Age.at.Gluten.Introduction..months.",-0.270860064716408,0.481740962464093,-0.562252508756916,0.573943990360083,-1.21505500102369,0.673334871590877,0.883719897235668
"virus_comp_2265_cycle_1_11","fixed","cond",NA,"HLA.CategoryHigh Risk",2.32830462310534,3.86048372994081,0.603112145000813,0.546434087532152,-5.23810445048149,9.89471369669217,0.999993113296695
"virus_comp_2265_cycle_1_11","fixed","cond",NA,"HLA.CategoryLow/No Risk",5.31505394651778,6.95428404205292,0.76428485152136,0.444697510740323,-8.31509231416757,18.9452002072031,0.999999262755209
"virus_comp_2265_cycle_1_11","fixed","cond",NA,"feeding_first_yearFormula",0.702667495253317,4.05628398106754,0.173229364248897,0.86247114321518,-7.24750301870581,8.65283800921245,1
"virus_comp_2265_cycle_1_11","fixed","cond",NA,"feeding_first_yearBreastmilk_and_formula",-0.287676771414138,3.31990056997445,-0.086652225074425,0.930947952374275,-6.79456232081806,6.21920877798979,0.999998456348986
"virus_comp_2265_cycle_1_11","fixed","cond",NA,"Delivery.ModeC-Section",0.378432729040114,7.54102298709588,0.050183208523258,0.959976392350561,-14.4017007322565,15.1585661903367,1
"virus_comp_2265_cycle_1_11","fixed","cond",NA,"Dx.StatusCELIAC:onset_timeline_combinedt0-6",27.7147899138445,2530478.13155172,1.09523925807845e-05,0.999991261255056,-4959618.28671767,4959673.7162975,1
"virus_comp_2265_cycle_1_11","fixed","cond",NA,"Dx.StatusCELIAC:onset_timeline_combinedt0-12",-0.867786904442342,2.34863512003987,-0.369485620409019,0.711765789359917,-5.47102715254639,3.73545334366171,0.999999948577024
"virus_comp_2265_cycle_1_11","fixed","cond",NA,"Dx.StatusCELIAC:onset_timeline_combinedt0-18",-3.03995947928718,2.50304830873279,-1.21450291977234,0.224555735553333,-7.94584401596734,1.86592505739298,0.898222942213332
"virus_comp_2265_cycle_1_11","fixed","cond",NA,"Dx.StatusCELIAC:onset_timeline_combinedt0-24",-5.2109620246096,2.44612774378452,-2.13029022619541,0.0331476599699581,-10.0052843040115,-0.416639745207722,0.175553564438132
"virus_comp_2265_cycle_1_11","fixed","cond",NA,"Dx.StatusCELIAC:onset_timeline_combinedt0-30",-6.37225410145079,2.587125083655,-2.46306378524546,0.013775540655899,-11.4429260889148,-1.3015821139868,0.267760378847548
"virus_comp_2265_cycle_1_11","fixed","cond",NA,"Dx.StatusCELIAC:onset_timeline_combinedt0-36",-1.54215962246957,2.3796322602729,-0.648066362275954,0.516942029164959,-6.2061531490541,3.12183390411496,1
"virus_comp_2265_cycle_1_11","fixed","cond",NA,"Dx.StatusCELIAC:onset_timeline_combinedt0-over42",23.1567725338911,6311.48414580348,0.00366899005034942,0.997072576053002,-12347.1248422365,12393.4383873043,1
"virus_comp_2265_cycle_1_3","fixed","cond",NA,"(Intercept)",-17.6782957997594,5.15919953400426,-3.42655787651588,0.000611283476684266,-27.7901410754635,-7.56645052405517,0.00152221571644906
"virus_comp_2265_cycle_1_3","fixed","cond",NA,"Dx.StatusCELIAC",-1.1632176751233,4.0567807840024,-0.286734171023083,0.774315871000418,-9.11436190494218,6.78792655469557,0.999998120218113
"virus_comp_2265_cycle_1_3","fixed","cond",NA,"onset_timeline_combinedt0-6",-17.6918599066479,2056.8538331721,-0.00860141815685721,0.993137145875756,-4049.05129438713,4013.66757457383,1
"virus_comp_2265_cycle_1_3","fixed","cond",NA,"onset_timeline_combinedt0-12",-3.8969910831399,2.11246159944006,-1.84476304050822,0.0650720160088833,-8.0373397367663,0.243357570486502,0.31785177050493
"virus_comp_2265_cycle_1_3","fixed","cond",NA,"onset_timeline_combinedt0-18",-2.19910186432754,2.30228371795929,-0.955182824416091,0.339485250001827,-6.71149503372072,2.31329130506565,0.741514923935026
"virus_comp_2265_cycle_1_3","fixed","cond",NA,"onset_timeline_combinedt0-24",-0.524410447656825,2.16318867649132,-0.242424737775262,0.808451067985841,-4.76418234534468,3.71536145003103,0.999995842904296
"virus_comp_2265_cycle_1_3","fixed","cond",NA,"onset_timeline_combinedt0-30",-3.37877178108872,2.55303835117746,-1.32343165919557,0.185691869231076,-8.38263500054605,1.62509143836862,0.485072637991383
"virus_comp_2265_cycle_1_3","fixed","cond",NA,"onset_timeline_combinedt0-36",-4.85626370692754,1.95362347986619,-2.48577259486059,0.012927054098299,-8.68529536681708,-1.02723204703801,0.0912075483602205
"virus_comp_2265_cycle_1_3","fixed","cond",NA,"onset_timeline_combinedt0-over42",-26.9542103170581,2105.129822756,-0.0128040608354359,0.989784116683339,-4152.93284570001,4099.02442506589,1
"virus_comp_2265_cycle_1_3","fixed","cond",NA,"SexMale",-7.84999960971144,7.56807388476811,-1.03725197840771,0.299618439548699,-22.6831518561951,6.98315263677218,1
"virus_comp_2265_cycle_1_3","fixed","cond",NA,"Age.at.Gluten.Introduction..months.",-0.223892911407884,0.484282874334711,-0.462318457400458,0.643852965369229,-1.17306990343345,0.725284080617687,0.883719897235668
"virus_comp_2265_cycle_1_3","fixed","cond",NA,"HLA.CategoryHigh Risk",5.3083496997396,5.34598850741888,0.992959429743058,0.320729725935057,-5.16959523656645,15.7862946360456,0.999993113296695
"virus_comp_2265_cycle_1_3","fixed","cond",NA,"HLA.CategoryLow/No Risk",7.01976766169254,8.36009684501014,0.83967539991865,0.401090410579895,-9.36572106179428,23.4052563851793,0.999999262755209
"virus_comp_2265_cycle_1_3","fixed","cond",NA,"feeding_first_yearFormula",-2.93643933018511,4.93037759983706,-0.595581022086858,0.551455157868953,-12.5998018560488,6.72692319567857,1
"virus_comp_2265_cycle_1_3","fixed","cond",NA,"feeding_first_yearBreastmilk_and_formula",-2.08688838491837,4.2075217370462,-0.495989923603681,0.619901520210155,-10.3334794536983,6.15970268386158,0.999998456348986
"virus_comp_2265_cycle_1_3","fixed","cond",NA,"Delivery.ModeC-Section",-3.38700779390313,8.85711957421629,-0.38240511099827,0.702160899913999,-20.7466431661318,13.9726275783255,1
"virus_comp_2265_cycle_1_3","fixed","cond",NA,"Dx.StatusCELIAC:onset_timeline_combinedt0-6",14.3682347235308,2056.85629745518,0.00698553162965624,0.99442639749352,-4016.99602966302,4045.73249911008,1
"virus_comp_2265_cycle_1_3","fixed","cond",NA,"Dx.StatusCELIAC:onset_timeline_combinedt0-12",-1.48343183718951,3.0432875770769,-0.487443857873712,0.625943819509432,-7.4481658828584,4.48130220847939,0.999999948577024
"virus_comp_2265_cycle_1_3","fixed","cond",NA,"Dx.StatusCELIAC:onset_timeline_combinedt0-18",-3.39726925985224,3.80025393911381,-0.893958486533258,0.371344103033167,-10.8456301126218,4.05109159291731,1
"virus_comp_2265_cycle_1_3","fixed","cond",NA,"Dx.StatusCELIAC:onset_timeline_combinedt0-24",-6.16145963461177,3.14190319730236,-1.96105966596998,0.0498720630914767,-12.3194767442357,-0.0034425249878991,0.221206047297687
"virus_comp_2265_cycle_1_3","fixed","cond",NA,"Dx.StatusCELIAC:onset_timeline_combinedt0-30",-4.21732180440691,3.35773500824982,-1.25600197575006,0.209115253753932,-10.7983614902059,2.36371788139204,0.701303541772463
"virus_comp_2265_cycle_1_3","fixed","cond",NA,"Dx.StatusCELIAC:onset_timeline_combinedt0-36",-3.00704752013804,3.1046082955207,-0.968575496134756,0.332757034184764,-9.09196796546288,3.07787292518681,1
"virus_comp_2265_cycle_1_3","fixed","cond",NA,"Dx.StatusCELIAC:onset_timeline_combinedt0-over42",18.9556655947091,2105.13113490332,0.0090045058383404,0.992815540901398,-4107.02554154972,4144.93687273914,1
"virus_comp_2269_cycle_1_10","fixed","cond",NA,"(Intercept)",-24.4491931141799,7.02261805649819,-3.48149264526162,0.000498627474716469,-38.213271582097,-10.6851146462627,0.00129236100589779
"virus_comp_2269_cycle_1_10","fixed","cond",NA,"Dx.StatusCELIAC",-1.9545835290617,5.84894798365393,-0.334176938233025,0.738246045274767,-13.4183109244716,9.50914386634818,0.999998120218113
"virus_comp_2269_cycle_1_10","fixed","cond",NA,"onset_timeline_combinedt0-6",-10.2039984281808,10519.7095507728,-0.00096998860842419,0.999226061186547,-20628.455845765,20608.0478489086,1
"virus_comp_2269_cycle_1_10","fixed","cond",NA,"onset_timeline_combinedt0-12",-5.15909043715463,2.27616018745303,-2.26657616875705,0.0234161292657549,-9.62028242760652,-0.69789844670275,0.198256561116725
"virus_comp_2269_cycle_1_10","fixed","cond",NA,"onset_timeline_combinedt0-18",6.08977711087672,4.51269431332269,1.34947698382717,0.177183808256674,-2.75494121647445,14.9344954382279,0.539988748972721
"virus_comp_2269_cycle_1_10","fixed","cond",NA,"onset_timeline_combinedt0-24",1.10626227967187,3.661512793246,0.30213257255648,0.762551002716451,-6.07017092402293,8.28269548336668,0.999995842904296
"virus_comp_2269_cycle_1_10","fixed","cond",NA,"onset_timeline_combinedt0-30",-30.3033371732179,29799.3169014733,-0.00101691381964932,0.999188620303478,-58435.8912279566,58375.2845536102,1
"virus_comp_2269_cycle_1_10","fixed","cond",NA,"onset_timeline_combinedt0-36",-31.418216523231,31672.9441939556,-0.000991957562607228,0.999208532505622,-62109.2481210233,62046.4116879768,0.999999999336064
"virus_comp_2269_cycle_1_10","fixed","cond",NA,"onset_timeline_combinedt0-over42",-32.9741028086807,121180.226087482,-0.000272107949236504,0.999782889271112,-237541.852872695,237475.904667078,1
"virus_comp_2269_cycle_1_10","fixed","cond",NA,"SexMale",-4.19471325181168,7.46879840978125,-0.561631606808161,0.574367041206102,-18.833289142773,10.4438626391496,1
"virus_comp_2269_cycle_1_10","fixed","cond",NA,"Age.at.Gluten.Introduction..months.",-0.349827254458164,0.545533734159334,-0.641256869288288,0.521355806604406,-1.41905372576211,0.719399216845779,0.883719897235668
"virus_comp_2269_cycle_1_10","fixed","cond",NA,"HLA.CategoryHigh Risk",-1.88935315692099,5.66531088909539,-0.333495053300186,0.738760622847799,-12.9931584607705,9.21445214692857,0.999993113296695
"virus_comp_2269_cycle_1_10","fixed","cond",NA,"HLA.CategoryLow/No Risk",5.52219946450937,8.88951211626332,0.621203885239836,0.53446548343422,-11.9009241234992,22.9453230525179,0.999999262755209
"virus_comp_2269_cycle_1_10","fixed","cond",NA,"feeding_first_yearFormula",-1.65290927000019,6.99348440964637,-0.236349889866098,0.813161176788867,-15.3598868393494,12.054068299349,1
"virus_comp_2269_cycle_1_10","fixed","cond",NA,"feeding_first_yearBreastmilk_and_formula",3.89975163485101,5.46156241205485,0.714035900467496,0.475204980434508,-6.80471399209419,14.6042172617962,0.999998456348986
"virus_comp_2269_cycle_1_10","fixed","cond",NA,"Delivery.ModeC-Section",0.242189142024728,9.56501541684016,0.0253203085902328,0.979799475210916,-18.5048965865524,18.9892748706018,1
"virus_comp_2269_cycle_1_10","fixed","cond",NA,"Dx.StatusCELIAC:onset_timeline_combinedt0-6",11.7142554622282,10519.7111195212,0.00111355296064075,0.999111513468689,-20606.5406665648,20629.9691774892,1
"virus_comp_2269_cycle_1_10","fixed","cond",NA,"Dx.StatusCELIAC:onset_timeline_combinedt0-12",6.57873497078331,5.2722327462187,1.2478081464635,0.212101324639625,-3.75465132991804,16.9121212714847,0.690688928954677
"virus_comp_2269_cycle_1_10","fixed","cond",NA,"Dx.StatusCELIAC:onset_timeline_combinedt0-18",-31.4503457896185,25701.9893837607,-0.00122365414287696,0.999023665495285,-50406.4238689914,50343.5231774121,1
"virus_comp_2269_cycle_1_10","fixed","cond",NA,"Dx.StatusCELIAC:onset_timeline_combinedt0-24",4.7814119665022,5.07494746430157,0.942159894291681,0.346110783693806,-5.16530228696174,14.7281262199661,0.976801545091409
"virus_comp_2269_cycle_1_10","fixed","cond",NA,"Dx.StatusCELIAC:onset_timeline_combinedt0-30",29.5131473574497,29799.3169901271,0.000990396772088025,0.999209777835668,-58376.0749171841,58435.101211899,1
"virus_comp_2269_cycle_1_10","fixed","cond",NA,"Dx.StatusCELIAC:onset_timeline_combinedt0-36",31.6538488465974,31672.9442732497,0.000999397106044593,0.999202596611716,-62046.176211067,62109.4839087601,1
"virus_comp_2269_cycle_1_10","fixed","cond",NA,"Dx.StatusCELIAC:onset_timeline_combinedt0-over42",33.6209642166527,121180.226105392,0.000277445960427669,0.999778630154558,-237475.257840773,237542.499769206,1
"virus_comp_2273_cycle_1_5","fixed","cond",NA,"(Intercept)",-21.7245325636057,6.32889497627501,-3.43259489137424,0.00059783463686676,-34.1289387790412,-9.32012634817019,0.00151849997764157
"virus_comp_2273_cycle_1_5","fixed","cond",NA,"Dx.StatusCELIAC",-2.46307644177951,4.76652322020222,-0.516744874196798,0.605334266244699,-11.8052902848497,6.87913740129071,0.999998120218113
"virus_comp_2273_cycle_1_5","fixed","cond",NA,"onset_timeline_combinedt0-6",-18.3302660977137,26200.7993614691,-0.000699607132012551,0.999441794316275,-51370.9533807371,51334.2928485417,1
"virus_comp_2273_cycle_1_5","fixed","cond",NA,"onset_timeline_combinedt0-12",-6.95013896024557,3.2272264138231,-2.15359509034638,0.0312719396381862,-13.2753865012952,-0.624891419195942,0.233619784355862
"virus_comp_2273_cycle_1_5","fixed","cond",NA,"onset_timeline_combinedt0-18",-17.9729693271126,26723.5589573899,-0.000672551487463555,0.999463381592262,-52395.186064544,52359.2401258897,0.999999998540549
"virus_comp_2273_cycle_1_5","fixed","cond",NA,"onset_timeline_combinedt0-24",-2.38299585300588,4.42397740550884,-0.538654616553538,0.59012519413099,-11.0538322362222,6.2878405302104,0.960915052129766
"virus_comp_2273_cycle_1_5","fixed","cond",NA,"onset_timeline_combinedt0-30",-5.05514984194647,3.41711553199865,-1.47936169983394,0.139043670694207,-11.7525732156762,1.6422735317833,0.413897438345547
"virus_comp_2273_cycle_1_5","fixed","cond",NA,"onset_timeline_combinedt0-36",-31.3178527933855,23035.4323547276,-0.00135955133427127,0.998915235314942,-45179.9356363682,45117.2999307814,0.999999999336064
"virus_comp_2273_cycle_1_5","fixed","cond",NA,"onset_timeline_combinedt0-over42",-31.4803394996179,8184.64361356667,-0.00384626881583907,0.996931129061849,-16073.0870483861,16010.1263693868,1
"virus_comp_2273_cycle_1_5","fixed","cond",NA,"SexMale",-2.01576822290493,6.59236841034826,-0.305772993472378,0.759777492316607,-14.9365728800071,10.9050364341972,1
"virus_comp_2273_cycle_1_5","fixed","cond",NA,"Age.at.Gluten.Introduction..months.",-0.21172711331951,0.408536334788935,-0.518257729582109,0.60427846111961,-1.01244361588182,0.588989389242801,0.883719897235668
"virus_comp_2273_cycle_1_5","fixed","cond",NA,"HLA.CategoryHigh Risk",-2.14946436235233,5.82694740910151,-0.368883432686373,0.71221461265374,-13.5700714240003,9.27114269929561,0.999993113296695
"virus_comp_2273_cycle_1_5","fixed","cond",NA,"HLA.CategoryLow/No Risk",3.84185955581175,7.7534390582146,0.495503934056383,0.620244445718678,-11.354601754615,19.0383208662385,0.999999262755209
"virus_comp_2273_cycle_1_5","fixed","cond",NA,"feeding_first_yearFormula",0.881557068517029,7.2236424802403,0.122037749089668,0.902869122240693,-13.2765220299475,15.0396361669816,1
"virus_comp_2273_cycle_1_5","fixed","cond",NA,"feeding_first_yearBreastmilk_and_formula",1.80703539451032,5.42448775896323,0.333125536420363,0.739039523933714,-8.824765247636,12.4388360366566,0.999998456348986
"virus_comp_2273_cycle_1_5","fixed","cond",NA,"Delivery.ModeC-Section",-0.97592540103172,8.85042106770985,-0.110268810214275,0.912196192233761,-18.3224319417576,16.3705811396941,1
"virus_comp_2273_cycle_1_5","fixed","cond",NA,"Dx.StatusCELIAC:onset_timeline_combinedt0-6",20.381074365283,26200.7994632974,0.000777879865606131,0.999379341727667,-51332.242239854,51373.0043885845,1
"virus_comp_2273_cycle_1_5","fixed","cond",NA,"Dx.StatusCELIAC:onset_timeline_combinedt0-12",7.58355261513949,3.49697831608421,2.16860155530826,0.030112947001608,0.729601060896911,14.4375041693821,0.159347677883509
"virus_comp_2273_cycle_1_5","fixed","cond",NA,"Dx.StatusCELIAC:onset_timeline_combinedt0-18",18.6231163097649,26723.5590266033,0.000696880093374748,0.999443970177771,-52358.5901145629,52395.8363471824,1
"virus_comp_2273_cycle_1_5","fixed","cond",NA,"Dx.StatusCELIAC:onset_timeline_combinedt0-24",3.16982091168171,4.68894591697126,0.676019934503573,0.499027988619462,-6.02034421103809,12.3599860344015,0.999996294200444
"virus_comp_2273_cycle_1_5","fixed","cond",NA,"Dx.StatusCELIAC:onset_timeline_combinedt0-30",2.94235052576077,3.70427913697611,0.794311232215258,0.427014266681603,-4.31790317139552,10.2026042229171,1
"virus_comp_2273_cycle_1_5","fixed","cond",NA,"Dx.StatusCELIAC:onset_timeline_combinedt0-36",30.6084580704045,23035.4323989463,0.00132875552498005,0.998939806793515,-45118.0094121715,45179.2263283123,1
"virus_comp_2273_cycle_1_5","fixed","cond",NA,"Dx.StatusCELIAC:onset_timeline_combinedt0-over42",30.3899830319485,8184.64374643697,0.00371304896992959,0.997037422360767,-16011.2169862755,16071.9969523394,1
"virus_comp_2283_cycle_1_1","fixed","cond",NA,"(Intercept)",-14.5449577910367,6.10934737464701,-2.38077111990657,0.0172764425460904,-26.5190586143891,-2.57085696768418,0.0391805036313122
"virus_comp_2283_cycle_1_1","fixed","cond",NA,"Dx.StatusCELIAC",-0.453913919828616,3.94614107641783,-0.11502729148261,0.908423490140873,-8.18820830752169,7.28038046786446,0.999998120218113
"virus_comp_2283_cycle_1_1","fixed","cond",NA,"onset_timeline_combinedt0-6",-2.47624261865618,229.862555474921,-0.0107727098636835,0.991404787369648,-452.998572743841,448.046087506528,1
"virus_comp_2283_cycle_1_1","fixed","cond",NA,"onset_timeline_combinedt0-12",-18.9006610440039,138.382012516536,-0.136583221332653,0.891360239635317,-290.124421684585,252.323099596577,0.999995349743898
"virus_comp_2283_cycle_1_1","fixed","cond",NA,"onset_timeline_combinedt0-18",-24.1898428434333,3928.57991508377,-0.00615740124072733,0.995087135659429,-7724.06498679505,7675.68530110819,0.999999998540549
"virus_comp_2283_cycle_1_1","fixed","cond",NA,"onset_timeline_combinedt0-24",-5.61505860993557,4.33541677641472,-1.29516005023606,0.195265023007186,-14.1123193496792,2.88220212980803,0.509693844437891
"virus_comp_2283_cycle_1_1","fixed","cond",NA,"onset_timeline_combinedt0-30",-25.0842404507596,2872.5602856017,-0.00873236345168831,0.99303267057068,-5655.19894365017,5605.03046274865,1
"virus_comp_2283_cycle_1_1","fixed","cond",NA,"onset_timeline_combinedt0-36",-22.3543068664421,355.499563978719,-0.0628813903911855,0.949860953830497,-719.120648784424,674.41203505154,0.999999999336064
"virus_comp_2283_cycle_1_1","fixed","cond",NA,"onset_timeline_combinedt0-over42",-23.1473429452204,371.754770562686,-0.0622650864982437,0.950351731444762,-751.773304329035,705.478618438595,1
"virus_comp_2283_cycle_1_1","fixed","cond",NA,"SexMale",-24.1390813053703,491.604407941087,-0.0491026543201034,0.960837488119447,-987.666015511038,939.387852900297,1
"virus_comp_2283_cycle_1_1","fixed","cond",NA,"Age.at.Gluten.Introduction..months.",-0.469291047352806,0.501296574188992,-0.936154507163817,0.349193642243952,-1.45181427833654,0.513232183630929,0.883719897235668
"virus_comp_2283_cycle_1_1","fixed","cond",NA,"HLA.CategoryHigh Risk",-1.91456313448254,4.41310491285753,-0.433835853053139,0.664407644098522,-10.5640898236801,6.73496355471498,0.999993113296695
"virus_comp_2283_cycle_1_1","fixed","cond",NA,"HLA.CategoryLow/No Risk",13.2754358394585,14.2501959801289,0.931596720351798,0.351544978681057,-14.6544350542317,41.2053067331487,0.999999262755209
"virus_comp_2283_cycle_1_1","fixed","cond",NA,"feeding_first_yearFormula",-18.5788483744383,4057.05364457542,-0.00457939430977935,0.996346184753006,-7970.25787508923,7933.10017834035,1
"virus_comp_2283_cycle_1_1","fixed","cond",NA,"feeding_first_yearBreastmilk_and_formula",-1.75170341568738,4.43837755509354,-0.394672015605591,0.693084957971554,-10.4507635734617,6.9473567420869,0.999998456348986
"virus_comp_2283_cycle_1_1","fixed","cond",NA,"Delivery.ModeC-Section",-22.1693359689902,1771.64611839767,-0.0125134109677845,0.990016003144617,-3494.53192137862,3450.19324944064,1
"virus_comp_2283_cycle_1_1","fixed","cond",NA,"Dx.StatusCELIAC:onset_timeline_combinedt0-6",-1.78711733435228,229.900667012426,-0.00777343257666883,0.993797760625712,-452.384144700442,448.809910031737,1
"virus_comp_2283_cycle_1_1","fixed","cond",NA,"Dx.StatusCELIAC:onset_timeline_combinedt0-12",10.7005607624785,138.4079998236,0.0773117216932283,0.938375566255371,-260.574134064003,281.97525558896,0.999999948577024
"virus_comp_2283_cycle_1_1","fixed","cond",NA,"Dx.StatusCELIAC:onset_timeline_combinedt0-18",-13.334238428738,109493.518768052,-0.000121781075069703,0.999902832760644,-214616.68756437,214590.019087513,1
"virus_comp_2283_cycle_1_1","fixed","cond",NA,"Dx.StatusCELIAC:onset_timeline_combinedt0-24",-25.8102774187959,14320.8740891951,-0.0018022836635558,0.998561986469161,-28094.207719374,28042.5871645364,0.999996294200444
"virus_comp_2283_cycle_1_1","fixed","cond",NA,"Dx.StatusCELIAC:onset_timeline_combinedt0-30",-12.7974668861398,333246.149824132,-3.84024448381282e-05,0.999969359282174,-653163.249108823,653137.654175051,1
"virus_comp_2283_cycle_1_1","fixed","cond",NA,"Dx.StatusCELIAC:onset_timeline_combinedt0-36",13.0029206968645,355.513038677942,0.0365750880620832,0.970823807082696,-683.789831146296,709.795672540025,1
"virus_comp_2283_cycle_1_1","fixed","cond",NA,"Dx.StatusCELIAC:onset_timeline_combinedt0-over42",14.7704296712979,371.765512537942,0.039730499933854,0.968307985436578,-713.876585597142,743.417444939737,1
"virus_comp_229_cycle_1_67","fixed","cond",NA,"(Intercept)",-23.3540098024111,551.743043471142,-0.0423276923538277,0.966237469757634,-1104.75050372637,1058.04248412154,0.999989040315975
"virus_comp_229_cycle_1_67","fixed","cond",NA,"Dx.StatusCELIAC",9.61782936285887,551.538556484248,0.0174381813379779,0.986087049477431,-1071.37787743148,1090.61353615719,0.999998120218113
"virus_comp_229_cycle_1_67","fixed","cond",NA,"onset_timeline_combinedt0-6",-6.96930893019591,29269.0658490382,-0.000238111765033489,0.99981001430073,-57373.2842341764,57359.345616316,1
"virus_comp_229_cycle_1_67","fixed","cond",NA,"onset_timeline_combinedt0-12",-10.9268896987339,55279.3242603212,-0.000197666846419414,0.999842284676086,-108356.411529639,108334.557750242,0.999995349743898
"virus_comp_229_cycle_1_67","fixed","cond",NA,"onset_timeline_combinedt0-18",-11.0109849871073,273568.044058492,-4.02495292350483e-05,0.999967885522052,-536194.524660698,536172.502690724,0.999999998540549
"virus_comp_229_cycle_1_67","fixed","cond",NA,"onset_timeline_combinedt0-24",-17.1611772491677,2396385.48196715,-7.1612757539661e-06,0.99999428612864,-4696846.39890751,4696812.07655301,0.999995842904296
"virus_comp_229_cycle_1_67","fixed","cond",NA,"onset_timeline_combinedt0-30",-15.5098607029945,4340044.86729518,-3.57366367796575e-06,0.999997148628926,-8506347.14104718,8506316.12132577,1
"virus_comp_229_cycle_1_67","fixed","cond",NA,"onset_timeline_combinedt0-36",12.3230077386868,551.472386628353,0.0223456478284043,0.982172236259124,-1068.54300852123,1093.18902399861,0.999999999336064
"virus_comp_229_cycle_1_67","fixed","cond",NA,"onset_timeline_combinedt0-over42",15.5544850284735,551.471592045464,0.0282054148442722,0.977498318522564,-1065.3099738776,1096.41894393455,1
"virus_comp_229_cycle_1_67","fixed","cond",NA,"SexMale",1.74909168495988,5.69247463384645,0.307263852272629,0.758642547396076,-9.40795358028698,12.9061369502067,1
"virus_comp_229_cycle_1_67","fixed","cond",NA,"Age.at.Gluten.Introduction..months.",-1.60636402426004,2.33027477093284,-0.68934532712509,0.49060598007433,-6.17361864937074,2.96089060085065,0.883719897235668
"virus_comp_229_cycle_1_67","fixed","cond",NA,"HLA.CategoryHigh Risk",0.302254257176241,7.49436842298211,0.0403308511294098,0.967829358136789,-14.3864379387429,14.9909464530954,0.999993113296695
"virus_comp_229_cycle_1_67","fixed","cond",NA,"HLA.CategoryLow/No Risk",-11.3190585315006,3828.30389560978,-0.00295667711867938,0.997640916412888,-7514.65681580106,7492.01869873806,0.999999262755209
"virus_comp_229_cycle_1_67","fixed","cond",NA,"feeding_first_yearFormula",0.0649056999634282,7.79261250450549,0.00832913222951883,0.99335439082851,-15.2083341543438,15.3381455542707,1
"virus_comp_229_cycle_1_67","fixed","cond",NA,"feeding_first_yearBreastmilk_and_formula",-0.827262443059144,7.71465027444326,-0.107232656521017,0.914604408629275,-15.94769913429,14.2931742481717,0.999998456348986
"virus_comp_229_cycle_1_67","fixed","cond",NA,"Delivery.ModeC-Section",22.6754011258305,3828.34955707295,0.00592302264664867,0.995274139309232,-7480.75185096701,7526.10265321867,1
"virus_comp_229_cycle_1_67","fixed","cond",NA,"Dx.StatusCELIAC:onset_timeline_combinedt0-6",-2.56458288837902,29296.8087295664,-8.75379606035669e-05,0.999930154812839,-57423.2545547971,57418.1253890203,1
"virus_comp_229_cycle_1_67","fixed","cond",NA,"Dx.StatusCELIAC:onset_timeline_combinedt0-12",10.3872279697026,55279.3242882117,0.000187904394698212,0.999850073985446,-108335.097466635,108355.871922575,0.999999948577024
"virus_comp_229_cycle_1_67","fixed","cond",NA,"Dx.StatusCELIAC:onset_timeline_combinedt0-18",-3.772633483771,273664.435450419,-1.37856184255791e-05,0.999989000667897,-536376.20996579,536368.664698823,1
"virus_comp_229_cycle_1_67","fixed","cond",NA,"Dx.StatusCELIAC:onset_timeline_combinedt0-24",-11.1312362293086,2396633.00606044,-4.64453097372887e-06,0.999996294200444,-4697325.50727465,4697303.24480219,0.999996294200444
"virus_comp_229_cycle_1_67","fixed","cond",NA,"Dx.StatusCELIAC:onset_timeline_combinedt0-30",-12.1638794072944,4340140.48792312,-2.80264646758362e-06,0.999997763811654,-8506531.20805283,8506506.88029401,1
"virus_comp_229_cycle_1_67","fixed","cond",NA,"Dx.StatusCELIAC:onset_timeline_combinedt0-36",-35.8055627206864,5657.00785608371,-0.0063294171815901,0.994949889471137,-11123.3372209049,11051.7260954635,1
"virus_comp_229_cycle_1_67","fixed","cond",NA,"Dx.StatusCELIAC:onset_timeline_combinedt0-over42",-30.1720480450865,605.960827977771,-0.0497920767350218,0.960288080702401,-1217.83344692359,1157.48935083341,1
"virus_comp_2310_cycle_1_8","fixed","cond",NA,"Dx.StatusCELIAC",-1.00292797461662,27.1036090365163,-0.0370034844166101,0.970482227482083,-54.1250255372429,52.1191695880097,0.999998120218113
"virus_comp_2310_cycle_1_8","fixed","cond",NA,"onset_timeline_combinedt0-6",-0.963602389456098,43.0178556208181,-0.0224000563382284,0.982128835412551,-85.2770500984034,83.3498453194912,1
"virus_comp_2310_cycle_1_8","fixed","cond",NA,"onset_timeline_combinedt0-12",-2.2553363657073,54.511633334354,-0.0413734872311366,0.966998148818275,-109.096174439494,104.58550170808,0.999995349743898
"virus_comp_2310_cycle_1_8","fixed","cond",NA,"onset_timeline_combinedt0-18",-3.65588860094933,116.011182906485,-0.031513243028444,0.974860230981395,-231.033628901549,223.72185169965,0.999999998540549
"virus_comp_2310_cycle_1_8","fixed","cond",NA,"onset_timeline_combinedt0-24",-2.83707766039138,29.340405640643,-0.0966952432471282,0.922968417468966,-60.3432160078474,54.6690606870646,0.999995842904296
"virus_comp_2310_cycle_1_8","fixed","cond",NA,"onset_timeline_combinedt0-30",-1.1393597398438,54.8098403443377,-0.0207875033513304,0.983415166467465,-108.564672813136,106.285953333448,1
"virus_comp_2310_cycle_1_8","fixed","cond",NA,"onset_timeline_combinedt0-36",-3.59150053417677,125.492892670612,-0.0286191548999,0.977168334940161,-249.553050484327,242.370049415974,0.999999999336064
"virus_comp_2310_cycle_1_8","fixed","cond",NA,"onset_timeline_combinedt0-over42",-1.3802901461513,249.707048979589,-0.00552763789325035,0.995589605527051,-490.797112831925,488.036532539622,1
"virus_comp_2310_cycle_1_8","fixed","cond",NA,"SexMale",-6.7475651055347,14.7462445834149,-0.45757854261577,0.647255262246162,-35.6496733962468,22.1545431851774,1
"virus_comp_2310_cycle_1_8","fixed","cond",NA,"HLA.CategoryHigh Risk",-4.34921810616877,33.788758633058,-0.128717901518691,0.897580869885235,-70.5739681092793,61.8755318969418,0.999993113296695
"virus_comp_2310_cycle_1_8","fixed","cond",NA,"HLA.CategoryLow/No Risk",12.5285549528462,18.3965284932918,0.681028214503334,0.495853637732812,-23.5279783345705,48.5850882402629,0.999999262755209
"virus_comp_2310_cycle_1_8","fixed","cond",NA,"feeding_first_yearFormula",-1.34300105807585,35.7076579814758,-0.0376110093463022,0.969997829944821,-71.3287246740427,68.642722557891,1
"virus_comp_2310_cycle_1_8","fixed","cond",NA,"feeding_first_yearBreastmilk_and_formula",2.92293235205406,29.7889639965937,0.0981213160816299,0.92183596141438,-55.4623642180298,61.308228922138,0.999998456348986
"virus_comp_2310_cycle_1_8","fixed","cond",NA,"Delivery.ModeC-Section",-0.851975540269611,252.083888377752,-0.00337973023881999,0.997303370556511,-494.927317843478,493.223366762939,1
"virus_comp_2310_cycle_1_8","fixed","cond",NA,"Dx.StatusCELIAC:onset_timeline_combinedt0-6",-0.158872927825185,47.5423981840562,-0.00334171042887072,0.997333705804562,-93.3402611072377,93.0225152515874,1
"virus_comp_2310_cycle_1_8","fixed","cond",NA,"Dx.StatusCELIAC:onset_timeline_combinedt0-12",-2.25714072396411,54.5116925858127,-0.0414065426497427,0.966971796991886,-109.098094928476,104.583813480548,0.999999948577024
"virus_comp_2310_cycle_1_8","fixed","cond",NA,"Dx.StatusCELIAC:onset_timeline_combinedt0-18",-2.45181389311284,509.305885680478,-0.00481403015760755,0.9961589744979,-1000.67300694112,995.769379154899,1
"virus_comp_2310_cycle_1_8","fixed","cond",NA,"Dx.StatusCELIAC:onset_timeline_combinedt0-24",-2.6921763057346,29.3405489406947,-0.0917561669066326,0.926891770825869,-60.198595516131,54.8142429046618,0.999996294200444
"virus_comp_2310_cycle_1_8","fixed","cond",NA,"Dx.StatusCELIAC:onset_timeline_combinedt0-30",-0.463531209743186,54.809844683444,-0.00845707942469687,0.993252307332609,-107.888852787528,106.961790368041,1
"virus_comp_2310_cycle_1_8","fixed","cond",NA,"Dx.StatusCELIAC:onset_timeline_combinedt0-36",-3.00351730243571,125.492927440878,-0.0239337575725192,0.980905447340354,-248.965135401055,242.958100796183,1
"virus_comp_2310_cycle_1_8","fixed","cond",NA,"Dx.StatusCELIAC:onset_timeline_combinedt0-over42",-1.33630083856842,249.707049551754,-0.0053514742213614,0.995730161721386,-490.753124645765,488.080522968628,1
"virus_comp_2334_cycle_1_10","fixed","cond",NA,"(Intercept)",-26.8987036679684,5.78094837340786,-4.65299150424892,3.27153732128909e-06,-38.2291542763332,-15.5682530596036,3.46237699836429e-05
"virus_comp_2334_cycle_1_10","fixed","cond",NA,"Dx.StatusCELIAC",6.07375545658227,5.56320208127497,1.09177329312299,0.274932760573969,-4.82992026143494,16.9774311745995,0.999998120218113
"virus_comp_2334_cycle_1_10","fixed","cond",NA,"onset_timeline_combinedt0-6",-4.23694606578565,442.087192238258,-0.00958396022362528,0.992353223168732,-870.711920879206,862.238028747635,1
"virus_comp_2334_cycle_1_10","fixed","cond",NA,"onset_timeline_combinedt0-12",0.219359501977242,2.1505675910608,0.102000747564991,0.918756081709091,-3.99567552282098,4.43439452677546,0.999995349743898
"virus_comp_2334_cycle_1_10","fixed","cond",NA,"onset_timeline_combinedt0-18",4.32057525887236,3.42612669751851,1.26106698330849,0.2072847148923,-2.39450967473507,11.0356601924798,0.560277004287534
"virus_comp_2334_cycle_1_10","fixed","cond",NA,"onset_timeline_combinedt0-24",5.23955346381028,3.36972732197487,1.5548894504436,0.1199724003019,-1.36499072498107,11.8440976526016,0.380912370958533
"virus_comp_2334_cycle_1_10","fixed","cond",NA,"onset_timeline_combinedt0-30",0.209532572273129,2.10464735494708,0.0995570929165934,0.920695959411555,-3.91550044358063,4.33456558812689,1
"virus_comp_2334_cycle_1_10","fixed","cond",NA,"onset_timeline_combinedt0-36",6.63820697182819,3.42323747233458,1.93916052435038,0.0524817947488291,-0.0712151844755198,13.3476291281319,0.229834066658665
"virus_comp_2334_cycle_1_10","fixed","cond",NA,"onset_timeline_combinedt0-over42",-4.52502256263864,664.81631694307,-0.0068064252445629,0.994569300314858,-1307.54106010562,1298.49101498034,1
"virus_comp_2334_cycle_1_10","fixed","cond",NA,"SexMale",-4.20928490630242,8.33647496200919,-0.504923834772477,0.613612332700999,-20.5484755898603,12.1299057772555,1
"virus_comp_2334_cycle_1_10","fixed","cond",NA,"Age.at.Gluten.Introduction..months.",-0.146961358650229,0.490310521204438,-0.299731195425342,0.764382201466132,-1.10795232145199,0.814029604151531,0.883719897235668
"virus_comp_2334_cycle_1_10","fixed","cond",NA,"HLA.CategoryHigh Risk",2.23333062141004,4.82842365713802,0.462538248504443,0.643695380175768,-7.23020584868166,11.6968670915017,0.999993113296695
"virus_comp_2334_cycle_1_10","fixed","cond",NA,"HLA.CategoryLow/No Risk",4.96762491311507,9.43855807700738,0.526311844731491,0.598671554617309,-13.531608983809,23.4668588100391,0.999999262755209
"virus_comp_2334_cycle_1_10","fixed","cond",NA,"feeding_first_yearFormula",-0.663556371218371,5.6386109407478,-0.117680822137086,0.906320562895755,-11.7150307379176,10.3879179954808,1
"virus_comp_2334_cycle_1_10","fixed","cond",NA,"feeding_first_yearBreastmilk_and_formula",-1.31551325939141,4.28166602835465,-0.30724331385952,0.758658179132098,-9.70742446879517,7.07639795001235,0.999998456348986
"virus_comp_2334_cycle_1_10","fixed","cond",NA,"Delivery.ModeC-Section",-18.9250253579454,6425.74681548446,-0.00294518690221979,0.997650084239285,-12613.1573574804,12575.3073067645,1
"virus_comp_2334_cycle_1_10","fixed","cond",NA,"Dx.StatusCELIAC:onset_timeline_combinedt0-6",2.68406066236383,442.106022790956,0.00607107916200669,0.995156009425877,-863.827821356154,869.195942680882,1
"virus_comp_2334_cycle_1_10","fixed","cond",NA,"Dx.StatusCELIAC:onset_timeline_combinedt0-12",-4.60002879084408,3.40122520785994,-1.35246227747984,0.176227478411988,-11.2663077015593,2.06625011987115,0.621691382175626
"virus_comp_2334_cycle_1_10","fixed","cond",NA,"Dx.StatusCELIAC:onset_timeline_combinedt0-18",-8.53688891343469,4.85523751299382,-1.75828451040507,0.0786991119058506,-18.0529795752904,0.979201748421016,0.435276267259434
"virus_comp_2334_cycle_1_10","fixed","cond",NA,"Dx.StatusCELIAC:onset_timeline_combinedt0-24",-11.3261879662954,4.3924008478973,-2.57858705489446,0.00992052994115231,-19.9351354338373,-2.71724049875353,0.0950039116400153
"virus_comp_2334_cycle_1_10","fixed","cond",NA,"Dx.StatusCELIAC:onset_timeline_combinedt0-30",-7.76152127893755,3.30426437050265,-2.34894076521996,0.0188269016377182,-14.2377604405217,-1.28528211735345,0.267760378847548
"virus_comp_2334_cycle_1_10","fixed","cond",NA,"Dx.StatusCELIAC:onset_timeline_combinedt0-36",-13.8947735995845,4.4191601311385,-3.14421138570617,0.00166535094676086,-22.5561682985312,-5.2333789006377,0.195444737533003
"virus_comp_2334_cycle_1_10","fixed","cond",NA,"Dx.StatusCELIAC:onset_timeline_combinedt0-over42",-4.360990189643,664.821792645244,-0.00655963784263323,0.994766203774969,-1307.38775991168,1298.66577953239,1
"virus_comp_2391_cycle_1_9","fixed","cond",NA,"(Intercept)",-41.7606608835371,420.815478765835,-0.0992374639022607,0.920949729762194,-866.543843401554,783.02252163448,0.999989040315975
"virus_comp_2391_cycle_1_9","fixed","cond",NA,"Dx.StatusCELIAC",17.7836037667629,420.770110598849,0.0422644178348431,0.966287910381196,-806.910658777916,842.477866311442,0.999998120218113
"virus_comp_2391_cycle_1_9","fixed","cond",NA,"onset_timeline_combinedt0-6",-5.18439690392704,96310.0522259859,-5.38302781911296e-05,0.999957049652148,-188769.418109008,188759.0493152,1
"virus_comp_2391_cycle_1_9","fixed","cond",NA,"onset_timeline_combinedt0-12",-4.89441668985305,8054.02962359595,-0.000607697875298824,0.99951512727751,-15790.5024093566,15780.7135759769,0.999995349743898
"virus_comp_2391_cycle_1_9","fixed","cond",NA,"onset_timeline_combinedt0-18",-8.6862176200135,58854.7524717422,-0.00014758736134663,0.999882242323439,-115361.881381254,115344.508946014,0.999999998540549
"virus_comp_2391_cycle_1_9","fixed","cond",NA,"onset_timeline_combinedt0-24",17.8404873261881,420.715147498432,0.0424051461713881,0.966175725989676,-806.746049521196,842.427024173572,0.999995842904296
"virus_comp_2391_cycle_1_9","fixed","cond",NA,"onset_timeline_combinedt0-30",16.8177155115955,420.715718116547,0.0399740603628615,0.968113806590203,-807.769939726742,841.405370749933,1
"virus_comp_2391_cycle_1_9","fixed","cond",NA,"onset_timeline_combinedt0-36",-9.40695114007147,22001.4612177063,-0.000427560290063869,0.99965885625614,-43131.4785450992,43112.6646428191,0.999999999336064
"virus_comp_2391_cycle_1_9","fixed","cond",NA,"onset_timeline_combinedt0-over42",20.0356169568699,420.74735679085,0.0476191154465873,0.962019797387192,-804.61404894362,844.68528285736,1
"virus_comp_2391_cycle_1_9","fixed","cond",NA,"SexMale",0.516909461283031,5.84459171973704,0.0884423559540423,0.929525097988116,-10.9382798137426,11.9720987363086,1
"virus_comp_2391_cycle_1_9","fixed","cond",NA,"Age.at.Gluten.Introduction..months.",-0.0494042965739443,0.711265657816779,-0.0694596962906801,0.944623712836183,-1.44345936933502,1.34465077618713,0.976111169930722
"virus_comp_2391_cycle_1_9","fixed","cond",NA,"HLA.CategoryHigh Risk",-4.49612709300877,6.09575112750359,-0.737583769245855,0.460767421434931,-16.4435797616352,7.45132557561768,0.999993113296695
"virus_comp_2391_cycle_1_9","fixed","cond",NA,"HLA.CategoryLow/No Risk",1.33759863738042,6.25885443792531,0.213713012604238,0.830770863187675,-10.9295306454319,13.6047279201927,0.999999262755209
"virus_comp_2391_cycle_1_9","fixed","cond",NA,"feeding_first_yearFormula",3.95807966546515,9.2512963724713,0.427840543217602,0.6687672171155,-14.1741280348846,22.0902873658149,1
"virus_comp_2391_cycle_1_9","fixed","cond",NA,"feeding_first_yearBreastmilk_and_formula",-3.50186871434772,6.8660857889126,-0.510024025624987,0.61003462993554,-16.9591495753787,9.95541214668325,0.999998456348986
"virus_comp_2391_cycle_1_9","fixed","cond",NA,"Delivery.ModeC-Section",0.76864394832333,11.7743193565006,0.0652813912252995,0.947949958386966,-22.3085979328906,23.8458858295372,1
"virus_comp_2391_cycle_1_9","fixed","cond",NA,"Dx.StatusCELIAC:onset_timeline_combinedt0-6",-2.31269568646933,96314.7151696753,-2.40118623867092e-05,0.999980841305727,-188775.685609484,188771.060218111,1
"virus_comp_2391_cycle_1_9","fixed","cond",NA,"Dx.StatusCELIAC:onset_timeline_combinedt0-12",3.90930845231,8054.02994307079,0.000485385388425746,0.999612718507743,-15781.6993103736,15789.5179272782,0.999999948577024
"virus_comp_2391_cycle_1_9","fixed","cond",NA,"Dx.StatusCELIAC:onset_timeline_combinedt0-18",1.71833466838155,58861.4703631348,2.91928600794476e-05,0.99997670746766,-115364.643654148,115368.080323484,1
"virus_comp_2391_cycle_1_9","fixed","cond",NA,"Dx.StatusCELIAC:onset_timeline_combinedt0-24",-15.7298691111296,420.720949166563,-0.0373878912906287,0.970175727271937,-840.327777019099,808.86803879684,0.999996294200444
"virus_comp_2391_cycle_1_9","fixed","cond",NA,"Dx.StatusCELIAC:onset_timeline_combinedt0-30",-15.8026187741537,420.7204094557,-0.0375608561386363,0.970037818159188,-840.399468868271,808.794231319964,1
"virus_comp_2391_cycle_1_9","fixed","cond",NA,"Dx.StatusCELIAC:onset_timeline_combinedt0-36",11.2649236928409,22001.4616500991,0.000512007968924652,0.999591476764436,-43110.8075177407,43133.3373651263,1
"virus_comp_2391_cycle_1_9","fixed","cond",NA,"Dx.StatusCELIAC:onset_timeline_combinedt0-over42",-21.0317397571706,420.751788369751,-0.0499860971207285,0.960133467362374,-845.690091392701,803.62661187836,1
"virus_comp_2455_cycle_1_11","fixed","cond",NA,"(Intercept)",0.723057081354259,1.43551661549711,0.50369119629024,0.614478395847598,-2.09050378422892,3.53661794693744,0.804523260542732
"virus_comp_2455_cycle_1_11","fixed","cond",NA,"Dx.StatusCELIAC",-3.23703601200496,2.16205408613618,-1.49720399353649,0.13434018657107,-7.47458415345952,1.0005121294496,0.999998120218113
"virus_comp_2455_cycle_1_11","fixed","cond",NA,"onset_timeline_combinedt0-6",-5.41980648540412,3.06876997964587,-1.76611688766245,0.0773762408065958,-11.4344851223477,0.594872151539493,1
"virus_comp_2455_cycle_1_11","fixed","cond",NA,"onset_timeline_combinedt0-12",-3.08791099210183,1.82660273088142,-1.69052139247147,0.0909282491152673,-6.66798655869192,0.492164574488251,0.370664045790786
"virus_comp_2455_cycle_1_11","fixed","cond",NA,"onset_timeline_combinedt0-18",-2.07492441635183,1.9672511685304,-1.05473284222363,0.291547526874804,-5.93066585521575,1.78081702251209,0.691075619258795
"virus_comp_2455_cycle_1_11","fixed","cond",NA,"onset_timeline_combinedt0-24",-4.98467211003076,1.96562422666051,-2.53592321585263,0.0112151321677122,-8.83722480142476,-1.13211941863677,0.0619270341434545
"virus_comp_2455_cycle_1_11","fixed","cond",NA,"onset_timeline_combinedt0-30",-3.6793455419814,1.90697129684643,-1.92941841760595,0.0536789390865566,-7.41694060335205,0.0582495193892378,0.220939653691551
"virus_comp_2455_cycle_1_11","fixed","cond",NA,"onset_timeline_combinedt0-36",-5.65822568303416,1.93832222789312,-2.91913573584946,0.00351003350206556,-9.45726744013811,-1.8591839259302,0.0414100922116422
"virus_comp_2455_cycle_1_11","fixed","cond",NA,"onset_timeline_combinedt0-over42",-1.73490194592946,2.18450824382606,-0.794184206368962,0.427088201546922,-6.01645942775938,2.54665553590047,1
"virus_comp_2455_cycle_1_11","fixed","cond",NA,"SexMale",-1.08699546906029,1.4458251464779,-0.751816685239055,0.45216130655382,-3.92076068409932,1.74676974597875,1
"virus_comp_2455_cycle_1_11","fixed","cond",NA,"Age.at.Gluten.Introduction..months.",-0.132274400258155,0.0966576737404624,-1.36848317510028,0.17116088490933,-0.321719959618884,0.0571711591025741,0.883719897235668
"virus_comp_2455_cycle_1_11","fixed","cond",NA,"HLA.CategoryHigh Risk",-5.86344324544772,1.29345686275136,-4.53315716534633,5.810854567427e-06,-8.39857211199656,-3.32831437889889,0.000743789384630656
"virus_comp_2455_cycle_1_11","fixed","cond",NA,"HLA.CategoryLow/No Risk",-0.0843811959183902,1.97578506964731,-0.0427076797039735,0.965934557638489,-3.95684877361907,3.78808638178229,0.999999262755209
"virus_comp_2455_cycle_1_11","fixed","cond",NA,"feeding_first_yearFormula",1.40062746993351,1.42002628913933,0.986339112624757,0.323966732624942,-1.38257291387963,4.18382785374665,1
"virus_comp_2455_cycle_1_11","fixed","cond",NA,"feeding_first_yearBreastmilk_and_formula",0.709578584711762,0.988607342633273,0.717755729814544,0.472907914219541,-1.2280562017013,2.64721337112483,0.999998456348986
"virus_comp_2455_cycle_1_11","fixed","cond",NA,"Delivery.ModeC-Section",-2.93871662737647,2.6139410618818,-1.12424747069884,0.260908056034001,-8.06194696637518,2.18451371162225,1
"virus_comp_2455_cycle_1_11","fixed","cond",NA,"Dx.StatusCELIAC:onset_timeline_combinedt0-6",3.52662593034392,4.70027794987124,0.750301571089116,0.453073096608399,-5.68574956873147,12.7390014294193,1
"virus_comp_2455_cycle_1_11","fixed","cond",NA,"Dx.StatusCELIAC:onset_timeline_combinedt0-12",6.32089733040452,2.72963453389763,2.31565700532772,0.0205770036785523,0.970911953008388,11.6708827078007,0.131239566856559
"virus_comp_2455_cycle_1_11","fixed","cond",NA,"Dx.StatusCELIAC:onset_timeline_combinedt0-18",0.2204180650747,3.16787069160402,0.0695792494494444,0.944528553445353,-5.98849439814917,6.42933052829857,1
"virus_comp_2455_cycle_1_11","fixed","cond",NA,"Dx.StatusCELIAC:onset_timeline_combinedt0-24",5.39544966526979,2.98455418852018,1.80779082049269,0.0706390629897069,-0.45416905413794,11.2450683846775,0.28939229031267
"virus_comp_2455_cycle_1_11","fixed","cond",NA,"Dx.StatusCELIAC:onset_timeline_combinedt0-30",5.08654095893152,2.95135029685511,1.72346229600452,0.0848049578236532,-0.697999328666084,10.8710812465291,0.40383059679143
"virus_comp_2455_cycle_1_11","fixed","cond",NA,"Dx.StatusCELIAC:onset_timeline_combinedt0-36",7.15565292967395,2.98120454733028,2.40025560677544,0.0163836269727889,1.31259938635957,12.9987064729883,0.520180156386047
"virus_comp_2455_cycle_1_11","fixed","cond",NA,"Dx.StatusCELIAC:onset_timeline_combinedt0-over42",1.87306408067017,3.1141851709008,0.601462012654942,0.547532305906121,-4.2306266954841,7.97675485682444,1
"virus_comp_2471_cycle_1_4","fixed","cond",NA,"(Intercept)",-3.19744920667831,3383.98102164059,-0.00094487799613254,0.999246096547224,-6635.6783759893,6629.28347757594,0.999989040315975
"virus_comp_2471_cycle_1_4","fixed","cond",NA,"Dx.StatusCELIAC",-3.58817371825539,1403.8284205323,-0.00255599164810671,0.997960615947016,-2755.04131843531,2747.8649709988,0.999998120218113
"virus_comp_2471_cycle_1_4","fixed","cond",NA,"onset_timeline_combinedt0-6",-0.556660082351169,2873.60965573052,-0.000193714578192999,0.999845438129824,-5632.72809094072,5631.61477077602,1
"virus_comp_2471_cycle_1_4","fixed","cond",NA,"onset_timeline_combinedt0-12",0.624833170881634,1746.43535313149,0.000357776295447329,0.999714535823731,-3422.32556029433,3423.5752266361,0.999995349743898
"virus_comp_2471_cycle_1_4","fixed","cond",NA,"onset_timeline_combinedt0-18",-0.418338003360213,2485.89579783268,-0.000168284609405165,0.999865728308969,-4872.68457107487,4871.84789506815,0.999999998540549
"virus_comp_2471_cycle_1_4","fixed","cond",NA,"onset_timeline_combinedt0-24",2.72957555282769,1501.25105212534,0.00181820059274123,0.998549286617917,-2939.66841836571,2945.12756947136,0.999995842904296
"virus_comp_2471_cycle_1_4","fixed","cond",NA,"onset_timeline_combinedt0-30",-1.05002183711878,2384.7646575973,-0.000440304175832887,0.999648688107397,-4675.10286233182,4673.00281865758,1
"virus_comp_2471_cycle_1_4","fixed","cond",NA,"onset_timeline_combinedt0-36",4.57581299396899,1373.90691351172,0.00333051165910009,0.997342641080338,-2688.23225559958,2697.38388158752,0.999999999336064
"virus_comp_2471_cycle_1_4","fixed","cond",NA,"onset_timeline_combinedt0-over42",1.75465487327435,219626.982748444,7.98925000615288e-06,0.999993625500768,-430459.221565277,430462.730875024,1
"virus_comp_2471_cycle_1_4","fixed","cond",NA,"SexMale",-6.69106922475749,17030.2811640852,-0.000392892469612783,0.999686517172505,-33385.4287974226,33372.0466589731,1
"virus_comp_2471_cycle_1_4","fixed","cond",NA,"Age.at.Gluten.Introduction..months.",-5.35154261246781,446.573946901367,-0.0119835531150002,0.990438736828263,-880.620394973049,869.917309748113,0.996164505427549
"virus_comp_2471_cycle_1_4","fixed","cond",NA,"HLA.CategoryHigh Risk",5.96289329237611,748.879585657146,0.00796241933493705,0.993646975676506,-1461.81412335291,1473.73990993766,0.999993113296695
"virus_comp_2471_cycle_1_4","fixed","cond",NA,"HLA.CategoryLow/No Risk",-0.134207782818129,145246.625179923,-9.23999319446358e-07,0.999999262755209,-284678.28843642,284678.020020855,0.999999262755209
"virus_comp_2471_cycle_1_4","fixed","cond",NA,"feeding_first_yearFormula",-1.10071583156336,436.812650957486,-0.0025198808439971,0.9979894281073,-857.237779699701,855.036348036574,1
"virus_comp_2471_cycle_1_4","fixed","cond",NA,"feeding_first_yearBreastmilk_and_formula",-7.51796858875386,13718.6144238518,-0.000548012237714237,0.999562749518282,-26895.5081571301,26880.4722199525,0.999998456348986
"virus_comp_2471_cycle_1_4","fixed","cond",NA,"Delivery.ModeC-Section",0.24094248412147,10751760.3675824,2.24095846525687e-08,0.999999982119738,-21073062.8499241,21073063.331809,1
"virus_comp_2471_cycle_1_4","fixed","cond",NA,"Dx.StatusCELIAC:onset_timeline_combinedt0-6",-0.00216260569051523,230716.787430193,-9.37342147748808e-09,0.999999992521092,-452196.596154568,452196.591829356,1
"virus_comp_2471_cycle_1_4","fixed","cond",NA,"Dx.StatusCELIAC:onset_timeline_combinedt0-12",0.386297651981561,1746.44122304264,0.000221191327188531,0.999823514856492,-3422.57560062767,3423.34819593163,0.999999948577024
"virus_comp_2471_cycle_1_4","fixed","cond",NA,"Dx.StatusCELIAC:onset_timeline_combinedt0-18",-0.240505778676952,2514.93435199534,-9.56310364467904e-05,0.999923697472602,-4929.42125917213,4928.94024761477,1
"virus_comp_2471_cycle_1_4","fixed","cond",NA,"Dx.StatusCELIAC:onset_timeline_combinedt0-24",2.63274312239479,1501.25846424576,0.00175369077683602,0.998600757921952,-2939.7797782852,2945.04526452999,0.999996294200444
"virus_comp_2471_cycle_1_4","fixed","cond",NA,"Dx.StatusCELIAC:onset_timeline_combinedt0-30",-1.19802826656435,12744.4484452927,-9.4003932120488e-05,0.999924995714017,-24979.8579838677,24977.4619273345,1
"virus_comp_2471_cycle_1_4","fixed","cond",NA,"Dx.StatusCELIAC:onset_timeline_combinedt0-36",4.28800605232907,1373.9128663582,0.00312101746575472,0.997509792392827,-2688.53172990593,2697.10774201059,1
"virus_comp_2471_cycle_1_4","fixed","cond",NA,"Dx.StatusCELIAC:onset_timeline_combinedt0-over42",1.51005205580276,219626.982776723,6.87553066891559e-06,0.999994514120232,-430459.46622352,430462.486327632,1
"virus_comp_2552_cycle_1_1","fixed","cond",NA,"(Intercept)",-15.5171881694246,2.18244170091257,-7.11001268118011,1.16032292833355e-12,-19.7946953015716,-11.2396810372777,4.91203372994538e-11
"virus_comp_2552_cycle_1_1","fixed","cond",NA,"Dx.StatusCELIAC",6.50963834170051,2.5538139162529,2.54898694860737,0.0108036343337525,1.50425504262765,11.5150216407734,0.460955064906771
"virus_comp_2552_cycle_1_1","fixed","cond",NA,"onset_timeline_combinedt0-6",2.17515951368123,3.70094392827169,0.587731010206633,0.55671285752334,-5.07855729453347,9.42887632189593,1
"virus_comp_2552_cycle_1_1","fixed","cond",NA,"onset_timeline_combinedt0-12",4.46865688604151,2.6634799531216,1.67775127453249,0.0933956650811428,-0.751667895621253,9.68898166770428,0.370664045790786
"virus_comp_2552_cycle_1_1","fixed","cond",NA,"onset_timeline_combinedt0-18",3.23261140219207,3.40049238009523,0.950630391385125,0.341792035251301,-3.43223119249747,9.8974539968816,0.741514923935026
"virus_comp_2552_cycle_1_1","fixed","cond",NA,"onset_timeline_combinedt0-24",4.58266954656809,2.7637899038892,1.65811067625632,0.0972951293775308,-0.834259125890146,9.99959821902633,0.333159575495755
"virus_comp_2552_cycle_1_1","fixed","cond",NA,"onset_timeline_combinedt0-30",4.07218343932324,2.95474815215984,1.37818292105423,0.168146818947271,-1.71901652229633,9.86338340094281,0.457931762239377
"virus_comp_2552_cycle_1_1","fixed","cond",NA,"onset_timeline_combinedt0-36",1.10236995341376,2.70910186750615,0.406913437488616,0.684071566263962,-4.20737213734849,6.412112044176,0.999999999336064
"virus_comp_2552_cycle_1_1","fixed","cond",NA,"onset_timeline_combinedt0-over42",1.83967412798231,2.66405827232293,0.690553261201077,0.489846328095819,-3.38178413848663,7.06113239445125,1
"virus_comp_2552_cycle_1_1","fixed","cond",NA,"SexMale",-0.990598729777627,1.66493925434306,-0.594975899086774,0.55185958119171,-4.253819704737,2.27262224518175,1
"virus_comp_2552_cycle_1_1","fixed","cond",NA,"Age.at.Gluten.Introduction..months.",-0.226041042868006,0.102657609541365,-2.20189271772322,0.0276728875217279,-0.427246260308057,-0.024835825427955,0.428929756586782
"virus_comp_2552_cycle_1_1","fixed","cond",NA,"HLA.CategoryHigh Risk",2.37962508340235,1.46612127344399,1.62307520292131,0.104573329740296,-0.493919809515864,5.25316997632057,0.711150797558446
"virus_comp_2552_cycle_1_1","fixed","cond",NA,"HLA.CategoryLow/No Risk",4.03371045182294,2.47834348834143,1.62758329133885,0.103613274384421,-0.82375352664562,8.89117443029151,0.999999262755209
"virus_comp_2552_cycle_1_1","fixed","cond",NA,"feeding_first_yearFormula",0.379667964350754,2.07436542434377,0.18302848663748,0.854775667045302,-3.68601355813818,4.44534948683969,1
"virus_comp_2552_cycle_1_1","fixed","cond",NA,"feeding_first_yearBreastmilk_and_formula",2.18804590594621,2.10567062599977,1.0391206862694,0.298748611352677,-1.93899268431725,6.31508449620966,0.999998456348986
"virus_comp_2552_cycle_1_1","fixed","cond",NA,"Delivery.ModeC-Section",-5.00040987168285,3.37055693703469,-1.48355597163775,0.137926757146485,-11.6065800761125,1.60576033274677,0.938899283384921
"virus_comp_2552_cycle_1_1","fixed","cond",NA,"Dx.StatusCELIAC:onset_timeline_combinedt0-6",-3.36426054834948,4.66422760766756,-0.721289960811291,0.470731132371224,-12.5059786750753,5.77745757837636,1
"virus_comp_2552_cycle_1_1","fixed","cond",NA,"Dx.StatusCELIAC:onset_timeline_combinedt0-12",-9.87722503746162,3.28885266474218,-3.00324339346345,0.00267118706825784,-16.3232578108149,-3.43119226410836,0.0417856360135877
"virus_comp_2552_cycle_1_1","fixed","cond",NA,"Dx.StatusCELIAC:onset_timeline_combinedt0-18",-5.22255196471886,4.18719533750045,-1.24726733380356,0.212299490900894,-13.4293040224538,2.98420009301605,0.893507030935362
"virus_comp_2552_cycle_1_1","fixed","cond",NA,"Dx.StatusCELIAC:onset_timeline_combinedt0-24",-7.4961523259051,3.51939765681177,-2.12995320702005,0.033175476744214,-14.3940449805308,-0.598259671279363,0.175553564438132
"virus_comp_2552_cycle_1_1","fixed","cond",NA,"Dx.StatusCELIAC:onset_timeline_combinedt0-30",-6.57012549216502,3.49097132648366,-1.88203364557075,0.0598314475415305,-13.412303563135,0.272052578804979,0.391182174807272
"virus_comp_2552_cycle_1_1","fixed","cond",NA,"Dx.StatusCELIAC:onset_timeline_combinedt0-36",-3.71536020617441,4.00054003021344,-0.9287146680485,0.353036977094864,-11.5562745841035,4.12555417175471,1
"virus_comp_2552_cycle_1_1","fixed","cond",NA,"Dx.StatusCELIAC:onset_timeline_combinedt0-over42",-3.6040086770714,4.29084900152,-0.83992903870416,0.40094817482689,-12.0139181831502,4.80590082900745,1
"virus_comp_2590_cycle_1_3","fixed","cond",NA,"(Intercept)",-19.1185038463982,18.7970478336329,-1.01710140951975,0.309105189846236,-55.9600406159953,17.7230329231989,0.436181767894133
"virus_comp_2590_cycle_1_3","fixed","cond",NA,"Dx.StatusCELIAC",-0.589803721655444,8.62844437550681,-0.0683557424707626,0.945502451775403,-17.501243940256,16.3216364969451,0.999998120218113
"virus_comp_2590_cycle_1_3","fixed","cond",NA,"onset_timeline_combinedt0-6",-28.677346359456,6010527.45732415,-4.77118631652055e-06,0.999996193144101,-11780446.0217908,11780388.6670981,1
"virus_comp_2590_cycle_1_3","fixed","cond",NA,"onset_timeline_combinedt0-12",-10.2335963105083,3.89885402725716,-2.62477031429351,0.00867074361369303,-17.8752097849113,-2.59198283610532,0.0979158048598002
"virus_comp_2590_cycle_1_3","fixed","cond",NA,"onset_timeline_combinedt0-18",-25.4543187803854,25635.2522336273,-0.000992942006125276,0.999207747033725,-50269.6254312899,50218.7167937291,0.999999998540549
"virus_comp_2590_cycle_1_3","fixed","cond",NA,"onset_timeline_combinedt0-24",-11.9746745412081,3.9438597539734,-3.03628305472672,0.00239514400123804,-19.704497619073,-4.24485146334327,0.0190114555098269
"virus_comp_2590_cycle_1_3","fixed","cond",NA,"onset_timeline_combinedt0-30",-8.24631363954224,3.479644864761,-2.36987220249232,0.0177942346767385,-15.0662922534635,-1.42633502562094,0.126536779923474
"virus_comp_2590_cycle_1_3","fixed","cond",NA,"onset_timeline_combinedt0-36",-5.20960414840751,3.70039129549797,-1.40785223301809,0.15917482986611,-12.462237816289,2.04302951947402,0.481314366499905
"virus_comp_2590_cycle_1_3","fixed","cond",NA,"onset_timeline_combinedt0-over42",-32.8516737480869,19722.7374797636,-0.00166567515193031,0.998670984127515,-38688.706810623,38623.0034631268,1
"virus_comp_2590_cycle_1_3","fixed","cond",NA,"SexMale",6.8786817395296,9.29777802745687,0.739819956898999,0.459409247901775,-11.3446283305337,25.1019918095929,1
"virus_comp_2590_cycle_1_3","fixed","cond",NA,"Age.at.Gluten.Introduction..months.",-1.07741798431275,2.14219957967803,-0.502949395814316,0.614999851001685,-5.27605200817853,3.12121603955304,0.883719897235668
"virus_comp_2590_cycle_1_3","fixed","cond",NA,"HLA.CategoryHigh Risk",-1.3714304021268,9.56820915652455,-0.143331984041301,0.8860279969979,-20.1247757454613,17.3819149412077,0.999993113296695
"virus_comp_2590_cycle_1_3","fixed","cond",NA,"HLA.CategoryLow/No Risk",0.303260020196288,11.3357183353294,0.0267526072212941,0.978657053632144,-21.9143396559396,22.5208596963322,0.999999262755209
"virus_comp_2590_cycle_1_3","fixed","cond",NA,"feeding_first_yearFormula",-17.2660510831335,6274.8711356792,-0.00275161843323888,0.997804528905365,-12315.7874846443,12281.255382478,1
"virus_comp_2590_cycle_1_3","fixed","cond",NA,"feeding_first_yearBreastmilk_and_formula",2.90226793935404,7.9027629467068,0.367247247440651,0.713434599365023,-12.5868628145489,18.391398693257,0.999998456348986
"virus_comp_2590_cycle_1_3","fixed","cond",NA,"Delivery.ModeC-Section",-0.512853595374451,1564.92439163417,-0.000327717810595887,0.999738519023306,-3067.70829972661,3066.68259253586,1
"virus_comp_2590_cycle_1_3","fixed","cond",NA,"Dx.StatusCELIAC:onset_timeline_combinedt0-6",18.0163988840276,6010527.45732387,2.99747385099698e-06,0.999997608361893,-11780399.328045,11780435.3608428,1
"virus_comp_2590_cycle_1_3","fixed","cond",NA,"Dx.StatusCELIAC:onset_timeline_combinedt0-12",11.7249714012702,4.2990752896741,2.72732404325002,0.00638503012662126,3.29893866668288,20.1510041358575,0.0623768327754539
"virus_comp_2590_cycle_1_3","fixed","cond",NA,"Dx.StatusCELIAC:onset_timeline_combinedt0-18",19.3014185007341,25635.2523889056,0.000752924847702585,0.999399252945333,-50224.8699983487,50263.4728353502,1
"virus_comp_2590_cycle_1_3","fixed","cond",NA,"Dx.StatusCELIAC:onset_timeline_combinedt0-24",4.21788979547673,4.64786390912314,0.90748995193202,0.364147760669686,-4.89175607144817,13.3275356624016,0.999996294200444
"virus_comp_2590_cycle_1_3","fixed","cond",NA,"Dx.StatusCELIAC:onset_timeline_combinedt0-30",2.04071872737175,4.06365145494998,0.50218842585181,0.615534983705287,-5.92389177005401,10.0053292247975,1
"virus_comp_2590_cycle_1_3","fixed","cond",NA,"Dx.StatusCELIAC:onset_timeline_combinedt0-36",-6.88997575816972,4.86986896262967,-1.41481748503747,0.157122016141899,-16.4347435343533,2.65479201801386,0.892693207903869
"virus_comp_2590_cycle_1_3","fixed","cond",NA,"Dx.StatusCELIAC:onset_timeline_combinedt0-over42",-10.7273540622513,5153857.56059312,-2.08142230089431e-06,0.999998339265282,-10101385.927566,10101364.4728579,1
"virus_comp_2590_cycle_1_6","fixed","cond",NA,"(Intercept)",-12.3556170109036,32.5410001855039,-0.379693830566637,0.704172700315411,-76.1348053954025,51.4235713735952,0.90205333518358
"virus_comp_2590_cycle_1_6","fixed","cond",NA,"Dx.StatusCELIAC",-6.1074230536862,14.7330140111051,-0.414539961007482,0.67847870768449,-34.9835998991762,22.7687537918038,0.999998120218113
"virus_comp_2590_cycle_1_6","fixed","cond",NA,"onset_timeline_combinedt0-6",-8.64500079571259,378.607509066091,-0.0228336749501804,0.981782946295873,-750.702082841673,733.412081250248,1
"virus_comp_2590_cycle_1_6","fixed","cond",NA,"onset_timeline_combinedt0-12",-1.31224834821824,3.39161812218938,-0.386909227673057,0.698823409493776,-7.95969771702278,5.33520102058631,0.999995349743898
"virus_comp_2590_cycle_1_6","fixed","cond",NA,"onset_timeline_combinedt0-18",0.178528481200999,3.5054654208223,0.0509286099758817,0.95938240762166,-6.69205749266126,7.04911445506325,0.999999998540549
"virus_comp_2590_cycle_1_6","fixed","cond",NA,"onset_timeline_combinedt0-24",-2.05845757966974,1.85918816190954,-1.10718087703158,0.268215733663623,-5.70239941749566,1.58548425815618,0.587299968539313
"virus_comp_2590_cycle_1_6","fixed","cond",NA,"onset_timeline_combinedt0-30",-9.54447467478439,4.86700599435082,-1.96105669190931,0.049872409984896,-19.0836311362526,-0.00531821331622595,0.220126499243679
"virus_comp_2590_cycle_1_6","fixed","cond",NA,"onset_timeline_combinedt0-36",-9.05070628216856,4.90869700274335,-1.84381033848908,0.065210785500063,-18.6715756185652,0.570163054228114,0.257431410236421
"virus_comp_2590_cycle_1_6","fixed","cond",NA,"onset_timeline_combinedt0-over42",-33.5962687432801,751.83726670765,-0.0446855592705594,0.96435794423318,-1507.17023372531,1439.97769623875,1
"virus_comp_2590_cycle_1_6","fixed","cond",NA,"SexMale",0.638005284431416,9.46736938185111,0.0673899220256968,0.946271292009755,-17.917697732334,19.1937083011968,1
"virus_comp_2590_cycle_1_6","fixed","cond",NA,"Age.at.Gluten.Introduction..months.",-2.78008501158519,7.00814912867689,-0.396693186822932,0.691593724967439,-16.5158049020777,10.9556348789073,0.883719897235668
"virus_comp_2590_cycle_1_6","fixed","cond",NA,"HLA.CategoryHigh Risk",6.25627252707877,21.2050051768351,0.29503753830314,0.767965203939258,-35.3047739115034,47.8173189656609,0.999993113296695
"virus_comp_2590_cycle_1_6","fixed","cond",NA,"HLA.CategoryLow/No Risk",9.12161717766846,26.2096295114329,0.348025414616773,0.727821097081798,-42.2483127128782,60.4915470682151,0.999999262755209
"virus_comp_2590_cycle_1_6","fixed","cond",NA,"feeding_first_yearFormula",3.10696872564974,14.1602610912601,0.219414649604689,0.826327059320279,-24.6466330249038,30.8605704762033,1
"virus_comp_2590_cycle_1_6","fixed","cond",NA,"feeding_first_yearBreastmilk_and_formula",8.15120661935919,19.5089535736042,0.417818751200876,0.676079640089788,-30.085639760969,46.3880529996874,0.999998456348986
"virus_comp_2590_cycle_1_6","fixed","cond",NA,"Delivery.ModeC-Section",-0.521813296313484,230.986382932978,-0.00225906518682052,0.998197528298704,-453.246804764128,452.203178171501,1
"virus_comp_2590_cycle_1_6","fixed","cond",NA,"Dx.StatusCELIAC:onset_timeline_combinedt0-6",2.25027648280681,378.628929154928,0.0059432238519895,0.995258021363076,-739.848788165819,744.349341131433,1
"virus_comp_2590_cycle_1_6","fixed","cond",NA,"Dx.StatusCELIAC:onset_timeline_combinedt0-12",3.10857589488172,4.18354561544086,0.743048165510235,0.457452520094261,-5.09102283906282,11.3081746288263,0.999999948577024
"virus_comp_2590_cycle_1_6","fixed","cond",NA,"Dx.StatusCELIAC:onset_timeline_combinedt0-18",-4.52511975634886,5.30429503919549,-0.853104837289592,0.393601169141645,-14.9213469965465,5.87110748384878,1
"virus_comp_2590_cycle_1_6","fixed","cond",NA,"Dx.StatusCELIAC:onset_timeline_combinedt0-24",-2.79696362613934,3.98398043440629,-0.702052550756603,0.482646391670332,-10.6054217926879,5.01149454040923,0.999996294200444
"virus_comp_2590_cycle_1_6","fixed","cond",NA,"Dx.StatusCELIAC:onset_timeline_combinedt0-30",4.1646975289083,5.67857785093102,0.733405024679812,0.463311435483637,-6.96511054232336,15.2945056001399,1
"virus_comp_2590_cycle_1_6","fixed","cond",NA,"Dx.StatusCELIAC:onset_timeline_combinedt0-36",-5.30971946297788,6.75172884560026,-0.786423682645067,0.431619313461048,-18.5428648337346,7.92342590777881,1
"virus_comp_2590_cycle_1_6","fixed","cond",NA,"Dx.StatusCELIAC:onset_timeline_combinedt0-over42",-12.8909673663869,6879492.27884967,-1.87382539929857e-06,0.999998504903644,-13483569.9894341,13483544.2074994,1
"virus_comp_2590_cycle_1_9","fixed","cond",NA,"(Intercept)",-22.7760644229761,14.0160700918135,-1.62499647003614,0.104163310985069,-50.2470570077195,4.6949281617674,0.176383206601383
"virus_comp_2590_cycle_1_9","fixed","cond",NA,"Dx.StatusCELIAC",0.451260921467183,6.30006252766128,0.0716280067834027,0.942897951125448,-11.8966347330993,12.7991565760337,0.999998120218113
"virus_comp_2590_cycle_1_9","fixed","cond",NA,"onset_timeline_combinedt0-6",-5.90801463901581,81.8775256005268,-0.0721567316022775,0.942477178550902,-166.385015959304,154.568986681273,1
"virus_comp_2590_cycle_1_9","fixed","cond",NA,"onset_timeline_combinedt0-12",-2.37818060074859,3.50180667107937,-0.679129610549163,0.497055742217624,-9.24159555688625,4.48523435538907,0.999995349743898
"virus_comp_2590_cycle_1_9","fixed","cond",NA,"onset_timeline_combinedt0-18",6.33412694604341,3.88211010336064,1.63161960310196,0.102759645995861,-1.27466904056251,13.9429229326493,0.469758381695364
"virus_comp_2590_cycle_1_9","fixed","cond",NA,"onset_timeline_combinedt0-24",-2.30648057619293,1.78638436110098,-1.29114463069493,0.196653530531155,-5.80772958649643,1.19476843411058,0.509693844437891
"virus_comp_2590_cycle_1_9","fixed","cond",NA,"onset_timeline_combinedt0-30",-3.05522924549438,4.36185304659301,-0.700442956894383,0.48365071727291,-11.604304122673,5.49384563168423,0.943921808006738
"virus_comp_2590_cycle_1_9","fixed","cond",NA,"onset_timeline_combinedt0-36",-2.02082776298245,4.24830597454312,-0.475678488106021,0.634303448832053,-10.3473544683933,6.3056989424284,0.999999999336064
"virus_comp_2590_cycle_1_9","fixed","cond",NA,"onset_timeline_combinedt0-over42",-26.0550178169285,631.943391777076,-0.0412299869829474,0.967112547836218,-1264.64130596808,1212.53127033423,1
"virus_comp_2590_cycle_1_9","fixed","cond",NA,"SexMale",3.93996995581539,6.73924096078283,0.584631114801054,0.558795781441136,-9.26869961045606,17.1486395220868,1
"virus_comp_2590_cycle_1_9","fixed","cond",NA,"Age.at.Gluten.Introduction..months.",-0.856612775869734,1.43292302996447,-0.597807947779981,0.549968086916541,-3.66509030721811,1.95186475547864,0.883719897235668
"virus_comp_2590_cycle_1_9","fixed","cond",NA,"HLA.CategoryHigh Risk",0.813440425991588,5.97731088850405,0.136088023722515,0.891751695130645,-10.9018736398755,12.5287544918586,0.999993113296695
"virus_comp_2590_cycle_1_9","fixed","cond",NA,"HLA.CategoryLow/No Risk",-0.557851020566797,10.050381625047,-0.0555054565466998,0.955735782958136,-20.2562370365421,19.1405349954085,0.999999262755209
"virus_comp_2590_cycle_1_9","fixed","cond",NA,"feeding_first_yearFormula",-2.16413042375249,7.97313220187009,-0.271427886677321,0.786061956325057,-17.7911823833944,13.4629215358894,1
"virus_comp_2590_cycle_1_9","fixed","cond",NA,"feeding_first_yearBreastmilk_and_formula",4.40635678143989,6.57359715964611,0.670311349239584,0.502659333762565,-8.47765690034129,17.2903704632211,0.999998456348986
"virus_comp_2590_cycle_1_9","fixed","cond",NA,"Delivery.ModeC-Section",0.0435755844706943,837.585841630463,5.20252161687322e-05,0.999958489883265,-1641.5945079719,1641.68165914085,1
"virus_comp_2590_cycle_1_9","fixed","cond",NA,"Dx.StatusCELIAC:onset_timeline_combinedt0-6",-4.77718581137842,81.9723036136982,-0.0582780475938719,0.95352715327256,-165.439948624009,155.885577001253,1
"virus_comp_2590_cycle_1_9","fixed","cond",NA,"Dx.StatusCELIAC:onset_timeline_combinedt0-12",3.10526329664707,4.21950779044571,0.735930220031434,0.461773165044045,-5.16482000511271,11.3753465984068,0.999999948577024
"virus_comp_2590_cycle_1_9","fixed","cond",NA,"Dx.StatusCELIAC:onset_timeline_combinedt0-18",-13.1228146560774,5.53720035114615,-2.36993675935189,0.0177911280689025,-23.9755279195064,-2.27010139264845,0.36681267934398
"virus_comp_2590_cycle_1_9","fixed","cond",NA,"Dx.StatusCELIAC:onset_timeline_combinedt0-24",-5.61492593952498,3.95551373595325,-1.41951875643577,0.155747832531123,-13.3675904023468,2.13773852329686,0.54944374254035
"virus_comp_2590_cycle_1_9","fixed","cond",NA,"Dx.StatusCELIAC:onset_timeline_combinedt0-30",-4.22388565758508,5.13467075740778,-0.822620545142312,0.410723811523053,-14.2876554145753,5.83988409940517,1
"virus_comp_2590_cycle_1_9","fixed","cond",NA,"Dx.StatusCELIAC:onset_timeline_combinedt0-36",-11.0379772589561,5.4982850090901,-2.00753093750278,0.0446931598733422,-21.8144178535092,-0.261536664403039,0.845557104494205
"virus_comp_2590_cycle_1_9","fixed","cond",NA,"Dx.StatusCELIAC:onset_timeline_combinedt0-over42",-8.64269485037042,9952.02824259446,-0.000868435522859539,0.999307088791354,-19514.2596234609,19496.9742337602,1
"virus_comp_2591_cycle_1_2","fixed","cond",NA,"(Intercept)",-12.7593678793632,31.3510217750894,-0.406984115889371,0.684019654521597,-74.2062414370694,48.687505678343,0.886433633920846
"virus_comp_2591_cycle_1_2","fixed","cond",NA,"Dx.StatusCELIAC",-5.08783278601461,13.7946183489785,-0.368827368565175,0.712256403509382,-32.1247879304878,21.9491223584586,0.999998120218113
"virus_comp_2591_cycle_1_2","fixed","cond",NA,"onset_timeline_combinedt0-6",-7.15107292922751,149.505933881795,-0.0478313652412046,0.961850639308646,-300.177318812572,285.875172954117,1
"virus_comp_2591_cycle_1_2","fixed","cond",NA,"onset_timeline_combinedt0-12",-2.02765842489609,3.14930784216506,-0.643842560498033,0.519677531939534,-8.20018837176915,4.14487152197698,0.999995349743898
"virus_comp_2591_cycle_1_2","fixed","cond",NA,"onset_timeline_combinedt0-18",-0.0773891312130544,3.2798745631122,-0.0235951496692671,0.981175541078846,-6.505825148722,6.35104688629589,0.999999998540549
"virus_comp_2591_cycle_1_2","fixed","cond",NA,"onset_timeline_combinedt0-24",-3.37333545091824,1.9865565664675,-1.69808175002875,0.0894923335355777,-7.26691477444609,0.520243872609612,0.324729324543382
"virus_comp_2591_cycle_1_2","fixed","cond",NA,"onset_timeline_combinedt0-30",-8.88659915096137,4.89881077321663,-1.81403192781956,0.0696728104328336,-18.4880918335428,0.714893531620033,0.256630941815917
"virus_comp_2591_cycle_1_2","fixed","cond",NA,"onset_timeline_combinedt0-36",-7.46158689143659,5.02751357082713,-1.48415052218527,0.137768992526764,-17.3153324220441,2.39215863917094,0.437416551272474
"virus_comp_2591_cycle_1_2","fixed","cond",NA,"onset_timeline_combinedt0-over42",-27.3812290137266,208.712366482734,-0.131191215332187,0.895624045046324,-436.44995044801,381.687492420557,1
"virus_comp_2591_cycle_1_2","fixed","cond",NA,"SexMale",1.48803985203036,9.03351350200891,0.164724373489833,0.869160931771269,-16.2173212657634,19.1934009698241,1
"virus_comp_2591_cycle_1_2","fixed","cond",NA,"Age.at.Gluten.Introduction..months.",-2.49246906854738,6.6142258393634,-0.376834587914113,0.706296534923926,-15.4561134993139,10.4711753622191,0.883719897235668
"virus_comp_2591_cycle_1_2","fixed","cond",NA,"HLA.CategoryHigh Risk",4.82171150902038,19.8906663272938,0.24241075837686,0.808461898961745,-34.1632781209791,43.8067011390198,0.999993113296695
"virus_comp_2591_cycle_1_2","fixed","cond",NA,"HLA.CategoryLow/No Risk",7.57980095770119,24.3365652471616,0.311457302241335,0.755452997596801,-40.1189904341447,55.2785923495471,0.999999262755209
"virus_comp_2591_cycle_1_2","fixed","cond",NA,"feeding_first_yearFormula",2.24509506231572,13.2092971334054,0.169963249341863,0.865039038855361,-23.6446515802469,28.1348417048784,1
"virus_comp_2591_cycle_1_2","fixed","cond",NA,"feeding_first_yearBreastmilk_and_formula",7.15270382108091,18.1437901137681,0.394223245321451,0.693416225175995,-28.4084713449584,42.7138789871203,0.999998456348986
"virus_comp_2591_cycle_1_2","fixed","cond",NA,"Delivery.ModeC-Section",0.0689368819369258,256.737780434709,0.000268510858901256,0.999785759333849,-503.127866240845,503.265740004718,1
"virus_comp_2591_cycle_1_2","fixed","cond",NA,"Dx.StatusCELIAC:onset_timeline_combinedt0-6",-5.43747477538399,149.653680284782,-0.0363337190574719,0.971016263761865,-298.753298287429,287.878348736661,1
"virus_comp_2591_cycle_1_2","fixed","cond",NA,"Dx.StatusCELIAC:onset_timeline_combinedt0-12",3.16791640546619,4.03661259447134,0.784795749239116,0.432573332790271,-4.74369889923842,11.0795317101708,0.999999948577024
"virus_comp_2591_cycle_1_2","fixed","cond",NA,"Dx.StatusCELIAC:onset_timeline_combinedt0-18",-8.5186763687233,7.20466132227219,-1.18238401330386,0.237053363598447,-22.6395530811855,5.60220034373891,0.919479713351552
"virus_comp_2591_cycle_1_2","fixed","cond",NA,"Dx.StatusCELIAC:onset_timeline_combinedt0-24",-5.92025019665093,6.25769374070974,-0.946075414035757,0.344110122779265,-18.1851045547238,6.34460416142188,0.976801545091409
"virus_comp_2591_cycle_1_2","fixed","cond",NA,"Dx.StatusCELIAC:onset_timeline_combinedt0-30",0.0838846944358654,7.50332741764133,0.011179666002398,0.991080102910929,-14.6223668083531,14.7901361972248,1
"virus_comp_2591_cycle_1_2","fixed","cond",NA,"Dx.StatusCELIAC:onset_timeline_combinedt0-36",-7.04469443754335,8.81098047370608,-0.799535813132974,0.423979789127618,-24.3138988344929,10.2245099594062,1
"virus_comp_2591_cycle_1_2","fixed","cond",NA,"Dx.StatusCELIAC:onset_timeline_combinedt0-over42",-10.1638049697176,16839.1608862882,-0.000603581439618753,0.999518411717382,-33014.3126719702,32993.9850620307,1
"virus_comp_2591_cycle_1_4","fixed","cond",NA,"(Intercept)",-14.7809957967178,24.2418818015573,-0.609729719735215,0.542040863906947,-62.2942110452471,32.7322194518116,0.717074892876899
"virus_comp_2591_cycle_1_4","fixed","cond",NA,"Dx.StatusCELIAC",-4.71663081359297,7.68773489174158,-0.613526725363505,0.539528117116544,-19.7843143240984,10.3510526969125,0.999998120218113
"virus_comp_2591_cycle_1_4","fixed","cond",NA,"onset_timeline_combinedt0-6",-17.3934901334033,13392.4717047441,-0.00129875130721702,0.998963746674967,-26266.1556954035,26231.3687151367,1
"virus_comp_2591_cycle_1_4","fixed","cond",NA,"onset_timeline_combinedt0-12",-5.34146569050663,3.5957150626497,-1.48550861162243,0.137409143892019,-12.3889377119682,1.70600633095496,0.415499077959202
"virus_comp_2591_cycle_1_4","fixed","cond",NA,"onset_timeline_combinedt0-18",-1.87332492666662,3.85423423003297,-0.486043352546998,0.62693642899016,-9.4274852055127,5.68083535217946,0.978632474521225
"virus_comp_2591_cycle_1_4","fixed","cond",NA,"onset_timeline_combinedt0-24",-23.0121454263885,1585.47553795005,-0.0145143490867996,0.988419631553919,-3130.48709817775,3084.46280732497,0.999995842904296
"virus_comp_2591_cycle_1_4","fixed","cond",NA,"onset_timeline_combinedt0-30",-25.205295738229,4196.02822759542,-0.00600694141485155,0.995207183010938,-8249.26949993868,8198.85890846222,1
"virus_comp_2591_cycle_1_4","fixed","cond",NA,"onset_timeline_combinedt0-36",-0.280388109522791,4.646477853645,-0.0603442259609258,0.95188147887868,-9.38731735762996,8.82654113858437,0.999999999336064
"virus_comp_2591_cycle_1_4","fixed","cond",NA,"onset_timeline_combinedt0-over42",-21.1555225108113,2140.2813415719,-0.00988445869236698,0.992113471439966,-4216.02986877481,4173.71882375318,1
"virus_comp_2591_cycle_1_4","fixed","cond",NA,"SexMale",2.49758081553717,8.66879588481042,0.288111618813573,0.773261299024839,-14.4929469080203,19.4881085390946,1
"virus_comp_2591_cycle_1_4","fixed","cond",NA,"Age.at.Gluten.Introduction..months.",-1.22673219391663,3.22809306817829,-0.380017604203994,0.703932347458173,-7.55367834628948,5.10021395845621,0.883719897235668
"virus_comp_2591_cycle_1_4","fixed","cond",NA,"HLA.CategoryHigh Risk",1.23284077806826,8.28464391920236,0.148810352031033,0.881703281856463,-15.0047629283071,17.4704444844436,0.999993113296695
"virus_comp_2591_cycle_1_4","fixed","cond",NA,"HLA.CategoryLow/No Risk",-8.9517112236909,637.972141906833,-0.0140315080168472,0.988804843746178,-1259.35413250096,1241.45071005358,0.999999262755209
"virus_comp_2591_cycle_1_4","fixed","cond",NA,"feeding_first_yearFormula",0.041752839491783,8.66212908545996,0.00482015900246376,0.996154084443949,-16.9357081974466,17.0192138764302,1
"virus_comp_2591_cycle_1_4","fixed","cond",NA,"feeding_first_yearBreastmilk_and_formula",2.49716259273989,8.38106733826296,0.297952813401144,0.765739178194406,-13.9294275422605,18.9237527277402,0.999998456348986
"virus_comp_2591_cycle_1_4","fixed","cond",NA,"Delivery.ModeC-Section",-0.313083326582184,9152.24498958568,-3.42083638427994e-05,0.999972705674645,-17938.3836406017,17937.7574739485,1
"virus_comp_2591_cycle_1_4","fixed","cond",NA,"Dx.StatusCELIAC:onset_timeline_combinedt0-6",-15.2475282798432,78678.9551856715,-0.000193794239436214,0.999845374569349,-154223.166033437,154192.670976877,1
"virus_comp_2591_cycle_1_4","fixed","cond",NA,"Dx.StatusCELIAC:onset_timeline_combinedt0-12",7.05354549486128,4.29172686890274,1.64352152649095,0.100275075236808,-1.35808459967094,15.4651755893935,0.410804340486277
"virus_comp_2591_cycle_1_4","fixed","cond",NA,"Dx.StatusCELIAC:onset_timeline_combinedt0-18",-1.99635856779299,6.10665971059856,-0.326914985016793,0.743732186880782,-13.965191666408,9.97247453082199,1
"virus_comp_2591_cycle_1_4","fixed","cond",NA,"Dx.StatusCELIAC:onset_timeline_combinedt0-24",17.7543126526367,1585.48093508559,0.0111980612694521,0.991065426530057,-3089.73121829001,3125.23984359529,0.999996294200444
"virus_comp_2591_cycle_1_4","fixed","cond",NA,"Dx.StatusCELIAC:onset_timeline_combinedt0-30",21.3261154421925,4196.03038608868,0.00508245019218547,0.995944808919089,-8202.74231932731,8245.3945502117,1
"virus_comp_2591_cycle_1_4","fixed","cond",NA,"Dx.StatusCELIAC:onset_timeline_combinedt0-36",-29.8760376331612,31383.8679236657,-0.000951955243561059,0.999240449723307,-61541.1268635797,61481.3747883134,1
"virus_comp_2591_cycle_1_4","fixed","cond",NA,"Dx.StatusCELIAC:onset_timeline_combinedt0-over42",-11.4952917730006,139450.820080137,-8.24325863870485e-05,0.999934228312089,-273330.080263416,273307.08967987,1
"virus_comp_2591_cycle_1_6","fixed","cond",NA,"(Intercept)",-13.0401869951741,16.9226294679881,-0.77057687871981,0.440957770289581,-46.207931276147,20.1275572857987,0.589490913966072
"virus_comp_2591_cycle_1_6","fixed","cond",NA,"Dx.StatusCELIAC",-5.25500733104855,7.13272291611253,-0.736746315937452,0.461276635248852,-19.2348873583326,8.72487269623553,0.999998120218113
"virus_comp_2591_cycle_1_6","fixed","cond",NA,"onset_timeline_combinedt0-6",-23.522885711365,621582.199025748,-3.78435639698726e-05,0.99996980520459,-1218302.24640738,1218255.20063596,1
"virus_comp_2591_cycle_1_6","fixed","cond",NA,"onset_timeline_combinedt0-12",-1.22249259806834,2.49026250855116,-0.490909128604113,0.62349072030035,-6.10331742687897,3.65833223074229,0.999995349743898
"virus_comp_2591_cycle_1_6","fixed","cond",NA,"onset_timeline_combinedt0-18",1.09822797708811,2.63068701080406,0.417468126226251,0.67633603344938,-4.05782381868518,6.2542797728614,0.999999998540549
"virus_comp_2591_cycle_1_6","fixed","cond",NA,"onset_timeline_combinedt0-24",-2.26961223132176,1.77591528484655,-1.27799577529841,0.201250915883288,-5.7503422292152,1.21111776657167,0.51117732634355
"virus_comp_2591_cycle_1_6","fixed","cond",NA,"onset_timeline_combinedt0-30",-1.59154388893147,3.03850176363287,-0.523792320274516,0.600422995458966,-7.54689791261332,4.36381013475038,1
"virus_comp_2591_cycle_1_6","fixed","cond",NA,"onset_timeline_combinedt0-36",0.229298455957291,2.90872904958926,0.0788311499792909,0.937166927037152,-5.47170572202307,5.93030263393765,0.999999999336064
"virus_comp_2591_cycle_1_6","fixed","cond",NA,"onset_timeline_combinedt0-over42",0.218033483296962,3.82262973438935,0.0570375627373684,0.954515273094524,-7.27418312233808,7.710250088932,1
"virus_comp_2591_cycle_1_6","fixed","cond",NA,"SexMale",1.26980193870262,7.23741271470042,0.175449706788647,0.860726285886001,-12.9152663233625,15.4548702007677,1
"virus_comp_2591_cycle_1_6","fixed","cond",NA,"Age.at.Gluten.Introduction..months.",-1.1379124584652,2.17064130843468,-0.524228694093077,0.600119485509069,-5.39229124635208,3.11646632942167,0.883719897235668
"virus_comp_2591_cycle_1_6","fixed","cond",NA,"HLA.CategoryHigh Risk",-1.49640685850855,5.68067961196652,-0.263420393460727,0.7922265737997,-12.6303343056739,9.6375205886568,0.999993113296695
"virus_comp_2591_cycle_1_6","fixed","cond",NA,"HLA.CategoryLow/No Risk",-16.8705274777529,9947.51096811539,-0.00169595464954276,0.998646824617989,-19513.6337608011,19479.8927058456,0.999999262755209
"virus_comp_2591_cycle_1_6","fixed","cond",NA,"feeding_first_yearFormula",-3.03777273540025,7.09827409486965,-0.427959345440863,0.668680719263024,-16.9501343137384,10.8745888429379,1
"virus_comp_2591_cycle_1_6","fixed","cond",NA,"feeding_first_yearBreastmilk_and_formula",0.113271400002965,5.52744092787419,0.0204925573119654,0.983650449235847,-10.7203137453031,10.946856545309,0.999998456348986
"virus_comp_2591_cycle_1_6","fixed","cond",NA,"Delivery.ModeC-Section",-0.269050415336974,68641.0005161146,-3.91967502387746e-06,0.999996872551815,-134534.157924795,134533.619823965,1
"virus_comp_2591_cycle_1_6","fixed","cond",NA,"Dx.StatusCELIAC:onset_timeline_combinedt0-6",21.756842661189,621582.19903444,3.50023580066898e-05,0.99997207215896,-1218256.96669605,1218300.48038137,1
"virus_comp_2591_cycle_1_6","fixed","cond",NA,"Dx.StatusCELIAC:onset_timeline_combinedt0-12",-12.7960254816337,8319.49267165849,-0.00153807761923094,0.998772792098163,-16318.7020315772,16293.1099806139,0.999999948577024
"virus_comp_2591_cycle_1_6","fixed","cond",NA,"Dx.StatusCELIAC:onset_timeline_combinedt0-18",0.251332643092991,4.14011254158456,0.0607067176480176,0.951592781641313,-7.86313883035534,8.36580411654132,1
"virus_comp_2591_cycle_1_6","fixed","cond",NA,"Dx.StatusCELIAC:onset_timeline_combinedt0-24",3.04701669948306,3.59257417547673,0.848143016860251,0.396358327382894,-3.99429929624,10.0883326952061,0.999996294200444
"virus_comp_2591_cycle_1_6","fixed","cond",NA,"Dx.StatusCELIAC:onset_timeline_combinedt0-30",3.20030694269257,4.32155602981307,0.740545053821966,0.458969334057357,-5.26978723291296,11.6704011182981,1
"virus_comp_2591_cycle_1_6","fixed","cond",NA,"Dx.StatusCELIAC:onset_timeline_combinedt0-36",-4.7008491869642,4.4156766390432,-1.06458184582619,0.287065198698875,-13.3554163668637,3.95371799293534,1
"virus_comp_2591_cycle_1_6","fixed","cond",NA,"Dx.StatusCELIAC:onset_timeline_combinedt0-over42",-32.3810440014076,323834.013812064,-9.99927204070656e-05,0.999920217352328,-634735.385084694,634670.622996691,1
"virus_comp_2640_cycle_1_1","fixed","cond",NA,"(Intercept)",-12.5128024231906,15.5956429990039,-0.802326805248737,0.422363940669726,-43.0797010169824,18.0540961706012,0.570640643245268
"virus_comp_2640_cycle_1_1","fixed","cond",NA,"Dx.StatusCELIAC",-3.61615782871586,5.89368180128906,-0.613565161920506,0.539502710786767,-15.1675618955816,7.93524623814984,0.999998120218113
"virus_comp_2640_cycle_1_1","fixed","cond",NA,"onset_timeline_combinedt0-6",-9.1374877753486,3339.50597032301,-0.00273617949976738,0.997816847345644,-6554.44891576493,6536.17394021424,1
"virus_comp_2640_cycle_1_1","fixed","cond",NA,"onset_timeline_combinedt0-12",0.685126115495377,3.62904193582953,0.188789803923489,0.85025756343292,-6.42766537711602,7.79791760810678,0.999995349743898
"virus_comp_2640_cycle_1_1","fixed","cond",NA,"onset_timeline_combinedt0-18",-3.36137568277972,2.77083269745096,-1.21312834436811,0.225080754660102,-8.79210797696956,2.06935661141013,0.576206731929861
"virus_comp_2640_cycle_1_1","fixed","cond",NA,"onset_timeline_combinedt0-24",-2.88579891413059,2.06972676009804,-1.39428980180645,0.163230109271995,-6.94238882176152,1.17079099350034,0.48209822971031
"virus_comp_2640_cycle_1_1","fixed","cond",NA,"onset_timeline_combinedt0-30",-21.5081348886434,973.229146411772,-0.0220997644469881,0.982368374375166,-1929.00221056038,1885.98594078309,1
"virus_comp_2640_cycle_1_1","fixed","cond",NA,"onset_timeline_combinedt0-36",1.64227125269917,2.44135668569746,0.672687961706014,0.501145827836672,-3.14269992468392,6.42724243008227,0.979161848234728
"virus_comp_2640_cycle_1_1","fixed","cond",NA,"onset_timeline_combinedt0-over42",-17.1854620201881,407.36637399239,-0.0421867466667957,0.966349827783015,-815.608883557946,781.23795951757,1
"virus_comp_2640_cycle_1_1","fixed","cond",NA,"SexMale",0.881613635796525,6.11010352057373,0.144287839449526,0.885273180538395,-11.0939692063394,12.8571964779324,1
"virus_comp_2640_cycle_1_1","fixed","cond",NA,"Age.at.Gluten.Introduction..months.",-1.19208611076794,2.07433008196987,-0.574684868685838,0.565504442733901,-5.2576983634769,2.87352614194102,0.883719897235668
"virus_comp_2640_cycle_1_1","fixed","cond",NA,"HLA.CategoryHigh Risk",-3.69401102896203,6.23277980311468,-0.592674720694615,0.553398862448843,-15.9100349666354,8.52201290871138,0.999993113296695
"virus_comp_2640_cycle_1_1","fixed","cond",NA,"HLA.CategoryLow/No Risk",-0.417358444296014,7.16148734174647,-0.0582781794311226,0.953527048260133,-14.4536157098586,13.6188988212665,0.999999262755209
"virus_comp_2640_cycle_1_1","fixed","cond",NA,"feeding_first_yearFormula",-10.0843141667506,192.551151178453,-0.052372131275417,0.958232179653557,-387.477635658245,367.309007324744,1
"virus_comp_2640_cycle_1_1","fixed","cond",NA,"feeding_first_yearBreastmilk_and_formula",0.716452460566081,4.82750795587745,0.148410415293838,0.88201888088012,-8.74528926803429,10.1781941891665,0.999998456348986
"virus_comp_2640_cycle_1_1","fixed","cond",NA,"Delivery.ModeC-Section",-0.416921904074659,426.798478422095,-0.000976858927932569,0.999220579467281,-836.926568267876,836.092724459726,1
"virus_comp_2640_cycle_1_1","fixed","cond",NA,"Dx.StatusCELIAC:onset_timeline_combinedt0-6",-7.65055822258019,3426.24103988513,-0.00223293053043246,0.998218380684942,-6722.9595987505,6707.65848230534,1
"virus_comp_2640_cycle_1_1","fixed","cond",NA,"Dx.StatusCELIAC:onset_timeline_combinedt0-12",-8.89010866347121,164.786931658837,-0.0539491121897739,0.956975707741568,-331.866559837655,314.086342510712,0.999999948577024
"virus_comp_2640_cycle_1_1","fixed","cond",NA,"Dx.StatusCELIAC:onset_timeline_combinedt0-18",4.63223777680112,4.15082179140846,1.11598088513198,0.264430316779353,-3.50322344060348,12.7676989942057,0.995502369051683
"virus_comp_2640_cycle_1_1","fixed","cond",NA,"Dx.StatusCELIAC:onset_timeline_combinedt0-24",4.32609212367334,3.53264651780018,1.22460373600222,0.220724559595819,-2.59776782132585,11.2499520686725,0.700800476716725
"virus_comp_2640_cycle_1_1","fixed","cond",NA,"Dx.StatusCELIAC:onset_timeline_combinedt0-30",23.9914917705066,973.232844415979,0.0246513379692847,0.980333069945764,-1883.50983185629,1931.4928153973,1
"virus_comp_2640_cycle_1_1","fixed","cond",NA,"Dx.StatusCELIAC:onset_timeline_combinedt0-36",-4.41519274024249,4.59266888202975,-0.961356643305661,0.336372876349215,-13.4166583419386,4.58627286145366,1
"virus_comp_2640_cycle_1_1","fixed","cond",NA,"Dx.StatusCELIAC:onset_timeline_combinedt0-over42",-4.39913690808532,14363.5251804486,-0.000306271395971329,0.999755630785559,-28156.3911816215,28147.5929078053,1
"virus_comp_2640_cycle_1_3","fixed","cond",NA,"(Intercept)",-18.7048301688604,16.73954606772,-1.11740366753016,0.26382176772954,-51.5137375791406,14.1040772414198,0.385119132202891
"virus_comp_2640_cycle_1_3","fixed","cond",NA,"Dx.StatusCELIAC",1.98598340134399,6.77677701396118,0.293057215436271,0.769478418844155,-11.2962554772788,15.2682222799668,0.999998120218113
"virus_comp_2640_cycle_1_3","fixed","cond",NA,"onset_timeline_combinedt0-6",-4.09260892073532,138.650767716015,-0.0295173909827734,0.976451948986044,-275.843120072954,267.657902231483,1
"virus_comp_2640_cycle_1_3","fixed","cond",NA,"onset_timeline_combinedt0-12",1.40658572777557,4.69081891203008,0.299859311168086,0.764284471898982,-7.78725039780274,10.6004218533539,0.999995349743898
"virus_comp_2640_cycle_1_3","fixed","cond",NA,"onset_timeline_combinedt0-18",-2.74784615292151,2.81763249564552,-0.97523227644774,0.329445055190683,-8.27030436605644,2.77461206021342,0.741514923935026
"virus_comp_2640_cycle_1_3","fixed","cond",NA,"onset_timeline_combinedt0-24",-2.05415380246838,2.17567298406635,-0.944146394017886,0.345094844132003,-6.31839449337522,2.21008688843846,0.718476150897776
"virus_comp_2640_cycle_1_3","fixed","cond",NA,"onset_timeline_combinedt0-30",-20.8023006701348,674.503077818629,-0.0308409277203157,0.975396400331157,-1342.80404065606,1301.19943931579,1
"virus_comp_2640_cycle_1_3","fixed","cond",NA,"onset_timeline_combinedt0-36",5.41877469708925,4.59895676004042,1.17826171886896,0.23869228411198,-3.59501491904699,14.4325643132255,0.565769889433483
"virus_comp_2640_cycle_1_3","fixed","cond",NA,"onset_timeline_combinedt0-over42",-15.4839355705696,908.336527616544,-0.0170464746267544,0.986399539757881,-1795.79081554117,1764.82294440003,1
"virus_comp_2640_cycle_1_3","fixed","cond",NA,"SexMale",5.35139846012434,7.486949265064,0.714763553306728,0.474755159663429,-9.32275245347973,20.0255493737284,1
"virus_comp_2640_cycle_1_3","fixed","cond",NA,"Age.at.Gluten.Introduction..months.",-1.09265334616857,1.68633024357542,-0.647947429236573,0.51701895277246,-4.39779988961705,2.2124931972799,0.883719897235668
"virus_comp_2640_cycle_1_3","fixed","cond",NA,"HLA.CategoryHigh Risk",-1.55344030687229,6.51936776731294,-0.238280821441151,0.81166329528425,-14.331166332777,11.2242857190324,0.999993113296695
"virus_comp_2640_cycle_1_3","fixed","cond",NA,"HLA.CategoryLow/No Risk",-2.4535129434088,10.8293155872355,-0.226562142699096,0.820764232548594,-23.6785814716087,18.7715555847911,0.999999262755209
"virus_comp_2640_cycle_1_3","fixed","cond",NA,"feeding_first_yearFormula",-9.64837394388956,109.251839512443,-0.088313148656785,0.929627788672236,-223.778044633027,204.481296745248,1
"virus_comp_2640_cycle_1_3","fixed","cond",NA,"feeding_first_yearBreastmilk_and_formula",1.08546225389792,5.12264671703585,0.211894810213655,0.832189099518337,-8.95474081701469,11.1256653248105,0.999998456348986
"virus_comp_2640_cycle_1_3","fixed","cond",NA,"Delivery.ModeC-Section",-0.130837121640849,1568.97229749198,-8.33903325444268e-05,0.99993346414122,-3075.26003294698,3074.9983587037,1
"virus_comp_2640_cycle_1_3","fixed","cond",NA,"Dx.StatusCELIAC:onset_timeline_combinedt0-6",-2.98606512634236,138.797353607529,-0.0215138476976003,0.982835757154669,-275.02387934657,269.051749093885,1
"virus_comp_2640_cycle_1_3","fixed","cond",NA,"Dx.StatusCELIAC:onset_timeline_combinedt0-12",-0.325962262952486,5.2581648085209,-0.061991640586134,0.950569489044828,-10.6317759124294,9.97985138652443,0.999999948577024
"virus_comp_2640_cycle_1_3","fixed","cond",NA,"Dx.StatusCELIAC:onset_timeline_combinedt0-18",-0.065614509472556,6.67931169202101,-0.00982354357724284,0.992162072310174,-13.156824867351,13.0255958484059,1
"virus_comp_2640_cycle_1_3","fixed","cond",NA,"Dx.StatusCELIAC:onset_timeline_combinedt0-24",-2.16618867990804,6.05322806143355,-0.357856776239657,0.720450498991346,-14.030297670525,9.69792031070892,0.999996294200444
"virus_comp_2640_cycle_1_3","fixed","cond",NA,"Dx.StatusCELIAC:onset_timeline_combinedt0-30",17.6269754990798,674.526558625485,0.0261323668781836,0.979151760836831,-1304.42078602262,1339.67473702077,1
"virus_comp_2640_cycle_1_3","fixed","cond",NA,"Dx.StatusCELIAC:onset_timeline_combinedt0-36",-13.9453536209129,8.25772142469255,-1.68876532686281,0.091264410945065,-30.1301902076751,2.23948296584926,0.845557104494205
"virus_comp_2640_cycle_1_3","fixed","cond",NA,"Dx.StatusCELIAC:onset_timeline_combinedt0-over42",-6.98674646353572,1094.19344180167,-0.00638529367534096,0.99490530738039,-2151.56648451472,2137.59299158765,1
"virus_comp_2640_cycle_1_4","fixed","cond",NA,"(Intercept)",-19.8042503336842,20.9145380917293,-0.946913111196841,0.343683056337717,-60.7959917467646,21.1874910793962,0.474432045161849
"virus_comp_2640_cycle_1_4","fixed","cond",NA,"Dx.StatusCELIAC",1.98829868752085,9.72242700642052,0.204506414520553,0.837957779858028,-17.0673080873829,21.0439054624246,0.999998120218113
"virus_comp_2640_cycle_1_4","fixed","cond",NA,"onset_timeline_combinedt0-6",-6.52834274079351,965.623707044415,-0.00676075234396998,0.994605741178625,-1899.1160311659,1886.05934568432,1
"virus_comp_2640_cycle_1_4","fixed","cond",NA,"onset_timeline_combinedt0-12",3.19634501093532,5.74992530162768,0.555893310480139,0.578283791566983,-8.07330149405053,14.4659915159212,0.999995349743898
"virus_comp_2640_cycle_1_4","fixed","cond",NA,"onset_timeline_combinedt0-18",-21.2233226828957,498.749770643575,-0.0425530475041816,0.966057824223144,-998.754910441914,956.308265076123,0.999999998540549
"virus_comp_2640_cycle_1_4","fixed","cond",NA,"onset_timeline_combinedt0-24",-1.96631268005954,2.5060473797613,-0.784627096813638,0.432672238066004,-6.87807528794266,2.94544992782359,0.845374988221268
"virus_comp_2640_cycle_1_4","fixed","cond",NA,"onset_timeline_combinedt0-30",-0.394392902397378,5.35699003573601,-0.0736221086405646,0.941311078725342,-10.8939004379799,10.1051146331851,1
"virus_comp_2640_cycle_1_4","fixed","cond",NA,"onset_timeline_combinedt0-36",1.52204031763792,5.38937743249992,0.282414868266501,0.777625415593108,-9.04094534915487,12.0850259844307,0.999999999336064
"virus_comp_2640_cycle_1_4","fixed","cond",NA,"onset_timeline_combinedt0-over42",-27.9452333752117,16707.7018334513,-0.00167259588744043,0.998665462187194,-32774.4390913736,32718.5486246232,1
"virus_comp_2640_cycle_1_4","fixed","cond",NA,"SexMale",5.9075129508155,11.913084874945,0.495884400457843,0.619975972769359,-17.4417043488456,29.2567302504766,1
"virus_comp_2640_cycle_1_4","fixed","cond",NA,"Age.at.Gluten.Introduction..months.",-1.01758471823391,2.12852438197367,-0.478070501259825,0.632600026853355,-5.18941584711769,3.15424641064986,0.883719897235668
"virus_comp_2640_cycle_1_4","fixed","cond",NA,"HLA.CategoryHigh Risk",-3.2508568659412,9.86946721417287,-0.329385243944361,0.741864519717567,-22.5946571523189,16.0929434204365,0.999993113296695
"virus_comp_2640_cycle_1_4","fixed","cond",NA,"HLA.CategoryLow/No Risk",-2.24604950413823,14.8635733296946,-0.151111005026702,0.8798881514344,-31.3781179119096,26.8860189036332,0.999999262755209
"virus_comp_2640_cycle_1_4","fixed","cond",NA,"feeding_first_yearFormula",-9.04310733066477,134.013090081988,-0.0674792837411053,0.946200153609046,-271.703937348283,253.617722686953,1
"virus_comp_2640_cycle_1_4","fixed","cond",NA,"feeding_first_yearBreastmilk_and_formula",0.343628905657009,6.64203769873153,0.0517354645130415,0.958739478471398,-12.6745257678141,13.3617835791281,0.999998456348986
"virus_comp_2640_cycle_1_4","fixed","cond",NA,"Delivery.ModeC-Section",0.192024013358434,4506.46546462858,4.26107810801255e-05,0.999966001515663,-8832.31798423222,8832.70203225893,1
"virus_comp_2640_cycle_1_4","fixed","cond",NA,"Dx.StatusCELIAC:onset_timeline_combinedt0-6",-5.37878023956421,965.677598936574,-0.00556995445010575,0.995555842319446,-1898.07209483236,1887.31453435324,1
"virus_comp_2640_cycle_1_4","fixed","cond",NA,"Dx.StatusCELIAC:onset_timeline_combinedt0-12",-2.12788301398238,6.35266177033762,-0.334959280205673,0.737655803249569,-14.5788712898086,10.3231052618438,0.999999948577024
"virus_comp_2640_cycle_1_4","fixed","cond",NA,"Dx.StatusCELIAC:onset_timeline_combinedt0-18",13.0839518269647,498.842255437785,0.0262286357748147,0.979074975690049,-964.628902797823,990.796806451752,1
"virus_comp_2640_cycle_1_4","fixed","cond",NA,"Dx.StatusCELIAC:onset_timeline_combinedt0-24",-7.12107263443334,9.54336746585544,-0.746180282789208,0.455558517211803,-25.8257291587413,11.5835838898746,0.999996294200444
"virus_comp_2640_cycle_1_4","fixed","cond",NA,"Dx.StatusCELIAC:onset_timeline_combinedt0-30",-8.24668566108673,10.540176441788,-0.782404896790113,0.433976656916168,-28.9050518776888,12.4116805555153,1
"virus_comp_2640_cycle_1_4","fixed","cond",NA,"Dx.StatusCELIAC:onset_timeline_combinedt0-36",-15.9906331464183,10.5595803038013,-1.51432468775883,0.12994351004447,-36.6870302337274,4.70576394089084,0.892693207903869
"virus_comp_2640_cycle_1_4","fixed","cond",NA,"Dx.StatusCELIAC:onset_timeline_combinedt0-over42",-8.96319060146745,27883.3880940097,-0.000321452707656896,0.999743517851949,-54659.3996218133,54641.4732406104,1
"virus_comp_2640_cycle_1_6","fixed","cond",NA,"(Intercept)",-25.221619947527,14.9739796746614,-1.68436317502196,0.092111503028177,-54.5700808150981,4.12684092004416,0.16476282936026
"virus_comp_2640_cycle_1_6","fixed","cond",NA,"Dx.StatusCELIAC",4.36945583685362,7.65020043211027,0.57115573319016,0.567894081957329,-10.6246614845953,19.3635731583025,0.999998120218113
"virus_comp_2640_cycle_1_6","fixed","cond",NA,"onset_timeline_combinedt0-6",-5.55862036357718,2571.06083804409,-0.00216199487827206,0.998274979009947,-5044.74526499136,5033.6280242642,1
"virus_comp_2640_cycle_1_6","fixed","cond",NA,"onset_timeline_combinedt0-12",6.82924309925614,4.34998681461392,1.56994570105663,0.116427744196276,-1.69657439061124,15.3550605891235,0.373802828384133
"virus_comp_2640_cycle_1_6","fixed","cond",NA,"onset_timeline_combinedt0-18",7.58007733368775,4.62849258416436,1.63769892591419,0.10148451479372,-1.49160143398512,16.6517561013606,0.469758381695364
"virus_comp_2640_cycle_1_6","fixed","cond",NA,"onset_timeline_combinedt0-24",-1.79880584637233,2.178753150054,-0.825612505174234,0.409023939095083,-6.06908355168136,2.47147185893669,0.824540321667865
"virus_comp_2640_cycle_1_6","fixed","cond",NA,"onset_timeline_combinedt0-30",-3.02644476625604,5.29929524143901,-0.571103255880158,0.567929651690459,-13.412872582921,7.3599830504089,1
"virus_comp_2640_cycle_1_6","fixed","cond",NA,"onset_timeline_combinedt0-36",-2.78184960375055,5.08265344532698,-0.54732230589284,0.584157321930739,-12.7436673024899,7.17996809498875,0.999999999336064
"virus_comp_2640_cycle_1_6","fixed","cond",NA,"onset_timeline_combinedt0-over42",-29.9633604213842,3295.68731639545,-0.00909168787716052,0.992745982546028,-6489.39180486192,6429.46508401916,1
"virus_comp_2640_cycle_1_6","fixed","cond",NA,"SexMale",2.18460017371836,7.46995547550476,0.292451565592596,0.769941386905694,-12.4562435243887,16.8254438718255,1
"virus_comp_2640_cycle_1_6","fixed","cond",NA,"Age.at.Gluten.Introduction..months.",-0.840726230190363,1.85756965242767,-0.452594727251069,0.650840596259158,-4.48149584772317,2.80004338734245,0.883719897235668
"virus_comp_2640_cycle_1_6","fixed","cond",NA,"HLA.CategoryHigh Risk",-0.723093789634273,7.2788011791643,-0.0993424290395708,0.920866391508684,-14.989281951424,13.5430943721554,0.999993113296695
"virus_comp_2640_cycle_1_6","fixed","cond",NA,"HLA.CategoryLow/No Risk",0.808903388632646,9.93380260410862,0.0814293801547943,0.93510048470258,-18.6609919449504,20.2787987222157,0.999999262755209
"virus_comp_2640_cycle_1_6","fixed","cond",NA,"feeding_first_yearFormula",-1.5063764999016,8.31185886588449,-0.181232203795522,0.856185318146645,-17.7973205216151,14.7845675218119,1
"virus_comp_2640_cycle_1_6","fixed","cond",NA,"feeding_first_yearBreastmilk_and_formula",1.38125018894944,6.30270630989724,0.219151919990376,0.826531707331717,-10.9718271835825,13.7343275614814,0.999998456348986
"virus_comp_2640_cycle_1_6","fixed","cond",NA,"Delivery.ModeC-Section",-8.58683653459639,6019.52275771387,-0.00142649789363992,0.99886181974066,-11806.634645773,11789.4609727038,1
"virus_comp_2640_cycle_1_6","fixed","cond",NA,"Dx.StatusCELIAC:onset_timeline_combinedt0-6",-4.78341873131321,2571.07429607669,-0.00186047472008585,0.998515556801446,-5043.9964406183,5034.42960315567,1
"virus_comp_2640_cycle_1_6","fixed","cond",NA,"Dx.StatusCELIAC:onset_timeline_combinedt0-12",-5.73689569938305,5.14705268756705,-1.11459820748305,0.265022638837555,-15.8249335935446,4.35114219477845,0.782741282148127
"virus_comp_2640_cycle_1_6","fixed","cond",NA,"Dx.StatusCELIAC:onset_timeline_combinedt0-18",-15.6388063269599,9.34387766804928,-1.67369553439636,0.0941904518764086,-33.9524700322846,2.67485737836477,0.482255113607212
"virus_comp_2640_cycle_1_6","fixed","cond",NA,"Dx.StatusCELIAC:onset_timeline_combinedt0-24",-6.87936470759994,7.80594058911098,-0.881298624946803,0.378156210153151,-22.1787271277168,8.41999771251695,0.999996294200444
"virus_comp_2640_cycle_1_6","fixed","cond",NA,"Dx.StatusCELIAC:onset_timeline_combinedt0-30",-6.18766128685277,9.0876518717966,-0.680886699242529,0.495943184827037,-23.9991316596121,11.6238090859066,1
"virus_comp_2640_cycle_1_6","fixed","cond",NA,"Dx.StatusCELIAC:onset_timeline_combinedt0-36",-11.4538988337218,9.84390530020042,-1.16355231835566,0.244605484165662,-30.7475986893375,7.839801021894,0.913673426148207
"virus_comp_2640_cycle_1_6","fixed","cond",NA,"Dx.StatusCELIAC:onset_timeline_combinedt0-over42",-8.48392672756086,20412.9493735523,-0.000415614939924013,0.999668387265742,-40017.1295171296,40000.1616636744,1
"virus_comp_2650_cycle_1_8","fixed","cond",NA,"(Intercept)",-43.8697772691154,694.955117034616,-0.0631260583508018,0.949666124112759,-1405.95677752878,1318.21722299055,0.999989040315975
"virus_comp_2650_cycle_1_8","fixed","cond",NA,"Dx.StatusCELIAC",24.1269469875789,694.946597614909,0.0347176992741366,0.972304847454912,-1337.94335551629,1386.19724949145,0.999998120218113
"virus_comp_2650_cycle_1_8","fixed","cond",NA,"onset_timeline_combinedt0-6",-2.79507293786594,260381.270012225,-1.07345391538136e-05,0.999991435076942,-510340.706545697,510335.116399821,1
"virus_comp_2650_cycle_1_8","fixed","cond",NA,"onset_timeline_combinedt0-12",-17.2037962734451,1280089.90136157,-1.34395219079115e-05,0.999989276812965,-2508947.30743838,2508912.89984583,0.999995349743898
"virus_comp_2650_cycle_1_8","fixed","cond",NA,"onset_timeline_combinedt0-18",14.8456074784293,694.928974600262,0.0213627694642734,0.982956272446738,-1347.19015455143,1376.88136950829,0.999999998540549
"virus_comp_2650_cycle_1_8","fixed","cond",NA,"onset_timeline_combinedt0-24",-16.2759185002132,1115130.66201401,-1.45955259366805e-05,0.999988354455199,-2185632.21152226,2185599.65968526,0.999995842904296
"virus_comp_2650_cycle_1_8","fixed","cond",NA,"onset_timeline_combinedt0-30",22.9225342684142,694.928122609258,0.0329854750766835,0.973686170548774,-1339.11155788977,1384.95662642659,1
"virus_comp_2650_cycle_1_8","fixed","cond",NA,"onset_timeline_combinedt0-36",-15.244920261806,615978.380170798,-2.47491158010755e-05,0.999980253062611,-1207310.68531035,1207280.19546982,0.999999999336064
"virus_comp_2650_cycle_1_8","fixed","cond",NA,"onset_timeline_combinedt0-over42",-3.64465759737526,45673.551662656,-7.97979895300157e-05,0.999936330416238,-89522.1609624327,89514.8716472379,1
"virus_comp_2650_cycle_1_8","fixed","cond",NA,"SexMale",-3.08719207542717,5.94467177292292,-0.519320863010278,0.603537006961258,-14.738534650268,8.56415049941361,1
"virus_comp_2650_cycle_1_8","fixed","cond",NA,"Age.at.Gluten.Introduction..months.",-0.320324817612212,0.430697861079222,-0.743734405389331,0.457037170491653,-1.16447711354592,0.523827478321499,0.883719897235668
"virus_comp_2650_cycle_1_8","fixed","cond",NA,"HLA.CategoryHigh Risk",-0.858305353914424,4.98469341900328,-0.172188193288334,0.863289579643091,-10.6281249291347,8.91151422130583,0.999993113296695
"virus_comp_2650_cycle_1_8","fixed","cond",NA,"HLA.CategoryLow/No Risk",8.594897106915,8.08972426172625,1.06244623782529,0.288033152419385,-7.26067109092832,24.4504653047583,0.999999262755209
"virus_comp_2650_cycle_1_8","fixed","cond",NA,"feeding_first_yearFormula",3.14772491278721,6.12213591937472,0.514154692780604,0.607143841442809,-8.85144099764625,15.1468908232207,1
"virus_comp_2650_cycle_1_8","fixed","cond",NA,"feeding_first_yearBreastmilk_and_formula",-0.30165915513155,4.78498616683203,-0.0630428479025818,0.949732384466959,-9.68005970864469,9.0767413983816,0.999998456348986
"virus_comp_2650_cycle_1_8","fixed","cond",NA,"Delivery.ModeC-Section",-0.573475925598849,45356.0585647564,-1.26438659739377e-05,0.999989911654551,-88896.8147435376,88895.6677916864,1
"virus_comp_2650_cycle_1_8","fixed","cond",NA,"Dx.StatusCELIAC:onset_timeline_combinedt0-6",2.706847841563,260381.270052471,1.03957087275038e-05,0.999991705424508,-510335.2047038,510340.618399483,1
"virus_comp_2650_cycle_1_8","fixed","cond",NA,"Dx.StatusCELIAC:onset_timeline_combinedt0-12",14.4839834785914,1280089.90136288,1.13148173914743e-05,0.999990972081895,-2508915.6196612,2508944.58762815,0.999999948577024
"virus_comp_2650_cycle_1_8","fixed","cond",NA,"Dx.StatusCELIAC:onset_timeline_combinedt0-18",-19.7024147536833,694.935085787202,-0.0283514462812955,0.977381848871607,-1381.75015448985,1342.34532498249,1
"virus_comp_2650_cycle_1_8","fixed","cond",NA,"Dx.StatusCELIAC:onset_timeline_combinedt0-24",12.4436628750519,1115130.6620168,1.11589280959655e-05,0.999991096463557,-2185603.49194636,2185628.37927211,0.999996294200444
"virus_comp_2650_cycle_1_8","fixed","cond",NA,"Dx.StatusCELIAC:onset_timeline_combinedt0-30",-28.2620892550029,694.932341597903,-0.0406688357459634,0.967559906503686,-1390.30445047898,1333.78027196897,1
"virus_comp_2650_cycle_1_8","fixed","cond",NA,"Dx.StatusCELIAC:onset_timeline_combinedt0-36",8.80335556464922,615978.380176254,1.42916632270929e-05,0.999988596902563,-1207286.63704521,1207304.24375634,1
"virus_comp_2650_cycle_1_8","fixed","cond",NA,"Dx.StatusCELIAC:onset_timeline_combinedt0-over42",-3.10936102603699,45673.5517356993,-6.80779336809633e-05,0.999945681667827,-89521.6258090235,89515.4070869714,1
"virus_comp_2813_cycle_1_6","fixed","cond",NA,"(Intercept)",-2.26169956770469,1.64324539298549,-1.37636142316856,0.168709765059971,-5.48240135571762,0.959002220308246,0.267826752032704
"virus_comp_2813_cycle_1_6","fixed","cond",NA,"Dx.StatusCELIAC",0.311396205423168,1.57291943366709,0.197973398228784,0.843065876923827,-2.77146923514747,3.3942616459938,0.999998120218113
"virus_comp_2813_cycle_1_6","fixed","cond",NA,"onset_timeline_combinedt0-6",5.19586640480089,2.90491309988864,1.78864779294089,0.0736715557253415,-0.497658649199448,10.8893914588012,1
"virus_comp_2813_cycle_1_6","fixed","cond",NA,"onset_timeline_combinedt0-12",-1.01107853030849,1.0312641914815,-0.980426294891496,0.326875735360623,-3.03231920415805,1.01016214354108,0.768763303533317
"virus_comp_2813_cycle_1_6","fixed","cond",NA,"onset_timeline_combinedt0-18",-0.976277964436112,1.38617701192116,-0.704295307193882,0.481248888190729,-3.69313498399894,1.74057905512672,0.933331177097172
"virus_comp_2813_cycle_1_6","fixed","cond",NA,"onset_timeline_combinedt0-24",0.915117909045139,1.31325927120531,0.696829582025522,0.485909450761034,-1.65882296488059,3.48905878297087,0.854069680838339
"virus_comp_2813_cycle_1_6","fixed","cond",NA,"onset_timeline_combinedt0-30",1.37266098049634,1.03190473851595,1.33022063884545,0.18344558600521,-0.649835142471143,3.39515710346382,0.485072637991383
"virus_comp_2813_cycle_1_6","fixed","cond",NA,"onset_timeline_combinedt0-36",0.860657359574785,1.26977460790082,0.677803252813201,0.497896448355049,-1.6280551403943,3.34936985954387,0.979161848234728
"virus_comp_2813_cycle_1_6","fixed","cond",NA,"onset_timeline_combinedt0-over42",5.23542277471251,1.18064842263337,4.43436223209888,9.23452489243418e-06,2.92139438794709,7.54945116147793,0.00118201918623157
"virus_comp_2813_cycle_1_6","fixed","cond",NA,"SexMale",-1.20461803115254,1.36550196653328,-0.882179638459844,0.377679671110481,-3.88095270637639,1.47171664407131,1
"virus_comp_2813_cycle_1_6","fixed","cond",NA,"Age.at.Gluten.Introduction..months.",-0.114313811280257,0.115178878554995,-0.992489358417178,0.320958868010121,-0.340060265027759,0.111432642467245,0.883719897235668
"virus_comp_2813_cycle_1_6","fixed","cond",NA,"HLA.CategoryHigh Risk",-2.24974485638095,1.2971604988305,-1.73436121313383,0.0828540125649442,-4.79213271625675,0.292643003494839,0.707020907220857
"virus_comp_2813_cycle_1_6","fixed","cond",NA,"HLA.CategoryLow/No Risk",1.20052790664953,2.1022445416808,0.571069579607364,0.567952478422727,-2.91979568174075,5.32085149503981,0.999999262755209
"virus_comp_2813_cycle_1_6","fixed","cond",NA,"feeding_first_yearFormula",2.25239173430371,1.78284190228118,1.26337154821284,0.206455684167329,-1.24191418429628,5.7466976529037,1
"virus_comp_2813_cycle_1_6","fixed","cond",NA,"feeding_first_yearBreastmilk_and_formula",0.711661957569123,1.24238083812298,0.572821099401627,0.566765831413778,-1.72335974023461,3.14668365537286,0.999998456348986
"virus_comp_2813_cycle_1_6","fixed","cond",NA,"Delivery.ModeC-Section",-2.01531787457709,2.98630968253459,-0.674852272141654,0.499769626208613,-7.86837729902813,3.83774154987395,1
"virus_comp_2813_cycle_1_6","fixed","cond",NA,"Dx.StatusCELIAC:onset_timeline_combinedt0-6",-4.7879643884583,3.64511526856586,-1.31352893823357,0.189004776322757,-11.9322590343444,2.35633025742784,1
"virus_comp_2813_cycle_1_6","fixed","cond",NA,"Dx.StatusCELIAC:onset_timeline_combinedt0-12",2.41788047181826,1.51681725329432,1.59404863477585,0.11092514222863,-0.555026715767568,5.3907876594041,0.440234158219876
"virus_comp_2813_cycle_1_6","fixed","cond",NA,"Dx.StatusCELIAC:onset_timeline_combinedt0-18",3.87141573141409,2.22316873540394,1.74139536498595,0.0816143001111438,-0.485914921533088,8.22874638436127,0.435276267259434
"virus_comp_2813_cycle_1_6","fixed","cond",NA,"Dx.StatusCELIAC:onset_timeline_combinedt0-24",-0.922522822185003,1.78837824576953,-0.515843236388758,0.605963902161806,-4.4276797746282,2.58263413025819,0.999996294200444
"virus_comp_2813_cycle_1_6","fixed","cond",NA,"Dx.StatusCELIAC:onset_timeline_combinedt0-30",0.563909214273352,1.73463280595479,0.325088521523125,0.745114076057433,-2.83590861179969,3.9637270403464,1
"virus_comp_2813_cycle_1_6","fixed","cond",NA,"Dx.StatusCELIAC:onset_timeline_combinedt0-36",3.36168685942683,1.86207040926545,1.80534895066237,0.0710200941596813,-0.287904079411212,7.01127779826487,0.845557104494205
"virus_comp_2813_cycle_1_6","fixed","cond",NA,"Dx.StatusCELIAC:onset_timeline_combinedt0-over42",-1.97316852196911,1.6245288513692,-1.21460971302914,0.224514982534826,-5.15718656249897,1.21084951856075,1
"virus_comp_2849_cycle_1_4","fixed","cond",NA,"(Intercept)",-55.3660494333314,628140.039169355,-8.81428439214715e-05,0.999929672185781,-1231187.22006895,1231076.48797008,0.999989040315975
"virus_comp_2849_cycle_1_4","fixed","cond",NA,"Dx.StatusCELIAC",2.4330190662055,4.93794760466391,0.492718688207121,0.62221137100446,-7.24518039648159,12.1112185288926,0.999998120218113
"virus_comp_2849_cycle_1_4","fixed","cond",NA,"onset_timeline_combinedt0-6",-12.8906187556699,59667.725482234,-0.000216040056018359,0.999827624976129,-116959.483603357,116933.702365846,1
"virus_comp_2849_cycle_1_4","fixed","cond",NA,"onset_timeline_combinedt0-12",1.93211274695748,2.71719834232558,0.711067983835083,0.477042108590703,-3.39349814285259,7.25772363676754,0.999995349743898
"virus_comp_2849_cycle_1_4","fixed","cond",NA,"onset_timeline_combinedt0-18",1.46860306845185,2.54521316612783,0.577005921545705,0.563935455339711,-3.51992307013585,6.45712920703955,0.962449843779774
"virus_comp_2849_cycle_1_4","fixed","cond",NA,"onset_timeline_combinedt0-24",1.90275160281867,2.37201896307494,0.802165426347207,0.422457272784412,-2.74632013545425,6.55182334109159,0.838313650681567
"virus_comp_2849_cycle_1_4","fixed","cond",NA,"onset_timeline_combinedt0-30",0.194498441224419,2.42480754948437,0.0802119084732224,0.936068719089217,-4.55803702520576,4.9470339076546,1
"virus_comp_2849_cycle_1_4","fixed","cond",NA,"onset_timeline_combinedt0-36",-28.0084684919677,231242.713386019,-0.000121121518087415,0.999903359010973,-453255.398392408,453199.381455424,0.999999999336064
"virus_comp_2849_cycle_1_4","fixed","cond",NA,"onset_timeline_combinedt0-over42",-24.7286141752529,11297.6221022975,-0.00218883353960158,0.998253564907111,-22167.6610456221,22118.2038172716,1
"virus_comp_2849_cycle_1_4","fixed","cond",NA,"SexMale",-4.40130639963011,4.60956243816778,-0.954820866116645,0.33966829342228,-13.4358827629276,4.63326996366737,1
"virus_comp_2849_cycle_1_4","fixed","cond",NA,"Age.at.Gluten.Introduction..months.",-0.339271699716966,0.570586755701685,-0.594601427962946,0.552109925339027,-1.45760119094782,0.77905779151389,0.883719897235668
"virus_comp_2849_cycle_1_4","fixed","cond",NA,"HLA.CategoryHigh Risk",35.3147991830805,628140.039087792,5.62212197687095e-05,0.999955141956781,-1231096.53906047,1231167.16865884,0.999993113296695
"virus_comp_2849_cycle_1_4","fixed","cond",NA,"HLA.CategoryLow/No Risk",41.7583183522785,628140.039179073,6.64793131271383e-05,0.999946957182482,-1231090.09572021,1231173.61235691,0.999999262755209
"virus_comp_2849_cycle_1_4","fixed","cond",NA,"feeding_first_yearFormula",3.98754876355995,5.1523409834969,0.773929515987428,0.438972473859392,-6.11085400016366,14.0859515272836,1
"virus_comp_2849_cycle_1_4","fixed","cond",NA,"feeding_first_yearBreastmilk_and_formula",1.00987070185774,5.6183642191247,0.179744612928472,0.857353067736347,-10.0019208196552,12.0216622233707,0.999998456348986
"virus_comp_2849_cycle_1_4","fixed","cond",NA,"Delivery.ModeC-Section",-2.02963290017054,9.15127138498939,-0.221786986177647,0.82447971070703,-19.9657952275017,15.9065294271606,1
"virus_comp_2849_cycle_1_4","fixed","cond",NA,"Dx.StatusCELIAC:onset_timeline_combinedt0-6",-6.82207877291912,64645.2829007245,-0.000105530960138202,0.999915798476375,-126709.248334596,126695.60417705,1
"virus_comp_2849_cycle_1_4","fixed","cond",NA,"Dx.StatusCELIAC:onset_timeline_combinedt0-12",-9.98506864863161,3.70678220451136,-2.69372952003471,0.00706574783220153,-17.2502282680079,-2.71990902925535,0.0640964267635424
"virus_comp_2849_cycle_1_4","fixed","cond",NA,"Dx.StatusCELIAC:onset_timeline_combinedt0-18",-23.7168909960316,71384.1000970198,-0.000332243328189295,0.999734908182885,-139933.982149957,139886.548367965,1
"virus_comp_2849_cycle_1_4","fixed","cond",NA,"Dx.StatusCELIAC:onset_timeline_combinedt0-24",-10.3974616332681,3.49337259210463,-2.97633915625474,0.00291712057421583,-17.2443460983725,-3.55057716816372,0.0590983332468044
"virus_comp_2849_cycle_1_4","fixed","cond",NA,"Dx.StatusCELIAC:onset_timeline_combinedt0-30",-7.38833284039519,3.58086409315256,-2.06328211520884,0.039085832284781,-14.4066974965069,-0.369968184283485,0.348174798080196
"virus_comp_2849_cycle_1_4","fixed","cond",NA,"Dx.StatusCELIAC:onset_timeline_combinedt0-36",-14.0086826971887,4574956.55473643,-3.06203622473433e-06,0.999997556848572,-8966764.08680155,8966736.06943615,1
"virus_comp_2849_cycle_1_4","fixed","cond",NA,"Dx.StatusCELIAC:onset_timeline_combinedt0-over42",21.9781974713882,11297.6229193135,0.00194538246039492,0.998447810349041,-22120.9558352973,22164.9122302401,1
"virus_comp_289_cycle_1_2","fixed","cond",NA,"(Intercept)",-494.036017150549,35966703.935567,-1.37359269294066e-05,0.999989040315975,-70493938.3923435,70492950.3203092,0.999989040315975
"virus_comp_289_cycle_1_2","fixed","cond",NA,"Dx.StatusCELIAC",-158.820582129844,67412337.1860435,-2.35595721435282e-06,0.999998120218113,-132125911.818898,132125594.177733,0.999998120218113
"virus_comp_289_cycle_1_2","fixed","cond",NA,"onset_timeline_combinedt0-6",-209.156422519886,1.84792898734034e+46,-1.131842316197e-44,1,-3.62187426117465e+46,3.62187426117465e+46,1
"virus_comp_289_cycle_1_2","fixed","cond",NA,"onset_timeline_combinedt0-12",1.8692195003932,0.936176202165295,1.99665351038603,0.0458628356271745,0.0343478609657295,3.70409113982066,0.264753642029598
"virus_comp_289_cycle_1_2","fixed","cond",NA,"onset_timeline_combinedt0-18",1.43891396314283,0.976351426025175,1.473766437768,0.140544487717872,-0.474699668120841,3.35252759440649,0.486207957510475
"virus_comp_289_cycle_1_2","fixed","cond",NA,"onset_timeline_combinedt0-24",3.5204759527802,0.98215628180998,3.58443561170575,0.000337807884922368,1.59548501324287,5.44546689231753,0.00715026689752345
"virus_comp_289_cycle_1_2","fixed","cond",NA,"onset_timeline_combinedt0-30",-70.7131152038438,834764562238128,-8.47102505336971e-14,0.999999999999932,-1636108477557146,1636108477557004,1
"virus_comp_289_cycle_1_2","fixed","cond",NA,"onset_timeline_combinedt0-36",-53.218956140936,63955859370.7182,-8.32120100715931e-10,0.999999999336064,-125351181020.135,125351180913.697,0.999999999336064
"virus_comp_289_cycle_1_2","fixed","cond",NA,"onset_timeline_combinedt0-over42",-50.1072170423594,4.66572292134764e+30,-1.07394326424953e-29,1,-9.14464888768437e+30,9.14464888768437e+30,1
"virus_comp_289_cycle_1_2","fixed","cond",NA,"SexMale",-272.077469805887,1.08905694488137e+30,-2.49828506291307e-28,1,-2.13451238908071e+30,2.13451238908071e+30,1
"virus_comp_289_cycle_1_2","fixed","cond",NA,"Age.at.Gluten.Introduction..months.",0.202427034449079,0.149402727310299,1.35490856220217,0.175446691353955,-0.0903969302711652,0.495250999169324,0.883719897235668
"virus_comp_289_cycle_1_2","fixed","cond",NA,"HLA.CategoryHigh Risk",478.29790796329,35966703.9355847,1.32983525212627e-05,0.99998938944984,-70492966.058453,70493922.6542689,0.999993113296695
"virus_comp_289_cycle_1_2","fixed","cond",NA,"HLA.CategoryLow/No Risk",485.049875020011,35966704.6256015,1.3486080531124e-05,0.999989239664559,-70492960.658894,70493930.758644,0.999999262755209
"virus_comp_289_cycle_1_2","fixed","cond",NA,"feeding_first_yearFormula",-325.652924715463,1.09409610801444e+70,-2.97645629419572e-68,1,-2.14438896733376e+70,2.14438896733376e+70,1
"virus_comp_289_cycle_1_2","fixed","cond",NA,"feeding_first_yearBreastmilk_and_formula",130.421239628015,67412318.3155901,1.93467963848164e-06,0.999998456348986,-132125585.591667,132125846.434146,0.999998456348986
"virus_comp_289_cycle_1_2","fixed","cond",NA,"Delivery.ModeC-Section",-310.125135991997,1.69449944229849e+37,-1.83018730045335e-35,1,-3.32115787872825e+37,3.32115787872825e+37,1
"virus_comp_289_cycle_1_2","fixed","cond",NA,"Dx.StatusCELIAC:onset_timeline_combinedt0-6",-4.7888698819917,2.89198922699006e+52,-1.65590861725854e-52,1,-5.66819472857834e+52,5.66819472857834e+52,1
"virus_comp_289_cycle_1_2","fixed","cond",NA,"Dx.StatusCELIAC:onset_timeline_combinedt0-12",-27.5613728820125,427645295.246147,-6.44491432231204e-08,0.999999948577024,-838169404.401819,838169349.279073,0.999999948577024
"virus_comp_289_cycle_1_2","fixed","cond",NA,"Dx.StatusCELIAC:onset_timeline_combinedt0-18",-9.69943743844995,6.87498051556178e+35,-1.41083126221157e-35,1,-1.34747142049157e+36,1.34747142049157e+36,1
"virus_comp_289_cycle_1_2","fixed","cond",NA,"Dx.StatusCELIAC:onset_timeline_combinedt0-24",14.2438158699622,6533.39112957456,0.00218015661200583,0.998260488077156,-12790.9674950096,12819.4551267496,0.999996294200444
"virus_comp_289_cycle_1_2","fixed","cond",NA,"Dx.StatusCELIAC:onset_timeline_combinedt0-30",-11.1854035447978,1.6179452535642e+22,-6.91333870547056e-22,1,-3.17111442594336e+22,3.17111442594336e+22,1
"virus_comp_289_cycle_1_2","fixed","cond",NA,"Dx.StatusCELIAC:onset_timeline_combinedt0-36",-4.30985048811839,13896392889405352,-3.10141669310763e-16,1,-27236429578252984,27236429578252976,1
"virus_comp_289_cycle_1_2","fixed","cond",NA,"Dx.StatusCELIAC:onset_timeline_combinedt0-over42",-38.8758767164738,4.66572292143078e+30,-8.33223004690391e-30,1,-9.14464888784733e+30,9.14464888784733e+30,1
"virus_comp_317_cycle_1_3","fixed","cond",NA,"(Intercept)",-10.357732793133,5.18273896091672,-1.99850559158799,0.0456618743370068,-20.5157144978023,-0.199751088463659,0.0906102818874979
"virus_comp_317_cycle_1_3","fixed","cond",NA,"Dx.StatusCELIAC",-19.0454128725532,6.45275096544162,-2.95151834846144,0.00316215758115219,-31.6925723660248,-6.39825337908156,0.390835445454986
"virus_comp_317_cycle_1_3","fixed","cond",NA,"onset_timeline_combinedt0-6",-36.1763229947746,68930.5128715798,-0.000524823064383294,0.999581251798999,-135137.498987166,135065.146341176,1
"virus_comp_317_cycle_1_3","fixed","cond",NA,"onset_timeline_combinedt0-12",-36.053307551316,23551.369032958,-0.00153083701847067,0.99877856925492,-46195.888398761,46123.7817836584,0.999995349743898
"virus_comp_317_cycle_1_3","fixed","cond",NA,"onset_timeline_combinedt0-18",-3.62212253290138,4.88370278951037,-0.741675464092795,0.458283989076805,-13.1940041115395,5.94975904573674,0.902466932335862
"virus_comp_317_cycle_1_3","fixed","cond",NA,"onset_timeline_combinedt0-24",-39.4744688534288,192378.953999212,-0.000205191202222622,0.999836281108883,-377095.295690796,377016.34675309,0.999995842904296
"virus_comp_317_cycle_1_3","fixed","cond",NA,"onset_timeline_combinedt0-30",-39.0971017855026,102526.527669357,-0.000381336447008024,0.999695737543835,-200987.398793675,200909.204590104,1
"virus_comp_317_cycle_1_3","fixed","cond",NA,"onset_timeline_combinedt0-36",-12.7105775133284,4.36430585778559,-2.91239384394971,0.00358670090022098,-21.2644598121054,-4.15669521455149,0.0414100922116422
"virus_comp_317_cycle_1_3","fixed","cond",NA,"onset_timeline_combinedt0-over42",-31.9914888668589,9647.09368710024,-0.00331617893476424,0.997354076876648,-18939.947671067,18875.9646933333,1
"virus_comp_317_cycle_1_3","fixed","cond",NA,"SexMale",1.96286147392631,3.46318037168718,0.566780029701442,0.570863640155962,-4.82484732654659,8.7505702743992,1
"virus_comp_317_cycle_1_3","fixed","cond",NA,"Age.at.Gluten.Introduction..months.",-0.289022332897199,0.303235753785573,-0.953127490043852,0.340525479277065,-0.883353489141778,0.30530882334738,0.883719897235668
"virus_comp_317_cycle_1_3","fixed","cond",NA,"HLA.CategoryHigh Risk",2.38329888876223,4.13058744332777,0.576987879196704,0.56394764353218,-5.71250373515358,10.479101512678,0.999993113296695
"virus_comp_317_cycle_1_3","fixed","cond",NA,"HLA.CategoryLow/No Risk",4.12155650679565,5.10670017167498,0.807088015399148,0.419615776331144,-5.88739190953182,14.1305049231231,0.999999262755209
"virus_comp_317_cycle_1_3","fixed","cond",NA,"feeding_first_yearFormula",-31.1615089032127,271913.300520476,-0.00011460089978521,0.999908561711607,-532971.437446453,532909.114428646,1
"virus_comp_317_cycle_1_3","fixed","cond",NA,"feeding_first_yearBreastmilk_and_formula",9.45837781034308,5.17171913933696,1.82886532611585,0.0674197857320832,-0.678005440913838,19.5947610616,0.999998456348986
"virus_comp_317_cycle_1_3","fixed","cond",NA,"Delivery.ModeC-Section",-0.148300895902281,8.12720516919377,-0.018247465495816,0.985441436939039,-16.0773303224898,15.7807285306853,1
"virus_comp_317_cycle_1_3","fixed","cond",NA,"Dx.StatusCELIAC:onset_timeline_combinedt0-6",38.746573623548,68930.5132007309,0.000562110621615642,0.999551500637168,-135062.576735672,135140.069882919,1
"virus_comp_317_cycle_1_3","fixed","cond",NA,"Dx.StatusCELIAC:onset_timeline_combinedt0-12",36.1264508850309,23551.3692570718,0.00153394269737346,0.998776091284582,-46123.7090795794,46195.9619813495,0.999999948577024
"virus_comp_317_cycle_1_3","fixed","cond",NA,"Dx.StatusCELIAC:onset_timeline_combinedt0-18",9.27824911212428,6.626008789193,1.4002772117141,0.161430322160138,-3.70848947593985,22.2649877001884,0.712520042637852
"virus_comp_317_cycle_1_3","fixed","cond",NA,"Dx.StatusCELIAC:onset_timeline_combinedt0-24",44.5838100452494,192378.954063266,0.000231749934717846,0.999815090306777,-377011.237537442,377100.405157533,0.999996294200444
"virus_comp_317_cycle_1_3","fixed","cond",NA,"Dx.StatusCELIAC:onset_timeline_combinedt0-30",38.4090993031545,102526.527698019,0.000374625964280038,0.999701091734017,-200909.892648763,200986.710847369,1
"virus_comp_317_cycle_1_3","fixed","cond",NA,"Dx.StatusCELIAC:onset_timeline_combinedt0-36",-22.40365441357,5617696.78864274,-3.9880497749297e-06,0.999996817996657,-11010505.7854605,11010460.9781517,1
"virus_comp_317_cycle_1_3","fixed","cond",NA,"Dx.StatusCELIAC:onset_timeline_combinedt0-over42",30.4912479228954,9647.09406861166,0.00316066659100003,0.997478157123986,-18877.4656820259,18938.4481778717,1
"virus_comp_36_cycle_2_11","fixed","cond",NA,"(Intercept)",-20.2522544291135,4.58330647146894,-4.4186995906086,9.92965543376192e-06,-29.235370043302,-11.2691388149251,7.51807606425477e-05
"virus_comp_36_cycle_2_11","fixed","cond",NA,"Dx.StatusCELIAC",-2.1072167801793,2.06128177547371,-1.02228467997541,0.306646181989635,-6.14725482209655,1.93282126173796,0.999998120218113
"virus_comp_36_cycle_2_11","fixed","cond",NA,"onset_timeline_combinedt0-6",-26.156308542342,5628.24017131086,-0.00464733340195219,0.996291977777147,-11057.3043406532,11004.9917235685,1
"virus_comp_36_cycle_2_11","fixed","cond",NA,"onset_timeline_combinedt0-12",-3.6937484431426,3.23122805826824,-1.14314074294163,0.252980160511259,-10.0268390631836,2.63934217689845,0.655683273161835
"virus_comp_36_cycle_2_11","fixed","cond",NA,"onset_timeline_combinedt0-18",-2.13153196521796,3.112050293605,-0.684928508256463,0.493389035422965,-8.23103845876107,3.96797452832514,0.938608209988113
"virus_comp_36_cycle_2_11","fixed","cond",NA,"onset_timeline_combinedt0-24",0.0513810559863207,2.51780389827835,0.0204070920779234,0.983718626369384,-4.88342390477378,4.98618601674643,0.999995842904296
"virus_comp_36_cycle_2_11","fixed","cond",NA,"onset_timeline_combinedt0-30",-2.03207080682499,2.79881009472486,-0.72604811975453,0.467809271859569,-7.51763779205285,3.45349617840288,0.943921808006738
"virus_comp_36_cycle_2_11","fixed","cond",NA,"onset_timeline_combinedt0-36",-1.32282844641119,2.60510174795191,-0.507783792879174,0.611604977012138,-6.42873404845928,3.7830771556369,0.999999999336064
"virus_comp_36_cycle_2_11","fixed","cond",NA,"onset_timeline_combinedt0-over42",-1.89885551988698,2.47007662184915,-0.768743569770503,0.44204555435884,-6.74011673776567,2.94240569799172,1
"virus_comp_36_cycle_2_11","fixed","cond",NA,"SexMale",-3.521169417273,2.37225983064354,-1.48431018043997,0.137726650742609,-8.17071324730543,1.12837441275942,1
"virus_comp_36_cycle_2_11","fixed","cond",NA,"Age.at.Gluten.Introduction..months.",1.08554971671298,0.551661736537744,1.96778142259049,0.0490931925914107,0.00431258145017765,2.16678685197578,0.553414171030448
"virus_comp_36_cycle_2_11","fixed","cond",NA,"HLA.CategoryHigh Risk",6.25265906594809,2.27478635881178,2.74867969105201,0.00598358273291441,1.79415973015399,10.7111584017422,0.107795519397515
"virus_comp_36_cycle_2_11","fixed","cond",NA,"HLA.CategoryLow/No Risk",-26.8431538159295,15.7679648041952,-1.70238544728281,0.0886831362746873,-57.7477969416474,4.06148930978831,0.999999262755209
"virus_comp_36_cycle_2_11","fixed","cond",NA,"feeding_first_yearFormula",-3.80128261738822,2.3218368652584,-1.6371876397807,0.101591268865552,-8.35199925127206,0.749434016495632,1
"virus_comp_36_cycle_2_11","fixed","cond",NA,"feeding_first_yearBreastmilk_and_formula",1.11382331779694,1.63856400466557,0.679755758472354,0.496659124019643,-2.09770311771129,4.32534975330518,0.999998456348986
"virus_comp_36_cycle_2_11","fixed","cond",NA,"Delivery.ModeC-Section",24.0031143406321,13.0761032586692,1.83564735348189,0.0664098288931014,-1.62557710448646,49.6318057857506,0.938899283384921
"virus_comp_36_cycle_2_11","fixed","cond",NA,"Dx.StatusCELIAC:onset_timeline_combinedt0-6",-7.64015755102132,468960.153610185,-1.62916987556518e-05,0.999987001105094,-919152.651417885,919137.371102783,1
"virus_comp_36_cycle_2_11","fixed","cond",NA,"Dx.StatusCELIAC:onset_timeline_combinedt0-12",0.429273528653829,3.94515439007314,0.108810324314296,0.913352934825241,-7.3030869893396,8.16163404664726,0.999999948577024
"virus_comp_36_cycle_2_11","fixed","cond",NA,"Dx.StatusCELIAC:onset_timeline_combinedt0-18",4.04471136186659,4.16072364807142,0.972117281507364,0.330992205713541,-4.1101571379775,12.1995798617107,1
"virus_comp_36_cycle_2_11","fixed","cond",NA,"Dx.StatusCELIAC:onset_timeline_combinedt0-24",-31.2943728887643,63521.5724721956,-0.000492657402372436,0.999606916280783,-124531.288659743,124468.699913965,0.999996294200444
"virus_comp_36_cycle_2_11","fixed","cond",NA,"Dx.StatusCELIAC:onset_timeline_combinedt0-30",-25.3671850734479,4879.61349008945,-0.00519860540695876,0.995852131691124,-9589.23388412455,9538.49951397766,1
"virus_comp_36_cycle_2_11","fixed","cond",NA,"Dx.StatusCELIAC:onset_timeline_combinedt0-36",-1.68380785124922,3.46125640528317,-0.486473018490944,0.626631830902509,-8.46774574686281,5.10013004436437,1
"virus_comp_36_cycle_2_11","fixed","cond",NA,"Dx.StatusCELIAC:onset_timeline_combinedt0-over42",1.45246274493932,2.93094410089283,0.495561394192701,0.620203896206003,-4.29208213351075,7.19700762338939,1
"virus_comp_36_cycle_2_12","fixed","cond",NA,"(Intercept)",-20.8765752115624,5.34011389211839,-3.90938763354367,9.253038358566e-05,-31.3430061134564,-10.4101443096683,0.000344451069606574
"virus_comp_36_cycle_2_12","fixed","cond",NA,"Dx.StatusCELIAC",-1.78680181786661,2.02183185372306,-0.883753915824578,0.376829068467713,-5.74951943395966,2.17591579822643,0.999998120218113
"virus_comp_36_cycle_2_12","fixed","cond",NA,"onset_timeline_combinedt0-6",-27.9627599058197,7223.6642910167,-0.00387099383073407,0.996911401501061,-14186.0846067066,14130.159086895,1
"virus_comp_36_cycle_2_12","fixed","cond",NA,"onset_timeline_combinedt0-12",-3.58562018062894,3.59375854076664,-0.997735418213165,0.318407673759127,-10.6292574896648,3.4580171284069,0.762976878630362
"virus_comp_36_cycle_2_12","fixed","cond",NA,"onset_timeline_combinedt0-18",-1.22663635703419,3.1578081053941,-0.38844550273301,0.697686376323062,-7.41582651369529,4.96255379962692,0.999999998540549
"virus_comp_36_cycle_2_12","fixed","cond",NA,"onset_timeline_combinedt0-24",0.464876037760774,2.68204551299413,0.173328914631954,0.862392897059834,-4.79183657260498,5.72158864812652,0.999995842904296
"virus_comp_36_cycle_2_12","fixed","cond",NA,"onset_timeline_combinedt0-30",-1.37718234922324,3.0013724740198,-0.458850862778372,0.646341266744752,-7.25976430249194,4.50539960404545,1
"virus_comp_36_cycle_2_12","fixed","cond",NA,"onset_timeline_combinedt0-36",-0.251604112917404,2.59490593277556,-0.0969607837183845,0.922757537716917,-5.33752628442681,4.83431805859201,0.999999999336064
"virus_comp_36_cycle_2_12","fixed","cond",NA,"onset_timeline_combinedt0-over42",-2.31107203647788,2.7473220870872,-0.841208989415637,0.400230865372809,-7.6957243811002,3.07358030814444,1
"virus_comp_36_cycle_2_12","fixed","cond",NA,"SexMale",-3.55935173399632,2.6918886373665,-1.3222507367461,0.186084671134522,-8.83535651362726,1.71665304563462,1
"virus_comp_36_cycle_2_12","fixed","cond",NA,"Age.at.Gluten.Introduction..months.",1.23939373805862,0.648151596118336,1.9121973092115,0.0558508911251115,-0.0309600468554663,2.50974752297271,0.577125874959485
"virus_comp_36_cycle_2_12","fixed","cond",NA,"HLA.CategoryHigh Risk",6.36865646973022,2.44167692574436,2.60831250956295,0.0090989842366653,1.58305763338879,11.1542553060717,0.129407775810351
"virus_comp_36_cycle_2_12","fixed","cond",NA,"HLA.CategoryLow/No Risk",-31.5886539454201,18.5480841965253,-1.70306828515139,0.0885552902325862,-67.9422309528263,4.76492306198611,0.999999262755209
"virus_comp_36_cycle_2_12","fixed","cond",NA,"feeding_first_yearFormula",-4.1704468331203,2.46506796697376,-1.69181819284283,0.0906806437027028,-9.00189126783223,0.660997601591633,1
"virus_comp_36_cycle_2_12","fixed","cond",NA,"feeding_first_yearBreastmilk_and_formula",0.704718586348106,1.80970939741028,0.389409806544945,0.696973018851961,-2.84224665505972,4.25168382775593,0.999998456348986
"virus_comp_36_cycle_2_12","fixed","cond",NA,"Delivery.ModeC-Section",28.651158221,15.3749402654606,1.86349720560308,0.0623923453279811,-1.48317096375741,58.7854874057574,0.938899283384921
"virus_comp_36_cycle_2_12","fixed","cond",NA,"Dx.StatusCELIAC:onset_timeline_combinedt0-6",-8.62287244208012,1487213.45609527,-5.79800593300154e-06,0.999995373860583,-2914893.43414252,2914876.18839763,1
"virus_comp_36_cycle_2_12","fixed","cond",NA,"Dx.StatusCELIAC:onset_timeline_combinedt0-12",0.887596986299232,4.38376170565146,0.202473821776161,0.839546321772134,-7.7044180735835,9.47961204618196,0.999999948577024
"virus_comp_36_cycle_2_12","fixed","cond",NA,"Dx.StatusCELIAC:onset_timeline_combinedt0-18",2.54206843316076,4.19082683321423,0.606579210816754,0.54413020021822,-5.67180122538317,10.7559380917047,1
"virus_comp_36_cycle_2_12","fixed","cond",NA,"Dx.StatusCELIAC:onset_timeline_combinedt0-24",-35.6445728687883,274197.25983115,-0.000129996094383795,0.999896278123619,-537452.398501494,537381.109355757,0.999996294200444
"virus_comp_36_cycle_2_12","fixed","cond",NA,"Dx.StatusCELIAC:onset_timeline_combinedt0-30",-28.8747480451499,12008.9875557099,-0.00240442817608058,0.998081545729265,-23566.0578480262,23508.3083519359,1
"virus_comp_36_cycle_2_12","fixed","cond",NA,"Dx.StatusCELIAC:onset_timeline_combinedt0-36",-2.25993444098698,3.54323258044397,-0.637817131582089,0.523592726311664,-9.20454268750607,4.68467380553212,1
"virus_comp_36_cycle_2_12","fixed","cond",NA,"Dx.StatusCELIAC:onset_timeline_combinedt0-over42",2.09061016832617,3.23444245945939,0.646358744831588,0.518047051584104,-4.2487805622814,8.43000089893373,1
"virus_comp_36_cycle_2_14","fixed","cond",NA,"(Intercept)",-28.7721537338792,5.3033164196955,-5.42531341841586,5.78529347320369e-08,-39.1664629151023,-18.3778445526561,9.18415338871086e-07
"virus_comp_36_cycle_2_14","fixed","cond",NA,"Dx.StatusCELIAC",4.52624304582837,2.89216218762104,1.56500318868751,0.117582161642693,-1.14229067935744,10.1947767710142,0.999998120218113
"virus_comp_36_cycle_2_14","fixed","cond",NA,"onset_timeline_combinedt0-6",-20.9580569787071,11034.6831566655,-0.00189928942056187,0.998484587205929,-21648.5396248539,21606.6235108965,1
"virus_comp_36_cycle_2_14","fixed","cond",NA,"onset_timeline_combinedt0-12",-30.1793885975254,713564.709937089,-4.22938356917709e-05,0.999966254401494,-1398591.31150406,1398530.95272687,0.999995349743898
"virus_comp_36_cycle_2_14","fixed","cond",NA,"onset_timeline_combinedt0-18",4.35565627933651,2.90612145652531,1.49878673155813,0.133928967835845,-1.34023711015218,10.0515496688252,0.476191885638561
"virus_comp_36_cycle_2_14","fixed","cond",NA,"onset_timeline_combinedt0-24",4.87893655169452,2.39297535404614,2.03885783589247,0.0414642180868262,0.188791041872101,9.56908206151693,0.16882651830142
"virus_comp_36_cycle_2_14","fixed","cond",NA,"onset_timeline_combinedt0-30",2.81132374329342,2.41104228890886,1.16602008858406,0.243606323523844,-1.91423230817097,7.53687979475781,0.577437211315777
"virus_comp_36_cycle_2_14","fixed","cond",NA,"onset_timeline_combinedt0-36",4.06012568275313,2.2022283631424,1.8436442608339,0.0652350011460733,-0.256162594738568,8.37641396024482,0.257431410236421
"virus_comp_36_cycle_2_14","fixed","cond",NA,"onset_timeline_combinedt0-over42",3.11374523447109,1.98777274799665,1.56644930242114,0.117243468508213,-0.78221776105255,7.00970822999473,0.500690287166019
"virus_comp_36_cycle_2_14","fixed","cond",NA,"SexMale",-3.35893247285042,1.81652191669113,-1.84910098908625,0.0644432316025533,-6.91925000669271,0.201385060991865,1
"virus_comp_36_cycle_2_14","fixed","cond",NA,"Age.at.Gluten.Introduction..months.",1.23781486468397,0.46630536366842,2.65451560528082,0.00794223658976307,0.323873146096016,2.15175658327193,0.428929756586782
"virus_comp_36_cycle_2_14","fixed","cond",NA,"HLA.CategoryHigh Risk",6.00086695682092,1.99151693327667,3.01321412665451,0.0025849645605561,2.097565492997,9.90416842064485,0.0827188659377953
"virus_comp_36_cycle_2_14","fixed","cond",NA,"HLA.CategoryLow/No Risk",-34.3579063741478,13.7688871341993,-2.49532921864174,0.0125840315034797,-61.3444292643753,-7.37138348392033,0.999999262755209
"virus_comp_36_cycle_2_14","fixed","cond",NA,"feeding_first_yearFormula",-1.55917105679486,1.73960836115169,-0.896277053855168,0.370104811152101,-4.96874079185693,1.85039867826721,1
"virus_comp_36_cycle_2_14","fixed","cond",NA,"feeding_first_yearBreastmilk_and_formula",2.22999176770698,1.61916728812561,1.37724605978699,0.16843618580365,-0.943517801964595,5.40350133737856,0.999998456348986
"virus_comp_36_cycle_2_14","fixed","cond",NA,"Delivery.ModeC-Section",29.9901517366518,11.3770113178734,2.63603075524211,0.00838821283569511,7.69161930191538,52.2886841713883,0.938899283384921
"virus_comp_36_cycle_2_14","fixed","cond",NA,"Dx.StatusCELIAC:onset_timeline_combinedt0-6",22.141290069108,11034.6834879273,0.00200651791175816,0.998399031411514,-21605.4409270671,21649.7235072053,1
"virus_comp_36_cycle_2_14","fixed","cond",NA,"Dx.StatusCELIAC:onset_timeline_combinedt0-12",26.7793687566923,713564.709943017,3.75289982583791e-05,0.999970056191714,-1398534.35275833,1398587.91149584,0.999999948577024
"virus_comp_36_cycle_2_14","fixed","cond",NA,"Dx.StatusCELIAC:onset_timeline_combinedt0-18",-39.1247118539162,1141003.69095996,-3.42897329464371e-05,0.999972640751493,-2236365.26522065,2236287.01579694,1
"virus_comp_36_cycle_2_14","fixed","cond",NA,"Dx.StatusCELIAC:onset_timeline_combinedt0-24",-6.96940343035536,3.57176157116753,-1.95125102599646,0.0510271917570274,-13.9699274712079,0.031120610497184,0.221206047297687
"virus_comp_36_cycle_2_14","fixed","cond",NA,"Dx.StatusCELIAC:onset_timeline_combinedt0-30",-12.1746708289297,5.12703016304654,-2.37460487685047,0.0175677446647924,-22.2234652961515,-2.12587636170802,0.267760378847548
"virus_comp_36_cycle_2_14","fixed","cond",NA,"Dx.StatusCELIAC:onset_timeline_combinedt0-36",-5.95383827229013,3.37033025638595,-1.76654446875319,0.0773045479877193,-12.5595641908122,0.651887646231978,0.845557104494205
"virus_comp_36_cycle_2_14","fixed","cond",NA,"Dx.StatusCELIAC:onset_timeline_combinedt0-over42",-2.6234893715671,4.34252759619068,-0.604138790935598,0.545751371395712,-11.1346870619721,5.88770831883792,1
"virus_comp_36_cycle_2_15","fixed","cond",NA,"(Intercept)",-22.9970764124247,5.02250147150482,-4.57880929311791,4.67630304352143e-06,-32.8409984088736,-13.1531544159758,4.5683883579017e-05
"virus_comp_36_cycle_2_15","fixed","cond",NA,"Dx.StatusCELIAC",-0.827624211727917,2.07808724473244,-0.398262495391273,0.69043670308179,-4.90060036813557,3.24535194467974,0.999998120218113
"virus_comp_36_cycle_2_15","fixed","cond",NA,"onset_timeline_combinedt0-6",-26.4468305793371,5604.80343699546,-0.00471860090663846,0.99623511515899,-11011.6597075167,10958.7660463581,1
"virus_comp_36_cycle_2_15","fixed","cond",NA,"onset_timeline_combinedt0-12",-2.83342793142371,3.56000802635119,-0.795904927868328,0.426087296788515,-9.81091544774555,4.14405958489813,0.963666562041025
"virus_comp_36_cycle_2_15","fixed","cond",NA,"onset_timeline_combinedt0-18",-1.08092641140424,3.28488674981082,-0.329060480233143,0.742109974482282,-7.51918613432627,5.3573333115178,0.999999998540549
"virus_comp_36_cycle_2_15","fixed","cond",NA,"onset_timeline_combinedt0-24",1.33116918679791,2.55927521574723,0.52013522367865,0.602969329528644,-3.68491806259263,6.34725643618846,0.960915052129766
"virus_comp_36_cycle_2_15","fixed","cond",NA,"onset_timeline_combinedt0-30",-1.42466810075076,2.99688688276436,-0.475382674249162,0.634514241360504,-7.29845845670942,4.44912225520791,1
"virus_comp_36_cycle_2_15","fixed","cond",NA,"onset_timeline_combinedt0-36",-0.0989986754389815,2.69733250826294,-0.0367024366242247,0.970722265808517,-5.38567324596343,5.18767589508547,0.999999999336064
"virus_comp_36_cycle_2_15","fixed","cond",NA,"onset_timeline_combinedt0-over42",-1.12232714252094,2.59513863097398,-0.432472904963738,0.665397740755699,-6.20870539411853,3.96405110907665,1
"virus_comp_36_cycle_2_15","fixed","cond",NA,"SexMale",-4.669762041613,2.45146863879354,-1.90488345137924,0.0567952228484824,-9.47455228287777,0.135028199651764,1
"virus_comp_36_cycle_2_15","fixed","cond",NA,"Age.at.Gluten.Introduction..months.",1.34852067017462,0.604695963973449,2.23008048757844,0.0257420999601355,0.163338359189932,2.53370298115931,0.428929756586782
"virus_comp_36_cycle_2_15","fixed","cond",NA,"HLA.CategoryHigh Risk",6.39826570826581,2.36136568437718,2.70956156879759,0.00673721996234466,1.77007401255777,11.0264574039739,0.107795519397515
"virus_comp_36_cycle_2_15","fixed","cond",NA,"HLA.CategoryLow/No Risk",-35.5579376239653,17.4137369041023,-2.04194756242059,0.0411567331248292,-69.6882347922619,-1.42764045566865,0.999999262755209
"virus_comp_36_cycle_2_15","fixed","cond",NA,"feeding_first_yearFormula",-3.75711578666396,2.62449009267693,-1.4315602856141,0.1522697022976,-8.90102184609294,1.38679027276502,1
"virus_comp_36_cycle_2_15","fixed","cond",NA,"feeding_first_yearBreastmilk_and_formula",0.974454415841869,1.70524086695094,0.571446787798514,0.567696821102902,-2.36775626834784,4.31666510003157,0.999998456348986
"virus_comp_36_cycle_2_15","fixed","cond",NA,"Delivery.ModeC-Section",31.4964165915633,14.5753322386465,2.16093987264665,0.0306999843528927,2.92929034111068,60.063542842016,0.938899283384921
"virus_comp_36_cycle_2_15","fixed","cond",NA,"Dx.StatusCELIAC:onset_timeline_combinedt0-6",-8.94969429351966,861982.637830313,-1.03826851037822e-05,0.999991715815856,-1689463.87514054,1689445.97575195,1
"virus_comp_36_cycle_2_15","fixed","cond",NA,"Dx.StatusCELIAC:onset_timeline_combinedt0-12",-0.353826243851781,4.32896144212077,-0.0817346720645403,0.934857706269339,-8.83843476087106,8.1307822731675,0.999999948577024
"virus_comp_36_cycle_2_15","fixed","cond",NA,"Dx.StatusCELIAC:onset_timeline_combinedt0-18",2.32611546413316,4.36431836566065,0.532984825863188,0.594044084354338,-6.22779134962843,10.8800222778947,1
"virus_comp_36_cycle_2_15","fixed","cond",NA,"Dx.StatusCELIAC:onset_timeline_combinedt0-24",-34.9579130054908,127849.387087096,-0.000273430430931014,0.999781834083425,-250615.152049235,250545.236223224,0.999996294200444
"virus_comp_36_cycle_2_15","fixed","cond",NA,"Dx.StatusCELIAC:onset_timeline_combinedt0-30",-7.20832111417099,4.2688606638719,-1.68858196173425,0.0912995698776823,-15.5751342703797,1.15849204203768,0.40383059679143
"virus_comp_36_cycle_2_15","fixed","cond",NA,"Dx.StatusCELIAC:onset_timeline_combinedt0-36",-2.30690512559866,3.6210459870456,-0.637082526389248,0.524071089711364,-9.40402484657132,4.790214595374,1
"virus_comp_36_cycle_2_15","fixed","cond",NA,"Dx.StatusCELIAC:onset_timeline_combinedt0-over42",1.3334988565761,3.21003305984082,0.415415926165639,0.677837449865087,-4.95805032989481,7.625048043047,1
"virus_comp_36_cycle_2_17","fixed","cond",NA,"(Intercept)",-22.8945486597027,7.58867833556493,-3.01693491901028,0.00255344626940566,-37.7680848876693,-8.02101243173603,0.00611863540027395
"virus_comp_36_cycle_2_17","fixed","cond",NA,"Dx.StatusCELIAC",-0.857696442579422,2.92805022894121,-0.292924087879998,0.769580176557067,-6.59656943622845,4.8811765510696,0.999998120218113
"virus_comp_36_cycle_2_17","fixed","cond",NA,"onset_timeline_combinedt0-6",-14.848740799846,262.386556063818,-0.0565910884406534,0.954870933563809,-529.116940712429,499.419459112737,1
"virus_comp_36_cycle_2_17","fixed","cond",NA,"onset_timeline_combinedt0-12",-1.20564858086051,2.04406447629291,-0.589829036629542,0.555305273644063,-5.21194133647234,2.80064417475131,0.999995349743898
"virus_comp_36_cycle_2_17","fixed","cond",NA,"onset_timeline_combinedt0-18",1.57088521804352,2.71711896219859,0.578143702906704,0.56316710350211,-3.75457008957658,6.89634052566361,0.962449843779774
"virus_comp_36_cycle_2_17","fixed","cond",NA,"onset_timeline_combinedt0-24",0.882388393971146,1.84838289614495,0.477383985651178,0.633088715676846,-2.7403755121128,4.50515230005509,0.968702010734452
"virus_comp_36_cycle_2_17","fixed","cond",NA,"onset_timeline_combinedt0-30",-0.891951742823578,2.27869309637537,-0.391431274462705,0.695478479037144,-5.35810814353935,3.5742046578922,1
"virus_comp_36_cycle_2_17","fixed","cond",NA,"onset_timeline_combinedt0-36",0.0913237473367952,2.08060267562007,0.0438929298740705,0.964989751014337,-3.98658256301621,4.1692300576898,0.999999999336064
"virus_comp_36_cycle_2_17","fixed","cond",NA,"onset_timeline_combinedt0-over42",-0.264572958863733,2.14309840767926,-0.12345348114473,0.901748009093898,-4.46496865324022,3.93582273551276,1
"virus_comp_36_cycle_2_17","fixed","cond",NA,"SexMale",-2.51654652878386,2.96839701982008,-0.84777963054834,0.396560709166432,-8.33449777944724,3.30140472187952,1
"virus_comp_36_cycle_2_17","fixed","cond",NA,"Age.at.Gluten.Introduction..months.",1.08971036553593,0.695836599816976,1.56604347316964,0.117338440050515,-0.274104309230154,2.45352504030201,0.883719897235668
"virus_comp_36_cycle_2_17","fixed","cond",NA,"HLA.CategoryHigh Risk",3.40963253634132,2.54331045951167,1.34062773327169,0.180041348318198,-1.57516436580558,8.39442943848821,0.999993113296695
"virus_comp_36_cycle_2_17","fixed","cond",NA,"HLA.CategoryLow/No Risk",-25.7134402501113,19.9747986269603,-1.28729409143607,0.197991802199392,-64.8633261573935,13.4364456571709,0.999999262755209
"virus_comp_36_cycle_2_17","fixed","cond",NA,"feeding_first_yearFormula",-4.4613522465772,3.63731010380449,-1.22655262247527,0.219990785478569,-11.5903490506376,2.66764455748324,1
"virus_comp_36_cycle_2_17","fixed","cond",NA,"feeding_first_yearBreastmilk_and_formula",1.38042179021297,2.76548908274571,0.499160093896456,0.617666605214275,-4.03983721160733,6.80068079203328,0.999998456348986
"virus_comp_36_cycle_2_17","fixed","cond",NA,"Delivery.ModeC-Section",22.2419683186932,16.645340479292,1.33622789791316,0.181474795125274,-10.3822995311257,54.8662361685121,0.938899283384921
"virus_comp_36_cycle_2_17","fixed","cond",NA,"Dx.StatusCELIAC:onset_timeline_combinedt0-6",-4.58233737355115,1744.4524654104,-0.00262680552460517,0.997904114837992,-3423.64634232004,3414.48166757294,1
"virus_comp_36_cycle_2_17","fixed","cond",NA,"Dx.StatusCELIAC:onset_timeline_combinedt0-12",-4.47012157787262,3.71432263285744,-1.20348230881434,0.22878973336524,-11.7500601652352,2.80981700948996,0.70869014969233
"virus_comp_36_cycle_2_17","fixed","cond",NA,"Dx.StatusCELIAC:onset_timeline_combinedt0-18",-0.177566235002165,3.76998014880304,-0.0471000450913625,0.962433491401387,-7.56659154908707,7.21145907908274,1
"virus_comp_36_cycle_2_17","fixed","cond",NA,"Dx.StatusCELIAC:onset_timeline_combinedt0-24",-30.9034826300635,5302.68715315008,-0.00582789098008642,0.995350042087066,-10423.9793240875,10362.1723588273,0.999996294200444
"virus_comp_36_cycle_2_17","fixed","cond",NA,"Dx.StatusCELIAC:onset_timeline_combinedt0-30",-30.936882946421,6236.15819261582,-0.00496088809662543,0.996041800215326,-12253.5823423678,12191.708576475,1
"virus_comp_36_cycle_2_17","fixed","cond",NA,"Dx.StatusCELIAC:onset_timeline_combinedt0-36",-4.67377786540032,3.76429560847482,-1.24160755464526,0.214381393062948,-12.0516616851733,2.70410595437262,0.892693207903869
"virus_comp_36_cycle_2_17","fixed","cond",NA,"Dx.StatusCELIAC:onset_timeline_combinedt0-over42",-0.351681015478092,2.98878473219692,-0.117666893734293,0.906331599475649,-6.20959144812724,5.50622941717105,1
"virus_comp_36_cycle_2_18","fixed","cond",NA,"(Intercept)",-20.5758482772232,3.72943944374845,-5.51714234473329,3.445563486899e-08,-27.8854152694932,-13.2662812849531,6.40277885736653e-07
"virus_comp_36_cycle_2_18","fixed","cond",NA,"Dx.StatusCELIAC",-1.72520744997061,1.98642981085774,-0.868496556254187,0.385122556728028,-5.6185383370685,2.16812343712728,0.999998120218113
"virus_comp_36_cycle_2_18","fixed","cond",NA,"onset_timeline_combinedt0-6",-25.7211214616804,13582.1598047721,-0.00189374310355584,0.998489012518679,-26646.2651710825,26594.8229281591,1
"virus_comp_36_cycle_2_18","fixed","cond",NA,"onset_timeline_combinedt0-12",-0.886945045425884,2.61419798717314,-0.339279981767939,0.734398821499933,-6.01067894874233,4.23678885789056,0.999995349743898
"virus_comp_36_cycle_2_18","fixed","cond",NA,"onset_timeline_combinedt0-18",1.41038904937375,2.3990622754202,0.587891804153651,0.556604917985606,-3.29168660711856,6.11246470586605,0.962449843779774
"virus_comp_36_cycle_2_18","fixed","cond",NA,"onset_timeline_combinedt0-24",2.5816307394131,1.96236792221609,1.31556917038151,0.188318686851422,-1.26453971254713,6.42780119137333,0.509693844437891
"virus_comp_36_cycle_2_18","fixed","cond",NA,"onset_timeline_combinedt0-30",-0.822504040701704,2.1784879916375,-0.377557298391833,0.705759491510759,-5.0922620450642,3.44725396366079,1
"virus_comp_36_cycle_2_18","fixed","cond",NA,"onset_timeline_combinedt0-36",0.60094059665856,2.01334299213799,0.298478996874952,0.765337604029761,-3.345139156458,4.54702034977512,0.999999999336064
"virus_comp_36_cycle_2_18","fixed","cond",NA,"onset_timeline_combinedt0-over42",-0.130744285658928,1.93114269977236,-0.0677030680717382,0.94602200694967,-3.9157144262202,3.65422585490234,1
"virus_comp_36_cycle_2_18","fixed","cond",NA,"SexMale",-2.81473949171067,1.89589042063662,-1.48465304802031,0.137635755275673,-6.53061643479293,0.901137451371598,1
"virus_comp_36_cycle_2_18","fixed","cond",NA,"Age.at.Gluten.Introduction..months.",1.00720002790107,0.44491353293203,2.26381072579094,0.0235857585530245,0.135185527119819,1.87921452868233,0.428929756586782
"virus_comp_36_cycle_2_18","fixed","cond",NA,"HLA.CategoryHigh Risk",3.88676250678218,1.66604342967555,2.33292988499052,0.0196518255742634,0.621377387938522,7.15214762562585,0.251543367350572
"virus_comp_36_cycle_2_18","fixed","cond",NA,"HLA.CategoryLow/No Risk",-17.7119646101441,13.272249782579,-1.33451109648287,0.182036412674873,-43.7250961778185,8.30116695753034,0.999999262755209
"virus_comp_36_cycle_2_18","fixed","cond",NA,"feeding_first_yearFormula",-3.87899932912009,1.56118819488644,-2.48464556792414,0.0129680476691936,-6.93887196418662,-0.819126694053566,0.857197229389859
"virus_comp_36_cycle_2_18","fixed","cond",NA,"feeding_first_yearBreastmilk_and_formula",0.19640970407282,1.30640136057498,0.150344074952872,0.880493161355586,-2.36408991200827,2.75690932015391,0.999998456348986
"virus_comp_36_cycle_2_18","fixed","cond",NA,"Delivery.ModeC-Section",14.4156399698577,11.4055201236424,1.2639178059031,0.206259530073289,-7.93876869742816,36.7700486371435,1
"virus_comp_36_cycle_2_18","fixed","cond",NA,"Dx.StatusCELIAC:onset_timeline_combinedt0-6",25.4284285342318,13582.1601216224,0.00187219325251147,0.998506206781633,-26595.1162421017,26645.9730991702,1
"virus_comp_36_cycle_2_18","fixed","cond",NA,"Dx.StatusCELIAC:onset_timeline_combinedt0-12",0.865928606697981,3.15735732850405,0.274257398388372,0.783886820868863,-5.32237804349355,7.05423525688951,0.999999948577024
"virus_comp_36_cycle_2_18","fixed","cond",NA,"Dx.StatusCELIAC:onset_timeline_combinedt0-18",0.293986644994929,3.457510929904,0.0850284065488383,0.932238807321394,-6.48261025377049,7.07058354376035,1
"virus_comp_36_cycle_2_18","fixed","cond",NA,"Dx.StatusCELIAC:onset_timeline_combinedt0-24",-38.4689249631323,354384.082798464,-0.000108551503383997,0.999913388431568,-694618.507904212,694541.570054286,0.999996294200444
"virus_comp_36_cycle_2_18","fixed","cond",NA,"Dx.StatusCELIAC:onset_timeline_combinedt0-30",-33.9809893922469,962100.135300395,-3.53195973531768e-05,0.999971819038584,-1885715.59569928,1885647.6337205,1
"virus_comp_36_cycle_2_18","fixed","cond",NA,"Dx.StatusCELIAC:onset_timeline_combinedt0-36",-0.3110959963247,2.79321827500588,-0.111375469331714,0.911318611658092,-5.78570321629532,5.16351122364592,1
"virus_comp_36_cycle_2_18","fixed","cond",NA,"Dx.StatusCELIAC:onset_timeline_combinedt0-over42",-7.26360513644103,6.24298469593706,-1.16348277149681,0.244633684190597,-19.4996302965124,4.97242002363035,1
"virus_comp_36_cycle_2_19","fixed","cond",NA,"(Intercept)",-20.7985718915487,3.37170331324911,-6.16856525003868,6.89124123429978e-10,-27.4069889520713,-14.1901548310261,2.18796909189018e-08
"virus_comp_36_cycle_2_19","fixed","cond",NA,"Dx.StatusCELIAC",-1.48128546071069,1.8925189797907,-0.782705735862428,0.433799933177877,-5.19055450115896,2.22798357973757,0.999998120218113
"virus_comp_36_cycle_2_19","fixed","cond",NA,"onset_timeline_combinedt0-6",-26.385223708882,38429.0276375514,-0.000686596183430346,0.999452175548777,-75345.8953542039,75293.1249067861,1
"virus_comp_36_cycle_2_19","fixed","cond",NA,"onset_timeline_combinedt0-12",0.00567160178061892,2.47756194716955,0.002289186668813,0.998173494895421,-4.85026058413862,4.86160378769986,0.999995349743898
"virus_comp_36_cycle_2_19","fixed","cond",NA,"onset_timeline_combinedt0-18",0.342089338141786,2.26661499887295,0.15092520710923,0.880034715850132,-4.10039442646748,4.78457310275106,0.999999998540549
"virus_comp_36_cycle_2_19","fixed","cond",NA,"onset_timeline_combinedt0-24",1.35099949390676,1.90277959955565,0.710013652775262,0.477695669854235,-2.37837999173987,5.08037897955339,0.854069680838339
"virus_comp_36_cycle_2_19","fixed","cond",NA,"onset_timeline_combinedt0-30",0.371054128849131,1.98365495285997,0.187055782213614,0.851616896838741,-3.5168381365109,4.25894639420916,1
"virus_comp_36_cycle_2_19","fixed","cond",NA,"onset_timeline_combinedt0-36",0.695330034291202,1.86674543637449,0.372482514617333,0.709533628249549,-2.96342378930731,4.35408385788971,0.999999999336064
"virus_comp_36_cycle_2_19","fixed","cond",NA,"onset_timeline_combinedt0-over42",0.176640732200096,1.81382517420958,0.0973857539920141,0.922420057618848,-3.37839128350277,3.73167274790296,1
"virus_comp_36_cycle_2_19","fixed","cond",NA,"SexMale",-3.09865100790747,1.61419220208685,-1.91962952361032,0.0549047120836311,-6.26240958812309,0.0651075723081549,1
"virus_comp_36_cycle_2_19","fixed","cond",NA,"Age.at.Gluten.Introduction..months.",0.923603931193153,0.397296809024856,2.32472023487954,0.0200869245665429,0.144916494331748,1.70229136805456,0.428929756586782
"virus_comp_36_cycle_2_19","fixed","cond",NA,"HLA.CategoryHigh Risk",4.55731135484214,1.47933259790754,3.08065364157343,0.00206546760970112,1.65787274178729,7.45674996789699,0.0827188659377953
"virus_comp_36_cycle_2_19","fixed","cond",NA,"HLA.CategoryLow/No Risk",-14.8995923807614,11.8338224606168,-1.259068439665,0.208005612737561,-38.0934582030116,8.2942734414887,0.999999262755209
"virus_comp_36_cycle_2_19","fixed","cond",NA,"feeding_first_yearFormula",-3.85375334273651,1.56002100304315,-2.47032144773624,0.0134991689667694,-6.91133832382714,-0.79616836164588,0.857197229389859
"virus_comp_36_cycle_2_19","fixed","cond",NA,"feeding_first_yearBreastmilk_and_formula",-0.0952895060631098,1.15600903623935,-0.0824297242287126,0.934304999955254,-2.3610255828951,2.17044657076888,0.999998456348986
"virus_comp_36_cycle_2_19","fixed","cond",NA,"Delivery.ModeC-Section",12.1951590664388,10.0412231174321,1.21450932060929,0.224553292802377,-7.48527660445917,31.8755947373367,1
"virus_comp_36_cycle_2_19","fixed","cond",NA,"Dx.StatusCELIAC:onset_timeline_combinedt0-6",27.2335793602564,38429.0277437369,0.000708672088762248,0.999434561529033,-75292.2767592546,75346.7439179751,1
"virus_comp_36_cycle_2_19","fixed","cond",NA,"Dx.StatusCELIAC:onset_timeline_combinedt0-12",0.445053529939273,2.96493066030369,0.150105881361046,0.880681079906114,-5.36610378091453,6.25621084079307,0.999999948577024
"virus_comp_36_cycle_2_19","fixed","cond",NA,"Dx.StatusCELIAC:onset_timeline_combinedt0-18",1.54502265682141,3.35020031334481,0.461173217215442,0.644674335352752,-5.02124929832922,8.11129461197203,1
"virus_comp_36_cycle_2_19","fixed","cond",NA,"Dx.StatusCELIAC:onset_timeline_combinedt0-24",-39.1664934426359,1170666.42312704,-3.3456578807493e-05,0.999973305512317,-2294503.19373278,2294424.86074589,0.999996294200444
"virus_comp_36_cycle_2_19","fixed","cond",NA,"Dx.StatusCELIAC:onset_timeline_combinedt0-30",-5.3171125618048,3.12399256619206,-1.70202471649476,0.0887507350271296,-11.4400254795121,0.805800355902504,0.40383059679143
"virus_comp_36_cycle_2_19","fixed","cond",NA,"Dx.StatusCELIAC:onset_timeline_combinedt0-36",-0.402175319235753,2.58018866036192,-0.155870508778742,0.876135091729782,-5.45925216686376,4.65490152839225,1
"virus_comp_36_cycle_2_19","fixed","cond",NA,"Dx.StatusCELIAC:onset_timeline_combinedt0-over42",-7.16007583780752,5.3192827815807,-1.34606038667488,0.178283042616616,-17.5856785132897,3.26552683767468,1
"virus_comp_36_cycle_2_2","fixed","cond",NA,"(Intercept)",-22.3767178527683,5.45441418494141,-4.10249700408636,4.08715149233758e-05,-33.0671732120179,-11.6862624935187,0.000235940108875851
"virus_comp_36_cycle_2_2","fixed","cond",NA,"Dx.StatusCELIAC",-3.47569493450985,3.18645059458932,-1.09077320715773,0.275372688646762,-9.72102333842116,2.76963346940146,0.999998120218113
"virus_comp_36_cycle_2_2","fixed","cond",NA,"onset_timeline_combinedt0-6",-17.9973793006757,6700.14204715398,-0.00268611906643389,0.997856789645709,-13150.0344830249,13114.0397244236,1
"virus_comp_36_cycle_2_2","fixed","cond",NA,"onset_timeline_combinedt0-12",0.345912902771342,1.69856813956865,0.203649706310391,0.838627246991703,-2.98321947607042,3.6750452816131,0.999995349743898
"virus_comp_36_cycle_2_2","fixed","cond",NA,"onset_timeline_combinedt0-18",3.68567149859031,2.54343401465366,1.44909263513651,0.147311714503684,-1.29936756718498,8.67071056436559,0.486722997976084
"virus_comp_36_cycle_2_2","fixed","cond",NA,"onset_timeline_combinedt0-24",2.73170806881329,2.02767781889137,1.34721011561238,0.177912570964464,-1.24246742846452,6.7058835660911,0.509693844437891
"virus_comp_36_cycle_2_2","fixed","cond",NA,"onset_timeline_combinedt0-30",0.719371864997944,1.96636665757635,0.365838111740874,0.714485879234624,-3.1346359642521,4.57337969424799,1
"virus_comp_36_cycle_2_2","fixed","cond",NA,"onset_timeline_combinedt0-36",1.8950032909562,1.83076287350653,1.03508942549541,0.300627150497669,-1.69322600534966,5.48323258726206,0.669818387950946
"virus_comp_36_cycle_2_2","fixed","cond",NA,"onset_timeline_combinedt0-over42",2.19216292755966,1.70492159731756,1.28578518273726,0.198518042810186,-1.14942199964725,5.53374785476657,0.772694145072561
"virus_comp_36_cycle_2_2","fixed","cond",NA,"SexMale",-0.527002331086738,2.93037405602083,-0.179841317528711,0.857277145708412,-6.27042994211812,5.21642527994464,1
"virus_comp_36_cycle_2_2","fixed","cond",NA,"Age.at.Gluten.Introduction..months.",0.559467692367158,0.468652310359739,1.19377986622473,0.232564089415728,-0.359073957209418,1.47800934194373,0.883719897235668
"virus_comp_36_cycle_2_2","fixed","cond",NA,"HLA.CategoryHigh Risk",4.22866601859706,2.61107459916321,1.61951175962275,0.105337198357912,-0.888946156710182,9.3462781939043,0.711150797558446
"virus_comp_36_cycle_2_2","fixed","cond",NA,"HLA.CategoryLow/No Risk",-7.55242301220091,13.2078463889859,-0.571813359254308,0.56744842574957,-33.4393262479507,18.3344802235488,0.999999262755209
"virus_comp_36_cycle_2_2","fixed","cond",NA,"feeding_first_yearFormula",-3.93609331194506,4.02848958256202,-0.977064289549882,0.328537325531044,-11.8317878058614,3.95960118197129,1
"virus_comp_36_cycle_2_2","fixed","cond",NA,"feeding_first_yearBreastmilk_and_formula",1.90488848493777,2.671431614497,0.713059048414547,0.475809218844954,-3.33102126663804,7.14079823651357,0.999998456348986
"virus_comp_36_cycle_2_2","fixed","cond",NA,"Delivery.ModeC-Section",6.69607722960606,11.653819468019,0.574582200108878,0.565573893138749,-16.144989210043,29.5371436692551,1
"virus_comp_36_cycle_2_2","fixed","cond",NA,"Dx.StatusCELIAC:onset_timeline_combinedt0-6",-3.37098937208315,27177.3514935613,-0.000124036713911647,0.999901033021251,-53270.0011119381,53263.259133194,1
"virus_comp_36_cycle_2_2","fixed","cond",NA,"Dx.StatusCELIAC:onset_timeline_combinedt0-12",-2.53486179367426,3.60316181644293,-0.703510395260765,0.481737730786099,-9.59692918437232,4.5272055970238,0.999999948577024
"virus_comp_36_cycle_2_2","fixed","cond",NA,"Dx.StatusCELIAC:onset_timeline_combinedt0-18",-39.5393050284983,2070846.97385282,-1.90933012085076e-05,0.999984765749752,-4058825.0255503,4058745.94694025,1
"virus_comp_36_cycle_2_2","fixed","cond",NA,"Dx.StatusCELIAC:onset_timeline_combinedt0-24",-39.7356218508316,2074653.46187389,-1.9152895932288e-05,0.999984718200042,-4066285.80129601,4066206.3300523,0.999996294200444
"virus_comp_36_cycle_2_2","fixed","cond",NA,"Dx.StatusCELIAC:onset_timeline_combinedt0-30",-8.96077019794092,4.21453036289779,-2.1261610253959,0.0334898540815378,-17.2210979209711,-0.700442474910728,0.348174798080196
"virus_comp_36_cycle_2_2","fixed","cond",NA,"Dx.StatusCELIAC:onset_timeline_combinedt0-36",-4.41648152583276,3.67287539137479,-1.20245885177706,0.229185799413657,-11.6151850126308,2.78222196096528,0.892693207903869
"virus_comp_36_cycle_2_2","fixed","cond",NA,"Dx.StatusCELIAC:onset_timeline_combinedt0-over42",-1.5400716030909,2.3672630924368,-0.65057052932194,0.515323759554193,-6.17982200619793,3.09967880001614,1
"virus_comp_36_cycle_2_21","fixed","cond",NA,"(Intercept)",-30.2312340460752,6.74147213733257,-4.48436683119437,7.3130760306962e-06,-43.4442766380273,-17.0181914541231,6.6340046849887e-05
"virus_comp_36_cycle_2_21","fixed","cond",NA,"Dx.StatusCELIAC",-3.91484040210786,6.16462459327873,-0.635049278811916,0.525396275854697,-15.9972825831441,8.16760177892833,0.999998120218113
"virus_comp_36_cycle_2_21","fixed","cond",NA,"onset_timeline_combinedt0-6",-15.3895493898581,6476.64295752358,-0.00237616146061917,0.998104099240685,-12709.3764868611,12678.5973880813,1
"virus_comp_36_cycle_2_21","fixed","cond",NA,"onset_timeline_combinedt0-12",-1.98414902773343,3.06379947112014,-0.647610604556967,0.517236836677155,-7.98908564698176,4.02078759151491,0.999995349743898
"virus_comp_36_cycle_2_21","fixed","cond",NA,"onset_timeline_combinedt0-18",-21.6556722583071,9086.35761892741,-0.00238331718456658,0.998098389815193,-17830.5893560071,17787.2780114905,0.999999998540549
"virus_comp_36_cycle_2_21","fixed","cond",NA,"onset_timeline_combinedt0-24",-0.904207462685676,2.81363538455613,-0.321366253654903,0.747932853564558,-6.4188314820432,4.61041655667184,0.999995842904296
"virus_comp_36_cycle_2_21","fixed","cond",NA,"onset_timeline_combinedt0-30",-2.42838458361508,3.41989854469852,-0.710075036401161,0.477657605803667,-9.13126256200513,4.27449339477497,0.943921808006738
"virus_comp_36_cycle_2_21","fixed","cond",NA,"onset_timeline_combinedt0-36",-0.709590440019198,2.74226081558897,-0.258761105430008,0.795819569344309,-6.08432287478902,4.66514199475062,0.999999999336064
"virus_comp_36_cycle_2_21","fixed","cond",NA,"onset_timeline_combinedt0-over42",-2.60102136141076,2.96573754051003,-0.877023447247947,0.380473902654505,-8.41376012840882,3.2117174055873,1
"virus_comp_36_cycle_2_21","fixed","cond",NA,"SexMale",0.5603027446933,5.85819494079447,0.0956442642069731,0.923803108571153,-10.9215483536786,12.0421538430652,1
"virus_comp_36_cycle_2_21","fixed","cond",NA,"Age.at.Gluten.Introduction..months.",0.495459526064269,0.475340316927594,1.04232590508358,0.297260605968739,-0.43619037551367,1.42710942764221,0.883719897235668
"virus_comp_36_cycle_2_21","fixed","cond",NA,"HLA.CategoryHigh Risk",1.85214710840389,5.51098824600063,0.336082572803164,0.73680859974977,-8.94919137298092,12.6534855897887,0.999993113296695
"virus_comp_36_cycle_2_21","fixed","cond",NA,"HLA.CategoryLow/No Risk",-0.155657238850926,9.50746120597946,-0.0163721140143101,0.986937526560433,-18.7899387869824,18.4786243092806,0.999999262755209
"virus_comp_36_cycle_2_21","fixed","cond",NA,"feeding_first_yearFormula",2.7144590562189,8.73185113462635,0.310868682295172,0.755900453571865,-14.399654686014,19.8285727984517,1
"virus_comp_36_cycle_2_21","fixed","cond",NA,"feeding_first_yearBreastmilk_and_formula",4.56392261542708,4.74965424846214,0.960895757181653,0.336604584324889,-4.74522865057636,13.8730738814305,0.999998456348986
"virus_comp_36_cycle_2_21","fixed","cond",NA,"Delivery.ModeC-Section",1.20799024692065,11.6814012122968,0.103411416572955,0.917636451610922,-21.6871354181437,24.1031159119849,1
"virus_comp_36_cycle_2_21","fixed","cond",NA,"Dx.StatusCELIAC:onset_timeline_combinedt0-6",-1.35050158752986,47341.130263717,-2.85270245979932e-05,0.999977238727511,-92788.260805892,92785.559802717,1
"virus_comp_36_cycle_2_21","fixed","cond",NA,"Dx.StatusCELIAC:onset_timeline_combinedt0-12",-28.4819639995347,76106.6557387211,-0.000374237492412163,0.999701401689701,-149194.786195681,149137.822267682,0.999999948577024
"virus_comp_36_cycle_2_21","fixed","cond",NA,"Dx.StatusCELIAC:onset_timeline_combinedt0-18",-1.40071461963842,3439034.12986485,-4.07298842275073e-07,0.999999675022542,-6740384.43685377,6740381.63542453,1
"virus_comp_36_cycle_2_21","fixed","cond",NA,"Dx.StatusCELIAC:onset_timeline_combinedt0-24",-34.2544330646144,265329.849536007,-0.000129101317188837,0.999896992052522,-520071.203547069,520002.69468094,0.999996294200444
"virus_comp_36_cycle_2_21","fixed","cond",NA,"Dx.StatusCELIAC:onset_timeline_combinedt0-30",-31.5532275759042,168524.044693329,-0.000187232793001872,0.999850609846061,-330332.611355519,330269.504900367,1
"virus_comp_36_cycle_2_21","fixed","cond",NA,"Dx.StatusCELIAC:onset_timeline_combinedt0-36",-33.5157231778543,300510.480458236,-0.000111529298834262,0.999911012494567,-589023.234398149,588956.202951793,1
"virus_comp_36_cycle_2_21","fixed","cond",NA,"Dx.StatusCELIAC:onset_timeline_combinedt0-over42",2.41373229491535,3.92880838315788,0.614367528144818,0.538972488442183,-5.28659063823314,10.1140552280638,1
"virus_comp_36_cycle_2_3","fixed","cond",NA,"(Intercept)",-21.5431688155394,5.99431991914191,-3.59393043850474,0.000325726833002273,-33.2918199688686,-9.7945176622102,0.000899289299810624
"virus_comp_36_cycle_2_3","fixed","cond",NA,"Dx.StatusCELIAC",-0.984791140155701,2.69316676324654,-0.365662889352073,0.71461664110586,-6.26330100047924,4.29371872016783,0.999998120218113
"virus_comp_36_cycle_2_3","fixed","cond",NA,"onset_timeline_combinedt0-6",-14.1526709501876,188.512734723918,-0.075075410533482,0.940154712150836,-383.630841636221,355.325499735846,1
"virus_comp_36_cycle_2_3","fixed","cond",NA,"onset_timeline_combinedt0-12",0.208999712946404,1.75401986796354,0.119154701017759,0.905152794241422,-3.22881605642983,3.64681548232263,0.999995349743898
"virus_comp_36_cycle_2_3","fixed","cond",NA,"onset_timeline_combinedt0-18",2.67850889907397,2.59984297382597,1.03025795251482,0.302888931651555,-2.41708969508443,7.77410749323238,0.704905150025438
"virus_comp_36_cycle_2_3","fixed","cond",NA,"onset_timeline_combinedt0-24",2.60505935262266,2.24152434103165,1.16218204948142,0.245161524529992,-1.78824762626926,6.99836633151457,0.555991314559089
"virus_comp_36_cycle_2_3","fixed","cond",NA,"onset_timeline_combinedt0-30",0.869400332913981,2.14775925524649,0.404794127083951,0.68562884609265,-3.34013045483171,5.07893112065968,1
"virus_comp_36_cycle_2_3","fixed","cond",NA,"onset_timeline_combinedt0-36",2.11993175724357,1.9934355808444,1.06345636528951,0.287575043155907,-1.78713018671214,6.02699370119928,0.652179115728575
"virus_comp_36_cycle_2_3","fixed","cond",NA,"onset_timeline_combinedt0-over42",0.536060116281553,1.99059478679104,0.269296453421198,0.787701561169075,-3.36543397364208,4.43755420620518,1
"virus_comp_36_cycle_2_3","fixed","cond",NA,"SexMale",-1.94501455343957,2.29945796446827,-0.845857842802245,0.397632052687507,-6.45186934776117,2.56184024088202,1
"virus_comp_36_cycle_2_3","fixed","cond",NA,"Age.at.Gluten.Introduction..months.",0.755934996647884,0.522473713937582,1.44683833173317,0.147942208196013,-0.26809466553866,1.77996465883443,0.883719897235668
"virus_comp_36_cycle_2_3","fixed","cond",NA,"HLA.CategoryHigh Risk",4.11269453715223,2.02382069074345,2.03214373484907,0.0421391069666107,0.146078872128086,8.07931020217637,0.449483807643847
"virus_comp_36_cycle_2_3","fixed","cond",NA,"HLA.CategoryLow/No Risk",-15.9034182556526,14.8246214217243,-1.07277061607438,0.28337404769444,-44.9591423266732,13.152305815368,0.999999262755209
"virus_comp_36_cycle_2_3","fixed","cond",NA,"feeding_first_yearFormula",-3.54481840311646,2.97090658061662,-1.19317733726273,0.232799928281877,-9.36768830255807,2.27805149632515,1
"virus_comp_36_cycle_2_3","fixed","cond",NA,"feeding_first_yearBreastmilk_and_formula",2.23349220819237,2.12622641794228,1.05044890296956,0.293511771840537,-1.9338349939521,6.40081941033685,0.999998456348986
"virus_comp_36_cycle_2_3","fixed","cond",NA,"Delivery.ModeC-Section",13.2070447847281,12.5211578592651,1.05477823482239,0.291526761164297,-11.3339736641722,37.7480632336284,1
"virus_comp_36_cycle_2_3","fixed","cond",NA,"Dx.StatusCELIAC:onset_timeline_combinedt0-6",-2.93171299845615,444.54915299735,-0.0065948005494763,0.994738148600902,-874.232042231049,868.368616234137,1
"virus_comp_36_cycle_2_3","fixed","cond",NA,"Dx.StatusCELIAC:onset_timeline_combinedt0-12",-2.48672683166687,3.08625352597723,-0.805742888824881,0.420391114340332,-8.535672589742,3.56221892640826,0.999999948577024
"virus_comp_36_cycle_2_3","fixed","cond",NA,"Dx.StatusCELIAC:onset_timeline_combinedt0-18",-20.8343588965168,156.022064238967,-0.133534695865877,0.893770526632167,-326.631985598486,284.963267805453,1
"virus_comp_36_cycle_2_3","fixed","cond",NA,"Dx.StatusCELIAC:onset_timeline_combinedt0-24",-22.0203998426257,158.214316599709,-0.139180829623267,0.88930725679733,-332.114762216674,288.073962531422,0.999996294200444
"virus_comp_36_cycle_2_3","fixed","cond",NA,"Dx.StatusCELIAC:onset_timeline_combinedt0-30",1.27222615436482,3.7216212625532,0.341847293050989,0.732465816538516,-6.02201748433794,8.56646979306758,1
"virus_comp_36_cycle_2_3","fixed","cond",NA,"Dx.StatusCELIAC:onset_timeline_combinedt0-36",-4.12804577172477,3.41946341695048,-1.20722033499812,0.227347301160032,-10.8300709154,2.57397937195044,0.892693207903869
"virus_comp_36_cycle_2_3","fixed","cond",NA,"Dx.StatusCELIAC:onset_timeline_combinedt0-over42",-1.31820578800553,2.73384793433599,-0.482179630933168,0.629678345331387,-6.6764492785133,4.04003770250223,1
"virus_comp_36_cycle_2_33","fixed","cond",NA,"(Intercept)",-22.4686712924956,4.7389436505058,-4.74128264641793,2.1236941128038e-06,-31.7568301722517,-13.1805124127395,2.45190138478257e-05
"virus_comp_36_cycle_2_33","fixed","cond",NA,"Dx.StatusCELIAC",-2.20909502602572,2.01043856746617,-1.0988124988121,0.271849859283102,-6.14948221138971,1.73129215933827,0.999998120218113
"virus_comp_36_cycle_2_33","fixed","cond",NA,"onset_timeline_combinedt0-6",-21.6774339182392,2809.85674755904,-0.0077147825906323,0.993844555140873,-5528.8954608508,5485.54059301432,1
"virus_comp_36_cycle_2_33","fixed","cond",NA,"onset_timeline_combinedt0-12",-27.6413127481813,36439.4661134959,-0.000758554273602376,0.999394761314604,-71447.6825110679,71392.3998855716,0.999995349743898
"virus_comp_36_cycle_2_33","fixed","cond",NA,"onset_timeline_combinedt0-18",-0.573176634019792,2.43630872174417,-0.235264368962834,0.814003548472038,-5.34825398385919,4.2019007158196,0.999999998540549
"virus_comp_36_cycle_2_33","fixed","cond",NA,"onset_timeline_combinedt0-24",1.17562688910938,2.29624613270678,0.511977732858964,0.608666593717718,-3.32493283063529,5.67618660885406,0.960915052129766
"virus_comp_36_cycle_2_33","fixed","cond",NA,"onset_timeline_combinedt0-30",0.530037474823411,2.46786256133426,0.214775929230372,0.829942020646823,-4.30688426418651,5.36695921383333,1
"virus_comp_36_cycle_2_33","fixed","cond",NA,"onset_timeline_combinedt0-36",0.643829587088957,2.29949056107685,0.279987923406588,0.779486770218512,-3.86308909541147,5.15074826958938,0.999999999336064
"virus_comp_36_cycle_2_33","fixed","cond",NA,"onset_timeline_combinedt0-over42",1.5349839505644,2.48570970938137,0.617523415856318,0.536889541269993,-3.33691755584461,6.40688545697341,1
"virus_comp_36_cycle_2_33","fixed","cond",NA,"SexMale",-7.38277954018268,3.36396202771385,-2.19466791817505,0.0281874276632901,-13.9760239598621,-0.789535120503208,1
"virus_comp_36_cycle_2_33","fixed","cond",NA,"Age.at.Gluten.Introduction..months.",1.21498818644455,0.580791788767377,2.0919513842011,0.0364428648292685,0.0766571979438944,2.3533191749452,0.502101693203255
"virus_comp_36_cycle_2_33","fixed","cond",NA,"HLA.CategoryHigh Risk",4.21268492693147,1.97972868602149,2.12791023167795,0.0333445271034391,0.332488003168552,8.09288185069439,0.388009042658201
"virus_comp_36_cycle_2_33","fixed","cond",NA,"HLA.CategoryLow/No Risk",-27.8141992785046,15.7703158043024,-1.76370591582678,0.0777815046126787,-58.72345027976,3.09505172275086,0.999999262755209
"virus_comp_36_cycle_2_33","fixed","cond",NA,"feeding_first_yearFormula",-4.29241630109875,2.12968442452908,-2.01551753473893,0.0438504506755694,-8.46652107161165,-0.118311530585846,1
"virus_comp_36_cycle_2_33","fixed","cond",NA,"feeding_first_yearBreastmilk_and_formula",-2.0669198417233,2.03090433250345,-1.0177337300647,0.308804513071638,-6.04741918947643,1.91357950602982,0.999998456348986
"virus_comp_36_cycle_2_33","fixed","cond",NA,"Delivery.ModeC-Section",23.3003141619744,12.3908275578685,1.88044858611385,0.060046967181693,-0.985261590094286,47.585889914043,0.938899283384921
"virus_comp_36_cycle_2_33","fixed","cond",NA,"Dx.StatusCELIAC:onset_timeline_combinedt0-6",-4.24781972119641,224163.509254614,-1.89496485637703e-05,0.999984880367979,-439356.652606875,439348.156967433,1
"virus_comp_36_cycle_2_33","fixed","cond",NA,"Dx.StatusCELIAC:onset_timeline_combinedt0-12",26.1240779486285,36439.4661302219,0.000716917142947982,0.999427982929267,-71393.9171531535,71446.1653090507,0.999999948577024
"virus_comp_36_cycle_2_33","fixed","cond",NA,"Dx.StatusCELIAC:onset_timeline_combinedt0-18",-17.5500746602962,919.205630731461,-0.0190926535625448,0.984767191971089,-1819.16000528038,1784.05985595979,1
"virus_comp_36_cycle_2_33","fixed","cond",NA,"Dx.StatusCELIAC:onset_timeline_combinedt0-24",-22.4607918251409,2829.73173162032,-0.00793742798094846,0.993666915261892,-5568.63307171113,5523.71148806085,0.999996294200444
"virus_comp_36_cycle_2_33","fixed","cond",NA,"Dx.StatusCELIAC:onset_timeline_combinedt0-30",-20.1013511575604,611.095869464368,-0.0328939404797146,0.973759164979338,-1217.82724640891,1177.62454409379,1
"virus_comp_36_cycle_2_33","fixed","cond",NA,"Dx.StatusCELIAC:onset_timeline_combinedt0-36",-19.471263822218,1907.75075281172,-0.0102063981856752,0.99185661385001,-3758.59403081236,3719.65150316793,1
"virus_comp_36_cycle_2_33","fixed","cond",NA,"Dx.StatusCELIAC:onset_timeline_combinedt0-over42",-32.1990685515182,39639.0775327827,-0.000812306202758845,0.999351873493451,-77723.3634131964,77658.9652760934,1
"virus_comp_36_cycle_2_6","fixed","cond",NA,"(Intercept)",-20.6559863756802,4.15582601954598,-4.97036841256816,6.68258019133324e-07,-28.8012557000048,-12.5107170513556,9.42986315888134e-06
"virus_comp_36_cycle_2_6","fixed","cond",NA,"Dx.StatusCELIAC",-1.53562950528577,2.0990778522812,-0.731573392390808,0.464428993422206,-5.64974649650261,2.57848748593107,0.999998120218113
"virus_comp_36_cycle_2_6","fixed","cond",NA,"onset_timeline_combinedt0-6",-27.0974977833156,9459.87457216452,-0.00286446692042296,0.997714489194765,-18568.110957492,18513.9159619254,1
"virus_comp_36_cycle_2_6","fixed","cond",NA,"onset_timeline_combinedt0-12",-1.94656496110104,2.86939039576122,-0.678389724861625,0.497524622272764,-7.57046679437816,3.67733687217608,0.999995349743898
"virus_comp_36_cycle_2_6","fixed","cond",NA,"onset_timeline_combinedt0-18",-0.523416786635135,2.58752266264113,-0.202284909111047,0.839693996897344,-5.59486801459292,4.54803444132265,0.999999998540549
"virus_comp_36_cycle_2_6","fixed","cond",NA,"onset_timeline_combinedt0-24",0.732107186175364,2.11525151985938,0.346108809898897,0.729260942799035,-3.41370961099264,4.87792398334337,0.999995842904296
"virus_comp_36_cycle_2_6","fixed","cond",NA,"onset_timeline_combinedt0-30",-1.00937746796377,2.34434790586885,-0.430557881548593,0.666789871670504,-5.60421493069862,3.58545999477107,1
"virus_comp_36_cycle_2_6","fixed","cond",NA,"onset_timeline_combinedt0-36",-0.698199819002372,2.08869688563665,-0.334275319604144,0.738171812440501,-4.79197048947118,3.39557085146644,0.999999999336064
"virus_comp_36_cycle_2_6","fixed","cond",NA,"onset_timeline_combinedt0-over42",-1.10376029113317,2.16948630708407,-0.508765732942877,0.61091644124112,-5.35587531797075,3.14835473570442,1
"virus_comp_36_cycle_2_6","fixed","cond",NA,"SexMale",-4.30737366547527,2.15487709109391,-1.99889528886711,0.0456196845924399,-8.53085515512976,-0.0838921758207771,1
"virus_comp_36_cycle_2_6","fixed","cond",NA,"Age.at.Gluten.Introduction..months.",1.1761712717659,0.501002585277116,2.34763513468763,0.0188930183924109,0.19422424846129,2.1581182950705,0.428929756586782
"virus_comp_36_cycle_2_6","fixed","cond",NA,"HLA.CategoryHigh Risk",5.61090428478678,2.03219856437727,2.76100199219762,0.0057624324898585,1.62786828917333,9.59394028040023,0.107795519397515
"virus_comp_36_cycle_2_6","fixed","cond",NA,"HLA.CategoryLow/No Risk",-20.208180224681,15.2782654108943,-1.32267503418754,0.185943469438938,-50.1530301762779,9.73666972691589,0.999999262755209
"virus_comp_36_cycle_2_6","fixed","cond",NA,"feeding_first_yearFormula",-4.40166489595024,2.01209811623201,-2.18759953127588,0.0286987860211876,-8.34530473712586,-0.458025054774609,0.911186456172708
"virus_comp_36_cycle_2_6","fixed","cond",NA,"feeding_first_yearBreastmilk_and_formula",-0.417701258575855,1.35848983694735,-0.307474702581852,0.758482075446857,-3.08029241235635,2.24488989520464,0.999998456348986
"virus_comp_36_cycle_2_6","fixed","cond",NA,"Delivery.ModeC-Section",17.4414953662795,13.1529563655104,1.32605133641395,0.184822693579709,-8.3378254003478,43.2208161329068,0.938899283384921
"virus_comp_36_cycle_2_6","fixed","cond",NA,"Dx.StatusCELIAC:onset_timeline_combinedt0-6",27.4946260986083,9459.8751672398,0.00290644703154477,0.997680994051681,-18513.5199999362,18568.5092521334,1
"virus_comp_36_cycle_2_6","fixed","cond",NA,"Dx.StatusCELIAC:onset_timeline_combinedt0-12",-0.72274167324916,3.7866160662955,-0.19086742901723,0.848629458888987,-8.14437278646907,6.69888943997076,0.999999948577024
"virus_comp_36_cycle_2_6","fixed","cond",NA,"Dx.StatusCELIAC:onset_timeline_combinedt0-18",1.71859968727329,3.79660473786244,0.452667529525578,0.650788164191836,-5.72260886247122,9.15980823701781,1
"virus_comp_36_cycle_2_6","fixed","cond",NA,"Dx.StatusCELIAC:onset_timeline_combinedt0-24",-41.8285775623361,1026556.21670288,-4.0746504557424e-05,0.999967488993116,-2012055.04142091,2011971.38426579,0.999996294200444
"virus_comp_36_cycle_2_6","fixed","cond",NA,"Dx.StatusCELIAC:onset_timeline_combinedt0-30",-32.4684141314419,102328.499889316,-0.000317295906483155,0.999746834499259,-200592.642789201,200527.705960938,1
"virus_comp_36_cycle_2_6","fixed","cond",NA,"Dx.StatusCELIAC:onset_timeline_combinedt0-36",-1.28180614477649,3.2789106091938,-0.390924394578617,0.695853121691407,-7.70835284732262,5.14474055776964,1
"virus_comp_36_cycle_2_6","fixed","cond",NA,"Dx.StatusCELIAC:onset_timeline_combinedt0-over42",-9.247477070157,7.3122306959002,-1.26465882365307,0.205993656536882,-23.5791858807696,5.08423174045564,1
"virus_comp_36_cycle_2_96","fixed","cond",NA,"(Intercept)",-19.1323035738531,4.82552531449726,-3.96481260110152,7.34536300889817e-05,-28.5901593967541,-9.6744477509522,0.000310953700710022
"virus_comp_36_cycle_2_96","fixed","cond",NA,"Dx.StatusCELIAC",-6.1918300640511,2.82976446969428,-2.18810792571724,0.0286617417274339,-11.738066509383,-0.645593618719222,0.917175735277884
"virus_comp_36_cycle_2_96","fixed","cond",NA,"onset_timeline_combinedt0-6",-31.3432728416407,6961.44820075885,-0.00450240696156067,0.99640761113621,-13675.5310265701,13612.8444808869,1
"virus_comp_36_cycle_2_96","fixed","cond",NA,"onset_timeline_combinedt0-12",-6.94709569103655,3.86373997215654,-1.7980236095337,0.0721732664610661,-14.5198868820912,0.625695500018063,0.339481660761311
"virus_comp_36_cycle_2_96","fixed","cond",NA,"onset_timeline_combinedt0-18",-3.40000675291183,3.13598102023981,-1.08419238859163,0.278279505735969,-9.54641660878303,2.74640310295937,0.672071259135925
"virus_comp_36_cycle_2_96","fixed","cond",NA,"onset_timeline_combinedt0-24",-3.10032507422015,2.9356800137526,-1.05608413031946,0.290929780064678,-8.8541521713093,2.65350202286901,0.615801367803567
"virus_comp_36_cycle_2_96","fixed","cond",NA,"onset_timeline_combinedt0-30",-4.70820418797802,3.06876280645346,-1.53423528793978,0.124971779245805,-10.7228687657229,1.30646038976682,0.399909693586575
"virus_comp_36_cycle_2_96","fixed","cond",NA,"onset_timeline_combinedt0-36",-3.62030281095269,2.72599045136709,-1.32806877923475,0.184155386295348,-8.96314591783227,1.7225402959269,0.516126296958555
"virus_comp_36_cycle_2_96","fixed","cond",NA,"onset_timeline_combinedt0-over42",-4.32915928707765,2.76447457583624,-1.5659971427909,0.117349286054536,-9.74742989189333,1.08911131773803,0.500690287166019
"virus_comp_36_cycle_2_96","fixed","cond",NA,"SexMale",-3.17161096724969,2.46734838152815,-1.28543297371138,0.198641024824871,-8.00752493235806,1.66430299785868,1
"virus_comp_36_cycle_2_96","fixed","cond",NA,"Age.at.Gluten.Introduction..months.",1.0833163051161,0.584403507449902,1.85371287356445,0.0637802489537173,-0.0620935219245906,2.22872613215679,0.608365451558534
"virus_comp_36_cycle_2_96","fixed","cond",NA,"HLA.CategoryHigh Risk",8.23503518671795,2.39253201004986,3.44197492536216,0.000577483776496287,3.54575861516101,12.9243117582749,0.0369589616957623
"virus_comp_36_cycle_2_96","fixed","cond",NA,"HLA.CategoryLow/No Risk",-24.7876997778488,17.0202935010002,-1.4563614767508,0.145292719058291,-58.1468620461104,8.57146249041278,0.999999262755209
"virus_comp_36_cycle_2_96","fixed","cond",NA,"feeding_first_yearFormula",-3.44932512856679,2.30550862059762,-1.49612328392539,0.134621531335123,-7.96803899098475,1.06938873385116,1
"virus_comp_36_cycle_2_96","fixed","cond",NA,"feeding_first_yearBreastmilk_and_formula",4.08522227921123,2.15077162992664,1.89942168771799,0.0575090542014883,-0.130212654415494,8.30065721283796,0.999998456348986
"virus_comp_36_cycle_2_96","fixed","cond",NA,"Delivery.ModeC-Section",21.6959456986435,14.4280455685792,1.50373420956557,0.132649817088435,-6.58250398307448,49.9743953803614,0.938899283384921
"virus_comp_36_cycle_2_96","fixed","cond",NA,"Dx.StatusCELIAC:onset_timeline_combinedt0-6",-7.07066841178697,1759929.04353184,-4.01758720771917e-06,0.999996794429195,-3449404.61133684,3449390.47000002,1
"virus_comp_36_cycle_2_96","fixed","cond",NA,"Dx.StatusCELIAC:onset_timeline_combinedt0-12",5.57920768085143,4.93636344593287,1.13022627729087,0.258380889957826,-4.09588688777704,15.2543022494799,0.781294595824856
"virus_comp_36_cycle_2_96","fixed","cond",NA,"Dx.StatusCELIAC:onset_timeline_combinedt0-18",-19.5449883852593,3095.82035585898,-0.00631334707398944,0.9949627113057,-6087.24138847484,6048.15141170432,1
"virus_comp_36_cycle_2_96","fixed","cond",NA,"Dx.StatusCELIAC:onset_timeline_combinedt0-24",-26.5519781876963,15475.3232251555,-0.00171576243037919,0.998631020318471,-30357.6281486087,30304.5241922333,0.999996294200444
"virus_comp_36_cycle_2_96","fixed","cond",NA,"Dx.StatusCELIAC:onset_timeline_combinedt0-30",-21.9932837193125,2159.93945644337,-0.0101823612017012,0.991875791591858,-4255.39682713533,4211.4102596967,1
"virus_comp_36_cycle_2_96","fixed","cond",NA,"Dx.StatusCELIAC:onset_timeline_combinedt0-36",1.73914732180239,4.17019344969903,0.41704236093122,0.676647423377739,-6.43428164817256,9.91257629177735,1
"virus_comp_36_cycle_2_96","fixed","cond",NA,"Dx.StatusCELIAC:onset_timeline_combinedt0-over42",1.91099226782086,3.21795056635862,0.593853829763243,0.552609881822867,-4.3960749462723,8.21805948191403,1
"virus_comp_4028_cycle_1_1","fixed","cond",NA,"(Intercept)",-19.4370409515557,3.5120084649804,-5.53445162372757,3.12203582428633e-08,-26.3204510563171,-12.5536308467943,6.40277885736653e-07
"virus_comp_4028_cycle_1_1","fixed","cond",NA,"Dx.StatusCELIAC",-1.01666269430904,3.00242511132432,-0.338613839350888,0.734900655613489,-6.90130777878337,4.86798239016528,0.999998120218113
"virus_comp_4028_cycle_1_1","fixed","cond",NA,"onset_timeline_combinedt0-6",0.494334100974525,2.40516674405584,0.205530074867461,0.837158003270317,-4.21970609418839,5.20837429613744,1
"virus_comp_4028_cycle_1_1","fixed","cond",NA,"onset_timeline_combinedt0-12",-1.72916531947348,2.23997630812731,-0.771956968115932,0.440139914653127,-6.119438209626,2.66110757067905,0.963754640705985
"virus_comp_4028_cycle_1_1","fixed","cond",NA,"onset_timeline_combinedt0-18",-5.52107730465141,3.0976992151052,-1.78231549329554,0.0746977975517023,-11.5924562011956,0.550301591892764,0.442474719107883
"virus_comp_4028_cycle_1_1","fixed","cond",NA,"onset_timeline_combinedt0-24",-10.0908193998257,3.21696978340236,-3.13674671483962,0.00170833638917663,-16.3959643146479,-3.78567448500345,0.015497051530388
"virus_comp_4028_cycle_1_1","fixed","cond",NA,"onset_timeline_combinedt0-30",-7.87405685002143,2.98193984819379,-2.64058205425937,0.00827637483310505,-13.7185515565461,-2.02956214349677,0.110933234768185
"virus_comp_4028_cycle_1_1","fixed","cond",NA,"onset_timeline_combinedt0-36",-5.8541561530204,2.43473792988382,-2.40442968467647,0.0161977219769451,-10.6261548073863,-1.08215749865451,0.102855534553602
"virus_comp_4028_cycle_1_1","fixed","cond",NA,"onset_timeline_combinedt0-over42",-6.7170825261643,1.98104163308608,-3.39068216133367,0.000697189046930562,-10.5998527788874,-2.83431227344116,0.0127485997153017
"virus_comp_4028_cycle_1_1","fixed","cond",NA,"SexMale",4.56180756487145,2.88970132958417,1.5786432729807,0.114417903147302,-1.10190296719104,10.2255180969339,1
"virus_comp_4028_cycle_1_1","fixed","cond",NA,"Age.at.Gluten.Introduction..months.",0.482975677251966,0.240885791269406,2.00499861244123,0.044963195375104,0.0108482019764974,0.955103152527434,0.553414171030448
"virus_comp_4028_cycle_1_1","fixed","cond",NA,"HLA.CategoryHigh Risk",2.82137551932419,2.8079146830958,1.00479389075082,0.314996106228385,-2.68203613120477,8.32478716985315,0.999993113296695
"virus_comp_4028_cycle_1_1","fixed","cond",NA,"HLA.CategoryLow/No Risk",-4.61149057567787,4.6001976079421,-1.00245488752837,0.316123944263729,-13.6277122090117,4.40473105765594,0.999999262755209
"virus_comp_4028_cycle_1_1","fixed","cond",NA,"feeding_first_yearFormula",-1.95638451492134,4.30785239322956,-0.454143813747215,0.649725320022544,-10.3996200563659,6.48685102652327,1
"virus_comp_4028_cycle_1_1","fixed","cond",NA,"feeding_first_yearBreastmilk_and_formula",-4.15610640204111,2.95838711353849,-1.40485549812649,0.160064252050727,-9.95443859690396,1.64222579282173,0.999998456348986
"virus_comp_4028_cycle_1_1","fixed","cond",NA,"Delivery.ModeC-Section",12.9127298420519,6.45847179911776,1.99934756141782,0.0455707614559679,0.254357720613454,25.5711019634903,0.938899283384921
"virus_comp_4028_cycle_1_1","fixed","cond",NA,"Dx.StatusCELIAC:onset_timeline_combinedt0-6",-1.26374748622823,3.62474734020273,-0.34864429644841,0.727356368100403,-8.36812172608293,5.84062675362648,1
"virus_comp_4028_cycle_1_1","fixed","cond",NA,"Dx.StatusCELIAC:onset_timeline_combinedt0-12",5.29197841208664,2.79672519752722,1.89220536102927,0.0584636243663341,-0.189502249722375,10.7734590738957,0.273666711850629
"virus_comp_4028_cycle_1_1","fixed","cond",NA,"Dx.StatusCELIAC:onset_timeline_combinedt0-18",8.0694649315159,3.70365500195244,2.17878418137271,0.0293477046241882,0.810434516527499,15.3284953465043,0.36681267934398
"virus_comp_4028_cycle_1_1","fixed","cond",NA,"Dx.StatusCELIAC:onset_timeline_combinedt0-24",10.6251720518553,3.68166136986343,2.88597211542284,0.00390206727548173,3.40924836365058,17.84109574006,0.0590983332468044
"virus_comp_4028_cycle_1_1","fixed","cond",NA,"Dx.StatusCELIAC:onset_timeline_combinedt0-30",8.19741648972415,3.62293330268345,2.26264626060117,0.0236575040053263,1.09659769807383,15.2982352813745,0.275287319334707
"virus_comp_4028_cycle_1_1","fixed","cond",NA,"Dx.StatusCELIAC:onset_timeline_combinedt0-36",5.9520470845856,3.18373159151072,1.86951912041093,0.0615506260149466,-0.2879521712178,12.192046340389,0.845557104494205
"virus_comp_4028_cycle_1_1","fixed","cond",NA,"Dx.StatusCELIAC:onset_timeline_combinedt0-over42",6.96663079635707,2.76781228227662,2.51701708275778,0.0118353090675233,1.54181840712728,12.3914431855869,0.796035461907399
"virus_comp_4028_cycle_1_2","fixed","cond",NA,"(Intercept)",-27.4477198895647,6.88851979435013,-3.98455992128772,6.76052968119983e-05,-40.9489705932822,-13.9464691858472,0.000306638310540135
"virus_comp_4028_cycle_1_2","fixed","cond",NA,"Dx.StatusCELIAC",0.352781650991009,5.51087667483056,0.0640155227211386,0.948957866815211,-10.4483381549187,11.1539014569008,0.999998120218113
"virus_comp_4028_cycle_1_2","fixed","cond",NA,"onset_timeline_combinedt0-6",1.63570325426955,2.83473480891611,0.57702161384718,0.563924854783808,-3.92027487692806,7.19168138546716,1
"virus_comp_4028_cycle_1_2","fixed","cond",NA,"onset_timeline_combinedt0-12",-4.35102747887385,2.64956022296052,-1.64216968581004,0.100554843140487,-9.54407009074638,0.842015132998678,0.373802828384133
"virus_comp_4028_cycle_1_2","fixed","cond",NA,"onset_timeline_combinedt0-18",-7.48121236118627,4.96193121216282,-1.50772190127266,0.131625717739348,-17.2064188307906,2.24399410841804,0.476191885638561
"virus_comp_4028_cycle_1_2","fixed","cond",NA,"onset_timeline_combinedt0-24",-10.3831517037966,4.15958207655857,-2.49620070302523,0.0125531553118766,-18.5357827645897,-2.23052064300351,0.0664271135253469
"virus_comp_4028_cycle_1_2","fixed","cond",NA,"onset_timeline_combinedt0-30",-8.54561348471523,4.71925945757781,-1.81079543549854,0.0701725231527897,-17.7951920552678,0.703965085837304,0.256630941815917
"virus_comp_4028_cycle_1_2","fixed","cond",NA,"onset_timeline_combinedt0-36",-6.94960763663007,4.00913065860418,-1.73344503545056,0.0830165988780846,-14.8073593368096,0.908144063549474,0.301231658786193
"virus_comp_4028_cycle_1_2","fixed","cond",NA,"onset_timeline_combinedt0-over42",-3.6571908810467,1.88013936485205,-1.94517010250168,0.0517545088924405,-7.34219632207273,0.0278145599793249,0.254791428393553
"virus_comp_4028_cycle_1_2","fixed","cond",NA,"SexMale",0.958546472165862,3.94529152683438,0.242959605303231,0.808036690236414,-6.77408282894056,8.69117577327229,1
"virus_comp_4028_cycle_1_2","fixed","cond",NA,"Age.at.Gluten.Introduction..months.",0.181363199149237,0.482330396190383,0.376014451052035,0.706906152688416,-0.763987006032848,1.12671340433132,0.883719897235668
"virus_comp_4028_cycle_1_2","fixed","cond",NA,"HLA.CategoryHigh Risk",3.13923663116246,3.91604643314061,0.801634169757491,0.422764605868665,-4.53607333957968,10.8145466019046,0.999993113296695
"virus_comp_4028_cycle_1_2","fixed","cond",NA,"HLA.CategoryLow/No Risk",0.965632566256737,6.09104402697286,0.158533177888822,0.874036679046082,-10.9725943548579,12.9038594873713,0.999999262755209
"virus_comp_4028_cycle_1_2","fixed","cond",NA,"feeding_first_yearFormula",-2.02265131631003,6.30703520088076,-0.320697641901154,0.74843953447038,-14.3842131592627,10.3389105266426,1
"virus_comp_4028_cycle_1_2","fixed","cond",NA,"feeding_first_yearBreastmilk_and_formula",-0.666631606489473,4.91941105075596,-0.135510450257462,0.892208302358567,-10.3085000911195,8.97523687814055,0.999998456348986
"virus_comp_4028_cycle_1_2","fixed","cond",NA,"Delivery.ModeC-Section",18.7229690058209,14.0356351978261,1.33395950677892,0.182217127677128,-8.78637048206092,46.2323084937027,0.938899283384921
"virus_comp_4028_cycle_1_2","fixed","cond",NA,"Dx.StatusCELIAC:onset_timeline_combinedt0-6",-2.29212670077976,4.6114913664555,-0.497046729275683,0.619156098950042,-11.3304836940499,6.74623029249041,1
"virus_comp_4028_cycle_1_2","fixed","cond",NA,"Dx.StatusCELIAC:onset_timeline_combinedt0-12",7.49284086910254,3.30170591383228,2.26938469526065,0.0232449420754207,1.02161619044838,13.9640655477567,0.140576554456116
"virus_comp_4028_cycle_1_2","fixed","cond",NA,"Dx.StatusCELIAC:onset_timeline_combinedt0-18",10.7281704795243,5.65482081929583,1.89717248739639,0.0578051767249335,-0.355074665322762,21.8114156243714,0.370519279766493
"virus_comp_4028_cycle_1_2","fixed","cond",NA,"Dx.StatusCELIAC:onset_timeline_combinedt0-24",10.5532431283365,4.7376112336947,2.22754519266587,0.0259108589526645,1.26769573754249,19.8387905191305,0.167238798834103
"virus_comp_4028_cycle_1_2","fixed","cond",NA,"Dx.StatusCELIAC:onset_timeline_combinedt0-30",8.63401299599772,5.44278020547068,1.58632402376261,0.112665825349482,-2.03364018249232,19.3016661744878,0.449014445760482
"virus_comp_4028_cycle_1_2","fixed","cond",NA,"Dx.StatusCELIAC:onset_timeline_combinedt0-36",6.37762417360847,4.81903882577002,1.32342245086382,0.185694929760031,-3.06751836500096,15.8227667122179,0.892693207903869
"virus_comp_4028_cycle_1_2","fixed","cond",NA,"Dx.StatusCELIAC:onset_timeline_combinedt0-over42",2.20377752981277,3.28952658065832,0.669937596118082,0.502897571891741,-4.24357609446473,8.65113115409027,1
"virus_comp_4360_cycle_1_6","fixed","cond",NA,"(Intercept)",-17.1121478158282,14.2281878458574,-1.20269341403238,0.229094983456989,-44.9988835589793,10.7745879273228,0.342294857635737
"virus_comp_4360_cycle_1_6","fixed","cond",NA,"Dx.StatusCELIAC",-5.78852262260268,5.87773234875571,-0.984822424557675,0.32471130365372,-17.3086663369299,5.73162109172453,0.999998120218113
"virus_comp_4360_cycle_1_6","fixed","cond",NA,"onset_timeline_combinedt0-6",-12.691541747394,38485.7705527017,-0.000329772317537839,0.999736879764025,-75443.415742315,75418.0326588202,1
"virus_comp_4360_cycle_1_6","fixed","cond",NA,"onset_timeline_combinedt0-12",0.263701258173849,2.26496268660933,0.116426314540578,0.907314681216914,-4.17554403390751,4.70294655025521,0.999995349743898
"virus_comp_4360_cycle_1_6","fixed","cond",NA,"onset_timeline_combinedt0-18",0.557132025467463,2.25702196261844,0.246843865365456,0.805029061022208,-3.86654973358058,4.98081378451551,0.999999998540549
"virus_comp_4360_cycle_1_6","fixed","cond",NA,"onset_timeline_combinedt0-24",0.487686910420894,2.2458128625161,0.21715385042123,0.828088448508873,-3.91402541612745,4.88939923696924,0.999995842904296
"virus_comp_4360_cycle_1_6","fixed","cond",NA,"onset_timeline_combinedt0-30",-3.53871484505034,2.52222445760297,-1.40301345282069,0.16061282737137,-8.48218394287823,1.40475425277755,0.446922650076856
"virus_comp_4360_cycle_1_6","fixed","cond",NA,"onset_timeline_combinedt0-36",5.78201734898098,3.38259460454122,1.70934386911706,0.0873872717159534,-0.847746250219318,12.4117809481813,0.308282875220169
"virus_comp_4360_cycle_1_6","fixed","cond",NA,"onset_timeline_combinedt0-over42",-10.2098631979414,6642.21315606793,-0.00153711766816973,0.998773558027389,-13028.7084267292,13008.2887003333,1
"virus_comp_4360_cycle_1_6","fixed","cond",NA,"SexMale",-68.8782411657265,5694284.99280251,-1.20960298356664e-05,0.999990348764547,-11160662.381841,11160524.6253587,1
"virus_comp_4360_cycle_1_6","fixed","cond",NA,"Age.at.Gluten.Introduction..months.",-1.0181223694707,1.57151489932518,-0.647860462479795,0.517075204954113,-4.09823497331614,2.06199023437474,0.883719897235668
"virus_comp_4360_cycle_1_6","fixed","cond",NA,"HLA.CategoryHigh Risk",7.39871998499171,5.26267782982007,1.40588503120372,0.159758266905619,-2.91593902369304,17.7133789936765,0.929502643814509
"virus_comp_4360_cycle_1_6","fixed","cond",NA,"HLA.CategoryLow/No Risk",47.4980864104338,5692312.65602828,8.34425114722612e-06,0.999993342250838,-11156680.2964706,11156775.2926434,0.999999262755209
"virus_comp_4360_cycle_1_6","fixed","cond",NA,"feeding_first_yearFormula",-39.7114107711418,9244868.44484238,-4.29550847673732e-06,0.999996572680106,-18119648.9051126,18119569.4822911,1
"virus_comp_4360_cycle_1_6","fixed","cond",NA,"feeding_first_yearBreastmilk_and_formula",-34.8724980020089,5692312.65601828,-6.12624430689685e-06,0.999995111964252,-11156762.6670354,11156692.9220394,0.999998456348986
"virus_comp_4360_cycle_1_6","fixed","cond",NA,"Delivery.ModeC-Section",-34.2894787244822,8408319.50158969,-4.07804183915696e-06,0.999996746193378,-16480037.6831003,16479969.1041428,1
"virus_comp_4360_cycle_1_6","fixed","cond",NA,"Dx.StatusCELIAC:onset_timeline_combinedt0-6",-10.606842315169,154191.822355118,-6.87899147513828e-05,0.999945113589124,-302221.025368945,302199.811684315,1
"virus_comp_4360_cycle_1_6","fixed","cond",NA,"Dx.StatusCELIAC:onset_timeline_combinedt0-12",1.95759469882736,4.03978895881969,0.484578456642774,0.627975398563108,-5.96024616560178,9.87543556325651,0.999999948577024
"virus_comp_4360_cycle_1_6","fixed","cond",NA,"Dx.StatusCELIAC:onset_timeline_combinedt0-18",-1.26932990075523,3.18973652657579,-0.397941927234304,0.690672993319549,-7.52109861301566,4.98243881150521,1
"virus_comp_4360_cycle_1_6","fixed","cond",NA,"Dx.StatusCELIAC:onset_timeline_combinedt0-24",0.527611892346105,3.20156794312995,0.164797968282471,0.869103003253601,-5.74734597024658,6.80256975493879,0.999996294200444
"virus_comp_4360_cycle_1_6","fixed","cond",NA,"Dx.StatusCELIAC:onset_timeline_combinedt0-30",-17.4379768493666,10351.1911506636,-0.00168463480149807,0.998655856537072,-20305.3998292397,20270.5238755409,1
"virus_comp_4360_cycle_1_6","fixed","cond",NA,"Dx.StatusCELIAC:onset_timeline_combinedt0-36",-5.48159852944704,4.10187558493394,-1.33636391839401,0.181430353757613,-13.5211269449817,2.55792988608764,0.892693207903869
"virus_comp_4360_cycle_1_6","fixed","cond",NA,"Dx.StatusCELIAC:onset_timeline_combinedt0-over42",19.5558171529421,6642.21378760379,0.00294417159372958,0.997650894334741,-12998.9439841659,13038.0556184717,1
"virus_comp_5117_cycle_1_1","fixed","cond",NA,"(Intercept)",-27.9807362088039,7.34745754538784,-3.80822019534744,0.000139970608478749,-42.3814883757012,-13.5799840419067,0.000423244458971456
"virus_comp_5117_cycle_1_1","fixed","cond",NA,"Dx.StatusCELIAC",1.63561226619288,5.79078654578359,0.282450795459524,0.777597870649887,-9.71412080570206,12.9853453380878,0.999998120218113
"virus_comp_5117_cycle_1_1","fixed","cond",NA,"onset_timeline_combinedt0-6",1.41606179641341,2.6896320898775,0.526489032363497,0.59854847035571,-3.85552023140968,6.68764382423651,1
"virus_comp_5117_cycle_1_1","fixed","cond",NA,"onset_timeline_combinedt0-12",-3.25648405020535,2.73989195312332,-1.18854469662322,0.234618881313956,-8.62657359985816,2.11360549944746,0.623922462439543
"virus_comp_5117_cycle_1_1","fixed","cond",NA,"onset_timeline_combinedt0-18",-6.94358938265211,3.96753079297819,-1.75010346358017,0.0801004622232359,-14.719806844443,0.832628079138773,0.442474719107883
"virus_comp_5117_cycle_1_1","fixed","cond",NA,"onset_timeline_combinedt0-24",-11.2242748258834,3.24359696091386,-3.46044066545218,0.00053929206785675,-17.5816080496382,-4.86694160212868,0.00969241972997158
"virus_comp_5117_cycle_1_1","fixed","cond",NA,"onset_timeline_combinedt0-30",-8.66975415484797,3.54281002215541,-2.44714057503241,0.0143994664787363,-15.6135342023401,-1.72597410735581,0.11519573182989
"virus_comp_5117_cycle_1_1","fixed","cond",NA,"onset_timeline_combinedt0-36",-6.69153060702476,2.56158689666147,-2.61225985179181,0.00899458595385198,-11.712148667751,-1.67091254629855,0.0878701858568617
"virus_comp_5117_cycle_1_1","fixed","cond",NA,"onset_timeline_combinedt0-over42",-5.71294631617258,1.41160750087542,-4.04712096856219,5.18514481641425e-05,-8.479646178195,-2.94624645415017,0.00221232845500341
"virus_comp_5117_cycle_1_1","fixed","cond",NA,"SexMale",2.84060172831486,4.90861688333961,0.578696972248166,0.562793659325406,-6.78011057693602,12.4613140335657,1
"virus_comp_5117_cycle_1_1","fixed","cond",NA,"Age.at.Gluten.Introduction..months.",0.19166956708017,0.497179170949388,0.385514072752016,0.699856582156025,-0.782783701844114,1.16612283600445,0.883719897235668
"virus_comp_5117_cycle_1_1","fixed","cond",NA,"HLA.CategoryHigh Risk",4.2539189990394,4.73647907612607,0.898118397794899,0.369122431616446,-5.02940940369523,13.537247401774,0.999993113296695
"virus_comp_5117_cycle_1_1","fixed","cond",NA,"HLA.CategoryLow/No Risk",1.50261173067061,5.99780923496744,0.250526762656993,0.80218001082571,-10.2528783560073,13.2581018173485,0.999999262755209
"virus_comp_5117_cycle_1_1","fixed","cond",NA,"feeding_first_yearFormula",-4.03080417761006,7.69392824987546,-0.523894173002627,0.60035214788658,-19.1106264470012,11.0490180917811,1
"virus_comp_5117_cycle_1_1","fixed","cond",NA,"feeding_first_yearBreastmilk_and_formula",-0.983859069419098,5.20955755400394,-0.188856550526623,0.850205248337664,-11.1944042506554,9.2266861118172,0.999998456348986
"virus_comp_5117_cycle_1_1","fixed","cond",NA,"Delivery.ModeC-Section",21.2646219130391,14.384082011387,1.47834404004407,0.139315715489073,-6.92766077994995,49.4569046060282,0.938899283384921
"virus_comp_5117_cycle_1_1","fixed","cond",NA,"Dx.StatusCELIAC:onset_timeline_combinedt0-6",-4.36985790281926,4.48193924624122,-0.974992667846634,0.329563896996274,-13.1542974063487,4.41458160071013,1
"virus_comp_5117_cycle_1_1","fixed","cond",NA,"Dx.StatusCELIAC:onset_timeline_combinedt0-12",5.36566853709386,3.25309176150047,1.64940583619411,0.0990645198825617,-1.01027415385103,11.7416112280387,0.410804340486277
"virus_comp_5117_cycle_1_1","fixed","cond",NA,"Dx.StatusCELIAC:onset_timeline_combinedt0-18",9.36758322860155,4.64629750627901,2.01613934879163,0.0437854064364132,0.261007454836417,18.4741590023667,0.36681267934398
"virus_comp_5117_cycle_1_1","fixed","cond",NA,"Dx.StatusCELIAC:onset_timeline_combinedt0-24",10.4186463417278,3.86858693065981,2.69314003497159,0.00707825325868803,2.83635528657222,18.0009373968834,0.0817216512593982
"virus_comp_5117_cycle_1_1","fixed","cond",NA,"Dx.StatusCELIAC:onset_timeline_combinedt0-30",7.45087969291236,4.29633235967868,1.73424192291064,0.0828751673697745,-0.969776997671842,15.8715363834966,0.40383059679143
"virus_comp_5117_cycle_1_1","fixed","cond",NA,"Dx.StatusCELIAC:onset_timeline_combinedt0-36",4.41798417625447,3.6027109650443,1.22629437085585,0.220087918921256,-2.64319956193989,11.4791679144488,0.892693207903869
"virus_comp_5117_cycle_1_1","fixed","cond",NA,"Dx.StatusCELIAC:onset_timeline_combinedt0-over42",3.22751439435613,2.91525067548774,1.1071138483884,0.268244708885427,-2.48627193550591,8.94130072421817,1
"virus_comp_5117_cycle_1_2","fixed","cond",NA,"(Intercept)",-30.1416756145592,7.46895782562868,-4.03559322709419,5.44645074032188e-05,-44.78056395484,-15.5027872742784,0.000268482118955155
"virus_comp_5117_cycle_1_2","fixed","cond",NA,"Dx.StatusCELIAC",-1.95647072981012,5.44527257979218,-0.35929711527587,0.719372832134332,-12.6290088722063,8.71606741258605,0.999998120218113
"virus_comp_5117_cycle_1_2","fixed","cond",NA,"onset_timeline_combinedt0-6",2.02607304196658,2.61687111494169,0.774234936676171,0.438791871603351,-3.10290009550231,7.15504617943548,1
"virus_comp_5117_cycle_1_2","fixed","cond",NA,"onset_timeline_combinedt0-12",-5.48192702906879,3.18801462976579,-1.71954262000094,0.0855156140638526,-11.7303208855965,0.766466827458952,0.370664045790786
"virus_comp_5117_cycle_1_2","fixed","cond",NA,"onset_timeline_combinedt0-18",-8.3399758253282,4.44353274663715,-1.87687956877101,0.0605346017133066,-17.0491399728614,0.369188322204963,0.442474719107883
"virus_comp_5117_cycle_1_2","fixed","cond",NA,"onset_timeline_combinedt0-24",-13.1257905979239,3.90205240728259,-3.36381709620982,0.000768724705095833,-20.7736727819856,-5.47790841386219,0.00969241972997158
"virus_comp_5117_cycle_1_2","fixed","cond",NA,"onset_timeline_combinedt0-30",-10.3084810653401,4.06199436922043,-2.53778812286203,0.0111555499266219,-18.2698437344166,-2.34711839626351,0.112865062649098
"virus_comp_5117_cycle_1_2","fixed","cond",NA,"onset_timeline_combinedt0-36",-8.59177139690451,3.36432650487365,-2.553786436738,0.0106558592432137,-15.1857301786904,-1.99781261511863,0.090219608259209
"virus_comp_5117_cycle_1_2","fixed","cond",NA,"onset_timeline_combinedt0-over42",-4.88742857693114,1.57838911743636,-3.09646621542182,0.00195842177464903,-7.98101440069636,-1.79384275316592,0.0227889079231887
"virus_comp_5117_cycle_1_2","fixed","cond",NA,"SexMale",1.11897379330231,4.77264802412633,0.234455544939781,0.814631341407358,-8.23524444487155,10.4731920314762,1
"virus_comp_5117_cycle_1_2","fixed","cond",NA,"Age.at.Gluten.Introduction..months.",0.344622922406348,0.589479318964033,0.584622583557295,0.558801519090063,-0.810735312394355,1.49998115720705,0.883719897235668
"virus_comp_5117_cycle_1_2","fixed","cond",NA,"HLA.CategoryHigh Risk",2.22618585020122,4.24487789788841,0.524440491282122,0.599972199781553,-6.09362194843016,10.5459936488326,0.999993113296695
"virus_comp_5117_cycle_1_2","fixed","cond",NA,"HLA.CategoryLow/No Risk",0.947429326352033,6.66354046252896,0.142181072011149,0.886936982238319,-12.1128699897301,14.0077286424342,0.999999262755209
"virus_comp_5117_cycle_1_2","fixed","cond",NA,"feeding_first_yearFormula",1.46804102162701,5.52917763693433,0.265508022715829,0.79061813034307,-9.36894801088854,12.3050300541426,1
"virus_comp_5117_cycle_1_2","fixed","cond",NA,"feeding_first_yearBreastmilk_and_formula",2.64796873163946,5.47729570316241,0.483444545473528,0.628780125641577,-8.08733357923485,13.3832710425138,0.999998456348986
"virus_comp_5117_cycle_1_2","fixed","cond",NA,"Delivery.ModeC-Section",18.1208912033282,16.3509399201046,1.10824767822964,0.267754864997626,-13.9263621534549,50.1681445601113,1
"virus_comp_5117_cycle_1_2","fixed","cond",NA,"Dx.StatusCELIAC:onset_timeline_combinedt0-6",-6.13378488577969,5.36866027758285,-1.1425168605642,0.253239241748586,-16.6561656750729,4.3885959035135,1
"virus_comp_5117_cycle_1_2","fixed","cond",NA,"Dx.StatusCELIAC:onset_timeline_combinedt0-12",8.34577949022607,3.78632100373969,2.20419227053994,0.0275108251395303,0.924726688988727,15.7668322914634,0.152999168264601
"virus_comp_5117_cycle_1_2","fixed","cond",NA,"Dx.StatusCELIAC:onset_timeline_combinedt0-18",10.5427557627415,5.26912347038982,2.00085570626447,0.0454079421139513,0.215463530682761,20.8700479948002,0.36681267934398
"virus_comp_5117_cycle_1_2","fixed","cond",NA,"Dx.StatusCELIAC:onset_timeline_combinedt0-24",10.3240279156608,5.31881190184189,1.94104023721644,0.0522533969994537,-0.100651852492263,20.7487076838139,0.221206047297687
"virus_comp_5117_cycle_1_2","fixed","cond",NA,"Dx.StatusCELIAC:onset_timeline_combinedt0-30",8.60658343920169,5.52466452528227,1.55784725023859,0.119269462155128,-2.22156005701764,19.434726935421,0.449014445760482
"virus_comp_5117_cycle_1_2","fixed","cond",NA,"Dx.StatusCELIAC:onset_timeline_combinedt0-36",4.95364966053448,5.06294485482479,0.97841272274847,0.327870238209236,-4.96953991063447,14.8768392317034,1
"virus_comp_5117_cycle_1_2","fixed","cond",NA,"Dx.StatusCELIAC:onset_timeline_combinedt0-over42",-1.25007961888506,3.85825851516819,-0.324001000443737,0.745937276809777,-8.8121273516597,6.31196811388958,1
"virus_comp_5117_cycle_1_3","fixed","cond",NA,"(Intercept)",-26.7714729131321,6.55447466413273,-4.08445745616052,4.41799195949537e-05,-39.6180071924125,-13.9249386338517,0.000243949990806918
"virus_comp_5117_cycle_1_3","fixed","cond",NA,"Dx.StatusCELIAC",-0.955206613373472,4.55325778216763,-0.209785313960137,0.833835235777574,-9.87942787874875,7.96901465200181,0.999998120218113
"virus_comp_5117_cycle_1_3","fixed","cond",NA,"onset_timeline_combinedt0-6",-14.2650745258565,4547.81660042661,-0.0031366864100277,0.997497290445303,-8927.8218196554,8899.29167060369,1
"virus_comp_5117_cycle_1_3","fixed","cond",NA,"onset_timeline_combinedt0-12",-4.18860906695843,2.5673785027095,-1.63147313983425,0.102790522994695,-9.22057846695142,0.84336033303457,0.373802828384133
"virus_comp_5117_cycle_1_3","fixed","cond",NA,"onset_timeline_combinedt0-18",-34.9900164608211,38557.8084063671,-0.00090746901618618,0.999275944581955,-75606.905815736,75536.9257828143,0.999999998540549
"virus_comp_5117_cycle_1_3","fixed","cond",NA,"onset_timeline_combinedt0-24",-9.44654431409183,4.01358571190842,-2.35364210263747,0.0185905006607076,-17.3130277582969,-1.58006086988678,0.0888917435848648
"virus_comp_5117_cycle_1_3","fixed","cond",NA,"onset_timeline_combinedt0-30",-6.45399293849259,4.41973671525133,-1.46026638107686,0.144216877835732,-15.1165177215346,2.20853184454938,0.419540008249401
"virus_comp_5117_cycle_1_3","fixed","cond",NA,"onset_timeline_combinedt0-36",-2.13288721258983,4.3634574745707,-0.488806691716338,0.624978560021026,-10.6851067108205,6.41933228564083,0.999999999336064
"virus_comp_5117_cycle_1_3","fixed","cond",NA,"onset_timeline_combinedt0-over42",-3.5459069242577,1.81272438498348,-1.95612027599553,0.0504509871497331,-7.09878143272283,0.00696758420743571,0.254791428393553
"virus_comp_5117_cycle_1_3","fixed","cond",NA,"SexMale",-0.178949553583015,4.57015399454479,-0.0391561321120951,0.968765908296399,-9.13628678669266,8.77838767952663,1
"virus_comp_5117_cycle_1_3","fixed","cond",NA,"Age.at.Gluten.Introduction..months.",0.285836948998742,0.521455021656517,0.548152644288893,0.583587095356664,-0.736196113005586,1.30787001100307,0.883719897235668
"virus_comp_5117_cycle_1_3","fixed","cond",NA,"HLA.CategoryHigh Risk",0.272321767079976,3.48599293739823,0.0781188522095009,0.937733511124999,-6.56009884058154,7.10474237474149,0.999993113296695
"virus_comp_5117_cycle_1_3","fixed","cond",NA,"HLA.CategoryLow/No Risk",-0.571328193379039,6.57916533798074,-0.0868390082980328,0.930799480586737,-13.4662553041556,12.3235989173975,0.999999262755209
"virus_comp_5117_cycle_1_3","fixed","cond",NA,"feeding_first_yearFormula",1.42135556246118,4.90805844110371,0.289596299538264,0.772125098290743,-8.19826221611991,11.0409733410423,1
"virus_comp_5117_cycle_1_3","fixed","cond",NA,"feeding_first_yearBreastmilk_and_formula",0.17480032776198,4.15513121477462,0.0420685457875393,0.966444054788332,-7.96910720423444,8.3187078597584,0.999998456348986
"virus_comp_5117_cycle_1_3","fixed","cond",NA,"Delivery.ModeC-Section",17.6709944474582,14.5366688905358,1.21561511653904,0.224131572953986,-10.8203530331758,46.1623419280921,1
"virus_comp_5117_cycle_1_3","fixed","cond",NA,"Dx.StatusCELIAC:onset_timeline_combinedt0-6",12.487921870624,4547.81938858665,0.00274591420713937,0.997809080202107,-8901.07428795218,8926.05013169343,1
"virus_comp_5117_cycle_1_3","fixed","cond",NA,"Dx.StatusCELIAC:onset_timeline_combinedt0-12",6.19787291818091,3.477517741809,1.78226924442858,0.0747053355944733,-0.617936611363783,13.0136824477256,0.327157848982693
"virus_comp_5117_cycle_1_3","fixed","cond",NA,"Dx.StatusCELIAC:onset_timeline_combinedt0-18",37.1242040400841,38557.808540915,0.000962819346973268,0.9992317814269,-75534.7918589442,75609.0402670243,1
"virus_comp_5117_cycle_1_3","fixed","cond",NA,"Dx.StatusCELIAC:onset_timeline_combinedt0-24",8.10194042645892,5.25079320029727,1.54299362351582,0.122832323055511,-2.18942513639154,18.3933059893094,0.445705857944283
"virus_comp_5117_cycle_1_3","fixed","cond",NA,"Dx.StatusCELIAC:onset_timeline_combinedt0-30",6.20443033906449,5.58897069223447,1.11012039259486,0.266947150817562,-4.74975092836497,17.1586116064939,0.827338887421561
"virus_comp_5117_cycle_1_3","fixed","cond",NA,"Dx.StatusCELIAC:onset_timeline_combinedt0-36",0.737458727813757,5.69506903784559,0.129490744170633,0.896969348373827,-10.4246714758328,11.8995889314603,1
"virus_comp_5117_cycle_1_3","fixed","cond",NA,"Dx.StatusCELIAC:onset_timeline_combinedt0-over42",3.74210160893835,4.24194267412276,0.882166944821388,0.377686534454217,-4.57195325682579,12.0561564747025,1
"virus_comp_5117_cycle_1_4","fixed","cond",NA,"(Intercept)",-27.3316750822515,6.87832631885335,-3.97359383885815,7.07962476241873e-05,-40.8129469411181,-13.850403223385,0.000310038739595579
"virus_comp_5117_cycle_1_4","fixed","cond",NA,"Dx.StatusCELIAC",0.0917078219459108,5.43203796387609,0.0168827652817934,0.986530142121616,-10.5548909499055,10.7383065937973,0.999998120218113
"virus_comp_5117_cycle_1_4","fixed","cond",NA,"onset_timeline_combinedt0-6",1.61401819967325,2.78653284261225,0.579220949773617,0.562440096676761,-3.84748581358479,7.07552221293128,1
"virus_comp_5117_cycle_1_4","fixed","cond",NA,"onset_timeline_combinedt0-12",-8.59882608748336,3.40322638634405,-2.52666884635927,0.01151500222596,-15.2690272359541,-1.92862493901263,0.11249271405361
"virus_comp_5117_cycle_1_4","fixed","cond",NA,"onset_timeline_combinedt0-18",-10.4441157333285,4.90283771973235,-2.130218524528,0.0331535763855961,-20.0535010860484,-0.834730380608585,0.442474719107883
"virus_comp_5117_cycle_1_4","fixed","cond",NA,"onset_timeline_combinedt0-24",-14.6795768152411,4.39583126506804,-3.3394313680541,0.000839500921493601,-23.2952477768896,-6.06390585359263,0.00969241972997158
"virus_comp_5117_cycle_1_4","fixed","cond",NA,"onset_timeline_combinedt0-30",-11.5362525530625,4.48828508566374,-2.57030298496659,0.0101609603825623,-20.3331296733117,-2.73937543281333,0.112865062649098
"virus_comp_5117_cycle_1_4","fixed","cond",NA,"onset_timeline_combinedt0-36",-10.0590396420332,3.9787924365758,-2.52816395988984,0.0114660791231551,-17.8573295196822,-2.2607497643843,0.0910120030400435
"virus_comp_5117_cycle_1_4","fixed","cond",NA,"onset_timeline_combinedt0-over42",-10.5255382058847,3.05997014127183,-3.43975193219041,0.0005822475978608,-16.5229694765455,-4.52810693522402,0.0127485997153017
"virus_comp_5117_cycle_1_4","fixed","cond",NA,"SexMale",0.689964200968599,3.87387293255139,0.178107081203146,0.858638880954036,-6.90268722751668,8.28261562945388,1
"virus_comp_5117_cycle_1_4","fixed","cond",NA,"Age.at.Gluten.Introduction..months.",0.163684987900076,0.488268709168072,0.335235465280926,0.737447470882409,-0.793304096847207,1.12067407264736,0.883719897235668
"virus_comp_5117_cycle_1_4","fixed","cond",NA,"HLA.CategoryHigh Risk",3.45670189139819,4.04438519711842,0.854691559513433,0.392721924457626,-4.47014743456085,11.3835512173572,0.999993113296695
"virus_comp_5117_cycle_1_4","fixed","cond",NA,"HLA.CategoryLow/No Risk",0.593216404073317,6.11898425522644,0.0969468753848533,0.922768582926587,-11.3997723581382,12.5862051662848,0.999999262755209
"virus_comp_5117_cycle_1_4","fixed","cond",NA,"feeding_first_yearFormula",-1.60849629288893,6.155374558008,-0.261315745732535,0.793849024974591,-13.6728087379388,10.4558161521609,1
"virus_comp_5117_cycle_1_4","fixed","cond",NA,"feeding_first_yearBreastmilk_and_formula",0.0784203765674225,4.98415237412542,0.0157339444465084,0.987446646592839,-9.69033877017821,9.84717952331305,0.999998456348986
"virus_comp_5117_cycle_1_4","fixed","cond",NA,"Delivery.ModeC-Section",22.0120370979972,14.2968288940458,1.5396447184987,0.123646978786123,-6.0092326274641,50.0333068234585,0.938899283384921
"virus_comp_5117_cycle_1_4","fixed","cond",NA,"Dx.StatusCELIAC:onset_timeline_combinedt0-6",2.81107482553873,7.41907233907667,0.378898425175429,0.704763293694765,-11.7300397577489,17.3521894088263,1
"virus_comp_5117_cycle_1_4","fixed","cond",NA,"Dx.StatusCELIAC:onset_timeline_combinedt0-12",11.5190053853338,3.85335303117213,2.98934597794427,0.00279575361593928,3.96657222451814,19.0714385461494,0.0417856360135877
"virus_comp_5117_cycle_1_4","fixed","cond",NA,"Dx.StatusCELIAC:onset_timeline_combinedt0-18",13.8003566773435,5.46091759361003,2.52711315283198,0.0115004443200453,3.09715487132666,24.5035584833602,0.36681267934398
"virus_comp_5117_cycle_1_4","fixed","cond",NA,"Dx.StatusCELIAC:onset_timeline_combinedt0-24",14.8177767144764,4.79558781316546,3.08987704777229,0.00200239368767824,5.41859731597295,24.2169561129799,0.0590983332468044
"virus_comp_5117_cycle_1_4","fixed","cond",NA,"Dx.StatusCELIAC:onset_timeline_combinedt0-30",12.5282604752931,4.94827113303855,2.53184600003919,0.0113463811876794,2.82982726879829,22.2266936817878,0.267760378847548
"virus_comp_5117_cycle_1_4","fixed","cond",NA,"Dx.StatusCELIAC:onset_timeline_combinedt0-36",9.48300278805301,4.54436936860617,2.08675880388693,0.0369099427495922,0.576202493137886,18.3898030829681,0.845557104494205
"virus_comp_5117_cycle_1_4","fixed","cond",NA,"Dx.StatusCELIAC:onset_timeline_combinedt0-over42",8.01567415087537,3.86181627116235,2.07562286448775,0.037928845056372,0.446653344486408,15.5846949572643,0.796035461907399
"virus_comp_5552_cycle_1_3","fixed","cond",NA,"(Intercept)",-27.4050683595674,7.02117168019026,-3.90320442339971,9.4927460127796e-05,-41.1663119820129,-13.6438247371219,0.000344451069606574
"virus_comp_5552_cycle_1_3","fixed","cond",NA,"Dx.StatusCELIAC",1.05825328097298,5.65576788811061,0.187110451119752,0.85157403406496,-10.026848084642,12.1433546465879,0.999998120218113
"virus_comp_5552_cycle_1_3","fixed","cond",NA,"onset_timeline_combinedt0-6",1.30196333004023,2.69551082244558,0.483011724233772,0.629087411585575,-3.98114080189104,6.5850674619715,1
"virus_comp_5552_cycle_1_3","fixed","cond",NA,"onset_timeline_combinedt0-12",-1.36989636941671,4.26592192939709,-0.321125513333133,0.748115276540791,-9.73094971189463,6.99115697306121,0.999995349743898
"virus_comp_5552_cycle_1_3","fixed","cond",NA,"onset_timeline_combinedt0-18",-9.07782435731145,4.92970121835553,-1.84145528404654,0.0655548676670432,-18.7398611998315,0.58421248520861,0.442474719107883
"virus_comp_5552_cycle_1_3","fixed","cond",NA,"onset_timeline_combinedt0-24",-12.4271412629534,4.5053401699935,-2.75831364426615,0.00581004221903236,-21.2574457342423,-3.59683679166463,0.0351369219912909
"virus_comp_5552_cycle_1_3","fixed","cond",NA,"onset_timeline_combinedt0-30",-10.6184250999421,4.43527824951981,-2.39408318995358,0.016661969193208,-19.3114107304148,-1.92543946946942,0.125454826866507
"virus_comp_5552_cycle_1_3","fixed","cond",NA,"onset_timeline_combinedt0-36",-8.84541158944099,3.87036923956211,-2.28541801619986,0.0222883286018781,-16.4311959058544,-1.25962727302758,0.123983527983346
"virus_comp_5552_cycle_1_3","fixed","cond",NA,"onset_timeline_combinedt0-over42",-6.70250482660618,2.63413204734085,-2.54448323248348,0.0109439565907664,-11.865308769917,-1.53970088329536,0.0667060211246711
"virus_comp_5552_cycle_1_3","fixed","cond",NA,"SexMale",2.86385528592439,4.95206858889599,0.578314947483969,0.563051504551167,-6.84202079728383,12.5697313691326,1
"virus_comp_5552_cycle_1_3","fixed","cond",NA,"Age.at.Gluten.Introduction..months.",0.189568010366197,0.486262329279617,0.389847205822085,0.696649534769112,-0.763488642060409,1.1426246627928,0.883719897235668
"virus_comp_5552_cycle_1_3","fixed","cond",NA,"HLA.CategoryHigh Risk",4.04315849958226,4.69935908015627,0.860363813579405,0.389588526556266,-5.16741604794531,13.2537330471098,0.999993113296695
"virus_comp_5552_cycle_1_3","fixed","cond",NA,"HLA.CategoryLow/No Risk",1.36522039681993,5.90307350253859,0.231272810042569,0.817102868568232,-10.2045910662484,12.9350318598883,0.999999262755209
"virus_comp_5552_cycle_1_3","fixed","cond",NA,"feeding_first_yearFormula",-3.54057261934609,7.22588617233606,-0.489984554821939,0.624144828266263,-17.7030492735108,10.6219040348186,1
"virus_comp_5552_cycle_1_3","fixed","cond",NA,"feeding_first_yearBreastmilk_and_formula",-1.02253440600128,5.04304057673402,-0.202761486932849,0.839321461580071,-10.9067123089741,8.8616434969715,0.999998456348986
"virus_comp_5552_cycle_1_3","fixed","cond",NA,"Delivery.ModeC-Section",18.8804353341481,13.6687414585456,1.38128556980966,0.167191173303628,-7.9098056385908,45.670676306887,0.938899283384921
"virus_comp_5552_cycle_1_3","fixed","cond",NA,"Dx.StatusCELIAC:onset_timeline_combinedt0-6",-3.47018549207804,4.38164439135685,-0.791982457299197,0.428370905179122,-12.0580506921994,5.1176797080433,1
"virus_comp_5552_cycle_1_3","fixed","cond",NA,"Dx.StatusCELIAC:onset_timeline_combinedt0-12",3.69205643007503,4.58699678493409,0.804896232367444,0.420879562748254,-5.2982920655968,12.6824049257469,0.999999948577024
"virus_comp_5552_cycle_1_3","fixed","cond",NA,"Dx.StatusCELIAC:onset_timeline_combinedt0-18",11.5215084275677,5.42511957049009,2.12373354685838,0.0336924305393655,0.888469457583762,22.1545473975517,0.36681267934398
"virus_comp_5552_cycle_1_3","fixed","cond",NA,"Dx.StatusCELIAC:onset_timeline_combinedt0-24",11.8925737420137,4.93923715907283,2.40777540316492,0.0160500515568271,2.21184679912905,21.5733006848984,0.113242030428724
"virus_comp_5552_cycle_1_3","fixed","cond",NA,"Dx.StatusCELIAC:onset_timeline_combinedt0-30",10.0110935683771,5.0014579140703,2.00163507128861,0.0453239941872078,0.208416186606479,19.8137709501477,0.348174798080196
"virus_comp_5552_cycle_1_3","fixed","cond",NA,"Dx.StatusCELIAC:onset_timeline_combinedt0-36",7.23189937332798,4.5414744084984,1.59241222625741,0.111292110873573,-1.66922690403923,16.1330256506952,0.883381130058985
"virus_comp_5552_cycle_1_3","fixed","cond",NA,"Dx.StatusCELIAC:onset_timeline_combinedt0-over42",3.61735294982461,3.54621696306773,1.02005968261326,0.307700156297864,-3.33310457915314,10.5678104788024,1
"virus_comp_6161_cycle_1_4","fixed","cond",NA,"(Intercept)",-14.215798626388,1.97223390892957,-7.20796785919964,5.67930302724161e-13,-18.0813060569787,-10.3502911957974,3.60635742229842e-11
"virus_comp_6161_cycle_1_4","fixed","cond",NA,"Dx.StatusCELIAC",1.95733960625782,2.7876294368081,0.702152007871974,0.482584371392599,-3.50631369212972,7.42099290464537,0.999998120218113
"virus_comp_6161_cycle_1_4","fixed","cond",NA,"onset_timeline_combinedt0-6",-3.15206324648947,3.71019584187389,-0.849567888280927,0.395565371417017,-10.4239134721526,4.1197869791736,1
"virus_comp_6161_cycle_1_4","fixed","cond",NA,"onset_timeline_combinedt0-12",-0.650727516666414,2.28257505273944,-0.285084828157322,0.775579153343209,-5.12449241204533,3.8230373787125,0.999995349743898
"virus_comp_6161_cycle_1_4","fixed","cond",NA,"onset_timeline_combinedt0-18",-22.6968695611162,7127.68797790857,-0.00318432423409421,0.997459281150808,-13992.708599301,13947.3148601788,0.999999998540549
"virus_comp_6161_cycle_1_4","fixed","cond",NA,"onset_timeline_combinedt0-24",1.65876631752849,2.33056331145436,0.711744799798362,0.476622820393407,-2.90905383661245,6.22658647166943,0.854069680838339
"virus_comp_6161_cycle_1_4","fixed","cond",NA,"onset_timeline_combinedt0-30",3.7663831642814,2.94955165626876,1.27693412531922,0.201625505056909,-2.01463185254583,9.54739818110862,0.496365576054739
"virus_comp_6161_cycle_1_4","fixed","cond",NA,"onset_timeline_combinedt0-36",0.415555742549939,1.93212773705424,0.215076743933868,0.829707485266785,-3.37134503560724,4.20245652070712,0.999999999336064
"virus_comp_6161_cycle_1_4","fixed","cond",NA,"onset_timeline_combinedt0-over42",-27.2549084489938,8691.20793698067,-0.003135917198923,0.997497904183949,-17061.7094470798,17007.1996301818,1
"virus_comp_6161_cycle_1_4","fixed","cond",NA,"SexMale",-0.341479136906568,1.81653408850103,-0.187983885944221,0.850889283139937,-3.90182052705788,3.21886225324474,1
"virus_comp_6161_cycle_1_4","fixed","cond",NA,"Age.at.Gluten.Introduction..months.",0.232350120335094,0.187080533875738,1.24197913872442,0.214244259076039,-0.134320988269879,0.599021228940067,0.883719897235668
"virus_comp_6161_cycle_1_4","fixed","cond",NA,"HLA.CategoryHigh Risk",-0.446316493578777,1.32997108597932,-0.335583606503845,0.737184887921166,-3.05301192257788,2.16037893542032,0.999993113296695
"virus_comp_6161_cycle_1_4","fixed","cond",NA,"HLA.CategoryLow/No Risk",-11.2779038940582,5.32658063016634,-2.11728774557309,0.0342354342939693,-21.7178100899329,-0.837997698183495,0.999999262755209
"virus_comp_6161_cycle_1_4","fixed","cond",NA,"feeding_first_yearFormula",2.04308541396511,2.4081933590783,0.8483892733377,0.396221214506174,-2.67688683763688,6.76305766556711,1
"virus_comp_6161_cycle_1_4","fixed","cond",NA,"feeding_first_yearBreastmilk_and_formula",4.97139830115953,2.36022201875944,2.10632654964068,0.0351759966291012,0.345448148872602,9.59734845344645,0.999998456348986
"virus_comp_6161_cycle_1_4","fixed","cond",NA,"Delivery.ModeC-Section",10.3922453895403,5.83410605953613,1.78129181805902,0.0748647904375974,-1.04239236913745,21.826883148218,0.938899283384921
"virus_comp_6161_cycle_1_4","fixed","cond",NA,"Dx.StatusCELIAC:onset_timeline_combinedt0-6",1.8081923218567,4.60703873160562,0.392484723310872,0.694700096769841,-7.22143766747141,10.8378223111848,1
"virus_comp_6161_cycle_1_4","fixed","cond",NA,"Dx.StatusCELIAC:onset_timeline_combinedt0-12",-35.8548182256694,390174.379954161,-9.18943428061108e-05,0.999926678922753,-764763.587218627,764691.877582176,0.999999948577024
"virus_comp_6161_cycle_1_4","fixed","cond",NA,"Dx.StatusCELIAC:onset_timeline_combinedt0-18",18.2437531956483,7127.68837373509,0.00255956100197575,0.997957768023988,-13951.76875235,13988.2562587413,1
"virus_comp_6161_cycle_1_4","fixed","cond",NA,"Dx.StatusCELIAC:onset_timeline_combinedt0-24",-5.99541468993392,2.882756536112,-2.07975061883651,0.0375484125802437,-11.6455136769109,-0.345315702956966,0.189679148232748
"virus_comp_6161_cycle_1_4","fixed","cond",NA,"Dx.StatusCELIAC:onset_timeline_combinedt0-30",-7.48113417720883,3.87700883547427,-1.92961494148714,0.0536545661026939,-15.079931862482,0.117663508064316,0.381543581174712
"virus_comp_6161_cycle_1_4","fixed","cond",NA,"Dx.StatusCELIAC:onset_timeline_combinedt0-36",-3.58095818834766,2.92903648858187,-1.22257206501426,0.221491369508129,-9.32176421537178,2.15984783867646,0.892693207903869
"virus_comp_6161_cycle_1_4","fixed","cond",NA,"Dx.StatusCELIAC:onset_timeline_combinedt0-over42",25.5310227698412,8691.20858490165,0.0029375687535786,0.997656162616173,-17008.9247857627,17059.9868313024,1
"virus_comp_6408_cycle_1_1","fixed","cond",NA,"(Intercept)",-27.3917794587736,4.96864291331211,-5.5129297751273,3.5290907087847e-08,-37.1301406209055,-17.6534182966417,6.40277885736653e-07
"virus_comp_6408_cycle_1_1","fixed","cond",NA,"Dx.StatusCELIAC",-2.29353432991957,3.95229480645169,-0.580304466705173,0.561709315794953,-10.0398898068496,5.45282114701044,0.999998120218113
"virus_comp_6408_cycle_1_1","fixed","cond",NA,"onset_timeline_combinedt0-6",1.15387525235385,2.73181606282721,0.422383947460825,0.672744792874453,-4.2003858431755,6.50813634788319,1
"virus_comp_6408_cycle_1_1","fixed","cond",NA,"onset_timeline_combinedt0-12",-0.672073862707207,2.91226006861333,-0.230773985452204,0.817490392359615,-6.37999871080348,5.03585098538907,0.999995349743898
"virus_comp_6408_cycle_1_1","fixed","cond",NA,"onset_timeline_combinedt0-18",-5.15993963462555,4.06378806437849,-1.26973640182063,0.204178541562459,-13.1248178816111,2.80493861236003,0.560277004287534
"virus_comp_6408_cycle_1_1","fixed","cond",NA,"onset_timeline_combinedt0-24",-27.3964234832887,5966.968946113,-0.00459134675087177,0.996336648185052,-11722.4406547337,11667.6478077671,0.999995842904296
"virus_comp_6408_cycle_1_1","fixed","cond",NA,"onset_timeline_combinedt0-30",-6.72263397020067,3.53151864814483,-1.90360993102279,0.056961004467353,-13.6442833312961,0.199015390894774,0.220939653691551
"virus_comp_6408_cycle_1_1","fixed","cond",NA,"onset_timeline_combinedt0-36",-5.8030417810178,3.16690518620655,-1.83240148972345,0.0668916262819046,-12.0100618884358,0.403978326400152,0.257431410236421
"virus_comp_6408_cycle_1_1","fixed","cond",NA,"onset_timeline_combinedt0-over42",-4.6989305935153,2.16445141264349,-2.17095683740778,0.0299344352542312,-8.94117740858338,-0.456683778447221,0.166591639675721
"virus_comp_6408_cycle_1_1","fixed","cond",NA,"SexMale",6.31191737843956,5.45119422639734,1.15789625470951,0.246906376126873,-4.3722269780319,16.996061734911,1
"virus_comp_6408_cycle_1_1","fixed","cond",NA,"Age.at.Gluten.Introduction..months.",0.556397585810677,0.456592547883366,1.21858665541078,0.223001116493622,-0.338507363650101,1.45130253527145,0.883719897235668
"virus_comp_6408_cycle_1_1","fixed","cond",NA,"HLA.CategoryHigh Risk",0.154812450610945,3.65226872383831,0.0423880229843127,0.966189376042977,-7.00350270997421,7.3131276111961,0.999993113296695
"virus_comp_6408_cycle_1_1","fixed","cond",NA,"HLA.CategoryLow/No Risk",-2.42251455274451,7.21949325516335,-0.335551882538561,0.737208814219188,-16.5724613194945,11.7274322140055,0.999999262755209
"virus_comp_6408_cycle_1_1","fixed","cond",NA,"feeding_first_yearFormula",-0.891157121397097,5.57806238404812,-0.159761053219051,0.87306930496772,-11.823958497649,10.0416442548548,1
"virus_comp_6408_cycle_1_1","fixed","cond",NA,"feeding_first_yearBreastmilk_and_formula",1.14763650748254,3.75225359393856,0.305852597312839,0.759716879264396,-6.20664539749801,8.5019184124631,0.999998456348986
"virus_comp_6408_cycle_1_1","fixed","cond",NA,"Delivery.ModeC-Section",12.197684610987,11.2748955593162,1.08184457645892,0.279321595470767,-9.90070461472341,34.2960738366974,1
"virus_comp_6408_cycle_1_1","fixed","cond",NA,"Dx.StatusCELIAC:onset_timeline_combinedt0-6",-4.80567730845839,4.85743231052593,-0.989345193353412,0.322494279613271,-14.3260696944304,4.71471507751361,1
"virus_comp_6408_cycle_1_1","fixed","cond",NA,"Dx.StatusCELIAC:onset_timeline_combinedt0-12",2.91940260991158,3.85105259980411,0.75807913141983,0.448403611901626,-4.62852178827382,10.467327008097,0.999999948577024
"virus_comp_6408_cycle_1_1","fixed","cond",NA,"Dx.StatusCELIAC:onset_timeline_combinedt0-18",7.489518712072,5.13697693016218,1.45796230232156,0.144850934146814,-2.578771060459,17.557808484603,0.662175698956862
"virus_comp_6408_cycle_1_1","fixed","cond",NA,"Dx.StatusCELIAC:onset_timeline_combinedt0-24",25.360211113943,5966.96970239874,0.00425009885733929,0.996608921948879,-11669.6855024293,11720.4059246571,0.999996294200444
"virus_comp_6408_cycle_1_1","fixed","cond",NA,"Dx.StatusCELIAC:onset_timeline_combinedt0-30",5.69736764887907,4.69014619777797,1.21475267691619,0.224460434837169,-3.49514998099323,14.8898852787514,0.718273391478941
"virus_comp_6408_cycle_1_1","fixed","cond",NA,"Dx.StatusCELIAC:onset_timeline_combinedt0-36",2.43361134106666,4.4002774692509,0.553058610070096,0.580223277347484,-6.19077402064815,11.0579967027815,1
"virus_comp_6408_cycle_1_1","fixed","cond",NA,"Dx.StatusCELIAC:onset_timeline_combinedt0-over42",0.59659734704777,3.6685549342667,0.162624618613493,0.870814002176957,-6.59363819942167,7.78683289351721,1
"virus_comp_7129_cycle_1_1","fixed","cond",NA,"(Intercept)",-26.6789115564431,6.04168959203526,-4.41580308786697,1.00635663852229e-05,-38.5204055626027,-14.8374175502835,7.51807606425477e-05
"virus_comp_7129_cycle_1_1","fixed","cond",NA,"Dx.StatusCELIAC",0.484928401290815,4.76416268361506,0.101786700726779,0.918925982101985,-8.85265887508439,9.82251567766602,0.999998120218113
"virus_comp_7129_cycle_1_1","fixed","cond",NA,"onset_timeline_combinedt0-6",1.94621758986206,2.26947039002418,0.857564654034251,0.39113289954271,-2.50186263856539,6.39429781828951,1
"virus_comp_7129_cycle_1_1","fixed","cond",NA,"onset_timeline_combinedt0-12",-5.04934369594345,2.49168095167878,-2.02648083517331,0.0427155347063866,-9.93294862219835,-0.165738769688557,0.264753642029598
"virus_comp_7129_cycle_1_1","fixed","cond",NA,"onset_timeline_combinedt0-18",-6.25799780513773,4.12877581221525,-1.51570298068087,0.129594473618088,-14.3502496973197,1.83425408704426,0.476191885638561
"virus_comp_7129_cycle_1_1","fixed","cond",NA,"onset_timeline_combinedt0-24",-8.8592168068429,3.7738426702484,-2.34753209949258,0.0188982446991445,-16.2558125238502,-1.46262108983558,0.0888917435848648
"virus_comp_7129_cycle_1_1","fixed","cond",NA,"onset_timeline_combinedt0-30",-5.93083305926103,3.94964390966575,-1.50161209337045,0.133197318291122,-13.6719928739639,1.8103267554418,0.405934684315802
"virus_comp_7129_cycle_1_1","fixed","cond",NA,"onset_timeline_combinedt0-36",-5.11099588251024,3.40216722076687,-1.50227650519723,0.133025713774104,-11.779121104596,1.55712933957556,0.433186298700287
"virus_comp_7129_cycle_1_1","fixed","cond",NA,"onset_timeline_combinedt0-over42",-6.21280162314505,2.25128176575209,-2.75967305277291,0.00578592341056335,-10.6252328030709,-1.80037044321922,0.0469085647563634
"virus_comp_7129_cycle_1_1","fixed","cond",NA,"SexMale",0.771998074195154,3.64167190101471,0.211990013153037,0.832114825613893,-6.36554769530519,7.9095438436955,1
"virus_comp_7129_cycle_1_1","fixed","cond",NA,"Age.at.Gluten.Introduction..months.",0.20135495814039,0.423104926690535,0.475898401172871,0.634146761290463,-0.627915459854518,1.0306253761353,0.883719897235668
"virus_comp_7129_cycle_1_1","fixed","cond",NA,"HLA.CategoryHigh Risk",2.93269553605581,3.59713101816246,0.815287383542101,0.414907828807716,-4.11755170721451,9.98294277932613,0.999993113296695
"virus_comp_7129_cycle_1_1","fixed","cond",NA,"HLA.CategoryLow/No Risk",1.05424903042236,5.91467011182999,0.178243082114377,0.858532076775281,-10.5382913691999,12.6467894300446,0.999999262755209
"virus_comp_7129_cycle_1_1","fixed","cond",NA,"feeding_first_yearFormula",-1.67700422253046,5.29827208799019,-0.316519082953818,0.751608543046766,-12.0614266952851,8.70741825022414,1
"virus_comp_7129_cycle_1_1","fixed","cond",NA,"feeding_first_yearBreastmilk_and_formula",-0.633824500424008,4.54247303256655,-0.139532914313393,0.889029048468584,-9.53690804499888,8.26925904415086,0.999998456348986
"virus_comp_7129_cycle_1_1","fixed","cond",NA,"Delivery.ModeC-Section",15.9875238685888,11.8557946435821,1.34849871722798,0.177498032473939,-7.24940664093498,39.2244543781125,0.938899283384921
"virus_comp_7129_cycle_1_1","fixed","cond",NA,"Dx.StatusCELIAC:onset_timeline_combinedt0-6",-2.94128031905142,3.62206796547997,-0.812044485935443,0.416766105643176,-10.0404030809484,4.15784244284559,1
"virus_comp_7129_cycle_1_1","fixed","cond",NA,"Dx.StatusCELIAC:onset_timeline_combinedt0-12",7.92558677535097,3.04161039693284,2.60572056938756,0.00916812224502075,1.96413994236003,13.8870336083419,0.0693766121450888
"virus_comp_7129_cycle_1_1","fixed","cond",NA,"Dx.StatusCELIAC:onset_timeline_combinedt0-18",8.15316664666306,4.56851194359008,1.7846438287422,0.0743191074564356,-0.800952225714578,17.1072855190407,0.432402079746534
"virus_comp_7129_cycle_1_1","fixed","cond",NA,"Dx.StatusCELIAC:onset_timeline_combinedt0-24",8.46342262881916,4.13586920455697,2.04634677989672,0.0407222642361611,0.357267943119176,16.5695773145191,0.191545465110832
"virus_comp_7129_cycle_1_1","fixed","cond",NA,"Dx.StatusCELIAC:onset_timeline_combinedt0-30",5.5463706602483,4.46023921351713,1.24351416924894,0.213678422883797,-3.19553756067852,14.2882788811751,0.701303541772463
"virus_comp_7129_cycle_1_1","fixed","cond",NA,"Dx.StatusCELIAC:onset_timeline_combinedt0-36",3.16546410275771,3.91134089192685,0.809304069939631,0.41834026577403,-4.50062317667769,10.8315513821931,1
"virus_comp_7129_cycle_1_1","fixed","cond",NA,"Dx.StatusCELIAC:onset_timeline_combinedt0-over42",4.04134714032898,2.90708947812689,1.39016950483854,0.1644774113082,-1.65644353663507,9.73913781729303,1
"virus_comp_7129_cycle_1_3","fixed","cond",NA,"(Intercept)",-27.5419630221401,7.16693018108624,-3.84292330554918,0.000121577469905013,-41.5888880567823,-13.495037987498,0.000395906119947093
"virus_comp_7129_cycle_1_3","fixed","cond",NA,"Dx.StatusCELIAC",0.650559327355463,5.71140977509758,0.113905209566993,0.909312935811169,-10.5435981327858,11.8447167874967,0.999998120218113
"virus_comp_7129_cycle_1_3","fixed","cond",NA,"onset_timeline_combinedt0-6",2.16199734244933,2.71868746640596,0.795235704421529,0.426476406205668,-3.16653217692681,7.49052686182547,1
"virus_comp_7129_cycle_1_3","fixed","cond",NA,"onset_timeline_combinedt0-12",-3.99199674242707,3.16772248400508,-1.2602103759354,0.207593480796325,-10.2006187240948,2.21662523924065,0.597645550366973
"virus_comp_7129_cycle_1_3","fixed","cond",NA,"onset_timeline_combinedt0-18",-8.9703982606178,5.06418413171252,-1.77134125207733,0.0765039714835543,-18.8960167698536,0.955220248617982,0.442474719107883
"virus_comp_7129_cycle_1_3","fixed","cond",NA,"onset_timeline_combinedt0-24",-12.340343359735,4.46335279260774,-2.76481468822569,0.00569551413755674,-21.0883540835425,-3.59233263592759,0.0351369219912909
"virus_comp_7129_cycle_1_3","fixed","cond",NA,"onset_timeline_combinedt0-30",-9.80979486567883,4.83481913728191,-2.02898900395968,0.0424594103202907,-19.2858662465164,-0.333723484841277,0.207061622603536
"virus_comp_7129_cycle_1_3","fixed","cond",NA,"onset_timeline_combinedt0-36",-8.28654507760138,4.05978808029372,-2.04112749574896,0.0412381560312119,-16.2435834998421,-0.329506655360694,0.20780762417394
"virus_comp_7129_cycle_1_3","fixed","cond",NA,"onset_timeline_combinedt0-over42",-7.0968752345721,2.69027373948727,-2.63797513628657,0.00834026966845476,-12.369714872521,-1.82403559662316,0.0581145778520536
"virus_comp_7129_cycle_1_3","fixed","cond",NA,"SexMale",2.30767512999024,4.88315584431641,0.472578636349724,0.63651382713795,-7.26313445576621,11.8784847157467,1
"virus_comp_7129_cycle_1_3","fixed","cond",NA,"Age.at.Gluten.Introduction..months.",0.165516903732974,0.498689036642512,0.331904035523494,0.73996172306295,-0.811895647571325,1.14292945503727,0.883719897235668
"virus_comp_7129_cycle_1_3","fixed","cond",NA,"HLA.CategoryHigh Risk",3.95814106550244,4.55932079836377,0.868142699439558,0.385316218174034,-4.97796349325495,12.8942456242598,0.999993113296695
"virus_comp_7129_cycle_1_3","fixed","cond",NA,"HLA.CategoryLow/No Risk",1.62548088209968,6.08639357111406,0.267067987488385,0.789416814920819,-10.30363131302,13.5545930772193,0.999999262755209
"virus_comp_7129_cycle_1_3","fixed","cond",NA,"feeding_first_yearFormula",-3.14420074645065,7.23700028003568,-0.434461879893025,0.663953070760506,-17.3284606514269,11.0400591585256,1
"virus_comp_7129_cycle_1_3","fixed","cond",NA,"feeding_first_yearBreastmilk_and_formula",-1.02647867937211,5.17526378424162,-0.198343257883333,0.842776509020025,-11.1698093069801,9.11685194823593,0.999998456348986
"virus_comp_7129_cycle_1_3","fixed","cond",NA,"Delivery.ModeC-Section",20.8100238046605,14.3736119579122,1.44779362804526,0.147674775352384,-7.36173796060166,48.9817855699227,0.938899283384921
"virus_comp_7129_cycle_1_3","fixed","cond",NA,"Dx.StatusCELIAC:onset_timeline_combinedt0-6",-3.40227711241691,4.6063034909947,-0.738613319567055,0.460141833876786,-12.4304660566277,5.62591183179383,1
"virus_comp_7129_cycle_1_3","fixed","cond",NA,"Dx.StatusCELIAC:onset_timeline_combinedt0-12",6.82426770338283,3.63315600685426,1.87833049021519,0.0603359679670677,-0.296587220266866,13.9451226270325,0.273666711850629
"virus_comp_7129_cycle_1_3","fixed","cond",NA,"Dx.StatusCELIAC:onset_timeline_combinedt0-18",10.9237410950356,5.58881997369528,1.95457022170155,0.0506338189574258,-0.0301447694851884,21.8776269595565,0.36681267934398
"virus_comp_7129_cycle_1_3","fixed","cond",NA,"Dx.StatusCELIAC:onset_timeline_combinedt0-24",12.0282799378291,4.96404839321061,2.42307870210942,0.0153895921940086,2.29892386962241,21.7576360060359,0.113242030428724
"virus_comp_7129_cycle_1_3","fixed","cond",NA,"Dx.StatusCELIAC:onset_timeline_combinedt0-30",9.78344484174177,5.50226669025529,1.7780753628443,0.0753914782083922,-1.000799704493,20.5676893879765,0.40383059679143
"virus_comp_7129_cycle_1_3","fixed","cond",NA,"Dx.StatusCELIAC:onset_timeline_combinedt0-36",6.52064554089769,4.88611901455309,1.3345245012404,0.182032022586081,-3.05597175180271,16.0972628335981,0.892693207903869
"virus_comp_7129_cycle_1_3","fixed","cond",NA,"Dx.StatusCELIAC:onset_timeline_combinedt0-over42",5.39717018978051,3.7084426097411,1.45537379373314,0.145565807367856,-1.87124376404576,12.6655841436068,1
"virus_comp_8074_cycle_1_1","fixed","cond",NA,"(Intercept)",-29.4097711146679,7.49443219851536,-3.92421604941518,8.70126217603563e-05,-44.0985883083353,-14.7209539210004,0.000344451069606574
"virus_comp_8074_cycle_1_1","fixed","cond",NA,"Dx.StatusCELIAC",1.10202478093668,5.51249932535452,0.199913816926554,0.84154798422504,-9.70227536155953,11.9063249234329,0.999998120218113
"virus_comp_8074_cycle_1_1","fixed","cond",NA,"onset_timeline_combinedt0-6",1.9591121540569,2.6922956938901,0.727673471566633,0.466813493344538,-3.31769044169996,7.23591474981377,1
"virus_comp_8074_cycle_1_1","fixed","cond",NA,"onset_timeline_combinedt0-12",-6.78984556069702,3.31543497417187,-2.04795015242095,0.0405648839493657,-13.2879787031584,-0.291712418235674,0.264753642029598
"virus_comp_8074_cycle_1_1","fixed","cond",NA,"onset_timeline_combinedt0-18",-9.10684896305187,5.02921435313966,-1.81078958334051,0.0701734293796376,-18.9639279657375,0.750230039633774,0.442474719107883
"virus_comp_8074_cycle_1_1","fixed","cond",NA,"onset_timeline_combinedt0-24",-13.1781514519822,4.4311668032589,-2.97396871683781,0.00293975044245984,-21.8630787958591,-4.49322410810526,0.0219616650701411
"virus_comp_8074_cycle_1_1","fixed","cond",NA,"onset_timeline_combinedt0-30",-10.747405422043,4.75813645415507,-2.25874258243639,0.0238994020006906,-20.073181505714,-1.42162933837191,0.161006497688863
"virus_comp_8074_cycle_1_1","fixed","cond",NA,"onset_timeline_combinedt0-36",-8.5148153840898,4.19828295285827,-2.0281661526155,0.0425432931379719,-16.7432987686005,-0.28633199957912,0.20780762417394
"virus_comp_8074_cycle_1_1","fixed","cond",NA,"onset_timeline_combinedt0-over42",-8.71470210121134,2.96788579041047,-2.93633337555286,0.00332117188463052,-14.531651360644,-2.89775284177864,0.0303650000880504
"virus_comp_8074_cycle_1_1","fixed","cond",NA,"SexMale",0.590277980221064,3.88085751256131,0.152099884706019,0.879108155141188,-7.0160629735308,8.19661893397293,1
"virus_comp_8074_cycle_1_1","fixed","cond",NA,"Age.at.Gluten.Introduction..months.",0.319057987167523,0.497795813144731,0.640941483922765,0.521560702052862,-0.656603878250979,1.29471985258603,0.883719897235668
"virus_comp_8074_cycle_1_1","fixed","cond",NA,"HLA.CategoryHigh Risk",4.28948384578692,4.1499072410034,1.03363366858045,0.301307453308667,-3.84418488576173,12.4231525773356,0.999993113296695
"virus_comp_8074_cycle_1_1","fixed","cond",NA,"HLA.CategoryLow/No Risk",-0.286931700198388,6.43689678151409,-0.0445760915449845,0.96444519989525,-12.9030175641678,12.329154163771,0.999999262755209
"virus_comp_8074_cycle_1_1","fixed","cond",NA,"feeding_first_yearFormula",-2.00699659063396,6.21367279277483,-0.322996826123137,0.746697645738149,-14.185571476189,10.1715782949211,1
"virus_comp_8074_cycle_1_1","fixed","cond",NA,"feeding_first_yearBreastmilk_and_formula",0.563660215034872,4.91928966604592,0.114581627287652,0.908776743082752,-9.07797035993519,10.2052907900049,0.999998456348986
"virus_comp_8074_cycle_1_1","fixed","cond",NA,"Delivery.ModeC-Section",21.9100595107364,13.970020496526,1.56836273190758,0.11679650340983,-5.47067752574095,49.2907965472137,0.938899283384921
"virus_comp_8074_cycle_1_1","fixed","cond",NA,"Dx.StatusCELIAC:onset_timeline_combinedt0-6",-2.51385779792029,4.08407846748196,-0.615526322017561,0.53820719164365,-10.5185045042205,5.49078890837989,1
"virus_comp_8074_cycle_1_1","fixed","cond",NA,"Dx.StatusCELIAC:onset_timeline_combinedt0-12",9.66577460106952,3.7157220565697,2.6013179817849,0.00928663312178354,2.38309319363181,16.9484560085072,0.0693766121450888
"virus_comp_8074_cycle_1_1","fixed","cond",NA,"Dx.StatusCELIAC:onset_timeline_combinedt0-18",13.0556416911714,5.57797470971715,2.34057025544195,0.0192543154433258,2.12301215345052,23.9882712288923,0.36681267934398
"virus_comp_8074_cycle_1_1","fixed","cond",NA,"Dx.StatusCELIAC:onset_timeline_combinedt0-24",14.1949540484624,4.89286464959713,2.90115404063573,0.00371791063974724,4.60511555402286,23.784792542902,0.0590983332468044
"virus_comp_8074_cycle_1_1","fixed","cond",NA,"Dx.StatusCELIAC:onset_timeline_combinedt0-30",10.4953191712321,5.26562076525251,1.99317794408781,0.0462419653700261,0.174892115090929,20.8157462273733,0.348174798080196
"virus_comp_8074_cycle_1_1","fixed","cond",NA,"Dx.StatusCELIAC:onset_timeline_combinedt0-36",7.2002864936541,4.80789877170295,1.49759527717839,0.134238434564457,-2.22302194019804,16.6235949275062,0.892693207903869
"virus_comp_8074_cycle_1_1","fixed","cond",NA,"Dx.StatusCELIAC:onset_timeline_combinedt0-over42",6.98214588104901,3.72633202970344,1.8737315476433,0.060967435391524,-0.321330691607767,14.2856224537058,0.796035461907399
"virus_comp_8200_cycle_1_1","fixed","cond",NA,"(Intercept)",-27.4382177199487,7.05785925518661,-3.88761191288778,0.000101235315960953,-41.2713676680672,-13.6050677718303,0.000357135697973362
"virus_comp_8200_cycle_1_1","fixed","cond",NA,"Dx.StatusCELIAC",0.160816722629219,5.41320341164614,0.029708235660096,0.976299743715185,-10.4488670051866,10.770500450445,0.999998120218113
"virus_comp_8200_cycle_1_1","fixed","cond",NA,"onset_timeline_combinedt0-6",1.87678300449732,2.90985712518609,0.644974280095383,0.518943853358189,-3.82643216102468,7.57999817001932,1
"virus_comp_8200_cycle_1_1","fixed","cond",NA,"onset_timeline_combinedt0-12",-6.73506295078724,3.8643339324883,-1.74287809191749,0.0813549116375102,-14.3090182827004,0.838892381125871,0.369002634927279
"virus_comp_8200_cycle_1_1","fixed","cond",NA,"onset_timeline_combinedt0-18",-10.3908816780025,5.57443995564398,-1.86402253153376,0.062318540279101,-21.3165832250457,0.534819869040794,0.442474719107883
"virus_comp_8200_cycle_1_1","fixed","cond",NA,"onset_timeline_combinedt0-24",-15.5111382781686,4.91935382769403,-3.1530844947251,0.00161555037390722,-25.1528946076582,-5.86938194867906,0.015497051530388
"virus_comp_8200_cycle_1_1","fixed","cond",NA,"onset_timeline_combinedt0-30",-12.7556609930881,5.14836265548773,-2.4776150878749,0.0132263745291912,-22.846266377195,-2.66505560898116,0.112865062649098
"virus_comp_8200_cycle_1_1","fixed","cond",NA,"onset_timeline_combinedt0-36",-10.8320817554367,4.70677142311025,-2.30138257877813,0.021370015753858,-20.0571842281951,-1.60697928267827,0.123983527983346
"virus_comp_8200_cycle_1_1","fixed","cond",NA,"onset_timeline_combinedt0-over42",-9.98900308381302,3.3585827883542,-2.9741720580626,0.00293780294186487,-16.5717043880834,-3.40630177954268,0.0303650000880504
"virus_comp_8200_cycle_1_1","fixed","cond",NA,"SexMale",0.615416652917077,4.09170152629449,0.150406047206089,0.880444270563697,-7.40417097410768,8.63500427994184,1
"virus_comp_8200_cycle_1_1","fixed","cond",NA,"Age.at.Gluten.Introduction..months.",0.1576389942818,0.526381836914298,0.29947650778738,0.764576494063383,-0.87405044818626,1.18932843674986,0.883719897235668
"virus_comp_8200_cycle_1_1","fixed","cond",NA,"HLA.CategoryHigh Risk",2.98770987609699,3.90448149335106,0.765200163244407,0.444152362493744,-4.66493322917425,10.6403529813682,0.999993113296695
"virus_comp_8200_cycle_1_1","fixed","cond",NA,"HLA.CategoryLow/No Risk",1.04335280926535,6.35775760732916,0.16410704429225,0.86964687645424,-11.4176231235354,13.5043287420661,0.999999262755209
"virus_comp_8200_cycle_1_1","fixed","cond",NA,"feeding_first_yearFormula",-1.38761554487794,6.12045063338687,-0.226717872260671,0.820643128906752,-13.3834783554716,10.6082472657157,1
"virus_comp_8200_cycle_1_1","fixed","cond",NA,"feeding_first_yearBreastmilk_and_formula",-0.618166979390478,5.04228871405515,-0.122596506159468,0.902426621254371,-10.5008712585914,9.2645372998104,0.999998456348986
"virus_comp_8200_cycle_1_1","fixed","cond",NA,"Delivery.ModeC-Section",22.264558474451,15.5843553286094,1.42864802585566,0.153105423173377,-8.28021669189827,52.8093336408003,0.938899283384921
"virus_comp_8200_cycle_1_1","fixed","cond",NA,"Dx.StatusCELIAC:onset_timeline_combinedt0-6",-2.71563711036302,4.78321690680778,-0.567742831502782,0.570209603477813,-12.0905699779493,6.65929575722329,1
"virus_comp_8200_cycle_1_1","fixed","cond",NA,"Dx.StatusCELIAC:onset_timeline_combinedt0-12",9.56616719780302,4.34551460068455,2.20138880589564,0.0277085107880773,1.04911508616835,18.0832193094377,0.152999168264601
"virus_comp_8200_cycle_1_1","fixed","cond",NA,"Dx.StatusCELIAC:onset_timeline_combinedt0-18",12.5573538275724,6.14968860824262,2.04194954045989,0.0411565368937216,0.504185639280662,24.6105220158642,0.36681267934398
"virus_comp_8200_cycle_1_1","fixed","cond",NA,"Dx.StatusCELIAC:onset_timeline_combinedt0-24",15.0243589133147,5.45661416799096,2.75342152674988,0.00589759069647879,4.32959166652143,25.719126160108,0.0748994018452806
"virus_comp_8200_cycle_1_1","fixed","cond",NA,"Dx.StatusCELIAC:onset_timeline_combinedt0-30",13.291169297785,5.78066611723543,2.29924528215814,0.0214910150129724,1.96127190135255,24.6210666942174,0.275084992166047
"virus_comp_8200_cycle_1_1","fixed","cond",NA,"Dx.StatusCELIAC:onset_timeline_combinedt0-36",9.71210599383455,5.4564817991799,1.77992089981758,0.0750889067924087,-0.982401814856374,20.4066138025255,0.845557104494205
"virus_comp_8200_cycle_1_1","fixed","cond",NA,"Dx.StatusCELIAC:onset_timeline_combinedt0-over42",8.32910406768336,4.37167652250566,1.90524253677156,0.0567485512235142,-0.239224468487025,16.8974326038538,0.796035461907399
"virus_comp_8200_cycle_1_2","fixed","cond",NA,"(Intercept)",-28.7429218263965,7.79725747060478,-3.68628609927987,0.000227550528966551,-44.0252656469678,-13.4605780058253,0.000642198159527821
"virus_comp_8200_cycle_1_2","fixed","cond",NA,"Dx.StatusCELIAC",-0.176256688813512,6.56143709715043,-0.0268625129226733,0.978569393073996,-13.0364370860534,12.6839237084264,0.999998120218113
"virus_comp_8200_cycle_1_2","fixed","cond",NA,"onset_timeline_combinedt0-6",1.6586520227891,3.01714677694292,0.549741906977991,0.582496408971463,-4.25484699609013,7.57215104166834,1
"virus_comp_8200_cycle_1_2","fixed","cond",NA,"onset_timeline_combinedt0-12",-5.40298170578731,3.75994279799375,-1.43698508090875,0.15072223275511,-12.7723341737858,1.9663707622112,0.445156361858116
"virus_comp_8200_cycle_1_2","fixed","cond",NA,"onset_timeline_combinedt0-18",-9.17402671916517,6.02454518933144,-1.52277498646885,0.127815010014816,-20.9819183134888,2.63386487515849,0.476191885638561
"virus_comp_8200_cycle_1_2","fixed","cond",NA,"onset_timeline_combinedt0-24",-11.8673953030217,5.26844347124227,-2.25254296981636,0.0242879804645933,-22.1933547612417,-1.54143584480164,0.110163339964405
"virus_comp_8200_cycle_1_2","fixed","cond",NA,"onset_timeline_combinedt0-30",-8.69032300769746,5.34449818670352,-1.62603161309287,0.103942930465595,-19.165346969076,1.78470095368106,0.359586354043138
"virus_comp_8200_cycle_1_2","fixed","cond",NA,"onset_timeline_combinedt0-36",-6.55844734852465,5.37064282987042,-1.22116617251996,0.222023109282425,-17.0847138688989,3.96781917184965,0.565769889433483
"virus_comp_8200_cycle_1_2","fixed","cond",NA,"onset_timeline_combinedt0-over42",-29.6639107641402,4009.01620463303,-0.00739929929189586,0.994096267205484,-7887.19128528235,7827.86346375406,1
"virus_comp_8200_cycle_1_2","fixed","cond",NA,"SexMale",1.24216382355365,4.46173073842484,0.278404031165758,0.780702225368158,-7.50266773247434,9.98699537958164,1
"virus_comp_8200_cycle_1_2","fixed","cond",NA,"Age.at.Gluten.Introduction..months.",0.207871664512781,0.545047094492382,0.381382942159113,0.70291911647713,-0.860401010570488,1.27614433959605,0.883719897235668
"virus_comp_8200_cycle_1_2","fixed","cond",NA,"HLA.CategoryHigh Risk",3.59412255262698,4.30671835694673,0.834538563876524,0.403977565621776,-4.84689031854612,12.0351354238001,0.999993113296695
"virus_comp_8200_cycle_1_2","fixed","cond",NA,"HLA.CategoryLow/No Risk",1.05973052059484,6.53233544175918,0.162228429639469,0.871125972716146,-11.7434116801877,13.8628727213774,0.999999262755209
"virus_comp_8200_cycle_1_2","fixed","cond",NA,"feeding_first_yearFormula",-2.90989925596213,7.55385287142751,-0.385220536524989,0.700074029283151,-17.7151788284745,11.8953803165502,1
"virus_comp_8200_cycle_1_2","fixed","cond",NA,"feeding_first_yearBreastmilk_and_formula",-0.639651956349973,5.33001677179473,-0.120009370277195,0.904475725200254,-11.0862928660621,9.80698895336215,0.999998456348986
"virus_comp_8200_cycle_1_2","fixed","cond",NA,"Delivery.ModeC-Section",10.4438938802622,12.0382157524954,0.867561613364275,0.385634368456433,-13.1505754327516,34.0383631932759,1
"virus_comp_8200_cycle_1_2","fixed","cond",NA,"Dx.StatusCELIAC:onset_timeline_combinedt0-6",-0.980251825743503,5.09189814115151,-0.1925120649648,0.847341118190063,-10.9601887953469,8.99968514385991,1
"virus_comp_8200_cycle_1_2","fixed","cond",NA,"Dx.StatusCELIAC:onset_timeline_combinedt0-12",9.42434596767309,4.96278088736133,1.89900505010689,0.0575638119980619,-0.302525834718836,19.151217770065,0.273666711850629
"virus_comp_8200_cycle_1_2","fixed","cond",NA,"Dx.StatusCELIAC:onset_timeline_combinedt0-18",12.5933292445864,7.03946858238541,1.78896021726671,0.0736212227188572,-1.20377564719027,26.390434136363,0.432402079746534
"virus_comp_8200_cycle_1_2","fixed","cond",NA,"Dx.StatusCELIAC:onset_timeline_combinedt0-24",13.5284470386768,6.19848565643671,2.18254067017618,0.0290696530767411,1.37963839337273,25.6772556839809,0.167811179124823
"virus_comp_8200_cycle_1_2","fixed","cond",NA,"Dx.StatusCELIAC:onset_timeline_combinedt0-30",10.3200859472229,6.43213321882307,1.60445774304271,0.108613191785697,-2.28666350543402,22.9268353998798,0.44846737253449
"virus_comp_8200_cycle_1_2","fixed","cond",NA,"Dx.StatusCELIAC:onset_timeline_combinedt0-36",6.08256238296548,6.31007391497015,0.963944712047681,0.335073645543553,-6.28495523016167,18.4500799960926,1
"virus_comp_8200_cycle_1_2","fixed","cond",NA,"Dx.StatusCELIAC:onset_timeline_combinedt0-over42",27.2908004514055,4009.01753724656,0.00680735372141803,0.994568559514673,-7830.23918594131,7884.82078684413,1
"virus_comp_99_cycle_1_1","fixed","cond",NA,"(Intercept)",-28.1500089974818,7.33987476815492,-3.83521652434925,0.000125453725505287,-42.5358991940998,-13.7641188008639,0.000396865082953802
"virus_comp_99_cycle_1_1","fixed","cond",NA,"Dx.StatusCELIAC",0.549230973887507,5.86974663996086,0.0935697922885423,0.925450906567438,-10.9552610388108,12.0537229865858,0.999998120218113
"virus_comp_99_cycle_1_1","fixed","cond",NA,"onset_timeline_combinedt0-6",1.54883001069627,2.6786533101137,0.578212195228254,0.563120866267305,-3.70123400419557,6.79889402558811,1
"virus_comp_99_cycle_1_1","fixed","cond",NA,"onset_timeline_combinedt0-12",-7.27436428743396,2.79503356750906,-2.60260355081062,0.00925188707336695,-12.7525294153322,-1.7961991595357,0.0979158048598002
"virus_comp_99_cycle_1_1","fixed","cond",NA,"onset_timeline_combinedt0-18",-4.70268896257726,3.68681264016776,-1.27554324603902,0.202117027454513,-11.9287089550531,2.52333102989858,0.560277004287534
"virus_comp_99_cycle_1_1","fixed","cond",NA,"onset_timeline_combinedt0-24",-30.3067262570939,7165.48271209044,-0.00422954425749389,0.996625321999344,-14074.3947737987,14013.7813212845,0.999995842904296
"virus_comp_99_cycle_1_1","fixed","cond",NA,"onset_timeline_combinedt0-30",-33.8601530675237,32766.2570547884,-0.00103338483278411,0.999175478343303,-64254.5438886343,64186.8235824992,1
"virus_comp_99_cycle_1_1","fixed","cond",NA,"onset_timeline_combinedt0-36",-31.899054101945,9748.35641857516,-0.00327224946773206,0.997389127329973,-19138.3265429691,19074.5284347652,0.999999999336064
"virus_comp_99_cycle_1_1","fixed","cond",NA,"onset_timeline_combinedt0-over42",-10.9533908500881,3.21038635024483,-3.4118606470068,0.000645210884081244,-17.245632473027,-4.66114922714928,0.0127485997153017
"virus_comp_99_cycle_1_1","fixed","cond",NA,"SexMale",1.23091573891028,4.30352997352028,0.286024669627986,0.77485922688238,-7.20384801557809,9.66567949339864,1
"virus_comp_99_cycle_1_1","fixed","cond",NA,"Age.at.Gluten.Introduction..months.",0.202521567666163,0.51150674171918,0.395931375186739,0.69215565438106,-0.80001322395286,1.20505635928519,0.883719897235668
"virus_comp_99_cycle_1_1","fixed","cond",NA,"HLA.CategoryHigh Risk",3.3009628801166,4.09292454778591,0.806504698920549,0.419951899728119,-4.72102182498367,11.3229475852169,0.999993113296695
"virus_comp_99_cycle_1_1","fixed","cond",NA,"HLA.CategoryLow/No Risk",0.939882613093519,6.27046584996692,0.149890396596048,0.880851088525084,-11.35000461913,13.229769845317,0.999999262755209
"virus_comp_99_cycle_1_1","fixed","cond",NA,"feeding_first_yearFormula",-2.91815728694531,7.22528839801657,-0.403881080753314,0.68630016936245,-17.0794623249729,11.2431477510823,1
"virus_comp_99_cycle_1_1","fixed","cond",NA,"feeding_first_yearBreastmilk_and_formula",-0.544108813856005,5.07691812816189,-0.107173052651334,0.914651693146983,-10.4946854975118,9.4064678697998,0.999998456348986
"virus_comp_99_cycle_1_1","fixed","cond",NA,"Delivery.ModeC-Section",10.3964010228149,11.5822818434569,0.897612505318895,0.369392169749134,-12.3044542491528,33.0972562947825,1
"virus_comp_99_cycle_1_1","fixed","cond",NA,"Dx.StatusCELIAC:onset_timeline_combinedt0-6",-1.98030479293512,4.22165291131995,-0.4690828058425,0.639010448697529,-10.2545924543509,6.29398286848064,1
"virus_comp_99_cycle_1_1","fixed","cond",NA,"Dx.StatusCELIAC:onset_timeline_combinedt0-12",10.4014214840417,3.50011319051356,2.97173860326371,0.00296118680411252,3.5413256888215,17.2615172792618,0.0417856360135877
"virus_comp_99_cycle_1_1","fixed","cond",NA,"Dx.StatusCELIAC:onset_timeline_combinedt0-18",7.04542553102389,4.47252668827414,1.57526740969378,0.115194733226679,-1.72056569788763,15.8114167599354,0.546108364926476
"virus_comp_99_cycle_1_1","fixed","cond",NA,"Dx.StatusCELIAC:onset_timeline_combinedt0-24",30.4219855487117,7165.48302058582,0.00424562942390792,0.996612488008636,-14013.6666666328,14074.5106377302,0.999996294200444
"virus_comp_99_cycle_1_1","fixed","cond",NA,"Dx.StatusCELIAC:onset_timeline_combinedt0-30",34.1675287471155,32766.2571510406,0.00104276569000895,0.999167993506189,-64186.5163954704,64254.8514529646,1
"virus_comp_99_cycle_1_1","fixed","cond",NA,"Dx.StatusCELIAC:onset_timeline_combinedt0-36",30.8172471169772,9748.35671651556,0.00316127610151637,0.997477670807385,-19075.6108257026,19137.2453199366,1
"virus_comp_99_cycle_1_1","fixed","cond",NA,"Dx.StatusCELIAC:onset_timeline_combinedt0-over42",8.55780829916974,3.99454199968976,2.14237534611838,0.0321632901450168,0.728649845045203,16.3869667532943,0.796035461907399
