"orf_id","effect","component","group","term","estimate","std.error","statistic","p.value","conf.low","conf.high","p.adj"
"edge_1627_22","fixed","cond",NA,"(Intercept)",-14.242608829412,2908.71926633674,-0.00489652232659402,0.996093156045694,-5715.22761198718,5686.74239432836,0.999881086915019
"edge_1627_22","fixed","cond",NA,"Dx.StatusCELIAC",-1.53428029149183,89706.0622538423,-1.71034181296495e-05,0.999986353446738,-175822.18549273,175819.116932147,0.999986353446738
"edge_1627_22","fixed","cond",NA,"onset_timeline_combinedt0-6",11.7668726688143,6803.12061877912,0.00172962869956081,0.998619956652792,-13322.1045226201,13345.6382679577,0.999999447029537
"edge_1627_22","fixed","cond",NA,"onset_timeline_combinedt0-12",23.0074625027554,2908.72064375989,0.00790982198724156,0.993688940966616,-5677.98024035479,5723.9951653603,0.99998627227119
"edge_1627_22","fixed","cond",NA,"onset_timeline_combinedt0-18",17.9307704580293,2908.70445694548,0.00616452125798263,0.995081454815405,-5683.02520682625,5718.88674774231,0.999997145165192
"edge_1627_22","fixed","cond",NA,"onset_timeline_combinedt0-24",-4.68193792476949,30364.8409292145,-0.000154189443497625,0.999876974624082,-59518.6765554729,59509.3126796233,0.99999582928833
"edge_1627_22","fixed","cond",NA,"onset_timeline_combinedt0-30",-6.37346729118703,70477.4822265461,-9.04326756551811e-05,0.999927845164401,-138139.700352383,138126.953417801,0.999987296772671
"edge_1627_22","fixed","cond",NA,"onset_timeline_combinedt0-36",-4.55514810904897,28517.2823082952,-0.000159732896697662,0.999872551588415,-55897.4014093288,55888.2911131107,0.999986401700165
"edge_1627_22","fixed","cond",NA,"onset_timeline_combinedt0-over42",6.39390464114218,7187.10680826982,0.00088963540012861,0.999290173743126,-14080.0765926103,14092.8644018926,0.999994751597901
"edge_1627_22","fixed","cond",NA,"SexMale",3.08525533859898,2.45969774987789,1.25432295035117,0.20972464536159,-1.7356636640159,7.90617434121385,0.990535691749098
"edge_1627_22","fixed","cond",NA,"Age.at.Gluten.Introduction..months.",-1.45798288401977,0.848861146231652,-1.71757523652978,0.0858741203946874,-3.1217201585092,0.205754390469654,0.5212200923141
"edge_1627_22","fixed","cond",NA,"HLA.CategoryHigh Risk",0.720164810675874,1.16096804708408,0.620314066769244,0.535051035585382,-1.55529074881073,2.99562037016247,0.967110809971833
"edge_1627_22","fixed","cond",NA,"HLA.CategoryLow/No Risk",5.41142374334237,10.4866093781171,0.516031783794163,0.605832210624155,-15.1419529577071,25.9648004443919,0.999989527982172
"edge_1627_22","fixed","cond",NA,"feeding_first_yearFormula",-21.1153454160325,29864.8616428549,-0.000707029741793037,0.999435871931995,-58555.1685686833,58512.9378778513,0.999985531355603
"edge_1627_22","fixed","cond",NA,"feeding_first_yearBreastmilk_and_formula",-5.86315493302385,4.0791844888805,-1.43733507248969,0.15062280779305,-13.8582096175241,2.13189975147635,0.836964856897864
"edge_1627_22","fixed","cond",NA,"Delivery.ModeC-Section",-1.51619796289895,1874.82969980086,-0.000808712366280519,0.999354740959149,-3676.11488671862,3673.08249079282,0.999999650716233
"edge_1627_22","fixed","cond",NA,"Dx.StatusCELIAC:onset_timeline_combinedt0-6",14.9601590039506,89916.6011539233,0.000166378163898134,0.999867249432383,-176218.339714938,176248.260032946,0.999999878775183
"edge_1627_22","fixed","cond",NA,"Dx.StatusCELIAC:onset_timeline_combinedt0-12",-22.23283385321,109284.601349751,-0.000203439767164056,0.999837678551846,-214216.115544182,214171.649876476,0.999997398262547
"edge_1627_22","fixed","cond",NA,"Dx.StatusCELIAC:onset_timeline_combinedt0-18",-9.9921534870514,89742.2653581192,-0.000111342781989929,0.999911161313477,-175901.600146437,175881.615839463,0.999999861216808
"edge_1627_22","fixed","cond",NA,"Dx.StatusCELIAC:onset_timeline_combinedt0-24",0.996883895568144,575382.707229908,1.73255797062009e-06,0.999998617618745,-1127728.38661388,1127730.38038167,0.999998617618745
"edge_1627_22","fixed","cond",NA,"Dx.StatusCELIAC:onset_timeline_combinedt0-30",0.367472884219608,1028039.68181815,3.57450097227482e-07,0.999999714796086,-2014920.38356871,2014921.11851448,0.999999714796086
"edge_1627_22","fixed","cond",NA,"Dx.StatusCELIAC:onset_timeline_combinedt0-36",1.04805547226798,292531.107038963,3.58271461410217e-06,0.999997141407324,-573349.386098526,573351.482209471,0.999999153356744
"edge_1627_22","fixed","cond",NA,"Dx.StatusCELIAC:onset_timeline_combinedt0-over42",17.0082699096114,89946.2123094906,0.000189093786974472,0.999849124987728,-176274.328402485,176308.344942304,0.999996861415992
"edge_1980_4","fixed","cond",NA,"(Intercept)",-14.535530560143,5.8494583779723,-2.48493614637562,0.0129574674149131,-26.0002583100348,-3.07080281025126,0.0463775639741977
"edge_1980_4","fixed","cond",NA,"Dx.StatusCELIAC",-9.69127293021154,179.869319978545,-0.0538795217070234,0.957031152272941,-362.22866201187,342.846116151447,0.999986353446738
"edge_1980_4","fixed","cond",NA,"onset_timeline_combinedt0-6",-13.4989101352637,727.968877081525,-0.0185432517244167,0.985205473601902,-1440.29169108112,1413.29387081059,0.999999447029537
"edge_1980_4","fixed","cond",NA,"onset_timeline_combinedt0-12",-11.6144927988549,639.89889014282,-0.0181505124915323,0.985518781434817,-1265.79327122593,1242.56428562822,0.99998627227119
"edge_1980_4","fixed","cond",NA,"onset_timeline_combinedt0-18",-12.6341097350914,864.493342872152,-0.0146144673516125,0.988339757208206,-1707.00992663914,1681.74170716896,0.999997145165192
"edge_1980_4","fixed","cond",NA,"onset_timeline_combinedt0-24",1.82606222535372,1.46983175898722,1.24236138877007,0.214103254811789,-1.05475508559439,4.70687953630184,0.99999582928833
"edge_1980_4","fixed","cond",NA,"onset_timeline_combinedt0-30",-12.1670143799591,685.649261980827,-0.0177452453530087,0.985842085748819,-1356.01487388885,1331.68084512893,0.999987296772671
"edge_1980_4","fixed","cond",NA,"onset_timeline_combinedt0-36",1.90210197821827,1.46403017792641,1.29922320379511,0.193867340561268,-0.967344442797254,4.7715483992338,0.447590984981302
"edge_1980_4","fixed","cond",NA,"onset_timeline_combinedt0-over42",0.056161212678356,1.63759525346811,0.0342949288350815,0.972641968696012,-3.15346650537287,3.26578893072958,0.999994751597901
"edge_1980_4","fixed","cond",NA,"SexMale",-7.05318870126375,4.45084995545983,-1.58468354850103,0.11303825157342,-15.7766943145567,1.67031691202921,0.990535691749098
"edge_1980_4","fixed","cond",NA,"Age.at.Gluten.Introduction..months.",1.36059624681997,0.638386245403188,2.13130570499785,0.0330639653815181,0.109382197603977,2.61181029603597,0.5212200923141
"edge_1980_4","fixed","cond",NA,"HLA.CategoryHigh Risk",-1.77905446057704,1.88770265690924,-0.942444221321335,0.345965255891216,-5.47888368163972,1.92077476048563,0.903310309051692
"edge_1980_4","fixed","cond",NA,"HLA.CategoryLow/No Risk",-33.7668396226886,16.5751046894159,-2.03720219301242,0.0416297841845621,-66.2534478539247,-1.28023139145245,0.999989527982172
"edge_1980_4","fixed","cond",NA,"feeding_first_yearFormula",3.47013058039251,2.45840038336779,1.4115400420003,0.15808543745843,-1.34824563058781,8.28850679137283,0.999985531355603
"edge_1980_4","fixed","cond",NA,"feeding_first_yearBreastmilk_and_formula",-2.74549390541467,1.64593971832765,-1.66804037526004,0.0953077120600819,-5.97147647406086,0.48048866323153,0.836964856897864
"edge_1980_4","fixed","cond",NA,"Delivery.ModeC-Section",28.022017065575,13.2783051174284,2.11036098491175,0.0348272743384637,1.9970172596814,54.0470168714686,0.999999650716233
"edge_1980_4","fixed","cond",NA,"Dx.StatusCELIAC:onset_timeline_combinedt0-6",-1.73878162285074,813474.105217935,-2.13747630280733e-06,0.999998294540659,-1594381.68736472,1594378.20980148,0.999999878775183
"edge_1980_4","fixed","cond",NA,"Dx.StatusCELIAC:onset_timeline_combinedt0-12",22.1600170439372,664.69768782706,0.0333384897371612,0.973404660436206,-1280.62351170415,1324.94354579202,0.999997398262547
"edge_1980_4","fixed","cond",NA,"Dx.StatusCELIAC:onset_timeline_combinedt0-18",-2.65458999337197,527798.140769369,-5.02955540825208e-06,0.999995986995392,-1034468.00160516,1034462.69242517,0.999999861216808
"edge_1980_4","fixed","cond",NA,"Dx.StatusCELIAC:onset_timeline_combinedt0-24",-16.1930777434796,265397.899137996,-6.10143403398226e-05,0.999951317599886,-520186.51696081,520154.130805323,0.999998617618745
"edge_1980_4","fixed","cond",NA,"Dx.StatusCELIAC:onset_timeline_combinedt0-30",23.3853497468957,708.849550207634,0.0329905686475301,0.973682108677921,-1365.93423911748,1412.70493861127,0.999999714796086
"edge_1980_4","fixed","cond",NA,"Dx.StatusCELIAC:onset_timeline_combinedt0-36",-17.6800842121313,537384.251238951,-3.2900264887498e-05,0.999973749386605,-1053271.45837158,1053236.09820315,0.999999153356744
"edge_1980_4","fixed","cond",NA,"Dx.StatusCELIAC:onset_timeline_combinedt0-over42",9.84711772602416,179.876544652312,0.0547437563082943,0.956342609114834,-342.704431456017,362.398666908066,0.999996861415992
"edge_2381_38","fixed","cond",NA,"(Intercept)",-24.6186500754041,23385.3721751542,-0.00105273715085707,0.999160037435896,-45859.1058784427,45809.8685782919,0.999881086915019
"edge_2381_38","fixed","cond",NA,"Dx.StatusCELIAC",-2.13053398367573,110627.991755631,-1.92585434288812e-05,0.999984633905535,-216829.010057014,216824.748989047,0.999986353446738
"edge_2381_38","fixed","cond",NA,"onset_timeline_combinedt0-6",-0.726297140064785,491843.398912148,-1.47668372020687e-06,0.999998821776859,-963996.074198717,963994.621604437,0.999999447029537
"edge_2381_38","fixed","cond",NA,"onset_timeline_combinedt0-12",21.9692734724885,23385.362958661,0.000939445477554666,0.999250431067999,-45812.4998909002,45856.4384378451,0.99998627227119
"edge_2381_38","fixed","cond",NA,"onset_timeline_combinedt0-18",-1.98510199382744,554806.963911138,-3.57800482501765e-06,0.999997145165192,-1087403.65273984,1087399.68253585,0.999997145165192
"edge_2381_38","fixed","cond",NA,"onset_timeline_combinedt0-24",-10.5486189462472,2018020.15119764,-5.22721189874486e-06,0.99999582928833,-3955257.36504239,3955236.2678045,0.99999582928833
"edge_2381_38","fixed","cond",NA,"onset_timeline_combinedt0-30",-5.30290175006977,333073.110021933,-1.59211344011547e-05,0.999987296772671,-652816.602763485,652805.996959985,0.999987296772671
"edge_2381_38","fixed","cond",NA,"onset_timeline_combinedt0-36",23.0438672601435,23385.3671314599,0.000985396856530125,0.99921376718915,-45811.433475648,45857.5212101683,0.999986401700165
"edge_2381_38","fixed","cond",NA,"onset_timeline_combinedt0-over42",-2.87764696590949,73977.582905199,-3.88989049506679e-05,0.999968963164316,-144996.275804482,144990.52051055,0.999994751597901
"edge_2381_38","fixed","cond",NA,"SexMale",0.815924797211511,3.77433586260568,0.216177051251667,0.828849741067199,-6.58163755905353,8.21348715347656,0.994111673083809
"edge_2381_38","fixed","cond",NA,"Age.at.Gluten.Introduction..months.",-0.561536511797693,0.915907849078124,-0.613092804437574,0.539814977757941,-2.35668290914836,1.23360988555298,0.8087794674144
"edge_2381_38","fixed","cond",NA,"HLA.CategoryHigh Risk",0.133915331703448,2.82198371080926,0.0474543248391201,0.962151132792725,-5.3970711064414,5.6649017698483,0.99681471658418
"edge_2381_38","fixed","cond",NA,"HLA.CategoryLow/No Risk",-19.7771954531658,43258.9389317498,-0.000457181704904241,0.999635221788883,-84805.7395111003,84766.185120194,0.999989527982172
"edge_2381_38","fixed","cond",NA,"feeding_first_yearFormula",-0.230387323837126,3.50311467214702,-0.0657664237111382,0.947563788337089,-7.09636591495912,6.63559126728487,0.999985531355603
"edge_2381_38","fixed","cond",NA,"feeding_first_yearBreastmilk_and_formula",-2.34571994227281,3.74663969034136,-0.626086343002225,0.531258309486879,-9.68899879839018,4.99755891384456,0.956122944670933
"edge_2381_38","fixed","cond",NA,"Delivery.ModeC-Section",0.473259727334469,144753.198269858,3.26942501437645e-06,0.999997391376258,-283710.58199618,283711.528515635,0.999999650716233
"edge_2381_38","fixed","cond",NA,"Dx.StatusCELIAC:onset_timeline_combinedt0-6",-0.318685659742275,2097543.83550208,-1.51932776969112e-07,0.999999878775183,-4111110.69226375,4111110.05489243,0.999999878775183
"edge_2381_38","fixed","cond",NA,"Dx.StatusCELIAC:onset_timeline_combinedt0-12",4.6231213430675,110627.980921538,4.17898013193101e-05,0.999966656562738,-216822.235167255,216831.481409941,0.999997398262547
"edge_2381_38","fixed","cond",NA,"Dx.StatusCELIAC:onset_timeline_combinedt0-18",0.256102857367622,1218632.40347416,2.1015595567417e-07,0.999999832319808,-2388475.36509998,2388475.87730569,0.999999861216808
"edge_2381_38","fixed","cond",NA,"Dx.StatusCELIAC:onset_timeline_combinedt0-24",36.8568335084063,2016704.14795646,1.82757761200391e-05,0.999985418040398,-3952630.64063368,3952704.3543007,0.999998617618745
"edge_2381_38","fixed","cond",NA,"Dx.StatusCELIAC:onset_timeline_combinedt0-30",1.68388234594791,2743460.65374386,6.13780388521338e-07,0.999999510274104,-5377082.39045832,5377085.75822302,0.999999714796086
"edge_2381_38","fixed","cond",NA,"Dx.StatusCELIAC:onset_timeline_combinedt0-36",-28.9834586400898,2752586.43330902,-1.05295362533802e-05,0.999991598645591,-5394999.25707787,5394941.29016059,0.999999153356744
"edge_2381_38","fixed","cond",NA,"Dx.StatusCELIAC:onset_timeline_combinedt0-over42",2.44953134944298,154668.979259472,1.58372503728343e-05,0.999987363702442,-303143.179342788,303148.078405487,0.999996861415992
"edge_2658_6","fixed","cond",NA,"(Intercept)",-1.98372072178966,2.42357556386677,-0.818509953378417,0.413066060930453,-6.73384154077989,2.76640009720056,0.538122758276369
"edge_2658_6","fixed","cond",NA,"Dx.StatusCELIAC",-1.62652425413918,1.60784449390904,-1.01161788985247,0.311720788766712,-4.77784155494192,1.52479304666357,0.999986353446738
"edge_2658_6","fixed","cond",NA,"onset_timeline_combinedt0-6",-22.9752183432922,101248.50575685,-0.00022691908558599,0.999818944766613,-198466.399990265,198420.449553579,0.999999447029537
"edge_2658_6","fixed","cond",NA,"onset_timeline_combinedt0-12",-1.20720419915321,1.19324359878499,-1.01169970690178,0.31168165571063,-3.54591867755475,1.13151027924834,0.99998627227119
"edge_2658_6","fixed","cond",NA,"onset_timeline_combinedt0-18",-19.1436578932826,14925.58038929,-0.00128260726845968,0.998976627743511,-29272.743669259,29234.4563534724,0.999997145165192
"edge_2658_6","fixed","cond",NA,"onset_timeline_combinedt0-24",0.656085877381827,0.911189388150587,0.720032394926662,0.471505050153102,-1.12981250648841,2.44198426125206,0.99999582928833
"edge_2658_6","fixed","cond",NA,"onset_timeline_combinedt0-30",1.28668432457988,1.03082207324221,1.24821184759161,0.211953486356155,-0.733689813443764,3.30705846260352,0.765753499201465
"edge_2658_6","fixed","cond",NA,"onset_timeline_combinedt0-36",0.476054317065528,0.908898567270161,0.523770566054843,0.600438127930897,-1.30535414038404,2.2574627745151,0.878991898620489
"edge_2658_6","fixed","cond",NA,"onset_timeline_combinedt0-over42",-1.162581457448,0.95455197828707,-1.21793415538694,0.223248995468863,-3.03346895626211,0.70830604136612,0.999994751597901
"edge_2658_6","fixed","cond",NA,"SexMale",-0.462255288192839,1.24831731709099,-0.37030271219024,0.711156953197626,-2.90891227096885,1.98440169458318,0.990535691749098
"edge_2658_6","fixed","cond",NA,"Age.at.Gluten.Introduction..months.",-0.204532902678934,0.265423468915106,-0.770590873199509,0.440949472643773,-0.724753342404229,0.31568753704636,0.754395483318261
"edge_2658_6","fixed","cond",NA,"HLA.CategoryHigh Risk",1.69107427394064,1.24089466824718,1.3627863163675,0.172949864884293,-0.741034584431606,4.12318313231288,0.701682308959132
"edge_2658_6","fixed","cond",NA,"HLA.CategoryLow/No Risk",1.91239353034428,1.73959718719708,1.09933123852978,0.271623611357611,-1.49715430416917,5.32194136485773,0.999989527982172
"edge_2658_6","fixed","cond",NA,"feeding_first_yearFormula",-1.83332244681799,1.74268862009991,-1.0520080441639,0.292795858992896,-5.24892937848161,1.58228448484564,0.999985531355603
"edge_2658_6","fixed","cond",NA,"feeding_first_yearBreastmilk_and_formula",0.315023159862138,1.1099299806639,0.28382255218812,0.776546370783315,-1.86039962760034,2.49044594732461,0.983038566973875
"edge_2658_6","fixed","cond",NA,"Delivery.ModeC-Section",2.08254853791077,2.71995627260709,0.765655153681805,0.443881517874524,-3.24846779592294,7.41356487174448,0.999999650716233
"edge_2658_6","fixed","cond",NA,"Dx.StatusCELIAC:onset_timeline_combinedt0-6",-2.40139379361748,861626.632732999,-2.78704685114071e-06,0.999997776258347,-1688759.56967099,1688754.7668834,0.999999878775183
"edge_2658_6","fixed","cond",NA,"Dx.StatusCELIAC:onset_timeline_combinedt0-12",2.41780715157199,1.7856137604521,1.35404822987017,0.175720991123444,-1.08193150921325,5.91754581235724,0.639804634346897
"edge_2658_6","fixed","cond",NA,"Dx.StatusCELIAC:onset_timeline_combinedt0-18",-1.55366538563102,86645.476598958,-1.79312925107703e-05,0.999985692898551,-169823.567222651,169820.45989188,0.999999861216808
"edge_2658_6","fixed","cond",NA,"Dx.StatusCELIAC:onset_timeline_combinedt0-24",-0.576257415660287,1.73635891403753,-0.331876901141552,0.739982213015284,-3.97945835140893,2.82694352008835,0.999998617618745
"edge_2658_6","fixed","cond",NA,"Dx.StatusCELIAC:onset_timeline_combinedt0-30",0.133173291646192,1.70377900192351,0.0781634774790879,0.937698013850896,-3.2061721897395,3.47251877303188,0.999999714796086
"edge_2658_6","fixed","cond",NA,"Dx.StatusCELIAC:onset_timeline_combinedt0-36",-22.0100501160945,43585.3337737593,-0.000504987531593614,0.999597078262269,-85447.6945008415,85403.6744006093,0.999999153356744
"edge_2658_6","fixed","cond",NA,"Dx.StatusCELIAC:onset_timeline_combinedt0-over42",0.304381382013532,1.74186596450737,0.174744433966604,0.861280451644363,-3.10961317431703,3.71837593834409,0.999996861415992
"edge_284_17","fixed","cond",NA,"(Intercept)",-6.73285124535574,3.03438769813865,-2.21885003339745,0.0264969288129679,-12.6801418488389,-0.785560641872598,0.068468942790749
"edge_284_17","fixed","cond",NA,"Dx.StatusCELIAC",0.939917104150861,1.88948332360962,0.497446625967181,0.618874132594951,-2.76340215951303,4.64323636781476,0.999986353446738
"edge_284_17","fixed","cond",NA,"onset_timeline_combinedt0-6",-18.4986625295235,25880.9072030319,-0.000714760977441949,0.999429703299994,-50744.1446676953,50707.1473426363,0.999999447029537
"edge_284_17","fixed","cond",NA,"onset_timeline_combinedt0-12",1.61068009183668,1.57873286248757,1.02023599439031,0.307616550595353,-1.48357945984879,4.70493964352215,0.99998627227119
"edge_284_17","fixed","cond",NA,"onset_timeline_combinedt0-18",-22.4942222162008,91513.3918118753,-0.000245802518853659,0.999803877967175,-179385.446276594,179340.457832162,0.999997145165192
"edge_284_17","fixed","cond",NA,"onset_timeline_combinedt0-24",-20.9642607938081,32585.2252763297,-0.000643367066393639,0.999486667386209,-63886.8322305243,63844.9037089366,0.99999582928833
"edge_284_17","fixed","cond",NA,"onset_timeline_combinedt0-30",-20.9660078727086,32607.2558958869,-0.000642985964217653,0.999486971461688,-63930.0131984924,63888.081182747,0.999987296772671
"edge_284_17","fixed","cond",NA,"onset_timeline_combinedt0-36",0.0660195078935571,1.55988090205342,0.0423234285429415,0.966240868740587,-2.991290880303,3.12332989609011,0.999986401700165
"edge_284_17","fixed","cond",NA,"onset_timeline_combinedt0-over42",0.248772120250182,1.5382989283147,0.161718971307305,0.871527164254292,-2.76623837670318,3.26378261720355,0.999994751597901
"edge_284_17","fixed","cond",NA,"SexMale",-0.542903816792256,1.68252185544285,-0.322672668432804,0.746943153264098,-3.84058605666175,2.75477842307723,0.990535691749098
"edge_284_17","fixed","cond",NA,"Age.at.Gluten.Introduction..months.",0.175100804475989,0.139720940057421,1.25321805309947,0.210126361640542,-0.0987472059226357,0.448948814874613,0.542907260983915
"edge_284_17","fixed","cond",NA,"HLA.CategoryHigh Risk",1.54234137235628,1.59178831173214,0.96893623416417,0.332577005409895,-1.57750638965053,4.66218913436308,0.903310309051692
"edge_284_17","fixed","cond",NA,"HLA.CategoryLow/No Risk",0.135953658338681,3.20874821441573,0.0423696872593154,0.966203992703446,-6.15307727737336,6.42498459405072,0.999989527982172
"edge_284_17","fixed","cond",NA,"feeding_first_yearFormula",0.482045603112398,1.90774096709484,0.252678750116936,0.800516470083199,-3.25705798422509,4.22114919044989,0.999985531355603
"edge_284_17","fixed","cond",NA,"feeding_first_yearBreastmilk_and_formula",-0.90692003723359,1.6468673465333,-0.550694042931072,0.581843428943676,-4.1347207237539,2.32088064928672,0.956122944670933
"edge_284_17","fixed","cond",NA,"Delivery.ModeC-Section",-25.8786306153706,415263.500503615,-6.23185774429632e-05,0.999950276969239,-813927.383711732,813875.626450501,0.999999650716233
"edge_284_17","fixed","cond",NA,"Dx.StatusCELIAC:onset_timeline_combinedt0-6",-5.14258096776308,398816.478860753,-1.28946050134468e-05,0.999989711593742,-781671.077589124,781660.792427188,0.999999878775183
"edge_284_17","fixed","cond",NA,"Dx.StatusCELIAC:onset_timeline_combinedt0-12",-2.77368468356441,2.08524934556185,-1.33014533224422,0.183470391943131,-6.86069829965136,1.31332893252254,0.651319891398114
"edge_284_17","fixed","cond",NA,"Dx.StatusCELIAC:onset_timeline_combinedt0-18",-5.33486650977081,1591817.30644681,-3.35143140369486e-06,0.999997325944626,-3119909.92546982,3119899.2557368,0.999999861216808
"edge_284_17","fixed","cond",NA,"Dx.StatusCELIAC:onset_timeline_combinedt0-24",21.8081428966525,32585.2252942337,0.000669264757255236,0.999466004022961,-63844.059861925,63887.6761477183,0.999998617618745
"edge_284_17","fixed","cond",NA,"Dx.StatusCELIAC:onset_timeline_combinedt0-30",-4.41420634587754,338747.519717579,-1.30309628526809e-05,0.999989602795928,-663937.352705072,663928.52429238,0.999999714796086
"edge_284_17","fixed","cond",NA,"Dx.StatusCELIAC:onset_timeline_combinedt0-36",-0.850640686382529,2.03623919252519,-0.417750866158129,0.676129277872936,-4.84159616764083,3.14031479487577,0.999999153356744
"edge_284_17","fixed","cond",NA,"Dx.StatusCELIAC:onset_timeline_combinedt0-over42",-2.02024133566141,1.92694605487124,-1.04841613523862,0.294446922749673,-5.79698620336057,1.75650353203776,0.999996861415992
"edge_329_17","fixed","cond",NA,"(Intercept)",-5.85683376912168,1.89103361016622,-3.09716005978702,0.00195384346117699,-9.56319153860224,-2.15047599964113,0.0185769824548532
"edge_329_17","fixed","cond",NA,"Dx.StatusCELIAC",0.339168314069004,1.66772182681013,0.203372234275866,0.83884410015082,-2.9295064027102,3.6078430308482,0.999986353446738
"edge_329_17","fixed","cond",NA,"onset_timeline_combinedt0-6",-18.056848922553,16949.4054596741,-0.0010653381893255,0.999149983267491,-33238.2811092503,33202.1674114051,0.999999447029537
"edge_329_17","fixed","cond",NA,"onset_timeline_combinedt0-12",0.180917900980287,1.43169393888028,0.126366324580365,0.899441957518859,-2.62515065610935,2.98698645806993,0.99998627227119
"edge_329_17","fixed","cond",NA,"onset_timeline_combinedt0-18",1.02492605960246,1.56449295973249,0.655117080090736,0.512392376015268,-2.04142379553969,4.09127591474461,0.999997145165192
"edge_329_17","fixed","cond",NA,"onset_timeline_combinedt0-24",0.487985070602255,1.45837425375783,0.334608945094067,0.737920096319266,-2.37037594274357,3.34634608394808,0.99999582928833
"edge_329_17","fixed","cond",NA,"onset_timeline_combinedt0-30",0.566589251040811,1.46268089980842,0.3873635398637,0.698487091892117,-2.30021263345833,3.43339113553995,0.999987296772671
"edge_329_17","fixed","cond",NA,"onset_timeline_combinedt0-36",2.66016634708072,1.27502572555877,2.08636288174886,0.0369457646039744,0.161161845623484,5.15917084853797,0.391284665407418
"edge_329_17","fixed","cond",NA,"onset_timeline_combinedt0-over42",0.989982610447285,1.25803642213438,0.786926827418623,0.431324701939093,-1.47572346817573,3.4556886890703,0.999994751597901
"edge_329_17","fixed","cond",NA,"SexMale",0.278599968110977,1.18889697020853,0.234334828914664,0.814725048977983,-2.05159527482652,2.60879521104848,0.994111673083809
"edge_329_17","fixed","cond",NA,"Age.at.Gluten.Introduction..months.",0.0722859261380787,0.107503279814121,0.672406704828588,0.501324815537692,-0.13841663051753,0.282988482793688,0.790979153403914
"edge_329_17","fixed","cond",NA,"HLA.CategoryHigh Risk",-1.49492690214556,1.36923754882516,-1.09179514060817,0.274923155436778,-4.17858318412278,1.18872937983166,0.903310309051692
"edge_329_17","fixed","cond",NA,"HLA.CategoryLow/No Risk",-1.24579332929516,2.89244304351799,-0.430706261299425,0.666681965557216,-6.91487752192383,4.42329086333351,0.999989527982172
"edge_329_17","fixed","cond",NA,"feeding_first_yearFormula",4.40816253787127,1.53475901501265,2.87221804514693,0.00407601623849128,1.4000901434983,7.41623493224424,0.479239331774334
"edge_329_17","fixed","cond",NA,"feeding_first_yearBreastmilk_and_formula",2.50893656911055,1.26093289437583,1.98974630632703,0.0466188888937633,0.0375535092120818,4.98031962900902,0.836964856897864
"edge_329_17","fixed","cond",NA,"Delivery.ModeC-Section",-0.579786283515829,2.75741027644921,-0.210264786661503,0.833461017095275,-5.98421111595691,4.82463854892525,0.999999650716233
"edge_329_17","fixed","cond",NA,"Dx.StatusCELIAC:onset_timeline_combinedt0-6",19.9022394793727,16949.4055298546,0.00117421460264886,0.999063112512771,-33200.3221583997,33240.1266373584,0.999999878775183
"edge_329_17","fixed","cond",NA,"Dx.StatusCELIAC:onset_timeline_combinedt0-12",-23.1167958427902,99922.6324142894,-0.000231346945974618,0.999815411845265,-195867.877568284,195821.643976599,0.999997398262547
"edge_329_17","fixed","cond",NA,"Dx.StatusCELIAC:onset_timeline_combinedt0-18",0.883704488151393,2.03064132980892,0.435184921718573,0.663428206328115,-3.09627938379261,4.8636883600954,0.999999861216808
"edge_329_17","fixed","cond",NA,"Dx.StatusCELIAC:onset_timeline_combinedt0-24",-24.2880038608751,156865.389679499,-0.000154833414244527,0.999876460809772,-307474.80219652,307426.226188798,0.999998617618745
"edge_329_17","fixed","cond",NA,"Dx.StatusCELIAC:onset_timeline_combinedt0-30",-22.623130411116,76454.5436874724,-0.000295903020539811,0.999763903551862,-149870.775212301,149825.528951479,0.999999714796086
"edge_329_17","fixed","cond",NA,"Dx.StatusCELIAC:onset_timeline_combinedt0-36",-27.2380087557302,226263.957855441,-0.00012038156237474,0.999903949410208,-443496.446404909,443441.970387397,0.999999153356744
"edge_329_17","fixed","cond",NA,"Dx.StatusCELIAC:onset_timeline_combinedt0-over42",-1.591583232545,2.22846997267197,-0.714204477539657,0.475100748571316,-5.95930411961101,2.77613765452102,0.999996861415992
"edge_329_18","fixed","cond",NA,"(Intercept)",-5.48348150963593,2.14668578272321,-2.55439410544741,0.0106372780486647,-9.69090832989759,-1.27605468937426,0.0431569566545826
"edge_329_18","fixed","cond",NA,"Dx.StatusCELIAC",0.920083039149519,1.81060151500508,0.508164293205586,0.611338129637649,-2.62863072061409,4.46879679891313,0.999986353446738
"edge_329_18","fixed","cond",NA,"onset_timeline_combinedt0-6",-17.5309641979268,16879.0612010827,-0.00103862199378733,0.999171299695638,-33099.8830111674,33064.8210827715,0.999999447029537
"edge_329_18","fixed","cond",NA,"onset_timeline_combinedt0-12",0.015115795744858,1.53057967356655,0.00987586337771963,0.992120329174093,-2.98476523991466,3.01499683140437,0.99998627227119
"edge_329_18","fixed","cond",NA,"onset_timeline_combinedt0-18",0.723545146665119,1.7800553321186,0.406473402039679,0.684394796269488,-2.76529919477582,4.21238948810606,0.999997145165192
"edge_329_18","fixed","cond",NA,"onset_timeline_combinedt0-24",0.182657050710506,1.57023873458544,0.11632438220213,0.907395462579729,-2.8949543162067,3.26026841762772,0.99999582928833
"edge_329_18","fixed","cond",NA,"onset_timeline_combinedt0-30",-0.335616565093761,1.58621601494828,-0.211583139957582,0.832432263905272,-3.44454282609305,2.77330969590552,0.999987296772671
"edge_329_18","fixed","cond",NA,"onset_timeline_combinedt0-36",2.42409216165025,1.5232809595377,1.59136247746833,0.111528023666045,-0.561483657379253,5.40966798067975,0.396026913744603
"edge_329_18","fixed","cond",NA,"onset_timeline_combinedt0-over42",1.15820394829875,1.37242296694324,0.843911808673958,0.398718688963116,-1.53169563846561,3.84810353506312,0.999994751597901
"edge_329_18","fixed","cond",NA,"SexMale",-0.995431534647313,1.49409708578298,-0.66624287278203,0.505255873560583,-3.9238080121882,1.93294494289358,0.990535691749098
"edge_329_18","fixed","cond",NA,"Age.at.Gluten.Introduction..months.",0.0476775135090234,0.124330070179247,0.383475320493961,0.701367365665083,-0.196004946237638,0.291359973255685,0.913707944260934
"edge_329_18","fixed","cond",NA,"HLA.CategoryHigh Risk",-0.721866604123874,1.23201885304327,-0.585921718925612,0.557928121329949,-3.13657918436303,1.69284597611528,0.967110809971833
"edge_329_18","fixed","cond",NA,"HLA.CategoryLow/No Risk",-1.32963823041244,3.23335550206532,-0.411225499195227,0.680907192316147,-7.66689856367489,5.00762210285,0.999989527982172
"edge_329_18","fixed","cond",NA,"feeding_first_yearFormula",3.70607755268513,1.60391693403358,2.31064182567421,0.0208526469736065,0.56245812778541,6.84969697758484,0.479239331774334
"edge_329_18","fixed","cond",NA,"feeding_first_yearBreastmilk_and_formula",1.06902760514463,1.21793844629478,0.877735330875569,0.380087366348084,-1.31808788497981,3.45614309526907,0.906556345479326
"edge_329_18","fixed","cond",NA,"Delivery.ModeC-Section",-0.0221682512477391,3.29308782192498,-0.00673175221752229,0.994628879405239,-6.47650178014814,6.43216527765266,0.999999650716233
"edge_329_18","fixed","cond",NA,"Dx.StatusCELIAC:onset_timeline_combinedt0-6",19.8920051248588,16879.0612768398,0.00117850186089159,0.999059691777978,-33062.4601903258,33102.2442005755,0.999999878775183
"edge_329_18","fixed","cond",NA,"Dx.StatusCELIAC:onset_timeline_combinedt0-12",-22.574896684414,80755.5060964219,-0.000279546222612482,0.999776954387852,-158300.458398976,158255.308605607,0.999997398262547
"edge_329_18","fixed","cond",NA,"Dx.StatusCELIAC:onset_timeline_combinedt0-18",0.221204701241645,2.32848042285972,0.0949995967627564,0.924315147209878,-4.34253306626999,4.78494246875328,0.999999861216808
"edge_329_18","fixed","cond",NA,"Dx.StatusCELIAC:onset_timeline_combinedt0-24",-23.0396447321364,101197.087665291,-0.00022767102555698,0.999818344805335,-198365.686809045,198319.60751958,0.999998617618745
"edge_329_18","fixed","cond",NA,"Dx.StatusCELIAC:onset_timeline_combinedt0-30",-20.2111650430927,34613.7322052606,-0.000583905974751288,0.999534110464259,-67861.879657868,67821.4573277818,0.999999714796086
"edge_329_18","fixed","cond",NA,"Dx.StatusCELIAC:onset_timeline_combinedt0-36",-28.4831711479334,499201.756188507,-5.70574337827002e-05,0.99995447475453,-978445.946319765,978388.97997747,0.999999153356744
"edge_329_18","fixed","cond",NA,"Dx.StatusCELIAC:onset_timeline_combinedt0-over42",-0.518604053231283,2.06036944705648,-0.251704398923301,0.801269556603692,-4.55685396430868,3.51964585784611,0.999996861415992
"edge_329_19","fixed","cond",NA,"(Intercept)",-6.33950295267998,2.53795772547311,-2.4978757089022,0.0124939991173164,-11.3138086888925,-1.36519721646748,0.0463775639741977
"edge_329_19","fixed","cond",NA,"Dx.StatusCELIAC",0.460062353827301,1.87546802476076,0.245305357251285,0.806220003971112,-3.21578742886027,4.13591213651487,0.999986353446738
"edge_329_19","fixed","cond",NA,"onset_timeline_combinedt0-6",-17.4047686783462,17026.1474514662,-0.00102223763349632,0.999184372516813,-33388.0405690206,33353.2310316639,0.999999447029537
"edge_329_19","fixed","cond",NA,"onset_timeline_combinedt0-12",0.0155918097920452,1.5486097567938,0.0100682626618123,0.991966824388647,-3.01962753963114,3.05081115921523,0.99998627227119
"edge_329_19","fixed","cond",NA,"onset_timeline_combinedt0-18",0.829252386513124,1.8840566782566,0.440141953309212,0.659834298042392,-2.86343084770197,4.52193562072822,0.999997145165192
"edge_329_19","fixed","cond",NA,"onset_timeline_combinedt0-24",0.161167201956032,1.58431346967622,0.101726839442304,0.918973497859218,-2.94403013883104,3.26636454274311,0.99999582928833
"edge_329_19","fixed","cond",NA,"onset_timeline_combinedt0-30",-0.389344031835153,1.61306828210361,-0.241368599305299,0.80926944750348,-3.55089976936211,2.77221170569181,0.999987296772671
"edge_329_19","fixed","cond",NA,"onset_timeline_combinedt0-36",2.43161910363059,1.5906035655147,1.5287398798479,0.126328941689548,-0.685906598459219,5.54914480572039,0.396026913744603
"edge_329_19","fixed","cond",NA,"onset_timeline_combinedt0-over42",-0.18348203522812,1.61074973752616,-0.113910951498845,0.909308384038133,-3.34049350888673,2.97352943843049,0.999994751597901
"edge_329_19","fixed","cond",NA,"SexMale",-0.708656933300031,1.5212607200349,-0.46583529303496,0.641333400570296,-3.6902731556639,2.27295928906384,0.990535691749098
"edge_329_19","fixed","cond",NA,"Age.at.Gluten.Introduction..months.",0.0569603180235291,0.124695436907261,0.456795528659897,0.647818019941263,-0.187438247351189,0.301358883398247,0.89310833817145
"edge_329_19","fixed","cond",NA,"HLA.CategoryHigh Risk",0.187567586625202,1.34864559704142,0.139078485138481,0.889388129353984,-2.45572921148449,2.83086438473489,0.986363062799899
"edge_329_19","fixed","cond",NA,"HLA.CategoryLow/No Risk",0.0967293282004496,2.99169519113593,0.0323326147954672,0.974206799949126,-5.76688549914764,5.96034415554854,0.999989527982172
"edge_329_19","fixed","cond",NA,"feeding_first_yearFormula",3.87609766755147,1.70943264508378,2.26747610015456,0.0233611572871597,0.52567124919022,7.22652408591272,0.479239331774334
"edge_329_19","fixed","cond",NA,"feeding_first_yearBreastmilk_and_formula",1.82653756624791,1.45789692647518,1.25285782079533,0.210257454474362,-1.03088790281509,4.68396303531091,0.836964856897864
"edge_329_19","fixed","cond",NA,"Delivery.ModeC-Section",-0.852409062379011,3.13172161637385,-0.2721854515811,0.785479427652334,-6.99047064007732,5.2856525153193,0.999999650716233
"edge_329_19","fixed","cond",NA,"Dx.StatusCELIAC:onset_timeline_combinedt0-6",19.9904465395618,17026.1475265768,0.00117410274452033,0.999063201762583,-33350.6455010166,33390.6263940957,0.999999878775183
"edge_329_19","fixed","cond",NA,"Dx.StatusCELIAC:onset_timeline_combinedt0-12",-23.4298574335349,115999.810626361,-0.00020198185934116,0.999838841793965,-227378.880898568,227332.021183701,0.999997398262547
"edge_329_19","fixed","cond",NA,"Dx.StatusCELIAC:onset_timeline_combinedt0-18",0.3365711174357,2.44075149484015,0.137896511851873,0.890322207211696,-4.44721390766328,5.12035614253468,0.999999861216808
"edge_329_19","fixed","cond",NA,"Dx.StatusCELIAC:onset_timeline_combinedt0-24",-23.775390752863,136904.790893164,-0.000173663686988256,0.999861436426076,-268352.234852341,268304.684070835,0.999998617618745
"edge_329_19","fixed","cond",NA,"Dx.StatusCELIAC:onset_timeline_combinedt0-30",-19.3089871189966,24564.9307607637,-0.000786038735750796,0.999372831893135,-48165.688560936,48127.070586698,0.999999714796086
"edge_329_19","fixed","cond",NA,"Dx.StatusCELIAC:onset_timeline_combinedt0-36",-29.6491452554629,817279.273145233,-3.62778626960164e-05,0.999971054453462,-1601867.58982099,1601808.29153047,0.999999153356744
"edge_329_19","fixed","cond",NA,"Dx.StatusCELIAC:onset_timeline_combinedt0-over42",-0.663828279121054,2.49303868448895,-0.266272755112556,0.790029154164087,-5.55009431278451,4.2224377545424,0.999996861415992
"edge_329_22","fixed","cond",NA,"(Intercept)",-5.06411604803763,1.94249150995419,-2.6070209429935,0.00913337738362727,-8.87132944782267,-1.2569026482526,0.0418367609185507
"edge_329_22","fixed","cond",NA,"Dx.StatusCELIAC",0.879048426468847,1.77127699413871,0.49627948049779,0.61969724143077,-2.59259068868739,4.35068754162509,0.999986353446738
"edge_329_22","fixed","cond",NA,"onset_timeline_combinedt0-6",-17.2223405900816,14987.9066014279,-0.00114908246015096,0.99908316504772,-29392.9794830389,29358.5348018587,0.999999447029537
"edge_329_22","fixed","cond",NA,"onset_timeline_combinedt0-12",0.0212462418290734,1.51944726079296,0.0139828754687975,0.988843643098985,-2.95681566573316,2.99930814939131,0.99998627227119
"edge_329_22","fixed","cond",NA,"onset_timeline_combinedt0-18",0.792393815445032,1.7725019804308,0.447048197515945,0.654840260469256,-2.68164622872525,4.26643385961531,0.999997145165192
"edge_329_22","fixed","cond",NA,"onset_timeline_combinedt0-24",0.161182848903715,1.54733782959191,0.104167846103928,0.917036150213888,-2.87154356901279,3.19390926682022,0.99999582928833
"edge_329_22","fixed","cond",NA,"onset_timeline_combinedt0-30",-0.299430480289215,1.56944638539623,-0.190787326713056,0.848692218123008,-3.37548887133239,2.77662791075396,0.999987296772671
"edge_329_22","fixed","cond",NA,"onset_timeline_combinedt0-36",2.28470975291313,1.46258346531117,1.56210555301679,0.118263124943782,-0.58190116348056,5.15132066930682,0.396026913744603
"edge_329_22","fixed","cond",NA,"onset_timeline_combinedt0-over42",1.09953954528502,1.34640313901168,0.816649570567795,0.414128718110097,-1.53936211584954,3.73844120641958,0.999994751597901
"edge_329_22","fixed","cond",NA,"SexMale",-0.493858333619108,1.26680052314994,-0.389846960586275,0.696649716120861,-2.9767417345895,1.98902506735128,0.990535691749098
"edge_329_22","fixed","cond",NA,"Age.at.Gluten.Introduction..months.",0.0189180629755681,0.106844006670869,0.17706246297787,0.859459326212214,-0.190492342063293,0.228328468014429,0.991020810761038
"edge_329_22","fixed","cond",NA,"HLA.CategoryHigh Risk",-0.452094425048638,1.09165983127769,-0.414134890829044,0.678775321563594,-2.59170837772197,1.6875195276247,0.978697013291682
"edge_329_22","fixed","cond",NA,"HLA.CategoryLow/No Risk",-0.888333004870616,2.55927557012923,-0.347103303465581,0.728513711808798,-5.90442094883713,4.1277549390959,0.999989527982172
"edge_329_22","fixed","cond",NA,"feeding_first_yearFormula",3.03622909533307,1.39650703656667,2.17415953935878,0.0296931558082895,0.299125599505647,5.7733325911605,0.479239331774334
"edge_329_22","fixed","cond",NA,"feeding_first_yearBreastmilk_and_formula",0.870781256536079,1.08930395401437,0.799392358144867,0.424062940153991,-1.26421526154917,3.00577777462133,0.926414423105642
"edge_329_22","fixed","cond",NA,"Delivery.ModeC-Section",0.0577860995316456,2.80816508414108,0.0205778854875693,0.983582381555376,-5.44611632802776,5.56168852709105,0.999999650716233
"edge_329_22","fixed","cond",NA,"Dx.StatusCELIAC:onset_timeline_combinedt0-6",19.2700291640614,14987.9066859883,0.00128570517336329,0.998974155975056,-29356.48727902,29395.0273373482,0.999999878775183
"edge_329_22","fixed","cond",NA,"Dx.StatusCELIAC:onset_timeline_combinedt0-12",-22.2826341154232,73317.9857981738,-0.000303917706860657,0.999757508757674,-143722.894217555,143678.328949324,0.999997398262547
"edge_329_22","fixed","cond",NA,"Dx.StatusCELIAC:onset_timeline_combinedt0-18",1.05911038568978,2.2192592868173,0.477235982285188,0.633194091291881,-3.29055788882817,5.40877866020773,0.999999861216808
"edge_329_22","fixed","cond",NA,"Dx.StatusCELIAC:onset_timeline_combinedt0-24",0.135926373540663,2.1208604149433,0.0640902025342845,0.94889840305356,-4.02088365598488,4.29273640306621,0.999998617618745
"edge_329_22","fixed","cond",NA,"Dx.StatusCELIAC:onset_timeline_combinedt0-30",-19.916184403953,29945.8181085856,-0.000665073979002195,0.999469347779482,-58712.6411648192,58672.8087960113,0.999999714796086
"edge_329_22","fixed","cond",NA,"Dx.StatusCELIAC:onset_timeline_combinedt0-36",-27.8664181003364,402444.042973792,-6.92429633059597e-05,0.999944752108678,-788803.696439422,788747.963603222,0.999999153356744
"edge_329_22","fixed","cond",NA,"Dx.StatusCELIAC:onset_timeline_combinedt0-over42",-0.504796713745371,1.93720417743151,-0.260580025392403,0.794416395061114,-4.30164713221166,3.29205370472092,0.999996861415992
"edge_329_24","fixed","cond",NA,"(Intercept)",-8.18190803001824,3.73649930884744,-2.18972555692564,0.0285441464411995,-15.505312103618,-0.858503956418461,0.0711099788535147
"edge_329_24","fixed","cond",NA,"Dx.StatusCELIAC",0.960465733265722,2.3695310452206,0.405340008185588,0.685227601915808,-3.6837297756162,5.60466124214764,0.999986353446738
"edge_329_24","fixed","cond",NA,"onset_timeline_combinedt0-6",-16.8028815792945,16057.7722567403,-0.00104640178666387,0.999165092322389,-31489.4581767368,31455.8524135782,0.999999447029537
"edge_329_24","fixed","cond",NA,"onset_timeline_combinedt0-12",0.00712618121492804,1.60516874049933,0.00443952155005912,0.99645778593365,-3.13894673927328,3.15319910170314,0.99998627227119
"edge_329_24","fixed","cond",NA,"onset_timeline_combinedt0-18",0.951028352337491,2.09832117721552,0.45323297627845,0.650380989300043,-3.16160558300262,5.0636622876776,0.999997145165192
"edge_329_24","fixed","cond",NA,"onset_timeline_combinedt0-24",0.0993238928403962,1.6344726642361,0.0607681578368989,0.951543849802157,-3.10418366277759,3.30283144845839,0.99999582928833
"edge_329_24","fixed","cond",NA,"onset_timeline_combinedt0-30",-0.551908818781148,1.64620578360767,-0.335261134590133,0.737428108947509,-3.77841286579373,2.67459522823143,0.999987296772671
"edge_329_24","fixed","cond",NA,"onset_timeline_combinedt0-36",2.90360991128059,1.79787362458539,1.61502447756871,0.106305394200311,-0.620157641661263,6.42737746422245,0.396026913744603
"edge_329_24","fixed","cond",NA,"onset_timeline_combinedt0-over42",1.20458232300164,1.43516185907441,0.839335518419171,0.401281057086753,-1.60828323276975,4.01744787877304,0.999994751597901
"edge_329_24","fixed","cond",NA,"SexMale",0.203927649899074,2.13841604602595,0.0953638793901002,0.924025805355739,-3.98729078427433,4.39514608407248,0.994111673083809
"edge_329_24","fixed","cond",NA,"Age.at.Gluten.Introduction..months.",0.125691902208271,0.179675675374522,0.699548795051277,0.484209129980605,-0.226465950423703,0.477849754840245,0.78133745974143
"edge_329_24","fixed","cond",NA,"HLA.CategoryHigh Risk",-2.60164181114473,2.59339995329504,-1.00317801264676,0.315774979660772,-7.68461231711087,2.48132869482141,0.903310309051692
"edge_329_24","fixed","cond",NA,"HLA.CategoryLow/No Risk",-1.22417352216887,4.2616483016867,-0.287253530912995,0.773918200818075,-9.57685070825108,7.12850366391334,0.999989527982172
"edge_329_24","fixed","cond",NA,"feeding_first_yearFormula",5.67119617916385,3.00118273235905,1.88965374151212,0.0588042846017393,-0.211013887283394,11.5534062456111,0.695850701120582
"edge_329_24","fixed","cond",NA,"feeding_first_yearBreastmilk_and_formula",2.12754607237988,2.00678215155419,1.06017789261887,0.289063676620867,-1.80567466948413,6.06076681424388,0.836964856897864
"edge_329_24","fixed","cond",NA,"Delivery.ModeC-Section",-0.824597222632983,4.58648451181272,-0.179788511333504,0.857318603277095,-9.81394168143667,8.16474723617071,0.999999650716233
"edge_329_24","fixed","cond",NA,"Dx.StatusCELIAC:onset_timeline_combinedt0-6",19.8195940788174,16057.7723958062,0.00123426796633346,0.999015196895813,-31452.8359736428,31492.4751618004,0.999999878775183
"edge_329_24","fixed","cond",NA,"Dx.StatusCELIAC:onset_timeline_combinedt0-12",-28.0732226415327,1205837.19851375,-2.32811051741763e-05,0.999981424365625,-2363425.55352826,2363369.40708298,0.999997398262547
"edge_329_24","fixed","cond",NA,"Dx.StatusCELIAC:onset_timeline_combinedt0-18",2.31747101420126,3.0946560733394,0.748862219025364,0.45394025394818,-3.74794343408211,8.38288546248464,0.999999861216808
"edge_329_24","fixed","cond",NA,"Dx.StatusCELIAC:onset_timeline_combinedt0-24",-27.9032647546744,1029739.67937546,-2.70973968601442e-05,0.99997837940541,-2018280.58829247,2018224.78176296,0.999998617618745
"edge_329_24","fixed","cond",NA,"Dx.StatusCELIAC:onset_timeline_combinedt0-30",-22.3987345392834,114227.354092829,-0.000196089060428386,0.999843543567145,-223903.898805789,223859.10133671,0.999999714796086
"edge_329_24","fixed","cond",NA,"Dx.StatusCELIAC:onset_timeline_combinedt0-36",-31.7798950842191,1743333.98586453,-1.82293785022835e-05,0.999985455060341,-3416903.60521422,3416840.04542405,0.999999153356744
"edge_329_24","fixed","cond",NA,"Dx.StatusCELIAC:onset_timeline_combinedt0-over42",-2.26131053862432,2.31915756156878,-0.975056881040318,0.329532045616865,-6.80677583377285,2.28415475652421,0.999996861415992
"edge_329_25","fixed","cond",NA,"(Intercept)",-7.00937790355182,2.72373524854179,-2.57344318149293,0.0100692178549213,-12.347800894116,-1.67095491298765,0.0431569566545826
"edge_329_25","fixed","cond",NA,"Dx.StatusCELIAC",0.599891258319324,1.93886611226708,0.309403137495596,0.757014884030914,-3.20021649256935,4.39999900920799,0.999986353446738
"edge_329_25","fixed","cond",NA,"onset_timeline_combinedt0-6",-17.0091970160847,14962.2160994256,-0.00113681000882868,0.999092957040757,-29342.4138807956,29308.3954867635,0.999999447029537
"edge_329_25","fixed","cond",NA,"onset_timeline_combinedt0-12",0.0135524186148388,1.53447820259262,0.00883193947749856,0.992953223460878,-2.99396959352845,3.02107443075813,0.99998627227119
"edge_329_25","fixed","cond",NA,"onset_timeline_combinedt0-18",0.932953317918418,1.91662209317769,0.486769573010407,0.62642163508089,-2.82355695668363,4.68946359252047,0.999997145165192
"edge_329_25","fixed","cond",NA,"onset_timeline_combinedt0-24",0.126902954269531,1.55997946718492,0.0813491183307272,0.935164312617571,-2.9306006180349,3.18440652657396,0.99999582928833
"edge_329_25","fixed","cond",NA,"onset_timeline_combinedt0-30",-0.344721909012252,1.59852941663055,-0.215649399645627,0.829261046302863,-3.47778199383595,2.78833817581145,0.999987296772671
"edge_329_25","fixed","cond",NA,"onset_timeline_combinedt0-36",2.30235768894025,1.49024255933221,1.54495499710595,0.122357149151002,-0.618464055579666,5.22317943346017,0.396026913744603
"edge_329_25","fixed","cond",NA,"onset_timeline_combinedt0-over42",1.31224492360147,1.32511706022396,0.990286038110241,0.322034328908957,-1.28493678973708,3.90942663694002,0.999994751597901
"edge_329_25","fixed","cond",NA,"SexMale",0.196322380665913,1.64049900719552,0.119672355670323,0.904742699927582,-3.01899659011101,3.41164135144284,0.994111673083809
"edge_329_25","fixed","cond",NA,"Age.at.Gluten.Introduction..months.",0.116730862788735,0.158086435479689,0.738398980497806,0.460272033934955,-0.193112857195771,0.426574582773241,0.759770150263876
"edge_329_25","fixed","cond",NA,"HLA.CategoryHigh Risk",-1.6437008171386,1.7482525964997,-0.940196411222022,0.347116822296969,-5.07021294215665,1.78281130787945,0.903310309051692
"edge_329_25","fixed","cond",NA,"HLA.CategoryLow/No Risk",-1.52444009906863,4.03618183337072,-0.377693612925148,0.705658213115393,-9.43521112753008,6.38633092939282,0.999989527982172
"edge_329_25","fixed","cond",NA,"feeding_first_yearFormula",4.39370439703251,2.09722499749096,2.09500859578203,0.0361702283685895,0.283218934473124,8.50418985959189,0.513617242833971
"edge_329_25","fixed","cond",NA,"feeding_first_yearBreastmilk_and_formula",2.14019626420431,1.57524813117633,1.35864072576687,0.174260463350636,-0.947233339615309,5.22762586802394,0.836964856897864
"edge_329_25","fixed","cond",NA,"Delivery.ModeC-Section",0.844203254713265,3.94044030508998,0.214240843497307,0.830359246919449,-6.87891782649312,8.56732433591965,0.999999650716233
"edge_329_25","fixed","cond",NA,"Dx.StatusCELIAC:onset_timeline_combinedt0-6",19.4522628629037,14962.2162055,0.00130009235234505,0.998962676676667,-29305.9526288186,29344.8571545444,0.999999878775183
"edge_329_25","fixed","cond",NA,"Dx.StatusCELIAC:onset_timeline_combinedt0-12",-26.7437890081814,635445.078960417,-4.20867040971251e-05,0.999966419668596,-1245476.21270464,1245422.72512662,0.999997398262547
"edge_329_25","fixed","cond",NA,"Dx.StatusCELIAC:onset_timeline_combinedt0-18",1.6994985455445,2.56467158952457,0.662657375894099,0.507550014444024,-3.32716540209675,6.72616249318574,0.999999861216808
"edge_329_25","fixed","cond",NA,"Dx.StatusCELIAC:onset_timeline_combinedt0-24",-27.0649424528467,683176.520919104,-3.96163240745382e-05,0.999968390746673,-1339028.44102727,1338974.31114237,0.999998617618745
"edge_329_25","fixed","cond",NA,"Dx.StatusCELIAC:onset_timeline_combinedt0-30",-22.4886994237098,109392.905941518,-0.000205577310796848,0.999835973038819,-214428.644508977,214383.667110129,0.999999714796086
"edge_329_25","fixed","cond",NA,"Dx.StatusCELIAC:onset_timeline_combinedt0-36",-29.8553052838705,919945.59246459,-3.24533380326181e-05,0.999974105982642,-1803090.08427224,1803030.37366167,0.999999153356744
"edge_329_25","fixed","cond",NA,"Dx.StatusCELIAC:onset_timeline_combinedt0-over42",-2.28472665122123,2.25957018566249,-1.01113329681829,0.311952635793313,-6.71340283566019,2.14394953321773,0.999996861415992
"edge_329_26","fixed","cond",NA,"(Intercept)",-5.05635259478127,1.77240937264911,-2.85281305369304,0.00433341062397066,-8.53021113103476,-1.58249405852778,0.0256393461918264
"edge_329_26","fixed","cond",NA,"Dx.StatusCELIAC",0.3039812853426,1.62249798552173,0.187353875354644,0.851383184319158,-2.87605633126878,3.48401890195398,0.999986353446738
"edge_329_26","fixed","cond",NA,"onset_timeline_combinedt0-6",-18.932556466676,23324.2323647402,-0.000811711878470943,0.999352347695468,-45733.5879584009,45695.7228454676,0.999999447029537
"edge_329_26","fixed","cond",NA,"onset_timeline_combinedt0-12",0.973118767379318,1.31626729007046,0.739301792819929,0.459723760912721,-1.60671771518691,3.55295524994555,0.99998627227119
"edge_329_26","fixed","cond",NA,"onset_timeline_combinedt0-18",0.921569171524823,1.67269210566412,0.550949674721475,0.58166817353716,-2.35684711280131,4.19998545585096,0.999997145165192
"edge_329_26","fixed","cond",NA,"onset_timeline_combinedt0-24",0.377324236812126,1.52177579438837,0.247949953076878,0.804173129420696,-2.60530151273392,3.35994998635817,0.99999582928833
"edge_329_26","fixed","cond",NA,"onset_timeline_combinedt0-30",-0.0442016757091997,1.52304147357763,-0.0290219777176322,0.976847062291589,-3.02930811088216,2.94090475946376,0.999987296772671
"edge_329_26","fixed","cond",NA,"onset_timeline_combinedt0-36",2.14081054625867,1.3381805854782,1.59979196342447,0.109644742261746,-0.481975206089322,4.76359629860666,0.396026913744603
"edge_329_26","fixed","cond",NA,"onset_timeline_combinedt0-over42",1.68613198065886,1.28355555617235,1.31364160479896,0.188966840789613,-0.829590681595217,4.20185464291294,0.999994751597901
"edge_329_26","fixed","cond",NA,"SexMale",0.711561470414256,0.959740108551018,0.741410579879324,0.458444531530968,-1.1694945768643,2.59261751769281,0.990535691749098
"edge_329_26","fixed","cond",NA,"Age.at.Gluten.Introduction..months.",0.0579116220291198,0.0951455667929253,0.60866337740316,0.542747586410508,-0.128570262173664,0.244393506231903,0.8087794674144
"edge_329_26","fixed","cond",NA,"HLA.CategoryHigh Risk",-0.19202947809564,0.916060595794826,-0.20962530096497,0.833960131044321,-1.9874752535098,1.60341629731852,0.978697013291682
"edge_329_26","fixed","cond",NA,"HLA.CategoryLow/No Risk",-1.38668533080925,2.17548100025683,-0.637415509786358,0.52385422838087,-5.65054974036381,2.87717907874532,0.999989527982172
"edge_329_26","fixed","cond",NA,"feeding_first_yearFormula",2.54943530154348,1.17747335991818,2.16517450698046,0.0303743238448521,0.241629923348468,4.85724067973848,0.479239331774334
"edge_329_26","fixed","cond",NA,"feeding_first_yearBreastmilk_and_formula",0.813011049185511,0.919281473815288,0.884398383240855,0.376481195426538,-0.988747531147354,2.61476962951838,0.906556345479326
"edge_329_26","fixed","cond",NA,"Delivery.ModeC-Section",0.126403934768189,2.42868047749759,0.0520463420113751,0.95849176784175,-4.63372233108263,4.88653020061901,0.999999650716233
"edge_329_26","fixed","cond",NA,"Dx.StatusCELIAC:onset_timeline_combinedt0-6",21.0836242500298,23324.232424044,0.000903936466877925,0.999278763147352,-45693.5718939175,45735.7391424176,0.999999878775183
"edge_329_26","fixed","cond",NA,"Dx.StatusCELIAC:onset_timeline_combinedt0-12",-21.722235738654,34271.120026294,-0.000633835010994329,0.999494272864494,-67191.8831971242,67148.4387256469,0.999997398262547
"edge_329_26","fixed","cond",NA,"Dx.StatusCELIAC:onset_timeline_combinedt0-18",1.3059709448896,2.15567693901178,0.605828694112343,0.544628513483026,-2.91907821787703,5.53102010765623,0.999999861216808
"edge_329_26","fixed","cond",NA,"Dx.StatusCELIAC:onset_timeline_combinedt0-24",-19.7552980269833,19323.6441016997,-0.00102233812230301,0.999184292338387,-37893.4017874283,37853.8911913743,0.999998617618745
"edge_329_26","fixed","cond",NA,"Dx.StatusCELIAC:onset_timeline_combinedt0-30",0.632994485416655,2.12991278017686,0.297192679112472,0.766319410743007,-3.54155785394157,4.80754682477488,0.999999714796086
"edge_329_26","fixed","cond",NA,"Dx.StatusCELIAC:onset_timeline_combinedt0-36",-23.4182272109456,49117.9935084205,-0.000476774915631089,0.999619588670252,-96292.9164965872,96246.0800421653,0.999999153356744
"edge_329_26","fixed","cond",NA,"Dx.StatusCELIAC:onset_timeline_combinedt0-over42",-1.19195143852519,1.9556308165841,-0.60949716501562,0.542194951298921,-5.02491740608667,2.64101452903629,0.999996861415992
"edge_3739_10","fixed","cond",NA,"(Intercept)",-2.53089010758123,1.74603937604347,-1.44950345467937,0.147197036263758,-5.95306440021522,0.891284185052771,0.254902184749434
"edge_3739_10","fixed","cond",NA,"Dx.StatusCELIAC",0.0925758922500827,1.4457213505071,0.0640343951603197,0.948942839618657,-2.74098588642444,2.92613767092461,0.999986353446738
"edge_3739_10","fixed","cond",NA,"onset_timeline_combinedt0-6",-19.0673521124117,24744.9456016381,-0.000770555426525143,0.999385185782774,-48518.2695307259,48480.134826501,0.999999447029537
"edge_3739_10","fixed","cond",NA,"onset_timeline_combinedt0-12",0.0635613457459133,1.42021636641303,0.0447546917843563,0.964302839596936,-2.72001158267796,2.84713427416978,0.99998627227119
"edge_3739_10","fixed","cond",NA,"onset_timeline_combinedt0-18",-21.2380423763338,59464.0647767538,-0.000357157595197501,0.999715029475077,-116568.663379171,116526.187294418,0.999997145165192
"edge_3739_10","fixed","cond",NA,"onset_timeline_combinedt0-24",0.970636419250216,1.22761584731083,0.790667879839164,0.429137824362806,-1.43544642832964,3.37671926683007,0.99999582928833
"edge_3739_10","fixed","cond",NA,"onset_timeline_combinedt0-30",1.72568271619452,1.17419838970251,1.46966878112627,0.141651481859513,-0.575703838327325,4.02706927071636,0.765753499201465
"edge_3739_10","fixed","cond",NA,"onset_timeline_combinedt0-36",0.25705283212091,1.41722617378863,0.18137742364279,0.856071338292929,-2.5206594264523,3.03476509069412,0.999986401700165
"edge_3739_10","fixed","cond",NA,"onset_timeline_combinedt0-over42",0.267741199202672,1.27362543301445,0.210219733575023,0.833496178507488,-2.22851877929989,2.76400117770523,0.999994751597901
"edge_3739_10","fixed","cond",NA,"SexMale",0.0817539173510644,0.860574442604039,0.0949992392333691,0.924315431192704,-1.60494099616848,1.76844883087061,0.994111673083809
"edge_3739_10","fixed","cond",NA,"Age.at.Gluten.Introduction..months.",-0.0191713441828212,0.154872561405399,-0.123787867966087,0.901483237888344,-0.322715986730871,0.284373298365228,0.991020810761038
"edge_3739_10","fixed","cond",NA,"HLA.CategoryHigh Risk",-0.44578402198894,0.72908148312078,-0.611432373897076,0.540913375771497,-1.87475747070072,0.983189426722837,0.967110809971833
"edge_3739_10","fixed","cond",NA,"HLA.CategoryLow/No Risk",-20.4721677543945,25378.3663152099,-0.000806677920088376,0.999356364211826,-49761.1561320303,49720.2117965216,0.999989527982172
"edge_3739_10","fixed","cond",NA,"feeding_first_yearFormula",0.774492840127161,0.942929192610389,0.821369034066141,0.411436096350716,-1.07361441736063,2.62260009761495,0.999985531355603
"edge_3739_10","fixed","cond",NA,"feeding_first_yearBreastmilk_and_formula",0.122827565842734,0.688589670770433,0.178375556672681,0.858428044399722,-1.22678338899361,1.47243852067908,0.983038566973875
"edge_3739_10","fixed","cond",NA,"Delivery.ModeC-Section",20.2516324602286,25378.3663403993,0.000797988026045257,0.999363297741887,-49720.4323811859,49760.9356461064,0.999999650716233
"edge_3739_10","fixed","cond",NA,"Dx.StatusCELIAC:onset_timeline_combinedt0-6",-3.43964186933094,139503.353290298,-2.46563382757778e-05,0.999980327088366,-273424.987813421,273418.108529683,0.999999878775183
"edge_3739_10","fixed","cond",NA,"Dx.StatusCELIAC:onset_timeline_combinedt0-12",-21.734214110727,54206.826976718,-0.000400949757123064,0.999680088387705,-106265.162804672,106221.694376451,0.999997398262547
"edge_3739_10","fixed","cond",NA,"Dx.StatusCELIAC:onset_timeline_combinedt0-18",21.891797645532,59464.0647936735,0.000368151718546174,0.999706257434374,-116525.533572311,116569.317167602,0.999999861216808
"edge_3739_10","fixed","cond",NA,"Dx.StatusCELIAC:onset_timeline_combinedt0-24",-0.56912755058822,1.87323345284409,-0.30382094112409,0.761264311724912,-4.24059765279824,3.1023425516218,0.999998617618745
"edge_3739_10","fixed","cond",NA,"Dx.StatusCELIAC:onset_timeline_combinedt0-30",-27.1721208329814,417776.246804273,-6.5039889272861e-05,0.99994810567655,-818853.569453525,818799.22521186,0.999999714796086
"edge_3739_10","fixed","cond",NA,"Dx.StatusCELIAC:onset_timeline_combinedt0-36",-21.6030480837879,51805.6495600183,-0.000417001780061848,0.999667280727504,-101558.810381423,101515.604285255,0.999999153356744
"edge_3739_10","fixed","cond",NA,"Dx.StatusCELIAC:onset_timeline_combinedt0-over42",-19.9584614764679,20214.8722332365,-0.000987315736957912,0.999212236144828,-39640.3799906988,39600.4630677458,0.999996861415992
"edge_3739_9","fixed","cond",NA,"(Intercept)",0.932345659029999,2.36879363272937,0.393595138955068,0.693879970686484,-3.71040454792737,5.57509586598737,0.801064681605535
"edge_3739_9","fixed","cond",NA,"Dx.StatusCELIAC",-0.339380455601198,1.55766987927452,-0.217877009831674,0.827524940341158,-3.39235731878212,2.71359640757972,0.999986353446738
"edge_3739_9","fixed","cond",NA,"onset_timeline_combinedt0-6",-20.4957094104309,52133.4525299104,-0.000393139307216838,0.999686320224607,-102200.185057763,102159.193638942,0.999999447029537
"edge_3739_9","fixed","cond",NA,"onset_timeline_combinedt0-12",-0.0936202296394198,1.42895787436488,-0.0655164377613517,0.947762819012667,-2.89432619881949,2.70708573954065,0.99998627227119
"edge_3739_9","fixed","cond",NA,"onset_timeline_combinedt0-18",-23.3175509867117,158833.691888415,-0.000146804816468618,0.999882866703909,-311331.633183812,311284.998081839,0.999997145165192
"edge_3739_9","fixed","cond",NA,"onset_timeline_combinedt0-24",-24.7846974503894,259962.478001937,-9.5339518383129e-05,0.999923930070363,-509541.878913033,509492.309518132,0.99999582928833
"edge_3739_9","fixed","cond",NA,"onset_timeline_combinedt0-30",0.539010466300451,1.45387125464731,0.370741538893144,0.710830048102889,-2.31052483096634,3.38854576356725,0.999987296772671
"edge_3739_9","fixed","cond",NA,"onset_timeline_combinedt0-36",1.64986425855069,1.22315472950801,1.34885981204873,0.177381998693709,-0.747474958804837,4.04720347590622,0.447590984981302
"edge_3739_9","fixed","cond",NA,"onset_timeline_combinedt0-over42",-0.437815191500251,1.47110845798788,-0.29760905059242,0.766001566059761,-3.32113478650875,2.44550440350824,0.999994751597901
"edge_3739_9","fixed","cond",NA,"SexMale",-1.59640810240339,1.31549737506939,-1.21353955747664,0.224923599970432,-4.17473557929637,0.981919374489594,0.990535691749098
"edge_3739_9","fixed","cond",NA,"Age.at.Gluten.Introduction..months.",-0.52224294787646,0.306976297561428,-1.70124844173663,0.0888963450102115,-1.12390543520431,0.0794195394513902,0.5212200923141
"edge_3739_9","fixed","cond",NA,"HLA.CategoryHigh Risk",-0.425269350415128,0.970043092639538,-0.438402534528593,0.661094509482853,-2.32651887544047,1.47598017461022,0.978697013291682
"edge_3739_9","fixed","cond",NA,"HLA.CategoryLow/No Risk",0.779465691260729,1.42222271866648,0.548061622860013,0.58364959075286,-2.0080396153202,3.56697099784166,0.999989527982172
"edge_3739_9","fixed","cond",NA,"feeding_first_yearFormula",0.420995082377017,1.21773529392198,0.34571970154623,0.729553376551008,-1.96572223641335,2.80771240116739,0.999985531355603
"edge_3739_9","fixed","cond",NA,"feeding_first_yearBreastmilk_and_formula",1.00057285659721,0.912156607613155,1.0969309965483,0.272671557589375,-0.787221242584807,2.78836695577923,0.836964856897864
"edge_3739_9","fixed","cond",NA,"Delivery.ModeC-Section",0.690586051207621,2.15219642341686,0.320875011078793,0.748305111674981,-3.52764142634533,4.90881352876057,0.999999650716233
"edge_3739_9","fixed","cond",NA,"Dx.StatusCELIAC:onset_timeline_combinedt0-6",-7.37942848209572,1624049.49248154,-4.54384457878805e-06,0.999996374536564,-3183085.89380285,3183071.13494588,0.999999878775183
"edge_3739_9","fixed","cond",NA,"Dx.StatusCELIAC:onset_timeline_combinedt0-12",0.327398457204268,2.03132012279708,0.161175214841789,0.871955401573636,-3.65391582454948,4.30871273895802,0.999997398262547
"edge_3739_9","fixed","cond",NA,"Dx.StatusCELIAC:onset_timeline_combinedt0-18",23.9192720877525,158833.691895184,0.000150593188399455,0.999879844020468,-311284.396374004,311332.23491818,0.999999861216808
"edge_3739_9","fixed","cond",NA,"Dx.StatusCELIAC:onset_timeline_combinedt0-24",25.2645794940127,259962.478006035,9.71854849507406e-05,0.999922457202146,-509491.82964412,509542.358803108,0.999998617618745
"edge_3739_9","fixed","cond",NA,"Dx.StatusCELIAC:onset_timeline_combinedt0-30",-27.1625032560442,711608.475420803,-3.81705729965932e-05,0.999969544289136,-1394754.14542149,1394699.82041497,0.999999714796086
"edge_3739_9","fixed","cond",NA,"Dx.StatusCELIAC:onset_timeline_combinedt0-36",-21.0511265848917,18309.1366088733,-0.00114976074702996,0.999082623853448,-35906.2994680004,35864.1972148306,0.999999153356744
"edge_3739_9","fixed","cond",NA,"Dx.StatusCELIAC:onset_timeline_combinedt0-over42",0.469814139289034,2.08985375455033,0.224807184840607,0.82212927644438,-3.62622395258543,4.56585223116349,0.999996861415992
"edge_4_11","fixed","cond",NA,"(Intercept)",-2.81837983616491,2.15877268413084,-1.30554729401704,0.191706553954766,-7.04949654787022,1.4127368755404,0.317795807508166
"edge_4_11","fixed","cond",NA,"Dx.StatusCELIAC",0.159295122288402,1.52185775200681,0.104671492508644,0.916636483355069,-2.82349126123803,3.14208150581483,0.999986353446738
"edge_4_11","fixed","cond",NA,"onset_timeline_combinedt0-6",-18.2092916475723,18127.5472783669,-0.0010045094004142,0.999198517593016,-35547.5490852937,35511.1305019985,0.999999447029537
"edge_4_11","fixed","cond",NA,"onset_timeline_combinedt0-12",0.198760602403342,1.43027063715632,0.138967127786752,0.889476125180871,-2.6045183345682,3.00203953937488,0.99998627227119
"edge_4_11","fixed","cond",NA,"onset_timeline_combinedt0-18",0.773146907637773,1.46445982036047,0.527939993223895,0.597540985470876,-2.09714159707474,3.64343541235029,0.999997145165192
"edge_4_11","fixed","cond",NA,"onset_timeline_combinedt0-24",0.899408285354045,1.24046142234332,0.725059457032527,0.468415555374013,-1.53185142665019,3.33066799735829,0.99999582928833
"edge_4_11","fixed","cond",NA,"onset_timeline_combinedt0-30",0.480990195083755,1.44427916436731,0.333031318979431,0.739110642137861,-2.34974495069777,3.31172534086528,0.999987296772671
"edge_4_11","fixed","cond",NA,"onset_timeline_combinedt0-36",0.229662772592426,1.42857068972263,0.160764023960913,0.872279261329025,-2.57028432863346,3.02960987381832,0.999986401700165
"edge_4_11","fixed","cond",NA,"onset_timeline_combinedt0-over42",-0.47249182035186,1.49188448558731,-0.316708046042756,0.751465142997636,-3.39653168119706,2.45154804049334,0.999994751597901
"edge_4_11","fixed","cond",NA,"SexMale",-1.03361644655076,1.38617019829619,-0.74566344581728,0.455870746063704,-3.75046011165402,1.68322721855251,0.990535691749098
"edge_4_11","fixed","cond",NA,"Age.at.Gluten.Introduction..months.",0.0307801473672962,0.204823237038863,0.150276637613417,0.880546364149276,-0.370666020425785,0.432226315160378,0.991020810761038
"edge_4_11","fixed","cond",NA,"HLA.CategoryHigh Risk",0.13381386361464,0.761560923993913,0.175709991674559,0.860521785216546,-1.35881811944647,1.62644584667575,0.986363062799899
"edge_4_11","fixed","cond",NA,"HLA.CategoryLow/No Risk",-25.1927879276228,266316.613277424,-9.4597132404126e-05,0.999924522408671,-521996.163296359,521945.777720504,0.999989527982172
"edge_4_11","fixed","cond",NA,"feeding_first_yearFormula",-0.356778831076975,1.07488564236595,-0.331922594380982,0.739947708842077,-2.46351597761344,1.74995831545949,0.999985531355603
"edge_4_11","fixed","cond",NA,"feeding_first_yearBreastmilk_and_formula",-1.33105268510731,0.972307084273326,-1.36896326956426,0.171010756662066,-3.23673955219618,0.574634181981561,0.836964856897864
"edge_4_11","fixed","cond",NA,"Delivery.ModeC-Section",25.9457851230315,266316.613271912,9.7424583484548e-05,0.999922266429118,-521945.024712506,521996.916282752,0.999999650716233
"edge_4_11","fixed","cond",NA,"Dx.StatusCELIAC:onset_timeline_combinedt0-6",-3.51546752631984,131853.267073756,-2.66619675366357e-05,0.999978726827744,-258431.170176029,258424.139240977,0.999999878775183
"edge_4_11","fixed","cond",NA,"Dx.StatusCELIAC:onset_timeline_combinedt0-12",-0.139855376715914,2.0231529464066,-0.0691274364423692,0.944888182137643,-4.10516228688895,3.82545153345712,0.999997398262547
"edge_4_11","fixed","cond",NA,"Dx.StatusCELIAC:onset_timeline_combinedt0-18",0.184031813779108,2.10014740507363,0.0876280461716715,0.930172310296366,-3.93218146239046,4.30024508994868,0.999999861216808
"edge_4_11","fixed","cond",NA,"Dx.StatusCELIAC:onset_timeline_combinedt0-24",-21.0211710815521,24227.4511648379,-0.000867659207670215,0.999307708201025,-47505.9528913668,47463.9105492037,0.999998617618745
"edge_4_11","fixed","cond",NA,"Dx.StatusCELIAC:onset_timeline_combinedt0-30",-22.8470747023501,86441.9946179163,-0.000264305269716841,0.999789114908409,-169446.043277623,169400.349128219,0.999999714796086
"edge_4_11","fixed","cond",NA,"Dx.StatusCELIAC:onset_timeline_combinedt0-36",-0.0295927242783991,2.01714946482814,-0.0146705659617149,0.98829500179144,-3.9831330267758,3.923947578219,0.999999153356744
"edge_4_11","fixed","cond",NA,"Dx.StatusCELIAC:onset_timeline_combinedt0-over42",0.666361064636533,1.99956672535066,0.333252727297547,0.73894351991271,-3.25271770173546,4.58543983100853,0.999996861415992
"edge_4_12","fixed","cond",NA,"(Intercept)",-3.20584819245418,3.34675816982617,-0.957896576262244,0.338114913070871,-9.76537367027866,3.3536772853703,0.466606362461451
"edge_4_12","fixed","cond",NA,"Dx.StatusCELIAC",0.266341967944769,1.87673660749141,0.141917606808332,0.887145086859303,-3.41199419120627,3.94467812709581,0.999986353446738
"edge_4_12","fixed","cond",NA,"onset_timeline_combinedt0-6",-16.8852981370164,12040.8102104941,-0.00140233903216082,0.998881095703959,-23616.4396553875,23582.6690591135,0.999999447029537
"edge_4_12","fixed","cond",NA,"onset_timeline_combinedt0-12",0.137902628853278,1.42651913882562,0.096670717623043,0.922987894839379,-2.65802350650204,2.93382876420859,0.99998627227119
"edge_4_12","fixed","cond",NA,"onset_timeline_combinedt0-18",1.4164688920515,1.58492636940657,0.893712742366609,0.371475605895192,-1.6899297101332,4.5228674942362,0.999997145165192
"edge_4_12","fixed","cond",NA,"onset_timeline_combinedt0-24",0.32129837553679,1.45127202838596,0.221390869011735,0.824788101521177,-2.52314253187007,3.16573928294365,0.99999582928833
"edge_4_12","fixed","cond",NA,"onset_timeline_combinedt0-30",0.649929895725695,1.48909993644749,0.436458211982881,0.662504311759329,-2.26865234909227,3.56851214054366,0.999987296772671
"edge_4_12","fixed","cond",NA,"onset_timeline_combinedt0-36",1.2216059532867,1.30066439443599,0.939216879090809,0.347619404589995,-1.32764941578143,3.77086132235483,0.588584370533742
"edge_4_12","fixed","cond",NA,"onset_timeline_combinedt0-over42",0.13519548391569,1.27142812749432,0.106333563802878,0.915317702475212,-2.35675785490437,2.62714882273575,0.999994751597901
"edge_4_12","fixed","cond",NA,"SexMale",-1.00500258885723,2.06490069594769,-0.486707467739013,0.62646565236267,-5.05213358456639,3.04212840685194,0.990535691749098
"edge_4_12","fixed","cond",NA,"Age.at.Gluten.Introduction..months.",-0.00629568830551526,0.314753213203872,-0.020001982637227,0.984041790966946,-0.623200650203361,0.61060927359233,0.991020810761038
"edge_4_12","fixed","cond",NA,"HLA.CategoryHigh Risk",-0.373313782770711,1.30006625693111,-0.28714981315794,0.773997612029721,-2.92139682387149,2.17476925833007,0.978697013291682
"edge_4_12","fixed","cond",NA,"HLA.CategoryLow/No Risk",-24.6728298223284,263984.393106482,-9.34632139877155e-05,0.999925427144665,-517424.575799191,517375.230139547,0.999989527982172
"edge_4_12","fixed","cond",NA,"feeding_first_yearFormula",-1.70085063026877,2.14786499619113,-0.791879672737783,0.428430840524385,-5.91058866645764,2.5088874059201,0.999985531355603
"edge_4_12","fixed","cond",NA,"feeding_first_yearBreastmilk_and_formula",-1.66210224114554,1.58244484012508,-1.05033818494057,0.293562655001292,-4.76363713531195,1.43943265302086,0.836964856897864
"edge_4_12","fixed","cond",NA,"Delivery.ModeC-Section",26.3196798203362,263984.393118973,9.9701650955079e-05,0.999920449592148,-517373.583314029,517426.22267367,0.999999650716233
"edge_4_12","fixed","cond",NA,"Dx.StatusCELIAC:onset_timeline_combinedt0-6",-2.79659560223166,65071.1214542684,-4.29775227432817e-05,0.999965708898152,-127539.8510796,127534.257888395,0.999999878775183
"edge_4_12","fixed","cond",NA,"Dx.StatusCELIAC:onset_timeline_combinedt0-12",-0.242928366006896,2.0541239731105,-0.118263731491842,0.90585869375866,-4.26893737308379,3.78308064107,0.999997398262547
"edge_4_12","fixed","cond",NA,"Dx.StatusCELIAC:onset_timeline_combinedt0-18",0.248249198158578,2.31288186237602,0.107333280699236,0.914524582858194,-4.28491595259434,4.7814143489115,0.999999861216808
"edge_4_12","fixed","cond",NA,"Dx.StatusCELIAC:onset_timeline_combinedt0-24",-24.5469178378473,163003.516807595,-0.00015059133887781,0.999879845496173,-319505.569214093,319456.475378417,0.999998617618745
"edge_4_12","fixed","cond",NA,"Dx.StatusCELIAC:onset_timeline_combinedt0-30",-25.2603027074373,234567.156408341,-0.00010768900085681,0.999914076609014,-459768.43881903,459717.918213615,0.999999714796086
"edge_4_12","fixed","cond",NA,"Dx.StatusCELIAC:onset_timeline_combinedt0-36",-1.12889800997486,1.9549228217692,-0.577464234088387,0.563625892894621,-4.9604763331979,2.70268031324819,0.999999153356744
"edge_4_12","fixed","cond",NA,"Dx.StatusCELIAC:onset_timeline_combinedt0-over42",-1.22248987356569,1.9584232653813,-0.624221482237996,0.532482140660964,-5.06092894019836,2.61594919306698,0.999996861415992
"edge_4_28","fixed","cond",NA,"(Intercept)",-3.42094782558513,3.15581541514959,-1.0840139157578,0.278358628864137,-9.60623238113465,2.76433672996438,0.427879384501219
"edge_4_28","fixed","cond",NA,"Dx.StatusCELIAC",0.47848696618153,1.83277466383641,0.26107244694225,0.794036639177981,-3.11368536671533,4.07065929907839,0.999986353446738
"edge_4_28","fixed","cond",NA,"onset_timeline_combinedt0-6",-17.1371052301923,13236.4913800228,-0.00129468638917837,0.998966990007584,-25960.1834917498,25925.9092812894,0.999999447029537
"edge_4_28","fixed","cond",NA,"onset_timeline_combinedt0-12",0.143315815193041,1.42595608992077,0.100505068989189,0.919943358745047,-2.65150676458723,2.93813839497331,0.99998627227119
"edge_4_28","fixed","cond",NA,"onset_timeline_combinedt0-18",1.39278806602658,1.57136866137113,0.886353470236114,0.3754270841306,-1.68703791669575,4.4726140487489,0.999997145165192
"edge_4_28","fixed","cond",NA,"onset_timeline_combinedt0-24",0.188042133704885,1.43222466783149,0.131293740380549,0.895542943380936,-2.61906663301468,2.99515090042445,0.99999582928833
"edge_4_28","fixed","cond",NA,"onset_timeline_combinedt0-30",0.766854341224844,1.48846081332275,0.515199550005597,0.606413583460206,-2.15047524528694,3.68418392773662,0.999987296772671
"edge_4_28","fixed","cond",NA,"onset_timeline_combinedt0-36",1.18051401133924,1.28165521790438,0.92108547981374,0.357005800470254,-1.33148405635118,3.69251207902965,0.589474693799721
"edge_4_28","fixed","cond",NA,"onset_timeline_combinedt0-over42",-0.110232523852998,1.26076995863882,-0.0874327018166022,0.930327576608776,-2.58129623557514,2.36083118786914,0.999994751597901
"edge_4_28","fixed","cond",NA,"SexMale",-1.11752984087379,2.10206125583009,-0.531635240302493,0.594978652400223,-5.23749419559781,3.00243451385022,0.990535691749098
"edge_4_28","fixed","cond",NA,"Age.at.Gluten.Introduction..months.",0.0486808281121773,0.3045818826061,0.159828377497862,0.873016269420116,-0.548288692139185,0.64565034836354,0.991020810761038
"edge_4_28","fixed","cond",NA,"HLA.CategoryHigh Risk",-0.76359378871704,1.23200970962442,-0.619795268455981,0.5353925841731,-3.17828844818454,1.65110087075046,0.967110809971833
"edge_4_28","fixed","cond",NA,"HLA.CategoryLow/No Risk",-26.2424375874735,408420.500885993,-6.42534778017887e-05,0.999948733142119,-800515.714721943,800463.229846768,0.999989527982172
"edge_4_28","fixed","cond",NA,"feeding_first_yearFormula",-1.22842052340944,2.02644381221,-0.606195205614781,0.544385136087275,-5.20017741203509,2.74333636521621,0.999985531355603
"edge_4_28","fixed","cond",NA,"feeding_first_yearBreastmilk_and_formula",-1.79700055575728,1.4928468453912,-1.20374073288568,0.228689803336851,-4.72292660715827,1.12892549564371,0.836964856897864
"edge_4_28","fixed","cond",NA,"Delivery.ModeC-Section",27.8613266549252,408420.500876414,6.82172579367063e-05,0.999945570503154,-800461.610938926,800517.333592236,0.999999650716233
"edge_4_28","fixed","cond",NA,"Dx.StatusCELIAC:onset_timeline_combinedt0-6",-2.76801349020336,65116.5946313543,-4.2508572597722e-05,0.999966083066233,-127628.948286839,127623.412259859,0.999999878775183
"edge_4_28","fixed","cond",NA,"Dx.StatusCELIAC:onset_timeline_combinedt0-12",-23.6987998780108,101036.829486219,-0.000234556052466426,0.99981285134881,-198052.245704981,198004.848105225,0.999997398262547
"edge_4_28","fixed","cond",NA,"Dx.StatusCELIAC:onset_timeline_combinedt0-18",0.0117597571208301,2.28575359396732,0.00514480526329131,0.995895057421059,-4.4682349645881,4.49175447882976,0.999999861216808
"edge_4_28","fixed","cond",NA,"Dx.StatusCELIAC:onset_timeline_combinedt0-24",-23.9465489911257,114858.56998819,-0.000208487263889739,0.999833651232223,-225142.607041616,225094.713943633,0.999998617618745
"edge_4_28","fixed","cond",NA,"Dx.StatusCELIAC:onset_timeline_combinedt0-30",-25.8134319868331,227673.228313615,-0.000113379303214674,0.999909536404644,-446257.141170636,446205.514306662,0.999999714796086
"edge_4_28","fixed","cond",NA,"Dx.StatusCELIAC:onset_timeline_combinedt0-36",-1.04601713650112,2.0022336283654,-0.522425116471088,0.601374372202157,-4.97032293673225,2.87828866373001,0.999999153356744
"edge_4_28","fixed","cond",NA,"Dx.StatusCELIAC:onset_timeline_combinedt0-over42",-0.0169935216408479,1.88725287974946,-0.00900436916705293,0.992815649944888,-3.71594119566929,3.68195415238759,0.999996861415992
"edge_4_41","fixed","cond",NA,"(Intercept)",-3.97284829487616,3.28998940797529,-1.20755656089516,0.227217876561081,-10.421109044026,2.47541245427367,0.358499316351927
"edge_4_41","fixed","cond",NA,"Dx.StatusCELIAC",0.407972806484366,1.89614919512103,0.215158600142921,0.829643667284762,-3.30841132526746,4.12435693823619,0.999986353446738
"edge_4_41","fixed","cond",NA,"onset_timeline_combinedt0-6",-16.5923250547839,11482.4430047379,-0.00144501697486655,0.998847043666899,-22521.7670688749,22488.5824187653,0.999999447029537
"edge_4_41","fixed","cond",NA,"onset_timeline_combinedt0-12",0.111612156709227,1.42606800239307,0.0782656623119877,0.937616731155256,-2.68342976748616,2.90665408090461,0.99998627227119
"edge_4_41","fixed","cond",NA,"onset_timeline_combinedt0-18",2.73484086839911,1.52680917065564,1.79121328386096,0.0732590753141114,-0.257650117351405,5.72733185414962,0.768724300903059
"edge_4_41","fixed","cond",NA,"onset_timeline_combinedt0-24",1.7898068268232,1.26828795156505,1.41119910869973,0.158185912913719,-0.695991880270374,4.27560553391677,0.99999582928833
"edge_4_41","fixed","cond",NA,"onset_timeline_combinedt0-30",0.884997069826596,1.50958317162868,0.586252606984069,0.557705774226635,-2.07373157823337,3.84372571788656,0.999987296772671
"edge_4_41","fixed","cond",NA,"onset_timeline_combinedt0-36",1.25942881087589,1.30283377842866,0.966684186216664,0.333701934872319,-1.29407847268651,3.81293609443829,0.580687358814689
"edge_4_41","fixed","cond",NA,"onset_timeline_combinedt0-over42",-0.950447564399054,1.45090618007048,-0.655071690681532,0.512421597760177,-3.79417142228378,1.89327629348568,0.999994751597901
"edge_4_41","fixed","cond",NA,"SexMale",-1.41153914773015,2.1557288992349,-0.654785092982296,0.512606129694407,-5.63669015066272,2.81361185520243,0.990535691749098
"edge_4_41","fixed","cond",NA,"Age.at.Gluten.Introduction..months.",0.040503599519628,0.31497083109882,0.128594763452621,0.897678310063653,-0.576827885614707,0.657835084653963,0.991020810761038
"edge_4_41","fixed","cond",NA,"HLA.CategoryHigh Risk",-0.0831890621218136,1.26282474437405,-0.0658753817522384,0.94747704051479,-2.55828007988096,2.39190195563733,0.99681471658418
"edge_4_41","fixed","cond",NA,"HLA.CategoryLow/No Risk",-26.6954465805877,557301.339239629,-4.79012783586892e-05,0.99996178030957,-1092317.24889219,1092263.85799903,0.999989527982172
"edge_4_41","fixed","cond",NA,"feeding_first_yearFormula",-0.699588884865994,1.78360224267518,-0.392233687605538,0.694885555235731,-4.19538504325422,2.79620727352223,0.999985531355603
"edge_4_41","fixed","cond",NA,"feeding_first_yearBreastmilk_and_formula",-1.78195128392416,1.5013418515137,-1.18690575509338,0.235264797008242,-4.72452724137368,1.16062467352537,0.836964856897864
"edge_4_41","fixed","cond",NA,"Delivery.ModeC-Section",28.5095875063985,557301.339235362,5.11565027737323e-05,0.99995918301627,-1092262.04384974,1092319.06302476,0.999999650716233
"edge_4_41","fixed","cond",NA,"Dx.StatusCELIAC:onset_timeline_combinedt0-6",-3.0533267569123,70925.444004853,-4.30498081436527e-05,0.999965651222747,-139014.369163781,139008.262510267,0.999999878775183
"edge_4_41","fixed","cond",NA,"Dx.StatusCELIAC:onset_timeline_combinedt0-12",-0.411015995617063,2.05313664054705,-0.200189304257679,0.841332531831524,-4.43508986642884,3.61305787519471,0.999997398262547
"edge_4_41","fixed","cond",NA,"Dx.StatusCELIAC:onset_timeline_combinedt0-18",-0.952305197560881,2.21957560913675,-0.42904832511259,0.667888056951374,-5.30259345243247,3.39798305731071,0.999999861216808
"edge_4_41","fixed","cond",NA,"Dx.StatusCELIAC:onset_timeline_combinedt0-24",-1.70182615535823,1.95689780458939,-0.869655099702726,0.384488916655943,-5.53727537377892,2.13362306306247,0.999998617618745
"edge_4_41","fixed","cond",NA,"Dx.StatusCELIAC:onset_timeline_combinedt0-30",-29.7425290418732,1723967.30718953,-1.72523741708075e-05,0.999986234597013,-3378943.57514502,3378884.09008693,0.999999714796086
"edge_4_41","fixed","cond",NA,"Dx.StatusCELIAC:onset_timeline_combinedt0-36",-1.17144480114889,1.9784542978453,-0.59210101664956,0.553782946191013,-5.04914396998416,2.70625436768637,0.999999153356744
"edge_4_41","fixed","cond",NA,"Dx.StatusCELIAC:onset_timeline_combinedt0-over42",1.10839420419675,1.91119642435974,0.579947822248606,0.561949804912113,-2.63748195493006,4.85427036332357,0.999996861415992
"edge_4_46","fixed","cond",NA,"(Intercept)",-3.52439976088452,3.34957120819503,-1.0521943084123,0.292710410261717,-10.0894386925991,3.04063917083005,0.442179555927274
"edge_4_46","fixed","cond",NA,"Dx.StatusCELIAC",1.06517625210457,1.79600413730571,0.593081179480188,0.553126825187707,-2.45492717309955,4.58527967730868,0.999986353446738
"edge_4_46","fixed","cond",NA,"onset_timeline_combinedt0-6",-16.5994619391869,11301.0934896275,-0.00146883679481303,0.998828038220494,-22166.3356875292,22133.1367636509,0.999999447029537
"edge_4_46","fixed","cond",NA,"onset_timeline_combinedt0-12",0.0805488457168618,1.4244068510965,0.0565490440142546,0.95490442652797,-2.71123728176438,2.87233497319811,0.99998627227119
"edge_4_46","fixed","cond",NA,"onset_timeline_combinedt0-18",0.899532535590234,1.53379348886081,0.586475651463575,0.557555919188976,-2.10664746229899,3.90571253347946,0.999997145165192
"edge_4_46","fixed","cond",NA,"onset_timeline_combinedt0-24",1.97816402965379,1.27934897287502,1.5462270823639,0.122049735057256,-0.529313880839561,4.48564194014714,0.99999582928833
"edge_4_46","fixed","cond",NA,"onset_timeline_combinedt0-30",1.8762737486059,1.36289699598951,1.37668052253917,0.16861104321808,-0.79495527817136,4.54750277538317,0.765753499201465
"edge_4_46","fixed","cond",NA,"onset_timeline_combinedt0-36",1.59448771010114,1.24897699162881,1.27663497469376,0.201731148160587,-0.85346221101052,4.0424376312128,0.447590984981302
"edge_4_46","fixed","cond",NA,"onset_timeline_combinedt0-over42",-0.112154608063952,1.27056968085215,-0.0882711194467755,0.92966119267546,-2.60242542238272,2.37811620625482,0.999994751597901
"edge_4_46","fixed","cond",NA,"SexMale",0.0260734570410975,1.66121158296385,0.0156954462083503,0.98747735995009,-3.22984141626881,3.28198833035101,0.999535770039868
"edge_4_46","fixed","cond",NA,"Age.at.Gluten.Introduction..months.",-0.073502795591858,0.308463109559572,-0.238287151085283,0.8116583863197,-0.678079380887852,0.531073789704136,0.991020810761038
"edge_4_46","fixed","cond",NA,"HLA.CategoryHigh Risk",0.0899131891132793,1.31207975280505,0.0685272285629416,0.945365945758188,-2.48171587122883,2.66154224945539,0.99681471658418
"edge_4_46","fixed","cond",NA,"HLA.CategoryLow/No Risk",-28.8832074706938,1342163.31390502,-2.15198904421386e-05,0.999982829611667,-2630620.63983224,2630562.8734173,0.999989527982172
"edge_4_46","fixed","cond",NA,"feeding_first_yearFormula",0.484298894788527,1.73926688480768,0.278450017659067,0.780666928452925,-2.92460155893769,3.89319934851475,0.999985531355603
"edge_4_46","fixed","cond",NA,"feeding_first_yearBreastmilk_and_formula",-2.07696969750971,1.51211387472056,-1.37355375956294,0.16958026066484,-5.04065843248532,0.8867190374659,0.836964856897864
"edge_4_46","fixed","cond",NA,"Delivery.ModeC-Section",30.7286731753718,1342163.31390571,2.2894883846848e-05,0.999981732525659,-2630561.02795294,2630622.48529929,0.999999650716233
"edge_4_46","fixed","cond",NA,"Dx.StatusCELIAC:onset_timeline_combinedt0-6",-3.83710901306603,87514.3379483306,-4.38454898136978e-05,0.999965016360628,-171528.787618608,171521.113400582,0.999999878775183
"edge_4_46","fixed","cond",NA,"Dx.StatusCELIAC:onset_timeline_combinedt0-12",-1.25918741497123,1.93669371189403,-0.650173750881745,0.515579994485228,-5.05503733936871,2.53666250942625,0.999997398262547
"edge_4_46","fixed","cond",NA,"Dx.StatusCELIAC:onset_timeline_combinedt0-18",0.523162878487611,2.21855144952973,0.23581282219013,0.813577918047053,-3.8251180604398,4.87144381741502,0.999999861216808
"edge_4_46","fixed","cond",NA,"Dx.StatusCELIAC:onset_timeline_combinedt0-24",-2.47839447884097,1.83587087549494,-1.34998300366457,0.177021434795008,-6.07663527507708,1.11984631739513,0.999998617618745
"edge_4_46","fixed","cond",NA,"Dx.StatusCELIAC:onset_timeline_combinedt0-30",-1.74245376015921,1.98027999595244,-0.879902722706216,0.378912009637299,-5.62373123153112,2.1388237112127,0.999999714796086
"edge_4_46","fixed","cond",NA,"Dx.StatusCELIAC:onset_timeline_combinedt0-36",-2.09471174149261,1.81382559312596,-1.15485841055014,0.248148412929791,-5.64974457825649,1.46032109527126,0.999999153356744
"edge_4_46","fixed","cond",NA,"Dx.StatusCELIAC:onset_timeline_combinedt0-over42",-0.00274865008311055,1.60657915354275,-0.00171087124904451,0.998634922910814,-3.15158592933974,3.14608862917351,0.999996861415992
"edge_4_48","fixed","cond",NA,"(Intercept)",-2.80357190875818,2.89685541123298,-0.967798357448879,0.333145084304756,-8.48130418319479,2.87416036567844,0.466606362461451
"edge_4_48","fixed","cond",NA,"Dx.StatusCELIAC",-0.499441514733107,1.64354543195784,-0.303880565162204,0.761218884807497,-3.7207313683258,2.72184833885958,0.999986353446738
"edge_4_48","fixed","cond",NA,"onset_timeline_combinedt0-6",-18.3889281421466,17026.4489305638,-0.001080021337223,0.99913826781722,-33389.6156166578,33352.8377603735,0.999999447029537
"edge_4_48","fixed","cond",NA,"onset_timeline_combinedt0-12",-25.3733722255532,203851.525813481,-0.000124469866606586,0.999900687415406,-399567.022160186,399516.275415735,0.99998627227119
"edge_4_48","fixed","cond",NA,"onset_timeline_combinedt0-18",0.31692535091507,1.33558296137648,0.237293646355327,0.812428990837265,-2.30076915174817,2.93461985357831,0.999997145165192
"edge_4_48","fixed","cond",NA,"onset_timeline_combinedt0-24",0.211055230917889,1.05879583105959,0.199335154830253,0.842000581347194,-1.86414646494006,2.28625692677584,0.99999582928833
"edge_4_48","fixed","cond",NA,"onset_timeline_combinedt0-30",-0.219535407374726,1.30714408539904,-0.167950427062298,0.866622278464154,-2.78149073736139,2.34241992261194,0.999987296772671
"edge_4_48","fixed","cond",NA,"onset_timeline_combinedt0-36",1.01193893909364,1.03433776477652,0.978344766626865,0.327903835935357,-1.01532582771801,3.03920370590529,0.580687358814689
"edge_4_48","fixed","cond",NA,"onset_timeline_combinedt0-over42",-0.916070078304929,1.09431596033606,-0.837116620343918,0.402527018965276,-3.06088994827096,1.2287497916611,0.999994751597901
"edge_4_48","fixed","cond",NA,"SexMale",-1.34936345347516,1.87663729191368,-0.719032633151586,0.472120813143451,-5.02750495767075,2.32877805072044,0.990535691749098
"edge_4_48","fixed","cond",NA,"Age.at.Gluten.Introduction..months.",0.0207259170838469,0.284210361360164,0.0729245653981701,0.941866145623814,-0.536316155215189,0.577767989382883,0.991020810761038
"edge_4_48","fixed","cond",NA,"HLA.CategoryHigh Risk",-0.253371752210313,1.17011502661116,-0.216535764816317,0.82857015007459,-2.54675506213731,2.04001155771669,0.978697013291682
"edge_4_48","fixed","cond",NA,"HLA.CategoryLow/No Risk",-19.554435320133,16727.4349608328,-0.00116900381713751,0.999067270115226,-32804.7245122887,32765.6156416484,0.999989527982172
"edge_4_48","fixed","cond",NA,"feeding_first_yearFormula",0.414947096757473,1.59774275795614,0.259708325818533,0.795088769886539,-2.71657116539625,3.5464653589112,0.999985531355603
"edge_4_48","fixed","cond",NA,"feeding_first_yearBreastmilk_and_formula",-1.26918569288287,1.39802493996144,-0.907841953747884,0.363961729127727,-4.00926422469607,1.47089283893034,0.906556345479326
"edge_4_48","fixed","cond",NA,"Delivery.ModeC-Section",20.0966058605382,16727.4348199518,0.0012014158821631,0.999041409047124,-32765.0731949862,32805.2664067073,0.999999650716233
"edge_4_48","fixed","cond",NA,"Dx.StatusCELIAC:onset_timeline_combinedt0-6",-3.23863468578903,162710.152379391,-1.9904318436366e-05,0.999984118651627,-318909.277217316,318902.799947945,0.999999878775183
"edge_4_48","fixed","cond",NA,"Dx.StatusCELIAC:onset_timeline_combinedt0-12",25.2266037608942,203851.5258187,0.00012374988933529,0.99990126187415,-399516.422194428,399566.87540195,0.999997398262547
"edge_4_48","fixed","cond",NA,"Dx.StatusCELIAC:onset_timeline_combinedt0-18",1.1491547533759,2.10854406122119,0.54499916530573,0.585754091687666,-2.98351566643344,5.28182517318524,0.999999861216808
"edge_4_48","fixed","cond",NA,"Dx.StatusCELIAC:onset_timeline_combinedt0-24",-24.7169119616021,188998.352516342,-0.000130778451941611,0.999895653892607,-370454.680981397,370405.247157474,0.999998617618745
"edge_4_48","fixed","cond",NA,"Dx.StatusCELIAC:onset_timeline_combinedt0-30",-21.5298988950007,54757.7937346064,-0.000393184192178182,0.999686284411592,-107344.833491597,107301.773693807,0.999999714796086
"edge_4_48","fixed","cond",NA,"Dx.StatusCELIAC:onset_timeline_combinedt0-36",-0.882004404858805,1.78970546700705,-0.492820981506969,0.622139084187997,-4.38976266312707,2.62575385340946,0.999999153356744
"edge_4_48","fixed","cond",NA,"Dx.StatusCELIAC:onset_timeline_combinedt0-over42",1.24014097490858,1.64567352532708,0.753576548338831,0.451103530634241,-1.98531986504356,4.46560181486072,0.999996861415992
"edge_4_51","fixed","cond",NA,"(Intercept)",-1.63222646267943,3.1157416112039,-0.523864513286371,0.600372778449937,-7.73896780577187,4.47451488041302,0.71603816854289
"edge_4_51","fixed","cond",NA,"Dx.StatusCELIAC",-1.17868128460542,1.77101783081579,-0.665538914457165,0.505705862251671,-4.64981244898263,2.29244987977178,0.999986353446738
"edge_4_51","fixed","cond",NA,"onset_timeline_combinedt0-6",-21.1648405740067,45956.0964197125,-0.000460544785629971,0.999632538438977,-90093.4586932605,90051.1290121125,0.999999447029537
"edge_4_51","fixed","cond",NA,"onset_timeline_combinedt0-12",-0.405637826329146,0.988985543278084,-0.4101554659582,0.681691907054471,-2.34401387238497,1.53273821972668,0.99998627227119
"edge_4_51","fixed","cond",NA,"onset_timeline_combinedt0-18",-0.321158881804622,1.29024503988414,-0.248913091604259,0.803428008323516,-2.84999269120899,2.20767492759975,0.999997145165192
"edge_4_51","fixed","cond",NA,"onset_timeline_combinedt0-24",0.709339709678708,0.973097283545461,0.728950457136457,0.466031968443371,-1.19789591952416,2.61657533888157,0.99999582928833
"edge_4_51","fixed","cond",NA,"onset_timeline_combinedt0-30",0.370964227869132,1.06164146170517,0.349425150816269,0.726770154241734,-1.70981480156745,2.45174325730571,0.999987296772671
"edge_4_51","fixed","cond",NA,"onset_timeline_combinedt0-36",-0.0452417200671527,1.00713601335289,-0.0449211620549018,0.964170148988683,-2.01919203377206,1.92870859363775,0.999986401700165
"edge_4_51","fixed","cond",NA,"onset_timeline_combinedt0-over42",-0.547106934589548,0.818478183861371,-0.66844412640107,0.503850136326324,-2.15129469708959,1.05708082791049,0.999994751597901
"edge_4_51","fixed","cond",NA,"SexMale",-1.50387838512175,2.1078549475443,-0.71346388748135,0.475558751812376,-5.63519816694315,2.62744139669964,0.990535691749098
"edge_4_51","fixed","cond",NA,"Age.at.Gluten.Introduction..months.",-0.0469635671701515,0.316966045070208,-0.148165924712059,0.882211823095535,-0.668205599829858,0.574278465489555,0.991020810761038
"edge_4_51","fixed","cond",NA,"HLA.CategoryHigh Risk",-0.743804929502037,1.26738173994018,-0.586883104010275,0.557282218051278,-3.2278274944485,1.74021763544443,0.967110809971833
"edge_4_51","fixed","cond",NA,"HLA.CategoryLow/No Risk",-18.9053765746406,13847.1481799608,-0.00136529026258272,0.998910656316897,-27158.8170978872,27121.0063447379,0.999989527982172
"edge_4_51","fixed","cond",NA,"feeding_first_yearFormula",0.413218395261559,1.72132507939493,0.240058313335452,0.81028505048536,-2.96051676603805,3.78695355656116,0.999985531355603
"edge_4_51","fixed","cond",NA,"feeding_first_yearBreastmilk_and_formula",-2.07138219680847,1.57309893514232,-1.31675265333586,0.187921548011115,-5.15459945380573,1.01183506018879,0.836964856897864
"edge_4_51","fixed","cond",NA,"Delivery.ModeC-Section",19.8011395871898,13847.1484723623,0.00142997958220143,0.998859041757945,-27120.1111548218,27159.7134339961,0.999999650716233
"edge_4_51","fixed","cond",NA,"Dx.StatusCELIAC:onset_timeline_combinedt0-6",-1.45096242761337,345233.220372355,-4.20284706682752e-06,0.999996646613214,-676646.129159022,676643.227234167,0.999999878775183
"edge_4_51","fixed","cond",NA,"Dx.StatusCELIAC:onset_timeline_combinedt0-12",0.0198598668960665,1.78435809523987,0.0111299783093129,0.991119745487659,-3.47741773529656,3.51713746908869,0.999997398262547
"edge_4_51","fixed","cond",NA,"Dx.StatusCELIAC:onset_timeline_combinedt0-18",2.30006435765027,2.20453693491954,1.0433321942661,0.296794465415634,-2.02074863738034,6.62087735268088,0.999999861216808
"edge_4_51","fixed","cond",NA,"Dx.StatusCELIAC:onset_timeline_combinedt0-24",-0.622795392464782,1.79688633491294,-0.346596988559634,0.72889410861911,-4.14462789320632,2.89903710827675,0.999998617618745
"edge_4_51","fixed","cond",NA,"Dx.StatusCELIAC:onset_timeline_combinedt0-30",0.269275183032781,1.94922132569222,0.138145001536526,0.890125820621725,-3.55112841322138,4.08967877928695,0.999999714796086
"edge_4_51","fixed","cond",NA,"Dx.StatusCELIAC:onset_timeline_combinedt0-36",0.131775684509216,1.81330617644464,0.0726715025962077,0.942067526204668,-3.4222391142663,3.68579048328473,0.999999153356744
"edge_4_51","fixed","cond",NA,"Dx.StatusCELIAC:onset_timeline_combinedt0-over42",0.61369618752823,1.48863543331756,0.41225418513689,0.680153125300784,-2.30397564788436,3.53136802294082,0.999996861415992
"edge_4_52","fixed","cond",NA,"(Intercept)",-3.99679378757819,4.21418106061871,-0.94841529827183,0.342918074348177,-12.2564368907217,4.26284931556528,0.466606362461451
"edge_4_52","fixed","cond",NA,"Dx.StatusCELIAC",0.379387167325062,2.23410964081957,0.16981582299868,0.865154982714617,-3.99938726619501,4.75816160084514,0.999986353446738
"edge_4_52","fixed","cond",NA,"onset_timeline_combinedt0-6",-16.87850187655,15154.304874308,-0.00111377605350709,0.999111335466446,-29718.77026626,29685.013262507,0.999999447029537
"edge_4_52","fixed","cond",NA,"onset_timeline_combinedt0-12",0.0863137763968982,1.42300265128993,0.06065608965567,0.951633102630734,-2.70272017003638,2.87534772283018,0.99998627227119
"edge_4_52","fixed","cond",NA,"onset_timeline_combinedt0-18",1.47434615297656,1.59823143590902,0.922486017888893,0.35627512023247,-1.65812990036486,4.60682220631798,0.999997145165192
"edge_4_52","fixed","cond",NA,"onset_timeline_combinedt0-24",1.27339097164239,1.31141005304116,0.971009005680106,0.331543794022761,-1.29692550128205,3.84370744456684,0.99999582928833
"edge_4_52","fixed","cond",NA,"onset_timeline_combinedt0-30",2.07991962178929,1.44421191685517,1.44017619403003,0.14981755658946,-0.750683721290399,4.91052296486898,0.765753499201465
"edge_4_52","fixed","cond",NA,"onset_timeline_combinedt0-36",1.27339514458543,1.3114095909743,0.971012529837741,0.331542039110028,-1.2969204227046,3.84371071187545,0.580687358814689
"edge_4_52","fixed","cond",NA,"onset_timeline_combinedt0-over42",0.324268890702547,1.19154179970538,0.272142270445507,0.785512628512608,-2.01111012279403,2.65964790419913,0.999994751597901
"edge_4_52","fixed","cond",NA,"SexMale",-1.16813953830552,2.6005635227816,-0.44918708121233,0.653296706019124,-6.26515038246607,3.92887130585502,0.990535691749098
"edge_4_52","fixed","cond",NA,"Age.at.Gluten.Introduction..months.",-0.0099652836068986,0.391215317569939,-0.0254726314623841,0.979677978330976,-0.776733216244378,0.756802649030581,0.991020810761038
"edge_4_52","fixed","cond",NA,"HLA.CategoryHigh Risk",-0.408840809870485,1.66453471898735,-0.245618673619023,0.805977432526823,-3.67126891010218,2.85358729036121,0.978697013291682
"edge_4_52","fixed","cond",NA,"HLA.CategoryLow/No Risk",-27.8127763240223,1279780.22033384,-2.17324630292905e-05,0.999982660003282,-2508350.95275737,2508295.32720473,0.999989527982172
"edge_4_52","fixed","cond",NA,"feeding_first_yearFormula",-1.8861256415763,2.55596474883177,-0.737931007240366,0.460556375445081,-6.89572449504052,3.12347321188793,0.999985531355603
"edge_4_52","fixed","cond",NA,"feeding_first_yearBreastmilk_and_formula",-2.41397865992213,1.95545087139563,-1.23448698979548,0.217021491765652,-6.24659194139503,1.41863462155076,0.836964856897864
"edge_4_52","fixed","cond",NA,"Delivery.ModeC-Section",30.6960982158203,1279780.22033735,2.39854451006664e-05,0.999980862383672,-2508292.44388973,2508353.83608616,0.999999650716233
"edge_4_52","fixed","cond",NA,"Dx.StatusCELIAC:onset_timeline_combinedt0-6",-2.36576424520371,78547.0785206691,-3.01190609473931e-05,0.999975968466288,-153951.810755596,153947.079227106,0.999999878775183
"edge_4_52","fixed","cond",NA,"Dx.StatusCELIAC:onset_timeline_combinedt0-12",-29.4588671311165,1878345.37380635,-1.56834134669386e-05,0.999987486446535,-3681518.74205501,3681459.82432075,0.999997398262547
"edge_4_52","fixed","cond",NA,"Dx.StatusCELIAC:onset_timeline_combinedt0-18",0.842245450000436,2.58562787347919,0.325741170506149,0.744620192063216,-4.22549205944166,5.90998295944254,0.999999861216808
"edge_4_52","fixed","cond",NA,"Dx.StatusCELIAC:onset_timeline_combinedt0-24",-31.8472211917469,3456713.25839052,-9.21315099377818e-06,0.999992648969066,-6775065.33854871,6775001.64410632,0.999998617618745
"edge_4_52","fixed","cond",NA,"Dx.StatusCELIAC:onset_timeline_combinedt0-30",-1.3698676264189,2.19822902668357,-0.623168746200025,0.533173637531799,-5.67831734848924,2.93858209565143,0.999999714796086
"edge_4_52","fixed","cond",NA,"Dx.StatusCELIAC:onset_timeline_combinedt0-36",-1.22843080417149,1.99422696382133,-0.615993478404072,0.537898824039667,-5.13704383025996,2.68018222191698,0.999999153356744
"edge_4_52","fixed","cond",NA,"Dx.StatusCELIAC:onset_timeline_combinedt0-over42",0.0636058384042832,1.70232987371208,0.0373639911902533,0.97019478347799,-3.27289940387801,3.40011108068658,0.999996861415992
"edge_4_53","fixed","cond",NA,"(Intercept)",-2.63391521695946,3.21395919897925,-0.819523539003229,0.412487777643413,-8.93315949474,3.66532906082107,0.538122758276369
"edge_4_53","fixed","cond",NA,"Dx.StatusCELIAC",-0.851507067188833,1.77357369918224,-0.480108082106452,0.631150541616929,-4.32764764151351,2.62463350713584,0.999986353446738
"edge_4_53","fixed","cond",NA,"onset_timeline_combinedt0-6",-18.0621295679653,14420.1293265856,-0.00125256363232922,0.999000599077671,-28280.9962620856,28244.8720029497,0.999999447029537
"edge_4_53","fixed","cond",NA,"onset_timeline_combinedt0-12",-0.846084702786161,1.27407296658605,-0.664078686994897,0.50663995032028,-3.34322183097093,1.65105242539861,0.99998627227119
"edge_4_53","fixed","cond",NA,"onset_timeline_combinedt0-18",-0.168203799824912,1.35808121879417,-0.123854006297398,0.901430870119037,-2.82999407674175,2.49358647709193,0.999997145165192
"edge_4_53","fixed","cond",NA,"onset_timeline_combinedt0-24",-0.823299110099007,1.27337823259458,-0.646547183723636,0.517925050283765,-3.31907458468165,1.67247636448364,0.99999582928833
"edge_4_53","fixed","cond",NA,"onset_timeline_combinedt0-30",1.37327772855045,1.1353265551425,1.20958830948694,0.226436906248108,-0.851921430220783,3.59847688732168,0.765753499201465
"edge_4_53","fixed","cond",NA,"onset_timeline_combinedt0-36",-0.910172722303434,1.28232830835756,-0.709781353473519,0.477839733912208,-3.42349002304041,1.60314457843355,0.714244654900353
"edge_4_53","fixed","cond",NA,"onset_timeline_combinedt0-over42",-0.282800568313159,1.02006375399718,-0.277238130660939,0.781597262630683,-2.28208878808236,1.71648765145604,0.999994751597901
"edge_4_53","fixed","cond",NA,"SexMale",-1.5747992103228,2.17640635494234,-0.723577748588462,0.469325006209432,-5.84047728173389,2.69087886108829,0.990535691749098
"edge_4_53","fixed","cond",NA,"Age.at.Gluten.Introduction..months.",0.0144920309733226,0.318203443375984,0.0455432877142032,0.963674272068513,-0.609175257800237,0.638159319746882,0.991020810761038
"edge_4_53","fixed","cond",NA,"HLA.CategoryHigh Risk",-0.0361290107000598,1.28964191464967,-0.0280147615315948,0.977650377768252,-2.56378071636669,2.49152269496657,0.99681471658418
"edge_4_53","fixed","cond",NA,"HLA.CategoryLow/No Risk",-19.2576382245842,17826.4278312454,-0.0010802858770634,0.999138056745088,-34958.414160468,34919.8988840188,0.999989527982172
"edge_4_53","fixed","cond",NA,"feeding_first_yearFormula",-0.460883760230358,1.8232614940963,-0.252779846293411,0.800438342364723,-4.03441062305779,3.11264310259707,0.999985531355603
"edge_4_53","fixed","cond",NA,"feeding_first_yearBreastmilk_and_formula",-1.84275973644706,1.54489545110049,-1.19280546468979,0.232945569422946,-4.87069918048379,1.18517970758967,0.836964856897864
"edge_4_53","fixed","cond",NA,"Delivery.ModeC-Section",20.3380729394794,17826.4278198739,0.00114089447111806,0.99908969811347,-34918.8184270163,34959.4945728952,0.999999650716233
"edge_4_53","fixed","cond",NA,"Dx.StatusCELIAC:onset_timeline_combinedt0-6",-2.68154453197982,127442.5200674,-2.1041207679836e-05,0.999983211545253,-249785.430975658,249780.067886594,0.999999878775183
"edge_4_53","fixed","cond",NA,"Dx.StatusCELIAC:onset_timeline_combinedt0-12",0.541127015349148,1.94806996363888,0.277775965673407,0.781184341998668,-3.2770199527473,4.3592739834456,0.999997398262547
"edge_4_53","fixed","cond",NA,"Dx.StatusCELIAC:onset_timeline_combinedt0-18",1.99821344110463,2.24511262667716,0.890028151532891,0.373450770162897,-2.40212644841873,6.39855333062799,0.999999861216808
"edge_4_53","fixed","cond",NA,"Dx.StatusCELIAC:onset_timeline_combinedt0-24",0.906650341910918,1.95445524539042,0.463889026903661,0.642727254946638,-2.9240115484497,4.73731223227154,0.999998617618745
"edge_4_53","fixed","cond",NA,"Dx.StatusCELIAC:onset_timeline_combinedt0-30",-25.7281673898876,180912.871631483,-0.00014221302861355,0.999886530420507,-354608.440904815,354556.984570035,0.999999714796086
"edge_4_53","fixed","cond",NA,"Dx.StatusCELIAC:onset_timeline_combinedt0-36",0.993521229924001,1.95950932216923,0.507025518421186,0.612136913601422,-2.84704646889818,4.83408892874619,0.999999153356744
"edge_4_53","fixed","cond",NA,"Dx.StatusCELIAC:onset_timeline_combinedt0-over42",0.427177785853817,1.6025125262812,0.266567517475279,0.789802168177813,-2.71368905043163,3.56804462213927,0.999996861415992
"edge_4_55","fixed","cond",NA,"(Intercept)",-1.74042252404685,1.68375522837274,-1.03365530495123,0.301297334722818,-5.04052213043844,1.55967708234474,0.450360226638318
"edge_4_55","fixed","cond",NA,"Dx.StatusCELIAC",-0.224763637952333,1.31047763030662,-0.171512762029936,0.863820596477397,-2.7932525958987,2.34372531999403,0.999986353446738
"edge_4_55","fixed","cond",NA,"onset_timeline_combinedt0-6",-19.6941614640489,26801.115630636,-0.000734826181695838,0.999413693587516,-52548.915543004,52509.527220076,0.999999447029537
"edge_4_55","fixed","cond",NA,"onset_timeline_combinedt0-12",-21.2526131076825,28925.5041514904,-0.000734736134463796,0.999413765434793,-56714.1989846926,56671.6937584773,0.99998627227119
"edge_4_55","fixed","cond",NA,"onset_timeline_combinedt0-18",0.197252513238287,1.31391168792968,0.150126157678904,0.880665083008013,-2.37796707397012,2.7724721004467,0.999997145165192
"edge_4_55","fixed","cond",NA,"onset_timeline_combinedt0-24",-0.556352789767608,1.23000155665113,-0.452318768833402,0.651039356699892,-2.96711154173203,1.85440596219681,0.99999582928833
"edge_4_55","fixed","cond",NA,"onset_timeline_combinedt0-30",0.01926726283073,1.28293678269043,0.0150180921544122,0.988017746558055,-2.49524262568419,2.53377715134565,0.999987296772671
"edge_4_55","fixed","cond",NA,"onset_timeline_combinedt0-36",-0.385325657775212,1.24133765050084,-0.310411641522147,0.756247942426043,-2.81830274541043,2.04765142986001,0.999986401700165
"edge_4_55","fixed","cond",NA,"onset_timeline_combinedt0-over42",-0.739206151133673,1.06182841683652,-0.696163466161486,0.486326464245962,-2.82035160589443,1.34193930362708,0.999994751597901
"edge_4_55","fixed","cond",NA,"SexMale",-0.842474777347952,1.16260691398249,-0.724642841200785,0.468671169396,-3.1211424569309,1.43619290223499,0.990535691749098
"edge_4_55","fixed","cond",NA,"Age.at.Gluten.Introduction..months.",-0.0056272017039052,0.165400886409711,-0.0340215933907765,0.972859931631028,-0.32980698207794,0.318552578670129,0.991020810761038
"edge_4_55","fixed","cond",NA,"HLA.CategoryHigh Risk",-0.629652787938379,0.713150737967258,-0.88291682868214,0.37728121039497,-2.02740254990237,0.768096974025607,0.903310309051692
"edge_4_55","fixed","cond",NA,"HLA.CategoryLow/No Risk",-23.4531177317208,88232.5631095166,-0.000265810228164971,0.999787914125341,-172956.099076042,172909.192840578,0.999989527982172
"edge_4_55","fixed","cond",NA,"feeding_first_yearFormula",0.334150871058479,0.94911870205411,0.352064362798141,0.72478999388138,-1.52608760202098,2.19438934413794,0.999985531355603
"edge_4_55","fixed","cond",NA,"feeding_first_yearBreastmilk_and_formula",-0.817002958511912,0.773772053423558,-1.05587033661539,0.291027458053408,-2.33356831546569,0.699562398441863,0.836964856897864
"edge_4_55","fixed","cond",NA,"Delivery.ModeC-Section",24.2068431079627,88232.5631001944,0.000274352713526797,0.999781098208409,-172908.439096931,172956.852783147,0.999999650716233
"edge_4_55","fixed","cond",NA,"Dx.StatusCELIAC:onset_timeline_combinedt0-6",-3.28460598324809,194787.963109926,-1.68624689678307e-05,0.999986545696354,-381780.676923355,381774.107711388,0.999999878775183
"edge_4_55","fixed","cond",NA,"Dx.StatusCELIAC:onset_timeline_combinedt0-12",21.2655931934488,28925.5041863475,0.000735184875480439,0.99941340739136,-56671.6808467101,56714.212033097,0.999997398262547
"edge_4_55","fixed","cond",NA,"Dx.StatusCELIAC:onset_timeline_combinedt0-18",0.473880228176826,1.94303879781129,0.243886137894221,0.807319005427358,-3.3344058360973,4.28216629245095,0.999999861216808
"edge_4_55","fixed","cond",NA,"Dx.StatusCELIAC:onset_timeline_combinedt0-24",-25.8516888506449,602062.880504309,-4.2938519692479e-05,0.999965740018084,-1180047.41390574,1179995.71052804,0.999998617618745
"edge_4_55","fixed","cond",NA,"Dx.StatusCELIAC:onset_timeline_combinedt0-30",-21.2653613093078,49117.2109271733,-0.000432951320074713,0.999654554836925,-96289.2297996261,96246.6990770075,0.999999714796086
"edge_4_55","fixed","cond",NA,"Dx.StatusCELIAC:onset_timeline_combinedt0-36",0.709859291935145,1.89060393507697,0.375466949351422,0.707313222080553,-2.99565632984542,4.41537491371571,0.999999153356744
"edge_4_55","fixed","cond",NA,"Dx.StatusCELIAC:onset_timeline_combinedt0-over42",1.76028944437525,1.6184952818697,1.08760863506611,0.276767917061632,-1.41190301723737,4.93248190598787,0.999996861415992
"edge_4_56","fixed","cond",NA,"(Intercept)",-3.29004644806198,3.27105943025119,-1.00580454688019,0.314509599651609,-9.70120512264442,3.12111222652046,0.460944325139415
"edge_4_56","fixed","cond",NA,"Dx.StatusCELIAC",0.361892796346501,1.88439081097468,0.192047633770468,0.847704893460218,-3.33144532596209,4.05523091865509,0.999986353446738
"edge_4_56","fixed","cond",NA,"onset_timeline_combinedt0-6",-16.9531728783889,12305.0148567728,-0.0013777450149975,0.998900718871583,-24134.3391213833,24100.4327756266,0.999999447029537
"edge_4_56","fixed","cond",NA,"onset_timeline_combinedt0-12",0.141845415723388,1.42670474059346,0.0994217035154625,0.920803451221233,-2.65444449241236,2.93813532385913,0.99998627227119
"edge_4_56","fixed","cond",NA,"onset_timeline_combinedt0-18",1.40654125637965,1.58204167399899,0.889067133626307,0.373967001078994,-1.69420344669983,4.50728595945912,0.999997145165192
"edge_4_56","fixed","cond",NA,"onset_timeline_combinedt0-24",0.189599011951713,1.43409640346208,0.132207996264406,0.894819776538077,-2.62117828919239,3.00037631309581,0.99999582928833
"edge_4_56","fixed","cond",NA,"onset_timeline_combinedt0-30",0.775279058271433,1.49406261044459,0.518906672887511,0.603825824227746,-2.15302984884786,3.70358796539073,0.999987296772671
"edge_4_56","fixed","cond",NA,"onset_timeline_combinedt0-36",1.19306598352786,1.28773811654369,0.926481843008631,0.354195628763309,-1.33085434641721,3.71698631347294,0.589474693799721
"edge_4_56","fixed","cond",NA,"onset_timeline_combinedt0-over42",-0.114277636507958,1.26102423184711,-0.090622871172402,0.92779225813898,-2.58583971456058,2.35728444154467,0.999994751597901
"edge_4_56","fixed","cond",NA,"SexMale",-1.07352428077611,2.08981764424586,-0.513692801729363,0.607466785423977,-5.16949159775434,3.02244303620211,0.990535691749098
"edge_4_56","fixed","cond",NA,"Age.at.Gluten.Introduction..months.",0.0149295722849238,0.310352311202774,0.0481052395809913,0.961632370460248,-0.593349780191281,0.623208924761128,0.991020810761038
"edge_4_56","fixed","cond",NA,"HLA.CategoryHigh Risk",-0.552584746781845,1.27520064574692,-0.433331608343236,0.66477387825431,-3.05193208550802,1.94676259194433,0.978697013291682
"edge_4_56","fixed","cond",NA,"HLA.CategoryLow/No Risk",-25.1093008196087,268974.2169138,-9.33520733240232e-05,0.999925515822084,-527204.887221731,527154.668620092,0.999989527982172
"edge_4_56","fixed","cond",NA,"feeding_first_yearFormula",-1.55503376562012,2.12526474544007,-0.731689437260265,0.464358144956846,-5.72047612429534,2.61040859305509,0.999985531355603
"edge_4_56","fixed","cond",NA,"feeding_first_yearBreastmilk_and_formula",-2.00973628837525,1.55274123716943,-1.29431500900878,0.195556634218806,-5.0530531905375,1.03358061378699,0.836964856897864
"edge_4_56","fixed","cond",NA,"Delivery.ModeC-Section",27.1730807423121,268974.216910908,0.000101024853067283,0.999919393829617,-527152.604834502,527206.950995987,0.999999650716233
"edge_4_56","fixed","cond",NA,"Dx.StatusCELIAC:onset_timeline_combinedt0-6",-3.02631644293163,76106.71138998,-3.97641205047531e-05,0.999968272822184,-149169.439622588,149163.386989702,0.999999878775183
"edge_4_56","fixed","cond",NA,"Dx.StatusCELIAC:onset_timeline_combinedt0-12",-23.7168211423595,106670.02073361,-0.000222338206923089,0.999822599778881,-209093.115689158,209045.682046874,0.999997398262547
"edge_4_56","fixed","cond",NA,"Dx.StatusCELIAC:onset_timeline_combinedt0-18",0.254373161263049,2.33212653797855,0.109073481700326,0.913144207913631,-4.316510860565,4.82525718309109,0.999999861216808
"edge_4_56","fixed","cond",NA,"Dx.StatusCELIAC:onset_timeline_combinedt0-24",-0.0917053628920036,2.06849208346705,-0.0443344036097513,0.964637848510008,-4.14587534879364,3.96246462300963,0.999998617618745
"edge_4_56","fixed","cond",NA,"Dx.StatusCELIAC:onset_timeline_combinedt0-30",-27.0520224351333,467220.217138101,-5.78999397775144e-05,0.999953802532006,-915761.850462097,915707.746417227,0.999999714796086
"edge_4_56","fixed","cond",NA,"Dx.StatusCELIAC:onset_timeline_combinedt0-36",-1.09516113097064,1.97262837345201,-0.555178636640088,0.578772479833566,-4.9614416978184,2.77111943587712,0.999999153356744
"edge_4_56","fixed","cond",NA,"Dx.StatusCELIAC:onset_timeline_combinedt0-over42",0.684659602114422,1.76038584669178,0.388925872927844,0.697330982191592,-2.76563325629551,4.13495246052436,0.999996861415992
"edge_4_58","fixed","cond",NA,"(Intercept)",-2.64646954780249,3.57412310345963,-0.740452824705674,0.459025276043012,-9.65162210689589,4.3586830112909,0.581978474983105
"edge_4_58","fixed","cond",NA,"Dx.StatusCELIAC",1.4450700415821,1.92573915112128,0.75039760226129,0.453015274613089,-2.32930933823434,5.21944942139855,0.999986353446738
"edge_4_58","fixed","cond",NA,"onset_timeline_combinedt0-6",3.07227805617836,1.83108255276067,1.67784792201006,0.0933767913133841,-0.516577799952218,6.66113391230893,0.999999447029537
"edge_4_58","fixed","cond",NA,"onset_timeline_combinedt0-12",1.15805494810583,1.28332912383055,0.902383438980334,0.366853215421799,-1.35722391491339,3.67333381112504,0.99998627227119
"edge_4_58","fixed","cond",NA,"onset_timeline_combinedt0-18",1.4440313493611,1.57852642551452,0.914797070242529,0.360298173150352,-1.64982359329212,4.53788629201431,0.999997145165192
"edge_4_58","fixed","cond",NA,"onset_timeline_combinedt0-24",1.43749053978798,1.33485914857238,1.07688555854403,0.281531395577689,-1.17878531584768,4.05376639542363,0.99999582928833
"edge_4_58","fixed","cond",NA,"onset_timeline_combinedt0-30",2.38653843803969,1.46073351508438,1.63379453774074,0.102301999666717,-0.47644664253629,5.24952351861566,0.765753499201465
"edge_4_58","fixed","cond",NA,"onset_timeline_combinedt0-36",1.4374911916444,1.33485909484631,1.07688609022056,0.28153115802193,-1.17878455869011,4.0537669419789,0.547635951220741
"edge_4_58","fixed","cond",NA,"onset_timeline_combinedt0-over42",0.175110274433005,1.18533024024838,0.147731213198705,0.882554897337807,-2.14809430624003,2.49831485510604,0.999994751597901
"edge_4_58","fixed","cond",NA,"SexMale",0.290965764922482,1.77598619825973,0.16383334803367,0.869862338436569,-3.18990322070681,3.77183475055177,0.994111673083809
"edge_4_58","fixed","cond",NA,"Age.at.Gluten.Introduction..months.",-0.207626672324552,0.338634970823959,-0.613128265575641,0.539791531901591,-0.871339019045283,0.45608567439618,0.8087794674144
"edge_4_58","fixed","cond",NA,"HLA.CategoryHigh Risk",-0.793002633051757,1.37910587009623,-0.575012151167498,0.565283079068043,-3.49600046930814,1.90999520320463,0.967110809971833
"edge_4_58","fixed","cond",NA,"HLA.CategoryLow/No Risk",-19.9905747615917,13761.0001138698,-0.00145269781238088,0.998840915251665,-26991.055189198,26951.0740396748,0.999989527982172
"edge_4_58","fixed","cond",NA,"feeding_first_yearFormula",0.400869897243747,1.92008592110814,0.208777061920433,0.834622278676057,-3.36242935535063,4.16416914983812,0.999985531355603
"edge_4_58","fixed","cond",NA,"feeding_first_yearBreastmilk_and_formula",-2.31207452785744,1.71077903703276,-1.35147466610743,0.176543429867263,-5.66513982594776,1.04099077023289,0.836964856897864
"edge_4_58","fixed","cond",NA,"Delivery.ModeC-Section",22.6655158938884,13761.0005651713,0.00164708342148129,0.99868581816185,-26948.3999830772,26993.731014865,0.999999650716233
"edge_4_58","fixed","cond",NA,"Dx.StatusCELIAC:onset_timeline_combinedt0-6",-21.2447458223464,28182.5686515205,-0.000753825745447094,0.999398534133136,-55258.0642946301,55215.5748029854,0.999999878775183
"edge_4_58","fixed","cond",NA,"Dx.StatusCELIAC:onset_timeline_combinedt0-12",-2.37009087921182,1.84262473494739,-1.28625803955654,0.198353021355096,-5.98156899673137,1.24138723830772,0.686978756888383
"edge_4_58","fixed","cond",NA,"Dx.StatusCELIAC:onset_timeline_combinedt0-18",0.0697558430524584,2.27262320158775,0.0306939764602086,0.975513594989204,-4.38450378248964,4.52401546859456,0.999999861216808
"edge_4_58","fixed","cond",NA,"Dx.StatusCELIAC:onset_timeline_combinedt0-24",-1.94292367383256,1.88020430618066,-1.03335774066984,0.301436515139715,-5.62805639752377,1.74220904985866,0.999998617618745
"edge_4_58","fixed","cond",NA,"Dx.StatusCELIAC:onset_timeline_combinedt0-30",-2.22165905301023,2.0623028772004,-1.07727098554319,0.281359220534081,-6.26369841753633,1.82038031151588,0.999999714796086
"edge_4_58","fixed","cond",NA,"Dx.StatusCELIAC:onset_timeline_combinedt0-36",-1.94292209449243,1.88020372868599,-1.03335721807672,0.301436759611034,-5.62805368631489,1.74220949733002,0.999999153356744
"edge_4_58","fixed","cond",NA,"Dx.StatusCELIAC:onset_timeline_combinedt0-over42",-0.326520178609735,1.54371595854569,-0.21151571103621,0.832484873898858,-3.35214785971901,2.69910750249954,0.999996861415992
"edge_4_59","fixed","cond",NA,"(Intercept)",-3.38034036765309,3.57980164583476,-0.944281472015703,0.345025831397552,-10.3966226652864,3.63594192998026,0.466606362461451
"edge_4_59","fixed","cond",NA,"Dx.StatusCELIAC",0.178687591017339,2.0094301467211,0.0889245099208422,0.929141904612725,-3.75972312600504,4.11709830803972,0.999986353446738
"edge_4_59","fixed","cond",NA,"onset_timeline_combinedt0-6",-17.0343533460024,13093.1737411226,-0.00130101025792558,0.998961944294595,-25679.1833292719,25645.1146225799,0.999999447029537
"edge_4_59","fixed","cond",NA,"onset_timeline_combinedt0-12",0.138839884998165,1.42686859158832,0.0973039043796009,0.922485055469839,-2.65777116518632,2.93545093518266,0.99998627227119
"edge_4_59","fixed","cond",NA,"onset_timeline_combinedt0-18",1.44860163474776,1.59410227544793,0.908725655222288,0.363494958388883,-1.67578141280353,4.57298468229904,0.999997145165192
"edge_4_59","fixed","cond",NA,"onset_timeline_combinedt0-24",0.194638944228259,1.43577495842215,0.135563685023563,0.892166215515318,-2.61942826418364,3.00870615264016,0.99999582928833
"edge_4_59","fixed","cond",NA,"onset_timeline_combinedt0-30",0.79339768418655,1.5002622551699,0.528839328892336,0.596916912594452,-2.14706230331129,3.73385767168439,0.999987296772671
"edge_4_59","fixed","cond",NA,"onset_timeline_combinedt0-36",1.21427311060981,1.29435233053784,0.93813182234952,0.3481766698932,-1.32261084054984,3.75115706176947,0.588584370533742
"edge_4_59","fixed","cond",NA,"onset_timeline_combinedt0-over42",-0.126622963505155,1.25947192514933,-0.100536551055032,0.919918366277632,-2.59514257633717,2.34189664932686,0.999994751597901
"edge_4_59","fixed","cond",NA,"SexMale",-1.02368970283157,2.22854867899153,-0.459352632716468,0.645980957327134,-5.39156485144929,3.34418544578615,0.990535691749098
"edge_4_59","fixed","cond",NA,"Age.at.Gluten.Introduction..months.",0.0033321135680707,0.336052209763763,0.00991546394059747,0.992088734043377,-0.655318114494005,0.661982341630146,0.992088734043377
"edge_4_59","fixed","cond",NA,"HLA.CategoryHigh Risk",-0.517905818386764,1.40446087699559,-0.368757739620817,0.712308306946892,-3.27059855499366,2.23478691822013,0.978697013291682
"edge_4_59","fixed","cond",NA,"HLA.CategoryLow/No Risk",-25.9393281083461,486860.775272407,-5.3278738862938e-05,0.999957489716862,-954255.524347275,954203.645691058,0.999989527982172
"edge_4_59","fixed","cond",NA,"feeding_first_yearFormula",-1.79886480782641,2.27574658617881,-0.79045040372745,0.429264775946318,-6.25924615467686,2.66151653902404,0.999985531355603
"edge_4_59","fixed","cond",NA,"feeding_first_yearBreastmilk_and_formula",-2.20775952262439,1.70265155585759,-1.29665962188745,0.194748328223409,-5.54489525032636,1.12937620507758,0.836964856897864
"edge_4_59","fixed","cond",NA,"Delivery.ModeC-Section",28.3032865202118,486860.7752786,5.81342510166601e-05,0.999953615578686,-954201.281744784,954257.888317824,0.999999650716233
"edge_4_59","fixed","cond",NA,"Dx.StatusCELIAC:onset_timeline_combinedt0-6",-2.67473923635048,82624.5280324266,-3.23722180331336e-05,0.999974170707037,-161943.773922412,161938.42444394,0.999999878775183
"edge_4_59","fixed","cond",NA,"Dx.StatusCELIAC:onset_timeline_combinedt0-12",-0.42366555234787,2.05847640460468,-0.205815112284094,0.836935336022612,-4.45820516839854,3.6108740637028,0.999997398262547
"edge_4_59","fixed","cond",NA,"Dx.StatusCELIAC:onset_timeline_combinedt0-18",0.635196998810248,2.44176724394634,0.260138225862861,0.794757152679745,-4.1505788579542,5.4209728555747,0.999999861216808
"edge_4_59","fixed","cond",NA,"Dx.StatusCELIAC:onset_timeline_combinedt0-24",-27.6938803089969,767020.972085302,-3.61057667480793e-05,0.999971191766162,-1503361.1745544,1503305.78679378,0.999998617618745
"edge_4_59","fixed","cond",NA,"Dx.StatusCELIAC:onset_timeline_combinedt0-30",-0.076305116552563,2.21138320363311,-0.0345056055536644,0.972473972426235,-4.41053655169027,4.25792631858514,0.999999714796086
"edge_4_59","fixed","cond",NA,"Dx.StatusCELIAC:onset_timeline_combinedt0-36",-1.15224784864481,1.97250555632686,-0.58415442478676,0.559116420993007,-5.0182876983506,2.71379200106098,0.999999153356744
"edge_4_59","fixed","cond",NA,"Dx.StatusCELIAC:onset_timeline_combinedt0-over42",0.172376581565191,1.76269338018716,0.0977915861616773,0.922097788630223,-3.28243895938881,3.6271921225192,0.999996861415992
"edge_4_6","fixed","cond",NA,"(Intercept)",-3.11192931868846,3.28256301839728,-0.948018149612819,0.34312021461274,-9.54563461173023,3.3217759743533,0.466606362461451
"edge_4_6","fixed","cond",NA,"Dx.StatusCELIAC",0.378543039865951,1.88026531185182,0.201324269229397,0.840445026951769,-3.30670925274359,4.06379533247549,0.999986353446738
"edge_4_6","fixed","cond",NA,"onset_timeline_combinedt0-6",-16.747543874486,12837.0965705006,-0.00130462085273795,0.998959063459184,-25176.9944881184,25143.4994003694,0.999999447029537
"edge_4_6","fixed","cond",NA,"onset_timeline_combinedt0-12",-20.8385421682905,34629.604699732,-0.000601755126833768,0.999519868903892,-67893.616552502,67851.9394681655,0.99998627227119
"edge_4_6","fixed","cond",NA,"onset_timeline_combinedt0-18",1.95120084550726,1.7129575208152,1.13908303142198,0.254668524210638,-1.40613420233755,5.30853589335206,0.999997145165192
"edge_4_6","fixed","cond",NA,"onset_timeline_combinedt0-24",0.297145521616259,1.44432877577036,0.205732605069625,0.836999788163345,-2.53368686072847,3.12797790396099,0.99999582928833
"edge_4_6","fixed","cond",NA,"onset_timeline_combinedt0-30",0.96557146849294,1.53757339260397,0.627983986414909,0.530014430372507,-2.04801700459791,3.97915994158379,0.999987296772671
"edge_4_6","fixed","cond",NA,"onset_timeline_combinedt0-36",1.36064953206883,1.3295081913435,1.02342320335302,0.306107793189578,-1.2451386401154,3.96643770425307,0.579564088438934
"edge_4_6","fixed","cond",NA,"onset_timeline_combinedt0-over42",-0.931003585196457,1.44407304616239,-0.64470671180422,0.51911726597809,-3.76133474671979,1.89932757632687,0.999994751597901
"edge_4_6","fixed","cond",NA,"SexMale",-0.563092807341716,1.85876093561791,-0.302939875995686,0.761935681677775,-4.2061972970228,3.08001168233937,0.990535691749098
"edge_4_6","fixed","cond",NA,"Age.at.Gluten.Introduction..months.",-0.0638741959633413,0.300292239192213,-0.212706782350297,0.83155567627336,-0.652436169616965,0.524687777690283,0.991020810761038
"edge_4_6","fixed","cond",NA,"HLA.CategoryHigh Risk",-0.193042137197411,1.26203428118177,-0.152961088360172,0.878428961107194,-2.66658387556858,2.28049960117375,0.986363062799899
"edge_4_6","fixed","cond",NA,"HLA.CategoryLow/No Risk",-30.1124904706836,2121677.38052302,-1.41927753706176e-05,0.999988675803657,-4158441.36512887,4158381.14014793,0.999989527982172
"edge_4_6","fixed","cond",NA,"feeding_first_yearFormula",-1.51230000069567,2.06238356782493,-0.733277758943066,0.463389037325658,-5.55449751593974,2.52989751454841,0.999985531355603
"edge_4_6","fixed","cond",NA,"feeding_first_yearBreastmilk_and_formula",-1.25758673993028,1.49207902419773,-0.842841913555125,0.399316863316036,-4.1820078894455,1.66683440958494,0.914564428885115
"edge_4_6","fixed","cond",NA,"Delivery.ModeC-Section",32.6978397759427,2121677.38052488,1.54113156298313e-05,0.999987703549198,-4158378.55480228,4158443.95048183,0.999999650716233
"edge_4_6","fixed","cond",NA,"Dx.StatusCELIAC:onset_timeline_combinedt0-6",-3.6797074849576,88026.352256172,-4.18023397612684e-05,0.999966646558509,-172532.159820018,172524.800405048,0.999999878775183
"edge_4_6","fixed","cond",NA,"Dx.StatusCELIAC:onset_timeline_combinedt0-12",21.0704707335684,34629.6047306096,0.000608452533532498,0.999514525147468,-67851.7076001191,67893.8485415863,0.999997398262547
"edge_4_6","fixed","cond",NA,"Dx.StatusCELIAC:onset_timeline_combinedt0-18",-0.376381290511027,2.3157210923467,-0.162533083865299,0.87088607747419,-4.91511122975031,4.16234864872825,0.999999861216808
"edge_4_6","fixed","cond",NA,"Dx.StatusCELIAC:onset_timeline_combinedt0-24",-24.6009394456048,188624.233489504,-0.000130423005519986,0.999895937497817,-369721.305190348,369672.103311457,0.999998617618745
"edge_4_6","fixed","cond",NA,"Dx.StatusCELIAC:onset_timeline_combinedt0-30",-28.2187896032189,1136122.62763586,-2.48378026427825e-05,0.999980182300749,-2226787.6509769,2226731.21339769,0.999999714796086
"edge_4_6","fixed","cond",NA,"Dx.StatusCELIAC:onset_timeline_combinedt0-36",-25.3244913893778,159139.442812246,-0.000159133970446634,0.999873029462417,-311932.900923163,311882.251940384,0.999999153356744
"edge_4_6","fixed","cond",NA,"Dx.StatusCELIAC:onset_timeline_combinedt0-over42",0.730630814580021,1.94753189559354,0.375157303576458,0.707543481833089,-3.08646155952634,4.54772318868639,0.999996861415992
"edge_4_61","fixed","cond",NA,"(Intercept)",-3.21366378986519,4.44458124617244,-0.723052096895003,0.469647877969522,-11.9248829587253,5.49755537899494,0.590176979395328
"edge_4_61","fixed","cond",NA,"Dx.StatusCELIAC",-0.648418407051349,2.26538470901113,-0.286228826597135,0.774702866491258,-5.08849084784092,3.79165403373822,0.999986353446738
"edge_4_61","fixed","cond",NA,"onset_timeline_combinedt0-6",-17.4565635602321,13890.831845347,-0.00125669677342466,0.998997301310798,-27242.9866957424,27208.0735686219,0.999999447029537
"edge_4_61","fixed","cond",NA,"onset_timeline_combinedt0-12",-26.2328564905219,279865.523579402,-9.37337909829373e-05,0.999925211255459,-548552.579586563,548500.113873582,0.99998627227119
"edge_4_61","fixed","cond",NA,"onset_timeline_combinedt0-18",0.882585472071897,1.52497508332117,0.578754028000089,0.562755154793788,-2.10631076855856,3.87148171270235,0.999997145165192
"edge_4_61","fixed","cond",NA,"onset_timeline_combinedt0-24",-0.796536962238469,1.29203913878946,-0.616496001030403,0.537567210412484,-3.32888714088196,1.73581321640502,0.99999582928833
"edge_4_61","fixed","cond",NA,"onset_timeline_combinedt0-30",1.17899504737712,1.33093363448365,0.885840598531813,0.375703429215582,-1.42958694202384,3.78757703677808,0.969997944520231
"edge_4_61","fixed","cond",NA,"onset_timeline_combinedt0-36",0.377599655638258,1.18988829902434,0.317340422582419,0.75098530839958,-1.95453855607506,2.70973786735158,0.999986401700165
"edge_4_61","fixed","cond",NA,"onset_timeline_combinedt0-over42",-1.33488012149027,1.08737689437115,-1.22761494050529,0.219591550569573,-3.46609967207874,0.796339429098205,0.999994751597901
"edge_4_61","fixed","cond",NA,"SexMale",-1.00396783837663,2.60641320509844,-0.385191356617116,0.700095646654543,-6.11244384919918,4.10450817244592,0.990535691749098
"edge_4_61","fixed","cond",NA,"Age.at.Gluten.Introduction..months.",-0.0230805766989434,0.402011642523234,-0.0574127071397178,0.954216440865712,-0.811008917410273,0.764847764012386,0.991020810761038
"edge_4_61","fixed","cond",NA,"HLA.CategoryHigh Risk",-0.514185053636454,1.77262057949093,-0.290070565345755,0.771762253608785,-3.9884575476932,2.96008744042029,0.978697013291682
"edge_4_61","fixed","cond",NA,"HLA.CategoryLow/No Risk",-25.2462093944787,358713.582521344,-7.03798535227656e-05,0.999943845001529,-703090.948716566,703040.456297777,0.999989527982172
"edge_4_61","fixed","cond",NA,"feeding_first_yearFormula",-2.04283498896091,2.68583496646065,-0.76059587222253,0.446898486004976,-7.30697479164212,3.22130481372031,0.999985531355603
"edge_4_61","fixed","cond",NA,"feeding_first_yearBreastmilk_and_formula",-2.3183290855312,2.06857014709608,-1.12073989310237,0.262398595934193,-6.37265207333423,1.73599390227183,0.836964856897864
"edge_4_61","fixed","cond",NA,"Delivery.ModeC-Section",28.4177797245117,358713.58253921,7.92213651999238e-05,0.999936790495887,-703037.284762462,703094.120321911,0.999999650716233
"edge_4_61","fixed","cond",NA,"Dx.StatusCELIAC:onset_timeline_combinedt0-6",-2.51040108512776,126890.715961245,-1.97839618612799e-05,0.99998421468228,-248703.743657627,248698.722855457,0.999999878775183
"edge_4_61","fixed","cond",NA,"Dx.StatusCELIAC:onset_timeline_combinedt0-12",25.916155408326,279865.523583484,9.26021722021619e-05,0.999926114156609,-548500.430582666,548552.262893482,0.999997398262547
"edge_4_61","fixed","cond",NA,"Dx.StatusCELIAC:onset_timeline_combinedt0-18",1.71781417425388,2.60608101737976,0.659156090235839,0.509795540319524,-3.39001076060394,6.8256391091117,0.999999861216808
"edge_4_61","fixed","cond",NA,"Dx.StatusCELIAC:onset_timeline_combinedt0-24",-23.3901398342159,142140.873280431,-0.000164556044256667,0.999868703273493,-278614.382500551,278567.602220883,0.999998617618745
"edge_4_61","fixed","cond",NA,"Dx.StatusCELIAC:onset_timeline_combinedt0-30",-0.34485255177583,2.16237771913994,-0.159478405980335,0.87329197010779,-4.58303500226197,3.89332989871031,0.999999714796086
"edge_4_61","fixed","cond",NA,"Dx.StatusCELIAC:onset_timeline_combinedt0-36",-0.344295098385233,1.91142595670705,-0.180124737333992,0.857054642636379,-4.09062113264608,3.40203093587561,0.999999153356744
"edge_4_61","fixed","cond",NA,"Dx.StatusCELIAC:onset_timeline_combinedt0-over42",1.28602119442849,1.63214699553636,0.787932213180267,0.430736357477205,-1.91292813429804,4.48497052315502,0.999996861415992
"edge_4_63","fixed","cond",NA,"(Intercept)",-3.58386417759512,2.74306075534099,-1.30652016023233,0.191375727741319,-8.9601644654687,1.79243611027845,0.317795807508166
"edge_4_63","fixed","cond",NA,"Dx.StatusCELIAC",0.482610559720564,1.68660647117078,0.286142955081604,0.774768632928683,-2.82307737986636,3.78829849930748,0.999986353446738
"edge_4_63","fixed","cond",NA,"onset_timeline_combinedt0-6",-17.4187455065865,14754.885061839,-0.00118054091465864,0.99905806484959,-28936.4620627391,28901.6245717259,0.999999447029537
"edge_4_63","fixed","cond",NA,"onset_timeline_combinedt0-12",1.16413563955276,1.27027215656107,0.916445844726973,0.359433099319763,-1.32555203787096,3.65382331697649,0.99998627227119
"edge_4_63","fixed","cond",NA,"onset_timeline_combinedt0-18",1.04477484435933,1.50510434294296,0.694154428068731,0.487585368403471,-1.90517546078369,3.99472514950235,0.999997145165192
"edge_4_63","fixed","cond",NA,"onset_timeline_combinedt0-24",0.840737749492992,1.2436703779345,0.676013326689742,0.499032183908623,-1.59681139989795,3.27828689888393,0.99999582928833
"edge_4_63","fixed","cond",NA,"onset_timeline_combinedt0-30",1.74102167446911,1.31469048040231,1.32428255960015,0.185409220488243,-0.835724317937071,4.3177676668753,0.765753499201465
"edge_4_63","fixed","cond",NA,"onset_timeline_combinedt0-36",1.11992901585202,1.27177448275816,0.880603464714262,0.378532482662792,-1.37270316681102,3.61256119851507,0.603950702675467
"edge_4_63","fixed","cond",NA,"onset_timeline_combinedt0-over42",-0.0708663832084008,1.27045057050286,-0.0557805119331411,0.955516659993195,-2.56090374553237,2.41917097911557,0.999994751597901
"edge_4_63","fixed","cond",NA,"SexMale",-1.4544346166332,1.88384472876759,-0.772056525903115,0.440080949320433,-5.1467024374833,2.2378332042169,0.990535691749098
"edge_4_63","fixed","cond",NA,"Age.at.Gluten.Introduction..months.",0.0565177992518981,0.269215547830557,0.209935123388454,0.833718308521411,-0.471134978574214,0.58417057707801,0.991020810761038
"edge_4_63","fixed","cond",NA,"HLA.CategoryHigh Risk",-0.144327306768076,1.01998590833507,-0.141499314440199,0.8874755015915,-2.1434629518432,1.85480833830704,0.986363062799899
"edge_4_63","fixed","cond",NA,"HLA.CategoryLow/No Risk",-24.6848695998706,161696.740780405,-0.000152661516124152,0.999878193733729,-316944.473216702,316895.103477502,0.999989527982172
"edge_4_63","fixed","cond",NA,"feeding_first_yearFormula",-0.25093716283459,1.44391577279522,-0.173789335612569,0.862031025804598,-3.08096007422254,2.57908574855336,0.999985531355603
"edge_4_63","fixed","cond",NA,"feeding_first_yearBreastmilk_and_formula",-1.64840001140883,1.25398798166916,-1.31452616413012,0.188669199202911,-4.10617129252646,0.809371269708794,0.836964856897864
"edge_4_63","fixed","cond",NA,"Delivery.ModeC-Section",25.920583880612,161696.740752511,0.000160303688002502,0.999872096162851,-316893.867708551,316945.708876312,0.999999650716233
"edge_4_63","fixed","cond",NA,"Dx.StatusCELIAC:onset_timeline_combinedt0-6",-2.67842442677344,68273.9449398255,-3.92305502360251e-05,0.999968698549663,-133817.151588955,133811.794740102,0.999999878775183
"edge_4_63","fixed","cond",NA,"Dx.StatusCELIAC:onset_timeline_combinedt0-12",-26.4702638937235,269789.722319967,-9.81144265470948e-05,0.999921716013992,-528804.60941009,528751.668882303,0.999997398262547
"edge_4_63","fixed","cond",NA,"Dx.StatusCELIAC:onset_timeline_combinedt0-18",0.12977279726805,2.17773702348961,0.0595906649279908,0.952481653465281,-4.13851333657104,4.39805893110714,0.999999861216808
"edge_4_63","fixed","cond",NA,"Dx.StatusCELIAC:onset_timeline_combinedt0-24",-24.6864332555389,135532.511834698,-0.000182143995719991,0.999854670118776,-265663.528363513,265614.155497002,0.999998617618745
"edge_4_63","fixed","cond",NA,"Dx.StatusCELIAC:onset_timeline_combinedt0-30",-29.7907943781042,1198987.51807319,-2.48466259481825e-05,0.99998017526077,-2350002.1441309,2349942.56254214,0.999999714796086
"edge_4_63","fixed","cond",NA,"Dx.StatusCELIAC:onset_timeline_combinedt0-36",-0.966109185924307,1.93951877288441,-0.498117986498028,0.618400883765102,-4.76749612811706,2.83527775626845,0.999999153356744
"edge_4_63","fixed","cond",NA,"Dx.StatusCELIAC:onset_timeline_combinedt0-over42",0.597506612113143,1.80852838638631,0.33038276679032,0.741110761286385,-2.94714389022236,4.14215711444865,0.999996861415992
"edge_4_64","fixed","cond",NA,"(Intercept)",-3.85085669947515,3.9307477671101,-0.979675351264349,0.327246396926063,-11.5549807553222,3.85326735637189,0.466606362461451
"edge_4_64","fixed","cond",NA,"Dx.StatusCELIAC",0.458539419641207,2.14450938815954,0.213820196905146,0.830687274319335,-3.74462174565951,4.66170058494193,0.999986353446738
"edge_4_64","fixed","cond",NA,"onset_timeline_combinedt0-6",-16.9128039232944,15131.984888588,-0.00111768575291463,0.999108215979593,-29675.0582001602,29641.2325923136,0.999999447029537
"edge_4_64","fixed","cond",NA,"onset_timeline_combinedt0-12",-21.4272346302842,46454.2879127257,-0.000461254183263768,0.999631972421618,-91070.158471027,91027.3040017664,0.99998627227119
"edge_4_64","fixed","cond",NA,"onset_timeline_combinedt0-18",2.24415870622071,1.77607305901214,1.26355089664438,0.206391267527865,-1.23688052335496,5.72519793579638,0.999997145165192
"edge_4_64","fixed","cond",NA,"onset_timeline_combinedt0-24",0.264359763466685,1.43805248034615,0.183831791314773,0.854145415272328,-2.55417130589026,3.08289083282363,0.99999582928833
"edge_4_64","fixed","cond",NA,"onset_timeline_combinedt0-30",1.17593809287412,1.57392059465837,0.747139402626196,0.45497941777744,-1.90888958718214,4.26076577293038,0.999987296772671
"edge_4_64","fixed","cond",NA,"onset_timeline_combinedt0-36",1.49544958482818,1.35927906356058,1.10017848793382,0.271254361557119,-1.16868842468989,4.15958759434626,0.534973879737652
"edge_4_64","fixed","cond",NA,"onset_timeline_combinedt0-over42",-0.267041892177386,1.24778759738696,-0.214012298837245,0.83053746628658,-2.71266064341159,2.17857685905681,0.999994751597901
"edge_4_64","fixed","cond",NA,"SexMale",-0.797758919188053,2.27182646305573,-0.351153106173006,0.725473488525128,-5.25045696590229,3.65493912752618,0.990535691749098
"edge_4_64","fixed","cond",NA,"Age.at.Gluten.Introduction..months.",-0.0128164673296153,0.353954743512976,-0.0362093390878527,0.971115439358882,-0.70655501677216,0.680922082112929,0.991020810761038
"edge_4_64","fixed","cond",NA,"HLA.CategoryHigh Risk",-0.602521492135688,1.52718809563599,-0.394529982166193,0.693189795959968,-3.59575515720053,2.39071217292916,0.978697013291682
"edge_4_64","fixed","cond",NA,"feeding_first_yearFormula",-1.77361593747398,2.39830262973564,-0.739529663806225,0.459585433911535,-6.47420271578353,2.92697084083557,0.999985531355603
"edge_4_64","fixed","cond",NA,"feeding_first_yearBreastmilk_and_formula",-2.06257279421548,1.8132370962289,-1.13750860188397,0.255325730714449,-5.61645219825611,1.49130660982515,0.836964856897864
"edge_4_64","fixed","cond",NA,"Dx.StatusCELIAC:onset_timeline_combinedt0-6",-2.79573523593952,90324.9809960558,-3.09519604112798e-05,0.999975303908665,-177036.50539177,177030.913921298,0.999999878775183
"edge_4_64","fixed","cond",NA,"Dx.StatusCELIAC:onset_timeline_combinedt0-12",21.3520762451581,46454.2879364287,0.000459636283186124,0.999633263318974,-91027.3792066085,91070.0833590988,0.999997398262547
"edge_4_64","fixed","cond",NA,"Dx.StatusCELIAC:onset_timeline_combinedt0-18",0.0459565293646106,2.52699303838923,0.0181862508785954,0.985490271033441,-4.90685881506172,4.99877187379095,0.999999861216808
"edge_4_64","fixed","cond",NA,"Dx.StatusCELIAC:onset_timeline_combinedt0-24",-26.3101435087826,392808.663118026,-6.6979539860294e-05,0.999946558059296,-769917.142670167,769864.522383149,0.999998617618745
"edge_4_64","fixed","cond",NA,"Dx.StatusCELIAC:onset_timeline_combinedt0-30",-0.197205846486498,2.26840952407012,-0.0869357337790839,0.930722595585634,-4.64320681585157,4.24879512287857,0.999999714796086
"edge_4_64","fixed","cond",NA,"Dx.StatusCELIAC:onset_timeline_combinedt0-36",-1.44644499117628,1.99587460421429,-0.724717368577222,0.468625437566343,-5.35828733309442,2.46539735074185,0.999999153356744
"edge_4_64","fixed","cond",NA,"Dx.StatusCELIAC:onset_timeline_combinedt0-over42",-0.263494183939879,1.78254165145049,-0.1478193700133,0.882485322213693,-3.75721162172539,3.23022325384563,0.999996861415992
"edge_4_65","fixed","cond",NA,"(Intercept)",-3.09417675199327,2.52521931574138,-1.22531010780141,0.220458401452968,-8.04351566391126,1.85516215992472,0.351742618048556
"edge_4_65","fixed","cond",NA,"Dx.StatusCELIAC",0.250821161508181,1.60580297574313,0.156196722323364,0.875877960234148,-2.8964948372156,3.39813716023196,0.999986353446738
"edge_4_65","fixed","cond",NA,"onset_timeline_combinedt0-6",-17.9574724299504,17779.6630054903,-0.00101000071960898,0.999194136156435,-34865.4566204502,34829.5416755902,0.999999447029537
"edge_4_65","fixed","cond",NA,"onset_timeline_combinedt0-12",0.155400389157284,1.43058080967515,0.108627480605288,0.913497963355708,-2.64848647478016,2.95928725309473,0.99998627227119
"edge_4_65","fixed","cond",NA,"onset_timeline_combinedt0-18",0.832072981564753,1.48676036271687,0.559655074503227,0.575714731193232,-2.08192378300201,3.74606974613152,0.999997145165192
"edge_4_65","fixed","cond",NA,"onset_timeline_combinedt0-24",0.882373860166435,1.24801906008913,0.707019538710748,0.479554335733377,-1.56369854962778,3.32844626996065,0.99999582928833
"edge_4_65","fixed","cond",NA,"onset_timeline_combinedt0-30",1.51065354592899,1.2898874573659,1.17115143441577,0.241537912528075,-1.01747941461811,4.03878650647609,0.765753499201465
"edge_4_65","fixed","cond",NA,"onset_timeline_combinedt0-36",1.02138866135818,1.2586120649336,0.811519839842047,0.417067204136303,-1.44544565641925,3.48822297913561,0.642729173170173
"edge_4_65","fixed","cond",NA,"onset_timeline_combinedt0-over42",0.142145052626466,1.28416369386958,0.110690757965707,0.911861575016566,-2.37476953761183,2.65905964286476,0.999994751597901
"edge_4_65","fixed","cond",NA,"SexMale",-1.32958554621507,1.69851734270283,-0.78279185780895,0.433749349695769,-4.65861836502928,1.99944727259915,0.990535691749098
"edge_4_65","fixed","cond",NA,"Age.at.Gluten.Introduction..months.",0.024733537986163,0.245494579408097,0.100749833441525,0.919749051230236,-0.456426996053515,0.505894072025841,0.991020810761038
"edge_4_65","fixed","cond",NA,"HLA.CategoryHigh Risk",0.0295989072580559,0.934195382454415,0.0316838509523463,0.97472417349462,-1.80139039687622,1.86058821139233,0.99681471658418
"edge_4_65","fixed","cond",NA,"HLA.CategoryLow/No Risk",-21.316845774787,41794.3330298915,-0.000510041535045937,0.999593045751463,-81936.7043422349,81894.0706506853,0.999989527982172
"edge_4_65","fixed","cond",NA,"feeding_first_yearFormula",-0.26997817641303,1.31861795898592,-0.204743287904752,0.837772697901593,-2.85442188539315,2.31446553256708,0.999985531355603
"edge_4_65","fixed","cond",NA,"feeding_first_yearBreastmilk_and_formula",-1.31690810733665,1.14536539807456,-1.14977116433801,0.250238134800938,-3.56178303670116,0.927966822027867,0.836964856897864
"edge_4_65","fixed","cond",NA,"Delivery.ModeC-Section",22.1857231440149,41794.3329878587,0.000530830893998474,0.999576458245172,-81893.2016909333,81937.5731372213,0.999999650716233
"edge_4_65","fixed","cond",NA,"Dx.StatusCELIAC:onset_timeline_combinedt0-6",-3.0384106766572,97520.1073970548,-3.1156760977367e-05,0.999975140501456,-191138.936677382,191132.859856029,0.999999878775183
"edge_4_65","fixed","cond",NA,"Dx.StatusCELIAC:onset_timeline_combinedt0-12",-20.7580079624856,27666.8782369019,-0.00075028370691995,0.999401360270192,-54246.8429169452,54205.3269010202,0.999997398262547
"edge_4_65","fixed","cond",NA,"Dx.StatusCELIAC:onset_timeline_combinedt0-18",0.229691416934978,2.12850015719251,0.107912332615442,0.914065234240183,-3.94209223225019,4.40147506612014,0.999999861216808
"edge_4_65","fixed","cond",NA,"Dx.StatusCELIAC:onset_timeline_combinedt0-24",-0.705237415211033,1.90341754568778,-0.370511145496562,0.711001673636015,-4.4358672523007,3.02539242187863,0.999998617618745
"edge_4_65","fixed","cond",NA,"Dx.StatusCELIAC:onset_timeline_combinedt0-30",-27.260028756764,431061.959370236,-6.3239235483896e-05,0.999949542390404,-844893.175499687,844838.655442173,0.999999714796086
"edge_4_65","fixed","cond",NA,"Dx.StatusCELIAC:onset_timeline_combinedt0-36",-24.8210237901755,144471.738868407,-0.000171805392422001,0.999862919130598,-283184.225989743,283134.583942163,0.999999153356744
"edge_4_65","fixed","cond",NA,"Dx.StatusCELIAC:onset_timeline_combinedt0-over42",-0.044733070396238,1.85220478568395,-0.0241512551646496,0.980731959518803,-3.6749877423295,3.58552160153702,0.999996861415992
"edge_4_66","fixed","cond",NA,"(Intercept)",-2.61848770473121,3.06005078841531,-0.85570073367548,0.392163334304597,-8.61607704088862,3.37910163142619,0.520441060478997
"edge_4_66","fixed","cond",NA,"Dx.StatusCELIAC",-0.122840715639428,1.78296949092935,-0.068896700848986,0.945071844622159,-3.61739670339467,3.37171527211581,0.999986353446738
"edge_4_66","fixed","cond",NA,"onset_timeline_combinedt0-6",-17.5795349336011,15918.4493888052,-0.00110434970795359,0.999118856597402,-31217.1670267155,31182.0079568483,0.999999447029537
"edge_4_66","fixed","cond",NA,"onset_timeline_combinedt0-12",0.155095865086769,1.43447167701159,0.108120548890779,0.913900068047626,-2.65641695869873,2.96660868887227,0.99998627227119
"edge_4_66","fixed","cond",NA,"onset_timeline_combinedt0-18",0.891930265848685,1.52731000468337,0.583987705910167,0.559228583431266,-2.10154233655841,3.88540286825578,0.999997145165192
"edge_4_66","fixed","cond",NA,"onset_timeline_combinedt0-24",1.05737812030974,1.26667619764925,0.834765919081822,0.403849518281668,-1.42526160715692,3.54001784777641,0.99999582928833
"edge_4_66","fixed","cond",NA,"onset_timeline_combinedt0-30",0.433739927971814,1.47065442243685,0.294929877036043,0.768047447971898,-2.44868977370897,3.3161696296526,0.999987296772671
"edge_4_66","fixed","cond",NA,"onset_timeline_combinedt0-36",0.973258458369929,1.27422745788243,0.763802767197731,0.444984787541803,-1.52418146719166,3.47069838393152,0.672211062031235
"edge_4_66","fixed","cond",NA,"onset_timeline_combinedt0-over42",-0.626636375114533,1.46186776522923,-0.428654622544653,0.668174588191068,-3.49184454512389,2.23857179489482,0.999994751597901
"edge_4_66","fixed","cond",NA,"SexMale",-0.845097057937466,1.84103321965573,-0.459034116774654,0.646209666656417,-4.45345586280451,2.76326174692958,0.990535691749098
"edge_4_66","fixed","cond",NA,"Age.at.Gluten.Introduction..months.",-0.063737471971096,0.291381367173296,-0.218742442557038,0.826850685129374,-0.634834457396798,0.507359513454606,0.991020810761038
"edge_4_66","fixed","cond",NA,"HLA.CategoryHigh Risk",0.198035134938539,1.17471322865409,0.168581684540519,0.866125687972668,-2.10436048538624,2.50043075526332,0.986363062799899
"edge_4_66","fixed","cond",NA,"HLA.CategoryLow/No Risk",-24.7644332452859,292537.765270242,-8.46537992194234e-05,0.99993245604067,-573388.248480753,573338.719614262,0.999989527982172
"edge_4_66","fixed","cond",NA,"feeding_first_yearFormula",-1.74376210383143,1.96986381921328,-0.885219621185715,0.37603819175995,-5.60462424393798,2.11710003627512,0.999985531355603
"edge_4_66","fixed","cond",NA,"feeding_first_yearBreastmilk_and_formula",-1.47282339977431,1.42032363550014,-1.03696324060374,0.29975298896976,-4.25660657174558,1.31095977219696,0.836964856897864
"edge_4_66","fixed","cond",NA,"Delivery.ModeC-Section",26.7979414656698,292537.765284184,9.16050665787956e-05,0.999926909731788,-573336.686133367,573390.282016298,0.999999650716233
"edge_4_66","fixed","cond",NA,"Dx.StatusCELIAC:onset_timeline_combinedt0-6",-2.65755607579615,83520.471785902,-3.1819217719562e-05,0.999974611937449,-163699.774228237,163694.459116086,0.999999878775183
"edge_4_66","fixed","cond",NA,"Dx.StatusCELIAC:onset_timeline_combinedt0-12",0.0796568620555045,2.04757613086881,0.0389030038271178,0.96896772167591,-3.93351861005124,4.09283233416224,0.999997398262547
"edge_4_66","fixed","cond",NA,"Dx.StatusCELIAC:onset_timeline_combinedt0-18",0.675885828168552,2.26919870982687,0.297852200092305,0.765815971712651,-3.77166191685686,5.12343357319397,0.999999861216808
"edge_4_66","fixed","cond",NA,"Dx.StatusCELIAC:onset_timeline_combinedt0-24",-24.7741841014157,140949.114829746,-0.000175766865448859,0.99985975833248,-276279.962903204,276230.414535001,0.999998617618745
"edge_4_66","fixed","cond",NA,"Dx.StatusCELIAC:onset_timeline_combinedt0-30",-24.1484817819088,194015.272541476,-0.000124466911628034,0.999900689773138,-380287.095113798,380238.798150234,0.999999714796086
"edge_4_66","fixed","cond",NA,"Dx.StatusCELIAC:onset_timeline_combinedt0-36",-24.4719735233744,126387.613124335,-0.000193626360356215,0.999845508517473,-247739.641789203,247690.697842156,0.999999153356744
"edge_4_66","fixed","cond",NA,"Dx.StatusCELIAC:onset_timeline_combinedt0-over42",0.444262409647674,1.95787855473696,0.226910095405463,0.820493651797774,-3.39310904374011,4.28163386303546,0.999996861415992
"edge_4_69","fixed","cond",NA,"(Intercept)",-2.60694020091407,3.04016040126246,-0.857500873911623,0.391168132044783,-8.56554509461333,3.35166469278519,0.520441060478997
"edge_4_69","fixed","cond",NA,"Dx.StatusCELIAC",0.0945608172148496,1.78352701267108,0.0530189991758138,0.957716769849723,-3.40108789307478,3.59020952750448,0.999986353446738
"edge_4_69","fixed","cond",NA,"onset_timeline_combinedt0-6",-17.9287873305145,20515.555859436,-0.000873911847836593,0.999302719317863,-40227.6793946447,40191.8218199836,0.999999447029537
"edge_4_69","fixed","cond",NA,"onset_timeline_combinedt0-12",0.125242597774292,1.42460861617794,0.0879136882593789,0.929945277072606,-2.66693898199991,2.91742417754849,0.99998627227119
"edge_4_69","fixed","cond",NA,"onset_timeline_combinedt0-18",1.32464829659647,1.56696429382483,0.845359592312797,0.397910098122129,-1.74654528436044,4.39584187755339,0.999997145165192
"edge_4_69","fixed","cond",NA,"onset_timeline_combinedt0-24",0.171543750516706,1.43115535054267,0.119863822227028,0.904591023482232,-2.63346919282871,2.97655669386213,0.99999582928833
"edge_4_69","fixed","cond",NA,"onset_timeline_combinedt0-30",0.735643041416306,1.48613377450527,0.495004591131913,0.620596879704452,-2.17712563282259,3.6484117156552,0.999987296772671
"edge_4_69","fixed","cond",NA,"onset_timeline_combinedt0-36",1.15000137323474,1.278827617826,0.899262228313249,0.368513001362886,-1.35645470013938,3.65645744660885,0.597680666660012
"edge_4_69","fixed","cond",NA,"onset_timeline_combinedt0-over42",-0.098435659740427,1.26224796024381,-0.0779844078507472,0.937840455949438,-2.57239620137744,2.37552488189659,0.999994751597901
"edge_4_69","fixed","cond",NA,"SexMale",-0.654688029294459,1.77947685605926,-0.367910392914183,0.712940050521274,-4.14239857849318,2.83302251990426,0.990535691749098
"edge_4_69","fixed","cond",NA,"Age.at.Gluten.Introduction..months.",-0.0785646304034304,0.286694487302441,-0.274036069345661,0.784056902908187,-0.64047550008239,0.483346239275529,0.976632282569848
"edge_4_69","fixed","cond",NA,"HLA.CategoryHigh Risk",0.00779263770137527,1.1624425405535,0.00670367560504519,0.994651280795387,-2.27055287588073,2.28613815128348,0.99681471658418
"edge_4_69","fixed","cond",NA,"HLA.CategoryLow/No Risk",-27.2709243261334,1044795.29310425,-2.61016914089526e-05,0.999979173863416,-2047788.41662563,2047733.87477698,0.999989527982172
"edge_4_69","fixed","cond",NA,"feeding_first_yearFormula",-1.49054262109287,1.91091782245712,-0.780013982587844,0.435382644924484,-5.23587273052453,2.25478748833879,0.999985531355603
"edge_4_69","fixed","cond",NA,"feeding_first_yearBreastmilk_and_formula",-1.46322424685137,1.40545519279151,-1.04110344773434,0.297827539604139,-4.21786580660752,1.29141731290479,0.836964856897864
"edge_4_69","fixed","cond",NA,"Delivery.ModeC-Section",29.7090582388785,1044795.29310978,2.84352910419906e-05,0.999977311920299,-2047731.4366539,2047790.85477038,0.999999650716233
"edge_4_69","fixed","cond",NA,"Dx.StatusCELIAC:onset_timeline_combinedt0-6",-3.00020082504033,113950.719731899,-2.6328932648246e-05,0.99997899255114,-223342.306887765,223336.306486115,0.999999878775183
"edge_4_69","fixed","cond",NA,"Dx.StatusCELIAC:onset_timeline_combinedt0-12",0.0984791192855645,2.03847947059485,0.0483100863688498,0.961469116181167,-3.89686722630462,4.09382546487575,0.999997398262547
"edge_4_69","fixed","cond",NA,"Dx.StatusCELIAC:onset_timeline_combinedt0-18",0.19208135140477,2.25599104900641,0.085142780814386,0.932147879595517,-4.22957985409254,4.61374255690208,0.999999861216808
"edge_4_69","fixed","cond",NA,"Dx.StatusCELIAC:onset_timeline_combinedt0-24",-24.5228846256519,194173.120429346,-0.000126293920453192,0.999899232031015,-380596.845691902,380547.799922651,0.999998617618745
"edge_4_69","fixed","cond",NA,"Dx.StatusCELIAC:onset_timeline_combinedt0-30",-26.8284818996402,632440.357040203,-4.24205723132479e-05,0.999966153280301,-1239587.15065035,1239533.49368655,0.999999714796086
"edge_4_69","fixed","cond",NA,"Dx.StatusCELIAC:onset_timeline_combinedt0-36",-26.1097972721999,263216.699760336,-9.91950635957879e-05,0.999920853790379,-515921.361457022,515869.141862478,0.999999153356744
"edge_4_69","fixed","cond",NA,"Dx.StatusCELIAC:onset_timeline_combinedt0-over42",-0.0667109903153292,1.81634527051251,-0.0367281438162391,0.970701768257043,-3.62668230400951,3.49326032337885,0.999996861415992
"edge_4_7","fixed","cond",NA,"(Intercept)",-3.12750658529753,2.3996586355718,-1.30331312084825,0.192467883420438,-7.83075108620879,1.57573791561373,0.317795807508166
"edge_4_7","fixed","cond",NA,"Dx.StatusCELIAC",0.281905480044712,1.57672657626158,0.178791608062515,0.858101334905778,-2.80842182289513,3.37223278298456,0.999986353446738
"edge_4_7","fixed","cond",NA,"onset_timeline_combinedt0-6",-17.8445285230707,16392.0851302523,-0.00108860638419561,0.999131417944813,-32145.7410153322,32110.0519582861,0.999999447029537
"edge_4_7","fixed","cond",NA,"onset_timeline_combinedt0-12",0.157412352561409,1.42661088629862,0.110340075260339,0.912139675821312,-2.63869360453665,2.95351830965947,0.99998627227119
"edge_4_7","fixed","cond",NA,"onset_timeline_combinedt0-18",0.991212636724367,1.49554053906911,0.662778848737423,0.507472201972175,-1.9399929572707,3.92241823071943,0.999997145165192
"edge_4_7","fixed","cond",NA,"onset_timeline_combinedt0-24",0.224319607275581,1.42996686068534,0.156870493605755,0.875346914602222,-2.57836393875349,3.02700315330465,0.99999582928833
"edge_4_7","fixed","cond",NA,"onset_timeline_combinedt0-30",0.586738394193616,1.45429888789339,0.403451036838464,0.6866164477593,-2.26363504883409,3.43711183722132,0.999987296772671
"edge_4_7","fixed","cond",NA,"onset_timeline_combinedt0-36",1.58737725560453,1.19836233698871,1.32462211687439,0.18529651655874,-0.761369765322597,3.93612427653166,0.447590984981302
"edge_4_7","fixed","cond",NA,"onset_timeline_combinedt0-over42",-0.591995120812418,1.47022222921549,-0.402656897065355,0.687200646864115,-3.47357773934497,2.28958749772013,0.999994751597901
"edge_4_7","fixed","cond",NA,"SexMale",-1.20036536137526,1.58502093245982,-0.757318302107462,0.44885918856259,-4.30694930373859,1.90621858098808,0.990535691749098
"edge_4_7","fixed","cond",NA,"Age.at.Gluten.Introduction..months.",0.0374136914425317,0.230314970724549,0.162445764271561,0.870954834719662,-0.413995356277982,0.488822739163045,0.991020810761038
"edge_4_7","fixed","cond",NA,"HLA.CategoryHigh Risk",-0.116676121870332,0.893130097387484,-0.130637319480806,0.896062219022443,-1.86717894625855,1.63382670251789,0.986363062799899
"edge_4_7","fixed","cond",NA,"HLA.CategoryLow/No Risk",-24.4711128524014,160077.815404445,-0.000152870107519732,0.999878027301877,-313771.224029415,313722.28180371,0.999989527982172
"edge_4_7","fixed","cond",NA,"feeding_first_yearFormula",-0.113388430719048,1.27308901799584,-0.0890655948768998,0.92902978000509,-2.60859705510436,2.38182019366626,0.999985531355603
"edge_4_7","fixed","cond",NA,"feeding_first_yearBreastmilk_and_formula",-1.04912284666608,1.08054110733977,-0.970923585914246,0.331586332048446,-3.16694450086707,1.0686988075349,0.871949243534803
"edge_4_7","fixed","cond",NA,"Delivery.ModeC-Section",24.9560495579799,160077.815388114,0.00015589948861729,0.999875610205499,-313721.796834997,313771.708934113,0.999999650716233
"edge_4_7","fixed","cond",NA,"Dx.StatusCELIAC:onset_timeline_combinedt0-6",-3.54547538090154,109394.423465546,-3.24100193463535e-05,0.999974140545953,-214412.675577375,214405.584626613,0.999999878775183
"edge_4_7","fixed","cond",NA,"Dx.StatusCELIAC:onset_timeline_combinedt0-12",-22.1763497085235,56785.7195314923,-0.000390526877029794,0.99968840464216,-111320.141467626,111275.788768209,0.999997398262547
"edge_4_7","fixed","cond",NA,"Dx.StatusCELIAC:onset_timeline_combinedt0-18",-0.00692879736220325,2.1041306321391,-0.0032929501887244,0.997372610633283,-4.13094905512234,4.11709146039793,0.999999861216808
"edge_4_7","fixed","cond",NA,"Dx.StatusCELIAC:onset_timeline_combinedt0-24",-22.2096794106842,59498.2154349978,-0.00037328311863317,0.999702163169751,-116636.569076412,116592.14971759,0.999998617618745
"edge_4_7","fixed","cond",NA,"Dx.StatusCELIAC:onset_timeline_combinedt0-30",-23.4352502110869,102157.094113696,-0.000229404041044908,0.99981696205907,-200247.660478324,200200.789977902,0.999999714796086
"edge_4_7","fixed","cond",NA,"Dx.StatusCELIAC:onset_timeline_combinedt0-36",-1.38140063768991,1.87490346868857,-0.736784938936699,0.461253143604771,-5.05614391080872,2.2933426354289,0.999999153356744
"edge_4_7","fixed","cond",NA,"Dx.StatusCELIAC:onset_timeline_combinedt0-over42",0.759354495814646,1.98055861581459,0.383404202103016,0.701420088127067,-3.12246906045245,4.64117805208175,0.999996861415992
"edge_49045_3","fixed","cond",NA,"(Intercept)",-15.4254034919257,10.4131668178698,-1.4813364427673,0.138516941969026,-35.8348354199581,4.98402843610666,0.242832169871627
"edge_49045_3","fixed","cond",NA,"Dx.StatusCELIAC",1.82833149472232,3.61202410005717,0.506179207025052,0.612730850463331,-5.25110565268044,8.90776864212508,0.999986353446738
"edge_49045_3","fixed","cond",NA,"onset_timeline_combinedt0-6",-20.8208626577355,153795.708578993,-0.000135379997596236,0.999891982390406,-301454.870654301,301413.228928985,0.999999447029537
"edge_49045_3","fixed","cond",NA,"onset_timeline_combinedt0-12",1.07490041159063,1.95466016245225,0.549916774403433,0.582376458296963,-2.75616310883099,4.90596393201226,0.99998627227119
"edge_49045_3","fixed","cond",NA,"onset_timeline_combinedt0-18",-16.1541341281866,69199.8114525715,-0.000233441880679956,0.999813740329252,-135645.292318131,135612.984049874,0.999997145165192
"edge_49045_3","fixed","cond",NA,"onset_timeline_combinedt0-24",4.08403864532787,3.59738894467724,1.13527858903627,0.256258610300582,-2.96671412462207,11.1347914152778,0.99999582928833
"edge_49045_3","fixed","cond",NA,"onset_timeline_combinedt0-30",4.08404493665393,3.59740522575783,1.1352751998612,0.256260029890991,-2.9667397436276,11.1348296169355,0.765753499201465
"edge_49045_3","fixed","cond",NA,"onset_timeline_combinedt0-36",-22.6845142579947,38538.9540195113,-0.00058861260859623,0.999530355114426,-75557.6463943453,75512.2773658293,0.999986401700165
"edge_49045_3","fixed","cond",NA,"onset_timeline_combinedt0-over42",-23.9890958381125,52332.2571233441,-0.000458399793106031,0.999634249895215,-102593.328287282,102545.350095606,0.999994751597901
"edge_49045_3","fixed","cond",NA,"SexMale",-24.145723215431,41499.9037773921,-0.000581826004825216,0.999535770039868,-81362.4624887817,81314.1710423508,0.999535770039868
"edge_49045_3","fixed","cond",NA,"Age.at.Gluten.Introduction..months.",0.733847211102432,0.874105195760597,0.839541069726601,0.401165752639691,-0.979367491287672,2.44706191349254,0.72108274525109
"edge_49045_3","fixed","cond",NA,"HLA.CategoryHigh Risk",1.73623499928032,2.85609290007548,0.607905645938349,0.543250054765862,-3.86160422136818,7.33407421992881,0.967110809971833
"edge_49045_3","fixed","cond",NA,"HLA.CategoryLow/No Risk",-18.2010493230726,24.0466746569733,-0.756905043325587,0.449106753665398,-65.3316655986923,28.929566952547,0.999989527982172
"edge_49045_3","fixed","cond",NA,"feeding_first_yearFormula",-27.2346631788865,1501876.5180079,-1.81337565720854e-05,0.999985531355603,-2943651.11918509,2943596.64985873,0.999985531355603
"edge_49045_3","fixed","cond",NA,"feeding_first_yearBreastmilk_and_formula",4.05135059104143,2.91326795683393,1.39065497958668,0.164330075730111,-1.65854968166766,9.76125086375053,0.836964856897864
"edge_49045_3","fixed","cond",NA,"Delivery.ModeC-Section",-10.2027492051043,78921.0572866482,-0.000129277908277978,0.99989685115322,-154692.632652858,154672.227154448,0.999999650716233
"edge_49045_3","fixed","cond",NA,"Dx.StatusCELIAC:onset_timeline_combinedt0-6",-7.03589777622331,2637053.05208776,-2.66809109913544e-06,0.999997871171305,-5168536.04331121,5168521.97151566,0.999999878775183
"edge_49045_3","fixed","cond",NA,"Dx.StatusCELIAC:onset_timeline_combinedt0-12",-2.30606305508143,2.48814750207339,-0.926819271429757,0.354020377379628,-7.18274254736858,2.57061643720572,0.999997398262547
"edge_49045_3","fixed","cond",NA,"Dx.StatusCELIAC:onset_timeline_combinedt0-18",-10.930989797527,2664668.10829507,-4.1021956030843e-06,0.999996726921463,-5222664.45400062,5222642.59202102,0.999999861216808
"edge_49045_3","fixed","cond",NA,"Dx.StatusCELIAC:onset_timeline_combinedt0-24",-3.61607279713855,3.83828815121866,-0.942105609238963,0.346138572978485,-11.138979335814,3.90683374153685,0.999998617618745
"edge_49045_3","fixed","cond",NA,"Dx.StatusCELIAC:onset_timeline_combinedt0-30",-3.10569257778423,3.92699209963591,-0.790857862452072,0.429026939959771,-10.8024556606439,4.59107050507547,0.999999714796086
"edge_49045_3","fixed","cond",NA,"Dx.StatusCELIAC:onset_timeline_combinedt0-36",-1.83303673219315,113720.159481026,-1.61188371574434e-05,0.999987139028695,-222889.249935695,222885.58386223,0.999999153356744
"edge_49045_3","fixed","cond",NA,"Dx.StatusCELIAC:onset_timeline_combinedt0-over42",-1.02474660796254,94864.9946897049,-1.08021574376765e-05,0.999991381125357,-185932.997732013,185930.948238797,0.999996861415992
"edge_61_10","fixed","cond",NA,"(Intercept)",-12.425532102155,509.00710885637,-0.0244113134884747,0.980524524156863,-1010.0611333355,985.210069131189,0.999881086915019
"edge_61_10","fixed","cond",NA,"Dx.StatusCELIAC",12.7248418466519,508.995815346731,0.0249998948183566,0.980055047506112,-984.888624514541,1010.33830820784,0.999986353446738
"edge_61_10","fixed","cond",NA,"onset_timeline_combinedt0-6",-14.075323096068,1455939.43869225,-9.66751962479334e-06,0.99999228643535,-2853602.93883138,2853574.78818518,0.999999447029537
"edge_61_10","fixed","cond",NA,"onset_timeline_combinedt0-12",-14.8199248340665,844288.000578053,-1.755316293009e-05,0.999985994602306,-1654788.89363715,1654759.25378748,0.99998627227119
"edge_61_10","fixed","cond",NA,"onset_timeline_combinedt0-18",14.4652459985481,508.996296102558,0.0284191576821091,0.977327844750946,-983.149162626751,1012.07965462385,0.999997145165192
"edge_61_10","fixed","cond",NA,"onset_timeline_combinedt0-24",12.9132586411759,508.994660003947,0.0253701259676787,0.979759739459373,-984.69794328977,1010.52446057212,0.99999582928833
"edge_61_10","fixed","cond",NA,"onset_timeline_combinedt0-30",12.8932046324658,508.994652787269,0.0253307270751515,0.979791165128048,-984.71798315405,1010.50439241898,0.999987296772671
"edge_61_10","fixed","cond",NA,"onset_timeline_combinedt0-36",14.2322368029029,508.994820978007,0.0279614570057048,0.977692891971798,-983.379280631403,1011.84375423721,0.999986401700165
"edge_61_10","fixed","cond",NA,"onset_timeline_combinedt0-over42",-12.8051572376523,328533.542828665,-3.89767118675319e-05,0.999968901083378,-643926.716814769,643901.106500293,0.999994751597901
"edge_61_10","fixed","cond",NA,"SexMale",1.01127808490709,1.65300002092323,0.611783467699098,0.540681029234831,-2.22854242254638,4.25109859236057,0.990535691749098
"edge_61_10","fixed","cond",NA,"Age.at.Gluten.Introduction..months.",-0.526284136895803,0.402354293512537,-1.30801173339388,0.190869329579811,-1.31488406120543,0.262315787413826,0.5212200923141
"edge_61_10","fixed","cond",NA,"HLA.CategoryHigh Risk",0.314624858641091,1.38609224091537,0.226986956101358,0.820433884989002,-2.40206601280345,3.03131573008564,0.978697013291682
"edge_61_10","fixed","cond",NA,"HLA.CategoryLow/No Risk",-19.1488809145913,8904.15020926098,-0.0021505568150316,0.998284105242796,-17470.9626040009,17432.6648421717,0.999989527982172
"edge_61_10","fixed","cond",NA,"feeding_first_yearFormula",-22.7408900829135,54583.1174282155,-0.000416628641865701,0.999667578448684,-107003.685213306,106958.20343314,0.999985531355603
"edge_61_10","fixed","cond",NA,"feeding_first_yearBreastmilk_and_formula",0.712148358698407,1.40592334367483,0.506534272940501,0.612481636076093,-2.04341075992838,3.4677074773252,0.956122944670933
"edge_61_10","fixed","cond",NA,"Delivery.ModeC-Section",0.71875711058898,89815.3119773338,8.00261219123047e-06,0.999993614839287,-176034.057978693,176035.495492914,0.999999650716233
"edge_61_10","fixed","cond",NA,"Dx.StatusCELIAC:onset_timeline_combinedt0-6",-10.3528008587876,1467563.17614921,-7.05441580099648e-06,0.999994371390547,-2876381.32309052,2876360.6174888,0.999999878775183
"edge_61_10","fixed","cond",NA,"Dx.StatusCELIAC:onset_timeline_combinedt0-12",-2.75310138531755,844303.904465064,-3.2607943309961e-06,0.999997398262547,-1654807.99785946,1654802.49165669,0.999997398262547
"edge_61_10","fixed","cond",NA,"Dx.StatusCELIAC:onset_timeline_combinedt0-18",-35.2003631433693,28394.7678985055,-0.00123967779096451,0.999010880483566,-55687.9227935882,55617.5220673015,0.999999861216808
"edge_61_10","fixed","cond",NA,"Dx.StatusCELIAC:onset_timeline_combinedt0-24",-13.4339052723702,508.996671145576,-0.0263929138124521,0.978943946141189,-1011.04904896848,984.181238423736,0.999998617618745
"edge_61_10","fixed","cond",NA,"Dx.StatusCELIAC:onset_timeline_combinedt0-30",-29.2878163371429,2606.4122808981,-0.0112368317751523,0.991034494088339,-5137.76201576031,5079.18638308602,0.999999714796086
"edge_61_10","fixed","cond",NA,"Dx.StatusCELIAC:onset_timeline_combinedt0-36",-33.1228112575066,8685.65621491681,-0.00381350705553154,0.99695726897287,-17056.6961745909,16990.4505520759,0.999999153356744
"edge_61_10","fixed","cond",NA,"Dx.StatusCELIAC:onset_timeline_combinedt0-over42",-4.869365379221,328554.849533701,-1.48205554906032e-05,0.999988174907592,-643960.541397409,643950.802666651,0.999996861415992
"edge_61_14","fixed","cond",NA,"(Intercept)",-12.425532102155,509.00710885637,-0.0244113134884747,0.980524524156863,-1010.0611333355,985.210069131189,0.999881086915019
"edge_61_14","fixed","cond",NA,"Dx.StatusCELIAC",12.7248418466519,508.995815346731,0.0249998948183566,0.980055047506112,-984.888624514541,1010.33830820784,0.999986353446738
"edge_61_14","fixed","cond",NA,"onset_timeline_combinedt0-6",-14.075323096068,1455939.43869225,-9.66751962479334e-06,0.99999228643535,-2853602.93883138,2853574.78818518,0.999999447029537
"edge_61_14","fixed","cond",NA,"onset_timeline_combinedt0-12",-14.8199248340665,844288.000578053,-1.755316293009e-05,0.999985994602306,-1654788.89363715,1654759.25378748,0.99998627227119
"edge_61_14","fixed","cond",NA,"onset_timeline_combinedt0-18",14.4652459985481,508.996296102558,0.0284191576821091,0.977327844750946,-983.149162626751,1012.07965462385,0.999997145165192
"edge_61_14","fixed","cond",NA,"onset_timeline_combinedt0-24",12.9132586411759,508.994660003947,0.0253701259676787,0.979759739459373,-984.69794328977,1010.52446057212,0.99999582928833
"edge_61_14","fixed","cond",NA,"onset_timeline_combinedt0-30",12.8932046324658,508.994652787269,0.0253307270751515,0.979791165128048,-984.71798315405,1010.50439241898,0.999987296772671
"edge_61_14","fixed","cond",NA,"onset_timeline_combinedt0-36",14.2322368029029,508.994820978007,0.0279614570057048,0.977692891971798,-983.379280631403,1011.84375423721,0.999986401700165
"edge_61_14","fixed","cond",NA,"onset_timeline_combinedt0-over42",-12.8051572376523,328533.542828665,-3.89767118675319e-05,0.999968901083378,-643926.716814769,643901.106500293,0.999994751597901
"edge_61_14","fixed","cond",NA,"SexMale",1.01127808490709,1.65300002092323,0.611783467699098,0.540681029234831,-2.22854242254638,4.25109859236057,0.990535691749098
"edge_61_14","fixed","cond",NA,"Age.at.Gluten.Introduction..months.",-0.526284136895803,0.402354293512537,-1.30801173339388,0.190869329579811,-1.31488406120543,0.262315787413826,0.5212200923141
"edge_61_14","fixed","cond",NA,"HLA.CategoryHigh Risk",0.314624858641091,1.38609224091537,0.226986956101358,0.820433884989002,-2.40206601280345,3.03131573008564,0.978697013291682
"edge_61_14","fixed","cond",NA,"HLA.CategoryLow/No Risk",-19.1488809145913,8904.15020926098,-0.0021505568150316,0.998284105242796,-17470.9626040009,17432.6648421717,0.999989527982172
"edge_61_14","fixed","cond",NA,"feeding_first_yearFormula",-22.7408900829135,54583.1174282155,-0.000416628641865701,0.999667578448684,-107003.685213306,106958.20343314,0.999985531355603
"edge_61_14","fixed","cond",NA,"feeding_first_yearBreastmilk_and_formula",0.712148358698407,1.40592334367483,0.506534272940501,0.612481636076093,-2.04341075992838,3.4677074773252,0.956122944670933
"edge_61_14","fixed","cond",NA,"Delivery.ModeC-Section",0.71875711058898,89815.3119773338,8.00261219123047e-06,0.999993614839287,-176034.057978693,176035.495492914,0.999999650716233
"edge_61_14","fixed","cond",NA,"Dx.StatusCELIAC:onset_timeline_combinedt0-6",-10.3528008587876,1467563.17614921,-7.05441580099648e-06,0.999994371390547,-2876381.32309052,2876360.6174888,0.999999878775183
"edge_61_14","fixed","cond",NA,"Dx.StatusCELIAC:onset_timeline_combinedt0-12",-2.75310138531755,844303.904465064,-3.2607943309961e-06,0.999997398262547,-1654807.99785946,1654802.49165669,0.999997398262547
"edge_61_14","fixed","cond",NA,"Dx.StatusCELIAC:onset_timeline_combinedt0-18",-35.2003631433693,28394.7678985055,-0.00123967779096451,0.999010880483566,-55687.9227935882,55617.5220673015,0.999999861216808
"edge_61_14","fixed","cond",NA,"Dx.StatusCELIAC:onset_timeline_combinedt0-24",-13.4339052723702,508.996671145576,-0.0263929138124521,0.978943946141189,-1011.04904896848,984.181238423736,0.999998617618745
"edge_61_14","fixed","cond",NA,"Dx.StatusCELIAC:onset_timeline_combinedt0-30",-29.2878163371429,2606.4122808981,-0.0112368317751523,0.991034494088339,-5137.76201576031,5079.18638308602,0.999999714796086
"edge_61_14","fixed","cond",NA,"Dx.StatusCELIAC:onset_timeline_combinedt0-36",-33.1228112575066,8685.65621491681,-0.00381350705553154,0.99695726897287,-17056.6961745909,16990.4505520759,0.999999153356744
"edge_61_14","fixed","cond",NA,"Dx.StatusCELIAC:onset_timeline_combinedt0-over42",-4.869365379221,328554.849533701,-1.48205554906032e-05,0.999988174907592,-643960.541397409,643950.802666651,0.999996861415992
"edge_61_21","fixed","cond",NA,"(Intercept)",-12.425532102155,509.00710885637,-0.0244113134884747,0.980524524156863,-1010.0611333355,985.210069131189,0.999881086915019
"edge_61_21","fixed","cond",NA,"Dx.StatusCELIAC",12.7248418466519,508.995815346731,0.0249998948183566,0.980055047506112,-984.888624514541,1010.33830820784,0.999986353446738
"edge_61_21","fixed","cond",NA,"onset_timeline_combinedt0-6",-14.075323096068,1455939.43869225,-9.66751962479334e-06,0.99999228643535,-2853602.93883138,2853574.78818518,0.999999447029537
"edge_61_21","fixed","cond",NA,"onset_timeline_combinedt0-12",-14.8199248340665,844288.000578053,-1.755316293009e-05,0.999985994602306,-1654788.89363715,1654759.25378748,0.99998627227119
"edge_61_21","fixed","cond",NA,"onset_timeline_combinedt0-18",14.4652459985481,508.996296102558,0.0284191576821091,0.977327844750946,-983.149162626751,1012.07965462385,0.999997145165192
"edge_61_21","fixed","cond",NA,"onset_timeline_combinedt0-24",12.9132586411759,508.994660003947,0.0253701259676787,0.979759739459373,-984.69794328977,1010.52446057212,0.99999582928833
"edge_61_21","fixed","cond",NA,"onset_timeline_combinedt0-30",12.8932046324658,508.994652787269,0.0253307270751515,0.979791165128048,-984.71798315405,1010.50439241898,0.999987296772671
"edge_61_21","fixed","cond",NA,"onset_timeline_combinedt0-36",14.2322368029029,508.994820978007,0.0279614570057048,0.977692891971798,-983.379280631403,1011.84375423721,0.999986401700165
"edge_61_21","fixed","cond",NA,"onset_timeline_combinedt0-over42",-12.8051572376523,328533.542828665,-3.89767118675319e-05,0.999968901083378,-643926.716814769,643901.106500293,0.999994751597901
"edge_61_21","fixed","cond",NA,"SexMale",1.01127808490709,1.65300002092323,0.611783467699098,0.540681029234831,-2.22854242254638,4.25109859236057,0.990535691749098
"edge_61_21","fixed","cond",NA,"Age.at.Gluten.Introduction..months.",-0.526284136895803,0.402354293512537,-1.30801173339388,0.190869329579811,-1.31488406120543,0.262315787413826,0.5212200923141
"edge_61_21","fixed","cond",NA,"HLA.CategoryHigh Risk",0.314624858641091,1.38609224091537,0.226986956101358,0.820433884989002,-2.40206601280345,3.03131573008564,0.978697013291682
"edge_61_21","fixed","cond",NA,"HLA.CategoryLow/No Risk",-19.1488809145913,8904.15020926098,-0.0021505568150316,0.998284105242796,-17470.9626040009,17432.6648421717,0.999989527982172
"edge_61_21","fixed","cond",NA,"feeding_first_yearFormula",-22.7408900829135,54583.1174282155,-0.000416628641865701,0.999667578448684,-107003.685213306,106958.20343314,0.999985531355603
"edge_61_21","fixed","cond",NA,"feeding_first_yearBreastmilk_and_formula",0.712148358698407,1.40592334367483,0.506534272940501,0.612481636076093,-2.04341075992838,3.4677074773252,0.956122944670933
"edge_61_21","fixed","cond",NA,"Delivery.ModeC-Section",0.71875711058898,89815.3119773338,8.00261219123047e-06,0.999993614839287,-176034.057978693,176035.495492914,0.999999650716233
"edge_61_21","fixed","cond",NA,"Dx.StatusCELIAC:onset_timeline_combinedt0-6",-10.3528008587876,1467563.17614921,-7.05441580099648e-06,0.999994371390547,-2876381.32309052,2876360.6174888,0.999999878775183
"edge_61_21","fixed","cond",NA,"Dx.StatusCELIAC:onset_timeline_combinedt0-12",-2.75310138531755,844303.904465064,-3.2607943309961e-06,0.999997398262547,-1654807.99785946,1654802.49165669,0.999997398262547
"edge_61_21","fixed","cond",NA,"Dx.StatusCELIAC:onset_timeline_combinedt0-18",-35.2003631433693,28394.7678985055,-0.00123967779096451,0.999010880483566,-55687.9227935882,55617.5220673015,0.999999861216808
"edge_61_21","fixed","cond",NA,"Dx.StatusCELIAC:onset_timeline_combinedt0-24",-13.4339052723702,508.996671145576,-0.0263929138124521,0.978943946141189,-1011.04904896848,984.181238423736,0.999998617618745
"edge_61_21","fixed","cond",NA,"Dx.StatusCELIAC:onset_timeline_combinedt0-30",-29.2878163371429,2606.4122808981,-0.0112368317751523,0.991034494088339,-5137.76201576031,5079.18638308602,0.999999714796086
"edge_61_21","fixed","cond",NA,"Dx.StatusCELIAC:onset_timeline_combinedt0-36",-33.1228112575066,8685.65621491681,-0.00381350705553154,0.99695726897287,-17056.6961745909,16990.4505520759,0.999999153356744
"edge_61_21","fixed","cond",NA,"Dx.StatusCELIAC:onset_timeline_combinedt0-over42",-4.869365379221,328554.849533701,-1.48205554906032e-05,0.999988174907592,-643960.541397409,643950.802666651,0.999996861415992
"edge_61_24","fixed","cond",NA,"(Intercept)",-12.425532102155,509.00710885637,-0.0244113134884747,0.980524524156863,-1010.0611333355,985.210069131189,0.999881086915019
"edge_61_24","fixed","cond",NA,"Dx.StatusCELIAC",12.7248418466519,508.995815346731,0.0249998948183566,0.980055047506112,-984.888624514541,1010.33830820784,0.999986353446738
"edge_61_24","fixed","cond",NA,"onset_timeline_combinedt0-6",-14.075323096068,1455939.43869225,-9.66751962479334e-06,0.99999228643535,-2853602.93883138,2853574.78818518,0.999999447029537
"edge_61_24","fixed","cond",NA,"onset_timeline_combinedt0-12",-14.8199248340665,844288.000578053,-1.755316293009e-05,0.999985994602306,-1654788.89363715,1654759.25378748,0.99998627227119
"edge_61_24","fixed","cond",NA,"onset_timeline_combinedt0-18",14.4652459985481,508.996296102558,0.0284191576821091,0.977327844750946,-983.149162626751,1012.07965462385,0.999997145165192
"edge_61_24","fixed","cond",NA,"onset_timeline_combinedt0-24",12.9132586411759,508.994660003947,0.0253701259676787,0.979759739459373,-984.69794328977,1010.52446057212,0.99999582928833
"edge_61_24","fixed","cond",NA,"onset_timeline_combinedt0-30",12.8932046324658,508.994652787269,0.0253307270751515,0.979791165128048,-984.71798315405,1010.50439241898,0.999987296772671
"edge_61_24","fixed","cond",NA,"onset_timeline_combinedt0-36",14.2322368029029,508.994820978007,0.0279614570057048,0.977692891971798,-983.379280631403,1011.84375423721,0.999986401700165
"edge_61_24","fixed","cond",NA,"onset_timeline_combinedt0-over42",-12.8051572376523,328533.542828665,-3.89767118675319e-05,0.999968901083378,-643926.716814769,643901.106500293,0.999994751597901
"edge_61_24","fixed","cond",NA,"SexMale",1.01127808490709,1.65300002092323,0.611783467699098,0.540681029234831,-2.22854242254638,4.25109859236057,0.990535691749098
"edge_61_24","fixed","cond",NA,"Age.at.Gluten.Introduction..months.",-0.526284136895803,0.402354293512537,-1.30801173339388,0.190869329579811,-1.31488406120543,0.262315787413826,0.5212200923141
"edge_61_24","fixed","cond",NA,"HLA.CategoryHigh Risk",0.314624858641091,1.38609224091537,0.226986956101358,0.820433884989002,-2.40206601280345,3.03131573008564,0.978697013291682
"edge_61_24","fixed","cond",NA,"HLA.CategoryLow/No Risk",-19.1488809145913,8904.15020926098,-0.0021505568150316,0.998284105242796,-17470.9626040009,17432.6648421717,0.999989527982172
"edge_61_24","fixed","cond",NA,"feeding_first_yearFormula",-22.7408900829135,54583.1174282155,-0.000416628641865701,0.999667578448684,-107003.685213306,106958.20343314,0.999985531355603
"edge_61_24","fixed","cond",NA,"feeding_first_yearBreastmilk_and_formula",0.712148358698407,1.40592334367483,0.506534272940501,0.612481636076093,-2.04341075992838,3.4677074773252,0.956122944670933
"edge_61_24","fixed","cond",NA,"Delivery.ModeC-Section",0.71875711058898,89815.3119773338,8.00261219123047e-06,0.999993614839287,-176034.057978693,176035.495492914,0.999999650716233
"edge_61_24","fixed","cond",NA,"Dx.StatusCELIAC:onset_timeline_combinedt0-6",-10.3528008587876,1467563.17614921,-7.05441580099648e-06,0.999994371390547,-2876381.32309052,2876360.6174888,0.999999878775183
"edge_61_24","fixed","cond",NA,"Dx.StatusCELIAC:onset_timeline_combinedt0-12",-2.75310138531755,844303.904465064,-3.2607943309961e-06,0.999997398262547,-1654807.99785946,1654802.49165669,0.999997398262547
"edge_61_24","fixed","cond",NA,"Dx.StatusCELIAC:onset_timeline_combinedt0-18",-35.2003631433693,28394.7678985055,-0.00123967779096451,0.999010880483566,-55687.9227935882,55617.5220673015,0.999999861216808
"edge_61_24","fixed","cond",NA,"Dx.StatusCELIAC:onset_timeline_combinedt0-24",-13.4339052723702,508.996671145576,-0.0263929138124521,0.978943946141189,-1011.04904896848,984.181238423736,0.999998617618745
"edge_61_24","fixed","cond",NA,"Dx.StatusCELIAC:onset_timeline_combinedt0-30",-29.2878163371429,2606.4122808981,-0.0112368317751523,0.991034494088339,-5137.76201576031,5079.18638308602,0.999999714796086
"edge_61_24","fixed","cond",NA,"Dx.StatusCELIAC:onset_timeline_combinedt0-36",-33.1228112575066,8685.65621491681,-0.00381350705553154,0.99695726897287,-17056.6961745909,16990.4505520759,0.999999153356744
"edge_61_24","fixed","cond",NA,"Dx.StatusCELIAC:onset_timeline_combinedt0-over42",-4.869365379221,328554.849533701,-1.48205554906032e-05,0.999988174907592,-643960.541397409,643950.802666651,0.999996861415992
"edge_61_3","fixed","cond",NA,"(Intercept)",-12.425532102155,509.00710885637,-0.0244113134884747,0.980524524156863,-1010.0611333355,985.210069131189,0.999881086915019
"edge_61_3","fixed","cond",NA,"Dx.StatusCELIAC",12.7248418466519,508.995815346731,0.0249998948183566,0.980055047506112,-984.888624514541,1010.33830820784,0.999986353446738
"edge_61_3","fixed","cond",NA,"onset_timeline_combinedt0-6",-14.075323096068,1455939.43869225,-9.66751962479334e-06,0.99999228643535,-2853602.93883138,2853574.78818518,0.999999447029537
"edge_61_3","fixed","cond",NA,"onset_timeline_combinedt0-12",-14.8199248340665,844288.000578053,-1.755316293009e-05,0.999985994602306,-1654788.89363715,1654759.25378748,0.99998627227119
"edge_61_3","fixed","cond",NA,"onset_timeline_combinedt0-18",14.4652459985481,508.996296102558,0.0284191576821091,0.977327844750946,-983.149162626751,1012.07965462385,0.999997145165192
"edge_61_3","fixed","cond",NA,"onset_timeline_combinedt0-24",12.9132586411759,508.994660003947,0.0253701259676787,0.979759739459373,-984.69794328977,1010.52446057212,0.99999582928833
"edge_61_3","fixed","cond",NA,"onset_timeline_combinedt0-30",12.8932046324658,508.994652787269,0.0253307270751515,0.979791165128048,-984.71798315405,1010.50439241898,0.999987296772671
"edge_61_3","fixed","cond",NA,"onset_timeline_combinedt0-36",14.2322368029029,508.994820978007,0.0279614570057048,0.977692891971798,-983.379280631403,1011.84375423721,0.999986401700165
"edge_61_3","fixed","cond",NA,"onset_timeline_combinedt0-over42",-12.8051572376523,328533.542828665,-3.89767118675319e-05,0.999968901083378,-643926.716814769,643901.106500293,0.999994751597901
"edge_61_3","fixed","cond",NA,"SexMale",1.01127808490709,1.65300002092323,0.611783467699098,0.540681029234831,-2.22854242254638,4.25109859236057,0.990535691749098
"edge_61_3","fixed","cond",NA,"Age.at.Gluten.Introduction..months.",-0.526284136895803,0.402354293512537,-1.30801173339388,0.190869329579811,-1.31488406120543,0.262315787413826,0.5212200923141
"edge_61_3","fixed","cond",NA,"HLA.CategoryHigh Risk",0.314624858641091,1.38609224091537,0.226986956101358,0.820433884989002,-2.40206601280345,3.03131573008564,0.978697013291682
"edge_61_3","fixed","cond",NA,"HLA.CategoryLow/No Risk",-19.1488809145913,8904.15020926098,-0.0021505568150316,0.998284105242796,-17470.9626040009,17432.6648421717,0.999989527982172
"edge_61_3","fixed","cond",NA,"feeding_first_yearFormula",-22.7408900829135,54583.1174282155,-0.000416628641865701,0.999667578448684,-107003.685213306,106958.20343314,0.999985531355603
"edge_61_3","fixed","cond",NA,"feeding_first_yearBreastmilk_and_formula",0.712148358698407,1.40592334367483,0.506534272940501,0.612481636076093,-2.04341075992838,3.4677074773252,0.956122944670933
"edge_61_3","fixed","cond",NA,"Delivery.ModeC-Section",0.71875711058898,89815.3119773338,8.00261219123047e-06,0.999993614839287,-176034.057978693,176035.495492914,0.999999650716233
"edge_61_3","fixed","cond",NA,"Dx.StatusCELIAC:onset_timeline_combinedt0-6",-10.3528008587876,1467563.17614921,-7.05441580099648e-06,0.999994371390547,-2876381.32309052,2876360.6174888,0.999999878775183
"edge_61_3","fixed","cond",NA,"Dx.StatusCELIAC:onset_timeline_combinedt0-12",-2.75310138531755,844303.904465064,-3.2607943309961e-06,0.999997398262547,-1654807.99785946,1654802.49165669,0.999997398262547
"edge_61_3","fixed","cond",NA,"Dx.StatusCELIAC:onset_timeline_combinedt0-18",-35.2003631433693,28394.7678985055,-0.00123967779096451,0.999010880483566,-55687.9227935882,55617.5220673015,0.999999861216808
"edge_61_3","fixed","cond",NA,"Dx.StatusCELIAC:onset_timeline_combinedt0-24",-13.4339052723702,508.996671145576,-0.0263929138124521,0.978943946141189,-1011.04904896848,984.181238423736,0.999998617618745
"edge_61_3","fixed","cond",NA,"Dx.StatusCELIAC:onset_timeline_combinedt0-30",-29.2878163371429,2606.4122808981,-0.0112368317751523,0.991034494088339,-5137.76201576031,5079.18638308602,0.999999714796086
"edge_61_3","fixed","cond",NA,"Dx.StatusCELIAC:onset_timeline_combinedt0-36",-33.1228112575066,8685.65621491681,-0.00381350705553154,0.99695726897287,-17056.6961745909,16990.4505520759,0.999999153356744
"edge_61_3","fixed","cond",NA,"Dx.StatusCELIAC:onset_timeline_combinedt0-over42",-4.869365379221,328554.849533701,-1.48205554906032e-05,0.999988174907592,-643960.541397409,643950.802666651,0.999996861415992
"edge_61_35","fixed","cond",NA,"(Intercept)",-12.425532102155,509.00710885637,-0.0244113134884747,0.980524524156863,-1010.0611333355,985.210069131189,0.999881086915019
"edge_61_35","fixed","cond",NA,"Dx.StatusCELIAC",12.7248418466519,508.995815346731,0.0249998948183566,0.980055047506112,-984.888624514541,1010.33830820784,0.999986353446738
"edge_61_35","fixed","cond",NA,"onset_timeline_combinedt0-6",-14.075323096068,1455939.43869225,-9.66751962479334e-06,0.99999228643535,-2853602.93883138,2853574.78818518,0.999999447029537
"edge_61_35","fixed","cond",NA,"onset_timeline_combinedt0-12",-14.8199248340665,844288.000578053,-1.755316293009e-05,0.999985994602306,-1654788.89363715,1654759.25378748,0.99998627227119
"edge_61_35","fixed","cond",NA,"onset_timeline_combinedt0-18",14.4652459985481,508.996296102558,0.0284191576821091,0.977327844750946,-983.149162626751,1012.07965462385,0.999997145165192
"edge_61_35","fixed","cond",NA,"onset_timeline_combinedt0-24",12.9132586411759,508.994660003947,0.0253701259676787,0.979759739459373,-984.69794328977,1010.52446057212,0.99999582928833
"edge_61_35","fixed","cond",NA,"onset_timeline_combinedt0-30",12.8932046324658,508.994652787269,0.0253307270751515,0.979791165128048,-984.71798315405,1010.50439241898,0.999987296772671
"edge_61_35","fixed","cond",NA,"onset_timeline_combinedt0-36",14.2322368029029,508.994820978007,0.0279614570057048,0.977692891971798,-983.379280631403,1011.84375423721,0.999986401700165
"edge_61_35","fixed","cond",NA,"onset_timeline_combinedt0-over42",-12.8051572376523,328533.542828665,-3.89767118675319e-05,0.999968901083378,-643926.716814769,643901.106500293,0.999994751597901
"edge_61_35","fixed","cond",NA,"SexMale",1.01127808490709,1.65300002092323,0.611783467699098,0.540681029234831,-2.22854242254638,4.25109859236057,0.990535691749098
"edge_61_35","fixed","cond",NA,"Age.at.Gluten.Introduction..months.",-0.526284136895803,0.402354293512537,-1.30801173339388,0.190869329579811,-1.31488406120543,0.262315787413826,0.5212200923141
"edge_61_35","fixed","cond",NA,"HLA.CategoryHigh Risk",0.314624858641091,1.38609224091537,0.226986956101358,0.820433884989002,-2.40206601280345,3.03131573008564,0.978697013291682
"edge_61_35","fixed","cond",NA,"HLA.CategoryLow/No Risk",-19.1488809145913,8904.15020926098,-0.0021505568150316,0.998284105242796,-17470.9626040009,17432.6648421717,0.999989527982172
"edge_61_35","fixed","cond",NA,"feeding_first_yearFormula",-22.7408900829135,54583.1174282155,-0.000416628641865701,0.999667578448684,-107003.685213306,106958.20343314,0.999985531355603
"edge_61_35","fixed","cond",NA,"feeding_first_yearBreastmilk_and_formula",0.712148358698407,1.40592334367483,0.506534272940501,0.612481636076093,-2.04341075992838,3.4677074773252,0.956122944670933
"edge_61_35","fixed","cond",NA,"Delivery.ModeC-Section",0.71875711058898,89815.3119773338,8.00261219123047e-06,0.999993614839287,-176034.057978693,176035.495492914,0.999999650716233
"edge_61_35","fixed","cond",NA,"Dx.StatusCELIAC:onset_timeline_combinedt0-6",-10.3528008587876,1467563.17614921,-7.05441580099648e-06,0.999994371390547,-2876381.32309052,2876360.6174888,0.999999878775183
"edge_61_35","fixed","cond",NA,"Dx.StatusCELIAC:onset_timeline_combinedt0-12",-2.75310138531755,844303.904465064,-3.2607943309961e-06,0.999997398262547,-1654807.99785946,1654802.49165669,0.999997398262547
"edge_61_35","fixed","cond",NA,"Dx.StatusCELIAC:onset_timeline_combinedt0-18",-35.2003631433693,28394.7678985055,-0.00123967779096451,0.999010880483566,-55687.9227935882,55617.5220673015,0.999999861216808
"edge_61_35","fixed","cond",NA,"Dx.StatusCELIAC:onset_timeline_combinedt0-24",-13.4339052723702,508.996671145576,-0.0263929138124521,0.978943946141189,-1011.04904896848,984.181238423736,0.999998617618745
"edge_61_35","fixed","cond",NA,"Dx.StatusCELIAC:onset_timeline_combinedt0-30",-29.2878163371429,2606.4122808981,-0.0112368317751523,0.991034494088339,-5137.76201576031,5079.18638308602,0.999999714796086
"edge_61_35","fixed","cond",NA,"Dx.StatusCELIAC:onset_timeline_combinedt0-36",-33.1228112575066,8685.65621491681,-0.00381350705553154,0.99695726897287,-17056.6961745909,16990.4505520759,0.999999153356744
"edge_61_35","fixed","cond",NA,"Dx.StatusCELIAC:onset_timeline_combinedt0-over42",-4.869365379221,328554.849533701,-1.48205554906032e-05,0.999988174907592,-643960.541397409,643950.802666651,0.999996861415992
"edge_61_41","fixed","cond",NA,"(Intercept)",-12.425532102155,509.00710885637,-0.0244113134884747,0.980524524156863,-1010.0611333355,985.210069131189,0.999881086915019
"edge_61_41","fixed","cond",NA,"Dx.StatusCELIAC",12.7248418466519,508.995815346731,0.0249998948183566,0.980055047506112,-984.888624514541,1010.33830820784,0.999986353446738
"edge_61_41","fixed","cond",NA,"onset_timeline_combinedt0-6",-14.075323096068,1455939.43869225,-9.66751962479334e-06,0.99999228643535,-2853602.93883138,2853574.78818518,0.999999447029537
"edge_61_41","fixed","cond",NA,"onset_timeline_combinedt0-12",-14.8199248340665,844288.000578053,-1.755316293009e-05,0.999985994602306,-1654788.89363715,1654759.25378748,0.99998627227119
"edge_61_41","fixed","cond",NA,"onset_timeline_combinedt0-18",14.4652459985481,508.996296102558,0.0284191576821091,0.977327844750946,-983.149162626751,1012.07965462385,0.999997145165192
"edge_61_41","fixed","cond",NA,"onset_timeline_combinedt0-24",12.9132586411759,508.994660003947,0.0253701259676787,0.979759739459373,-984.69794328977,1010.52446057212,0.99999582928833
"edge_61_41","fixed","cond",NA,"onset_timeline_combinedt0-30",12.8932046324658,508.994652787269,0.0253307270751515,0.979791165128048,-984.71798315405,1010.50439241898,0.999987296772671
"edge_61_41","fixed","cond",NA,"onset_timeline_combinedt0-36",14.2322368029029,508.994820978007,0.0279614570057048,0.977692891971798,-983.379280631403,1011.84375423721,0.999986401700165
"edge_61_41","fixed","cond",NA,"onset_timeline_combinedt0-over42",-12.8051572376523,328533.542828665,-3.89767118675319e-05,0.999968901083378,-643926.716814769,643901.106500293,0.999994751597901
"edge_61_41","fixed","cond",NA,"SexMale",1.01127808490709,1.65300002092323,0.611783467699098,0.540681029234831,-2.22854242254638,4.25109859236057,0.990535691749098
"edge_61_41","fixed","cond",NA,"Age.at.Gluten.Introduction..months.",-0.526284136895803,0.402354293512537,-1.30801173339388,0.190869329579811,-1.31488406120543,0.262315787413826,0.5212200923141
"edge_61_41","fixed","cond",NA,"HLA.CategoryHigh Risk",0.314624858641091,1.38609224091537,0.226986956101358,0.820433884989002,-2.40206601280345,3.03131573008564,0.978697013291682
"edge_61_41","fixed","cond",NA,"HLA.CategoryLow/No Risk",-19.1488809145913,8904.15020926098,-0.0021505568150316,0.998284105242796,-17470.9626040009,17432.6648421717,0.999989527982172
"edge_61_41","fixed","cond",NA,"feeding_first_yearFormula",-22.7408900829135,54583.1174282155,-0.000416628641865701,0.999667578448684,-107003.685213306,106958.20343314,0.999985531355603
"edge_61_41","fixed","cond",NA,"feeding_first_yearBreastmilk_and_formula",0.712148358698407,1.40592334367483,0.506534272940501,0.612481636076093,-2.04341075992838,3.4677074773252,0.956122944670933
"edge_61_41","fixed","cond",NA,"Delivery.ModeC-Section",0.71875711058898,89815.3119773338,8.00261219123047e-06,0.999993614839287,-176034.057978693,176035.495492914,0.999999650716233
"edge_61_41","fixed","cond",NA,"Dx.StatusCELIAC:onset_timeline_combinedt0-6",-10.3528008587876,1467563.17614921,-7.05441580099648e-06,0.999994371390547,-2876381.32309052,2876360.6174888,0.999999878775183
"edge_61_41","fixed","cond",NA,"Dx.StatusCELIAC:onset_timeline_combinedt0-12",-2.75310138531755,844303.904465064,-3.2607943309961e-06,0.999997398262547,-1654807.99785946,1654802.49165669,0.999997398262547
"edge_61_41","fixed","cond",NA,"Dx.StatusCELIAC:onset_timeline_combinedt0-18",-35.2003631433693,28394.7678985055,-0.00123967779096451,0.999010880483566,-55687.9227935882,55617.5220673015,0.999999861216808
"edge_61_41","fixed","cond",NA,"Dx.StatusCELIAC:onset_timeline_combinedt0-24",-13.4339052723702,508.996671145576,-0.0263929138124521,0.978943946141189,-1011.04904896848,984.181238423736,0.999998617618745
"edge_61_41","fixed","cond",NA,"Dx.StatusCELIAC:onset_timeline_combinedt0-30",-29.2878163371429,2606.4122808981,-0.0112368317751523,0.991034494088339,-5137.76201576031,5079.18638308602,0.999999714796086
"edge_61_41","fixed","cond",NA,"Dx.StatusCELIAC:onset_timeline_combinedt0-36",-33.1228112575066,8685.65621491681,-0.00381350705553154,0.99695726897287,-17056.6961745909,16990.4505520759,0.999999153356744
"edge_61_41","fixed","cond",NA,"Dx.StatusCELIAC:onset_timeline_combinedt0-over42",-4.869365379221,328554.849533701,-1.48205554906032e-05,0.999988174907592,-643960.541397409,643950.802666651,0.999996861415992
"edge_61_46","fixed","cond",NA,"(Intercept)",-12.425532102155,509.00710885637,-0.0244113134884747,0.980524524156863,-1010.0611333355,985.210069131189,0.999881086915019
"edge_61_46","fixed","cond",NA,"Dx.StatusCELIAC",12.7248418466519,508.995815346731,0.0249998948183566,0.980055047506112,-984.888624514541,1010.33830820784,0.999986353446738
"edge_61_46","fixed","cond",NA,"onset_timeline_combinedt0-6",-14.075323096068,1455939.43869225,-9.66751962479334e-06,0.99999228643535,-2853602.93883138,2853574.78818518,0.999999447029537
"edge_61_46","fixed","cond",NA,"onset_timeline_combinedt0-12",-14.8199248340665,844288.000578053,-1.755316293009e-05,0.999985994602306,-1654788.89363715,1654759.25378748,0.99998627227119
"edge_61_46","fixed","cond",NA,"onset_timeline_combinedt0-18",14.4652459985481,508.996296102558,0.0284191576821091,0.977327844750946,-983.149162626751,1012.07965462385,0.999997145165192
"edge_61_46","fixed","cond",NA,"onset_timeline_combinedt0-24",12.9132586411759,508.994660003947,0.0253701259676787,0.979759739459373,-984.69794328977,1010.52446057212,0.99999582928833
"edge_61_46","fixed","cond",NA,"onset_timeline_combinedt0-30",12.8932046324658,508.994652787269,0.0253307270751515,0.979791165128048,-984.71798315405,1010.50439241898,0.999987296772671
"edge_61_46","fixed","cond",NA,"onset_timeline_combinedt0-36",14.2322368029029,508.994820978007,0.0279614570057048,0.977692891971798,-983.379280631403,1011.84375423721,0.999986401700165
"edge_61_46","fixed","cond",NA,"onset_timeline_combinedt0-over42",-12.8051572376523,328533.542828665,-3.89767118675319e-05,0.999968901083378,-643926.716814769,643901.106500293,0.999994751597901
"edge_61_46","fixed","cond",NA,"SexMale",1.01127808490709,1.65300002092323,0.611783467699098,0.540681029234831,-2.22854242254638,4.25109859236057,0.990535691749098
"edge_61_46","fixed","cond",NA,"Age.at.Gluten.Introduction..months.",-0.526284136895803,0.402354293512537,-1.30801173339388,0.190869329579811,-1.31488406120543,0.262315787413826,0.5212200923141
"edge_61_46","fixed","cond",NA,"HLA.CategoryHigh Risk",0.314624858641091,1.38609224091537,0.226986956101358,0.820433884989002,-2.40206601280345,3.03131573008564,0.978697013291682
"edge_61_46","fixed","cond",NA,"HLA.CategoryLow/No Risk",-19.1488809145913,8904.15020926098,-0.0021505568150316,0.998284105242796,-17470.9626040009,17432.6648421717,0.999989527982172
"edge_61_46","fixed","cond",NA,"feeding_first_yearFormula",-22.7408900829135,54583.1174282155,-0.000416628641865701,0.999667578448684,-107003.685213306,106958.20343314,0.999985531355603
"edge_61_46","fixed","cond",NA,"feeding_first_yearBreastmilk_and_formula",0.712148358698407,1.40592334367483,0.506534272940501,0.612481636076093,-2.04341075992838,3.4677074773252,0.956122944670933
"edge_61_46","fixed","cond",NA,"Delivery.ModeC-Section",0.71875711058898,89815.3119773338,8.00261219123047e-06,0.999993614839287,-176034.057978693,176035.495492914,0.999999650716233
"edge_61_46","fixed","cond",NA,"Dx.StatusCELIAC:onset_timeline_combinedt0-6",-10.3528008587876,1467563.17614921,-7.05441580099648e-06,0.999994371390547,-2876381.32309052,2876360.6174888,0.999999878775183
"edge_61_46","fixed","cond",NA,"Dx.StatusCELIAC:onset_timeline_combinedt0-12",-2.75310138531755,844303.904465064,-3.2607943309961e-06,0.999997398262547,-1654807.99785946,1654802.49165669,0.999997398262547
"edge_61_46","fixed","cond",NA,"Dx.StatusCELIAC:onset_timeline_combinedt0-18",-35.2003631433693,28394.7678985055,-0.00123967779096451,0.999010880483566,-55687.9227935882,55617.5220673015,0.999999861216808
"edge_61_46","fixed","cond",NA,"Dx.StatusCELIAC:onset_timeline_combinedt0-24",-13.4339052723702,508.996671145576,-0.0263929138124521,0.978943946141189,-1011.04904896848,984.181238423736,0.999998617618745
"edge_61_46","fixed","cond",NA,"Dx.StatusCELIAC:onset_timeline_combinedt0-30",-29.2878163371429,2606.4122808981,-0.0112368317751523,0.991034494088339,-5137.76201576031,5079.18638308602,0.999999714796086
"edge_61_46","fixed","cond",NA,"Dx.StatusCELIAC:onset_timeline_combinedt0-36",-33.1228112575066,8685.65621491681,-0.00381350705553154,0.99695726897287,-17056.6961745909,16990.4505520759,0.999999153356744
"edge_61_46","fixed","cond",NA,"Dx.StatusCELIAC:onset_timeline_combinedt0-over42",-4.869365379221,328554.849533701,-1.48205554906032e-05,0.999988174907592,-643960.541397409,643950.802666651,0.999996861415992
"edge_61_47","fixed","cond",NA,"(Intercept)",-12.425532102155,509.00710885637,-0.0244113134884747,0.980524524156863,-1010.0611333355,985.210069131189,0.999881086915019
"edge_61_47","fixed","cond",NA,"Dx.StatusCELIAC",12.7248418466519,508.995815346731,0.0249998948183566,0.980055047506112,-984.888624514541,1010.33830820784,0.999986353446738
"edge_61_47","fixed","cond",NA,"onset_timeline_combinedt0-6",-14.075323096068,1455939.43869225,-9.66751962479334e-06,0.99999228643535,-2853602.93883138,2853574.78818518,0.999999447029537
"edge_61_47","fixed","cond",NA,"onset_timeline_combinedt0-12",-14.8199248340665,844288.000578053,-1.755316293009e-05,0.999985994602306,-1654788.89363715,1654759.25378748,0.99998627227119
"edge_61_47","fixed","cond",NA,"onset_timeline_combinedt0-18",14.4652459985481,508.996296102558,0.0284191576821091,0.977327844750946,-983.149162626751,1012.07965462385,0.999997145165192
"edge_61_47","fixed","cond",NA,"onset_timeline_combinedt0-24",12.9132586411759,508.994660003947,0.0253701259676787,0.979759739459373,-984.69794328977,1010.52446057212,0.99999582928833
"edge_61_47","fixed","cond",NA,"onset_timeline_combinedt0-30",12.8932046324658,508.994652787269,0.0253307270751515,0.979791165128048,-984.71798315405,1010.50439241898,0.999987296772671
"edge_61_47","fixed","cond",NA,"onset_timeline_combinedt0-36",14.2322368029029,508.994820978007,0.0279614570057048,0.977692891971798,-983.379280631403,1011.84375423721,0.999986401700165
"edge_61_47","fixed","cond",NA,"onset_timeline_combinedt0-over42",-12.8051572376523,328533.542828665,-3.89767118675319e-05,0.999968901083378,-643926.716814769,643901.106500293,0.999994751597901
"edge_61_47","fixed","cond",NA,"SexMale",1.01127808490709,1.65300002092323,0.611783467699098,0.540681029234831,-2.22854242254638,4.25109859236057,0.990535691749098
"edge_61_47","fixed","cond",NA,"Age.at.Gluten.Introduction..months.",-0.526284136895803,0.402354293512537,-1.30801173339388,0.190869329579811,-1.31488406120543,0.262315787413826,0.5212200923141
"edge_61_47","fixed","cond",NA,"HLA.CategoryHigh Risk",0.314624858641091,1.38609224091537,0.226986956101358,0.820433884989002,-2.40206601280345,3.03131573008564,0.978697013291682
"edge_61_47","fixed","cond",NA,"HLA.CategoryLow/No Risk",-19.1488809145913,8904.15020926098,-0.0021505568150316,0.998284105242796,-17470.9626040009,17432.6648421717,0.999989527982172
"edge_61_47","fixed","cond",NA,"feeding_first_yearFormula",-22.7408900829135,54583.1174282155,-0.000416628641865701,0.999667578448684,-107003.685213306,106958.20343314,0.999985531355603
"edge_61_47","fixed","cond",NA,"feeding_first_yearBreastmilk_and_formula",0.712148358698407,1.40592334367483,0.506534272940501,0.612481636076093,-2.04341075992838,3.4677074773252,0.956122944670933
"edge_61_47","fixed","cond",NA,"Delivery.ModeC-Section",0.71875711058898,89815.3119773338,8.00261219123047e-06,0.999993614839287,-176034.057978693,176035.495492914,0.999999650716233
"edge_61_47","fixed","cond",NA,"Dx.StatusCELIAC:onset_timeline_combinedt0-6",-10.3528008587876,1467563.17614921,-7.05441580099648e-06,0.999994371390547,-2876381.32309052,2876360.6174888,0.999999878775183
"edge_61_47","fixed","cond",NA,"Dx.StatusCELIAC:onset_timeline_combinedt0-12",-2.75310138531755,844303.904465064,-3.2607943309961e-06,0.999997398262547,-1654807.99785946,1654802.49165669,0.999997398262547
"edge_61_47","fixed","cond",NA,"Dx.StatusCELIAC:onset_timeline_combinedt0-18",-35.2003631433693,28394.7678985055,-0.00123967779096451,0.999010880483566,-55687.9227935882,55617.5220673015,0.999999861216808
"edge_61_47","fixed","cond",NA,"Dx.StatusCELIAC:onset_timeline_combinedt0-24",-13.4339052723702,508.996671145576,-0.0263929138124521,0.978943946141189,-1011.04904896848,984.181238423736,0.999998617618745
"edge_61_47","fixed","cond",NA,"Dx.StatusCELIAC:onset_timeline_combinedt0-30",-29.2878163371429,2606.4122808981,-0.0112368317751523,0.991034494088339,-5137.76201576031,5079.18638308602,0.999999714796086
"edge_61_47","fixed","cond",NA,"Dx.StatusCELIAC:onset_timeline_combinedt0-36",-33.1228112575066,8685.65621491681,-0.00381350705553154,0.99695726897287,-17056.6961745909,16990.4505520759,0.999999153356744
"edge_61_47","fixed","cond",NA,"Dx.StatusCELIAC:onset_timeline_combinedt0-over42",-4.869365379221,328554.849533701,-1.48205554906032e-05,0.999988174907592,-643960.541397409,643950.802666651,0.999996861415992
"edge_61_5","fixed","cond",NA,"(Intercept)",-12.425532102155,509.00710885637,-0.0244113134884747,0.980524524156863,-1010.0611333355,985.210069131189,0.999881086915019
"edge_61_5","fixed","cond",NA,"Dx.StatusCELIAC",12.7248418466519,508.995815346731,0.0249998948183566,0.980055047506112,-984.888624514541,1010.33830820784,0.999986353446738
"edge_61_5","fixed","cond",NA,"onset_timeline_combinedt0-6",-14.075323096068,1455939.43869225,-9.66751962479334e-06,0.99999228643535,-2853602.93883138,2853574.78818518,0.999999447029537
"edge_61_5","fixed","cond",NA,"onset_timeline_combinedt0-12",-14.8199248340665,844288.000578053,-1.755316293009e-05,0.999985994602306,-1654788.89363715,1654759.25378748,0.99998627227119
"edge_61_5","fixed","cond",NA,"onset_timeline_combinedt0-18",14.4652459985481,508.996296102558,0.0284191576821091,0.977327844750946,-983.149162626751,1012.07965462385,0.999997145165192
"edge_61_5","fixed","cond",NA,"onset_timeline_combinedt0-24",12.9132586411759,508.994660003947,0.0253701259676787,0.979759739459373,-984.69794328977,1010.52446057212,0.99999582928833
"edge_61_5","fixed","cond",NA,"onset_timeline_combinedt0-30",12.8932046324658,508.994652787269,0.0253307270751515,0.979791165128048,-984.71798315405,1010.50439241898,0.999987296772671
"edge_61_5","fixed","cond",NA,"onset_timeline_combinedt0-36",14.2322368029029,508.994820978007,0.0279614570057048,0.977692891971798,-983.379280631403,1011.84375423721,0.999986401700165
"edge_61_5","fixed","cond",NA,"onset_timeline_combinedt0-over42",-12.8051572376523,328533.542828665,-3.89767118675319e-05,0.999968901083378,-643926.716814769,643901.106500293,0.999994751597901
"edge_61_5","fixed","cond",NA,"SexMale",1.01127808490709,1.65300002092323,0.611783467699098,0.540681029234831,-2.22854242254638,4.25109859236057,0.990535691749098
"edge_61_5","fixed","cond",NA,"Age.at.Gluten.Introduction..months.",-0.526284136895803,0.402354293512537,-1.30801173339388,0.190869329579811,-1.31488406120543,0.262315787413826,0.5212200923141
"edge_61_5","fixed","cond",NA,"HLA.CategoryHigh Risk",0.314624858641091,1.38609224091537,0.226986956101358,0.820433884989002,-2.40206601280345,3.03131573008564,0.978697013291682
"edge_61_5","fixed","cond",NA,"HLA.CategoryLow/No Risk",-19.1488809145913,8904.15020926098,-0.0021505568150316,0.998284105242796,-17470.9626040009,17432.6648421717,0.999989527982172
"edge_61_5","fixed","cond",NA,"feeding_first_yearFormula",-22.7408900829135,54583.1174282155,-0.000416628641865701,0.999667578448684,-107003.685213306,106958.20343314,0.999985531355603
"edge_61_5","fixed","cond",NA,"feeding_first_yearBreastmilk_and_formula",0.712148358698407,1.40592334367483,0.506534272940501,0.612481636076093,-2.04341075992838,3.4677074773252,0.956122944670933
"edge_61_5","fixed","cond",NA,"Delivery.ModeC-Section",0.71875711058898,89815.3119773338,8.00261219123047e-06,0.999993614839287,-176034.057978693,176035.495492914,0.999999650716233
"edge_61_5","fixed","cond",NA,"Dx.StatusCELIAC:onset_timeline_combinedt0-6",-10.3528008587876,1467563.17614921,-7.05441580099648e-06,0.999994371390547,-2876381.32309052,2876360.6174888,0.999999878775183
"edge_61_5","fixed","cond",NA,"Dx.StatusCELIAC:onset_timeline_combinedt0-12",-2.75310138531755,844303.904465064,-3.2607943309961e-06,0.999997398262547,-1654807.99785946,1654802.49165669,0.999997398262547
"edge_61_5","fixed","cond",NA,"Dx.StatusCELIAC:onset_timeline_combinedt0-18",-35.2003631433693,28394.7678985055,-0.00123967779096451,0.999010880483566,-55687.9227935882,55617.5220673015,0.999999861216808
"edge_61_5","fixed","cond",NA,"Dx.StatusCELIAC:onset_timeline_combinedt0-24",-13.4339052723702,508.996671145576,-0.0263929138124521,0.978943946141189,-1011.04904896848,984.181238423736,0.999998617618745
"edge_61_5","fixed","cond",NA,"Dx.StatusCELIAC:onset_timeline_combinedt0-30",-29.2878163371429,2606.4122808981,-0.0112368317751523,0.991034494088339,-5137.76201576031,5079.18638308602,0.999999714796086
"edge_61_5","fixed","cond",NA,"Dx.StatusCELIAC:onset_timeline_combinedt0-36",-33.1228112575066,8685.65621491681,-0.00381350705553154,0.99695726897287,-17056.6961745909,16990.4505520759,0.999999153356744
"edge_61_5","fixed","cond",NA,"Dx.StatusCELIAC:onset_timeline_combinedt0-over42",-4.869365379221,328554.849533701,-1.48205554906032e-05,0.999988174907592,-643960.541397409,643950.802666651,0.999996861415992
"edge_61_7","fixed","cond",NA,"(Intercept)",-12.425532102155,509.00710885637,-0.0244113134884747,0.980524524156863,-1010.0611333355,985.210069131189,0.999881086915019
"edge_61_7","fixed","cond",NA,"Dx.StatusCELIAC",12.7248418466519,508.995815346731,0.0249998948183566,0.980055047506112,-984.888624514541,1010.33830820784,0.999986353446738
"edge_61_7","fixed","cond",NA,"onset_timeline_combinedt0-6",-14.075323096068,1455939.43869225,-9.66751962479334e-06,0.99999228643535,-2853602.93883138,2853574.78818518,0.999999447029537
"edge_61_7","fixed","cond",NA,"onset_timeline_combinedt0-12",-14.8199248340665,844288.000578053,-1.755316293009e-05,0.999985994602306,-1654788.89363715,1654759.25378748,0.99998627227119
"edge_61_7","fixed","cond",NA,"onset_timeline_combinedt0-18",14.4652459985481,508.996296102558,0.0284191576821091,0.977327844750946,-983.149162626751,1012.07965462385,0.999997145165192
"edge_61_7","fixed","cond",NA,"onset_timeline_combinedt0-24",12.9132586411759,508.994660003947,0.0253701259676787,0.979759739459373,-984.69794328977,1010.52446057212,0.99999582928833
"edge_61_7","fixed","cond",NA,"onset_timeline_combinedt0-30",12.8932046324658,508.994652787269,0.0253307270751515,0.979791165128048,-984.71798315405,1010.50439241898,0.999987296772671
"edge_61_7","fixed","cond",NA,"onset_timeline_combinedt0-36",14.2322368029029,508.994820978007,0.0279614570057048,0.977692891971798,-983.379280631403,1011.84375423721,0.999986401700165
"edge_61_7","fixed","cond",NA,"onset_timeline_combinedt0-over42",-12.8051572376523,328533.542828665,-3.89767118675319e-05,0.999968901083378,-643926.716814769,643901.106500293,0.999994751597901
"edge_61_7","fixed","cond",NA,"SexMale",1.01127808490709,1.65300002092323,0.611783467699098,0.540681029234831,-2.22854242254638,4.25109859236057,0.990535691749098
"edge_61_7","fixed","cond",NA,"Age.at.Gluten.Introduction..months.",-0.526284136895803,0.402354293512537,-1.30801173339388,0.190869329579811,-1.31488406120543,0.262315787413826,0.5212200923141
"edge_61_7","fixed","cond",NA,"HLA.CategoryHigh Risk",0.314624858641091,1.38609224091537,0.226986956101358,0.820433884989002,-2.40206601280345,3.03131573008564,0.978697013291682
"edge_61_7","fixed","cond",NA,"HLA.CategoryLow/No Risk",-19.1488809145913,8904.15020926098,-0.0021505568150316,0.998284105242796,-17470.9626040009,17432.6648421717,0.999989527982172
"edge_61_7","fixed","cond",NA,"feeding_first_yearFormula",-22.7408900829135,54583.1174282155,-0.000416628641865701,0.999667578448684,-107003.685213306,106958.20343314,0.999985531355603
"edge_61_7","fixed","cond",NA,"feeding_first_yearBreastmilk_and_formula",0.712148358698407,1.40592334367483,0.506534272940501,0.612481636076093,-2.04341075992838,3.4677074773252,0.956122944670933
"edge_61_7","fixed","cond",NA,"Delivery.ModeC-Section",0.71875711058898,89815.3119773338,8.00261219123047e-06,0.999993614839287,-176034.057978693,176035.495492914,0.999999650716233
"edge_61_7","fixed","cond",NA,"Dx.StatusCELIAC:onset_timeline_combinedt0-6",-10.3528008587876,1467563.17614921,-7.05441580099648e-06,0.999994371390547,-2876381.32309052,2876360.6174888,0.999999878775183
"edge_61_7","fixed","cond",NA,"Dx.StatusCELIAC:onset_timeline_combinedt0-12",-2.75310138531755,844303.904465064,-3.2607943309961e-06,0.999997398262547,-1654807.99785946,1654802.49165669,0.999997398262547
"edge_61_7","fixed","cond",NA,"Dx.StatusCELIAC:onset_timeline_combinedt0-18",-35.2003631433693,28394.7678985055,-0.00123967779096451,0.999010880483566,-55687.9227935882,55617.5220673015,0.999999861216808
"edge_61_7","fixed","cond",NA,"Dx.StatusCELIAC:onset_timeline_combinedt0-24",-13.4339052723702,508.996671145576,-0.0263929138124521,0.978943946141189,-1011.04904896848,984.181238423736,0.999998617618745
"edge_61_7","fixed","cond",NA,"Dx.StatusCELIAC:onset_timeline_combinedt0-30",-29.2878163371429,2606.4122808981,-0.0112368317751523,0.991034494088339,-5137.76201576031,5079.18638308602,0.999999714796086
"edge_61_7","fixed","cond",NA,"Dx.StatusCELIAC:onset_timeline_combinedt0-36",-33.1228112575066,8685.65621491681,-0.00381350705553154,0.99695726897287,-17056.6961745909,16990.4505520759,0.999999153356744
"edge_61_7","fixed","cond",NA,"Dx.StatusCELIAC:onset_timeline_combinedt0-over42",-4.869365379221,328554.849533701,-1.48205554906032e-05,0.999988174907592,-643960.541397409,643950.802666651,0.999996861415992
"edge_72_2","fixed","cond",NA,"(Intercept)",-13.240377155621,243.593105167081,-0.0543544824330697,0.956652742966284,-490.674090165377,464.193335854135,0.999881086915019
"edge_72_2","fixed","cond",NA,"Dx.StatusCELIAC",11.3049514789307,243.592178650381,0.0464093368743021,0.962983994783412,-466.126945591462,488.736848549323,0.999986353446738
"edge_72_2","fixed","cond",NA,"onset_timeline_combinedt0-6",-8.72499032459,44774.9935242189,-0.000194863017006817,0.999844521808243,-87766.0997058077,87748.6497251586,0.999999447029537
"edge_72_2","fixed","cond",NA,"onset_timeline_combinedt0-12",-9.6864955616399,32349.2978276545,-0.000299434492001839,0.99976108584543,-63413.1451629242,63393.7721718009,0.99998627227119
"edge_72_2","fixed","cond",NA,"onset_timeline_combinedt0-18",-9.29099193061064,43970.0213143658,-0.000211302875297336,0.999831404699402,-86188.9491675461,86170.3671836849,0.999997145165192
"edge_72_2","fixed","cond",NA,"onset_timeline_combinedt0-24",11.1838857827696,243.593100622732,0.0459121615274762,0.96338026090275,-466.249818320226,488.617589885765,0.99999582928833
"edge_72_2","fixed","cond",NA,"onset_timeline_combinedt0-30",11.2734470058105,243.593099048011,0.0462798291489717,0.963087216087932,-466.160254010789,488.707148022409,0.999987296772671
"edge_72_2","fixed","cond",NA,"onset_timeline_combinedt0-36",11.2734547509984,243.593099032115,0.0462798609475883,0.963087190743463,-466.160246234446,488.707155736443,0.999986401700165
"edge_72_2","fixed","cond",NA,"onset_timeline_combinedt0-over42",-10.3685417183796,43235.4103850243,-0.000239815966265722,0.999808654544917,-84750.215753175,84729.4786697383,0.999994751597901
"edge_72_2","fixed","cond",NA,"SexMale",-0.88018944815651,1.13045520256117,-0.778615062465405,0.436206503538024,-3.09584093131234,1.33546203499932,0.990535691749098
"edge_72_2","fixed","cond",NA,"Age.at.Gluten.Introduction..months.",-0.0784742206152561,0.0995651244297394,-0.788169763907977,0.430597412548644,-0.273618278613794,0.116669837383282,0.745668690023262
"edge_72_2","fixed","cond",NA,"HLA.CategoryHigh Risk",0.582438933083168,0.936831165635385,0.621711738942994,0.534131431272082,-1.25371641115686,2.4185942773232,0.967110809971833
"edge_72_2","fixed","cond",NA,"HLA.CategoryLow/No Risk",0.65286529738193,1.34831854145308,0.4842070158572,0.628238958271636,-1.98979048355369,3.29552107831755,0.999989527982172
"edge_72_2","fixed","cond",NA,"feeding_first_yearFormula",-13.1376741456714,849.822123550632,-0.015459322347106,0.987665736676322,-1678.75842957026,1652.48308127891,0.999985531355603
"edge_72_2","fixed","cond",NA,"feeding_first_yearBreastmilk_and_formula",0.899809304613663,0.874223690396427,1.02926666767133,0.30335438197086,-0.813637642995027,2.61325625222235,0.836964856897864
"edge_72_2","fixed","cond",NA,"Delivery.ModeC-Section",-15.6008621013612,3910.20817043797,-0.00398977788939912,0.996816626266682,-7679.46804821403,7648.26632401131,0.999999650716233
"edge_72_2","fixed","cond",NA,"Dx.StatusCELIAC:onset_timeline_combinedt0-6",-7.10486337277043,44882.5059659278,-0.000158299168459177,0.999873695538026,-87975.2000924954,87960.9903657499,0.999999878775183
"edge_72_2","fixed","cond",NA,"Dx.StatusCELIAC:onset_timeline_combinedt0-12",-4.05211603371957,32356.806257123,-0.000125232261846842,0.999900079112019,-63422.227034735,63414.1228026676,0.999997398262547
"edge_72_2","fixed","cond",NA,"Dx.StatusCELIAC:onset_timeline_combinedt0-18",-5.41807624202422,44001.4051931483,-0.000123134163971379,0.999901753151908,-86246.5875239663,86235.7513714823,0.999999861216808
"edge_72_2","fixed","cond",NA,"Dx.StatusCELIAC:onset_timeline_combinedt0-24",-26.6093520018179,1735.47771881964,-0.0153325805991424,0.987766849975742,-3428.08317686004,3374.86447285641,0.999998617618745
"edge_72_2","fixed","cond",NA,"Dx.StatusCELIAC:onset_timeline_combinedt0-30",-27.2581322199137,2302.70215122299,-0.0118374546206232,0.990555298293176,-4540.47141573988,4485.95515130005,0.999999714796086
"edge_72_2","fixed","cond",NA,"Dx.StatusCELIAC:onset_timeline_combinedt0-36",-11.8618446367422,243.596342163014,-0.0486946746877022,0.961162619826697,-489.301902041945,465.578212768461,0.999999153356744
"edge_72_2","fixed","cond",NA,"Dx.StatusCELIAC:onset_timeline_combinedt0-over42",9.31626457285164,43235.4104046598,0.000215477648660126,0.999828073712266,-84730.5309853687,84749.1635145144,0.999996861415992
"virus_comp_103_cycle_1_1","fixed","cond",NA,"(Intercept)",-10.0195772237555,4.53068814456346,-2.21149125785193,0.0270018365935348,-18.8995628122825,-1.13959163522851,0.068468942790749
"virus_comp_103_cycle_1_1","fixed","cond",NA,"Dx.StatusCELIAC",-2.24396908329752,3.21576196489047,-0.697803229155972,0.485300259368834,-8.5467467173366,4.05880855074156,0.999986353446738
"virus_comp_103_cycle_1_1","fixed","cond",NA,"onset_timeline_combinedt0-6",0.862793956487082,1.45663142612507,0.592321393739447,0.55363539255934,-1.99215117746728,3.71773909044144,0.999999447029537
"virus_comp_103_cycle_1_1","fixed","cond",NA,"onset_timeline_combinedt0-12",-5.07651186215761,3.1705852943841,-1.60112767543248,0.109348643600259,-11.2907448490628,1.13772112474755,0.99998627227119
"virus_comp_103_cycle_1_1","fixed","cond",NA,"onset_timeline_combinedt0-18",-3.4285052364129,6.45095875029138,-0.531472199579331,0.595091601127285,-16.0721520527375,9.21514157991173,0.999997145165192
"virus_comp_103_cycle_1_1","fixed","cond",NA,"onset_timeline_combinedt0-24",-29.1005332333407,57500.4642548242,-0.000506092143958632,0.999596196909229,-112727.939567022,112669.738500555,0.99999582928833
"virus_comp_103_cycle_1_1","fixed","cond",NA,"onset_timeline_combinedt0-30",-29.2788387365914,63323.6326979701,-0.000462368273725552,0.999631083506134,-124141.318297001,124082.760619528,0.999987296772671
"virus_comp_103_cycle_1_1","fixed","cond",NA,"onset_timeline_combinedt0-36",-29.5232531626585,71043.0456922326,-0.000415568517298047,0.999668424305636,-139271.334161972,139212.287655647,0.999986401700165
"virus_comp_103_cycle_1_1","fixed","cond",NA,"onset_timeline_combinedt0-over42",-24.2808442230583,18935.4841266084,-0.00128229328918707,0.998976878262519,-37137.1477622054,37088.5860737593,0.999994751597901
"virus_comp_103_cycle_1_1","fixed","cond",NA,"SexMale",0.196253909513153,2.85030796834912,0.0688535806279283,0.945106168072636,-5.39024705329866,5.78275487232496,0.994111673083809
"virus_comp_103_cycle_1_1","fixed","cond",NA,"Age.at.Gluten.Introduction..months.",0.201916844424298,0.296183477390943,0.681728927632856,0.495410372269407,-0.378592104077784,0.78242579292638,0.790430032160177
"virus_comp_103_cycle_1_1","fixed","cond",NA,"HLA.CategoryHigh Risk",1.31960109328902,2.79824086865987,0.47158238165573,0.63722490472912,-4.1648502293524,6.80405241593044,0.978697013291682
"virus_comp_103_cycle_1_1","fixed","cond",NA,"HLA.CategoryLow/No Risk",-0.202063814644653,5.18935339406131,-0.0389381488021021,0.968939701273831,-10.3730095700555,9.9688819407662,0.999989527982172
"virus_comp_103_cycle_1_1","fixed","cond",NA,"feeding_first_yearFormula",-0.269749005585016,3.82943513002797,-0.0704409387875036,0.943842707715423,-7.77530394157229,7.23580593040226,0.999985531355603
"virus_comp_103_cycle_1_1","fixed","cond",NA,"feeding_first_yearBreastmilk_and_formula",0.872650725110346,3.00249290274353,0.290642060906442,0.771325088058926,-5.0121272281041,6.7574286783248,0.983038566973875
"virus_comp_103_cycle_1_1","fixed","cond",NA,"Delivery.ModeC-Section",3.4613919139781,7.58894243223062,0.456109918462076,0.648310938186387,-11.4126619339417,18.3354457618979,0.999999650716233
"virus_comp_103_cycle_1_1","fixed","cond",NA,"Dx.StatusCELIAC:onset_timeline_combinedt0-6",-20.8372238680705,28594.6373886912,-0.000728710897250662,0.999418572877253,-56065.2966566852,56023.622208949,0.999999878775183
"virus_comp_103_cycle_1_1","fixed","cond",NA,"Dx.StatusCELIAC:onset_timeline_combinedt0-12",8.50506076822863,3.82877973156455,2.22135023807003,0.0263272486550638,1.00079038962518,16.0093311468321,0.19118886339741
"virus_comp_103_cycle_1_1","fixed","cond",NA,"Dx.StatusCELIAC:onset_timeline_combinedt0-18",4.40984017465756,6.56912436122881,0.671298019669804,0.502030695975408,-8.46540698331559,17.2850873326307,0.999999861216808
"virus_comp_103_cycle_1_1","fixed","cond",NA,"Dx.StatusCELIAC:onset_timeline_combinedt0-24",29.1054908360116,57500.4642640475,0.000506178362358198,0.999596128116908,-112669.733561029,112727.944542701,0.999998617618745
"virus_comp_103_cycle_1_1","fixed","cond",NA,"Dx.StatusCELIAC:onset_timeline_combinedt0-30",30.0235130702286,63323.6327115138,0.00047412809064521,0.999621700530805,-124082.015971739,124142.06299788,0.999999714796086
"virus_comp_103_cycle_1_1","fixed","cond",NA,"Dx.StatusCELIAC:onset_timeline_combinedt0-36",28.5508384089192,71043.0457029528,0.000401880833323177,0.99967934549644,-139213.260091412,139270.361768229,0.999999153356744
"virus_comp_103_cycle_1_1","fixed","cond",NA,"Dx.StatusCELIAC:onset_timeline_combinedt0-over42",23.0990178309172,18935.4841533485,0.00121987996947162,0.999026676847728,-37089.7679525611,37135.965988223,0.999996861415992
"virus_comp_103_cycle_1_3","fixed","cond",NA,"(Intercept)",-9.16258354775226,4.55066329350765,-2.01346110595006,0.0440661427339993,-18.0817197087957,-0.243447386708855,0.0862317117007084
"virus_comp_103_cycle_1_3","fixed","cond",NA,"Dx.StatusCELIAC",-2.20444251234802,3.21805476046127,-0.685023306449899,0.493329214050104,-8.51171394312978,4.10282891843374,0.999986353446738
"virus_comp_103_cycle_1_3","fixed","cond",NA,"onset_timeline_combinedt0-6",0.813647209226491,1.52434614510134,0.533768010527816,0.593502048615573,-2.17401633514461,3.80131075359759,0.999999447029537
"virus_comp_103_cycle_1_3","fixed","cond",NA,"onset_timeline_combinedt0-12",-3.95875858844159,3.07489769938745,-1.28744399829309,0.197939577097047,-9.98544733538606,2.06793015850287,0.99998627227119
"virus_comp_103_cycle_1_3","fixed","cond",NA,"onset_timeline_combinedt0-18",-2.44567287980124,3.96321794350486,-0.617092704631433,0.537173580361724,-10.2134373119537,5.32209155235119,0.999997145165192
"virus_comp_103_cycle_1_3","fixed","cond",NA,"onset_timeline_combinedt0-24",-24.8607254219025,8767.57103819375,-0.00283553167845495,0.997737576083832,-17208.9841921781,17159.2627413343,0.99999582928833
"virus_comp_103_cycle_1_3","fixed","cond",NA,"onset_timeline_combinedt0-30",-26.3802625927137,18849.7177750805,-0.00139950438025065,0.998883357426734,-36971.1482204949,36918.3876953095,0.999987296772671
"virus_comp_103_cycle_1_3","fixed","cond",NA,"onset_timeline_combinedt0-36",-26.7132212325734,22138.6030745719,-0.00120663535737066,0.999037244511459,-43417.5779154212,43364.1514729561,0.999986401700165
"virus_comp_103_cycle_1_3","fixed","cond",NA,"onset_timeline_combinedt0-over42",-6.49154328380163,3.34228714546375,-1.94224583384828,0.0521073468824527,-13.0423057149018,0.0592191472984984,0.855925345306313
"virus_comp_103_cycle_1_3","fixed","cond",NA,"SexMale",1.13918967563421,2.87485103130665,0.396260419489087,0.691912923082836,-4.49541480664466,6.77379415791307,0.990535691749098
"virus_comp_103_cycle_1_3","fixed","cond",NA,"Age.at.Gluten.Introduction..months.",0.163476003786489,0.271608298322108,0.60188147709912,0.547253034814932,-0.368866478827053,0.69581848640003,0.8087794674144
"virus_comp_103_cycle_1_3","fixed","cond",NA,"HLA.CategoryHigh Risk",2.14661726343958,2.86190208818185,0.750066633063365,0.453214574337332,-3.46260775667683,7.75584228355598,0.906429148674665
"virus_comp_103_cycle_1_3","fixed","cond",NA,"HLA.CategoryLow/No Risk",-0.092294000353562,4.40250768401353,-0.0209639612188984,0.98327440413467,-8.72105050268093,8.53646250197381,0.999989527982172
"virus_comp_103_cycle_1_3","fixed","cond",NA,"feeding_first_yearFormula",-2.5087997085885,3.97360842720653,-0.631365610011101,0.527801496604299,-10.2969291145781,5.27932969740114,0.999985531355603
"virus_comp_103_cycle_1_3","fixed","cond",NA,"feeding_first_yearBreastmilk_and_formula",0.181923456279596,2.88670176833849,0.0630212162111594,0.949749609807101,-5.47590804377193,5.83975495633113,0.991650327886826
"virus_comp_103_cycle_1_3","fixed","cond",NA,"Delivery.ModeC-Section",4.51117647565354,6.88041808901429,0.655654411881796,0.512046507334857,-8.97419517739238,17.9965481286995,0.999999650716233
"virus_comp_103_cycle_1_3","fixed","cond",NA,"Dx.StatusCELIAC:onset_timeline_combinedt0-6",0.691840053914838,2.82128365390006,0.245221728399574,0.806284753091845,-4.83777429790085,6.22145440573053,0.999999878775183
"virus_comp_103_cycle_1_3","fixed","cond",NA,"Dx.StatusCELIAC:onset_timeline_combinedt0-12",8.15305443963461,3.9794312058186,2.04879894084197,0.040481779391588,0.353512597275361,15.9525962819939,0.22993650694422
"virus_comp_103_cycle_1_3","fixed","cond",NA,"Dx.StatusCELIAC:onset_timeline_combinedt0-18",7.38338060220878,5.6761593139443,1.30077050234838,0.19333702160613,-3.74168722363362,18.5084484280512,0.980494895288232
"virus_comp_103_cycle_1_3","fixed","cond",NA,"Dx.StatusCELIAC:onset_timeline_combinedt0-24",26.6862140799672,8767.57118482345,0.00304374079404804,0.99757144996317,-17157.4375400652,17210.8099682251,0.999998617618745
"virus_comp_103_cycle_1_3","fixed","cond",NA,"Dx.StatusCELIAC:onset_timeline_combinedt0-30",26.7211033626967,18849.7178192152,0.0014175863861186,0.998868930087735,-36918.0469410419,36971.4891477673,0.999999714796086
"virus_comp_103_cycle_1_3","fixed","cond",NA,"Dx.StatusCELIAC:onset_timeline_combinedt0-36",26.2257123453917,22138.6030977999,0.00118461459512764,0.999054814525111,-43364.6390273693,43417.0904520601,0.999999153356744
"virus_comp_103_cycle_1_3","fixed","cond",NA,"Dx.StatusCELIAC:onset_timeline_combinedt0-over42",6.07007769634827,3.41472214514162,1.77761979989635,0.0754663196345395,-0.622654725340647,12.7628101180372,0.999996861415992
"virus_comp_103_cycle_1_4","fixed","cond",NA,"(Intercept)",-6.65787887483669,3.17598601319364,-2.09631870139812,0.0360539288567805,-12.8826970760992,-0.433060673574213,0.0764128044427288
"virus_comp_103_cycle_1_4","fixed","cond",NA,"Dx.StatusCELIAC",-0.312096463103805,2.1666232262155,-0.144047409502275,0.88546303262179,-4.55859995455416,3.93440702834655,0.999986353446738
"virus_comp_103_cycle_1_4","fixed","cond",NA,"onset_timeline_combinedt0-6",0.824872967451278,2.69740827062091,0.305802045776853,0.759755370739945,-4.46195009456618,6.11169602946874,0.999999447029537
"virus_comp_103_cycle_1_4","fixed","cond",NA,"onset_timeline_combinedt0-12",-2.03851366877463,1.41841636962827,-1.43717579155469,0.150668049826122,-4.81855866832809,0.741531330778825,0.99998627227119
"virus_comp_103_cycle_1_4","fixed","cond",NA,"onset_timeline_combinedt0-18",-2.3573949475996,2.86755308077287,-0.822092871935341,0.411024042028604,-7.97769570967131,3.2629058144721,0.999997145165192
"virus_comp_103_cycle_1_4","fixed","cond",NA,"onset_timeline_combinedt0-24",-3.8026539830041,2.77713613018667,-1.36927172624717,0.170914352564092,-9.24574077833492,1.64043281232671,0.99999582928833
"virus_comp_103_cycle_1_4","fixed","cond",NA,"onset_timeline_combinedt0-30",-3.58677938118257,2.64540577969448,-1.3558522509907,0.175146182537223,-8.77167943387785,1.59812067151271,0.765753499201465
"virus_comp_103_cycle_1_4","fixed","cond",NA,"onset_timeline_combinedt0-36",-1.43180851297815,1.48614106630962,-0.963440514118627,0.335326502977496,-4.34459147889096,1.48097445293467,0.580687358814689
"virus_comp_103_cycle_1_4","fixed","cond",NA,"onset_timeline_combinedt0-over42",-2.17865488550833,1.28079048316743,-1.70102363668448,0.088938548813029,-4.68895810425814,0.331648333241484,0.855925345306313
"virus_comp_103_cycle_1_4","fixed","cond",NA,"SexMale",1.01958133135601,2.30156633357733,0.442994545271816,0.657769680176287,-3.49140579048545,5.53056845319747,0.990535691749098
"virus_comp_103_cycle_1_4","fixed","cond",NA,"Age.at.Gluten.Introduction..months.",0.167422458675133,0.180602496077352,0.927021842507792,0.353915193651237,-0.186551929154513,0.52139684650478,0.72108274525109
"virus_comp_103_cycle_1_4","fixed","cond",NA,"HLA.CategoryHigh Risk",1.62051946620353,2.08578616510991,0.776934612622736,0.437197348971552,-2.46754629686381,5.70858522927087,0.903310309051692
"virus_comp_103_cycle_1_4","fixed","cond",NA,"HLA.CategoryLow/No Risk",-0.852133206195368,3.46551601587024,-0.245889270830966,0.805767949535408,-7.64441978514777,5.94015337275703,0.999989527982172
"virus_comp_103_cycle_1_4","fixed","cond",NA,"feeding_first_yearFormula",-0.186677625950458,2.90233433318522,-0.0643198213989306,0.948715570938532,-5.87514839008756,5.50179313818664,0.999985531355603
"virus_comp_103_cycle_1_4","fixed","cond",NA,"feeding_first_yearBreastmilk_and_formula",-0.692608185936118,2.12103721339686,-0.326542213197146,0.74401415650295,-4.84976473406316,3.46454836219093,0.983038566973875
"virus_comp_103_cycle_1_4","fixed","cond",NA,"Delivery.ModeC-Section",4.89416344649,4.90086971226578,0.998631617208882,0.317973178096822,-4.7113646824741,14.4996915754541,0.999999650716233
"virus_comp_103_cycle_1_4","fixed","cond",NA,"Dx.StatusCELIAC:onset_timeline_combinedt0-6",0.243547498747993,3.34394232473485,0.0728324459864315,0.941939451347957,-6.31045902411145,6.79755402160743,0.999999878775183
"virus_comp_103_cycle_1_4","fixed","cond",NA,"Dx.StatusCELIAC:onset_timeline_combinedt0-12",4.6694428851379,2.01991448524056,2.31170325241852,0.0207940420410816,0.710483242215636,8.62840252806017,0.173691409990211
"virus_comp_103_cycle_1_4","fixed","cond",NA,"Dx.StatusCELIAC:onset_timeline_combinedt0-18",4.93856877386288,3.64378932521225,1.35533872380923,0.175309662765576,-2.20312707080463,12.0802646185304,0.980494895288232
"virus_comp_103_cycle_1_4","fixed","cond",NA,"Dx.StatusCELIAC:onset_timeline_combinedt0-24",4.81162667112843,2.97878045679948,1.61530087259208,0.106245554788425,-1.02667574205033,10.6499290843072,0.999998617618745
"virus_comp_103_cycle_1_4","fixed","cond",NA,"Dx.StatusCELIAC:onset_timeline_combinedt0-30",4.2386769237475,2.88282024908509,1.47032300230745,0.14147429405739,-1.41154693836207,9.88890078585706,0.999999714796086
"virus_comp_103_cycle_1_4","fixed","cond",NA,"Dx.StatusCELIAC:onset_timeline_combinedt0-36",0.408098092841768,1.76471193645716,0.23125479258732,0.817116865080831,-3.0506737457022,3.86686993138573,0.999999153356744
"virus_comp_103_cycle_1_4","fixed","cond",NA,"Dx.StatusCELIAC:onset_timeline_combinedt0-over42",1.57535907806033,1.45405657348306,1.08342351101698,0.278620484626837,-1.27453943745019,4.42525759357085,0.999996861415992
"virus_comp_104_cycle_1_1","fixed","cond",NA,"(Intercept)",-24.1986446055188,10.2047236125574,-2.37131798216868,0.0177247745739411,-44.1995353583169,-4.19775385272075,0.0524357914479092
"virus_comp_104_cycle_1_1","fixed","cond",NA,"Dx.StatusCELIAC",-7.33482636398919,6.21156456836482,-1.18083395628616,0.237668691799306,-19.5092692056293,4.83961647765095,0.999986353446738
"virus_comp_104_cycle_1_1","fixed","cond",NA,"onset_timeline_combinedt0-6",-0.671738332982002,1.9217501225625,-0.349545096990181,0.72668012074272,-4.43829936048993,3.09482269452593,0.999999447029537
"virus_comp_104_cycle_1_1","fixed","cond",NA,"onset_timeline_combinedt0-12",-11.0648219774127,3.8992838664202,-2.83765490189123,0.00454462890783248,-18.7072779210944,-3.42236603373099,0.645337304912212
"virus_comp_104_cycle_1_1","fixed","cond",NA,"onset_timeline_combinedt0-18",-15.7045156487115,13782.611389434,-0.00113944413035913,0.999090855317218,-27029.1264518509,26997.7174205534,0.999997145165192
"virus_comp_104_cycle_1_1","fixed","cond",NA,"onset_timeline_combinedt0-24",-50.35758474776,836077.956440731,-6.02307289168792e-05,0.99995194283134,-1638733.04047643,1638632.32530693,0.99999582928833
"virus_comp_104_cycle_1_1","fixed","cond",NA,"onset_timeline_combinedt0-30",-18.2402745084772,6.6148416048574,-2.75747713975238,0.00582492860735098,-31.2051258174348,-5.27542319951958,0.765753499201465
"virus_comp_104_cycle_1_1","fixed","cond",NA,"onset_timeline_combinedt0-36",-19.0986843371217,6.71005453220606,-2.84627855786481,0.00442334822776276,-32.2501495545453,-5.94721911969803,0.391284665407418
"virus_comp_104_cycle_1_1","fixed","cond",NA,"onset_timeline_combinedt0-over42",-43.3626961022456,1019475.31404985,-4.25343267312553e-05,0.999966062517407,-1998178.26136148,1998091.53596927,0.999994751597901
"virus_comp_104_cycle_1_1","fixed","cond",NA,"SexMale",1.15005948039825,4.40414059326058,0.261131418501517,0.793991163537027,-7.48189746524335,9.78201642603984,0.993031049126053
"virus_comp_104_cycle_1_1","fixed","cond",NA,"Age.at.Gluten.Introduction..months.",0.198404969271106,0.850771585685113,0.233205918732386,0.815601510066478,-1.46907669774175,1.86588663628396,0.991020810761038
"virus_comp_104_cycle_1_1","fixed","cond",NA,"HLA.CategoryHigh Risk",12.6435518834522,4.03243613162166,3.13546240306292,0.00171583420401916,4.7401222955157,20.5469814713886,0.12514190781631
"virus_comp_104_cycle_1_1","fixed","cond",NA,"HLA.CategoryLow/No Risk",0.881658417163959,8.07146211967367,0.109231562273578,0.913018827005339,-14.9381166399757,16.7014334743037,0.999989527982172
"virus_comp_104_cycle_1_1","fixed","cond",NA,"feeding_first_yearFormula",-13.4553448198867,5.79218552702784,-2.32301689182789,0.0201782450147213,-24.8078198446354,-2.10286979513797,0.479239331774334
"virus_comp_104_cycle_1_1","fixed","cond",NA,"feeding_first_yearBreastmilk_and_formula",-0.91096038086012,4.47123397565831,-0.203738025301169,0.838558225480874,-9.67441793960224,7.852497177882,0.983038566973875
"virus_comp_104_cycle_1_1","fixed","cond",NA,"Delivery.ModeC-Section",24.274191860114,8.62098698979085,2.81570913966811,0.00486697075668278,7.37736784893552,41.1710158712924,0.686242876692271
"virus_comp_104_cycle_1_1","fixed","cond",NA,"Dx.StatusCELIAC:onset_timeline_combinedt0-6",2.95532563000029,38.5519382062122,0.0766582892458589,0.938895387213681,-72.6050847883892,78.5157360483898,0.999999878775183
"virus_comp_104_cycle_1_1","fixed","cond",NA,"Dx.StatusCELIAC:onset_timeline_combinedt0-12",31.3053233804689,7.50671723787396,4.1703080572321,3.04188166390447e-05,16.5924279521099,46.0182188088278,0.00431947196274435
"virus_comp_104_cycle_1_1","fixed","cond",NA,"Dx.StatusCELIAC:onset_timeline_combinedt0-18",36.0003079525354,13782.6123826453,0.00261200902652288,0.997915920694863,-26977.423574908,27049.424190813,0.999999861216808
"virus_comp_104_cycle_1_1","fixed","cond",NA,"Dx.StatusCELIAC:onset_timeline_combinedt0-24",59.1011539105889,836077.956452359,7.06885685174222e-05,0.999943598682602,-1638623.58176056,1638741.78406838,0.999998617618745
"virus_comp_104_cycle_1_1","fixed","cond",NA,"Dx.StatusCELIAC:onset_timeline_combinedt0-30",19.2122175933601,6.75166364777041,2.84555312522188,0.00443343634822955,5.97920000800172,32.4452351787184,0.629547961448596
"virus_comp_104_cycle_1_1","fixed","cond",NA,"Dx.StatusCELIAC:onset_timeline_combinedt0-36",18.9920567646761,6.8014457220702,2.79235585208719,0.00523257758396748,5.66146810661452,32.3226454227377,0.564799990538503
"virus_comp_104_cycle_1_1","fixed","cond",NA,"Dx.StatusCELIAC:onset_timeline_combinedt0-over42",42.5794472749123,1019475.31405195,4.17660405190965e-05,0.999966675521114,-1998092.3192222,1998177.47811675,0.999996861415992
"virus_comp_104_cycle_1_3","fixed","cond",NA,"(Intercept)",-4.09616965402312,1.98625434961184,-2.06225836828179,0.0391831443408705,-7.98915664339835,-0.203182664647884,0.0794858070914802
"virus_comp_104_cycle_1_3","fixed","cond",NA,"Dx.StatusCELIAC",-1.82816296435446,1.58109416783336,-1.15626444113678,0.247573008357696,-4.92705058947416,1.27072466076525,0.999986353446738
"virus_comp_104_cycle_1_3","fixed","cond",NA,"onset_timeline_combinedt0-6",-0.0170887022678159,1.87525687633652,-0.00911272609286478,0.992729197173881,-3.69252464164847,3.65834723711284,0.999999447029537
"virus_comp_104_cycle_1_3","fixed","cond",NA,"onset_timeline_combinedt0-12",-2.66331286916258,1.38999546889362,-1.91605866980449,0.0553576282694314,-5.38765392686794,0.0610281885427759,0.99998627227119
"virus_comp_104_cycle_1_3","fixed","cond",NA,"onset_timeline_combinedt0-18",-29.8028312015451,1044890.09083553,-2.85224555797192e-05,0.99997724237306,-2047976.74867162,2047917.14300922,0.999997145165192
"virus_comp_104_cycle_1_3","fixed","cond",NA,"onset_timeline_combinedt0-24",-28.871910707194,522565.708519046,-5.52502972095456e-05,0.999955916640899,-1024238.84016369,1024181.09634228,0.99999582928833
"virus_comp_104_cycle_1_3","fixed","cond",NA,"onset_timeline_combinedt0-30",-1.75301331668568,1.41357170766055,-1.2401304491209,0.214927148240022,-4.52356295326515,1.01753631989378,0.765753499201465
"virus_comp_104_cycle_1_3","fixed","cond",NA,"onset_timeline_combinedt0-36",-2.05838204720816,1.36468655025483,-1.5083185562456,0.131473016218385,-4.73311853589384,0.61635444147752,0.396026913744603
"virus_comp_104_cycle_1_3","fixed","cond",NA,"onset_timeline_combinedt0-over42",-29.3962415881017,655095.387146365,-4.48732232967683e-05,0.99996419634795,-1283992.76148679,1283933.96900361,0.999994751597901
"virus_comp_104_cycle_1_3","fixed","cond",NA,"SexMale",0.746019006649176,1.37519468160817,0.542482469301562,0.587486180965807,-1.94931304103386,3.44135105433222,0.990535691749098
"virus_comp_104_cycle_1_3","fixed","cond",NA,"Age.at.Gluten.Introduction..months.",0.100502072821451,0.113896936936373,0.882394869649527,0.377563309113118,-0.122731821523269,0.323735967166171,0.72108274525109
"virus_comp_104_cycle_1_3","fixed","cond",NA,"HLA.CategoryHigh Risk",1.00803818767206,1.25269178174275,0.804697693689403,0.420994150796026,-1.44719258827304,3.46326896361717,0.903310309051692
"virus_comp_104_cycle_1_3","fixed","cond",NA,"HLA.CategoryLow/No Risk",-1.08354492353389,2.52030074876523,-0.429926834749683,0.667248864421323,-6.02324362132306,3.85615377425528,0.999989527982172
"virus_comp_104_cycle_1_3","fixed","cond",NA,"feeding_first_yearFormula",-0.223706457533249,1.71916622537433,-0.130124972344974,0.896467553018949,-3.59321034270461,3.14579742763811,0.999985531355603
"virus_comp_104_cycle_1_3","fixed","cond",NA,"feeding_first_yearBreastmilk_and_formula",0.315345701406674,1.30431754075018,0.241770651359409,0.808957881169061,-2.24106970286753,2.87176110568088,0.983038566973875
"virus_comp_104_cycle_1_3","fixed","cond",NA,"Delivery.ModeC-Section",2.27250185526835,3.24253110376084,0.700841960353935,0.483401648562462,-4.0827423268538,8.6277460373905,0.999999650716233
"virus_comp_104_cycle_1_3","fixed","cond",NA,"Dx.StatusCELIAC:onset_timeline_combinedt0-6",-17.0725079322741,10702.8390980088,-0.00159513824097855,0.998727264364916,-20994.2516723566,20960.106656492,0.999999878775183
"virus_comp_104_cycle_1_3","fixed","cond",NA,"Dx.StatusCELIAC:onset_timeline_combinedt0-12",5.00298591077155,1.89918274457354,2.63428357543074,0.00843150367248024,1.28065613134747,8.72531569019562,0.173691409990211
"virus_comp_104_cycle_1_3","fixed","cond",NA,"Dx.StatusCELIAC:onset_timeline_combinedt0-18",30.9838393327087,1044890.09083758,2.96527257789116e-05,0.999976340547919,-2047915.9620051,2047977.92968377,0.999999861216808
"virus_comp_104_cycle_1_3","fixed","cond",NA,"Dx.StatusCELIAC:onset_timeline_combinedt0-24",30.7876729454135,522565.708520805,5.89163667714866e-05,0.999952991540602,-1024179.18058349,1024240.75592938,0.999998617618745
"virus_comp_104_cycle_1_3","fixed","cond",NA,"Dx.StatusCELIAC:onset_timeline_combinedt0-30",2.25157900127012,2.01405776706785,1.11793168899423,0.263596169636835,-1.69590168496603,6.19905968750627,0.999999714796086
"virus_comp_104_cycle_1_3","fixed","cond",NA,"Dx.StatusCELIAC:onset_timeline_combinedt0-36",2.2092235657514,1.96853857166072,1.12226582580378,0.26174943188952,-1.64904113688152,6.06748826838433,0.999999153356744
"virus_comp_104_cycle_1_3","fixed","cond",NA,"Dx.StatusCELIAC:onset_timeline_combinedt0-over42",29.9177063437,655095.387147995,4.56692367716844e-05,0.999963561221089,-1283933.44754205,1283993.28295474,0.999996861415992
"virus_comp_1044_cycle_1_1","fixed","cond",NA,"(Intercept)",-3.28909839441683,1.38459692677629,-2.3754916183981,0.0175255904248185,-6.0028585040032,-0.57533828483047,0.0524357914479092
"virus_comp_1044_cycle_1_1","fixed","cond",NA,"Dx.StatusCELIAC",-1.32758580653441,1.37734295185203,-0.963874541739437,0.335108828895864,-4.02712838652447,1.37195677345564,0.999986353446738
"virus_comp_1044_cycle_1_1","fixed","cond",NA,"onset_timeline_combinedt0-6",-22.1576722744938,66607.1757734302,-0.000332661939456268,0.999734574179437,-130569.823300126,130525.507955577,0.999999447029537
"virus_comp_1044_cycle_1_1","fixed","cond",NA,"onset_timeline_combinedt0-12",-28.5629101538423,824677.768853573,-3.46352372194403e-05,0.999972365078968,-1616367.288714,1616310.1628937,0.99998627227119
"virus_comp_1044_cycle_1_1","fixed","cond",NA,"onset_timeline_combinedt0-18",-18.4316758260182,9895.24433319207,-0.00186268021338209,0.998513797075446,-19412.7541871065,19375.8908354545,0.999997145165192
"virus_comp_1044_cycle_1_1","fixed","cond",NA,"onset_timeline_combinedt0-24",0.613444018892693,0.901264855129203,0.68064788658019,0.496094318696608,-1.15300263769225,2.37989067547764,0.99999582928833
"virus_comp_1044_cycle_1_1","fixed","cond",NA,"onset_timeline_combinedt0-30",1.14645557006794,0.987036696288728,1.1615126108063,0.245433497750523,-0.788100806077364,3.08101194621325,0.765753499201465
"virus_comp_1044_cycle_1_1","fixed","cond",NA,"onset_timeline_combinedt0-36",0.433085662073966,0.89717414465185,0.48272196056433,0.629293168225061,-1.32534334930419,2.19151467345212,0.911832958040394
"virus_comp_1044_cycle_1_1","fixed","cond",NA,"onset_timeline_combinedt0-over42",-1.1341954755978,0.968450118987028,-1.1711449597261,0.24154051461888,-3.0323228296359,0.763931878440306,0.999994751597901
"virus_comp_1044_cycle_1_1","fixed","cond",NA,"SexMale",-0.648015558469503,0.986925448839331,-0.656600312851998,0.51143794767655,-2.58235389362062,1.28632277668161,0.990535691749098
"virus_comp_1044_cycle_1_1","fixed","cond",NA,"Age.at.Gluten.Introduction..months.",0.0212142277603965,0.0630377052929571,0.336532360462789,0.736469453005482,-0.102337404281849,0.144765859802642,0.942150111052058
"virus_comp_1044_cycle_1_1","fixed","cond",NA,"HLA.CategoryHigh Risk",1.54653057124397,0.960212840676733,1.61061225775112,0.107264260457467,-0.335452013975321,3.42851315646327,0.543983035177153
"virus_comp_1044_cycle_1_1","fixed","cond",NA,"HLA.CategoryLow/No Risk",1.74935229753456,1.3487200685263,1.29704624284713,0.194615276271445,-0.894090462003377,4.3927950570725,0.999989527982172
"virus_comp_1044_cycle_1_1","fixed","cond",NA,"feeding_first_yearFormula",-1.41562606365257,1.33113483849585,-1.06347307779292,0.287567467899599,-4.02460240567098,1.19335027836585,0.999985531355603
"virus_comp_1044_cycle_1_1","fixed","cond",NA,"feeding_first_yearBreastmilk_and_formula",0.0919559662167972,0.874779623064625,0.105119008024726,0.916281376642795,-1.62258058939939,1.80649252183299,0.991650327886826
"virus_comp_1044_cycle_1_1","fixed","cond",NA,"Delivery.ModeC-Section",0.729149217083499,1.72346913374579,0.423070656042888,0.672243711025709,-2.64878821352469,4.10708664769169,0.999999650716233
"virus_comp_1044_cycle_1_1","fixed","cond",NA,"Dx.StatusCELIAC:onset_timeline_combinedt0-6",-2.3227846596847,560359.881202516,-4.14516587929185e-06,0.999996692636143,-1098287.50832273,1098282.86275341,0.999999878775183
"virus_comp_1044_cycle_1_1","fixed","cond",NA,"Dx.StatusCELIAC:onset_timeline_combinedt0-12",29.4675713386518,824677.768853661,3.57322246962144e-05,0.999971489809598,-1616309.25823268,1616368.19337536,0.999997398262547
"virus_comp_1044_cycle_1_1","fixed","cond",NA,"Dx.StatusCELIAC:onset_timeline_combinedt0-18",-1.4841548886615,51750.4310725007,-2.86790826260413e-05,0.999977117402758,-101430.465241412,101427.496931635,0.999999861216808
"virus_comp_1044_cycle_1_1","fixed","cond",NA,"Dx.StatusCELIAC:onset_timeline_combinedt0-24",-0.517767106500349,1.69002681800078,-0.306366207320214,0.759325834753838,-3.8301588026887,2.79462458968801,0.999998617618745
"virus_comp_1044_cycle_1_1","fixed","cond",NA,"Dx.StatusCELIAC:onset_timeline_combinedt0-30",0.429386902853233,1.6070240592326,0.267193823506462,0.789319931461883,-2.72032237553202,3.57909618123849,0.999999714796086
"virus_comp_1044_cycle_1_1","fixed","cond",NA,"Dx.StatusCELIAC:onset_timeline_combinedt0-36",-24.0462514516316,132056.476570514,-0.000182090663601733,0.999854712671649,-258849.984254916,258801.891752013,0.999999153356744
"virus_comp_1044_cycle_1_1","fixed","cond",NA,"Dx.StatusCELIAC:onset_timeline_combinedt0-over42",2.12763986172191,1.47730434689833,1.4402176952833,0.149805818387427,-0.767823452403273,5.02310317584709,0.999996861415992
"virus_comp_12_cycle_1_7","fixed","cond",NA,"(Intercept)",-2.45397140407673,1.4966613996546,-1.63963031627799,0.101082055701538,-5.38737384445104,0.479431036297588,0.181691796324284
"virus_comp_12_cycle_1_7","fixed","cond",NA,"Dx.StatusCELIAC",0.115495776374688,1.42703798182732,0.0809339189604438,0.935494505006846,-2.68144727257759,2.91243882532696,0.999986353446738
"virus_comp_12_cycle_1_7","fixed","cond",NA,"onset_timeline_combinedt0-6",2.0424418034745,1.50509690643041,1.35701681051122,0.174775869173106,-0.907493926371749,4.99237753332075,0.999999447029537
"virus_comp_12_cycle_1_7","fixed","cond",NA,"onset_timeline_combinedt0-12",0.0215717748672716,1.41636919422365,0.0152303332741543,0.987848422012672,-2.7544608346231,2.79760438435765,0.99998627227119
"virus_comp_12_cycle_1_7","fixed","cond",NA,"onset_timeline_combinedt0-18",1.9389538011063,1.29187646691887,1.50088174121687,0.133386151539493,-0.593077546529544,4.47098514874214,0.999997145165192
"virus_comp_12_cycle_1_7","fixed","cond",NA,"onset_timeline_combinedt0-24",0.220703096555819,1.41671241017274,0.155785390860597,0.876202186428791,-2.55600220383369,2.99740839694533,0.99999582928833
"virus_comp_12_cycle_1_7","fixed","cond",NA,"onset_timeline_combinedt0-30",2.84946657078898,1.12992233241071,2.52182516360181,0.011674771867619,0.634859493936488,5.06407364764146,0.765753499201465
"virus_comp_12_cycle_1_7","fixed","cond",NA,"onset_timeline_combinedt0-36",1.48530622625147,1.16131738436117,1.27898389041039,0.200902728863752,-0.790834021716686,3.76144647421962,0.447590984981302
"virus_comp_12_cycle_1_7","fixed","cond",NA,"onset_timeline_combinedt0-over42",1.01358866833461,1.14073801833287,0.888537641461199,0.374251617439795,-1.2222167633934,3.24939410006262,0.999994751597901
"virus_comp_12_cycle_1_7","fixed","cond",NA,"SexMale",-0.992615652343457,0.840656681329603,-1.18076222361489,0.237697194900436,-2.64027247111244,0.65504116642553,0.990535691749098
"virus_comp_12_cycle_1_7","fixed","cond",NA,"Age.at.Gluten.Introduction..months.",-0.0102797208340917,0.123239800773858,-0.0834123454398854,0.93352367247983,-0.251825291812744,0.231265850144561,0.991020810761038
"virus_comp_12_cycle_1_7","fixed","cond",NA,"HLA.CategoryHigh Risk",-1.11126173528668,0.55757941091819,-1.99301070578757,0.0462602747940193,-2.20409729920739,-0.0184261713659688,0.298589046397761
"virus_comp_12_cycle_1_7","fixed","cond",NA,"HLA.CategoryLow/No Risk",-22.4345001649263,39230.5431064546,-0.000571863104317697,0.999543719283042,-76912.886082762,76868.0170824321,0.999989527982172
"virus_comp_12_cycle_1_7","fixed","cond",NA,"feeding_first_yearFormula",0.547780970966012,0.788632626583056,0.694595877093505,0.487308596760912,-0.997910574170003,2.09347251610203,0.999985531355603
"virus_comp_12_cycle_1_7","fixed","cond",NA,"feeding_first_yearBreastmilk_and_formula",0.730163746137922,0.515625416664765,1.41607399972806,0.156753839643962,-0.280443500038475,1.74077099231432,0.836964856897864
"virus_comp_12_cycle_1_7","fixed","cond",NA,"Delivery.ModeC-Section",21.3981731120751,39230.5430969038,0.000545446772409426,0.999564796463134,-76869.0533907658,76911.84973699,0.999999650716233
"virus_comp_12_cycle_1_7","fixed","cond",NA,"Dx.StatusCELIAC:onset_timeline_combinedt0-6",-24.2951454061083,106106.894600991,-0.000228968583968731,0.999817309503539,-207989.987074736,207941.396783923,0.999999878775183
"virus_comp_12_cycle_1_7","fixed","cond",NA,"Dx.StatusCELIAC:onset_timeline_combinedt0-12",0.979362901874408,1.87511077633077,0.522296023379926,0.601464237525776,-2.69578668675684,4.65451249050566,0.999997398262547
"virus_comp_12_cycle_1_7","fixed","cond",NA,"Dx.StatusCELIAC:onset_timeline_combinedt0-18",-0.599259426477182,1.7848382711275,-0.335749987083493,0.737059407422193,-4.09747815611581,2.89895930316145,0.999999861216808
"virus_comp_12_cycle_1_7","fixed","cond",NA,"Dx.StatusCELIAC:onset_timeline_combinedt0-24",-20.0606866473622,25165.732042897,-0.000797142980508857,0.999363971990459,-49343.9891353111,49303.8677620164,0.999998617618745
"virus_comp_12_cycle_1_7","fixed","cond",NA,"Dx.StatusCELIAC:onset_timeline_combinedt0-30",-24.1822880216771,54342.5960628172,-0.000444996922740379,0.999644943837459,-106533.713397552,106485.348821508,0.999999714796086
"virus_comp_12_cycle_1_7","fixed","cond",NA,"Dx.StatusCELIAC:onset_timeline_combinedt0-36",-21.3774334348973,25830.4765863906,-0.000827605071993154,0.999339666765995,-50648.1812462655,50605.4263793957,0.999999153356744
"virus_comp_12_cycle_1_7","fixed","cond",NA,"Dx.StatusCELIAC:onset_timeline_combinedt0-over42",-0.692283702044188,1.83030642688737,-0.378233771063947,0.705256939989657,-4.27961837941562,2.89505097532725,0.999996861415992
"virus_comp_12_cycle_1_8","fixed","cond",NA,"(Intercept)",-0.85551875901227,1.26267701863895,-0.677543620722932,0.498061103555609,-3.33032023965102,1.61928272162648,0.620391900920144
"virus_comp_12_cycle_1_8","fixed","cond",NA,"Dx.StatusCELIAC",0.138236238483475,0.949214438846724,0.145632254236913,0.884211704230885,-1.7221898752615,1.99866235222845,0.999986353446738
"virus_comp_12_cycle_1_8","fixed","cond",NA,"onset_timeline_combinedt0-6",1.14668245970276,1.29976594874058,0.88222226533465,0.377656623679571,-1.40081198816032,3.69417690756583,0.999999447029537
"virus_comp_12_cycle_1_8","fixed","cond",NA,"onset_timeline_combinedt0-12",-0.791789355071675,1.22725190588245,-0.645172642451381,0.518815312836293,-3.19715889055942,1.61358018041607,0.99998627227119
"virus_comp_12_cycle_1_8","fixed","cond",NA,"onset_timeline_combinedt0-18",1.78369735673278,0.990316996032114,1.80113778101304,0.0716811661250952,-0.157288288768055,3.72468300223362,0.768724300903059
"virus_comp_12_cycle_1_8","fixed","cond",NA,"onset_timeline_combinedt0-24",-0.52802817809388,1.22914027358375,-0.429591470918395,0.667492842452443,-2.93709884626573,1.88104249007797,0.99999582928833
"virus_comp_12_cycle_1_8","fixed","cond",NA,"onset_timeline_combinedt0-30",1.83526992607917,0.893653669757446,2.05367021720763,0.0400076209936263,0.0837409187025209,3.58679893345581,0.765753499201465
"virus_comp_12_cycle_1_8","fixed","cond",NA,"onset_timeline_combinedt0-36",0.754663002681163,0.922742857667905,0.817847568702359,0.413444232079209,-1.0538797653395,2.56320577070183,0.642729173170173
"virus_comp_12_cycle_1_8","fixed","cond",NA,"onset_timeline_combinedt0-over42",-0.613521830343052,1.03136437566295,-0.594864283487283,0.551934193427327,-2.63495886158008,1.40791520089398,0.999994751597901
"virus_comp_12_cycle_1_8","fixed","cond",NA,"SexMale",-0.147641539287965,0.574606211884965,-0.256943862134096,0.797222109861761,-1.27384901987549,0.978565941299558,0.993031049126053
"virus_comp_12_cycle_1_8","fixed","cond",NA,"Age.at.Gluten.Introduction..months.",-0.192600671252914,0.124112837199444,-1.5518190994491,0.120705514595188,-0.435857362182906,0.0506560196770789,0.5212200923141
"virus_comp_12_cycle_1_8","fixed","cond",NA,"HLA.CategoryHigh Risk",-0.41592325895158,0.503259108828551,-0.826459475159297,0.408543497261763,-1.40229298714726,0.570446469244104,0.903310309051692
"virus_comp_12_cycle_1_8","fixed","cond",NA,"HLA.CategoryLow/No Risk",-1.14017940593276,1.07996000816476,-1.05576076642906,0.291077526986758,-3.25686212667927,0.976503314813747,0.999989527982172
"virus_comp_12_cycle_1_8","fixed","cond",NA,"feeding_first_yearFormula",0.62881166936557,0.697242529716723,0.90185501108351,0.367133892680375,-0.737758577368805,1.99538191609994,0.999985531355603
"virus_comp_12_cycle_1_8","fixed","cond",NA,"feeding_first_yearBreastmilk_and_formula",1.32206044178706,0.519742852064491,2.54368181598968,0.0109690953696158,0.303383170518526,2.34073771305559,0.836964856897864
"virus_comp_12_cycle_1_8","fixed","cond",NA,"Delivery.ModeC-Section",1.60785081689564,1.49275163887117,1.07710537709509,0.281433191133883,-1.31788863315498,4.53359026694627,0.999999650716233
"virus_comp_12_cycle_1_8","fixed","cond",NA,"Dx.StatusCELIAC:onset_timeline_combinedt0-6",-27.5712605630466,419340.773027435,-6.57490574169442e-05,0.999947539842237,-821920.38364352,821865.241122394,0.999999878775183
"virus_comp_12_cycle_1_8","fixed","cond",NA,"Dx.StatusCELIAC:onset_timeline_combinedt0-12",-20.2889351796102,24238.4473163632,-0.000837055893671593,0.999332126103903,-47526.772716423,47486.1948460637,0.999997398262547
"virus_comp_12_cycle_1_8","fixed","cond",NA,"Dx.StatusCELIAC:onset_timeline_combinedt0-18",-2.45674605203005,1.53243974647136,-1.60315996611744,0.108899341559626,-5.46027276359161,0.546780659531506,0.980494895288232
"virus_comp_12_cycle_1_8","fixed","cond",NA,"Dx.StatusCELIAC:onset_timeline_combinedt0-24",0.69129966949353,1.54257851842647,0.448145531158246,0.654048169943529,-2.3320986699475,3.71469800893456,0.999998617618745
"virus_comp_12_cycle_1_8","fixed","cond",NA,"Dx.StatusCELIAC:onset_timeline_combinedt0-30",-2.55983817033949,1.46479746662269,-1.74757140742576,0.0805382700096441,-5.43078844956547,0.311112108886486,0.999999714796086
"virus_comp_12_cycle_1_8","fixed","cond",NA,"Dx.StatusCELIAC:onset_timeline_combinedt0-36",-22.9244139678685,43487.3813096545,-0.000527150940743796,0.999579394422648,-85256.6255628509,85210.7767349152,0.999999153356744
"virus_comp_12_cycle_1_8","fixed","cond",NA,"Dx.StatusCELIAC:onset_timeline_combinedt0-over42",0.495129180906497,1.40039311053686,0.353564422147637,0.723665341221561,-2.24959087994376,3.23984924175676,0.999996861415992
"virus_comp_1260_cycle_2_15","fixed","cond",NA,"(Intercept)",-5.59712083459278,2.25506945693975,-2.48201704713271,0.013064102527943,-10.016975752831,-1.17726591635457,0.0463775639741977
"virus_comp_1260_cycle_2_15","fixed","cond",NA,"Dx.StatusCELIAC",-1.49233946424963,1.82986940875671,-0.815544244364186,0.414760849536968,-5.07881760182439,2.09413867332513,0.999986353446738
"virus_comp_1260_cycle_2_15","fixed","cond",NA,"onset_timeline_combinedt0-6",-18.1484230761502,17454.5471723631,-0.00103975330307541,0.999170397041911,-34228.4322473633,34192.135401211,0.999999447029537
"virus_comp_1260_cycle_2_15","fixed","cond",NA,"onset_timeline_combinedt0-12",0.771240845264437,1.00858178137378,0.764678541202614,0.444462987309627,-1.20554312169143,2.7480248122203,0.99998627227119
"virus_comp_1260_cycle_2_15","fixed","cond",NA,"onset_timeline_combinedt0-18",0.991998741128275,1.55281409284553,0.638839347027331,0.522927448505511,-2.0514609555352,4.03545843779175,0.999997145165192
"virus_comp_1260_cycle_2_15","fixed","cond",NA,"onset_timeline_combinedt0-24",-23.4344399226932,80303.7446243484,-0.000291822505068933,0.999767159332015,-157415.881727347,157369.012847502,0.99999582928833
"virus_comp_1260_cycle_2_15","fixed","cond",NA,"onset_timeline_combinedt0-30",-25.0424613244138,188848.207971154,-0.000132606295783537,0.999894195484239,-370160.728629717,370110.643707068,0.999987296772671
"virus_comp_1260_cycle_2_15","fixed","cond",NA,"onset_timeline_combinedt0-36",-24.8103348690171,159755.848204743,-0.000155301575171259,0.9998760872714,-313140.519135812,313090.898466074,0.999986401700165
"virus_comp_1260_cycle_2_15","fixed","cond",NA,"onset_timeline_combinedt0-over42",-1.33774675649622,1.34587520059769,-0.993960477094862,0.320242109360093,-3.97561367735332,1.30012016436087,0.999994751597901
"virus_comp_1260_cycle_2_15","fixed","cond",NA,"SexMale",0.405833567423551,1.52465737939585,0.266180174580839,0.790100450808304,-2.58243998495553,3.39410711980263,0.993031049126053
"virus_comp_1260_cycle_2_15","fixed","cond",NA,"Age.at.Gluten.Introduction..months.",0.124078341960916,0.130256962268187,0.952565911259699,0.340810055831974,-0.131220612820323,0.379377296742155,0.72108274525109
"virus_comp_1260_cycle_2_15","fixed","cond",NA,"HLA.CategoryHigh Risk",0.00589365985232509,1.47630433405468,0.00399217134053796,0.99681471658418,-2.88760966511524,2.8993969848199,0.99681471658418
"virus_comp_1260_cycle_2_15","fixed","cond",NA,"HLA.CategoryLow/No Risk",-1.60643357634653,3.12808175688104,-0.51355229856533,0.607565037324378,-7.73736116053014,4.52449400783708,0.999989527982172
"virus_comp_1260_cycle_2_15","fixed","cond",NA,"feeding_first_yearFormula",2.5058057652767,1.94046200776818,1.29134492468562,0.196584099191114,-1.2974298833172,6.30904141387061,0.999985531355603
"virus_comp_1260_cycle_2_15","fixed","cond",NA,"feeding_first_yearBreastmilk_and_formula",1.98407905621715,1.59836131598981,1.24132074291881,0.214487284885174,-1.14865155740491,5.11680966983922,0.836964856897864
"virus_comp_1260_cycle_2_15","fixed","cond",NA,"Delivery.ModeC-Section",0.240294378561587,3.45909286321657,0.069467455215452,0.944617537027607,-6.53940305252243,7.0199918096456,0.999999650716233
"virus_comp_1260_cycle_2_15","fixed","cond",NA,"Dx.StatusCELIAC:onset_timeline_combinedt0-6",-3.68082004187589,169134.435151889,-2.17626885889344e-05,0.999982635886775,-331501.08226327,331493.720623187,0.999999878775183
"virus_comp_1260_cycle_2_15","fixed","cond",NA,"Dx.StatusCELIAC:onset_timeline_combinedt0-12",-24.9067868748844,135060.779195158,-0.000184411692449183,0.999852860758597,-264739.1697333,264689.35615955,0.999997398262547
"virus_comp_1260_cycle_2_15","fixed","cond",NA,"Dx.StatusCELIAC:onset_timeline_combinedt0-18",-21.8016491493594,82562.0675937297,-0.00026406374967062,0.999789307613519,-161840.480622021,161796.877323722,0.999999861216808
"virus_comp_1260_cycle_2_15","fixed","cond",NA,"Dx.StatusCELIAC:onset_timeline_combinedt0-24",23.0554575178539,80303.7446389065,0.000287103143465164,0.999770924837618,-157369.39185844,157415.502773476,0.999998617618745
"virus_comp_1260_cycle_2_15","fixed","cond",NA,"Dx.StatusCELIAC:onset_timeline_combinedt0-30",25.6908403876624,188848.207978989,0.000136039630254372,0.999891456079698,-370109.99534336,370161.377024135,0.999999714796086
"virus_comp_1260_cycle_2_15","fixed","cond",NA,"Dx.StatusCELIAC:onset_timeline_combinedt0-36",-3.73247798128553,1261939.64684107,-2.95773097440024e-06,0.99999764007212,-2473359.99094968,2473352.52599371,0.999999153356744
"virus_comp_1260_cycle_2_15","fixed","cond",NA,"Dx.StatusCELIAC:onset_timeline_combinedt0-over42",1.79166316075087,1.89246055213623,0.946737388384886,0.343772613530066,-1.91749136359892,5.50081768510066,0.999996861415992
"virus_comp_1260_cycle_2_21","fixed","cond",NA,"(Intercept)",-7.1821344015612,3.95661717507148,-1.81522095359945,0.0694899608613209,-14.9369615653139,0.572692762191509,0.128150317432566
"virus_comp_1260_cycle_2_21","fixed","cond",NA,"Dx.StatusCELIAC",-2.26294823095464,2.52263771292826,-0.897056370543126,0.36968883807458,-7.20722729433653,2.68133083242725,0.999986353446738
"virus_comp_1260_cycle_2_21","fixed","cond",NA,"onset_timeline_combinedt0-6",-17.9954819797227,21612.9461497001,-0.000832625124547047,0.999335661344948,-42378.5915351956,42342.6005712361,0.999999447029537
"virus_comp_1260_cycle_2_21","fixed","cond",NA,"onset_timeline_combinedt0-12",1.15384105483806,1.54340813954655,0.747592956958915,0.454705714220934,-1.87118331211914,4.17886542179526,0.99998627227119
"virus_comp_1260_cycle_2_21","fixed","cond",NA,"onset_timeline_combinedt0-18",1.50565476343386,2.05670402310242,0.732071677072262,0.464124819973218,-2.52541104870552,5.53672057557323,0.999997145165192
"virus_comp_1260_cycle_2_21","fixed","cond",NA,"onset_timeline_combinedt0-24",-25.988730840477,230863.938802444,-0.000112571634077144,0.999910180831375,-452510.99411269,452459.016651009,0.99999582928833
"virus_comp_1260_cycle_2_21","fixed","cond",NA,"onset_timeline_combinedt0-30",-27.7334816691509,551478.777311061,-5.02892999878902e-05,0.999959874943983,-1080906.27524953,1080850.8082862,0.999987296772671
"virus_comp_1260_cycle_2_21","fixed","cond",NA,"onset_timeline_combinedt0-36",-26.0930849693335,243434.235674372,-0.000107187408940444,0.999914476821458,-477148.427610775,477096.241440836,0.999986401700165
"virus_comp_1260_cycle_2_21","fixed","cond",NA,"onset_timeline_combinedt0-over42",-27.9656469446491,477579.544874306,-5.85570450928952e-05,0.999953278237821,-936066.673353614,936010.742059725,0.999994751597901
"virus_comp_1260_cycle_2_21","fixed","cond",NA,"SexMale",-0.288636855805544,2.17803146629934,-0.132521894321372,0.894571506584212,-4.55750008694721,3.98022637533612,0.994111673083809
"virus_comp_1260_cycle_2_21","fixed","cond",NA,"Age.at.Gluten.Introduction..months.",0.199706615043199,0.179276267635264,1.11396013358277,0.265296289879266,-0.151668412804682,0.551081642891079,0.617574969882881
"virus_comp_1260_cycle_2_21","fixed","cond",NA,"HLA.CategoryHigh Risk",0.0266665752807974,1.97249460777508,0.0135192132722109,0.989213557028364,-3.83935181565782,3.89268496621942,0.99681471658418
"virus_comp_1260_cycle_2_21","fixed","cond",NA,"HLA.CategoryLow/No Risk",-1.74302431750387,4.08757366004628,-0.426420283147663,0.66980162418867,-9.75452147534914,6.26847284034141,0.999989527982172
"virus_comp_1260_cycle_2_21","fixed","cond",NA,"feeding_first_yearFormula",2.03185779597839,2.76785798631477,0.734090334845425,0.462893683739792,-3.39304417152011,7.45675976347688,0.999985531355603
"virus_comp_1260_cycle_2_21","fixed","cond",NA,"feeding_first_yearBreastmilk_and_formula",2.56708290129605,2.30577972262511,1.11332529994385,0.265568744366193,-1.95216231133192,7.08632811392402,0.836964856897864
"virus_comp_1260_cycle_2_21","fixed","cond",NA,"Delivery.ModeC-Section",-22.7917365214718,88724.841563966,-0.000256881118294701,0.999795038524005,-173920.285735917,173874.702262874,0.999999650716233
"virus_comp_1260_cycle_2_21","fixed","cond",NA,"Dx.StatusCELIAC:onset_timeline_combinedt0-6",-4.02374454782009,275909.72837537,-1.45835544528023e-05,0.999988364007061,-540777.154344501,540769.106855405,0.999999878775183
"virus_comp_1260_cycle_2_21","fixed","cond",NA,"Dx.StatusCELIAC:onset_timeline_combinedt0-12",-31.2585477449202,2998140.64589684,-1.04259777764928e-05,0.999991681273301,-5876278.9450912,5876216.42799571,0.999997398262547
"virus_comp_1260_cycle_2_21","fixed","cond",NA,"Dx.StatusCELIAC:onset_timeline_combinedt0-18",-22.5919686060413,158168.810162339,-0.000142834535979968,0.99988603452938,-310027.763364343,309982.57942713,0.999999861216808
"virus_comp_1260_cycle_2_21","fixed","cond",NA,"Dx.StatusCELIAC:onset_timeline_combinedt0-24",26.0460591789234,230863.93880694,0.000112819954963622,0.999909982699975,-452458.959331482,452511.05144984,0.999998617618745
"virus_comp_1260_cycle_2_21","fixed","cond",NA,"Dx.StatusCELIAC:onset_timeline_combinedt0-30",29.2459806348875,551478.777315657,5.30319240519887e-05,0.999957686646589,-1080849.29579624,1080907.78775751,0.999999714796086
"virus_comp_1260_cycle_2_21","fixed","cond",NA,"Dx.StatusCELIAC:onset_timeline_combinedt0-36",26.1477290511784,243434.235678612,0.000107411880577468,0.999914297719005,-477096.186805064,477148.482263166,0.999999153356744
"virus_comp_1260_cycle_2_21","fixed","cond",NA,"Dx.StatusCELIAC:onset_timeline_combinedt0-over42",26.5608978193326,477579.544875795,5.56156521030236e-05,0.999955625129871,-936012.14681177,936065.268607408,0.999996861415992
"virus_comp_1260_cycle_2_4","fixed","cond",NA,"(Intercept)",-6.33970357758723,3.29902676624518,-1.92168903946264,0.0546448972248593,-12.8056772234614,0.126270068286964,0.1034610054124
"virus_comp_1260_cycle_2_4","fixed","cond",NA,"Dx.StatusCELIAC",-1.68878883712062,2.10513165560672,-0.802224807471196,0.422422928811492,-5.81477106482498,2.43719339058373,0.999986353446738
"virus_comp_1260_cycle_2_4","fixed","cond",NA,"onset_timeline_combinedt0-6",-18.2526749725122,22032.4913582987,-0.000828443532584761,0.999338997771463,-43201.1422269278,43164.6368769828,0.999999447029537
"virus_comp_1260_cycle_2_4","fixed","cond",NA,"onset_timeline_combinedt0-12",1.01283188953859,1.32896828941568,0.762118929100943,0.445989026239007,-1.59189809431194,3.61756187338911,0.99998627227119
"virus_comp_1260_cycle_2_4","fixed","cond",NA,"onset_timeline_combinedt0-18",1.30528216626497,1.84650664096302,0.70689275484231,0.479633126748074,-2.31380434723659,4.92436867976653,0.999997145165192
"virus_comp_1260_cycle_2_4","fixed","cond",NA,"onset_timeline_combinedt0-24",-25.3915634829346,182563.549595587,-0.000139083423493801,0.999889027484088,-357843.373660624,357792.590533659,0.99999582928833
"virus_comp_1260_cycle_2_4","fixed","cond",NA,"onset_timeline_combinedt0-30",-23.3675985087729,66330.2077094886,-0.000352291954385515,0.999718911694515,-130028.185796167,129981.45059915,0.999987296772671
"virus_comp_1260_cycle_2_4","fixed","cond",NA,"onset_timeline_combinedt0-36",-25.4601915708508,189247.901820285,-0.000134533547405078,0.999892657759939,-370944.531909101,370893.611525959,0.999986401700165
"virus_comp_1260_cycle_2_4","fixed","cond",NA,"onset_timeline_combinedt0-over42",-26.1418938334205,208978.45674986,-0.000125093726118915,0.999900189647537,-409616.39066832,409564.106880653,0.999994751597901
"virus_comp_1260_cycle_2_4","fixed","cond",NA,"SexMale",-0.153858565293738,1.93262459694298,-0.079611201025337,0.936546486365667,-3.94173317093821,3.63401604035074,0.994111673083809
"virus_comp_1260_cycle_2_4","fixed","cond",NA,"Age.at.Gluten.Introduction..months.",0.16444759109645,0.163917872534502,1.00323160954787,0.315749125024131,-0.156825535493601,0.485720717686501,0.700568371147291
"virus_comp_1260_cycle_2_4","fixed","cond",NA,"HLA.CategoryHigh Risk",-0.0457445061888012,1.76779521637258,-0.0258765867025404,0.979355774897216,-3.51055946232125,3.41907044994365,0.99681471658418
"virus_comp_1260_cycle_2_4","fixed","cond",NA,"HLA.CategoryLow/No Risk",-1.79659968523394,3.96597928486378,-0.453002791035922,0.650546731757818,-9.56977624699886,5.97657687653098,0.999989527982172
"virus_comp_1260_cycle_2_4","fixed","cond",NA,"feeding_first_yearFormula",2.00825861626678,2.46902970121365,0.813379691333655,0.416000399425782,-2.83095067487165,6.84746790740522,0.999985531355603
"virus_comp_1260_cycle_2_4","fixed","cond",NA,"feeding_first_yearBreastmilk_and_formula",2.37308318515334,2.03663550178972,1.16519778972131,0.243938940121045,-1.61864904799017,6.36481541829685,0.836964856897864
"virus_comp_1260_cycle_2_4","fixed","cond",NA,"Delivery.ModeC-Section",-22.150006992686,71825.7112838421,-0.000308385487547115,0.999753943984611,-140797.957287295,140753.65727331,0.999999650716233
"virus_comp_1260_cycle_2_4","fixed","cond",NA,"Dx.StatusCELIAC:onset_timeline_combinedt0-6",-4.40339265507468,266472.730278642,-1.65247402631789e-05,0.999986815164873,-522281.35760085,522272.55081554,0.999999878775183
"virus_comp_1260_cycle_2_4","fixed","cond",NA,"Dx.StatusCELIAC:onset_timeline_combinedt0-12",-28.1557115938548,663842.528134019,-4.2413238683272e-05,0.999966159131691,-1301135.60226029,1301079.2908371,0.999997398262547
"virus_comp_1260_cycle_2_4","fixed","cond",NA,"Dx.StatusCELIAC:onset_timeline_combinedt0-18",-23.898980799967,220311.620266439,-0.000108478076513006,0.999913447017734,-431826.740078685,431778.942117085,0.999999861216808
"virus_comp_1260_cycle_2_4","fixed","cond",NA,"Dx.StatusCELIAC:onset_timeline_combinedt0-24",25.2770736099254,182563.549601514,0.000138456300094396,0.999889527856162,-357792.705035148,357843.259182368,0.999998617618745
"virus_comp_1260_cycle_2_4","fixed","cond",NA,"Dx.StatusCELIAC:onset_timeline_combinedt0-30",-2.45883275683122,426541.766720439,-5.76457676287247e-06,0.999995400533201,-836008.959506903,836004.041841389,0.999999714796086
"virus_comp_1260_cycle_2_4","fixed","cond",NA,"Dx.StatusCELIAC:onset_timeline_combinedt0-36",25.3404402353194,189247.901825596,0.000133900772430609,0.999893162641317,-370893.731287705,370944.412168176,0.999999153356744
"virus_comp_1260_cycle_2_4","fixed","cond",NA,"Dx.StatusCELIAC:onset_timeline_combinedt0-over42",26.2554602040881,208978.456752818,0.000125637161897235,0.999899756048523,-409563.993320081,409616.504240489,0.999996861415992
"virus_comp_12691_cycle_1_3","fixed","cond",NA,"(Intercept)",-3.63020136862283,1.57980779487828,-2.29787533672888,0.0215688853750698,-6.7265677490799,-0.533834988165771,0.058899648524229
"virus_comp_12691_cycle_1_3","fixed","cond",NA,"Dx.StatusCELIAC",0.0676619952755899,1.44765106439804,0.0467391603816663,0.962721118964893,-2.76968195312564,2.90500594367682,0.999986353446738
"virus_comp_12691_cycle_1_3","fixed","cond",NA,"onset_timeline_combinedt0-6",-19.0053948144776,21351.5885170387,-0.000890116199050538,0.999289790121241,-41867.3499009293,41829.3391113004,0.999999447029537
"virus_comp_12691_cycle_1_3","fixed","cond",NA,"onset_timeline_combinedt0-12",-18.3481650444075,10745.8656869187,-0.001707462719057,0.998637642520294,-21079.8578941097,21043.1615640209,0.99998627227119
"virus_comp_12691_cycle_1_3","fixed","cond",NA,"onset_timeline_combinedt0-18",-18.7369008408095,17027.2465312203,-0.00110040697457774,0.999122002441579,-33391.5268579171,33354.0530562355,0.999997145165192
"virus_comp_12691_cycle_1_3","fixed","cond",NA,"onset_timeline_combinedt0-24",-17.8490591543937,8333.62737795987,-0.00214181152394689,0.998291082959462,-16351.4585805327,16315.7604622239,0.99999582928833
"virus_comp_12691_cycle_1_3","fixed","cond",NA,"onset_timeline_combinedt0-30",0.366510861727721,1.43152127401742,0.256028931165756,0.797928497816076,-2.43921927844931,3.17224100190476,0.999987296772671
"virus_comp_12691_cycle_1_3","fixed","cond",NA,"onset_timeline_combinedt0-36",0.232381235816552,1.42541194806115,0.163027422446289,0.870496843514713,-2.56137484551637,3.02613731714948,0.999986401700165
"virus_comp_12691_cycle_1_3","fixed","cond",NA,"onset_timeline_combinedt0-over42",1.4206321936348,1.1973085217872,1.18652140846225,0.235416452116477,-0.926049387451004,3.76731377472061,0.999994751597901
"virus_comp_12691_cycle_1_3","fixed","cond",NA,"SexMale",-0.733925534476724,0.886717454202118,-0.827688155904319,0.407847128474302,-2.47185980917592,1.00400874022247,0.990535691749098
"virus_comp_12691_cycle_1_3","fixed","cond",NA,"Age.at.Gluten.Introduction..months.",0.119723026344919,0.117800561891181,1.0163196543622,0.309477192165595,-0.111161832320378,0.350607885010216,0.697551766468485
"virus_comp_12691_cycle_1_3","fixed","cond",NA,"HLA.CategoryHigh Risk",0.579015481171977,0.6468572496492,0.895120958273229,0.370722431540682,-0.688801431279088,1.84683239362304,0.903310309051692
"virus_comp_12691_cycle_1_3","fixed","cond",NA,"HLA.CategoryLow/No Risk",-2.83557155433005,3.42688240801669,-0.827449330533386,0.407982430059806,-9.55213765329665,3.88099454463656,0.999989527982172
"virus_comp_12691_cycle_1_3","fixed","cond",NA,"feeding_first_yearFormula",-0.549979695458124,0.972088871695749,-0.565771002499718,0.571549461126347,-2.45523887375397,1.35527948283772,0.999985531355603
"virus_comp_12691_cycle_1_3","fixed","cond",NA,"feeding_first_yearBreastmilk_and_formula",-0.771291400664352,0.667590217105196,-1.1553365835839,0.247952620278247,-2.07974418262181,0.537161381293108,0.836964856897864
"virus_comp_12691_cycle_1_3","fixed","cond",NA,"Delivery.ModeC-Section",2.50475478010918,3.10503316212198,0.806675693729928,0.419853351310577,-3.58099838845242,8.59050794867078,0.999999650716233
"virus_comp_12691_cycle_1_3","fixed","cond",NA,"Dx.StatusCELIAC:onset_timeline_combinedt0-6",20.9907025562485,21351.588572476,0.000983097931331784,0.999215601465184,-41827.3539122137,41869.3353173262,0.999999878775183
"virus_comp_12691_cycle_1_3","fixed","cond",NA,"Dx.StatusCELIAC:onset_timeline_combinedt0-12",18.4166044093166,10745.865780558,0.00171383160607094,0.998632560891111,-21043.0933081858,21079.9265170045,0.999997398262547
"virus_comp_12691_cycle_1_3","fixed","cond",NA,"Dx.StatusCELIAC:onset_timeline_combinedt0-18",20.3439248579961,17027.246578283,0.00119478653019234,0.999046698500913,-33352.4461244594,33393.1339741754,0.999999861216808
"virus_comp_12691_cycle_1_3","fixed","cond",NA,"Dx.StatusCELIAC:onset_timeline_combinedt0-24",-4.85585649678707,93798.6735809625,-5.17689249901357e-05,0.99995869437404,-183846.877872812,183837.166159818,0.999998617618745
"virus_comp_12691_cycle_1_3","fixed","cond",NA,"Dx.StatusCELIAC:onset_timeline_combinedt0-30",-24.442115964264,206602.397935173,-0.000118305093302612,0.99990560619281,-404957.701188516,404908.816956587,0.999999714796086
"virus_comp_12691_cycle_1_3","fixed","cond",NA,"Dx.StatusCELIAC:onset_timeline_combinedt0-36",0.785838601527797,1.881133698774,0.417747341424989,0.676131855208708,-2.90111569817387,4.47279290122946,0.999999153356744
"virus_comp_12691_cycle_1_3","fixed","cond",NA,"Dx.StatusCELIAC:onset_timeline_combinedt0-over42",-0.545614824757654,1.71492926473525,-0.31815587731654,0.750366699904649,-3.9068144196725,2.8155847701572,0.999996861415992
"virus_comp_13180_cycle_1_1","fixed","cond",NA,"(Intercept)",-6.97504680633702,2.97320762179157,-2.34596694667897,0.0189777903584789,-12.8024266636085,-1.14766694906556,0.0538969246180801
"virus_comp_13180_cycle_1_1","fixed","cond",NA,"Dx.StatusCELIAC",-0.0300507590068849,1.93290810627148,-0.0155469155048721,0.987595855846449,-3.8184810327245,3.75837951471073,0.999986353446738
"virus_comp_13180_cycle_1_1","fixed","cond",NA,"onset_timeline_combinedt0-6",-16.6878247709374,10602.023256888,-0.00157402265271354,0.998744112145633,-20796.2715715274,20762.8959219855,0.999999447029537
"virus_comp_13180_cycle_1_1","fixed","cond",NA,"onset_timeline_combinedt0-12",-0.554624243521301,1.24739312905653,-0.444626662278309,0.656589576163124,-2.99946985103482,1.89022136399222,0.99998627227119
"virus_comp_13180_cycle_1_1","fixed","cond",NA,"onset_timeline_combinedt0-18",-23.4102249659383,118656.081268441,-0.000197294775924516,0.999842581545384,-232585.056057768,232538.235607836,0.999997145165192
"virus_comp_13180_cycle_1_1","fixed","cond",NA,"onset_timeline_combinedt0-24",-0.448522741243398,1.26848738895772,-0.353588648297037,0.723647182825118,-2.93471233844378,2.03766685595698,0.99999582928833
"virus_comp_13180_cycle_1_1","fixed","cond",NA,"onset_timeline_combinedt0-30",-0.152328230446424,1.27954028627671,-0.119049186711955,0.905236387472943,-2.66018110831684,2.35552464742399,0.999987296772671
"virus_comp_13180_cycle_1_1","fixed","cond",NA,"onset_timeline_combinedt0-36",0.630832159949864,1.13579787162905,0.555408823794567,0.578615058513929,-1.59529076216032,2.85695508206005,0.855868107385187
"virus_comp_13180_cycle_1_1","fixed","cond",NA,"onset_timeline_combinedt0-over42",-1.09198637742294,1.36498903857017,-0.799996444342734,0.423712857257472,-3.76731573231242,1.58334297746654,0.999994751597901
"virus_comp_13180_cycle_1_1","fixed","cond",NA,"SexMale",-0.550606483257711,1.92005922139366,-0.286765364902681,0.774291984395421,-4.31385340537331,3.21264043885788,0.990535691749098
"virus_comp_13180_cycle_1_1","fixed","cond",NA,"Age.at.Gluten.Introduction..months.",0.233976237606374,0.158778602197832,1.47360056309633,0.140589169668553,-0.0772241042169887,0.545176579429737,0.5212200923141
"virus_comp_13180_cycle_1_1","fixed","cond",NA,"HLA.CategoryHigh Risk",0.384306055403427,1.68942250410641,0.227477765016927,0.820052257015371,-2.9269012073166,3.69551331812346,0.978697013291682
"virus_comp_13180_cycle_1_1","fixed","cond",NA,"HLA.CategoryLow/No Risk",-0.574529810049963,3.55211488456861,-0.161743025977533,0.871508220782885,-7.53654705275308,6.38748743265315,0.999989527982172
"virus_comp_13180_cycle_1_1","fixed","cond",NA,"feeding_first_yearFormula",0.577463068074339,2.16177899814789,0.267124006926277,0.789373684125648,-3.65954591083061,4.81447204697929,0.999985531355603
"virus_comp_13180_cycle_1_1","fixed","cond",NA,"feeding_first_yearBreastmilk_and_formula",-1.1333789380527,1.79138106224033,-0.632684447738486,0.526939727905827,-4.64442130263085,2.37766342652544,0.956122944670933
"virus_comp_13180_cycle_1_1","fixed","cond",NA,"Delivery.ModeC-Section",2.7758815610833,4.15030573625718,0.668837848940411,0.503598919929878,-5.35856820681076,10.9103313289774,0.999999650716233
"virus_comp_13180_cycle_1_1","fixed","cond",NA,"Dx.StatusCELIAC:onset_timeline_combinedt0-6",-2.44509358742348,85067.9917070721,-2.87428154627543e-05,0.999977066551311,-166732.645076601,166727.754889426,0.999999878775183
"virus_comp_13180_cycle_1_1","fixed","cond",NA,"Dx.StatusCELIAC:onset_timeline_combinedt0-12",2.77432013917175,1.84347171170269,1.50494315782546,0.132338691285776,-0.838818022283931,6.38745830062743,0.536916976073718
"virus_comp_13180_cycle_1_1","fixed","cond",NA,"Dx.StatusCELIAC:onset_timeline_combinedt0-18",25.4218918609301,118656.081283416,0.000214248537335466,0.999829054401193,-232536.223970292,232587.067754014,0.999999861216808
"virus_comp_13180_cycle_1_1","fixed","cond",NA,"Dx.StatusCELIAC:onset_timeline_combinedt0-24",0.747142454177938,1.71083698036722,0.436711657949765,0.66232047354619,-2.60603641076107,4.10032131911695,0.999998617618745
"virus_comp_13180_cycle_1_1","fixed","cond",NA,"Dx.StatusCELIAC:onset_timeline_combinedt0-30",0.262076132340123,1.86916262557556,0.140210449724471,0.888493715778877,-3.40141529503631,3.92556755971655,0.999999714796086
"virus_comp_13180_cycle_1_1","fixed","cond",NA,"Dx.StatusCELIAC:onset_timeline_combinedt0-36",-1.44202982055704,1.69169297096752,-0.852418166478697,0.393982040837006,-4.75768711655295,1.87362747543887,0.999999153356744
"virus_comp_13180_cycle_1_1","fixed","cond",NA,"Dx.StatusCELIAC:onset_timeline_combinedt0-over42",0.985142566986412,1.60266648035371,0.614689693122547,0.538759667810631,-2.15602601373642,4.12631114770925,0.999996861415992
"virus_comp_14463_cycle_1_1","fixed","cond",NA,"(Intercept)",-6.34829190664908,2.95844273083005,-2.14582213828014,0.0318871716815318,-12.1467331094003,-0.54985070389786,0.0729991035652729
"virus_comp_14463_cycle_1_1","fixed","cond",NA,"Dx.StatusCELIAC",-1.39130119349207,2.15363655993516,-0.646024133957845,0.51826372587064,-5.61235128675372,2.82974889976959,0.999986353446738
"virus_comp_14463_cycle_1_1","fixed","cond",NA,"onset_timeline_combinedt0-6",0.489262117910741,2.28107637413387,0.214487390014074,0.830166999469831,-3.98156542137686,4.96008965719834,0.999999447029537
"virus_comp_14463_cycle_1_1","fixed","cond",NA,"onset_timeline_combinedt0-12",-1.65349965255171,1.23389166389139,-1.34006874423398,0.180222996512773,-4.07188287460304,0.764883569499612,0.99998627227119
"virus_comp_14463_cycle_1_1","fixed","cond",NA,"onset_timeline_combinedt0-18",-2.81983205240151,2.9489345460138,-0.956220631011698,0.338960778826641,-8.59963755535453,2.95997345055151,0.999997145165192
"virus_comp_14463_cycle_1_1","fixed","cond",NA,"onset_timeline_combinedt0-24",-4.34483731883438,2.58760882928578,-1.67909355914264,0.0931338113019624,-9.41645743031237,0.726782792643607,0.99999582928833
"virus_comp_14463_cycle_1_1","fixed","cond",NA,"onset_timeline_combinedt0-30",-4.08302864370458,2.531533453908,-1.61286774125046,0.106773244948347,-9.04474303902254,0.878685751613386,0.765753499201465
"virus_comp_14463_cycle_1_1","fixed","cond",NA,"onset_timeline_combinedt0-36",-2.25721289971162,1.5057916440836,-1.49902073675361,0.133868252533387,-5.20851029033683,0.694084490913583,0.396026913744603
"virus_comp_14463_cycle_1_1","fixed","cond",NA,"onset_timeline_combinedt0-over42",-2.93669278191236,1.35057074655808,-2.17440870046719,0.0296744552636428,-5.58376280373956,-0.289622760085148,0.855925345306313
"virus_comp_14463_cycle_1_1","fixed","cond",NA,"SexMale",1.85513228434948,2.19996249933816,0.843256321372558,0.399085105415813,-2.45671498169204,6.16697955039099,0.990535691749098
"virus_comp_14463_cycle_1_1","fixed","cond",NA,"Age.at.Gluten.Introduction..months.",0.211858940253564,0.174824377217409,1.21183866704183,0.225574143648246,-0.130790542712203,0.55450842321933,0.542907260983915
"virus_comp_14463_cycle_1_1","fixed","cond",NA,"HLA.CategoryHigh Risk",1.73895916711007,2.05245203651995,0.847259344514856,0.396850582117739,-2.28377290446491,5.76169123868505,0.903310309051692
"virus_comp_14463_cycle_1_1","fixed","cond",NA,"HLA.CategoryLow/No Risk",-1.21750100167744,3.30214917855056,-0.36869957589616,0.712351664898237,-7.68959446321506,5.25459245986017,0.999989527982172
"virus_comp_14463_cycle_1_1","fixed","cond",NA,"feeding_first_yearFormula",-0.289907135711877,2.74291599317479,-0.105693042161428,0.915825900980342,-5.66592369495338,5.08610942352962,0.999985531355603
"virus_comp_14463_cycle_1_1","fixed","cond",NA,"feeding_first_yearBreastmilk_and_formula",-1.24949153778652,2.03212658731704,-0.614868948413388,0.538641270875607,-5.23238646095421,2.73340338538118,0.956122944670933
"virus_comp_14463_cycle_1_1","fixed","cond",NA,"Delivery.ModeC-Section",5.80299472533812,4.76842238081246,1.21696323477732,0.223618204405299,-3.54294140412904,15.1489308548053,0.999999650716233
"virus_comp_14463_cycle_1_1","fixed","cond",NA,"Dx.StatusCELIAC:onset_timeline_combinedt0-6",1.10583409147853,2.9851115900665,0.370449833486425,0.711047348882483,-4.7448771148849,6.95654529784197,0.999999878775183
"virus_comp_14463_cycle_1_1","fixed","cond",NA,"Dx.StatusCELIAC:onset_timeline_combinedt0-12",5.08197083630778,2.0360537742447,2.4959904795211,0.012560597264968,1.09137876820132,9.07256290441423,0.173691409990211
"virus_comp_14463_cycle_1_1","fixed","cond",NA,"Dx.StatusCELIAC:onset_timeline_combinedt0-18",6.57101951933772,3.82954049513854,1.71587675536514,0.0861846019532694,-0.934741928471512,14.076780967147,0.980494895288232
"virus_comp_14463_cycle_1_1","fixed","cond",NA,"Dx.StatusCELIAC:onset_timeline_combinedt0-24",6.08496900567952,2.867195181529,2.12227233251507,0.0338148754634287,0.465369713235892,11.7045682981231,0.685958902258125
"virus_comp_14463_cycle_1_1","fixed","cond",NA,"Dx.StatusCELIAC:onset_timeline_combinedt0-30",5.49688219912432,2.85446330055951,1.92571479130486,0.0541399959540014,-0.0977630651636439,11.0915274634123,0.869674678842042
"virus_comp_14463_cycle_1_1","fixed","cond",NA,"Dx.StatusCELIAC:onset_timeline_combinedt0-36",1.6126933228104,1.79926101585443,0.896308711520973,0.370087907689199,-1.91379346705123,5.13918011267203,0.999999153356744
"virus_comp_14463_cycle_1_1","fixed","cond",NA,"Dx.StatusCELIAC:onset_timeline_combinedt0-over42",2.64886660987463,1.53941187356794,1.72070038912671,0.0853052057432804,-0.368325219691856,5.66605843944112,0.999996861415992
"virus_comp_15228_cycle_1_1","fixed","cond",NA,"(Intercept)",-6.05083171170071,2.53678065361684,-2.38524040423979,0.0170679636370097,-11.0228304294677,-1.07883299393373,0.0524357914479092
"virus_comp_15228_cycle_1_1","fixed","cond",NA,"Dx.StatusCELIAC",-0.827855264020267,1.85614239752793,-0.446008487884783,0.655591114737923,-4.46582751335283,2.8101169853123,0.999986353446738
"virus_comp_15228_cycle_1_1","fixed","cond",NA,"onset_timeline_combinedt0-6",0.689708140044344,1.90696177140067,0.361679059532352,0.717591877236758,-3.04786825179568,4.42728453188437,0.999999447029537
"virus_comp_15228_cycle_1_1","fixed","cond",NA,"onset_timeline_combinedt0-12",-0.801927967343603,1.05738532089427,-0.758406563338124,0.448207629927148,-2.8743651140777,1.27050917939049,0.99998627227119
"virus_comp_15228_cycle_1_1","fixed","cond",NA,"onset_timeline_combinedt0-18",-2.04246310970422,2.40821513658449,-0.848123192432461,0.396369366650181,-6.76247804443403,2.67755182502559,0.999997145165192
"virus_comp_15228_cycle_1_1","fixed","cond",NA,"onset_timeline_combinedt0-24",-3.21045060830295,2.24052667659587,-1.43289997027874,0.151886425783876,-7.60180220083207,1.18090098422617,0.99999582928833
"virus_comp_15228_cycle_1_1","fixed","cond",NA,"onset_timeline_combinedt0-30",-2.94961439303537,2.37948827077986,-1.23960030787151,0.215123266737315,-7.61332570539937,1.71409691932864,0.765753499201465
"virus_comp_15228_cycle_1_1","fixed","cond",NA,"onset_timeline_combinedt0-36",-3.21048341198541,2.24054752849272,-1.43290127576325,0.15188605265045,-7.60187587348137,1.18090904951055,0.405974433377303
"virus_comp_15228_cycle_1_1","fixed","cond",NA,"onset_timeline_combinedt0-over42",-1.30048148461791,1.00466127335532,-1.29444770999744,0.195510819954627,-3.2695813970565,0.668618427820672,0.999994751597901
"virus_comp_15228_cycle_1_1","fixed","cond",NA,"SexMale",1.72229183264747,1.89200443149205,0.910300104999889,0.362664263195474,-1.98596871166713,5.43055237696207,0.990535691749098
"virus_comp_15228_cycle_1_1","fixed","cond",NA,"Age.at.Gluten.Introduction..months.",0.195696938293803,0.15364235400906,1.27371739098884,0.202763590807129,-0.105436542063907,0.496830418651514,0.542907260983915
"virus_comp_15228_cycle_1_1","fixed","cond",NA,"HLA.CategoryHigh Risk",1.57727818022082,1.75342361975546,0.899541994558506,0.368364037911397,-1.85936896414174,5.01392532458338,0.903310309051692
"virus_comp_15228_cycle_1_1","fixed","cond",NA,"HLA.CategoryLow/No Risk",-1.12027109270265,3.03679765922851,-0.368898826465524,0.712203138100852,-7.07228513312605,4.83174294772076,0.999989527982172
"virus_comp_15228_cycle_1_1","fixed","cond",NA,"feeding_first_yearFormula",-0.374296374642016,2.35138898967883,-0.159180967625922,0.873526298299328,-4.98293410805655,4.23434135877252,0.999985531355603
"virus_comp_15228_cycle_1_1","fixed","cond",NA,"feeding_first_yearBreastmilk_and_formula",-0.93901740724594,1.75494650401145,-0.535068963697489,0.592602170326769,-4.37864934990287,2.50061453541098,0.956122944670933
"virus_comp_15228_cycle_1_1","fixed","cond",NA,"Delivery.ModeC-Section",4.49063180195031,4.1583917204149,1.07989629257492,0.280188364405896,-3.65966620367244,12.6409298075731,0.999999650716233
"virus_comp_15228_cycle_1_1","fixed","cond",NA,"Dx.StatusCELIAC:onset_timeline_combinedt0-6",0.58077004751294,2.72837705144043,0.212862825248558,0.831433959000673,-4.76675070955588,5.92829080458176,0.999999878775183
"virus_comp_15228_cycle_1_1","fixed","cond",NA,"Dx.StatusCELIAC:onset_timeline_combinedt0-12",3.78982977572297,1.65953529793624,2.28366927804182,0.0223909749022312,0.537200360694993,7.04245919075095,0.176639913117602
"virus_comp_15228_cycle_1_1","fixed","cond",NA,"Dx.StatusCELIAC:onset_timeline_combinedt0-18",5.25076981408219,3.09315229339326,1.69754648851188,0.0895933898289886,-0.811697279666065,11.3132369078304,0.980494895288232
"virus_comp_15228_cycle_1_1","fixed","cond",NA,"Dx.StatusCELIAC:onset_timeline_combinedt0-24",4.74468902583992,2.49757418946973,1.89971895363288,0.0574700116533275,-0.150466434237561,9.6398444859174,0.999998617618745
"virus_comp_15228_cycle_1_1","fixed","cond",NA,"Dx.StatusCELIAC:onset_timeline_combinedt0-30",3.21227983069431,2.6320253202108,1.2204593193036,0.222290802016165,-1.94639500331637,8.37095466470498,0.999999714796086
"virus_comp_15228_cycle_1_1","fixed","cond",NA,"Dx.StatusCELIAC:onset_timeline_combinedt0-36",2.72074118922304,2.44609320762876,1.11228026010527,0.266017668511161,-2.07351340055738,7.51499577900347,0.999999153356744
"virus_comp_15228_cycle_1_1","fixed","cond",NA,"Dx.StatusCELIAC:onset_timeline_combinedt0-over42",0.909602660194986,1.23555006787695,0.73619247316943,0.461613572222545,-1.51203097393985,3.33123629432982,0.999996861415992
"virus_comp_15228_cycle_1_2","fixed","cond",NA,"(Intercept)",-11.7294230648435,6.29618447991916,-1.86294145323297,0.0624705037924807,-24.0697178855051,0.610871755818122,0.116721204454372
"virus_comp_15228_cycle_1_2","fixed","cond",NA,"Dx.StatusCELIAC",-5.29363063201778,4.67878980700861,-1.13141022579988,0.257882469491789,-14.4638901449878,3.87662888095221,0.999986353446738
"virus_comp_15228_cycle_1_2","fixed","cond",NA,"onset_timeline_combinedt0-6",0.693369488514587,1.45983301083641,0.474964933227068,0.634811967850425,-2.16785063616745,3.55458961319663,0.999999447029537
"virus_comp_15228_cycle_1_2","fixed","cond",NA,"onset_timeline_combinedt0-12",-6.05407327609677,3.52420241796042,-1.71785628579203,0.0858228319795872,-12.9613830895282,0.853236537334616,0.99998627227119
"virus_comp_15228_cycle_1_2","fixed","cond",NA,"onset_timeline_combinedt0-18",-9.3055985916954,79.5220750382793,-0.117019061527456,0.906844948342132,-165.166001642615,146.554804459224,0.999997145165192
"virus_comp_15228_cycle_1_2","fixed","cond",NA,"onset_timeline_combinedt0-24",-38.2791091842971,203384.152625753,-0.000188210874299211,0.999849829450108,-398663.893281858,398587.33506349,0.99999582928833
"virus_comp_15228_cycle_1_2","fixed","cond",NA,"onset_timeline_combinedt0-30",-10.2297205733319,4.85278119742043,-2.10801191258523,0.0350299590196985,-19.7409969451291,-0.718444201534687,0.765753499201465
"virus_comp_15228_cycle_1_2","fixed","cond",NA,"onset_timeline_combinedt0-36",-11.1901204878811,4.92374418759858,-2.27268518865493,0.0230451578461885,-20.8404817646627,-1.53975921109943,0.391284665407418
"virus_comp_15228_cycle_1_2","fixed","cond",NA,"onset_timeline_combinedt0-over42",-8.40827377592112,3.86340707732185,-2.17638825203732,0.0295262414956733,-15.9804125050891,-0.836135046753141,0.855925345306313
"virus_comp_15228_cycle_1_2","fixed","cond",NA,"SexMale",1.43652695845993,3.64707242091314,0.393884955566704,0.693665978097979,-5.71160363553914,8.58465755245899,0.990535691749098
"virus_comp_15228_cycle_1_2","fixed","cond",NA,"Age.at.Gluten.Introduction..months.",0.158420175596396,0.399476923015383,0.396569029321113,0.691685294762077,-0.624540206168635,0.941380557361426,0.913707944260934
"virus_comp_15228_cycle_1_2","fixed","cond",NA,"HLA.CategoryHigh Risk",2.78479543317771,4.10681133189259,0.678091883976165,0.497713436338842,-5.26440686863274,10.8339977349882,0.967110809971833
"virus_comp_15228_cycle_1_2","fixed","cond",NA,"HLA.CategoryLow/No Risk",0.432337772174882,5.18449055547086,0.083390598854243,0.933540963503569,-9.72907699473606,10.5937525390858,0.999989527982172
"virus_comp_15228_cycle_1_2","fixed","cond",NA,"feeding_first_yearFormula",-2.88483166853439,6.09734208938589,-0.473129377726114,0.63612087865793,-14.8354025651509,9.06573922808216,0.999985531355603
"virus_comp_15228_cycle_1_2","fixed","cond",NA,"feeding_first_yearBreastmilk_and_formula",0.659933985091615,4.23799913291316,0.155718291673642,0.876255078384226,-7.64639168193015,8.96625965211338,0.985514397911488
"virus_comp_15228_cycle_1_2","fixed","cond",NA,"Delivery.ModeC-Section",5.83093623697601,11.2428828197829,0.518633550704269,0.604016307938558,-16.2047091722025,27.8665816461546,0.999999650716233
"virus_comp_15228_cycle_1_2","fixed","cond",NA,"Dx.StatusCELIAC:onset_timeline_combinedt0-6",1.37210901972889,6.43846067261538,0.213111345940943,0.831240115137346,-11.2470420144748,13.9912600539326,0.999999878775183
"virus_comp_15228_cycle_1_2","fixed","cond",NA,"Dx.StatusCELIAC:onset_timeline_combinedt0-12",13.5362988341723,5.80722282897933,2.33094186891248,0.0197564251385179,2.15435123917399,24.9182464291706,0.173691409990211
"virus_comp_15228_cycle_1_2","fixed","cond",NA,"Dx.StatusCELIAC:onset_timeline_combinedt0-18",17.5966327706471,79.6681473903866,0.220874130339957,0.825190440965761,-138.550066829539,173.743332370833,0.999999861216808
"virus_comp_15228_cycle_1_2","fixed","cond",NA,"Dx.StatusCELIAC:onset_timeline_combinedt0-24",40.188244611616,203384.152633094,0.000197597718855292,0.999842339831902,-398585.42594245,398665.802431674,0.999998617618745
"virus_comp_15228_cycle_1_2","fixed","cond",NA,"Dx.StatusCELIAC:onset_timeline_combinedt0-30",11.6817365529051,5.10610497879393,2.28779795977957,0.0221492897143581,1.6739546931883,21.6895184126218,0.869674678842042
"virus_comp_15228_cycle_1_2","fixed","cond",NA,"Dx.StatusCELIAC:onset_timeline_combinedt0-36",11.0815054545278,5.04347167790225,2.19719791489679,0.0280063144604667,1.19648260879164,20.966528300264,0.564799990538503
"virus_comp_15228_cycle_1_2","fixed","cond",NA,"Dx.StatusCELIAC:onset_timeline_combinedt0-over42",7.79082641987947,3.93606420547974,1.97934434327397,0.0477772502298084,0.0762823363019249,15.505370503457,0.999996861415992
"virus_comp_1562_cycle_1_8","fixed","cond",NA,"(Intercept)",-38.0880772183974,1256.38546858038,-0.0303155983341913,0.975815356618689,-2500.55834633541,2424.38219189862,0.999881086915019
"virus_comp_1562_cycle_1_8","fixed","cond",NA,"Dx.StatusCELIAC",15.7996872543575,601.499259142917,0.026267176582845,0.979044235165568,-1163.11719739328,1194.716571902,0.999986353446738
"virus_comp_1562_cycle_1_8","fixed","cond",NA,"onset_timeline_combinedt0-6",-6.86695008692722,55444.0104019772,-0.000123853776758586,0.99990117898398,-108675.130496426,108661.396596252,0.999999447029537
"virus_comp_1562_cycle_1_8","fixed","cond",NA,"onset_timeline_combinedt0-12",13.7242637289694,601.495978892024,0.0228168835879002,0.981796340375024,-1165.18619174506,1192.634719203,0.99998627227119
"virus_comp_1562_cycle_1_8","fixed","cond",NA,"onset_timeline_combinedt0-18",-7.1735958351925,23177.3098060764,-0.00030950942517547,0.999753047212172,-45433.866074272,45419.5188826016,0.999997145165192
"virus_comp_1562_cycle_1_8","fixed","cond",NA,"onset_timeline_combinedt0-24",-9.80233305487789,85867.5948365411,-0.000114156371487262,0.999908916393871,-168307.195651753,168287.590985643,0.99999582928833
"virus_comp_1562_cycle_1_8","fixed","cond",NA,"onset_timeline_combinedt0-30",-9.88522550089335,89501.0906258096,-0.000110448101042947,0.999911875165587,-175428.799429143,175409.028978141,0.999987296772671
"virus_comp_1562_cycle_1_8","fixed","cond",NA,"onset_timeline_combinedt0-36",-9.35131073806626,68532.5851635083,-0.000136450576258804,0.999891128192228,-134330.749998638,134312.047377162,0.999986401700165
"virus_comp_1562_cycle_1_8","fixed","cond",NA,"onset_timeline_combinedt0-over42",-4.55000423220495,15648.9650699694,-0.000290754322209874,0.999768011618591,-30675.9579366976,30666.8579282332,0.999994751597901
"virus_comp_1562_cycle_1_8","fixed","cond",NA,"SexMale",1.98381300278113,2.77026778659834,0.716108750344704,0.473924201087774,-3.44581208648311,7.41343809204537,0.990535691749098
"virus_comp_1562_cycle_1_8","fixed","cond",NA,"Age.at.Gluten.Introduction..months.",0.57166332231718,0.776008676330694,0.736671302465653,0.461322262558537,-0.94928573498158,2.09261237961594,0.759770150263876
"virus_comp_1562_cycle_1_8","fixed","cond",NA,"HLA.CategoryHigh Risk",-1.06967936417729,2.7826287276488,-0.384413254110662,0.700672178449922,-6.52353145271545,4.38417272436088,0.978697013291682
"virus_comp_1562_cycle_1_8","fixed","cond",NA,"HLA.CategoryLow/No Risk",-15.4402912654801,22.3876575916391,-0.689678730446836,0.49039624437582,-59.3192938433075,28.4387113123472,0.999989527982172
"virus_comp_1562_cycle_1_8","fixed","cond",NA,"feeding_first_yearFormula",18.4638749206047,1103.02838372177,0.0167392563900351,0.986644629471806,-2143.4320310995,2180.3597809407,0.999985531355603
"virus_comp_1562_cycle_1_8","fixed","cond",NA,"feeding_first_yearBreastmilk_and_formula",15.4471647323659,1103.02488570519,0.0140043664767274,0.988826497434388,-2146.44188530122,2177.33621476595,0.999873453234146
"virus_comp_1562_cycle_1_8","fixed","cond",NA,"Delivery.ModeC-Section",-6.09899345537856,18788.1086954451,-0.000324619872827176,0.99974099081989,-36830.1153741516,36817.9173872408,0.999999650716233
"virus_comp_1562_cycle_1_8","fixed","cond",NA,"Dx.StatusCELIAC:onset_timeline_combinedt0-6",-4.46910100159819,55447.2181588145,-8.06009958659709e-05,0.999935689709883,-108679.019735213,108670.08153321,0.999999878775183
"virus_comp_1562_cycle_1_8","fixed","cond",NA,"Dx.StatusCELIAC:onset_timeline_combinedt0-12",-16.4024101108842,601.499243996621,-0.0272692115153786,0.978245013383912,-1195.31926507233,1162.51444485056,0.999997398262547
"virus_comp_1562_cycle_1_8","fixed","cond",NA,"Dx.StatusCELIAC:onset_timeline_combinedt0-18",6.60259318548384,23177.3098786247,0.000284873146196016,0.999772704117937,-45420.0900274434,45433.2952138144,0.999999861216808
"virus_comp_1562_cycle_1_8","fixed","cond",NA,"Dx.StatusCELIAC:onset_timeline_combinedt0-24",-8.26703289600771,85883.1466632638,-9.62590824532971e-05,0.999923196364392,-168336.141371864,168319.607306072,0.999998617618745
"virus_comp_1562_cycle_1_8","fixed","cond",NA,"Dx.StatusCELIAC:onset_timeline_combinedt0-30",-8.19591155796568,89516.3542733675,-9.15577005396889e-05,0.999926947524419,-175457.026314686,175440.63449157,0.999999714796086
"virus_comp_1562_cycle_1_8","fixed","cond",NA,"Dx.StatusCELIAC:onset_timeline_combinedt0-36",-7.90169230731946,68541.1987607002,-0.000115283835856254,0.999908016807464,-134346.182720481,134330.379335866,0.999999153356744
"virus_comp_1562_cycle_1_8","fixed","cond",NA,"Dx.StatusCELIAC:onset_timeline_combinedt0-over42",3.93155081106411,15648.9651353092,0.000251233917199627,0.999799544338425,-30667.4765097178,30675.33961134,0.999996861415992
"virus_comp_16559_cycle_1_1","fixed","cond",NA,"(Intercept)",-7.24992351407139,3.38012183719952,-2.14487047013609,0.0319632048586952,-13.8748405783398,-0.625006449802977,0.0729991035652729
"virus_comp_16559_cycle_1_1","fixed","cond",NA,"Dx.StatusCELIAC",-1.12153145659616,2.36390418238704,-0.474440319938708,0.635185946513133,-5.75469851697836,3.51163560378605,0.999986353446738
"virus_comp_16559_cycle_1_1","fixed","cond",NA,"onset_timeline_combinedt0-6",0.899853395646113,2.4746004927808,0.36363582657939,0.716129969950132,-3.95027444632932,5.74998123762155,0.999999447029537
"virus_comp_16559_cycle_1_1","fixed","cond",NA,"onset_timeline_combinedt0-12",-2.00651968106836,1.38034215481178,-1.45363935606384,0.14604631957295,-4.71194059084186,0.698901228705129,0.99998627227119
"virus_comp_16559_cycle_1_1","fixed","cond",NA,"onset_timeline_combinedt0-18",-3.12412453830949,3.62311207151305,-0.862276539241808,0.388535359721653,-10.2252937104274,3.9770446338084,0.999997145165192
"virus_comp_16559_cycle_1_1","fixed","cond",NA,"onset_timeline_combinedt0-24",-5.02414969566117,2.52215082574087,-1.99201001160799,0.0463699594214068,-9.96747447769124,-0.0808249136311039,0.99999582928833
"virus_comp_16559_cycle_1_1","fixed","cond",NA,"onset_timeline_combinedt0-30",-3.65535949481947,2.2108300753361,-1.65338780922083,0.0982519623132903,-7.9885068184162,0.677787828777253,0.765753499201465
"virus_comp_16559_cycle_1_1","fixed","cond",NA,"onset_timeline_combinedt0-36",-3.71231071356905,2.14889122097116,-1.72754706117294,0.0840694609102209,-7.92406011336682,0.499438686228716,0.396026913744603
"virus_comp_16559_cycle_1_1","fixed","cond",NA,"onset_timeline_combinedt0-over42",-2.10229843380684,1.20469141177817,-1.74509290367046,0.080968698630902,-4.46345021337676,0.25885334576309,0.855925345306313
"virus_comp_16559_cycle_1_1","fixed","cond",NA,"SexMale",1.0780316124226,2.51005563145872,0.42948514722604,0.667570200546226,-3.84158702442843,5.99765024927362,0.990535691749098
"virus_comp_16559_cycle_1_1","fixed","cond",NA,"Age.at.Gluten.Introduction..months.",0.16974435494295,0.198893508076806,0.853443415948002,0.393413453792096,-0.220079757646415,0.559568467532315,0.72108274525109
"virus_comp_16559_cycle_1_1","fixed","cond",NA,"HLA.CategoryHigh Risk",1.7686387042696,2.23107982778784,0.792727665877935,0.427936507894562,-2.60419740482839,6.1414748133676,0.903310309051692
"virus_comp_16559_cycle_1_1","fixed","cond",NA,"HLA.CategoryLow/No Risk",-0.466319307099582,3.7395388314276,-0.124699683068022,0.900761308318253,-7.79568073548668,6.86304212128752,0.999989527982172
"virus_comp_16559_cycle_1_1","fixed","cond",NA,"feeding_first_yearFormula",0.102653535876493,3.1994924977643,0.0320843183561843,0.974404809111484,-6.16823652854764,6.37354360030063,0.999985531355603
"virus_comp_16559_cycle_1_1","fixed","cond",NA,"feeding_first_yearBreastmilk_and_formula",-0.410721373107387,2.27681805694082,-0.180392707206144,0.856844279218189,-4.87320276406185,4.05176001784708,0.983038566973875
"virus_comp_16559_cycle_1_1","fixed","cond",NA,"Delivery.ModeC-Section",4.91129593798082,5.32969001895469,0.921497483064515,0.356790754700306,-5.53470454793298,15.3572964238946,0.999999650716233
"virus_comp_16559_cycle_1_1","fixed","cond",NA,"Dx.StatusCELIAC:onset_timeline_combinedt0-6",0.441066659756603,3.17553008711973,0.138895443486936,0.88953277163819,-5.7828579428214,6.66499126233461,0.999999878775183
"virus_comp_16559_cycle_1_1","fixed","cond",NA,"Dx.StatusCELIAC:onset_timeline_combinedt0-12",5.39800010741634,2.14958760954966,2.51117939247297,0.0120328531430428,1.18488581108546,9.61111440374722,0.173691409990211
"virus_comp_16559_cycle_1_1","fixed","cond",NA,"Dx.StatusCELIAC:onset_timeline_combinedt0-18",6.85308400723537,4.47786927423094,1.53043413899401,0.125909304106941,-1.92337849773578,15.6295465122065,0.980494895288232
"virus_comp_16559_cycle_1_1","fixed","cond",NA,"Dx.StatusCELIAC:onset_timeline_combinedt0-24",6.6708249128503,2.79640640603397,2.38549908141258,0.0170559649755013,1.18996907088663,12.151680754814,0.598050195193473
"virus_comp_16559_cycle_1_1","fixed","cond",NA,"Dx.StatusCELIAC:onset_timeline_combinedt0-30",3.94873227431625,2.49722942496402,1.58124529322056,0.113821962821109,-0.945747459746896,8.84321200837939,0.999999714796086
"virus_comp_16559_cycle_1_1","fixed","cond",NA,"Dx.StatusCELIAC:onset_timeline_combinedt0-36",3.22165163622428,2.36370859554113,1.36296480974921,0.172893601425967,-1.41113208098408,7.85443535343264,0.902673409591648
"virus_comp_16559_cycle_1_1","fixed","cond",NA,"Dx.StatusCELIAC:onset_timeline_combinedt0-over42",1.69641144255002,1.40404122884552,1.20823477808049,0.226956967935894,-1.05545879879655,4.4482816838966,0.999996861415992
"virus_comp_16559_cycle_1_2","fixed","cond",NA,"(Intercept)",-6.35702480259715,2.98864359292141,-2.12706018799088,0.0334150826179066,-12.2146586073495,-0.499390997844806,0.0729991035652729
"virus_comp_16559_cycle_1_2","fixed","cond",NA,"Dx.StatusCELIAC",-0.321893659619143,2.03301335309759,-0.158333273674121,0.874194190224141,-4.30652661177944,3.66273929254115,0.999986353446738
"virus_comp_16559_cycle_1_2","fixed","cond",NA,"onset_timeline_combinedt0-6",0.653327752491101,2.64280915428089,0.247209584329169,0.80474602824245,-4.5264830079122,5.8331385128944,0.999999447029537
"virus_comp_16559_cycle_1_2","fixed","cond",NA,"onset_timeline_combinedt0-12",-1.92661370131427,1.36259568147179,-1.4139291115566,0.157382717363797,-4.59725216248878,0.744024759860251,0.99998627227119
"virus_comp_16559_cycle_1_2","fixed","cond",NA,"onset_timeline_combinedt0-18",-2.602090967776,2.92657779785978,-0.889124140037868,0.373936366577713,-8.33807804953572,3.13389611398372,0.999997145165192
"virus_comp_16559_cycle_1_2","fixed","cond",NA,"onset_timeline_combinedt0-24",-3.81341296210865,2.96908669173435,-1.28437238721416,0.199011689777559,-9.63271594488515,2.00589002066785,0.99999582928833
"virus_comp_16559_cycle_1_2","fixed","cond",NA,"onset_timeline_combinedt0-30",-3.52070339348415,2.92915491568203,-1.20195192635088,0.229382154298265,-9.26174153335938,2.22033474639108,0.765753499201465
"virus_comp_16559_cycle_1_2","fixed","cond",NA,"onset_timeline_combinedt0-36",-3.81343074512656,2.96911570413397,-1.28436582643682,0.19901398427936,-9.63279059116142,2.0059291009083,0.447590984981302
"virus_comp_16559_cycle_1_2","fixed","cond",NA,"onset_timeline_combinedt0-over42",-1.99529660568372,1.20028553306573,-1.66235162444006,0.0964422924288803,-4.34781302165701,0.357219810289569,0.855925345306313
"virus_comp_16559_cycle_1_2","fixed","cond",NA,"SexMale",1.08042089345972,2.19103502635443,0.493109822738611,0.621934990658531,-3.21392884706073,5.37477063398017,0.990535691749098
"virus_comp_16559_cycle_1_2","fixed","cond",NA,"Age.at.Gluten.Introduction..months.",0.162516163131181,0.173606688319181,0.936116947478372,0.349212978171124,-0.177746693449684,0.502779019712046,0.72108274525109
"virus_comp_16559_cycle_1_2","fixed","cond",NA,"HLA.CategoryHigh Risk",1.5612292816072,1.98639639496144,0.785960589521463,0.431890576173865,-2.33203611153742,5.45449467475183,0.903310309051692
"virus_comp_16559_cycle_1_2","fixed","cond",NA,"HLA.CategoryLow/No Risk",-0.783055347761675,3.37997149239168,-0.231675133806404,0.816790346311469,-7.40767774162147,5.84156704609812,0.999989527982172
"virus_comp_16559_cycle_1_2","fixed","cond",NA,"feeding_first_yearFormula",0.0423285493398351,2.7287160349807,0.0155122588049491,0.98762350455805,-5.30585660325928,5.39051370193895,0.999985531355603
"virus_comp_16559_cycle_1_2","fixed","cond",NA,"feeding_first_yearBreastmilk_and_formula",-0.591724990718539,2.01783286527459,-0.293247771359902,0.769332771948764,-4.54660473347799,3.36315475204091,0.983038566973875
"virus_comp_16559_cycle_1_2","fixed","cond",NA,"Delivery.ModeC-Section",4.48497498651086,4.71487059793551,0.951240313673653,0.341482398086233,-4.75600157720957,13.7259515502313,0.999999650716233
"virus_comp_16559_cycle_1_2","fixed","cond",NA,"Dx.StatusCELIAC:onset_timeline_combinedt0-6",0.224618979577809,3.28728322851337,0.0683296704188734,0.945523205738402,-6.21833775529094,6.66757571444656,0.999999878775183
"virus_comp_16559_cycle_1_2","fixed","cond",NA,"Dx.StatusCELIAC:onset_timeline_combinedt0-12",4.37802152982063,1.86198666209264,2.35126363628205,0.0187097723071764,0.728594732425101,8.02744832721617,0.173691409990211
"virus_comp_16559_cycle_1_2","fixed","cond",NA,"Dx.StatusCELIAC:onset_timeline_combinedt0-18",5.03387717057259,3.42173256549456,1.47114862842737,0.141250926468998,-1.67259542252459,11.7403497636698,0.980494895288232
"virus_comp_16559_cycle_1_2","fixed","cond",NA,"Dx.StatusCELIAC:onset_timeline_combinedt0-24",4.71071033446638,3.12622026667503,1.50683890853173,0.131851953706908,-1.41656879595587,10.8379894648886,0.999998617618745
"virus_comp_16559_cycle_1_2","fixed","cond",NA,"Dx.StatusCELIAC:onset_timeline_combinedt0-30",3.2452749637618,3.1127549706348,1.04257321709456,0.297145998973181,-2.85561267138044,9.34616259890404,0.999999714796086
"virus_comp_16559_cycle_1_2","fixed","cond",NA,"Dx.StatusCELIAC:onset_timeline_combinedt0-36",2.91511051008623,3.11305214689649,0.936415573055018,0.349059262911347,-3.18635957982598,9.01658059999844,0.999999153356744
"virus_comp_16559_cycle_1_2","fixed","cond",NA,"Dx.StatusCELIAC:onset_timeline_combinedt0-over42",1.30129028962025,1.37655270851112,0.945325436196139,0.344492756296401,-1.3967034418826,3.9992840211231,0.999996861415992
"virus_comp_16559_cycle_1_3","fixed","cond",NA,"(Intercept)",-6.86409953594144,3.41335596875964,-2.01095332533856,0.0443303870010684,-13.5541543011252,-0.174044770757712,0.0862317117007084
"virus_comp_16559_cycle_1_3","fixed","cond",NA,"Dx.StatusCELIAC",-0.532376621121484,2.26000024207559,-0.235564851370346,0.813770350482635,-4.96189570064144,3.89714245839848,0.999986353446738
"virus_comp_16559_cycle_1_3","fixed","cond",NA,"onset_timeline_combinedt0-6",0.833250982767245,2.69387389104271,0.30931328505683,0.757083226142955,-4.44664482256924,6.11314678810373,0.999999447029537
"virus_comp_16559_cycle_1_3","fixed","cond",NA,"onset_timeline_combinedt0-12",-1.97707629482564,1.37456609979574,-1.43832755305069,0.15034113765145,-4.67117634479498,0.717023755143698,0.99998627227119
"virus_comp_16559_cycle_1_3","fixed","cond",NA,"onset_timeline_combinedt0-18",-2.79967767730077,3.267108746731,-0.856928218291501,0.39148455658029,-9.20309315446931,3.60373779986777,0.999997145165192
"virus_comp_16559_cycle_1_3","fixed","cond",NA,"onset_timeline_combinedt0-24",-4.05582524134051,4.20256466705252,-0.965083362818323,0.33450305932535,-12.292700631464,4.18105014878298,0.99999582928833
"virus_comp_16559_cycle_1_3","fixed","cond",NA,"onset_timeline_combinedt0-30",-3.61915376383164,2.86133107304618,-1.26484970506356,0.205925209564383,-9.22725961484749,1.98895208718421,0.765753499201465
"virus_comp_16559_cycle_1_3","fixed","cond",NA,"onset_timeline_combinedt0-36",-4.05561089694382,4.20137251400261,-0.965306190638182,0.334391471993047,-12.2901497100254,4.1789279161378,0.580687358814689
"virus_comp_16559_cycle_1_3","fixed","cond",NA,"onset_timeline_combinedt0-over42",-2.06659311601915,1.20592829673119,-1.71369485368317,0.0865847825596977,-4.43016914555001,0.29698291351171,0.855925345306313
"virus_comp_16559_cycle_1_3","fixed","cond",NA,"SexMale",1.11260230410492,2.38961201829431,0.465599559923158,0.641502158035629,-3.570951188776,5.79615579698583,0.990535691749098
"virus_comp_16559_cycle_1_3","fixed","cond",NA,"Age.at.Gluten.Introduction..months.",0.163809213870922,0.18860485074312,0.868531287639201,0.385103551878661,-0.205849500895147,0.53346792863699,0.72108274525109
"virus_comp_16559_cycle_1_3","fixed","cond",NA,"HLA.CategoryHigh Risk",1.68806844637929,2.180975003702,0.773997154260801,0.438932474116667,-2.58656401205874,5.96270090481732,0.903310309051692
"virus_comp_16559_cycle_1_3","fixed","cond",NA,"HLA.CategoryLow/No Risk",-0.591275162387593,3.61752462150476,-0.163447446597238,0.870166148143791,-7.6814931337238,6.49894280894862,0.999989527982172
"virus_comp_16559_cycle_1_3","fixed","cond",NA,"feeding_first_yearFormula",-0.0394290594792846,3.0264947998715,-0.0130279620771061,0.989605484240492,-5.97124986662517,5.8923917476666,0.999985531355603
"virus_comp_16559_cycle_1_3","fixed","cond",NA,"feeding_first_yearBreastmilk_and_formula",-0.542105359768447,2.19255159526128,-0.24724862162427,0.804715818483796,-4.8394275207264,3.75521680118951,0.983038566973875
"virus_comp_16559_cycle_1_3","fixed","cond",NA,"Delivery.ModeC-Section",4.84129016620084,5.12782125347996,0.944122255220056,0.345107177818401,-5.20905480977892,14.8916351421806,0.999999650716233
"virus_comp_16559_cycle_1_3","fixed","cond",NA,"Dx.StatusCELIAC:onset_timeline_combinedt0-6",0.11279277053653,3.3267760252447,0.0339045278914541,0.972953282530317,-6.4075684235744,6.63315396464746,0.999999878775183
"virus_comp_16559_cycle_1_3","fixed","cond",NA,"Dx.StatusCELIAC:onset_timeline_combinedt0-12",4.76847845379243,2.23083105294333,2.13753455130587,0.032554538585032,0.396129934429935,9.14082697315492,0.210124749048843
"virus_comp_16559_cycle_1_3","fixed","cond",NA,"Dx.StatusCELIAC:onset_timeline_combinedt0-18",5.94455702943429,4.15925671281479,1.42923542351184,0.152936579468357,-2.20743633013914,14.0965503890077,0.980494895288232
"virus_comp_16559_cycle_1_3","fixed","cond",NA,"Dx.StatusCELIAC:onset_timeline_combinedt0-24",5.16115145515124,4.35980490101201,1.18380330595831,0.236490933265996,-3.38390913045351,13.706212040756,0.999998617618745
"virus_comp_16559_cycle_1_3","fixed","cond",NA,"Dx.StatusCELIAC:onset_timeline_combinedt0-30",3.50143940843844,3.07282955361079,1.13948377134163,0.25450143331452,-2.52119584726899,9.52407466414588,0.999999714796086
"virus_comp_16559_cycle_1_3","fixed","cond",NA,"Dx.StatusCELIAC:onset_timeline_combinedt0-36",3.1180843446236,4.30390635752707,0.724477738501538,0.468772489265786,-5.31741710896242,11.5535857982096,0.999999153356744
"virus_comp_16559_cycle_1_3","fixed","cond",NA,"Dx.StatusCELIAC:onset_timeline_combinedt0-over42",1.19200338495691,1.38760399389294,0.859037153397586,0.390320018413713,-1.52765046787718,3.911657237791,0.999996861415992
"virus_comp_17776_cycle_1_1","fixed","cond",NA,"(Intercept)",-6.09435582255046,1.63228425133634,-3.73363635504114,0.000188734939800462,-9.2935741677016,-2.89513747739931,0.00909501633851248
"virus_comp_17776_cycle_1_1","fixed","cond",NA,"Dx.StatusCELIAC",0.158638137806867,1.32038882509455,0.120145016976728,0.904368272249061,-2.42927640496761,2.74655268058134,0.999986353446738
"virus_comp_17776_cycle_1_1","fixed","cond",NA,"onset_timeline_combinedt0-6",-16.9361238944193,7242.5563850964,-0.00233841795547082,0.99813421411704,-14212.085794684,14178.2135468951,0.999999447029537
"virus_comp_17776_cycle_1_1","fixed","cond",NA,"onset_timeline_combinedt0-12",0.12967190595665,1.42197339723375,0.0911915132933632,0.927340418267677,-2.65734473959557,2.91668855150887,0.99998627227119
"virus_comp_17776_cycle_1_1","fixed","cond",NA,"onset_timeline_combinedt0-18",2.35538975016048,1.32032439654338,1.78394776035867,0.0744321541395054,-0.232398514974124,4.94317801529508,0.768724300903059
"virus_comp_17776_cycle_1_1","fixed","cond",NA,"onset_timeline_combinedt0-24",1.23501036117057,1.25270024696524,0.985878596386071,0.324192691141841,-1.22023700630572,3.69025772864686,0.99999582928833
"virus_comp_17776_cycle_1_1","fixed","cond",NA,"onset_timeline_combinedt0-30",0.830602139411859,1.44339451933066,0.575450528797236,0.564986639374876,-1.99839913395873,3.65960341278245,0.999987296772671
"virus_comp_17776_cycle_1_1","fixed","cond",NA,"onset_timeline_combinedt0-36",2.66821978542333,1.1669516128588,2.28648707968853,0.0222257791406868,0.38103665251916,4.95540291832751,0.391284665407418
"virus_comp_17776_cycle_1_1","fixed","cond",NA,"onset_timeline_combinedt0-over42",0.693510397125601,1.33583029096934,0.519160556407474,0.603648782354282,-1.92466886263197,3.31168965688317,0.999994751597901
"virus_comp_17776_cycle_1_1","fixed","cond",NA,"SexMale",-0.332141046300732,0.772359824343823,-0.430034079754097,0.667170850832438,-1.84593848512031,1.18165639251884,0.990535691749098
"virus_comp_17776_cycle_1_1","fixed","cond",NA,"Age.at.Gluten.Introduction..months.",0.146847370203855,0.0936543543926591,1.56797162455657,0.116887754650113,-0.0367117914011076,0.330406531808817,0.5212200923141
"virus_comp_17776_cycle_1_1","fixed","cond",NA,"HLA.CategoryHigh Risk",2.50166492560966,0.84603500297409,2.95692839754324,0.00310720263731411,0.843466790120212,4.15986306109912,0.12514190781631
"virus_comp_17776_cycle_1_1","fixed","cond",NA,"HLA.CategoryLow/No Risk",-0.546344430762746,2.46778432555436,-0.221390672233894,0.824788254726208,-5.38311283046175,4.29042396893626,0.999989527982172
"virus_comp_17776_cycle_1_1","fixed","cond",NA,"feeding_first_yearFormula",0.303090010733113,0.925285259197484,0.32756385959935,0.743241451392246,-1.51043577271976,2.11661579418599,0.999985531355603
"virus_comp_17776_cycle_1_1","fixed","cond",NA,"feeding_first_yearBreastmilk_and_formula",1.19718967317442,0.832636570957616,1.43782979865698,0.150482352190773,-0.434748018113431,2.82912736446228,0.836964856897864
"virus_comp_17776_cycle_1_1","fixed","cond",NA,"Delivery.ModeC-Section",1.03445892125219,2.21626463255997,0.46675785285501,0.640673133376601,-3.30933993877524,5.37825778127962,0.999999650716233
"virus_comp_17776_cycle_1_1","fixed","cond",NA,"Dx.StatusCELIAC:onset_timeline_combinedt0-6",-1.99999799387396,23102.4201124894,-8.657092997771e-05,0.999930926391643,-45281.9113741869,45277.9113781992,0.999999878775183
"virus_comp_17776_cycle_1_1","fixed","cond",NA,"Dx.StatusCELIAC:onset_timeline_combinedt0-12",-0.999538852020365,1.92460236704618,-0.519348239997454,0.603517919011456,-4.7716901759914,2.77261247195067,0.999997398262547
"virus_comp_17776_cycle_1_1","fixed","cond",NA,"Dx.StatusCELIAC:onset_timeline_combinedt0-18",-24.7621277430876,112274.372683559,-0.000220550132245038,0.999824026456025,-220078.488974346,220028.96471886,0.999999861216808
"virus_comp_17776_cycle_1_1","fixed","cond",NA,"Dx.StatusCELIAC:onset_timeline_combinedt0-24",-26.200037880562,171888.235446444,-0.000152424846368996,0.99987838256887,-336920.950879052,336868.55080329,0.999998617618745
"virus_comp_17776_cycle_1_1","fixed","cond",NA,"Dx.StatusCELIAC:onset_timeline_combinedt0-30",-26.9412988969464,424847.543196955,-6.34140395263077e-05,0.999949402916958,-832712.824885254,832658.94228746,0.999999714796086
"virus_comp_17776_cycle_1_1","fixed","cond",NA,"Dx.StatusCELIAC:onset_timeline_combinedt0-36",-27.6880503243383,176315.85485858,-0.000157036645096645,0.999874702885912,-345600.413476532,345545.037375883,0.999999153356744
"virus_comp_17776_cycle_1_1","fixed","cond",NA,"Dx.StatusCELIAC:onset_timeline_combinedt0-over42",-25.9577969523266,112735.037394888,-0.000230254919430254,0.999816283156361,-220982.570886708,220930.655292804,0.999996861415992
"virus_comp_17776_cycle_1_5","fixed","cond",NA,"(Intercept)",-4.47183843467092,1.58196341493747,-2.82676476108499,0.00470208556438188,-7.57242975280835,-1.37124711653348,0.0256806211593164
"virus_comp_17776_cycle_1_5","fixed","cond",NA,"Dx.StatusCELIAC",-0.913040681109252,1.30985381503419,-0.6970554046792,0.485768121238963,-3.48030698358866,1.65422562137015,0.999986353446738
"virus_comp_17776_cycle_1_5","fixed","cond",NA,"onset_timeline_combinedt0-6",-22.2333473636495,72625.6511037205,-0.000306136289668465,0.999755738584787,-142365.893864427,142321.4271697,0.999999447029537
"virus_comp_17776_cycle_1_5","fixed","cond",NA,"onset_timeline_combinedt0-12",-21.5093117957504,37597.7391025428,-0.000572090564730145,0.99954353779592,-73711.7238529129,73668.7052293215,0.99998627227119
"virus_comp_17776_cycle_1_5","fixed","cond",NA,"onset_timeline_combinedt0-18",1.49824478740352,1.11750043688539,1.34071069500367,0.180014400802325,-0.69201582159962,3.68850539640665,0.999997145165192
"virus_comp_17776_cycle_1_5","fixed","cond",NA,"onset_timeline_combinedt0-24",0.91415875228401,0.955461789396179,0.956771649509635,0.338682524763294,-0.958511943536694,2.78682944810471,0.99999582928833
"virus_comp_17776_cycle_1_5","fixed","cond",NA,"onset_timeline_combinedt0-30",-19.3378366999648,13848.3876038388,-0.00139639626310028,0.998885837342998,-27161.678784175,27123.0031107751,0.999987296772671
"virus_comp_17776_cycle_1_5","fixed","cond",NA,"onset_timeline_combinedt0-36",1.47306245364331,0.930239428580085,1.58353044214842,0.113300613775721,-0.350173323372772,3.2962982306594,0.396026913744603
"virus_comp_17776_cycle_1_5","fixed","cond",NA,"onset_timeline_combinedt0-over42",0.53408785650115,1.01276472268353,0.527356299581581,0.597946184596311,-1.45089452477126,2.51907023777356,0.999994751597901
"virus_comp_17776_cycle_1_5","fixed","cond",NA,"SexMale",-0.489707372060457,0.857956840315081,-0.570783224807222,0.568146595558322,-2.1712718793678,1.19185713524688,0.990535691749098
"virus_comp_17776_cycle_1_5","fixed","cond",NA,"Age.at.Gluten.Introduction..months.",0.188636123173405,0.122414071847066,1.54096763817375,0.12332466239832,-0.0512910488477427,0.428563295194552,0.5212200923141
"virus_comp_17776_cycle_1_5","fixed","cond",NA,"HLA.CategoryHigh Risk",1.58889328823964,0.75252616642112,2.11141267790877,0.0347368563059796,0.113969104630247,3.06381747184903,0.234887314069005
"virus_comp_17776_cycle_1_5","fixed","cond",NA,"HLA.CategoryLow/No Risk",-2.50264032478572,3.35968481853597,-0.744903304910691,0.456330177079351,-9.0875015685222,4.08222091895076,0.999989527982172
"virus_comp_17776_cycle_1_5","fixed","cond",NA,"feeding_first_yearFormula",-1.45607796089049,1.22740335390691,-1.18630762760725,0.235500835490513,-3.86174432905171,0.949588407270729,0.999985531355603
"virus_comp_17776_cycle_1_5","fixed","cond",NA,"feeding_first_yearBreastmilk_and_formula",0.032677501510028,0.796538563125359,0.0410243810190584,0.967276458978128,-1.52850939451296,1.59386439753301,0.999873453234146
"virus_comp_17776_cycle_1_5","fixed","cond",NA,"Delivery.ModeC-Section",1.99678036115079,2.93385223989302,0.680600179518108,0.496124513310155,-3.75346436500169,7.74702508730326,0.999999650716233
"virus_comp_17776_cycle_1_5","fixed","cond",NA,"Dx.StatusCELIAC:onset_timeline_combinedt0-6",-1.07342828424222,309840.107856672,-3.46445878704243e-06,0.999997235761822,-607276.525793367,607274.378936798,0.999999878775183
"virus_comp_17776_cycle_1_5","fixed","cond",NA,"Dx.StatusCELIAC:onset_timeline_combinedt0-12",21.497615666193,37597.7391308511,0.000571779478318498,0.999543786006924,-73668.7169809342,73711.7122122666,0.999997398262547
"virus_comp_17776_cycle_1_5","fixed","cond",NA,"Dx.StatusCELIAC:onset_timeline_combinedt0-18",-26.2897588866313,404457.59852315,-6.5000037043751e-05,0.999948137474028,-792748.616137821,792696.036620048,0.999999861216808
"virus_comp_17776_cycle_1_5","fixed","cond",NA,"Dx.StatusCELIAC:onset_timeline_combinedt0-24",-28.082536518776,770849.772430045,-3.64306217932035e-05,0.999970932569337,-1510865.8739903,1510809.70891726,0.999998617618745
"virus_comp_17776_cycle_1_5","fixed","cond",NA,"Dx.StatusCELIAC:onset_timeline_combinedt0-30",-0.63984880531078,31366.3742735914,-2.0399195639564e-05,0.999983723796747,-61477.6037506481,61476.3240530375,0.999999714796086
"virus_comp_17776_cycle_1_5","fixed","cond",NA,"Dx.StatusCELIAC:onset_timeline_combinedt0-36",-1.44054105062238,1.72602455586029,-0.834600554048542,0.403942650105265,-4.82348701654029,1.94240491529552,0.999999153356744
"virus_comp_17776_cycle_1_5","fixed","cond",NA,"Dx.StatusCELIAC:onset_timeline_combinedt0-over42",-28.8797803763686,842278.244565881,-3.42876959754001e-05,0.999972642376761,-1650863.90409112,1650806.14453037,0.999996861415992
"virus_comp_17783_cycle_1_3","fixed","cond",NA,"(Intercept)",-2.84485774543032,1.22848626421552,-2.31574241267319,0.0205723371838669,-5.2526465787949,-0.437068912065744,0.057279840786453
"virus_comp_17783_cycle_1_3","fixed","cond",NA,"Dx.StatusCELIAC",0.149258368082908,1.02519166025745,0.145590696714628,0.884244512672319,-1.86008036327252,2.15859709943833,0.999986353446738
"virus_comp_17783_cycle_1_3","fixed","cond",NA,"onset_timeline_combinedt0-6",0.527677990113715,1.27663660803285,0.41333452823886,0.679361535781893,-1.97448378297604,3.02983976320347,0.999999447029537
"virus_comp_17783_cycle_1_3","fixed","cond",NA,"onset_timeline_combinedt0-12",-0.71516090592602,1.23212820877248,-0.580427345818585,0.561626468639577,-3.13008781945594,1.6997660076039,0.99998627227119
"virus_comp_17783_cycle_1_3","fixed","cond",NA,"onset_timeline_combinedt0-18",1.31290562833456,0.973301218360848,1.34892015294674,0.177362614331465,-0.59472970576165,3.22054096243078,0.999997145165192
"virus_comp_17783_cycle_1_3","fixed","cond",NA,"onset_timeline_combinedt0-24",0.301875507550419,1.00836213473238,0.299372117568195,0.7646561341186,-1.67447795989898,2.27822897499982,0.99999582928833
"virus_comp_17783_cycle_1_3","fixed","cond",NA,"onset_timeline_combinedt0-30",1.42873635404421,0.892324113769575,1.60114058557556,0.109345784786745,-0.320186771480778,3.1776594795692,0.765753499201465
"virus_comp_17783_cycle_1_3","fixed","cond",NA,"onset_timeline_combinedt0-36",1.15208827132477,0.877010958594089,1.31365322181566,0.188962929587139,-0.566821621566594,2.87099816421613,0.447590984981302
"virus_comp_17783_cycle_1_3","fixed","cond",NA,"onset_timeline_combinedt0-over42",-0.37925701025531,1.03448370174882,-0.36661477567425,0.713906385146998,-2.40680780827667,1.64829378776605,0.999994751597901
"virus_comp_17783_cycle_1_3","fixed","cond",NA,"SexMale",0.0626412936457062,0.567845101392902,0.110314051300345,0.91216031394993,-1.05031465388188,1.17559724117329,0.994111673083809
"virus_comp_17783_cycle_1_3","fixed","cond",NA,"Age.at.Gluten.Introduction..months.",0.0797047164922618,0.100111857810709,0.796156601578277,0.425941018688584,-0.116510919242123,0.275920352226646,0.745668690023262
"virus_comp_17783_cycle_1_3","fixed","cond",NA,"HLA.CategoryHigh Risk",-0.802162679950973,0.479736324105646,-1.6720907707925,0.0945064242636889,-1.74242859727367,0.138103237371728,0.516150470978609
"virus_comp_17783_cycle_1_3","fixed","cond",NA,"HLA.CategoryLow/No Risk",-27.456522235916,208345.070869559,-0.00013178388200557,0.999894851675489,-408376.291783016,408321.378738544,0.999989527982172
"virus_comp_17783_cycle_1_3","fixed","cond",NA,"feeding_first_yearFormula",1.6242338699184,0.658518430528557,2.46649720739739,0.0136441792369858,0.333561462926586,2.91490627691021,0.479239331774334
"virus_comp_17783_cycle_1_3","fixed","cond",NA,"feeding_first_yearBreastmilk_and_formula",0.670524936725978,0.485646350310093,1.38068562915759,0.167375641816149,-0.281324419105126,1.62237429255708,0.836964856897864
"virus_comp_17783_cycle_1_3","fixed","cond",NA,"Delivery.ModeC-Section",26.0136793601895,208345.07086622,0.00012485862637419,0.999900377229992,-408322.821574875,408374.848933596,0.999999650716233
"virus_comp_17783_cycle_1_3","fixed","cond",NA,"Dx.StatusCELIAC:onset_timeline_combinedt0-6",0.0822353994509152,1.79772196673366,0.0457442257327095,0.963514113646288,-3.44123490956357,3.60570570846541,0.999999878775183
"virus_comp_17783_cycle_1_3","fixed","cond",NA,"Dx.StatusCELIAC:onset_timeline_combinedt0-12",-19.582926763556,18982.1146707604,-0.00103165148368433,0.999176861355051,-37223.8440318633,37184.6781783362,0.999997398262547
"virus_comp_17783_cycle_1_3","fixed","cond",NA,"Dx.StatusCELIAC:onset_timeline_combinedt0-18",-1.48412007594128,1.56488968835902,-0.948386385942361,0.342932787542999,-4.55124750490306,1.58300735302051,0.999999861216808
"virus_comp_17783_cycle_1_3","fixed","cond",NA,"Dx.StatusCELIAC:onset_timeline_combinedt0-24",-0.638460248630433,1.58581945585741,-0.402605886989344,0.687238178185091,-3.74660926809387,2.469688770833,0.999998617618745
"virus_comp_17783_cycle_1_3","fixed","cond",NA,"Dx.StatusCELIAC:onset_timeline_combinedt0-30",-26.9546394688674,297569.129777481,-9.0582781517101e-05,0.999927725397252,-583251.731914257,583197.822635319,0.999999714796086
"virus_comp_17783_cycle_1_3","fixed","cond",NA,"Dx.StatusCELIAC:onset_timeline_combinedt0-36",-0.604206809820922,1.33541690185871,-0.452448077435558,0.650946218437802,-3.22157584181005,2.01316222216821,0.999999153356744
"virus_comp_17783_cycle_1_3","fixed","cond",NA,"Dx.StatusCELIAC:onset_timeline_combinedt0-over42",0.0230923301511163,1.60783235978964,0.0143623991708548,0.988540857409318,-3.12820118821462,3.17438584851685,0.999996861415992
"virus_comp_17783_cycle_1_6","fixed","cond",NA,"(Intercept)",-0.717061431583941,1.38676051394623,-0.517076614435349,0.605102677641879,-3.43506209410081,2.00093923093293,0.71603816854289
"virus_comp_17783_cycle_1_6","fixed","cond",NA,"Dx.StatusCELIAC",-0.071207311151939,1.08722760271573,-0.065494392318659,0.947780371033098,-2.20213425547259,2.05971963316871,0.999986353446738
"virus_comp_17783_cycle_1_6","fixed","cond",NA,"onset_timeline_combinedt0-6",1.31493065836951,1.39603816391521,0.941901655955999,0.34624299224335,-1.42125386394773,4.05111518068675,0.999999447029537
"virus_comp_17783_cycle_1_6","fixed","cond",NA,"onset_timeline_combinedt0-12",-0.0302618966845744,1.00932588513982,-0.0299822853353081,0.976081181074,-2.00850428022262,1.94798048685348,0.99998627227119
"virus_comp_17783_cycle_1_6","fixed","cond",NA,"onset_timeline_combinedt0-18",1.05236093568591,1.08801881528714,0.967226780364251,0.333430677303615,-1.08011675677883,3.18483862815064,0.999997145165192
"virus_comp_17783_cycle_1_6","fixed","cond",NA,"onset_timeline_combinedt0-24",1.12016886241019,0.886657983370744,1.26336071339675,0.206459576179607,-0.617648851601386,2.85798657642176,0.99999582928833
"virus_comp_17783_cycle_1_6","fixed","cond",NA,"onset_timeline_combinedt0-30",1.87222113177486,0.903465607459914,2.07226607888108,0.0382406339986531,0.101461079882832,3.6429811836669,0.765753499201465
"virus_comp_17783_cycle_1_6","fixed","cond",NA,"onset_timeline_combinedt0-36",0.748486028411321,0.930041875882673,0.804787448630694,0.420942345808634,-1.07436255243279,2.57133460925543,0.642729173170173
"virus_comp_17783_cycle_1_6","fixed","cond",NA,"onset_timeline_combinedt0-over42",-0.604092389390611,1.03909607987898,-0.58136336099061,0.560995585527431,-2.64068328243017,1.43249850364895,0.999994751597901
"virus_comp_17783_cycle_1_6","fixed","cond",NA,"SexMale",-0.0473602622106654,0.673485992285737,-0.0703210798043919,0.943938104780592,-1.36736855118293,1.2726480267616,0.994111673083809
"virus_comp_17783_cycle_1_6","fixed","cond",NA,"Age.at.Gluten.Introduction..months.",-0.21356221304544,0.137194234919151,-1.55664130618385,0.119555671022509,-0.482457972373503,0.0553335462826225,0.5212200923141
"virus_comp_17783_cycle_1_6","fixed","cond",NA,"HLA.CategoryHigh Risk",-0.622036909584154,0.584599038982841,-1.06404025341275,0.28731046470421,-1.76782997138725,0.523756152218941,0.903310309051692
"virus_comp_17783_cycle_1_6","fixed","cond",NA,"HLA.CategoryLow/No Risk",-1.02978845625062,1.21613635294929,-0.846770556404509,0.397123022705777,-3.41337190832112,1.35379499581988,0.999989527982172
"virus_comp_17783_cycle_1_6","fixed","cond",NA,"feeding_first_yearFormula",0.907164574242029,0.773255637543985,1.17317550651601,0.240725432150799,-0.60838862618674,2.4227177746708,0.999985531355603
"virus_comp_17783_cycle_1_6","fixed","cond",NA,"feeding_first_yearBreastmilk_and_formula",0.833155304314538,0.567935653637466,1.46698890794831,0.14237907276421,-0.27997812235111,1.94628873098019,0.836964856897864
"virus_comp_17783_cycle_1_6","fixed","cond",NA,"Delivery.ModeC-Section",1.65621975666923,1.62982413169,1.016195382352,0.3095363548948,-1.53817684257744,4.85061635591589,0.999999650716233
"virus_comp_17783_cycle_1_6","fixed","cond",NA,"Dx.StatusCELIAC:onset_timeline_combinedt0-6",-23.9551902367996,87498.1814447384,-0.000273779292795121,0.99978155573194,-171517.239534675,171469.329154201,0.999999878775183
"virus_comp_17783_cycle_1_6","fixed","cond",NA,"Dx.StatusCELIAC:onset_timeline_combinedt0-12",-19.8046817834821,16094.9502320168,-0.001230490402144,0.999018210953669,-31565.3274695011,31525.7181059341,0.999997398262547
"virus_comp_17783_cycle_1_6","fixed","cond",NA,"Dx.StatusCELIAC:onset_timeline_combinedt0-18",-0.18199714606511,1.50832196288728,-0.120662000914397,0.903958757901449,-3.13825387041494,2.77425957828472,0.999999861216808
"virus_comp_17783_cycle_1_6","fixed","cond",NA,"Dx.StatusCELIAC:onset_timeline_combinedt0-24",-0.529774452781613,1.35239678216546,-0.391730045329846,0.695257687742636,-3.18042343863377,2.12087453307055,0.999998617618745
"virus_comp_17783_cycle_1_6","fixed","cond",NA,"Dx.StatusCELIAC:onset_timeline_combinedt0-30",-2.14745630950903,1.53522734792238,-1.39878716492068,0.161876816340533,-5.15644661951783,0.861534000499768,0.999999714796086
"virus_comp_17783_cycle_1_6","fixed","cond",NA,"Dx.StatusCELIAC:onset_timeline_combinedt0-36",-20.8507555259092,18180.7109823341,-0.00114686139316386,0.999084937201609,-35654.3894942325,35612.6879831807,0.999999153356744
"virus_comp_17783_cycle_1_6","fixed","cond",NA,"Dx.StatusCELIAC:onset_timeline_combinedt0-over42",0.979173411645236,1.44100699421762,0.679506356023531,0.496817081725229,-1.84514839849161,3.80349522178208,0.999996861415992
"virus_comp_18003_cycle_1_1","fixed","cond",NA,"(Intercept)",-1.76209032985186,1.42448002244864,-1.23700599663228,0.216084856377747,-4.55401987054801,1.02983921084429,0.348682381882273
"virus_comp_18003_cycle_1_1","fixed","cond",NA,"Dx.StatusCELIAC",1.71462649657487,1.17244399403685,1.46243786935291,0.143621258415481,-0.583321505627658,4.01257449877739,0.999986353446738
"virus_comp_18003_cycle_1_1","fixed","cond",NA,"onset_timeline_combinedt0-6",1.6209905851176,1.51887945498872,1.06722793556361,0.285868920724509,-1.35595844351812,4.59793961375331,0.999999447029537
"virus_comp_18003_cycle_1_1","fixed","cond",NA,"onset_timeline_combinedt0-12",0.75690836089591,1.2354456332967,0.612660193614636,0.540101048283279,-1.66452058522289,3.17833730701471,0.99998627227119
"virus_comp_18003_cycle_1_1","fixed","cond",NA,"onset_timeline_combinedt0-18",1.17925422301227,1.25911933917157,0.936570654047896,0.348979453096775,-1.28857433400188,3.64708278002642,0.999997145165192
"virus_comp_18003_cycle_1_1","fixed","cond",NA,"onset_timeline_combinedt0-24",1.08187873551966,1.23724384893959,0.874426441034163,0.381886063178712,-1.34307464849566,3.50683211953498,0.99999582928833
"virus_comp_18003_cycle_1_1","fixed","cond",NA,"onset_timeline_combinedt0-30",1.50388571829839,1.16666870509663,1.2890426491502,0.197383259902564,-0.782742925580976,3.79051436217776,0.765753499201465
"virus_comp_18003_cycle_1_1","fixed","cond",NA,"onset_timeline_combinedt0-36",1.0129975256931,1.23475485466766,0.820403760198829,0.411985972603291,-1.40707751919149,3.4330725705777,0.642729173170173
"virus_comp_18003_cycle_1_1","fixed","cond",NA,"onset_timeline_combinedt0-over42",0.59914258734499,1.44951669861043,0.413339555121617,0.679357853307359,-2.24185793692085,3.44014311161083,0.999994751597901
"virus_comp_18003_cycle_1_1","fixed","cond",NA,"SexMale",0.651114160342851,0.569884244092506,1.14253757160754,0.25323063805601,-0.465838433435294,1.768066754121,0.990535691749098
"virus_comp_18003_cycle_1_1","fixed","cond",NA,"Age.at.Gluten.Introduction..months.",-0.161573567477737,0.111461004842026,-1.44959726234961,0.147170859892281,-0.380033122648752,0.0568859876932775,0.5212200923141
"virus_comp_18003_cycle_1_1","fixed","cond",NA,"HLA.CategoryHigh Risk",-0.294730716729576,0.543224388525991,-0.542557961230922,0.58743418998228,-1.35943095376431,0.76996952030516,0.978697013291682
"virus_comp_18003_cycle_1_1","fixed","cond",NA,"HLA.CategoryLow/No Risk",0.498060536068298,0.844026975412355,0.590100258140408,0.555123435790944,-1.15620193772019,2.15232300985679,0.999989527982172
"virus_comp_18003_cycle_1_1","fixed","cond",NA,"feeding_first_yearFormula",0.99792657668451,0.745497092891399,1.33860559108831,0.180699105012361,-0.463220875961943,2.45907402933096,0.999985531355603
"virus_comp_18003_cycle_1_1","fixed","cond",NA,"feeding_first_yearBreastmilk_and_formula",-0.159723606305819,0.57779694932386,-0.27643553066995,0.78221356996211,-1.2921848173577,0.97273760474606,0.983038566973875
"virus_comp_18003_cycle_1_1","fixed","cond",NA,"Delivery.ModeC-Section",-20.3008341136388,12878.1696957833,-0.00157637572676852,0.998742234666503,-25261.0496246441,25220.4479564168,0.999999650716233
"virus_comp_18003_cycle_1_1","fixed","cond",NA,"Dx.StatusCELIAC:onset_timeline_combinedt0-6",-0.863380558797348,1.80647259194967,-0.477937258857345,0.632694861502188,-4.40400177807742,2.67724066048272,0.999999878775183
"virus_comp_18003_cycle_1_1","fixed","cond",NA,"Dx.StatusCELIAC:onset_timeline_combinedt0-12",-2.52906270209647,1.67422762647529,-1.51058473895861,0.130894284594548,-5.81048855191001,0.752363147717081,0.536916976073718
"virus_comp_18003_cycle_1_1","fixed","cond",NA,"Dx.StatusCELIAC:onset_timeline_combinedt0-18",-0.924167750479902,1.48549374891007,-0.62212833353084,0.53385748557123,-3.83568199760302,1.98734649664322,0.999999861216808
"virus_comp_18003_cycle_1_1","fixed","cond",NA,"Dx.StatusCELIAC:onset_timeline_combinedt0-24",-1.15167908268674,1.45628433800319,-0.790833941307012,0.429040900751718,-4.00594393642275,1.70258577104927,0.999998617618745
"virus_comp_18003_cycle_1_1","fixed","cond",NA,"Dx.StatusCELIAC:onset_timeline_combinedt0-30",-3.11360939315604,1.62342406965955,-1.91792733109409,0.0551202261237914,-6.2954621013242,0.0682433150121073,0.869674678842042
"virus_comp_18003_cycle_1_1","fixed","cond",NA,"Dx.StatusCELIAC:onset_timeline_combinedt0-36",-22.5835415924064,20291.7591689806,-0.00111294153475511,0.999112001315661,-39793.7006957548,39748.53361257,0.999999153356744
"virus_comp_18003_cycle_1_1","fixed","cond",NA,"Dx.StatusCELIAC:onset_timeline_combinedt0-over42",-0.89877949528287,1.65757683645311,-0.542224936737222,0.587663558611535,-4.1475703963388,2.35001140577306,0.999996861415992
"virus_comp_18116_cycle_1_2","fixed","cond",NA,"(Intercept)",-1.32540062801148,1.72322846225745,-0.769138078345798,0.441811345207234,-4.70286635117041,2.05206509514746,0.568188045513175
"virus_comp_18116_cycle_1_2","fixed","cond",NA,"Dx.StatusCELIAC",-1.65358648056432,1.7071613899013,-0.96861754860794,0.332736044371534,-4.99956132056822,1.69238835943957,0.999986353446738
"virus_comp_18116_cycle_1_2","fixed","cond",NA,"onset_timeline_combinedt0-6",-24.1280343636495,150387.494973278,-0.000160439100125557,0.99987198811961,-294778.201907187,294729.945838459,0.999999447029537
"virus_comp_18116_cycle_1_2","fixed","cond",NA,"onset_timeline_combinedt0-12",0.879511973555513,1.20947137164034,0.727187095270126,0.467111350441487,-1.49100835519181,3.25003230230283,0.99998627227119
"virus_comp_18116_cycle_1_2","fixed","cond",NA,"onset_timeline_combinedt0-18",-21.8485170987835,34836.2306603472,-0.000627177989255104,0.999499584398305,-68299.6059685092,68255.9089343116,0.999997145165192
"virus_comp_18116_cycle_1_2","fixed","cond",NA,"onset_timeline_combinedt0-24",-23.9374682956013,71752.6327243258,-0.00033361101031051,0.999733816930497,-140656.513403904,140608.638467313,0.99999582928833
"virus_comp_18116_cycle_1_2","fixed","cond",NA,"onset_timeline_combinedt0-30",-1.44748184566393,1.25451241138028,-1.15382026716765,0.248573863254401,-3.90628099012777,1.01131729879991,0.765753499201465
"virus_comp_18116_cycle_1_2","fixed","cond",NA,"onset_timeline_combinedt0-36",-1.44750126420595,1.254519988721,-1.15382877691865,0.24857037372873,-3.9063152599847,1.0113127315728,0.526820792081786
"virus_comp_18116_cycle_1_2","fixed","cond",NA,"onset_timeline_combinedt0-over42",-26.2551932685396,210384.444855834,-0.000124796266599134,0.999900426985893,-412372.190018157,412319.67963162,0.999994751597901
"virus_comp_18116_cycle_1_2","fixed","cond",NA,"SexMale",-1.51713586969224,1.62192072418855,-0.935394589307852,0.349584984293652,-4.69604207488092,1.66177033549644,0.990535691749098
"virus_comp_18116_cycle_1_2","fixed","cond",NA,"Age.at.Gluten.Introduction..months.",-0.00565469895478679,0.116615767198868,-0.0484900034584834,0.961325731156035,-0.234217402694074,0.222908004784501,0.991020810761038
"virus_comp_18116_cycle_1_2","fixed","cond",NA,"HLA.CategoryHigh Risk",-0.334179067994935,1.28143789853507,-0.260784442521145,0.794258742491222,-2.84575119754836,2.17739306155849,0.978697013291682
"virus_comp_18116_cycle_1_2","fixed","cond",NA,"HLA.CategoryLow/No Risk",0.40891567622408,1.95902226343379,0.208734573290315,0.834655449001527,-3.43069740501829,4.24852875746645,0.999989527982172
"virus_comp_18116_cycle_1_2","fixed","cond",NA,"feeding_first_yearFormula",-29.534876529918,1077379.38233613,-2.74136270047011e-05,0.99997812709026,-2111654.32194136,2111595.2521883,0.999985531355603
"virus_comp_18116_cycle_1_2","fixed","cond",NA,"feeding_first_yearBreastmilk_and_formula",-1.72788933903285,1.37283189150102,-1.25863140981058,0.208163496423189,-4.41859040320284,0.962811725137142,0.836964856897864
"virus_comp_18116_cycle_1_2","fixed","cond",NA,"Delivery.ModeC-Section",-19.7147180914709,22552.7518308113,-0.000874160201795727,0.999302521160149,-44222.2960587513,44182.8666225684,0.999999650716233
"virus_comp_18116_cycle_1_2","fixed","cond",NA,"Dx.StatusCELIAC:onset_timeline_combinedt0-6",-3.07912328990965,2516501.23236716,-1.22357313014834e-06,0.99999902372989,-4932254.86161359,4932248.70336701,0.999999878775183
"virus_comp_18116_cycle_1_2","fixed","cond",NA,"Dx.StatusCELIAC:onset_timeline_combinedt0-12",0.0843071824368679,1.80657620522142,0.0466668287743415,0.962778768331801,-3.45651711512416,3.6251314799979,0.999997398262547
"virus_comp_18116_cycle_1_2","fixed","cond",NA,"Dx.StatusCELIAC:onset_timeline_combinedt0-18",-6.53285630290293,1235950.40044534,-5.28569455582443e-06,0.999995782625921,-2422424.80440702,2422411.73869441,0.999999861216808
"virus_comp_18116_cycle_1_2","fixed","cond",NA,"Dx.StatusCELIAC:onset_timeline_combinedt0-24",23.496705712882,71752.6327403663,0.000327468203123693,0.999738718181243,-140609.079261335,140656.07267276,0.999998617618745
"virus_comp_18116_cycle_1_2","fixed","cond",NA,"Dx.StatusCELIAC:onset_timeline_combinedt0-30",2.66770789835111,1.88989342259704,1.41156525889445,0.158078007781485,-1.03641514455821,6.37183094126044,0.999999714796086
"virus_comp_18116_cycle_1_2","fixed","cond",NA,"Dx.StatusCELIAC:onset_timeline_combinedt0-36",1.55972390898986,1.98290261915717,0.786586236722416,0.431524118753124,-2.32669380940834,5.44614162738806,0.999999153356744
"virus_comp_18116_cycle_1_2","fixed","cond",NA,"Dx.StatusCELIAC:onset_timeline_combinedt0-over42",26.6221632645063,210384.444862187,0.000126540549525633,0.999899035249487,-412319.312674074,412372.557000603,0.999996861415992
"virus_comp_18116_cycle_1_3","fixed","cond",NA,"(Intercept)",-1.69871430822993,1.74307947357756,-0.97454782411236,0.32978460557704,-5.11508729863298,1.71765868217313,0.466606362461451
"virus_comp_18116_cycle_1_3","fixed","cond",NA,"Dx.StatusCELIAC",-1.26758476322773,1.7049460133446,-0.743475015224147,0.457194142581985,-4.60921754496829,2.07404801851284,0.999986353446738
"virus_comp_18116_cycle_1_3","fixed","cond",NA,"onset_timeline_combinedt0-6",0.794629415066022,1.69650619046281,0.468391697910188,0.639504503938624,-2.53046161779034,4.11972044792238,0.999999447029537
"virus_comp_18116_cycle_1_3","fixed","cond",NA,"onset_timeline_combinedt0-12",0.961370754649048,1.21170488804549,0.793403380752024,0.427542841679114,-1.41352718581126,3.33626869510935,0.99998627227119
"virus_comp_18116_cycle_1_3","fixed","cond",NA,"onset_timeline_combinedt0-18",-21.1495397850432,23725.3888351014,-0.000891430691907258,0.999288741308102,-46522.0571757925,46479.7580962225,0.999997145165192
"virus_comp_18116_cycle_1_3","fixed","cond",NA,"onset_timeline_combinedt0-24",-22.5148446241494,35534.5826966971,-0.000633603743607269,0.999494457389134,-69669.0171358106,69623.9874465623,0.99999582928833
"virus_comp_18116_cycle_1_3","fixed","cond",NA,"onset_timeline_combinedt0-30",-1.39663635569115,1.25098626334342,-1.11642821077704,0.264238883527266,-3.84852437699858,1.05525166561628,0.765753499201465
"virus_comp_18116_cycle_1_3","fixed","cond",NA,"onset_timeline_combinedt0-36",-1.39663512618307,1.2509857860389,-1.11642765391072,0.26423912177909,-3.84852221199085,1.05525195962471,0.534973879737652
"virus_comp_18116_cycle_1_3","fixed","cond",NA,"onset_timeline_combinedt0-over42",-23.8391263296306,64278.6482413747,-0.000370871618832299,0.999704087268077,-126007.674654343,125959.996401684,0.999994751597901
"virus_comp_18116_cycle_1_3","fixed","cond",NA,"SexMale",-1.54593599952759,1.60327950959509,-0.964233616331826,0.334928814169896,-4.688306095485,1.59643409642982,0.990535691749098
"virus_comp_18116_cycle_1_3","fixed","cond",NA,"Age.at.Gluten.Introduction..months.",0.0135244951304965,0.115299069314437,0.117299256714842,0.906622914021368,-0.212457528176788,0.239506518437781,0.991020810761038
"virus_comp_18116_cycle_1_3","fixed","cond",NA,"HLA.CategoryHigh Risk",-0.538197979327405,1.22597847800724,-0.438994638961537,0.660665420877503,-2.94107164204283,1.86467568338802,0.978697013291682
"virus_comp_18116_cycle_1_3","fixed","cond",NA,"HLA.CategoryLow/No Risk",0.782079515931166,1.99561270273828,0.391899447652361,0.695132511117514,-3.12924950852649,4.69340854038882,0.999989527982172
"virus_comp_18116_cycle_1_3","fixed","cond",NA,"feeding_first_yearFormula",-1.79111608225539,1.90139641402259,-0.942000347242744,0.346192462129877,-5.51778457407327,1.9355524095625,0.999985531355603
"virus_comp_18116_cycle_1_3","fixed","cond",NA,"feeding_first_yearBreastmilk_and_formula",-2.40403708093679,1.50385048259881,-1.59858783087422,0.109912215438969,-5.35152986496365,0.543455703090061,0.836964856897864
"virus_comp_18116_cycle_1_3","fixed","cond",NA,"Delivery.ModeC-Section",-21.1173891015222,31362.7509301723,-0.000673327067148513,0.999462762769346,-61490.9796683393,61448.7448901363,0.999999650716233
"virus_comp_18116_cycle_1_3","fixed","cond",NA,"Dx.StatusCELIAC:onset_timeline_combinedt0-6",2.6127265057729,2.70444418165793,0.966086312112825,0.334000993198306,-2.68788668847555,7.91333970002135,0.999999878775183
"virus_comp_18116_cycle_1_3","fixed","cond",NA,"Dx.StatusCELIAC:onset_timeline_combinedt0-12",0.467319287265693,1.7263137824058,0.270703560400494,0.786619038223115,-2.91619355226479,3.85083212679617,0.999997398262547
"virus_comp_18116_cycle_1_3","fixed","cond",NA,"Dx.StatusCELIAC:onset_timeline_combinedt0-18",-4.44678229501183,329987.601386496,-1.34756041630896e-05,0.999989248023491,-646768.260844587,646759.367279997,0.999999861216808
"virus_comp_18116_cycle_1_3","fixed","cond",NA,"Dx.StatusCELIAC:onset_timeline_combinedt0-24",22.2013974469557,35534.5827281306,0.000624782838082411,0.999501495452072,-69624.3009553481,69668.703750242,0.999998617618745
"virus_comp_18116_cycle_1_3","fixed","cond",NA,"Dx.StatusCELIAC:onset_timeline_combinedt0-30",2.46960774277922,1.83897272549038,1.34292787954246,0.179295327893492,-1.13471256773338,6.07392805329182,0.999999714796086
"virus_comp_18116_cycle_1_3","fixed","cond",NA,"Dx.StatusCELIAC:onset_timeline_combinedt0-36",2.53496208970881,1.85263702963616,1.36829937497614,0.171218386360955,-1.09613976480333,6.16606394422095,0.902673409591648
"virus_comp_18116_cycle_1_3","fixed","cond",NA,"Dx.StatusCELIAC:onset_timeline_combinedt0-over42",24.1694364080114,64278.648260437,0.000376010340324588,0.999699987161822,-125959.666128967,126008.005001783,0.999996861415992
"virus_comp_18116_cycle_1_4","fixed","cond",NA,"(Intercept)",-2.35113290518915,1.81733516495667,-1.29372553314633,0.19576024254923,-5.91304437634239,1.21077856596408,0.31951671772403
"virus_comp_18116_cycle_1_4","fixed","cond",NA,"Dx.StatusCELIAC",-0.872683861677146,1.73203431307635,-0.503849060661582,0.614367448834201,-4.26740873529436,2.52204101194007,0.999986353446738
"virus_comp_18116_cycle_1_4","fixed","cond",NA,"onset_timeline_combinedt0-6",0.610268835901067,1.67450341972488,0.364447649800162,0.715523758993945,-2.67169755874886,3.89223523055099,0.999999447029537
"virus_comp_18116_cycle_1_4","fixed","cond",NA,"onset_timeline_combinedt0-12",1.29528293347866,1.22668551569811,1.05592094868872,0.291004332435704,-1.10897649764657,3.6995423646039,0.99998627227119
"virus_comp_18116_cycle_1_4","fixed","cond",NA,"onset_timeline_combinedt0-18",-24.3731315822601,116170.171640085,-0.000209805419396059,0.999832599496319,-227713.725623984,227664.97936082,0.999997145165192
"virus_comp_18116_cycle_1_4","fixed","cond",NA,"onset_timeline_combinedt0-24",-26.6236247632468,301446.339521678,-8.83196153766272e-05,0.999929531142567,-590850.592358685,590797.345109159,0.99999582928833
"virus_comp_18116_cycle_1_4","fixed","cond",NA,"onset_timeline_combinedt0-30",-1.11227449369757,1.24173730321803,-0.895740581212347,0.370391331143941,-3.54603488626479,1.32148589886966,0.969997944520231
"virus_comp_18116_cycle_1_4","fixed","cond",NA,"onset_timeline_combinedt0-36",-1.11226638632088,1.24173427625889,-0.895736235671877,0.370393652578036,-3.54602084615721,1.32148807351545,0.597680666660012
"virus_comp_18116_cycle_1_4","fixed","cond",NA,"onset_timeline_combinedt0-over42",-1.1559096219952,1.2835026971537,-0.900589943876666,0.367806383315265,-3.67152868247647,1.35970943848607,0.999994751597901
"virus_comp_18116_cycle_1_4","fixed","cond",NA,"SexMale",-1.04974396933937,1.51434842779082,-0.693198441042242,0.488185026391062,-4.01781234785423,1.91832440917549,0.990535691749098
"virus_comp_18116_cycle_1_4","fixed","cond",NA,"Age.at.Gluten.Introduction..months.",0.0235666370372479,0.11817192732048,0.199426696099621,0.841928979406931,-0.208046084494578,0.255179358569074,0.991020810761038
"virus_comp_18116_cycle_1_4","fixed","cond",NA,"HLA.CategoryHigh Risk",-0.24290657444802,1.24813757019913,-0.19461522531468,0.845694182885628,-2.68921125978964,2.2033981108936,0.984332573522616
"virus_comp_18116_cycle_1_4","fixed","cond",NA,"HLA.CategoryLow/No Risk",0.0614866902549042,2.00930802238076,0.0306009280657978,0.975587802008223,-3.87668466745879,3.99965804796859,0.999989527982172
"virus_comp_18116_cycle_1_4","fixed","cond",NA,"feeding_first_yearFormula",-1.65486674700484,1.90088737691724,-0.870575904233009,0.383985757807293,-5.38053754442944,2.07080405041977,0.999985531355603
"virus_comp_18116_cycle_1_4","fixed","cond",NA,"feeding_first_yearBreastmilk_and_formula",-1.97320828793209,1.37659072845828,-1.43340227937028,0.151742907385947,-4.67127653716208,0.724859961297889,0.836964856897864
"virus_comp_18116_cycle_1_4","fixed","cond",NA,"Delivery.ModeC-Section",-22.8528870454767,93672.9328094526,-0.000243964679657928,0.999805344350651,-183618.427519813,183572.721745722,0.999999650716233
"virus_comp_18116_cycle_1_4","fixed","cond",NA,"Dx.StatusCELIAC:onset_timeline_combinedt0-6",-17.269957045064,13174.6437750011,-0.00131084812158897,0.998954094821761,-25839.0972651921,25804.557351102,0.999999878775183
"virus_comp_18116_cycle_1_4","fixed","cond",NA,"Dx.StatusCELIAC:onset_timeline_combinedt0-12",-0.345081799724269,1.82170717596863,-0.189427699619607,0.849757616301696,-3.91556225500096,3.22539865555242,0.999997398262547
"virus_comp_18116_cycle_1_4","fixed","cond",NA,"Dx.StatusCELIAC:onset_timeline_combinedt0-18",-4.26070330514698,1371243.84266749,-3.10718135795499e-06,0.999997520827967,-2687592.80635389,2687584.28494728,0.999999861216808
"virus_comp_18116_cycle_1_4","fixed","cond",NA,"Dx.StatusCELIAC:onset_timeline_combinedt0-24",26.1636257749569,301446.339525477,8.67936423316417e-05,0.999930748692895,-590797.805115593,590850.132367143,0.999998617618745
"virus_comp_18116_cycle_1_4","fixed","cond",NA,"Dx.StatusCELIAC:onset_timeline_combinedt0-30",2.99409080739743,1.81576157520808,1.6489449101016,0.0991589213546406,-0.564736484522123,6.55291809931697,0.999999714796086
"virus_comp_18116_cycle_1_4","fixed","cond",NA,"Dx.StatusCELIAC:onset_timeline_combinedt0-36",1.22971374882673,1.98005261342047,0.621051047074172,0.53456603680137,-2.65111806097179,5.11054555862526,0.999999153356744
"virus_comp_18116_cycle_1_4","fixed","cond",NA,"Dx.StatusCELIAC:onset_timeline_combinedt0-over42",1.70330012997185,2.08244259753781,0.817933772573495,0.413395004640857,-2.37821236107429,5.78481262101799,0.999996861415992
"virus_comp_1898_cycle_1_10","fixed","cond",NA,"(Intercept)",-4.90240774953792,1.83936290916749,-2.66527487593886,0.00769254171970922,-8.50749280600501,-1.29732269307082,0.036411364139957
"virus_comp_1898_cycle_1_10","fixed","cond",NA,"Dx.StatusCELIAC",0.644254236542252,1.68040095792357,0.383393161914368,0.701428272720203,-2.64927112057456,3.93777959365906,0.999986353446738
"virus_comp_1898_cycle_1_10","fixed","cond",NA,"onset_timeline_combinedt0-6",-19.6551323661178,40887.5492681432,-0.000480711921304409,0.99961644739457,-80157.7791140338,80118.4688493016,0.999999447029537
"virus_comp_1898_cycle_1_10","fixed","cond",NA,"onset_timeline_combinedt0-12",0.0251695761770332,1.50449439958524,0.0167295911397025,0.986652340146095,-2.92358526195224,2.97392441430631,0.99998627227119
"virus_comp_1898_cycle_1_10","fixed","cond",NA,"onset_timeline_combinedt0-18",0.56659071123122,1.63838706306594,0.345822256537445,0.729476297693878,-2.64458892511437,3.77777034757681,0.999997145165192
"virus_comp_1898_cycle_1_10","fixed","cond",NA,"onset_timeline_combinedt0-24",0.259755547745517,1.55490871207051,0.167055175476911,0.867326635091231,-2.78780952716025,3.30732062265129,0.99999582928833
"virus_comp_1898_cycle_1_10","fixed","cond",NA,"onset_timeline_combinedt0-30",-0.231047204681007,1.5698906631764,-0.147174074029794,0.882994623668094,-3.30797636417245,2.84588195481044,0.999987296772671
"virus_comp_1898_cycle_1_10","fixed","cond",NA,"onset_timeline_combinedt0-36",1.39779796391905,1.4232408170554,0.982123297173991,0.326039109357451,-1.39170277883689,4.18729870667499,0.580687358814689
"virus_comp_1898_cycle_1_10","fixed","cond",NA,"onset_timeline_combinedt0-over42",1.14728296716886,1.3577193675828,0.845007440095228,0.398106685022819,-1.51379809440593,3.80836402874365,0.999994751597901
"virus_comp_1898_cycle_1_10","fixed","cond",NA,"SexMale",-0.80004964100669,1.32111407307345,-0.605587100548744,0.544788970234068,-3.38938564369966,1.78928636168628,0.990535691749098
"virus_comp_1898_cycle_1_10","fixed","cond",NA,"Age.at.Gluten.Introduction..months.",0.0456063542824974,0.11297573579136,0.403682737386387,0.686446035368873,-0.175822018995481,0.267034727560476,0.913707944260934
"virus_comp_1898_cycle_1_10","fixed","cond",NA,"HLA.CategoryHigh Risk",-0.499656467019887,1.09205781744254,-0.457536642327252,0.647285371178552,-2.64005045824268,1.64073752420291,0.978697013291682
"virus_comp_1898_cycle_1_10","fixed","cond",NA,"HLA.CategoryLow/No Risk",-1.24166169327322,3.04288781807928,-0.408053719856482,0.683234236169731,-7.20561222570428,4.72228883915783,0.999989527982172
"virus_comp_1898_cycle_1_10","fixed","cond",NA,"feeding_first_yearFormula",3.36435145672489,1.34261427597226,2.50582130469942,0.0122167344375183,0.732875830689933,5.99582708275984,0.479239331774334
"virus_comp_1898_cycle_1_10","fixed","cond",NA,"feeding_first_yearBreastmilk_and_formula",0.823942970915621,1.09213061172291,0.754436293673514,0.45058728534693,-1.31659369447498,2.96447963630623,0.9432749467162
"virus_comp_1898_cycle_1_10","fixed","cond",NA,"Delivery.ModeC-Section",-0.00103336300272183,3.03321120276174,-0.000340682838630212,0.999728174428185,-5.94601807791915,5.94395135191371,0.999999650716233
"virus_comp_1898_cycle_1_10","fixed","cond",NA,"Dx.StatusCELIAC:onset_timeline_combinedt0-6",21.8631049555484,40887.5492981459,0.000534713019753909,0.999573360757409,-80116.2609355163,80159.9871454275,0.999999878775183
"virus_comp_1898_cycle_1_10","fixed","cond",NA,"Dx.StatusCELIAC:onset_timeline_combinedt0-12",-21.2998828925427,42555.848404545,-0.000500515997003784,0.99960064603023,-83429.230087347,83386.6303215619,0.999997398262547
"virus_comp_1898_cycle_1_10","fixed","cond",NA,"Dx.StatusCELIAC:onset_timeline_combinedt0-18",0.271700156962754,2.20824408593669,0.123039005829604,0.902076210427315,-4.05637872054674,4.59977903447225,0.999999861216808
"virus_comp_1898_cycle_1_10","fixed","cond",NA,"Dx.StatusCELIAC:onset_timeline_combinedt0-24",-21.6824790959538,51185.2894407475,-0.000423607628927323,0.999662010023149,-100343.006321219,100299.641363027,0.999998617618745
"virus_comp_1898_cycle_1_10","fixed","cond",NA,"Dx.StatusCELIAC:onset_timeline_combinedt0-30",-19.3120760667882,21553.7626777444,-0.000895995578847544,0.999285099056745,-42263.9106557695,42225.2865036359,0.999999714796086
"virus_comp_1898_cycle_1_10","fixed","cond",NA,"Dx.StatusCELIAC:onset_timeline_combinedt0-36",-25.13712332444,162041.710520901,-0.00015512748688985,0.999876226173751,-317621.053737555,317570.779490906,0.999999153356744
"virus_comp_1898_cycle_1_10","fixed","cond",NA,"Dx.StatusCELIAC:onset_timeline_combinedt0-over42",-0.387425199825145,2.02743453941978,-0.191091348348055,0.848454025760042,-4.36112387810048,3.58627347845018,0.999996861415992
"virus_comp_1898_cycle_1_2","fixed","cond",NA,"(Intercept)",-5.30369202244809,2.05690722048547,-2.57847897543785,0.00992363384014555,-9.33515609414,-1.27222795075618,0.0431569566545826
"virus_comp_1898_cycle_1_2","fixed","cond",NA,"Dx.StatusCELIAC",-0.159009397174218,1.44255333599384,-0.110227742161553,0.912228761263189,-2.98636198150026,2.66834318715182,0.999986353446738
"virus_comp_1898_cycle_1_2","fixed","cond",NA,"onset_timeline_combinedt0-6",-18.6373311521566,21045.6119871093,-0.000885568505376427,0.999293418654381,-41267.2788584908,41230.0041961865,0.999999447029537
"virus_comp_1898_cycle_1_2","fixed","cond",NA,"onset_timeline_combinedt0-12",0.428512114988056,1.43993369934278,0.297591559377795,0.766014917501975,-2.39370607584932,3.25073030582544,0.99998627227119
"virus_comp_1898_cycle_1_2","fixed","cond",NA,"onset_timeline_combinedt0-18",0.867369949756131,1.45575447364727,0.595821593172239,0.551294416890327,-1.98585638892558,3.72059628843785,0.999997145165192
"virus_comp_1898_cycle_1_2","fixed","cond",NA,"onset_timeline_combinedt0-24",0.621290571478489,1.4422087595369,0.430791012306698,0.666620335229374,-2.20538665540202,3.447967798359,0.99999582928833
"virus_comp_1898_cycle_1_2","fixed","cond",NA,"onset_timeline_combinedt0-30",0.385880322273013,1.42034951633358,0.271679835023357,0.785868207619796,-2.39795357519969,3.16971421974572,0.999987296772671
"virus_comp_1898_cycle_1_2","fixed","cond",NA,"onset_timeline_combinedt0-36",0.621290412086859,1.44220881114971,0.430790886370728,0.666620426807444,-2.20538691595291,3.44796774012662,0.956162632390475
"virus_comp_1898_cycle_1_2","fixed","cond",NA,"onset_timeline_combinedt0-over42",0.464395383820352,1.5902214358264,0.292031897796056,0.770262235538638,-2.65238135784295,3.58117212548366,0.999994751597901
"virus_comp_1898_cycle_1_2","fixed","cond",NA,"SexMale",-0.875742561245007,1.16402984433095,-0.752336862761762,0.451848504977326,-3.15719913306343,1.40571401057341,0.990535691749098
"virus_comp_1898_cycle_1_2","fixed","cond",NA,"Age.at.Gluten.Introduction..months.",0.158654896690388,0.187570352967268,0.845842075682792,0.397640849630684,-0.208976239692923,0.5262860330737,0.72108274525109
"virus_comp_1898_cycle_1_2","fixed","cond",NA,"HLA.CategoryHigh Risk",1.32547377990819,0.915628935729029,1.44761019249882,0.147726098999257,-0.469125957323447,3.12007351713983,0.645034917918851
"virus_comp_1898_cycle_1_2","fixed","cond",NA,"HLA.CategoryLow/No Risk",-2.86140259872443,5.25770693680956,-0.544230143124098,0.586283111499741,-13.1663188361376,7.44351363868871,0.999989527982172
"virus_comp_1898_cycle_1_2","fixed","cond",NA,"feeding_first_yearFormula",1.94858707702639,0.894841182918239,2.17757867454389,0.0294374186454658,0.194730586623421,3.70244356742935,0.479239331774334
"virus_comp_1898_cycle_1_2","fixed","cond",NA,"feeding_first_yearBreastmilk_and_formula",0.254697929932604,1.0282864251307,0.247691619482608,0.804373016544141,-1.76070642911501,2.27010228898021,0.983038566973875
"virus_comp_1898_cycle_1_2","fixed","cond",NA,"Delivery.ModeC-Section",1.65122444956813,4.67447563813343,0.353242711566998,0.723906489962763,-7.51057944778329,10.8130283469195,0.999999650716233
"virus_comp_1898_cycle_1_2","fixed","cond",NA,"Dx.StatusCELIAC:onset_timeline_combinedt0-6",-3.51204561436171,207830.541775759,-1.68986020262175e-05,0.999986516866345,-407343.888813549,407336.86472232,0.999999878775183
"virus_comp_1898_cycle_1_2","fixed","cond",NA,"Dx.StatusCELIAC:onset_timeline_combinedt0-12",-22.0586501985058,50257.9926638307,-0.000438908301532322,0.999649801853843,-98525.9142065849,98481.7969061879,0.999997398262547
"virus_comp_1898_cycle_1_2","fixed","cond",NA,"Dx.StatusCELIAC:onset_timeline_combinedt0-18",-27.8286264144876,960680.722378684,-2.89676119924451e-05,0.999976887189631,-1882927.44513056,1882871.78787773,0.999999861216808
"virus_comp_1898_cycle_1_2","fixed","cond",NA,"Dx.StatusCELIAC:onset_timeline_combinedt0-24",-23.2884587382165,91479.4707714872,-0.000254575792162051,0.999796877908074,-179319.756495638,179273.179578161,0.999998617618745
"virus_comp_1898_cycle_1_2","fixed","cond",NA,"Dx.StatusCELIAC:onset_timeline_combinedt0-30",-23.3359055976767,115147.040149197,-0.00020266179284713,0.99983829928553,-225707.387524411,225660.715713216,0.999999714796086
"virus_comp_1898_cycle_1_2","fixed","cond",NA,"Dx.StatusCELIAC:onset_timeline_combinedt0-36",-22.6310483960173,65838.6624432018,-0.000343734935616908,0.999725739207263,-129064.038227361,129018.776130569,0.999999153356744
"virus_comp_1898_cycle_1_2","fixed","cond",NA,"Dx.StatusCELIAC:onset_timeline_combinedt0-over42",0.225611273987259,2.09532374449679,0.107673706547644,0.914254527364192,-3.88114780117806,4.33237034915258,0.999996861415992
"virus_comp_1933_cycle_1_2","fixed","cond",NA,"(Intercept)",-2.30909637792266,1.36738409865045,-1.68869623407326,0.0912776577077981,-4.9891199643103,0.370927208464974,0.166172146083427
"virus_comp_1933_cycle_1_2","fixed","cond",NA,"Dx.StatusCELIAC",1.30958497435247,1.31487492799187,0.995976838916936,0.319261398752419,-1.26752252868628,3.88669247739123,0.999986353446738
"virus_comp_1933_cycle_1_2","fixed","cond",NA,"onset_timeline_combinedt0-6",1.32688845618699,1.54875131462421,0.856747267077509,0.391584574628053,-1.70860834148552,4.36238525385949,0.999999447029537
"virus_comp_1933_cycle_1_2","fixed","cond",NA,"onset_timeline_combinedt0-12",1.18615887522942,1.27462436310738,0.930594855677881,0.352063176560061,-1.31205897027835,3.6843767207372,0.99998627227119
"virus_comp_1933_cycle_1_2","fixed","cond",NA,"onset_timeline_combinedt0-18",0.370550499992445,1.43201519335099,0.258761570207461,0.795819210715238,-2.43614770428966,3.17724870427455,0.999997145165192
"virus_comp_1933_cycle_1_2","fixed","cond",NA,"onset_timeline_combinedt0-24",0.647066706560138,1.47675734979883,0.438167249784322,0.661265047505834,-2.24732451295039,3.54145792607066,0.99999582928833
"virus_comp_1933_cycle_1_2","fixed","cond",NA,"onset_timeline_combinedt0-30",1.42255173664629,1.29716349428404,1.09666340666753,0.272788558545878,-1.11984199421056,3.96494546750314,0.774719506270293
"virus_comp_1933_cycle_1_2","fixed","cond",NA,"onset_timeline_combinedt0-36",1.43378105303335,1.302927827058,1.10043014145366,0.271144751725437,-1.11991056245537,3.98747266852207,0.534973879737652
"virus_comp_1933_cycle_1_2","fixed","cond",NA,"onset_timeline_combinedt0-over42",-19.118300178529,16622.0570419913,-0.00115017654735702,0.999082292093006,-32597.7514514519,32559.5148510949,0.999994751597901
"virus_comp_1933_cycle_1_2","fixed","cond",NA,"SexMale",0.262029263802444,0.764841285744574,0.342592991103191,0.731904675613853,-1.23703211014623,1.76109063775112,0.990535691749098
"virus_comp_1933_cycle_1_2","fixed","cond",NA,"Age.at.Gluten.Introduction..months.",-0.0242784346871168,0.0839797931475108,-0.289098529267292,0.772505979043827,-0.188875804685362,0.140318935311128,0.970759725878083
"virus_comp_1933_cycle_1_2","fixed","cond",NA,"HLA.CategoryHigh Risk",-3.23767477119573,1.18379208069038,-2.73500289789701,0.00623797268852664,-5.55786461453261,-0.91748492785885,0.12514190781631
"virus_comp_1933_cycle_1_2","fixed","cond",NA,"HLA.CategoryLow/No Risk",-0.841389249267127,1.13554665584765,-0.740955243832807,0.45872057774647,-3.06701979749343,1.38424129895917,0.999989527982172
"virus_comp_1933_cycle_1_2","fixed","cond",NA,"feeding_first_yearFormula",1.69790322647698,1.00362358426927,1.69177294464758,0.0906892740548551,-0.269162852725793,3.66496930567976,0.919848351127816
"virus_comp_1933_cycle_1_2","fixed","cond",NA,"feeding_first_yearBreastmilk_and_formula",-0.0447259154766276,0.647241740906311,-0.0691023347999766,0.94490816257158,-1.313296416944,1.22384458599075,0.991650327886826
"virus_comp_1933_cycle_1_2","fixed","cond",NA,"Delivery.ModeC-Section",-27.7017613110943,698439.430595875,-3.96623674116744e-05,0.999968354009406,-1368943.83111189,1368888.42758927,0.999999650716233
"virus_comp_1933_cycle_1_2","fixed","cond",NA,"Dx.StatusCELIAC:onset_timeline_combinedt0-6",-28.2454648716386,691957.321336362,-4.08196632952575e-05,0.999967430620889,-1356239.67412295,1356183.18319321,0.999999878775183
"virus_comp_1933_cycle_1_2","fixed","cond",NA,"Dx.StatusCELIAC:onset_timeline_combinedt0-12",-1.81382943229633,1.78310131025739,-1.01723296475763,0.309042617656413,-5.30864378118699,1.68098491659433,0.999997398262547
"virus_comp_1933_cycle_1_2","fixed","cond",NA,"Dx.StatusCELIAC:onset_timeline_combinedt0-18",0.330044925898727,1.76582502209121,0.186906925527573,0.851733609104352,-3.13090852039968,3.79099837219714,0.999999861216808
"virus_comp_1933_cycle_1_2","fixed","cond",NA,"Dx.StatusCELIAC:onset_timeline_combinedt0-24",-27.7027634162028,590210.309345808,-4.69371052615273e-05,0.999962549608397,-1156818.65238544,1156763.24685861,0.999998617618745
"virus_comp_1933_cycle_1_2","fixed","cond",NA,"Dx.StatusCELIAC:onset_timeline_combinedt0-30",-29.7403135944828,1078180.80751283,-2.75837905732048e-05,0.999977991319376,-2113225.29186106,2113165.81123387,0.999999714796086
"virus_comp_1933_cycle_1_2","fixed","cond",NA,"Dx.StatusCELIAC:onset_timeline_combinedt0-36",-30.199295080827,1319769.73834733,-2.28822454427875e-05,0.999981742609646,-2586731.35434169,2586670.95575153,0.999999153356744
"virus_comp_1933_cycle_1_2","fixed","cond",NA,"Dx.StatusCELIAC:onset_timeline_combinedt0-over42",-3.43240559230284,54507.0897967848,-6.29717272578604e-05,0.999949755831087,-106835.365309381,106828.500498196,0.999996861415992
"virus_comp_2171_cycle_1_4","fixed","cond",NA,"(Intercept)",-4.8270637707046,4.89994354058692,-0.985126406196592,0.324561984102425,-14.4307766365346,4.77664909512543,0.466606362461451
"virus_comp_2171_cycle_1_4","fixed","cond",NA,"Dx.StatusCELIAC",-3.34583610516104,3.23619268564288,-1.03388037430669,0.301192090953116,-9.68865721605304,2.99698500573096,0.999986353446738
"virus_comp_2171_cycle_1_4","fixed","cond",NA,"onset_timeline_combinedt0-6",-19.9799804253928,78835.755249991,-0.000253438054370578,0.999797785691462,-154535.220964422,154495.261003571,0.999999447029537
"virus_comp_2171_cycle_1_4","fixed","cond",NA,"onset_timeline_combinedt0-12",-1.23922005953258,1.55106030329883,-0.798950277366375,0.424319244058913,-4.27924239184806,1.80080227278291,0.99998627227119
"virus_comp_2171_cycle_1_4","fixed","cond",NA,"onset_timeline_combinedt0-18",-25.7849997285032,179036.59132373,-0.000144020836957733,0.999885087998155,-350931.055909055,350879.485909598,0.999997145165192
"virus_comp_2171_cycle_1_4","fixed","cond",NA,"onset_timeline_combinedt0-24",-1.7397280881402,1.74020248367819,-0.99972739060975,0.31744245282852,-5.1504622819566,1.6710061056762,0.99999582928833
"virus_comp_2171_cycle_1_4","fixed","cond",NA,"onset_timeline_combinedt0-30",-24.0160094403868,66815.1074776674,-0.000359439808555483,0.999713208532391,-130979.220288841,130931.18826996,0.999987296772671
"virus_comp_2171_cycle_1_4","fixed","cond",NA,"onset_timeline_combinedt0-36",-23.893555879289,62856.6264331049,-0.000380127875693706,0.999696701844157,-123220.617554453,123172.830442695,0.999986401700165
"virus_comp_2171_cycle_1_4","fixed","cond",NA,"onset_timeline_combinedt0-over42",-21.8117272497222,36465.3431991214,-0.000598149512281232,0.999522745767558,-71492.5710814202,71448.9476269208,0.999994751597901
"virus_comp_2171_cycle_1_4","fixed","cond",NA,"SexMale",-2.360041731668,3.29201864161836,-0.71689804602923,0.47343700772936,-8.81227970567445,4.09219624233845,0.990535691749098
"virus_comp_2171_cycle_1_4","fixed","cond",NA,"Age.at.Gluten.Introduction..months.",-0.273506922167072,0.428441904435626,-0.638375750213684,0.523229112585343,-1.11323762432865,0.566223779994506,0.8087794674144
"virus_comp_2171_cycle_1_4","fixed","cond",NA,"HLA.CategoryHigh Risk",2.23174340747307,2.72388077388863,0.819324923787694,0.412601056209753,-3.10696480752974,7.57045162247587,0.903310309051692
"virus_comp_2171_cycle_1_4","fixed","cond",NA,"HLA.CategoryLow/No Risk",5.24107066390401,4.3309219513741,1.21015126172873,0.226220856002136,-3.24738038064316,13.7295217084512,0.999989527982172
"virus_comp_2171_cycle_1_4","fixed","cond",NA,"feeding_first_yearFormula",-0.445818305945032,3.62521816896121,-0.122976958948868,0.902125343550086,-7.55111535320924,6.65947874131917,0.999985531355603
"virus_comp_2171_cycle_1_4","fixed","cond",NA,"feeding_first_yearBreastmilk_and_formula",0.943931670468934,2.65283687381756,0.355819718801847,0.72197558081447,-4.2555330590733,6.14339640001117,0.983038566973875
"virus_comp_2171_cycle_1_4","fixed","cond",NA,"Delivery.ModeC-Section",-31.2222523023661,3350785.35505,-9.31789088050979e-06,0.999992565398727,-6567449.83807455,6567387.39356995,0.999999650716233
"virus_comp_2171_cycle_1_4","fixed","cond",NA,"Dx.StatusCELIAC:onset_timeline_combinedt0-6",24.6067628868747,78835.7552942992,0.000312126937771015,0.999750958739386,-154490.634307952,154539.847833726,0.999999878775183
"virus_comp_2171_cycle_1_4","fixed","cond",NA,"Dx.StatusCELIAC:onset_timeline_combinedt0-12",4.64661673402871,3.21702128175047,1.44438482903052,0.148630755799817,-1.65862911570109,10.9518625837585,0.570420738474972
"virus_comp_2171_cycle_1_4","fixed","cond",NA,"Dx.StatusCELIAC:onset_timeline_combinedt0-18",27.2956945778923,179036.591336439,0.000152458748092446,0.999878355519209,-350877.975239658,350932.566628813,0.999999861216808
"virus_comp_2171_cycle_1_4","fixed","cond",NA,"Dx.StatusCELIAC:onset_timeline_combinedt0-24",4.24126752893495,2.76459814888372,1.53413527049039,0.124996377883844,-1.17724527460324,9.65978033247313,0.999998617618745
"virus_comp_2171_cycle_1_4","fixed","cond",NA,"Dx.StatusCELIAC:onset_timeline_combinedt0-30",24.0700815120754,66815.1074931035,0.000360249087596841,0.99971256282118,-130931.134228143,130979.274391167,0.999999714796086
"virus_comp_2171_cycle_1_4","fixed","cond",NA,"Dx.StatusCELIAC:onset_timeline_combinedt0-36",23.6721734580434,62856.626449005,0.000376605853596811,0.99969951201101,-123173.051856279,123220.396203196,0.999999153356744
"virus_comp_2171_cycle_1_4","fixed","cond",NA,"Dx.StatusCELIAC:onset_timeline_combinedt0-over42",18.851978531959,36465.3432369997,0.000516983438478394,0.999587506914622,-71451.9074498787,71489.6114069426,0.999996861415992
"virus_comp_2171_cycle_1_5","fixed","cond",NA,"(Intercept)",-6.46059815160597,8.44291771335742,-0.765209181345537,0.444146993323679,-23.0084127942218,10.0872164910098,0.568188045513175
"virus_comp_2171_cycle_1_5","fixed","cond",NA,"Dx.StatusCELIAC",-2.01511636069222,4.24338714701078,-0.47488392901217,0.634869706871993,-10.3320023412935,6.30176961990908,0.999986353446738
"virus_comp_2171_cycle_1_5","fixed","cond",NA,"onset_timeline_combinedt0-6",-16.3303053922091,14638.1384933747,-0.00111559986945064,0.999109880272767,-28706.554553116,28673.8939423316,0.999999447029537
"virus_comp_2171_cycle_1_5","fixed","cond",NA,"onset_timeline_combinedt0-12",-11.2153667114146,6.15011988348769,-1.82360131572825,0.0682123675324392,-23.2693801836542,0.838646760824929,0.99998627227119
"virus_comp_2171_cycle_1_5","fixed","cond",NA,"onset_timeline_combinedt0-18",-4.49811977043066,7.89140024314988,-0.570002741190988,0.568675838885079,-19.964980034595,10.9687404937337,0.999997145165192
"virus_comp_2171_cycle_1_5","fixed","cond",NA,"onset_timeline_combinedt0-24",-5.07429664908502,4.09959485831158,-1.23775563792537,0.215806682095299,-13.1093549225813,2.96076162441126,0.99999582928833
"virus_comp_2171_cycle_1_5","fixed","cond",NA,"onset_timeline_combinedt0-30",-5.81725637989789,4.18272768298848,-1.39078056732146,0.16429197759699,-14.015251995694,2.3807392358982,0.765753499201465
"virus_comp_2171_cycle_1_5","fixed","cond",NA,"onset_timeline_combinedt0-36",-38.478806715934,178640.219495154,-0.00021539833988492,0.999828136991512,-350166.875207548,350089.917594116,0.999986401700165
"virus_comp_2171_cycle_1_5","fixed","cond",NA,"onset_timeline_combinedt0-over42",-29.6093605209963,423377.71148928,-6.99360398941219e-05,0.99994419911357,-829834.6757365,829775.457015458,0.999994751597901
"virus_comp_2171_cycle_1_5","fixed","cond",NA,"SexMale",-3.37226518152643,7.6040942120314,-0.443480194681274,0.657418441514593,-18.2760159721574,11.5314856091046,0.990535691749098
"virus_comp_2171_cycle_1_5","fixed","cond",NA,"Age.at.Gluten.Introduction..months.",-0.331840008705943,1.04753097949412,-0.31678300231865,0.751408262658997,-2.38496300120438,1.72128298379249,0.952678333014085
"virus_comp_2171_cycle_1_5","fixed","cond",NA,"HLA.CategoryHigh Risk",2.17108254405978,4.54523770127435,0.477660946852366,0.632891544509658,-6.73741965161158,11.0795847397311,0.978697013291682
"virus_comp_2171_cycle_1_5","fixed","cond",NA,"HLA.CategoryLow/No Risk",4.91373806284976,9.07458562179098,0.541483464660943,0.588174391825879,-12.8721229304856,22.6995990561851,0.999989527982172
"virus_comp_2171_cycle_1_5","fixed","cond",NA,"feeding_first_yearFormula",0.455638027054737,4.75427327841642,0.0958375760861824,0.923649573299556,-8.86256637130261,9.77384242541208,0.999985531355603
"virus_comp_2171_cycle_1_5","fixed","cond",NA,"feeding_first_yearBreastmilk_and_formula",0.889469177834962,4.09462483058089,0.217228492142167,0.828030281271909,-7.135848020307,8.91478637597693,0.983038566973875
"virus_comp_2171_cycle_1_5","fixed","cond",NA,"Delivery.ModeC-Section",-22.8795643802249,72454.2309769435,-0.000315779548988735,0.999748044377432,-142030.562806736,141984.803677975,0.999999650716233
"virus_comp_2171_cycle_1_5","fixed","cond",NA,"Dx.StatusCELIAC:onset_timeline_combinedt0-6",16.4850001256024,14638.1386795266,0.0011261677790127,0.999101448306184,-28673.7396124493,28706.7096127005,0.999999878775183
"virus_comp_2171_cycle_1_5","fixed","cond",NA,"Dx.StatusCELIAC:onset_timeline_combinedt0-12",10.4812852315011,6.32943128726278,1.65596003113162,0.0977299132384747,-1.9241721341549,22.8867425971572,0.462588255995447
"virus_comp_2171_cycle_1_5","fixed","cond",NA,"Dx.StatusCELIAC:onset_timeline_combinedt0-18",4.65465505881203,8.19169601164363,0.568216282952386,0.569888116311563,-11.4007740963099,20.7100842139339,0.999999861216808
"virus_comp_2171_cycle_1_5","fixed","cond",NA,"Dx.StatusCELIAC:onset_timeline_combinedt0-24",4.55620047930603,4.8279616454833,0.943710993141068,0.345317354816315,-4.90643046458197,14.018831423194,0.999998617618745
"virus_comp_2171_cycle_1_5","fixed","cond",NA,"Dx.StatusCELIAC:onset_timeline_combinedt0-30",2.51432213433389,4.65430033673766,0.540214844858134,0.589048876277758,-6.60793889890456,11.6365831675723,0.999999714796086
"virus_comp_2171_cycle_1_5","fixed","cond",NA,"Dx.StatusCELIAC:onset_timeline_combinedt0-36",35.2079808102296,178640.219504831,0.000197088768183457,0.999842745915777,-350093.188438988,350163.604400609,0.999999153356744
"virus_comp_2171_cycle_1_5","fixed","cond",NA,"Dx.StatusCELIAC:onset_timeline_combinedt0-over42",23.0780301517424,423377.711510179,5.4509317624264e-05,0.999956507857069,-829781.988386788,829828.144447091,0.999996861415992
"virus_comp_2171_cycle_1_9","fixed","cond",NA,"(Intercept)",-27.4908096017579,15657.0156553666,-0.00175581414791108,0.998599063719563,-30714.6775995001,30659.6959802966,0.999881086915019
"virus_comp_2171_cycle_1_9","fixed","cond",NA,"Dx.StatusCELIAC",20.0085286713998,15657.0151652798,0.00127792739932766,0.998980361735778,-30667.1773006745,30707.1943580173,0.999986353446738
"virus_comp_2171_cycle_1_9","fixed","cond",NA,"onset_timeline_combinedt0-6",0.0883460415746983,127475.059419898,6.9304569832511e-07,0.999999447029537,-249846.437044063,249846.613736146,0.999999447029537
"virus_comp_2171_cycle_1_9","fixed","cond",NA,"onset_timeline_combinedt0-12",-6.29124769597335,365660.589164505,-1.72051565916583e-05,0.99998627227119,-716687.876575823,716675.294080432,0.99998627227119
"virus_comp_2171_cycle_1_9","fixed","cond",NA,"onset_timeline_combinedt0-18",-6.21114123963381,351668.096221333,-1.76619412064171e-05,0.999985907809798,-689263.014246818,689250.591964339,0.999997145165192
"virus_comp_2171_cycle_1_9","fixed","cond",NA,"onset_timeline_combinedt0-24",-6.72871781876299,454200.194803782,-1.4814431820466e-05,0.999988179793574,-890222.752304308,890209.29486867,0.99999582928833
"virus_comp_2171_cycle_1_9","fixed","cond",NA,"onset_timeline_combinedt0-30",21.4243163118489,15657.0150152873,0.00136835254299306,0.998908212972919,-30665.761219054,30708.6098516777,0.999987296772671
"virus_comp_2171_cycle_1_9","fixed","cond",NA,"onset_timeline_combinedt0-36",-6.29216210969162,369194.609758846,-1.70429414281037e-05,0.999986401700165,-723614.430575767,723601.846251547,0.999986401700165
"virus_comp_2171_cycle_1_9","fixed","cond",NA,"onset_timeline_combinedt0-over42",-2.07532208550999,315499.349985649,-6.57789654908761e-06,0.999994751597901,-618369.438439755,618365.287795584,0.999994751597901
"virus_comp_2171_cycle_1_9","fixed","cond",NA,"SexMale",-0.916358657731821,2.93923166922851,-0.311768094813821,0.755216772978004,-6.67714687163924,4.8444295561756,0.990535691749098
"virus_comp_2171_cycle_1_9","fixed","cond",NA,"Age.at.Gluten.Introduction..months.",-0.128376017786901,0.299887311291834,-0.428080858886264,0.668592251965757,-0.716144347339446,0.459392311765645,0.912885574799399
"virus_comp_2171_cycle_1_9","fixed","cond",NA,"HLA.CategoryHigh Risk",1.60578362322145,2.76304473749875,0.581164539766043,0.56112956422423,-3.80968454994903,7.02125179639193,0.967110809971833
"virus_comp_2171_cycle_1_9","fixed","cond",NA,"HLA.CategoryLow/No Risk",3.2110003265994,3.88211535624463,0.827126458628877,0.408165388985853,-4.39780595546995,10.8198066086688,0.999989527982172
"virus_comp_2171_cycle_1_9","fixed","cond",NA,"feeding_first_yearFormula",1.54891667388174,3.96423890665387,0.390722332925475,0.696002489243279,-6.2208488092723,9.31868215703577,0.999985531355603
"virus_comp_2171_cycle_1_9","fixed","cond",NA,"feeding_first_yearBreastmilk_and_formula",-0.31583013278867,2.73129472809782,-0.11563385289021,0.907942732136456,-5.66906943102451,5.03740916544717,0.991650327886826
"virus_comp_2171_cycle_1_9","fixed","cond",NA,"Delivery.ModeC-Section",-3.95716391438483,274035.72020681,-1.44403215442076e-05,0.999988478290387,-537104.099246756,537096.184918927,0.999999650716233
"virus_comp_2171_cycle_1_9","fixed","cond",NA,"Dx.StatusCELIAC:onset_timeline_combinedt0-6",3.60250998319276,127475.059430679,2.8260508363613e-05,0.999977451376699,-249842.92290125,249850.127921216,0.999999878775183
"virus_comp_2171_cycle_1_9","fixed","cond",NA,"Dx.StatusCELIAC:onset_timeline_combinedt0-12",7.13237406098526,365660.589166831,1.95054492397898e-05,0.999984436903201,-716674.452958624,716688.717706747,0.999997398262547
"virus_comp_2171_cycle_1_9","fixed","cond",NA,"Dx.StatusCELIAC:onset_timeline_combinedt0-18",7.37563652947954,351668.09622474,2.09732887590861e-05,0.999983265736711,-689249.427475726,689264.178748785,0.999999861216808
"virus_comp_2171_cycle_1_9","fixed","cond",NA,"Dx.StatusCELIAC:onset_timeline_combinedt0-24",7.97005305343569,454200.194805874,1.75474452555929e-05,0.99998599916435,-890208.053537536,890223.993643643,0.999998617618745
"virus_comp_2171_cycle_1_9","fixed","cond",NA,"Dx.StatusCELIAC:onset_timeline_combinedt0-30",-20.1766793365921,15657.0150667682,-0.00128866704480708,0.998971792745517,-30707.3623156033,30667.0089569301,0.999999714796086
"virus_comp_2171_cycle_1_9","fixed","cond",NA,"Dx.StatusCELIAC:onset_timeline_combinedt0-36",7.26383114453791,369194.609761343,1.96748028072063e-05,0.999984301778604,-723600.874587407,723615.402249696,0.999999153356744
"virus_comp_2171_cycle_1_9","fixed","cond",NA,"Dx.StatusCELIAC:onset_timeline_combinedt0-over42",1.71732426276721,315499.349989437,5.44319429762598e-06,0.999995656959308,-618365.645800831,618369.080449357,0.999996861415992
"virus_comp_2223_cycle_1_7","fixed","cond",NA,"(Intercept)",4.06431934564673,6.36451718258848,0.638590364209488,0.523089451399932,-8.40990511121304,16.5385438025065,0.638590499775703
"virus_comp_2223_cycle_1_7","fixed","cond",NA,"Dx.StatusCELIAC",5.62777878797529,4.2837298856253,1.31375668826836,0.188928097265974,-2.76817750734817,14.0237350832988,0.999986353446738
"virus_comp_2223_cycle_1_7","fixed","cond",NA,"onset_timeline_combinedt0-6",-10.6093397459297,673.799323681758,-0.0157455482263746,0.987437389262812,-1331.23174696962,1310.01306747776,0.999999447029537
"virus_comp_2223_cycle_1_7","fixed","cond",NA,"onset_timeline_combinedt0-12",0.811933388911894,1.64515716450059,0.493529376057131,0.621638588508791,-2.41251540241729,4.03638218024108,0.99998627227119
"virus_comp_2223_cycle_1_7","fixed","cond",NA,"onset_timeline_combinedt0-18",-0.806238258060732,1.49486007188188,-0.53934028557319,0.589652076267651,-3.73611016087617,2.12363364475471,0.999997145165192
"virus_comp_2223_cycle_1_7","fixed","cond",NA,"onset_timeline_combinedt0-24",0.835256407455069,1.65967746953131,0.503264292483853,0.614778467843501,-2.41765165877888,4.08816447368902,0.99999582928833
"virus_comp_2223_cycle_1_7","fixed","cond",NA,"onset_timeline_combinedt0-30",0.835250269098379,1.65967688155721,0.503260772250257,0.614780942494583,-2.4176566447275,4.08815718292426,0.999987296772671
"virus_comp_2223_cycle_1_7","fixed","cond",NA,"onset_timeline_combinedt0-36",-5.66430167562213,3.84111979530158,-1.47464853414638,0.14030705930652,-13.1927581347171,1.86415478347284,0.397800035123091
"virus_comp_2223_cycle_1_7","fixed","cond",NA,"onset_timeline_combinedt0-over42",-14.6779266193849,1090.32308093046,-0.0134619975272458,0.989259204433879,-2151.67189675584,2122.31604351707,0.999994751597901
"virus_comp_2223_cycle_1_7","fixed","cond",NA,"SexMale",-39.5854392942011,1021.60681335068,-0.0387482138694516,0.96909113314117,-2041.89799982227,1962.72712123387,0.999535770039868
"virus_comp_2223_cycle_1_7","fixed","cond",NA,"Age.at.Gluten.Introduction..months.",-0.777309463549479,0.475401210564342,-1.63505991628996,0.102036487893452,-1.70907871446233,0.154459787363374,0.5212200923141
"virus_comp_2223_cycle_1_7","fixed","cond",NA,"HLA.CategoryHigh Risk",-0.605666068097729,1.30424749172151,-0.464379707028068,0.642375726470245,-3.1619441787986,1.95061204260314,0.978697013291682
"virus_comp_2223_cycle_1_7","fixed","cond",NA,"HLA.CategoryLow/No Risk",20.9180464707245,13.2139098227797,1.58303233117752,0.113414095473808,-4.98074087688378,46.8168338183327,0.999989527982172
"virus_comp_2223_cycle_1_7","fixed","cond",NA,"feeding_first_yearFormula",-8.3352865419561,4.70002776684308,-1.77345474440777,0.0761533845492999,-17.5471716913068,0.876598607394554,0.83182927738466
"virus_comp_2223_cycle_1_7","fixed","cond",NA,"feeding_first_yearBreastmilk_and_formula",-9.75164476459993,4.7966470851151,-2.03301276736851,0.0420512331293157,-19.1529002979746,-0.350389231225309,0.836964856897864
"virus_comp_2223_cycle_1_7","fixed","cond",NA,"Delivery.ModeC-Section",-29.8594432581606,1994.56255314004,-0.0149704220663087,0.988055777509914,-3939.13021232489,3879.41132580857,0.999999650716233
"virus_comp_2223_cycle_1_7","fixed","cond",NA,"Dx.StatusCELIAC:onset_timeline_combinedt0-6",-2.54495033163186,686.675450109872,-0.00370619093958384,0.997042894239648,-1348.40410161481,1343.31420095155,0.999999878775183
"virus_comp_2223_cycle_1_7","fixed","cond",NA,"Dx.StatusCELIAC:onset_timeline_combinedt0-12",-15.8508062592122,5.57319714887749,-2.84411368121164,0.00445351551759504,-26.7740719497533,-4.92754056867098,0.158099800874624
"virus_comp_2223_cycle_1_7","fixed","cond",NA,"Dx.StatusCELIAC:onset_timeline_combinedt0-18",-8.39254778948571,3.46789116254413,-2.42007242906918,0.0155174159957881,-15.1894895703769,-1.59560600859449,0.980494895288232
"virus_comp_2223_cycle_1_7","fixed","cond",NA,"Dx.StatusCELIAC:onset_timeline_combinedt0-24",-10.9261883590473,3.44632940345722,-3.17038422040754,0.0015223748861355,-17.6808698686848,-4.17150684940974,0.21617723383124
"virus_comp_2223_cycle_1_7","fixed","cond",NA,"Dx.StatusCELIAC:onset_timeline_combinedt0-30",-17.1785240886251,7.00536159533124,-2.45219662894686,0.0141987050174594,-30.9087805141544,-3.4482676630958,0.869674678842042
"virus_comp_2223_cycle_1_7","fixed","cond",NA,"Dx.StatusCELIAC:onset_timeline_combinedt0-36",-3.67893941785161,4.25389192521737,-0.864840828710902,0.387126158256057,-12.0164143854034,4.65853554970019,0.999999153356744
"virus_comp_2223_cycle_1_7","fixed","cond",NA,"Dx.StatusCELIAC:onset_timeline_combinedt0-over42",-4.27448697167538,1090.34634602108,-0.0039203020097916,0.996872059564803,-2141.31405584785,2132.76508190449,0.999996861415992
"virus_comp_2239_cycle_1_3","fixed","cond",NA,"(Intercept)",-12.2550384586279,9.07772395034541,-1.35001224157753,0.177012056217377,-30.0470504629015,5.5369735456458,0.302839903408043
"virus_comp_2239_cycle_1_3","fixed","cond",NA,"Dx.StatusCELIAC",7.866009333701,6.24215878579165,1.2601424609072,0.207617975175828,-4.3683970722309,20.1004157396329,0.999986353446738
"virus_comp_2239_cycle_1_3","fixed","cond",NA,"onset_timeline_combinedt0-6",-3.37762219663255,1633.13588218425,-0.00206818197645325,0.998349830708457,-3204.26513313781,3197.50988874455,0.999999447029537
"virus_comp_2239_cycle_1_3","fixed","cond",NA,"onset_timeline_combinedt0-12",6.72453917748743,4.9110049150889,1.36927966755368,0.170911871150264,-2.90085358398599,16.3499319389609,0.99998627227119
"virus_comp_2239_cycle_1_3","fixed","cond",NA,"onset_timeline_combinedt0-18",7.51587756985264,5.04902337961058,1.48858046492791,0.136597878910371,-2.38002641128481,17.4117815509901,0.999997145165192
"virus_comp_2239_cycle_1_3","fixed","cond",NA,"onset_timeline_combinedt0-24",7.54837959355886,5.12342504228592,1.47330731517661,0.140668189099994,-2.49334896681214,17.5901081539299,0.99999582928833
"virus_comp_2239_cycle_1_3","fixed","cond",NA,"onset_timeline_combinedt0-30",7.548395421494,5.12345546746308,1.47330165538291,0.140669714540212,-2.49339277112846,17.5901836141164,0.765753499201465
"virus_comp_2239_cycle_1_3","fixed","cond",NA,"onset_timeline_combinedt0-36",-24.2597683882873,28788.5556609618,-0.00084268793037034,0.99932763239036,-56448.7920308001,56400.2724940236,0.999986401700165
"virus_comp_2239_cycle_1_3","fixed","cond",NA,"onset_timeline_combinedt0-over42",-6.07564429511061,6554.71992917054,-0.000926911349495209,0.999260431850907,-12853.0906342163,12840.9393456261,0.999994751597901
"virus_comp_2239_cycle_1_3","fixed","cond",NA,"SexMale",-34.6555376031265,4610.48751371587,-0.0075166752973582,0.994002617307484,-9071.04501565784,9001.73394045159,0.999535770039868
"virus_comp_2239_cycle_1_3","fixed","cond",NA,"Age.at.Gluten.Introduction..months.",-0.717483061565632,0.848669761683263,-0.845420791407209,0.397875940056133,-2.38084522923302,0.945879106101754,0.72108274525109
"virus_comp_2239_cycle_1_3","fixed","cond",NA,"HLA.CategoryHigh Risk",1.63076666842504,4.49101407726461,0.363117692434023,0.716516968706535,-7.17145917707598,10.4329925139261,0.978697013291682
"virus_comp_2239_cycle_1_3","fixed","cond",NA,"HLA.CategoryLow/No Risk",21.2195164479087,23.1444141628041,0.916831002878049,0.359231203932517,-24.1427017544662,66.5817346502835,0.999989527982172
"virus_comp_2239_cycle_1_3","fixed","cond",NA,"feeding_first_yearFormula",0.187830617654032,5.22656012000698,0.0359377130160671,0.971332024640215,-10.056038980593,10.431700215901,0.999985531355603
"virus_comp_2239_cycle_1_3","fixed","cond",NA,"feeding_first_yearBreastmilk_and_formula",-1.01484651485754,5.36919261299587,-0.189012871767936,0.850082728419632,-11.5382706623879,9.50857763267286,0.983038566973875
"virus_comp_2239_cycle_1_3","fixed","cond",NA,"Delivery.ModeC-Section",-30.1621021597122,1995.20704786103,-0.0151172792778813,0.987938615666897,-3940.6960576678,3880.37185334838,0.999999650716233
"virus_comp_2239_cycle_1_3","fixed","cond",NA,"Dx.StatusCELIAC:onset_timeline_combinedt0-6",-0.555768331478092,1633.17726461879,-0.000340298841722988,0.999728480813371,-3201.52438735395,3200.41285069099,0.999999878775183
"virus_comp_2239_cycle_1_3","fixed","cond",NA,"Dx.StatusCELIAC:onset_timeline_combinedt0-12",-12.0034031787188,7.75232466700346,-1.54836177460542,0.121535219056738,-27.1976803225071,3.19087396506943,0.52296973048657
"virus_comp_2239_cycle_1_3","fixed","cond",NA,"Dx.StatusCELIAC:onset_timeline_combinedt0-18",-18.7484647695663,10.3322999808664,-1.81454901660668,0.0695932435223393,-38.9994006095283,1.50247107039569,0.980494895288232
"virus_comp_2239_cycle_1_3","fixed","cond",NA,"Dx.StatusCELIAC:onset_timeline_combinedt0-24",-16.978902184703,14.7651473317563,-1.14993110486513,0.25017224841243,-45.9180591813729,11.960254811967,0.999998617618745
"virus_comp_2239_cycle_1_3","fixed","cond",NA,"Dx.StatusCELIAC:onset_timeline_combinedt0-30",-16.9788101635959,14.7683867946187,-1.14967263518468,0.250278729232412,-45.9243163908055,11.9666960636137,0.999999714796086
"virus_comp_2239_cycle_1_3","fixed","cond",NA,"Dx.StatusCELIAC:onset_timeline_combinedt0-36",14.8294339964813,28788.5586092545,0.000515115542871056,0.99958899727949,-56409.7086069628,56439.3674749558,0.999999153356744
"virus_comp_2239_cycle_1_3","fixed","cond",NA,"Dx.StatusCELIAC:onset_timeline_combinedt0-over42",-6.29133495793687,6554.73440742727,-0.000959815389439435,0.99923417823713,-12853.3347017409,12840.752031825,0.999996861415992
"virus_comp_2239_cycle_1_4","fixed","cond",NA,"(Intercept)",-5.32464648780882,8.40015613334836,-0.63387470462247,0.526162594885615,-21.7886499736848,11.1393569980672,0.638590499775703
"virus_comp_2239_cycle_1_4","fixed","cond",NA,"Dx.StatusCELIAC",2.57794151815489,5.85892398597717,0.440002554108053,0.659935257458988,-8.90533848251822,14.061221518828,0.999986353446738
"virus_comp_2239_cycle_1_4","fixed","cond",NA,"onset_timeline_combinedt0-6",-7.13777722880983,350.419855670885,-0.0203692145673208,0.983748841969679,-693.948073811468,679.672519353848,0.999999447029537
"virus_comp_2239_cycle_1_4","fixed","cond",NA,"onset_timeline_combinedt0-12",0.00102501434084531,2.91619556988404,0.000351490260608987,0.999719551353562,-5.71461327450712,5.71666330318881,0.99998627227119
"virus_comp_2239_cycle_1_4","fixed","cond",NA,"onset_timeline_combinedt0-18",-0.78922438419012,2.13719101473406,-0.369281163335008,0.711918164368962,-4.97804180115149,3.39959303277125,0.999997145165192
"virus_comp_2239_cycle_1_4","fixed","cond",NA,"onset_timeline_combinedt0-24",0.0531119858207914,3.21759213692497,0.0165067490100067,0.986830117890944,-6.25325271949141,6.359476691133,0.99999582928833
"virus_comp_2239_cycle_1_4","fixed","cond",NA,"onset_timeline_combinedt0-30",0.0530850745173029,3.21743534644747,0.0164991891992225,0.986836148925926,-6.25297232710589,6.3591424761405,0.999987296772671
"virus_comp_2239_cycle_1_4","fixed","cond",NA,"onset_timeline_combinedt0-36",-8.35710522003373,5.52358552812836,-1.51298557385885,0.130283323301216,-19.183133920692,2.46892348062451,0.396026913744603
"virus_comp_2239_cycle_1_4","fixed","cond",NA,"onset_timeline_combinedt0-over42",-5.52276748379491,149.401797741431,-0.0369658703394797,0.970512218654519,-298.344910282537,287.299375314948,0.999994751597901
"virus_comp_2239_cycle_1_4","fixed","cond",NA,"SexMale",-36.3745788864179,18724.6725476143,-0.00194260160191973,0.998450029148892,-36736.0583945164,36663.3092367435,0.999535770039868
"virus_comp_2239_cycle_1_4","fixed","cond",NA,"Age.at.Gluten.Introduction..months.",-0.710772123706768,0.946589562764587,-0.750876780883686,0.452726815318916,-2.56605357486688,1.14450932745334,0.759770150263876
"virus_comp_2239_cycle_1_4","fixed","cond",NA,"HLA.CategoryHigh Risk",-0.447821359977473,5.47256814532821,-0.0818302025822678,0.934781738419888,-11.1738578277619,10.278215107807,0.99681471658418
"virus_comp_2239_cycle_1_4","fixed","cond",NA,"HLA.CategoryLow/No Risk",19.784095928683,25.5891068766068,0.773145230276457,0.439436435549533,-30.3696319460125,69.9378238033785,0.999989527982172
"virus_comp_2239_cycle_1_4","fixed","cond",NA,"feeding_first_yearFormula",-0.544665347252596,5.76893191806218,-0.0944135508944527,0.924780651831833,-11.851564135918,10.7622334414128,0.999985531355603
"virus_comp_2239_cycle_1_4","fixed","cond",NA,"feeding_first_yearBreastmilk_and_formula",-2.5637691836702,6.80420911169017,-0.376791650812942,0.70632844592671,-15.8997739858622,10.7722356185218,0.983038566973875
"virus_comp_2239_cycle_1_4","fixed","cond",NA,"Delivery.ModeC-Section",-32.9474673283674,15647.7311038711,-0.00210557473857769,0.99831999566584,-30701.9368706829,30636.0419360262,0.999999650716233
"virus_comp_2239_cycle_1_4","fixed","cond",NA,"Dx.StatusCELIAC:onset_timeline_combinedt0-6",-4.32339076375877,1370.17789279954,-0.00315534996329946,0.997482399157991,-2689.82271306384,2681.17593153633,0.999999878775183
"virus_comp_2239_cycle_1_4","fixed","cond",NA,"Dx.StatusCELIAC:onset_timeline_combinedt0-12",-13.3364271490192,6.10205220617153,-2.18556424927518,0.0288475005838879,-25.2962297048986,-1.37662459313986,0.195064051567242
"virus_comp_2239_cycle_1_4","fixed","cond",NA,"Dx.StatusCELIAC:onset_timeline_combinedt0-18",-19.2272239794762,8.35395841749607,-2.30157046738559,0.0213594071979759,-35.6006816061138,-2.85376635283871,0.980494895288232
"virus_comp_2239_cycle_1_4","fixed","cond",NA,"Dx.StatusCELIAC:onset_timeline_combinedt0-24",-8.86999598827767,5.32683101659201,-1.66515437802503,0.0958819602201979,-19.3103929325289,1.57040095597354,0.999998617618745
"virus_comp_2239_cycle_1_4","fixed","cond",NA,"Dx.StatusCELIAC:onset_timeline_combinedt0-30",-8.86990581873719,5.32689300393633,-1.66511807392841,0.0958892015141367,-19.3104242559508,1.5706126184764,0.999999714796086
"virus_comp_2239_cycle_1_4","fixed","cond",NA,"Dx.StatusCELIAC:onset_timeline_combinedt0-36",-0.459787083964372,6.36510078021553,-0.072235632999483,0.942414388198406,-12.9351553711546,12.0155812032259,0.999999153356744
"virus_comp_2239_cycle_1_4","fixed","cond",NA,"Dx.StatusCELIAC:onset_timeline_combinedt0-over42",-5.95309927833688,149.469783565703,-0.0398281119857247,0.968230163883984,-298.908491844112,287.002293287439,0.999996861415992
"virus_comp_2273_cycle_1_2","fixed","cond",NA,"(Intercept)",-8.55680492126309,5.72747702940282,-1.49399201032767,0.13517770756833,-19.7824536211731,2.66884377864689,0.239940430933786
"virus_comp_2273_cycle_1_2","fixed","cond",NA,"Dx.StatusCELIAC",-0.79473126863262,3.34780043551515,-0.237389080962447,0.812354959797889,-7.35629954966982,5.76683701240458,0.999986353446738
"virus_comp_2273_cycle_1_2","fixed","cond",NA,"onset_timeline_combinedt0-6",-15.9768849171229,18730.379070478,-0.000852993143225002,0.999319410023083,-36726.8452798369,36694.8915100026,0.999999447029537
"virus_comp_2273_cycle_1_2","fixed","cond",NA,"onset_timeline_combinedt0-12",0.779718268377256,1.63891597205017,0.475752437388163,0.634250758313371,-2.43249801052852,3.99193454728303,0.99998627227119
"virus_comp_2273_cycle_1_2","fixed","cond",NA,"onset_timeline_combinedt0-18",-26.8208256281071,1542355.73128205,-1.73895198650528e-05,0.999986125170581,-3022988.50548737,3022934.86383612,0.999997145165192
"virus_comp_2273_cycle_1_2","fixed","cond",NA,"onset_timeline_combinedt0-24",0.808360862727578,1.64594383128435,0.491122994213482,0.623339459109423,-2.41762976716561,4.03435149262076,0.99999582928833
"virus_comp_2273_cycle_1_2","fixed","cond",NA,"onset_timeline_combinedt0-30",2.15621313097393,1.57675342607213,1.36750178900534,0.171468076897825,-0.934166796627584,5.24659305857545,0.765753499201465
"virus_comp_2273_cycle_1_2","fixed","cond",NA,"onset_timeline_combinedt0-36",-24.8790755933106,251144.141004494,-9.90629345116416e-05,0.999920959214135,-492258.35037265,492208.592221463,0.999986401700165
"virus_comp_2273_cycle_1_2","fixed","cond",NA,"onset_timeline_combinedt0-over42",-29.0584899909584,1515130.41881578,-1.91788704325997e-05,0.999984697475389,-2969630.11125001,2969571.99427003,0.999994751597901
"virus_comp_2273_cycle_1_2","fixed","cond",NA,"SexMale",-0.436794219222124,3.04965046737708,-0.143227633427053,0.886110406489124,-6.41399930071694,5.54041086227269,0.994111673083809
"virus_comp_2273_cycle_1_2","fixed","cond",NA,"Age.at.Gluten.Introduction..months.",0.0262151525754523,0.582016069272076,0.0450419738551883,0.964073852588075,-1.11451538162138,1.16694568677229,0.991020810761038
"virus_comp_2273_cycle_1_2","fixed","cond",NA,"HLA.CategoryHigh Risk",0.613613432474295,2.40094126273307,0.255572030019509,0.798281318077776,-4.09214497147865,5.31937183642724,0.978697013291682
"virus_comp_2273_cycle_1_2","fixed","cond",NA,"HLA.CategoryLow/No Risk",-26.0739655409596,832560.664722995,-3.13177965831892e-05,0.999975012013632,-1631814.99176734,1631762.84383626,0.999989527982172
"virus_comp_2273_cycle_1_2","fixed","cond",NA,"feeding_first_yearFormula",0.344410583278429,3.81489715578831,0.0902804372473994,0.92806436547632,-7.13265044679094,7.8214716133478,0.999985531355603
"virus_comp_2273_cycle_1_2","fixed","cond",NA,"feeding_first_yearBreastmilk_and_formula",0.203846280165942,2.51882224804344,0.0809292042438822,0.935498254506812,-4.73295460945742,5.1406471697893,0.991650327886826
"virus_comp_2273_cycle_1_2","fixed","cond",NA,"Delivery.ModeC-Section",-2.28172949546545,5212256.93080307,-4.377622833558e-07,0.999999650716233,-10215838.1442728,10215833.5808138,0.999999650716233
"virus_comp_2273_cycle_1_2","fixed","cond",NA,"Dx.StatusCELIAC:onset_timeline_combinedt0-6",16.5085342207818,18730.3793442338,0.000881377462644079,0.999296762621366,-36694.3603972504,36727.3774656919,0.999999878775183
"virus_comp_2273_cycle_1_2","fixed","cond",NA,"Dx.StatusCELIAC:onset_timeline_combinedt0-12",-1.87134475721613,2.287049990851,-0.818235178374834,0.413222911632732,-6.35388037012674,2.61119085569448,0.999997398262547
"virus_comp_2273_cycle_1_2","fixed","cond",NA,"Dx.StatusCELIAC:onset_timeline_combinedt0-18",27.3010429185243,1542355.73128596,1.7700872998839e-05,0.999985876746722,-3022934.3836265,3022988.98571234,0.999999861216808
"virus_comp_2273_cycle_1_2","fixed","cond",NA,"Dx.StatusCELIAC:onset_timeline_combinedt0-24",1.43710863138586,2.80916709383543,0.511578195024254,0.608946249295356,-4.06875769908663,6.94297496185834,0.999998617618745
"virus_comp_2273_cycle_1_2","fixed","cond",NA,"Dx.StatusCELIAC:onset_timeline_combinedt0-30",0.966613479720063,3.15459286563254,0.306414653456792,0.759288952751368,-5.21627492280671,7.14950188224683,0.999999714796086
"virus_comp_2273_cycle_1_2","fixed","cond",NA,"Dx.StatusCELIAC:onset_timeline_combinedt0-36",-3.41971674734072,3222773.20142567,-1.06110996139223e-06,0.999999153356744,-6316522.82485191,6316515.98541841,0.999999153356744
"virus_comp_2273_cycle_1_2","fixed","cond",NA,"Dx.StatusCELIAC:onset_timeline_combinedt0-over42",29.8073930619218,1515130.41881452,1.96731533416404e-05,0.999984303094687,-2969571.24536448,2969630.86015061,0.999996861415992
"virus_comp_229_cycle_1_35","fixed","cond",NA,"(Intercept)",-20.3610785408674,136619.028524162,-0.000149035451070174,0.999881086915019,-267788.736588748,267748.014431666,0.999881086915019
"virus_comp_229_cycle_1_35","fixed","cond",NA,"Dx.StatusCELIAC",-2.76095543097928,10.483765681439,-0.263355316674754,0.792276727382897,-23.3087585889567,17.7868477269981,0.999986353446738
"virus_comp_229_cycle_1_35","fixed","cond",NA,"onset_timeline_combinedt0-6",1.33370389321381,3.88662403132993,0.343152278806202,0.731483903315163,-6.28393922964073,8.95134701606835,0.999999447029537
"virus_comp_229_cycle_1_35","fixed","cond",NA,"onset_timeline_combinedt0-12",-27.1870254025617,206347.522649344,-0.000131753582759323,0.99989487585079,-404460.89971718,404406.525666375,0.99998627227119
"virus_comp_229_cycle_1_35","fixed","cond",NA,"onset_timeline_combinedt0-18",-26.1643356960016,124324.517242253,-0.00021045193881605,0.999832083648467,-243697.74052584,243645.411854448,0.999997145165192
"virus_comp_229_cycle_1_35","fixed","cond",NA,"onset_timeline_combinedt0-24",-18.6999646440028,30678.1534087218,-0.000609553136880997,0.999513646993212,-60146.7757579333,60109.3758286453,0.99999582928833
"virus_comp_229_cycle_1_35","fixed","cond",NA,"onset_timeline_combinedt0-30",-15.1852473053592,36252.1048913838,-0.000418879051322848,0.999665782881879,-71068.0051981859,71037.6347035752,0.999987296772671
"virus_comp_229_cycle_1_35","fixed","cond",NA,"onset_timeline_combinedt0-36",3.59884701469817,3.50703770172093,1.0261785930993,0.304807409815613,-3.27482057309897,10.4725146024953,0.579564088438934
"virus_comp_229_cycle_1_35","fixed","cond",NA,"onset_timeline_combinedt0-over42",2.5048563963023,2.82018472054213,0.88818876935862,0.374439218828816,-3.02260408571044,8.03231687831503,0.999994751597901
"virus_comp_229_cycle_1_35","fixed","cond",NA,"SexMale",3.94968952680434,9.45018490230778,0.417948385945317,0.675984854618018,-14.5723325289631,22.4717115825717,0.990535691749098
"virus_comp_229_cycle_1_35","fixed","cond",NA,"Age.at.Gluten.Introduction..months.",-1.64496801496362,3.10759139396356,-0.529338579762753,0.596570597237987,-7.73573522579882,4.44579919587157,0.83874281987915
"virus_comp_229_cycle_1_35","fixed","cond",NA,"HLA.CategoryHigh Risk",-0.309502491452851,9.93054947129533,-0.0311667035492327,0.975136593725948,-19.773021801885,19.1540168189793,0.99681471658418
"virus_comp_229_cycle_1_35","fixed","cond",NA,"HLA.CategoryLow/No Risk",-11.9393539086006,111741.616653078,-0.00010684787160068,0.999914747733057,-219021.483568223,218997.604860406,0.999989527982172
"virus_comp_229_cycle_1_35","fixed","cond",NA,"feeding_first_yearFormula",22.8253007852086,136619.027103206,0.000167072634531102,0.999866695324995,-267745.5474244,267791.19802597,0.999985531355603
"virus_comp_229_cycle_1_35","fixed","cond",NA,"feeding_first_yearBreastmilk_and_formula",21.6681672345319,136619.027030958,0.000158602851340918,0.999873453234146,-267746.704416348,267790.040750817,0.999873453234146
"virus_comp_229_cycle_1_35","fixed","cond",NA,"Delivery.ModeC-Section",22.8730573215278,111741.616648527,0.000204695958475999,0.999836676256214,-218986.671148072,219032.417262715,0.999999650716233
"virus_comp_229_cycle_1_35","fixed","cond",NA,"Dx.StatusCELIAC:onset_timeline_combinedt0-6",-19.4563454326841,32147.1687242964,-0.000605227340533392,0.999517098478694,-63026.749249986,62987.8365591207,0.999999878775183
"virus_comp_229_cycle_1_35","fixed","cond",NA,"Dx.StatusCELIAC:onset_timeline_combinedt0-12",28.2522057210065,206347.522653941,0.000136915652573098,0.999890757115021,-404405.460495066,404461.964906508,0.999997398262547
"virus_comp_229_cycle_1_35","fixed","cond",NA,"Dx.StatusCELIAC:onset_timeline_combinedt0-18",-0.749485313012393,2610358.21726705,-2.87119717154023e-07,0.999999770911611,-5116208.8420769,5116207.34310628,0.999999861216808
"virus_comp_229_cycle_1_35","fixed","cond",NA,"Dx.StatusCELIAC:onset_timeline_combinedt0-24",-6.7340267722707,99501.0131137767,-6.7677971927487e-05,0.999946000791134,-195025.136155022,195011.668101478,0.999998617618745
"virus_comp_229_cycle_1_35","fixed","cond",NA,"Dx.StatusCELIAC:onset_timeline_combinedt0-30",-12.2731453430738,262964.88622247,-4.66721831928947e-05,0.999962760985625,-515413.979340058,515389.433049372,0.999999714796086
"virus_comp_229_cycle_1_35","fixed","cond",NA,"Dx.StatusCELIAC:onset_timeline_combinedt0-36",-36.6421779685101,4253140.72964928,-8.6153222518766e-06,0.999993125967389,-8336039.29347095,8335966.00911502,0.999999153356744
"virus_comp_229_cycle_1_35","fixed","cond",NA,"Dx.StatusCELIAC:onset_timeline_combinedt0-over42",-34.7332323744906,2002925.9814953,-1.73412461046415e-05,0.999986163687469,-3925697.5206627,3925628.05419795,0.999996861415992
"virus_comp_230_cycle_1_165","fixed","cond",NA,"(Intercept)",-6.38785648738553,15.1822727628563,-0.420744416014811,0.673941723984757,-36.1445643060472,23.3688513312761,0.784423973818324
"virus_comp_230_cycle_1_165","fixed","cond",NA,"Dx.StatusCELIAC",1.43804268538358,9.68760929260464,0.14844144122135,0.881994396955959,-17.5493226244171,20.4254079951842,0.999986353446738
"virus_comp_230_cycle_1_165","fixed","cond",NA,"onset_timeline_combinedt0-6",1.57084693870289,34.7285104274708,0.0452322002691,0.963922228404552,-66.4957827358636,69.6374766132694,0.999999447029537
"virus_comp_230_cycle_1_165","fixed","cond",NA,"onset_timeline_combinedt0-12",-28.7155639251013,326039.895540717,-8.8073773540745e-05,0.999929727295971,-639055.168346932,638997.737219082,0.99998627227119
"virus_comp_230_cycle_1_165","fixed","cond",NA,"onset_timeline_combinedt0-18",-26.3913106351379,102161.158189192,-0.000258330182458033,0.99979388233812,-200258.58198035,200205.79935908,0.999997145165192
"virus_comp_230_cycle_1_165","fixed","cond",NA,"onset_timeline_combinedt0-24",-18.6049345937043,34218.0853996724,-0.000543716411260182,0.999566177091375,-67084.8199378675,67047.6100686801,0.99999582928833
"virus_comp_230_cycle_1_165","fixed","cond",NA,"onset_timeline_combinedt0-30",-18.126944119779,27836.8547698281,-0.000651185066332512,0.999480429526068,-54577.3597358549,54541.1058476154,0.999987296772671
"virus_comp_230_cycle_1_165","fixed","cond",NA,"onset_timeline_combinedt0-36",6.4931561624135,4.61070835429923,1.40827735425056,0.159048958585244,-2.54366615523094,15.5299784800579,0.410635493074631
"virus_comp_230_cycle_1_165","fixed","cond",NA,"onset_timeline_combinedt0-over42",5.61273155058733,4.22985309676198,1.32693297431156,0.184530855426838,-2.67762817896137,13.903091280136,0.999994751597901
"virus_comp_230_cycle_1_165","fixed","cond",NA,"SexMale",3.70434550291949,7.7949344658087,0.475224714097089,0.634626813543762,-11.5734453119155,18.9821363177545,0.990535691749098
"virus_comp_230_cycle_1_165","fixed","cond",NA,"Age.at.Gluten.Introduction..months.",-0.912319011277935,1.69945825977372,-0.536829313712835,0.591385521181932,-4.24319599366354,2.41855797110767,0.83874281987915
"virus_comp_230_cycle_1_165","fixed","cond",NA,"HLA.CategoryHigh Risk",-4.18968771754152,8.12670194182613,-0.51554588165443,0.606171616554341,-20.1177308366125,11.7383554015294,0.978697013291682
"virus_comp_230_cycle_1_165","fixed","cond",NA,"HLA.CategoryLow/No Risk",-30.8997349547477,2354314.31246594,-1.31247279902839e-05,0.999989527982172,-4614402.16045537,4614340.36098546,0.999989527982172
"virus_comp_230_cycle_1_165","fixed","cond",NA,"feeding_first_yearFormula",3.35989386080144,8.5648033215651,0.3922908366549,0.694843333440512,-13.4268121841352,20.1465999057381,0.999985531355603
"virus_comp_230_cycle_1_165","fixed","cond",NA,"feeding_first_yearBreastmilk_and_formula",-1.34685133286238,5.2662071508256,-0.255753580193144,0.79814111962126,-11.6684276836079,8.97472501788309,0.983038566973875
"virus_comp_230_cycle_1_165","fixed","cond",NA,"Delivery.ModeC-Section",36.1920555120151,2354314.31247837,1.5372652377038e-05,0.99998773439801,-4614335.06868926,4614407.45280029,0.999999650716233
"virus_comp_230_cycle_1_165","fixed","cond",NA,"Dx.StatusCELIAC:onset_timeline_combinedt0-6",-18.9002144287972,28393.3893247166,-0.00066565545284671,0.999468883830582,-55668.9206898974,55631.1202610398,0.999999878775183
"virus_comp_230_cycle_1_165","fixed","cond",NA,"Dx.StatusCELIAC:onset_timeline_combinedt0-12",29.7023717685288,326039.895544176,9.11004210664286e-05,0.999927312380649,-638996.750418017,639056.155161554,0.999997398262547
"virus_comp_230_cycle_1_165","fixed","cond",NA,"Dx.StatusCELIAC:onset_timeline_combinedt0-18",-0.625681874307627,3597135.21101083,-1.73938936849639e-07,0.999999861216808,-7050256.08678399,7050254.83542024,0.999999861216808
"virus_comp_230_cycle_1_165","fixed","cond",NA,"Dx.StatusCELIAC:onset_timeline_combinedt0-24",-8.00644948362336,144407.34046861,-5.54435076336285e-05,0.999955762481285,-283041.192871172,283025.179972205,0.999998617618745
"virus_comp_230_cycle_1_165","fixed","cond",NA,"Dx.StatusCELIAC:onset_timeline_combinedt0-30",-7.7999358510735,103448.712039195,-7.53990619826975e-05,0.999939840252602,-202763.549779729,202747.949908027,0.999999714796086
"virus_comp_230_cycle_1_165","fixed","cond",NA,"Dx.StatusCELIAC:onset_timeline_combinedt0-36",-40.1435636528955,4737462.3906702,-8.47364271048418e-06,0.999993239011308,-9285295.80739027,9285215.52026296,0.999999153356744
"virus_comp_230_cycle_1_165","fixed","cond",NA,"Dx.StatusCELIAC:onset_timeline_combinedt0-over42",-38.4056823438391,2183116.72620174,-1.75921341643782e-05,0.999985963507759,-4278868.56308475,4278791.75172006,0.999996861415992
"virus_comp_230_cycle_1_22","fixed","cond",NA,"(Intercept)",3.30942869721654,25.8377355392868,0.128085090591027,0.898081634842538,-47.3316024018561,53.9504597962892,0.999881086915019
"virus_comp_230_cycle_1_22","fixed","cond",NA,"Dx.StatusCELIAC",-0.84021493942526,8.75782881469515,-0.0959387260476508,0.923569237482596,-18.0052439989949,16.3248141201443,0.999986353446738
"virus_comp_230_cycle_1_22","fixed","cond",NA,"onset_timeline_combinedt0-6",1.5209027775893,27.4698623327188,0.0553662322427363,0.955846697322376,-52.3190380548129,55.3608436099915,0.999999447029537
"virus_comp_230_cycle_1_22","fixed","cond",NA,"onset_timeline_combinedt0-12",-26.0483116041997,83984.6992194211,-0.00031015544314977,0.99975253176443,-164633.034034099,164580.93741089,0.99998627227119
"virus_comp_230_cycle_1_22","fixed","cond",NA,"onset_timeline_combinedt0-18",-24.1249513381641,32142.3323838114,-0.00075056629525475,0.999401134797386,-63021.9388027239,62973.6889000475,0.999997145165192
"virus_comp_230_cycle_1_22","fixed","cond",NA,"onset_timeline_combinedt0-24",-17.3642744641276,17427.7197637087,-0.000996359518029825,0.999205020255089,-34175.06734399,34140.3387950617,0.99999582928833
"virus_comp_230_cycle_1_22","fixed","cond",NA,"onset_timeline_combinedt0-30",-17.0373066977796,15116.3587192204,-0.00112707742745723,0.999100722512195,-29644.5559737577,29610.4813603622,0.999987296772671
"virus_comp_230_cycle_1_22","fixed","cond",NA,"onset_timeline_combinedt0-36",-17.374938917463,17520.8965117753,-0.000991669513359992,0.999208762335556,-34357.7010788506,34322.9512010156,0.999986401700165
"virus_comp_230_cycle_1_22","fixed","cond",NA,"onset_timeline_combinedt0-over42",5.88510574190179,4.68285667375839,1.25673411592554,0.208849930125785,-3.29312468342769,15.0633361672313,0.999994751597901
"virus_comp_230_cycle_1_22","fixed","cond",NA,"SexMale",1.96052733720879,5.97253061569766,0.328257394287092,0.742717055354164,-9.74541756612146,13.666472240539,0.990535691749098
"virus_comp_230_cycle_1_22","fixed","cond",NA,"Age.at.Gluten.Introduction..months.",-1.65474951055312,3.29156666434544,-0.502723985048675,0.615158344035237,-8.10610162538282,4.79660260427659,0.856396910323565
"virus_comp_230_cycle_1_22","fixed","cond",NA,"HLA.CategoryHigh Risk",-1.76641017681011,8.14024142344745,-0.21699727132442,0.828210471446456,-17.7209901922282,14.188169838608,0.978697013291682
"virus_comp_230_cycle_1_22","fixed","cond",NA,"HLA.CategoryLow/No Risk",-17.5604780447267,22688.7214944254,-0.000773973890465415,0.999382458243988,-44486.6374623782,44451.5165062888,0.999989527982172
"virus_comp_230_cycle_1_22","fixed","cond",NA,"feeding_first_yearFormula",1.8167461472042,7.77435657366925,0.233684438061059,0.815229969922659,-13.4207127401597,17.0542050345681,0.999985531355603
"virus_comp_230_cycle_1_22","fixed","cond",NA,"feeding_first_yearBreastmilk_and_formula",-3.40101205239463,7.1168414524635,-0.477882228389024,0.632734030939687,-17.3497649829048,10.5477408781156,0.966110025735866
"virus_comp_230_cycle_1_22","fixed","cond",NA,"Delivery.ModeC-Section",23.4416347988837,22688.7290747649,0.00103318412951373,0.999175638481258,-44445.650206727,44492.5334763248,0.999999650716233
"virus_comp_230_cycle_1_22","fixed","cond",NA,"Dx.StatusCELIAC:onset_timeline_combinedt0-6",-18.9678126428541,34441.0250863344,-0.000550733103771065,0.999560578581591,-67522.1365724988,67484.2009472131,0.999999878775183
"virus_comp_230_cycle_1_22","fixed","cond",NA,"Dx.StatusCELIAC:onset_timeline_combinedt0-12",25.0950058233746,83984.6992346237,0.000298804497153321,0.999761588508571,-164581.890746468,164632.080758114,0.999997398262547
"virus_comp_230_cycle_1_22","fixed","cond",NA,"Dx.StatusCELIAC:onset_timeline_combinedt0-18",0.275395425696612,782458.564376172,3.51961673416119e-07,0.999999719175215,-1533590.33017679,1533590.88096764,0.999999861216808
"virus_comp_230_cycle_1_22","fixed","cond",NA,"Dx.StatusCELIAC:onset_timeline_combinedt0-24",-8.88396539867711,92716.3614089536,-9.5818745080943e-05,0.999923547702781,-181729.613104547,181711.84517375,0.999998617618745
"virus_comp_230_cycle_1_22","fixed","cond",NA,"Dx.StatusCELIAC:onset_timeline_combinedt0-30",-9.11111389763532,87945.3431501247,-0.000103599731052074,0.999917339374238,-172378.816296158,172360.594068363,0.999999714796086
"virus_comp_230_cycle_1_22","fixed","cond",NA,"Dx.StatusCELIAC:onset_timeline_combinedt0-36",-9.09439471218891,103206.123667432,-8.81187509909239e-05,0.999929691409158,-202289.379766865,202271.190977441,0.999999153356744
"virus_comp_230_cycle_1_22","fixed","cond",NA,"Dx.StatusCELIAC:onset_timeline_combinedt0-over42",-42.3723324192846,10771809.7573059,-3.93363170850151e-06,0.999996861415992,-21112401.5449692,21112316.8003043,0.999996861415992
"virus_comp_2375_cycle_1_11","fixed","cond",NA,"(Intercept)",-2.09189797839025,3.22147215900739,-0.649360874512356,0.516105147082556,-8.40586738724321,4.22207143046272,0.637277659875851
"virus_comp_2375_cycle_1_11","fixed","cond",NA,"Dx.StatusCELIAC",1.79698658265814,1.84409878111161,0.974452453992151,0.329831935783728,-1.81738061225482,5.41135377757111,0.999986353446738
"virus_comp_2375_cycle_1_11","fixed","cond",NA,"onset_timeline_combinedt0-6",-19.2653903178807,31829.8687715892,-0.000605261380627389,0.999517071318633,-62404.6618152688,62366.131034633,0.999999447029537
"virus_comp_2375_cycle_1_11","fixed","cond",NA,"onset_timeline_combinedt0-12",-1.16165033557396,1.67303203110229,-0.694338371279476,0.48747003274024,-4.44073286151635,2.11743219036843,0.99998627227119
"virus_comp_2375_cycle_1_11","fixed","cond",NA,"onset_timeline_combinedt0-18",-0.437964469637318,2.1182338040559,-0.206759267460808,0.836197868578111,-4.58962643642215,3.71369749714751,0.999997145165192
"virus_comp_2375_cycle_1_11","fixed","cond",NA,"onset_timeline_combinedt0-24",0.478610788804778,1.34633086948433,0.355492694740108,0.722220516759191,-2.16014922665901,3.11737080426856,0.99999582928833
"virus_comp_2375_cycle_1_11","fixed","cond",NA,"onset_timeline_combinedt0-30",0.478612959001093,1.34633089535784,0.355494299842152,0.722219314493122,-2.16014710717384,3.11737302517602,0.999987296772671
"virus_comp_2375_cycle_1_11","fixed","cond",NA,"onset_timeline_combinedt0-36",-3.08795951955886,1.95848428265829,-1.57670885944896,0.114862530921529,-6.92651817785686,0.750599138739149,0.396026913744603
"virus_comp_2375_cycle_1_11","fixed","cond",NA,"onset_timeline_combinedt0-over42",-19.9097182216508,16800.2666664475,-0.00118508346426508,0.999054440421928,-32947.8273151275,32908.0078786842,0.999994751597901
"virus_comp_2375_cycle_1_11","fixed","cond",NA,"SexMale",-2.33237726447558,2.01667821738319,-1.15654408540299,0.247458678065873,-6.28499393895307,1.62023941000191,0.990535691749098
"virus_comp_2375_cycle_1_11","fixed","cond",NA,"Age.at.Gluten.Introduction..months.",-0.176716854210723,0.305149892527343,-0.579114915450572,0.562511636462867,-0.774799653450583,0.421365945029136,0.815067881405378
"virus_comp_2375_cycle_1_11","fixed","cond",NA,"HLA.CategoryHigh Risk",1.48887090136561,1.71853736241275,0.866359343666117,0.386293132133095,-1.87940043504983,4.85714223778105,0.903310309051692
"virus_comp_2375_cycle_1_11","fixed","cond",NA,"HLA.CategoryLow/No Risk",0.426627360082708,3.02360507347559,0.141098903367134,0.887791809971497,-5.49952968740203,6.35278440756744,0.999989527982172
"virus_comp_2375_cycle_1_11","fixed","cond",NA,"feeding_first_yearFormula",-1.25382564662866,2.44213867590653,-0.513412960123257,0.607662481752762,-6.0403294966578,3.53267820340047,0.999985531355603
"virus_comp_2375_cycle_1_11","fixed","cond",NA,"feeding_first_yearBreastmilk_and_formula",-0.761619804810259,1.74413165855404,-0.436675638031635,0.662346599521527,-4.18005503987228,2.65681543025176,0.976676784589325
"virus_comp_2375_cycle_1_11","fixed","cond",NA,"Delivery.ModeC-Section",-26.9448702580242,1284875.34181142,-2.09708050121324e-05,0.999983267718454,-2518336.33944423,2518282.44970371,0.999999650716233
"virus_comp_2375_cycle_1_11","fixed","cond",NA,"Dx.StatusCELIAC:onset_timeline_combinedt0-6",18.9397481846861,31829.8688146051,0.000595030670562978,0.99952523424277,-62366.456761076,62404.3362574454,0.999999878775183
"virus_comp_2375_cycle_1_11","fixed","cond",NA,"Dx.StatusCELIAC:onset_timeline_combinedt0-12",-0.753666201653574,1.9172022008931,-0.393107310904655,0.69424022457687,-4.51131346648498,3.00398106317783,0.999997398262547
"virus_comp_2375_cycle_1_11","fixed","cond",NA,"Dx.StatusCELIAC:onset_timeline_combinedt0-18",-3.06785797348117,2.67197096572871,-1.14816291525252,0.250901315429425,-8.30482483404614,2.1691088870838,0.999999861216808
"virus_comp_2375_cycle_1_11","fixed","cond",NA,"Dx.StatusCELIAC:onset_timeline_combinedt0-24",-2.70694658628907,1.85823460068244,-1.45673026715515,0.145190851432108,-6.34901947845282,0.935126305874677,0.999998617618745
"virus_comp_2375_cycle_1_11","fixed","cond",NA,"Dx.StatusCELIAC:onset_timeline_combinedt0-30",-4.77209863740093,2.12379846139234,-2.24696397711503,0.0246423293884856,-8.9346671321515,-0.609530142650358,0.869674678842042
"virus_comp_2375_cycle_1_11","fixed","cond",NA,"Dx.StatusCELIAC:onset_timeline_combinedt0-36",-0.671820877639507,2.39871242556312,-0.280075623271844,0.779419486376895,-5.37321084101193,4.02956908573291,0.999999153356744
"virus_comp_2375_cycle_1_11","fixed","cond",NA,"Dx.StatusCELIAC:onset_timeline_combinedt0-over42",16.2047681314508,16800.2667370229,0.000964554217210151,0.999230397201366,-32911.7129670997,32944.1225033626,0.999996861415992
"virus_comp_2455_cycle_1_11","fixed","cond",NA,"(Intercept)",0.156060079091533,0.466439508106516,0.334577316842326,0.737943958221284,-0.758144557763817,1.07026471594688,0.845064855382438
"virus_comp_2455_cycle_1_11","fixed","cond",NA,"Dx.StatusCELIAC",0.103503578787431,0.545899684310075,0.189601829351196,0.849621153600168,-0.966440141632101,1.17344729920696,0.999986353446738
"virus_comp_2455_cycle_1_11","fixed","cond",NA,"onset_timeline_combinedt0-6",-0.255165450453748,1.08805024917391,-0.234516237322201,0.814584229064398,-2.38770475220443,1.87737385129694,0.999999447029537
"virus_comp_2455_cycle_1_11","fixed","cond",NA,"onset_timeline_combinedt0-12",-0.0347143648831334,0.571316001921667,-0.0607621084765153,0.951548667590589,-1.15447315244102,1.08504442267475,0.99998627227119
"virus_comp_2455_cycle_1_11","fixed","cond",NA,"onset_timeline_combinedt0-18",0.466162904413025,0.662786720730806,0.70333772514184,0.48184530585182,-0.832875197650761,1.76520100647681,0.999997145165192
"virus_comp_2455_cycle_1_11","fixed","cond",NA,"onset_timeline_combinedt0-24",-0.276519566396935,0.5990014485125,-0.461634219889811,0.644343650508761,-1.45054083216876,0.897501699374888,0.99999582928833
"virus_comp_2455_cycle_1_11","fixed","cond",NA,"onset_timeline_combinedt0-30",-0.276557126945279,0.64473940811682,-0.428944040745171,0.667963948949654,-1.54022314626792,0.98710889237736,0.999987296772671
"virus_comp_2455_cycle_1_11","fixed","cond",NA,"onset_timeline_combinedt0-36",-1.32946095806808,0.809283782945239,-1.64276238580953,0.100432105422965,-2.91562802591308,0.256706109776917,0.396026913744603
"virus_comp_2455_cycle_1_11","fixed","cond",NA,"onset_timeline_combinedt0-over42",-0.390670438259393,0.562285763309353,-0.694789844864803,0.487187013223295,-1.49273028336534,0.711389406846552,0.999994751597901
"virus_comp_2455_cycle_1_11","fixed","cond",NA,"SexMale",-0.923612177553284,0.371180703119927,-2.48830871268345,0.0128352263790317,-1.6511129874246,-0.196111367681972,0.911301072911253
"virus_comp_2455_cycle_1_11","fixed","cond",NA,"Age.at.Gluten.Introduction..months.",-0.0549384739932308,0.0247497807212798,-2.21975598943367,0.0264353359111865,-0.103447152832203,-0.00642979515425865,0.5212200923141
"virus_comp_2455_cycle_1_11","fixed","cond",NA,"HLA.CategoryHigh Risk",-0.411803628527029,0.284874998333524,-1.44555903795004,0.148300922720769,-0.970148365356643,0.146541108302585,0.645034917918851
"virus_comp_2455_cycle_1_11","fixed","cond",NA,"HLA.CategoryLow/No Risk",1.01298727421576,0.462393526811659,2.19074709198592,0.0284700992232594,0.106712614980449,1.91926193345106,0.999989527982172
"virus_comp_2455_cycle_1_11","fixed","cond",NA,"feeding_first_yearFormula",-0.385891601285606,0.426801719659008,-0.904147250376389,0.365917326501487,-1.22240760035702,0.45062439778581,0.999985531355603
"virus_comp_2455_cycle_1_11","fixed","cond",NA,"feeding_first_yearBreastmilk_and_formula",0.235844736457016,0.274034034058457,0.860640311585187,0.389436176579147,-0.301252100835782,0.772941573749814,0.906556345479326
"virus_comp_2455_cycle_1_11","fixed","cond",NA,"Delivery.ModeC-Section",-0.711074357106615,0.648998246503457,-1.09564911914262,0.273232357244765,-1.98308754628304,0.560938832069808,0.999999650716233
"virus_comp_2455_cycle_1_11","fixed","cond",NA,"Dx.StatusCELIAC:onset_timeline_combinedt0-6",-0.700257323434457,1.53563528318222,-0.456004971430032,0.648386403280266,-3.71004717186058,2.30953252499166,0.999999878775183
"virus_comp_2455_cycle_1_11","fixed","cond",NA,"Dx.StatusCELIAC:onset_timeline_combinedt0-12",0.0666537796207521,0.793816395549423,0.083966242061074,0.933083271887117,-1.48919776599352,1.62250532523502,0.999997398262547
"virus_comp_2455_cycle_1_11","fixed","cond",NA,"Dx.StatusCELIAC:onset_timeline_combinedt0-18",-0.299331479055037,0.927432049661118,-0.322753002944434,0.746882307867054,-2.11706489449899,1.51840193638892,0.999999861216808
"virus_comp_2455_cycle_1_11","fixed","cond",NA,"Dx.StatusCELIAC:onset_timeline_combinedt0-24",0.61961903188203,0.821122010467355,0.7546004418142,0.450488758508719,-0.989750535547106,2.22898859931117,0.999998617618745
"virus_comp_2455_cycle_1_11","fixed","cond",NA,"Dx.StatusCELIAC:onset_timeline_combinedt0-30",-0.241023481203831,0.909434739329733,-0.265025593129936,0.790989746086559,-2.02348281657968,1.54143585417202,0.999999714796086
"virus_comp_2455_cycle_1_11","fixed","cond",NA,"Dx.StatusCELIAC:onset_timeline_combinedt0-36",1.44134154115406,0.979986441834077,1.47077702264589,0.141351428345818,-0.479396590178283,3.36207967248641,0.902673409591648
"virus_comp_2455_cycle_1_11","fixed","cond",NA,"Dx.StatusCELIAC:onset_timeline_combinedt0-over42",-0.464122675428866,0.805072444492832,-0.576498026486607,0.564278603418324,-2.04203567158044,1.11379032072271,0.999996861415992
"virus_comp_2506_cycle_1_4","fixed","cond",NA,"(Intercept)",-4.01190311770213,1.1852345460938,-3.38490228024844,0.000712035983515242,-6.33492014127866,-1.6888860941256,0.0120185277105474
"virus_comp_2506_cycle_1_4","fixed","cond",NA,"Dx.StatusCELIAC",-2.2558699508273,1.32758506008482,-1.69922818405562,0.0892761979418111,-4.85788885500698,0.346148953352387,0.999986353446738
"virus_comp_2506_cycle_1_4","fixed","cond",NA,"onset_timeline_combinedt0-6",-22.307690480759,57690.6720938452,-0.000386677597454076,0.999691475922671,-113093.947238327,113049.331857366,0.999999447029537
"virus_comp_2506_cycle_1_4","fixed","cond",NA,"onset_timeline_combinedt0-12",-0.181347122431724,0.813182899429093,-0.223009021167367,0.82352848542447,-1.7751563181566,1.41246207329316,0.99998627227119
"virus_comp_2506_cycle_1_4","fixed","cond",NA,"onset_timeline_combinedt0-18",-0.370613488306306,1.18998149953578,-0.311444748049349,0.75546254016268,-2.70293436966539,1.96170739305278,0.999997145165192
"virus_comp_2506_cycle_1_4","fixed","cond",NA,"onset_timeline_combinedt0-24",1.11733894704159,0.786944218576907,1.41984516902883,0.155652761679687,-0.425043379211166,2.65972127329434,0.99999582928833
"virus_comp_2506_cycle_1_4","fixed","cond",NA,"onset_timeline_combinedt0-30",0.575553830940621,0.84524833510857,0.680928677448022,0.495916621234568,-1.08110246386462,2.23221012574586,0.999987296772671
"virus_comp_2506_cycle_1_4","fixed","cond",NA,"onset_timeline_combinedt0-36",0.198014134847874,0.822065218457959,0.240873996857952,0.809652776339604,-1.41320408627278,1.80923235596853,0.999986401700165
"virus_comp_2506_cycle_1_4","fixed","cond",NA,"onset_timeline_combinedt0-over42",-1.72166050160519,1.18329266475538,-1.45497437183988,0.145676356613545,-4.04087150769615,0.597550504485774,0.999994751597901
"virus_comp_2506_cycle_1_4","fixed","cond",NA,"SexMale",-0.0874535208895034,0.831874258122136,-0.105128293171278,0.916274008990292,-1.71789710647487,1.54299006469586,0.994111673083809
"virus_comp_2506_cycle_1_4","fixed","cond",NA,"Age.at.Gluten.Introduction..months.",0.121979114559138,0.0710858650928188,1.71594049534132,0.0861729339611363,-0.01734662083266,0.261304849950936,0.5212200923141
"virus_comp_2506_cycle_1_4","fixed","cond",NA,"HLA.CategoryHigh Risk",1.45070173388961,0.818832539170684,1.77167084170701,0.0764492125703266,-0.154180552254412,3.05558402003363,0.452324507707766
"virus_comp_2506_cycle_1_4","fixed","cond",NA,"HLA.CategoryLow/No Risk",-0.543605366468161,1.75482900320844,-0.309776830377354,0.756730672169394,-3.98300701178302,2.8957962788467,0.999989527982172
"virus_comp_2506_cycle_1_4","fixed","cond",NA,"feeding_first_yearFormula",0.836016696093224,1.04194787452235,0.8023594236674,0.422345077552816,-1.20616361173864,2.87819700392509,0.999985531355603
"virus_comp_2506_cycle_1_4","fixed","cond",NA,"feeding_first_yearBreastmilk_and_formula",1.08981309495138,0.841778349850974,1.2946556479438,0.195439046383065,-0.560042153722089,2.73966834362484,0.836964856897864
"virus_comp_2506_cycle_1_4","fixed","cond",NA,"Delivery.ModeC-Section",0.505789070794088,1.87551918856914,0.269679496683776,0.78740683558579,-3.1701609911152,4.18173913270338,0.999999650716233
"virus_comp_2506_cycle_1_4","fixed","cond",NA,"Dx.StatusCELIAC:onset_timeline_combinedt0-6",-0.987888090108551,311838.648971029,-3.1679462868643e-06,0.999997472344568,-611193.508858935,611191.533082755,0.999999878775183
"virus_comp_2506_cycle_1_4","fixed","cond",NA,"Dx.StatusCELIAC:onset_timeline_combinedt0-12",0.532881147292802,1.66449757691039,0.320145342765789,0.748858154425917,-2.72947415580574,3.79523645039135,0.999997398262547
"virus_comp_2506_cycle_1_4","fixed","cond",NA,"Dx.StatusCELIAC:onset_timeline_combinedt0-18",-17.3072877165476,12668.6131740102,-0.00136615488047687,0.998909966452271,-24847.3328428461,24812.718267413,0.999999861216808
"virus_comp_2506_cycle_1_4","fixed","cond",NA,"Dx.StatusCELIAC:onset_timeline_combinedt0-24",-0.706802939333462,1.65521653552123,-0.427015392950317,0.66936811607642,-3.95096773557024,2.53736185690331,0.999998617618745
"virus_comp_2506_cycle_1_4","fixed","cond",NA,"Dx.StatusCELIAC:onset_timeline_combinedt0-30",0.265749123299484,1.70869059515988,0.15552793703685,0.876405131331082,-3.08322290393619,3.61472115053516,0.999999714796086
"virus_comp_2506_cycle_1_4","fixed","cond",NA,"Dx.StatusCELIAC:onset_timeline_combinedt0-36",0.708930068082112,1.48576244534694,0.477149002050976,0.633256023056586,-2.20311081438006,3.62097095054428,0.999999153356744
"virus_comp_2506_cycle_1_4","fixed","cond",NA,"Dx.StatusCELIAC:onset_timeline_combinedt0-over42",2.10997391589879,1.67989639047036,1.25601431604244,0.209110779676687,-1.18256250718194,5.40251033897952,0.999996861415992
"virus_comp_2551_cycle_1_1","fixed","cond",NA,"(Intercept)",-1.10791183667452,1.02603347460004,-1.07980086819916,0.280230864497277,-3.11890049382308,0.903076820474038,0.427879384501219
"virus_comp_2551_cycle_1_1","fixed","cond",NA,"Dx.StatusCELIAC",0.735552386364095,0.909570720191585,0.808680809568236,0.418698769345075,-1.04717346660357,2.51827823933176,0.999986353446738
"virus_comp_2551_cycle_1_1","fixed","cond",NA,"onset_timeline_combinedt0-6",0.908661241474175,1.30454384601075,0.696535608406595,0.486093465408095,-1.64819771296026,3.46552019590861,0.999999447029537
"virus_comp_2551_cycle_1_1","fixed","cond",NA,"onset_timeline_combinedt0-12",0.0652281190430328,1.0110974050887,0.0645122010152034,0.948562392344384,-1.91648637979272,2.04694261787879,0.99998627227119
"virus_comp_2551_cycle_1_1","fixed","cond",NA,"onset_timeline_combinedt0-18",0.444468425242581,1.02999963966318,0.431522893918612,0.666088209795984,-1.57429377258647,2.46323062307164,0.999997145165192
"virus_comp_2551_cycle_1_1","fixed","cond",NA,"onset_timeline_combinedt0-24",0.296866481476908,1.00928870171685,0.294134355186899,0.768655239749882,-1.6813030238913,2.27503598684512,0.99999582928833
"virus_comp_2551_cycle_1_1","fixed","cond",NA,"onset_timeline_combinedt0-30",0.256941517908446,1.00605610957019,0.25539481890152,0.798418172060081,-1.7148922232756,2.22877525909249,0.999987296772671
"virus_comp_2551_cycle_1_1","fixed","cond",NA,"onset_timeline_combinedt0-36",0.278706799157031,1.00910694441532,0.276191538170926,0.782400956127576,-1.69910646844626,2.25652006676033,0.999986401700165
"virus_comp_2551_cycle_1_1","fixed","cond",NA,"onset_timeline_combinedt0-over42",0.646242253406155,1.04616030539963,0.617727751732364,0.536754815274006,-1.40419426723254,2.69667877404485,0.999994751597901
"virus_comp_2551_cycle_1_1","fixed","cond",NA,"SexMale",0.164520698691768,0.49543430276249,0.332073693271576,0.73983361380156,-0.806512691428424,1.13555408881196,0.990535691749098
"virus_comp_2551_cycle_1_1","fixed","cond",NA,"Age.at.Gluten.Introduction..months.",-0.11564493791298,0.0811990186800619,-1.42421595473513,0.154383967746985,-0.274792090105897,0.043502214279936,0.5212200923141
"virus_comp_2551_cycle_1_1","fixed","cond",NA,"HLA.CategoryHigh Risk",-0.233540583240587,0.461162732613533,-0.506416860523509,0.612564040783617,-1.13740293017519,0.670321763694011,0.978697013291682
"virus_comp_2551_cycle_1_1","fixed","cond",NA,"HLA.CategoryLow/No Risk",0.647652738810961,0.71171914616269,0.909983583135076,0.362831167710205,-0.747291154775509,2.04259663239743,0.999989527982172
"virus_comp_2551_cycle_1_1","fixed","cond",NA,"feeding_first_yearFormula",0.813932458753867,0.6156344955888,1.32210339834095,0.186133722330376,-0.392688980240664,2.0205538977484,0.999985531355603
"virus_comp_2551_cycle_1_1","fixed","cond",NA,"feeding_first_yearBreastmilk_and_formula",-0.237933463189586,0.479109632737025,-0.496615903609234,0.619459935983985,-1.17697108800037,0.701104161621196,0.956122944670933
"virus_comp_2551_cycle_1_1","fixed","cond",NA,"Delivery.ModeC-Section",-22.6268626662128,28278.9212652951,-0.000800131746679505,0.999361587300836,-55448.2940642885,55403.0403389561,0.999999650716233
"virus_comp_2551_cycle_1_1","fixed","cond",NA,"Dx.StatusCELIAC:onset_timeline_combinedt0-6",0.106728514053583,1.60825901346427,0.0663627644303911,0.947089014505022,-3.0454012301483,3.25885825825547,0.999999878775183
"virus_comp_2551_cycle_1_1","fixed","cond",NA,"Dx.StatusCELIAC:onset_timeline_combinedt0-12",-0.756140244927565,1.34333646315254,-0.562882245564193,0.573515070723097,-3.38903133182597,1.87675084197084,0.999997398262547
"virus_comp_2551_cycle_1_1","fixed","cond",NA,"Dx.StatusCELIAC:onset_timeline_combinedt0-18",-0.421962086399847,1.35699373763147,-0.310953598898954,0.755835896774134,-3.08162093940392,2.23769676660422,0.999999861216808
"virus_comp_2551_cycle_1_1","fixed","cond",NA,"Dx.StatusCELIAC:onset_timeline_combinedt0-24",0.0929411961728435,1.24990275929851,0.0743587414952225,0.940724937394445,-2.35682319622948,2.54270558857517,0.999998617618745
"virus_comp_2551_cycle_1_1","fixed","cond",NA,"Dx.StatusCELIAC:onset_timeline_combinedt0-30",-1.55384324824674,1.5131932117581,-1.02686374494201,0.304484628105371,-4.51964744494311,1.41196094844962,0.999999714796086
"virus_comp_2551_cycle_1_1","fixed","cond",NA,"Dx.StatusCELIAC:onset_timeline_combinedt0-36",-20.3042577145518,11022.4235069941,-0.00184208651587994,0.998530228440541,-21623.8573537706,21583.2488383415,0.999999153356744
"virus_comp_2551_cycle_1_1","fixed","cond",NA,"Dx.StatusCELIAC:onset_timeline_combinedt0-over42",-1.31022596137857,1.37731553648829,-0.951289611325538,0.341457379160101,-4.00971480824309,1.38926288548594,0.999996861415992
"virus_comp_2552_cycle_1_1","fixed","cond",NA,"(Intercept)",-2.95813960394757,1.22961711328532,-2.4057404308923,0.0161397277304838,-5.3681448607609,-0.54813434713424,0.052051554503569
"virus_comp_2552_cycle_1_1","fixed","cond",NA,"Dx.StatusCELIAC",1.2485723412591,1.21956900224527,1.02378163019922,0.305938428845275,-1.14173897980308,3.63888366232129,0.999986353446738
"virus_comp_2552_cycle_1_1","fixed","cond",NA,"onset_timeline_combinedt0-6",2.03156134016355,1.53474664274135,1.32371121303435,0.185598973018523,-0.976486805003252,5.03960948533035,0.999999447029537
"virus_comp_2552_cycle_1_1","fixed","cond",NA,"onset_timeline_combinedt0-12",1.73011025205741,1.13320117796388,1.52674589975811,0.126824209013456,-0.490923243990152,3.95114374810498,0.99998627227119
"virus_comp_2552_cycle_1_1","fixed","cond",NA,"onset_timeline_combinedt0-18",0.555215226053942,1.43171132118821,0.387798306709732,0.698165298707344,-2.25088739973321,3.36131785184109,0.999997145165192
"virus_comp_2552_cycle_1_1","fixed","cond",NA,"onset_timeline_combinedt0-24",1.62245740074006,1.1775934259657,1.377773826658,0.168273129348745,-0.685583302583839,3.93049810406397,0.99999582928833
"virus_comp_2552_cycle_1_1","fixed","cond",NA,"onset_timeline_combinedt0-30",1.09979460241893,1.24061419034779,0.886492038359336,0.375352442525069,-1.33176452937206,3.53135373420993,0.969997944520231
"virus_comp_2552_cycle_1_1","fixed","cond",NA,"onset_timeline_combinedt0-36",0.286452215747539,1.42413007469096,0.201141890644855,0.840587627297325,-2.50479143994708,3.07769587144216,0.999986401700165
"virus_comp_2552_cycle_1_1","fixed","cond",NA,"onset_timeline_combinedt0-over42",0.542039822986443,1.46117588747738,0.370961379551806,0.710666297222923,-2.32181229154757,3.40589193752045,0.999994751597901
"virus_comp_2552_cycle_1_1","fixed","cond",NA,"SexMale",0.0123249368616302,0.632483661723663,0.0194865695471753,0.984452950958999,-1.22732026092676,1.25197013465002,0.999535770039868
"virus_comp_2552_cycle_1_1","fixed","cond",NA,"Age.at.Gluten.Introduction..months.",-0.0817280214183784,0.0575116696822159,-1.42106848696919,0.155296850223905,-0.194448822686286,0.0309927798495288,0.5212200923141
"virus_comp_2552_cycle_1_1","fixed","cond",NA,"HLA.CategoryHigh Risk",0.469242874602209,0.600888998742441,0.780914404464478,0.434852839476028,-0.708477921639308,1.64696367084373,0.903310309051692
"virus_comp_2552_cycle_1_1","fixed","cond",NA,"HLA.CategoryLow/No Risk",1.4143744225048,0.936777944358483,1.50982890985267,0.131087086188953,-0.421676609949299,3.25042545495889,0.999989527982172
"virus_comp_2552_cycle_1_1","fixed","cond",NA,"feeding_first_yearFormula",0.920490932369273,0.805005406580614,1.14345931697428,0.252847936695717,-0.657290671888753,2.4982725366273,0.999985531355603
"virus_comp_2552_cycle_1_1","fixed","cond",NA,"feeding_first_yearBreastmilk_and_formula",0.293279056410452,0.626908727491062,0.467817791569401,0.639914896358772,-0.935439471065865,1.52199758388677,0.96667994981857
"virus_comp_2552_cycle_1_1","fixed","cond",NA,"Delivery.ModeC-Section",-20.5309642390555,9115.87816678124,-0.00225222012223369,0.998202989856161,-17887.3238585853,17846.2619301072,0.999999650716233
"virus_comp_2552_cycle_1_1","fixed","cond",NA,"Dx.StatusCELIAC:onset_timeline_combinedt0-6",-0.816362430881553,1.83542871795858,-0.444780242835875,0.656478573599078,-4.41373661427088,2.78101175250778,0.999999878775183
"virus_comp_2552_cycle_1_1","fixed","cond",NA,"Dx.StatusCELIAC:onset_timeline_combinedt0-12",-2.28449699190627,1.4429808770122,-1.58317897922285,0.113380676214578,-5.11268754123021,0.543693557417666,0.503126750702189
"virus_comp_2552_cycle_1_1","fixed","cond",NA,"Dx.StatusCELIAC:onset_timeline_combinedt0-18",0.214461178789899,1.66570505857109,0.128750992071714,0.897554685317934,-3.05026074487561,3.47918310245541,0.999999861216808
"virus_comp_2552_cycle_1_1","fixed","cond",NA,"Dx.StatusCELIAC:onset_timeline_combinedt0-24",-0.628719767922351,1.39468895845374,-0.450795687534085,0.652136809719996,-3.36225989612736,2.10482036028266,0.999998617618745
"virus_comp_2552_cycle_1_1","fixed","cond",NA,"Dx.StatusCELIAC:onset_timeline_combinedt0-30",-2.3215141882438,1.68960675128803,-1.37399675189156,0.169442690802062,-5.63308256880407,0.990054192316457,0.999999714796086
"virus_comp_2552_cycle_1_1","fixed","cond",NA,"Dx.StatusCELIAC:onset_timeline_combinedt0-36",-1.57021194872815,1.82884967064253,-0.858579014958891,0.39057281986135,-5.15469143632545,2.01426753886914,0.999999153356744
"virus_comp_2552_cycle_1_1","fixed","cond",NA,"Dx.StatusCELIAC:onset_timeline_combinedt0-over42",-0.117341011468815,1.68947800729543,-0.069454003521868,0.944628244065433,-3.42865705844036,3.19397503550273,0.999996861415992
"virus_comp_2590_cycle_1_1","fixed","cond",NA,"(Intercept)",-42.0856330418465,41.8739647064045,-1.00505489119375,0.314870419285375,-124.157095756301,39.9858296726077,0.460944325139415
"virus_comp_2590_cycle_1_1","fixed","cond",NA,"Dx.StatusCELIAC",14.460130924067,15.6174883878868,0.925893496119547,0.354501331617995,-16.1495838451637,45.0698456932977,0.999986353446738
"virus_comp_2590_cycle_1_1","fixed","cond",NA,"onset_timeline_combinedt0-6",-6.81539706247701,263.449276911968,-0.0258698643714797,0.979361136746407,-523.166491563054,509.5356974381,0.999999447029537
"virus_comp_2590_cycle_1_1","fixed","cond",NA,"onset_timeline_combinedt0-12",-11.6191376984599,10.1077966536767,-1.14952230407539,0.250340675151598,-31.4300551027207,8.19177970580085,0.99998627227119
"virus_comp_2590_cycle_1_1","fixed","cond",NA,"onset_timeline_combinedt0-18",0.783352178347403,4.15703793460413,0.188439987960322,0.850531755284501,-7.36429245584345,8.93099681253826,0.999997145165192
"virus_comp_2590_cycle_1_1","fixed","cond",NA,"onset_timeline_combinedt0-24",0.783440955912546,4.16138902495871,0.188264291373316,0.850669476153967,-7.37273165866677,8.93961357049186,0.99999582928833
"virus_comp_2590_cycle_1_1","fixed","cond",NA,"onset_timeline_combinedt0-30",-11.6192089691607,10.1079491474657,-1.1495120127384,0.250344916224461,-31.4304252557557,8.19200731743441,0.765753499201465
"virus_comp_2590_cycle_1_1","fixed","cond",NA,"onset_timeline_combinedt0-36",-12.3521504806972,9.96365321030626,-1.23972103604733,0.215078593665739,-31.8805519273444,7.17625096594994,0.469864004623613
"virus_comp_2590_cycle_1_1","fixed","cond",NA,"onset_timeline_combinedt0-over42",-37.1158557456892,5447.86120610993,-0.00681292241881323,0.994564116440029,-10714.7276124941,10640.4959010027,0.999994751597901
"virus_comp_2590_cycle_1_1","fixed","cond",NA,"SexMale",32.5477174065526,15.5712639878615,2.0902424769065,0.0365960236316992,2.02860079657847,63.0668340165267,0.990535691749098
"virus_comp_2590_cycle_1_1","fixed","cond",NA,"Age.at.Gluten.Introduction..months.",-0.793429281854677,5.76940757483129,-0.137523527600298,0.890616997086775,-12.1012603406566,10.5144017769472,0.991020810761038
"virus_comp_2590_cycle_1_1","fixed","cond",NA,"HLA.CategoryHigh Risk",-14.7435560040238,18.6204749757449,-0.791792691820632,0.428481564319338,-51.2390163315131,21.7519043234656,0.903310309051692
"virus_comp_2590_cycle_1_1","fixed","cond",NA,"HLA.CategoryLow/No Risk",0.382778470434051,15.5059411098032,0.0246859231389734,0.980305483367901,-30.0083076511793,30.7738645920474,0.999989527982172
"virus_comp_2590_cycle_1_1","fixed","cond",NA,"feeding_first_yearFormula",-11.8985568172173,5265.99626084179,-0.00225950726659181,0.99819717557098,-10333.0615707897,10309.2644571553,0.999985531355603
"virus_comp_2590_cycle_1_1","fixed","cond",NA,"feeding_first_yearBreastmilk_and_formula",18.5243298509339,18.1148261435197,1.02260599710811,0.306494172948514,-16.9800769765693,54.0287366784371,0.836964856897864
"virus_comp_2590_cycle_1_1","fixed","cond",NA,"Delivery.ModeC-Section",1.28867272201107,161321.268787719,7.98823820129274e-06,0.999993626308071,-316182.588091513,316185.165436957,0.999999650716233
"virus_comp_2590_cycle_1_1","fixed","cond",NA,"Dx.StatusCELIAC:onset_timeline_combinedt0-6",-2.82516200679716,1237.66821463083,-0.00228264891462843,0.998178711254918,-2428.6102874932,2422.95996347961,0.999999878775183
"virus_comp_2590_cycle_1_1","fixed","cond",NA,"Dx.StatusCELIAC:onset_timeline_combinedt0-12",11.6191545400127,10.5195219832003,1.10453255942319,0.269362187715335,-8.99872968163728,32.2370387616628,0.910700729894704
"virus_comp_2590_cycle_1_1","fixed","cond",NA,"Dx.StatusCELIAC:onset_timeline_combinedt0-18",-9.69601783362127,821.133869306116,-0.0118080841578423,0.990578730894234,-1619.08882815963,1599.69679249239,0.999999861216808
"virus_comp_2590_cycle_1_1","fixed","cond",NA,"Dx.StatusCELIAC:onset_timeline_combinedt0-24",-17.1488369864659,11.7272848166584,-1.46230242162332,0.143658355234805,-40.1338928635598,5.83621889062795,0.999998617618745
"virus_comp_2590_cycle_1_1","fixed","cond",NA,"Dx.StatusCELIAC:onset_timeline_combinedt0-30",11.7252668672605,11.7788147253216,0.995453884001931,0.319515562659535,-11.3607857749398,34.8113195094609,0.999999714796086
"virus_comp_2590_cycle_1_1","fixed","cond",NA,"Dx.StatusCELIAC:onset_timeline_combinedt0-36",-3.62305428250661,12.8372302489775,-0.282230217285009,0.777766989670278,-28.7835632317507,21.5374546667374,0.999999153356744
"virus_comp_2590_cycle_1_1","fixed","cond",NA,"Dx.StatusCELIAC:onset_timeline_combinedt0-over42",-8.01023256308897,7303.83986141911,-0.00109671525048094,0.999124948009461,-14323.2733097926,14307.2528446664,0.999996861415992
"virus_comp_317_cycle_1_3","fixed","cond",NA,"(Intercept)",-2.19840013513853,2.01998411284223,-1.08832545818653,0.276451455552459,-6.1574962456524,1.76069597537534,0.427879384501219
"virus_comp_317_cycle_1_3","fixed","cond",NA,"Dx.StatusCELIAC",-3.86419627411532,2.13471910254943,-1.81016615699013,0.0702700241169259,-8.04816883222187,0.319776283991231,0.999986353446738
"virus_comp_317_cycle_1_3","fixed","cond",NA,"onset_timeline_combinedt0-6",-19.603253588888,21235.8256798116,-0.000923121798250792,0.999263455474043,-41641.0567679904,41601.8502608126,0.999999447029537
"virus_comp_317_cycle_1_3","fixed","cond",NA,"onset_timeline_combinedt0-12",-25.6411496541811,106729.421842083,-0.000240244435054842,0.999808312676295,-209211.464050919,209160.18175161,0.99998627227119
"virus_comp_317_cycle_1_3","fixed","cond",NA,"onset_timeline_combinedt0-18",-0.105960192434704,1.38890341670734,-0.0762905405516986,0.939187951458298,-2.82816086718571,2.6162404823163,0.999997145165192
"virus_comp_317_cycle_1_3","fixed","cond",NA,"onset_timeline_combinedt0-24",-27.0227502754405,216030.193319248,-0.000125087840084957,0.999900194343912,-423438.421229227,423384.375728676,0.99999582928833
"virus_comp_317_cycle_1_3","fixed","cond",NA,"onset_timeline_combinedt0-30",-23.5476500335793,46609.9546912336,-0.000505206456208122,0.999596903585721,-91377.3801658952,91330.2848658281,0.999987296772671
"virus_comp_317_cycle_1_3","fixed","cond",NA,"onset_timeline_combinedt0-36",-2.4152707973624,1.38131206661159,-1.74853377143599,0.0803716430453587,-5.1225926993317,0.292051104606898,0.396026913744603
"virus_comp_317_cycle_1_3","fixed","cond",NA,"onset_timeline_combinedt0-over42",-26.6001509097506,105163.782438585,-0.000252940226120954,0.999798182900924,-206143.826208542,206090.625906723,0.999994751597901
"virus_comp_317_cycle_1_3","fixed","cond",NA,"SexMale",0.840212230147131,1.38630984860891,0.606078237841445,0.544462801206423,-1.87690514453951,3.55732960483378,0.990535691749098
"virus_comp_317_cycle_1_3","fixed","cond",NA,"Age.at.Gluten.Introduction..months.",-0.0695378787469587,0.17995146800893,-0.386425737541123,0.699181391840033,-0.422236275009574,0.283160517515656,0.913707944260934
"virus_comp_317_cycle_1_3","fixed","cond",NA,"HLA.CategoryHigh Risk",0.585303790274055,1.34935751221035,0.433764799156364,0.664459245869041,-2.0593883359268,3.22999591647491,0.978697013291682
"virus_comp_317_cycle_1_3","fixed","cond",NA,"HLA.CategoryLow/No Risk",-0.221106837271506,2.1823349708272,-0.101316635726044,0.919299110746693,-4.49840478229509,4.05619110775208,0.999989527982172
"virus_comp_317_cycle_1_3","fixed","cond",NA,"feeding_first_yearFormula",-21.769245987568,29108.592243009,-0.000747863235907478,0.9994032915261,-57073.5616829472,57030.0231909721,0.999985531355603
"virus_comp_317_cycle_1_3","fixed","cond",NA,"feeding_first_yearBreastmilk_and_formula",1.82820718857719,1.40022481714495,1.30565261106063,0.191670720272619,-0.916183023286081,4.57259740044047,0.836964856897864
"virus_comp_317_cycle_1_3","fixed","cond",NA,"Delivery.ModeC-Section",2.51509983573194,3.79229820657985,0.663212568929339,0.507194422760624,-4.91766806780039,9.94786773926428,0.999999650716233
"virus_comp_317_cycle_1_3","fixed","cond",NA,"Dx.StatusCELIAC:onset_timeline_combinedt0-6",21.8580228022863,21235.8257712816,0.00102929940364486,0.999178738042404,-41599.5956708771,41643.3117164817,0.999999878775183
"virus_comp_317_cycle_1_3","fixed","cond",NA,"Dx.StatusCELIAC:onset_timeline_combinedt0-12",26.4263602727999,106729.421863103,0.000247601456201045,0.999802442622883,-209159.39658219,209212.249302736,0.999997398262547
"virus_comp_317_cycle_1_3","fixed","cond",NA,"Dx.StatusCELIAC:onset_timeline_combinedt0-18",2.34217072012326,2.44144722904479,0.959337024474469,0.337388989192934,-2.44297791895963,7.12731935920616,0.999999861216808
"virus_comp_317_cycle_1_3","fixed","cond",NA,"Dx.StatusCELIAC:onset_timeline_combinedt0-24",28.8039821606658,216030.193327561,0.000133333131434045,0.9998936155533,-423382.594513083,423440.202477405,0.999998617618745
"virus_comp_317_cycle_1_3","fixed","cond",NA,"Dx.StatusCELIAC:onset_timeline_combinedt0-30",23.5416313465385,46609.9547231331,0.000505077327072676,0.999597006615851,-91330.2909470368,91377.3742097299,0.999999714796086
"virus_comp_317_cycle_1_3","fixed","cond",NA,"Dx.StatusCELIAC:onset_timeline_combinedt0-36",-23.4317015933693,262154.313898534,-8.93813313422662e-05,0.999928684015793,-513836.445334528,513789.581931341,0.999999153356744
"virus_comp_317_cycle_1_3","fixed","cond",NA,"Dx.StatusCELIAC:onset_timeline_combinedt0-over42",25.3917858061213,105163.782451239,0.000241449909981078,0.999807350846491,-206091.834296627,206142.617868239,0.999996861415992
"virus_comp_3522_cycle_1_1","fixed","cond",NA,"(Intercept)",-2.41296718138248,3.88813361407107,-0.620597803699443,0.534864285110242,-10.0335690320413,5.20763466927637,0.64365024140385
"virus_comp_3522_cycle_1_1","fixed","cond",NA,"Dx.StatusCELIAC",-0.279710036381644,1.91375476400883,-0.146157721794888,0.883796880197154,-4.0306004490809,3.47118037631761,0.999986353446738
"virus_comp_3522_cycle_1_1","fixed","cond",NA,"onset_timeline_combinedt0-6",-18.8498579406265,37157.3473736202,-0.000507298267314124,0.999595234562149,-72845.9124712801,72808.2127553989,0.999999447029537
"virus_comp_3522_cycle_1_1","fixed","cond",NA,"onset_timeline_combinedt0-12",0.0658946578858574,1.45632008586362,0.0452473728306651,0.963910134833848,-2.78844026036911,2.92022957614083,0.99998627227119
"virus_comp_3522_cycle_1_1","fixed","cond",NA,"onset_timeline_combinedt0-18",-18.0183726472466,20595.0718689728,-0.000874887582907248,0.999301940794213,-40383.6174948479,40347.5807495534,0.999997145165192
"virus_comp_3522_cycle_1_1","fixed","cond",NA,"onset_timeline_combinedt0-24",-0.0828145369321924,1.48787521796183,-0.0556595982864989,0.955612985476812,-2.99899637762706,2.83336730376267,0.99999582928833
"virus_comp_3522_cycle_1_1","fixed","cond",NA,"onset_timeline_combinedt0-30",-0.0828048157000815,1.48787203541964,-0.0556531836938029,0.955618095660417,-2.99898041872687,2.83337078732671,0.999987296772671
"virus_comp_3522_cycle_1_1","fixed","cond",NA,"onset_timeline_combinedt0-36",-24.3702393702329,173153.789562501,-0.000140743320904543,0.999887703077585,-339399.5615685,339350.82108976,0.999986401700165
"virus_comp_3522_cycle_1_1","fixed","cond",NA,"onset_timeline_combinedt0-over42",-0.653024671827943,1.48522954294964,-0.439679290603827,0.660169403825692,-3.56402108478412,2.25797174112823,0.999994751597901
"virus_comp_3522_cycle_1_1","fixed","cond",NA,"SexMale",-0.106326314224311,1.8145497381827,-0.058596527825574,0.953273476326637,-3.66277844921899,3.45012582077037,0.995329659105754
"virus_comp_3522_cycle_1_1","fixed","cond",NA,"Age.at.Gluten.Introduction..months.",-0.135932985827595,0.38092296962181,-0.356851638436382,0.721202875988751,-0.882528287170388,0.610662315515198,0.93100734900366
"virus_comp_3522_cycle_1_1","fixed","cond",NA,"HLA.CategoryHigh Risk",-0.170771899690528,1.51338579832962,-0.112840955610272,0.910156647803792,-3.13695355913098,2.79540975974993,0.994171107601065
"virus_comp_3522_cycle_1_1","fixed","cond",NA,"HLA.CategoryLow/No Risk",-22.3384153757352,98886.3143156958,-0.000225899969377153,0.999819757903681,-193835.953038047,193791.276207296,0.999989527982172
"virus_comp_3522_cycle_1_1","fixed","cond",NA,"feeding_first_yearFormula",-22.4146769922428,85154.8147710614,-0.00026322266160175,0.99978997870468,-166922.784738452,166877.955384467,0.999985531355603
"virus_comp_3522_cycle_1_1","fixed","cond",NA,"feeding_first_yearBreastmilk_and_formula",0.231310256130872,1.45343499094629,0.159147301098257,0.873552822197274,-2.61736997999416,3.0799904922559,0.985514397911488
"virus_comp_3522_cycle_1_1","fixed","cond",NA,"Delivery.ModeC-Section",-4.06185007824307,1121396.22959635,-3.6221363787759e-06,0.999997109953306,-2197900.28425793,2197892.16055778,0.999999650716233
"virus_comp_3522_cycle_1_1","fixed","cond",NA,"Dx.StatusCELIAC:onset_timeline_combinedt0-6",-8.4813910797285,1657343.78575648,-5.11746033177855e-06,0.999995916857411,-3248342.61147505,3248325.6486929,0.999999878775183
"virus_comp_3522_cycle_1_1","fixed","cond",NA,"Dx.StatusCELIAC:onset_timeline_combinedt0-12",-24.5123661477963,200199.780534423,-0.000122439525569718,0.99990230739316,-392408.871926439,392359.847194144,0.999997398262547
"virus_comp_3522_cycle_1_1","fixed","cond",NA,"Dx.StatusCELIAC:onset_timeline_combinedt0-18",-9.40157823593172,1144595.81901496,-8.2138848314357e-06,0.999993446268109,-2243375.98370269,2243357.18054622,0.999999861216808
"virus_comp_3522_cycle_1_1","fixed","cond",NA,"Dx.StatusCELIAC:onset_timeline_combinedt0-24",0.335469468728503,2.12390800617158,0.157949152107204,0.874496866368303,-3.82731372984406,4.49825266730107,0.999998617618745
"virus_comp_3522_cycle_1_1","fixed","cond",NA,"Dx.StatusCELIAC:onset_timeline_combinedt0-30",-23.767925115606,158414.881284929,-0.000150035936793441,0.999880288642916,-310511.229858764,310463.694008533,0.999999714796086
"virus_comp_3522_cycle_1_1","fixed","cond",NA,"Dx.StatusCELIAC:onset_timeline_combinedt0-36",-4.34467259826775,1764772.80791123,-2.46188777319731e-06,0.999998035697755,-3458895.48907423,3458886.79972904,0.999999153356744
"virus_comp_3522_cycle_1_1","fixed","cond",NA,"Dx.StatusCELIAC:onset_timeline_combinedt0-over42",-23.5295079019323,164603.323653431,-0.000142946736309367,0.99988594500647,-322640.115604217,322593.056588413,0.999996861415992
"virus_comp_36_cycle_2_10","fixed","cond",NA,"(Intercept)",-5.73006895069636,1.58534436263067,-3.61440018065732,0.000301043771047846,-8.83728680454609,-2.62285109684664,0.00909501633851248
"virus_comp_36_cycle_2_10","fixed","cond",NA,"Dx.StatusCELIAC",0.801156551929276,0.99965555093059,0.80143260464414,0.422881245981276,-1.15813232484023,2.76044542869878,0.999986353446738
"virus_comp_36_cycle_2_10","fixed","cond",NA,"onset_timeline_combinedt0-6",-18.3391947939786,11741.5305779541,-0.00156190836213571,0.998753777939168,-23031.3162509597,22994.6378613717,0.999999447029537
"virus_comp_36_cycle_2_10","fixed","cond",NA,"onset_timeline_combinedt0-12",0.906658919542834,0.950546459204451,0.953829148237164,0.340170132349045,-0.956377906129961,2.76969574521563,0.99998627227119
"virus_comp_36_cycle_2_10","fixed","cond",NA,"onset_timeline_combinedt0-18",2.33616683534869,1.08333590600311,2.15645657307512,0.0310480312629501,0.212867476423535,4.45946619427385,0.768724300903059
"virus_comp_36_cycle_2_10","fixed","cond",NA,"onset_timeline_combinedt0-24",0.845085018738643,0.952118376884368,0.887583980370201,0.374764573913612,-1.02103270897345,2.71120274645074,0.99999582928833
"virus_comp_36_cycle_2_10","fixed","cond",NA,"onset_timeline_combinedt0-30",1.29706902581337,0.955938103830751,1.35685461288299,0.174827410652289,-0.57653522914441,3.17067328077115,0.765753499201465
"virus_comp_36_cycle_2_10","fixed","cond",NA,"onset_timeline_combinedt0-36",1.84113271113848,0.908489305967225,2.0265871034974,0.0427046565591161,0.0605263911029295,3.62173903117403,0.391284665407418
"virus_comp_36_cycle_2_10","fixed","cond",NA,"onset_timeline_combinedt0-over42",0.475512743721077,0.965713117056962,0.492395448837037,0.622439816018772,-1.41725018510848,2.36827567255064,0.999994751597901
"virus_comp_36_cycle_2_10","fixed","cond",NA,"SexMale",-0.561921484135872,0.687516411176408,-0.817320830457515,0.413745105731824,-1.90942888882186,0.785585920550118,0.990535691749098
"virus_comp_36_cycle_2_10","fixed","cond",NA,"Age.at.Gluten.Introduction..months.",0.276841517096403,0.130081338790592,2.1282185413395,0.033318968236034,0.0218867780060896,0.531796256186717,0.5212200923141
"virus_comp_36_cycle_2_10","fixed","cond",NA,"HLA.CategoryHigh Risk",1.43031075102585,0.598299363878487,2.39062723007732,0.0168196203608449,0.257665545850794,2.60295595620091,0.18372200701846
"virus_comp_36_cycle_2_10","fixed","cond",NA,"HLA.CategoryLow/No Risk",-5.04734034594129,3.7009245093255,-1.36380526898701,0.172628861549952,-12.3010190937208,2.20633840183826,0.999989527982172
"virus_comp_36_cycle_2_10","fixed","cond",NA,"feeding_first_yearFormula",0.268650379755954,0.807499411814898,0.332694211073352,0.73936511976121,-1.31401938493852,1.85132014445043,0.999985531355603
"virus_comp_36_cycle_2_10","fixed","cond",NA,"feeding_first_yearBreastmilk_and_formula",0.70808972893074,0.591483340492535,1.1971423038578,0.231251093553987,-0.451196315890069,1.86737577375155,0.836964856897864
"virus_comp_36_cycle_2_10","fixed","cond",NA,"Delivery.ModeC-Section",4.4935634829434,3.1911739320387,1.4081223959086,0.15909483042994,-1.76102249225552,10.7481494581423,0.999999650716233
"virus_comp_36_cycle_2_10","fixed","cond",NA,"Dx.StatusCELIAC:onset_timeline_combinedt0-6",-4.39273520590682,105339.692534295,-4.17006647753096e-05,0.99996672768341,-206466.396244947,206457.610774535,0.999999878775183
"virus_comp_36_cycle_2_10","fixed","cond",NA,"Dx.StatusCELIAC:onset_timeline_combinedt0-12",-2.56505162855023,1.49600238533341,-1.71460396968455,0.0864178604471599,-5.49716242458973,0.367059167489271,0.438262006553454
"virus_comp_36_cycle_2_10","fixed","cond",NA,"Dx.StatusCELIAC:onset_timeline_combinedt0-18",-2.63922295243608,1.60415460218868,-1.6452422658235,0.0999198605815894,-5.78330819836007,0.504862293487897,0.980494895288232
"virus_comp_36_cycle_2_10","fixed","cond",NA,"Dx.StatusCELIAC:onset_timeline_combinedt0-24",-2.38204487361778,1.50291183269541,-1.58495317010426,0.112976974636303,-5.32769793763986,0.563608190404301,0.999998617618745
"virus_comp_36_cycle_2_10","fixed","cond",NA,"Dx.StatusCELIAC:onset_timeline_combinedt0-30",-2.13286033965459,1.4987115679291,-1.42312929672101,0.154698676950325,-5.07028103600919,0.804560356700003,0.999999714796086
"virus_comp_36_cycle_2_10","fixed","cond",NA,"Dx.StatusCELIAC:onset_timeline_combinedt0-36",-3.43757517255178,1.47538421057254,-2.32995252891977,0.0198086602447159,-6.32927508863302,-0.545875256470546,0.564799990538503
"virus_comp_36_cycle_2_10","fixed","cond",NA,"Dx.StatusCELIAC:onset_timeline_combinedt0-over42",-1.10702456912864,1.24394069077641,-0.889933561412548,0.37350156164774,-3.54510352195428,1.331054383697,0.999996861415992
"virus_comp_36_cycle_2_106","fixed","cond",NA,"(Intercept)",-5.57280483237462,1.85973463198528,-2.9965591523268,0.00273045258794726,-9.21781773186763,-1.92779193288161,0.0196043874383713
"virus_comp_36_cycle_2_106","fixed","cond",NA,"Dx.StatusCELIAC",0.528144804793454,0.966825687241038,0.546266831511876,0.584882532504816,-1.36679872152717,2.42308833111408,0.999986353446738
"virus_comp_36_cycle_2_106","fixed","cond",NA,"onset_timeline_combinedt0-6",-18.6849612834465,11615.0141592656,-0.00160869035777637,0.99871645135403,-22783.6943933667,22746.3244707998,0.999999447029537
"virus_comp_36_cycle_2_106","fixed","cond",NA,"onset_timeline_combinedt0-12",-1.00893506433207,1.18430879466384,-0.851918915808147,0.394259097307127,-3.33013764844723,1.31226751978309,0.99998627227119
"virus_comp_36_cycle_2_106","fixed","cond",NA,"onset_timeline_combinedt0-18",2.14609576788381,1.08142084433263,1.98451488995315,0.047198469842567,0.0265498608609609,4.26564167490666,0.768724300903059
"virus_comp_36_cycle_2_106","fixed","cond",NA,"onset_timeline_combinedt0-24",0.173300175597039,0.883477816504983,0.196156793480803,0.844487444834524,-1.55828452589281,1.90488487708689,0.99999582928833
"virus_comp_36_cycle_2_106","fixed","cond",NA,"onset_timeline_combinedt0-30",0.842284852979215,0.888162441508708,0.948345498092036,0.342953595649121,-0.898481544799014,2.58305125075744,0.954890403572062
"virus_comp_36_cycle_2_106","fixed","cond",NA,"onset_timeline_combinedt0-36",1.37845346806371,0.838108905736744,1.6447187932599,0.100027815402524,-0.264209802302581,3.02111673843,0.396026913744603
"virus_comp_36_cycle_2_106","fixed","cond",NA,"onset_timeline_combinedt0-over42",-0.268950152075103,0.896612085693592,-0.299962666538285,0.764205632836375,-2.02627754813788,1.48837724398768,0.999994751597901
"virus_comp_36_cycle_2_106","fixed","cond",NA,"SexMale",-0.49449574625725,0.845171986351927,-0.585082982212502,0.558491920988857,-2.1510024002492,1.16201090773471,0.990535691749098
"virus_comp_36_cycle_2_106","fixed","cond",NA,"Age.at.Gluten.Introduction..months.",0.298585899595817,0.16296683479799,1.83218812567562,0.0669233973596857,-0.0208232272827319,0.617995026474367,0.5212200923141
"virus_comp_36_cycle_2_106","fixed","cond",NA,"HLA.CategoryHigh Risk",1.53185682126062,0.713590164314215,2.14668993193424,0.031817974838746,0.133245799482743,2.9304678430385,0.225907621355097
"virus_comp_36_cycle_2_106","fixed","cond",NA,"HLA.CategoryLow/No Risk",-6.0474788735873,4.7076646883119,-1.28460272215263,0.198931146953927,-15.2743321139696,3.17937436679501,0.999989527982172
"virus_comp_36_cycle_2_106","fixed","cond",NA,"feeding_first_yearFormula",-0.144759381160316,1.00377387234711,-0.144215131662898,0.88533059251233,-2.11212001958297,1.82260125726233,0.999985531355603
"virus_comp_36_cycle_2_106","fixed","cond",NA,"feeding_first_yearBreastmilk_and_formula",0.595291224715434,0.716197284334732,0.83118330345024,0.405870085532233,-0.808429658406033,1.9990121078369,0.914818288025032
"virus_comp_36_cycle_2_106","fixed","cond",NA,"Delivery.ModeC-Section",5.78577193241623,4.07908710549668,1.41839872078724,0.156074388887763,-2.209091884159,13.7806357489915,0.999999650716233
"virus_comp_36_cycle_2_106","fixed","cond",NA,"Dx.StatusCELIAC:onset_timeline_combinedt0-6",-2.1097113480311,39219.6252332711,-5.37922362970815e-05,0.999957080005188,-76871.1626557176,76866.9432330216,0.999999878775183
"virus_comp_36_cycle_2_106","fixed","cond",NA,"Dx.StatusCELIAC:onset_timeline_combinedt0-12",-0.632771313240085,1.6526763415624,-0.382876729899744,0.701811165919515,-3.87195742080381,2.60641479432364,0.999997398262547
"virus_comp_36_cycle_2_106","fixed","cond",NA,"Dx.StatusCELIAC:onset_timeline_combinedt0-18",-3.13095758909355,1.80005084624911,-1.73937174920239,0.0819693941713727,-6.65899241808265,0.397077239895545,0.980494895288232
"virus_comp_36_cycle_2_106","fixed","cond",NA,"Dx.StatusCELIAC:onset_timeline_combinedt0-24",-27.2278393881527,315371.81491617,-8.63356777630565e-05,0.999931114095752,-618144.626814112,618090.171135336,0.999998617618745
"virus_comp_36_cycle_2_106","fixed","cond",NA,"Dx.StatusCELIAC:onset_timeline_combinedt0-30",-29.1587589930086,702314.439371708,-4.15180969639384e-05,0.999966873351448,-1376540.16574998,1376481.84823199,0.999999714796086
"virus_comp_36_cycle_2_106","fixed","cond",NA,"Dx.StatusCELIAC:onset_timeline_combinedt0-36",-2.94159451070922,1.44217687969845,-2.03969052071081,0.0413811596554419,-5.76820925425454,-0.114979767163901,0.564799990538503
"virus_comp_36_cycle_2_106","fixed","cond",NA,"Dx.StatusCELIAC:onset_timeline_combinedt0-over42",-0.845014049781253,1.29523622268308,-0.652401496331538,0.514142199314244,-3.3836303977118,1.69360229814929,0.999996861415992
"virus_comp_36_cycle_2_13","fixed","cond",NA,"(Intercept)",-5.72067507644258,1.74615099535326,-3.27616288148393,0.00105227854604609,-9.14306813890373,-2.29828201398142,0.0139681914205891
"virus_comp_36_cycle_2_13","fixed","cond",NA,"Dx.StatusCELIAC",-0.203748533669654,1.11732387530229,-0.182354049862696,0.855304884023305,-2.39366308832887,1.98616602098956,0.999986353446738
"virus_comp_36_cycle_2_13","fixed","cond",NA,"onset_timeline_combinedt0-6",-18.7946593948283,14051.0920563514,-0.00133759421114409,0.998932754548554,-27558.4290333004,27520.8397145107,0.999999447029537
"virus_comp_36_cycle_2_13","fixed","cond",NA,"onset_timeline_combinedt0-12",-0.484618201127356,1.24039869037621,-0.390695511763538,0.696022316807794,-2.91575496073538,1.94651855848067,0.99998627227119
"virus_comp_36_cycle_2_13","fixed","cond",NA,"onset_timeline_combinedt0-18",2.41101962956657,1.16451912542657,2.07039934074368,0.0384149635363653,0.12860408442242,4.69343517471072,0.768724300903059
"virus_comp_36_cycle_2_13","fixed","cond",NA,"onset_timeline_combinedt0-24",0.370120122126045,1.05026411391651,0.352406711056555,0.724533269715308,-1.68835971540519,2.42859995965728,0.99999582928833
"virus_comp_36_cycle_2_13","fixed","cond",NA,"onset_timeline_combinedt0-30",0.870317836849328,1.04101613949788,0.836027227463653,0.40313958587085,-1.17003630389144,2.9106719775901,0.999987296772671
"virus_comp_36_cycle_2_13","fixed","cond",NA,"onset_timeline_combinedt0-36",1.86449065707259,0.930916998489167,2.00285380984402,0.0451929821684121,0.0399268674376967,3.68905444670749,0.391284665407418
"virus_comp_36_cycle_2_13","fixed","cond",NA,"onset_timeline_combinedt0-over42",-1.22375274068071,1.35602233867755,-0.902457655582702,0.36681380559872,-3.88150768672048,1.43400220535906,0.999994751597901
"virus_comp_36_cycle_2_13","fixed","cond",NA,"SexMale",-0.25597229772745,0.788485880802994,-0.324637769628504,0.74545523813783,-1.80137622641966,1.28943163096476,0.990535691749098
"virus_comp_36_cycle_2_13","fixed","cond",NA,"Age.at.Gluten.Introduction..months.",0.22821703525056,0.135097536139614,1.68927607247192,0.0911665365628548,-0.0365692699831813,0.493003340484301,0.5212200923141
"virus_comp_36_cycle_2_13","fixed","cond",NA,"HLA.CategoryHigh Risk",1.80108561361214,0.772553335830386,2.33134144929454,0.0197353622445828,0.286908899248311,3.31526232797598,0.193511533777616
"virus_comp_36_cycle_2_13","fixed","cond",NA,"HLA.CategoryLow/No Risk",-3.40731107065988,3.78226071351876,-0.900866261937284,0.367659431361997,-10.8204058492974,4.00578370797764,0.999989527982172
"virus_comp_36_cycle_2_13","fixed","cond",NA,"feeding_first_yearFormula",0.574093808549277,1.00215439451526,0.572859642876647,0.566739731750125,-1.39009271164918,2.53828032874774,0.999985531355603
"virus_comp_36_cycle_2_13","fixed","cond",NA,"feeding_first_yearBreastmilk_and_formula",0.998327092352225,0.770729209435286,1.29530200767102,0.195216066896445,-0.512274399973964,2.50892858467841,0.836964856897864
"virus_comp_36_cycle_2_13","fixed","cond",NA,"Delivery.ModeC-Section",3.53367203485853,3.31493971084593,1.06598380154455,0.286430964431142,-2.9634904093211,10.0308344790382,0.999999650716233
"virus_comp_36_cycle_2_13","fixed","cond",NA,"Dx.StatusCELIAC:onset_timeline_combinedt0-6",-2.11409396077212,64408.8047067647,-3.28230584373829e-05,0.999973810988439,-126241.051606493,126236.823418572,0.999999878775183
"virus_comp_36_cycle_2_13","fixed","cond",NA,"Dx.StatusCELIAC:onset_timeline_combinedt0-12",-0.372481804847917,1.77381889425019,-0.209988633030864,0.83367654478046,-3.84910295267495,3.10413934297912,0.999997398262547
"virus_comp_36_cycle_2_13","fixed","cond",NA,"Dx.StatusCELIAC:onset_timeline_combinedt0-18",-26.2194630592862,189969.219131206,-0.000138019533791826,0.999889876345248,-372359.04713142,372306.608205301,0.999999861216808
"virus_comp_36_cycle_2_13","fixed","cond",NA,"Dx.StatusCELIAC:onset_timeline_combinedt0-24",-27.8224350267406,598030.685098016,-4.65234238309703e-05,0.999962879678423,-1172146.42687695,1172090.7820069,0.999998617618745
"virus_comp_36_cycle_2_13","fixed","cond",NA,"Dx.StatusCELIAC:onset_timeline_combinedt0-30",-28.1835445910673,755783.134736854,-3.72905180014107e-05,0.999970246471429,-1481335.90775161,1481279.54066243,0.999999714796086
"virus_comp_36_cycle_2_13","fixed","cond",NA,"Dx.StatusCELIAC:onset_timeline_combinedt0-36",-2.66609480320296,1.5804559428759,-1.68691497869379,0.0916197014648081,-5.76373153039201,0.431541923986084,0.722777644889042
"virus_comp_36_cycle_2_13","fixed","cond",NA,"Dx.StatusCELIAC:onset_timeline_combinedt0-over42",-0.61192779593457,1.92686513401033,-0.317576868839274,0.750805922457148,-4.38851406166077,3.16465846979163,0.999996861415992
"virus_comp_36_cycle_2_14","fixed","cond",NA,"(Intercept)",-6.09462468175075,2.01260451162175,-3.02822767541136,0.00245992678521175,-10.0392570396522,-2.14999232384929,0.0194060890833371
"virus_comp_36_cycle_2_14","fixed","cond",NA,"Dx.StatusCELIAC",0.486977692190744,1.09067005535922,0.446494051796768,0.655240408318277,-1.65069633532964,2.62465171971112,0.999986353446738
"virus_comp_36_cycle_2_14","fixed","cond",NA,"onset_timeline_combinedt0-6",-20.6347598515301,27057.1942701946,-0.000762634870617783,0.999391505470189,-53051.7610521365,53010.4915324334,0.999999447029537
"virus_comp_36_cycle_2_14","fixed","cond",NA,"onset_timeline_combinedt0-12",-19.7665918204267,13117.9614542958,-0.00150683411361554,0.998797720780027,-25730.4985928249,25690.9654091841,0.99998627227119
"virus_comp_36_cycle_2_14","fixed","cond",NA,"onset_timeline_combinedt0-18",2.5959780779406,1.21390132590233,2.13854126570867,0.0324728386677317,0.216775198386618,4.97518095749459,0.768724300903059
"virus_comp_36_cycle_2_14","fixed","cond",NA,"onset_timeline_combinedt0-24",0.955330290552431,0.969416721751899,0.985469168332467,0.324393668718024,-0.944691570092178,2.85535215119704,0.99999582928833
"virus_comp_36_cycle_2_14","fixed","cond",NA,"onset_timeline_combinedt0-30",1.40831938260334,0.995104813626651,1.41524728181219,0.156996005947445,-0.542050212947336,3.35868897815402,0.765753499201465
"virus_comp_36_cycle_2_14","fixed","cond",NA,"onset_timeline_combinedt0-36",2.00362248415806,0.972252928230338,2.06080375381845,0.0393217662220113,0.0980417609629907,3.90920320735313,0.391284665407418
"virus_comp_36_cycle_2_14","fixed","cond",NA,"onset_timeline_combinedt0-over42",0.355243500632705,1.03097321797528,0.3445710271023,0.73041689031459,-1.6654268756242,2.37591387688961,0.999994751597901
"virus_comp_36_cycle_2_14","fixed","cond",NA,"SexMale",0.150926505285792,0.705232231437216,0.21400965321482,0.830539529396796,-1.23130326906797,1.53315627963955,0.994111673083809
"virus_comp_36_cycle_2_14","fixed","cond",NA,"Age.at.Gluten.Introduction..months.",0.263593061127227,0.157605282111939,1.67248874907639,0.0944279846105518,-0.0453076155854474,0.572493737839902,0.5212200923141
"virus_comp_36_cycle_2_14","fixed","cond",NA,"HLA.CategoryHigh Risk",1.64740919331912,0.679424451445157,2.42471284307627,0.0153204996810328,0.31576173827073,2.97905664836751,0.18372200701846
"virus_comp_36_cycle_2_14","fixed","cond",NA,"HLA.CategoryLow/No Risk",-5.85422116484117,4.52439981742331,-1.29392215566289,0.195692310745934,-14.7218818586505,3.01343952896811,0.999989527982172
"virus_comp_36_cycle_2_14","fixed","cond",NA,"feeding_first_yearFormula",0.410226730525948,0.946586172991999,0.433374944860319,0.664742399692195,-1.44504807680197,2.26550153785387,0.999985531355603
"virus_comp_36_cycle_2_14","fixed","cond",NA,"feeding_first_yearBreastmilk_and_formula",1.0870277159428,0.682264459412358,1.59326446064487,0.111100875825174,-0.250186052437114,2.42424148432271,0.836964856897864
"virus_comp_36_cycle_2_14","fixed","cond",NA,"Delivery.ModeC-Section",5.01702489755901,3.92363830729167,1.27866650915182,0.201014518120637,-2.67316487309437,12.7072146682124,0.999999650716233
"virus_comp_36_cycle_2_14","fixed","cond",NA,"Dx.StatusCELIAC:onset_timeline_combinedt0-6",21.5854795220718,27057.1943055348,0.000797772277432929,0.999363469884319,-53009.5408820284,53052.7118410725,0.999999878775183
"virus_comp_36_cycle_2_14","fixed","cond",NA,"Dx.StatusCELIAC:onset_timeline_combinedt0-12",18.66845329754,13117.9615052551,0.00142312151854244,0.998864513695487,-25692.0636475853,25729.4005541804,0.999997398262547
"virus_comp_36_cycle_2_14","fixed","cond",NA,"Dx.StatusCELIAC:onset_timeline_combinedt0-18",-28.5716376230856,405751.105476016,-7.04166599609534e-05,0.99994381563424,-795286.125057928,795228.981782681,0.999999861216808
"virus_comp_36_cycle_2_14","fixed","cond",NA,"Dx.StatusCELIAC:onset_timeline_combinedt0-24",-26.7401313269721,230956.316231833,-0.000115780039114109,0.999907620894548,-452692.801947762,452639.321685108,0.999998617618745
"virus_comp_36_cycle_2_14","fixed","cond",NA,"Dx.StatusCELIAC:onset_timeline_combinedt0-30",-2.13101030356531,1.57811257777007,-1.35035379198137,0.176902525303765,-5.2240541195443,0.962033512413689,0.999999714796086
"virus_comp_36_cycle_2_14","fixed","cond",NA,"Dx.StatusCELIAC:onset_timeline_combinedt0-36",-3.01074088994248,1.53093724644364,-1.96659980475125,0.0492293660069431,-6.01132275556293,-0.0101590243220318,0.564799990538503
"virus_comp_36_cycle_2_14","fixed","cond",NA,"Dx.StatusCELIAC:onset_timeline_combinedt0-over42",-0.817552786575508,1.34774010352451,-0.606610120480578,0.544109682291395,-3.45907485000383,1.82396927685281,0.999996861415992
"virus_comp_36_cycle_2_16","fixed","cond",NA,"(Intercept)",-4.68984814036271,1.30333430569458,-3.59834627222779,0.000320247054172975,-7.24433643933961,-2.1353598413858,0.00909501633851248
"virus_comp_36_cycle_2_16","fixed","cond",NA,"Dx.StatusCELIAC",0.357347793357206,0.909958370757866,0.39270784778823,0.694535273709977,-1.42613784075896,2.14083342747337,0.999986353446738
"virus_comp_36_cycle_2_16","fixed","cond",NA,"onset_timeline_combinedt0-6",-18.7400754445726,11117.5997691802,-0.00168562242153412,0.998655068531412,-21808.8352175685,21771.3550666793,0.999999447029537
"virus_comp_36_cycle_2_16","fixed","cond",NA,"onset_timeline_combinedt0-12",-0.221363871571602,0.949999361392541,-0.23301475829112,0.815749945713811,-2.08332840523703,1.64060066209383,0.99998627227119
"virus_comp_36_cycle_2_16","fixed","cond",NA,"onset_timeline_combinedt0-18",1.14031507516739,1.00116245141368,1.13899105340718,0.254706885755977,-0.821927272277258,3.10255742261203,0.999997145165192
"virus_comp_36_cycle_2_16","fixed","cond",NA,"onset_timeline_combinedt0-24",0.683439979992498,0.825294292125333,0.828116693055607,0.407604416641162,-0.934107109219631,2.30098706920463,0.99999582928833
"virus_comp_36_cycle_2_16","fixed","cond",NA,"onset_timeline_combinedt0-30",0.699237563177864,0.868644110876279,0.804975886468028,0.420833594949009,-1.00327360952246,2.40174873587819,0.999987296772671
"virus_comp_36_cycle_2_16","fixed","cond",NA,"onset_timeline_combinedt0-36",1.28417346003269,0.809508571395463,1.5863617822094,0.112657264700941,-0.302434185078883,2.87078110514427,0.396026913744603
"virus_comp_36_cycle_2_16","fixed","cond",NA,"onset_timeline_combinedt0-over42",-0.18332020682862,0.864993216989214,-0.211932536843125,0.832159666381531,-1.87867575899892,1.51203534534168,0.999994751597901
"virus_comp_36_cycle_2_16","fixed","cond",NA,"SexMale",-0.126362806363915,0.647395621692193,-0.195186377741669,0.845247042952765,-1.39523490862953,1.1425092959017,0.994111673083809
"virus_comp_36_cycle_2_16","fixed","cond",NA,"Age.at.Gluten.Introduction..months.",0.238774008873916,0.104639092878849,2.28188148716435,0.0224963381070155,0.0336851554564306,0.443862862291402,0.5212200923141
"virus_comp_36_cycle_2_16","fixed","cond",NA,"HLA.CategoryHigh Risk",1.37800523333477,0.594442680566369,2.31814652343241,0.0204413592018609,0.212918988551239,2.5430914781183,0.193511533777616
"virus_comp_36_cycle_2_16","fixed","cond",NA,"HLA.CategoryLow/No Risk",-3.2516944066454,2.96488737980726,-1.09673454337304,0.272757451393211,-9.06276688928495,2.55937807599414,0.999989527982172
"virus_comp_36_cycle_2_16","fixed","cond",NA,"feeding_first_yearFormula",-0.742245510337063,0.87482116622338,-0.848453991507031,0.396185184899774,-2.45686348904822,0.97237246837409,0.999985531355603
"virus_comp_36_cycle_2_16","fixed","cond",NA,"feeding_first_yearBreastmilk_and_formula",0.26551699350895,0.584327123668366,0.454397858244287,0.649542493619385,-0.879743124070929,1.41077711108883,0.970895095725817
"virus_comp_36_cycle_2_16","fixed","cond",NA,"Delivery.ModeC-Section",3.27627338534759,2.62753227006004,1.24690129315623,0.212433692533977,-1.87359523218685,8.42614200288203,0.999999650716233
"virus_comp_36_cycle_2_16","fixed","cond",NA,"Dx.StatusCELIAC:onset_timeline_combinedt0-6",-3.46078604807796,81196.0996539707,-4.2622565158014e-05,0.999965992113329,-159144.891792956,159137.97022086,0.999999878775183
"virus_comp_36_cycle_2_16","fixed","cond",NA,"Dx.StatusCELIAC:onset_timeline_combinedt0-12",0.0305627645058745,1.28378373923061,0.0238067858097277,0.981006727291219,-2.48560712832428,2.54673265733603,0.999997398262547
"virus_comp_36_cycle_2_16","fixed","cond",NA,"Dx.StatusCELIAC:onset_timeline_combinedt0-18",-1.63733998833643,1.57954980922476,-1.03658648734859,0.299928613447447,-4.73320072620406,1.45852074953121,0.999999861216808
"virus_comp_36_cycle_2_16","fixed","cond",NA,"Dx.StatusCELIAC:onset_timeline_combinedt0-24",-29.0022777460247,529277.8662905,-5.47959391336166e-05,0.999956279166192,-1037394.55802133,1037336.55346584,0.999998617618745
"virus_comp_36_cycle_2_16","fixed","cond",NA,"Dx.StatusCELIAC:onset_timeline_combinedt0-30",-1.64888619268655,1.45535717545892,-1.13297699045364,0.257223916141983,-4.50133384122797,1.20356145585487,0.999999714796086
"virus_comp_36_cycle_2_16","fixed","cond",NA,"Dx.StatusCELIAC:onset_timeline_combinedt0-36",-3.18160253759278,1.46696508096741,-2.16883317733414,0.0300953514170637,-6.05680126286679,-0.306403812318771,0.564799990538503
"virus_comp_36_cycle_2_16","fixed","cond",NA,"Dx.StatusCELIAC:onset_timeline_combinedt0-over42",-0.802917724147505,1.2438351635334,-0.645517788600405,0.518591694360073,-3.24078984737746,1.63495439908245,0.999996861415992
"virus_comp_36_cycle_2_17","fixed","cond",NA,"(Intercept)",-5.82841792229382,2.42740965697532,-2.40108541446455,0.0163465204300652,-10.5860534256902,-1.07078241889747,0.052051554503569
"virus_comp_36_cycle_2_17","fixed","cond",NA,"Dx.StatusCELIAC",1.0738015194081,1.1601505300934,0.925570856155754,0.35466904486435,-1.20005173622002,3.34765477503622,0.999986353446738
"virus_comp_36_cycle_2_17","fixed","cond",NA,"onset_timeline_combinedt0-6",-18.116192940706,10858.5253324907,-0.00166838427742108,0.998668822561116,-21300.4347698383,21264.2023839569,0.999999447029537
"virus_comp_36_cycle_2_17","fixed","cond",NA,"onset_timeline_combinedt0-12",-0.286999809330706,0.94720029624497,-0.30299801474775,0.761891374531174,-2.14347827611652,1.5694786574551,0.99998627227119
"virus_comp_36_cycle_2_17","fixed","cond",NA,"onset_timeline_combinedt0-18",2.54396191368614,1.18264371142711,2.1510805740609,0.0314698405113217,0.226022832746221,4.86190099462607,0.768724300903059
"virus_comp_36_cycle_2_17","fixed","cond",NA,"onset_timeline_combinedt0-24",0.713241841264972,0.829273869503313,0.860079965732144,0.389744963989481,-0.912105076281689,2.33858875881163,0.99999582928833
"virus_comp_36_cycle_2_17","fixed","cond",NA,"onset_timeline_combinedt0-30",0.223041675980689,0.966910390033652,0.230674608815535,0.817567600804348,-1.67206786476284,2.11815121672422,0.999987296772671
"virus_comp_36_cycle_2_17","fixed","cond",NA,"onset_timeline_combinedt0-36",1.28617539694361,0.844368648501428,1.52323916718876,0.127698880353119,-0.368756743793947,2.94110753768117,0.396026913744603
"virus_comp_36_cycle_2_17","fixed","cond",NA,"onset_timeline_combinedt0-over42",-0.188452792525073,0.883897598181254,-0.213206589669257,0.831165828622325,-1.92086025098179,1.54395466593164,0.999994751597901
"virus_comp_36_cycle_2_17","fixed","cond",NA,"SexMale",-0.794118823104274,1.1097967348349,-0.715553396561772,0.474267158725928,-2.96928045354082,1.38104280733227,0.990535691749098
"virus_comp_36_cycle_2_17","fixed","cond",NA,"Age.at.Gluten.Introduction..months.",0.341498607894846,0.22101537583757,1.54513506854755,0.122313596078915,-0.0916835687763746,0.774680784566067,0.5212200923141
"virus_comp_36_cycle_2_17","fixed","cond",NA,"HLA.CategoryHigh Risk",0.937230876897146,0.911450055109353,1.02828550137583,0.303815549091594,-0.849178404824233,2.72364015861852,0.903310309051692
"virus_comp_36_cycle_2_17","fixed","cond",NA,"HLA.CategoryLow/No Risk",-6.97577320647457,6.35979358938973,-1.09685528444076,0.27270465845571,-19.4407395907872,5.48919317783801,0.999989527982172
"virus_comp_36_cycle_2_17","fixed","cond",NA,"feeding_first_yearFormula",-0.803939732072986,1.42587321504093,-0.563822732338729,0.572874779444725,-3.59859988007354,1.99072041592757,0.999985531355603
"virus_comp_36_cycle_2_17","fixed","cond",NA,"feeding_first_yearBreastmilk_and_formula",0.555894544367419,0.931575947700664,0.596724878674133,0.550691079588383,-1.26996076198965,2.38174985072449,0.956122944670933
"virus_comp_36_cycle_2_17","fixed","cond",NA,"Delivery.ModeC-Section",6.39574600088673,5.52579488209141,1.15743456595082,0.247094858601695,-4.43461295396818,17.2261049557416,0.999999650716233
"virus_comp_36_cycle_2_17","fixed","cond",NA,"Dx.StatusCELIAC:onset_timeline_combinedt0-6",-4.08892693791357,70458.8127294121,-5.80328674230796e-05,0.99995369647109,-138100.824270038,138092.646416162,0.999999878775183
"virus_comp_36_cycle_2_17","fixed","cond",NA,"Dx.StatusCELIAC:onset_timeline_combinedt0-12",-2.37106582129036,1.67621253065462,-1.41453770206835,0.157204085645741,-5.65638201180816,0.914250369227435,0.587446846360402
"virus_comp_36_cycle_2_17","fixed","cond",NA,"Dx.StatusCELIAC:onset_timeline_combinedt0-18",-1.61925398620627,1.63995313402783,-0.987378207710896,0.323457263555834,-4.8335030652344,1.59499509282187,0.999999861216808
"virus_comp_36_cycle_2_17","fixed","cond",NA,"Dx.StatusCELIAC:onset_timeline_combinedt0-24",-26.4415776628206,81452.9260061027,-0.000324624036966327,0.999740987497388,-159671.24298503,159618.359829704,0.999998617618745
"virus_comp_36_cycle_2_17","fixed","cond",NA,"Dx.StatusCELIAC:onset_timeline_combinedt0-30",-27.1541211360475,162489.952479361,-0.000167112616636998,0.999866663423891,-318501.608830309,318447.300588037,0.999999714796086
"virus_comp_36_cycle_2_17","fixed","cond",NA,"Dx.StatusCELIAC:onset_timeline_combinedt0-36",-3.9015856849638,1.66293354048407,-2.34620662220095,0.0189655903935765,-7.16087553299626,-0.64229583693134,0.564799990538503
"virus_comp_36_cycle_2_17","fixed","cond",NA,"Dx.StatusCELIAC:onset_timeline_combinedt0-over42",-1.25993445219046,1.33371035401388,-0.944683715169945,0.344820373377951,-3.87395871186583,1.35408980748492,0.999996861415992
"virus_comp_36_cycle_2_18","fixed","cond",NA,"(Intercept)",-5.8297844087131,2.08099888252546,-2.80143562674008,0.00508757901861292,-9.90846727033109,-1.75110154709511,0.0267568970608531
"virus_comp_36_cycle_2_18","fixed","cond",NA,"Dx.StatusCELIAC",0.254571108500539,1.19180189335086,0.213601866149741,0.830857544007762,-2.0813176791738,2.59045989617488,0.999986353446738
"virus_comp_36_cycle_2_18","fixed","cond",NA,"onset_timeline_combinedt0-6",-17.7242705124503,10470.7660747554,-0.00169273865788892,0.998649390604394,-20540.0486675769,20504.600126552,0.999999447029537
"virus_comp_36_cycle_2_18","fixed","cond",NA,"onset_timeline_combinedt0-12",-0.546236888390825,1.24380458819527,-0.439166162896538,0.660541141053713,-2.98404908505922,1.89157530827757,0.99998627227119
"virus_comp_36_cycle_2_18","fixed","cond",NA,"onset_timeline_combinedt0-18",1.92959037243341,1.23924418120808,1.55707035118159,0.119453783404067,-0.499283590785257,4.35846433565207,0.999997145165192
"virus_comp_36_cycle_2_18","fixed","cond",NA,"onset_timeline_combinedt0-24",0.798106325467862,0.972229406232295,0.820903297464313,0.411701352665796,-1.1074282954582,2.70364094639392,0.99999582928833
"virus_comp_36_cycle_2_18","fixed","cond",NA,"onset_timeline_combinedt0-30",0.73126344852717,1.05295404910476,0.694487522175257,0.48737652329092,-1.33248856509378,2.79501546214812,0.999987296772671
"virus_comp_36_cycle_2_18","fixed","cond",NA,"onset_timeline_combinedt0-36",1.96707341525992,0.965727862387054,2.03688170536757,0.041661897875092,0.0742815861144408,3.8598652444054,0.391284665407418
"virus_comp_36_cycle_2_18","fixed","cond",NA,"onset_timeline_combinedt0-over42",0.0579566948179382,1.04671686861035,0.0553699826151492,0.955843709541354,-1.99357066966888,2.10948405930476,0.999994751597901
"virus_comp_36_cycle_2_18","fixed","cond",NA,"SexMale",-1.20114243115703,1.06536272678389,-1.12744927240231,0.259552576667931,-3.28921500612483,0.88693014381077,0.990535691749098
"virus_comp_36_cycle_2_18","fixed","cond",NA,"Age.at.Gluten.Introduction..months.",0.259279720303897,0.182186057457937,1.42315896134785,0.154690079253454,-0.097798390799004,0.616357831406797,0.5212200923141
"virus_comp_36_cycle_2_18","fixed","cond",NA,"HLA.CategoryHigh Risk",1.36319223932506,0.880811867237941,1.54765426083526,0.121705559894429,-0.363167297616776,3.0895517762669,0.595937569138238
"virus_comp_36_cycle_2_18","fixed","cond",NA,"HLA.CategoryLow/No Risk",-4.60233256472895,5.25116211341347,-0.876440769743679,0.380790462692286,-14.8944211840006,5.68975605454269,0.999989527982172
"virus_comp_36_cycle_2_18","fixed","cond",NA,"feeding_first_yearFormula",-0.0867863256865466,1.22176950233675,-0.0710333049896559,0.943371248880817,-2.481410547676,2.30783789630291,0.999985531355603
"virus_comp_36_cycle_2_18","fixed","cond",NA,"feeding_first_yearBreastmilk_and_formula",1.07357412038836,0.882422844105697,1.21662095168943,0.223748467379764,-0.655942873194205,2.80309111397093,0.836964856897864
"virus_comp_36_cycle_2_18","fixed","cond",NA,"Delivery.ModeC-Section",3.88245497875701,4.54498496760571,0.854228343202262,0.392978481718878,-5.02555186802613,12.7904618255402,0.999999650716233
"virus_comp_36_cycle_2_18","fixed","cond",NA,"Dx.StatusCELIAC:onset_timeline_combinedt0-6",-3.13179504734853,49850.6992346797,-6.28234928582471e-05,0.999949874105026,-97708.7068991581,97702.4433090634,0.999999878775183
"virus_comp_36_cycle_2_18","fixed","cond",NA,"Dx.StatusCELIAC:onset_timeline_combinedt0-12",0.0388990729556742,1.59790784660235,0.0243437523874644,0.980578414101451,-3.09294275699889,3.17074090291024,0.999997398262547
"virus_comp_36_cycle_2_18","fixed","cond",NA,"Dx.StatusCELIAC:onset_timeline_combinedt0-18",-0.184145640349789,1.62562828680289,-0.113276597020803,0.909811270674586,-3.370318534733,3.00202725403342,0.999999861216808
"virus_comp_36_cycle_2_18","fixed","cond",NA,"Dx.StatusCELIAC:onset_timeline_combinedt0-24",-24.9355672742597,84545.2154716812,-0.00029493765123364,0.999764673805093,-165730.512956948,165680.641822399,0.999998617618745
"virus_comp_36_cycle_2_18","fixed","cond",NA,"Dx.StatusCELIAC:onset_timeline_combinedt0-30",-26.4911638245415,236755.360142544,-0.00011189256204629,0.999910722652461,-464058.470190021,464005.487862372,0.999999714796086
"virus_comp_36_cycle_2_18","fixed","cond",NA,"Dx.StatusCELIAC:onset_timeline_combinedt0-36",-3.30261017252542,1.56706955148177,-2.10750707867598,0.035073648752222,-6.37401005469902,-0.231210290351823,0.564799990538503
"virus_comp_36_cycle_2_18","fixed","cond",NA,"Dx.StatusCELIAC:onset_timeline_combinedt0-over42",-0.808147728180927,1.46804284782812,-0.550493283882369,0.581981082130283,-3.68545883768566,2.0691633813238,0.999996861415992
"virus_comp_36_cycle_2_19","fixed","cond",NA,"(Intercept)",-5.41745201953908,1.85021613758401,-2.92801036024533,0.00341138677815708,-9.04380901281854,-1.79109502625961,0.0210616053260133
"virus_comp_36_cycle_2_19","fixed","cond",NA,"Dx.StatusCELIAC",-0.0796966154976275,1.16156276070461,-0.068611544889131,0.945298829032323,-2.35631779226158,2.19692456126633,0.999986353446738
"virus_comp_36_cycle_2_19","fixed","cond",NA,"onset_timeline_combinedt0-6",-18.6504889217475,13953.6641683407,-0.00133660153324196,0.998933546590218,-27367.3297112365,27330.028733393,0.999999447029537
"virus_comp_36_cycle_2_19","fixed","cond",NA,"onset_timeline_combinedt0-12",0.397087183261143,1.03597315873985,0.383298717646466,0.701498289960041,-1.63338289681916,2.42755726334144,0.99998627227119
"virus_comp_36_cycle_2_19","fixed","cond",NA,"onset_timeline_combinedt0-18",1.53631726993541,1.10527007371925,1.38999264203877,0.164531111697051,-0.629972267744261,3.70260680761508,0.999997145165192
"virus_comp_36_cycle_2_19","fixed","cond",NA,"onset_timeline_combinedt0-24",0.793185908132373,0.957917129907664,0.828031865563183,0.407652453799074,-1.08429716666062,2.67066898292537,0.99999582928833
"virus_comp_36_cycle_2_19","fixed","cond",NA,"onset_timeline_combinedt0-30",1.14336313535433,0.961057918377495,1.18969222717047,0.234167381539129,-0.740275771722591,3.02700204243126,0.765753499201465
"virus_comp_36_cycle_2_19","fixed","cond",NA,"onset_timeline_combinedt0-36",1.80052629479768,0.916554728487825,1.96445039105114,0.0494778839701841,0.00411203710165431,3.5969405524937,0.391284665407418
"virus_comp_36_cycle_2_19","fixed","cond",NA,"onset_timeline_combinedt0-over42",-0.334933297589818,1.10512284019216,-0.303073364705394,0.761833952003446,-2.50093426285906,1.83106766767942,0.999994751597901
"virus_comp_36_cycle_2_19","fixed","cond",NA,"SexMale",-0.675462525291355,0.870382136959717,-0.776052835425569,0.437717790110435,-2.38138016651941,1.0304551159367,0.990535691749098
"virus_comp_36_cycle_2_19","fixed","cond",NA,"Age.at.Gluten.Introduction..months.",0.290724334150422,0.158256183033856,1.83704881905453,0.0662026887673658,-0.0194520849267142,0.600900753227559,0.5212200923141
"virus_comp_36_cycle_2_19","fixed","cond",NA,"HLA.CategoryHigh Risk",1.06118442280846,0.693443446557052,1.53031141627661,0.125939663795961,-0.297939757758688,2.42030860337561,0.596114408634214
"virus_comp_36_cycle_2_19","fixed","cond",NA,"HLA.CategoryLow/No Risk",-5.25531488458999,4.52852111495955,-1.16049252088713,0.245848337061146,-14.1310531731399,3.62042340395988,0.999989527982172
"virus_comp_36_cycle_2_19","fixed","cond",NA,"feeding_first_yearFormula",-0.624044035134479,1.04240839516239,-0.598655995126806,0.549402307459707,-2.66712694683496,1.419038876566,0.999985531355603
"virus_comp_36_cycle_2_19","fixed","cond",NA,"feeding_first_yearBreastmilk_and_formula",0.179469958493689,0.707744187301796,0.253580264894721,0.799819844713336,-1.2076831588854,1.56662307587278,0.983038566973875
"virus_comp_36_cycle_2_19","fixed","cond",NA,"Delivery.ModeC-Section",4.50587558644923,3.91491707633359,1.15095045401807,0.249752619287573,-3.16722088562545,12.1789720585239,0.999999650716233
"virus_comp_36_cycle_2_19","fixed","cond",NA,"Dx.StatusCELIAC:onset_timeline_combinedt0-6",20.329209364198,13953.6642424641,0.00145690830816551,0.99883755576564,-27328.3501582299,27369.0085769583,0.999999878775183
"virus_comp_36_cycle_2_19","fixed","cond",NA,"Dx.StatusCELIAC:onset_timeline_combinedt0-12",-0.47384358103151,1.48164788648976,-0.319808495224945,0.749113507312054,-3.37782007632133,2.43013291425831,0.999997398262547
"virus_comp_36_cycle_2_19","fixed","cond",NA,"Dx.StatusCELIAC:onset_timeline_combinedt0-18",0.577702605828473,1.55167070337969,0.372310055587297,0.70966201264472,-2.46351608866165,3.6189213003186,0.999999861216808
"virus_comp_36_cycle_2_19","fixed","cond",NA,"Dx.StatusCELIAC:onset_timeline_combinedt0-24",-24.6234637291409,97120.8346535971,-0.000253534309265009,0.999797708891171,-190377.961533249,190328.714605791,0.999998617618745
"virus_comp_36_cycle_2_19","fixed","cond",NA,"Dx.StatusCELIAC:onset_timeline_combinedt0-30",-27.9173310282465,570630.37156319,-4.89236683139902e-05,0.99996096456041,-1118442.89407959,1118387.05941753,0.999999714796086
"virus_comp_36_cycle_2_19","fixed","cond",NA,"Dx.StatusCELIAC:onset_timeline_combinedt0-36",-2.53947206303387,1.56670501908053,-1.62089993464388,0.105039100887982,-5.61015747482984,0.53121334876211,0.745777616304669
"virus_comp_36_cycle_2_19","fixed","cond",NA,"Dx.StatusCELIAC:onset_timeline_combinedt0-over42",-0.0776961168699217,1.54719773797724,-0.0502173154489609,0.959949213229306,-3.11014796026714,2.9547557265273,0.999996861415992
"virus_comp_36_cycle_2_2","fixed","cond",NA,"(Intercept)",-4.79792166382573,1.47463561285559,-3.25363203085453,0.00113939763641253,-7.68815435534283,-1.90768897230864,0.0139681914205891
"virus_comp_36_cycle_2_2","fixed","cond",NA,"Dx.StatusCELIAC",-0.714967328078104,1.08223944475023,-0.660636915006468,0.50884518932177,-2.83611766243718,1.40618300628097,0.999986353446738
"virus_comp_36_cycle_2_2","fixed","cond",NA,"onset_timeline_combinedt0-6",-18.6165237962864,11168.5020904753,-0.00166687740625154,0.998670024868686,-21908.4783823882,21871.2453347956,0.999999447029537
"virus_comp_36_cycle_2_2","fixed","cond",NA,"onset_timeline_combinedt0-12",-0.297466416755116,0.93347089122136,-0.318667051701964,0.749979001975902,-2.12703574416549,1.53210291065526,0.99998627227119
"virus_comp_36_cycle_2_2","fixed","cond",NA,"onset_timeline_combinedt0-18",2.02282809364895,1.06710550056704,1.89562146626932,0.0580101166618156,-0.0686602551670314,4.11431644246494,0.768724300903059
"virus_comp_36_cycle_2_2","fixed","cond",NA,"onset_timeline_combinedt0-24",0.29793661934059,0.873278892705912,0.341170068152471,0.732975555093738,-1.41365855882201,2.00953179750319,0.99999582928833
"virus_comp_36_cycle_2_2","fixed","cond",NA,"onset_timeline_combinedt0-30",0.171991228347898,0.958204063301691,0.179493319779157,0.857550362197905,-1.70605422556335,2.05003668225915,0.999987296772671
"virus_comp_36_cycle_2_2","fixed","cond",NA,"onset_timeline_combinedt0-36",1.34001627823095,0.819449853350662,1.63526330836686,0.101993861764087,-0.266075921472981,2.94610847793487,0.396026913744603
"virus_comp_36_cycle_2_2","fixed","cond",NA,"onset_timeline_combinedt0-over42",-0.423717707085947,0.939256564709041,-0.451120304085609,0.651902844673286,-2.26462674615848,1.41719133198659,0.999994751597901
"virus_comp_36_cycle_2_2","fixed","cond",NA,"SexMale",-0.0791257092786169,0.765096800986653,-0.103419213329056,0.917630263876297,-1.57868788389926,1.42043646534203,0.994111673083809
"virus_comp_36_cycle_2_2","fixed","cond",NA,"Age.at.Gluten.Introduction..months.",0.1929804016154,0.111209127728593,1.73529282673965,0.0826889516696553,-0.0249854834847554,0.410946286715556,0.5212200923141
"virus_comp_36_cycle_2_2","fixed","cond",NA,"HLA.CategoryHigh Risk",1.70804486995863,0.786658447855243,2.17126616337175,0.0299110585095986,0.166222644028174,3.24986709588908,0.225907621355097
"virus_comp_36_cycle_2_2","fixed","cond",NA,"HLA.CategoryLow/No Risk",-2.66214281615641,3.06651862586801,-0.86813195709935,0.38532209825422,-8.67240888077897,3.34812324846615,0.999989527982172
"virus_comp_36_cycle_2_2","fixed","cond",NA,"feeding_first_yearFormula",-0.00785655362624294,1.0097715759561,-0.00778052562907997,0.993792101359847,-1.98697247511246,1.97125936785997,0.999985531355603
"virus_comp_36_cycle_2_2","fixed","cond",NA,"feeding_first_yearBreastmilk_and_formula",0.783205639186072,0.747111627202631,1.04831140443977,0.294495156962932,-0.6811062425622,2.24751752093434,0.836964856897864
"virus_comp_36_cycle_2_2","fixed","cond",NA,"Delivery.ModeC-Section",2.67057870494744,2.77500111050036,0.962370319363913,0.335863617399265,-2.76832352869191,8.1094809385868,0.999999650716233
"virus_comp_36_cycle_2_2","fixed","cond",NA,"Dx.StatusCELIAC:onset_timeline_combinedt0-6",-0.700221082983436,30345.1233181093,-2.30752426227762e-05,0.999981588620176,-59476.0490310038,59474.6485888379,0.999999878775183
"virus_comp_36_cycle_2_2","fixed","cond",NA,"Dx.StatusCELIAC:onset_timeline_combinedt0-12",-0.503947907168852,1.57038506470549,-0.320907221098261,0.748280701485156,-3.58184607585122,2.57395026151351,0.999997398262547
"virus_comp_36_cycle_2_2","fixed","cond",NA,"Dx.StatusCELIAC:onset_timeline_combinedt0-18",-28.2465221187547,558236.919742611,-5.05995234635832e-05,0.999959627421462,-1094152.50405821,1094096.01101398,0.999999861216808
"virus_comp_36_cycle_2_2","fixed","cond",NA,"Dx.StatusCELIAC:onset_timeline_combinedt0-24",-24.3819878006734,111060.114534087,-0.000219538651683904,0.999824833500729,-217698.206593505,217649.442617903,0.999998617618745
"virus_comp_36_cycle_2_2","fixed","cond",NA,"Dx.StatusCELIAC:onset_timeline_combinedt0-30",-26.4950578136363,423991.859833805,-6.24895436059121e-05,0.999950140557978,-831035.270070226,830982.279954599,0.999999714796086
"virus_comp_36_cycle_2_2","fixed","cond",NA,"Dx.StatusCELIAC:onset_timeline_combinedt0-36",-2.08899727412687,1.51269955605466,-1.38097301990044,0.16728725643345,-5.05383392342373,0.875839375169996,0.902673409591648
"virus_comp_36_cycle_2_2","fixed","cond",NA,"Dx.StatusCELIAC:onset_timeline_combinedt0-over42",-0.0187419780915663,1.42062381014479,-0.0131927804938424,0.989473989471857,-2.80311348155542,2.76562952537228,0.999996861415992
"virus_comp_36_cycle_2_41","fixed","cond",NA,"(Intercept)",-4.32143112772209,1.23555505570647,-3.49756257947662,0.00046953054115108,-6.74307453782315,-1.89978771762104,0.00966074735245462
"virus_comp_36_cycle_2_41","fixed","cond",NA,"Dx.StatusCELIAC",-0.78236628204231,1.00337792494445,-0.77973240450314,0.435548401010114,-2.74895087781597,1.18421831373135,0.999986353446738
"virus_comp_36_cycle_2_41","fixed","cond",NA,"onset_timeline_combinedt0-6",-21.4887822637974,39799.6661866097,-0.000539923680843011,0.999569203251974,-78027.4011047353,77984.4235402077,0.999999447029537
"virus_comp_36_cycle_2_41","fixed","cond",NA,"onset_timeline_combinedt0-12",-0.949792534142287,1.16466730202237,-0.81550545163673,0.41478304529189,-3.23249850007757,1.332913431793,0.99998627227119
"virus_comp_36_cycle_2_41","fixed","cond",NA,"onset_timeline_combinedt0-18",0.139503077149008,1.19570269634208,0.116670370967448,0.907121270432628,-2.20403114389891,2.48303729819693,0.999997145165192
"virus_comp_36_cycle_2_41","fixed","cond",NA,"onset_timeline_combinedt0-24",0.488033249394151,0.85750753157025,0.569129985949481,0.569267930191234,-1.19265062895538,2.16871712774368,0.99999582928833
"virus_comp_36_cycle_2_41","fixed","cond",NA,"onset_timeline_combinedt0-30",-20.5359760990808,21835.9201704585,-0.000940467630343493,0.999249615508431,-42818.1530794895,42777.0811272913,0.999987296772671
"virus_comp_36_cycle_2_41","fixed","cond",NA,"onset_timeline_combinedt0-36",1.06566153111439,0.814320547167223,1.30865116301131,0.190652541642891,-0.530377413204316,2.6617004754331,0.447590984981302
"virus_comp_36_cycle_2_41","fixed","cond",NA,"onset_timeline_combinedt0-over42",-0.550487253603866,1.05066088803388,-0.523943795637051,0.600317632329059,-2.60974475411514,1.50877024690741,0.999994751597901
"virus_comp_36_cycle_2_41","fixed","cond",NA,"SexMale",-0.105948736541826,0.67566887482001,-0.156805708373129,0.875397973878514,-1.43023539666375,1.21833792358009,0.994111673083809
"virus_comp_36_cycle_2_41","fixed","cond",NA,"Age.at.Gluten.Introduction..months.",0.133838872764007,0.0793397071215887,1.68690908524401,0.0916208348558634,-0.021664095738263,0.289341841266277,0.5212200923141
"virus_comp_36_cycle_2_41","fixed","cond",NA,"HLA.CategoryHigh Risk",2.18765278634174,0.772217396135432,2.83294937059158,0.00461206902206013,0.674134501680993,3.70117107100249,0.12514190781631
"virus_comp_36_cycle_2_41","fixed","cond",NA,"HLA.CategoryLow/No Risk",-0.416594816688248,2.04442131248339,-0.203771509397055,0.838532057901368,-4.42358695838179,3.5903973250053,0.999989527982172
"virus_comp_36_cycle_2_41","fixed","cond",NA,"feeding_first_yearFormula",-0.331447841904191,0.919281155957996,-0.360551110784801,0.718435042131331,-2.13320579924821,1.47031011543983,0.999985531355603
"virus_comp_36_cycle_2_41","fixed","cond",NA,"feeding_first_yearBreastmilk_and_formula",0.63840792110346,0.707919144773532,0.901809091923471,0.367158289202415,-0.74908810661906,2.02590394882598,0.906556345479326
"virus_comp_36_cycle_2_41","fixed","cond",NA,"Delivery.ModeC-Section",1.06874357910987,1.90050089031346,0.56234837066222,0.573878688114509,-2.65616971849082,4.79365687671056,0.999999650716233
"virus_comp_36_cycle_2_41","fixed","cond",NA,"Dx.StatusCELIAC:onset_timeline_combinedt0-6",-1.90992784341379,214020.120495508,-8.92405741568524e-06,0.999992879632368,-419473.638065961,419469.818210275,0.999999878775183
"virus_comp_36_cycle_2_41","fixed","cond",NA,"Dx.StatusCELIAC:onset_timeline_combinedt0-12",0.107341993263091,1.7329838587345,0.061940561489982,0.950610166096184,-3.28924395564577,3.50392794217196,0.999997398262547
"virus_comp_36_cycle_2_41","fixed","cond",NA,"Dx.StatusCELIAC:onset_timeline_combinedt0-18",-24.0221349066255,215411.739724192,-0.000111517296770282,0.999911022070829,-422223.273841439,422175.229571626,0.999999861216808
"virus_comp_36_cycle_2_41","fixed","cond",NA,"Dx.StatusCELIAC:onset_timeline_combinedt0-24",-23.4015961095406,62280.2707616899,-0.000375746537761289,0.9997001976458,-122090.489236425,122043.686044206,0.999998617618745
"virus_comp_36_cycle_2_41","fixed","cond",NA,"Dx.StatusCELIAC:onset_timeline_combinedt0-30",-1.96052285806365,72502.5327959112,-2.70407499222456e-05,0.999978424603127,-142104.313590778,142100.392545062,0.999999714796086
"virus_comp_36_cycle_2_41","fixed","cond",NA,"Dx.StatusCELIAC:onset_timeline_combinedt0-36",-24.7778697690502,92536.6516973408,-0.00026776276550497,0.999786356225999,-181393.282446484,181343.726706946,0.999999153356744
"virus_comp_36_cycle_2_41","fixed","cond",NA,"Dx.StatusCELIAC:onset_timeline_combinedt0-over42",-22.6069107404484,40471.0135123824,-0.000558595122247969,0.999554305599397,-79344.3358128437,79299.1219913628,0.999996861415992
"virus_comp_36_cycle_2_48","fixed","cond",NA,"(Intercept)",-5.51923089607974,1.81487789971681,-3.04110314911044,0.00235713064710007,-9.07632621586238,-1.96213557629709,0.0194060890833371
"virus_comp_36_cycle_2_48","fixed","cond",NA,"Dx.StatusCELIAC",-1.91997810066587,1.38401557680955,-1.38725180036761,0.165364994970582,-4.63259878525503,0.792642583923284,0.999986353446738
"virus_comp_36_cycle_2_48","fixed","cond",NA,"onset_timeline_combinedt0-6",-19.7546364544156,17784.444097425,-0.00111078177907601,0.999113724550307,-34876.6245524733,34837.1152795645,0.999999447029537
"virus_comp_36_cycle_2_48","fixed","cond",NA,"onset_timeline_combinedt0-12",-0.829182271981028,1.18181074012606,-0.701620186572839,0.482916059178872,-3.14548875917072,1.48712421520867,0.99998627227119
"virus_comp_36_cycle_2_48","fixed","cond",NA,"onset_timeline_combinedt0-18",1.77504385966355,0.999655553226788,1.77565547846344,0.0757897198073438,-0.18424502160642,3.73433274093351,0.768724300903059
"virus_comp_36_cycle_2_48","fixed","cond",NA,"onset_timeline_combinedt0-24",0.611571480722165,0.874990563932005,0.698946372603043,0.484585545631879,-1.10337851139695,2.32652147284129,0.99999582928833
"virus_comp_36_cycle_2_48","fixed","cond",NA,"onset_timeline_combinedt0-30",0.303742250537079,0.964411868054791,0.314950759730616,0.752799040589333,-1.5864702771133,2.19395477818746,0.999987296772671
"virus_comp_36_cycle_2_48","fixed","cond",NA,"onset_timeline_combinedt0-36",1.50929095382441,0.822524833409702,1.83494879731203,0.0665132764485009,-0.102828096048413,3.12141000369723,0.396026913744603
"virus_comp_36_cycle_2_48","fixed","cond",NA,"onset_timeline_combinedt0-over42",0.138553090211667,0.949952371225322,0.145852670521734,0.884037695378303,-1.72331934441839,2.00042552484172,0.999994751597901
"virus_comp_36_cycle_2_48","fixed","cond",NA,"SexMale",-0.882684325233358,0.886016835960408,-0.996238772682646,0.31913414477189,-2.61924541341189,0.853876762945174,0.990535691749098
"virus_comp_36_cycle_2_48","fixed","cond",NA,"Age.at.Gluten.Introduction..months.",0.273517126548494,0.153059225533226,1.78700189809284,0.0739371817911198,-0.026473442998222,0.57350769609521,0.5212200923141
"virus_comp_36_cycle_2_48","fixed","cond",NA,"HLA.CategoryHigh Risk",2.02266488953236,0.761840753077969,2.65497071580963,0.00793152936863934,0.529484451544672,3.51584532752005,0.12514190781631
"virus_comp_36_cycle_2_48","fixed","cond",NA,"HLA.CategoryLow/No Risk",-3.30658416716097,4.23070363978536,-0.78156837459991,0.434468278919029,-11.5986109304028,4.98544259608085,0.999989527982172
"virus_comp_36_cycle_2_48","fixed","cond",NA,"feeding_first_yearFormula",0.57456405111025,0.969805948156958,0.592452595493114,0.553547555481182,-1.32622067927011,2.47534878149061,0.999985531355603
"virus_comp_36_cycle_2_48","fixed","cond",NA,"feeding_first_yearBreastmilk_and_formula",0.843230630359061,0.81192091670251,1.03856251638855,0.299008246164578,-0.748105124672604,2.43456638539073,0.836964856897864
"virus_comp_36_cycle_2_48","fixed","cond",NA,"Delivery.ModeC-Section",2.26586639938723,3.59507450989402,0.630269662882182,0.528518167976508,-4.78035016174303,9.31208296051749,0.999999650716233
"virus_comp_36_cycle_2_48","fixed","cond",NA,"Dx.StatusCELIAC:onset_timeline_combinedt0-6",-0.423293441525967,79719.6180261142,-5.3097775931052e-06,0.999995763410437,-156248.003485915,156247.156899032,0.999999878775183
"virus_comp_36_cycle_2_48","fixed","cond",NA,"Dx.StatusCELIAC:onset_timeline_combinedt0-12",0.413141444254079,1.93284402979664,0.213747947524533,0.830743618591424,-3.3751632418806,4.20144613038876,0.999997398262547
"virus_comp_36_cycle_2_48","fixed","cond",NA,"Dx.StatusCELIAC:onset_timeline_combinedt0-18",-21.2575320343969,37861.344425452,-0.000561457400865741,0.999552021831837,-74228.1290121867,74185.6139481179,0.999999861216808
"virus_comp_36_cycle_2_48","fixed","cond",NA,"Dx.StatusCELIAC:onset_timeline_combinedt0-24",-23.5340173796553,77118.5493522713,-0.000305166754008219,0.999756512162286,-151173.113287806,151126.045253047,0.999998617618745
"virus_comp_36_cycle_2_48","fixed","cond",NA,"Dx.StatusCELIAC:onset_timeline_combinedt0-30",-21.9588098877763,75821.9003655135,-0.000289610386734173,0.999768924347007,-148630.152765679,148586.235145903,0.999999714796086
"virus_comp_36_cycle_2_48","fixed","cond",NA,"Dx.StatusCELIAC:onset_timeline_combinedt0-36",-24.5504828419116,81832.6114578568,-0.000300008546770561,0.999760627816014,-160413.521701101,160364.420735417,0.999999153356744
"virus_comp_36_cycle_2_48","fixed","cond",NA,"Dx.StatusCELIAC:onset_timeline_combinedt0-over42",-1.81373097156737,1.88465778825997,-0.962366209327538,0.335865681230726,-5.50759235973983,1.88013041660509,0.999996861415992
"virus_comp_36_cycle_2_51","fixed","cond",NA,"(Intercept)",-5.21568937612739,2.12394160003277,-2.45566515390391,0.0140624119530241,-9.37853841745799,-1.05284033479679,0.0475611285619303
"virus_comp_36_cycle_2_51","fixed","cond",NA,"Dx.StatusCELIAC",-0.978616484919284,1.40076762415326,-0.698628714745488,0.484784093756772,-3.72407057896941,1.76683760913085,0.999986353446738
"virus_comp_36_cycle_2_51","fixed","cond",NA,"onset_timeline_combinedt0-6",-21.275480562535,47953.0635706707,-0.000443673020623184,0.999646000158414,-94007.5530274367,93965.0020663116,0.999999447029537
"virus_comp_36_cycle_2_51","fixed","cond",NA,"onset_timeline_combinedt0-12",-19.8070379020587,16200.387056763,-0.00122262744912567,0.999024484677765,-31771.9822047664,31732.3681289623,0.99998627227119
"virus_comp_36_cycle_2_51","fixed","cond",NA,"onset_timeline_combinedt0-18",1.75672855057883,1.18048227439865,1.48814479359609,0.136712712626109,-0.556974191630462,4.07043129278812,0.999997145165192
"virus_comp_36_cycle_2_51","fixed","cond",NA,"onset_timeline_combinedt0-24",0.445434964283941,1.05996823132602,0.420234259027465,0.674314329959616,-1.63206459387167,2.52293452243955,0.99999582928833
"virus_comp_36_cycle_2_51","fixed","cond",NA,"onset_timeline_combinedt0-30",-0.130087900150019,1.26470686527443,-0.102860120176379,0.918073989248484,-2.60886780708844,2.34869200678841,0.999987296772671
"virus_comp_36_cycle_2_51","fixed","cond",NA,"onset_timeline_combinedt0-36",1.56283600307521,0.962815773803807,1.62319318565056,0.104548114096349,-0.324248237327311,3.44992024347774,0.396026913744603
"virus_comp_36_cycle_2_51","fixed","cond",NA,"onset_timeline_combinedt0-over42",-0.136106485978526,1.14677596358708,-0.118686204019126,0.905523966883409,-2.38374607294542,2.11153310098837,0.999994751597901
"virus_comp_36_cycle_2_51","fixed","cond",NA,"SexMale",-0.961932039965974,1.13695301074072,-0.846061385896045,0.397518500497178,-3.19031899313216,1.26645491320022,0.990535691749098
"virus_comp_36_cycle_2_51","fixed","cond",NA,"Age.at.Gluten.Introduction..months.",0.263280800314045,0.184654147336734,1.42580496626446,0.153924646995152,-0.0986346780619056,0.625196278689996,0.5212200923141
"virus_comp_36_cycle_2_51","fixed","cond",NA,"HLA.CategoryHigh Risk",1.52684857160299,0.90130859660509,1.69403529196779,0.0902585769548132,-0.239683816699329,3.2933809599053,0.512668717103339
"virus_comp_36_cycle_2_51","fixed","cond",NA,"HLA.CategoryLow/No Risk",-4.04029171478732,5.08962830049593,-0.793828444091613,0.427295311198483,-14.0157798784551,5.93519644888049,0.999989527982172
"virus_comp_36_cycle_2_51","fixed","cond",NA,"feeding_first_yearFormula",-1.50618481617847,1.39562549448975,-1.07921847381352,0.280490346135445,-4.24156052128429,1.22919088892735,0.999985531355603
"virus_comp_36_cycle_2_51","fixed","cond",NA,"feeding_first_yearBreastmilk_and_formula",-0.0667623211352476,0.939117829322698,-0.071090462826584,0.943325758528727,-1.90739944384717,1.77387480157667,0.991650327886826
"virus_comp_36_cycle_2_51","fixed","cond",NA,"Delivery.ModeC-Section",3.60184961831217,4.35641898161603,0.826791370047712,0.408355322301663,-4.9365746872219,12.1402739238462,0.999999650716233
"virus_comp_36_cycle_2_51","fixed","cond",NA,"Dx.StatusCELIAC:onset_timeline_combinedt0-6",-1.37631285382324,251107.800181904,-5.48096416290625e-06,0.999995626823316,-492163.620906466,492160.868280758,0.999999878775183
"virus_comp_36_cycle_2_51","fixed","cond",NA,"Dx.StatusCELIAC:onset_timeline_combinedt0-12",19.7521100291485,16200.3871244505,0.00121923691560046,0.999027189930101,-31732.4231895003,31771.9274095586,0.999997398262547
"virus_comp_36_cycle_2_51","fixed","cond",NA,"Dx.StatusCELIAC:onset_timeline_combinedt0-18",-25.7328483849251,244368.152996216,-0.000105303608794406,0.999915979876501,-478978.511689541,478927.045992771,0.999999861216808
"virus_comp_36_cycle_2_51","fixed","cond",NA,"Dx.StatusCELIAC:onset_timeline_combinedt0-24",-25.4034949702906,242939.28355426,-0.000104567258940717,0.999916567398678,-476177.649691284,476126.842701344,0.999998617618745
"virus_comp_36_cycle_2_51","fixed","cond",NA,"Dx.StatusCELIAC:onset_timeline_combinedt0-30",-26.0780473215909,631275.458794036,-4.13100920656877e-05,0.999967039315345,-1237303.24160763,1237251.08551299,0.999999714796086
"virus_comp_36_cycle_2_51","fixed","cond",NA,"Dx.StatusCELIAC:onset_timeline_combinedt0-36",-1.57929794457952,1.75572240730528,-0.89951460322447,0.368378620959341,-5.02045062974783,1.86185474058879,0.999999153356744
"virus_comp_36_cycle_2_51","fixed","cond",NA,"Dx.StatusCELIAC:onset_timeline_combinedt0-over42",-0.956702300472883,1.96187709393805,-0.487646399169943,0.625800324204325,-4.80191074668557,2.8885061457398,0.999996861415992
"virus_comp_36_cycle_2_53","fixed","cond",NA,"(Intercept)",-4.45544822748743,1.38337872084599,-3.2207002755997,0.00127877808780041,-7.16682069732465,-1.7440757576502,0.0139681914205891
"virus_comp_36_cycle_2_53","fixed","cond",NA,"Dx.StatusCELIAC",-0.890979369050935,1.05443688228324,-0.844981225544424,0.398121321481222,-2.95763768229679,1.17567894419492,0.999986353446738
"virus_comp_36_cycle_2_53","fixed","cond",NA,"onset_timeline_combinedt0-6",-19.3159432995621,14963.896374071,-0.00129083647846106,0.998970061789339,-29348.0139048683,29309.3820182692,0.999999447029537
"virus_comp_36_cycle_2_53","fixed","cond",NA,"onset_timeline_combinedt0-12",-0.216247579721957,0.939424007142589,-0.230191668594578,0.817942835543913,-2.05748479993373,1.62498964048982,0.99998627227119
"virus_comp_36_cycle_2_53","fixed","cond",NA,"onset_timeline_combinedt0-18",0.110080276760433,1.20880584833079,0.0910653078924464,0.927440698360484,-2.25913565026929,2.47929620379016,0.999997145165192
"virus_comp_36_cycle_2_53","fixed","cond",NA,"onset_timeline_combinedt0-24",0.425971184558878,0.871789845866774,0.488616822710705,0.62511300075277,-1.28270551542772,2.13464788454548,0.99999582928833
"virus_comp_36_cycle_2_53","fixed","cond",NA,"onset_timeline_combinedt0-30",-0.571282509186493,1.18434651317254,-0.482360949969097,0.62954955645598,-2.89255902022026,1.74999400184727,0.999987296772671
"virus_comp_36_cycle_2_53","fixed","cond",NA,"onset_timeline_combinedt0-36",1.37441577295076,0.809662459159553,1.69751698056673,0.0895989635406949,-0.212493486636095,2.96132503253762,0.396026913744603
"virus_comp_36_cycle_2_53","fixed","cond",NA,"onset_timeline_combinedt0-over42",-0.230997623743183,0.9536594537234,-0.242222339265125,0.808607886138934,-2.10013580655719,1.63814055907082,0.999994751597901
"virus_comp_36_cycle_2_53","fixed","cond",NA,"SexMale",-0.766421559373406,0.765811815953333,-1.00079620529139,0.316925344516064,-2.26738513757715,0.734542018830343,0.990535691749098
"virus_comp_36_cycle_2_53","fixed","cond",NA,"Age.at.Gluten.Introduction..months.",0.168506651441961,0.111675241943797,1.50889891536359,0.131324617070714,-0.0503728007326776,0.3873861036166,0.5212200923141
"virus_comp_36_cycle_2_53","fixed","cond",NA,"HLA.CategoryHigh Risk",2.14348602552054,0.760848090333596,2.81723257605959,0.00484394348780288,0.652251170760612,3.63472088028046,0.12514190781631
"virus_comp_36_cycle_2_53","fixed","cond",NA,"HLA.CategoryLow/No Risk",-1.91801016675269,3.1273510057108,-0.613301852990037,0.539676768389552,-8.04750550496098,4.2114851714556,0.999989527982172
"virus_comp_36_cycle_2_53","fixed","cond",NA,"feeding_first_yearFormula",-0.509587870237271,0.903705126746438,-0.563887329124616,0.572830813864734,-2.28081737130449,1.26164163082995,0.999985531355603
"virus_comp_36_cycle_2_53","fixed","cond",NA,"feeding_first_yearBreastmilk_and_formula",0.597264565403015,0.689864807437373,0.865770450911479,0.386616056625823,-0.754845611375896,1.94937474218193,0.906556345479326
"virus_comp_36_cycle_2_53","fixed","cond",NA,"Delivery.ModeC-Section",2.20065846258466,2.7447817457776,0.801760819770102,0.422691326677216,-3.17901490456241,7.58033182973173,0.999999650716233
"virus_comp_36_cycle_2_53","fixed","cond",NA,"Dx.StatusCELIAC:onset_timeline_combinedt0-6",-2.5090991855326,98499.1904833439,-2.5473297528845e-05,0.999979675249191,-193057.37495289,193052.356754519,0.999999878775183
"virus_comp_36_cycle_2_53","fixed","cond",NA,"Dx.StatusCELIAC:onset_timeline_combinedt0-12",-0.47303005781807,1.57564729879828,-0.300213162031149,0.764014566019273,-3.56124201580051,2.61518190016437,0.999997398262547
"virus_comp_36_cycle_2_53","fixed","cond",NA,"Dx.StatusCELIAC:onset_timeline_combinedt0-18",0.67445816456273,1.77151098249154,0.380724800031519,0.703407464597513,-2.79763955933785,4.14655588846331,0.999999861216808
"virus_comp_36_cycle_2_53","fixed","cond",NA,"Dx.StatusCELIAC:onset_timeline_combinedt0-24",-22.5293808263012,43365.595412376,-0.000519521999226871,0.999585481436466,-85017.5345572186,84972.4757955661,0.999998617618745
"virus_comp_36_cycle_2_53","fixed","cond",NA,"Dx.StatusCELIAC:onset_timeline_combinedt0-30",0.501279976017421,1.72252150783284,0.291015220267465,0.771039678966605,-2.87480014193057,3.87736009396542,0.999999714796086
"virus_comp_36_cycle_2_53","fixed","cond",NA,"Dx.StatusCELIAC:onset_timeline_combinedt0-36",-2.0265191156115,1.50450913412522,-1.3469636505662,0.17799193991948,-4.97530283290847,0.922264601685464,0.902673409591648
"virus_comp_36_cycle_2_53","fixed","cond",NA,"Dx.StatusCELIAC:onset_timeline_combinedt0-over42",-23.2934129238887,55734.9233192488,-0.000417932088835296,0.999666538448562,-109261.735799753,109215.148973905,0.999996861415992
"virus_comp_36_cycle_2_6","fixed","cond",NA,"(Intercept)",-5.23444658510019,1.87804764751561,-2.78717453842271,0.0053169833078999,-8.91535233548097,-1.55354083471942,0.0269647010614923
"virus_comp_36_cycle_2_6","fixed","cond",NA,"Dx.StatusCELIAC",0.567990253689582,0.97847311897833,0.580486313494894,0.56158671374306,-1.34978181934852,2.48576232672768,0.999986353446738
"virus_comp_36_cycle_2_6","fixed","cond",NA,"onset_timeline_combinedt0-6",-18.5235515715145,11887.8447424699,-0.00155819258854704,0.998756742693938,-23318.2711006163,23281.2239974733,0.999999447029537
"virus_comp_36_cycle_2_6","fixed","cond",NA,"onset_timeline_combinedt0-12",-1.05529589606119,1.18060275938441,-0.893861959641233,0.371395753154627,-3.36923478450324,1.25864299238085,0.99998627227119
"virus_comp_36_cycle_2_6","fixed","cond",NA,"onset_timeline_combinedt0-18",2.1856034581092,1.09574448808507,1.99462874956256,0.0460833855899367,0.0379837252041786,4.33322319101423,0.768724300903059
"virus_comp_36_cycle_2_6","fixed","cond",NA,"onset_timeline_combinedt0-24",0.0927181568036104,0.872167195026527,0.106307778293347,0.91533816037883,-1.6166981339457,1.80213444755292,0.99999582928833
"virus_comp_36_cycle_2_6","fixed","cond",NA,"onset_timeline_combinedt0-30",0.72486650763472,0.878077790822498,0.825515136826015,0.409079192613871,-0.996134338001872,2.44586735327131,0.999987296772671
"virus_comp_36_cycle_2_6","fixed","cond",NA,"onset_timeline_combinedt0-36",1.6276663890696,0.834962871349524,1.94938774515668,0.0512491369128027,-0.00883076720361986,3.26416354534281,0.391284665407418
"virus_comp_36_cycle_2_6","fixed","cond",NA,"onset_timeline_combinedt0-over42",-0.386757473763128,0.875915135239784,-0.441546741462861,0.658817230810543,-2.10351959234663,1.33000464482038,0.999994751597901
"virus_comp_36_cycle_2_6","fixed","cond",NA,"SexMale",-0.471121748292834,0.881829118984935,-0.534255150062563,0.593165017567337,-2.19947506202199,1.25723156543632,0.990535691749098
"virus_comp_36_cycle_2_6","fixed","cond",NA,"Age.at.Gluten.Introduction..months.",0.313852430034077,0.166461951490516,1.88543043754931,0.0593717478646973,-0.0124069996835888,0.640111859751742,0.5212200923141
"virus_comp_36_cycle_2_6","fixed","cond",NA,"HLA.CategoryHigh Risk",0.670577120954201,0.700700186219037,0.957010051007152,0.338562181905857,-0.70277000799562,2.04392424990402,0.903310309051692
"virus_comp_36_cycle_2_6","fixed","cond",NA,"HLA.CategoryLow/No Risk",-6.06800639415854,4.81525528071381,-1.26016296964821,0.207610578228437,-15.5057333207239,3.36972053240683,0.999989527982172
"virus_comp_36_cycle_2_6","fixed","cond",NA,"feeding_first_yearFormula",-0.154678489817665,1.06132582541318,-0.14574081409679,0.884126000351763,-2.23483888348974,1.92548190385441,0.999985531355603
"virus_comp_36_cycle_2_6","fixed","cond",NA,"feeding_first_yearBreastmilk_and_formula",0.465074640063721,0.730610604307412,0.636556104334938,0.524414025250139,-0.96689583110185,1.89704511122929,0.956122944670933
"virus_comp_36_cycle_2_6","fixed","cond",NA,"Delivery.ModeC-Section",5.31642783021545,4.16162285049877,1.27748910009428,0.201429626165749,-2.84020307400106,13.473058734432,0.999999650716233
"virus_comp_36_cycle_2_6","fixed","cond",NA,"Dx.StatusCELIAC:onset_timeline_combinedt0-6",19.1867033925352,11887.844813921,0.00161397660323317,0.998712233545871,-23280.5609856938,23318.9343924789,0.999999878775183
"virus_comp_36_cycle_2_6","fixed","cond",NA,"Dx.StatusCELIAC:onset_timeline_combinedt0-12",-0.873114539711226,1.68044385341947,-0.519573764951777,0.603360687456005,-4.16672397045509,2.42049489103264,0.999997398262547
"virus_comp_36_cycle_2_6","fixed","cond",NA,"Dx.StatusCELIAC:onset_timeline_combinedt0-18",-1.93367824176363,1.47320571392999,-1.31256498904369,0.18932957355819,-4.82110838288503,0.953751899357774,0.980494895288232
"virus_comp_36_cycle_2_6","fixed","cond",NA,"Dx.StatusCELIAC:onset_timeline_combinedt0-24",-22.8186526482043,33613.1509889463,-0.000678860861801031,0.999458347441039,-65903.3839978899,65857.7466925935,0.999998617618745
"virus_comp_36_cycle_2_6","fixed","cond",NA,"Dx.StatusCELIAC:onset_timeline_combinedt0-30",-23.1936483856364,41886.0680635552,-0.000553731812459547,0.999558185958591,-82118.3785069472,82071.991210176,0.999999714796086
"virus_comp_36_cycle_2_6","fixed","cond",NA,"Dx.StatusCELIAC:onset_timeline_combinedt0-36",-3.46248209546506,1.48762322953746,-2.32752623561924,0.0199372743074075,-6.37817004792365,-0.546794143006474,0.564799990538503
"virus_comp_36_cycle_2_6","fixed","cond",NA,"Dx.StatusCELIAC:onset_timeline_combinedt0-over42",-1.1478136278216,1.33845208589554,-0.857567962213318,0.391131072138367,-3.77113151120937,1.47550425556617,0.999996861415992
"virus_comp_36_cycle_2_63","fixed","cond",NA,"(Intercept)",-4.28015750157653,1.32813573564831,-3.22268077478332,0.00126997000795012,-6.88325571002783,-1.67705929312522,0.0139681914205891
"virus_comp_36_cycle_2_63","fixed","cond",NA,"Dx.StatusCELIAC",-0.802805435691818,1.02751251819898,-0.781309640002218,0.434620401705759,-2.81669296502588,1.21108209364224,0.999986353446738
"virus_comp_36_cycle_2_63","fixed","cond",NA,"onset_timeline_combinedt0-6",-21.2322639064611,35467.2138162291,-0.000598644822129943,0.999522350567548,-69535.6939756969,69493.229447884,0.999999447029537
"virus_comp_36_cycle_2_63","fixed","cond",NA,"onset_timeline_combinedt0-12",-20.4704890310963,18110.2628148824,-0.00113032534316809,0.999098131052045,-35515.9333567556,35474.9923786934,0.99998627227119
"virus_comp_36_cycle_2_63","fixed","cond",NA,"onset_timeline_combinedt0-18",0.743312664933601,0.950811988367837,0.781766189348928,0.434351994653464,-1.12024458833628,2.60686991820348,0.999997145165192
"virus_comp_36_cycle_2_63","fixed","cond",NA,"onset_timeline_combinedt0-24",0.476065678729176,0.841993341571145,0.565403139460517,0.571799589672144,-1.1742109459728,2.12634230343115,0.99999582928833
"virus_comp_36_cycle_2_63","fixed","cond",NA,"onset_timeline_combinedt0-30",-0.543096219645111,1.17324381526016,-0.462901412801979,0.643435034787893,-2.84261184263938,1.75641940334916,0.999987296772671
"virus_comp_36_cycle_2_63","fixed","cond",NA,"onset_timeline_combinedt0-36",1.21980123140321,0.768338601020873,1.5875829091269,0.112380685410936,-0.286114754529592,2.72571721733601,0.396026913744603
"virus_comp_36_cycle_2_63","fixed","cond",NA,"onset_timeline_combinedt0-over42",-0.00609857908702437,0.92755535610349,-0.00657489501504634,0.994754030575171,-1.82407367071709,1.81187651254304,0.999994751597901
"virus_comp_36_cycle_2_63","fixed","cond",NA,"SexMale",-0.553552585139536,0.778452015893299,-0.711094035133709,0.477025966048425,-2.079290499983,0.972185329703931,0.990535691749098
"virus_comp_36_cycle_2_63","fixed","cond",NA,"Age.at.Gluten.Introduction..months.",0.218719961825441,0.106257591990182,2.05839373666261,0.0395523524956,0.0104589084407335,0.426981015210149,0.5212200923141
"virus_comp_36_cycle_2_63","fixed","cond",NA,"HLA.CategoryHigh Risk",1.38450391567751,0.616546896936074,2.24557762362895,0.0247310750821195,0.176094202902878,2.59291362845215,0.21948829135381
"virus_comp_36_cycle_2_63","fixed","cond",NA,"HLA.CategoryLow/No Risk",-2.40782571361255,2.94540696829779,-0.817484897512847,0.413651376497086,-8.18071729128952,3.36506586406443,0.999989527982172
"virus_comp_36_cycle_2_63","fixed","cond",NA,"feeding_first_yearFormula",0.131551765209519,0.887948932637987,0.148152399731699,0.882222496674703,-1.60879616287172,1.87189969329075,0.999985531355603
"virus_comp_36_cycle_2_63","fixed","cond",NA,"feeding_first_yearBreastmilk_and_formula",0.255234419427542,0.771906277638195,0.33065467508372,0.740905342206406,-1.2576740841837,1.76814292303878,0.983038566973875
"virus_comp_36_cycle_2_63","fixed","cond",NA,"Delivery.ModeC-Section",1.81578950790988,2.5546187625849,0.710786883156128,0.477216310083032,-3.19117126098679,6.82275027680655,0.999999650716233
"virus_comp_36_cycle_2_63","fixed","cond",NA,"Dx.StatusCELIAC:onset_timeline_combinedt0-6",-1.24434053382141,161823.407993776,-7.68949652740764e-06,0.99999386466944,-317169.295863866,317166.807182798,0.999999878775183
"virus_comp_36_cycle_2_63","fixed","cond",NA,"Dx.StatusCELIAC:onset_timeline_combinedt0-12",19.3601891621566,18110.2628639258,0.0010690175679736,0.999147047549746,-35476.1027746856,35514.8231530099,0.999997398262547
"virus_comp_36_cycle_2_63","fixed","cond",NA,"Dx.StatusCELIAC:onset_timeline_combinedt0-18",-21.8252086354747,51337.265693815,-0.000425133834856813,0.999660792287111,-100641.017033277,100597.366616006,0.999999861216808
"virus_comp_36_cycle_2_63","fixed","cond",NA,"Dx.StatusCELIAC:onset_timeline_combinedt0-24",-23.7262290583357,64661.0473015259,-0.000366932334821243,0.999707230361756,-126757.05014269,126709.597684573,0.999998617618745
"virus_comp_36_cycle_2_63","fixed","cond",NA,"Dx.StatusCELIAC:onset_timeline_combinedt0-30",-21.3135251146051,56043.7358124901,-0.000380301648446768,0.999696563193571,-109865.017276673,109822.390226444,0.999999714796086
"virus_comp_36_cycle_2_63","fixed","cond",NA,"Dx.StatusCELIAC:onset_timeline_combinedt0-36",-25.0489143542493,86347.0142043752,-0.000290095894861644,0.999768536967584,-169262.086927498,169211.98909879,0.999999153356744
"virus_comp_36_cycle_2_63","fixed","cond",NA,"Dx.StatusCELIAC:onset_timeline_combinedt0-over42",-1.50003791629365,1.53947536908272,-0.974382537336358,0.329866636759979,-4.51735419478229,1.51727836219499,0.999996861415992
"virus_comp_36_cycle_2_69","fixed","cond",NA,"(Intercept)",-4.6275363865848,1.83708501437371,-2.51895603653509,0.0117703352005067,-8.22815685129551,-1.02691592187409,0.0461422952860464
"virus_comp_36_cycle_2_69","fixed","cond",NA,"Dx.StatusCELIAC",-0.0664612508172396,1.15373699097017,-0.0576052006110622,0.954063107065759,-2.32774420075038,2.1948216991159,0.999986353446738
"virus_comp_36_cycle_2_69","fixed","cond",NA,"onset_timeline_combinedt0-6",-19.4542131431491,23885.8118214748,-0.000814467320120917,0.999350149171844,-46834.7851247348,46795.8766984485,0.999999447029537
"virus_comp_36_cycle_2_69","fixed","cond",NA,"onset_timeline_combinedt0-12",-19.6546643552401,13452.9356142698,-0.00146099445643612,0.998834295494491,-26386.9239546602,26347.6146259497,0.99998627227119
"virus_comp_36_cycle_2_69","fixed","cond",NA,"onset_timeline_combinedt0-18",0.425497085542561,1.29813879693426,0.32777472374097,0.743082000002248,-2.11880820338274,2.96980237446786,0.999997145165192
"virus_comp_36_cycle_2_69","fixed","cond",NA,"onset_timeline_combinedt0-24",1.4005859485811,0.938468471215597,1.4924166251072,0.135589959362293,-0.438778455627834,3.23995035279003,0.99999582928833
"virus_comp_36_cycle_2_69","fixed","cond",NA,"onset_timeline_combinedt0-30",-0.160014492998018,1.25400696435738,-0.127602555285663,0.898463508840574,-2.61782297950088,2.29779399350484,0.999987296772671
"virus_comp_36_cycle_2_69","fixed","cond",NA,"onset_timeline_combinedt0-36",1.7742488488322,0.935924564972013,1.89571779097951,0.0579973714983993,-0.0601295907592576,3.60862728842367,0.391284665407418
"virus_comp_36_cycle_2_69","fixed","cond",NA,"onset_timeline_combinedt0-over42",-0.0434389030676318,1.07659034034414,-0.0403485907682825,0.967815215464637,-2.15351719624587,2.06663939011061,0.999994751597901
"virus_comp_36_cycle_2_69","fixed","cond",NA,"SexMale",-1.64879344707015,1.16121002116381,-1.41989254055667,0.155638967920808,-3.92472326703821,0.62713637289792,0.990535691749098
"virus_comp_36_cycle_2_69","fixed","cond",NA,"Age.at.Gluten.Introduction..months.",0.205497974831029,0.168672822942011,1.21832297134007,0.223101264010452,-0.125094683306014,0.536090632968071,0.542907260983915
"virus_comp_36_cycle_2_69","fixed","cond",NA,"HLA.CategoryHigh Risk",1.10226928586601,0.790979681106703,1.39354943267792,0.163453707675967,-0.448022401606106,2.65256097333812,0.682659602646686
"virus_comp_36_cycle_2_69","fixed","cond",NA,"HLA.CategoryLow/No Risk",-3.97243824506573,4.74613998559261,-0.836982949749579,0.402602152049554,-13.2747016824127,5.32982519228123,0.999989527982172
"virus_comp_36_cycle_2_69","fixed","cond",NA,"feeding_first_yearFormula",-0.266223578798356,1.10669656834642,-0.24055697506692,0.809898499904404,-2.43530899457141,1.9028618369747,0.999985531355603
"virus_comp_36_cycle_2_69","fixed","cond",NA,"feeding_first_yearBreastmilk_and_formula",0.40354085178856,0.806796314719469,0.500176865494082,0.616950546543075,-1.17775086792124,1.98483257149836,0.956122944670933
"virus_comp_36_cycle_2_69","fixed","cond",NA,"Delivery.ModeC-Section",3.65740739409376,4.06826548189694,0.899009027402115,0.368647852232314,-4.31624642997172,11.6310612181592,0.999999650716233
"virus_comp_36_cycle_2_69","fixed","cond",NA,"Dx.StatusCELIAC:onset_timeline_combinedt0-6",-3.53988521585243,170449.57596183,-2.0767932075379e-05,0.999983429587638,-334078.569950526,334071.490180094,0.999999878775183
"virus_comp_36_cycle_2_69","fixed","cond",NA,"Dx.StatusCELIAC:onset_timeline_combinedt0-12",19.7703142189056,13452.9356548054,0.00146959107857203,0.998827436389778,-26347.4990555345,26387.0396839723,0.999997398262547
"virus_comp_36_cycle_2_69","fixed","cond",NA,"Dx.StatusCELIAC:onset_timeline_combinedt0-18",-27.6352646005957,734200.525263143,-3.76399412009288e-05,0.999969967672053,-1439034.22221075,1438978.95168155,0.999999861216808
"virus_comp_36_cycle_2_69","fixed","cond",NA,"Dx.StatusCELIAC:onset_timeline_combinedt0-24",-27.3230431343487,291148.960446539,-9.38455802570717e-05,0.999925122060523,-570668.799654627,570614.153568359,0.999998617618745
"virus_comp_36_cycle_2_69","fixed","cond",NA,"Dx.StatusCELIAC:onset_timeline_combinedt0-30",-27.836779445586,966855.729241923,-2.87910373840489e-05,0.999977028075785,-1895030.24433982,1894974.57078093,0.999999714796086
"virus_comp_36_cycle_2_69","fixed","cond",NA,"Dx.StatusCELIAC:onset_timeline_combinedt0-36",-1.66020180145216,1.40430063615069,-1.18222676734158,0.237115734375421,-4.4125804717742,1.09217686886988,0.999999153356744
"virus_comp_36_cycle_2_69","fixed","cond",NA,"Dx.StatusCELIAC:onset_timeline_combinedt0-over42",-1.24312487026581,1.72270816875002,-0.721610829283877,0.470533779252404,-4.61957083688881,2.13332109635718,0.999996861415992
"virus_comp_36_cycle_2_7","fixed","cond",NA,"(Intercept)",-4.9106408094277,1.58619039670716,-3.09587097464585,0.001962357301569,-8.01951685959704,-1.80176475925835,0.0185769824548532
"virus_comp_36_cycle_2_7","fixed","cond",NA,"Dx.StatusCELIAC",0.931805719587849,1.00280941523591,0.929195224367379,0.352787921926793,-1.0336646176322,2.8972760568079,0.999986353446738
"virus_comp_36_cycle_2_7","fixed","cond",NA,"onset_timeline_combinedt0-6",-17.8773023756814,9896.85011550611,-0.0018063628494961,0.998558731754976,-19415.3470891587,19379.5924844074,0.999999447029537
"virus_comp_36_cycle_2_7","fixed","cond",NA,"onset_timeline_combinedt0-12",-0.512821122315326,1.23869043787565,-0.414002648793198,0.678872166976142,-2.94060976854576,1.9149675239151,0.99998627227119
"virus_comp_36_cycle_2_7","fixed","cond",NA,"onset_timeline_combinedt0-18",2.34641906722515,1.09690041921591,2.13913590160028,0.0324246635466382,0.196533750935083,4.49630438351521,0.768724300903059
"virus_comp_36_cycle_2_7","fixed","cond",NA,"onset_timeline_combinedt0-24",0.731491405887947,0.948983848143296,0.77081544361279,0.440816331969543,-1.12848275838314,2.59146557015903,0.99999582928833
"virus_comp_36_cycle_2_7","fixed","cond",NA,"onset_timeline_combinedt0-30",0.651791616579944,1.03075906657826,0.632341385794113,0.527163825887898,-1.36845903065157,2.67204226381146,0.999987296772671
"virus_comp_36_cycle_2_7","fixed","cond",NA,"onset_timeline_combinedt0-36",1.68875714470007,0.900072557498498,1.87624556557252,0.0606215678800225,-0.075352651469841,3.45286694086998,0.391284665407418
"virus_comp_36_cycle_2_7","fixed","cond",NA,"onset_timeline_combinedt0-over42",0.580132924388701,0.930242081702312,0.623636509033301,0.532866328264859,-1.2431080526514,2.4033739014288,0.999994751597901
"virus_comp_36_cycle_2_7","fixed","cond",NA,"SexMale",-0.380236306902925,0.759162817509121,-0.500862658356363,0.616467784316107,-1.86816808762275,1.10769547381691,0.990535691749098
"virus_comp_36_cycle_2_7","fixed","cond",NA,"Age.at.Gluten.Introduction..months.",0.228334550823207,0.130315180186765,1.75217154667601,0.0797443146590007,-0.0270785089816993,0.483747610628113,0.5212200923141
"virus_comp_36_cycle_2_7","fixed","cond",NA,"HLA.CategoryHigh Risk",0.807939326369579,0.639013789539667,1.26435350785091,0.206103172178614,-0.444504686752626,2.06038333949178,0.790990552685492
"virus_comp_36_cycle_2_7","fixed","cond",NA,"HLA.CategoryLow/No Risk",-4.41221721516884,3.77940148584537,-1.16743808026046,0.243033500313016,-11.8197080105429,2.99527358020524,0.999989527982172
"virus_comp_36_cycle_2_7","fixed","cond",NA,"feeding_first_yearFormula",-0.0691733774638834,0.91133582173061,-0.0759032793559288,0.939496047839847,-1.85535876587709,1.71701201094933,0.999985531355603
"virus_comp_36_cycle_2_7","fixed","cond",NA,"feeding_first_yearBreastmilk_and_formula",0.643693851671744,0.653480718716449,0.985023480013416,0.324612537714009,-0.637104821603844,1.92449252494733,0.869716610479042
"virus_comp_36_cycle_2_7","fixed","cond",NA,"Delivery.ModeC-Section",3.80297698705726,3.29709488804264,1.15343267821902,0.248732835081344,-2.65921024711743,10.265164221232,0.999999650716233
"virus_comp_36_cycle_2_7","fixed","cond",NA,"Dx.StatusCELIAC:onset_timeline_combinedt0-6",-4.64909488722468,84333.2345719469,-5.51276719175098e-05,0.999956014481726,-165294.751555671,165285.453365897,0.999999878775183
"virus_comp_36_cycle_2_7","fixed","cond",NA,"Dx.StatusCELIAC:onset_timeline_combinedt0-12",-1.2035224014511,1.70554586919459,-0.705652321165327,0.480404378235039,-4.54633087905355,2.13928607615136,0.999997398262547
"virus_comp_36_cycle_2_7","fixed","cond",NA,"Dx.StatusCELIAC:onset_timeline_combinedt0-18",-2.00318738780676,1.4424205205985,-1.38876794887498,0.164903324415956,-4.83027965874132,0.823904883127808,0.980494895288232
"virus_comp_36_cycle_2_7","fixed","cond",NA,"Dx.StatusCELIAC:onset_timeline_combinedt0-24",-29.0956901831548,622319.243842283,-4.67536404683777e-05,0.999962695992123,-1219752.40050726,1219694.20912689,0.999998617618745
"virus_comp_36_cycle_2_7","fixed","cond",NA,"Dx.StatusCELIAC:onset_timeline_combinedt0-30",-1.71056029195941,1.54948790332245,-1.10395201426974,0.269613953874838,-4.74750077695189,1.32638019303306,0.999999714796086
"virus_comp_36_cycle_2_7","fixed","cond",NA,"Dx.StatusCELIAC:onset_timeline_combinedt0-36",-3.32418845310053,1.49802289355146,-2.21905050143771,0.0264832889945052,-6.26025937247786,-0.388117533723196,0.564799990538503
"virus_comp_36_cycle_2_7","fixed","cond",NA,"Dx.StatusCELIAC:onset_timeline_combinedt0-over42",-3.14273358697291,1.58843229537501,-1.97851277396179,0.0478708889770883,-6.25600367778822,-0.029463496157589,0.999996861415992
"virus_comp_36_cycle_2_80","fixed","cond",NA,"(Intercept)",-5.926630383055,1.99222032068594,-2.97488702505274,0.00293096468953469,-9.83131046086828,-2.02195030524173,0.0198189040911393
"virus_comp_36_cycle_2_80","fixed","cond",NA,"Dx.StatusCELIAC",-0.359630719713278,1.51980908186393,-0.236628879248582,0.812944713978677,-3.33840178354347,2.61914034411691,0.999986353446738
"virus_comp_36_cycle_2_80","fixed","cond",NA,"onset_timeline_combinedt0-6",-18.2555149220404,14946.4427006391,-0.00122139530373069,0.999025467786818,-29312.7449051662,29276.2338753222,0.999999447029537
"virus_comp_36_cycle_2_80","fixed","cond",NA,"onset_timeline_combinedt0-12",0.428973478974339,1.45066381945975,0.295708401367655,0.767452780622489,-2.41427536084208,3.27222231879076,0.99998627227119
"virus_comp_36_cycle_2_80","fixed","cond",NA,"onset_timeline_combinedt0-18",1.07413323837058,1.470131482643,0.730637532120262,0.465000580714291,-1.80727152014817,3.95553799688934,0.999997145165192
"virus_comp_36_cycle_2_80","fixed","cond",NA,"onset_timeline_combinedt0-24",1.94543828907672,1.22038089432572,1.59412384946554,0.110908298140751,-0.446464311222481,4.33734088937591,0.99999582928833
"virus_comp_36_cycle_2_80","fixed","cond",NA,"onset_timeline_combinedt0-30",0.738604250368982,1.45098120302194,0.509037779973098,0.610725742844867,-2.10526664979861,3.58247515053658,0.999987296772671
"virus_comp_36_cycle_2_80","fixed","cond",NA,"onset_timeline_combinedt0-36",2.44683857777081,1.21139470421424,2.01985246365917,0.043398693340521,0.0725485864483453,4.82112856909328,0.391284665407418
"virus_comp_36_cycle_2_80","fixed","cond",NA,"onset_timeline_combinedt0-over42",1.63277719840947,1.30668420017504,1.24955761934732,0.211461192860566,-0.928276773101127,4.19383116992007,0.999994751597901
"virus_comp_36_cycle_2_80","fixed","cond",NA,"SexMale",-1.52520132278299,1.08699004809486,-1.40314193810346,0.16057451742706,-3.65566266860236,0.60526002303639,0.990535691749098
"virus_comp_36_cycle_2_80","fixed","cond",NA,"Age.at.Gluten.Introduction..months.",0.18878066007441,0.161366425872611,1.16988809198414,0.24204600660699,-0.12749172294986,0.50505304309868,0.572842215636544
"virus_comp_36_cycle_2_80","fixed","cond",NA,"HLA.CategoryHigh Risk",2.46139127366633,0.92630240517713,2.65722215543169,0.00787875049917121,0.645871920726326,4.27691062660633,0.12514190781631
"virus_comp_36_cycle_2_80","fixed","cond",NA,"HLA.CategoryLow/No Risk",-1.70699169883771,4.42948888640511,-0.385369902174666,0.699963378430982,-10.3886303861122,6.97464698843674,0.999989527982172
"virus_comp_36_cycle_2_80","fixed","cond",NA,"feeding_first_yearFormula",-0.147984550060084,0.98872832336194,-0.149671599936469,0.881023715711115,-2.08585645434416,1.78988735422399,0.999985531355603
"virus_comp_36_cycle_2_80","fixed","cond",NA,"feeding_first_yearBreastmilk_and_formula",0.13440624306621,0.916442695893008,0.146660826332672,0.8833997402317,-1.66178843477888,1.9306009209113,0.985514397911488
"virus_comp_36_cycle_2_80","fixed","cond",NA,"Delivery.ModeC-Section",1.63481081325354,3.74910374538434,0.436053767588112,0.662797719502928,-5.71329750200399,8.98291912851107,0.999999650716233
"virus_comp_36_cycle_2_80","fixed","cond",NA,"Dx.StatusCELIAC:onset_timeline_combinedt0-6",-1.09488976306635,47474.674221599,-2.30626071904295e-05,0.999981598701792,-93049.7465418693,93047.5567623431,0.999999878775183
"virus_comp_36_cycle_2_80","fixed","cond",NA,"Dx.StatusCELIAC:onset_timeline_combinedt0-12",-0.432696906533854,2.06079991604226,-0.209965510560017,0.833694591580223,-4.47179052131984,3.60639670825214,0.999997398262547
"virus_comp_36_cycle_2_80","fixed","cond",NA,"Dx.StatusCELIAC:onset_timeline_combinedt0-18",-27.1586865265177,736180.754510402,-3.68913291472549e-05,0.999970564978053,-1442914.92363844,1442860.60626538,0.999999861216808
"virus_comp_36_cycle_2_80","fixed","cond",NA,"Dx.StatusCELIAC:onset_timeline_combinedt0-24",-28.587252888646,588239.4277213,-4.85979884065002e-05,0.99996122441538,-1152956.67987309,1152899.50536731,0.999998617618745
"virus_comp_36_cycle_2_80","fixed","cond",NA,"Dx.StatusCELIAC:onset_timeline_combinedt0-30",-27.9903579082289,1061280.61403252,-2.63741347369708e-05,0.999978956485091,-2080099.7713522,2080043.79063639,0.999999714796086
"virus_comp_36_cycle_2_80","fixed","cond",NA,"Dx.StatusCELIAC:onset_timeline_combinedt0-36",-2.418857043088,1.89384550008977,-1.27721983814062,0.201524645096284,-6.1307260155472,1.2930119293712,0.986775848402495
"virus_comp_36_cycle_2_80","fixed","cond",NA,"Dx.StatusCELIAC:onset_timeline_combinedt0-over42",-29.3987772282636,638966.947780055,-4.60098559564043e-05,0.9999632894463,-1252381.60373762,1252322.80618316,0.999996861415992
"virus_comp_36_cycle_2_82","fixed","cond",NA,"(Intercept)",-4.94020500129109,2.35283538274567,-2.09968153212914,0.0357568652194565,-9.55167761302412,-0.328732389558054,0.0764128044427288
"virus_comp_36_cycle_2_82","fixed","cond",NA,"Dx.StatusCELIAC",-0.8437336936427,1.41360076226487,-0.596868448408919,0.550595214066868,-3.61434027620022,1.92687288891482,0.999986353446738
"virus_comp_36_cycle_2_82","fixed","cond",NA,"onset_timeline_combinedt0-6",-23.692807790751,180474.243855368,-0.000131280825920725,0.999895253056169,-353746.710901412,353699.32528583,0.999999447029537
"virus_comp_36_cycle_2_82","fixed","cond",NA,"onset_timeline_combinedt0-12",-0.540633070055373,1.26423761973549,-0.427635645084258,0.668916410247189,-3.01849327263758,1.93722713252683,0.99998627227119
"virus_comp_36_cycle_2_82","fixed","cond",NA,"onset_timeline_combinedt0-18",0.571863200208444,1.31963020805787,0.433351098449064,0.664759721055756,-2.01456448049607,3.15829088091296,0.999997145165192
"virus_comp_36_cycle_2_82","fixed","cond",NA,"onset_timeline_combinedt0-24",0.805840404247132,0.996041481832079,0.809043015723503,0.418490403920323,-1.14636502725165,2.75804583574591,0.99999582928833
"virus_comp_36_cycle_2_82","fixed","cond",NA,"onset_timeline_combinedt0-30",-19.7561316515539,16148.177420058,-0.00122342795336236,0.999023845968272,-31669.6022909281,31630.090027625,0.999987296772671
"virus_comp_36_cycle_2_82","fixed","cond",NA,"onset_timeline_combinedt0-36",1.91966590679394,0.98036541754768,1.95811263069219,0.0502167979832927,-0.00181500328808815,3.84114681687596,0.391284665407418
"virus_comp_36_cycle_2_82","fixed","cond",NA,"onset_timeline_combinedt0-over42",-0.272935117069038,1.15928029944892,-0.235434965295953,0.813871150271263,-2.54508275197573,1.99921251783766,0.999994751597901
"virus_comp_36_cycle_2_82","fixed","cond",NA,"SexMale",-1.0753756719222,1.21664232788046,-0.883888097001879,0.376756623310915,-3.45995081663488,1.30919947279048,0.990535691749098
"virus_comp_36_cycle_2_82","fixed","cond",NA,"Age.at.Gluten.Introduction..months.",0.194393527890637,0.218379790692563,0.890162625736309,0.373378569723533,-0.233622996818181,0.622410052599455,0.72108274525109
"virus_comp_36_cycle_2_82","fixed","cond",NA,"HLA.CategoryHigh Risk",1.87345752115846,0.951654910448444,1.9686311714355,0.0489954603460351,0.00824817096882247,3.7386668713481,0.302493711701608
"virus_comp_36_cycle_2_82","fixed","cond",NA,"HLA.CategoryLow/No Risk",-28.531298290766,332948.900407561,-8.56927241863271e-05,0.999931627098482,-652596.384789324,652539.322192742,0.999989527982172
"virus_comp_36_cycle_2_82","fixed","cond",NA,"feeding_first_yearFormula",-0.85799775395358,1.27926592177229,-0.670695388152694,0.502414601417576,-3.3653128872767,1.64931737936954,0.999985531355603
"virus_comp_36_cycle_2_82","fixed","cond",NA,"feeding_first_yearBreastmilk_and_formula",0.0186923028922221,0.932937930337262,0.0200359555382905,0.984014689944738,-1.80983244038015,1.84721704616459,0.999873453234146
"virus_comp_36_cycle_2_82","fixed","cond",NA,"Delivery.ModeC-Section",28.7534141569403,332948.900392077,8.63598411740679e-05,0.99993109481614,-652539.100046527,652596.606874841,0.999999650716233
"virus_comp_36_cycle_2_82","fixed","cond",NA,"Dx.StatusCELIAC:onset_timeline_combinedt0-6",-2.65739610041191,1372185.6155167,-1.93661562281518e-06,0.999998454804294,-2689437.04391277,2689431.72912057,0.999999878775183
"virus_comp_36_cycle_2_82","fixed","cond",NA,"Dx.StatusCELIAC:onset_timeline_combinedt0-12",0.914729830326654,1.93283041861418,0.473259227254147,0.636028247225584,-2.8735481783806,4.70300783903391,0.999997398262547
"virus_comp_36_cycle_2_82","fixed","cond",NA,"Dx.StatusCELIAC:onset_timeline_combinedt0-18",-23.526958987992,125351.695129617,-0.000187687601381573,0.999850246961483,-245708.334814082,245661.280896106,0.999999861216808
"virus_comp_36_cycle_2_82","fixed","cond",NA,"Dx.StatusCELIAC:onset_timeline_combinedt0-24",-25.3947862183215,233949.916858734,-0.000108547960004857,0.999913391258776,-458558.806015478,458508.016443041,0.999998617618745
"virus_comp_36_cycle_2_82","fixed","cond",NA,"Dx.StatusCELIAC:onset_timeline_combinedt0-30",-1.57036068873945,50394.5530120999,-3.11613179377224e-05,0.999975136865527,-98773.079281399,98769.9385600216,0.999999714796086
"virus_comp_36_cycle_2_82","fixed","cond",NA,"Dx.StatusCELIAC:onset_timeline_combinedt0-36",-1.47101438926283,1.73998497151861,-0.845417870465262,0.397877570329766,-4.88132226708026,1.93929348855461,0.999999153356744
"virus_comp_36_cycle_2_82","fixed","cond",NA,"Dx.StatusCELIAC:onset_timeline_combinedt0-over42",-20.4343161598244,34058.5531988229,-0.000599976048322882,0.999521288402912,-66773.9719513941,66733.1033190744,0.999996861415992
"virus_comp_36_cycle_2_83","fixed","cond",NA,"(Intercept)",-4.77112071646418,1.41730362923002,-3.36633634322675,0.000761737671795256,-7.54898478491293,-1.99325664801544,0.0120185277105474
"virus_comp_36_cycle_2_83","fixed","cond",NA,"Dx.StatusCELIAC",-0.316173683583114,1.08900031048763,-0.290333878271841,0.77156082336478,-2.45057507129181,1.81822770412558,0.999986353446738
"virus_comp_36_cycle_2_83","fixed","cond",NA,"onset_timeline_combinedt0-6",-18.7210816339676,13839.584124196,-0.00135271995646439,0.998920685960811,-27143.8075260703,27106.3653628024,0.999999447029537
"virus_comp_36_cycle_2_83","fixed","cond",NA,"onset_timeline_combinedt0-12",-0.494680772329047,1.23629092053278,-0.400132981738526,0.689058572977601,-2.91776645098716,1.92840490632906,0.99998627227119
"virus_comp_36_cycle_2_83","fixed","cond",NA,"onset_timeline_combinedt0-18",0.537659161681519,1.27848538382482,0.42054384702703,0.674088205049553,-1.968126145376,3.04344446873903,0.999997145165192
"virus_comp_36_cycle_2_83","fixed","cond",NA,"onset_timeline_combinedt0-24",0.970659176817357,0.946944533400115,1.02504332891821,0.305342743568716,-0.885318004003953,2.82663635763867,0.99999582928833
"virus_comp_36_cycle_2_83","fixed","cond",NA,"onset_timeline_combinedt0-30",0.678166492935373,1.03141762186998,0.65750912002632,0.510853608778254,-1.34337489894975,2.69970788482049,0.999987296772671
"virus_comp_36_cycle_2_83","fixed","cond",NA,"onset_timeline_combinedt0-36",1.85422323663573,0.902661838909479,2.05417262224782,0.0399589871952353,0.085038542154453,3.623407931117,0.391284665407418
"virus_comp_36_cycle_2_83","fixed","cond",NA,"onset_timeline_combinedt0-over42",0.441944647827695,1.00042378444833,0.441757437895582,0.658664740851466,-1.51884993896829,2.40273923462368,0.999994751597901
"virus_comp_36_cycle_2_83","fixed","cond",NA,"SexMale",-0.590091398239032,0.748592622536032,-0.788267717947793,0.430540126183339,-2.05730597750204,0.877123181023978,0.990535691749098
"virus_comp_36_cycle_2_83","fixed","cond",NA,"Age.at.Gluten.Introduction..months.",0.156393683613097,0.105405783299235,1.4837296277104,0.137880662933076,-0.0501978554156375,0.362985222641831,0.5212200923141
"virus_comp_36_cycle_2_83","fixed","cond",NA,"HLA.CategoryHigh Risk",1.80765827460733,0.732144218751174,2.46899207602932,0.0135494218775311,0.37268197436581,3.24263457484884,0.18372200701846
"virus_comp_36_cycle_2_83","fixed","cond",NA,"HLA.CategoryLow/No Risk",-1.99202346646251,2.94914287114991,-0.675458447927208,0.499384542291098,-7.77223727917939,3.78819034625437,0.999989527982172
"virus_comp_36_cycle_2_83","fixed","cond",NA,"feeding_first_yearFormula",0.0304617435227422,0.913561051313922,0.0333439604051977,0.973400297900095,-1.76008501473109,1.82100850177658,0.999985531355603
"virus_comp_36_cycle_2_83","fixed","cond",NA,"feeding_first_yearBreastmilk_and_formula",0.921813567117347,0.685501888156521,1.34472797674756,0.178713096500496,-0.421745445003637,2.26537257923833,0.836964856897864
"virus_comp_36_cycle_2_83","fixed","cond",NA,"Delivery.ModeC-Section",1.55510239252806,2.59457726948353,0.599366382654549,0.5489285895267,-3.53017561076593,6.64038039582205,0.999999650716233
"virus_comp_36_cycle_2_83","fixed","cond",NA,"Dx.StatusCELIAC:onset_timeline_combinedt0-6",-2.31401110652485,61052.6378151784,-3.79019021836525e-05,0.99996975865743,-119663.285290024,119658.657267811,0.999999878775183
"virus_comp_36_cycle_2_83","fixed","cond",NA,"Dx.StatusCELIAC:onset_timeline_combinedt0-12",0.502836139672285,1.61437043976399,0.311475066246752,0.755439495063797,-2.66127177997121,3.66694405931578,0.999997398262547
"virus_comp_36_cycle_2_83","fixed","cond",NA,"Dx.StatusCELIAC:onset_timeline_combinedt0-18",-25.3331707278729,290423.410906709,-8.72284043795992e-05,0.99993040180297,-569244.758815155,569194.092473699,0.999999861216808
"virus_comp_36_cycle_2_83","fixed","cond",NA,"Dx.StatusCELIAC:onset_timeline_combinedt0-24",-26.2296268949719,212469.231654673,-0.000123451413132622,0.999901500023702,-416458.271492952,416405.812239162,0.999998617618745
"virus_comp_36_cycle_2_83","fixed","cond",NA,"Dx.StatusCELIAC:onset_timeline_combinedt0-30",-25.5161150889937,217094.191764951,-0.000117534766276106,0.999906220824847,-425522.313227225,425471.280997047,0.999999714796086
"virus_comp_36_cycle_2_83","fixed","cond",NA,"Dx.StatusCELIAC:onset_timeline_combinedt0-36",-2.51359793537209,1.54534461059794,-1.62656142722723,0.103830277190912,-5.54241771584713,0.515221845102949,0.745777616304669
"virus_comp_36_cycle_2_83","fixed","cond",NA,"Dx.StatusCELIAC:onset_timeline_combinedt0-over42",-2.02426781431253,1.6672693956436,-1.21412161681953,0.224701286433688,-5.29205578229986,1.24352015367479,0.999996861415992
"virus_comp_36_cycle_2_86","fixed","cond",NA,"(Intercept)",-5.7097906076058,1.90762217362038,-2.99314543863237,0.00276118132934807,-9.44866136401175,-1.97091985119984,0.0196043874383713
"virus_comp_36_cycle_2_86","fixed","cond",NA,"Dx.StatusCELIAC",0.504542205725396,0.949586713774333,0.531328206688978,0.595191362342691,-1.35661355347004,2.36569796492083,0.999986353446738
"virus_comp_36_cycle_2_86","fixed","cond",NA,"onset_timeline_combinedt0-6",-19.8092261972365,19569.7335758004,-0.00101223790914212,0.999192351138359,-38375.7822218103,38336.1637694159,0.999999447029537
"virus_comp_36_cycle_2_86","fixed","cond",NA,"onset_timeline_combinedt0-12",-21.1822160678214,23121.5798247133,-0.000916123215991535,0.999269039532414,-45338.6459381739,45296.2815060382,0.99998627227119
"virus_comp_36_cycle_2_86","fixed","cond",NA,"onset_timeline_combinedt0-18",2.05551747513738,1.08578784374342,1.89311151988096,0.0583430405149235,-0.072587593451126,4.18362254372588,0.768724300903059
"virus_comp_36_cycle_2_86","fixed","cond",NA,"onset_timeline_combinedt0-24",-0.143988742760131,0.975059942757909,-0.147671682986859,0.882601880286124,-2.05507111333332,1.76709362781306,0.99999582928833
"virus_comp_36_cycle_2_86","fixed","cond",NA,"onset_timeline_combinedt0-30",0.832506737473318,0.892412505926678,0.932872110088648,0.350886003927943,-0.916589633496107,2.58160310844274,0.958188703033998
"virus_comp_36_cycle_2_86","fixed","cond",NA,"onset_timeline_combinedt0-36",1.44704573734657,0.84642897283681,1.70958908991122,0.0873418845291932,-0.211924564884804,3.10601603957795,0.396026913744603
"virus_comp_36_cycle_2_86","fixed","cond",NA,"onset_timeline_combinedt0-over42",-0.324256650320124,0.959684734514443,-0.337878303841295,0.735454898072872,-2.20520416648132,1.55669086584107,0.999994751597901
"virus_comp_36_cycle_2_86","fixed","cond",NA,"SexMale",-0.36814647479877,0.813877255734205,-0.452336605065419,0.651026509313794,-1.96331658387411,1.22702363427657,0.990535691749098
"virus_comp_36_cycle_2_86","fixed","cond",NA,"Age.at.Gluten.Introduction..months.",0.307641509352763,0.163521660303078,1.88135020634311,0.0599242955820111,-0.0128550555334618,0.628138074238989,0.5212200923141
"virus_comp_36_cycle_2_86","fixed","cond",NA,"HLA.CategoryHigh Risk",1.56559675119983,0.726219455028888,2.15581769444273,0.0310979032539375,0.142232774470905,2.98896072792876,0.225907621355097
"virus_comp_36_cycle_2_86","fixed","cond",NA,"HLA.CategoryLow/No Risk",-6.10234436261545,4.63902558583866,-1.31543666869262,0.188363188670829,-15.194667434219,2.98997870898815,0.999989527982172
"virus_comp_36_cycle_2_86","fixed","cond",NA,"feeding_first_yearFormula",0.186708415046349,0.975500892038795,0.191397482636975,0.848214192174627,-1.72523820023638,2.09865503032908,0.999985531355603
"virus_comp_36_cycle_2_86","fixed","cond",NA,"feeding_first_yearBreastmilk_and_formula",0.580840907379914,0.724473885157167,0.801741676656718,0.422702402328843,-0.83910181526794,2.00078363002777,0.926414423105642
"virus_comp_36_cycle_2_86","fixed","cond",NA,"Delivery.ModeC-Section",5.35432539772779,4.05069027710391,1.32183036259092,0.186224645346538,-2.58488165792245,13.293532453378,0.999999650716233
"virus_comp_36_cycle_2_86","fixed","cond",NA,"Dx.StatusCELIAC:onset_timeline_combinedt0-6",-1.21237512333142,51093.6880568492,-2.37284715478452e-05,0.999981067418902,-100143.000803872,100140.576053625,0.999999878775183
"virus_comp_36_cycle_2_86","fixed","cond",NA,"Dx.StatusCELIAC:onset_timeline_combinedt0-12",19.539854129354,23121.5798542933,0.000845091652581249,0.999325714498202,-45297.9239259524,45337.0036342111,0.999997398262547
"virus_comp_36_cycle_2_86","fixed","cond",NA,"Dx.StatusCELIAC:onset_timeline_combinedt0-18",-28.3157390256999,363083.534431544,-7.79868441845815e-05,0.999937775501142,-711658.96660436,711602.335126308,0.999999861216808
"virus_comp_36_cycle_2_86","fixed","cond",NA,"Dx.StatusCELIAC:onset_timeline_combinedt0-24",-24.9007310087797,119062.998801273,-0.000209139121805098,0.999833131124868,-233384.09027284,233334.288810823,0.999998617618745
"virus_comp_36_cycle_2_86","fixed","cond",NA,"Dx.StatusCELIAC:onset_timeline_combinedt0-30",-26.3979289484368,188962.336327633,-0.000139699420855311,0.999888535989309,-370385.771565654,370332.975707757,0.999999714796086
"virus_comp_36_cycle_2_86","fixed","cond",NA,"Dx.StatusCELIAC:onset_timeline_combinedt0-36",-3.03177173154908,1.44873637683512,-2.09270077015132,0.0363758744739931,-5.87124285323896,-0.1923006098592,0.564799990538503
"virus_comp_36_cycle_2_86","fixed","cond",NA,"Dx.StatusCELIAC:onset_timeline_combinedt0-over42",-0.924791632745556,1.35091971095918,-0.684564467631412,0.493618795411679,-3.57254561223082,1.7229623467397,0.999996861415992
"virus_comp_36_cycle_2_87","fixed","cond",NA,"(Intercept)",-4.74519237436964,1.27107636271342,-3.73320794373038,0.000189056385069557,-7.2364562668881,-2.25392848185117,0.00909501633851248
"virus_comp_36_cycle_2_87","fixed","cond",NA,"Dx.StatusCELIAC",0.258980206310584,0.96955195357321,0.267113283982495,0.789381939943835,-1.64130670383336,2.15926711645453,0.999986353446738
"virus_comp_36_cycle_2_87","fixed","cond",NA,"onset_timeline_combinedt0-6",-19.27417567887,16035.0774007305,-0.0012020007884709,0.999040942359748,-31447.4483704228,31408.900019065,0.999999447029537
"virus_comp_36_cycle_2_87","fixed","cond",NA,"onset_timeline_combinedt0-12",-0.492816016727824,1.23376908897821,-0.399439426007962,0.689569448377135,-2.91095899636392,1.92532696290827,0.99998627227119
"virus_comp_36_cycle_2_87","fixed","cond",NA,"onset_timeline_combinedt0-18",1.34591916142871,1.05835415752013,1.27170961805677,0.203476312001314,-0.728416870198966,3.42025519305639,0.999997145165192
"virus_comp_36_cycle_2_87","fixed","cond",NA,"onset_timeline_combinedt0-24",0.929343984871184,0.939376055656171,0.98932049553043,0.32250635940571,-0.911799252154204,2.77048722189657,0.99999582928833
"virus_comp_36_cycle_2_87","fixed","cond",NA,"onset_timeline_combinedt0-30",1.21607150536566,0.947859682639978,1.28296574655297,0.199504076877195,-0.641699335006265,3.07384234573758,0.765753499201465
"virus_comp_36_cycle_2_87","fixed","cond",NA,"onset_timeline_combinedt0-36",1.45948628282917,0.902367858184228,1.61739613129173,0.105792800299497,-0.309122220018461,3.2280947856768,0.396026913744603
"virus_comp_36_cycle_2_87","fixed","cond",NA,"onset_timeline_combinedt0-over42",0.0390945809474173,1.08262598171374,0.0361108837287765,0.97119394402847,-2.08281335193883,2.16100251383366,0.999994751597901
"virus_comp_36_cycle_2_87","fixed","cond",NA,"SexMale",0.121957067426257,0.606128047364161,0.201206771335868,0.84053689700815,-1.06603207542709,1.3099462102796,0.994111673083809
"virus_comp_36_cycle_2_87","fixed","cond",NA,"Age.at.Gluten.Introduction..months.",0.173159231761507,0.0861420638022576,2.01015884828346,0.0444143792856283,0.00432388915513049,0.341994574367883,0.5212200923141
"virus_comp_36_cycle_2_87","fixed","cond",NA,"HLA.CategoryHigh Risk",1.6174078910765,0.604086547243933,2.67744398291223,0.00741862565889364,0.433420014933233,2.80139576721976,0.12514190781631
"virus_comp_36_cycle_2_87","fixed","cond",NA,"HLA.CategoryLow/No Risk",-2.09265696058671,2.38782302137983,-0.876386960779635,0.380819704459957,-6.77270408394679,2.58739016277336,0.999989527982172
"virus_comp_36_cycle_2_87","fixed","cond",NA,"feeding_first_yearFormula",0.0487382806113931,0.81048296817396,0.0601348609720965,0.952048225151247,-1.53977914709269,1.63725570831548,0.999985531355603
"virus_comp_36_cycle_2_87","fixed","cond",NA,"feeding_first_yearBreastmilk_and_formula",0.558912433945941,0.615345138350998,0.908290972191175,0.363724510959541,-0.647141875283832,1.76496674317571,0.906556345479326
"virus_comp_36_cycle_2_87","fixed","cond",NA,"Delivery.ModeC-Section",1.65021633374953,2.1916046127,0.752971737779154,0.451466897494398,-2.64524977549433,5.94568244299339,0.999999650716233
"virus_comp_36_cycle_2_87","fixed","cond",NA,"Dx.StatusCELIAC:onset_timeline_combinedt0-6",-1.98034153683767,60710.4990964122,-3.26194244210176e-05,0.999973973464877,-118992.372053956,118988.411370882,0.999999878775183
"virus_comp_36_cycle_2_87","fixed","cond",NA,"Dx.StatusCELIAC:onset_timeline_combinedt0-12",-0.769301745012145,1.71221652830147,-0.449301669675678,0.653214053481848,-4.12518447421724,2.58658098419295,0.999997398262547
"virus_comp_36_cycle_2_87","fixed","cond",NA,"Dx.StatusCELIAC:onset_timeline_combinedt0-18",-28.7416290280437,918097.292499694,-3.13056462129293e-05,0.999975021708225,-1799466.36923216,1799408.88597411,0.999999861216808
"virus_comp_36_cycle_2_87","fixed","cond",NA,"Dx.StatusCELIAC:onset_timeline_combinedt0-24",-28.2970617652263,473558.351707811,-5.97541182901275e-05,0.9999523231116,-928185.610987226,928129.016863695,0.999998617618745
"virus_comp_36_cycle_2_87","fixed","cond",NA,"Dx.StatusCELIAC:onset_timeline_combinedt0-30",-28.5064282591864,599404.891974288,-4.75578838959647e-05,0.999962054298709,-1174840.50685498,1174783.49399847,0.999999714796086
"virus_comp_36_cycle_2_87","fixed","cond",NA,"Dx.StatusCELIAC:onset_timeline_combinedt0-36",-2.65270260678782,1.50015167415024,-1.7682896019767,0.0770125013213088,-5.59294585946976,0.28754064589413,0.695384625152114
"virus_comp_36_cycle_2_87","fixed","cond",NA,"Dx.StatusCELIAC:onset_timeline_combinedt0-over42",-2.23003266602524,1.67056911288061,-1.33489398842047,0.181911045602142,-5.50428796095626,1.04422262890578,0.999996861415992
"virus_comp_36_cycle_2_88","fixed","cond",NA,"(Intercept)",-4.97113862472325,1.68949096920508,-2.94238839705797,0.00325691156576128,-8.28248007657087,-1.65979717287563,0.021021883742641
"virus_comp_36_cycle_2_88","fixed","cond",NA,"Dx.StatusCELIAC",-1.22049495546618,1.41667948714063,-0.86151805439745,0.388952781839819,-3.99713572789849,1.55614581696614,0.999986353446738
"virus_comp_36_cycle_2_88","fixed","cond",NA,"onset_timeline_combinedt0-6",-19.2541330250362,19492.4263885064,-0.000987775079473394,0.999211869642705,-38223.7078257957,38185.1995597456,0.999999447029537
"virus_comp_36_cycle_2_88","fixed","cond",NA,"onset_timeline_combinedt0-12",-0.452464873299618,1.25293368367079,-0.361124358931756,0.718006484429422,-2.90816976831147,2.00324002171223,0.99998627227119
"virus_comp_36_cycle_2_88","fixed","cond",NA,"onset_timeline_combinedt0-18",1.53710397573952,1.17476170733877,1.30843895075673,0.190724468558347,-0.765386661061244,3.83959461254028,0.999997145165192
"virus_comp_36_cycle_2_88","fixed","cond",NA,"onset_timeline_combinedt0-24",1.12294405046383,0.992741410215638,1.13115463796348,0.257990010775752,-0.822793359520328,3.06868146044798,0.99999582928833
"virus_comp_36_cycle_2_88","fixed","cond",NA,"onset_timeline_combinedt0-30",-0.075813098255433,1.26482377120186,-0.0599396532399088,0.952203697935351,-2.5548221366012,2.40319594009033,0.999987296772671
"virus_comp_36_cycle_2_88","fixed","cond",NA,"onset_timeline_combinedt0-36",2.00068986718669,0.967687097939331,2.06749668508251,0.0386873762378128,0.104058006921514,3.89732172745186,0.391284665407418
"virus_comp_36_cycle_2_88","fixed","cond",NA,"onset_timeline_combinedt0-over42",-0.468801108886549,1.36721535696872,-0.342887538892144,0.731683066637524,-3.14849396765532,2.21089174988222,0.999994751597901
"virus_comp_36_cycle_2_88","fixed","cond",NA,"SexMale",-1.61116884347031,1.135928007653,-1.41837231991422,0.156082092558883,-3.83754682750052,0.615209140559898,0.990535691749098
"virus_comp_36_cycle_2_88","fixed","cond",NA,"Age.at.Gluten.Introduction..months.",0.188848726015321,0.137504753082431,1.3733978046716,0.169628711888471,-0.0806556377293164,0.458353089759959,0.5212200923141
"virus_comp_36_cycle_2_88","fixed","cond",NA,"HLA.CategoryHigh Risk",2.07168634872478,0.940890050014338,2.20183681259379,0.027676837699418,0.227575737284586,3.91579696016497,0.225907621355097
"virus_comp_36_cycle_2_88","fixed","cond",NA,"HLA.CategoryLow/No Risk",-1.50085984308237,3.74646256001052,-0.40060719119482,0.688709350339119,-8.84379153013072,5.84207184396598,0.999989527982172
"virus_comp_36_cycle_2_88","fixed","cond",NA,"feeding_first_yearFormula",0.0372602605293229,1.06483076402354,0.0349917205514729,0.972086342874628,-2.04976968658707,2.12429020764572,0.999985531355603
"virus_comp_36_cycle_2_88","fixed","cond",NA,"feeding_first_yearBreastmilk_and_formula",-0.0117949306894894,0.947274793484958,-0.0124514351808061,0.990065448815946,-1.86841940938262,1.84482954800365,0.999873453234146
"virus_comp_36_cycle_2_88","fixed","cond",NA,"Delivery.ModeC-Section",1.19513745210378,3.29291730964332,0.362941835376131,0.716648334380066,-5.25886187886565,7.6491367830732,0.999999650716233
"virus_comp_36_cycle_2_88","fixed","cond",NA,"Dx.StatusCELIAC:onset_timeline_combinedt0-6",-1.21591720804549,89661.9358233321,-1.3561130449395e-05,0.999989179783388,-175735.380915081,175732.949080665,0.999999878775183
"virus_comp_36_cycle_2_88","fixed","cond",NA,"Dx.StatusCELIAC:onset_timeline_combinedt0-12",0.416329696902203,1.93840612720144,0.21477939584481,0.829939317754645,-3.38287649982438,4.21553589362879,0.999997398262547
"virus_comp_36_cycle_2_88","fixed","cond",NA,"Dx.StatusCELIAC:onset_timeline_combinedt0-18",-23.0976289910748,70032.8063622738,-0.000329811558194494,0.999736848454513,-137284.875835315,137238.680577333,0.999999861216808
"virus_comp_36_cycle_2_88","fixed","cond",NA,"Dx.StatusCELIAC:onset_timeline_combinedt0-24",-24.2053889775421,95719.0918259359,-0.000252879425784349,0.999798231412572,-187630.178000694,187581.767222739,0.999998617618745
"virus_comp_36_cycle_2_88","fixed","cond",NA,"Dx.StatusCELIAC:onset_timeline_combinedt0-30",-20.3408226120574,34673.8905405275,-0.000586632255422353,0.999531935207376,-67979.91748593,67939.2358407059,0.999999714796086
"virus_comp_36_cycle_2_88","fixed","cond",NA,"Dx.StatusCELIAC:onset_timeline_combinedt0-36",-2.00272869992651,1.75829148417069,-1.13901973475752,0.254694923108309,-5.44891668322454,1.44345928337153,0.999999153356744
"virus_comp_36_cycle_2_88","fixed","cond",NA,"Dx.StatusCELIAC:onset_timeline_combinedt0-over42",-0.557460008241163,2.10223733668733,-0.265174630148849,0.790874937722824,-4.67776947510372,3.5628494586214,0.999996861415992
"virus_comp_36_cycle_2_94","fixed","cond",NA,"(Intercept)",-5.25103051088661,1.85308230730909,-2.83367365290524,0.00460162987382932,-8.88300509360081,-1.61905592817242,0.0256806211593164
"virus_comp_36_cycle_2_94","fixed","cond",NA,"Dx.StatusCELIAC",0.535058901505693,1.07509217376599,0.497686537547204,0.618704998335728,-1.57208303913652,2.64220084214791,0.999986353446738
"virus_comp_36_cycle_2_94","fixed","cond",NA,"onset_timeline_combinedt0-6",-17.8951435515578,10241.1922491446,-0.00174736916525051,0.998605801830508,-20090.2631106258,20054.4728235226,0.999999447029537
"virus_comp_36_cycle_2_94","fixed","cond",NA,"onset_timeline_combinedt0-12",-0.512555749096556,1.24666466937808,-0.411141633902445,0.68096868292974,-2.95597360187613,1.93086210368302,0.99998627227119
"virus_comp_36_cycle_2_94","fixed","cond",NA,"onset_timeline_combinedt0-18",2.46207771096436,1.15873908007483,2.12479043237702,0.0336041035264589,0.190990846538613,4.73316457539011,0.768724300903059
"virus_comp_36_cycle_2_94","fixed","cond",NA,"onset_timeline_combinedt0-24",1.2658338286003,0.913937808278703,1.38503278574759,0.166042442511628,-0.525451359735427,3.05711901693603,0.99999582928833
"virus_comp_36_cycle_2_94","fixed","cond",NA,"onset_timeline_combinedt0-30",1.15883382986903,0.961595970983969,1.20511510534225,0.228158869247855,-0.72585964093837,3.04352730067643,0.765753499201465
"virus_comp_36_cycle_2_94","fixed","cond",NA,"onset_timeline_combinedt0-36",1.79610287999498,0.916794452803709,1.95911185380998,0.0500996888922513,-0.000781228726390415,3.59298698871636,0.391284665407418
"virus_comp_36_cycle_2_94","fixed","cond",NA,"onset_timeline_combinedt0-over42",0.431557932600213,0.981285240072892,0.439788468201312,0.660090320536106,-1.49172579650339,2.35484166170382,0.999994751597901
"virus_comp_36_cycle_2_94","fixed","cond",NA,"SexMale",-0.709046562135857,0.891558832862915,-0.795288584443736,0.426445652413056,-2.45646976464574,1.03837664037402,0.990535691749098
"virus_comp_36_cycle_2_94","fixed","cond",NA,"Age.at.Gluten.Introduction..months.",0.252803457512899,0.160738335497309,1.57276393792899,0.11577348873091,-0.0622378909967434,0.567844806022542,0.5212200923141
"virus_comp_36_cycle_2_94","fixed","cond",NA,"HLA.CategoryHigh Risk",1.03752507361417,0.720565566125215,1.43987601182968,0.149902480924803,-0.374757484490964,2.44980763171931,0.645034917918851
"virus_comp_36_cycle_2_94","fixed","cond",NA,"HLA.CategoryLow/No Risk",-5.28076212791165,4.61817703602336,-1.1434732983859,0.252842134828761,-14.3322227927474,3.77069853692407,0.999989527982172
"virus_comp_36_cycle_2_94","fixed","cond",NA,"feeding_first_yearFormula",-0.0924300896927579,1.03124377165386,-0.0896297192122895,0.928581466931956,-2.11363074141557,1.92877056203006,0.999985531355603
"virus_comp_36_cycle_2_94","fixed","cond",NA,"feeding_first_yearBreastmilk_and_formula",0.551749521559703,0.733155017027724,0.752568704769347,0.451709129413391,-0.885207906899486,1.98870695001889,0.9432749467162
"virus_comp_36_cycle_2_94","fixed","cond",NA,"Delivery.ModeC-Section",4.46075140981627,3.98699417184956,1.11882566603977,0.263214519879941,-3.35361357357996,12.2751163932125,0.999999650716233
"virus_comp_36_cycle_2_94","fixed","cond",NA,"Dx.StatusCELIAC:onset_timeline_combinedt0-6",-1.97334419829019,30997.5563768094,-6.36612826605432e-05,0.999949205645479,-60756.0674514945,60752.120763098,0.999999878775183
"virus_comp_36_cycle_2_94","fixed","cond",NA,"Dx.StatusCELIAC:onset_timeline_combinedt0-12",0.141950529502888,1.57110811680626,0.0903505799406374,0.92800862749287,-2.93736479525593,3.22126585426171,0.999997398262547
"virus_comp_36_cycle_2_94","fixed","cond",NA,"Dx.StatusCELIAC:onset_timeline_combinedt0-18",-29.995965904442,686292.170868093,-4.37072826672348e-05,0.999965126633976,-1345137.93373918,1345077.94180737,0.999999861216808
"virus_comp_36_cycle_2_94","fixed","cond",NA,"Dx.StatusCELIAC:onset_timeline_combinedt0-24",-27.0450297311052,212671.050626048,-0.00012716836471862,0.999898534325442,-416854.644811079,416800.554751616,0.999998617618745
"virus_comp_36_cycle_2_94","fixed","cond",NA,"Dx.StatusCELIAC:onset_timeline_combinedt0-30",-29.5150509609333,898463.495831008,-3.28505844676909e-05,0.999973789025845,-1760985.60830369,1760926.57820177,0.999999714796086
"virus_comp_36_cycle_2_94","fixed","cond",NA,"Dx.StatusCELIAC:onset_timeline_combinedt0-36",-2.93082118451377,1.5064115148614,-1.94556477801713,0.0517070413873278,-5.88333349953855,0.0216911305110004,0.564799990538503
"virus_comp_36_cycle_2_94","fixed","cond",NA,"Dx.StatusCELIAC:onset_timeline_combinedt0-over42",-0.982432108287736,1.37778003047112,-0.71305439660916,0.475812097257958,-3.68283134662963,1.71796713005416,0.999996861415992
"virus_comp_36_cycle_2_97","fixed","cond",NA,"(Intercept)",-4.07914339343104,1.16754457158106,-3.49377958899434,0.000476234024416777,-6.36748870407516,-1.79079808278692,0.00966074735245462
"virus_comp_36_cycle_2_97","fixed","cond",NA,"Dx.StatusCELIAC",-0.116702727114446,0.883834120034724,-0.132041436813801,0.894951516827778,-1.84898577069016,1.61558031646126,0.999986353446738
"virus_comp_36_cycle_2_97","fixed","cond",NA,"onset_timeline_combinedt0-6",-19.7574312972756,17280.5210596312,-0.00114333539070362,0.999087750542689,-33888.9563422604,33849.4414796658,0.999999447029537
"virus_comp_36_cycle_2_97","fixed","cond",NA,"onset_timeline_combinedt0-12",-0.877383315969321,1.16812882698692,-0.751101501563357,0.452591572136574,-3.16687374616671,1.41210711422807,0.99998627227119
"virus_comp_36_cycle_2_97","fixed","cond",NA,"onset_timeline_combinedt0-18",0.879979272883056,0.953777141171233,0.922625668929795,0.356202314059063,-0.989389573090135,2.74934811885625,0.999997145165192
"virus_comp_36_cycle_2_97","fixed","cond",NA,"onset_timeline_combinedt0-24",0.337917101137548,0.844642319805966,0.400071241061158,0.689104045615844,-1.31755142550051,1.9933856277756,0.99999582928833
"virus_comp_36_cycle_2_97","fixed","cond",NA,"onset_timeline_combinedt0-30",0.188123895101824,0.935190527335155,0.201161035749461,0.840572657648485,-1.6448158571581,2.02106364736175,0.999987296772671
"virus_comp_36_cycle_2_97","fixed","cond",NA,"onset_timeline_combinedt0-36",0.87675615777527,0.795105577925099,1.10269149420791,0.270161161815326,-0.681622138864829,2.43513445441537,0.534973879737652
"virus_comp_36_cycle_2_97","fixed","cond",NA,"onset_timeline_combinedt0-over42",-0.356904985297526,0.925581239177478,-0.385600928574018,0.699792245414268,-2.17101087885134,1.45720090825628,0.999994751597901
"virus_comp_36_cycle_2_97","fixed","cond",NA,"SexMale",-0.204863636728492,0.624478077742614,-0.328055770138546,0.742869495279787,-1.42881817823882,1.01909090478183,0.990535691749098
"virus_comp_36_cycle_2_97","fixed","cond",NA,"Age.at.Gluten.Introduction..months.",0.185911288047342,0.0886185573696874,2.09788213175014,0.0359155588169519,0.0122221072408585,0.359600468853826,0.5212200923141
"virus_comp_36_cycle_2_97","fixed","cond",NA,"HLA.CategoryHigh Risk",1.3915797656215,0.577721979866252,2.40873606010916,0.0160078701990427,0.25926549200647,2.52389403923652,0.18372200701846
"virus_comp_36_cycle_2_97","fixed","cond",NA,"HLA.CategoryLow/No Risk",-2.25384932476331,2.45981886914396,-0.916266377592133,0.359527198231754,-7.07500571677752,2.56730706725089,0.999989527982172
"virus_comp_36_cycle_2_97","fixed","cond",NA,"feeding_first_yearFormula",-0.212305637812659,0.803007992899042,-0.264387950917134,0.791480995085343,-1.78617238319258,1.36156110756726,0.999985531355603
"virus_comp_36_cycle_2_97","fixed","cond",NA,"feeding_first_yearBreastmilk_and_formula",0.26071020162267,0.630336966049625,0.413604493572007,0.679163781812028,-0.974727549958842,1.49614795320418,0.983038566973875
"virus_comp_36_cycle_2_97","fixed","cond",NA,"Delivery.ModeC-Section",2.50865334940461,2.1655553356068,1.15843419383309,0.246686891825794,-1.73575711491328,6.75306381372249,0.999999650716233
"virus_comp_36_cycle_2_97","fixed","cond",NA,"Dx.StatusCELIAC:onset_timeline_combinedt0-6",-2.25459282261223,89995.3968977967,-2.50523126774212e-05,0.999980011146504,-176389.991286892,176385.482101247,0.999999878775183
"virus_comp_36_cycle_2_97","fixed","cond",NA,"Dx.StatusCELIAC:onset_timeline_combinedt0-12",-0.451098368633325,1.67466944929696,-0.26936561649387,0.787648342666308,-3.73339017526489,2.83119343799824,0.999997398262547
"virus_comp_36_cycle_2_97","fixed","cond",NA,"Dx.StatusCELIAC:onset_timeline_combinedt0-18",-22.6919748279426,55011.055527075,-0.000412498444367683,0.999670873869218,-107842.379559428,107796.995609772,0.999999861216808
"virus_comp_36_cycle_2_97","fixed","cond",NA,"Dx.StatusCELIAC:onset_timeline_combinedt0-24",-23.1220743856646,46000.8659440303,-0.00050264432877845,0.99959894786738,-90183.1625823402,90136.9184335689,0.999998617618745
"virus_comp_36_cycle_2_97","fixed","cond",NA,"Dx.StatusCELIAC:onset_timeline_combinedt0-30",-22.3305820997605,47471.3988504962,-0.000470400760046849,0.99962467451001,-93064.5626248085,93019.9014606089,0.999999714796086
"virus_comp_36_cycle_2_97","fixed","cond",NA,"Dx.StatusCELIAC:onset_timeline_combinedt0-36",-2.14806022202137,1.44505002003825,-1.48649541000976,0.137148130045241,-4.98030621715522,0.684185773112486,0.902673409591648
"virus_comp_36_cycle_2_97","fixed","cond",NA,"Dx.StatusCELIAC:onset_timeline_combinedt0-over42",-1.21273679033478,1.40109270015415,-0.865564990954096,0.386728761143459,-3.95882802163889,1.53335444096933,0.999996861415992
"virus_comp_4028_cycle_1_1","fixed","cond",NA,"(Intercept)",-5.70142654523564,2.32186422771633,-2.45553830287626,0.0140673760535287,-10.2521968085515,-1.15065628191974,0.0475611285619303
"virus_comp_4028_cycle_1_1","fixed","cond",NA,"Dx.StatusCELIAC",-0.630942396483345,1.72904320686901,-0.364908403663243,0.715179781032779,-4.01980480966024,2.75792001669355,0.999986353446738
"virus_comp_4028_cycle_1_1","fixed","cond",NA,"onset_timeline_combinedt0-6",0.6344624434176,1.77882016304942,0.356675990410377,0.721334381738766,-2.85196101113293,4.12088589796813,0.999999447029537
"virus_comp_4028_cycle_1_1","fixed","cond",NA,"onset_timeline_combinedt0-12",-0.68660311642836,1.02787182324363,-0.667985152333163,0.504143070216246,-2.70119487070939,1.32798863785267,0.99998627227119
"virus_comp_4028_cycle_1_1","fixed","cond",NA,"onset_timeline_combinedt0-18",-1.22799983072736,1.95584279119198,-0.627862237321725,0.530094190780709,-5.06138126088594,2.60538159943121,0.999997145165192
"virus_comp_4028_cycle_1_1","fixed","cond",NA,"onset_timeline_combinedt0-24",-22.8222268012734,14042.3615563135,-0.00162524136056108,0.998703245581707,-27545.3451350655,27499.7006814629,0.99999582928833
"virus_comp_4028_cycle_1_1","fixed","cond",NA,"onset_timeline_combinedt0-30",-2.368438226276,1.86080211725316,-1.27280499324248,0.203087248889623,-6.01554335844807,1.27866690589608,0.765753499201465
"virus_comp_4028_cycle_1_1","fixed","cond",NA,"onset_timeline_combinedt0-36",-2.60968659758838,1.78979997345616,-1.45808841004115,0.144816175577605,-6.11763008509321,0.89825688991644,0.397800035123091
"virus_comp_4028_cycle_1_1","fixed","cond",NA,"onset_timeline_combinedt0-over42",-2.39686376549935,1.2769238190033,-1.877060894181,0.0605097483450173,-4.89958846174716,0.105860930748463,0.855925345306313
"virus_comp_4028_cycle_1_1","fixed","cond",NA,"SexMale",1.70328334038653,1.71482423693768,0.99326992451905,0.320578430062121,-1.65771040382771,5.06427708460077,0.990535691749098
"virus_comp_4028_cycle_1_1","fixed","cond",NA,"Age.at.Gluten.Introduction..months.",0.188163526262546,0.140461457618352,1.33960966554829,0.180372279796021,-0.0871358718854232,0.463462924410516,0.5212200923141
"virus_comp_4028_cycle_1_1","fixed","cond",NA,"HLA.CategoryHigh Risk",1.38171876089755,1.58358487740913,0.872525862433183,0.382921565542396,-1.72205056528663,4.48548808708173,0.903310309051692
"virus_comp_4028_cycle_1_1","fixed","cond",NA,"HLA.CategoryLow/No Risk",-1.15637331269323,2.83666049074135,-0.407653054169698,0.683528407934286,-6.71612571091398,4.40337908552753,0.999989527982172
"virus_comp_4028_cycle_1_1","fixed","cond",NA,"feeding_first_yearFormula",-0.387700730423639,2.12209716630404,-0.182696973814295,0.85503579034418,-4.54693474807406,3.77153328722678,0.999985531355603
"virus_comp_4028_cycle_1_1","fixed","cond",NA,"feeding_first_yearBreastmilk_and_formula",-0.932338644056772,1.6220631046114,-0.574785679673131,0.565436252887092,-4.11152390974634,2.24684662163279,0.956122944670933
"virus_comp_4028_cycle_1_1","fixed","cond",NA,"Delivery.ModeC-Section",4.16824475649621,3.86108540159109,1.07955259284826,0.280341461848841,-3.39934357185569,11.7358330848481,0.999999650716233
"virus_comp_4028_cycle_1_1","fixed","cond",NA,"Dx.StatusCELIAC:onset_timeline_combinedt0-6",0.59794172789969,2.63203454498895,0.227178525843475,0.820284925066808,-4.56075118634391,5.75663464214329,0.999999878775183
"virus_comp_4028_cycle_1_1","fixed","cond",NA,"Dx.StatusCELIAC:onset_timeline_combinedt0-12",3.52925919431781,1.5951022837088,2.21255980281833,0.0269280089292127,0.402916166590972,6.65560222204465,0.19118886339741
"virus_comp_4028_cycle_1_1","fixed","cond",NA,"Dx.StatusCELIAC:onset_timeline_combinedt0-18",4.25970331849684,2.61213342616962,1.63073726472816,0.102945769933982,-0.859984119608835,9.37939075660252,0.980494895288232
"virus_comp_4028_cycle_1_1","fixed","cond",NA,"Dx.StatusCELIAC:onset_timeline_combinedt0-24",24.309888885271,14042.3616002713,0.00173118237354046,0.998618717002167,-27498.2131055347,27546.8328833052,0.999998617618745
"virus_comp_4028_cycle_1_1","fixed","cond",NA,"Dx.StatusCELIAC:onset_timeline_combinedt0-30",2.61075623887118,2.16956045319429,1.20335722151798,0.228838114547722,-1.64150411167203,6.86301658941439,0.999999714796086
"virus_comp_4028_cycle_1_1","fixed","cond",NA,"Dx.StatusCELIAC:onset_timeline_combinedt0-36",2.11744836260284,2.03997662424098,1.03797677749895,0.29928086669451,-1.88083235021309,6.11572907541876,0.999999153356744
"virus_comp_4028_cycle_1_1","fixed","cond",NA,"Dx.StatusCELIAC:onset_timeline_combinedt0-over42",2.01347722456595,1.46433148277933,1.37501463858739,0.169126906427158,-0.856559743109669,4.88351419224156,0.999996861415992
"virus_comp_4028_cycle_1_2","fixed","cond",NA,"(Intercept)",-6.91633507201955,3.24736513948905,-2.12982980814649,0.0331856667938231,-13.281053790069,-0.55161635397014,0.0729991035652729
"virus_comp_4028_cycle_1_2","fixed","cond",NA,"Dx.StatusCELIAC",-0.960024788659997,2.21626682913423,-0.433172024252614,0.664889801242482,-5.30382795389387,3.38377837657388,0.999986353446738
"virus_comp_4028_cycle_1_2","fixed","cond",NA,"onset_timeline_combinedt0-6",0.842916324897094,2.64061825553949,0.319211731240903,0.749565961708359,-4.33260035287929,6.01843300267348,0.999999447029537
"virus_comp_4028_cycle_1_2","fixed","cond",NA,"onset_timeline_combinedt0-12",-1.97598004508628,1.36972963922821,-1.44260588987449,0.149131523263869,-4.6606008065306,0.708640716358049,0.99998627227119
"virus_comp_4028_cycle_1_2","fixed","cond",NA,"onset_timeline_combinedt0-18",-2.61225798098269,3.09460152361404,-0.844133876704083,0.3985945992069,-8.67756551376899,3.45304955180362,0.999997145165192
"virus_comp_4028_cycle_1_2","fixed","cond",NA,"onset_timeline_combinedt0-24",-3.8825867412242,3.52799554843306,-1.10050783452622,0.271110917978051,-10.7973309537706,3.03215747132223,0.99999582928833
"virus_comp_4028_cycle_1_2","fixed","cond",NA,"onset_timeline_combinedt0-30",-3.34164695626792,2.57374729062223,-1.29835861059228,0.194164134731496,-8.38609895119503,1.70280503865919,0.765753499201465
"virus_comp_4028_cycle_1_2","fixed","cond",NA,"onset_timeline_combinedt0-36",-3.8825233601358,3.52777784946159,-1.10055778051,0.271089169049064,-10.7968408905387,3.03179417026708,0.534973879737652
"virus_comp_4028_cycle_1_2","fixed","cond",NA,"onset_timeline_combinedt0-over42",-1.6364414617397,1.13818410342738,-1.43776517068893,0.150500694770222,-3.86724131223338,0.594358388753977,0.999994751597901
"virus_comp_4028_cycle_1_2","fixed","cond",NA,"SexMale",1.13888073080844,2.34694836307538,0.485260242077109,0.627491754010837,-3.46105353439455,5.73881499601142,0.990535691749098
"virus_comp_4028_cycle_1_2","fixed","cond",NA,"Age.at.Gluten.Introduction..months.",0.173568470456417,0.185528355225961,0.935536081506365,0.349512097640949,-0.190060423897421,0.537197364810254,0.72108274525109
"virus_comp_4028_cycle_1_2","fixed","cond",NA,"HLA.CategoryHigh Risk",1.66400608896326,2.1349971684538,0.779394986349494,0.435747076311552,-2.52051146830118,5.8485236462277,0.903310309051692
"virus_comp_4028_cycle_1_2","fixed","cond",NA,"HLA.CategoryLow/No Risk",-0.654819069570426,3.57650168555603,-0.183089266311536,0.854727977662236,-7.66463356390703,6.35499542476618,0.999989527982172
"virus_comp_4028_cycle_1_2","fixed","cond",NA,"feeding_first_yearFormula",-0.126363530267682,2.9646671399909,-0.0426231763300314,0.966001920236589,-5.93700435079922,5.68427729026385,0.999985531355603
"virus_comp_4028_cycle_1_2","fixed","cond",NA,"feeding_first_yearBreastmilk_and_formula",-0.439779816157783,2.14256869472157,-0.20525821050276,0.837370392068817,-4.63913729221505,3.75957765989949,0.983038566973875
"virus_comp_4028_cycle_1_2","fixed","cond",NA,"Delivery.ModeC-Section",5.14106264548675,4.98781473425874,1.03072445938608,0.302670051279398,-4.6348745952186,14.9169998861921,0.999999650716233
"virus_comp_4028_cycle_1_2","fixed","cond",NA,"Dx.StatusCELIAC:onset_timeline_combinedt0-6",0.463731963086607,3.29163863125851,0.140881796283119,0.887963323168243,-5.98776120430078,6.915225130474,0.999999878775183
"virus_comp_4028_cycle_1_2","fixed","cond",NA,"Dx.StatusCELIAC:onset_timeline_combinedt0-12",5.25015786447457,2.06921626329818,2.53726879959188,0.0111721135664826,1.19456851218559,9.30574721676355,0.173691409990211
"virus_comp_4028_cycle_1_2","fixed","cond",NA,"Dx.StatusCELIAC:onset_timeline_combinedt0-18",6.18039057031795,3.94631074876103,1.56611857600376,0.117320860047638,-1.55423636905695,13.9150175096928,0.980494895288232
"virus_comp_4028_cycle_1_2","fixed","cond",NA,"Dx.StatusCELIAC:onset_timeline_combinedt0-24",5.50154782508707,3.72852899797697,1.47552770223113,0.140070726192682,-1.80623472626099,12.8093303764351,0.999998617618745
"virus_comp_4028_cycle_1_2","fixed","cond",NA,"Dx.StatusCELIAC:onset_timeline_combinedt0-30",3.62916458209168,2.81657346369322,1.28850343471352,0.19757077399684,-1.89121796655827,9.14954713074163,0.999999714796086
"virus_comp_4028_cycle_1_2","fixed","cond",NA,"Dx.StatusCELIAC:onset_timeline_combinedt0-36",3.39293798130012,3.66206037244728,0.926510662365921,0.354180658612331,-3.78456845790788,10.5704444205081,0.999999153356744
"virus_comp_4028_cycle_1_2","fixed","cond",NA,"Dx.StatusCELIAC:onset_timeline_combinedt0-over42",1.23430374657104,1.34675595741877,0.916501419408415,0.35940396332288,-1.40528942593451,3.87389691907659,0.999996861415992
"virus_comp_42_cycle_1_1","fixed","cond",NA,"(Intercept)",-5.28233850230965,1.44325583605283,-3.66001534194821,0.000252200147795331,-8.11106796145044,-2.45360904316885,0.00909501633851248
"virus_comp_42_cycle_1_1","fixed","cond",NA,"Dx.StatusCELIAC",-0.2988469844168,1.09121001336511,-0.273867523901476,0.784186429896668,-2.43757931018189,1.83988534134829,0.999986353446738
"virus_comp_42_cycle_1_1","fixed","cond",NA,"onset_timeline_combinedt0-6",-18.5622039774511,11643.7308030905,-0.00159418010355618,0.998728028847,-22839.8552237145,22802.7308157596,0.999999447029537
"virus_comp_42_cycle_1_1","fixed","cond",NA,"onset_timeline_combinedt0-12",-0.443537401004523,1.23643478456608,-0.35872284291984,0.719802438054813,-2.86690504798657,1.97983024597753,0.99998627227119
"virus_comp_42_cycle_1_1","fixed","cond",NA,"onset_timeline_combinedt0-18",1.51520187565985,1.06887908559434,1.41756153346133,0.156318817357357,-0.579762635933158,3.61016638725285,0.999997145165192
"virus_comp_42_cycle_1_1","fixed","cond",NA,"onset_timeline_combinedt0-24",0.907281521646594,0.948673196070657,0.956368879614703,0.338885901627087,-0.952083775750399,2.76664681904359,0.99999582928833
"virus_comp_42_cycle_1_1","fixed","cond",NA,"onset_timeline_combinedt0-30",1.35848367803549,0.951458144204126,1.42779131831578,0.153351932434511,-0.506340017401911,3.2233073734729,0.765753499201465
"virus_comp_42_cycle_1_1","fixed","cond",NA,"onset_timeline_combinedt0-36",1.83333509065498,0.897076233484064,2.04367814264199,0.0409853538833221,0.0750979816393704,3.59157219967059,0.391284665407418
"virus_comp_42_cycle_1_1","fixed","cond",NA,"onset_timeline_combinedt0-over42",0.177885506994104,1.02034367485508,0.174338814830571,0.861599196476079,-1.8219513475751,2.17772236156331,0.999994751597901
"virus_comp_42_cycle_1_1","fixed","cond",NA,"SexMale",-0.196624359746131,0.683151947452733,-0.287819365046507,0.773485013163902,-1.53557757272189,1.14232885322963,0.990535691749098
"virus_comp_42_cycle_1_1","fixed","cond",NA,"Age.at.Gluten.Introduction..months.",0.206307241345749,0.106250448484323,1.94170701666439,0.052172578794624,-0.00193981102475285,0.414554293716251,0.5212200923141
"virus_comp_42_cycle_1_1","fixed","cond",NA,"HLA.CategoryHigh Risk",1.79855346888373,0.66426305776984,2.70759219234936,0.00677732442275171,0.496621799394398,3.10048513837307,0.12514190781631
"virus_comp_42_cycle_1_1","fixed","cond",NA,"HLA.CategoryLow/No Risk",-2.52128343225035,2.93356661003468,-0.859460093261884,0.390086727891989,-8.27096833416758,3.22840146966687,0.999989527982172
"virus_comp_42_cycle_1_1","fixed","cond",NA,"feeding_first_yearFormula",0.0135076059703757,0.898671983593344,0.0150306298816232,0.988007744028092,-1.74785711578775,1.7748723277285,0.999985531355603
"virus_comp_42_cycle_1_1","fixed","cond",NA,"feeding_first_yearBreastmilk_and_formula",0.85505465339971,0.673622059835733,1.269338853909,0.204320234345809,-0.465220323070012,2.17532962986943,0.836964856897864
"virus_comp_42_cycle_1_1","fixed","cond",NA,"Delivery.ModeC-Section",2.5433009552458,2.54504069119984,0.999316421163693,0.317641433063566,-2.44488713869482,7.53148904918642,0.999999650716233
"virus_comp_42_cycle_1_1","fixed","cond",NA,"Dx.StatusCELIAC:onset_timeline_combinedt0-6",-1.75429866128655,47857.6573336232,-3.66565928845422e-05,0.999970752270492,-93801.0390570219,93797.5304596994,0.999999878775183
"virus_comp_42_cycle_1_1","fixed","cond",NA,"Dx.StatusCELIAC:onset_timeline_combinedt0-12",-0.492186977568905,1.77471899912395,-0.277332342647969,0.781524927311392,-3.97057229853082,2.98619834339301,0.999997398262547
"virus_comp_42_cycle_1_1","fixed","cond",NA,"Dx.StatusCELIAC:onset_timeline_combinedt0-18",-26.4280002796236,361019.875091435,-7.32037267281481e-05,0.999941591876703,-707612.380882641,707559.524882082,0.999999861216808
"virus_comp_42_cycle_1_1","fixed","cond",NA,"Dx.StatusCELIAC:onset_timeline_combinedt0-24",-27.6473508470987,402449.964280094,-6.86976103887958e-05,0.99994518723735,-788815.082919262,788759.788217568,0.999998617618745
"virus_comp_42_cycle_1_1","fixed","cond",NA,"Dx.StatusCELIAC:onset_timeline_combinedt0-30",-27.0669084232899,351155.047197442,-7.70796508246431e-05,0.999938499336716,-688278.312404872,688224.178588025,0.999999714796086
"virus_comp_42_cycle_1_1","fixed","cond",NA,"Dx.StatusCELIAC:onset_timeline_combinedt0-36",-2.73004067995356,1.56493792765517,-1.74450413125594,0.0810712216612426,-5.79726265619845,0.337181296291325,0.695384625152114
"virus_comp_42_cycle_1_1","fixed","cond",NA,"Dx.StatusCELIAC:onset_timeline_combinedt0-over42",-1.41250937234996,1.53049998292149,-0.922907146757168,0.35605559590844,-4.41223421721524,1.58721547251532,0.999996861415992
"virus_comp_42_cycle_1_4","fixed","cond",NA,"(Intercept)",-5.14031361223168,1.69739075695446,-3.0283619674321,0.00245883376950558,-8.4671383635536,-1.81348886090975,0.0194060890833371
"virus_comp_42_cycle_1_4","fixed","cond",NA,"Dx.StatusCELIAC",0.453058503203808,1.0214504639566,0.443544272767649,0.657372103645408,-1.54894761814285,2.45506462455047,0.999986353446738
"virus_comp_42_cycle_1_4","fixed","cond",NA,"onset_timeline_combinedt0-6",-18.3958131189874,11487.1099947309,-0.00160143091930219,0.998722243540448,-22532.7176892417,22495.9260630037,0.999999447029537
"virus_comp_42_cycle_1_4","fixed","cond",NA,"onset_timeline_combinedt0-12",-0.3597856137482,1.25232747855698,-0.287293555326893,0.773887556869136,-2.81430236856974,2.09473114107334,0.99998627227119
"virus_comp_42_cycle_1_4","fixed","cond",NA,"onset_timeline_combinedt0-18",1.43892013839046,1.07442826267276,1.33924263571677,0.180491696677257,-0.666920560420089,3.54476083720101,0.999997145165192
"virus_comp_42_cycle_1_4","fixed","cond",NA,"onset_timeline_combinedt0-24",0.783682761486315,0.955002833815247,0.820607786424563,0.411869711061022,-1.08808839792526,2.65545392089789,0.99999582928833
"virus_comp_42_cycle_1_4","fixed","cond",NA,"onset_timeline_combinedt0-30",1.2163372883298,0.953011417132048,1.27630925135209,0.201846221136281,-0.651530766104494,3.08420534276409,0.765753499201465
"virus_comp_42_cycle_1_4","fixed","cond",NA,"onset_timeline_combinedt0-36",1.70640676287683,0.899099645700497,1.89790616761655,0.057708443762038,-0.0557961612088675,3.46860968696252,0.391284665407418
"virus_comp_42_cycle_1_4","fixed","cond",NA,"onset_timeline_combinedt0-over42",0.035246724067565,1.0232237641762,0.0344467410761732,0.972520911579615,-1.9702350018433,2.04072844997843,0.999994751597901
"virus_comp_42_cycle_1_4","fixed","cond",NA,"SexMale",-0.991324742964627,0.909405847858107,-1.09007957811076,0.275678091304557,-2.77372745209663,0.791077966167373,0.990535691749098
"virus_comp_42_cycle_1_4","fixed","cond",NA,"Age.at.Gluten.Introduction..months.",0.281050520406006,0.150357084778986,1.86922033517163,0.0615921662351376,-0.0136439505812426,0.575744991393255,0.5212200923141
"virus_comp_42_cycle_1_4","fixed","cond",NA,"HLA.CategoryHigh Risk",1.06440960838543,0.647680663634054,1.64341730137991,0.100296622867806,-0.205021165820318,2.33384038259118,0.527485942489942
"virus_comp_42_cycle_1_4","fixed","cond",NA,"HLA.CategoryLow/No Risk",-5.17315633244766,4.21561279528162,-1.22714219347607,0.219769151665659,-13.4356055839659,3.08929291907053,0.999989527982172
"virus_comp_42_cycle_1_4","fixed","cond",NA,"feeding_first_yearFormula",-0.189247740582576,0.909423363932255,-0.208096413714607,0.835153687309631,-1.97168478058906,1.59318929942391,0.999985531355603
"virus_comp_42_cycle_1_4","fixed","cond",NA,"feeding_first_yearBreastmilk_and_formula",0.20519178428539,0.678223169468778,0.302543165026503,0.762238033225441,-1.12410120135402,1.5344847699248,0.983038566973875
"virus_comp_42_cycle_1_4","fixed","cond",NA,"Delivery.ModeC-Section",4.5717271192845,3.57641465488114,1.27829895592362,0.201144035846242,-2.43791679806378,11.5813710366328,0.999999650716233
"virus_comp_42_cycle_1_4","fixed","cond",NA,"Dx.StatusCELIAC:onset_timeline_combinedt0-6",-1.57436262334595,34270.3157600819,-4.59395423832006e-05,0.999963345548415,-67170.1589911992,67167.0102659526,0.999999878775183
"virus_comp_42_cycle_1_4","fixed","cond",NA,"Dx.StatusCELIAC:onset_timeline_combinedt0-12",-0.983473258772955,1.74186187928655,-0.564610357725824,0.572338818628348,-4.39745980821785,2.43051329067193,0.999997398262547
"virus_comp_42_cycle_1_4","fixed","cond",NA,"Dx.StatusCELIAC:onset_timeline_combinedt0-18",-28.9311881689057,825170.75487953,-3.50608501305036e-05,0.999972025488998,-1617333.89184778,1617276.02947144,0.999999861216808
"virus_comp_42_cycle_1_4","fixed","cond",NA,"Dx.StatusCELIAC:onset_timeline_combinedt0-24",-26.0589827294602,156568.755586109,-0.000166437950100002,0.999867201729897,-306895.181035758,306843.063070299,0.999998617618745
"virus_comp_42_cycle_1_4","fixed","cond",NA,"Dx.StatusCELIAC:onset_timeline_combinedt0-30",-28.2750450794254,533779.874657576,-5.29713584603842e-05,0.999957734970939,-1046217.60504623,1046161.05495607,0.999999714796086
"virus_comp_42_cycle_1_4","fixed","cond",NA,"Dx.StatusCELIAC:onset_timeline_combinedt0-36",-2.99265717786044,1.51117770087992,-1.98034762961225,0.0476644802763144,-5.95451104582513,-0.030803309895747,0.564799990538503
"virus_comp_42_cycle_1_4","fixed","cond",NA,"Dx.StatusCELIAC:onset_timeline_combinedt0-over42",-1.57845533777751,1.49695068862308,-1.05444711691164,0.291678260196612,-4.51242477411119,1.35551409855617,0.999996861415992
"virus_comp_5117_cycle_1_1","fixed","cond",NA,"(Intercept)",-5.52931406433553,2.46586511905814,-2.24234246293548,0.0249392473500929,-10.3623208884231,-0.696307240247993,0.0668183608247773
"virus_comp_5117_cycle_1_1","fixed","cond",NA,"Dx.StatusCELIAC",-0.503630747900565,1.7843089154086,-0.282255355869943,0.777747715187868,-4.00081195939514,2.99355046359401,0.999986353446738
"virus_comp_5117_cycle_1_1","fixed","cond",NA,"onset_timeline_combinedt0-6",0.367109270938986,1.95053859340107,0.188209180880074,0.850712675797809,-3.45587612258253,4.1900946644605,0.999999447029537
"virus_comp_5117_cycle_1_1","fixed","cond",NA,"onset_timeline_combinedt0-12",-1.50742002364947,1.08913312160056,-1.38405489076874,0.166341647866892,-3.64208171635625,0.627241669057303,0.99998627227119
"virus_comp_5117_cycle_1_1","fixed","cond",NA,"onset_timeline_combinedt0-18",-2.20208018159793,2.26599931481901,-0.971792077427795,0.331153998046897,-6.64335722763563,2.23919686443978,0.999997145165192
"virus_comp_5117_cycle_1_1","fixed","cond",NA,"onset_timeline_combinedt0-24",-3.7380322216172,1.91290314454204,-1.95411473512534,0.0506876498576599,-7.48725349083301,0.0111890475986156,0.99999582928833
"virus_comp_5117_cycle_1_1","fixed","cond",NA,"onset_timeline_combinedt0-30",-3.48248342049973,1.95951612648958,-1.77721600420738,0.0755327072478425,-7.32306445554474,0.358097614545284,0.765753499201465
"virus_comp_5117_cycle_1_1","fixed","cond",NA,"onset_timeline_combinedt0-36",-2.01197726524201,1.28707746010144,-1.56321381394049,0.118002312013468,-4.53460273235412,0.510648201870098,0.396026913744603
"virus_comp_5117_cycle_1_1","fixed","cond",NA,"onset_timeline_combinedt0-over42",-2.22352289569763,1.05663005878491,-2.10435324758281,0.0353476444371522,-4.29447975589849,-0.152566035496775,0.855925345306313
"virus_comp_5117_cycle_1_1","fixed","cond",NA,"SexMale",1.6653866557465,1.86831997629018,0.891381924338981,0.372724311527874,-1.99645320937898,5.32722652087199,0.990535691749098
"virus_comp_5117_cycle_1_1","fixed","cond",NA,"Age.at.Gluten.Introduction..months.",0.18508142963762,0.152008624615108,1.21757189834625,0.223386698779768,-0.112849999947461,0.483012859222701,0.542907260983915
"virus_comp_5117_cycle_1_1","fixed","cond",NA,"HLA.CategoryHigh Risk",1.49397263597904,1.71886601669498,0.869161773790631,0.38475865251082,-1.87494285099293,4.86288812295102,0.903310309051692
"virus_comp_5117_cycle_1_1","fixed","cond",NA,"HLA.CategoryLow/No Risk",-1.22665831364456,3.03059966663976,-0.404757621782703,0.685655682095685,-7.16652451181758,4.71320788452846,0.999989527982172
"virus_comp_5117_cycle_1_1","fixed","cond",NA,"feeding_first_yearFormula",-0.301880352724342,2.30172710820846,-0.131153841672964,0.89565360946861,-4.81318258705244,4.20942188160376,0.999985531355603
"virus_comp_5117_cycle_1_1","fixed","cond",NA,"feeding_first_yearBreastmilk_and_formula",-1.07984152956198,1.73287672648704,-0.623149652284315,0.533186183692375,-4.47621750312424,2.31653444400028,0.956122944670933
"virus_comp_5117_cycle_1_1","fixed","cond",NA,"Delivery.ModeC-Section",5.3992108150821,4.13120094832446,1.30693492827356,0.191234812350923,-2.69779425653155,13.4962158866958,0.999999650716233
"virus_comp_5117_cycle_1_1","fixed","cond",NA,"Dx.StatusCELIAC:onset_timeline_combinedt0-6",0.495824615577771,2.75684615005743,0.179852116726732,0.857268667424159,-4.90749454945269,5.89914378060823,0.999999878775183
"virus_comp_5117_cycle_1_1","fixed","cond",NA,"Dx.StatusCELIAC:onset_timeline_combinedt0-12",3.81329828246596,1.59363332185701,2.39283292471724,0.0167188523461873,0.689834367063294,6.93676219786863,0.173691409990211
"virus_comp_5117_cycle_1_1","fixed","cond",NA,"Dx.StatusCELIAC:onset_timeline_combinedt0-18",4.50775002648825,2.76921401223993,1.62780847076607,0.103565503838809,-0.919809702985659,9.93530975596217,0.980494895288232
"virus_comp_5117_cycle_1_1","fixed","cond",NA,"Dx.StatusCELIAC:onset_timeline_combinedt0-24",4.60426901145055,2.13132785770038,2.16028190820833,0.0307508526502786,0.42694317111089,8.7815948517902,0.685958902258125
"virus_comp_5117_cycle_1_1","fixed","cond",NA,"Dx.StatusCELIAC:onset_timeline_combinedt0-30",3.19304616230326,2.22004870431783,1.43827752791776,0.150355325375488,-1.15816934208449,7.54426166669101,0.999999714796086
"virus_comp_5117_cycle_1_1","fixed","cond",NA,"Dx.StatusCELIAC:onset_timeline_combinedt0-36",1.11383004614783,1.59036396006939,0.70036172480872,0.48370143305979,-2.00322603789868,4.23088613019433,0.999999153356744
"virus_comp_5117_cycle_1_1","fixed","cond",NA,"Dx.StatusCELIAC:onset_timeline_combinedt0-over42",1.54077530937427,1.25323412597361,1.22943931819385,0.218907136239805,-0.915518441730544,3.99706906047908,0.999996861415992
"virus_comp_5117_cycle_1_2","fixed","cond",NA,"(Intercept)",-9.36712191364929,3.72973856358661,-2.51146876757003,0.0120229924336881,-16.6772751700292,-2.05696865726939,0.0461422952860464
"virus_comp_5117_cycle_1_2","fixed","cond",NA,"Dx.StatusCELIAC",-2.88338386273057,2.74601135874476,-1.050026196559,0.293706068675316,-8.2654672270082,2.49869950154706,0.999986353446738
"virus_comp_5117_cycle_1_2","fixed","cond",NA,"onset_timeline_combinedt0-6",0.793370471059879,1.53185516622457,0.517914805885489,0.604517711331732,-2.20901048427189,3.79575142639165,0.999999447029537
"virus_comp_5117_cycle_1_2","fixed","cond",NA,"onset_timeline_combinedt0-12",-3.80681159819621,1.75569003946205,-2.16827088645023,0.0301380821773221,-7.24790084355753,-0.365722352834887,0.99998627227119
"virus_comp_5117_cycle_1_2","fixed","cond",NA,"onset_timeline_combinedt0-18",-4.83713262463048,9.15641788208404,-0.528277836040564,0.597306512603053,-22.7833819009137,13.1091166516528,0.999997145165192
"virus_comp_5117_cycle_1_2","fixed","cond",NA,"onset_timeline_combinedt0-24",-6.6279621118083,2.87082823345022,-2.30872820414012,0.0209586682390698,-12.2546820551715,-1.00124216844512,0.99999582928833
"virus_comp_5117_cycle_1_2","fixed","cond",NA,"onset_timeline_combinedt0-30",-5.55717695802169,2.77089247296185,-2.00555489332343,0.0449037585129432,-10.98802641006,-0.126327505983345,0.765753499201465
"virus_comp_5117_cycle_1_2","fixed","cond",NA,"onset_timeline_combinedt0-36",-3.53103718958952,1.86384408190129,-1.89449172485905,0.0581597717269124,-7.18410446291417,0.122030083735141,0.391284665407418
"virus_comp_5117_cycle_1_2","fixed","cond",NA,"onset_timeline_combinedt0-over42",-3.5093897021141,1.60962568990527,-2.18025204500844,0.0292387836409585,-6.66419808291887,-0.354581321309327,0.855925345306313
"virus_comp_5117_cycle_1_2","fixed","cond",NA,"SexMale",1.44557946589358,2.90270072693132,0.498011886820251,0.618475663977891,-4.24360941679004,7.1347683485772,0.990535691749098
"virus_comp_5117_cycle_1_2","fixed","cond",NA,"Age.at.Gluten.Introduction..months.",0.200593980968914,0.274849588514293,0.729831840219337,0.465492979387023,-0.338101313684754,0.739289275622582,0.759770150263876
"virus_comp_5117_cycle_1_2","fixed","cond",NA,"HLA.CategoryHigh Risk",0.559686135844552,2.64158910342727,0.211874789731075,0.832204718968479,-4.61773336882634,5.73710564051545,0.978697013291682
"virus_comp_5117_cycle_1_2","fixed","cond",NA,"HLA.CategoryLow/No Risk",-0.351677052283139,4.37194705184461,-0.0804394582351493,0.935887745431042,-8.92053581621464,8.21718171164836,0.999989527982172
"virus_comp_5117_cycle_1_2","fixed","cond",NA,"feeding_first_yearFormula",1.08265474819524,3.31677603863339,0.326417803187378,0.744108269550231,-5.41810683231162,7.58341632870211,0.999985531355603
"virus_comp_5117_cycle_1_2","fixed","cond",NA,"feeding_first_yearBreastmilk_and_formula",1.15401895161809,2.68351530235531,0.430040011549484,0.667166535951863,-4.10557439296042,6.41361229619661,0.976676784589325
"virus_comp_5117_cycle_1_2","fixed","cond",NA,"Delivery.ModeC-Section",7.92048052816631,7.24737970789103,1.09287505931867,0.274448660133066,-6.28412268158652,22.1250837379191,0.999999650716233
"virus_comp_5117_cycle_1_2","fixed","cond",NA,"Dx.StatusCELIAC:onset_timeline_combinedt0-6",0.694271809867391,3.33843527237417,0.20796323823096,0.835257671422527,-5.84894108870415,7.23748470843893,0.999999878775183
"virus_comp_5117_cycle_1_2","fixed","cond",NA,"Dx.StatusCELIAC:onset_timeline_combinedt0-12",7.15206043937054,2.39143510637986,2.99069810436851,0.00278340520840456,2.46493375950131,11.8391871192398,0.131747846531149
"virus_comp_5117_cycle_1_2","fixed","cond",NA,"Dx.StatusCELIAC:onset_timeline_combinedt0-18",8.22783690646644,9.37220386465748,0.877897773595553,0.379999197549345,-10.1413451240293,26.5970189369622,0.999999861216808
"virus_comp_5117_cycle_1_2","fixed","cond",NA,"Dx.StatusCELIAC:onset_timeline_combinedt0-24",7.13022385568768,3.09076982652869,2.30694107160215,0.0210581054645589,1.07242631118833,13.188021400187,0.598050195193473
"virus_comp_5117_cycle_1_2","fixed","cond",NA,"Dx.StatusCELIAC:onset_timeline_combinedt0-30",5.97493686892937,3.04394171311934,1.962894638612,0.0496584178850107,0.00892074017631383,11.9409529976824,0.869674678842042
"virus_comp_5117_cycle_1_2","fixed","cond",NA,"Dx.StatusCELIAC:onset_timeline_combinedt0-36",3.0924542659091,2.13314621447962,1.44971509450116,0.147137984701377,-1.0884354882289,7.27334402004711,0.902673409591648
"virus_comp_5117_cycle_1_2","fixed","cond",NA,"Dx.StatusCELIAC:onset_timeline_combinedt0-over42",2.87649665728506,1.77947308376153,1.61648787134481,0.105988873607125,-0.61120649834596,6.36419981291609,0.999996861415992
"virus_comp_5117_cycle_1_3","fixed","cond",NA,"(Intercept)",-4.3541099110179,1.70344827858302,-2.5560564214135,0.0105865951636543,-7.69280718656736,-1.01541263546843,0.0431569566545826
"virus_comp_5117_cycle_1_3","fixed","cond",NA,"Dx.StatusCELIAC",0.511025310396994,1.3975159060642,0.365666900948687,0.714613647308625,-2.2280555333107,3.25010615410469,0.999986353446738
"virus_comp_5117_cycle_1_3","fixed","cond",NA,"onset_timeline_combinedt0-6",-17.9646631887201,13354.5516069856,-0.00134520901318192,0.998926678821041,-26192.404842562,26156.4755161845,0.999999447029537
"virus_comp_5117_cycle_1_3","fixed","cond",NA,"onset_timeline_combinedt0-12",-1.26482882187352,1.18598832393476,-1.06647662236436,0.286208240979294,-3.58932322287067,1.05966557912363,0.99998627227119
"virus_comp_5117_cycle_1_3","fixed","cond",NA,"onset_timeline_combinedt0-18",-21.0211349703368,27917.3794318136,-0.000752976654620449,0.999399211609405,-54738.0793640643,54696.0370941237,0.999997145165192
"virus_comp_5117_cycle_1_3","fixed","cond",NA,"onset_timeline_combinedt0-24",-1.30042372614094,1.21643992493083,-1.06904064844377,0.285051353554354,-3.68460216836197,1.08375471608009,0.99999582928833
"virus_comp_5117_cycle_1_3","fixed","cond",NA,"onset_timeline_combinedt0-30",-0.943855182065728,1.22722974305187,-0.769094122277832,0.441837437227725,-3.34918127920374,1.46147091507228,0.999987296772671
"virus_comp_5117_cycle_1_3","fixed","cond",NA,"onset_timeline_combinedt0-36",0.199591781640272,0.933268905116555,0.21386310049122,0.830653816017712,-1.6295816602793,2.02876522355985,0.999986401700165
"virus_comp_5117_cycle_1_3","fixed","cond",NA,"onset_timeline_combinedt0-over42",-0.542779159625529,0.935106786889366,-0.580446177095009,0.561613772799873,-2.37555478362766,1.2899964643766,0.999994751597901
"virus_comp_5117_cycle_1_3","fixed","cond",NA,"SexMale",0.817323666449413,1.31554663900621,0.621280646550726,0.534414985197486,-1.76110036598547,3.3957476988843,0.990535691749098
"virus_comp_5117_cycle_1_3","fixed","cond",NA,"Age.at.Gluten.Introduction..months.",0.159482241809144,0.108433032853592,1.47079019752661,0.141347864221202,-0.053042597318345,0.372007080936633,0.5212200923141
"virus_comp_5117_cycle_1_3","fixed","cond",NA,"HLA.CategoryHigh Risk",-0.860806142116803,1.2067181731305,-0.713344806835614,0.475632417470685,-3.22593030094256,1.50431801670895,0.938052823344962
"virus_comp_5117_cycle_1_3","fixed","cond",NA,"HLA.CategoryLow/No Risk",-1.5462913929463,2.35609485818921,-0.656294201216804,0.511634847876437,-6.16415245915715,3.07156967326454,0.999989527982172
"virus_comp_5117_cycle_1_3","fixed","cond",NA,"feeding_first_yearFormula",0.382362296991664,1.60023475590626,0.238941377557521,0.811151040010363,-2.75404019139385,3.51876478537717,0.999985531355603
"virus_comp_5117_cycle_1_3","fixed","cond",NA,"feeding_first_yearBreastmilk_and_formula",-1.00388880867658,1.27934208857091,-0.784691457933644,0.432634492301127,-3.5113532261818,1.50357560882865,0.93081966525394
"virus_comp_5117_cycle_1_3","fixed","cond",NA,"Delivery.ModeC-Section",3.38037169342406,2.93311890896574,1.15248368659422,0.2491223695468,-2.36843573052222,9.12917911737033,0.999999650716233
"virus_comp_5117_cycle_1_3","fixed","cond",NA,"Dx.StatusCELIAC:onset_timeline_combinedt0-6",18.7843025533915,13354.5517218276,0.00140658428262247,0.998877708487499,-26155.6561019061,26193.2247070129,0.999999878775183
"virus_comp_5117_cycle_1_3","fixed","cond",NA,"Dx.StatusCELIAC:onset_timeline_combinedt0-12",2.62118267334862,1.56694676464312,1.67279625095981,0.0943674131762849,-0.449976551043452,5.69234189774069,0.462074919690774
"virus_comp_5117_cycle_1_3","fixed","cond",NA,"Dx.StatusCELIAC:onset_timeline_combinedt0-18",22.4061994222439,27917.3794626335,0.000802589636044954,0.999359626189489,-54694.6520900776,54739.464488922,0.999999861216808
"virus_comp_5117_cycle_1_3","fixed","cond",NA,"Dx.StatusCELIAC:onset_timeline_combinedt0-24",1.55426809949952,1.54020665499439,1.00912958300727,0.3129124920407,-1.46448147303839,4.57301767203742,0.999998617618745
"virus_comp_5117_cycle_1_3","fixed","cond",NA,"Dx.StatusCELIAC:onset_timeline_combinedt0-30",1.11760738812805,1.61651071454798,0.691370232235404,0.489332906051386,-2.05069539300909,4.28591016926519,0.999999714796086
"virus_comp_5117_cycle_1_3","fixed","cond",NA,"Dx.StatusCELIAC:onset_timeline_combinedt0-36",-0.68888510633461,1.34758996534507,-0.511197859920403,0.609212517077434,-3.33011290433852,1.9523426916693,0.999999153356744
"virus_comp_5117_cycle_1_3","fixed","cond",NA,"Dx.StatusCELIAC:onset_timeline_combinedt0-over42",0.195868163930165,1.18253901489765,0.16563357442132,0.868445323662051,-2.1218657155827,2.51360204344303,0.999996861415992
"virus_comp_5117_cycle_1_4","fixed","cond",NA,"(Intercept)",-7.23401376561868,3.3279475613837,-2.17371627172242,0.02972644988159,-13.7566711283686,-0.711356402868742,0.0715450149692505
"virus_comp_5117_cycle_1_4","fixed","cond",NA,"Dx.StatusCELIAC",-0.411957768155287,2.21055057257356,-0.186359802515478,0.852162613125064,-4.74455727640386,3.92064174009329,0.999986353446738
"virus_comp_5117_cycle_1_4","fixed","cond",NA,"onset_timeline_combinedt0-6",0.980159030764881,2.10444023129985,0.465757599663197,0.641389017932963,-3.14446803019996,5.10478609172972,0.999999447029537
"virus_comp_5117_cycle_1_4","fixed","cond",NA,"onset_timeline_combinedt0-12",-2.08491088371822,1.43551579524044,-1.45237752912988,0.146396660883153,-4.89847014162785,0.728648374191406,0.99998627227119
"virus_comp_5117_cycle_1_4","fixed","cond",NA,"onset_timeline_combinedt0-18",-2.46328422515391,3.06489360891203,-0.803709537581084,0.421564744608554,-8.47036531506847,3.54379686476066,0.999997145165192
"virus_comp_5117_cycle_1_4","fixed","cond",NA,"onset_timeline_combinedt0-24",-3.96147589816096,3.78832413545904,-1.04570669153708,0.295696472407615,-11.3864547654245,3.4635029691026,0.99999582928833
"virus_comp_5117_cycle_1_4","fixed","cond",NA,"onset_timeline_combinedt0-30",-3.61000104752969,3.21286658239604,-1.12360751837927,0.261179565177976,-9.90710383615822,2.68710174109884,0.765753499201465
"virus_comp_5117_cycle_1_4","fixed","cond",NA,"onset_timeline_combinedt0-36",-1.44742450610668,1.4955279593093,-0.967835136144944,0.333126712947407,-4.37860544422559,1.48375643201222,0.580687358814689
"virus_comp_5117_cycle_1_4","fixed","cond",NA,"onset_timeline_combinedt0-over42",-2.20321092216899,1.28502173256387,-1.71453203190046,0.0864310594141564,-4.72180723734545,0.315385393007461,0.855925345306313
"virus_comp_5117_cycle_1_4","fixed","cond",NA,"SexMale",0.395573265231533,2.25608476167641,0.17533617173922,0.860815491047302,-4.02627161372386,4.81741814418693,0.994111673083809
"virus_comp_5117_cycle_1_4","fixed","cond",NA,"Age.at.Gluten.Introduction..months.",0.146146085219836,0.183615956592095,0.795933468595549,0.426070706839105,-0.21373457668754,0.506026747127211,0.745668690023262
"virus_comp_5117_cycle_1_4","fixed","cond",NA,"HLA.CategoryHigh Risk",2.79454916693186,2.0880490185331,1.33835419673006,0.180781002416168,-1.29795170734721,6.88705004121094,0.713080620641551
"virus_comp_5117_cycle_1_4","fixed","cond",NA,"HLA.CategoryLow/No Risk",-0.548882594714381,3.73197851112343,-0.147075497106534,0.88307243001331,-7.86342606759371,6.76566087816494,0.999989527982172
"virus_comp_5117_cycle_1_4","fixed","cond",NA,"feeding_first_yearFormula",-0.17015322032725,3.06199989697002,-0.0555693096187312,0.955684914088329,-6.17156273905385,5.83125629839935,0.999985531355603
"virus_comp_5117_cycle_1_4","fixed","cond",NA,"feeding_first_yearBreastmilk_and_formula",0.290044610424526,2.06597608652059,0.140391078249605,0.888351006568102,-3.75919411207683,4.33928333292588,0.985514397911488
"virus_comp_5117_cycle_1_4","fixed","cond",NA,"Delivery.ModeC-Section",4.94990811164432,5.15368668278334,0.960459650793328,0.33682392893271,-5.15113217421474,15.0509483975034,0.999999650716233
"virus_comp_5117_cycle_1_4","fixed","cond",NA,"Dx.StatusCELIAC:onset_timeline_combinedt0-6",5.09475180835873,2.87642478408185,1.77120981454238,0.0765258177898891,-0.5429371726801,10.7324407893976,0.999999878775183
"virus_comp_5117_cycle_1_4","fixed","cond",NA,"Dx.StatusCELIAC:onset_timeline_combinedt0-12",4.93487447725622,2.05454051389026,2.4019358313417,0.0163085689376832,0.908049065252892,8.96169988925956,0.173691409990211
"virus_comp_5117_cycle_1_4","fixed","cond",NA,"Dx.StatusCELIAC:onset_timeline_combinedt0-18",5.56041520046747,3.88662831779881,1.43065267522586,0.15252978274672,-2.0572363237117,13.1780667246466,0.980494895288232
"virus_comp_5117_cycle_1_4","fixed","cond",NA,"Dx.StatusCELIAC:onset_timeline_combinedt0-24",5.05605259287197,3.9453981120205,1.28150631427222,0.200015883506187,-2.67678561136053,12.7888907971045,0.999998617618745
"virus_comp_5117_cycle_1_4","fixed","cond",NA,"Dx.StatusCELIAC:onset_timeline_combinedt0-30",4.35603739094875,3.39523102966631,1.28298703472231,0.199496618439811,-2.29849314639006,11.0105679282875,0.999999714796086
"virus_comp_5117_cycle_1_4","fixed","cond",NA,"Dx.StatusCELIAC:onset_timeline_combinedt0-36",0.474193514592014,1.77398442376323,0.267304215437296,0.789234941371278,-3.00275206511896,3.95113909430298,0.999999153356744
"virus_comp_5117_cycle_1_4","fixed","cond",NA,"Dx.StatusCELIAC:onset_timeline_combinedt0-over42",1.65688216504003,1.45790055763413,1.1364850341568,0.255753625506791,-1.20055042096372,4.51431475104379,0.999996861415992
"virus_comp_5552_cycle_1_1","fixed","cond",NA,"(Intercept)",-19.0528191791414,42.4435857776151,-0.44889749134226,0.653505605845618,-102.240718678003,64.1350803197205,0.766923934132874
"virus_comp_5552_cycle_1_1","fixed","cond",NA,"Dx.StatusCELIAC",6.16586920674552,12.0867443818102,0.51013482307318,0.609957010187434,-17.5237144719444,29.8554528854354,0.999986353446738
"virus_comp_5552_cycle_1_1","fixed","cond",NA,"onset_timeline_combinedt0-6",0.132898016889571,14.8065139842904,0.00897564524847474,0.992838567389931,-28.8873361289083,29.1531321626875,0.999999447029537
"virus_comp_5552_cycle_1_1","fixed","cond",NA,"onset_timeline_combinedt0-12",-18.4749972223808,12.0643462509693,-1.53137160008951,0.125677578913761,-42.1206813713015,5.17068692653991,0.99998627227119
"virus_comp_5552_cycle_1_1","fixed","cond",NA,"onset_timeline_combinedt0-18",-8.16834153718816,4923.32021327065,-0.00165911238419363,0.998676220451333,-9657.69864390573,9641.36196083135,0.999997145165192
"virus_comp_5552_cycle_1_1","fixed","cond",NA,"onset_timeline_combinedt0-24",-19.2211440902472,12.1673744513555,-1.57972816297322,0.114169133134536,-43.0687598013168,4.62647162082244,0.99999582928833
"virus_comp_5552_cycle_1_1","fixed","cond",NA,"onset_timeline_combinedt0-30",-9.50103894740315,1152.13419272766,-0.00824646903752558,0.993420344247998,-2267.64256205074,2248.64048415593,0.999987296772671
"virus_comp_5552_cycle_1_1","fixed","cond",NA,"onset_timeline_combinedt0-36",-18.4211857025664,12.6607341649028,-1.4549855847722,0.145673252298597,-43.2357686836116,6.39339727847878,0.397800035123091
"virus_comp_5552_cycle_1_1","fixed","cond",NA,"onset_timeline_combinedt0-over42",-36.1135788835826,61510.372870797,-0.000587113639506616,0.999531551118513,-120594.229081275,120522.001923508,0.999994751597901
"virus_comp_5552_cycle_1_1","fixed","cond",NA,"SexMale",46.5387024390561,17.9938838522785,2.5863622784896,0.00969949236381371,11.2713381465935,81.8060667315187,0.911301072911253
"virus_comp_5552_cycle_1_1","fixed","cond",NA,"Age.at.Gluten.Introduction..months.",-3.04178201692452,5.12038118971869,-0.594053822209988,0.552476115064767,-13.0775447358895,6.99398070204047,0.8087794674144
"virus_comp_5552_cycle_1_1","fixed","cond",NA,"HLA.CategoryHigh Risk",-10.9262404770438,12.6976783406573,-0.860491200352634,0.389518332136544,-35.8132327120064,13.9607517579188,0.903310309051692
"virus_comp_5552_cycle_1_1","fixed","cond",NA,"HLA.CategoryLow/No Risk",-43.0904957795304,4127.81577816988,-0.010439054961565,0.991670990491134,-8133.46075580867,8047.27976424961,0.999989527982172
"virus_comp_5552_cycle_1_1","fixed","cond",NA,"feeding_first_yearFormula",-19.5656420324493,26.4636478970013,-0.739340324833536,0.459700368768444,-71.433438810121,32.3021547452224,0.999985531355603
"virus_comp_5552_cycle_1_1","fixed","cond",NA,"feeding_first_yearBreastmilk_and_formula",14.010832099033,12.890602065064,1.08690284816137,0.277079747472333,-11.2542836875302,39.2759478855961,0.836964856897864
"virus_comp_5552_cycle_1_1","fixed","cond",NA,"Delivery.ModeC-Section",96.921705852264,4128.05375803055,0.0234787896508654,0.98126835722785,-7993.91498613284,8187.75839783737,0.999999650716233
"virus_comp_5552_cycle_1_1","fixed","cond",NA,"Dx.StatusCELIAC:onset_timeline_combinedt0-6",-15.5029380352602,25191.6749791816,-0.000615399255828438,0.999508982466038,-49390.27860747,49359.2727313995,0.999999878775183
"virus_comp_5552_cycle_1_1","fixed","cond",NA,"Dx.StatusCELIAC:onset_timeline_combinedt0-12",18.4749923530491,12.715977391208,1.45289597367663,0.146252639041446,-6.44786536194414,43.3978500680423,0.570420738474972
"virus_comp_5552_cycle_1_1","fixed","cond",NA,"Dx.StatusCELIAC:onset_timeline_combinedt0-18",7.53723091466773,4923.32196095119,0.00153092383038292,0.998778499989116,-9641.99649684478,9657.07095867411,0.999999861216808
"virus_comp_5552_cycle_1_1","fixed","cond",NA,"Dx.StatusCELIAC:onset_timeline_combinedt0-24",-10.0861229832662,16.7012487704082,-0.603914301374705,0.545900620062356,-42.8199690701101,22.6477231035777,0.999998617618745
"virus_comp_5552_cycle_1_1","fixed","cond",NA,"Dx.StatusCELIAC:onset_timeline_combinedt0-30",-2.77901642213329,1152.17276769645,-0.00241197891501064,0.99807552112872,-2260.99614507501,2255.43811223074,0.999999714796086
"virus_comp_5552_cycle_1_1","fixed","cond",NA,"Dx.StatusCELIAC:onset_timeline_combinedt0-36",-10.8860405935348,17.0099653933714,-0.639980172903642,0.522185489549171,-44.2249601428155,22.4528789557459,0.999999153356744
"virus_comp_5552_cycle_1_1","fixed","cond",NA,"Dx.StatusCELIAC:onset_timeline_combinedt0-over42",-23.9299022044742,62189.3521101835,-0.000384790987403706,0.999692981219591,-121912.820260044,121864.960455635,0.999996861415992
"virus_comp_5552_cycle_1_3","fixed","cond",NA,"(Intercept)",-5.66766392380613,2.41052619093307,-2.35121441331955,0.0187122477180803,-10.3922084418255,-0.94311940578678,0.0538969246180801
"virus_comp_5552_cycle_1_3","fixed","cond",NA,"Dx.StatusCELIAC",-0.248293444750259,1.75615874686609,-0.141384396594753,0.887566280160472,-3.69030133974279,3.19371445024227,0.999986353446738
"virus_comp_5552_cycle_1_3","fixed","cond",NA,"onset_timeline_combinedt0-6",0.631291357761104,1.8141089019303,0.347989780045387,0.727847858742071,-2.92429675405579,4.186879469578,0.999999447029537
"virus_comp_5552_cycle_1_3","fixed","cond",NA,"onset_timeline_combinedt0-12",-0.722535460833195,1.07139059701144,-0.674390332385452,0.500063187420681,-2.82242244435049,1.3773515226841,0.99998627227119
"virus_comp_5552_cycle_1_3","fixed","cond",NA,"onset_timeline_combinedt0-18",-2.0440678696634,2.37237626061828,-0.861612006322589,0.388901061831579,-6.69383989825303,2.60570415892624,0.999997145165192
"virus_comp_5552_cycle_1_3","fixed","cond",NA,"onset_timeline_combinedt0-24",-3.18596866788883,2.17412979987389,-1.46539947526299,0.142811960530648,-7.44718477335693,1.07524743757927,0.99999582928833
"virus_comp_5552_cycle_1_3","fixed","cond",NA,"onset_timeline_combinedt0-30",-3.03121408443427,2.27050635470797,-1.33503880231339,0.181863647109348,-7.48132476633122,1.41889659746268,0.765753499201465
"virus_comp_5552_cycle_1_3","fixed","cond",NA,"onset_timeline_combinedt0-36",-3.18599919128149,2.17414644122234,-1.46540229805784,0.142811190837811,-7.4472479131932,1.07524953063023,0.397800035123091
"virus_comp_5552_cycle_1_3","fixed","cond",NA,"onset_timeline_combinedt0-over42",-1.64730606556261,1.11002684943329,-1.48402362195438,0.137802653955148,-3.82291871232433,0.52830658119911,0.999994751597901
"virus_comp_5552_cycle_1_3","fixed","cond",NA,"SexMale",1.60755382655447,1.80354658131259,0.89132925271302,0.372752559683234,-1.92733251725854,5.14244017036748,0.990535691749098
"virus_comp_5552_cycle_1_3","fixed","cond",NA,"Age.at.Gluten.Introduction..months.",0.181298345086772,0.147280956590007,1.2309693614461,0.218334323634421,-0.107367025438248,0.469963715611792,0.542907260983915
"virus_comp_5552_cycle_1_3","fixed","cond",NA,"HLA.CategoryHigh Risk",1.52684720574143,1.66512172284781,0.916958312891449,0.359164485190532,-1.73673140091556,4.79042581239842,0.903310309051692
"virus_comp_5552_cycle_1_3","fixed","cond",NA,"HLA.CategoryLow/No Risk",-1.12705808922814,2.95679292980906,-0.381175860462073,0.703072759986078,-6.92226574139658,4.66814956294029,0.999989527982172
"virus_comp_5552_cycle_1_3","fixed","cond",NA,"feeding_first_yearFormula",-0.240507994066975,2.22701819713644,-0.107995522612355,0.913999243876074,-4.60538345336972,4.12436746523577,0.999985531355603
"virus_comp_5552_cycle_1_3","fixed","cond",NA,"feeding_first_yearBreastmilk_and_formula",-1.04736013377253,1.68697761939074,-0.620850046695215,0.534698290977648,-4.3537755105035,2.25905524295845,0.956122944670933
"virus_comp_5552_cycle_1_3","fixed","cond",NA,"Delivery.ModeC-Section",3.91531999285771,4.03743672797259,0.96975389502235,0.332169179100956,-3.9979105838278,11.8285505695432,0.999999650716233
"virus_comp_5552_cycle_1_3","fixed","cond",NA,"Dx.StatusCELIAC:onset_timeline_combinedt0-6",0.216074903523357,2.65743105698693,0.0813096930418014,0.935195665583591,-4.99239425956923,5.42454406661594,0.999999878775183
"virus_comp_5552_cycle_1_3","fixed","cond",NA,"Dx.StatusCELIAC:onset_timeline_combinedt0-12",2.98853645951319,1.55554997619136,1.92120890055258,0.0547053765188901,-0.0602854699740121,6.03735838900038,0.289529355501562
"virus_comp_5552_cycle_1_3","fixed","cond",NA,"Dx.StatusCELIAC:onset_timeline_combinedt0-18",4.31470493447643,2.8444136497213,1.5169048759484,0.129290702382532,-1.26024337611144,9.8896532450643,0.980494895288232
"virus_comp_5552_cycle_1_3","fixed","cond",NA,"Dx.StatusCELIAC:onset_timeline_combinedt0-24",4.04435148805171,2.36923062147187,1.70703157868995,0.0878161830700378,-0.599255201102615,8.68795817720603,0.999998617618745
"virus_comp_5552_cycle_1_3","fixed","cond",NA,"Dx.StatusCELIAC:onset_timeline_combinedt0-30",2.738149057049,2.49893204119659,1.09572769963679,0.273197956933764,-2.15966774350947,7.63596585760748,0.999999714796086
"virus_comp_5552_cycle_1_3","fixed","cond",NA,"Dx.StatusCELIAC:onset_timeline_combinedt0-36",2.28866976265836,2.36587119604331,0.96736870818916,0.333359747206998,-2.34835257364723,6.92569209896395,0.999999153356744
"virus_comp_5552_cycle_1_3","fixed","cond",NA,"Dx.StatusCELIAC:onset_timeline_combinedt0-over42",0.969148659804527,1.29861576672978,0.746293618662179,0.455490065429388,-1.57609147274171,3.51438879235076,0.999996861415992
"virus_comp_6161_cycle_1_4","fixed","cond",NA,"(Intercept)",-1.7695722428918,0.884401010361802,-2.00087089697906,0.0454063046215786,-3.50296637109177,-0.0361781146918392,0.0871310169765428
"virus_comp_6161_cycle_1_4","fixed","cond",NA,"Dx.StatusCELIAC",0.0358300825440324,0.831360664818546,0.0430981210204993,0.965623317117772,-1.59360687866359,1.66526704375166,0.999986353446738
"virus_comp_6161_cycle_1_4","fixed","cond",NA,"onset_timeline_combinedt0-6",0.0165170001517479,1.28069474039046,0.0128969063671739,0.989710042783399,-2.49359856620344,2.52663256650693,0.999999447029537
"virus_comp_6161_cycle_1_4","fixed","cond",NA,"onset_timeline_combinedt0-12",-0.859862568742077,0.901385869386787,-0.953933934339399,0.340117085004891,-2.6265464089135,0.90682127142935,0.99998627227119
"virus_comp_6161_cycle_1_4","fixed","cond",NA,"onset_timeline_combinedt0-18",-19.9008155197202,11845.4964047694,-0.00168003221137339,0.998659528867476,-23236.6471478664,23196.8455168269,0.999997145165192
"virus_comp_6161_cycle_1_4","fixed","cond",NA,"onset_timeline_combinedt0-24",-0.0760197203794922,0.798452868636012,-0.0952087760788635,0.924148999352612,-1.64095858625877,1.48891914549978,0.99999582928833
"virus_comp_6161_cycle_1_4","fixed","cond",NA,"onset_timeline_combinedt0-30",-0.355071759392329,0.90806654263312,-0.391019537359815,0.695782794548091,-2.13484947851905,1.42470595973439,0.999987296772671
"virus_comp_6161_cycle_1_4","fixed","cond",NA,"onset_timeline_combinedt0-36",-0.00362741645858356,0.791504069968744,-0.00458294100588366,0.996343354928638,-1.55494688721419,1.54769205429703,0.999986401700165
"virus_comp_6161_cycle_1_4","fixed","cond",NA,"onset_timeline_combinedt0-over42",-22.2523020870186,26010.7622592179,-0.000855503651344655,0.999317406928145,-51002.4095405877,50957.9049364136,0.999994751597901
"virus_comp_6161_cycle_1_4","fixed","cond",NA,"SexMale",-0.104462311335761,0.652193183348351,-0.160170811352939,0.872746521681007,-1.38273746166106,1.17381283898953,0.994111673083809
"virus_comp_6161_cycle_1_4","fixed","cond",NA,"Age.at.Gluten.Introduction..months.",0.0239758867704434,0.0600534693729553,0.399242325560641,0.689714659043881,-0.0937267503472281,0.141678523888115,0.913707944260934
"virus_comp_6161_cycle_1_4","fixed","cond",NA,"HLA.CategoryHigh Risk",-0.345250673395668,0.558690495473682,-0.61796410748486,0.536598998631816,-1.44026392302892,0.749762576237586,0.967110809971833
"virus_comp_6161_cycle_1_4","fixed","cond",NA,"HLA.CategoryLow/No Risk",-1.39363648385143,1.43626098631369,-0.970322592573057,0.331885719305874,-4.20865628942623,1.42138332172337,0.999989527982172
"virus_comp_6161_cycle_1_4","fixed","cond",NA,"feeding_first_yearFormula",1.45016635496539,0.758017161336442,1.91310491230652,0.0557346230210895,-0.0355199809173192,2.93585269084811,0.695850701120582
"virus_comp_6161_cycle_1_4","fixed","cond",NA,"feeding_first_yearBreastmilk_and_formula",0.222304094926467,0.601892244821679,0.369342015683104,0.71187281194936,-0.957383027497988,1.40199121735092,0.983038566973875
"virus_comp_6161_cycle_1_4","fixed","cond",NA,"Delivery.ModeC-Section",0.5360674362931,1.66268861761913,0.322409999450598,0.747142109882978,-2.72274237174509,3.79487724433129,0.999999650716233
"virus_comp_6161_cycle_1_4","fixed","cond",NA,"Dx.StatusCELIAC:onset_timeline_combinedt0-6",0.753408069240812,1.65090788614346,0.456359846339327,0.64813123511299,-2.48231192939352,3.98912806787514,0.999999878775183
"virus_comp_6161_cycle_1_4","fixed","cond",NA,"Dx.StatusCELIAC:onset_timeline_combinedt0-12",-20.7673427305475,24935.4645167932,-0.000832843627860284,0.999335487004588,-48893.3797334217,48851.8450479606,0.999997398262547
"virus_comp_6161_cycle_1_4","fixed","cond",NA,"Dx.StatusCELIAC:onset_timeline_combinedt0-18",18.9657549131628,11845.4964599863,0.00160109413541496,0.998722512254768,-23197.7806856568,23235.7121954831,0.999999861216808
"virus_comp_6161_cycle_1_4","fixed","cond",NA,"Dx.StatusCELIAC:onset_timeline_combinedt0-24",-0.28966078695252,1.19664756520524,-0.242060231746546,0.808733492419246,-2.63504691694233,2.05572534303729,0.999998617618745
"virus_comp_6161_cycle_1_4","fixed","cond",NA,"Dx.StatusCELIAC:onset_timeline_combinedt0-30",-0.680023473335226,1.4542690342841,-0.467605001071885,0.640067087885618,-3.5303384043639,2.17029145769345,0.999999714796086
"virus_comp_6161_cycle_1_4","fixed","cond",NA,"Dx.StatusCELIAC:onset_timeline_combinedt0-36",-1.16033956966285,1.38232363275338,-0.839412379394561,0.401237939428831,-3.86964410483805,1.54896496551235,0.999999153356744
"virus_comp_6161_cycle_1_4","fixed","cond",NA,"Dx.StatusCELIAC:onset_timeline_combinedt0-over42",22.3446566819701,26010.762271291,0.000859054281028615,0.99931457393658,-50957.8126054816,51002.5019188455,0.999996861415992
"virus_comp_6408_cycle_1_1","fixed","cond",NA,"(Intercept)",-9.9315813734202,3.72197743814463,-2.66836151977617,0.00762221927162634,-17.2265231034543,-2.63663964338608,0.036411364139957
"virus_comp_6408_cycle_1_1","fixed","cond",NA,"Dx.StatusCELIAC",-4.13085495204818,2.91007674753325,-1.41950034670039,0.155753195858628,-9.8345005694608,1.57279066536445,0.999986353446738
"virus_comp_6408_cycle_1_1","fixed","cond",NA,"onset_timeline_combinedt0-6",1.33631640420703,1.92625467911786,0.693738174237169,0.487846421326078,-2.43907339191574,5.1117062003298,0.999999447029537
"virus_comp_6408_cycle_1_1","fixed","cond",NA,"onset_timeline_combinedt0-12",-1.06068109768506,1.36558696598737,-0.776721749770179,0.437322951917489,-3.73718236877762,1.61582017340751,0.99998627227119
"virus_comp_6408_cycle_1_1","fixed","cond",NA,"onset_timeline_combinedt0-18",-3.89443391894,6.32831051463918,-0.615398677092577,0.538291464850909,-16.2976946106189,8.50882677273893,0.999997145165192
"virus_comp_6408_cycle_1_1","fixed","cond",NA,"onset_timeline_combinedt0-24",-26.7799677770565,14939.4330457693,-0.0017925692156464,0.998569737464643,-29307.5306869324,29253.9707513783,0.99999582928833
"virus_comp_6408_cycle_1_1","fixed","cond",NA,"onset_timeline_combinedt0-30",-4.60788464107988,2.71593782634157,-1.69660902999639,0.0897706014757118,-9.93102496495936,0.715255682799596,0.765753499201465
"virus_comp_6408_cycle_1_1","fixed","cond",NA,"onset_timeline_combinedt0-36",-5.67247557937854,2.89262699057453,-1.96101177160484,0.0498776497199052,-11.3419203016131,-0.00303085714398499,0.391284665407418
"virus_comp_6408_cycle_1_1","fixed","cond",NA,"onset_timeline_combinedt0-over42",-3.58282061369773,1.87907079107508,-1.90669805028893,0.0565596996181093,-7.26573168860607,0.100090461210618,0.855925345306313
"virus_comp_6408_cycle_1_1","fixed","cond",NA,"SexMale",3.1670790538666,3.39064970365822,0.934062592915333,0.350271606354639,-3.47847224949491,9.8126303572281,0.990535691749098
"virus_comp_6408_cycle_1_1","fixed","cond",NA,"Age.at.Gluten.Introduction..months.",0.307543355737711,0.291877197018123,1.05367380144676,0.292032287484392,-0.264525438326312,0.879612149801733,0.668848142302963
"virus_comp_6408_cycle_1_1","fixed","cond",NA,"HLA.CategoryHigh Risk",0.757575662439676,2.7719956180435,0.273296125545241,0.784625593378805,-4.67543591422844,6.19058723910779,0.978697013291682
"virus_comp_6408_cycle_1_1","fixed","cond",NA,"HLA.CategoryLow/No Risk",-1.46379517271172,5.02952001696309,-0.291040729090403,0.771020169800804,-11.3214732654827,8.39388292005922,0.999989527982172
"virus_comp_6408_cycle_1_1","fixed","cond",NA,"feeding_first_yearFormula",-0.279309570240384,3.43049051638085,-0.0814197179402363,0.935108168520441,-7.00294743165306,6.44432829117229,0.999985531355603
"virus_comp_6408_cycle_1_1","fixed","cond",NA,"feeding_first_yearBreastmilk_and_formula",0.879805296805237,2.72882687772425,0.322411547609413,0.747140937192507,-4.46859710357918,6.22820769718965,0.983038566973875
"virus_comp_6408_cycle_1_1","fixed","cond",NA,"Delivery.ModeC-Section",2.48830924558752,6.4774020817856,0.384152352157453,0.700865531286201,-10.207165548097,15.1837840392721,0.999999650716233
"virus_comp_6408_cycle_1_1","fixed","cond",NA,"Dx.StatusCELIAC:onset_timeline_combinedt0-6",0.804255061362751,4.14198487534135,0.194171414326198,0.846041664942316,-7.31388611881591,8.92239624154142,0.999999878775183
"virus_comp_6408_cycle_1_1","fixed","cond",NA,"Dx.StatusCELIAC:onset_timeline_combinedt0-12",5.59201958568494,2.25427175583216,2.48063241320284,0.0131149542467872,1.17372813288803,10.0103110384818,0.173691409990211
"virus_comp_6408_cycle_1_1","fixed","cond",NA,"Dx.StatusCELIAC:onset_timeline_combinedt0-18",9.37897181852924,6.96157719636698,1.34724812409231,0.177900333467157,-4.26546876194535,23.0234123990038,0.980494895288232
"virus_comp_6408_cycle_1_1","fixed","cond",NA,"Dx.StatusCELIAC:onset_timeline_combinedt0-24",28.2347310239468,14939.4331172661,0.00188994661325635,0.998492041674253,-29252.5161282625,29308.9855903104,0.999998617618745
"virus_comp_6408_cycle_1_1","fixed","cond",NA,"Dx.StatusCELIAC:onset_timeline_combinedt0-30",6.04918575844804,3.08695716150888,1.95959498041471,0.0500431485441325,-0.00113909992735195,12.0995106168234,0.869674678842042
"virus_comp_6408_cycle_1_1","fixed","cond",NA,"Dx.StatusCELIAC:onset_timeline_combinedt0-36",5.84053639455824,3.11568838968226,1.87455729330938,0.0608536531021551,-0.266100636268578,11.9471734253851,0.617229910036145
"virus_comp_6408_cycle_1_1","fixed","cond",NA,"Dx.StatusCELIAC:onset_timeline_combinedt0-over42",3.35768081382354,2.05315771931133,1.63537403008171,0.101970663091682,-0.666434370607063,7.38179599825414,0.999996861415992
"virus_comp_6408_cycle_1_4","fixed","cond",NA,"(Intercept)",-10.0872901220716,4.62327468752676,-2.18184962041868,0.0291206330423961,-19.1487420002597,-1.02583824388345,0.0712953429658664
"virus_comp_6408_cycle_1_4","fixed","cond",NA,"Dx.StatusCELIAC",-0.932017014310988,3.0142008029382,-0.309208667651628,0.757162800938729,-6.83974203024156,4.97570800161958,0.999986353446738
"virus_comp_6408_cycle_1_4","fixed","cond",NA,"onset_timeline_combinedt0-6",-16.8864932896483,18619.9919666189,-0.000906901212413071,0.999276397623632,-36511.4001402877,36477.6271537084,0.999999447029537
"virus_comp_6408_cycle_1_4","fixed","cond",NA,"onset_timeline_combinedt0-12",-0.0171502348791034,1.42673503248092,-0.0120206166447608,0.990409166539977,-2.81349951402328,2.77919904426507,0.99998627227119
"virus_comp_6408_cycle_1_4","fixed","cond",NA,"onset_timeline_combinedt0-18",-22.3197335466994,83414.8909484488,-0.000267574929283228,0.999786506097615,-163512.501766842,163467.862299749,0.999997145165192
"virus_comp_6408_cycle_1_4","fixed","cond",NA,"onset_timeline_combinedt0-24",0.413424098299192,1.51347285939295,0.273162545157907,0.784728270052514,-2.55292819768983,3.37977639428822,0.99999582928833
"virus_comp_6408_cycle_1_4","fixed","cond",NA,"onset_timeline_combinedt0-30",0.922701901487098,1.59241900924423,0.579434116354223,0.562296289639858,-2.19838200492855,4.04378580790274,0.999987296772671
"virus_comp_6408_cycle_1_4","fixed","cond",NA,"onset_timeline_combinedt0-36",0.413403566397057,1.51347807640862,0.273148037517686,0.784739421587588,-2.5529589547548,3.37976608754892,0.999986401700165
"virus_comp_6408_cycle_1_4","fixed","cond",NA,"onset_timeline_combinedt0-over42",-24.1856272420032,149638.612544584,-0.00016162691454251,0.999871040380838,-293310.476911171,293262.105656687,0.999994751597901
"virus_comp_6408_cycle_1_4","fixed","cond",NA,"SexMale",1.71223643625163,2.40603877145396,0.711641248913429,0.476686957193297,-3.00351290120513,6.42798577370838,0.990535691749098
"virus_comp_6408_cycle_1_4","fixed","cond",NA,"Age.at.Gluten.Introduction..months.",0.270821648574894,0.205389426153233,1.3185763924032,0.187310770375855,-0.131734229490792,0.67337752664058,0.5212200923141
"virus_comp_6408_cycle_1_4","fixed","cond",NA,"HLA.CategoryHigh Risk",-0.375638247645566,2.42197639724019,-0.155095750756944,0.876745832056588,-5.12262475764241,4.37134826235128,0.986363062799899
"virus_comp_6408_cycle_1_4","fixed","cond",NA,"HLA.CategoryLow/No Risk",-1.48841399296294,4.08479262478409,-0.364379328324316,0.715574769632133,-9.49446042185458,6.5176324359287,0.999989527982172
"virus_comp_6408_cycle_1_4","fixed","cond",NA,"feeding_first_yearFormula",0.0567900498223033,3.27885414266324,0.0173200902972084,0.986181258267356,-6.3696459803576,6.48322608000221,0.999985531355603
"virus_comp_6408_cycle_1_4","fixed","cond",NA,"feeding_first_yearBreastmilk_and_formula",0.432627066659857,2.2415116172484,0.193006836694844,0.84695361385369,-3.96065497407514,4.82590910739486,0.983038566973875
"virus_comp_6408_cycle_1_4","fixed","cond",NA,"Delivery.ModeC-Section",2.87383034170386,5.22082543063794,0.550455168418207,0.582007218237951,-7.35879947191731,13.106460155325,0.999999650716233
"virus_comp_6408_cycle_1_4","fixed","cond",NA,"Dx.StatusCELIAC:onset_timeline_combinedt0-6",19.2116740782009,18619.9921433273,0.00103177670163978,0.99917676144563,-36475.3023192621,36513.7256674185,0.999999878775183
"virus_comp_6408_cycle_1_4","fixed","cond",NA,"Dx.StatusCELIAC:onset_timeline_combinedt0-12",4.52297651416756,2.78933973285752,1.6215222767196,0.104905676377738,-0.94402890287976,9.98998193121488,0.480535678891572
"virus_comp_6408_cycle_1_4","fixed","cond",NA,"Dx.StatusCELIAC:onset_timeline_combinedt0-18",27.1389565807224,83414.8910002676,0.000325349062443003,0.999740409010785,-163463.043178278,163517.321091439,0.999999861216808
"virus_comp_6408_cycle_1_4","fixed","cond",NA,"Dx.StatusCELIAC:onset_timeline_combinedt0-24",1.58493349534041,2.04563154043669,0.774789332296893,0.438464153870366,-2.42443064955469,5.59429764023551,0.999998617618745
"virus_comp_6408_cycle_1_4","fixed","cond",NA,"Dx.StatusCELIAC:onset_timeline_combinedt0-30",1.06262463172592,2.1163951656259,0.502091787481313,0.615602956814632,-3.08543366995552,5.21068293340736,0.999999714796086
"virus_comp_6408_cycle_1_4","fixed","cond",NA,"Dx.StatusCELIAC:onset_timeline_combinedt0-36",0.396146062251799,1.98650194829241,0.199418914535838,0.841935065955831,-3.49732621161997,4.28961833612357,0.999999153356744
"virus_comp_6408_cycle_1_4","fixed","cond",NA,"Dx.StatusCELIAC:onset_timeline_combinedt0-over42",23.9567597424767,149638.612547178,0.000160097446338749,0.999872260719888,-293262.33452927,293310.248048755,0.999996861415992
"virus_comp_7129_cycle_1_1","fixed","cond",NA,"(Intercept)",-7.24992351407139,3.38012183719952,-2.14487047013609,0.0319632048586952,-13.8748405783398,-0.625006449802977,0.0729991035652729
"virus_comp_7129_cycle_1_1","fixed","cond",NA,"Dx.StatusCELIAC",-1.12153145659616,2.36390418238704,-0.474440319938708,0.635185946513133,-5.75469851697836,3.51163560378605,0.999986353446738
"virus_comp_7129_cycle_1_1","fixed","cond",NA,"onset_timeline_combinedt0-6",0.899853395646113,2.4746004927808,0.36363582657939,0.716129969950132,-3.95027444632932,5.74998123762155,0.999999447029537
"virus_comp_7129_cycle_1_1","fixed","cond",NA,"onset_timeline_combinedt0-12",-2.00651968106836,1.38034215481178,-1.45363935606384,0.14604631957295,-4.71194059084186,0.698901228705129,0.99998627227119
"virus_comp_7129_cycle_1_1","fixed","cond",NA,"onset_timeline_combinedt0-18",-3.12412453830949,3.62311207151305,-0.862276539241808,0.388535359721653,-10.2252937104274,3.9770446338084,0.999997145165192
"virus_comp_7129_cycle_1_1","fixed","cond",NA,"onset_timeline_combinedt0-24",-5.02414969566117,2.52215082574087,-1.99201001160799,0.0463699594214068,-9.96747447769124,-0.0808249136311039,0.99999582928833
"virus_comp_7129_cycle_1_1","fixed","cond",NA,"onset_timeline_combinedt0-30",-3.65535949481947,2.2108300753361,-1.65338780922083,0.0982519623132903,-7.9885068184162,0.677787828777253,0.765753499201465
"virus_comp_7129_cycle_1_1","fixed","cond",NA,"onset_timeline_combinedt0-36",-3.71231071356905,2.14889122097116,-1.72754706117294,0.0840694609102209,-7.92406011336682,0.499438686228716,0.396026913744603
"virus_comp_7129_cycle_1_1","fixed","cond",NA,"onset_timeline_combinedt0-over42",-2.10229843380684,1.20469141177817,-1.74509290367046,0.080968698630902,-4.46345021337676,0.25885334576309,0.855925345306313
"virus_comp_7129_cycle_1_1","fixed","cond",NA,"SexMale",1.0780316124226,2.51005563145872,0.42948514722604,0.667570200546226,-3.84158702442843,5.99765024927362,0.990535691749098
"virus_comp_7129_cycle_1_1","fixed","cond",NA,"Age.at.Gluten.Introduction..months.",0.16974435494295,0.198893508076806,0.853443415948002,0.393413453792096,-0.220079757646415,0.559568467532315,0.72108274525109
"virus_comp_7129_cycle_1_1","fixed","cond",NA,"HLA.CategoryHigh Risk",1.7686387042696,2.23107982778784,0.792727665877935,0.427936507894562,-2.60419740482839,6.1414748133676,0.903310309051692
"virus_comp_7129_cycle_1_1","fixed","cond",NA,"HLA.CategoryLow/No Risk",-0.466319307099582,3.7395388314276,-0.124699683068022,0.900761308318253,-7.79568073548668,6.86304212128752,0.999989527982172
"virus_comp_7129_cycle_1_1","fixed","cond",NA,"feeding_first_yearFormula",0.102653535876493,3.1994924977643,0.0320843183561843,0.974404809111484,-6.16823652854764,6.37354360030063,0.999985531355603
"virus_comp_7129_cycle_1_1","fixed","cond",NA,"feeding_first_yearBreastmilk_and_formula",-0.410721373107387,2.27681805694082,-0.180392707206144,0.856844279218189,-4.87320276406185,4.05176001784708,0.983038566973875
"virus_comp_7129_cycle_1_1","fixed","cond",NA,"Delivery.ModeC-Section",4.91129593798082,5.32969001895469,0.921497483064515,0.356790754700306,-5.53470454793298,15.3572964238946,0.999999650716233
"virus_comp_7129_cycle_1_1","fixed","cond",NA,"Dx.StatusCELIAC:onset_timeline_combinedt0-6",0.441066659756603,3.17553008711973,0.138895443486936,0.88953277163819,-5.7828579428214,6.66499126233461,0.999999878775183
"virus_comp_7129_cycle_1_1","fixed","cond",NA,"Dx.StatusCELIAC:onset_timeline_combinedt0-12",5.39800010741634,2.14958760954966,2.51117939247297,0.0120328531430428,1.18488581108546,9.61111440374722,0.173691409990211
"virus_comp_7129_cycle_1_1","fixed","cond",NA,"Dx.StatusCELIAC:onset_timeline_combinedt0-18",6.85308400723537,4.47786927423094,1.53043413899401,0.125909304106941,-1.92337849773578,15.6295465122065,0.980494895288232
"virus_comp_7129_cycle_1_1","fixed","cond",NA,"Dx.StatusCELIAC:onset_timeline_combinedt0-24",6.6708249128503,2.79640640603397,2.38549908141258,0.0170559649755013,1.18996907088663,12.151680754814,0.598050195193473
"virus_comp_7129_cycle_1_1","fixed","cond",NA,"Dx.StatusCELIAC:onset_timeline_combinedt0-30",3.94873227431625,2.49722942496402,1.58124529322056,0.113821962821109,-0.945747459746896,8.84321200837939,0.999999714796086
"virus_comp_7129_cycle_1_1","fixed","cond",NA,"Dx.StatusCELIAC:onset_timeline_combinedt0-36",3.22165163622428,2.36370859554113,1.36296480974921,0.172893601425967,-1.41113208098408,7.85443535343264,0.902673409591648
"virus_comp_7129_cycle_1_1","fixed","cond",NA,"Dx.StatusCELIAC:onset_timeline_combinedt0-over42",1.69641144255002,1.40404122884552,1.20823477808049,0.226956967935894,-1.05545879879655,4.4482816838966,0.999996861415992
"virus_comp_7129_cycle_1_3","fixed","cond",NA,"(Intercept)",-5.67245069494435,2.36571909088255,-2.39777018193154,0.0164952109342296,-10.309174910613,-1.03572647927573,0.052051554503569
"virus_comp_7129_cycle_1_3","fixed","cond",NA,"Dx.StatusCELIAC",-0.102838856770786,1.71971956894278,-0.059799782841343,0.952315098536558,-3.47342727540738,3.26774956186581,0.999986353446738
"virus_comp_7129_cycle_1_3","fixed","cond",NA,"onset_timeline_combinedt0-6",0.669310157377369,1.79238820540974,0.373418077265446,0.708837307246473,-2.8437061715401,4.18232648629484,0.999999447029537
"virus_comp_7129_cycle_1_3","fixed","cond",NA,"onset_timeline_combinedt0-12",-0.665189410234554,1.02810335122194,-0.647006363167625,0.517627825225408,-2.68023495101449,1.34985613054538,0.99998627227119
"virus_comp_7129_cycle_1_3","fixed","cond",NA,"onset_timeline_combinedt0-18",-1.86276144567471,2.27225451534033,-0.819785562356211,0.412338362969252,-6.31629845945028,2.59077556810085,0.999997145165192
"virus_comp_7129_cycle_1_3","fixed","cond",NA,"onset_timeline_combinedt0-24",-2.99205274732406,2.10085055667943,-1.42421017897306,0.154385639190155,-7.10964417531667,1.12553868066855,0.99999582928833
"virus_comp_7129_cycle_1_3","fixed","cond",NA,"onset_timeline_combinedt0-30",-2.77086556829085,2.23678556625594,-1.23877121262406,0.215430237660832,-7.15488471929151,1.61315358270981,0.765753499201465
"virus_comp_7129_cycle_1_3","fixed","cond",NA,"onset_timeline_combinedt0-36",-2.99208177857025,2.10086586634959,-1.42421361901092,0.154384643678693,-7.10970321296498,1.12553965582448,0.405974433377303
"virus_comp_7129_cycle_1_3","fixed","cond",NA,"onset_timeline_combinedt0-over42",-1.09906884535522,0.954566254126247,-1.15138036841795,0.249575786626681,-2.96998432429997,0.771846633589534,0.999994751597901
"virus_comp_7129_cycle_1_3","fixed","cond",NA,"SexMale",1.60783986502386,1.75949078512084,0.913809767360293,0.360816813219297,-1.8406987049431,5.05637843499081,0.990535691749098
"virus_comp_7129_cycle_1_3","fixed","cond",NA,"Age.at.Gluten.Introduction..months.",0.176861617807792,0.143940905126431,1.22870991850749,0.219180586105411,-0.10525737214211,0.458980607757694,0.542907260983915
"virus_comp_7129_cycle_1_3","fixed","cond",NA,"HLA.CategoryHigh Risk",1.4879753949387,1.62622414080933,0.91498788979862,0.360197987720131,-1.69936535183717,4.67531614171458,0.903310309051692
"virus_comp_7129_cycle_1_3","fixed","cond",NA,"HLA.CategoryLow/No Risk",-1.04058036467842,2.90080955218875,-0.35872067640334,0.7198040589662,-6.72606261297813,4.64490188362129,0.999989527982172
"virus_comp_7129_cycle_1_3","fixed","cond",NA,"feeding_first_yearFormula",-0.0738925051430403,2.16137409028658,-0.0341877444886196,0.972727439310654,-4.31010787922276,4.16232286893668,0.999985531355603
"virus_comp_7129_cycle_1_3","fixed","cond",NA,"feeding_first_yearBreastmilk_and_formula",-1.09941740723083,1.65224590299466,-0.66540785801808,0.505789660264687,-4.33775987070423,2.13892505624257,0.956122944670933
"virus_comp_7129_cycle_1_3","fixed","cond",NA,"Delivery.ModeC-Section",4.05111216531145,3.93328966835759,1.02995520464758,0.303031034233343,-3.65799392543292,11.7602182560558,0.999999650716233
"virus_comp_7129_cycle_1_3","fixed","cond",NA,"Dx.StatusCELIAC:onset_timeline_combinedt0-6",0.177263003113157,2.63914052375669,0.0671669437521394,0.946448800739656,-4.99535737359012,5.34988337981643,0.999999878775183
"virus_comp_7129_cycle_1_3","fixed","cond",NA,"Dx.StatusCELIAC:onset_timeline_combinedt0-12",2.89765460893772,1.51039817197299,1.91847068058392,0.0550513563277618,-0.0626714104444663,5.85798062831991,0.289529355501562
"virus_comp_7129_cycle_1_3","fixed","cond",NA,"Dx.StatusCELIAC:onset_timeline_combinedt0-18",4.10411163134805,2.74358854807574,1.49589180718316,0.134681851639206,-1.27322311127693,9.48144637397303,0.980494895288232
"virus_comp_7129_cycle_1_3","fixed","cond",NA,"Dx.StatusCELIAC:onset_timeline_combinedt0-24",3.84363293867019,2.29896486942743,1.67189720460037,0.0945445941250604,-0.662255407130405,8.34952128447078,0.999998617618745
"virus_comp_7129_cycle_1_3","fixed","cond",NA,"Dx.StatusCELIAC:onset_timeline_combinedt0-30",2.47330725000162,2.46581753938273,1.00303741477188,0.315842809348372,-2.35960631963571,7.30622081963894,0.999999714796086
"virus_comp_7129_cycle_1_3","fixed","cond",NA,"Dx.StatusCELIAC:onset_timeline_combinedt0-36",2.09382062318889,2.29848237468024,0.910957876490212,0.362317568810562,-2.41112205028447,6.59876329666225,0.999999153356744
"virus_comp_7129_cycle_1_3","fixed","cond",NA,"Dx.StatusCELIAC:onset_timeline_combinedt0-over42",0.423459344289023,1.1701354484458,0.361889168344973,0.717434854545522,-1.86996399169837,2.71688268027641,0.999996861415992
"virus_comp_8074_cycle_1_1","fixed","cond",NA,"(Intercept)",-6.35702480259715,2.98864359292141,-2.12706018799088,0.0334150826179066,-12.2146586073495,-0.499390997844806,0.0729991035652729
"virus_comp_8074_cycle_1_1","fixed","cond",NA,"Dx.StatusCELIAC",-0.321893659619143,2.03301335309759,-0.158333273674121,0.874194190224141,-4.30652661177944,3.66273929254115,0.999986353446738
"virus_comp_8074_cycle_1_1","fixed","cond",NA,"onset_timeline_combinedt0-6",0.653327752491101,2.64280915428089,0.247209584329169,0.80474602824245,-4.5264830079122,5.8331385128944,0.999999447029537
"virus_comp_8074_cycle_1_1","fixed","cond",NA,"onset_timeline_combinedt0-12",-1.92661370131427,1.36259568147179,-1.4139291115566,0.157382717363797,-4.59725216248878,0.744024759860251,0.99998627227119
"virus_comp_8074_cycle_1_1","fixed","cond",NA,"onset_timeline_combinedt0-18",-2.602090967776,2.92657779785978,-0.889124140037868,0.373936366577713,-8.33807804953572,3.13389611398372,0.999997145165192
"virus_comp_8074_cycle_1_1","fixed","cond",NA,"onset_timeline_combinedt0-24",-3.81341296210865,2.96908669173435,-1.28437238721416,0.199011689777559,-9.63271594488515,2.00589002066785,0.99999582928833
"virus_comp_8074_cycle_1_1","fixed","cond",NA,"onset_timeline_combinedt0-30",-3.52070339348415,2.92915491568203,-1.20195192635088,0.229382154298265,-9.26174153335938,2.22033474639108,0.765753499201465
"virus_comp_8074_cycle_1_1","fixed","cond",NA,"onset_timeline_combinedt0-36",-3.81343074512656,2.96911570413397,-1.28436582643682,0.19901398427936,-9.63279059116142,2.0059291009083,0.447590984981302
"virus_comp_8074_cycle_1_1","fixed","cond",NA,"onset_timeline_combinedt0-over42",-1.99529660568372,1.20028553306573,-1.66235162444006,0.0964422924288803,-4.34781302165701,0.357219810289569,0.855925345306313
"virus_comp_8074_cycle_1_1","fixed","cond",NA,"SexMale",1.08042089345972,2.19103502635443,0.493109822738611,0.621934990658531,-3.21392884706073,5.37477063398017,0.990535691749098
"virus_comp_8074_cycle_1_1","fixed","cond",NA,"Age.at.Gluten.Introduction..months.",0.162516163131181,0.173606688319181,0.936116947478372,0.349212978171124,-0.177746693449684,0.502779019712046,0.72108274525109
"virus_comp_8074_cycle_1_1","fixed","cond",NA,"HLA.CategoryHigh Risk",1.5612292816072,1.98639639496144,0.785960589521463,0.431890576173865,-2.33203611153742,5.45449467475183,0.903310309051692
"virus_comp_8074_cycle_1_1","fixed","cond",NA,"HLA.CategoryLow/No Risk",-0.783055347761675,3.37997149239168,-0.231675133806404,0.816790346311469,-7.40767774162147,5.84156704609812,0.999989527982172
"virus_comp_8074_cycle_1_1","fixed","cond",NA,"feeding_first_yearFormula",0.0423285493398351,2.7287160349807,0.0155122588049491,0.98762350455805,-5.30585660325928,5.39051370193895,0.999985531355603
"virus_comp_8074_cycle_1_1","fixed","cond",NA,"feeding_first_yearBreastmilk_and_formula",-0.591724990718539,2.01783286527459,-0.293247771359902,0.769332771948764,-4.54660473347799,3.36315475204091,0.983038566973875
"virus_comp_8074_cycle_1_1","fixed","cond",NA,"Delivery.ModeC-Section",4.48497498651086,4.71487059793551,0.951240313673653,0.341482398086233,-4.75600157720957,13.7259515502313,0.999999650716233
"virus_comp_8074_cycle_1_1","fixed","cond",NA,"Dx.StatusCELIAC:onset_timeline_combinedt0-6",0.224618979577809,3.28728322851337,0.0683296704188734,0.945523205738402,-6.21833775529094,6.66757571444656,0.999999878775183
"virus_comp_8074_cycle_1_1","fixed","cond",NA,"Dx.StatusCELIAC:onset_timeline_combinedt0-12",4.37802152982063,1.86198666209264,2.35126363628205,0.0187097723071764,0.728594732425101,8.02744832721617,0.173691409990211
"virus_comp_8074_cycle_1_1","fixed","cond",NA,"Dx.StatusCELIAC:onset_timeline_combinedt0-18",5.03387717057259,3.42173256549456,1.47114862842737,0.141250926468998,-1.67259542252459,11.7403497636698,0.980494895288232
"virus_comp_8074_cycle_1_1","fixed","cond",NA,"Dx.StatusCELIAC:onset_timeline_combinedt0-24",4.71071033446638,3.12622026667503,1.50683890853173,0.131851953706908,-1.41656879595587,10.8379894648886,0.999998617618745
"virus_comp_8074_cycle_1_1","fixed","cond",NA,"Dx.StatusCELIAC:onset_timeline_combinedt0-30",3.2452749637618,3.1127549706348,1.04257321709456,0.297145998973181,-2.85561267138044,9.34616259890404,0.999999714796086
"virus_comp_8074_cycle_1_1","fixed","cond",NA,"Dx.StatusCELIAC:onset_timeline_combinedt0-36",2.91511051008623,3.11305214689649,0.936415573055018,0.349059262911347,-3.18635957982598,9.01658059999844,0.999999153356744
"virus_comp_8074_cycle_1_1","fixed","cond",NA,"Dx.StatusCELIAC:onset_timeline_combinedt0-over42",1.30129028962025,1.37655270851112,0.945325436196139,0.344492756296401,-1.3967034418826,3.9992840211231,0.999996861415992
"virus_comp_8200_cycle_1_1","fixed","cond",NA,"(Intercept)",-6.59467037195887,3.18157237110855,-2.07277081981357,0.038193613313545,-12.8304376335393,-0.358903110378415,0.07860134913802
"virus_comp_8200_cycle_1_1","fixed","cond",NA,"Dx.StatusCELIAC",-0.41064153658385,2.14018602758736,-0.191871889308037,0.8478425573858,-4.60532907087092,3.78404599770322,0.999986353446738
"virus_comp_8200_cycle_1_1","fixed","cond",NA,"onset_timeline_combinedt0-6",0.748011577495038,2.75588330795191,0.271423530646854,0.786065306236428,-4.65342045168581,6.14944360667589,0.999999447029537
"virus_comp_8200_cycle_1_1","fixed","cond",NA,"onset_timeline_combinedt0-12",-1.94952061542176,1.36595869033153,-1.42721784283871,0.153517112993636,-4.62675045284105,0.72770922199754,0.99998627227119
"virus_comp_8200_cycle_1_1","fixed","cond",NA,"onset_timeline_combinedt0-18",-2.70943387895703,3.08371061695712,-0.878627801213912,0.379603116742866,-8.75339562693677,3.33452786902271,0.999997145165192
"virus_comp_8200_cycle_1_1","fixed","cond",NA,"onset_timeline_combinedt0-24",-3.94193100181313,3.39619041410246,-1.16069198754125,0.245767181442222,-10.5983418980941,2.71447989446786,0.99999582928833
"virus_comp_8200_cycle_1_1","fixed","cond",NA,"onset_timeline_combinedt0-30",-3.57628050001054,2.98478452982072,-1.19817040871133,0.23085068286974,-9.42635068007147,2.2737896800504,0.765753499201465
"virus_comp_8200_cycle_1_1","fixed","cond",NA,"onset_timeline_combinedt0-36",-3.94204869049384,3.39652922440547,-1.16061085597868,0.2458001886136,-10.5991236427663,2.71502626177864,0.526820792081786
"virus_comp_8200_cycle_1_1","fixed","cond",NA,"onset_timeline_combinedt0-over42",-2.03258189863574,1.2003191588262,-1.6933678711114,0.0903854664986474,-4.3851642198885,0.320000422617018,0.855925345306313
"virus_comp_8200_cycle_1_1","fixed","cond",NA,"SexMale",0.986798085496484,2.29034419709773,0.430851435669334,0.666576397165085,-3.50219405301536,5.47579022400833,0.990535691749098
"virus_comp_8200_cycle_1_1","fixed","cond",NA,"Age.at.Gluten.Introduction..months.",0.165741942961366,0.179819120061168,0.921714792648229,0.356677362489598,-0.186697056090206,0.518180942012939,0.72108274525109
"virus_comp_8200_cycle_1_1","fixed","cond",NA,"HLA.CategoryHigh Risk",1.69930929762237,2.07965377312311,0.817111636361681,0.413864633650106,-2.37673719801176,5.7753557932565,0.903310309051692
"virus_comp_8200_cycle_1_1","fixed","cond",NA,"HLA.CategoryLow/No Risk",-0.767585019129282,3.46401776690091,-0.221588072227471,0.824634568663288,-7.55693508406192,6.02176504580336,0.999989527982172
"virus_comp_8200_cycle_1_1","fixed","cond",NA,"feeding_first_yearFormula",-0.0568341274096523,2.87996352833991,-0.0197343219281715,0.984255311166585,-5.70145891974477,5.58779066492547,0.999985531355603
"virus_comp_8200_cycle_1_1","fixed","cond",NA,"feeding_first_yearBreastmilk_and_formula",-0.661014038589019,2.11726540119824,-0.312201785479952,0.754887175262147,-4.81077797065032,3.48874989347228,0.983038566973875
"virus_comp_8200_cycle_1_1","fixed","cond",NA,"Delivery.ModeC-Section",4.77259920439102,4.90115181427069,0.973770939005529,0.330170285522047,-4.83348183434267,14.3786802431247,0.999999650716233
"virus_comp_8200_cycle_1_1","fixed","cond",NA,"Dx.StatusCELIAC:onset_timeline_combinedt0-6",0.314704493155423,3.39005454115092,0.0928316902679037,0.926037274515448,-6.32968031312684,6.95908929943768,0.999999878775183
"virus_comp_8200_cycle_1_1","fixed","cond",NA,"Dx.StatusCELIAC:onset_timeline_combinedt0-12",4.57317030710901,1.96133040700113,2.33166746958324,0.0197181914189502,0.7290333476035,8.41730726661451,0.173691409990211
"virus_comp_8200_cycle_1_1","fixed","cond",NA,"Dx.StatusCELIAC:onset_timeline_combinedt0-18",5.28544920650852,3.81194137748899,1.38655049569261,0.165578872528239,-2.18581860454789,12.7567170175649,0.980494895288232
"virus_comp_8200_cycle_1_1","fixed","cond",NA,"Dx.StatusCELIAC:onset_timeline_combinedt0-24",4.94956585424764,3.56367328540768,1.38889439571098,0.164864864960306,-2.03510543781893,11.9342371463142,0.999998617618745
"virus_comp_8200_cycle_1_1","fixed","cond",NA,"Dx.StatusCELIAC:onset_timeline_combinedt0-30",4.22668767060152,3.1904567745229,1.32479076486895,0.185240558708037,-2.02649270169518,10.4798680428982,0.999999714796086
"virus_comp_8200_cycle_1_1","fixed","cond",NA,"Dx.StatusCELIAC:onset_timeline_combinedt0-36",2.91873184870799,3.52023247121937,0.829130426064439,0.407030608565879,-3.98079701209041,9.81826070950639,0.999999153356744
"virus_comp_8200_cycle_1_1","fixed","cond",NA,"Dx.StatusCELIAC:onset_timeline_combinedt0-over42",1.43001152135092,1.3840388937899,1.03321628298691,0.30150269447344,-1.28265486367995,4.14267790638179,0.999996861415992
"virus_comp_8200_cycle_1_2","fixed","cond",NA,"(Intercept)",-8.17785011374536,3.92815805141827,-2.08185363386606,0.0373558410175619,-15.8768984201062,-0.478801807384509,0.0780077856543205
"virus_comp_8200_cycle_1_2","fixed","cond",NA,"Dx.StatusCELIAC",-2.0788238241633,2.56208965125938,-0.811378252568746,0.417148484151368,-7.10042726579447,2.94277961746786,0.999986353446738
"virus_comp_8200_cycle_1_2","fixed","cond",NA,"onset_timeline_combinedt0-6",0.733483393717409,1.69152464470912,0.433622646889393,0.664562486481756,-2.58184398887438,4.0488107763092,0.999999447029537
"virus_comp_8200_cycle_1_2","fixed","cond",NA,"onset_timeline_combinedt0-12",-4.5208430646138,1.74511200571133,-2.59057473091593,0.0095815815476981,-7.94119974479647,-1.10048638443113,0.680292289886565
"virus_comp_8200_cycle_1_2","fixed","cond",NA,"onset_timeline_combinedt0-18",-2.02258704015504,2.6376264091232,-0.766820893648615,0.443188012077686,-7.19223980670822,3.14706572639814,0.999997145165192
"virus_comp_8200_cycle_1_2","fixed","cond",NA,"onset_timeline_combinedt0-24",-3.55185200362755,1.67641636079603,-2.11871709599695,0.0341143826592393,-6.83756769388148,-0.266136313373617,0.99999582928833
"virus_comp_8200_cycle_1_2","fixed","cond",NA,"onset_timeline_combinedt0-30",-3.31958740040141,1.73150616296748,-1.91716753390716,0.0552166511882109,-6.71327711882681,0.0741023180239897,0.765753499201465
"virus_comp_8200_cycle_1_2","fixed","cond",NA,"onset_timeline_combinedt0-36",-3.55186244207312,1.67641955211909,-2.11871928932311,0.0341141971880188,-6.8375843872053,-0.266140496940947,0.391284665407418
"virus_comp_8200_cycle_1_2","fixed","cond",NA,"onset_timeline_combinedt0-over42",-22.9445368998959,15147.0983336245,-0.001514781009176,0.99879138008199,-29710.7117410906,29664.8226672908,0.999994751597901
"virus_comp_8200_cycle_1_2","fixed","cond",NA,"SexMale",1.43282892950387,2.69257233142689,0.532141295808594,0.594628137774428,-3.84451586586188,6.71017372486962,0.990535691749098
"virus_comp_8200_cycle_1_2","fixed","cond",NA,"Age.at.Gluten.Introduction..months.",0.190239988792041,0.221357709813266,0.859423369317131,0.390106981188895,-0.243613150142229,0.624093127726311,0.72108274525109
"virus_comp_8200_cycle_1_2","fixed","cond",NA,"HLA.CategoryHigh Risk",2.05024225218608,2.55300765992328,0.803069369657782,0.421934640597923,-2.95356081351843,7.05404531789059,0.903310309051692
"virus_comp_8200_cycle_1_2","fixed","cond",NA,"HLA.CategoryLow/No Risk",-0.783422812026217,4.02769685088538,-0.194508882130491,0.845777441608418,-8.67756358040696,7.11071795635453,0.999989527982172
"virus_comp_8200_cycle_1_2","fixed","cond",NA,"feeding_first_yearFormula",-2.09660164625458,3.61467290075723,-0.580025275818283,0.561897572924092,-9.18123034763168,4.98802705512251,0.999985531355603
"virus_comp_8200_cycle_1_2","fixed","cond",NA,"feeding_first_yearBreastmilk_and_formula",0.27688752458502,2.5093819702035,0.110340923730541,0.912139002948652,-4.641410760468,5.19518580963804,0.991650327886826
"virus_comp_8200_cycle_1_2","fixed","cond",NA,"Delivery.ModeC-Section",4.29099194214336,5.67507273274356,0.7561122375376,0.449581905430418,-6.83194622367933,15.413930107966,0.999999650716233
"virus_comp_8200_cycle_1_2","fixed","cond",NA,"Dx.StatusCELIAC:onset_timeline_combinedt0-6",0.834595270333706,2.67193383168045,0.312356264379799,0.754769784634896,-4.40229880883407,6.07148934950149,0.999999878775183
"virus_comp_8200_cycle_1_2","fixed","cond",NA,"Dx.StatusCELIAC:onset_timeline_combinedt0-12",8.89179255139796,2.45076840049903,3.6281651703961,0.000285442633307287,4.08837475197102,13.6952103508249,0.0202664269648173
"virus_comp_8200_cycle_1_2","fixed","cond",NA,"Dx.StatusCELIAC:onset_timeline_combinedt0-18",6.76441489089468,3.56295485748477,1.8985407229296,0.0576248886009061,-0.21884830831751,13.7476780901069,0.980494895288232
"virus_comp_8200_cycle_1_2","fixed","cond",NA,"Dx.StatusCELIAC:onset_timeline_combinedt0-24",5.82606194678042,2.1523813694853,2.70679816754483,0.00679355457306902,1.60747198159425,10.0446519119666,0.482342374687901
"virus_comp_8200_cycle_1_2","fixed","cond",NA,"Dx.StatusCELIAC:onset_timeline_combinedt0-30",4.35636545919297,2.20049838226321,1.97971763774371,0.0477352655508764,0.0434678819184322,8.6692630364675,0.869674678842042
"virus_comp_8200_cycle_1_2","fixed","cond",NA,"Dx.StatusCELIAC:onset_timeline_combinedt0-36",3.42763537278684,1.97885478615928,1.73213082473802,0.0832502720252531,-0.450848738720053,7.30611948429374,0.695384625152114
"virus_comp_8200_cycle_1_2","fixed","cond",NA,"Dx.StatusCELIAC:onset_timeline_combinedt0-over42",22.3955379325921,15147.0983527608,0.00147853650983326,0.998820298976039,-29665.3717037646,29710.1627796298,0.999996861415992
"virus_comp_99_cycle_1_1","fixed","cond",NA,"(Intercept)",-9.16258354775226,4.55066329350765,-2.01346110595006,0.0440661427339993,-18.0817197087957,-0.243447386708855,0.0862317117007084
"virus_comp_99_cycle_1_1","fixed","cond",NA,"Dx.StatusCELIAC",-2.20444251234802,3.21805476046127,-0.685023306449899,0.493329214050104,-8.51171394312978,4.10282891843374,0.999986353446738
"virus_comp_99_cycle_1_1","fixed","cond",NA,"onset_timeline_combinedt0-6",0.813647209226491,1.52434614510134,0.533768010527816,0.593502048615573,-2.17401633514461,3.80131075359759,0.999999447029537
"virus_comp_99_cycle_1_1","fixed","cond",NA,"onset_timeline_combinedt0-12",-3.95875858844159,3.07489769938745,-1.28744399829309,0.197939577097047,-9.98544733538606,2.06793015850287,0.99998627227119
"virus_comp_99_cycle_1_1","fixed","cond",NA,"onset_timeline_combinedt0-18",-2.44567287980124,3.96321794350486,-0.617092704631433,0.537173580361724,-10.2134373119537,5.32209155235119,0.999997145165192
"virus_comp_99_cycle_1_1","fixed","cond",NA,"onset_timeline_combinedt0-24",-24.8607254219025,8767.57103819375,-0.00283553167845495,0.997737576083832,-17208.9841921781,17159.2627413343,0.99999582928833
"virus_comp_99_cycle_1_1","fixed","cond",NA,"onset_timeline_combinedt0-30",-26.3802625927137,18849.7177750805,-0.00139950438025065,0.998883357426734,-36971.1482204949,36918.3876953095,0.999987296772671
"virus_comp_99_cycle_1_1","fixed","cond",NA,"onset_timeline_combinedt0-36",-26.7132212325734,22138.6030745719,-0.00120663535737066,0.999037244511459,-43417.5779154212,43364.1514729561,0.999986401700165
"virus_comp_99_cycle_1_1","fixed","cond",NA,"onset_timeline_combinedt0-over42",-6.49154328380163,3.34228714546375,-1.94224583384828,0.0521073468824527,-13.0423057149018,0.0592191472984984,0.855925345306313
"virus_comp_99_cycle_1_1","fixed","cond",NA,"SexMale",1.13918967563421,2.87485103130665,0.396260419489087,0.691912923082836,-4.49541480664466,6.77379415791307,0.990535691749098
"virus_comp_99_cycle_1_1","fixed","cond",NA,"Age.at.Gluten.Introduction..months.",0.163476003786489,0.271608298322108,0.60188147709912,0.547253034814932,-0.368866478827053,0.69581848640003,0.8087794674144
"virus_comp_99_cycle_1_1","fixed","cond",NA,"HLA.CategoryHigh Risk",2.14661726343958,2.86190208818185,0.750066633063365,0.453214574337332,-3.46260775667683,7.75584228355598,0.906429148674665
"virus_comp_99_cycle_1_1","fixed","cond",NA,"HLA.CategoryLow/No Risk",-0.092294000353562,4.40250768401353,-0.0209639612188984,0.98327440413467,-8.72105050268093,8.53646250197381,0.999989527982172
"virus_comp_99_cycle_1_1","fixed","cond",NA,"feeding_first_yearFormula",-2.5087997085885,3.97360842720653,-0.631365610011101,0.527801496604299,-10.2969291145781,5.27932969740114,0.999985531355603
"virus_comp_99_cycle_1_1","fixed","cond",NA,"feeding_first_yearBreastmilk_and_formula",0.181923456279596,2.88670176833849,0.0630212162111594,0.949749609807101,-5.47590804377193,5.83975495633113,0.991650327886826
"virus_comp_99_cycle_1_1","fixed","cond",NA,"Delivery.ModeC-Section",4.51117647565354,6.88041808901429,0.655654411881796,0.512046507334857,-8.97419517739238,17.9965481286995,0.999999650716233
"virus_comp_99_cycle_1_1","fixed","cond",NA,"Dx.StatusCELIAC:onset_timeline_combinedt0-6",0.691840053914838,2.82128365390006,0.245221728399574,0.806284753091845,-4.83777429790085,6.22145440573053,0.999999878775183
"virus_comp_99_cycle_1_1","fixed","cond",NA,"Dx.StatusCELIAC:onset_timeline_combinedt0-12",8.15305443963461,3.9794312058186,2.04879894084197,0.040481779391588,0.353512597275361,15.9525962819939,0.22993650694422
"virus_comp_99_cycle_1_1","fixed","cond",NA,"Dx.StatusCELIAC:onset_timeline_combinedt0-18",7.38338060220878,5.6761593139443,1.30077050234838,0.19333702160613,-3.74168722363362,18.5084484280512,0.980494895288232
"virus_comp_99_cycle_1_1","fixed","cond",NA,"Dx.StatusCELIAC:onset_timeline_combinedt0-24",26.6862140799672,8767.57118482345,0.00304374079404804,0.99757144996317,-17157.4375400652,17210.8099682251,0.999998617618745
"virus_comp_99_cycle_1_1","fixed","cond",NA,"Dx.StatusCELIAC:onset_timeline_combinedt0-30",26.7211033626967,18849.7178192152,0.0014175863861186,0.998868930087735,-36918.0469410419,36971.4891477673,0.999999714796086
"virus_comp_99_cycle_1_1","fixed","cond",NA,"Dx.StatusCELIAC:onset_timeline_combinedt0-36",26.2257123453917,22138.6030977999,0.00118461459512764,0.999054814525111,-43364.6390273693,43417.0904520601,0.999999153356744
"virus_comp_99_cycle_1_1","fixed","cond",NA,"Dx.StatusCELIAC:onset_timeline_combinedt0-over42",6.07007769634827,3.41472214514162,1.77761979989635,0.0754663196345395,-0.622654725340647,12.7628101180372,0.999996861415992
"virus_comp_99_cycle_1_2","fixed","cond",NA,"(Intercept)",-9.61792480974935,4.34260469691825,-2.21478248217591,0.0267749981836113,-18.1292736148036,-1.10657600469511,0.068468942790749
"virus_comp_99_cycle_1_2","fixed","cond",NA,"Dx.StatusCELIAC",-5.63094732316758,3.50759227672275,-1.60535971085806,0.108414665497054,-12.505701857995,1.24380721165985,0.999986353446738
"virus_comp_99_cycle_1_2","fixed","cond",NA,"onset_timeline_combinedt0-6",0.917914780477329,1.53631249355169,0.597479213591025,0.550187480918174,-2.0932023758829,3.92903193683756,0.999999447029537
"virus_comp_99_cycle_1_2","fixed","cond",NA,"onset_timeline_combinedt0-12",-3.36261609841765,3.2225148654803,-1.04347574449947,0.29672800890502,-9.67862917440397,2.95339697756867,0.99998627227119
"virus_comp_99_cycle_1_2","fixed","cond",NA,"onset_timeline_combinedt0-18",-2.10353125738412,4.16156115081709,-0.505466862350708,0.613230967451738,-10.2600412324467,6.05297871767844,0.999997145165192
"virus_comp_99_cycle_1_2","fixed","cond",NA,"onset_timeline_combinedt0-24",-33.0352114131421,505590.617671268,-6.53398426681672e-05,0.999947866348367,-990972.436768459,990906.366345633,0.99999582928833
"virus_comp_99_cycle_1_2","fixed","cond",NA,"onset_timeline_combinedt0-30",-34.259932347643,959508.100015419,-3.57057249929338e-05,0.999971510953302,-1880635.57883702,1880567.05897233,0.999987296772671
"virus_comp_99_cycle_1_2","fixed","cond",NA,"onset_timeline_combinedt0-36",-34.4698775020759,1062978.07658667,-3.24276466855855e-05,0.999974126481371,-2083433.21634304,2083364.27658803,0.999986401700165
"virus_comp_99_cycle_1_2","fixed","cond",NA,"onset_timeline_combinedt0-over42",-34.8517842287669,1261767.90486211,-2.76213906650096e-05,0.999977961318843,-2473054.50216252,2472984.79859406,0.999994751597901
"virus_comp_99_cycle_1_2","fixed","cond",NA,"SexMale",0.27753843061872,3.13867075517571,0.0884254680619352,0.929538519989981,-5.8741432088548,6.42922007009224,0.994111673083809
"virus_comp_99_cycle_1_2","fixed","cond",NA,"Age.at.Gluten.Introduction..months.",0.1866225785606,0.328474489489779,0.56814938307837,0.569933538007062,-0.457175590679547,0.830420747800748,0.817480428252554
"virus_comp_99_cycle_1_2","fixed","cond",NA,"HLA.CategoryHigh Risk",0.233704669754101,2.76502965819164,0.0845215779374122,0.932641747511382,-5.18565387648661,5.65306321599481,0.99681471658418
"virus_comp_99_cycle_1_2","fixed","cond",NA,"HLA.CategoryLow/No Risk",0.313274084488477,4.60496497147641,0.0680296346289118,0.945762043900976,-8.7122914096738,9.33883957865075,0.999989527982172
"virus_comp_99_cycle_1_2","fixed","cond",NA,"feeding_first_yearFormula",0.543946732344919,3.89631969006457,0.139605262302258,0.888971882627434,-7.09269953243591,8.18059299712575,0.999985531355603
"virus_comp_99_cycle_1_2","fixed","cond",NA,"feeding_first_yearBreastmilk_and_formula",0.00184750779550019,3.00544239586506,0.000614720747282338,0.999509523837429,-5.88871134570978,5.89240636130078,0.999873453234146
"virus_comp_99_cycle_1_2","fixed","cond",NA,"Delivery.ModeC-Section",-15.2595992284044,5640.07826301548,-0.00270556515651005,0.99784127396705,-11069.609864726,11039.0906662692,0.999999650716233
"virus_comp_99_cycle_1_2","fixed","cond",NA,"Dx.StatusCELIAC:onset_timeline_combinedt0-6",2.83893771846125,4.99145883235846,0.568759117085586,0.569519622721775,-6.94414182327568,12.6220172601982,0.999999878775183
"virus_comp_99_cycle_1_2","fixed","cond",NA,"Dx.StatusCELIAC:onset_timeline_combinedt0-12",8.05599307106257,3.89425484546902,2.06868666554675,0.0385754993085434,0.4233938273227,15.6885923148024,0.22993650694422
"virus_comp_99_cycle_1_2","fixed","cond",NA,"Dx.StatusCELIAC:onset_timeline_combinedt0-18",8.28035099269822,4.83517473635197,1.71252363031363,0.0868002136769528,-1.19641734950959,17.757119334906,0.980494895288232
"virus_comp_99_cycle_1_2","fixed","cond",NA,"Dx.StatusCELIAC:onset_timeline_combinedt0-24",39.6530109023237,505590.617678462,7.84290877160652e-05,0.999937422641858,-990899.748560244,990979.054582048,0.999998617618745
"virus_comp_99_cycle_1_2","fixed","cond",NA,"Dx.StatusCELIAC:onset_timeline_combinedt0-30",36.43729375693,959508.100017681,3.79749725471401e-05,0.999969700355715,-1880564.88161535,1880637.75620287,0.999999714796086
"virus_comp_99_cycle_1_2","fixed","cond",NA,"Dx.StatusCELIAC:onset_timeline_combinedt0-36",36.6657011830887,1062978.07658859,3.44933747841345e-05,0.999972478268815,-2083362.08076811,2083435.41217048,0.999999153356744
"virus_comp_99_cycle_1_2","fixed","cond",NA,"Dx.StatusCELIAC:onset_timeline_combinedt0-over42",36.5331998093669,1261767.90486239,2.8953977723305e-05,0.999976898068204,-2472983.11717904,2473056.18357866,0.999996861415992
