"","term","coef","exp_coef","se","z_value","p_value","ci_lower","ci_upper"
"get(i)1","get(i)1",-0.19016845312312,0.826819841826983,0.328663493917749,-0.578611426709628,0.562851392800015,0.434162207705732,1.57459824624383
"CountryUSA","CountryUSA",-0.904065730588694,0.404920012820938,0.209200888727796,-4.32151955035443,1.54958318691871e-05,0.268718225284701,0.610156667301582
"SexMale","SexMale",0.117335581056214,1.1244967261793,0.195417079827152,0.600436671963363,0.548215253946934,0.766688370052936,1.64929185909088
"Delivery.ModeVaginal","Delivery.ModeVaginal",0.588312439706015,1.80094664348585,0.230821540949048,2.54877615532374,0.0108101661695027,1.1455793969881,2.83123877856948
"HLA.CategoryLow/No Risk","HLA.CategoryLow/No Risk",-0.451191741391776,0.636868716376015,0.27216937282729,-1.65776088876131,0.0973657384710637,0.37357596439503,1.08572767135933
"HLA.CategoryStandard Risk","HLA.CategoryStandard Risk",-0.383206597360984,0.68167205309004,0.190786293552786,-2.00856461030289,0.0445833275998917,0.469005463444492,0.990770522269164
