"","term","coef","exp_coef","se","z_value","p_value","ci_lower","ci_upper"
"get(i)1","get(i)1",0.00581495139599246,1.00583189104435,0.200278800831075,0.0290342830687162,0.97683724817766,0.679278356274297,1.48937145383347
"CountryUSA","CountryUSA",-0.898550735693449,0.407159313815682,0.210522200248778,-4.26819943279909,1.97057115704576e-05,0.269505450020447,0.615121908719396
"SexMale","SexMale",0.126746998924594,1.13512979239065,0.194753895932064,0.650805973960116,0.515171743391396,0.774944687649136,1.66272466423595
"Delivery.ModeVaginal","Delivery.ModeVaginal",0.581318939595546,1.78839566173648,0.23258542605316,2.49937818314841,0.0124411463877474,1.13366968658354,2.82124421316806
"HLA.CategoryLow/No Risk","HLA.CategoryLow/No Risk",-0.454790276845905,0.634581040330868,0.272205643865302,-1.67075990926534,0.0947691102163615,0.372207592794999,1.08190457299241
"HLA.CategoryStandard Risk","HLA.CategoryStandard Risk",-0.379884906590709,0.683940121682981,0.191214250156361,-1.98669767697787,0.0469559094147925,0.470171409252437,0.994901180383304
