"","baseMean","log2FoldChange","lfcSE","stat","pvalue","padj"
"Viruses;Cossaviricota;Quintoviricetes;Piccovirales;Parvoviridae;Protoparvovirus;Ungulate protoparvovirus 1",3.65090345141707,-1.22243106487078,0.29995076923807,-4.07543900612751,4.59276196087018e-05,0.00221983494775392
"Viruses;Pisuviricota;Duplopiviricetes;Durnavirales;Picobirnaviridae;Picobirnavirus;Human picobirnavirus",2.01489510203238,-0.906939443873851,0.245734659122965,-3.69072660369013,0.000223614380471404,0.00648481703367073
"Viruses;Pisuviricota;Duplopiviricetes;Durnavirales;Picobirnaviridae;unclassified Picobirnaviridae genus;Lysoka partiti-like virus",11.9752896302412,1.36103010612258,0.365702565685356,3.72168596512824,0.000197897042486794,0.00648481703367073
"Viruses;Pisuviricota;Stelpaviricetes;Stellavirales;Astroviridae;Mamastrovirus;Burkina Faso astrovirus",1.41647567114182,0.830867386200625,0.237767915580945,3.49444702903057,0.000475044867598197,0.0114802509669564
"Viruses;Pisuviricota;Stelpaviricetes;Stellavirales;Astroviridae;unclassified Astroviridae genus;Human astrovirus MLB2",1.92378203845744,-0.846575046733168,0.266519857839416,-3.1764051414257,0.00149112546141074,0.0308875988435081
"Viruses;unclassified Viruses phylum;unclassified Viruses class;unclassified Viruses order;Anelloviridae;Betatorquevirus;Torque teno mini virus 7",11.0401587655027,-1.96079722777249,0.353019229643162,-5.55436379416072,2.78624669674594e-08,2.02002885514081e-06
"Viruses;unclassified Viruses phylum;unclassified Viruses class;unclassified Viruses order;Anelloviridae;Betatorquevirus;Torque teno mini virus 9",1.31812252980145,-0.681845219452083,0.218187009350938,-3.12504956862664,0.00177775100306123,0.0322217369304849
"Viruses;unclassified Viruses phylum;unclassified Viruses class;unclassified Viruses order;Anelloviridae;Gammatorquevirus;Torque teno midi virus 12",3.12594097471478,-2.18065274622928,0.294022113003174,-7.41662837517851,1.20139430085678e-13,1.74202173624234e-11
