,01_GEMM_001_12M,01_GEMM_001_18M,01_GEMM_001_24M,01_GEMM_001_30M,01_GEMM_001_36M,01_GEMM_001_48M,01_GEMM_001_60M,01_GEMM_009_12M,01_GEMM_009_18M,01_GEMM_009_24M,01_GEMM_009_30M,01_GEMM_009_36M,01_GEMM_009_48M,01_GEMM_009_60M,01_GEMM_014_12M,01_GEMM_014_18M,01_GEMM_014_24M,01_GEMM_014_30M,01_GEMM_014_36M,01_GEMM_014_48M,01_GEMM_026_12M,01_GEMM_026_18M,01_GEMM_026_24M,01_GEMM_026_30M,01_GEMM_026_36M,01_GEMM_026_48M,01_GEMM_026_60M,01_GEMM_041_12M,01_GEMM_041_18M,01_GEMM_041_24M,01_GEMM_041_30M,01_GEMM_052_12M,01_GEMM_052_18M,01_GEMM_052_24M,01_GEMM_052_30M,01_GEMM_052_36M,01_GEMM_052_48M,01_GEMM_052_60M,01_GEMM_061_12M,01_GEMM_061_18M,01_GEMM_061_24M,01_GEMM_061_30M,01_GEMM_061_36M,01_GEMM_061_48M,01_GEMM_061_60M,01_GEMM_079_12M,01_GEMM_079_18M,01_GEMM_079_24M,01_GEMM_079_30M,01_GEMM_079_36M,01_GEMM_079_48M,01_GEMM_079_60M,01_GEMM_081_12M,01_GEMM_081_18M,01_GEMM_085_12M,01_GEMM_085_24M,01_GEMM_093_12M,01_GEMM_093_18M,01_GEMM_106_12M,01_GEMM_106_18M,01_GEMM_106_30M,01_GEMM_106_36M,01_GEMM_106_48M,01_GEMM_119_12M,01_GEMM_119_18M,01_GEMM_119_24M,01_GEMM_128_12M,01_GEMM_128_18M,01_GEMM_128_24M,01_GEMM_128_30M,01_GEMM_128_36M,01_GEMM_128_48M,01_GEMM_128_60M,01_GEMM_150_12M,01_GEMM_150_18M,01_GEMM_150_24M,01_GEMM_150_30M,01_GEMM_150_36M,01_GEMM_150_48M,01_GEMM_151_12M,01_GEMM_151_18M,01_GEMM_151_24M,01_GEMM_151_30M,01_GEMM_151_36M,01_GEMM_151_48M,01_GEMM_151_54M,01_GEMM_175_12M,01_GEMM_175_18M,01_GEMM_175_24M,01_GEMM_175_30M,01_GEMM_175_36M,01_GEMM_175_48M
contig_1,0,0,0,0,0,0,0,0,0,0,0,0,0,0,0,0,0,0,0,0,0,0,0,0,0,0,0,0,0,0,0,1098,0,0,0,0,0,2785,0,0,0,0,0,0,0,0,0,0,0,0,0,0,0,0,0,0,0,0,0,0,0,0,0,0,0,0,0,0,0,0,0,0,0,0,0,0,0,0,0,0,0,0,0,0,0,0,0,0,0,15014,3308,0
contig_10,0,0,0,0,0,0,0,0,0,0,0,0,0,22,0,0,0,0,0,0,0,0,0,0,0,0,0,0,0,0,0,58,1917,2764,287,255,0,1188,0,0,0,0,0,0,0,0,0,0,0,0,0,0,0,0,0,0,0,0,37,0,0,0,0,0,0,0,0,0,0,0,0,0,0,514,0,122,27,1419,0,0,0,1172,82,72,0,60,0,0,0,0,0,0
contig_100,0,0,0,0,0,0,0,0,0,0,0,0,0,0,0,0,0,0,0,0,10256,1248,0,4564,288,22491,33728,0,0,0,0,0,0,0,0,0,0,0,0,0,0,0,0,0,0,0,0,0,0,0,0,0,0,0,0,0,0,0,0,0,0,0,0,0,0,0,0,0,0,0,0,0,0,0,0,0,0,0,0,0,0,0,0,0,0,0,0,0,0,0,0,0
contig_10009,0,0,0,0,0,0,0,0,0,0,0,0,0,0,0,0,0,0,0,229,0,0,0,0,0,0,0,0,0,0,0,0,0,0,1775,0,0,0,0,0,0,0,0,0,536,0,0,0,473,0,0,0,11814,5498,0,30,0,1549,0,0,0,0,0,0,0,0,0,229,1396,0,0,0,0,0,0,0,0,0,0,0,0,0,0,0,0,0,6164,0,0,8147,104,0
contig_10045,0,0,0,0,0,0,0,0,0,0,0,0,0,0,0,0,0,0,0,0,0,0,0,0,0,0,0,0,0,0,0,0,0,0,0,0,0,43,0,0,0,0,0,0,0,0,0,0,0,0,0,0,0,0,0,0,0,0,0,0,0,0,0,0,0,0,0,0,0,0,0,0,0,0,0,0,0,0,0,0,0,0,0,0,0,0,0,0,0,325,46,0
contig_10083,0,0,0,2444,0,0,0,0,0,0,0,0,0,0,0,0,0,0,0,0,0,0,0,0,0,0,0,0,0,6774,0,0,0,0,0,0,0,0,0,0,0,0,0,0,0,0,0,0,2470,0,0,0,0,0,0,0,0,0,0,0,3324,1866,0,0,0,0,0,7463,0,0,0,0,0,0,0,0,0,0,0,0,0,0,0,0,0,0,0,0,0,0,0,0
contig_10099,0,0,0,1088,0,471,0,0,0,0,0,0,0,0,0,0,0,0,0,0,0,0,0,0,0,0,0,0,0,0,0,902,0,0,0,0,0,0,0,0,0,0,0,0,0,0,0,0,0,0,0,0,0,0,0,482,0,0,0,0,0,770,0,0,0,0,0,0,0,0,0,0,0,0,0,0,0,0,0,0,0,0,0,0,0,0,0,0,462,0,0,0
contig_10236,0,0,0,0,0,0,0,0,0,0,0,0,0,0,0,33060,0,0,0,0,0,0,0,0,0,0,0,0,0,0,0,0,0,0,0,0,0,0,0,0,0,0,0,0,0,1343,0,0,49,0,240,0,0,0,0,0,0,0,0,0,0,168,0,0,0,0,0,239,0,0,0,0,0,0,0,0,0,0,0,0,0,0,0,0,0,0,0,0,0,0,0,0
contig_10242,0,0,0,0,0,0,0,0,0,0,0,0,0,0,0,0,0,0,0,0,0,0,0,0,0,0,0,0,0,0,0,127,0,0,0,0,0,239,0,0,0,0,0,0,0,0,0,0,0,0,0,0,0,0,0,0,0,0,0,0,0,0,0,0,0,0,0,0,0,0,0,0,0,0,0,0,0,0,0,0,0,0,0,0,0,0,0,0,68,1125,290,13
contig_10266,0,0,0,0,0,0,0,0,0,0,0,0,0,0,0,0,0,0,0,0,0,0,0,0,0,0,0,0,0,0,0,0,895,0,0,0,0,0,0,0,0,0,0,0,0,0,0,0,565,0,775,0,0,0,0,0,0,0,0,0,202,0,0,0,0,0,0,0,0,0,0,0,0,0,0,0,0,0,0,0,0,0,0,0,0,0,0,0,0,0,0,0
contig_10286,0,0,0,0,0,0,0,0,0,0,0,0,0,0,0,0,0,0,0,0,0,0,0,0,0,0,0,0,0,0,0,33,0,0,0,0,0,85,0,0,0,0,0,0,0,0,0,0,0,0,0,0,0,0,0,0,0,0,0,0,0,0,0,0,0,0,0,0,0,0,0,0,0,0,0,0,0,0,0,0,0,0,0,0,0,0,0,0,0,63,31,0
contig_10287,0,0,0,0,0,0,0,0,0,0,0,0,0,0,0,0,416,0,0,0,0,0,0,0,0,0,0,0,0,0,309,0,0,0,0,0,0,0,0,0,0,0,0,0,0,0,0,0,0,0,0,0,0,0,0,0,0,0,0,0,0,1128,0,0,0,0,0,0,0,0,0,0,0,0,0,0,0,0,0,0,0,0,0,0,0,0,0,0,0,0,0,0
contig_10307,0,0,0,0,0,0,0,0,0,0,0,0,0,0,0,0,0,0,0,0,0,0,0,0,0,0,0,0,0,0,0,0,0,0,0,0,131,0,0,0,0,0,0,0,833,0,0,0,0,0,0,0,0,0,4244,0,0,0,0,0,0,0,0,0,0,0,0,0,0,0,0,0,0,0,0,0,0,0,0,0,0,0,0,0,0,0,0,0,0,0,0,0
contig_10341,0,0,0,400,0,204,0,0,0,0,0,0,0,0,0,0,0,0,0,0,0,0,0,0,0,0,0,0,0,0,0,0,0,0,0,0,0,0,0,139,0,0,0,0,0,0,0,2636,298,230,0,0,0,0,0,0,0,0,0,0,6311,1030,0,0,0,0,0,0,0,0,0,0,0,0,0,0,0,0,0,0,0,0,0,0,0,0,0,0,109,450,0,0
contig_10360,0,0,0,0,0,0,0,0,0,0,0,0,0,0,0,0,14909,119,0,0,0,0,0,0,0,0,0,0,0,0,0,0,0,0,0,0,0,1419,0,0,0,0,0,0,0,0,0,0,0,951,0,0,0,0,0,0,0,0,0,0,0,0,0,0,0,0,0,1598,0,0,0,0,0,0,0,0,149,83,0,0,0,0,0,0,0,0,0,0,0,0,0,0
contig_10368,0,0,0,0,0,0,0,0,0,0,0,0,0,0,0,0,0,0,0,0,0,0,0,0,0,0,0,0,0,0,0,54,545,102,37537,0,0,50,0,0,0,0,0,0,0,0,0,0,0,0,0,0,0,0,0,0,0,0,0,0,0,0,0,0,0,0,0,0,0,0,0,0,0,0,0,0,0,0,0,0,0,0,0,0,0,0,0,0,0,0,0,0
contig_1041,0,0,0,0,0,0,0,0,0,0,0,0,0,0,0,0,0,0,0,0,0,0,0,0,0,0,0,0,0,0,0,0,130628,278603,2542,2196,0,0,0,0,0,0,0,0,0,0,0,0,0,0,0,0,0,0,0,0,0,0,0,0,0,0,0,0,0,0,0,0,0,0,0,0,0,0,0,0,0,0,0,0,0,0,0,0,0,0,0,0,0,0,0,0
contig_1042,0,0,0,0,0,0,0,0,0,0,0,0,0,0,0,0,0,0,0,0,0,0,0,0,0,0,0,0,0,0,0,19,1009,1445,73,54,0,14,0,0,0,0,0,0,0,0,0,0,0,0,0,0,0,0,0,0,0,0,0,0,0,0,0,0,0,0,0,0,0,0,0,0,0,0,0,0,0,0,0,0,0,0,0,0,0,0,0,0,0,0,0,0
contig_10430,0,0,0,0,0,0,0,0,0,0,0,0,0,0,2312,0,1052,0,0,0,0,0,0,0,0,0,0,0,0,323,0,0,0,0,0,0,0,0,0,0,0,0,0,0,0,0,0,0,346,177,0,0,0,0,0,0,0,0,466,0,3849,532,0,0,0,0,0,0,125,0,0,0,0,0,0,0,0,0,0,0,0,0,0,0,0,0,1693,0,0,0,0,0
contig_10458,0,0,0,0,0,0,0,0,0,0,0,0,0,0,0,0,0,0,0,0,0,0,0,0,0,0,0,0,0,0,0,0,0,0,0,0,0,0,0,0,0,0,0,0,0,0,0,0,0,0,0,0,0,0,0,0,0,0,0,0,6372,151,0,0,0,0,0,0,2890,0,0,0,0,0,0,0,0,0,0,0,0,0,0,0,0,0,0,0,0,0,0,0
contig_1046,0,0,0,0,0,0,0,0,0,0,0,0,0,0,0,0,0,0,0,0,0,0,0,0,0,0,0,0,0,0,0,0,0,0,0,0,0,821,0,0,0,0,0,0,0,0,0,0,0,0,0,0,0,0,0,0,0,0,0,0,0,0,0,0,0,0,0,0,0,0,0,0,0,0,0,0,0,0,0,0,0,0,0,0,0,0,0,0,0,4872,997,0
contig_10462,0,0,0,0,0,8924,1291,0,0,0,0,0,0,0,4184,8848,0,0,0,0,0,0,0,0,0,0,0,1457,39412,2997,0,0,0,0,0,0,0,0,0,263,0,0,0,0,0,2601,2773,0,0,0,0,0,0,0,0,0,591,0,438,1267,5234,1695,0,0,813,0,0,0,0,0,0,0,0,0,0,0,0,0,0,0,2155,0,0,0,0,0,687,0,0,0,0,0
contig_10476,0,0,0,0,0,0,0,0,0,0,0,0,0,0,0,0,0,0,0,0,0,0,0,0,0,0,0,0,0,0,0,67,0,0,0,0,0,0,0,0,0,0,0,0,0,0,0,0,0,0,0,0,0,0,0,0,0,0,0,0,0,0,0,0,0,0,0,0,0,0,0,0,0,0,0,0,0,0,0,0,0,0,0,0,0,0,0,0,0,407,97,0
contig_10481,0,0,0,0,0,0,0,0,0,0,0,0,0,0,0,0,0,0,0,0,0,0,0,0,0,0,0,0,225,61,558,0,0,0,0,0,0,0,0,21,0,0,0,0,0,0,0,0,0,0,0,17,0,0,0,0,23,0,0,0,0,356,0,0,0,0,0,0,17,0,0,0,0,197,0,0,0,0,0,0,0,0,0,0,0,0,45,0,0,37,0,0
contig_10487,0,0,0,0,0,0,0,0,0,0,0,0,0,0,0,0,0,0,0,0,0,0,0,0,0,0,0,0,0,0,0,0,0,0,0,0,0,0,0,0,900,0,0,0,0,0,0,0,0,0,0,0,0,0,0,0,0,0,0,0,0,0,0,0,0,0,0,0,28,0,0,0,81,0,0,0,0,0,0,0,0,0,0,0,0,0,0,0,0,0,0,0
contig_10508,0,0,0,0,0,0,0,0,0,0,0,0,0,0,0,0,0,0,0,0,0,0,0,0,0,0,0,0,0,0,0,0,0,0,0,0,0,0,0,0,0,0,0,0,0,0,0,11258,5484,0,0,0,0,0,0,0,0,0,0,0,0,0,0,0,0,0,0,266,0,0,0,0,0,0,0,0,0,0,0,0,0,0,0,0,0,0,0,0,0,0,0,0
contig_10577,0,0,0,0,0,0,0,0,0,0,0,0,0,0,0,0,0,0,0,0,0,0,0,0,0,0,0,0,2788,0,0,0,0,0,0,0,0,0,0,0,0,0,0,0,0,1007,0,0,0,0,0,0,0,0,0,0,0,0,1063,902,3205,0,0,0,0,0,0,0,0,0,0,0,0,0,0,0,0,0,0,0,0,0,0,0,0,0,0,0,0,0,0,0
contig_10586,0,0,0,0,0,0,0,0,0,0,0,0,0,0,0,0,0,0,0,0,0,0,0,0,0,0,0,0,0,87,9951,0,0,0,0,0,0,0,0,0,0,0,0,0,0,0,0,0,0,0,0,0,0,126,0,0,0,0,0,0,0,24,0,0,0,0,0,0,0,0,0,0,0,0,0,0,0,0,0,0,0,0,0,0,0,0,0,0,0,1945,0,0
contig_10596,0,0,0,0,0,0,0,0,0,0,0,0,0,0,6127,1638,5342,0,0,0,0,0,0,0,0,0,0,754,0,1440,0,0,0,0,0,0,0,0,0,0,0,0,0,0,0,0,0,0,0,0,0,0,0,0,0,0,0,0,0,0,0,2421,0,0,0,0,0,748,6271,0,0,0,0,0,0,0,0,0,0,0,1364,0,0,0,0,0,0,0,0,0,0,0
contig_10606,0,2886,0,0,0,0,0,0,0,0,0,0,0,0,0,0,215,0,0,0,0,0,0,0,0,0,0,3535,0,0,0,0,0,0,0,0,0,0,0,0,0,0,0,0,0,6030,0,454,0,0,0,0,0,0,0,0,0,0,0,3282,5340,193,0,0,0,0,0,367,0,0,0,0,0,0,0,0,0,0,0,0,0,0,0,0,0,0,0,0,0,0,0,0
contig_10616,0,0,0,0,0,0,0,0,0,0,0,0,0,0,0,0,8065,0,0,0,0,0,0,0,0,0,0,0,0,0,0,0,0,0,0,0,0,0,0,0,0,0,0,0,0,0,0,1388,12678,505,0,0,0,0,0,0,0,0,0,0,0,0,0,0,0,0,0,0,0,0,0,0,0,0,0,0,0,0,0,0,0,0,0,0,0,0,0,0,0,0,0,0
contig_10628,0,0,0,0,0,0,0,0,0,0,0,0,0,0,0,0,0,0,0,0,29,73,0,0,0,0,0,0,0,0,0,0,0,0,0,0,0,0,0,0,0,0,0,0,0,0,0,0,0,0,0,0,0,0,0,0,0,0,0,0,0,0,0,0,0,0,0,0,0,0,0,0,0,0,0,0,0,0,0,0,0,0,0,0,0,0,0,0,0,0,47,0
contig_10629,0,0,0,0,0,0,0,0,0,0,0,0,0,0,0,0,0,0,0,0,0,0,0,0,0,0,0,0,0,0,0,0,0,0,0,0,0,61,0,0,0,0,0,0,0,0,0,0,0,0,0,0,0,0,0,0,0,0,0,0,0,0,0,0,0,0,0,0,0,0,0,0,0,0,0,0,0,0,0,0,0,0,0,0,0,0,0,0,0,129,16,0
contig_10660,0,3226,0,0,0,0,0,0,0,0,0,0,0,0,0,11693,955,0,0,0,0,0,0,0,0,0,0,1836,0,0,0,0,0,0,0,0,0,0,0,518,0,0,0,0,0,0,0,0,0,0,0,0,0,0,0,0,0,0,1887,4135,16761,0,0,0,0,0,0,0,0,0,0,0,0,0,0,0,0,0,0,0,0,0,0,0,0,0,3762,0,0,0,0,0
contig_10707,0,0,0,0,0,0,0,0,0,0,0,0,0,0,0,0,0,0,0,0,0,0,0,0,0,0,0,0,0,4925,0,0,1947,0,0,0,0,0,0,9280,2699,0,198,0,174,0,0,0,1924,0,0,0,0,0,0,1765,0,1498,0,0,0,0,0,0,0,0,619,30685,15119,0,0,0,0,4296,0,0,0,0,0,0,0,0,0,0,0,0,10640,0,205,11611,0,0
contig_10766,0,0,0,0,0,0,0,0,0,0,0,0,0,0,0,0,0,0,0,0,0,0,0,0,0,0,0,0,0,0,0,0,0,0,0,0,0,0,0,0,0,0,0,0,0,0,0,917,0,0,0,0,0,0,0,0,0,0,0,0,0,266,0,0,0,0,0,0,139,0,0,0,0,0,0,0,0,0,0,0,0,0,0,0,0,0,0,0,0,0,0,0
contig_1077,0,0,0,0,0,0,0,0,0,0,0,0,0,0,0,0,0,0,0,0,0,0,0,0,0,0,0,0,0,0,0,23529,0,0,0,0,0,15403,0,0,0,0,0,0,0,0,0,0,0,0,0,0,0,0,0,0,0,0,0,0,0,0,0,0,0,0,0,0,0,0,0,0,0,0,0,0,0,0,0,0,0,0,0,0,0,0,0,0,0,95052,0,0
contig_10815,0,0,0,0,0,0,0,0,0,0,0,0,0,0,0,0,0,0,0,0,0,0,0,0,0,0,0,0,0,0,0,0,0,0,0,0,0,0,0,82,0,0,0,0,0,0,0,219,0,0,128,0,0,0,0,0,0,0,0,0,73,0,0,0,0,0,0,444,0,0,0,0,0,0,0,0,0,0,0,0,0,0,0,0,0,0,0,0,0,110,0,0
contig_10852,0,0,0,0,0,0,0,0,0,0,0,0,0,0,0,0,328,0,0,0,0,0,0,0,0,0,0,0,0,0,0,0,0,0,0,0,0,0,0,0,0,0,261,0,0,0,0,0,1129,0,0,3965,0,4323,0,0,0,0,0,0,0,0,0,0,0,0,0,791,691,0,0,0,55,0,0,0,0,0,0,0,0,0,0,0,0,0,7416,0,83,11600,0,0
contig_10860,0,0,0,0,0,0,0,0,0,0,0,0,0,0,4457,0,0,0,0,0,0,0,0,0,0,0,0,0,0,0,0,0,0,0,0,0,0,0,0,0,0,0,0,0,0,6698,0,4442,0,0,0,0,0,0,0,0,0,0,0,0,0,0,0,0,0,0,0,603,0,0,0,0,0,0,0,0,0,0,0,0,2036,0,0,0,0,0,0,0,0,0,0,0
contig_10901,0,0,0,0,0,0,0,0,0,0,0,0,0,0,0,0,0,0,0,0,0,0,0,0,0,0,0,0,0,0,0,0,0,0,0,0,0,0,0,0,0,0,0,0,0,0,0,2468,3884,494,0,0,0,0,0,0,0,0,0,0,6402,0,0,0,0,0,0,1919,0,0,0,0,0,0,0,0,0,0,0,0,0,0,0,0,0,0,0,0,0,0,0,0
contig_10945,0,0,0,0,0,0,0,0,0,0,0,0,0,0,0,0,686,0,0,0,0,0,0,0,0,0,0,0,0,402,0,0,0,0,0,0,0,0,0,0,0,0,0,0,0,0,0,0,291,0,0,0,0,0,0,0,0,0,0,0,0,316,0,0,0,0,0,0,0,0,0,0,0,658,0,0,0,0,0,0,0,0,0,0,0,0,0,0,0,0,0,0
contig_10957,0,0,0,0,0,0,0,0,0,0,0,0,0,0,0,0,0,0,0,0,0,0,0,0,0,0,0,0,0,0,0,0,0,0,0,0,0,0,0,0,0,0,0,0,0,0,0,4142,354,299,3991,0,0,0,0,0,0,0,0,0,3556,329,0,0,0,0,0,697,178,0,0,0,0,275,0,0,0,0,0,0,0,0,0,0,0,0,0,0,124,103,0,0
contig_10963,0,0,0,336,0,0,0,0,0,0,0,0,0,0,0,0,0,0,0,0,0,0,0,0,0,0,0,0,0,0,0,0,1307,0,0,0,0,0,0,0,0,0,0,0,207,0,0,0,2094,499,2054,614,0,4299,0,0,0,728,0,0,0,0,0,0,0,0,0,2945,1490,301,293,0,0,0,0,0,0,0,0,0,0,0,0,0,0,0,8835,0,110,5032,0,0
contig_10966,0,0,0,0,0,0,0,0,0,0,0,0,0,0,0,0,0,0,0,0,0,0,0,0,0,0,0,0,0,0,0,0,0,0,0,0,0,0,0,0,0,0,0,0,0,0,0,0,103,0,0,0,0,0,0,0,0,0,0,0,0,179,0,0,0,0,0,432,0,0,0,0,0,0,0,0,0,0,0,0,0,0,0,0,0,0,0,0,0,0,0,0
contig_10977,0,0,0,0,0,0,0,0,0,0,0,0,0,0,0,28921,0,0,0,0,0,0,0,0,0,0,0,0,13813,1006,0,0,0,0,0,0,0,0,0,0,0,0,0,0,0,0,377,0,0,0,0,0,0,0,0,0,268,0,0,5228,5398,1684,0,0,0,0,0,0,0,0,0,0,0,0,0,0,0,0,0,0,0,0,0,0,0,0,0,0,0,0,0,0
contig_10996,0,0,0,0,0,0,0,0,0,0,0,0,0,0,0,0,2009,0,0,0,0,0,0,0,0,0,0,0,557,1285,0,0,0,0,0,0,0,0,0,0,0,0,0,0,0,0,0,0,0,1593,0,0,0,211,0,0,1914,0,0,0,8115,6772,0,0,0,0,0,0,1132,248,0,0,0,0,0,0,0,0,0,0,0,0,0,0,0,0,0,0,0,0,0,0
contig_10997,0,0,0,0,0,0,0,0,0,0,0,0,0,0,0,0,0,0,0,0,0,0,0,0,0,0,0,0,0,0,0,0,0,0,0,0,0,74,0,0,0,0,0,0,0,0,0,0,0,0,0,0,0,0,0,0,0,0,0,0,0,0,0,0,0,0,0,0,0,0,0,0,0,0,0,0,0,0,0,0,0,0,0,0,0,0,0,0,0,150,40,0
contig_11,0,0,0,0,0,0,0,0,0,0,0,0,0,33,0,0,0,0,0,0,0,0,0,92,0,0,0,0,0,0,0,37,998,1457,502,644,0,270,0,0,0,0,0,0,0,0,0,0,0,0,0,0,0,0,0,172,0,0,0,0,0,0,0,0,0,0,0,0,0,0,0,0,0,145,0,0,0,71,0,0,0,13,0,13,0,0,0,0,241,435,0,0
contig_11083,0,0,0,0,0,0,0,0,0,0,0,0,0,0,0,0,0,0,0,0,0,0,0,0,0,0,0,0,0,0,0,0,0,0,0,0,0,34,0,0,0,0,0,0,0,0,0,0,0,0,0,0,0,0,0,0,0,0,0,0,0,0,0,0,0,0,0,0,0,0,0,0,0,0,0,0,0,0,0,0,0,0,0,0,0,0,0,0,90,210,0,0
contig_11087,0,0,0,0,0,0,0,0,0,0,0,0,0,0,0,0,0,0,0,0,0,0,0,0,0,0,0,0,0,0,0,0,0,0,0,0,0,0,0,0,0,0,0,0,0,0,0,0,0,0,0,0,0,0,0,0,0,0,0,0,1118,970,0,0,0,0,0,0,0,0,0,0,0,0,0,0,0,0,0,0,0,0,0,0,0,0,0,0,0,92,0,0
contig_11123,0,0,0,0,0,0,0,0,0,0,0,0,0,0,0,0,0,0,0,0,0,0,0,0,0,0,0,0,0,0,0,0,3528,0,0,0,0,0,0,205,0,0,0,0,0,0,0,0,0,0,0,0,0,0,0,0,0,0,0,0,0,0,0,0,0,0,0,0,0,0,0,0,0,0,0,0,0,0,0,0,0,0,0,0,0,0,0,0,0,1655,0,0
contig_11132,0,0,0,2667,1822,0,0,0,0,0,0,0,0,0,0,0,790,0,0,0,0,0,0,0,0,0,0,0,637,735,0,0,0,0,0,0,0,0,0,0,0,0,3074,0,0,0,0,0,0,0,704,0,0,0,0,0,104,0,0,0,0,0,0,0,0,0,0,3992,0,0,0,0,0,0,0,0,0,0,0,0,0,0,0,0,0,0,0,0,4070,0,0,0
contig_11165,0,0,0,0,0,0,0,0,0,0,0,0,0,0,0,0,293,0,0,0,0,0,0,0,0,0,0,0,0,0,0,0,0,0,0,0,0,0,0,0,0,0,0,0,0,0,0,0,0,0,113,0,0,0,0,0,0,0,0,0,0,12543,0,0,0,0,0,0,0,0,0,0,0,0,0,0,0,0,0,0,0,0,0,0,0,0,0,0,0,0,0,0
contig_11180,0,0,0,0,0,0,0,0,0,0,0,0,0,0,0,24614,0,0,0,0,0,0,0,0,0,0,0,0,0,0,0,0,0,0,0,0,0,0,0,0,0,0,0,0,0,0,0,0,0,0,0,0,0,1047,0,0,0,0,0,0,0,1401,0,0,0,0,0,0,0,0,0,0,0,0,0,0,0,0,0,0,12088,0,0,0,0,0,0,0,0,0,0,0
contig_11191,0,0,0,0,0,0,0,0,0,0,0,0,0,0,0,0,0,0,0,0,0,0,0,0,0,0,0,0,0,0,0,0,0,0,0,0,0,0,0,0,0,0,0,0,0,0,0,0,1916,0,0,0,0,0,0,0,0,0,0,0,0,0,0,0,0,0,0,0,0,83,79,0,0,0,0,0,0,0,0,0,0,0,0,0,0,0,0,0,0,0,0,0
contig_11195,0,0,0,0,0,0,0,0,0,0,0,0,0,0,0,0,0,0,0,0,0,0,0,0,0,0,0,0,0,329,0,0,0,0,0,0,0,0,0,0,0,0,0,0,0,0,0,538,608,0,0,0,0,0,0,0,41,0,0,0,907,1128,0,0,0,0,0,0,0,0,0,0,0,747,0,0,0,0,0,0,0,0,0,0,0,0,0,0,0,0,0,0
contig_11216,0,0,0,0,0,0,0,0,0,0,0,0,0,0,0,0,0,0,0,0,0,0,0,0,0,0,0,0,0,2584,0,172,0,0,0,0,0,0,0,0,0,129,4378,0,0,0,0,0,0,0,0,118,0,0,0,0,0,4346,0,0,0,7093,0,0,0,0,0,0,0,0,0,0,0,0,0,0,98,0,0,0,0,0,0,0,0,0,0,0,0,0,0,0
contig_11224,0,0,0,0,0,0,0,0,0,0,0,0,0,0,0,0,0,0,0,0,0,0,0,0,0,0,0,0,0,0,0,0,0,0,0,0,0,263,0,0,0,0,0,0,0,0,0,0,0,0,0,0,0,0,0,0,0,0,0,0,0,0,0,0,0,0,0,0,0,0,0,0,0,0,0,0,0,0,0,0,0,0,0,0,0,0,0,0,0,1125,232,0
contig_1126,0,0,0,0,0,0,0,0,0,0,0,0,0,0,0,0,0,0,0,0,0,0,0,0,0,0,0,0,0,0,0,0,0,0,0,0,0,0,0,0,138940,100724,269041,0,0,0,0,0,0,0,0,0,0,0,0,0,0,0,0,0,0,0,0,0,0,0,0,0,0,0,0,0,0,0,0,0,0,0,0,0,0,0,0,0,0,0,0,0,7962,12425,638970,0
contig_11300,0,0,0,0,0,0,0,0,0,0,0,0,0,0,0,0,0,0,0,0,0,0,0,0,0,0,0,0,0,0,0,0,0,0,0,0,0,0,0,0,0,0,0,0,0,0,0,0,189,0,392,0,0,120,0,0,168,0,0,0,17442,1740,0,0,0,0,0,0,0,0,0,0,0,0,0,0,0,0,0,0,0,0,0,0,0,0,0,0,0,366,0,0
contig_1131,0,0,0,0,0,0,0,0,0,0,0,0,0,0,0,0,0,0,0,0,0,0,0,0,0,0,0,0,0,0,0,0,0,0,0,0,0,0,0,0,0,0,0,0,0,0,0,0,0,0,0,0,0,0,0,620436,0,0,0,0,0,0,0,0,0,0,0,0,0,0,0,0,2384,0,0,0,0,0,0,0,0,0,0,0,0,0,0,0,154685,275994,1988,0
contig_1132,0,0,0,0,0,0,0,0,0,0,0,0,0,0,0,0,0,0,0,0,0,0,0,0,0,0,0,0,0,0,0,0,0,0,0,0,0,0,0,0,251,0,8,0,0,0,0,0,0,0,0,0,0,0,0,0,0,0,0,0,0,0,0,0,0,0,0,0,15,0,0,0,59,0,0,0,0,0,0,0,0,0,0,0,0,0,0,0,0,0,0,0
contig_11328,0,0,0,0,0,0,0,0,0,0,0,0,0,0,0,0,1470,0,0,0,0,0,0,0,0,0,0,0,0,905,0,0,0,0,0,0,0,0,0,0,0,0,0,0,0,0,0,196,237,0,0,0,0,0,0,0,0,0,0,0,5854,1237,0,0,0,0,0,0,0,0,0,0,0,0,0,0,0,0,0,0,0,0,0,0,0,0,0,0,0,0,0,0
contig_1135,0,0,0,0,0,0,0,0,0,0,0,0,0,0,0,0,0,518,0,0,0,0,0,0,0,0,0,0,0,0,0,0,0,0,0,0,0,0,0,0,0,0,0,0,0,0,0,0,0,0,0,0,0,0,0,0,0,0,0,0,0,0,0,0,0,0,501,0,0,0,0,0,0,0,0,0,0,0,0,0,0,0,0,247,7681,0,0,0,0,0,0,0
contig_1140,0,0,0,0,0,0,0,0,0,0,0,0,0,0,0,0,0,64,0,0,0,0,0,0,0,0,0,0,0,0,0,0,0,0,0,0,0,0,0,0,0,0,23,0,0,0,0,0,0,0,0,0,0,0,0,0,0,0,0,0,0,0,0,0,0,0,636,0,0,0,0,0,0,0,0,0,0,0,0,0,0,0,0,68,972,0,0,0,0,0,0,0
contig_1143,0,0,0,0,0,0,0,0,0,0,0,0,0,25,0,0,0,55,0,0,0,0,0,0,0,0,0,0,0,0,0,0,0,0,0,0,0,0,0,0,0,0,46,0,0,0,0,0,0,0,0,0,0,0,0,0,0,0,0,0,0,0,0,0,0,0,0,0,0,0,0,0,0,0,0,0,0,0,0,0,0,0,0,40,1786,0,0,0,0,0,0,0
contig_11443,0,0,0,0,0,0,0,0,0,0,0,0,0,0,0,0,0,0,0,0,0,0,0,0,0,0,0,0,0,0,0,0,0,0,0,0,0,116,0,0,0,0,0,0,0,0,0,0,0,0,0,0,0,0,0,0,0,0,0,0,0,0,0,0,0,0,0,0,0,0,0,0,0,0,0,0,0,0,0,0,0,0,0,0,0,0,0,0,0,385,29,0
contig_1145,0,0,0,1354,0,1911,1460,0,0,0,0,0,0,0,0,0,0,0,0,0,0,129,0,0,0,0,0,0,0,0,0,102,0,0,0,0,0,0,0,0,0,0,0,0,0,1705,256,550,0,117,0,0,0,0,0,0,0,0,0,0,0,835,0,0,0,0,186,2361,3461,0,0,0,0,0,0,0,0,0,0,0,6428,0,0,0,0,0,0,0,74,0,0,0
contig_1146,0,0,0,0,0,0,0,0,0,0,1398,0,0,0,0,0,0,0,0,294,0,0,0,0,36,0,0,0,0,0,0,0,7657,0,0,0,0,0,0,0,0,0,0,0,505,0,0,0,0,0,0,1058,0,0,0,0,0,1026,0,0,0,0,0,0,0,0,0,2548,0,0,0,0,0,0,0,0,0,0,0,0,0,0,0,0,0,0,0,0,258,15199,176,0
contig_11471,0,0,0,0,0,0,0,0,0,0,0,0,0,0,0,0,0,0,0,0,0,0,0,0,0,0,0,0,0,0,0,0,0,0,0,0,0,73,0,0,0,0,0,0,0,0,0,0,0,0,0,0,0,0,0,0,0,0,0,0,0,0,0,0,0,0,0,0,0,0,0,0,0,0,0,0,0,0,0,0,0,0,0,0,0,0,0,0,0,208,42,0
contig_11493,0,0,0,0,0,0,0,0,0,0,0,0,0,0,0,0,0,0,0,0,0,0,0,0,0,0,0,0,0,0,0,0,0,0,0,0,0,69,0,0,0,0,0,0,0,0,0,0,0,0,0,0,0,0,0,0,0,0,0,0,0,0,0,0,0,0,0,0,0,0,0,0,0,0,0,0,0,0,0,0,0,0,0,0,0,0,0,0,0,102,26,0
contig_11497,0,0,0,2425,0,0,0,0,0,0,0,0,0,0,0,0,0,0,0,0,0,1566,0,0,0,0,0,0,0,0,0,0,0,0,0,0,0,0,0,0,0,0,0,0,0,0,0,0,0,0,0,0,0,0,0,0,0,0,0,0,0,1636,0,0,0,0,0,0,0,0,0,0,0,0,0,0,0,0,0,0,0,0,0,0,0,0,0,0,0,0,0,0
contig_11517,0,0,0,0,0,0,0,0,0,0,0,0,0,0,0,8315,0,0,0,0,0,0,0,0,0,0,0,1259,0,0,0,0,0,0,0,0,0,0,0,0,0,0,0,0,0,0,0,0,0,0,0,0,0,0,0,0,0,0,0,0,5479,2325,0,0,205,0,0,0,0,0,0,0,0,0,0,0,0,0,0,0,0,0,0,0,0,0,0,0,0,0,0,0
contig_1152,0,0,0,0,0,0,0,0,0,0,0,0,0,0,0,0,0,0,0,0,0,0,0,0,0,0,0,0,0,0,0,0,3718,3006,0,0,0,164,0,0,0,0,0,0,0,0,0,0,0,0,0,0,0,0,0,0,0,0,0,0,0,0,0,0,0,0,0,0,0,0,0,0,0,0,0,0,0,0,0,0,0,0,0,0,0,0,0,0,0,0,0,0
contig_1153,0,0,0,0,0,0,0,0,0,0,6,234,0,10,0,0,0,0,0,0,0,0,0,0,0,0,0,0,0,0,0,9,2976,1197,4538,0,9,50,0,0,0,77,66,0,7,0,0,0,0,0,0,0,0,0,0,0,0,0,0,0,0,0,0,0,0,0,0,0,0,0,0,0,0,0,0,0,0,0,0,0,0,0,0,0,0,0,0,0,0,133,0,0
contig_11533,0,0,0,0,0,0,0,0,0,0,0,0,0,0,0,0,0,0,0,0,0,0,0,0,0,0,0,0,0,0,0,0,0,0,0,0,0,0,0,0,0,0,0,0,0,0,0,0,4750,0,0,0,0,0,0,0,0,0,0,0,45286,1642,0,0,0,0,0,0,0,0,0,0,0,2270,0,0,0,0,0,0,0,0,0,0,0,0,3211,0,0,2287,0,0
contig_11538,0,0,0,0,0,0,0,0,0,0,0,0,0,0,0,0,0,0,0,0,0,0,0,0,0,0,0,0,0,4564,0,0,0,0,0,0,0,0,0,0,0,0,0,0,0,0,0,623,4830,1596,10820,0,0,1653,0,0,0,0,0,0,0,0,0,0,0,0,0,319,0,0,0,0,0,0,0,0,0,0,0,0,0,0,0,0,0,0,0,0,73,8409,0,0
contig_11546,0,0,0,0,0,0,0,0,0,0,0,0,0,0,0,2234,0,0,0,0,0,0,0,0,0,0,0,0,0,0,15946,0,0,0,0,0,0,0,0,0,0,0,0,0,0,0,0,0,0,0,0,0,0,0,0,0,0,0,0,0,0,967,0,0,0,0,0,0,0,0,0,0,0,0,0,0,0,0,0,0,0,0,0,0,0,0,0,0,0,1928,0,0
contig_1155,0,0,0,0,0,0,0,0,0,0,0,0,0,0,0,0,0,0,0,0,0,0,0,0,0,0,0,0,0,0,0,0,7344,8115,0,0,0,63,0,0,0,285,112,0,0,0,0,0,0,0,0,0,0,0,0,0,0,0,0,0,0,0,0,0,0,0,0,0,0,0,0,0,0,0,0,0,0,0,0,0,0,0,0,0,0,0,0,0,0,320,0,0
contig_11551,0,0,0,0,0,0,0,0,0,0,0,0,0,0,0,0,0,0,0,0,0,0,0,0,0,0,0,0,0,0,0,32,0,0,0,0,0,79,0,0,0,0,0,0,0,0,0,0,0,0,0,0,0,0,0,0,0,0,0,0,0,0,0,0,0,0,0,0,0,0,0,0,0,0,0,0,0,0,0,0,0,0,0,0,0,0,0,0,18,198,63,0
contig_11585,0,0,0,0,0,0,0,0,0,0,0,0,0,0,0,0,0,0,0,0,0,75,0,0,0,0,0,0,0,0,0,0,0,0,0,0,0,0,0,0,0,0,0,0,0,0,0,234,0,0,202,0,0,0,0,0,0,0,0,0,0,0,0,0,0,0,28,6071,0,0,0,0,0,0,0,0,0,0,0,0,0,0,0,0,0,0,0,0,0,0,0,0
contig_11587,0,0,0,0,0,0,0,0,0,0,0,0,0,0,0,418,0,0,0,0,0,0,0,0,0,0,0,0,1062,0,0,0,0,0,0,0,0,0,0,0,0,0,0,0,0,0,0,179,0,0,0,0,0,0,0,0,362,0,0,0,1146,0,0,0,0,0,0,0,0,0,0,0,0,0,0,0,0,0,0,0,0,0,0,0,0,0,0,0,0,0,0,0
contig_1161,0,0,0,0,0,0,0,0,0,0,0,0,0,0,0,0,0,0,0,0,0,0,0,0,0,0,0,0,0,0,0,0,0,0,55639,87377,265,5094,0,0,0,0,0,0,0,0,0,0,0,0,0,0,0,0,0,0,0,0,0,0,0,0,0,0,0,0,0,0,0,0,0,0,0,0,0,0,0,0,0,0,0,0,0,0,0,0,0,0,0,0,0,0
contig_11648,0,0,0,0,0,2241,0,0,0,0,0,0,0,0,0,0,0,0,0,0,0,0,0,0,0,0,0,0,0,0,0,2685,0,0,0,0,0,0,0,0,0,0,0,0,0,0,0,0,0,0,0,0,0,0,0,0,0,0,0,0,0,995,0,0,0,0,0,0,0,0,0,0,0,0,0,0,0,0,0,0,2005,0,0,0,0,0,0,0,0,0,0,0
contig_1169,0,0,0,0,0,0,0,0,0,0,0,0,0,0,0,0,0,0,0,0,0,0,0,0,0,0,0,0,0,0,0,0,0,0,144427,235974,1062,11132,0,0,0,0,0,0,0,0,0,0,0,0,0,0,0,0,0,0,0,0,0,0,0,0,0,0,0,0,0,0,0,0,0,0,0,0,0,0,0,0,0,0,0,0,0,0,0,0,0,0,0,0,0,0
contig_11775,0,0,0,0,0,0,0,0,0,0,0,0,0,0,0,0,0,0,0,0,0,0,0,0,0,0,0,0,0,0,0,0,0,0,0,0,0,0,0,0,0,0,0,0,0,0,0,0,411,0,0,0,8592,507,0,0,0,0,0,0,0,0,0,0,0,0,0,0,0,0,0,0,0,531,0,0,0,0,0,0,0,0,0,0,0,0,17526,0,0,0,0,0
contig_11791,0,0,0,0,0,0,0,0,0,0,0,0,0,0,0,0,962,0,0,0,0,0,0,0,0,0,0,0,0,0,0,0,0,0,0,0,0,0,0,0,0,0,0,0,0,1236,0,0,0,0,853,0,0,0,0,0,0,0,0,0,0,0,0,0,0,0,0,169,0,0,0,0,0,339,0,0,0,0,0,0,0,0,0,0,0,0,0,0,0,0,0,0
contig_1180,0,0,0,0,0,0,0,0,0,0,0,0,0,0,0,0,0,0,0,0,0,0,0,0,0,0,0,0,0,0,0,0,0,0,141798,231003,865,5787,0,0,0,0,0,0,0,0,0,0,0,0,0,0,0,0,0,0,0,0,0,0,0,0,0,0,0,0,0,0,0,0,0,0,0,0,0,0,0,0,0,0,0,0,0,0,0,0,0,0,0,0,0,0
contig_11823,0,1643,0,1051,448,678,7017,0,0,0,0,0,0,0,0,0,0,0,0,0,0,107,0,0,0,0,0,0,0,1884,0,0,0,0,0,0,0,0,0,0,0,0,0,0,0,0,349,3701,2657,2132,1815,0,0,0,0,0,726,0,622,0,5607,1243,0,716,0,0,0,107,0,0,424,0,0,1944,0,0,0,0,0,0,0,0,0,0,0,0,1797,0,0,735,0,0
contig_1183,0,0,0,0,0,0,0,0,0,0,0,0,0,0,0,0,0,0,0,0,0,0,0,0,0,0,0,0,0,0,0,0,0,0,14081,21581,27,275,0,0,0,0,0,0,0,0,0,0,0,0,0,0,0,0,0,0,0,0,0,0,0,0,0,0,0,0,0,0,0,0,0,0,0,0,0,0,0,0,0,0,0,0,0,0,0,0,0,0,0,0,0,0
contig_11838,0,0,1034,0,0,0,0,0,0,0,0,0,0,0,0,0,0,0,0,0,0,0,0,0,0,0,0,322,0,0,0,0,0,0,0,0,0,0,0,0,0,0,0,0,0,0,0,0,0,0,0,0,0,7027,0,0,550,0,0,0,526,0,0,563,0,0,0,0,0,0,0,0,0,10727,0,0,0,0,0,0,78363,0,0,0,0,0,0,0,0,0,0,0
contig_11842,0,0,0,0,0,0,0,0,0,0,0,0,0,0,0,0,0,0,0,0,0,0,0,0,0,0,0,0,0,0,0,0,0,0,0,0,0,80,0,0,0,0,0,0,0,0,0,0,0,0,0,0,0,0,0,0,0,0,0,0,0,0,0,0,0,0,0,0,0,0,0,0,0,0,0,0,0,0,0,0,0,0,0,0,0,0,0,0,0,35,43,0
contig_11846,0,0,0,0,0,0,0,0,0,0,0,0,0,0,0,0,0,0,0,0,0,0,0,0,0,0,0,0,0,0,0,0,0,0,0,0,0,0,0,0,0,0,0,0,0,0,0,0,400,0,1151,0,0,1299,0,0,0,0,0,0,46009,0,0,0,0,0,0,0,0,0,0,0,0,0,0,0,0,0,0,0,0,0,0,0,0,0,0,0,0,0,0,0
contig_11857,0,0,0,0,0,0,0,0,0,0,0,0,0,0,0,0,0,0,0,0,0,0,0,0,0,0,0,0,0,0,0,142,0,0,0,0,0,39,0,0,0,0,0,0,0,0,0,0,0,0,0,0,0,0,0,0,0,0,0,0,0,0,0,0,0,0,0,0,0,0,0,0,0,0,0,0,0,0,0,0,0,0,0,0,0,0,0,0,0,44,0,0
contig_11858,0,0,0,0,0,0,0,0,0,0,0,0,0,0,0,0,0,0,0,0,0,0,0,0,0,0,0,0,0,0,0,0,0,0,0,0,0,0,0,0,0,0,0,0,0,0,0,0,0,0,0,0,0,0,0,0,0,0,0,0,4287,1019,0,0,0,0,0,0,0,645,0,0,0,0,0,0,0,0,0,0,0,0,0,0,0,0,0,0,0,0,0,0
contig_11866,0,0,0,0,0,0,0,0,0,0,0,0,0,0,0,0,0,0,0,0,0,0,0,0,0,0,0,0,0,0,0,0,0,0,0,0,0,355,0,0,0,0,0,0,0,0,0,0,0,0,0,0,0,0,0,0,0,0,0,0,0,0,0,0,0,0,0,0,0,0,0,0,0,0,0,0,0,0,0,0,0,0,0,0,0,0,0,0,0,1215,207,0
contig_11893,0,0,0,819,0,622,477,0,0,0,0,0,0,0,552,0,0,0,0,0,0,129,0,0,0,0,0,0,0,0,0,73,339,0,0,0,0,399,0,0,0,0,0,0,0,505,258,419,83,0,0,0,0,0,0,0,0,0,0,0,0,1573,139,0,1044,0,0,1520,13206,0,0,0,0,0,0,0,0,0,0,0,3069,0,0,0,0,0,0,0,32,0,0,0
contig_1192,0,0,0,0,0,0,0,0,0,0,0,0,0,0,0,0,0,0,0,0,0,0,0,0,0,0,0,0,0,0,0,0,0,0,8221,10519,126,1629,0,0,0,0,0,0,0,0,0,0,0,0,0,0,0,0,0,0,0,0,0,0,0,0,0,0,0,0,0,0,0,0,0,0,0,0,0,0,0,0,0,0,0,0,0,0,0,0,0,0,0,0,0,0
contig_11922,0,548,0,0,0,0,0,0,0,0,0,0,0,0,0,0,1323,0,0,0,0,0,0,0,0,0,0,0,0,180,0,0,0,0,0,0,0,0,0,0,0,0,0,0,0,0,0,0,116,127,310,0,0,0,0,0,2783,0,0,0,1380,610,0,0,0,0,0,0,0,0,0,0,0,0,0,0,0,0,0,0,0,0,0,0,0,0,0,0,0,0,0,0
contig_11924,0,13345,0,0,0,0,0,0,0,0,0,0,0,0,0,0,3401,0,0,0,0,0,0,0,0,0,0,0,0,1944,0,0,0,0,0,0,0,0,0,0,0,0,0,0,0,0,0,0,141,0,714,0,0,89,0,189,13182,0,3983,0,26412,1928,0,952,0,0,0,0,0,0,0,0,0,3372,0,0,0,0,0,0,163,0,0,0,0,0,0,0,0,0,0,0
contig_11933,0,0,0,0,0,0,0,0,0,0,0,0,0,0,0,0,0,0,0,0,0,0,0,0,0,0,0,0,0,0,0,0,0,0,0,0,0,0,0,0,0,0,0,0,0,0,0,0,181,0,0,0,0,0,0,0,0,0,0,0,0,0,0,0,12451,0,0,0,0,0,0,0,0,0,0,0,0,0,0,0,0,0,0,0,0,0,0,0,0,141,0,0
contig_1194,0,0,0,0,0,0,0,0,0,0,0,0,0,0,0,0,0,0,0,0,0,0,0,0,0,0,0,0,0,0,0,0,0,0,35880,56383,184,2362,0,0,0,0,0,0,0,0,0,0,0,0,0,0,0,0,0,0,0,0,0,0,0,0,0,0,0,0,0,0,0,0,0,0,0,0,0,0,0,0,0,0,0,0,0,0,0,0,0,0,0,0,0,0
contig_1197,0,0,0,0,0,0,0,0,0,0,0,0,0,0,0,0,0,0,0,0,0,0,0,0,0,0,0,0,0,0,0,0,0,0,97117,159233,641,6845,0,0,0,0,0,0,0,0,0,0,0,0,0,0,0,0,0,0,0,0,0,0,0,0,0,0,0,0,0,0,0,0,0,0,0,0,0,0,0,0,0,0,0,0,0,0,0,0,0,0,0,0,0,0
contig_11975,0,0,0,0,0,0,0,0,0,0,0,0,0,0,0,0,1071,0,0,0,0,0,0,0,0,0,0,0,0,0,0,0,0,0,0,0,0,0,0,0,0,0,0,0,0,0,0,0,236,0,0,0,0,0,0,0,0,0,420,0,0,0,0,0,0,0,0,0,0,0,0,0,0,0,0,0,0,0,0,0,0,0,0,0,0,0,0,0,0,0,0,0
contig_11986,0,2679,0,0,0,0,0,0,0,0,0,0,0,0,2693,13975,0,0,0,0,0,0,0,0,0,0,0,0,0,0,0,0,0,0,0,0,0,0,0,0,0,0,0,0,0,0,0,0,0,0,393,0,0,0,0,0,0,0,0,0,723,0,0,0,0,0,0,0,0,0,0,0,0,0,0,0,0,0,0,0,268,0,0,0,0,0,0,0,0,150,0,0
contig_12,0,0,0,0,0,0,0,0,0,0,0,0,0,0,0,0,0,0,0,0,0,1469,0,890,0,0,0,0,0,0,0,294,5145,29994,1497,1409,0,2660,0,0,0,0,0,0,0,0,0,0,0,0,0,0,0,0,0,9432,0,0,75,0,0,0,0,0,0,0,0,0,0,0,0,0,182,1017,0,0,73,1234,0,0,0,965,0,196,0,59,0,0,6312,26408,133,109
contig_1200,0,0,0,0,0,0,0,0,0,0,0,0,0,0,0,0,0,0,0,0,0,0,0,0,0,0,0,0,0,0,0,0,0,0,199090,308225,1432,10737,0,0,0,0,0,0,0,0,0,0,0,0,0,0,0,0,0,0,0,0,0,0,0,0,0,0,0,0,0,0,0,0,0,0,0,0,0,0,0,0,0,0,0,0,0,0,0,0,0,0,0,0,0,0
contig_12022,0,0,0,0,0,0,0,0,0,0,0,0,0,0,0,0,2398,0,0,0,0,0,0,0,0,0,0,0,0,4343,0,0,0,0,0,0,0,0,0,0,0,0,0,0,0,0,0,0,1469,0,0,0,0,0,0,0,0,0,0,0,5130,648,0,0,0,0,0,489,0,0,0,0,0,2204,0,0,0,0,0,0,0,0,0,0,0,0,0,0,0,0,0,0
contig_12041,0,4209,0,0,0,0,0,0,0,0,0,0,0,0,0,0,0,0,0,0,0,0,0,0,0,0,0,0,82258,0,0,0,0,0,0,0,0,0,0,305,0,0,0,0,0,14521,0,0,0,0,0,0,0,0,0,0,93,0,0,0,18906,824,0,0,0,0,0,0,0,0,0,0,0,570,0,0,0,0,0,0,241,0,0,0,0,0,0,0,0,0,0,0
contig_12052,0,0,0,0,0,0,0,0,0,0,0,0,0,0,0,0,0,0,0,0,0,0,0,0,0,0,0,0,0,0,0,0,0,0,0,0,0,0,0,0,0,0,0,0,0,0,0,2323,0,237,0,0,0,0,0,0,0,0,0,0,3086,948,0,0,0,0,0,0,0,0,0,0,0,0,0,0,0,0,0,0,0,0,0,0,0,0,0,0,0,0,0,0
contig_12080,0,8735,0,595,727,0,0,0,0,0,0,0,0,0,566,20057,866,44,0,259,0,442,0,0,0,0,0,0,0,167,0,0,0,0,0,0,0,0,0,0,0,0,0,0,0,0,412,608,0,0,0,0,0,0,0,1135,0,0,0,0,9507,2850,0,0,0,0,0,3622,0,0,0,0,0,0,0,0,0,0,0,0,0,0,0,0,0,0,0,0,0,51,0,0
contig_1213,0,0,0,0,0,0,0,0,0,0,0,0,0,0,0,0,0,0,0,0,0,0,0,0,0,0,0,0,0,0,0,0,0,0,62121,92924,0,2615,0,0,0,0,0,0,0,0,0,0,0,0,0,0,0,0,0,0,0,0,0,0,0,0,0,0,0,0,0,0,0,0,0,0,0,0,0,0,0,0,0,0,0,0,0,0,0,0,0,0,0,0,0,0
contig_12146,0,0,0,0,0,0,0,0,0,0,0,0,0,0,0,0,32,0,0,0,0,0,0,0,0,0,0,0,61,0,0,26,43,0,0,0,0,0,0,0,0,0,0,0,0,0,0,0,0,0,0,0,0,0,0,0,0,0,0,74,0,180,0,0,0,0,0,0,0,0,0,0,0,0,0,0,0,0,0,0,0,0,0,0,0,0,70,0,0,0,0,0
contig_1218,0,0,0,0,0,0,0,0,0,0,0,0,0,0,0,0,0,0,0,0,0,0,0,0,0,0,0,0,0,0,0,0,10957,0,0,0,0,0,0,0,3774,0,0,0,0,0,0,0,0,0,0,0,0,0,0,821453,0,0,0,0,0,0,0,0,0,0,0,0,0,0,0,0,0,0,0,0,0,0,0,0,0,0,0,0,0,0,0,0,262203,443229,6443,4939
contig_12186,0,0,0,0,0,0,0,0,0,0,0,0,0,0,0,0,0,0,0,0,0,0,0,0,0,0,0,0,0,0,0,0,0,0,0,0,0,0,0,0,0,0,0,0,0,0,0,0,4443,0,3550,0,0,0,0,0,0,0,0,0,0,0,0,0,0,0,0,1851,798,0,0,0,0,0,0,0,0,0,0,0,0,0,0,0,0,0,0,0,0,0,0,0
contig_12200,0,0,0,0,0,0,0,0,0,0,0,0,0,0,0,0,0,0,0,0,0,0,0,0,0,0,0,0,0,0,0,0,0,0,0,0,0,0,0,0,0,34,0,0,137,0,0,0,0,0,0,0,0,0,0,0,2900,0,0,0,0,0,54,0,0,0,0,0,0,0,0,0,0,0,0,0,0,0,0,0,0,0,0,0,0,0,0,0,75,0,0,0
contig_1221,0,0,0,0,0,0,0,0,0,0,0,0,0,0,0,0,0,0,0,0,0,0,0,0,0,0,0,0,0,0,0,0,0,0,0,0,1568,0,0,0,0,0,0,0,0,0,0,0,0,0,0,3155,0,0,0,0,0,0,0,0,0,0,229242,0,0,0,0,0,0,0,0,0,0,0,0,0,0,0,0,0,0,0,0,0,1108,0,0,0,0,0,0,0
contig_1222,0,0,0,0,0,0,0,0,0,0,0,0,0,0,0,0,0,0,0,0,0,0,0,0,0,0,0,0,0,0,0,0,0,0,0,0,3965,0,0,0,0,0,0,0,0,0,0,0,0,0,0,2906,0,0,0,0,0,0,0,0,0,0,262750,0,0,0,0,0,0,0,0,0,0,0,0,0,0,0,0,0,0,0,0,0,1783,0,0,0,0,0,0,0
contig_12243,0,0,0,0,0,0,0,0,0,0,0,0,0,0,0,0,4350,0,0,0,0,0,0,0,0,0,0,0,0,0,0,0,0,0,0,0,0,0,0,0,0,0,0,0,0,0,0,0,0,0,0,0,0,0,0,0,0,0,0,0,5462,7509,0,0,0,0,0,7280,0,0,0,0,0,0,0,0,0,0,0,0,0,0,0,0,0,0,0,0,0,0,0,0
contig_12244,0,4500,0,271,0,762,0,0,0,0,0,0,0,0,0,0,0,0,0,0,0,0,0,0,0,0,0,0,0,886,0,0,105,0,0,0,0,0,0,0,0,0,0,0,0,0,0,4427,652,1258,1639,0,0,358,0,333,464,0,0,9331,14258,611,0,2110,961,0,0,552,0,250,0,0,0,1791,0,0,0,0,0,0,0,0,0,0,0,0,0,0,0,794,0,0
contig_12259,0,0,0,0,0,0,0,0,0,0,0,0,0,0,0,0,0,0,0,0,0,0,0,0,0,0,0,0,0,0,0,0,3080,0,0,0,0,0,0,2805,0,192,1317,0,926,0,0,0,2014,0,0,0,0,0,0,3603,0,0,0,0,0,0,0,0,0,0,0,0,0,0,0,0,0,5893,0,0,0,0,0,0,0,0,0,0,0,0,0,0,0,0,0,0
contig_1226,0,0,0,0,0,0,0,0,0,0,0,0,0,9,0,0,0,0,0,0,0,0,0,0,0,0,0,0,0,0,0,0,0,0,0,0,293,0,0,0,0,0,0,0,0,0,0,0,0,0,0,502,0,0,0,0,0,0,0,0,0,0,16966,0,0,0,0,0,0,0,0,0,0,0,0,0,0,0,0,0,0,0,0,0,160,0,0,0,0,0,0,0
contig_12269,0,0,0,0,0,0,0,0,0,0,0,0,0,0,0,0,158,0,0,0,0,0,0,0,0,0,0,0,0,0,0,0,0,0,0,0,0,0,0,0,0,0,0,0,0,23139,0,0,0,0,0,0,0,0,0,0,0,0,25078,0,0,0,0,309,0,0,0,0,0,0,0,0,0,0,0,0,0,0,0,0,0,0,0,0,0,0,0,0,0,0,0,0
contig_1227,0,0,0,0,0,0,0,0,0,0,0,0,0,0,0,0,0,0,0,0,0,0,0,0,0,0,0,0,0,0,0,0,0,0,0,0,27,0,0,0,0,0,0,0,0,0,0,0,0,0,0,27,0,0,0,0,0,0,0,0,0,0,6909,0,0,0,0,0,0,0,0,0,0,0,0,0,0,0,0,0,0,0,0,0,36,0,0,0,0,0,0,0
contig_1228,0,0,0,0,0,0,0,0,0,0,0,0,0,0,0,0,0,0,0,0,0,0,0,0,0,0,0,0,0,0,0,0,0,0,0,0,553,0,0,0,0,0,0,0,0,0,0,0,0,0,0,1172,0,0,0,0,0,0,0,0,0,0,88979,0,0,0,0,0,0,0,0,0,0,0,0,0,0,0,0,0,0,0,0,0,432,0,0,0,0,0,0,0
contig_12290,0,0,0,883,2745,1215,0,0,0,0,0,0,0,0,0,0,0,0,0,0,0,0,0,0,0,0,0,0,0,2369,0,594,0,0,0,0,0,2181,0,0,0,0,0,0,0,0,0,2243,0,0,0,153,0,0,0,0,0,0,0,0,0,3606,0,0,0,0,0,0,0,1262,611,0,1054,0,0,0,0,0,0,0,0,0,0,0,0,0,0,0,0,0,0,0
contig_12295,0,0,0,429,0,0,0,0,0,0,0,0,0,0,0,0,0,0,0,0,0,0,0,0,0,0,0,0,0,0,0,0,0,0,0,0,0,0,0,0,0,0,5,0,0,0,0,153,0,0,98,0,0,0,0,0,0,0,0,0,238,128,0,0,0,0,0,0,0,0,0,0,0,0,0,0,0,0,0,0,0,0,0,0,0,0,0,0,0,0,0,0
contig_12296,0,0,0,90,0,0,0,0,0,0,0,0,0,0,0,0,0,0,0,0,0,0,0,0,0,0,0,0,0,0,0,0,0,0,0,0,0,0,0,0,0,0,19,0,0,0,0,16,0,0,27,0,0,0,0,0,0,0,0,0,0,290,0,0,0,0,142,15,0,0,0,0,0,0,0,0,0,0,0,0,0,0,0,0,0,0,0,0,0,0,0,0
contig_12297,0,0,0,0,0,0,0,0,0,0,0,0,0,0,0,0,0,0,0,0,0,0,0,0,0,0,0,0,0,0,0,0,0,0,0,0,0,0,0,0,0,0,0,0,0,0,0,0,0,0,0,0,0,0,0,26,0,0,0,0,28,96,0,0,0,0,0,0,0,0,0,0,0,0,0,0,0,0,0,0,0,0,0,0,0,0,0,0,0,0,0,0
contig_12299,0,0,0,0,0,0,0,0,0,0,0,0,0,0,0,0,0,0,0,0,0,0,0,0,0,0,0,0,0,0,0,0,0,0,0,0,0,0,0,0,0,0,0,0,0,0,0,0,0,0,0,0,0,0,0,0,0,0,0,0,0,0,0,0,0,0,52,0,0,0,0,40,32,0,0,0,0,0,0,0,0,0,0,0,0,0,0,0,0,0,0,0
contig_123,0,0,0,0,0,0,0,0,0,0,0,0,0,0,0,0,0,0,0,0,0,0,0,0,0,217,341,0,0,0,0,0,0,0,0,0,0,0,0,0,0,0,0,0,0,0,0,0,0,0,0,0,0,0,0,0,0,0,0,0,0,0,0,0,0,0,0,0,0,0,0,0,0,0,0,0,0,0,0,0,0,0,95,90,0,0,0,0,0,0,0,0
contig_12352,0,0,0,0,0,0,0,0,0,0,0,0,0,0,0,0,0,0,0,0,0,0,0,0,0,0,0,0,0,0,0,0,0,0,0,0,0,208,0,0,0,0,0,0,0,0,0,0,0,0,0,0,0,0,0,0,0,0,0,0,0,0,0,0,0,0,0,0,0,0,0,0,0,0,0,0,0,0,0,0,0,0,0,0,0,0,0,0,0,414,44,0
contig_12372,0,0,0,2781,1521,0,3449,0,0,0,0,0,0,0,0,0,521,0,0,0,0,0,0,0,0,0,0,0,0,3777,0,0,0,0,0,0,0,254,0,0,0,0,0,0,0,0,972,4258,2362,0,0,0,0,2881,0,0,0,0,0,0,0,0,0,0,522,0,0,541,0,0,0,0,0,17537,0,0,0,0,0,0,342,0,0,0,0,0,5096,0,0,2342,0,0
contig_1238,0,0,0,0,0,0,759,0,0,0,0,0,0,0,0,0,42,0,0,0,0,0,0,0,0,0,0,0,0,0,0,0,0,0,0,0,0,0,0,57,0,0,0,0,0,0,0,0,52,0,0,0,0,0,0,0,260,0,1470,853,5305,116,0,0,0,0,0,0,0,0,0,0,0,205,0,0,0,0,0,0,0,0,0,0,0,0,659,0,0,0,0,0
contig_12438,0,0,0,0,0,0,0,0,0,0,0,0,0,0,0,0,434,0,0,0,0,0,0,0,0,0,0,0,0,58,0,88,0,0,0,0,0,72,0,69,0,0,0,0,0,0,0,0,82,0,0,0,0,0,0,0,80,0,0,0,0,0,0,0,0,0,0,79,0,0,0,0,0,0,0,0,0,0,0,0,0,0,0,0,0,0,0,0,0,0,0,0
contig_12440,0,0,0,0,0,0,0,0,0,0,0,0,0,0,0,0,0,0,0,0,0,0,0,0,0,0,0,0,0,0,283,0,0,0,0,0,0,0,0,0,0,0,0,0,0,0,0,0,593,204,0,0,0,0,0,0,0,0,0,0,1812,589,0,0,0,0,0,115,0,0,0,0,0,0,0,0,0,0,0,0,0,0,0,0,0,0,0,0,0,0,0,0
contig_12446,0,0,0,0,0,0,0,0,0,0,0,0,0,0,0,0,0,0,0,0,0,0,0,0,0,0,0,0,0,0,0,0,0,0,0,0,0,0,0,0,0,0,0,0,0,0,0,0,0,59,0,0,0,0,0,0,0,0,0,0,0,0,0,0,0,0,0,0,0,0,0,50,0,0,0,0,0,0,205,0,0,0,0,0,0,0,0,0,0,0,0,0
contig_12457,0,0,0,0,0,0,0,0,0,0,0,0,0,0,0,0,0,0,0,0,0,0,0,0,0,0,0,0,0,0,0,55,0,0,0,0,0,34,0,0,0,0,0,0,0,0,0,0,0,0,0,0,0,0,0,0,0,0,0,0,0,0,0,0,0,0,0,0,0,0,0,0,0,0,0,0,0,0,0,0,0,0,0,0,0,0,0,0,0,73,0,0
contig_12507,40147,0,0,0,0,0,0,0,0,0,0,0,0,0,0,11445,0,0,0,0,0,0,0,0,0,0,0,2310,4744,3836,0,0,0,0,0,0,0,0,0,0,0,0,0,0,0,1361,0,0,0,0,0,0,0,0,0,0,0,0,0,0,0,0,0,0,0,0,0,0,0,0,0,0,0,0,0,0,0,0,0,0,0,0,0,0,0,0,0,0,0,0,0,0
contig_12521,0,0,0,0,0,0,0,0,0,0,0,0,0,0,0,0,0,0,0,0,0,0,0,0,0,0,0,0,0,0,0,223,0,0,0,0,0,943,0,0,0,0,0,0,0,0,0,0,0,0,0,0,0,0,0,0,0,0,0,0,0,0,0,0,0,0,0,0,0,0,0,0,0,0,0,0,0,0,0,0,0,0,0,0,0,0,0,0,0,810,192,0
contig_1255,0,0,0,0,0,0,0,0,0,0,0,0,0,0,0,0,0,0,0,0,0,0,0,0,0,0,0,0,0,0,0,0,0,0,0,0,19,0,0,0,0,0,0,0,61,0,0,0,0,0,0,0,0,0,206,0,0,0,0,0,0,0,0,0,0,0,0,0,0,0,0,0,0,0,0,0,0,0,0,0,0,0,0,0,0,0,0,0,0,0,0,0
contig_12563,0,2439,0,0,0,0,0,0,0,0,0,0,0,0,0,0,4877,0,0,0,0,0,0,0,0,0,0,1493,0,0,0,0,0,0,0,0,0,0,0,0,0,0,0,0,0,0,0,0,0,0,0,0,0,1724,0,0,0,0,0,1056,0,1576,0,1562,0,0,0,0,0,0,0,0,0,0,0,0,0,0,0,0,13989,0,0,0,0,0,0,0,0,0,0,0
contig_1260,0,0,0,0,0,0,0,0,0,0,28,0,0,0,56,0,130,0,0,0,0,0,0,0,0,0,0,0,0,0,0,0,0,0,0,0,0,0,0,0,0,0,0,0,0,61,0,0,400,104,95,0,0,0,0,0,0,0,345,0,414,241,0,0,0,0,174,645,363,359,47,0,0,937,0,0,0,0,0,0,0,0,0,0,0,0,0,0,0,0,0,0
contig_12653,0,1478,0,0,0,0,0,0,0,0,0,0,0,0,0,3216,0,0,0,0,0,0,0,0,0,0,0,2380,0,0,0,0,0,0,0,0,0,0,0,0,0,0,0,0,0,0,0,0,0,0,0,0,0,0,0,0,0,0,0,0,1468,376,0,0,0,0,0,0,0,0,0,0,0,0,0,0,0,0,0,0,0,0,0,0,0,0,0,0,0,0,0,0
contig_12671,0,0,0,0,0,0,0,0,0,0,0,0,0,0,0,0,1702,0,0,0,0,0,0,0,0,0,0,0,0,0,0,0,0,0,0,0,0,0,0,0,0,0,0,0,0,0,0,0,225,0,0,0,0,0,0,0,0,0,0,0,2461,682,0,0,0,0,0,46,0,0,0,0,0,0,0,0,0,0,0,0,0,0,0,0,0,0,118,0,0,0,0,0
contig_12679,0,0,0,0,0,0,0,0,0,0,0,0,0,0,0,0,0,0,0,0,0,0,0,0,0,0,0,0,0,989,0,468,0,0,0,0,0,0,0,776,0,0,0,0,0,0,2444,1382,4487,1733,5604,122,0,0,0,2447,2726,0,0,0,3377,2042,0,0,0,0,0,0,0,0,0,0,0,8734,0,0,0,0,0,0,0,0,0,0,0,0,12239,0,0,2550,0,0
contig_12711,0,0,0,0,0,0,0,0,0,0,0,0,0,0,0,0,0,0,0,0,0,18,0,0,0,0,0,0,0,0,0,0,0,0,0,0,0,0,0,0,0,0,0,0,0,0,0,0,0,0,0,0,0,0,0,0,0,0,0,0,0,0,0,0,0,0,0,0,71,0,0,0,0,0,0,0,0,0,0,0,0,0,0,0,0,0,0,0,0,67,0,0
contig_12798,0,1840,11052,4607,6084,2888,0,0,0,0,322,0,0,0,7710,0,2955,0,0,0,0,1238,0,0,0,174,0,0,687,5845,1972,1398,2847,0,0,0,0,8398,0,1578,0,0,0,0,231,0,5283,4230,10606,8759,1717,0,0,0,0,860,3119,0,0,830,21590,4046,0,0,1713,0,1275,2604,1936,0,0,0,0,5829,0,2686,0,0,0,0,559,0,0,0,0,0,6137,0,547,0,0,0
contig_12807,0,3274,0,0,0,0,127,0,0,0,0,0,0,0,8592,20572,809,0,0,0,0,0,0,0,0,156,0,2391,352,1926,0,0,0,0,0,0,0,0,0,634,0,0,0,0,0,213,0,195,0,0,0,0,0,0,0,0,0,0,1635,0,3235,678,0,0,209,0,0,0,0,0,0,0,0,588,0,0,0,0,0,0,0,0,0,0,0,0,0,0,0,0,0,0
contig_12808,0,0,0,0,0,0,0,0,0,0,0,0,0,0,48333,0,0,0,0,0,0,0,0,0,0,0,0,0,0,0,0,0,0,0,0,0,0,0,0,0,0,0,0,0,0,0,0,0,418,0,0,0,0,0,0,0,0,0,0,0,1796,0,0,0,0,0,0,0,0,0,0,0,0,0,0,0,0,0,0,0,0,0,0,0,0,0,0,0,0,0,0,0
contig_129,0,0,0,0,0,0,0,0,0,0,0,0,0,0,0,0,0,0,0,0,14532,2498,0,7923,634,16965,51234,0,0,0,0,0,0,0,0,0,0,0,0,0,0,0,0,0,0,0,0,0,0,0,0,0,0,0,0,0,0,0,0,0,0,0,0,0,0,0,0,0,0,0,0,0,0,0,0,0,0,0,0,0,0,0,0,0,0,0,0,0,0,0,0,0
contig_12984,0,0,0,0,0,0,0,0,0,0,0,0,0,0,0,0,0,0,0,0,0,0,0,0,0,0,0,0,0,0,0,0,0,0,0,0,0,0,0,0,0,0,0,0,0,0,0,0,484,0,0,0,0,0,0,0,0,0,0,0,0,0,0,0,0,0,0,209,310,0,0,0,0,0,0,0,0,0,0,0,0,0,0,0,0,0,423,0,0,1038,0,0
contig_12986,0,0,0,0,0,0,0,0,0,0,0,0,0,0,0,0,0,0,0,0,0,0,0,0,0,0,0,0,0,0,0,0,0,0,0,0,0,40,0,0,0,0,0,0,0,0,0,0,0,0,0,0,0,0,0,0,0,0,0,0,0,0,0,0,0,0,0,0,0,0,0,0,0,0,0,0,0,0,0,0,0,0,0,0,0,0,0,0,117,145,0,0
contig_12988,0,0,0,0,0,0,0,0,0,0,0,0,0,0,0,0,0,0,0,0,0,0,0,0,0,0,0,0,0,0,0,0,0,0,0,0,0,0,0,0,0,0,0,0,0,0,0,0,159,0,0,0,0,0,0,0,0,0,0,0,1305,0,0,0,0,0,0,4604,0,0,0,0,0,0,0,0,0,0,0,0,0,0,0,0,0,0,0,0,0,0,0,0
contig_12991,0,3105,0,579,0,0,0,0,0,0,0,0,0,0,0,0,0,0,0,0,0,0,0,0,0,0,0,0,2955,4417,0,0,0,0,0,0,0,0,0,0,0,0,0,0,0,2986,0,0,0,905,0,0,0,0,0,0,5260,0,0,5536,8784,1379,0,0,0,0,0,1034,3940,0,0,0,0,0,0,0,0,0,0,0,0,0,0,0,0,0,0,0,0,0,0,0
contig_12995,0,0,0,0,0,0,0,0,0,0,0,0,0,0,0,0,3217,0,0,0,0,0,0,0,0,0,0,0,0,0,0,0,0,0,0,0,0,0,0,0,0,0,0,0,0,0,0,0,0,0,0,0,0,0,0,0,0,0,106,0,3570,0,0,0,0,0,0,441,275,0,0,0,0,0,0,0,0,0,0,0,0,0,0,0,0,0,0,0,0,0,0,0
contig_12998,0,9605,0,0,0,0,0,0,0,0,0,0,0,0,15148,56081,4377,0,0,0,0,0,0,0,0,0,0,6619,10780,4260,0,0,0,0,0,0,0,0,0,690,0,0,0,0,0,5152,0,2580,0,0,0,0,0,0,0,0,0,0,0,10519,16752,230,0,1256,0,0,0,0,0,0,0,0,0,0,0,0,0,0,0,0,0,0,0,0,0,0,0,0,0,921,0,0
contig_13,0,0,0,0,0,0,0,0,0,0,29,0,0,52,0,0,0,0,0,0,0,1150,0,145,39,0,0,0,0,0,0,67,1577,4676,487,484,0,712,0,0,0,0,0,0,0,0,0,0,0,0,0,0,0,0,0,5181,0,0,34,0,0,0,0,0,0,0,0,0,0,0,0,0,25,137,0,0,27,223,0,0,0,433,14,44,0,21,0,0,1831,3060,26,32
contig_13013,0,0,0,0,0,0,0,0,0,0,0,0,0,0,0,0,0,0,0,0,0,0,0,0,0,0,0,11883,0,0,0,0,0,0,0,0,0,0,0,0,0,0,0,0,0,0,0,0,0,0,0,0,0,0,0,0,0,0,0,0,10026,229,0,0,0,0,0,0,0,0,0,0,0,0,0,0,0,0,0,0,0,0,0,0,0,0,0,0,0,0,0,0
contig_13016,0,0,0,0,0,0,0,0,0,0,0,0,0,0,0,0,673,0,0,0,0,0,0,0,0,0,0,0,0,0,0,0,0,0,0,0,0,0,0,0,0,0,0,0,0,0,0,0,0,0,36,0,0,0,0,0,0,0,0,0,961,324,0,0,0,0,0,104,0,0,0,0,0,0,0,0,0,0,0,0,0,0,0,0,0,0,0,0,0,0,0,0
contig_13019,0,0,0,0,0,0,0,0,0,0,0,0,0,0,0,0,0,0,0,0,0,0,0,0,0,0,0,0,0,238,0,0,0,0,0,0,0,0,0,0,0,0,0,0,0,0,0,175,371,550,0,0,0,0,0,0,0,0,0,0,0,0,0,0,0,0,0,0,0,0,0,0,0,0,0,0,0,0,0,0,0,0,0,0,0,0,0,0,0,0,0,0
contig_13055,0,0,0,3191,0,0,0,0,0,0,0,0,0,0,0,0,0,0,0,0,0,0,0,0,0,0,0,0,2496,0,0,0,0,0,0,0,0,0,0,0,0,0,0,0,0,0,0,0,0,0,104,0,0,0,0,0,0,0,0,0,0,0,0,0,0,0,0,0,0,0,0,0,0,0,0,0,0,0,0,0,0,0,0,0,0,0,0,0,0,0,0,0
contig_13067,0,0,0,0,0,0,0,0,0,0,0,0,0,0,0,0,1618,493,0,431,0,0,0,0,250,0,0,0,0,0,0,0,0,0,0,0,0,0,470,0,0,0,0,0,0,0,0,0,0,0,0,0,0,0,0,0,0,0,0,0,0,387981,0,0,0,0,0,0,0,703,0,237,0,0,0,0,0,0,0,0,0,0,0,0,0,0,0,0,0,0,0,0
contig_13087,0,0,31503,948,0,0,481,0,0,0,0,0,0,0,0,0,0,0,0,0,0,0,0,0,0,0,0,0,0,4124,0,0,0,0,0,0,0,0,0,0,0,0,0,0,0,0,0,2085,0,0,0,0,0,0,0,0,0,0,0,0,27116,2579,0,0,0,0,0,0,0,846,0,0,0,0,0,0,0,0,0,0,0,0,0,0,0,0,0,0,0,0,0,0
contig_13089,0,0,0,0,0,0,0,0,0,0,0,0,0,0,0,0,26455,0,0,0,0,0,0,0,0,0,0,0,0,4819,0,0,0,0,0,0,0,0,0,0,0,0,0,0,0,0,0,636,1266,651,4865,0,0,0,0,0,0,0,0,0,0,0,0,0,0,0,0,0,0,0,0,0,0,476,0,0,0,0,0,0,0,0,0,0,0,0,0,0,0,0,0,0
contig_13132,0,0,0,0,0,0,0,0,0,0,0,0,0,0,0,0,0,0,0,0,0,0,0,0,0,0,0,0,0,0,0,0,0,0,0,0,0,0,0,0,0,0,0,0,0,0,430,0,366,94,193,0,0,0,0,0,0,0,0,0,8844,2292,0,0,0,0,0,0,0,0,0,0,0,0,0,0,0,0,0,0,0,0,0,0,0,0,0,0,0,0,0,0
contig_13158,0,0,0,0,0,0,0,0,0,0,0,0,0,0,0,0,0,0,0,0,0,0,0,0,0,0,0,0,0,0,0,0,0,0,0,0,0,0,0,0,0,0,0,0,0,0,0,0,247,0,164,0,0,0,0,0,0,0,0,0,0,665,0,0,0,0,0,369,0,0,0,0,0,0,0,0,0,0,0,0,0,0,0,0,0,0,0,0,0,0,0,0
contig_13190,0,0,0,180,251,0,0,0,0,0,0,0,0,100,0,0,1287,0,0,0,0,0,0,0,0,0,0,0,0,539,0,335,0,0,0,0,0,0,0,0,0,0,69,0,36,0,0,0,1393,493,910,391,0,0,0,0,0,0,0,0,0,68,0,0,0,0,0,0,0,0,0,0,0,0,0,0,0,0,0,0,0,0,0,0,0,0,0,0,0,980,0,0
contig_13212,0,11668,0,963,614,820,16411,0,0,0,0,0,0,0,0,0,0,0,0,0,0,0,0,0,0,0,0,0,0,2251,59,91,267,0,0,0,0,0,0,190,0,0,0,0,0,0,0,5496,556,974,1736,0,0,644,0,1404,1439,0,1912,5658,11219,793,0,2266,1398,0,0,172,0,1050,219,0,0,2677,0,0,0,0,0,0,234,0,0,0,0,0,4368,0,176,907,0,0
contig_13222,0,0,0,0,0,0,0,0,0,0,0,0,0,0,0,0,0,0,0,0,0,0,0,0,0,0,0,0,0,0,0,0,0,0,0,0,0,0,0,0,0,0,0,0,0,851,0,250,0,0,0,0,0,0,0,0,0,0,0,1663,0,102,0,0,0,0,0,370,73,0,0,0,0,0,0,0,0,0,0,0,0,0,0,0,0,0,0,0,0,1172,0,0
contig_13267,0,0,0,0,0,0,0,0,0,0,0,0,0,0,0,0,0,0,0,0,0,0,0,0,0,0,0,0,0,0,0,0,0,0,0,0,0,0,0,0,0,0,0,0,0,0,0,0,1370,0,635,0,0,0,0,0,719,0,0,0,0,0,0,0,0,0,0,1248,0,0,0,0,0,0,0,0,0,0,0,0,0,0,0,0,0,0,0,0,0,0,0,0
contig_13312,0,0,0,0,0,0,0,0,0,0,114,0,0,0,0,0,0,0,0,48,0,0,0,0,0,0,0,0,0,0,0,0,0,0,0,0,0,0,0,0,0,0,0,0,0,0,0,0,0,0,0,0,0,0,0,0,0,0,0,0,0,0,0,0,0,0,0,0,0,0,0,0,36,0,0,0,0,0,0,0,0,0,0,0,0,0,0,0,0,0,0,0
contig_13328,0,0,0,533,0,0,0,0,0,0,0,0,0,0,0,0,1881,0,0,0,0,0,0,0,0,0,0,0,0,2411,605,282,0,0,0,0,0,0,0,0,0,0,0,0,0,0,865,1166,3938,6992,1487,0,0,0,0,0,2514,0,0,0,6732,896,0,0,0,0,462,287,318,0,0,0,0,1717,0,0,0,0,0,0,0,0,0,0,0,0,0,0,0,0,0,0
contig_13342,0,0,0,0,0,0,0,0,0,0,0,0,0,0,0,0,0,0,0,368,0,0,0,0,0,0,0,0,0,0,0,0,2514,0,0,0,0,0,0,0,1302,0,62,0,88,0,0,0,0,0,0,0,0,0,0,1225,0,0,0,0,0,0,0,0,0,0,0,0,0,0,0,0,0,388,0,0,0,0,0,0,0,0,0,0,0,0,0,0,291,13589,130,0
contig_13345,0,0,0,0,0,0,0,0,0,0,0,0,0,0,0,0,588,0,0,0,0,0,0,0,0,0,0,0,0,0,0,0,0,0,0,0,0,0,0,0,0,0,0,0,0,0,0,0,0,0,0,0,0,0,0,0,0,0,0,0,14041,4469,0,0,0,0,0,0,0,0,0,0,0,0,0,0,0,0,0,0,0,0,0,0,0,0,0,0,0,0,0,0
contig_13353,0,0,0,0,0,0,0,0,0,0,0,0,0,0,0,0,0,0,0,0,0,0,0,0,0,0,0,0,0,0,0,0,0,0,0,0,0,0,0,0,0,0,0,0,0,6781,0,0,68,0,0,0,0,0,0,0,0,0,0,0,0,142,0,0,0,0,0,91,0,0,0,0,0,0,0,0,0,0,0,0,0,0,0,0,0,0,0,0,0,0,0,0
contig_13370,0,0,0,172,100,0,0,0,0,0,0,0,0,0,0,0,0,0,0,0,0,0,0,0,0,0,0,0,0,65,0,0,0,0,0,0,0,0,0,0,0,9,47,0,194,0,0,0,0,312,0,0,0,0,0,0,286,0,0,0,386,9582,0,0,0,0,60,2805,0,0,0,0,0,0,0,0,0,0,0,0,0,0,0,0,0,0,0,0,0,0,0,0
contig_13380,0,0,0,0,0,0,0,0,0,0,735,0,0,0,0,0,0,0,0,0,0,0,0,0,0,0,0,0,0,0,0,353,3385,0,0,0,0,702,0,0,0,0,0,0,0,0,0,0,0,0,0,0,0,0,0,0,0,0,0,0,0,0,0,0,0,0,0,0,0,0,0,0,0,0,0,0,0,0,0,0,0,0,0,0,0,0,0,0,232,0,0,0
contig_13396,0,0,0,0,0,0,0,0,0,0,0,0,0,0,0,0,6558,0,0,0,0,0,0,0,0,0,0,0,0,773,0,0,0,0,0,0,0,0,0,0,0,0,0,0,0,0,0,0,0,0,0,0,0,0,0,0,0,0,0,0,0,3642,0,0,0,0,0,0,0,0,0,0,0,0,0,0,0,0,0,0,0,0,0,0,0,0,0,0,0,0,0,0
contig_13410,0,0,0,0,0,0,0,0,0,0,0,0,0,0,0,0,0,0,0,0,0,0,0,0,0,0,0,0,0,0,0,0,0,0,0,0,0,0,0,0,0,0,0,0,0,0,0,0,0,0,0,0,0,0,0,0,0,0,0,0,0,365,56,0,0,0,0,0,0,0,0,0,0,0,0,0,0,0,0,0,0,0,0,0,0,0,0,0,0,59,0,0
contig_1343,0,0,0,0,0,0,0,0,0,79031,866965,808873,0,178952,0,0,0,0,0,0,0,0,0,0,0,0,0,0,0,0,0,0,0,0,0,0,0,0,0,0,0,0,0,0,0,0,0,0,0,0,0,0,0,0,0,0,0,0,0,0,0,0,0,0,0,0,0,0,0,0,0,0,0,0,0,0,0,0,0,0,0,0,0,0,0,0,0,0,0,0,0,0
contig_1344,0,0,0,0,0,0,0,504820,10896,22147,139759,528507,0,395,0,0,0,0,0,0,0,0,0,14313,0,0,0,0,0,0,0,0,0,0,0,0,0,0,0,0,0,0,0,0,0,0,0,0,0,0,0,0,0,0,0,0,0,0,0,0,0,0,0,0,0,0,0,0,0,0,0,0,0,0,0,0,0,0,0,0,0,0,0,0,0,0,0,0,0,0,0,0
contig_1345,0,0,0,0,0,0,0,192962,1153,8254,9628,5564,22,168,0,0,0,0,0,0,0,0,0,0,0,0,0,0,0,0,0,0,0,0,0,0,0,0,0,0,0,0,0,0,0,0,0,0,0,0,0,0,0,0,0,0,0,0,0,0,0,0,0,0,0,0,0,0,0,0,0,0,0,0,0,0,0,0,0,0,0,0,0,0,0,0,0,0,0,0,0,0
contig_13460,0,0,0,0,0,0,0,0,0,0,0,0,0,0,0,0,0,0,0,0,0,0,0,0,0,0,0,0,0,0,0,0,0,0,0,0,0,0,0,0,0,0,0,0,0,0,0,0,0,0,0,0,0,0,0,0,0,0,0,0,0,0,0,0,0,0,0,0,0,0,0,0,0,0,0,0,0,0,0,0,0,0,0,0,0,0,0,0,38,2085,217,0
contig_13465,0,0,0,0,0,0,0,0,0,0,0,0,0,0,0,0,0,0,0,0,0,0,0,0,0,0,0,0,0,0,0,0,0,0,0,0,0,0,0,0,0,0,0,0,0,0,0,0,0,0,0,0,0,0,0,0,1625,0,8722,2287,0,170,0,0,0,0,0,0,0,0,0,0,0,0,0,0,0,0,0,0,0,0,0,0,0,0,0,0,0,0,0,0
contig_1347,0,0,0,0,0,0,0,325742,18212,22855,25437,0,0,0,0,0,0,0,0,0,0,0,0,0,0,0,0,0,0,0,0,0,0,0,0,0,0,0,0,0,0,0,0,0,0,0,0,0,0,0,0,0,0,0,0,0,0,0,0,0,0,0,0,0,0,0,0,0,0,0,0,0,0,0,0,0,0,0,0,0,0,0,0,0,0,0,0,0,0,0,0,0
contig_13477,0,0,0,0,0,0,0,0,0,0,0,0,0,0,0,0,0,0,0,0,0,0,0,0,0,0,0,0,817,0,0,0,0,0,0,0,0,0,0,0,0,0,0,0,0,0,0,0,0,0,234,0,0,0,0,0,0,0,0,0,0,0,0,0,0,0,0,1083,0,0,0,0,0,0,0,0,0,0,0,0,0,0,0,0,0,0,0,0,0,0,0,0
contig_13517,0,0,0,0,0,0,0,0,0,0,0,0,0,0,0,0,472,0,0,0,0,0,0,0,0,0,0,0,3505,0,0,0,0,0,0,0,0,0,0,0,0,0,0,0,0,0,771,0,483,0,264,0,0,0,0,0,766,0,0,0,0,163,0,0,0,0,0,0,0,0,0,0,0,0,0,0,0,0,0,0,0,0,0,0,0,0,0,0,0,0,0,0
contig_13536,0,0,0,1979,0,0,0,0,0,0,0,0,0,0,0,0,1129,0,0,0,0,935,0,0,0,0,0,0,0,0,4375,0,0,0,0,0,0,0,0,3063,0,0,0,0,0,0,0,5973,0,0,0,0,0,0,0,0,0,0,0,0,0,44164,0,0,0,0,0,0,0,0,0,0,0,0,0,0,0,0,0,0,1236,0,0,0,0,0,0,0,511,99,0,0
contig_1356,0,0,0,0,0,0,0,0,0,0,0,0,0,0,0,0,0,640024,745084,134204,0,0,0,0,0,0,0,0,0,0,0,0,0,0,0,0,0,0,0,0,0,0,0,0,0,0,0,0,0,0,0,0,0,0,0,561911,0,0,0,0,0,0,0,0,0,0,0,0,0,0,0,0,0,0,0,0,0,0,0,0,0,0,0,0,0,0,0,0,0,0,0,0
contig_13565,1014,717,0,0,0,0,0,0,0,0,0,0,0,0,0,7615,0,0,0,0,0,0,0,0,0,0,0,2491,0,0,0,0,0,0,0,0,0,0,0,0,0,0,0,0,0,740,0,0,0,0,0,0,0,0,0,0,0,0,0,1367,3731,0,0,0,0,0,0,0,0,0,0,0,0,0,0,0,0,0,0,0,0,0,0,0,0,0,0,0,0,0,0,0
contig_13568,0,0,0,640,442,0,0,0,0,0,0,0,0,0,0,0,0,0,0,0,0,0,0,0,0,0,0,0,0,477,0,0,0,0,0,0,0,0,0,0,0,0,94,0,357,0,0,0,0,1741,0,0,0,0,0,0,1827,0,0,0,10412,16062,0,0,0,0,85,4023,0,0,0,0,0,0,0,0,0,0,0,0,0,0,0,0,0,0,0,0,0,0,0,0
contig_13620,0,0,0,0,0,0,0,0,0,0,0,0,0,0,0,0,0,0,0,0,0,0,0,0,0,0,0,0,0,0,0,0,0,0,0,0,0,0,0,0,0,0,0,0,0,0,0,798,478,0,543,0,0,105,0,0,0,0,0,0,2796,9275,0,431,0,0,0,0,0,0,0,0,0,0,0,0,0,0,0,0,0,0,0,0,0,0,0,0,0,0,0,0
contig_13661,0,0,0,0,0,0,0,0,0,0,0,0,0,0,0,0,0,0,0,0,0,0,0,0,0,0,0,0,0,0,0,0,0,0,0,0,0,0,0,0,0,0,0,0,0,0,0,0,193,0,0,0,0,0,0,0,0,0,0,0,0,136,0,0,0,0,0,174,879,0,0,0,0,0,0,0,0,0,0,0,0,0,0,0,0,0,0,0,0,0,0,0
contig_13695,0,0,0,0,0,0,3619,0,0,0,0,0,0,0,0,0,0,0,0,0,0,0,0,0,0,0,0,0,0,0,0,0,0,0,0,0,0,0,0,0,0,0,0,0,0,0,0,0,0,0,0,0,0,0,0,0,0,0,0,0,745,1679,0,0,0,0,0,0,0,0,0,0,0,1951,0,0,0,0,0,0,0,0,0,0,0,0,985,0,0,39,0,0
contig_13727,0,0,0,0,0,0,0,0,0,0,0,0,0,0,0,0,0,0,0,0,0,0,0,0,0,0,0,0,0,0,0,0,0,0,0,0,0,0,0,0,0,0,0,0,0,0,0,0,0,0,0,0,0,0,0,0,0,0,0,0,0,802,0,0,0,0,0,0,0,0,0,0,0,841,0,0,0,0,0,0,0,0,0,0,0,0,0,0,0,473,0,0
contig_13798,0,0,0,0,0,0,0,0,0,0,0,0,0,0,0,0,3082,0,0,0,0,0,0,0,0,0,0,0,0,0,0,0,0,0,0,0,0,0,0,0,0,0,0,0,0,0,0,0,0,0,0,0,0,0,0,0,0,0,0,0,5071,228,0,0,0,0,0,0,0,0,0,0,0,0,0,0,0,0,0,0,0,0,0,0,0,0,0,0,0,0,0,0
contig_13852,0,0,0,0,0,0,0,0,0,0,224,0,0,0,0,0,0,0,0,0,0,486,0,0,0,0,0,0,0,0,0,0,1417,0,0,0,0,0,0,0,0,0,0,0,0,0,0,0,2378,0,0,8865,0,0,0,0,0,0,0,0,0,4756,0,0,0,0,0,760,0,0,0,0,0,2960,0,1598,0,0,0,0,0,0,0,0,0,0,0,0,0,2342,0,0
contig_13861,0,1835,0,0,0,0,0,0,0,0,0,0,0,0,0,36863,0,0,0,0,0,0,0,0,0,0,0,3206,0,0,0,0,0,0,0,0,0,0,0,0,0,0,0,0,0,3043,0,0,0,0,0,0,0,0,0,0,0,0,0,6444,0,0,0,0,0,0,0,0,0,0,0,0,0,0,0,0,0,0,0,0,0,0,0,0,0,0,0,0,0,0,0,0
contig_13870,0,0,0,0,0,0,0,0,0,0,0,0,0,0,0,0,0,0,0,0,0,0,0,0,0,0,0,0,0,0,0,0,0,0,0,0,0,0,0,0,0,0,0,0,0,0,0,0,264,0,298,0,0,0,0,0,0,0,0,0,0,1044,0,0,0,0,0,0,0,0,0,0,0,0,0,0,0,0,0,0,0,0,0,0,0,0,0,0,0,0,0,0
contig_13871,0,0,0,0,0,0,0,0,0,0,0,0,0,0,0,0,0,0,0,0,0,0,0,0,0,0,0,0,0,0,0,0,0,0,0,0,0,156,0,0,0,0,0,0,0,0,0,0,0,0,0,0,0,0,0,0,0,0,0,0,0,0,0,0,0,0,0,0,0,0,0,0,0,0,0,0,0,0,0,0,0,0,0,0,0,0,0,0,0,46,14,0
contig_13886,0,0,0,0,0,0,0,0,0,0,0,0,0,0,0,0,116,0,0,0,0,0,0,0,0,0,0,0,0,0,0,0,0,0,0,0,0,0,0,0,0,0,0,0,0,0,0,410,197,134,148,0,0,0,0,0,325,0,0,1667,1836,0,0,0,0,0,0,0,0,0,0,0,0,0,0,0,0,0,0,0,0,0,0,0,0,0,0,0,0,0,0,0
contig_13891,0,0,0,0,0,0,0,0,0,0,0,0,0,0,0,0,0,51,270,32,0,0,0,0,0,0,0,0,0,0,0,0,0,0,0,0,0,0,0,0,0,0,0,0,0,0,0,0,0,0,0,0,0,0,0,0,0,0,0,0,0,0,0,0,0,0,0,0,0,0,0,0,0,0,0,0,0,0,0,0,0,0,0,0,0,0,0,0,0,0,0,0
contig_13900,0,0,0,1097,2575,298,0,0,0,0,0,0,0,0,17817,0,6814,0,0,0,0,0,0,0,0,0,0,0,0,0,0,0,0,0,0,0,0,0,0,0,0,0,0,0,0,0,0,0,1886,3167,3495,0,0,0,0,0,1060,174,0,0,16019,21778,0,0,0,0,0,314,0,873,0,0,0,3577,0,0,0,0,0,0,0,0,0,0,0,0,0,0,0,717,0,0
contig_13914,0,0,0,0,0,0,0,0,0,0,0,0,0,0,4036,0,0,0,0,0,0,0,0,0,0,0,0,0,0,1308,0,0,0,0,0,0,0,0,0,0,0,0,0,0,0,0,0,872,3038,0,1597,0,0,872,0,0,1495,0,0,0,8637,679,0,0,0,0,0,103,0,0,0,0,0,3598,0,0,0,0,0,0,0,0,0,0,0,0,0,0,0,638,0,0
contig_13915,0,0,0,0,0,0,0,0,0,0,0,0,0,0,0,0,0,0,0,0,0,0,0,0,0,0,0,0,0,0,0,0,0,0,0,0,0,0,0,0,0,0,0,0,0,0,0,0,0,0,0,0,0,0,0,0,0,0,767,0,734,0,0,0,0,0,0,832,0,0,0,0,0,0,0,0,0,0,0,0,0,0,0,0,0,0,1709,0,0,0,0,0
contig_1393,0,0,0,0,0,0,0,0,0,0,0,0,0,0,0,0,0,0,0,0,0,0,0,0,0,0,0,0,0,0,0,0,0,0,0,0,0,13,0,0,0,0,0,0,0,0,0,0,0,0,0,0,0,0,0,0,0,28,0,0,0,659,0,0,0,0,0,0,0,0,0,0,0,0,0,0,17,0,0,0,0,0,0,0,0,0,0,0,0,0,0,0
contig_13931,0,0,0,0,0,0,0,0,0,0,1145,0,0,0,0,0,0,0,0,144,0,0,0,0,0,0,0,0,0,388,0,0,5258,0,1788,0,0,601,0,0,6844,0,567,0,583,0,0,0,2039,0,0,13466,0,9155,0,3096,0,1330,0,0,0,0,0,0,0,0,413,4297,945,0,0,0,0,63785,0,0,0,0,0,0,0,0,0,0,0,0,5584,0,141,7522,0,0
contig_1394,0,0,0,0,0,0,0,0,0,0,0,0,0,17,0,0,0,0,0,0,0,0,0,0,0,0,0,0,0,158,0,102,0,0,0,0,0,112,0,0,0,46,206,0,0,0,0,0,0,0,0,49,0,0,0,0,0,68,0,0,0,2202,0,0,0,0,0,0,0,0,0,0,92,0,0,0,0,0,0,0,0,0,0,0,0,0,0,0,0,0,0,0
contig_13967,0,0,0,0,0,0,0,0,0,0,0,0,0,0,0,0,0,0,0,0,0,247,0,0,0,0,0,0,0,0,0,0,0,0,0,0,0,28,0,0,0,0,0,0,0,0,0,0,0,0,0,0,0,0,0,0,0,0,0,0,0,0,0,0,0,0,0,0,0,0,0,0,0,0,0,0,0,0,0,0,0,0,0,0,0,0,0,0,0,0,41,0
contig_13985,0,0,0,0,0,0,0,0,0,0,0,0,0,0,0,0,0,0,0,0,0,0,0,0,0,0,0,0,0,0,0,0,0,0,0,0,0,0,0,0,0,0,0,0,0,0,0,428,0,0,0,0,0,0,0,0,1390,0,0,0,0,1403,0,0,0,0,0,550,0,0,0,0,0,0,0,0,0,0,0,0,0,0,0,0,0,0,0,0,79,0,0,0
contig_1399,0,0,0,0,0,0,0,0,0,0,0,0,0,9,0,0,0,0,0,0,0,0,0,0,0,0,0,0,0,0,0,0,0,0,0,0,0,0,0,0,0,0,0,0,0,0,0,0,0,0,0,0,0,0,0,0,0,0,0,0,0,2314,0,0,0,0,0,4839,0,0,0,0,0,0,0,0,0,0,0,0,0,0,0,0,0,0,0,0,0,0,0,0
contig_14,0,0,0,0,0,0,0,0,0,0,0,0,0,0,0,0,0,0,0,0,0,1652,0,115,10,0,0,0,0,0,0,35,357,5952,256,322,0,215,0,0,0,0,0,0,0,0,0,0,0,0,0,0,0,0,0,13424,0,0,37,0,0,0,0,0,0,0,0,0,0,0,0,0,0,26,0,0,0,0,0,0,0,203,0,23,0,0,0,0,10356,7565,0,0
contig_1400,0,0,0,65,32,0,0,0,0,0,0,0,0,17,0,0,0,0,0,0,0,0,0,0,0,0,0,0,0,0,0,0,0,0,0,0,0,0,0,0,0,0,0,0,0,0,0,0,0,0,0,0,0,0,0,0,0,0,0,0,0,34067,0,0,0,0,0,74,0,0,0,0,0,0,0,0,0,0,0,0,0,0,0,0,0,0,0,0,0,0,0,0
contig_14002,0,0,0,0,0,0,0,0,0,0,0,0,0,0,0,0,26,51,774,39,0,0,0,0,0,0,0,0,0,0,0,0,0,0,0,0,0,0,0,0,0,0,0,0,0,0,0,0,0,0,0,0,0,0,0,27,0,0,0,0,0,0,0,0,0,0,0,0,0,0,0,0,0,0,0,0,0,0,0,0,0,0,0,0,0,0,0,0,0,0,0,0
contig_1402,0,0,0,0,0,0,0,0,0,0,0,0,0,0,0,0,0,0,0,0,0,0,0,0,0,0,0,0,0,0,0,0,0,0,0,0,0,0,0,0,0,0,0,0,0,0,0,0,15,10,0,0,0,0,0,0,0,0,0,0,0,32,0,0,0,0,0,171,0,0,0,0,0,0,0,0,0,0,0,0,0,0,0,0,0,0,0,0,0,0,0,0
contig_1403,0,0,0,22,0,0,0,0,0,0,0,0,0,0,0,0,472,0,0,7,0,0,0,0,0,0,0,0,0,387,0,198,815,0,0,0,0,0,0,0,859,0,23,0,45,0,0,0,1387,481,92,239,91,1001,0,171,0,52,0,0,0,0,120,0,0,0,0,84,65,0,0,0,0,992,0,0,0,0,0,0,0,0,0,0,0,0,7342,0,0,2419,0,0
contig_1405,0,13784,0,327,829,0,0,0,0,0,0,0,0,0,0,0,0,0,0,0,0,0,0,0,0,0,0,0,0,648,445,0,0,0,0,0,0,0,0,344,0,0,0,0,0,0,0,319,113,366,2535,81,0,0,0,0,0,0,0,0,726,264,0,0,0,0,0,9854,0,0,0,0,0,0,0,0,0,0,0,0,0,0,0,0,0,0,0,0,35,58,0,0
contig_1407,0,0,0,1541,825,0,0,0,0,0,0,0,0,0,0,0,60,0,0,0,0,0,0,0,0,0,0,0,256,414,0,0,0,0,0,0,0,0,0,0,0,0,1771,0,0,0,0,0,0,0,290,0,0,0,0,0,0,0,0,0,0,0,21,0,0,0,0,2394,0,0,0,0,0,0,0,0,0,0,0,0,0,0,0,0,0,0,0,0,2660,0,0,0
contig_1408,0,0,0,107,0,0,0,0,0,0,0,0,0,0,0,0,0,0,0,0,0,0,0,0,0,0,0,0,0,0,0,0,0,0,0,0,0,0,0,0,0,0,0,0,0,0,0,201,0,0,158,0,0,0,0,0,568,0,0,0,5884,67,0,0,0,0,0,54,0,0,0,0,0,0,0,0,0,0,0,0,0,0,0,0,0,0,0,0,0,0,0,0
contig_14081,0,0,0,0,0,0,0,0,0,0,0,0,0,0,0,0,0,0,0,0,0,0,0,0,0,0,0,0,0,5664,0,0,0,0,0,0,0,0,0,0,0,0,0,0,0,0,0,0,0,0,0,0,0,0,0,0,0,0,0,0,0,0,0,2133,928,0,0,0,0,0,0,0,0,0,0,0,0,0,0,0,1285,0,0,0,0,0,0,0,0,1109,0,0
contig_1409,0,0,0,0,0,0,0,0,0,0,0,0,0,0,0,0,0,0,0,0,0,0,0,0,0,0,0,0,13,8,0,0,0,0,0,0,0,49,0,0,0,0,0,0,0,0,0,0,0,0,0,0,0,0,0,0,0,0,0,0,0,53,0,0,0,0,0,25,0,0,0,0,0,0,0,0,0,0,0,0,0,0,0,0,0,0,0,0,38,0,0,0
contig_14091,0,0,0,0,0,0,0,0,0,0,0,0,0,0,0,0,0,0,0,0,0,0,0,0,0,0,0,0,0,1984,0,0,0,0,0,0,0,0,0,0,0,0,0,0,0,0,0,0,2599,1853,790,0,0,0,0,0,0,0,0,0,0,0,0,0,0,0,0,0,0,0,0,0,0,0,0,0,0,0,0,0,0,0,0,0,0,0,0,0,0,0,0,0
contig_1410,0,2743,0,0,0,139,0,0,0,0,0,0,0,0,7639,0,826,0,0,0,0,0,0,0,0,0,0,0,0,0,0,0,75,0,0,0,0,0,0,0,0,0,0,0,0,425,0,0,133,0,326,0,0,0,0,0,0,0,994,1566,5058,269,0,700,0,0,0,95,41,0,0,0,0,0,0,0,0,0,0,0,0,0,0,0,0,0,0,0,0,0,0,0
contig_14170,0,710,0,0,0,0,0,0,0,0,0,0,0,0,0,22726,0,0,0,0,0,0,0,0,0,0,0,2198,0,0,0,0,0,0,0,0,0,0,0,0,0,0,0,0,0,0,0,0,0,0,0,0,0,0,0,0,0,0,0,0,0,0,0,0,0,0,0,0,0,0,0,0,0,0,0,0,0,0,0,0,0,0,0,0,0,0,0,0,0,0,0,0
contig_14190,0,0,0,0,0,0,0,0,0,0,0,0,0,0,0,130,0,0,0,0,0,0,0,0,0,0,0,0,0,0,0,0,0,0,0,0,0,0,0,0,0,0,0,0,0,449,0,0,0,0,0,0,0,525,0,0,0,0,0,0,0,2865,0,0,0,0,0,0,0,0,0,0,0,4128,0,0,0,0,0,0,0,0,0,0,0,0,0,0,0,0,0,0
contig_14200,0,0,0,0,0,94,539,0,0,0,0,0,0,0,0,0,0,0,0,0,0,0,0,0,0,0,0,0,34851,381,0,0,0,0,0,0,0,0,0,680,0,0,0,0,0,0,305,0,552,317,0,0,0,0,0,0,552,0,0,0,1475,958,0,0,0,0,265,593,0,0,0,0,0,0,0,0,0,0,0,0,0,0,0,0,0,0,0,0,0,0,0,0
contig_14265,0,2532,0,0,0,206,2410,0,0,0,0,0,0,0,0,0,151,0,0,0,0,0,0,0,0,0,0,0,15177,1143,0,452,372,0,0,0,0,0,0,493,0,0,0,0,0,0,407,0,1167,0,0,0,0,951,0,501,945,0,1094,996,5202,1809,0,0,0,0,804,0,0,0,0,0,0,5374,0,0,0,0,0,0,0,0,0,0,0,0,2042,0,0,445,0,0
contig_14270,0,0,0,0,0,0,0,0,0,0,0,0,0,0,0,0,0,0,0,0,0,0,0,0,0,0,0,0,0,0,0,0,0,0,0,0,0,0,0,0,0,0,0,0,0,0,0,0,0,0,4944,0,0,0,0,0,0,0,0,0,0,2101,0,0,0,0,0,4721,0,0,0,0,0,0,0,0,0,0,0,0,0,0,0,0,0,0,0,0,0,3493,0,0
contig_14275,0,0,0,0,0,0,0,0,0,0,0,0,0,0,0,0,473,0,0,0,0,0,0,0,0,0,0,0,0,0,0,0,0,0,0,0,0,0,0,0,0,0,0,0,0,0,0,0,0,0,0,0,0,142,0,0,4691,0,0,0,0,294,0,0,0,0,0,0,0,0,0,0,0,2064,0,0,0,0,0,0,0,0,0,0,0,0,816,0,0,231,0,0
contig_14282,0,0,0,27,0,0,0,0,0,0,0,0,0,0,0,143,0,0,0,0,0,0,0,0,0,0,0,166,0,61,341,0,0,0,0,0,0,0,48,0,0,0,0,0,0,0,0,0,0,0,0,0,0,3211,0,0,37,0,0,583,0,2941,38,268,0,0,0,126,0,0,0,0,0,137,0,0,0,0,0,0,1113,0,0,0,0,0,39,0,0,1582,0,0
contig_14284,0,0,0,0,0,0,0,0,0,0,0,0,0,0,0,0,0,0,0,0,0,0,0,0,0,0,0,0,0,0,102868,88,0,389,718,229,1497,4428,0,0,46,541,0,0,0,0,711,1694,0,0,0,0,0,0,0,0,0,0,0,0,0,0,0,0,0,0,0,0,0,0,0,0,41,2443,0,0,0,0,0,758,13821,0,0,0,0,0,0,0,977,0,0,0
contig_14315,0,0,0,0,0,0,0,0,0,0,0,0,0,0,0,0,0,0,0,0,0,0,0,0,0,0,0,0,0,799,0,0,0,0,0,0,0,0,0,0,0,0,136,0,0,0,0,1288,888,0,9327,826,0,0,0,0,0,0,0,0,0,0,0,0,0,0,0,4686,0,0,0,0,0,0,0,0,0,0,0,0,0,0,0,0,0,0,0,0,0,186,0,0
contig_14325,0,0,0,0,0,0,0,0,0,0,378,0,92,614,0,0,0,0,0,0,0,0,0,0,0,0,0,0,0,0,0,1222,71468,311222,4339,4932,94,8659,0,0,0,0,0,0,0,0,0,0,0,0,0,0,0,0,0,0,0,0,5815,0,0,0,0,0,0,0,0,0,0,0,0,0,0,9414,0,0,606,20044,37,1320,0,26787,692,3513,0,1228,0,0,0,0,0,0
contig_14348,0,0,0,0,0,0,0,0,0,0,0,0,0,0,0,0,1210,0,0,0,0,0,0,0,0,0,0,0,0,214,0,0,0,0,0,0,0,0,0,0,0,0,0,0,0,0,0,174,836,0,3071,0,0,0,0,0,0,0,0,0,0,0,0,0,0,0,0,588,139,0,0,0,0,687,0,0,0,0,0,0,0,0,0,0,0,0,0,0,0,1263,0,0
contig_14368,0,0,0,0,0,0,0,0,0,0,0,0,0,0,0,144,0,0,0,0,0,0,0,0,0,0,0,0,0,0,0,0,0,0,0,0,0,0,0,0,0,0,0,0,0,0,0,0,73,0,0,0,0,0,0,0,0,0,0,0,0,0,0,0,0,0,0,0,307,0,0,0,0,0,0,0,0,0,0,0,0,0,0,0,0,0,0,0,0,0,0,0
contig_14387,0,0,0,0,18,0,0,0,0,0,0,0,0,0,0,0,2316,0,0,0,0,0,0,0,0,0,0,0,0,150,0,0,0,0,0,0,0,0,0,0,0,0,81,0,0,0,0,126,1416,127,128,0,0,0,0,0,0,0,0,0,1142,3212,0,0,0,0,0,316,301,0,0,0,0,0,0,0,0,0,0,0,0,0,0,0,0,0,0,0,0,0,0,0
contig_14390,0,0,0,0,0,1013,0,0,0,0,0,0,0,0,0,0,0,0,0,0,0,0,0,0,0,0,0,0,0,0,0,0,0,0,0,0,0,0,0,0,0,0,0,0,0,0,0,0,0,0,0,0,0,0,0,0,0,0,0,0,3255,1295,0,0,0,0,0,0,0,0,0,0,0,0,0,0,0,0,0,0,0,0,0,0,0,0,0,0,0,0,0,0
contig_14401,0,0,0,0,0,0,0,0,0,0,0,0,0,0,0,12925,0,0,0,0,0,0,0,0,0,0,0,402,0,0,0,0,0,0,0,0,0,0,0,0,0,0,0,0,0,0,0,0,0,0,0,0,0,0,0,0,0,0,0,897,0,1260,0,0,0,0,0,0,0,0,0,0,0,0,0,0,0,0,0,0,0,0,0,0,0,0,0,0,0,449,0,0
contig_14404,0,0,0,0,0,0,0,0,0,0,0,0,0,0,0,25545,0,0,0,0,0,0,0,0,0,0,0,0,0,1891,0,0,0,0,0,0,0,0,0,0,0,0,0,0,0,3797,0,0,0,170,0,0,0,0,0,0,0,0,0,0,5579,744,0,0,0,0,0,437,0,0,0,0,0,0,0,0,0,0,0,0,0,0,0,0,0,0,0,0,0,0,0,0
contig_14410,0,0,0,0,0,0,0,0,0,0,0,0,0,0,0,0,0,0,0,0,0,0,0,0,0,0,0,0,0,0,0,0,0,0,0,0,0,0,0,0,0,0,0,0,0,0,0,0,148,0,0,0,0,0,0,0,0,0,0,0,0,440,0,0,0,0,0,159,0,0,0,0,0,0,0,0,0,0,0,0,446,0,0,0,0,0,0,0,0,0,0,0
contig_14427,0,0,0,1639,0,0,0,0,0,0,0,0,0,0,0,0,0,0,0,0,0,0,0,0,0,0,0,0,748,5566,0,0,0,0,0,0,0,0,0,482,0,0,0,0,0,0,0,0,10422,4827,0,0,0,0,0,0,2021,0,0,0,8755,4853,0,0,0,0,0,0,0,0,0,0,0,0,0,0,0,0,0,0,0,0,0,0,0,0,0,0,0,0,0,0
contig_14430,0,0,0,0,0,0,0,0,0,0,0,0,0,0,0,0,0,0,0,0,0,0,0,0,0,0,0,0,0,0,0,0,0,0,0,0,0,0,0,606,0,0,0,0,1709,0,0,0,520,0,0,0,0,0,0,0,227,0,0,0,0,0,0,0,0,0,0,0,0,0,0,0,0,4806,0,0,0,0,0,0,0,0,0,0,0,0,0,0,0,0,0,0
contig_14455,0,0,0,0,0,0,0,0,0,0,0,0,0,0,0,0,0,0,0,0,0,0,0,0,0,0,0,0,0,0,0,0,349,0,0,0,0,0,0,0,0,0,0,0,0,0,0,0,0,372,231,0,0,0,0,0,0,0,0,0,0,0,0,0,0,0,0,203,0,0,0,0,0,0,0,0,0,0,0,0,0,0,0,0,0,0,0,0,0,0,0,0
contig_14472,0,0,0,2271,0,0,0,0,0,0,0,0,0,0,0,0,418,0,0,0,0,0,0,0,0,0,0,0,0,0,0,0,0,0,0,0,0,0,0,0,0,0,133,0,0,0,0,0,0,550,0,0,0,0,0,0,0,0,0,0,0,0,0,0,0,0,0,5363,5880,170,0,0,0,0,0,0,0,0,0,0,0,0,0,0,0,0,17118,0,0,7473,0,0
contig_14485,0,0,0,0,0,0,2446,0,0,0,0,0,0,0,0,8931,0,0,0,0,0,0,0,0,0,0,0,0,1260,1006,0,0,0,0,0,0,0,0,0,868,0,0,0,0,0,828,0,9006,2315,0,1117,0,0,0,4434,0,0,0,0,0,1796,117,0,0,0,0,0,923,0,0,0,0,0,0,0,0,0,0,0,0,0,0,0,0,0,0,1077,0,0,2351,0,0
contig_14492,100789,3726,0,0,0,9495,3655,0,0,0,0,0,0,0,0,20906,872,0,0,0,0,0,0,0,0,0,0,2339,32016,6887,0,0,0,0,0,0,0,0,0,291,0,0,0,0,0,6090,475,0,0,0,0,0,0,0,0,0,131,0,1222,3178,16379,818,0,0,0,0,0,0,0,0,0,0,0,0,0,0,0,0,0,0,100,0,0,0,0,0,0,0,0,0,0,0
contig_1453,0,0,0,0,0,0,0,0,0,0,0,0,0,0,0,0,0,0,0,0,0,0,0,0,0,0,0,0,0,0,0,0,0,0,0,0,0,0,0,0,0,0,0,0,0,0,0,0,0,0,0,0,0,0,0,0,0,0,0,0,0,0,0,0,0,0,0,0,0,0,0,0,0,0,775085,320758,56537,5532,0,0,0,0,0,0,0,0,0,0,0,0,0,0
contig_14534,0,810,0,0,0,0,0,0,0,0,0,0,0,0,0,0,0,0,0,0,0,0,0,0,0,0,0,0,0,0,0,0,0,0,0,0,0,0,0,0,0,0,0,0,37,0,0,0,0,372,0,0,0,0,0,0,214,0,0,0,865,1661,0,0,0,0,0,1568,0,0,0,0,0,0,0,0,0,0,0,0,0,0,0,0,0,0,0,0,0,0,0,0
contig_14548,4417,42,0,0,0,0,0,0,0,0,0,0,0,0,0,0,0,0,0,0,0,0,0,0,0,0,0,0,0,0,0,0,0,0,0,0,0,0,0,0,0,0,0,0,0,0,0,0,0,0,0,0,0,0,0,0,629,0,0,0,0,0,0,0,0,0,0,0,0,0,0,0,0,13048,0,0,0,0,0,0,0,0,0,0,0,0,4839,0,0,0,0,0
contig_14562,0,0,0,0,0,0,0,0,0,0,0,0,0,0,0,0,0,0,0,0,0,0,0,0,0,0,0,0,0,0,0,0,0,0,0,0,0,0,0,0,0,0,0,0,0,0,0,0,0,0,0,0,0,116,0,0,526,0,0,0,0,55,0,0,0,0,0,0,0,0,0,0,0,374,0,0,0,0,0,0,0,0,0,0,0,0,203,0,0,199,0,0
contig_14564,0,1141,0,0,0,0,0,0,0,0,0,0,0,0,1975,144494,0,0,0,0,0,0,0,0,0,0,0,141,0,0,0,0,0,0,0,0,0,0,0,0,0,0,0,0,0,11754,0,100,0,0,0,0,1642,1068,0,0,12739,0,2755,0,1556,433,0,0,0,0,0,0,0,0,0,0,0,3232,0,0,0,0,0,0,146,0,0,0,0,0,655,0,0,233,0,0
contig_14569,0,5530,0,603,512,4051,11339,0,0,0,0,0,0,0,0,0,0,0,0,0,0,0,0,0,0,0,0,0,0,1025,0,0,105,0,0,0,0,0,0,0,0,0,0,0,0,0,0,1884,1532,2039,2509,0,0,0,0,0,699,0,0,0,7907,617,0,1019,0,0,171,128,0,1171,0,0,0,0,0,0,0,0,0,0,0,0,0,0,0,0,6193,0,0,704,0,0
contig_14572,0,0,0,0,0,0,0,0,0,0,0,0,0,0,0,0,0,0,0,229,0,0,0,0,0,0,0,0,0,0,0,0,2929,0,0,0,0,0,0,0,0,0,0,0,0,0,0,0,10754,0,10892,0,0,0,0,0,0,0,0,0,0,0,0,0,0,0,0,2147,818,0,0,0,0,0,0,0,0,0,0,0,0,0,0,0,0,0,13873,0,0,11618,0,0
contig_14578,0,0,0,0,0,0,0,0,0,0,0,0,0,0,0,0,139,0,0,0,0,0,0,0,0,0,0,1576,0,0,0,0,0,0,0,0,0,0,0,0,0,0,0,0,0,15569,0,0,0,0,0,0,13272,0,0,0,0,0,20989,0,0,0,0,0,0,0,0,0,0,0,0,0,0,0,0,0,0,0,0,0,0,0,0,0,0,0,0,0,0,0,0,0
contig_14604,0,0,0,429,523,519,0,0,0,0,202,0,0,0,0,0,305,0,0,0,0,0,0,0,0,0,0,0,0,0,692,0,0,0,0,0,0,1162,0,0,0,0,0,0,0,0,0,0,782,1321,5887,0,0,0,0,0,4508,0,0,0,0,0,0,0,0,0,2584,0,0,0,0,218,0,0,0,0,0,0,0,0,0,0,0,0,0,0,4728,0,0,0,0,0
contig_14615,0,0,0,0,0,0,0,0,0,0,0,0,0,0,0,0,0,0,0,0,0,0,0,0,0,0,0,12548,0,0,0,0,0,0,0,0,0,0,0,0,0,0,0,0,0,0,0,1055,0,0,0,0,0,0,0,0,0,0,0,0,8364,618,0,0,0,0,0,0,0,0,0,0,0,0,0,0,0,0,0,0,0,0,0,0,0,0,0,0,0,0,0,0
contig_1464,0,0,0,0,0,0,0,0,0,0,0,0,0,0,0,0,0,0,0,0,0,0,0,0,0,0,0,0,0,0,0,0,0,0,0,0,0,0,0,0,0,0,0,0,0,0,0,0,0,0,0,0,0,0,0,0,0,0,0,0,0,0,0,0,0,0,0,0,0,0,0,0,0,0,51450,39683,4433,634,0,0,0,0,0,0,0,0,0,0,0,0,0,0
contig_14681,0,0,0,0,0,0,0,0,0,0,0,0,0,0,0,0,0,0,0,0,0,0,0,0,0,0,0,0,0,0,0,0,0,0,0,0,0,0,0,0,0,0,0,0,0,0,0,0,0,0,0,0,0,0,0,0,0,0,0,0,0,0,0,0,0,0,0,1846,0,0,0,0,0,0,0,0,0,0,0,0,0,0,0,0,0,0,1546,0,0,1925,0,0
contig_14694,0,0,0,0,0,0,0,0,0,0,0,0,0,0,0,0,0,0,0,0,0,0,0,0,0,0,0,0,0,0,0,0,0,0,0,0,0,0,0,0,0,0,0,0,0,3862,0,0,0,14080,349,0,0,0,0,0,0,0,0,0,0,0,0,0,0,0,0,158,0,0,0,0,0,0,0,0,0,0,0,0,0,0,0,0,0,0,0,0,0,0,0,0
contig_14697,11202,2447,333,0,0,0,0,0,0,0,0,0,0,0,4006,8737,165,0,0,0,0,0,0,0,0,0,0,1854,8601,1264,0,0,0,0,0,0,0,0,0,116,0,0,0,0,0,505,0,0,0,0,0,0,665,929,0,0,0,0,488,1040,4469,3288,0,0,0,0,0,0,0,0,0,0,0,119,0,0,0,0,0,0,1395,0,0,0,0,0,0,0,0,493,0,0
contig_14729,0,0,0,0,0,0,0,0,0,0,0,0,0,0,0,0,0,0,0,0,0,0,0,0,0,0,0,0,0,1640,1001,0,0,0,0,0,0,0,0,0,0,0,0,0,0,0,0,0,0,0,0,0,0,0,0,0,0,0,0,0,0,0,0,0,0,0,0,4061,0,0,0,0,0,0,0,0,0,0,0,0,0,0,0,0,0,0,0,0,0,3629,0,0
contig_14737,0,0,0,0,0,6014,0,0,0,0,0,0,0,0,0,11164,0,0,0,0,0,0,0,0,0,0,0,0,44705,16521,0,307,0,0,0,0,0,0,0,369,0,0,0,0,0,2600,0,0,0,0,0,0,0,0,0,0,497,0,0,4268,46556,1540,0,0,0,0,0,0,0,0,0,0,0,0,0,0,0,0,0,0,0,0,0,0,0,0,452,0,0,0,0,0
contig_14752,0,0,747,306,280,82,481,0,0,0,0,0,0,0,0,0,0,0,0,58,0,0,0,0,0,0,0,0,732,3371,1433,0,632,0,0,0,0,154,0,355,0,0,0,0,0,0,0,0,0,0,0,146,0,0,0,162,761,0,0,0,0,0,0,1741,0,0,0,898,2565,186,52,0,0,965,0,0,0,0,0,0,622,0,0,0,0,0,0,0,0,1601,0,0
contig_14754,0,0,0,0,0,0,0,0,0,0,0,0,0,0,0,0,612,0,0,0,0,0,0,0,0,0,0,0,0,0,0,0,0,0,0,0,0,0,0,0,0,0,0,0,92,0,0,0,0,0,0,0,0,0,0,0,0,0,0,0,0,2281,0,0,0,0,0,0,0,0,0,0,0,0,0,0,0,0,0,0,0,0,0,0,0,0,0,0,0,0,0,0
contig_14792,0,0,0,0,0,0,0,0,0,0,0,0,0,0,0,0,105,0,0,0,0,0,0,0,0,0,0,0,0,0,0,67,0,0,0,0,0,0,0,0,0,0,0,0,0,4079,67,0,240,0,0,0,0,0,0,0,0,0,414,2140,274,191,0,0,0,0,0,422,253,57,0,0,0,0,0,0,0,0,0,0,0,0,0,0,0,0,0,0,0,0,0,0
contig_14858,0,0,0,0,0,0,0,0,0,0,0,0,0,0,0,0,157,0,0,0,0,0,0,0,0,0,0,0,0,892,932,0,0,0,0,0,0,0,0,0,0,0,0,0,37,0,124,0,525,237,0,0,0,0,0,0,0,0,0,0,2474,669,0,0,0,0,0,226,380,0,0,0,0,358,0,0,0,0,0,0,0,0,0,0,0,0,0,0,0,0,0,0
contig_14870,0,0,0,0,0,0,0,0,0,0,0,0,0,0,0,0,0,0,0,0,0,0,0,0,0,0,0,0,0,531,842,0,0,0,0,0,0,0,0,0,0,0,0,0,0,0,0,0,0,0,0,0,0,0,0,0,261,0,0,0,0,0,0,521,0,0,0,327,0,0,0,0,0,0,0,0,0,0,0,0,141,0,0,0,0,0,0,0,0,1256,0,0
contig_14909,0,2638,0,1017,625,447,0,0,0,0,0,0,0,0,0,0,3511,0,0,0,0,0,0,0,0,0,0,0,0,0,0,125,0,0,0,0,0,0,0,2097,0,0,0,0,0,0,0,0,0,0,0,0,0,0,0,0,0,0,0,0,0,510,0,0,0,0,0,0,0,0,0,0,0,0,0,0,0,0,0,0,0,0,0,0,0,0,0,0,506,0,0,0
contig_14916,0,0,0,0,0,0,0,0,0,0,0,0,0,0,0,0,571,0,0,0,0,0,0,0,0,0,0,0,0,0,0,0,0,0,0,0,0,0,0,0,0,0,0,0,0,12603,0,0,0,0,0,0,22835,0,0,0,0,0,13997,0,0,0,0,200,0,0,0,0,0,0,0,0,0,0,0,0,0,0,0,0,0,0,0,0,0,0,0,0,0,0,0,0
contig_14954,0,0,0,0,0,0,0,0,0,0,0,0,0,0,0,0,0,0,0,0,0,0,0,0,0,0,0,0,0,909,0,0,0,0,0,0,0,0,0,0,0,0,0,0,0,0,0,0,213,0,246,0,0,0,0,0,0,0,0,0,0,1169,0,0,0,0,0,0,0,0,0,0,0,107,0,0,0,0,0,0,0,0,0,0,0,0,0,0,0,0,0,0
contig_14972,0,0,0,0,0,0,0,0,0,0,0,0,0,0,0,0,0,0,0,0,0,0,0,0,0,0,0,0,0,194,0,418,0,0,0,0,0,0,0,0,0,0,0,0,0,0,0,0,0,0,0,0,0,0,0,0,0,0,0,0,0,4242,0,0,0,0,0,0,0,0,0,0,0,0,0,0,0,0,0,0,0,0,0,0,0,0,0,0,0,0,0,0
contig_14973,0,4718,0,0,0,3736,0,0,0,0,0,0,0,0,0,0,1305,0,0,0,0,0,0,0,0,0,0,0,12581,16482,0,0,0,0,0,0,0,0,0,0,0,0,0,0,0,4211,7767,490,0,0,0,0,0,0,0,0,5128,0,1009,0,30062,1277,0,0,1775,0,0,0,0,0,0,0,0,0,0,0,0,0,0,0,0,0,0,0,0,0,0,0,0,0,0,0
contig_14976,0,0,0,0,0,0,0,0,0,0,0,0,0,0,0,0,0,0,0,0,0,0,0,0,0,0,0,0,0,825,0,0,0,0,0,0,0,0,0,0,0,0,0,0,0,0,0,0,170,0,762,0,0,295,0,0,788,0,0,0,0,637,0,0,0,0,0,0,0,0,0,0,0,1111,0,0,0,0,0,0,0,0,0,0,0,0,1460,0,0,0,0,0
contig_14987,0,1598,0,0,0,0,0,0,0,0,0,0,0,0,0,0,0,0,0,0,0,0,0,0,0,0,0,0,0,0,0,0,0,0,0,0,0,0,0,0,0,0,0,0,0,0,0,0,0,0,0,0,0,0,0,177,87,0,0,0,97,623,0,40,0,0,0,429,0,0,0,0,0,915,0,0,0,0,0,0,0,0,0,0,0,0,0,0,351,0,0,0
contig_15,0,0,0,0,0,0,0,0,0,0,0,0,0,0,0,0,0,0,0,0,1638,67757,0,1152,619,0,0,0,0,0,0,0,0,0,0,0,0,0,0,0,0,0,0,0,11,0,0,0,0,0,0,0,0,0,0,0,0,0,0,0,0,0,0,0,0,0,0,0,0,0,0,0,0,0,0,0,0,0,0,0,0,0,0,0,0,0,0,0,0,2897,0,0
contig_15012,0,0,0,0,0,0,0,0,0,0,0,0,0,0,0,0,0,0,0,0,0,0,0,0,0,0,0,0,0,0,0,0,0,0,0,0,0,0,0,0,0,0,0,0,0,0,0,0,0,0,0,0,0,0,0,0,0,0,0,0,0,0,0,0,0,0,0,0,0,0,0,0,0,0,0,0,0,0,0,0,0,187,22,98,0,0,0,0,0,0,0,0
contig_15024,0,0,0,0,0,0,0,0,0,0,0,0,0,0,0,0,0,0,0,0,0,0,0,0,0,0,0,0,0,695,0,0,0,0,0,0,0,0,0,0,0,0,0,0,0,0,0,927,523,1371,0,0,0,0,0,0,0,0,0,0,2583,298,0,0,0,0,0,396,0,0,0,0,0,251,0,0,0,0,0,0,0,0,0,0,0,0,0,0,0,0,0,0
contig_15038,0,0,0,0,0,0,0,0,0,0,0,0,0,0,0,0,0,0,0,0,0,0,0,0,0,0,0,0,0,0,0,1154,1871,0,0,0,0,0,0,0,0,0,0,0,0,0,0,0,0,0,0,2181,0,0,0,0,0,0,0,0,0,0,0,0,0,0,0,0,0,0,0,0,0,0,0,0,0,0,0,0,0,0,0,0,0,0,0,0,0,0,0,0
contig_15069,0,0,0,0,0,0,0,0,0,0,0,0,0,0,0,0,0,0,0,0,0,0,0,0,0,0,0,0,0,0,0,0,0,0,0,0,0,0,0,0,0,0,0,0,0,0,0,0,0,0,0,0,0,0,0,0,0,0,0,0,0,0,0,0,0,0,0,0,0,0,0,0,0,0,0,0,0,0,0,0,0,899,25,28,0,0,0,0,0,0,0,0
contig_15087,0,0,0,0,0,0,0,0,0,0,0,0,0,0,0,0,0,0,0,0,0,0,0,0,0,0,0,0,0,0,0,0,0,0,0,0,0,112,0,0,0,0,0,0,0,0,0,0,0,0,0,0,0,0,0,0,0,0,0,0,0,0,0,0,0,0,0,0,0,0,0,0,0,0,0,0,0,0,0,0,0,0,0,0,0,0,0,0,0,132,45,0
contig_15089,331,5926,5697,1938,712,5419,1128,0,0,0,0,0,0,0,2130,1427,4424,0,0,0,0,0,0,0,0,0,0,192,86,198,0,0,0,0,0,0,0,0,0,0,0,0,0,0,0,0,0,2390,0,1002,0,0,0,0,0,0,0,0,0,0,4737,311,0,0,0,0,0,3097,0,0,0,0,0,680,0,0,0,0,0,0,1776,0,0,0,0,0,0,0,0,0,0,0
contig_15101,0,0,0,0,0,0,0,0,0,0,0,0,0,0,0,0,0,0,0,0,0,0,0,0,0,0,0,0,6538,0,0,0,0,0,0,0,0,0,0,0,0,0,0,0,0,0,0,0,0,0,0,0,0,0,0,0,0,0,0,0,13313,2220,0,0,0,0,0,0,0,0,0,0,0,0,0,0,0,0,0,0,0,0,0,0,0,0,0,0,0,0,0,0
contig_15110,0,0,0,0,0,0,0,0,0,0,0,0,0,90,0,0,0,0,0,0,0,0,0,0,0,0,0,0,0,2388,0,0,0,0,0,0,0,410,0,418,0,116,4588,0,0,0,0,0,0,0,0,117,0,0,0,0,0,4345,0,0,0,8224,0,0,0,0,0,0,0,0,0,0,707,0,0,0,103,0,0,0,0,0,0,0,0,0,0,0,0,0,0,0
contig_15117,0,0,0,937,0,0,0,0,0,0,0,0,0,0,0,0,0,0,0,0,0,0,0,0,0,0,0,0,0,0,0,0,0,0,0,0,0,0,0,0,0,0,0,0,0,0,0,0,0,0,0,0,0,0,0,0,0,0,0,0,0,0,0,0,0,0,0,2589,0,0,0,241,0,0,0,0,0,0,0,0,0,0,0,0,0,0,0,0,0,0,0,0
contig_15137,0,0,0,0,0,0,0,0,0,0,0,0,0,0,0,0,45,0,0,0,0,0,0,0,0,0,0,0,0,0,0,0,0,0,0,0,0,0,0,0,0,0,0,0,0,401,0,0,0,0,0,0,435,0,0,0,0,0,0,0,0,127,0,0,0,0,0,0,0,0,0,0,0,0,0,0,0,0,0,0,0,0,0,0,0,0,0,0,0,0,0,0
contig_15161,0,0,0,404,0,0,0,0,0,0,0,0,0,0,0,0,0,0,0,0,0,0,0,0,0,0,0,0,0,168,0,0,0,0,0,0,0,0,0,0,0,0,0,0,0,0,585,1146,970,0,2916,45,0,672,0,372,267,0,0,0,0,252,0,53,0,0,0,588,980,0,325,0,0,1301,0,0,0,0,0,0,0,0,0,0,0,0,0,0,306,236,0,0
contig_15202,0,0,0,0,0,0,0,0,0,0,0,0,0,0,0,0,0,0,0,0,0,0,0,0,0,0,0,0,0,0,0,0,0,0,0,0,0,0,0,0,0,0,0,0,0,0,0,0,176,0,176,0,0,0,0,0,0,0,0,0,3253,344,0,0,0,0,0,0,0,0,0,0,0,0,0,0,0,0,0,0,0,0,0,0,0,0,0,0,0,0,0,0
contig_15207,0,0,0,0,0,0,0,0,0,0,0,0,0,0,0,0,0,0,0,0,0,0,0,0,0,0,0,0,0,0,0,0,0,0,0,0,0,0,0,0,0,0,0,0,0,0,0,0,0,0,0,0,0,0,0,0,0,0,0,0,0,0,106,0,0,0,0,0,0,0,0,0,0,480,0,0,0,0,0,0,0,0,0,0,0,0,0,0,0,28,0,0
contig_15215,0,0,0,0,0,0,0,0,0,0,0,0,0,0,0,0,0,0,0,0,0,0,0,0,0,0,0,0,0,0,0,0,0,0,0,0,0,0,0,0,0,0,0,0,0,0,0,0,0,0,0,0,0,0,0,0,0,0,0,0,9829,7355,0,0,0,0,188,1757,0,0,0,0,0,0,0,0,0,0,0,0,0,0,0,0,0,0,0,0,0,0,0,0
contig_15219,0,0,0,0,0,0,0,0,0,0,0,0,0,0,0,0,0,0,0,0,0,0,0,0,0,0,0,0,0,0,0,0,0,0,0,0,0,0,0,0,0,0,0,0,0,0,0,0,522,155,146,334,0,0,0,0,0,0,0,0,0,0,0,0,0,0,0,0,0,0,0,0,0,0,0,0,0,0,0,0,0,0,0,0,0,0,0,0,0,0,0,0
contig_15223,0,0,0,0,0,0,0,0,0,0,0,0,0,0,0,0,18436,0,0,0,0,0,0,0,0,0,0,0,0,0,0,0,0,0,0,0,0,0,0,0,0,0,0,0,0,0,25551,0,10839,0,2668,0,0,0,0,0,0,0,0,0,72840,9153,0,0,0,0,0,0,0,0,0,0,0,0,0,0,0,0,0,0,0,0,0,0,0,0,0,0,0,0,0,0
contig_15246,0,0,0,0,0,0,0,0,0,0,0,0,0,0,0,0,0,0,0,0,0,0,0,0,0,0,0,0,0,0,0,0,0,0,0,0,0,335,0,0,0,73,1777,0,3545,0,0,0,0,0,0,0,0,0,0,0,0,0,0,0,0,0,0,0,0,0,0,0,0,0,0,0,0,0,0,0,0,0,0,0,0,0,0,0,0,0,0,0,0,0,0,0
contig_15257,0,0,0,0,0,0,267,0,0,0,0,0,0,0,0,0,0,0,0,0,0,0,0,0,0,0,0,0,0,0,0,0,0,0,0,0,0,0,0,0,0,0,0,0,0,0,0,0,174,0,695,0,0,0,0,0,0,0,0,0,0,0,0,0,0,0,0,8633,0,0,0,0,0,0,0,0,0,0,0,0,0,0,0,0,0,0,0,0,0,0,0,0
contig_15271,0,0,0,0,0,0,296,0,0,0,0,0,0,0,0,0,0,0,0,0,0,0,0,0,0,0,0,0,0,0,0,0,0,0,0,0,0,0,0,0,0,0,0,0,0,0,0,0,0,0,0,0,0,0,0,0,0,0,1583,0,0,0,0,283,0,0,0,0,0,0,0,0,0,0,0,0,0,0,0,0,0,0,0,0,0,0,0,0,0,0,0,0
contig_15278,0,0,0,0,0,0,0,0,0,0,0,0,0,0,0,0,104,0,0,0,0,0,0,0,0,0,0,0,0,0,0,36,0,0,0,0,0,0,0,0,0,0,0,0,0,0,0,0,0,243,0,0,0,0,0,0,0,0,0,0,755,1333,0,0,0,0,0,623,0,0,0,0,0,0,0,0,0,0,0,0,0,0,0,0,0,0,0,0,0,1299,0,0
contig_15285,0,0,0,0,0,0,0,0,0,0,0,0,0,0,0,0,0,0,0,0,0,0,0,0,0,0,0,0,0,0,0,767,1772,0,0,0,0,0,0,0,0,0,0,0,0,0,0,0,525,0,164,0,0,0,0,0,0,0,0,0,0,0,0,0,0,0,0,0,0,0,0,0,0,0,0,0,0,0,0,0,0,0,0,0,0,0,0,0,0,0,0,0
contig_15298,0,0,0,0,0,0,0,0,0,0,0,0,0,0,0,0,268,0,0,0,0,0,0,0,0,0,0,0,0,0,0,0,0,0,0,0,0,0,0,0,0,0,0,0,0,7865,0,449,0,0,0,0,0,0,0,0,0,0,8828,0,0,0,0,0,0,0,0,0,0,0,0,0,0,0,0,0,0,0,0,0,0,0,0,0,0,0,0,0,0,0,0,0
contig_15301,0,1679,2488,0,0,2152,0,0,0,0,0,0,0,0,23420,1227,1995,0,0,0,0,0,0,0,0,0,0,0,3225,11451,0,0,0,0,0,0,0,0,0,0,0,0,0,0,0,0,0,0,0,0,0,0,0,2021,0,0,0,0,0,0,21656,2834,0,0,1674,0,0,0,0,0,0,0,0,0,0,0,0,0,0,0,0,0,0,0,0,0,0,0,576,0,0,0
contig_15303,0,0,0,0,0,0,0,0,0,0,0,0,0,0,0,0,0,0,0,0,0,0,0,0,0,0,0,0,0,0,0,0,0,0,0,0,0,64,0,0,0,0,0,0,0,0,0,0,0,0,0,0,0,0,0,0,0,0,0,0,0,0,0,0,0,0,0,0,0,0,0,0,0,0,0,0,0,0,0,0,0,0,0,0,0,0,0,0,28,61,0,0
contig_15309,0,0,0,0,0,0,0,0,0,0,0,0,0,1526,0,0,0,0,0,0,0,0,0,0,0,0,0,0,0,7496,7296,575,0,0,0,0,0,0,0,0,0,873,72966,0,0,0,0,0,0,0,0,0,0,0,0,0,0,0,0,0,0,39899,0,0,0,0,0,0,0,0,0,0,0,0,0,0,322,0,0,0,0,0,0,0,0,0,0,0,0,0,0,0
contig_15316,0,1918,0,0,0,0,0,0,0,0,0,0,0,0,0,0,1658,0,0,0,0,0,0,0,0,0,0,0,0,0,0,0,0,0,0,0,0,0,0,0,0,0,0,0,0,0,0,699,0,0,0,0,0,0,0,0,0,0,0,0,2311,1354,0,0,0,0,0,824,0,0,0,0,0,0,0,0,0,0,0,0,0,0,0,0,0,0,0,0,0,0,0,0
contig_15327,0,0,0,1840,4908,0,0,0,0,0,0,0,0,0,5773,0,0,0,0,0,0,0,0,0,0,0,0,0,0,4101,1500,0,0,0,0,0,0,0,0,0,0,0,0,0,0,0,0,0,0,11341,0,0,0,0,0,0,4290,0,0,0,14910,6676,97,0,0,0,0,7219,0,0,0,0,0,1529,0,0,0,0,0,0,0,0,0,0,0,0,0,0,0,712,0,0
contig_15339,405,11834,2288,0,0,876,2404,0,0,0,0,0,0,0,2594,0,1053,0,0,0,0,762,0,0,0,314,0,0,0,680,2848,0,0,0,0,0,0,0,0,635,0,0,0,0,0,0,1466,1660,3852,0,4560,0,0,0,0,3193,2533,0,712,734,12915,4150,0,0,0,0,355,3292,0,0,0,0,0,6487,0,0,0,0,0,0,468,0,0,0,0,0,9009,0,0,2103,0,0
contig_15386,0,0,0,0,0,0,0,0,0,0,0,0,0,0,0,0,0,0,0,0,0,0,0,0,0,0,0,0,0,0,0,0,236,0,0,0,0,72,0,0,0,0,0,0,0,459,0,0,295,0,212,0,0,0,0,0,0,0,0,0,0,0,0,0,0,0,0,432,1155,0,0,0,0,0,0,0,0,0,0,0,0,0,0,0,0,0,0,0,0,0,0,0
contig_15402,0,0,0,0,0,0,0,0,0,0,0,0,0,0,0,0,3940,0,0,0,0,0,0,0,0,0,0,0,0,0,0,148,0,0,0,0,0,0,0,0,0,0,0,0,0,0,0,0,0,0,0,0,0,0,0,95,0,0,0,0,0,542,0,0,411,0,0,0,0,0,0,0,0,0,0,0,0,0,0,0,0,0,0,0,0,0,0,0,0,0,0,0
contig_15433,0,0,0,0,0,0,0,0,0,0,0,0,0,0,0,0,0,0,0,0,0,0,0,0,0,0,0,0,0,0,0,350,0,0,0,0,0,0,0,0,0,0,0,0,0,0,0,0,3009,0,4597,0,0,0,0,0,791,0,0,0,0,0,0,0,0,0,0,1110,0,387,0,0,0,0,0,0,0,0,0,0,0,0,0,0,0,0,0,0,37,206,0,0
contig_15462,0,0,0,0,0,0,0,0,0,0,0,0,0,0,0,0,0,0,0,0,0,0,0,0,0,0,0,0,0,0,57,0,0,0,0,0,0,0,0,0,0,0,0,0,0,0,0,778,0,0,0,0,0,0,0,0,0,0,0,0,0,0,0,0,0,0,0,1341,0,0,0,0,0,260,0,0,0,0,0,0,257,0,0,0,0,0,0,0,914,294,0,0
contig_15544,0,0,0,0,0,0,0,0,0,0,0,0,0,0,0,0,0,0,0,0,0,0,0,0,0,0,0,0,0,0,0,0,0,0,0,0,0,0,0,0,0,0,0,0,0,0,0,0,0,0,1201,0,0,0,0,0,2293,0,0,0,0,0,0,0,0,0,0,657,0,0,0,0,0,0,0,0,0,0,0,0,0,0,0,0,0,0,0,0,0,0,0,0
contig_15549,0,0,0,0,0,0,0,0,0,0,0,0,0,0,0,0,0,0,0,0,0,0,0,0,0,0,0,0,0,16278,0,0,1477,0,0,0,0,0,0,0,0,0,0,0,0,0,0,0,0,0,0,203,0,0,0,0,0,0,0,0,0,0,0,0,0,0,0,298,0,0,0,0,0,665,0,0,0,0,0,0,0,0,0,0,0,0,0,0,0,125,0,0
contig_15556,0,4614,0,0,0,0,12195,0,0,0,0,0,0,0,0,48268,7953,0,0,0,0,0,0,0,0,0,0,0,0,3713,0,0,1592,0,0,0,0,0,0,0,0,0,0,0,0,8227,0,6532,3186,0,230,0,0,0,0,0,0,0,7686,886,14968,450,0,0,0,0,0,1976,0,0,0,0,0,0,0,0,0,0,0,0,0,0,0,0,0,0,0,0,0,0,0,0
contig_15582,0,0,0,1603,0,0,0,0,0,0,0,0,0,0,2732,851,613,0,0,0,0,0,0,0,0,0,0,956,0,0,394,0,0,0,0,0,0,0,0,117,0,0,0,0,0,1290,2214,490,760,383,0,0,472,1704,0,0,182,0,820,4097,1095,1123,0,2291,4769,0,275,1127,9651,0,0,0,0,1048,0,0,0,0,0,0,20445,0,0,0,0,0,5175,0,0,596,0,0
contig_15618,0,0,0,0,0,0,0,0,0,0,0,0,0,0,0,175,0,0,0,0,0,0,0,0,0,0,0,182,0,74,0,0,0,0,0,0,0,0,0,0,0,0,0,0,0,0,0,0,0,0,0,0,137,3209,0,0,0,0,0,644,0,2118,0,0,0,0,0,0,0,0,0,0,0,101,0,0,0,0,0,0,998,0,0,0,0,0,0,0,0,1197,0,0
contig_15640,0,21337,0,0,0,0,0,0,0,0,0,0,0,0,0,0,0,0,0,0,0,0,0,0,0,0,0,0,0,1277,0,0,0,0,0,0,0,0,0,0,0,0,0,0,0,0,0,5345,317,553,2621,0,0,0,0,0,0,0,0,0,20593,0,0,0,0,0,0,0,0,205,0,0,0,0,0,0,0,0,0,0,0,0,0,0,0,0,0,0,0,0,0,0
contig_15646,0,0,0,0,0,0,0,0,0,0,0,0,0,0,0,0,0,0,0,0,0,0,0,0,0,0,0,0,0,0,0,0,0,0,0,0,0,211,0,0,0,0,0,0,0,0,0,0,0,0,0,0,0,0,0,0,0,0,0,0,0,0,0,0,0,0,0,0,0,0,0,0,0,0,0,0,0,0,0,0,0,0,0,0,0,0,0,0,0,381,109,0
contig_15647,0,0,0,0,0,297,0,0,0,0,0,0,0,0,0,495,642,0,0,0,0,0,0,0,0,0,0,214,76373,660,0,81,0,0,0,0,0,0,0,808,0,0,0,0,0,199,1682,0,0,0,0,0,557,0,0,0,2761,585,0,7168,4545,1566,0,0,0,0,0,0,0,0,0,0,0,1126,0,0,0,0,0,140,101,0,0,0,0,0,1391,0,0,111,0,0
contig_15691,0,0,0,0,0,0,0,0,0,0,0,0,0,0,0,0,0,0,0,0,0,0,0,0,0,0,0,0,86743,0,0,0,0,0,0,0,0,0,0,0,0,0,0,0,0,0,0,0,0,0,0,0,0,0,0,0,0,0,0,3236,23553,0,0,0,0,0,0,0,0,0,0,0,0,0,0,0,0,0,0,0,0,0,0,0,0,0,0,0,0,0,0,0
contig_15695,0,0,0,0,0,0,0,0,0,0,0,0,0,0,0,0,0,0,0,0,0,0,0,0,0,0,0,0,0,0,0,0,0,0,0,0,0,0,0,0,0,0,0,0,0,0,0,184,0,0,0,0,0,0,0,0,0,0,0,0,1198,731,0,0,0,0,0,0,0,0,0,0,0,0,0,0,0,0,0,0,0,0,0,0,0,0,0,0,0,0,0,0
contig_15711,0,0,0,577,0,0,0,0,0,0,0,0,0,0,0,0,0,0,0,0,0,0,0,0,0,0,0,0,0,3388,0,0,0,0,0,0,0,0,0,0,0,0,0,0,108,0,0,0,0,1632,0,0,0,0,0,0,3663,0,0,0,7754,2356,0,0,0,0,0,2095,0,0,0,0,0,545,0,0,0,0,0,0,0,0,0,0,0,0,0,0,0,647,0,0
contig_15721,0,0,0,0,0,0,0,0,0,0,0,0,0,0,0,0,2095,0,0,0,0,0,0,0,0,0,0,0,0,0,0,0,0,0,0,0,0,0,0,0,0,0,0,0,0,0,0,4993,25997,1504,1077,0,0,0,0,0,0,0,0,0,0,0,0,0,0,0,0,205,0,0,0,0,0,0,0,0,0,0,0,0,0,0,0,0,0,0,0,0,0,0,0,0
contig_15733,0,0,0,0,0,0,0,0,0,0,0,0,0,0,0,0,453,0,0,0,0,0,0,0,0,0,0,0,0,0,0,0,0,0,0,0,0,0,0,0,0,0,0,0,0,0,0,0,0,0,0,0,0,122,0,0,0,0,0,0,0,1340,0,0,0,0,0,0,0,0,0,0,0,0,0,0,0,0,0,0,0,0,0,0,0,0,0,0,0,0,0,0
contig_15745,79,2109,687,0,0,627,1859,0,0,0,0,0,0,0,1871,0,2165,0,0,0,0,0,0,0,0,0,0,0,624,1288,0,0,0,0,0,0,0,0,0,0,0,0,0,0,0,0,640,1869,0,2167,1839,0,0,0,0,0,0,0,546,0,2798,1176,0,0,0,0,0,1660,0,0,0,0,0,8539,0,0,0,0,0,0,0,0,0,0,0,0,0,0,0,0,0,0
contig_15770,0,0,0,0,0,0,0,0,0,0,0,0,0,0,0,0,0,0,0,0,0,0,0,0,0,0,0,0,0,131,0,132,0,0,0,0,0,0,0,0,0,0,0,0,0,0,0,275,388,326,641,0,0,0,0,0,608,0,0,0,222,135,0,0,0,0,0,0,0,0,0,0,0,381,0,0,0,0,0,0,0,0,0,0,0,0,0,0,0,210,0,0
contig_158,0,0,0,0,0,0,0,0,0,0,0,0,0,0,0,0,0,0,0,0,0,1676,0,6880,371,19057,43830,0,0,0,0,0,0,0,0,0,0,0,0,0,0,0,0,0,0,0,0,0,0,0,0,0,0,0,0,0,0,0,0,0,0,0,0,0,0,0,0,0,0,0,0,0,0,0,0,0,0,0,0,0,0,0,0,0,0,0,0,0,0,0,0,0
contig_15831,0,0,0,0,0,0,0,0,0,0,0,0,0,0,0,0,0,0,0,0,0,0,0,0,0,0,0,0,0,0,0,0,0,0,0,0,0,0,0,0,0,0,0,0,0,0,0,0,0,0,0,0,0,0,0,0,5021,0,0,0,0,0,0,0,0,0,13338,5571,2415,0,0,0,0,0,0,0,0,0,0,0,0,0,0,0,0,0,0,0,0,2657,0,0
contig_15843,0,0,0,0,0,0,0,0,0,0,0,0,0,0,2969,0,6856,0,0,0,0,0,0,0,0,0,0,0,0,2484,0,0,0,0,0,0,0,0,0,0,0,0,0,0,0,0,0,0,3090,0,0,0,0,0,0,0,0,0,0,8204,10084,0,0,0,0,0,0,0,0,0,0,0,0,0,0,0,0,0,0,0,0,0,0,0,0,0,0,0,0,0,0,0
contig_15852,0,0,0,0,0,0,0,0,0,0,0,0,0,0,0,0,0,0,0,256,0,0,0,0,0,0,0,0,0,0,0,0,0,0,2722,0,0,0,0,6654,1369,0,38,0,355,0,0,0,1192,0,0,0,4601,2867,0,558,0,756,0,0,0,0,130,0,0,0,742,7977,2525,424,469,0,0,0,0,0,0,0,0,0,0,0,0,0,0,0,14799,0,289,4928,160,0
contig_15862,0,0,0,0,0,0,0,0,0,0,0,0,0,0,0,0,0,0,0,0,0,0,0,0,0,0,0,0,464,743,0,0,0,0,0,0,0,127,0,0,0,0,0,0,0,0,0,132,339,0,412,0,0,0,0,0,1109,0,0,0,1583,440,0,0,0,0,0,393,0,0,0,0,0,0,0,0,0,0,0,0,0,0,0,0,0,0,0,0,92,0,0,0
contig_15875,0,0,0,0,0,0,0,0,0,0,0,0,0,0,0,0,533,0,0,0,0,0,0,0,0,0,0,0,0,953,0,96,0,0,0,0,0,0,0,0,0,0,0,0,113,0,0,0,430,1169,1827,290,0,0,0,907,1780,128,0,2804,0,3213,100,308,0,0,0,2268,1144,0,0,0,0,10631,0,0,0,0,0,0,0,0,0,0,0,0,0,0,31,0,0,0
contig_15914,0,10567,0,0,0,0,8893,0,0,0,0,0,0,0,0,0,0,0,0,0,0,0,0,0,0,0,0,12160,2139,1837,0,0,0,0,0,0,0,0,0,0,0,0,0,0,0,10147,0,3115,522,0,0,0,0,0,0,0,0,0,5291,24006,13768,111,0,2760,0,0,0,547,0,0,0,0,0,0,0,0,0,0,0,0,0,0,0,0,0,0,0,0,0,179,0,0
contig_15917,0,0,0,2989,0,0,0,0,0,0,0,0,0,0,0,0,237,0,0,0,0,0,0,0,0,0,0,0,0,353,0,0,0,0,0,0,0,0,0,0,0,0,0,0,0,0,0,345,633,646,0,0,0,0,0,0,0,0,0,0,0,1545,0,0,0,0,0,0,0,0,0,0,0,0,0,0,0,0,0,0,0,0,0,0,0,0,0,0,0,0,0,0
contig_16,0,0,0,0,0,0,0,0,0,0,0,0,0,0,0,0,0,0,0,0,0,15,0,74,0,0,0,0,0,0,0,0,96,148,78,91,0,60,0,0,0,0,0,0,0,0,0,0,0,0,0,0,0,0,0,0,0,0,0,0,0,0,0,0,0,0,0,0,0,0,0,0,0,0,0,0,0,8,0,0,0,5,0,0,0,0,0,0,19,0,0,0
contig_16028,0,0,0,0,0,0,0,0,0,0,0,0,0,0,0,6049,1734,0,0,0,0,0,0,0,0,0,0,2940,0,0,0,0,0,0,0,0,0,0,0,0,0,0,0,0,0,0,0,0,454,0,329,0,0,0,0,0,0,0,0,0,10541,236,0,0,0,0,0,0,0,0,0,0,0,0,0,0,0,0,0,0,0,0,0,0,0,0,0,0,0,0,0,0
contig_16048,0,0,0,0,0,0,0,0,0,0,0,0,0,0,0,0,0,0,0,0,0,0,0,0,0,0,0,0,0,0,0,0,370,0,0,0,0,0,0,0,0,0,0,0,0,0,0,51,917,134,5169,175,0,1743,0,0,0,0,0,0,0,0,0,0,0,0,0,1698,753,0,0,0,0,0,0,0,0,0,0,0,0,0,0,0,0,0,3651,0,228,5278,0,0
contig_16051,0,0,0,0,0,0,0,0,0,0,0,0,0,0,0,0,407,0,0,0,0,0,0,0,0,0,0,0,0,0,0,0,0,0,0,0,0,0,0,0,0,0,0,0,0,0,0,0,0,578,0,0,0,0,0,0,0,0,0,0,0,0,0,0,0,0,0,1784,0,0,0,0,0,0,0,0,0,0,0,0,0,0,0,0,0,0,0,0,0,0,0,0
contig_16071,0,0,0,0,0,0,590,0,0,0,0,0,0,0,0,0,0,0,0,0,0,0,0,0,0,0,0,0,0,0,0,0,0,0,0,0,0,0,0,0,0,0,0,0,0,0,0,0,0,0,2949,0,0,0,0,0,0,0,2290,0,0,0,0,642,0,0,0,0,0,0,0,0,0,0,0,0,0,0,0,0,0,0,0,0,0,0,0,0,0,0,0,0
contig_16078,0,0,0,0,0,0,0,0,0,0,0,0,0,0,0,0,0,0,0,0,0,0,0,0,0,0,0,0,0,3599,0,0,0,0,0,0,0,0,0,3208,0,0,0,0,0,0,0,0,0,0,0,0,0,0,0,0,0,0,0,0,0,23017,0,0,0,0,0,0,0,0,0,0,0,0,0,0,0,0,0,0,0,0,0,0,0,0,0,0,0,0,0,0
contig_16092,0,0,0,0,2111,1246,0,0,0,0,0,0,0,0,4739,0,0,0,0,0,0,637,0,0,0,0,0,0,0,1353,0,0,0,0,0,0,0,0,0,0,0,0,0,0,0,0,0,0,0,0,0,95,0,0,0,0,0,0,0,0,3244,2290,0,0,3822,0,0,0,0,0,0,0,0,0,0,0,0,0,0,0,0,0,0,0,0,0,0,0,275,1569,0,0
contig_16103,0,0,0,0,0,0,0,0,0,0,0,0,0,0,0,0,0,0,0,0,0,0,0,0,0,0,0,0,0,0,0,0,0,0,0,0,0,0,0,0,0,0,0,0,0,391,0,0,0,0,0,0,0,0,0,0,0,0,0,0,0,0,0,0,0,0,0,450,0,0,0,0,0,0,0,0,0,0,0,0,533,0,0,0,0,0,0,0,0,0,0,0
contig_16111,0,0,0,0,0,0,0,0,0,0,0,0,0,0,0,0,0,0,0,0,0,0,0,0,0,0,0,0,0,0,0,0,0,0,0,0,0,135,0,0,0,0,0,0,0,0,0,0,0,0,0,0,0,0,0,0,0,0,0,0,0,0,0,0,0,0,0,0,0,0,0,0,0,0,0,0,0,0,0,0,0,0,0,0,0,0,0,0,25,606,0,0
contig_16145,0,0,0,0,0,0,0,0,0,0,0,0,0,0,0,0,44,0,0,0,0,0,0,0,0,0,0,0,0,0,0,0,0,0,0,0,0,0,0,0,0,0,0,0,0,0,0,0,0,0,0,0,0,0,0,0,0,0,0,407,41,75,0,0,0,0,0,0,0,0,0,0,0,0,0,0,0,0,0,0,0,0,0,0,0,0,0,0,0,0,0,0
contig_16150,0,0,0,0,0,0,0,0,0,0,0,0,0,0,0,0,0,0,0,0,0,0,0,0,0,0,0,17342,0,0,0,0,0,0,0,0,0,0,0,0,0,0,0,0,0,11703,0,1764,0,0,0,0,0,0,0,0,0,0,0,0,0,371,0,0,0,0,0,0,0,0,0,0,0,0,0,0,0,0,0,0,0,0,0,0,0,0,0,0,0,0,0,0
contig_16152,0,0,0,0,0,0,0,0,0,0,0,0,0,0,0,0,0,0,0,0,0,0,0,0,0,0,0,0,0,0,0,0,0,0,0,0,0,0,0,0,0,0,0,0,0,0,0,0,0,0,0,0,0,0,0,0,187,0,0,0,0,0,0,0,196,0,0,718,0,0,0,0,0,0,0,0,0,0,0,0,0,0,0,0,0,0,0,0,0,0,0,0
contig_162,0,0,0,0,0,0,0,0,0,0,0,0,0,0,0,0,0,0,0,0,13700,1955,0,7569,496,55531,50628,0,0,0,0,0,0,0,0,0,0,0,0,0,0,0,0,0,0,0,0,0,0,0,0,0,0,0,0,0,0,0,0,0,0,0,0,0,0,0,0,0,0,0,0,0,0,0,0,0,0,0,0,0,0,0,0,0,0,0,0,0,0,0,0,0
contig_16239,3578,2549,792,0,0,0,329,0,0,0,0,0,0,0,0,0,0,0,0,0,0,0,0,0,0,0,0,101,0,0,0,0,0,0,0,0,0,0,0,175,0,0,0,0,0,0,0,0,0,0,0,0,0,0,0,0,531,0,0,0,0,0,0,0,0,0,0,0,0,0,0,0,0,9870,0,0,0,0,0,0,0,0,0,0,0,0,4445,0,0,0,0,0
contig_16247,0,0,0,208,384,0,0,0,0,0,0,0,0,0,0,0,2332,0,0,0,0,0,0,0,0,0,0,0,0,798,382,503,0,0,0,0,0,0,0,0,0,0,324,0,185,0,0,344,1716,1468,3421,645,0,0,0,0,566,0,0,0,0,19746,0,0,0,0,0,1445,0,0,0,0,0,10866,0,0,0,0,0,0,0,0,0,0,0,0,0,0,0,0,0,0
contig_16266,0,0,0,0,0,0,0,0,0,0,0,0,0,0,0,0,0,0,0,0,0,0,0,0,0,0,0,0,62,0,0,0,0,0,0,0,0,0,0,0,0,0,0,0,0,0,0,623,0,0,0,0,0,0,0,0,0,0,0,0,255,0,0,0,0,0,0,0,0,0,0,0,0,0,0,0,0,0,0,0,260,0,0,0,0,0,117,0,178,267,0,0
contig_16275,0,0,0,0,0,8509,488,0,0,0,0,0,0,0,0,0,0,0,0,0,0,0,0,0,0,0,0,0,0,0,0,779,0,0,0,0,0,0,0,0,0,0,0,0,0,0,0,0,0,0,0,0,0,0,0,0,0,0,0,0,25822,2200,0,0,0,0,0,0,0,0,0,0,0,5538,0,0,0,0,0,0,0,0,0,0,0,0,300,0,0,0,0,0
contig_1628,0,0,0,0,0,0,0,0,0,0,0,0,0,0,0,0,0,0,0,0,0,0,0,0,0,0,0,0,0,4217,0,0,0,0,0,0,0,0,0,0,0,0,0,0,0,0,0,0,0,0,0,0,0,0,0,0,0,0,0,0,0,0,0,0,0,0,0,0,0,0,0,0,0,23094,0,0,0,0,0,0,0,0,0,0,0,0,0,0,0,1220,0,0
contig_16281,0,5147,0,0,0,0,424,0,0,0,0,0,0,0,0,7733,0,0,0,0,0,0,0,0,0,0,0,0,5912,267,0,0,0,0,0,0,0,0,0,0,0,0,0,0,0,0,0,1671,0,0,391,0,0,0,16027,0,0,0,1664,0,5587,242,0,0,0,0,0,0,0,0,0,0,0,0,0,0,0,0,0,0,0,0,0,0,0,0,815,0,0,805,0,0
contig_16293,0,0,0,500,0,0,0,0,0,0,0,0,0,0,0,0,46,0,0,0,0,0,0,0,0,0,0,0,0,107,120,0,0,0,0,0,0,0,0,0,0,0,0,0,0,0,0,0,21,0,0,0,0,0,0,0,0,0,0,0,0,0,0,0,0,0,0,0,0,0,0,0,0,562,0,0,0,0,0,0,0,0,0,0,0,0,0,0,0,0,0,0
contig_16309,0,0,0,0,0,0,0,0,0,0,0,0,0,0,0,0,0,0,0,0,0,0,0,0,0,0,0,0,0,0,0,0,0,0,0,0,0,0,0,0,0,0,82,0,0,0,0,0,1154,0,1201,0,0,0,0,0,0,0,0,0,0,94,0,0,0,0,0,0,0,0,0,0,0,0,0,0,0,0,0,0,0,0,0,0,0,0,0,0,0,0,0,0
contig_16331,0,0,0,0,0,0,0,0,0,0,0,0,0,0,0,0,980,0,0,0,0,0,0,0,0,0,0,0,0,0,0,0,0,0,0,0,0,0,0,0,0,0,0,0,0,0,0,0,485,304,0,0,0,0,0,0,0,0,0,0,0,0,0,0,0,0,0,43,0,0,0,0,0,0,0,0,0,0,0,0,0,0,0,0,0,0,0,0,0,138,0,0
contig_16333,0,0,0,0,0,0,0,0,0,0,0,0,0,0,0,0,0,0,0,0,0,0,0,0,0,0,0,0,0,0,0,0,0,0,0,0,0,0,0,0,0,0,0,0,0,0,0,0,0,0,0,0,0,0,0,0,0,0,0,0,0,0,0,0,0,0,0,1592,0,0,0,0,0,0,0,0,0,0,0,0,0,0,0,0,0,0,0,0,168,9931,0,0
contig_16344,0,0,0,204,489,0,0,0,0,0,0,0,0,0,0,0,1227,0,0,0,0,0,0,0,0,0,0,0,0,477,0,277,0,0,0,0,0,0,0,0,0,0,0,0,0,0,0,82,843,1240,3442,814,0,0,0,0,1012,0,0,0,256,6498,0,0,0,0,0,1060,674,141,0,0,0,0,0,0,0,0,0,0,0,0,0,0,0,0,0,0,74,0,0,0
contig_16353,0,0,0,0,0,0,0,0,0,0,0,0,0,0,0,0,0,0,0,0,0,0,0,0,0,0,0,0,0,0,0,0,0,0,0,0,0,0,0,0,0,0,0,0,0,0,0,0,0,0,5616,0,0,0,0,0,0,0,0,0,0,399,0,0,0,0,0,0,0,0,0,0,0,0,0,0,0,0,0,0,0,0,0,0,0,0,0,0,0,210,0,0
contig_16365,0,0,0,0,0,0,0,0,0,0,0,0,0,0,0,0,0,0,0,0,0,0,0,0,0,0,0,0,0,0,0,0,0,0,0,0,0,0,0,0,0,0,0,0,0,0,0,617,0,0,0,0,0,0,0,0,0,0,0,0,0,0,0,0,0,0,0,145,0,0,0,0,0,236,0,0,0,0,0,0,0,0,0,0,0,0,0,0,599,264,0,0
contig_16367,0,0,0,0,0,0,980,0,0,0,0,0,0,0,0,92,95,0,0,0,0,0,0,0,0,0,0,0,16387,381,0,296,0,0,0,0,0,0,0,268,0,0,0,0,0,359,266,0,0,0,0,0,0,351,0,0,530,0,122,732,4268,1342,0,0,0,0,0,0,0,0,0,0,0,3491,0,0,0,0,0,0,0,0,0,0,0,0,0,0,0,0,0,0
contig_16368,0,0,0,0,0,0,0,0,0,0,0,0,0,0,0,0,1613,0,0,0,0,0,0,0,0,0,0,0,0,0,0,0,0,0,0,0,0,0,0,0,0,0,0,0,0,0,0,0,0,0,1200,0,0,0,0,0,0,0,0,0,0,4085,0,0,0,0,0,0,0,0,0,0,0,0,0,0,0,0,0,0,0,0,0,0,0,0,0,0,0,0,0,0
contig_16377,0,0,0,101,0,0,0,0,0,0,0,0,0,0,0,0,1460,0,0,0,0,0,0,0,0,0,0,0,0,0,0,0,0,0,0,0,0,0,0,0,0,0,0,0,0,0,0,0,246,0,282,0,0,0,0,0,0,0,0,0,5493,1236,0,0,0,0,0,0,0,0,0,0,0,101,0,0,0,0,0,0,0,0,0,0,0,0,0,0,0,0,0,0
contig_16386,20232,3536,1839,0,0,0,2312,0,0,0,0,0,0,0,10143,137710,3427,0,0,0,0,0,0,0,0,357,0,2491,14349,4073,0,0,0,0,0,0,0,0,0,0,0,0,0,0,0,14711,0,7783,1402,0,0,0,2294,210,0,0,10733,0,4078,0,8711,350,0,1193,0,0,0,0,0,0,0,0,0,4081,0,0,0,0,0,0,1245,0,0,0,0,0,0,0,166,1169,0,0
contig_16409,0,0,0,0,0,0,0,0,0,0,0,0,0,0,0,0,0,0,0,0,0,0,0,0,0,0,0,753,0,0,0,0,0,0,0,0,0,0,0,0,0,0,0,0,0,1043,0,0,0,0,0,0,0,0,0,0,0,0,0,878,0,430,0,0,0,0,0,222,0,0,0,0,0,0,0,0,0,0,0,0,0,0,0,0,0,0,0,0,0,638,0,0
contig_16414,0,0,0,0,0,0,0,0,0,0,0,0,0,0,0,0,0,0,0,0,0,0,0,0,0,0,0,0,0,0,0,0,0,0,0,0,0,0,0,0,0,0,0,0,0,0,0,0,0,197,1164,0,0,0,0,0,0,0,0,0,0,0,0,0,0,0,0,469,0,0,0,0,0,341,0,0,0,0,0,0,0,0,0,0,0,0,0,0,0,0,0,0
contig_16416,0,0,0,890,0,0,0,0,0,0,0,0,0,0,0,0,222,0,0,0,0,0,0,0,0,0,0,0,0,658,0,0,0,0,0,0,0,0,0,0,0,0,107,0,444,0,0,0,0,8268,0,0,0,0,0,0,6526,0,0,0,2811,14056,0,0,0,0,0,4595,0,0,0,0,0,402,0,0,0,0,0,0,0,0,0,0,0,0,0,0,0,68,0,0
contig_16435,0,0,0,0,0,0,0,0,0,0,0,0,0,0,0,930,0,0,0,0,0,0,0,0,0,0,0,0,161977,1287,0,181,0,0,0,0,0,0,0,1277,0,0,0,0,0,426,3132,0,0,0,0,0,0,302,0,0,5280,822,0,15165,10947,3159,0,0,0,0,0,0,0,0,0,0,0,1502,0,0,0,0,0,0,0,0,0,0,0,0,1412,0,0,155,0,0
contig_16441,0,0,0,0,0,0,0,0,0,56,88,0,0,135,0,0,0,0,80,227,0,29,0,0,0,0,0,0,0,0,0,0,0,0,0,0,0,0,0,0,0,0,0,0,572,0,0,0,0,0,0,951,672,308,0,0,0,620,0,0,0,0,0,0,0,0,0,0,0,0,0,0,0,1455,0,0,30,174,0,0,0,0,0,0,0,0,726,0,70,9822,47,0
contig_16455,0,4194,0,0,0,0,0,0,0,0,0,0,0,0,0,0,2177,0,0,0,0,0,0,0,0,0,0,0,0,0,0,0,0,0,0,0,0,0,0,0,0,0,0,0,0,0,0,3685,519,0,1836,0,0,0,0,0,0,0,0,525,5955,704,0,0,0,0,0,302,0,0,0,0,0,1895,0,0,0,0,0,0,0,0,0,0,0,0,2580,0,0,266,0,0
contig_16480,0,2603,0,0,0,0,0,0,0,0,0,0,0,0,6411,7892,980,0,0,0,0,0,0,0,0,0,0,0,18086,4821,0,431,5418,0,0,0,0,0,0,775,0,0,0,0,0,7715,0,5171,0,0,1077,0,3017,0,80796,0,427,0,2010,14613,7380,552,0,0,0,0,0,0,0,0,0,0,0,0,0,0,0,0,0,0,0,0,0,0,0,0,0,0,0,5898,0,0
contig_16504,0,0,0,0,0,0,0,0,0,0,0,0,0,0,0,0,0,0,0,0,0,0,0,0,0,0,0,0,0,22526,0,0,0,0,0,0,0,0,0,0,0,0,0,0,0,0,241,0,0,0,0,0,0,0,0,0,0,0,0,0,56646,598,0,0,0,0,0,0,0,0,0,0,0,0,0,0,0,0,0,0,0,0,0,0,0,0,0,0,0,0,0,0
contig_16509,0,0,0,0,0,0,0,0,0,0,0,0,0,0,0,0,212,272,0,175,0,0,0,0,0,0,0,0,0,0,0,0,0,0,0,0,0,0,0,0,0,0,0,0,0,0,0,0,0,0,0,0,0,0,0,0,0,0,0,0,0,372290,0,0,0,0,0,0,0,549,60,68,0,0,0,0,0,0,0,0,0,0,0,0,0,0,0,0,0,0,0,0
contig_16515,0,0,0,0,0,0,0,0,0,0,0,0,0,0,0,0,0,0,0,0,0,0,0,0,0,0,0,0,0,0,0,0,0,0,0,0,0,0,0,0,0,0,0,0,0,0,0,0,0,0,1628,0,0,0,0,0,0,0,0,0,0,352,0,0,0,0,0,0,0,0,0,0,0,0,0,0,0,0,0,0,0,0,0,0,0,0,0,0,119,0,0,0
contig_16516,0,0,0,0,0,0,0,0,0,0,0,0,0,0,2856,0,0,0,0,0,0,0,0,0,0,0,0,1468,0,0,0,0,0,0,0,0,0,0,0,0,0,0,0,0,0,1004,0,0,0,0,0,0,0,0,0,0,1255,0,0,11185,0,699,0,0,0,0,0,267,0,0,0,0,0,0,0,0,0,0,0,0,532,0,0,0,0,0,3260,0,0,275,0,0
contig_16540,0,0,0,0,0,0,0,0,0,0,0,0,0,0,0,0,0,0,0,0,0,0,0,0,0,0,0,0,0,0,0,221,0,0,14864,0,0,6029,0,0,0,85,847,0,2165,0,0,0,0,86,0,0,0,0,0,0,0,0,0,0,0,0,0,0,0,0,0,0,0,0,0,0,0,0,0,0,0,0,0,0,0,0,0,0,0,0,0,0,236,0,0,0
contig_1656,0,0,0,0,0,0,0,0,0,0,0,0,0,0,0,0,0,425,3677,0,0,0,0,0,0,0,0,0,0,0,0,0,0,0,0,0,0,0,0,0,0,0,0,0,0,0,0,0,0,0,0,0,0,0,0,139,0,0,0,0,0,0,0,0,0,0,0,0,0,0,0,0,0,0,0,0,0,0,0,0,0,0,0,0,0,0,0,0,0,0,0,0
contig_16576,0,0,0,0,0,0,0,0,0,0,0,0,0,0,0,0,0,0,0,198,0,0,0,0,0,0,0,0,0,0,0,0,0,0,0,0,0,0,0,0,0,0,52,0,0,0,0,0,0,0,0,0,0,0,0,0,0,0,0,0,0,0,0,0,0,0,0,0,0,0,0,0,0,0,0,0,0,0,0,0,0,0,0,0,0,0,0,0,0,44,0,0
contig_16595,0,0,0,0,0,0,0,0,0,0,0,0,0,0,0,0,0,0,0,0,0,0,0,0,0,0,0,0,0,0,0,0,0,0,0,0,0,0,0,0,0,0,0,0,0,0,0,0,0,0,0,0,0,0,0,0,0,0,0,0,0,0,0,0,0,0,0,0,0,0,0,0,0,0,0,0,0,0,0,0,474,0,0,0,0,0,3795,0,0,272,0,0
contig_16613,0,0,0,0,0,0,0,0,0,0,0,0,0,0,0,0,0,0,0,0,0,0,0,0,0,0,0,0,0,0,0,0,0,0,0,0,0,0,0,0,0,0,0,0,0,0,0,565,0,0,155,0,0,0,0,0,0,0,0,0,2026,420,0,0,0,0,0,0,0,0,0,0,0,128,0,0,0,0,0,0,0,0,0,0,0,0,0,0,0,0,0,0
contig_16614,0,0,0,0,0,0,0,0,0,0,0,0,0,0,0,0,0,0,0,0,0,0,0,0,0,0,0,0,1417,320,0,0,0,0,0,0,0,0,0,0,0,0,0,0,0,530,0,534,0,0,0,0,0,0,0,0,0,0,0,1397,2567,154,0,0,0,0,0,655,0,0,0,0,0,0,0,0,0,0,0,0,0,0,0,0,0,0,0,0,0,0,0,0
contig_1662,0,0,0,0,0,0,0,0,0,0,0,0,0,0,0,0,0,22499,104967,0,0,0,0,0,0,0,0,0,0,0,0,0,0,0,0,0,0,0,0,0,0,0,0,0,0,0,0,0,0,0,0,0,0,0,0,3812,0,0,0,0,0,0,0,0,0,0,0,0,0,0,0,0,0,0,0,0,0,0,0,0,0,0,0,0,0,0,0,0,0,0,0,0
contig_16635,0,0,0,0,0,0,0,0,0,0,0,0,0,0,0,0,0,0,0,0,0,0,0,0,0,0,0,0,0,3201,0,0,0,0,0,0,0,0,0,0,0,0,0,0,0,0,0,0,0,0,562,158,1094,759,0,0,2166,0,0,0,0,402,0,0,0,0,0,1933,0,0,0,0,0,3482,0,0,0,0,0,0,0,0,0,0,0,0,1481,0,0,194,0,0
contig_1664,0,0,0,0,0,0,0,0,0,0,0,0,0,0,0,0,0,50898,213171,0,0,0,0,0,0,0,0,0,0,0,0,0,0,0,0,0,0,0,0,0,0,0,0,0,0,0,0,0,0,0,0,0,0,0,0,10096,0,0,0,0,0,0,0,0,0,0,0,0,0,0,0,0,0,0,0,0,0,0,0,0,0,0,0,0,0,0,0,0,0,0,0,0
contig_16650,0,0,0,0,0,0,0,0,0,0,0,0,0,0,0,0,0,0,0,0,0,0,0,0,0,0,0,0,0,0,0,0,0,0,0,0,0,0,0,0,0,0,0,0,0,0,0,0,4866,1661,0,0,0,0,0,0,0,0,0,0,0,0,0,0,0,0,0,1022,0,0,0,0,0,0,0,0,0,0,0,0,0,0,0,0,0,0,0,0,0,6731,0,0
contig_16654,0,0,0,0,0,0,0,0,0,0,0,0,0,0,0,0,864,0,0,0,0,0,0,0,0,0,0,0,0,296,0,0,0,0,0,0,0,0,0,0,0,0,0,0,0,125,264,196,1119,1584,435,0,0,0,0,0,0,0,0,0,895,863,0,0,0,0,0,76,257,0,0,0,0,0,0,0,0,0,0,0,0,0,0,0,0,0,0,0,0,0,0,0
contig_16670,0,0,0,0,0,0,0,0,0,0,0,0,0,0,0,0,0,0,0,0,0,0,0,0,0,0,0,0,0,0,0,0,0,0,0,0,0,35,0,0,0,0,0,0,0,0,0,0,0,0,0,0,0,0,0,0,0,0,0,0,0,0,0,0,0,0,0,0,0,0,0,0,0,0,0,0,0,0,0,0,0,0,0,0,0,0,0,0,0,230,34,0
contig_16672,0,0,0,0,0,0,0,0,0,0,0,0,0,0,115,149,0,0,0,0,0,0,0,0,0,0,0,151,0,77,0,0,0,0,0,0,0,0,0,0,0,0,0,0,0,0,0,0,66,0,0,0,0,0,0,0,0,0,0,342,102,29406,0,0,212,0,0,0,0,0,0,0,0,294,0,0,0,0,0,0,955,0,0,0,0,0,0,0,0,2837,0,0
contig_16717,0,0,0,0,0,0,0,0,0,0,0,0,0,0,0,0,0,0,0,0,0,0,0,0,0,0,0,0,0,509,0,0,0,0,0,0,0,0,0,2621,0,0,0,0,0,0,0,0,529,0,1768,0,0,0,0,0,0,0,0,0,862,11360,0,0,0,0,0,0,0,0,0,0,0,0,0,0,0,0,0,0,0,0,0,0,0,0,0,0,0,0,0,0
contig_16723,0,0,0,0,0,0,0,0,0,0,0,0,0,0,0,0,345,0,0,0,0,0,0,0,0,0,0,0,0,881,0,0,0,0,0,0,0,0,0,0,0,0,0,0,0,0,0,0,100,0,0,0,0,0,0,0,0,0,5059,2411,2523,114,0,0,0,0,0,0,0,0,0,0,0,0,0,0,0,0,0,0,0,0,0,0,0,0,0,0,0,0,0,0
contig_1673,0,0,0,0,0,0,0,0,0,0,0,0,0,0,0,0,0,22471,128482,0,0,0,0,0,0,0,0,0,0,0,0,0,0,0,0,0,0,0,0,0,0,0,0,0,0,0,0,0,0,0,0,0,0,0,0,10821,0,0,0,0,0,0,0,0,0,0,0,0,0,0,0,0,0,0,0,0,0,0,0,0,0,0,0,0,0,0,0,0,0,0,0,0
contig_16735,0,0,0,629,0,0,0,0,0,0,0,0,0,0,0,0,0,0,0,72,0,0,0,0,0,0,0,0,0,0,0,0,0,0,0,0,0,0,0,3343,0,91,0,0,0,0,0,0,0,0,0,1879,0,3441,0,0,0,676,0,0,0,0,0,0,0,0,0,4479,1282,0,0,0,0,0,0,0,0,0,0,0,0,0,0,0,0,0,0,0,0,3846,0,0
contig_16755,0,0,0,0,0,0,0,0,0,0,0,0,0,0,0,0,3234,0,0,0,0,0,0,0,0,0,0,0,0,0,0,0,0,0,0,0,0,78,0,0,0,0,0,0,0,0,0,0,0,0,0,0,0,0,0,0,0,0,0,0,1717,360,0,0,0,0,0,0,0,0,0,0,0,0,0,0,0,0,0,0,0,0,0,0,0,0,0,0,0,0,0,0
contig_16769,5834,0,0,0,0,0,0,0,0,0,0,0,0,0,0,0,0,0,0,0,0,0,0,0,0,0,0,26626,316,0,0,0,0,0,0,0,0,0,0,0,0,0,0,0,0,17597,0,0,0,0,0,0,0,0,0,0,0,0,0,118617,0,0,0,13462,0,0,0,654,0,0,0,0,0,0,0,0,0,0,0,0,2728,0,0,0,0,0,19167,0,0,441,0,0
contig_1677,0,0,0,0,0,0,0,0,0,0,0,0,0,0,0,0,0,3615,17784,0,0,0,0,0,0,0,0,0,0,0,0,0,0,0,0,0,0,0,0,0,0,0,0,0,0,0,0,0,0,0,0,0,0,0,0,707,0,0,0,0,0,0,0,0,0,0,0,0,0,0,0,0,0,0,0,0,0,0,0,0,0,0,0,0,0,0,0,0,0,0,0,0
contig_16777,0,0,0,0,0,0,0,0,0,0,0,0,0,0,0,49400,0,0,0,0,0,0,0,0,0,0,0,0,0,0,0,0,0,0,0,0,0,0,0,0,0,0,0,0,0,433,0,0,0,0,0,0,0,0,0,0,0,0,0,0,0,507,0,0,0,0,0,0,0,0,0,0,0,400,0,0,0,0,0,0,0,0,0,0,0,0,0,0,0,0,0,0
contig_1678,0,0,0,0,0,0,0,0,0,0,0,0,0,0,0,0,0,3330,13066,0,0,0,0,0,0,0,0,0,0,0,0,0,0,0,0,0,0,0,0,0,0,0,0,0,0,0,0,0,0,0,0,0,0,0,0,414,0,0,0,0,0,0,0,0,0,0,0,0,0,0,0,0,0,0,0,0,0,0,0,0,0,0,0,0,0,0,0,0,0,0,0,0
contig_16795,0,63,0,0,0,0,0,0,0,0,0,0,0,0,0,0,3580,0,0,0,0,0,0,0,0,0,0,0,0,3597,0,0,0,0,0,0,0,0,0,0,0,0,0,0,0,228,0,0,661,0,446,0,0,0,0,0,1314,0,1662,0,3745,840,0,0,0,0,0,0,0,0,0,0,0,0,0,0,0,0,0,0,0,0,0,0,0,0,200,0,0,0,0,0
contig_1680,0,0,0,0,0,0,0,0,0,0,0,0,0,0,0,0,0,1566,18878,0,0,0,0,0,0,0,0,0,0,0,0,0,0,0,0,0,0,0,0,0,0,0,0,0,0,0,0,0,0,0,0,0,0,0,0,1003,0,0,0,0,0,0,0,0,0,0,0,0,0,0,0,0,0,0,0,0,0,0,0,0,0,0,0,0,0,0,0,0,0,0,0,0
contig_16809,0,0,0,0,0,0,0,0,0,0,0,0,0,0,0,6585,0,0,0,0,0,0,0,0,0,0,0,0,0,0,0,51,0,0,0,0,0,0,0,0,0,0,0,0,0,0,0,0,0,0,0,0,0,0,0,0,0,0,0,0,0,242,0,0,0,0,0,2765,3330,0,0,0,0,0,0,0,0,0,0,0,0,0,0,0,0,0,0,0,0,0,0,0
contig_1681,0,0,0,0,0,0,0,0,0,0,0,0,0,0,0,0,0,79369,281282,0,0,0,0,0,0,0,0,0,0,0,0,0,0,0,0,0,0,0,0,0,0,0,0,0,0,0,0,0,0,0,0,0,0,0,0,36050,0,0,0,0,0,0,0,0,0,0,0,0,0,0,0,0,0,0,0,0,0,0,0,0,0,0,0,0,0,0,0,0,0,0,0,0
contig_1683,0,0,0,0,0,0,0,0,0,0,0,0,0,0,0,0,0,216940,1220965,0,0,0,0,0,0,0,0,0,0,0,0,0,0,0,0,0,0,0,0,0,0,0,0,0,0,0,0,0,0,0,0,0,0,0,0,39646,0,0,0,0,0,0,0,0,0,0,0,0,0,0,0,0,0,0,0,0,0,0,0,0,0,0,0,0,0,0,0,0,0,0,0,0
contig_16840,0,0,0,0,0,0,0,0,0,0,0,0,0,0,0,0,0,0,0,0,0,0,0,0,0,0,0,989,0,0,0,0,0,0,0,0,0,0,0,0,0,0,0,0,0,606,0,0,0,0,0,0,0,0,0,0,0,0,0,288,0,339,0,0,0,0,0,0,0,0,0,0,0,0,0,0,0,0,0,0,0,0,0,0,0,0,0,0,0,0,0,0
contig_16848,0,0,0,0,0,0,0,0,0,0,0,0,0,0,0,0,0,0,0,0,0,0,0,0,0,0,0,0,0,0,0,94,0,0,0,0,0,0,0,0,0,0,0,0,0,0,0,0,0,0,0,0,0,0,0,0,0,0,3165,630,0,0,0,0,0,0,0,0,0,0,0,0,0,0,0,0,0,0,0,0,0,0,0,0,0,0,0,0,0,0,0,0
contig_1685,0,0,0,0,0,0,0,0,0,0,0,0,0,0,0,0,0,5048,21481,0,0,0,0,0,0,0,0,0,0,0,0,0,0,0,0,0,0,0,0,0,0,0,0,0,0,0,0,0,0,0,0,0,0,0,0,405,0,0,0,0,0,0,0,0,0,0,0,0,0,0,0,0,0,0,0,0,0,0,0,0,0,0,0,0,0,0,0,0,0,0,0,0
contig_16861,0,1750,0,0,0,0,0,0,0,0,0,0,0,0,0,0,0,0,0,0,0,0,0,0,0,0,0,0,2121,3187,0,0,0,0,0,0,0,0,0,0,0,0,0,0,0,0,0,0,386,0,799,0,0,150,0,0,4160,0,0,3793,5362,1146,0,0,0,0,0,0,0,0,0,0,0,446,0,0,0,0,0,0,0,0,0,0,0,0,303,0,116,3102,0,0
contig_16869,0,0,0,0,0,0,0,0,0,0,0,0,0,0,0,0,0,0,0,0,0,0,0,0,0,0,0,0,0,0,0,75,0,0,0,0,0,126,0,0,0,0,0,0,0,0,0,0,0,0,0,0,0,0,0,0,0,0,0,0,0,0,0,0,0,0,0,0,0,0,0,0,0,0,0,0,0,0,0,0,0,0,0,0,0,0,0,0,0,55,0,0
contig_1688,0,0,0,0,0,0,0,0,0,0,0,0,0,0,0,0,0,12406,119635,0,0,0,0,0,0,0,0,0,0,0,0,0,0,0,0,0,0,0,0,0,0,0,0,0,0,0,0,0,0,0,0,0,0,0,0,1734,0,0,0,0,0,0,0,0,0,0,0,0,0,0,0,0,0,0,0,0,0,0,0,0,0,0,0,0,0,0,0,0,0,0,0,0
contig_169,0,0,0,0,0,0,0,0,0,0,0,0,0,0,0,0,0,0,0,0,0,3704,0,7171,388,44783,45217,0,0,0,0,0,0,0,0,0,0,0,0,0,0,0,0,0,0,0,0,0,0,0,0,0,0,0,0,0,0,0,0,0,0,0,0,0,0,0,0,0,0,0,0,0,0,0,0,0,0,0,0,0,0,0,0,0,0,0,0,0,0,0,0,0
contig_1690,0,0,0,0,0,0,0,0,0,0,0,0,0,0,0,0,0,15123,127527,0,0,0,0,0,0,0,0,0,0,0,0,0,0,0,0,0,0,0,0,0,0,0,0,0,0,0,0,0,0,0,0,0,0,0,0,4630,0,0,0,0,0,0,0,0,0,0,0,0,0,0,0,0,0,0,0,0,0,0,0,0,0,0,0,0,0,0,0,0,0,0,0,0
contig_16905,0,0,0,0,0,0,0,0,0,0,0,0,0,0,0,0,320,0,0,0,0,0,0,0,0,0,0,0,0,0,0,0,0,0,0,0,0,0,0,0,0,0,0,0,0,0,0,0,2755,0,0,0,0,0,0,0,0,0,0,0,2282,1777,0,0,0,0,0,99,0,0,0,0,0,0,0,1769,0,0,0,0,0,0,0,0,0,0,0,0,0,0,0,0
contig_1691,0,0,0,0,0,0,0,0,0,0,0,0,0,0,0,0,0,262270,1332287,0,0,0,0,0,0,0,0,0,0,0,0,0,0,0,0,0,0,0,0,0,0,0,0,0,0,0,0,0,0,0,0,0,0,0,0,55075,0,0,0,0,0,0,0,0,0,0,0,0,0,0,0,0,0,0,0,0,0,0,0,0,0,0,0,0,0,0,0,0,0,0,0,0
contig_16916,0,0,0,0,0,0,0,0,0,0,0,0,0,0,0,0,0,0,0,0,0,0,0,0,0,0,0,0,0,0,0,0,0,0,0,0,0,65,0,0,0,0,0,0,0,0,0,0,0,0,0,0,0,0,0,0,0,0,0,0,0,0,0,0,0,0,0,0,0,0,0,0,0,0,0,0,0,0,0,0,0,0,0,0,0,0,0,0,0,96,58,0
contig_16921,0,0,0,0,0,0,0,0,0,0,0,0,0,0,0,0,0,0,0,0,0,0,0,23,0,0,0,0,0,0,0,0,0,0,0,0,0,23,0,0,0,0,0,0,0,0,0,0,0,0,0,0,0,0,0,0,0,0,0,0,0,637,0,0,0,0,0,0,0,0,0,0,0,0,0,0,0,0,0,0,0,0,0,0,0,0,0,0,0,0,0,0
contig_16934,0,0,0,0,0,0,0,0,0,0,0,0,0,0,0,0,0,0,0,0,0,0,0,0,0,0,0,0,0,0,0,0,0,0,0,0,0,0,0,111,0,0,0,0,0,0,0,0,0,0,0,0,0,4389,0,0,0,0,0,0,0,2010,0,218,0,0,0,0,0,0,0,0,0,0,0,0,0,0,0,0,0,0,0,0,0,0,0,0,0,1434,0,0
contig_1694,0,0,0,0,0,0,0,0,0,0,0,0,0,0,0,0,0,19430,129322,0,0,0,0,0,0,0,0,0,0,0,0,0,0,0,0,0,0,0,0,0,0,0,0,0,0,0,0,0,0,0,0,0,0,0,0,2720,0,0,0,0,0,0,0,0,0,0,0,0,0,0,0,0,0,0,0,0,0,0,0,0,0,0,0,0,0,0,0,0,0,0,0,0
contig_16944,0,0,0,440,0,0,0,0,0,0,0,0,0,0,0,0,0,0,0,0,0,0,0,0,0,0,0,0,0,21730,7000,0,652,0,0,0,0,0,0,0,0,0,0,0,0,0,0,0,0,0,0,569,0,0,0,0,0,0,0,0,0,0,0,1315,0,0,0,700,0,0,0,0,0,3783,0,0,0,0,0,0,0,0,0,0,0,0,0,0,0,992,0,0
contig_1695,0,0,0,0,0,0,0,0,0,0,0,0,0,0,0,0,0,34538,141539,0,0,0,0,0,0,0,0,0,0,0,0,0,0,0,0,0,0,0,0,0,0,0,0,0,0,0,0,0,0,0,0,0,0,0,0,5581,0,0,0,0,0,0,0,0,0,0,0,0,0,0,0,0,0,0,0,0,0,0,0,0,0,0,0,0,0,0,0,0,0,0,0,0
contig_16950,0,0,0,0,0,0,0,0,0,0,0,0,0,0,0,0,0,0,0,0,0,0,0,0,0,0,0,0,0,320,0,0,0,0,0,0,0,0,0,0,0,0,0,0,0,0,0,612,818,0,4689,0,0,0,0,0,0,0,0,0,0,0,0,0,0,0,0,0,0,0,0,0,0,0,0,0,0,0,0,0,0,0,0,0,0,0,0,0,0,0,0,0
contig_1696,0,0,0,0,0,0,0,0,0,0,0,0,0,0,0,0,0,22056,113921,0,0,0,0,0,0,0,0,0,0,0,0,0,0,0,0,0,0,0,0,0,0,0,0,0,0,0,0,0,0,0,0,0,0,0,0,3737,0,0,0,0,0,0,0,0,0,0,0,0,0,0,0,0,0,0,0,0,0,0,0,0,0,0,0,0,0,0,0,0,0,0,0,0
contig_16960,0,0,0,1225,0,0,287,0,0,0,0,0,0,0,0,0,1493,0,0,0,0,0,0,0,0,0,0,0,0,0,0,0,0,0,0,0,0,0,0,0,0,0,0,0,0,0,0,0,5838,0,0,0,0,0,0,0,0,0,0,0,0,0,0,0,0,0,0,0,0,0,0,0,0,1339,0,0,0,0,0,0,0,0,0,0,0,0,0,0,0,0,0,0
contig_16961,0,0,0,0,0,0,0,0,0,0,0,0,0,0,0,0,1325,0,0,0,0,0,0,0,0,0,0,0,0,1661,0,186,0,0,0,0,0,0,0,0,0,0,0,0,0,0,0,0,0,0,0,0,0,353,0,0,5275,0,0,0,10436,3558,0,0,0,0,0,0,0,0,0,0,0,0,0,0,0,0,0,0,0,0,0,0,0,0,2235,0,142,372,0,0
contig_16996,0,0,0,0,0,0,0,0,0,0,0,0,0,0,0,0,25,0,0,0,0,0,0,0,0,0,0,0,0,0,0,0,0,0,0,0,0,0,0,0,0,0,0,0,0,0,0,0,0,0,0,0,0,0,0,0,104,0,0,344,0,87,0,0,0,0,0,0,0,0,0,0,0,0,0,0,0,0,0,0,0,0,0,0,0,0,0,0,0,0,0,0
contig_17,0,0,0,0,0,0,0,0,0,0,0,0,0,0,0,0,0,0,0,926,0,0,0,0,0,0,0,0,0,0,0,0,0,0,0,0,0,0,0,0,240,0,0,0,0,0,0,0,0,0,0,0,0,0,0,435164,0,0,0,0,0,0,0,0,0,0,0,0,0,0,0,0,3550,0,0,0,0,0,0,0,0,0,0,0,0,0,0,148,120869,122179,2769,905
contig_1700,0,0,0,0,0,0,0,0,0,0,0,0,0,0,0,0,0,57828,234200,0,0,0,0,0,0,0,0,0,0,0,0,0,0,0,0,0,0,0,0,0,0,0,0,0,0,0,0,0,0,0,0,0,0,0,0,10648,0,0,0,0,0,0,0,0,0,0,0,0,0,0,0,0,0,0,0,0,0,0,0,0,0,0,0,0,0,0,0,0,0,0,0,0
contig_17000,0,0,1103,988,0,0,0,0,0,0,0,0,0,0,2088,161,0,0,0,0,0,0,0,0,0,0,0,358,0,918,0,0,0,0,0,0,0,0,0,0,0,0,0,0,0,0,1953,944,720,0,0,0,0,0,0,0,0,0,0,953,1198,1768,0,0,1136,0,0,468,0,0,0,0,0,0,0,0,0,0,0,0,10417,0,0,0,0,0,0,0,0,1108,0,0
contig_17008,0,0,0,0,0,0,0,0,0,0,0,0,0,0,0,0,0,0,0,0,0,0,0,0,0,0,0,0,0,8198,0,0,0,0,0,0,0,0,0,0,0,0,0,0,0,0,0,0,0,0,0,0,0,0,0,0,0,0,0,0,0,2911,0,0,0,0,0,827,0,0,0,0,30,612,0,0,0,0,0,0,0,0,0,0,0,0,0,0,136,0,0,0
contig_17022,0,0,0,181,0,0,0,0,0,0,0,0,0,0,0,0,686,0,0,0,0,0,0,0,0,0,0,0,0,1328,0,157,624,0,0,0,0,0,0,0,0,0,0,0,0,0,0,0,660,0,0,0,0,0,0,0,2162,0,0,0,0,2920,0,0,0,0,0,2385,0,0,0,0,0,8903,0,0,0,0,0,0,0,0,0,0,0,0,0,0,0,0,0,0
contig_17026,0,3910,0,698,0,606,3590,0,0,0,0,0,0,0,5936,0,0,0,0,0,0,542,0,0,0,0,0,21821,1097,1593,0,417,1681,0,0,0,0,0,138,0,0,0,0,0,0,0,1051,0,3772,0,0,0,0,1753,0,0,2868,0,1776,99090,10081,1796,0,9355,618,0,0,407,0,0,0,0,0,7514,0,0,0,0,0,0,3855,0,0,0,0,0,24386,0,0,2152,0,0
contig_17055,0,0,0,0,0,0,0,0,0,0,0,0,0,0,0,0,3870,0,0,0,0,0,0,0,0,0,0,0,0,378,0,0,0,0,0,0,0,0,0,0,0,0,0,0,0,0,0,0,0,0,0,0,0,0,0,0,0,0,0,0,833,250,0,0,0,0,0,0,0,0,0,0,0,0,0,0,0,0,0,0,0,0,0,0,0,0,0,0,0,0,0,0
contig_17059,0,0,0,1739,1159,465,0,0,0,0,0,0,0,0,0,0,0,0,0,0,0,0,0,0,0,0,0,0,0,0,0,0,0,0,0,0,0,1470,0,0,0,0,0,0,0,0,0,0,0,0,0,0,0,0,0,0,0,0,0,0,0,0,0,0,0,0,298,0,0,0,0,0,0,0,0,0,0,0,0,0,135,0,0,0,0,0,684,0,0,0,0,0
contig_17092,0,0,0,1574,0,4193,0,0,0,0,0,0,0,0,0,0,806,0,0,0,0,538,0,0,0,0,0,0,307,5463,1490,134,0,0,473,0,0,0,0,355,0,0,44,0,0,0,5706,3797,10462,3956,0,0,0,0,0,203,2095,0,0,0,10499,4905,0,0,0,0,0,0,0,0,413,0,0,4365,0,0,117,0,0,0,0,0,0,0,0,0,0,0,404,0,0,0
contig_171,0,0,0,0,0,0,0,0,0,0,0,0,0,0,0,0,0,0,0,0,0,282,0,1037,51,5465,3876,0,0,0,0,0,0,0,0,0,0,0,0,0,0,0,0,0,0,0,0,0,0,0,0,0,0,0,0,0,0,0,0,0,0,0,0,0,0,0,0,0,0,0,0,0,0,0,0,0,0,0,0,0,0,0,0,0,0,0,0,0,0,0,0,0
contig_17135,0,0,0,0,0,0,0,0,0,0,0,0,0,0,0,0,1906,0,0,0,0,0,0,0,0,0,0,0,0,0,0,0,0,0,0,0,0,0,0,0,0,0,0,0,0,3170,0,0,0,0,0,0,0,0,0,0,0,0,0,0,0,0,0,0,0,0,0,106,0,0,0,0,0,0,0,0,0,0,0,0,0,0,0,0,0,0,0,0,0,0,0,0
contig_17150,0,165,0,0,0,0,0,0,0,0,0,0,0,0,567,7913,268,0,0,0,0,0,0,0,0,0,0,0,0,0,0,0,0,0,0,0,0,0,0,0,0,0,0,0,0,325,0,0,0,0,0,0,0,0,0,0,227,0,0,0,448,0,0,0,0,0,0,0,0,0,0,0,0,98,0,0,0,0,0,0,0,0,0,0,0,0,0,0,0,0,0,0
contig_17157,0,0,0,0,0,0,0,0,0,0,0,0,0,0,0,0,0,0,0,0,0,138,0,0,0,0,0,0,0,0,0,0,0,0,0,0,0,0,0,0,0,0,0,0,0,0,56,0,0,0,0,0,0,0,0,0,0,0,0,0,0,33,0,0,0,0,0,0,0,0,0,0,0,0,0,0,0,0,0,0,0,0,0,0,0,0,0,0,0,0,0,0
contig_17191,0,0,0,0,0,0,0,0,0,0,0,0,0,0,0,0,0,0,0,0,0,0,0,0,0,0,0,0,0,0,1254,0,0,0,0,0,0,0,0,0,0,0,0,0,0,0,0,3126,0,0,0,0,0,0,0,0,417,0,0,0,0,412,0,0,0,0,0,311,0,0,0,0,0,0,0,0,0,0,0,0,0,0,0,0,0,0,0,0,0,0,0,0
contig_17207,0,553,0,0,0,0,0,0,0,0,0,0,0,0,0,0,0,0,0,0,0,0,0,0,0,0,0,0,0,0,0,0,0,0,0,0,0,0,0,0,0,0,0,0,0,721,0,0,460,0,0,0,0,0,0,0,149,0,0,0,329,125,0,0,0,0,0,0,0,0,0,0,0,362,0,0,0,0,0,0,0,0,0,0,0,0,0,0,0,0,0,0
contig_17219,0,0,0,0,0,0,0,0,0,0,0,0,0,0,0,0,0,0,0,370,0,0,0,0,0,92,0,0,0,0,0,0,0,0,0,0,0,0,390,1241,0,0,0,0,0,0,0,0,0,0,0,0,0,0,0,203,7301,0,0,0,0,0,0,0,0,0,0,11653,83100,0,344,0,0,0,0,0,0,0,0,0,603,0,0,0,0,0,0,0,0,29061,0,0
contig_17258,0,0,0,0,0,0,0,0,0,0,0,0,0,0,0,0,0,0,0,0,0,0,0,0,0,0,0,0,0,0,0,306,810,0,0,0,0,0,0,0,0,0,0,0,0,0,0,0,0,0,0,0,0,0,0,0,0,0,0,0,11420,1546,0,0,0,0,0,0,0,1400,0,0,0,0,0,0,0,0,0,0,0,0,0,0,0,0,0,0,0,0,0,0
contig_17272,0,3633,0,139,0,0,0,0,0,0,0,0,0,0,0,0,0,0,0,0,0,0,0,0,0,0,0,0,0,0,0,0,0,0,0,0,0,0,0,87,0,0,0,0,0,0,0,0,0,79,0,0,0,0,0,0,0,0,0,0,128,0,0,0,0,0,0,2790,0,0,0,0,0,0,0,0,0,0,0,0,0,0,0,0,0,0,0,0,0,0,0,0
contig_17282,0,0,0,0,0,0,0,0,0,0,0,0,0,0,0,1676,191,0,0,0,0,0,0,0,0,0,0,0,0,0,0,0,0,0,0,0,0,0,0,0,0,0,0,0,0,0,0,0,0,0,270,0,0,0,0,0,0,0,385,0,0,0,0,0,0,0,0,158,0,0,0,0,0,0,0,0,0,0,0,0,0,0,0,0,0,0,0,0,0,0,0,0
contig_17287,0,0,0,630,556,0,0,0,0,0,0,0,0,0,0,0,0,0,0,0,0,0,0,0,0,0,0,0,0,0,0,0,0,0,0,0,0,0,0,0,0,0,0,0,0,0,0,0,0,186,292,0,0,0,0,0,0,0,0,0,0,1122,0,0,0,0,710,0,0,0,0,0,0,0,0,0,0,0,0,0,0,0,0,0,0,0,0,0,91,0,0,0
contig_17299,0,0,0,0,0,0,0,0,0,0,0,0,0,0,0,0,0,0,0,0,0,0,0,0,0,0,0,0,0,0,0,0,0,0,0,0,0,212,0,0,0,0,0,0,0,0,0,0,0,0,0,0,0,0,0,0,0,0,0,0,0,0,0,0,0,0,0,0,0,0,0,0,0,0,0,0,0,0,0,0,0,0,0,0,0,0,0,0,0,487,128,0
contig_17314,0,0,0,0,0,0,0,0,0,0,0,0,0,0,0,0,0,0,0,0,0,0,0,0,0,0,0,0,0,165,0,0,0,0,0,0,0,0,26,0,0,0,0,0,0,11138,0,0,0,0,0,0,0,0,0,0,140,0,0,0,0,147,0,0,0,0,0,0,0,0,0,0,0,0,0,0,0,0,0,0,0,0,0,0,0,0,0,0,0,0,0,0
contig_17327,0,0,0,0,0,0,0,0,0,0,0,0,0,0,0,0,0,0,0,0,0,0,0,0,0,0,0,0,0,0,0,0,0,0,0,0,0,0,0,0,0,0,0,0,0,9520,0,0,0,0,0,0,0,0,0,0,2273,0,0,0,4404,334,0,0,0,0,0,0,0,0,0,0,0,0,0,0,0,0,0,0,0,0,0,0,0,0,0,0,0,0,0,0
contig_1739,0,0,0,0,0,0,0,0,0,0,0,0,0,0,0,0,0,0,0,0,0,0,0,0,0,0,0,0,0,0,0,0,0,0,0,0,0,0,0,0,0,0,0,0,0,0,0,0,0,0,0,0,0,0,0,0,0,0,0,0,0,0,0,0,0,0,0,0,0,0,0,0,0,0,0,0,0,0,0,0,0,0,0,0,0,0,0,0,56,1282,191,0
contig_17390,0,0,0,0,0,0,0,0,0,0,0,0,0,0,0,0,0,0,0,0,0,0,0,0,0,0,0,0,0,0,0,0,0,0,0,0,0,0,0,0,0,0,0,0,0,0,0,0,0,0,0,0,0,0,0,0,0,0,0,0,4963,1639,0,0,0,0,0,0,0,653,0,0,0,0,0,0,0,0,0,0,0,0,0,0,0,0,0,0,0,0,0,0
contig_17399,0,0,0,0,0,0,0,0,0,0,0,0,0,0,0,0,0,0,0,0,0,0,0,0,0,0,0,0,0,0,0,0,0,0,0,0,0,0,0,0,0,0,0,0,0,0,0,0,0,0,0,0,0,0,0,0,0,0,28747,8537,0,203,0,0,0,0,0,0,0,0,0,0,0,0,0,0,0,0,0,0,416,0,0,0,0,0,0,0,0,0,0,0
contig_1740,0,0,0,0,0,0,0,0,0,0,0,0,0,0,0,0,0,0,0,0,0,0,0,0,0,0,0,0,0,0,0,0,0,0,0,0,0,1584,0,0,0,0,0,0,0,0,0,0,0,0,0,0,0,0,0,0,0,0,0,0,0,0,0,0,0,0,0,0,0,0,0,0,0,0,0,0,0,0,0,0,0,0,0,0,0,0,0,0,0,13513,1811,0
contig_1742,0,0,0,0,0,0,0,0,0,0,0,0,0,0,0,0,0,0,0,0,0,0,0,0,0,0,0,0,0,0,0,0,0,0,0,0,0,101,0,0,0,0,0,0,0,0,0,0,0,0,0,0,0,0,0,0,0,0,0,0,0,0,0,0,0,0,0,0,0,0,0,0,0,0,0,0,0,0,0,0,0,0,0,0,0,0,0,0,0,600,29,0
contig_1746,0,0,0,0,0,0,0,0,0,0,0,0,0,0,0,0,0,0,0,0,0,0,0,0,0,0,0,0,0,0,0,0,0,0,0,0,0,0,0,0,0,0,0,0,0,0,0,0,0,0,0,0,0,0,0,0,0,0,0,0,0,0,0,0,0,0,0,0,0,0,0,0,0,735,0,0,60,243,0,0,0,0,0,0,0,0,0,0,0,0,0,0
contig_17468,0,12475,0,0,0,0,0,0,0,0,0,0,0,0,0,0,0,0,0,0,0,0,0,0,0,0,0,0,0,960,0,0,0,0,0,0,0,0,0,376,0,0,0,0,0,0,0,346,171,473,3016,0,0,0,0,0,0,0,0,0,233,0,0,0,0,0,0,6853,0,0,0,0,0,0,0,0,0,0,0,0,0,0,0,0,0,0,0,0,0,0,0,0
contig_17474,0,679,1301,0,0,2320,1211,0,0,0,0,0,0,0,0,0,348,0,0,0,0,0,0,0,0,0,0,0,11617,2374,0,166,0,0,0,0,0,0,0,0,0,0,0,0,0,1186,390,0,0,0,0,0,0,0,0,0,0,0,396,1134,5242,892,0,0,0,0,0,0,0,0,0,0,0,379,0,0,0,0,0,0,105,0,0,0,0,0,0,0,0,0,0,0
contig_17492,0,0,0,0,0,452,1500,0,0,0,0,0,0,0,0,262,2203,0,0,0,0,0,0,0,0,0,0,0,8556,1528,0,708,0,0,0,0,0,0,0,306,0,0,0,0,0,696,0,0,0,0,0,0,0,0,0,0,637,0,961,1725,5979,1451,0,0,0,0,326,0,0,0,0,0,0,0,0,0,0,0,0,0,234,0,0,0,0,0,2771,0,0,1307,0,0
contig_17499,0,0,0,0,0,0,0,0,0,0,0,0,0,0,0,0,0,0,0,0,0,0,0,0,0,0,0,0,0,0,0,0,0,0,0,0,0,146,0,0,0,0,0,0,0,0,0,0,0,0,0,0,0,0,0,0,0,0,0,0,0,0,0,0,0,0,0,0,0,0,0,0,0,0,0,0,0,0,0,0,0,0,0,0,0,0,0,0,0,317,63,0
contig_17518,0,0,12975,1795,0,0,0,0,0,0,0,0,0,0,0,0,1178,0,0,0,0,0,0,0,0,0,0,0,14305,10791,1616,0,0,0,0,0,0,0,0,476,0,0,34,0,0,0,6146,4792,11743,4152,118,0,0,0,0,0,2980,0,0,0,29062,6237,0,0,0,0,0,0,0,0,0,0,0,4591,0,0,0,0,0,0,0,0,0,0,0,0,0,0,0,0,0,0
contig_1755,0,0,0,0,0,0,0,0,0,0,0,0,0,0,0,0,0,0,0,0,0,0,0,0,0,0,0,0,0,0,0,2235,0,0,0,0,0,1346,0,0,0,0,0,0,2655,0,0,0,0,0,0,0,0,0,0,0,0,0,0,0,0,0,0,0,0,0,0,0,0,0,0,0,0,0,0,0,0,0,0,0,0,0,0,0,0,0,0,0,76248,0,0,0
contig_17565,0,2437,0,0,0,0,7631,0,0,0,0,0,0,0,0,0,0,0,0,0,0,0,0,0,0,0,0,0,0,1611,0,0,0,0,0,0,0,0,0,986,0,0,0,0,0,0,0,4102,3599,0,637,0,0,717,0,0,972,0,4404,0,19040,928,0,119,0,0,403,982,408,0,0,0,0,3014,0,0,0,0,0,0,0,0,0,0,0,0,6727,0,0,305,0,0
contig_17587,0,1134,0,0,0,0,0,0,0,0,0,0,0,0,0,15701,0,0,0,0,0,0,0,0,0,0,0,1988,0,0,0,0,0,0,0,0,0,0,0,0,0,0,0,0,0,9420,0,1964,0,0,0,0,0,0,0,0,0,0,6133,0,0,260,0,0,0,0,0,1092,0,0,0,0,0,0,0,0,0,0,0,0,0,0,0,0,0,0,0,0,214,0,0,0
contig_17591,0,0,0,0,0,0,0,0,0,0,0,0,0,0,0,0,0,0,0,0,0,0,0,0,0,0,0,0,0,1245,0,0,0,0,0,0,0,0,0,0,0,0,0,0,0,0,0,0,230,0,165,0,0,0,0,0,159,0,0,0,679,130,0,0,0,0,0,500,78,96,0,0,0,0,0,0,0,0,0,0,0,0,0,0,0,0,0,0,0,0,0,0
contig_17595,0,0,0,0,0,0,0,0,0,0,0,0,0,0,0,0,149,0,0,0,0,0,0,0,0,0,0,0,0,0,0,0,0,0,0,0,0,0,0,0,0,0,0,0,0,0,0,0,0,0,0,0,0,0,0,0,0,0,0,0,3474,177,0,0,0,0,0,0,0,0,0,0,0,0,0,0,0,0,0,0,0,0,0,0,0,0,0,0,0,0,0,0
contig_17610,0,0,0,0,0,0,0,0,0,0,0,0,0,0,0,18,0,0,0,0,0,0,0,0,0,0,0,0,0,0,0,0,0,0,0,0,0,0,0,0,0,0,0,0,0,0,0,0,356,0,221,0,0,0,0,0,0,0,0,0,0,0,0,0,0,0,0,1641,0,0,0,0,0,0,0,0,0,0,0,0,0,0,0,0,0,0,0,0,0,0,0,0
contig_1762,0,0,0,0,0,0,0,0,0,0,0,0,0,0,0,0,0,0,0,0,0,0,0,0,0,0,0,0,0,0,0,0,0,0,0,0,0,0,0,130,0,0,0,0,0,0,0,0,0,0,0,0,0,156,0,0,0,0,0,0,0,0,0,0,0,0,27,0,0,0,0,0,0,309,0,0,0,0,0,0,0,0,0,0,0,0,431,0,0,0,0,0
contig_17624,0,0,0,0,0,0,0,0,0,0,0,0,0,0,0,0,0,0,0,0,0,0,0,0,0,0,0,0,0,0,0,0,0,0,0,0,0,35,0,0,0,0,0,0,0,0,0,0,0,0,0,0,0,0,0,0,0,0,0,0,0,0,0,0,0,0,0,0,0,0,0,0,0,0,0,0,0,0,0,0,0,0,0,0,0,0,0,0,0,330,130,0
contig_17629,0,0,0,141,106,0,0,0,0,0,0,0,0,0,0,0,3409,0,0,0,0,0,0,0,0,0,0,0,0,0,0,0,0,0,0,0,0,0,0,0,0,0,0,0,0,0,0,234,319,0,0,0,0,0,0,0,0,0,0,0,0,0,0,0,0,0,0,0,0,0,0,0,0,0,0,0,0,0,0,0,0,0,0,0,0,0,0,0,0,0,0,0
contig_17636,0,0,0,0,0,0,0,0,0,0,0,0,0,0,0,0,0,0,0,0,0,0,0,0,0,0,0,0,0,0,0,0,0,0,0,0,0,0,0,0,0,0,0,0,0,0,0,0,0,0,0,0,0,0,0,0,0,0,0,0,0,0,0,118,46,22,0,0,0,0,0,0,0,0,0,0,0,0,0,0,0,0,0,0,0,0,0,0,0,0,0,0
contig_1764,0,0,0,0,0,0,0,0,0,0,0,0,0,0,0,0,0,0,0,9,0,0,0,0,0,0,0,0,0,0,0,0,0,0,0,0,0,0,0,0,0,0,0,0,0,77,0,0,0,0,0,0,10,21,0,0,57,0,0,0,0,0,0,0,0,0,0,0,0,0,0,0,0,48,0,0,0,0,0,0,0,0,0,0,0,0,26,0,0,53,0,0
contig_17653,0,0,48,110,117,1093,0,0,0,0,0,0,0,74,0,0,0,0,0,0,0,0,0,0,0,0,0,0,0,1135,307,0,0,0,0,0,0,374,0,152,0,0,0,0,0,0,0,256,0,0,0,0,0,0,0,0,0,0,0,0,0,7047,0,0,0,0,0,0,0,60,0,0,815,0,0,0,0,0,0,0,0,0,0,0,0,0,0,0,0,0,0,0
contig_17658,0,0,0,0,0,0,0,0,0,0,0,0,0,0,0,0,0,0,0,0,0,0,0,0,0,0,0,0,0,0,0,191,2491,0,0,0,0,0,0,0,0,0,0,0,0,0,0,727,538,0,0,0,0,0,0,0,0,0,0,0,0,212,0,0,0,0,0,415,897,0,0,0,0,0,0,0,0,0,0,0,0,0,0,0,0,0,0,0,0,0,0,0
contig_1766,1531,1694,0,0,0,0,0,0,0,0,0,0,0,0,4760,126887,3125,0,0,36,0,0,0,0,0,0,0,137,0,56,0,0,0,0,0,0,0,0,0,0,0,29,0,0,0,11671,0,0,0,0,0,57,0,195,0,91,12824,60,2140,0,356,244,0,760,0,0,0,0,0,0,0,0,0,3704,0,0,0,0,0,0,0,0,0,0,0,0,612,0,41,1026,0,0
contig_17663,0,0,0,0,0,0,0,0,0,0,0,0,0,0,0,0,0,0,0,0,0,0,0,0,0,0,0,0,0,0,0,0,0,0,0,0,0,349,0,0,0,0,0,0,0,0,0,0,0,0,0,0,0,0,0,0,0,0,0,0,0,0,0,0,0,0,0,0,0,0,0,0,0,0,0,0,0,0,0,0,0,0,0,0,0,0,0,0,0,267,28,0
contig_17681,0,0,0,229,0,0,4982,0,0,0,0,0,0,0,0,0,0,0,0,0,0,0,0,0,0,0,0,0,0,365,96,0,0,0,0,0,0,0,0,0,0,0,0,0,0,0,0,1192,1124,1191,1898,0,0,0,0,0,338,0,0,0,4184,673,0,555,0,0,0,75,0,0,0,0,0,1933,0,0,0,0,0,0,0,0,0,0,0,0,0,0,79,0,0,0
contig_17694,0,4352,10327,1341,2145,2907,2794,0,0,0,0,0,0,0,19511,4269,14517,0,0,0,0,200,0,0,0,283,0,0,2423,3385,0,822,3175,0,0,0,0,0,0,0,0,0,0,0,0,1007,7580,1935,7714,5012,0,0,0,0,0,804,2096,0,5641,2918,11951,1379,0,585,2356,0,0,1274,9776,0,0,0,0,12376,0,0,0,0,0,0,229,0,0,0,0,0,11257,0,170,3947,0,0
contig_17708,0,0,0,0,0,0,0,0,0,0,0,0,0,0,0,0,366,0,0,0,0,0,0,0,0,0,0,0,0,154,0,645,0,0,0,0,0,0,0,0,0,0,0,0,0,0,0,0,0,0,0,0,0,0,0,0,202,0,0,696,0,0,0,0,0,0,0,117,0,0,0,0,0,0,0,0,0,0,0,0,0,0,0,0,0,0,0,0,0,0,0,0
contig_17714,0,0,0,0,0,0,0,0,0,0,0,0,0,0,0,0,0,0,0,0,0,0,0,0,0,0,0,0,0,0,0,0,0,0,0,0,0,0,0,0,0,0,0,0,0,0,0,0,0,0,0,0,0,0,0,0,0,0,0,0,0,0,0,0,0,0,0,0,0,0,0,0,0,0,0,0,0,0,0,0,0,0,0,0,0,0,0,0,71,522,122,0
contig_17718,0,0,0,0,0,0,0,0,0,0,0,0,0,0,0,0,0,0,0,0,0,0,0,0,0,0,0,0,0,193,0,0,0,0,0,0,0,0,0,0,0,0,0,0,0,0,0,1005,0,0,669,0,0,159,0,0,109,0,0,0,14306,2259,0,0,0,0,0,0,0,0,0,0,0,0,0,0,0,0,0,0,0,0,0,0,0,0,0,0,63,192,0,0
contig_17729,0,0,0,0,0,0,0,0,0,0,0,0,0,0,0,0,0,0,0,315,0,0,0,0,36,0,0,0,0,0,0,0,0,0,1312,0,0,0,0,0,0,0,45,0,545,0,0,0,1178,0,0,131,35734,31377,0,0,0,2631,0,0,0,0,1005,0,0,0,0,285,2022,0,0,0,0,0,0,0,0,0,0,0,0,0,0,0,0,0,7698,0,282,20678,215,0
contig_17733,0,0,0,737,0,0,0,0,0,0,0,0,0,0,0,0,0,0,0,0,0,115,0,0,0,0,0,0,0,0,0,0,0,0,0,0,0,0,0,0,0,0,0,0,0,0,1244,2944,8573,3270,0,0,0,0,0,0,0,0,0,0,0,1350,0,0,0,0,0,230,0,0,0,0,0,0,0,0,0,0,0,0,0,0,0,0,0,0,0,0,0,0,0,0
contig_17764,0,0,0,0,0,0,0,0,0,0,0,0,0,0,0,0,0,0,0,0,0,0,0,0,0,0,0,0,0,0,0,0,0,0,0,0,0,0,0,0,0,0,0,0,0,0,0,96,168,0,394,0,0,664,0,0,0,0,0,0,3104,476,0,58,0,0,0,239,84,0,0,0,0,260,0,0,0,0,0,0,0,0,0,0,0,0,0,0,0,72,0,0
contig_17797,0,0,0,0,0,0,0,0,0,0,0,0,0,0,0,0,93,0,0,0,0,0,0,0,0,0,0,0,0,0,0,0,0,0,0,0,0,0,0,0,0,0,0,0,0,0,0,0,100,62,0,0,0,0,0,0,0,0,0,0,252,75,0,0,0,0,0,38,52,0,0,0,0,0,0,0,0,0,0,0,0,0,0,0,0,0,0,0,0,0,0,0
contig_17800,0,0,0,919,719,144,0,0,0,0,0,0,0,0,0,0,0,0,0,0,0,0,0,0,0,0,0,0,0,673,0,87,0,0,0,0,0,0,0,0,0,0,0,0,0,0,0,1719,561,706,926,78,0,0,0,0,0,0,0,0,4882,575,0,0,0,0,358,2053,0,0,457,0,0,2345,0,0,0,0,0,0,0,0,0,0,0,0,12331,0,97,0,0,0
contig_17804,0,0,0,0,0,0,0,0,0,0,0,0,0,0,0,0,1454,0,0,0,0,0,0,0,0,0,0,0,0,2468,0,440,0,0,0,0,0,0,0,0,0,0,0,0,0,0,0,1558,1277,586,511,0,0,0,0,0,99,0,0,0,47288,0,0,0,0,0,0,0,0,0,0,0,0,0,0,0,0,0,0,0,0,0,0,0,0,0,0,0,0,0,0,0
contig_17832,0,0,0,0,0,0,0,0,0,0,0,0,0,0,0,0,0,0,0,0,0,0,0,0,0,0,0,0,0,0,0,0,0,0,0,0,0,0,0,0,0,0,0,0,0,0,0,0,0,0,0,0,0,0,0,0,0,0,0,0,0,0,0,0,0,0,283,0,0,0,0,0,40,691,0,0,0,0,0,0,0,0,0,0,0,0,0,0,0,0,0,0
contig_17839,0,0,0,0,0,0,0,0,0,0,0,0,0,0,0,0,0,0,0,0,0,0,0,0,0,0,0,0,0,842,0,0,0,0,0,0,0,0,0,0,0,0,0,0,0,0,0,0,0,0,0,0,0,0,0,0,0,0,0,0,0,0,0,0,0,0,0,93,243,0,0,0,0,0,0,0,0,0,0,0,0,0,0,0,0,0,0,0,0,1020,0,0
contig_17882,0,0,0,0,0,0,0,0,0,0,0,0,0,0,0,0,0,0,0,0,0,0,0,0,0,0,0,0,0,0,0,0,0,0,0,0,0,0,0,0,0,0,0,0,0,0,0,457,596,0,871,0,0,0,0,0,0,0,0,0,0,653,0,0,0,0,0,415,0,0,0,0,0,1013,0,0,0,0,0,0,0,0,0,0,0,0,0,0,0,0,0,0
contig_17906,0,0,3606,2902,3992,3063,0,0,0,0,692,0,0,0,0,0,8971,0,0,0,0,408,0,0,0,0,0,0,0,6499,3369,928,0,0,0,0,0,5169,0,1062,0,0,15732,0,0,0,0,5270,8169,0,2908,621,0,0,0,0,0,2571,0,0,0,9307,0,0,0,0,0,0,0,1733,1227,0,441,0,0,0,98,0,0,0,0,0,0,0,0,0,0,0,228,0,0,0
contig_17919,0,0,0,0,0,0,0,0,0,0,0,0,0,0,0,0,0,0,0,0,0,0,0,0,0,0,0,0,0,0,0,0,0,0,0,0,0,0,0,0,0,0,0,0,0,0,0,93,260,0,0,0,0,0,0,0,0,0,0,0,1129,146,0,0,0,0,0,126,203,0,0,0,0,0,0,0,0,0,0,0,0,0,0,0,0,0,0,0,0,0,0,0
contig_17976,0,0,0,0,0,0,0,0,0,0,0,0,0,0,0,0,0,0,0,0,0,0,0,0,0,0,0,0,0,0,0,0,0,0,0,0,0,0,0,0,0,0,0,0,0,0,0,415,0,0,2059,0,0,0,0,0,0,0,0,0,0,149,0,0,0,0,0,8032,0,0,0,0,0,0,0,0,0,0,0,0,0,0,0,0,0,0,0,0,0,0,0,0
contig_17979,0,734,511,600,0,652,0,0,0,0,0,0,0,0,36756,0,7166,0,0,0,0,0,0,0,0,0,0,0,1081,2837,0,0,0,0,0,0,0,0,479,0,0,0,0,0,0,0,0,760,4528,0,733,0,0,0,0,0,1199,0,8823,990,15632,759,0,496,0,0,0,1067,7061,1426,0,0,0,10840,0,0,0,0,0,0,191,0,0,0,0,0,7039,0,0,2467,0,0
contig_18,0,0,0,0,0,0,0,0,0,0,0,0,0,0,0,0,0,0,0,0,0,0,0,0,0,0,0,0,0,0,0,19,168,214,55,51,0,341,0,0,0,0,0,0,0,0,0,0,0,0,0,0,0,0,0,0,0,0,0,0,0,0,0,0,0,0,0,0,0,0,0,0,0,159,0,0,0,0,0,0,0,0,0,0,0,0,0,0,0,31,0,0
contig_18002,0,0,0,0,0,0,0,0,0,0,0,0,0,0,0,0,0,0,0,0,0,0,0,0,0,0,0,0,0,593,0,0,311,0,0,0,0,0,0,0,0,0,0,0,0,0,873,139,4230,610,0,0,0,0,0,0,0,0,0,0,53,0,0,0,0,0,0,522,525,0,95,0,475,153,0,0,0,0,0,0,0,0,0,0,0,0,0,0,0,0,0,0
contig_18007,0,0,0,138,0,0,0,0,0,0,0,0,0,0,0,0,0,0,0,0,0,0,0,0,0,0,0,0,0,0,0,0,0,0,0,0,0,0,0,0,0,0,0,0,0,0,0,488,0,0,0,0,0,0,0,0,0,0,0,0,0,314,0,0,0,0,0,279,0,0,0,0,0,280,0,0,0,0,0,0,0,0,0,0,0,0,0,0,0,0,0,0
contig_18019,0,0,0,0,0,0,912,0,0,0,0,0,0,0,0,0,0,0,0,0,0,0,0,0,0,0,0,0,0,0,0,0,0,0,0,0,0,0,0,0,0,0,0,0,0,0,0,0,0,0,0,0,0,0,0,0,0,0,0,0,5037,651,0,0,0,0,0,0,0,0,0,0,0,0,0,0,0,0,0,0,0,0,0,0,0,0,0,0,0,0,0,0
contig_18020,0,0,0,0,0,0,0,0,0,0,0,0,0,0,0,0,2088,0,0,0,0,0,0,0,0,0,0,0,0,2322,0,0,1836,0,0,0,0,0,0,0,0,0,0,0,0,0,0,0,2895,906,3162,2263,0,0,0,0,0,0,0,0,0,0,294,0,0,0,0,488,0,0,0,0,0,2829,0,0,0,0,0,0,0,0,0,0,0,0,11266,0,0,4456,0,0
contig_18036,0,0,0,0,0,0,0,0,0,0,0,0,0,0,0,0,0,0,0,0,0,0,0,0,0,0,0,0,0,0,0,0,0,0,0,0,0,0,0,0,0,0,0,0,0,0,0,0,686,989,2589,0,0,0,0,0,0,0,0,0,2280,539,0,0,0,0,0,0,0,0,0,0,0,565,0,0,0,0,0,0,0,0,0,0,0,0,0,0,0,0,0,0
contig_18060,0,0,0,0,0,0,0,0,0,0,0,0,0,0,0,0,0,0,0,0,0,0,0,0,0,0,0,0,0,0,0,0,0,0,0,0,0,0,0,0,0,0,0,0,0,0,0,0,0,2572,0,0,0,0,0,0,0,0,0,0,1606,249,0,0,0,0,0,1662,0,0,0,0,0,0,0,0,0,0,0,0,0,0,0,0,0,0,0,0,0,0,0,0
contig_18076,0,0,0,0,0,0,0,0,0,0,0,0,0,0,0,0,0,0,0,208,0,0,0,0,0,0,0,0,0,0,0,0,0,0,0,0,0,0,0,0,0,0,0,0,577,0,0,0,0,0,0,0,5040,3380,0,0,0,0,0,0,0,0,0,0,0,0,0,0,0,0,0,0,0,0,0,0,0,0,0,0,0,0,0,0,0,0,0,0,77,4904,0,0
contig_18081,0,0,0,0,0,0,0,0,0,0,0,0,0,0,0,0,0,0,0,0,0,0,0,0,0,0,0,0,0,0,0,0,0,0,0,0,0,0,0,0,0,0,0,0,0,0,0,0,134,67,1079,0,0,0,0,0,176,0,0,0,0,0,0,0,0,0,0,10352,0,0,0,0,0,0,0,0,0,0,0,0,0,0,0,0,0,0,0,0,0,0,0,0
contig_18106,0,0,0,996,0,0,0,0,0,0,0,0,0,0,0,0,0,0,0,0,0,0,0,0,0,0,0,0,0,0,0,0,0,0,0,0,0,660,0,0,0,0,215,0,0,0,0,0,0,0,0,0,0,0,0,0,0,0,0,0,0,0,0,0,0,0,0,0,0,0,0,0,0,0,0,0,0,0,0,0,0,0,0,0,0,0,0,0,0,0,0,0
contig_18130,0,0,0,0,0,0,0,0,0,0,0,0,0,0,0,0,0,0,0,0,0,0,0,0,0,0,0,0,0,0,0,213,4167,0,0,0,0,0,0,0,0,0,1446,0,1655,0,0,0,2275,183,3326,428,0,0,0,0,0,0,0,0,0,0,0,0,0,0,0,0,0,0,0,0,0,0,0,0,0,0,0,0,0,0,0,0,0,0,1875,0,0,572,0,0
contig_18131,0,0,0,0,0,0,0,0,0,0,0,0,0,0,0,0,1746,174,0,0,0,0,0,0,0,0,0,0,0,0,0,0,0,0,0,0,0,0,0,0,0,0,0,0,27,0,0,0,0,0,0,0,0,0,0,0,0,0,0,0,0,0,0,0,0,0,0,0,0,0,0,0,0,0,0,0,0,0,0,0,0,0,0,0,0,0,0,0,55,235,0,0
contig_18147,0,0,0,0,0,0,0,0,0,0,0,0,0,0,0,0,0,0,0,0,0,0,0,0,0,0,0,0,472,0,0,0,0,0,0,0,0,182,0,0,0,0,0,0,0,0,0,0,0,0,0,0,0,0,0,0,0,0,0,0,0,933,0,0,0,0,0,0,0,0,0,0,0,0,0,0,0,0,0,0,0,0,0,0,0,0,0,0,103,0,0,0
contig_18150,0,0,0,0,0,0,0,0,0,0,0,0,0,0,0,0,0,0,0,0,0,0,0,0,0,0,0,0,0,0,0,0,0,0,0,0,0,0,0,0,0,0,0,0,0,0,0,0,240,0,342,0,0,0,0,0,0,0,0,0,0,885,0,0,0,0,0,0,0,0,0,0,0,0,0,0,0,0,0,0,0,0,0,0,0,0,540,0,0,0,0,0
contig_18155,0,0,0,491,658,233,0,0,0,0,0,0,0,0,0,0,0,0,0,0,0,0,0,0,0,0,0,0,0,0,478,0,0,0,0,0,0,924,0,0,0,0,0,0,0,0,0,0,2970,4260,7732,409,0,0,0,0,4365,0,0,0,0,5907,159,0,0,0,2879,0,0,0,0,193,0,0,0,0,0,0,0,0,0,0,0,0,0,0,510,0,0,0,0,0
contig_18164,0,0,0,0,0,0,0,0,0,0,0,0,0,0,0,0,75,0,0,0,0,0,0,0,0,0,0,0,0,0,0,195,0,0,0,0,0,0,0,59,0,0,0,0,0,30,28,0,0,0,31,0,0,49,0,0,109,0,231,0,46,133,0,0,0,0,16,0,28,0,0,0,0,268,0,0,0,0,0,0,0,0,0,0,0,0,406,0,0,0,0,0
contig_18172,0,0,4270,786,0,0,0,0,0,0,0,0,0,0,13412,0,3565,0,0,0,0,795,0,0,0,78,0,0,619,7391,908,0,0,0,0,0,0,0,0,252,0,0,0,0,0,0,1128,1676,3042,7107,1358,0,0,0,0,0,1320,0,0,0,3837,0,0,0,1048,0,0,0,0,0,0,0,0,0,0,0,0,0,0,0,0,0,0,0,0,0,0,0,0,0,0,0
contig_18204,0,0,0,0,0,0,0,0,0,0,0,0,0,0,0,0,0,0,0,0,0,0,0,0,0,0,0,0,0,0,0,0,0,0,0,0,0,0,0,0,0,0,0,0,0,0,0,764,0,0,2622,0,0,0,0,0,0,0,0,0,0,245,0,0,0,0,0,0,0,0,0,0,0,0,0,0,0,0,0,0,0,0,0,0,0,0,0,0,0,0,0,0
contig_18206,0,0,0,0,0,0,0,0,0,0,0,0,0,0,0,0,132,0,0,0,0,0,0,0,0,0,0,0,0,0,0,0,0,0,0,0,0,0,0,0,0,0,0,0,0,5725,0,0,122,0,0,0,0,0,0,0,0,0,1819,0,4804,212,0,0,0,0,0,197,121,0,0,0,0,0,0,0,0,0,0,0,0,0,0,0,0,0,0,0,0,0,0,0
contig_18217,0,0,0,0,0,0,0,0,0,0,0,0,0,0,10378,0,0,0,0,0,0,0,0,0,0,0,0,0,0,0,0,0,0,0,0,0,0,0,0,0,0,0,0,0,0,0,0,0,0,0,0,0,0,0,0,0,505,0,0,0,0,0,0,0,0,0,0,0,0,0,0,0,0,1365,0,0,0,0,0,0,0,0,0,0,0,0,0,0,0,0,0,0
contig_18229,0,3444,5430,0,0,1591,7283,0,0,0,0,0,0,0,14212,0,3014,0,0,0,0,0,0,0,0,0,0,0,2323,2909,0,959,0,0,0,0,0,0,0,2358,0,0,0,0,0,0,0,3428,0,0,5907,0,0,0,985,2773,3715,0,0,3694,8524,2483,0,0,0,0,0,945,0,0,0,0,0,13484,0,0,0,0,0,0,761,0,0,0,0,0,30982,0,0,4640,0,0
contig_1824,0,0,0,2152,1632,0,0,0,0,0,0,0,0,0,0,0,95,0,0,0,0,0,0,0,0,0,0,0,570,681,0,0,0,0,0,0,0,0,0,0,0,0,2686,0,25,0,0,0,0,0,540,133,0,0,0,0,0,0,0,0,0,0,28,0,0,0,0,3675,0,0,0,0,0,0,0,0,0,0,0,0,0,0,0,0,0,0,0,0,3742,0,0,0
contig_18243,0,0,0,0,0,0,0,0,0,0,0,0,0,0,0,0,0,53,0,0,0,0,0,0,0,0,0,0,0,0,0,0,0,0,0,0,0,0,0,0,0,0,96,0,3751,0,0,0,0,0,0,0,0,0,0,0,0,0,0,0,0,0,0,0,0,0,0,0,0,0,0,0,0,0,0,0,0,0,0,0,0,0,0,0,0,0,0,0,35,0,0,0
contig_18250,0,0,0,0,0,0,0,0,0,0,0,0,0,0,0,0,0,0,0,0,0,0,0,0,0,0,0,0,0,0,0,0,0,0,0,0,0,0,0,0,0,0,0,0,0,0,0,0,0,0,0,0,6129,427,0,0,0,0,0,0,0,136,0,0,0,0,0,0,0,0,0,0,0,0,0,0,0,0,0,87,0,0,0,0,0,0,0,0,0,0,0,0
contig_18256,0,0,0,0,0,0,0,0,0,0,0,0,0,0,0,0,668,0,0,0,0,0,0,0,0,0,0,0,0,0,0,0,0,0,0,0,0,0,0,0,0,0,0,0,0,0,0,0,0,0,1262,0,0,0,0,0,0,0,0,0,0,350,0,0,0,0,0,0,0,0,0,0,0,0,0,0,0,0,0,0,0,0,0,0,0,0,0,0,0,0,0,0
contig_18263,0,0,0,0,0,0,2135,0,0,0,0,0,0,0,0,0,0,0,0,0,0,0,0,0,0,0,0,0,0,1133,0,0,0,0,0,0,0,0,0,0,0,0,0,0,0,0,0,0,427,0,1463,0,0,0,0,0,5358,0,0,0,0,0,0,0,0,0,0,104,0,0,0,0,0,0,0,0,0,0,0,0,0,0,0,0,0,0,0,0,0,128,0,0
contig_18268,0,0,0,0,0,0,0,0,0,0,0,0,0,0,0,0,1703,0,0,0,0,0,0,0,0,0,0,0,61,170,0,0,0,0,0,0,0,0,0,0,0,0,0,0,0,0,0,0,241,123,145,0,0,0,0,0,81,0,0,0,208,274,0,0,0,0,0,60,0,0,0,0,0,0,0,0,0,0,0,0,0,0,0,0,0,0,0,0,0,0,0,0
contig_18271,0,0,0,0,0,0,0,0,0,0,0,0,0,0,0,5224,1671,0,0,0,0,0,0,0,0,0,0,0,0,0,0,0,0,0,0,0,0,0,0,0,0,0,0,0,0,0,0,824,0,543,266,0,0,0,0,0,0,0,0,0,1425,225,0,0,0,0,0,93,0,0,0,0,0,0,0,0,0,0,0,0,0,0,0,0,0,0,0,0,0,0,0,0
contig_18280,0,0,0,0,0,0,0,0,0,0,0,0,0,0,0,0,0,0,0,0,0,0,0,0,0,0,0,0,0,0,0,0,0,0,0,0,0,0,0,0,0,0,0,0,0,0,0,0,0,0,0,0,0,1521,0,0,136,0,0,729,0,1043,0,0,0,0,0,0,0,0,0,0,0,0,0,0,0,0,0,0,0,0,0,0,0,0,0,0,0,0,0,0
contig_18304,0,1180,0,0,0,0,0,0,0,0,0,0,0,0,0,12424,900,0,0,0,0,0,0,0,0,0,0,0,7999,7958,0,0,0,0,0,0,0,0,0,494,0,0,0,0,0,1948,0,0,0,0,0,0,0,0,0,0,142,0,495,4228,20732,323,0,0,0,0,0,0,0,0,0,0,0,0,0,0,0,0,0,0,0,0,0,0,0,0,1565,0,315,0,0,0
contig_18317,0,0,0,0,0,0,0,0,0,0,0,0,0,0,0,0,2822,0,0,0,0,0,0,0,0,0,0,0,0,0,0,0,0,0,0,0,0,0,0,0,0,0,0,0,0,0,0,0,0,673,837,0,0,0,0,0,0,0,0,0,14813,494,0,0,0,0,0,0,0,0,0,0,0,0,0,0,0,0,0,0,0,0,0,0,0,0,0,0,0,0,0,0
contig_18332,0,0,0,0,0,0,14,0,0,0,0,0,0,0,0,0,68,0,0,0,0,0,0,0,0,0,0,0,41,13,0,69,0,0,0,0,0,0,0,41,0,11,0,0,0,32,0,0,15,0,0,0,0,0,0,0,75,0,58,256,0,105,0,0,0,0,0,0,0,0,0,0,0,0,0,0,0,0,0,0,0,0,0,0,0,0,96,0,0,0,0,0
contig_18362,0,0,0,0,0,0,0,0,0,0,0,0,0,0,2076,0,986,0,0,0,0,0,0,0,0,0,0,0,0,1331,0,0,0,0,0,0,0,0,0,147,0,0,0,0,0,358,0,0,231,0,0,0,0,0,0,0,0,0,0,0,261,155,0,0,0,0,0,124,0,0,0,0,0,0,0,0,0,0,0,0,0,0,0,0,0,0,0,0,0,0,0,0
contig_18364,0,0,0,0,0,0,103,0,0,0,33,0,0,0,0,0,0,0,0,0,0,38,0,0,0,0,0,0,0,0,0,248,3512,0,0,0,0,0,0,0,0,85,179,0,332,0,98,0,3169,451,4979,708,0,0,0,0,0,0,0,0,0,0,0,0,0,0,0,0,0,0,0,0,0,0,0,0,0,0,0,0,0,0,0,0,0,0,35533,0,139,2670,0,0
contig_18390,0,1207,0,0,0,0,0,0,0,0,0,0,0,0,0,0,0,0,0,0,0,0,0,0,0,0,0,0,101,231,0,0,0,0,0,0,0,0,0,0,0,0,0,0,0,1469,0,212,0,126,172,0,0,0,0,0,100,0,0,702,2140,734,0,0,0,0,0,850,105,0,0,0,0,0,0,0,0,0,0,0,0,0,0,0,0,0,0,0,0,577,0,0
contig_18405,0,0,0,0,0,0,0,0,0,0,0,0,0,0,0,481,0,0,0,0,0,0,0,0,0,0,0,0,0,0,0,0,0,0,0,0,0,0,0,0,0,0,0,0,0,0,0,1249,977,2781,472,0,0,0,0,0,0,0,0,0,3820,253,0,0,0,0,0,1873,0,0,0,0,0,0,0,0,0,0,0,0,0,0,0,0,0,0,0,0,0,0,0,0
contig_18418,0,0,0,0,0,0,0,0,0,0,0,0,0,0,0,0,0,0,0,0,0,0,0,0,0,0,0,0,0,0,0,0,0,0,0,0,0,0,0,0,0,0,0,0,560,0,0,0,0,0,0,0,0,2792,0,0,0,0,0,0,0,0,0,0,0,0,0,0,0,0,0,0,0,0,0,0,0,0,0,0,0,0,0,0,0,0,5506,0,0,7967,0,0
contig_185,0,0,0,0,0,0,0,0,0,0,0,0,0,0,0,0,0,0,0,0,3138,1396,0,5427,249,13771,36275,0,0,0,0,0,0,0,0,0,0,0,0,0,0,0,0,0,0,0,0,0,0,0,0,0,0,0,0,0,0,0,0,0,0,0,0,0,0,0,0,0,0,0,0,0,0,0,0,0,0,0,0,0,0,0,0,0,0,0,0,0,0,0,0,0
contig_18509,0,0,0,0,0,0,0,0,0,0,0,0,0,0,0,0,0,0,0,0,0,0,0,0,0,0,0,0,0,0,0,0,539,0,0,0,0,269,0,0,0,0,0,0,0,0,0,1435,1133,703,2632,0,0,0,0,0,0,0,0,0,0,0,0,0,0,0,0,0,0,0,0,0,0,0,0,0,0,0,0,0,0,0,0,0,0,0,0,0,0,0,0,0
contig_18521,0,0,0,0,0,0,0,0,0,0,0,0,0,0,0,108,186,0,0,0,0,0,0,0,0,0,0,0,472,542,0,0,0,0,0,0,0,0,0,0,0,0,0,0,0,0,0,0,0,0,0,0,0,0,0,0,0,0,0,0,474,0,0,0,0,0,0,0,0,0,0,0,0,0,0,0,0,0,0,0,0,0,0,0,0,0,0,0,0,0,0,0
contig_18529,0,0,0,0,0,0,0,0,0,0,0,0,0,0,0,0,0,0,0,0,0,0,0,0,0,0,0,0,0,0,0,0,0,0,0,0,0,21,0,0,0,0,0,0,0,0,0,0,0,0,0,0,0,0,0,0,0,0,0,0,0,0,0,0,0,0,0,0,0,0,0,0,0,0,0,0,0,0,0,0,0,0,0,0,0,0,0,0,0,167,21,0
contig_18532,0,0,0,0,0,0,0,0,0,0,0,0,0,0,0,0,0,0,0,0,0,0,0,0,0,0,0,0,0,0,0,431,467,0,0,0,0,0,0,0,0,0,0,0,0,0,0,71,497,0,0,0,0,0,0,0,116,0,0,0,0,522,0,0,0,0,0,134,0,0,0,0,0,0,0,0,0,0,0,0,0,0,0,0,0,0,0,0,0,0,0,0
contig_18575,0,0,0,0,0,0,0,0,0,0,0,0,0,30,0,0,301,91,0,55,0,0,0,0,0,0,0,0,0,468,0,0,0,0,930,0,0,0,0,0,0,0,0,0,95,0,0,0,2527,903,0,72,0,0,0,0,0,0,0,0,0,0,179,0,0,0,0,0,0,0,0,0,0,815,0,0,0,0,0,0,0,0,0,0,0,0,45049,0,29,4974,0,0
contig_18608,0,0,0,0,0,0,0,0,0,0,0,0,0,0,0,513,100,0,0,0,0,0,0,0,0,0,0,0,0,320,0,0,2286,0,0,0,0,0,0,0,0,0,0,0,0,1967,1255,4584,461,0,0,0,0,0,0,0,0,0,79,0,67,1579,0,997,5059,0,0,3574,0,0,0,0,0,0,0,0,0,0,0,0,0,0,0,0,0,0,2332,0,0,286,0,0
contig_18631,0,3696,0,0,0,0,0,0,0,0,0,0,0,0,0,0,0,0,0,0,0,0,0,0,0,0,0,238,0,0,0,0,0,0,0,0,0,0,0,0,0,0,0,0,0,215,0,0,0,0,0,0,0,0,0,0,0,0,0,0,0,125,0,0,0,0,0,0,0,0,0,0,0,0,0,0,0,0,0,0,0,0,0,0,0,0,0,0,0,0,0,0
contig_18635,0,0,0,0,0,0,608,0,0,0,0,0,0,0,564,0,0,0,0,0,0,0,0,0,0,0,0,0,659,1347,0,0,0,0,0,0,0,0,0,0,0,0,0,0,0,395,0,0,0,0,0,0,0,0,0,0,0,0,0,2269,2497,0,0,0,0,0,0,0,0,0,0,0,0,0,0,0,0,0,0,0,113,0,0,0,0,0,0,0,0,0,0,0
contig_18638,0,0,0,0,0,0,0,0,0,0,0,0,0,0,0,0,0,0,0,0,0,0,0,0,0,0,0,0,0,0,0,593,0,0,0,0,0,0,0,0,0,0,0,0,0,0,0,0,0,0,0,0,0,0,0,0,0,0,3262,0,0,0,0,0,0,0,0,0,0,0,0,0,0,511,0,0,0,0,0,0,0,0,0,0,0,0,0,0,0,369,0,0
contig_18640,0,0,0,0,0,0,0,0,0,0,0,0,0,0,0,0,0,0,0,0,0,0,0,0,0,0,0,0,0,0,0,0,0,0,0,0,0,0,0,0,0,0,0,0,0,0,0,2713,126,0,996,0,0,0,0,0,0,0,0,0,0,231,0,0,0,0,0,326,107,0,0,0,0,390,0,0,0,0,0,0,0,0,0,0,0,0,0,0,42,74,0,0
contig_18653,0,0,0,0,0,0,0,0,0,0,0,0,0,0,0,0,2371,0,0,0,0,0,0,0,0,0,0,0,0,4844,0,0,0,0,0,0,0,0,0,0,0,0,0,0,0,0,0,0,1042,0,243,0,0,0,0,0,0,0,0,0,0,868,0,0,0,0,0,0,0,0,0,0,0,0,0,0,0,0,0,0,0,0,0,0,0,0,0,0,0,423,0,0
contig_18724,0,5664,1239,0,0,469,822,0,0,0,0,0,0,0,287,0,0,0,0,0,0,0,0,0,0,0,0,0,0,0,0,0,0,0,0,0,0,0,0,0,0,0,0,0,0,0,0,0,0,0,0,0,0,0,0,0,545,0,0,0,1384,0,0,0,0,0,0,0,0,0,0,0,0,0,0,0,0,0,0,0,0,0,0,0,0,0,0,0,0,0,0,0
contig_18768,0,0,0,0,0,0,0,0,0,0,0,0,0,0,0,0,0,0,0,0,0,0,0,0,0,0,0,0,0,0,0,0,0,0,0,0,0,0,0,0,0,0,0,0,0,0,0,1554,433,0,0,0,0,0,0,0,0,0,0,0,6075,0,0,0,0,0,0,0,0,0,0,0,0,0,0,0,0,0,0,0,0,0,0,0,0,0,0,0,0,0,0,0
contig_18773,0,0,0,2306,2599,0,0,0,0,0,0,0,0,0,0,0,3570,0,0,0,0,270,0,0,0,0,0,0,0,0,0,0,0,0,0,0,0,1905,0,0,0,0,0,0,0,0,0,2788,6542,9406,0,0,0,0,0,0,2367,0,0,0,4705,1900,0,0,0,0,0,0,4765,0,0,0,0,7969,0,2107,0,0,0,0,0,0,0,0,0,0,4822,0,0,1010,0,0
contig_18781,0,0,0,0,0,0,0,0,0,0,0,0,0,0,0,0,0,0,0,0,0,0,0,0,0,0,0,0,0,0,0,0,0,0,0,0,0,0,0,0,0,0,0,0,0,0,0,2051,0,0,394,0,0,0,0,0,0,0,0,0,0,197,0,0,0,0,0,144,0,0,0,0,0,0,0,0,0,0,0,0,0,0,0,0,0,0,0,0,0,0,0,0
contig_18788,0,0,0,0,0,0,0,0,0,0,0,0,0,0,0,8916,0,0,0,0,0,0,0,0,0,0,0,0,0,1145,0,0,2068,0,0,0,0,0,111,0,0,0,0,0,0,172,0,0,122,0,0,0,0,3321,0,247,0,0,0,279,0,3113,0,216,0,0,0,0,0,0,0,0,0,0,0,0,0,0,0,0,1076,0,0,0,0,0,0,0,0,831,0,0
contig_18827,12912,5647,2395,0,0,0,195,0,0,0,0,0,0,0,6210,50836,4622,0,0,0,0,0,0,0,0,0,0,4389,0,12827,0,0,750,0,0,0,0,0,0,48,0,0,0,0,0,574,102,0,29,0,0,0,0,2274,0,74,0,0,1213,3631,914,4298,113,3536,1800,0,0,0,0,0,0,0,0,0,0,0,0,0,0,0,31882,0,0,0,0,0,0,0,0,671,0,0
contig_18832,0,433,0,0,0,0,0,0,0,0,0,0,0,0,0,0,397,0,0,0,0,0,0,0,0,0,0,0,0,859,0,847,0,0,0,0,0,0,0,512,0,0,0,0,0,1355,0,0,979,0,0,0,0,0,0,0,0,0,8656,4668,1257,1322,0,0,0,0,0,763,0,0,0,0,0,3012,0,0,0,0,0,0,0,0,0,0,0,0,0,0,0,892,0,0
contig_18846,0,0,0,0,0,0,0,0,0,0,0,0,0,0,0,0,0,0,0,0,0,0,0,0,0,0,0,0,0,0,0,0,0,0,0,0,0,0,0,0,0,0,0,0,0,0,0,0,0,0,0,0,0,0,0,0,0,0,0,0,0,226,0,0,0,0,0,0,0,0,0,0,0,134,0,0,0,0,0,0,0,0,0,0,0,0,10005,0,0,0,0,0
contig_18848,0,0,0,0,0,0,0,0,0,0,0,0,0,0,0,0,0,0,0,0,0,0,0,0,0,0,0,0,0,0,0,0,0,0,0,0,0,0,0,0,0,0,0,0,0,0,0,1953,540,576,383,0,0,0,0,0,0,0,0,0,5491,0,0,0,0,0,0,0,0,0,0,0,0,0,0,0,0,0,0,0,0,0,0,0,0,0,0,0,0,0,0,0
contig_18859,0,0,0,1037,0,0,0,0,0,0,0,0,0,0,170,0,0,0,0,0,0,0,0,0,0,0,0,0,0,0,0,0,0,0,0,0,0,0,0,0,0,0,0,0,0,0,0,0,708,1036,0,0,0,0,0,0,0,0,0,0,78,974,0,0,0,0,0,0,0,0,0,0,0,389,0,0,0,0,0,0,0,0,0,0,0,0,0,0,0,0,0,0
contig_18864,0,0,0,0,0,0,0,0,0,0,0,0,0,0,0,0,368,0,0,0,0,0,0,0,0,0,0,0,0,213,0,0,0,0,0,0,0,0,0,0,0,0,0,0,0,0,0,111,147,0,708,0,0,0,0,0,0,0,0,0,1874,1087,0,0,0,0,0,0,0,0,0,0,0,152,0,0,0,0,0,0,0,0,0,0,0,0,0,0,0,0,0,0
contig_18873,0,0,0,0,0,0,0,0,0,0,0,0,0,0,0,0,439,0,0,0,0,0,0,0,0,0,0,0,0,0,0,0,0,0,0,0,0,0,0,0,0,0,0,0,0,0,0,0,0,0,0,0,0,0,0,0,0,0,2691,0,0,1983,0,0,0,0,0,0,0,0,0,0,0,0,0,0,0,0,0,0,0,0,0,0,0,0,14344,0,0,2310,0,0
contig_18884,0,0,0,0,0,241,381,0,0,0,0,0,0,0,0,4416,0,0,0,0,0,0,0,0,0,0,0,0,712,1152,0,0,0,0,0,0,0,0,0,0,0,0,0,0,0,889,0,0,0,0,0,0,0,0,0,0,0,0,0,0,6622,357,0,0,0,0,0,0,0,0,0,0,0,0,0,0,0,0,0,0,823,0,0,0,0,0,0,0,0,0,0,0
contig_18922,0,0,0,0,0,0,0,0,0,0,0,0,0,0,0,0,0,0,0,0,0,0,0,0,0,0,0,0,0,0,0,0,0,0,0,0,0,0,0,0,0,0,0,0,0,0,0,0,429,0,589,0,0,0,0,0,0,0,0,0,0,72,0,0,0,0,0,0,0,0,0,0,0,0,0,0,0,0,0,0,0,0,0,0,0,0,0,0,0,0,0,0
contig_18958,0,0,0,1547,0,298,0,0,0,0,0,0,0,0,0,0,0,0,0,0,0,0,0,0,0,1112,0,0,0,0,0,0,0,0,0,0,0,0,0,0,0,0,0,0,0,0,0,2464,0,0,0,0,0,0,0,0,0,0,0,0,1662,0,0,0,0,0,0,0,0,0,0,0,0,0,0,0,0,0,0,0,0,0,0,0,0,0,0,0,0,0,0,0
contig_18977,0,4328,0,2757,0,0,0,0,0,0,0,0,0,0,0,0,494,0,0,0,0,0,0,0,0,0,0,7885,0,596,0,0,0,0,0,0,0,0,0,0,0,0,0,0,0,7637,0,1396,236,289,682,0,0,0,0,0,0,0,12163,5754,9037,0,0,0,0,0,0,0,0,0,0,0,0,0,0,0,0,0,0,0,0,0,0,0,0,0,0,0,0,0,0,0
contig_18989,0,0,0,0,0,0,0,0,0,0,0,0,0,0,0,0,0,0,0,0,0,0,0,0,0,0,0,597,0,0,0,0,0,0,0,0,0,0,0,0,0,0,0,0,0,1553,0,0,0,0,0,0,0,0,0,0,0,0,432,0,0,0,0,0,0,0,0,0,0,0,0,0,0,0,0,0,0,0,0,0,0,0,0,0,0,0,0,0,0,0,0,0
contig_19025,0,0,0,397,0,0,0,0,0,0,0,0,0,0,0,0,0,0,0,0,0,0,0,0,0,0,0,0,0,272,0,0,0,0,0,0,0,0,0,0,0,0,0,0,0,0,0,0,0,876,0,0,0,0,0,0,1034,0,0,0,8028,4193,0,0,0,0,127,1290,0,0,0,0,0,0,0,0,0,0,0,0,0,0,0,0,0,0,0,0,0,0,0,0
contig_19026,0,0,0,0,0,0,0,0,0,0,0,0,0,0,0,0,0,0,0,0,0,0,0,0,0,0,0,0,0,0,0,0,0,0,0,0,0,2139,0,0,0,0,0,0,215,0,0,0,0,0,0,0,0,0,0,0,0,0,0,0,0,5169,0,0,0,0,0,0,0,0,0,0,0,0,0,0,0,0,0,0,0,0,0,0,0,0,0,0,112,0,0,0
contig_19054,0,0,0,1192,0,0,0,0,0,0,0,0,0,0,0,0,640,0,0,0,0,0,0,0,0,0,0,0,0,0,0,0,0,0,0,0,0,0,0,340,0,0,67,0,0,0,0,0,0,0,0,0,0,0,0,0,0,0,0,0,0,847,0,0,0,0,0,0,0,0,0,0,0,0,0,0,0,0,0,0,0,0,0,0,0,0,0,0,0,0,0,0
contig_19060,0,0,2918,959,200,0,0,0,0,0,0,0,0,0,0,0,0,295,0,327,0,0,0,0,0,0,0,0,0,2019,1229,0,0,0,0,0,0,0,0,0,0,0,0,0,0,0,0,0,0,0,0,0,0,0,0,372,631,0,0,0,0,0,0,0,0,0,0,3848,0,0,0,0,0,2306,0,0,0,36,0,0,126,0,0,0,0,0,0,0,0,0,0,0
contig_19078,0,0,0,0,0,0,0,0,0,0,0,0,0,0,0,2719,0,0,0,0,0,0,0,0,0,0,0,0,0,0,0,0,0,0,0,0,0,0,0,0,0,0,0,0,0,0,0,421,0,0,0,0,0,0,0,0,0,0,1932,0,2762,823,0,0,0,0,0,0,0,0,0,0,0,0,0,0,0,0,0,0,0,0,0,0,0,0,0,0,0,0,0,0
contig_19092,0,0,0,0,0,0,0,0,0,0,0,0,0,0,0,0,0,0,0,0,0,0,0,0,0,0,0,0,0,0,0,0,136,0,0,0,0,0,0,0,159,0,0,0,0,0,0,0,0,0,0,0,0,0,0,0,0,0,0,0,0,0,0,0,0,0,0,0,0,0,0,0,0,533,0,0,0,0,0,0,0,0,0,0,0,0,0,0,0,0,0,0
contig_191,0,0,0,0,0,0,0,0,0,0,0,0,0,0,0,0,0,0,0,0,49112,9473,0,34069,2276,250864,211039,0,0,0,0,0,0,0,0,0,0,0,0,0,0,0,0,0,0,0,0,0,0,0,0,0,0,0,0,0,0,0,0,0,0,0,0,0,0,0,0,0,0,0,0,0,0,0,0,0,0,0,0,0,0,0,0,0,0,0,0,0,0,0,0,0
contig_19107,0,11944,0,0,0,0,0,0,0,0,0,0,0,0,2509,3207,0,0,0,0,0,0,0,0,0,0,0,0,1129,0,0,0,0,0,0,0,0,0,0,0,0,0,0,0,0,4398,0,0,0,0,0,0,0,0,0,0,0,0,0,14169,8748,0,0,0,0,0,0,0,0,0,0,0,0,0,0,0,0,0,0,0,0,0,0,0,0,0,0,0,0,0,0,0
contig_19125,0,8642,0,356,0,0,0,0,0,0,0,0,0,0,0,19474,533,0,0,0,0,0,0,0,0,0,0,0,0,0,0,0,0,0,0,0,0,0,0,0,0,0,0,0,0,0,0,1682,1958,1437,899,0,0,0,0,0,0,0,7204,0,13660,437,0,0,0,0,0,434,0,0,0,0,0,0,0,0,0,0,0,0,0,0,0,0,0,0,0,0,0,0,0,0
contig_19129,0,0,0,185,109,0,0,0,0,0,0,0,0,0,0,0,29753,0,0,0,0,0,0,0,0,0,0,0,0,0,0,0,0,0,0,0,0,0,0,0,0,0,0,0,0,0,0,0,0,352,410,0,0,0,0,0,0,0,0,0,13639,12480,0,0,0,0,0,0,0,274,0,0,0,867,0,0,0,0,0,0,0,0,0,0,0,0,0,0,0,0,0,0
contig_19149,0,1310,0,0,0,0,0,0,0,0,0,0,0,0,3421,770,1478,0,0,0,0,0,0,0,0,0,0,0,0,0,0,0,0,0,0,0,0,0,0,0,0,0,0,0,0,0,0,1808,0,0,0,0,0,0,0,0,0,0,0,0,0,858,0,0,0,0,0,0,0,0,0,0,0,0,0,0,0,0,0,0,0,0,0,0,0,0,0,0,0,0,0,0
contig_19153,0,0,0,0,0,0,0,0,0,0,0,0,0,0,0,0,709,0,0,0,0,0,0,0,0,0,0,0,0,631,0,0,0,0,0,0,0,0,0,0,0,0,0,0,0,0,0,50,0,151,0,0,0,0,0,0,148,0,193,0,287,332,0,93,0,0,0,0,0,0,0,0,0,161,0,0,0,0,0,0,0,0,0,0,0,0,0,0,0,0,0,0
contig_19156,0,0,0,0,0,0,0,0,0,0,0,0,0,0,0,0,0,0,0,0,0,0,0,0,0,0,0,0,0,0,0,0,0,0,52,0,67,120,0,0,0,0,0,0,0,0,0,0,0,0,0,0,0,0,0,0,0,0,0,0,0,0,0,0,0,0,0,0,0,0,0,0,0,0,0,0,0,0,0,0,0,0,0,0,0,0,0,0,0,0,0,0
contig_19193,0,0,0,0,0,0,0,0,0,0,0,0,0,0,0,0,0,0,0,0,0,0,0,0,0,0,0,0,0,0,0,0,0,0,0,0,0,0,0,135,0,43,78,0,0,0,0,0,0,0,0,0,0,0,0,0,0,0,0,0,0,0,0,0,0,0,0,0,0,0,0,0,0,0,0,0,0,0,0,0,0,0,0,0,0,0,0,0,0,0,0,0
contig_19200,0,0,0,0,0,0,0,0,0,0,0,0,0,0,7943,0,1162,0,0,0,0,0,0,0,0,0,0,0,0,0,0,0,688,0,0,0,0,1128,0,0,0,0,0,0,0,2414,0,0,1191,2595,471,0,0,0,0,0,5037,0,235,5406,8883,1285,0,0,0,0,1567,846,4631,0,423,0,0,1589,0,0,0,0,0,0,0,0,0,0,0,0,419,0,0,0,0,0
contig_19224,0,6706,0,0,0,0,0,0,0,0,0,0,0,0,0,17686,974,51,0,247,0,0,0,0,0,0,0,0,0,199,0,0,0,0,0,0,0,0,0,0,0,0,0,0,0,0,0,0,0,0,0,0,0,0,0,0,0,0,0,0,7781,2670,0,0,0,0,0,3415,0,0,0,0,0,0,0,0,0,0,0,0,0,0,0,0,0,0,0,0,0,0,0,0
contig_19235,0,17124,0,0,0,0,0,0,0,0,0,0,0,0,0,0,7173,0,0,0,0,0,0,0,0,0,0,21464,0,1191,0,0,0,0,0,0,0,0,0,0,0,0,0,0,0,0,0,0,449,0,416,0,0,0,0,0,520,0,11836,41765,30043,144,0,0,0,0,0,602,0,0,0,0,0,0,0,0,0,0,0,0,0,0,0,0,0,0,0,0,0,0,0,0
contig_19242,0,0,0,0,0,0,0,0,0,0,0,0,0,0,0,0,0,0,0,0,0,0,0,0,0,0,0,0,0,105,0,690,0,0,0,0,0,0,0,0,0,0,0,0,0,0,0,224,0,0,0,0,0,0,0,0,0,0,0,0,0,3923,0,0,0,0,0,0,0,0,0,0,0,0,0,0,0,0,0,0,0,0,0,0,0,0,0,0,330,0,0,0
contig_19245,0,0,0,0,0,0,0,0,0,0,0,0,0,0,0,0,133,0,0,0,0,0,0,0,0,0,0,784,0,0,0,0,0,0,0,0,0,0,0,0,0,0,0,0,0,8215,0,0,0,0,0,0,0,0,0,0,0,0,8131,0,0,0,0,0,0,0,0,0,0,0,0,0,0,0,0,0,0,0,0,0,0,0,0,0,0,0,0,0,0,0,0,0
contig_19251,0,0,0,0,0,0,0,0,0,0,0,0,0,0,0,0,0,0,0,574,0,0,0,0,0,0,0,0,0,0,0,0,0,0,0,0,0,0,0,0,3208,0,328,0,862,0,0,0,0,0,0,0,0,5209,0,0,0,0,0,0,0,0,0,0,0,0,0,3487,0,0,0,0,0,0,0,0,0,0,0,0,0,0,0,0,0,0,18501,0,0,0,0,0
contig_19254,0,0,0,0,0,0,0,0,0,0,0,0,0,0,0,0,300,0,0,0,0,0,0,0,0,0,0,0,0,0,0,0,0,0,0,0,0,0,0,0,0,0,0,0,0,0,0,0,463,0,513,0,0,0,0,0,365,0,0,0,0,0,0,0,0,0,0,62,0,0,0,0,0,0,0,0,0,0,0,0,0,0,0,0,0,0,0,0,0,0,0,0
contig_19271,0,0,0,1555,0,0,3793,0,0,0,0,0,0,0,0,0,0,0,0,0,0,0,0,0,0,0,0,0,0,0,0,0,0,0,0,0,0,0,0,0,0,0,0,0,0,0,0,0,0,0,0,0,0,0,0,0,0,0,0,0,742,784,0,0,0,0,0,0,0,0,0,0,0,1900,0,0,0,0,0,0,0,0,0,0,0,0,1007,0,0,0,0,0
contig_19273,0,0,0,0,487,398,509,0,0,0,0,0,0,0,0,0,0,0,0,0,0,0,0,0,0,0,0,0,0,0,0,0,0,0,0,0,0,0,0,0,0,0,0,0,0,0,0,2283,2980,0,0,0,0,0,0,0,0,0,626,0,0,0,0,0,387,0,0,0,0,0,0,0,0,0,0,0,0,0,0,0,0,0,0,0,0,0,0,0,0,0,0,0
contig_19280,14594,16073,5194,680,430,2416,12487,0,0,0,0,0,0,0,22408,21897,2166,0,0,0,0,0,0,0,0,0,0,817,5994,9601,0,0,0,0,0,0,0,0,0,0,0,0,0,0,0,945,0,2236,0,0,0,0,0,0,0,0,1292,0,1784,0,26003,246,0,0,714,0,0,0,0,0,0,0,0,0,0,0,0,0,0,0,0,0,0,0,0,0,0,0,0,0,0,0
contig_19288,160,5376,1703,868,1526,680,3901,0,0,0,0,0,0,0,13784,0,1496,0,0,0,0,0,0,0,0,0,0,3694,1687,3592,1406,0,1240,0,0,0,0,0,0,685,0,0,0,0,0,0,3214,4012,8194,2979,7796,0,0,0,0,0,3366,0,19732,22344,20038,1189,0,582,0,0,401,469,0,0,0,0,0,7364,0,0,0,0,0,0,160,0,0,0,0,0,0,0,0,1426,0,0
contig_19313,0,0,0,0,0,0,0,0,0,0,0,0,0,0,0,0,943,0,0,0,0,0,0,0,0,0,0,0,0,0,0,0,0,0,0,0,0,0,0,0,0,0,0,0,0,0,0,0,819,0,650,0,0,0,0,0,0,0,0,0,0,2539,0,0,0,0,0,0,0,0,0,0,0,0,0,0,0,0,0,0,0,0,0,0,0,0,0,0,0,0,0,0
contig_19320,0,0,0,211,0,650,0,0,0,0,0,0,0,0,0,0,0,0,0,0,0,0,0,0,0,0,0,0,0,377,0,0,0,0,0,0,0,0,0,0,0,0,0,0,0,0,0,351,587,0,0,0,0,0,0,0,42,0,0,0,860,2507,0,0,0,0,0,0,0,0,6042,0,229,648,0,0,0,0,0,0,0,0,0,0,0,0,0,0,0,0,0,0
contig_19362,0,0,0,0,0,0,0,0,0,0,0,0,0,0,0,0,0,0,0,0,0,0,0,0,0,0,0,0,1299,0,0,0,0,0,0,0,0,0,0,4002,0,0,0,0,0,0,0,0,0,0,0,0,0,0,0,0,0,0,113,0,549,0,0,0,0,0,0,0,0,0,0,0,0,0,0,0,0,0,0,0,0,0,0,0,0,0,0,0,0,0,0,0
contig_19368,0,0,0,98,0,0,0,0,0,0,0,0,0,0,0,0,0,0,0,0,0,0,0,0,0,0,0,0,0,0,0,0,0,0,0,0,0,0,0,0,0,0,0,0,0,0,0,0,0,336,232,0,0,0,0,0,0,0,0,0,673,0,0,0,0,0,0,0,0,0,0,0,0,283,0,0,0,0,0,0,0,0,0,0,0,0,0,0,0,0,0,0
contig_19374,0,0,0,0,0,0,0,0,0,0,0,0,0,0,0,0,0,0,0,0,0,0,0,0,0,0,0,0,1278,0,0,0,0,0,0,0,0,0,0,0,0,0,0,0,0,0,0,0,0,0,0,0,0,0,0,0,0,0,0,0,7388,880,0,0,0,0,0,1341,4167,0,0,0,0,3453,0,0,0,0,0,0,0,0,0,0,0,0,0,0,0,0,0,0
contig_19383,0,0,0,0,0,0,0,0,0,0,0,0,0,0,0,0,0,0,0,0,0,85,0,0,0,0,0,0,0,0,0,0,0,0,0,0,0,423,0,0,0,0,0,0,0,0,0,0,0,0,0,0,0,0,0,0,0,0,0,0,0,774,0,0,0,0,63,0,0,0,0,0,0,0,0,0,0,0,0,0,0,0,0,0,0,0,0,0,80,34,0,0
contig_194,0,0,0,0,0,0,0,0,0,0,0,0,0,0,0,0,0,0,0,0,12661,546,0,3567,169,38907,23485,0,0,0,0,0,0,0,0,0,0,0,0,0,0,0,0,0,0,0,0,0,0,0,0,0,0,0,0,0,0,0,0,0,0,0,0,0,0,0,0,0,0,0,0,0,0,0,0,0,0,0,0,0,0,0,0,0,0,0,0,0,0,0,0,0
contig_1941,0,0,0,0,0,0,0,0,0,0,0,0,0,0,0,0,0,0,0,0,0,95303,0,14245,0,0,4133,0,0,0,0,0,0,0,0,0,0,0,0,0,0,0,0,0,0,0,0,0,0,0,0,0,0,0,0,0,0,0,0,0,0,0,0,0,0,0,0,0,0,0,0,0,0,0,0,0,0,0,0,0,0,0,0,0,0,0,0,0,0,0,0,0
contig_1942,0,0,0,0,0,0,0,0,0,0,0,0,0,0,0,0,0,0,0,0,0,0,0,0,0,0,0,0,0,0,0,0,0,0,0,0,0,0,0,0,0,0,401,0,476,0,0,0,0,0,0,0,0,0,0,0,0,0,0,0,0,0,0,0,0,0,0,0,0,0,0,0,0,0,0,0,0,0,0,0,0,0,0,0,0,0,5486,0,746,0,0,0
contig_19422,0,0,0,0,0,0,0,0,0,0,0,0,0,0,0,0,0,0,0,0,0,0,0,0,0,0,0,0,65,79,0,0,0,0,0,0,0,0,0,0,0,0,0,0,0,0,0,0,175,246,55,0,0,0,0,0,0,70,0,0,0,0,0,0,0,0,0,0,0,0,0,0,0,0,0,0,0,0,0,0,0,0,0,0,0,0,0,0,0,0,0,0
contig_19444,0,0,0,0,0,0,0,0,0,0,0,0,0,0,0,0,0,0,0,0,0,0,0,0,0,0,0,0,0,0,0,0,0,0,0,0,81,0,0,0,0,0,0,0,0,0,0,0,0,0,0,0,0,0,0,0,0,0,0,0,0,0,0,0,0,549,0,0,0,0,0,0,0,0,0,0,0,0,90,0,0,0,0,0,0,0,0,0,0,0,0,0
contig_19459,0,0,4143,0,0,0,0,0,0,0,0,0,0,0,0,0,0,0,0,0,0,0,0,0,0,0,0,0,0,0,0,0,0,0,0,0,0,0,0,0,0,0,0,0,0,0,0,0,0,0,0,0,0,0,0,0,0,0,0,0,2644,688,0,0,0,0,0,0,0,0,0,0,0,0,0,0,0,0,0,0,0,0,0,0,0,0,0,0,0,63,0,0
contig_19497,0,0,0,0,0,0,0,0,0,0,0,0,0,0,0,0,0,0,0,0,0,0,0,0,0,0,0,0,0,0,0,0,0,0,0,0,0,67,0,0,0,0,0,0,0,0,0,0,0,0,0,0,0,0,0,0,0,0,0,0,0,0,0,0,0,0,0,0,0,0,0,0,0,0,0,0,0,0,0,0,0,0,0,0,0,0,0,0,0,100,26,0
contig_19498,0,0,0,0,0,0,0,0,0,0,0,0,0,0,0,0,0,0,0,0,0,0,0,0,0,0,0,0,0,1757,0,0,0,0,0,0,0,0,0,0,0,0,0,0,0,9959,0,0,1877,1255,623,0,0,0,0,0,1307,0,4195,0,0,1050,0,0,0,0,0,0,0,0,0,0,0,1158,0,0,0,0,0,0,0,0,0,0,0,0,1719,0,0,1625,0,0
contig_19501,0,0,0,0,0,0,0,0,0,0,0,0,0,0,0,0,0,0,0,0,0,0,0,0,0,0,0,0,0,0,0,158,394,0,0,0,0,0,0,0,0,0,0,0,0,0,0,0,0,0,0,0,0,0,0,332,0,48,0,0,0,0,0,0,0,0,0,0,0,0,0,0,0,0,0,0,0,0,0,0,0,0,0,0,0,0,0,0,0,0,0,0
contig_19531,0,5327,4500,486,0,1760,1182,0,0,0,0,0,0,0,32152,6689,2929,0,0,0,0,157,0,0,0,0,0,855,3488,5780,0,0,0,0,0,0,0,0,0,0,0,0,0,0,0,2288,710,865,1578,2257,358,0,0,0,0,0,3790,0,1101,4614,12288,1316,0,352,0,0,0,524,724,0,0,0,0,993,0,0,0,0,0,0,1657,0,0,0,0,0,1955,0,55,0,0,0
contig_19540,0,0,0,0,0,0,0,0,0,0,0,0,0,0,0,0,760,0,0,0,0,0,0,0,0,0,0,0,0,899,943,0,0,0,0,0,0,0,0,0,0,0,0,0,0,0,0,0,457,0,0,0,0,0,0,0,0,0,0,0,0,0,0,0,0,0,0,0,0,0,0,0,0,0,0,0,0,0,0,0,0,0,0,0,0,0,5310,0,0,6115,0,0
contig_19554,0,0,0,0,0,0,0,0,0,0,0,0,0,0,0,0,5892,0,0,0,0,0,0,0,0,0,0,0,0,0,0,0,294,0,0,0,0,0,0,1516,0,0,0,0,0,0,0,4452,2514,4395,348,0,0,0,0,0,555,0,0,0,0,0,0,50,0,0,0,1261,0,0,0,0,0,2616,0,0,0,0,0,0,187,0,0,0,0,0,1563,0,64,443,0,0
contig_19565,0,0,0,0,0,0,0,0,0,0,0,0,0,0,0,0,0,0,0,0,0,0,0,0,0,0,0,0,0,0,0,0,0,0,0,0,0,656,0,0,0,0,0,0,0,0,0,0,538,0,0,0,0,0,0,0,0,0,0,0,0,0,0,0,0,0,0,0,0,0,0,0,0,1446,0,0,0,0,0,0,0,0,0,0,0,0,0,0,0,0,0,0
contig_19599,0,0,0,215,0,0,0,0,0,0,0,0,0,0,0,0,0,0,0,0,0,0,0,0,0,0,0,0,0,0,0,0,0,0,0,0,0,0,0,0,0,0,0,0,0,0,0,0,545,0,0,0,0,0,0,0,0,0,0,0,2662,265,0,0,0,0,0,353,0,0,0,0,0,565,0,0,0,0,0,0,0,0,0,0,0,0,1524,0,0,179,0,0
contig_19613,0,0,0,0,0,0,0,0,0,0,0,0,0,0,0,0,0,0,0,0,0,0,0,0,0,0,0,0,0,0,0,0,0,0,0,0,0,0,0,0,0,0,0,0,0,0,0,0,0,0,0,0,0,132,0,0,0,0,0,0,0,50,0,0,0,0,0,0,0,0,0,0,0,0,0,0,0,0,0,0,0,0,0,0,0,0,0,0,0,157,0,0
contig_19650,0,0,0,0,0,0,0,0,0,0,0,0,0,0,0,0,1159,0,0,0,0,0,0,0,0,0,0,0,0,421,0,377,0,0,0,0,0,260,0,0,0,0,0,0,0,0,0,0,1678,0,855,0,0,0,0,0,575,0,0,0,548,1332,0,0,0,0,0,0,0,0,0,0,0,0,0,0,0,0,0,0,0,0,0,0,0,0,0,0,0,236,0,0
contig_19666,0,0,0,0,0,0,0,0,0,0,0,0,0,0,0,0,0,0,0,536,0,0,0,0,0,0,0,0,0,0,0,477,816,0,3985,0,0,0,0,211,1645,0,79,0,252,0,0,0,0,0,0,0,0,0,0,0,0,0,0,0,0,0,0,0,0,0,1460,6824,1500,509,825,0,0,0,0,0,0,0,0,0,0,0,0,0,0,0,19319,0,267,4829,0,0
contig_19667,0,0,0,0,0,0,0,0,0,0,0,0,0,0,0,0,0,0,0,0,0,0,0,0,0,0,0,0,0,0,0,353,1382,0,0,0,0,0,0,0,0,0,0,0,0,0,0,0,335,108,0,0,0,0,0,0,0,0,114,0,0,0,0,0,0,0,200,0,149,0,0,0,0,926,0,0,0,0,0,0,0,0,0,0,0,0,0,0,0,0,0,0
contig_19669,0,3759,0,0,0,69,594,0,0,0,0,0,0,0,0,12305,263,0,0,0,0,0,0,0,0,0,0,2898,6793,254,0,0,0,0,0,0,0,0,0,0,0,0,0,0,0,5669,0,2739,0,0,315,0,0,0,11368,0,70,0,2190,10447,3990,225,0,676,127,0,0,195,86,0,0,0,0,0,0,0,0,0,0,0,0,0,0,0,0,0,0,0,0,480,0,0
contig_19673,0,0,314,0,0,0,0,0,0,0,0,0,0,0,323,0,0,0,0,0,0,0,0,0,0,0,0,0,726,198,0,0,0,0,0,0,0,0,0,0,0,0,0,0,0,0,0,0,695,0,0,0,0,69,0,0,734,0,0,0,346,184,0,0,0,0,0,0,0,0,0,0,0,388,0,0,0,0,0,0,0,0,0,0,0,0,4277,0,0,203,0,0
contig_19723,0,0,0,0,0,0,0,0,0,0,0,0,0,0,0,0,0,0,0,0,0,0,0,0,0,0,0,0,0,0,0,0,0,0,0,0,0,0,0,0,0,0,0,0,0,0,432,198,2198,325,0,0,0,0,0,0,0,0,0,0,0,0,0,0,5125,0,0,1788,601,0,0,0,0,0,0,0,0,0,0,0,1215,0,0,0,0,0,0,0,0,0,0,0
contig_19740,0,0,0,0,0,0,0,0,0,0,0,0,0,0,0,0,0,0,0,0,0,0,0,0,0,0,0,0,0,0,931,0,0,0,0,0,0,0,0,0,0,0,0,0,0,0,0,0,0,0,0,0,0,0,0,0,0,0,0,0,0,1971,49,0,0,0,0,0,0,0,0,0,0,0,0,0,0,0,0,0,0,0,0,0,0,0,0,0,227,0,0,0
contig_19756,0,277,0,0,0,0,127,0,0,0,0,0,0,0,0,0,0,0,0,0,0,0,0,0,0,0,0,0,0,433,0,220,0,0,0,0,0,0,0,0,0,0,0,0,0,0,0,0,326,0,475,0,0,0,0,161,346,0,0,0,0,339,0,0,0,0,0,0,0,0,0,0,0,342,0,0,0,0,0,0,0,0,0,0,0,0,557,0,0,379,0,0
contig_19797,0,0,0,0,0,0,0,0,0,0,0,0,0,0,0,0,0,0,0,0,0,0,0,0,0,0,0,0,0,0,0,17,0,0,0,0,0,39,0,0,0,0,0,0,0,0,0,0,0,0,0,0,0,0,0,0,0,0,0,0,0,0,0,0,0,0,0,0,0,0,0,0,0,0,0,0,0,0,0,0,0,0,0,0,0,0,0,0,0,41,0,0
contig_19798,0,0,0,0,0,0,0,0,0,0,0,0,0,0,0,0,0,0,0,0,0,0,0,0,0,0,0,0,0,0,0,0,0,0,0,0,0,0,0,0,0,0,0,0,0,0,0,0,0,0,0,0,0,0,0,0,0,0,0,0,19505,0,0,0,0,0,0,348,0,2524,0,266,0,0,0,0,0,0,0,0,0,0,0,0,0,0,0,0,0,0,0,0
contig_19809,0,0,0,0,0,0,0,0,0,0,0,0,0,0,0,3756,3109,0,0,0,0,0,0,0,0,0,0,0,435,0,0,0,0,0,0,0,0,0,0,1883,0,0,0,0,0,0,0,697,0,0,374,0,0,0,0,0,0,0,0,0,5170,432,0,0,0,0,0,758,987,0,0,0,0,0,0,0,0,0,0,0,0,0,0,0,0,0,2085,0,0,0,0,0
contig_19830,0,0,0,0,0,14417,0,0,0,0,0,0,0,0,0,0,1082,0,0,0,0,0,0,0,0,0,0,0,0,13362,0,0,0,0,0,0,0,0,0,0,0,0,0,0,0,0,0,0,0,0,0,0,0,0,0,0,55,0,0,16306,20917,1355,0,0,0,0,0,0,0,0,0,0,0,0,0,0,0,0,0,0,77,0,0,0,0,0,0,0,0,0,0,0
contig_19842,0,0,0,99,0,0,0,0,0,0,0,0,0,0,0,0,0,0,0,0,0,0,0,0,0,0,0,0,0,0,0,0,0,0,0,0,0,0,0,0,0,0,0,0,0,0,0,0,418,481,0,0,0,0,0,0,0,0,0,0,0,404,0,0,0,0,0,0,0,0,0,0,0,0,0,0,0,0,0,0,0,0,0,0,0,0,0,0,0,0,0,0
contig_19888,0,831,0,0,0,0,0,0,0,0,0,0,0,0,0,0,1468,0,0,0,0,0,0,0,0,0,0,0,0,0,0,0,0,0,0,0,0,0,0,0,0,0,0,0,0,0,0,0,543,0,0,0,0,106,0,0,4203,0,0,0,0,85,0,0,0,0,0,0,0,0,0,0,0,1735,0,0,0,0,0,0,0,0,0,0,0,0,2135,0,0,335,0,0
contig_19892,0,0,0,855,0,0,0,0,0,0,0,0,0,0,0,0,0,0,0,0,0,0,0,0,0,0,0,0,0,1274,0,524,2543,0,197,0,0,154,0,830,3163,55,147,0,108,0,0,0,2517,0,0,1947,0,3990,0,795,0,312,0,0,0,0,0,0,0,0,326,3279,761,0,0,0,0,7680,0,0,0,0,0,0,0,0,0,0,0,0,10204,0,0,4055,0,0
contig_19893,0,0,0,1712,462,383,0,0,0,0,0,0,0,0,0,0,0,0,0,0,0,0,0,0,0,0,0,0,0,2652,0,560,0,0,0,0,0,0,0,0,0,0,0,0,0,0,0,0,0,0,0,0,0,0,0,580,0,0,0,0,0,0,0,0,1349,0,0,0,0,0,0,0,0,0,0,0,0,0,0,0,87,0,0,0,0,0,0,0,0,1506,0,0
contig_19930,0,0,0,0,0,0,0,0,0,0,0,0,0,0,0,1319,1357,0,0,0,0,0,0,0,0,0,0,0,1169,2023,0,0,0,0,0,0,0,0,0,0,0,0,0,0,0,0,0,752,1059,0,369,0,0,0,0,0,1222,0,26041,7960,6480,1653,0,0,0,0,0,0,0,0,0,0,0,0,0,0,0,0,0,0,0,0,0,0,0,0,0,0,0,0,0,0
contig_19939,0,0,0,0,0,0,0,0,0,0,0,0,0,0,0,0,0,0,0,0,0,0,0,0,0,0,0,0,0,0,0,0,0,0,0,0,0,108,0,0,0,0,0,0,0,0,0,0,0,0,0,0,0,0,0,0,0,0,0,0,0,0,0,0,0,0,0,0,0,0,0,0,0,0,0,0,0,0,0,0,0,0,0,0,0,0,0,0,0,153,20,0
contig_19948,0,0,0,0,0,0,0,0,0,0,0,0,0,0,0,891,200,0,0,0,0,0,0,0,0,0,0,289,6360,146,0,0,0,0,0,0,0,0,0,0,0,0,0,0,0,733,457,0,0,0,0,0,0,0,0,0,0,0,0,882,3928,318,0,0,0,0,0,0,0,0,0,0,0,0,0,0,0,0,0,0,0,0,0,0,0,0,0,0,0,0,0,0
contig_19951,0,0,0,0,0,0,0,0,0,0,0,0,0,0,0,0,207,0,0,0,0,0,0,0,0,0,0,0,0,2737,0,0,0,0,0,0,0,0,0,0,0,0,0,0,0,0,0,0,0,0,0,738,0,0,0,0,0,0,0,0,0,11225,0,0,0,0,0,0,0,0,0,0,0,3275,0,0,0,0,0,0,0,0,0,0,0,0,0,0,0,330,0,0
contig_19955,0,0,0,0,0,0,0,0,0,0,0,0,0,0,0,0,0,0,0,0,0,0,0,0,0,0,0,0,0,0,0,46,435,0,0,0,0,0,0,0,0,0,0,0,0,0,0,0,0,0,0,0,0,0,0,87,0,0,0,0,0,0,0,0,0,0,0,0,0,0,0,0,0,0,0,0,0,0,0,0,0,0,0,0,0,0,0,0,0,0,0,0
contig_19964,0,0,0,0,0,0,0,0,0,0,0,0,0,0,0,0,0,0,0,0,0,0,0,0,0,0,0,1081,0,0,0,0,0,0,0,0,0,0,0,0,0,0,0,0,0,6799,0,83,0,0,0,0,0,0,0,0,0,0,7902,0,0,0,0,0,0,0,0,0,0,0,0,0,0,0,0,0,0,0,0,0,0,0,0,0,0,0,0,0,0,0,0,0
contig_19968,0,177,83,0,0,104,0,0,0,0,0,0,0,0,0,0,1270,0,0,0,0,0,0,0,0,0,0,0,0,71,0,0,0,0,0,0,0,0,0,0,0,0,0,0,0,0,0,0,0,0,0,0,0,0,0,0,0,0,183,0,785,0,0,0,0,0,0,0,0,0,0,0,0,0,0,0,0,0,0,0,0,0,0,0,0,0,0,0,0,0,0,0
contig_20,0,0,0,0,0,0,0,0,0,0,0,0,0,13,0,0,0,0,0,0,0,0,0,0,0,0,0,0,0,0,0,0,176,306,190,208,0,382,0,0,0,0,0,0,0,0,0,0,0,0,0,0,0,0,0,0,0,0,0,0,0,0,0,0,0,0,0,0,0,0,0,0,0,254,6,0,11,337,0,0,0,0,0,6,0,0,0,0,0,0,0,0
contig_200,0,0,0,0,0,0,0,0,0,0,0,0,0,0,0,0,0,0,0,0,0,1108,0,3722,261,13678,16691,0,0,0,0,0,0,0,0,0,0,0,0,0,0,0,0,0,0,0,0,0,0,0,0,0,0,0,0,0,0,0,0,0,0,0,0,0,0,0,0,0,0,0,0,0,0,0,0,0,0,0,0,0,0,0,0,0,0,0,0,0,0,0,0,0
contig_20009,0,0,0,0,0,0,0,0,0,0,0,0,0,0,0,0,0,0,0,0,0,0,0,0,0,0,0,0,0,0,0,0,0,0,0,0,0,0,0,0,0,0,0,0,0,0,0,0,0,0,0,57,0,0,0,0,0,0,0,0,0,447,0,0,0,0,0,0,0,0,0,0,0,2887,0,0,0,0,0,0,0,0,0,0,0,0,0,0,370,270,0,0
contig_20017,0,0,0,0,0,0,0,0,0,0,0,0,0,0,0,0,0,0,0,0,0,0,0,0,0,0,0,0,0,0,0,0,0,0,0,0,0,0,0,0,0,0,0,0,0,0,0,0,191,0,0,0,0,0,0,0,0,0,0,0,0,1067,0,0,0,0,0,0,0,0,0,0,0,96,0,0,0,0,0,0,0,0,0,0,0,0,0,0,0,0,0,0
contig_20018,0,0,0,0,0,0,0,0,0,0,0,0,0,0,0,0,0,0,0,0,0,0,0,0,0,0,0,0,0,0,0,0,0,0,0,0,0,0,0,4644,0,0,0,0,0,0,0,0,0,0,0,0,0,0,0,0,0,0,0,0,217,0,0,0,0,0,0,0,0,0,0,0,0,6569,0,0,0,0,0,0,0,0,0,0,0,0,0,0,0,2150,0,0
contig_20048,0,0,0,0,0,0,0,0,0,0,0,0,0,0,0,4393,175,0,0,0,0,0,0,0,0,0,0,0,0,0,330,62,0,0,0,0,0,0,0,0,0,0,0,0,0,125,0,0,263,169,0,0,0,0,0,0,212,0,260,0,2376,466,0,0,0,0,0,101,284,0,0,0,0,6583,0,0,0,0,0,0,0,0,0,0,0,0,0,0,0,0,0,0
contig_20049,0,0,0,0,0,0,0,0,0,0,0,0,0,0,0,0,0,0,0,0,0,0,0,0,0,0,0,0,0,290,0,0,0,0,0,0,0,0,0,0,0,0,0,0,0,0,0,0,492,261,0,141,326,519,0,0,0,0,0,0,0,251,0,0,0,0,72,307,0,0,0,0,0,342,0,0,0,0,0,0,0,0,0,0,0,0,531,0,0,314,0,0
contig_20055,0,710,0,0,0,0,0,0,0,0,0,0,0,0,0,13653,0,0,0,0,0,0,0,0,0,0,0,0,0,0,0,0,0,0,0,0,0,0,0,0,0,0,0,0,0,0,0,2509,0,0,0,0,0,0,0,0,537,0,0,0,1488,0,0,0,0,0,0,0,0,0,0,0,0,3139,0,0,0,0,0,0,0,0,0,0,0,0,253,0,0,219,0,0
contig_20087,0,177,0,0,0,0,0,0,0,0,0,0,0,0,0,0,0,0,0,0,0,0,0,0,0,0,0,0,0,111,0,0,310,0,0,0,0,205,0,0,0,0,0,0,0,0,0,0,234,0,214,0,0,81,0,62,0,0,0,598,1909,1786,0,0,0,0,0,808,264,0,0,0,0,560,0,0,0,0,0,0,0,0,0,0,0,0,0,0,0,0,0,0
contig_20101,0,0,0,0,0,0,0,0,0,0,0,0,0,0,0,0,562,0,0,0,0,0,0,0,0,0,0,0,0,3186,0,0,0,0,0,0,0,266,0,0,0,0,32,0,0,0,0,1924,7640,0,125,0,0,0,0,0,1107,0,0,0,3186,2283,0,0,590,0,0,473,0,0,0,0,0,0,0,0,0,0,0,0,0,0,0,0,0,0,0,0,0,0,0,0
contig_20102,0,0,0,0,0,0,0,0,0,0,0,0,0,0,0,0,0,0,0,0,0,0,0,0,0,0,0,0,0,0,0,0,0,0,0,0,0,0,0,0,0,0,0,0,0,0,0,0,0,0,0,0,0,0,0,0,0,0,0,0,0,0,0,0,0,0,0,2605,280,0,0,0,0,1156,0,0,0,0,0,0,0,0,0,0,0,0,0,0,0,0,0,0
contig_20109,928,22581,11016,951,3678,2031,0,0,0,0,0,0,0,0,0,0,0,0,0,0,0,0,0,0,0,244,0,0,2777,13522,3443,0,0,0,0,0,0,0,0,2093,0,0,0,0,0,0,0,1181,3988,5911,10693,222,0,0,0,0,0,0,0,0,9202,781,0,0,0,0,0,8659,0,0,0,0,0,0,0,0,0,0,0,0,0,0,0,0,0,0,0,0,0,568,0,0
contig_20120,0,843,0,0,0,0,102,0,0,0,0,0,0,0,783,10419,1135,0,0,0,0,0,0,0,0,0,0,0,0,1880,0,0,0,0,0,0,0,0,0,0,0,0,0,0,0,0,0,175,0,0,0,0,0,0,0,0,99,0,323,0,0,0,0,0,0,0,0,0,0,0,0,0,0,0,0,0,0,0,0,0,0,0,0,0,0,0,0,0,0,0,0,0
contig_20124,0,0,0,0,0,0,0,0,0,0,0,0,0,0,0,0,0,0,0,0,0,0,0,0,0,0,0,0,0,0,0,0,0,0,0,0,0,0,0,0,0,0,0,0,0,0,0,0,0,0,0,0,0,0,0,0,0,0,636,0,0,0,0,0,0,0,0,0,0,0,0,0,0,134,0,0,0,0,0,0,0,0,0,0,0,0,54,0,0,0,0,0
contig_20134,0,0,0,0,0,0,0,0,0,0,0,0,0,0,0,0,0,0,0,0,0,0,0,0,0,0,0,0,0,1477,0,0,0,0,0,0,0,0,0,0,0,0,37,0,0,0,0,0,91,0,0,0,0,0,0,0,0,0,0,0,0,493,0,0,0,0,0,0,0,0,0,0,0,0,0,0,0,0,0,0,0,0,0,0,0,0,76,0,0,110,0,0
contig_20144,0,0,0,0,0,0,0,0,0,0,0,0,0,0,0,0,0,0,0,0,0,0,0,0,0,0,0,104,0,0,0,0,0,0,0,0,0,0,78,0,0,0,0,0,0,0,0,0,0,0,0,0,0,3612,0,0,0,0,0,433,159,16122,0,419,0,0,0,0,0,0,0,0,0,0,0,0,0,0,0,0,0,0,0,0,0,0,0,0,0,2656,0,0
contig_20160,0,0,3959,0,238,490,0,0,0,0,0,0,0,0,0,0,1900,0,0,0,0,0,0,0,0,0,0,0,0,5648,0,0,0,0,0,0,0,0,0,590,0,0,0,0,0,0,0,390,1232,0,1736,0,0,0,0,0,0,0,0,0,0,3623,0,0,0,0,0,0,0,0,0,0,0,0,0,0,0,0,0,0,0,0,0,0,0,0,0,0,0,0,0,0
contig_20194,0,0,0,0,0,0,0,0,0,0,0,0,0,0,0,0,0,0,0,0,0,0,0,0,0,0,0,0,0,0,0,0,0,0,0,0,0,0,0,0,0,0,0,0,0,0,0,0,0,0,0,0,0,144,0,0,3607,0,0,0,0,0,0,0,0,0,0,0,0,0,0,0,0,186174,0,0,0,0,0,0,0,0,0,0,0,0,7239,0,0,0,0,0
contig_20195,0,0,0,0,0,0,0,0,0,0,0,0,0,0,0,0,53,0,0,0,0,0,0,0,0,0,0,0,0,42,0,0,0,0,0,0,0,0,0,0,0,0,0,0,0,0,0,0,0,0,0,0,0,0,0,0,177,0,132,765,0,0,0,0,0,0,0,0,0,0,0,0,0,203,0,0,0,0,0,0,0,0,0,0,0,0,129,0,0,0,0,0
contig_20231,0,0,0,405,372,0,0,0,0,0,0,0,0,0,0,0,0,0,0,0,0,0,0,0,0,0,0,0,0,0,0,0,0,0,0,0,0,171,0,0,0,45,213,0,0,0,0,0,0,0,0,0,0,0,0,0,0,0,0,0,0,220,0,0,0,0,581,109,0,0,0,0,0,0,0,0,0,0,0,0,0,0,0,0,0,0,0,0,0,0,0,0
contig_20255,0,0,0,335,0,0,0,0,0,0,0,0,0,0,0,0,0,0,0,0,0,0,0,0,0,0,0,0,0,1387,0,0,0,0,0,0,0,0,0,0,0,0,0,0,0,0,0,0,752,0,0,0,0,0,0,0,0,0,0,0,419,538,0,0,0,0,0,0,0,0,0,0,0,1721,0,0,0,0,0,0,0,0,0,0,0,0,0,0,0,0,0,0
contig_20273,0,0,0,0,0,0,0,0,0,0,0,0,0,0,494,0,351,0,0,0,0,0,0,0,0,0,0,1163,0,603,0,0,0,0,0,0,0,0,0,0,0,0,0,0,0,2484,0,0,250,120,189,0,0,0,0,0,0,0,94,0,1998,156,0,0,0,0,0,214,338,0,0,0,0,0,0,0,0,0,0,0,0,0,0,0,0,0,0,0,0,0,0,0
contig_20281,0,0,0,0,0,0,0,0,0,0,0,0,0,0,0,0,538,0,0,0,0,61,0,0,0,0,0,0,0,221,0,0,0,0,0,0,0,0,0,0,0,0,0,0,0,0,0,372,279,728,0,0,0,0,0,0,0,0,0,0,0,0,0,0,0,0,0,0,0,0,0,0,0,0,0,0,0,0,0,0,0,0,0,0,0,0,0,0,0,0,0,0
contig_20283,0,0,0,0,0,0,0,0,0,0,0,0,0,0,0,0,0,0,0,452,0,0,0,0,0,0,0,0,0,0,0,0,0,0,0,0,0,0,0,698,0,289,283,114,2740,0,0,0,0,0,0,0,544,8253,0,0,0,0,0,0,0,0,0,0,0,0,0,0,158,0,0,0,0,0,0,0,0,0,0,0,0,0,0,0,0,0,1804,0,0,1705,0,0
contig_20316,0,0,0,0,0,0,0,0,0,0,0,0,0,0,0,0,0,0,0,0,0,0,0,0,0,0,0,0,0,0,0,0,0,0,0,0,0,0,0,0,0,0,0,0,0,0,0,0,0,1834,0,0,0,0,0,0,0,0,0,0,9679,4666,0,0,0,0,0,0,0,0,0,0,0,0,0,0,0,0,0,0,0,0,0,0,0,0,0,0,0,0,0,0
contig_20323,0,0,0,0,0,0,0,0,0,0,0,0,0,0,0,0,1067,0,0,0,0,0,0,0,0,0,0,0,57,0,0,0,0,0,0,0,0,0,0,0,0,0,0,0,0,0,0,0,0,0,0,0,0,0,0,0,0,0,0,0,445,0,0,0,0,0,0,0,0,0,0,0,0,0,0,0,0,0,0,0,0,0,0,0,0,0,0,0,0,0,0,0
contig_20334,0,0,0,153,0,0,0,0,0,0,0,0,0,0,0,0,6162,0,0,63,0,0,0,0,0,0,0,0,0,3167,1257,0,0,0,0,0,0,0,0,0,0,0,0,0,0,0,0,0,0,0,1371,0,0,0,0,0,0,0,0,0,0,407,0,0,0,0,0,0,0,0,0,0,0,0,0,0,0,0,0,0,0,0,0,0,0,0,0,0,0,0,0,0
contig_20383,0,499,0,0,0,0,0,0,0,0,0,0,0,0,0,0,570,0,0,0,0,0,0,0,0,0,0,0,0,349,0,0,0,0,0,0,0,0,0,125,0,0,0,0,0,0,0,0,517,202,405,0,0,0,0,0,291,0,993,0,0,254,0,0,0,0,0,0,0,0,0,0,0,428,0,0,0,0,0,0,0,0,0,0,0,0,851,0,0,250,0,0
contig_20399,10282,3586,740,0,0,0,116,0,0,0,0,0,0,0,4713,22994,1913,0,0,0,0,0,0,0,0,0,0,2911,0,5020,0,0,0,0,0,0,0,0,0,66,0,0,0,0,0,329,0,0,0,0,0,0,222,1180,0,0,0,0,472,833,548,2469,0,778,0,0,0,0,0,0,0,0,0,190,0,0,0,0,0,0,7976,0,0,0,0,0,0,0,0,454,0,0
contig_20426,0,0,0,81,0,0,0,0,0,0,0,0,0,0,16757,0,0,0,0,0,0,0,0,0,0,0,0,0,0,0,0,0,0,0,0,0,0,0,0,0,0,0,0,0,0,0,0,0,1103,428,231,0,0,0,0,0,0,0,0,0,5330,379,0,0,0,0,113,0,0,61,0,0,0,597,0,0,0,0,0,0,0,0,0,0,0,0,0,0,0,0,0,0
contig_20431,0,0,0,0,0,0,0,0,0,0,0,0,0,0,0,0,0,0,0,0,0,0,0,0,0,0,0,0,0,0,0,26,0,0,0,0,0,83,0,0,0,0,0,0,0,0,0,0,0,0,0,0,0,0,0,0,0,0,0,0,0,0,0,0,0,0,0,0,0,0,0,0,0,0,0,0,0,0,0,0,0,0,0,0,0,0,0,0,0,192,136,0
contig_20452,0,12410,0,0,0,0,0,0,0,0,0,0,0,0,0,0,0,0,0,0,0,0,0,0,0,0,0,0,0,1869,0,0,0,0,0,0,0,0,0,0,0,0,0,0,0,0,0,0,0,0,801,0,0,66,0,0,0,0,0,2360,26645,2159,0,229,0,0,0,1196,0,0,0,0,0,0,0,0,0,0,0,0,0,0,0,0,0,0,0,0,0,0,0,0
contig_20456,0,0,0,543,0,0,0,0,0,0,0,0,0,0,0,0,0,0,0,0,0,0,0,0,0,0,0,0,0,0,0,0,0,0,0,0,0,0,0,0,0,0,0,0,0,0,0,0,0,0,0,0,0,0,0,0,0,0,0,0,3503,742,0,0,0,0,0,506,0,0,0,0,0,0,0,0,0,0,0,0,0,0,0,0,0,0,0,0,0,0,0,0
contig_20457,0,0,0,434,0,0,0,0,0,0,0,0,0,1581,0,0,0,0,0,0,0,0,0,0,0,0,0,0,0,7069,3012,0,0,0,0,0,0,0,0,0,0,0,74018,0,0,0,0,0,0,0,0,0,0,0,0,0,0,32521,0,0,0,42598,0,0,0,0,0,0,0,0,0,0,0,0,0,0,0,0,0,0,0,0,0,0,0,0,0,0,0,0,0,0
contig_20464,0,0,0,0,0,0,0,0,0,0,0,0,0,0,0,0,0,0,0,0,0,0,0,0,0,0,0,0,0,0,0,0,0,0,0,0,0,0,0,0,0,0,165,0,0,0,0,0,0,0,0,0,0,0,0,0,0,0,0,0,0,0,0,0,0,0,0,822,0,0,0,0,0,0,0,0,0,0,0,0,0,0,0,0,0,0,0,0,145,0,0,0
contig_20492,0,816,0,0,0,0,0,0,0,0,0,0,0,0,0,943,0,0,0,0,0,0,0,0,0,0,0,0,5313,2324,0,146,0,0,0,0,0,0,0,356,0,0,0,0,0,3371,2942,2763,732,0,363,0,0,0,52058,0,359,0,0,9252,0,385,0,809,0,0,0,0,909,0,0,0,0,0,0,0,0,0,0,0,0,0,0,0,0,0,2012,0,93,2063,0,0
contig_20493,0,1200,0,0,0,0,0,0,0,0,0,0,0,0,0,0,1617,0,0,0,0,0,0,0,0,0,0,3824,0,0,0,0,0,0,0,0,0,0,0,0,0,0,0,0,0,0,0,0,0,0,33,0,0,0,0,0,0,0,499,1794,1056,0,0,0,0,0,0,0,0,0,0,0,0,0,0,0,0,0,0,0,0,0,0,0,0,0,0,0,0,0,0,0
contig_205,0,0,0,0,0,0,0,0,0,0,0,0,0,0,0,0,0,0,0,0,11468,2423,0,11476,713,57143,91924,0,0,0,0,0,0,0,0,0,0,0,0,0,0,0,0,0,0,0,0,0,0,0,0,0,0,0,0,0,0,0,0,0,0,0,0,0,0,0,0,0,0,0,0,0,0,0,0,0,0,0,0,0,0,0,0,0,0,0,0,0,0,0,0,0
contig_20516,0,0,0,0,0,0,0,0,0,0,0,0,0,0,0,2987,0,0,0,0,0,0,0,0,0,0,0,0,0,1406,0,0,0,0,0,0,0,0,0,0,0,0,0,0,0,0,0,295,110,0,0,0,0,0,0,0,0,0,0,0,2573,180,0,0,0,0,0,0,0,0,0,0,0,0,0,0,0,0,0,0,0,0,0,0,0,0,0,0,0,0,0,0
contig_20527,0,0,0,0,0,0,0,0,0,0,0,0,0,0,0,0,0,80,0,126,0,0,0,0,0,0,0,0,0,0,0,0,8379,0,0,0,0,0,0,0,1487,0,80,0,0,0,1819,166,12642,2093,9561,415,18504,11760,835,994,0,362,0,0,0,0,0,198,0,0,1969,1566,5752,1439,641,0,0,0,0,0,0,0,0,0,0,0,0,0,0,0,19160,0,276,12297,0,0
contig_20535,0,0,0,0,0,1275,0,0,0,0,0,0,0,0,0,0,0,0,0,0,0,0,0,0,0,0,0,0,0,2190,0,0,0,0,0,0,0,0,0,0,0,0,0,0,0,0,0,0,753,0,0,0,0,0,0,0,0,0,0,0,3890,283,0,0,0,0,0,0,0,0,0,0,0,0,0,0,0,0,0,0,0,0,0,0,0,0,0,0,0,0,0,0
contig_20568,0,0,0,0,0,0,0,0,0,0,0,0,0,0,0,0,0,0,0,0,0,0,0,0,0,0,0,0,0,0,0,0,0,0,0,0,0,0,0,0,0,0,0,0,0,603,0,0,43,0,54,0,0,0,0,0,0,0,0,0,1699,0,0,0,0,0,0,0,53096,0,0,0,0,0,0,0,0,0,0,0,0,0,0,0,0,0,0,0,0,0,0,0
contig_20570,0,0,0,0,0,0,0,0,0,0,849,0,0,144,0,0,0,0,0,0,0,0,0,0,0,0,0,0,0,0,0,289,0,0,0,0,0,0,0,0,0,0,0,0,0,0,0,0,0,0,0,0,0,0,0,0,0,0,0,0,0,0,0,0,0,0,0,0,0,0,0,0,0,0,0,0,0,0,0,0,0,0,0,0,0,0,0,0,0,7983,131,0
contig_20577,0,0,0,0,0,0,0,0,0,0,0,0,0,0,0,0,0,0,0,0,0,0,0,0,0,0,0,0,0,0,0,0,0,0,0,0,0,30,0,0,0,0,0,0,0,0,0,0,0,0,0,0,0,0,0,0,0,0,0,0,0,0,0,0,0,0,0,0,0,0,0,0,0,0,0,0,0,0,0,0,0,0,0,0,0,0,0,0,0,247,58,0
contig_2059,0,0,0,0,0,0,0,38,53,0,0,0,41,0,0,0,0,0,0,0,0,0,0,0,0,0,0,0,0,0,0,0,0,0,0,0,0,0,0,0,0,0,0,0,0,0,0,0,0,0,0,0,0,0,0,0,0,0,0,0,0,0,0,0,0,0,0,0,0,0,0,0,0,0,0,0,0,0,0,0,0,0,0,0,0,0,0,0,0,0,0,0
contig_2060,0,0,0,0,0,0,0,0,36,0,23,0,31,0,0,0,0,0,0,0,0,0,0,0,0,0,0,0,0,0,0,0,0,0,0,0,0,0,0,0,0,0,0,0,0,0,0,0,0,0,0,0,0,0,0,0,0,0,0,0,0,0,0,0,0,0,0,0,0,0,0,0,0,0,0,0,0,0,0,0,0,0,0,0,0,0,0,0,0,0,0,0
contig_20611,0,0,0,0,0,0,351,0,0,0,0,0,0,0,2134,0,1900,0,0,0,0,0,0,0,0,0,0,1042,3216,908,76,112,0,0,0,0,0,0,0,0,0,0,0,0,0,788,1101,0,1702,2049,624,0,0,0,0,0,1300,0,671,4948,4502,1185,0,0,0,0,194,1107,2289,0,0,0,0,988,0,0,0,0,0,0,0,0,0,0,0,0,10122,0,0,276,0,0
contig_20619,0,0,0,0,0,957,0,0,0,0,0,0,0,0,0,0,0,0,0,0,0,0,0,0,0,0,0,0,0,68,0,0,0,0,0,0,0,0,0,0,0,0,0,0,0,0,0,0,0,0,0,71,0,0,0,0,0,0,0,0,0,1991,0,0,0,0,0,0,0,0,0,0,0,0,0,0,0,0,0,0,0,0,0,0,0,0,0,0,0,128,0,0
contig_20632,0,0,0,0,0,0,0,0,0,0,0,0,0,0,148,0,223,0,0,0,0,0,0,0,0,0,0,0,0,0,0,0,0,0,0,0,0,0,0,0,0,0,0,0,0,0,0,0,0,0,0,0,0,0,0,0,0,0,0,3776,0,1072,0,0,0,0,0,0,0,0,0,0,0,0,0,0,0,0,0,0,0,0,0,0,0,0,560,0,0,336,0,0
contig_20639,0,0,0,0,0,0,0,0,0,0,0,0,0,0,0,0,0,0,0,0,0,0,0,0,0,0,0,0,0,0,0,223,3546,0,0,0,0,0,0,0,0,0,0,0,75,0,0,0,0,0,0,0,0,0,0,0,0,0,0,0,0,0,0,0,0,0,0,0,0,0,0,0,0,0,0,0,0,0,0,0,0,0,0,0,0,0,0,0,0,0,0,0
contig_20659,0,0,0,0,1524,0,0,0,0,0,0,0,0,0,0,0,2165,0,0,0,0,842,0,0,0,0,0,0,2370,15053,1750,0,0,0,0,0,0,0,0,0,0,0,0,0,0,0,0,5243,0,0,0,0,0,0,0,0,3285,0,0,0,36761,6780,0,0,0,0,0,436,0,0,0,0,0,0,0,0,0,0,0,0,1765,0,0,0,0,0,0,0,0,0,0,0
contig_20664,0,0,0,0,0,0,0,0,0,0,0,0,0,0,0,0,0,0,0,0,0,0,0,0,0,0,0,0,0,260,0,0,0,0,0,0,0,0,0,0,0,0,0,0,0,0,0,0,752,0,0,67,0,0,0,0,0,0,0,0,0,170,0,0,0,0,0,300,0,0,0,0,0,327,0,0,0,0,0,0,0,0,0,0,0,0,0,0,0,0,0,0
contig_20684,0,0,0,0,0,0,0,0,0,0,0,0,0,0,0,374,0,0,0,0,0,0,0,0,0,0,0,43,5235,507,0,0,0,0,0,0,0,0,0,0,0,0,0,0,0,646,0,0,0,0,0,0,0,0,0,0,0,0,0,0,1305,468,0,0,0,0,0,0,0,0,0,0,0,0,0,0,0,0,0,0,0,0,0,0,0,0,0,0,0,0,0,0
contig_20692,0,0,0,0,0,0,0,0,0,0,0,0,0,0,0,0,0,0,0,0,0,0,0,0,0,0,0,0,0,0,0,0,0,0,0,0,0,0,0,0,0,0,0,0,0,0,0,1196,0,0,0,0,0,0,0,0,0,0,0,0,2685,0,0,0,0,0,0,0,0,858,0,0,0,0,0,0,0,0,0,0,0,0,0,0,0,0,0,0,0,0,0,0
contig_20696,0,0,0,0,0,0,0,0,0,0,0,0,0,0,0,0,0,0,0,0,0,0,0,0,0,0,0,0,0,0,0,0,0,0,0,0,0,0,0,0,0,0,0,0,0,0,0,0,0,0,0,0,0,0,0,0,137,0,0,0,97,132,0,0,0,0,0,0,0,0,0,0,0,277,0,0,0,0,0,0,0,0,0,0,0,0,0,0,0,0,0,0
contig_20705,0,1510,0,0,0,0,427,0,0,0,0,0,0,0,17503,2061,3452,0,0,0,0,0,0,0,0,0,0,1117,3302,4471,0,0,0,0,0,0,0,0,0,266,0,0,0,0,0,2465,0,1582,0,0,0,0,0,0,0,0,723,0,0,43323,5538,503,0,0,0,0,0,0,0,0,0,0,0,0,0,0,0,0,0,0,0,0,0,0,0,0,0,0,0,375,0,0
contig_20711,0,0,0,0,0,0,0,0,0,0,0,0,0,0,0,0,0,0,0,0,0,0,0,0,0,0,0,0,7172,0,0,0,0,0,0,0,0,0,0,0,0,0,0,0,0,0,0,0,0,0,0,0,0,0,0,0,0,0,0,0,1974,517,0,0,0,0,0,0,0,0,0,0,0,102,0,0,0,0,0,0,0,0,0,0,0,0,0,0,0,0,0,0
contig_20713,0,0,0,0,0,0,0,0,0,0,0,0,0,0,0,0,0,0,0,0,0,0,0,0,0,0,0,0,0,0,0,33,0,0,0,0,0,502,0,0,0,0,0,0,0,0,0,0,0,0,0,0,0,0,0,0,0,0,0,0,0,884,0,0,0,0,0,0,0,0,0,0,0,0,0,0,0,0,0,0,0,0,0,0,0,0,0,0,87,46,0,0
contig_20720,0,0,0,0,0,0,0,0,0,0,0,0,0,0,0,0,0,0,0,0,0,0,0,0,0,0,0,0,0,0,0,0,0,0,0,0,0,0,0,0,0,0,0,0,0,0,0,0,0,0,0,0,0,185,0,0,0,0,0,0,0,797,0,0,0,0,0,0,0,0,0,0,0,0,0,0,0,0,0,0,0,0,0,0,0,0,0,0,0,157,0,0
contig_20745,0,0,0,0,0,0,0,0,0,0,0,0,0,0,0,0,0,0,0,0,0,0,0,0,0,0,0,0,0,0,754,0,0,0,0,0,0,0,0,0,0,0,0,0,0,0,0,0,0,0,0,0,0,0,0,0,0,0,0,0,0,1990,54,0,0,0,0,0,0,0,0,0,0,0,0,0,0,0,0,0,0,0,0,0,0,0,0,0,244,0,0,0
contig_20770,0,0,0,0,0,0,0,0,0,0,0,0,0,0,0,0,0,0,0,0,0,0,0,0,0,0,0,0,0,0,0,0,0,0,0,0,0,0,0,0,0,0,0,0,0,0,0,1732,85,124,2103,0,0,163,0,0,0,0,0,0,1277,190,0,0,0,0,0,348,0,140,0,0,0,267,0,0,0,0,0,0,0,0,0,0,0,0,0,0,66,94,0,0
contig_20816,0,0,0,0,0,0,0,0,0,0,0,0,0,0,0,1876,0,0,0,0,0,0,0,0,0,0,0,0,2183,0,0,0,0,0,0,0,0,0,0,0,0,0,0,0,0,941,95,0,0,0,0,0,0,0,0,0,0,0,0,2560,2201,0,0,0,0,0,0,0,0,0,0,0,0,0,0,0,0,0,0,0,0,0,0,0,0,0,0,0,0,0,0,0
contig_20850,0,0,0,0,0,0,0,0,0,0,0,0,0,0,0,0,0,0,0,142,0,0,0,0,0,0,0,0,0,0,0,0,1540,0,0,0,0,0,0,0,0,117,78,0,3551,0,0,0,0,0,0,0,0,0,0,313,0,0,0,0,0,0,0,0,0,0,0,0,0,0,0,0,0,311,0,0,0,22,0,0,0,0,0,0,0,0,0,0,45,0,0,0
contig_20854,0,0,0,194,110,0,0,0,0,0,0,0,0,0,0,0,0,0,0,0,0,0,0,0,0,0,0,0,0,209,0,0,0,0,0,0,0,0,0,0,0,0,0,0,0,0,0,667,741,844,1112,0,0,0,0,0,0,0,0,0,1523,394,0,0,0,0,0,74,0,593,0,0,0,1386,0,0,0,0,0,0,0,0,0,0,0,0,0,0,0,0,0,0
contig_2086,0,0,0,0,0,178,0,0,0,0,0,0,694,0,0,0,0,0,0,0,0,0,0,0,0,0,0,0,0,0,0,0,0,0,0,0,201,0,0,0,0,0,0,0,75,0,0,0,0,0,0,0,0,0,0,0,0,0,0,0,0,0,0,0,0,4221,0,0,0,0,0,0,0,0,0,0,0,0,80,0,0,0,0,0,0,0,0,0,0,0,0,0
contig_2087,0,0,0,0,0,164,0,0,0,0,0,0,613,0,0,0,0,0,0,0,0,0,0,0,0,0,0,0,0,0,0,0,0,0,0,0,201,0,0,0,0,0,0,0,0,0,0,0,0,0,0,0,0,0,0,0,0,0,0,0,0,0,0,0,0,5061,0,0,0,0,0,0,0,0,0,0,0,0,0,0,0,0,0,0,0,0,0,0,0,0,0,0
contig_20900,10554,3193,0,0,0,0,0,0,0,0,0,0,0,0,24092,156789,6431,0,0,0,0,0,0,0,0,0,0,0,0,0,0,0,0,0,0,0,0,0,0,0,0,0,0,0,0,8900,0,0,0,0,0,0,0,0,0,0,0,0,2665,0,4002,0,0,6066,0,0,0,0,0,0,0,0,0,2135,0,0,0,0,0,0,0,0,0,0,0,0,0,0,0,0,0,0
contig_20918,0,0,0,0,0,0,0,0,0,0,0,0,0,0,0,0,0,0,0,0,0,0,0,0,0,0,0,0,0,0,0,0,0,0,0,0,0,0,0,0,0,0,0,0,0,0,0,0,116,126,153,0,0,0,0,0,0,0,0,0,12284,163,0,0,0,0,0,0,0,0,0,0,0,0,0,0,0,0,0,0,0,0,0,0,0,0,0,0,0,0,0,0
contig_20923,0,0,0,0,0,0,0,0,0,0,0,0,0,0,0,0,0,0,0,0,0,0,0,0,0,0,0,0,0,0,0,0,0,0,0,0,0,0,0,0,0,0,0,0,0,0,0,0,0,0,0,0,0,0,0,0,0,0,0,295,0,0,0,265,0,0,0,0,0,0,0,0,0,0,0,0,0,0,0,0,0,0,0,0,0,0,0,0,0,95,0,0
contig_20924,0,0,0,0,0,0,0,0,0,0,0,0,0,0,0,0,0,0,0,0,0,0,0,0,0,0,0,0,0,0,0,28,0,0,0,0,0,0,0,0,0,0,0,0,0,0,0,0,0,0,0,0,0,0,0,0,0,0,0,0,0,0,0,0,0,0,0,0,0,0,0,0,0,0,0,0,0,0,0,0,0,0,0,0,0,0,0,0,0,152,29,0
contig_20926,0,0,0,0,0,0,0,0,0,0,0,0,0,0,0,0,0,0,0,0,0,0,0,0,0,0,0,0,0,0,0,0,0,0,0,0,0,0,0,0,0,0,0,0,0,0,0,0,0,0,0,0,0,0,0,0,0,0,0,0,0,0,0,0,0,0,0,0,0,0,0,0,0,0,0,0,0,0,0,0,221,0,0,0,0,0,0,0,219,92,0,0
contig_20945,0,1570,0,123,178,0,0,0,0,0,0,0,0,0,0,0,0,0,0,0,0,0,0,0,0,0,0,0,0,0,0,0,0,0,0,0,0,0,0,0,0,0,0,0,0,0,0,115,112,263,1819,0,0,0,0,0,0,0,0,0,114,0,0,0,0,0,0,6600,0,0,0,0,0,0,0,0,0,0,0,0,0,0,0,0,0,0,0,0,0,0,0,0
contig_20972,0,0,0,350,320,154,0,0,0,0,0,0,0,0,0,0,0,0,0,0,0,0,0,0,0,0,0,0,0,0,458,0,0,0,0,0,0,898,0,0,0,0,0,0,0,0,0,0,0,922,5402,0,0,0,0,0,4009,0,0,0,0,118,53,0,0,0,2591,0,0,0,0,166,0,0,0,0,0,0,0,0,0,0,0,0,0,0,385,0,0,0,0,0
contig_20973,0,0,0,0,0,0,0,0,0,0,0,0,0,0,0,0,0,0,0,0,0,0,0,0,0,0,0,0,0,36,0,0,0,0,0,0,0,0,0,0,0,0,0,0,0,0,0,0,465,0,0,0,0,0,0,0,0,0,0,0,0,161,0,0,0,0,0,0,0,0,0,0,0,426,0,0,0,0,0,0,0,0,0,0,0,0,485,0,0,0,0,0
contig_20985,0,0,0,0,0,0,0,0,0,0,0,0,0,0,0,0,151,0,0,0,0,73,0,0,0,0,0,0,0,999,1041,0,0,0,0,0,0,0,0,0,0,0,0,0,0,0,1178,2233,1307,0,0,0,0,0,0,0,475,0,0,0,3275,739,0,0,0,0,0,857,1778,0,0,0,0,1749,0,0,0,0,0,0,78,0,0,0,0,0,0,0,130,0,0,0
contig_21027,0,0,0,0,0,0,0,0,0,0,0,0,0,0,0,0,0,0,0,0,0,0,0,0,0,0,0,0,0,0,0,0,0,0,0,0,0,0,0,116,0,0,0,0,0,0,0,0,0,0,0,0,2425,0,0,0,0,0,0,0,0,0,0,0,0,0,0,0,0,0,0,0,0,0,0,0,0,0,0,0,0,0,0,0,0,0,484,0,0,1844,0,0
contig_21043,0,0,0,0,0,0,0,0,0,0,0,0,0,0,0,0,0,0,0,0,0,0,0,0,0,0,0,0,0,0,0,0,0,0,0,0,0,0,0,599,1500,0,304,0,1099,0,0,0,0,0,0,0,0,0,0,0,0,0,0,0,0,0,0,0,0,0,0,0,0,0,0,0,0,0,0,0,0,0,0,0,0,0,0,0,0,0,0,0,0,689,0,0
contig_21076,0,0,0,146,0,0,0,0,0,0,0,0,0,0,0,0,0,0,0,0,0,0,0,0,0,0,0,0,0,171,0,0,0,0,0,0,0,0,0,0,0,0,0,0,111,0,0,0,0,419,226,0,0,0,0,0,0,0,0,0,275,0,0,0,0,0,0,277,0,0,0,0,0,427,0,0,0,0,0,0,0,0,0,0,0,0,0,0,227,0,0,0
contig_21077,0,0,0,0,0,0,0,0,0,0,0,0,0,0,0,0,0,0,0,0,0,0,0,0,0,0,0,0,0,0,4397,0,0,0,0,0,0,0,0,73,0,0,0,0,0,0,0,0,0,0,0,0,0,0,0,0,0,0,0,0,0,0,0,0,0,0,0,0,0,0,0,0,0,0,0,0,0,0,0,0,0,0,0,0,0,0,0,0,58,1464,0,0
contig_21079,0,0,0,0,0,0,0,0,0,0,0,0,0,0,11085,0,2827,0,0,0,0,0,0,0,0,0,0,0,295,0,0,0,0,0,0,0,0,0,0,0,0,0,0,0,0,0,0,0,0,0,0,0,0,0,0,0,0,0,4034,10789,0,1751,0,0,0,0,0,0,0,0,0,0,0,0,0,0,0,0,0,0,0,0,0,0,0,0,0,0,0,1010,0,0
contig_21107,0,0,0,0,0,0,0,0,0,0,0,0,0,0,0,0,0,0,0,0,0,0,0,0,0,0,0,0,0,2000,0,0,0,0,0,0,0,0,0,0,0,0,0,0,0,0,0,1144,2700,3937,5856,0,0,0,0,0,0,0,0,0,6327,384,0,0,0,0,0,4239,0,0,0,0,0,0,0,0,0,0,0,0,0,0,0,0,0,0,0,0,0,0,0,0
contig_21147,0,0,0,0,0,0,0,0,0,0,0,0,0,0,0,0,0,0,0,0,0,0,0,0,0,0,0,0,0,401,435,0,0,0,0,0,0,260,0,0,0,0,0,0,0,0,0,0,0,0,0,0,0,0,0,0,0,0,0,0,0,0,0,0,0,0,0,0,614,0,0,0,0,0,0,0,0,0,0,0,0,0,0,0,0,0,0,0,0,0,0,0
contig_21148,0,0,0,0,0,0,0,0,0,0,0,0,0,0,0,0,0,0,0,0,0,0,0,0,0,0,0,0,0,1754,0,0,0,0,0,0,0,0,0,0,0,33,0,0,0,0,0,0,11948,0,2669,0,0,0,0,0,0,0,0,0,2029,728,0,0,0,0,0,0,0,0,0,0,0,1255,0,0,0,0,0,0,0,0,0,0,0,0,0,0,0,0,0,0
contig_21152,0,0,0,0,0,0,0,0,0,0,0,0,0,0,0,0,0,0,0,0,0,0,0,0,0,0,0,0,0,0,0,0,0,0,0,0,0,0,0,0,0,0,0,0,0,0,0,1517,1049,0,0,0,0,0,0,0,0,0,0,0,0,92,0,0,0,0,0,0,0,0,0,0,0,0,0,0,0,0,0,0,0,0,0,0,0,0,0,0,0,0,0,0
contig_21166,0,0,0,0,0,0,0,0,0,0,0,0,0,0,0,0,0,0,0,0,0,0,0,0,0,0,0,0,0,0,0,0,0,0,0,0,0,0,0,0,0,0,0,0,0,130,0,0,0,0,0,0,0,0,0,0,0,0,0,0,0,613,0,0,0,0,0,151,0,0,0,0,0,0,0,0,0,0,0,0,78,0,0,0,0,0,0,0,0,0,0,0
contig_21172,0,0,0,0,0,0,0,0,0,0,0,0,0,0,0,0,0,0,0,0,0,0,0,0,0,0,0,0,1452,916,0,0,0,0,0,0,0,0,0,0,0,0,0,0,0,0,0,0,0,0,313,0,0,0,0,0,536,0,0,0,0,104,0,0,0,0,0,0,0,0,0,0,0,898,0,0,0,0,0,0,0,0,0,0,0,0,0,0,0,737,0,0
contig_212,0,0,0,0,0,0,0,0,0,0,0,0,0,0,0,0,0,0,0,0,25541,2653,0,11801,606,103398,77922,0,0,0,0,0,0,0,0,0,0,0,0,0,0,0,0,0,0,0,0,0,0,0,0,0,0,0,0,0,0,0,0,0,0,0,0,0,0,0,0,0,0,0,0,0,0,0,0,0,0,0,0,0,0,0,0,0,0,0,0,0,0,0,0,0
contig_21217,0,0,0,127,0,0,0,0,0,0,0,0,0,0,0,0,0,0,0,0,0,0,0,0,0,0,0,0,0,93,23,0,0,0,0,0,0,0,0,0,0,0,0,0,0,0,0,0,569,110,0,0,0,0,0,0,0,0,0,0,481,3994,0,0,0,0,0,0,0,0,67,0,0,540,0,0,51,0,0,0,0,0,0,0,0,0,0,0,67,0,0,0
contig_21220,0,0,0,0,0,0,0,0,0,0,0,0,0,0,0,0,0,0,0,0,0,0,0,0,0,0,0,873,0,0,0,0,0,0,0,0,0,0,0,0,0,0,0,0,0,0,0,0,0,0,0,0,0,0,0,0,974,0,0,0,4094,477,0,0,0,0,0,0,0,0,0,0,0,0,0,0,0,0,0,0,0,0,0,0,0,0,0,0,0,0,0,0
contig_21228,0,1978,0,683,0,0,0,0,0,0,0,0,0,0,0,1445,1738,0,0,35,0,0,0,0,0,0,0,0,0,0,0,0,0,0,0,0,0,0,0,0,0,0,0,0,0,0,0,0,0,0,0,0,0,0,0,119,0,0,0,0,4093,415,0,0,0,0,0,798,0,0,0,0,0,0,0,0,0,0,0,0,0,0,0,0,0,0,0,0,0,0,0,0
contig_21230,0,0,0,0,0,0,0,0,0,0,0,0,0,0,0,0,0,0,0,0,0,0,0,0,0,0,0,0,0,0,0,521,0,0,0,0,0,2039,0,0,0,0,0,0,0,0,0,0,0,0,0,0,0,0,0,0,0,0,0,0,0,0,0,0,0,0,0,0,0,0,0,0,0,0,0,0,0,0,0,0,0,0,0,0,0,0,0,0,933,69663,873,0
contig_21240,0,0,0,0,0,0,0,0,0,0,0,0,0,0,0,0,0,191,0,596,0,0,0,0,0,0,0,0,0,0,0,489,0,0,0,0,0,195,0,0,0,0,0,0,0,0,0,0,0,0,0,4266,0,3559,0,0,0,0,0,0,0,0,0,0,0,0,0,0,0,0,0,0,0,15510,0,0,0,0,0,0,0,0,0,0,0,0,0,0,252,10416,0,0
contig_21265,0,3382,0,215,155,0,6310,0,0,0,0,0,0,0,0,0,0,0,0,0,0,0,0,0,0,0,0,0,0,420,41,78,0,0,0,0,0,166,0,0,0,0,0,0,0,0,0,1665,1000,1108,2285,0,0,462,0,1074,0,0,0,0,4824,1098,0,723,0,0,208,69,0,556,298,0,0,1459,0,0,0,0,0,0,0,0,0,0,0,0,3056,0,83,491,0,0
contig_21267,0,0,0,0,0,0,0,0,0,0,0,0,0,0,0,0,0,0,0,0,0,0,0,30,0,0,0,0,0,0,0,0,0,0,0,0,0,101,0,0,0,0,0,0,0,0,0,0,0,0,0,0,0,0,0,0,0,0,0,0,0,0,0,0,0,0,0,0,0,0,0,0,0,0,0,0,0,0,0,0,0,0,0,0,0,0,0,0,30,60,0,0
contig_21289,0,0,0,0,0,0,0,0,0,0,0,0,0,0,0,0,0,0,0,0,0,0,0,0,0,0,0,0,0,0,0,289,2447,0,0,0,0,0,0,758,0,0,0,0,0,0,0,0,1788,0,0,767,0,0,0,0,0,0,0,0,0,0,0,0,0,0,529,1554,708,0,0,0,0,10071,0,0,0,0,0,0,0,0,0,0,0,0,7794,0,0,2118,0,0
contig_21291,0,0,0,0,0,0,3507,0,0,0,0,0,0,0,0,420,0,0,0,0,0,0,0,0,0,0,0,0,5714,348,0,0,0,0,0,0,0,0,0,0,0,0,0,0,0,0,517,0,0,0,0,0,0,0,0,0,0,0,0,0,4094,269,0,0,0,0,0,0,0,0,0,0,0,0,0,0,0,0,0,0,0,0,0,0,0,0,0,0,0,0,0,0
contig_21294,0,0,0,0,0,0,0,0,0,0,0,0,0,0,6243,0,476,0,0,0,0,0,0,0,0,0,0,0,0,1156,0,0,0,0,0,0,0,0,0,0,0,0,0,0,0,0,0,0,359,0,0,0,0,0,0,0,0,0,0,0,0,0,0,0,0,0,0,0,204,0,0,0,0,0,0,0,0,0,0,0,0,0,0,0,0,0,0,0,0,0,0,0
contig_21309,0,0,0,0,0,0,0,0,0,0,0,0,0,0,0,0,0,0,0,0,0,0,0,0,0,0,0,0,888,1523,0,0,1650,0,0,0,0,0,0,835,0,0,0,0,0,0,0,1393,4137,0,4894,0,0,0,0,2589,3065,0,2340,0,11025,1852,0,0,547,0,0,579,0,0,0,0,0,7580,0,0,0,0,0,0,0,0,0,0,0,0,10156,0,183,2133,0,0
contig_21311,0,2333,0,0,0,0,3368,0,0,0,0,0,0,0,0,0,807,0,0,0,0,0,0,0,0,0,0,0,1243,1963,0,0,1711,0,0,0,0,0,0,987,0,0,0,0,0,0,0,0,5178,0,4995,83,0,1607,0,2347,2658,0,0,0,7345,2138,0,326,0,0,0,255,0,673,0,0,0,8309,0,1695,0,0,0,0,0,0,0,0,0,0,14159,0,247,2495,0,0
contig_21330,0,0,4120,0,0,466,0,0,0,0,0,0,0,0,0,0,0,0,0,0,0,0,0,0,0,0,0,0,0,0,0,0,0,0,0,0,0,0,0,0,0,0,0,0,0,0,3145,0,0,95,683,0,0,0,0,0,5774,0,0,0,0,3001,0,0,235,0,0,1177,0,0,0,0,0,0,0,0,0,0,0,0,188,0,0,0,0,0,0,0,0,0,0,0
contig_21332,0,0,0,0,0,0,0,0,0,0,0,0,0,0,0,0,0,0,0,0,0,0,0,0,0,0,0,0,0,0,0,0,2365,0,0,0,0,2532,0,0,0,0,0,0,0,0,0,0,0,0,0,0,0,0,0,63,0,0,0,0,0,0,0,0,0,0,0,0,0,0,0,0,0,0,0,0,0,0,0,0,0,0,0,0,0,0,0,0,0,0,0,0
contig_21333,0,0,0,0,0,0,0,0,0,0,0,0,0,0,0,0,0,0,0,0,0,0,0,0,0,0,0,0,0,0,0,0,0,0,0,0,0,0,0,0,0,0,0,0,0,0,0,0,509,0,593,135,0,0,0,0,0,0,0,0,0,0,0,0,0,0,0,0,0,0,0,0,0,0,0,0,0,0,0,0,0,0,0,0,0,0,0,0,0,0,0,0
contig_21342,0,0,0,0,0,0,0,0,0,0,0,0,0,0,0,0,0,0,0,0,0,0,0,0,0,0,0,0,0,5065,0,0,0,0,0,0,0,0,0,0,0,0,0,0,0,0,0,3295,0,2017,906,0,0,155,0,0,1015,0,0,0,32844,2140,0,0,0,0,0,0,0,246,0,0,0,0,0,0,0,0,0,0,0,0,0,0,0,0,0,0,111,670,0,0
contig_21360,0,0,258,0,0,509,0,0,0,0,0,0,0,0,0,593,0,0,0,0,0,0,0,0,0,0,0,3490,79323,595,0,0,0,0,0,0,0,0,0,330,0,0,0,0,0,798,148,2486,0,0,272,0,2497,80,0,0,1577,0,0,8074,6415,1368,0,0,0,0,0,0,0,0,0,0,0,440,0,0,0,0,0,0,120,0,0,0,0,0,0,0,0,62,0,0
contig_21365,0,967,0,0,0,0,0,0,0,0,0,0,0,0,10216,0,0,0,0,0,0,0,0,0,0,0,0,0,0,2035,0,0,0,0,0,0,0,0,0,0,0,0,0,0,0,0,0,0,3256,0,1454,0,0,0,0,0,7657,0,0,0,13226,1559,0,0,0,0,0,702,0,0,0,0,0,0,0,0,0,0,0,0,0,0,0,0,0,0,0,0,0,0,0,0
contig_21398,0,0,3147,581,58,0,0,78,0,0,48,0,0,103,0,0,0,298,0,266,0,0,0,0,0,0,0,0,1116,20618,3096,85,4948,0,0,0,0,0,0,0,0,0,0,0,0,0,0,0,0,0,0,520,0,0,0,130,777,243,0,0,0,0,0,2916,0,0,0,4563,799,0,0,0,0,3558,0,0,52,37,0,0,180,0,0,0,0,0,0,0,0,1303,0,0
contig_214,0,0,0,0,0,0,0,0,0,0,0,0,0,0,0,0,0,0,0,0,9363,509,0,3798,94,14866,17998,0,0,0,0,0,0,0,0,0,0,0,0,0,0,0,0,0,0,0,0,0,0,0,0,0,0,0,0,0,0,0,0,0,0,0,0,0,0,0,0,0,0,0,0,0,0,0,0,0,0,0,0,0,0,0,0,0,0,0,0,0,0,0,0,0
contig_21415,0,0,0,0,0,0,0,0,0,0,0,0,0,34,0,0,0,0,0,102,0,0,0,0,0,0,0,0,0,0,0,0,0,0,0,0,0,0,0,0,0,0,0,0,470,0,0,0,0,0,0,14758,0,0,0,0,0,0,0,0,0,0,0,0,0,0,0,0,0,0,0,0,0,54741,0,0,0,0,0,0,0,0,0,0,0,0,0,0,0,0,0,0
contig_21422,0,0,4924,0,0,0,4493,0,0,0,0,0,0,0,2151,19799,4310,0,0,0,0,0,0,0,0,0,0,0,2035,4548,0,0,0,0,0,0,0,0,0,1246,0,0,0,0,0,0,0,2944,0,2533,466,0,0,0,0,0,0,0,0,0,3120,0,0,0,0,0,0,786,0,0,0,0,0,0,0,0,0,0,0,0,0,0,0,0,0,0,0,0,0,185,0,0
contig_21457,0,0,0,113,0,0,0,0,0,0,0,0,0,0,0,0,1507,0,0,0,0,0,0,0,0,0,0,0,0,0,0,0,0,0,0,0,0,0,0,0,0,0,205,0,0,0,0,0,76,0,87,0,0,0,0,0,0,0,0,0,520,1668,0,0,0,0,0,0,0,0,0,0,0,0,0,0,0,0,0,0,0,0,0,0,0,0,0,0,3783,8170,0,0
contig_21464,0,0,0,0,0,0,0,0,0,0,0,0,0,0,0,0,0,0,0,0,0,0,0,0,0,0,0,0,0,0,0,0,0,0,0,0,0,0,0,0,0,0,0,0,0,0,0,0,0,0,0,0,0,0,0,0,0,0,0,0,0,0,0,0,0,0,0,0,0,2446,141,1749,0,0,0,0,0,0,0,0,0,0,0,0,0,0,0,0,0,0,0,0
contig_21473,0,0,0,0,0,0,0,0,0,0,0,0,0,0,0,0,0,0,0,0,0,0,0,0,0,0,0,0,1855,1178,0,0,0,0,0,0,0,0,0,0,0,0,0,0,0,0,0,154,105,242,740,0,0,0,0,0,1677,0,442,0,0,0,0,0,0,0,0,0,0,0,0,0,0,0,0,0,0,0,0,0,0,0,0,0,0,0,0,0,0,41,0,0
contig_21496,0,0,0,0,0,0,0,0,0,0,0,0,0,0,0,0,0,0,0,0,0,0,0,0,0,0,0,0,0,0,0,0,0,0,0,0,0,0,0,0,0,0,99,0,0,0,0,0,0,0,0,0,0,0,0,0,0,0,0,0,0,0,130,0,0,0,0,0,534,0,0,0,0,0,0,0,0,0,0,0,0,0,0,0,0,0,0,0,0,1528,0,0
contig_21501,0,0,0,0,0,0,0,0,0,0,0,0,0,0,0,0,0,0,0,0,0,0,0,0,0,0,0,0,0,3962,1001,1724,5668,0,0,0,0,546,0,0,0,0,0,0,0,0,0,0,0,0,0,5647,0,0,0,0,2470,0,0,0,0,0,0,1618,0,0,768,2077,1378,0,0,0,0,21105,0,0,0,0,0,0,0,0,0,0,0,0,22334,0,0,7965,0,0
contig_21519,0,0,0,0,0,0,0,0,0,0,0,0,0,0,0,0,0,0,0,0,0,0,0,0,0,0,0,0,0,62,0,0,0,0,0,0,0,0,0,0,0,0,0,0,0,0,0,0,0,0,0,0,0,0,0,0,0,0,0,0,0,119,0,0,0,0,0,97,0,0,0,0,0,0,0,0,0,0,0,0,0,0,0,0,0,0,0,0,0,0,0,0
contig_21532,0,0,0,0,0,0,0,0,0,0,0,0,0,0,0,0,0,0,0,0,0,0,0,0,0,0,0,0,0,0,0,0,0,0,0,0,0,0,0,0,0,0,0,0,0,0,0,0,111,0,0,0,0,0,0,131,1420,0,0,0,0,0,54,0,0,0,0,0,0,0,0,0,0,0,0,0,0,0,0,0,0,0,0,0,0,0,0,0,0,0,0,0
contig_21550,0,0,0,1472,0,0,0,0,0,0,0,0,0,0,0,0,0,0,0,0,0,0,0,0,0,0,0,0,0,0,0,0,0,0,0,0,0,0,0,0,0,0,0,0,192,0,0,0,0,0,0,0,0,0,0,0,0,0,0,0,0,2183,0,0,0,0,0,0,0,0,0,0,0,0,0,0,0,0,0,0,0,0,0,0,0,0,0,0,0,0,0,0
contig_21551,0,163,0,128,0,0,0,0,0,0,0,0,0,0,0,0,0,0,0,0,0,0,0,0,0,0,0,0,0,0,0,0,0,0,0,0,0,0,0,0,0,0,0,0,0,0,0,266,72,0,150,0,0,0,0,0,0,0,0,0,998,74,0,0,0,0,0,0,0,0,0,0,0,0,0,0,0,0,0,0,0,0,0,0,0,0,0,0,0,0,0,0
contig_21600,0,0,0,0,0,0,0,0,0,0,0,0,0,0,0,0,0,0,0,0,0,0,0,0,0,0,0,0,0,0,0,0,68,0,0,0,0,0,0,0,0,0,0,0,0,0,0,0,0,0,0,0,0,0,0,0,0,0,0,55,0,1952,0,0,0,0,0,0,0,0,0,0,0,0,0,0,0,0,0,0,0,0,0,0,0,0,0,0,0,50,0,0
contig_21612,0,0,0,701,0,0,0,0,0,0,0,0,0,0,0,0,387,0,0,97,0,0,0,0,0,0,0,0,0,0,0,0,2210,0,834,0,0,0,0,4944,0,80,0,0,185,0,417,0,10084,1241,1046,0,2776,28994,0,0,0,975,0,0,0,0,714,0,127,0,765,3422,1774,2365,946,235,67,0,0,0,0,0,0,0,0,0,0,0,0,0,15251,0,82,6331,58,0
contig_21617,0,0,0,0,0,0,0,0,0,0,0,0,0,0,0,0,0,0,0,0,0,0,0,0,0,0,0,0,0,0,0,0,0,0,0,0,0,0,0,0,0,0,0,0,0,0,0,0,0,0,0,0,751,0,0,0,0,0,0,0,0,0,0,0,0,0,0,0,0,0,0,0,0,0,0,0,0,0,0,0,0,0,0,0,0,0,553,0,0,126,0,0
contig_21620,0,0,0,1338,0,0,0,0,0,0,0,0,0,0,0,0,0,0,0,0,0,0,0,0,0,0,0,0,0,0,0,665,2384,0,0,0,0,0,0,0,0,0,0,0,0,0,0,0,0,0,0,0,0,0,0,0,556,0,0,0,0,0,0,0,0,0,0,748,0,0,0,0,0,8981,0,0,0,0,0,0,103,0,0,0,0,0,3360,0,0,1679,0,0
contig_21647,0,0,0,4189,0,0,0,0,0,0,0,0,0,0,0,0,0,0,0,0,0,0,0,0,0,0,0,0,0,8873,0,0,0,0,0,0,0,0,0,0,0,0,0,0,0,0,0,0,0,0,0,0,0,0,0,0,0,0,0,0,592,0,0,0,0,0,0,0,0,0,0,0,0,0,0,0,0,0,0,0,0,0,0,0,0,0,0,0,0,0,0,0
contig_21650,0,0,0,0,0,0,0,0,0,0,0,0,0,0,0,0,0,0,0,0,0,0,0,0,0,0,0,0,0,0,0,0,0,0,0,0,0,130,0,0,0,0,0,0,0,0,0,0,0,0,0,0,0,0,0,0,0,0,0,0,0,0,0,0,0,0,0,0,0,0,0,0,0,0,0,0,0,0,0,0,0,0,0,0,0,0,0,0,0,176,15,0
contig_21654,0,0,0,0,0,0,0,0,0,0,0,0,0,0,0,0,1363,0,0,0,0,0,0,0,0,0,0,0,0,0,0,0,0,0,0,0,0,0,0,0,0,0,0,0,0,0,0,0,0,0,670,0,0,0,0,0,0,0,0,0,0,0,0,0,0,0,0,0,0,0,0,0,0,4589,0,0,0,0,0,0,0,0,0,0,0,0,0,0,0,0,0,0
contig_21679,0,0,0,0,0,0,0,0,0,0,0,0,0,0,0,0,0,0,0,0,0,0,0,0,0,0,0,0,0,0,0,0,0,0,0,0,0,0,0,0,0,0,0,0,0,0,0,0,194,188,823,0,0,0,0,0,0,0,0,0,0,0,0,0,0,0,0,0,0,0,0,0,0,0,0,0,0,0,0,0,0,0,0,0,0,0,0,0,0,0,0,0
contig_21689,0,218,0,0,0,0,0,0,0,0,0,0,0,0,597,312,141,0,0,0,0,0,0,0,0,0,0,0,0,0,0,0,0,0,0,0,0,0,0,0,0,0,0,0,0,196,0,74,0,0,0,0,0,0,0,0,0,0,995,0,462,75,0,0,0,0,0,0,47,0,0,0,0,187,0,0,0,0,0,0,0,0,0,0,0,0,0,0,0,0,0,0
contig_21695,0,0,0,0,0,0,0,0,0,0,0,0,0,0,0,0,0,0,0,0,0,0,0,0,0,0,0,0,0,0,0,0,0,0,0,0,0,0,0,0,0,0,0,0,0,0,0,0,96,0,124,0,0,0,0,0,0,0,0,0,0,0,0,0,0,0,0,0,0,0,0,0,0,0,0,0,0,0,0,0,0,0,0,0,0,0,0,0,0,376,0,0
contig_21721,0,0,0,0,0,0,0,0,0,0,0,0,0,0,0,0,0,0,0,0,0,0,0,0,0,0,0,0,0,0,0,0,0,0,0,0,0,689,0,0,0,0,0,0,0,0,0,0,0,0,0,0,0,0,0,0,0,0,0,0,0,295,0,0,0,0,0,0,0,0,0,0,0,451,0,0,0,0,0,0,0,0,0,0,0,0,0,0,0,0,0,0
contig_21737,0,39850,10043,0,0,0,1205,0,0,0,0,0,0,0,0,0,315,0,0,0,0,0,0,0,0,0,0,0,5030,5855,0,0,0,0,0,0,0,0,0,0,0,0,0,0,0,0,0,0,0,0,603,0,0,0,0,0,1797,0,3354,4644,51102,635,0,443,0,0,0,0,0,0,0,0,0,0,0,0,0,0,0,0,805,0,0,0,0,0,0,0,0,0,0,0
contig_21740,0,0,0,0,0,0,0,0,0,0,0,0,0,0,0,0,0,0,0,0,0,0,0,0,0,0,0,0,0,0,0,0,0,0,0,0,0,0,0,0,0,0,0,0,0,0,0,705,1433,0,0,0,0,0,0,0,313,0,0,0,67248,4922,0,0,0,0,0,0,0,0,0,0,0,0,0,0,0,0,0,0,0,0,0,0,0,0,0,0,105,0,0,0
contig_21751,0,0,0,0,0,0,0,0,0,0,0,0,0,0,4513,0,892,0,0,0,0,0,0,0,0,0,0,0,0,2654,0,187,0,0,0,0,0,0,0,0,0,0,0,0,0,0,619,1072,0,0,0,0,0,0,0,0,830,0,0,0,1741,0,0,0,0,0,0,0,0,0,0,0,0,0,0,0,0,0,0,0,0,0,0,0,0,0,0,0,0,0,0,0
contig_21763,0,0,0,0,0,0,0,0,0,0,0,0,0,0,840,0,1609,0,0,0,0,0,0,0,0,0,0,0,0,624,0,0,220,0,0,0,0,0,0,0,0,0,0,0,0,9661,0,1750,419,0,379,0,0,0,0,0,0,0,10257,0,27002,175,0,0,0,0,0,501,404,0,0,0,0,0,0,0,0,0,0,0,0,0,0,0,0,0,0,0,0,0,0,0
contig_21775,0,0,0,0,0,864,0,0,0,0,0,0,0,0,0,0,0,0,0,0,0,514,0,0,0,543,0,0,0,3068,0,0,0,0,0,0,0,0,0,0,0,0,0,0,0,0,0,0,0,0,276,0,0,0,0,0,0,0,0,0,0,1884,0,0,2121,0,0,0,0,0,0,0,0,0,0,0,0,0,0,0,0,0,0,0,0,0,0,0,268,0,0,0
contig_21777,0,0,0,0,0,0,0,0,0,0,0,0,0,0,0,0,0,0,0,0,0,0,0,0,0,0,0,0,0,0,0,0,0,0,0,0,0,0,0,0,0,0,0,0,0,0,0,0,0,0,178,0,0,0,0,0,834,0,0,0,0,0,0,0,0,0,0,0,4814,0,0,0,0,0,0,0,0,0,0,0,0,0,0,0,0,0,0,0,0,0,0,0
contig_21781,0,0,0,0,0,0,0,0,0,0,0,0,0,0,0,0,0,0,0,0,0,0,0,0,0,0,0,0,0,0,0,0,0,0,0,0,0,0,0,0,0,0,0,0,0,0,0,0,0,326,0,0,0,0,0,0,0,0,0,0,0,0,0,0,0,0,0,674,0,0,0,0,0,359,0,0,0,0,0,0,0,0,0,0,0,0,0,0,0,0,0,0
contig_21796,254210,2403,0,0,0,0,0,0,0,0,0,0,0,0,11302,38214,0,0,0,0,0,0,0,0,0,0,0,0,0,0,0,0,0,0,0,0,0,0,0,0,0,0,0,0,0,0,0,0,0,0,0,0,0,0,0,0,0,0,0,2664,0,303,0,0,801,0,0,0,0,0,0,0,0,0,0,0,0,0,0,0,0,0,0,0,0,0,0,0,0,0,0,0
contig_21810,0,0,0,284,0,0,6864,0,0,0,0,0,0,0,0,0,0,0,0,0,0,0,0,0,0,0,0,0,0,405,0,61,75,0,0,0,0,0,0,0,0,0,0,0,0,0,0,2187,878,1040,3088,0,0,467,0,1161,0,0,0,515,0,547,0,777,0,0,0,118,0,527,157,0,0,1573,0,0,0,0,0,0,0,0,0,0,0,0,3033,0,101,478,0,0
contig_21821,0,698,0,884,0,0,0,0,0,0,0,0,0,0,0,0,0,0,0,0,0,0,0,0,0,0,0,0,0,596,0,0,0,0,0,0,0,0,0,3497,0,0,0,0,0,0,0,114,973,748,930,0,0,0,0,0,0,0,0,0,488,838,0,0,0,0,0,665,0,0,0,0,0,0,0,0,0,0,0,0,0,0,0,0,0,0,0,0,0,848,0,0
contig_21824,0,0,0,0,0,0,0,0,0,0,0,0,0,0,0,0,0,0,0,0,0,0,0,0,0,0,0,0,0,0,0,0,0,0,0,0,0,56,0,0,0,0,0,0,0,0,0,0,0,0,0,0,0,0,0,0,0,0,0,0,0,0,0,0,0,0,0,0,0,0,0,0,0,0,0,0,0,0,0,0,0,0,0,0,0,0,0,0,0,278,176,0
contig_21836,0,0,0,0,0,0,0,0,0,0,0,0,0,0,0,0,0,0,0,0,0,0,0,0,0,0,0,0,0,0,0,0,0,0,0,0,0,0,0,0,0,0,0,0,0,0,0,41,0,0,0,0,0,10955,0,0,0,277,0,0,0,0,0,0,0,0,0,0,278,0,0,0,0,971,0,0,0,0,0,0,0,0,0,0,0,0,12972,0,0,8265,0,0
contig_21842,0,0,0,0,0,0,0,0,0,0,0,0,0,0,0,0,0,0,0,0,0,0,0,0,0,0,0,0,0,0,0,0,0,0,0,0,0,0,0,0,0,0,0,0,0,0,0,1552,1318,318,0,0,0,0,0,0,0,0,0,0,0,3283,0,0,0,0,0,0,0,0,0,0,0,0,0,0,0,0,0,0,0,0,0,0,0,0,0,0,0,0,0,0
contig_21863,0,477,3854,0,0,4248,0,0,0,0,0,0,0,0,3211,212,142,0,0,0,0,0,0,0,0,0,0,2172,1454,18953,0,0,0,0,0,0,0,0,0,0,0,0,0,0,0,1199,0,246,303,0,0,0,0,0,0,0,0,0,0,1567,9508,1143,0,0,0,0,0,0,0,0,0,0,0,0,0,0,0,0,0,0,1375,0,0,0,0,0,0,0,0,1959,0,0
contig_21867,0,0,0,0,0,0,0,0,0,0,0,0,0,0,0,2719,0,0,0,0,0,0,0,0,0,0,0,0,10247,6168,0,0,0,0,0,0,0,0,0,0,0,0,0,0,0,0,0,0,0,0,0,0,0,0,0,0,0,0,0,0,19169,786,0,0,0,0,0,0,0,0,0,0,0,0,0,0,0,0,0,0,0,0,0,0,0,0,0,0,0,0,0,0
contig_21872,0,2503,0,0,0,0,0,0,0,0,0,0,0,0,3041,30566,0,0,0,0,0,0,0,0,0,0,0,346,0,1389,0,0,0,0,0,0,0,0,0,0,0,0,0,0,0,411,0,0,0,0,0,0,0,429,0,0,0,0,0,0,0,675,0,71,0,0,0,0,0,0,0,0,0,0,0,0,0,0,0,0,1417,0,0,0,0,0,0,0,0,174,0,0
contig_21873,0,0,0,0,0,0,0,0,0,0,0,0,0,0,0,0,0,0,0,0,0,0,0,0,0,0,0,0,0,0,0,0,0,0,0,0,0,0,0,0,0,0,0,0,0,0,0,0,0,0,0,0,0,0,0,0,0,0,0,0,430,159,0,0,0,0,0,58,0,0,0,0,0,0,0,0,0,0,0,0,0,0,0,0,0,0,0,0,0,0,0,0
contig_21885,0,0,0,0,0,0,0,0,0,0,0,0,0,0,0,0,0,0,0,0,0,0,0,0,0,0,0,0,0,0,0,96,0,0,0,0,0,0,0,0,0,0,0,0,0,247,0,0,0,0,0,0,0,0,0,0,0,0,0,0,0,187,0,0,0,0,0,3761,0,0,0,0,0,0,0,0,0,0,0,0,289,0,0,0,0,0,0,0,82,0,0,0
contig_21894,0,0,0,0,0,0,0,0,0,0,0,0,0,0,0,0,0,0,0,0,0,0,0,0,0,0,0,0,0,0,0,0,0,0,0,0,0,0,0,0,0,0,0,0,0,0,0,0,0,0,0,785,0,0,0,0,0,0,0,0,0,0,0,0,0,0,0,81,0,0,0,0,0,4830,0,0,0,0,0,0,0,0,0,0,0,0,0,0,0,0,0,0
contig_21898,0,0,0,0,0,0,0,0,0,0,0,0,0,0,0,0,107,0,0,0,0,0,0,0,0,0,0,0,19562,374,0,0,0,0,0,0,0,0,0,309,0,0,0,0,0,426,0,0,0,0,0,0,0,347,0,0,499,0,0,718,4499,2606,0,0,0,0,0,0,0,0,0,0,0,3415,0,0,0,0,0,0,0,0,0,0,0,0,464,0,0,0,0,0
contig_21903,0,0,0,0,0,0,0,0,0,0,0,0,0,0,0,0,0,0,0,0,0,0,0,0,0,0,0,0,0,0,0,0,0,0,0,0,0,19,0,0,0,0,0,0,0,0,0,0,0,0,0,0,0,0,0,0,0,0,0,0,0,0,0,0,0,0,0,0,0,0,0,0,0,0,0,0,0,0,0,0,0,0,0,0,0,0,0,0,56,67,0,0
contig_21928,0,0,0,0,0,0,0,0,0,0,0,0,0,0,0,0,0,0,0,0,0,0,0,0,0,0,0,0,0,0,0,0,0,0,0,0,0,32,0,0,0,0,0,0,0,0,0,0,0,0,0,0,0,0,0,0,0,0,0,0,0,0,0,0,0,0,0,0,0,0,0,0,0,0,0,0,0,0,0,0,0,0,0,0,0,0,0,0,0,35,22,0
contig_21955,0,0,0,0,0,0,0,0,0,0,0,0,0,0,0,27089,1052,0,0,0,0,0,0,0,0,0,0,0,0,1110,0,0,0,0,0,0,0,0,0,0,0,0,0,0,0,0,0,1598,206,0,0,0,0,0,0,0,636,0,0,0,17007,424,0,0,0,0,0,0,0,0,0,0,0,0,0,0,0,0,0,0,0,0,0,0,0,0,0,0,0,0,0,0
contig_21972,0,0,0,0,0,0,0,0,0,0,0,0,0,0,0,0,0,0,0,0,0,0,0,0,0,0,0,0,0,0,0,0,0,0,0,0,0,0,0,0,0,0,0,0,0,4480,0,0,90,0,0,0,0,0,0,0,0,0,493,3083,660,132,0,0,0,0,0,0,0,0,0,0,0,0,0,0,0,0,0,0,0,0,0,0,0,0,0,0,0,0,0,0
contig_21989,0,0,0,0,0,0,0,0,0,0,0,0,0,0,0,0,0,0,0,0,0,0,0,0,0,0,0,0,0,0,0,0,0,0,0,0,0,0,0,0,0,0,0,0,0,0,0,0,248,0,0,0,0,0,0,0,0,0,0,0,0,1018,0,0,0,0,0,0,0,0,0,0,0,243,0,0,0,0,0,0,0,0,0,0,0,0,0,0,0,0,0,0
contig_22,0,0,0,0,0,0,0,0,0,0,0,0,0,20,0,0,0,0,0,0,0,68,0,77,0,0,0,0,0,0,0,17,552,492,591,530,0,245,0,0,0,0,0,0,0,0,0,0,0,0,0,0,0,0,0,14,0,0,0,0,0,0,0,0,0,0,0,0,0,0,0,0,0,109,0,0,0,77,0,0,0,0,8,0,0,0,0,0,0,33,0,0
contig_22010,0,0,0,0,0,0,0,0,0,0,0,0,0,0,0,0,0,0,0,0,0,0,0,0,0,0,0,0,0,0,0,0,0,0,0,0,0,0,0,0,0,0,0,0,0,0,0,5882,403,615,3143,0,0,0,0,0,207,0,0,0,3707,730,0,0,0,0,0,0,0,217,73,0,0,0,0,0,0,0,0,0,0,0,0,0,0,0,0,0,0,111,0,0
contig_22013,0,0,0,0,285,0,0,0,0,0,0,0,0,0,0,0,0,0,0,0,0,0,0,0,0,0,0,0,0,0,0,0,0,0,0,0,0,0,0,0,0,0,0,0,0,0,0,0,0,0,0,0,0,0,0,0,0,0,0,0,0,1807,0,0,0,0,0,0,0,0,0,0,0,0,0,0,0,0,0,0,0,0,0,0,0,0,0,0,93,0,0,0
contig_22052,0,0,0,0,0,0,0,0,0,0,0,0,0,0,0,0,0,0,0,0,0,0,0,0,0,0,0,0,0,0,0,0,0,0,0,0,0,0,0,0,0,0,0,0,0,0,0,0,0,0,67,0,0,57,0,0,0,0,0,0,0,668,0,0,0,0,0,0,21,0,0,0,0,172,0,0,0,0,0,0,0,0,0,0,0,0,0,0,0,0,0,0
contig_22056,0,0,0,0,0,0,0,0,0,0,0,0,0,0,0,0,0,0,0,0,0,0,0,0,0,0,0,0,0,0,0,0,0,0,0,0,0,0,0,0,0,0,27,0,0,0,0,0,0,0,0,0,0,0,0,0,0,0,0,0,0,0,30,0,0,0,0,0,0,0,0,0,0,0,0,0,0,0,0,0,0,0,0,0,0,0,37,0,0,0,0,0
contig_22068,0,0,0,0,0,0,0,0,0,0,0,0,0,0,0,0,85,0,0,0,0,0,0,0,0,0,0,0,0,0,0,201,267,0,0,0,0,0,0,0,0,0,0,0,0,269,0,0,186,0,0,0,0,0,0,0,0,0,124,604,3139,591,0,0,0,0,95,126,0,0,0,0,0,2126,0,0,0,0,0,0,0,0,0,0,0,0,0,0,0,0,0,0
contig_22091,0,0,0,0,0,0,0,0,0,0,0,0,0,0,0,0,0,0,0,0,0,0,0,0,0,0,0,0,0,526,0,181,0,0,0,0,0,0,0,492,0,60,304,0,0,0,0,0,0,0,0,0,0,0,0,0,0,0,0,0,0,3420,0,0,0,0,0,0,0,0,0,0,0,0,0,0,0,0,0,0,0,0,0,0,0,0,0,0,0,0,0,0
contig_22095,0,0,0,0,0,0,0,0,0,0,0,0,0,0,0,0,0,0,0,0,0,0,0,0,0,0,0,0,0,0,0,0,0,0,0,0,0,0,0,0,0,0,0,0,0,340,0,0,0,0,0,0,0,0,0,0,0,0,30621,3345,3214,0,0,0,0,0,0,0,0,0,0,0,0,0,0,0,0,0,0,0,0,0,0,0,0,0,0,0,0,0,0,0
contig_22109,0,0,0,0,0,0,0,0,0,0,0,0,0,0,0,0,0,0,0,0,0,0,0,0,0,0,0,0,0,0,0,0,0,0,0,0,0,23,0,0,0,0,0,0,0,0,0,0,0,0,0,0,0,0,0,0,0,0,0,0,0,0,0,0,0,0,0,0,0,0,0,0,0,0,0,0,0,0,0,0,0,0,0,0,0,0,0,0,0,52,30,0
contig_22115,0,0,0,147,0,0,0,0,0,0,0,0,0,0,0,0,0,0,0,0,0,0,0,0,0,0,0,0,353,0,0,0,0,0,0,0,0,0,0,0,0,0,0,0,0,0,0,0,0,0,0,0,0,0,0,0,0,0,0,0,0,669,0,0,0,0,0,0,0,0,0,0,0,0,0,0,0,0,0,0,0,0,0,0,0,0,1135,0,0,0,0,0
contig_22144,0,3340,2604,0,0,465,0,0,0,0,0,0,0,0,0,0,0,0,0,0,0,0,0,0,0,390,0,0,0,2092,0,0,0,0,0,0,0,0,0,0,0,0,0,0,0,0,0,437,0,0,0,0,0,0,0,0,0,0,0,0,3149,11916,0,0,0,0,0,0,0,0,0,0,0,0,0,0,0,0,0,0,0,0,0,0,0,0,0,0,0,0,0,0
contig_22153,0,0,0,0,0,0,0,0,0,0,0,0,0,0,0,0,0,0,0,0,0,0,0,0,0,0,0,865,0,349,0,0,0,0,0,0,0,0,0,0,0,0,0,0,0,11659,0,0,0,0,0,0,0,147,0,0,0,0,0,0,0,0,0,95,0,0,0,0,0,0,0,0,0,0,0,0,0,0,0,0,3680,0,0,0,0,0,0,0,0,0,0,0
contig_22156,0,2119,0,506,0,0,0,0,0,0,0,0,0,0,0,0,0,0,0,125,0,208,0,0,0,0,0,0,0,0,466,0,0,0,0,0,0,0,0,0,0,0,0,0,0,0,0,811,0,0,0,0,0,0,0,0,0,0,0,0,3739,1711,0,0,0,0,0,946,0,0,0,0,0,0,0,0,0,0,0,0,0,0,0,0,0,0,0,0,0,0,0,0
contig_22163,0,0,0,0,0,0,0,0,0,0,0,0,0,0,0,0,0,0,0,0,0,0,0,0,0,0,0,0,0,0,0,0,0,0,0,0,0,161,0,0,0,0,0,0,0,0,0,0,0,0,0,0,0,0,0,0,0,0,0,0,0,0,0,0,0,0,0,0,0,0,0,0,0,0,0,0,0,0,0,0,0,0,0,0,0,0,0,0,0,527,100,0
contig_22198,0,0,0,0,0,0,0,0,0,0,0,0,0,0,0,0,0,0,0,0,0,0,0,0,0,0,0,0,0,0,0,0,0,0,0,0,0,77,0,0,0,0,0,0,0,0,0,0,0,0,0,0,0,0,0,0,0,0,0,0,0,0,0,0,0,0,0,0,0,0,0,0,0,0,0,0,0,0,0,0,0,0,0,0,0,0,0,0,0,219,34,0
contig_22217,0,0,0,0,0,0,0,0,0,0,0,0,0,0,0,0,0,0,0,0,0,0,0,0,0,0,0,0,0,237,0,0,0,0,0,0,0,0,0,0,0,0,0,0,0,0,0,0,0,0,0,0,0,0,0,0,0,0,0,0,0,518,0,0,0,0,0,0,0,0,0,0,111,0,0,0,0,0,0,0,0,0,0,0,0,0,0,0,0,0,0,0
contig_22218,0,0,0,0,0,0,0,0,0,0,0,0,0,0,0,0,989,0,0,0,0,0,0,0,0,0,0,0,0,0,0,0,0,0,0,0,0,0,0,0,0,0,0,0,0,0,0,0,233,0,239,0,0,0,0,0,0,0,397,0,0,0,0,0,0,0,0,0,0,0,0,0,0,0,0,0,0,0,0,0,0,0,0,0,0,0,0,0,0,0,0,0
contig_22230,0,0,0,0,0,0,0,0,0,0,0,0,0,0,0,0,0,0,0,0,0,0,0,0,0,0,0,0,0,301,0,0,0,0,0,0,0,0,0,0,0,0,0,0,0,0,0,0,0,0,445,0,0,0,0,0,0,0,0,0,67,0,0,0,0,0,0,0,0,0,0,0,0,0,0,0,0,0,0,0,0,0,0,0,0,0,0,0,73,1044,0,0
contig_22238,0,0,0,0,0,0,0,0,0,0,0,0,0,0,0,0,0,0,0,0,0,0,0,0,0,0,0,0,0,0,0,0,0,0,0,0,0,58,0,0,0,0,0,0,0,0,0,0,0,0,0,0,0,0,0,0,0,0,0,0,0,0,0,0,0,0,0,0,0,0,0,0,0,0,0,0,0,0,0,0,0,0,0,0,0,0,0,0,0,176,32,0
contig_22254,0,0,0,0,0,0,0,0,0,0,0,0,0,0,0,2484,3010,0,0,0,0,0,0,0,0,0,0,0,0,0,0,0,0,0,0,0,0,0,73,0,0,0,0,0,0,193,0,413,0,0,0,0,0,252,0,0,1356,0,1121,592,3072,986,0,0,0,0,147,0,0,0,0,0,0,855,0,0,0,0,0,0,277,0,0,0,0,0,1503,0,0,0,0,0
contig_22272,0,0,0,0,0,0,0,0,0,0,0,0,0,0,0,0,0,0,0,48,0,0,0,0,0,0,0,0,0,0,0,134,348,0,0,0,0,0,0,0,0,0,0,0,0,0,0,0,0,0,0,0,0,0,0,28,0,87,0,0,0,0,0,0,0,0,0,0,0,0,0,0,0,0,0,0,0,0,0,0,0,0,0,0,0,0,0,0,0,0,0,0
contig_22278,0,0,0,0,0,0,0,0,0,0,0,0,0,0,0,0,0,0,0,134,0,0,0,0,0,0,0,0,0,0,0,0,0,0,0,0,0,0,0,0,0,0,0,0,418,0,0,0,0,0,0,0,0,2189,0,0,0,0,0,0,0,0,0,0,0,0,0,0,358,0,0,0,0,0,0,0,0,0,0,0,0,0,0,0,0,0,933,0,0,3522,0,0
contig_22280,0,0,0,0,0,0,0,0,0,0,0,0,0,0,0,0,311,0,0,0,0,0,0,0,0,0,0,0,0,795,0,0,0,0,0,0,0,0,445,471,0,0,0,0,0,0,0,0,941,0,0,0,1891,679,0,0,831,0,860,0,667,0,0,0,0,0,0,726,0,0,0,0,0,2826,0,0,0,0,0,0,0,0,0,0,0,0,0,0,0,789,0,0
contig_22287,0,0,0,0,0,0,0,0,0,0,0,0,0,0,0,2272,0,0,0,0,0,0,0,0,0,0,0,0,970,1358,0,0,0,0,0,0,0,0,0,0,0,0,0,0,0,0,0,0,0,0,0,0,0,0,0,0,446,0,0,0,4400,176,0,0,0,0,0,0,0,0,0,0,0,0,0,0,0,0,0,0,281,0,0,0,0,0,0,0,0,0,0,0
contig_22302,0,0,0,0,0,0,0,0,0,0,0,0,0,0,0,0,0,0,0,0,0,0,0,0,0,0,0,0,0,0,0,0,0,0,0,0,0,84,0,0,0,0,0,0,0,0,0,0,0,0,0,0,0,0,0,0,0,0,0,0,0,0,0,0,0,0,0,0,0,0,0,0,0,0,0,0,0,0,0,0,0,0,0,0,0,0,0,0,0,126,30,0
contig_22315,0,0,0,0,0,0,0,0,0,0,0,0,0,0,0,0,636,0,0,0,0,0,0,0,0,0,0,0,0,0,0,0,0,0,0,0,0,0,0,0,0,0,0,0,0,0,0,0,0,0,85,0,0,0,0,0,0,0,274,955,677,0,0,0,0,0,0,77,0,0,0,0,0,0,0,0,0,0,0,0,0,0,0,0,0,0,0,0,0,0,0,0
contig_22355,0,0,0,0,0,0,0,0,0,0,0,0,0,0,0,0,0,0,0,0,0,0,0,0,0,0,0,0,0,0,0,0,0,0,0,0,0,0,0,0,0,0,0,0,0,0,0,0,0,0,0,0,0,0,0,0,0,0,251,1397,650,0,0,0,0,0,0,0,0,0,0,0,0,0,0,0,0,0,0,0,0,0,0,0,0,0,0,0,0,0,0,0
contig_22379,0,0,0,0,0,0,0,0,0,0,0,0,0,0,0,0,0,0,0,0,0,0,0,0,0,0,0,0,0,0,0,0,0,0,0,0,0,0,0,0,0,0,0,0,0,0,0,0,0,0,0,0,0,0,0,0,0,167,0,0,0,0,0,0,0,0,482,3202,0,0,0,0,0,0,0,0,0,0,0,0,0,0,0,0,0,0,6142,0,0,979,0,0
contig_22388,0,2896,0,0,0,0,0,0,0,0,0,0,0,0,1813,26033,1460,0,0,0,0,0,0,0,0,0,0,0,0,0,0,0,0,0,0,0,0,0,0,42,0,0,0,0,0,0,0,0,0,0,0,0,0,0,0,0,0,0,0,0,0,0,0,1470,0,0,0,0,0,0,0,0,0,0,0,0,0,0,0,0,0,0,0,0,0,0,0,0,0,0,0,0
contig_22417,0,0,0,0,0,0,0,0,0,0,0,0,0,0,0,0,0,0,0,0,0,0,0,0,0,0,0,0,0,0,0,0,0,0,0,0,0,0,0,1066,0,0,0,0,0,0,0,0,579,0,607,0,0,0,0,0,0,0,0,0,0,4106,0,0,0,0,0,0,0,0,0,0,0,0,0,0,0,0,0,0,0,0,0,0,0,0,0,0,0,0,0,0
contig_22428,0,0,0,0,0,0,0,0,0,0,0,0,0,0,0,0,0,0,0,0,0,0,0,0,0,0,0,0,0,0,0,0,0,0,0,0,0,0,0,0,0,0,0,0,0,0,0,0,0,0,0,0,0,979,0,0,342,0,0,0,0,0,0,0,0,0,0,0,0,0,0,0,0,1329,0,0,0,0,0,0,0,0,0,0,0,0,827,0,0,0,0,0
contig_22440,0,0,0,1436,0,2670,0,0,0,0,0,0,0,0,0,0,956,0,0,0,0,456,0,0,0,0,0,0,6635,4715,0,146,0,0,0,0,0,0,0,342,0,0,34,0,0,0,5374,0,9011,3802,0,0,0,0,0,189,1969,0,0,0,7541,4924,0,0,0,0,0,0,0,0,475,0,0,4224,0,0,106,0,0,0,0,0,0,0,0,0,0,0,435,67,0,0
contig_22483,0,0,0,0,0,0,0,0,0,0,0,0,0,0,0,0,1766,0,0,0,0,0,0,0,0,0,0,0,0,487,0,0,0,0,0,0,0,0,0,0,0,0,0,0,0,0,0,0,0,0,0,0,0,0,0,0,0,0,0,0,0,2313,0,0,0,0,0,0,0,0,0,0,0,0,0,0,0,0,0,0,0,0,0,0,0,0,0,0,0,0,0,0
contig_22543,0,0,0,0,0,0,0,0,0,0,0,0,0,0,0,0,0,0,0,0,0,0,0,0,0,0,0,0,0,0,0,0,0,0,0,0,0,0,0,0,0,0,0,0,0,0,0,0,0,0,0,0,0,0,0,0,0,0,0,0,0,1089,0,626,0,0,0,157,1804,0,0,0,0,0,0,0,0,0,0,0,0,0,0,0,0,0,6067,0,0,471,0,0
contig_22546,0,0,0,0,0,0,0,0,0,0,0,0,0,0,0,0,336,0,0,0,0,0,0,0,0,0,0,0,0,0,0,0,0,0,0,0,0,0,0,0,0,0,0,0,0,0,0,0,1419,112,0,0,0,0,0,0,0,0,0,0,0,0,0,0,0,0,0,0,0,0,0,0,0,0,0,0,0,0,0,0,0,0,0,0,0,0,0,0,0,0,0,0
contig_22572,0,0,0,0,0,0,0,0,0,0,0,0,0,0,0,0,0,0,0,0,0,0,0,0,0,0,0,0,0,0,0,0,0,0,0,0,0,0,0,2001,0,0,0,0,0,0,0,0,0,0,0,0,0,0,0,0,0,0,0,0,227,0,0,0,0,0,0,0,0,0,0,0,0,0,0,0,0,0,0,0,0,0,0,0,0,0,0,0,0,398,0,0
contig_22573,0,0,0,776,0,0,0,0,0,0,0,0,0,0,19252,0,49334,0,0,0,0,0,0,0,0,0,0,0,0,0,0,0,0,0,0,0,0,0,0,0,0,0,0,0,0,0,0,0,0,777,0,0,0,0,0,0,0,0,0,0,22418,4032,0,0,0,0,0,0,0,0,0,0,0,0,0,0,0,0,0,0,0,0,0,0,0,0,0,0,0,0,0,0
contig_22575,0,1528,0,0,0,0,0,0,0,0,0,0,0,0,6320,0,284,0,0,0,0,0,0,0,0,0,0,0,1688,2797,0,0,0,0,0,0,0,0,0,0,0,0,0,0,0,0,4667,428,0,0,280,0,0,0,0,0,3561,0,591,2782,6211,1013,0,0,0,0,0,0,0,0,0,0,0,0,0,0,0,0,0,0,0,0,0,0,0,0,0,0,0,3045,0,0
contig_22581,0,0,0,129,0,0,0,0,0,0,0,0,0,0,0,0,0,0,0,0,0,0,0,0,0,0,0,0,0,0,0,0,0,0,0,0,0,375,0,0,0,0,100,0,148,0,0,295,0,860,3058,0,0,0,0,0,0,0,0,0,7424,6545,0,0,0,0,0,665,0,0,0,0,0,841,0,0,0,0,0,0,227,0,0,0,0,0,0,0,112,320,0,0
contig_22584,0,291,0,0,0,0,0,0,0,0,0,0,0,0,0,0,869,0,0,0,0,0,0,0,0,0,0,853,0,0,0,0,0,0,0,0,0,0,0,0,0,0,0,0,0,0,0,0,0,0,0,0,0,0,0,0,0,0,0,299,913,427,0,0,0,0,0,0,0,0,0,0,0,0,0,0,0,0,0,0,0,0,0,0,0,0,0,0,0,0,0,0
contig_22609,0,0,0,0,0,0,0,0,0,0,0,0,0,0,0,0,0,0,0,0,0,0,0,0,0,0,0,0,0,0,0,0,0,0,0,0,0,0,0,0,0,0,0,0,0,0,0,2686,79,0,992,0,0,53,0,0,0,0,0,0,2895,162,0,0,0,0,0,284,93,0,0,0,0,203,0,0,0,0,0,0,0,0,0,0,0,0,0,0,39,41,0,0
contig_22625,0,0,0,0,0,0,0,0,0,0,0,0,0,0,0,0,0,0,0,0,0,0,0,0,0,0,0,0,0,481,0,0,0,0,0,0,0,0,0,0,0,0,0,0,0,0,0,0,893,0,62,0,0,0,0,0,0,0,0,0,745,0,0,0,0,0,0,0,0,0,0,0,0,0,0,0,0,0,0,0,0,0,0,0,0,0,0,0,0,0,0,0
contig_22626,0,0,0,0,0,0,0,0,0,0,0,0,0,0,0,0,0,0,0,0,0,0,0,0,0,0,0,0,0,207,0,0,0,0,0,0,0,0,0,0,0,0,76,0,0,0,0,130,1094,133,165,0,0,0,0,0,0,0,0,0,1303,3481,0,0,0,0,0,334,306,0,0,0,0,0,0,0,0,0,0,0,0,0,0,0,0,0,0,0,0,0,0,0
contig_22628,0,0,0,0,0,0,0,0,0,0,0,0,0,0,0,2356,0,0,0,0,0,0,0,0,0,0,0,981,0,5826,0,0,0,0,0,0,0,0,79,0,0,0,0,0,0,0,0,0,0,0,0,0,0,0,0,0,0,0,0,0,0,3022,0,0,0,0,0,0,0,0,0,0,0,2903,0,0,0,0,0,0,532,0,0,0,0,0,0,0,0,228,0,0
contig_22638,0,0,0,189,213,0,0,0,0,0,0,0,0,0,0,0,571,0,0,0,0,38,0,0,0,0,0,0,0,1077,0,116,289,0,0,0,0,270,0,0,0,0,0,0,95,0,0,0,508,1153,1892,341,0,0,0,961,1656,126,0,1858,583,3978,140,318,0,0,0,2424,1121,0,0,0,0,10452,0,0,0,0,0,0,0,0,0,0,0,0,0,0,0,165,0,0
contig_22642,0,0,0,186,261,100,0,0,0,0,0,0,0,0,0,0,2224,0,0,0,0,0,0,0,0,0,0,0,0,676,0,0,0,0,0,0,0,1940,0,842,0,0,0,0,0,0,415,140,1285,618,912,0,0,0,0,0,0,0,0,0,0,91,0,0,0,0,0,0,0,0,0,0,0,0,0,0,0,0,0,0,0,0,0,0,0,0,0,0,0,1052,0,0
contig_22646,0,0,0,0,0,0,0,0,0,0,0,0,0,0,0,0,0,0,0,0,0,0,0,0,0,0,0,0,0,0,0,0,0,0,0,0,0,0,0,0,0,0,0,0,0,0,0,0,163,0,0,0,0,0,0,0,0,0,0,0,5511,1281,0,0,0,0,0,0,0,0,0,0,0,0,0,0,0,0,0,0,0,0,0,0,0,0,0,0,0,0,0,0
contig_22648,0,0,0,0,0,0,0,0,0,0,0,0,0,0,0,0,0,0,0,0,0,0,0,0,0,0,0,0,0,0,0,0,0,0,0,0,0,0,0,0,0,0,0,0,0,0,0,0,0,0,0,0,0,0,0,183,0,0,36702,0,0,0,0,0,0,0,0,0,0,0,0,0,0,446,0,0,0,0,0,0,0,0,0,0,0,0,0,0,0,0,0,0
contig_22665,0,0,0,0,0,0,0,0,0,0,0,0,0,0,0,0,0,0,0,0,0,0,0,0,0,0,0,0,0,514,0,0,0,0,0,0,0,0,0,0,0,0,0,0,0,0,0,0,0,0,2384,0,0,138,0,0,0,0,0,0,7300,756,0,0,0,0,0,0,0,0,0,0,0,253,0,0,0,0,0,0,0,0,0,0,0,0,0,0,0,121,0,0
contig_22695,0,0,0,0,0,0,0,0,0,0,0,0,0,0,0,0,0,0,0,0,0,0,0,0,0,0,0,0,0,0,0,0,0,0,0,0,0,0,0,0,0,0,0,0,0,627,0,0,0,0,0,0,0,0,0,0,0,0,0,258,0,0,0,0,0,0,0,226,0,0,0,0,0,0,0,0,0,0,0,0,0,0,0,0,0,0,0,0,0,374,0,0
contig_22700,0,0,0,1420,0,0,0,0,0,0,130,0,0,0,0,0,656,0,0,0,0,410,0,0,0,0,0,0,270,3942,1333,124,0,0,419,0,0,0,0,342,0,0,38,0,0,0,4905,2297,8300,3429,0,0,0,0,0,0,1311,0,0,0,4549,4209,0,0,0,0,0,241,0,0,457,0,0,3891,0,0,105,0,0,0,0,0,0,0,0,0,0,0,379,961,0,0
contig_22726,0,0,0,0,0,0,0,0,0,0,0,0,0,0,0,0,0,0,0,0,0,0,0,0,0,0,0,0,0,97,0,0,0,0,0,0,0,0,0,0,0,0,0,0,0,0,0,0,0,0,0,0,0,0,0,0,94,0,0,0,180,338,0,0,0,0,0,0,0,0,0,0,0,0,0,0,0,0,0,0,0,0,0,0,0,0,435,0,0,0,0,0
contig_22736,0,0,0,0,0,0,0,0,0,0,0,0,0,0,0,0,0,0,0,0,0,0,0,0,0,0,0,0,0,0,0,0,0,0,0,0,0,0,0,170,0,42,105,0,0,0,0,0,0,0,0,0,0,0,0,0,0,0,0,0,0,0,0,0,0,0,0,0,0,0,0,0,0,0,0,0,0,0,0,0,0,0,0,0,0,0,0,0,0,0,0,0
contig_22740,0,0,0,0,98,0,0,0,0,0,0,0,0,0,0,0,3735,0,0,0,0,0,0,0,0,0,0,0,0,0,0,0,0,0,0,0,0,0,0,0,0,0,0,0,0,0,0,154,699,0,118,0,0,0,0,0,0,0,0,0,0,4459,0,0,0,0,0,0,0,0,0,0,0,0,0,0,0,0,0,0,0,0,0,0,0,0,0,0,0,0,0,0
contig_22748,0,0,0,0,0,0,0,0,0,0,0,0,0,0,0,0,1453,0,0,0,0,0,0,0,0,0,0,0,0,0,0,0,0,0,0,0,0,0,0,0,0,0,0,0,0,0,0,0,0,0,0,0,0,0,0,0,0,0,0,0,0,16856,0,0,0,0,0,543,0,0,0,0,0,0,0,0,0,0,0,0,0,0,0,0,0,0,0,0,67,0,0,0
contig_22770,0,0,0,0,0,0,0,0,0,0,0,0,0,0,0,38920,0,0,0,0,0,0,0,0,0,0,0,0,0,5871,0,28,0,0,0,0,0,0,0,0,0,0,0,0,0,0,0,0,0,0,0,0,0,0,0,0,0,0,0,0,6162,220,0,0,0,0,0,0,0,0,0,0,0,0,0,0,0,0,0,0,0,0,0,0,0,0,0,0,0,0,0,0
contig_22771,0,9250,0,0,0,0,0,0,0,0,0,0,0,0,0,23266,1155,0,0,0,0,0,0,0,0,0,0,0,0,0,0,0,0,0,0,0,0,0,0,0,0,0,0,0,0,0,0,636,0,0,0,0,0,0,0,0,0,0,0,0,10824,2785,0,0,0,0,0,3695,0,0,0,0,0,0,0,0,0,0,0,0,0,0,0,0,0,0,0,0,0,0,0,0
contig_22776,0,0,0,0,0,0,0,0,0,0,0,0,0,0,0,0,0,0,0,0,0,0,0,0,0,0,0,0,0,0,0,0,0,0,0,0,0,0,0,0,0,0,0,0,0,0,0,0,0,0,0,0,0,0,0,0,267,0,0,0,0,0,0,0,0,0,0,346,199,0,0,0,0,0,0,0,0,0,0,0,0,0,0,0,0,0,0,0,50,1489,0,0
contig_22779,0,0,0,0,0,0,0,0,0,0,0,0,0,0,0,0,0,0,0,474,0,0,0,0,0,0,0,0,0,0,0,0,0,0,0,0,0,0,0,0,0,0,0,0,0,0,0,0,0,0,6610,0,0,0,0,0,0,0,0,0,3048,288295,0,0,0,0,0,6049,0,0,0,393,0,0,0,0,0,0,0,0,0,0,0,0,0,0,0,0,0,0,0,0
contig_22786,0,0,0,0,0,0,0,0,0,0,0,0,0,0,0,0,0,0,0,0,0,0,0,0,0,0,0,0,0,0,0,0,0,0,0,0,0,0,0,0,0,0,0,0,0,0,0,0,0,0,0,0,0,0,0,0,108,0,0,0,0,0,0,0,0,0,0,379,0,0,0,0,0,52,0,0,0,0,0,0,0,0,0,0,0,0,0,0,0,0,0,0
contig_22796,0,3251,2581,0,0,0,478,0,0,0,0,0,0,0,5071,9669,0,0,0,0,0,0,0,0,0,0,0,4752,1536,1183,0,0,0,0,0,0,0,0,0,0,0,0,0,0,0,1321,102,1773,112,0,0,0,0,0,0,0,0,0,0,0,6923,0,0,0,0,0,0,190,88,0,0,0,0,0,0,0,0,0,0,0,0,0,0,0,0,0,0,0,0,0,0,0
contig_22811,0,0,0,0,0,0,0,0,0,0,0,0,0,0,0,0,0,0,0,0,0,215,0,0,0,0,0,0,0,0,0,45,0,0,0,0,0,1209,0,220,0,0,0,0,0,0,0,0,0,0,0,0,0,0,0,0,0,0,0,0,0,636,0,0,0,0,0,0,0,0,0,0,0,0,0,0,0,0,0,0,0,0,0,0,0,0,0,0,78,50,0,0
contig_22818,0,0,0,0,0,0,0,0,0,0,0,0,0,0,0,0,2102,0,0,0,0,0,0,0,0,0,0,0,0,0,0,0,0,0,0,0,0,0,0,0,0,0,0,0,0,0,0,0,689,312,0,0,0,0,0,0,0,0,0,0,0,463,0,0,0,0,0,141,0,0,0,0,0,0,0,0,0,0,0,0,0,0,0,0,0,0,0,0,0,0,0,0
contig_22834,0,3025,0,0,0,0,0,0,0,0,0,0,0,0,0,0,0,0,0,0,0,0,0,0,0,0,0,0,0,597,0,0,385,0,0,0,0,0,0,0,0,0,0,0,0,0,0,0,150,0,0,0,0,55,0,205,134,0,0,548,6684,1249,143,110,0,0,0,893,498,0,0,0,0,1023,0,0,0,0,0,0,0,0,0,0,0,0,0,0,0,0,0,0
contig_22856,0,0,0,0,0,0,0,0,0,0,0,0,0,0,0,0,0,0,0,0,0,0,0,0,0,0,0,0,13159,1230,0,0,0,0,0,0,0,0,0,0,0,0,0,0,0,7834,0,0,0,0,390,0,0,0,11843,0,0,0,0,0,10499,358,0,0,0,0,0,327,0,0,0,0,0,0,0,0,0,0,0,0,0,0,0,0,0,0,0,0,0,1822,0,0
contig_22864,0,0,0,0,0,0,0,0,0,0,0,0,0,0,0,0,1628,0,0,0,0,0,0,0,0,0,0,15875,0,0,0,70,264,0,0,0,0,0,0,0,0,0,0,0,0,8237,0,1834,1064,375,604,0,0,0,0,0,0,0,8233,35199,23741,210,0,2807,0,0,0,783,204,0,0,0,0,0,0,0,0,0,0,0,0,0,0,0,0,0,0,0,0,27,0,0
contig_22865,0,0,0,0,0,0,0,0,0,0,0,0,0,0,0,0,0,0,0,0,0,177,0,0,0,0,0,0,0,0,0,16,0,0,0,0,0,34,0,0,0,0,0,0,0,0,0,0,0,0,0,0,0,0,0,0,0,0,0,0,0,0,0,0,0,0,0,0,0,0,0,0,0,0,0,0,0,0,0,0,0,0,0,0,0,0,0,0,0,0,0,0
contig_22868,0,0,0,0,0,0,0,0,0,0,0,0,0,0,0,0,0,0,0,0,0,0,0,0,0,0,0,0,0,0,0,0,0,0,0,0,0,0,0,0,0,0,0,0,0,0,0,731,307,0,0,0,0,0,0,0,0,0,0,0,21546,0,0,0,0,0,0,0,0,0,0,0,0,0,0,0,0,0,0,0,0,0,0,0,0,0,0,0,0,0,0,0
contig_22873,0,0,0,0,0,570,0,0,0,0,0,0,0,0,2033,0,0,0,0,0,0,187,0,0,0,690,0,0,2038,4203,5816,932,2200,0,0,0,0,0,0,0,0,0,0,0,0,0,0,1724,654,0,278,43,0,0,0,0,1043,0,0,1645,22048,3025,116,1465,3796,0,0,0,0,0,0,0,0,0,0,0,0,0,0,0,18559,0,0,0,0,0,0,0,0,3057,0,0
contig_22876,0,0,0,0,0,0,0,0,0,0,0,0,0,0,0,0,587,0,0,0,0,0,0,0,0,0,0,0,0,543,0,0,0,0,0,0,0,0,0,0,0,0,0,0,0,0,0,0,0,0,0,609,0,2399,0,0,0,0,0,0,0,0,0,0,0,0,0,0,0,0,0,0,0,1873,0,0,0,0,0,0,0,0,0,0,0,0,8512,0,0,0,0,0
contig_22897,0,0,0,0,0,0,0,0,0,0,0,0,0,0,0,0,213,0,0,0,0,0,0,0,0,0,0,0,0,0,0,0,0,0,0,0,0,0,0,0,0,0,0,0,0,0,0,0,0,0,0,0,0,0,0,0,0,0,0,0,0,536,0,0,0,0,0,0,0,0,0,0,0,0,0,0,0,0,0,0,0,0,0,0,0,0,0,0,139,0,0,0
contig_22903,0,0,0,0,0,0,0,0,0,0,0,0,0,0,0,915,0,0,0,0,0,0,0,0,0,0,0,99,20313,446,0,76,0,0,0,0,0,0,0,292,0,0,0,0,0,198,591,0,0,0,0,0,2075,0,0,0,628,0,0,3647,1242,661,0,0,0,0,0,0,0,0,0,0,0,197,0,0,0,0,0,0,81,0,0,0,0,0,622,0,0,258,0,0
contig_22909,0,0,0,0,0,0,0,0,0,0,0,0,0,0,0,0,0,0,0,0,0,0,0,0,0,0,0,0,0,0,0,0,0,0,35088,47,0,0,0,0,0,0,0,0,0,0,0,0,0,0,0,0,0,0,0,0,0,0,0,0,0,0,0,0,0,0,0,0,0,0,0,0,0,0,0,0,0,0,0,105,0,0,0,0,0,0,0,0,0,0,0,0
contig_22925,0,0,0,2032,0,0,1448,0,0,0,0,0,0,0,0,0,0,0,0,0,0,650,0,0,0,0,0,0,0,0,0,101,0,0,0,0,0,0,0,0,0,0,0,0,0,405,0,647,0,0,61,0,0,0,0,0,0,0,0,0,0,1507,0,0,0,0,0,0,0,0,0,0,0,0,0,0,0,0,0,0,549,0,0,0,0,0,0,0,176,0,0,0
contig_22926,0,0,0,0,0,0,0,0,0,0,0,0,0,0,0,0,0,0,0,0,0,0,0,0,0,0,0,0,0,0,0,0,0,0,0,0,0,0,0,0,0,0,0,0,0,158,0,0,956,0,760,0,0,0,0,0,0,0,696,0,815,1435,0,0,0,0,0,0,0,0,0,0,0,0,0,0,0,0,0,0,0,0,0,0,0,0,1533,0,0,0,0,0
contig_22945,0,0,0,518,0,0,577,0,0,0,0,0,0,0,0,0,935,0,0,0,0,0,0,0,0,0,0,0,0,0,0,2280,0,0,0,0,0,0,0,0,0,0,0,0,0,0,0,0,0,0,0,0,0,0,0,0,0,0,0,0,322,1688,0,0,0,0,0,0,0,0,0,0,0,683,0,0,0,0,0,0,0,0,0,0,0,0,1099,0,28,115,0,0
contig_22991,0,0,0,0,0,0,0,0,0,0,0,0,0,0,0,0,0,0,0,0,0,0,0,0,0,0,0,0,0,0,0,0,0,0,0,0,0,0,0,0,0,0,0,0,0,0,0,388,0,0,0,0,0,0,0,0,0,0,0,0,0,0,0,0,0,0,0,562,1151,0,0,0,0,0,0,0,0,0,0,0,0,0,0,0,0,0,0,0,0,0,0,0
contig_22993,0,7876,0,784,640,462,14261,0,0,0,0,0,0,0,5065,0,0,0,0,0,0,0,0,0,0,0,0,0,0,721,0,0,115,0,0,0,0,227,0,0,0,0,0,0,0,0,0,3032,1576,2424,3686,71,0,507,0,1352,1260,0,0,0,11224,1192,0,1297,780,0,195,116,0,1370,525,0,178,2310,0,0,0,0,0,0,0,0,0,0,0,0,6660,0,0,711,0,0
contig_22999,0,2967,0,0,0,0,0,0,0,0,0,0,0,0,0,0,0,0,0,0,0,0,0,0,0,0,0,0,0,0,0,0,0,0,0,0,0,0,0,0,0,0,0,0,0,0,0,0,0,0,0,0,0,0,0,0,0,0,0,0,5868,1441,0,0,0,0,0,0,0,0,0,0,0,0,0,0,0,0,0,0,0,0,0,0,0,0,0,0,0,0,0,0
contig_23,0,0,0,0,0,0,0,0,0,0,0,0,0,0,0,0,0,0,0,0,0,0,0,0,0,0,0,0,0,0,0,0,375,92,0,0,0,730,0,0,0,0,0,0,0,0,0,0,0,0,0,0,0,0,0,0,0,0,0,0,0,0,0,0,0,0,0,0,0,0,0,0,0,0,0,0,0,0,0,0,0,0,0,0,0,0,0,0,0,0,0,0
contig_23000,0,1656,0,175,0,0,0,0,0,0,0,0,0,0,0,809,671,0,0,0,0,0,0,0,0,0,0,0,4991,2471,0,339,5280,0,0,0,0,0,0,631,0,0,0,0,0,1837,8572,3429,1446,753,1190,0,2101,0,70958,198,585,0,980,4159,4911,400,0,641,905,0,0,436,1309,0,0,0,0,0,0,0,0,0,0,0,489,0,0,0,0,0,2843,0,399,5374,0,0
contig_23017,0,0,0,0,0,0,0,0,0,0,0,0,0,0,0,0,198,0,0,0,0,0,0,0,0,0,0,0,0,0,0,0,0,0,0,0,0,0,0,0,0,0,0,0,0,748,0,0,0,0,0,0,3403,0,0,0,0,0,321,0,0,0,0,0,0,0,0,0,0,0,0,0,0,0,0,0,0,0,0,0,0,0,0,0,0,0,0,0,0,0,0,0
contig_23028,0,0,0,92,0,0,0,0,0,0,0,0,0,0,0,0,0,0,0,0,0,0,0,0,0,0,0,0,0,0,0,0,0,0,0,0,0,0,0,0,0,0,0,0,0,0,0,0,826,826,481,0,0,0,0,0,0,0,0,0,0,1554,0,0,0,0,0,0,0,95,116,0,0,0,0,0,0,0,0,0,0,0,0,0,0,0,0,0,0,0,0,0
contig_23038,0,5588,0,1444,854,0,0,0,0,0,0,0,0,0,0,0,0,0,0,0,0,0,0,0,0,0,0,0,0,2316,965,0,0,0,0,0,0,0,0,219,0,0,0,0,0,0,0,367,263,3128,2039,0,0,0,0,0,0,0,0,0,11770,1368,0,0,0,0,0,6918,0,0,0,0,0,0,0,0,0,0,0,0,0,0,0,0,0,0,0,0,0,63,0,0
contig_23062,0,0,0,0,0,0,0,0,0,0,0,0,0,0,0,0,0,0,0,0,0,0,0,0,0,0,0,0,0,0,0,0,0,0,0,0,0,84,0,0,0,0,0,0,0,0,0,0,0,0,0,0,0,0,0,0,0,0,0,0,0,0,0,0,0,0,0,0,0,0,0,0,0,0,0,0,0,0,0,0,0,0,0,0,0,0,0,0,0,484,127,0
contig_23072,0,0,0,0,0,0,0,0,0,0,0,0,0,0,0,0,0,0,0,0,0,0,0,0,0,0,0,0,0,0,0,0,0,0,0,0,0,0,0,0,0,0,0,0,0,0,0,0,0,0,0,0,0,0,0,0,0,0,0,0,23995,11329,132,0,0,0,0,103,0,0,0,0,0,2005,0,0,0,0,0,0,0,0,0,0,0,0,0,0,0,0,0,0
contig_23128,0,0,7076,1300,1445,3477,0,0,0,0,0,0,0,0,0,0,1922,0,0,0,0,482,0,0,0,192,0,0,1136,4673,907,0,0,0,0,0,0,0,0,245,0,0,0,0,0,0,3550,2361,5364,4942,314,0,0,0,1588,0,2093,0,0,1970,9590,2842,0,0,659,0,296,1229,490,0,377,0,0,2694,0,2577,0,0,0,0,441,0,0,0,0,0,1173,0,0,729,0,0
contig_23134,0,0,2762,2165,3796,989,0,0,0,0,0,0,0,0,0,0,1268,0,0,0,0,301,0,0,0,0,0,0,1110,708,695,1644,1096,0,0,0,0,6759,0,984,0,0,116,0,0,0,2032,804,1216,1819,684,0,0,0,869,278,533,0,0,0,659,1313,0,0,0,0,625,0,1803,523,275,0,0,979,0,0,0,0,0,0,0,0,0,0,0,0,1610,0,0,625,0,0
contig_23141,0,0,0,0,0,0,0,0,0,0,0,0,0,0,0,0,1272,0,0,0,0,0,0,0,0,0,0,0,0,1877,0,543,0,0,0,0,0,0,0,0,0,0,0,0,0,0,0,1982,1852,722,581,0,0,0,4629,0,494,0,0,0,13085,785,0,0,0,0,0,0,0,0,0,0,0,0,0,0,0,0,0,0,0,0,0,0,0,0,0,0,0,441,0,0
contig_23142,0,0,0,0,0,0,0,0,0,0,0,0,0,0,0,0,0,0,0,0,0,0,0,0,0,0,0,0,0,0,0,0,0,0,0,0,0,0,0,0,0,0,0,0,0,0,0,0,0,0,158,0,0,0,0,0,0,0,0,0,0,0,0,0,0,0,0,95,45,0,0,0,0,0,0,0,0,0,0,0,0,0,0,0,0,0,0,0,0,0,0,0
contig_23144,0,0,0,0,0,0,0,0,0,0,0,0,0,0,0,0,0,0,0,379,0,0,0,0,0,0,0,0,0,628,0,0,0,0,0,0,0,0,0,0,0,0,0,0,0,0,0,0,0,0,0,0,0,0,0,0,0,0,0,0,0,0,0,0,0,0,0,0,0,0,0,0,0,795,0,0,0,0,0,0,315,0,0,0,0,0,0,0,0,548,0,0
contig_23185,0,0,0,0,0,0,0,0,0,0,0,0,0,0,0,0,75,0,0,0,0,0,0,0,0,0,0,0,0,0,0,0,0,0,0,0,0,0,0,0,0,0,0,0,0,22433,0,0,0,0,0,0,12633,0,0,0,0,0,33686,0,0,0,0,0,0,0,0,0,0,0,0,0,0,0,0,0,0,0,0,0,0,0,0,0,0,0,0,0,0,0,0,0
contig_23186,0,0,0,0,0,0,0,0,0,0,0,0,0,0,0,0,2553,0,0,0,0,0,0,0,0,0,0,0,0,0,0,0,0,0,0,0,0,0,0,0,0,0,0,0,0,0,0,0,0,0,41,0,0,0,0,0,0,0,0,0,0,59,0,0,0,0,0,0,0,0,0,0,0,0,0,0,0,0,0,0,0,0,0,0,0,0,0,0,0,0,0,0
contig_23209,0,0,0,0,0,0,0,0,0,0,0,0,0,0,0,0,0,0,0,0,0,95,0,0,0,0,0,0,0,896,0,0,59,0,0,0,0,0,0,0,0,0,76,0,75,0,798,0,0,0,390,0,0,0,0,0,1137,0,0,0,0,2043,0,0,0,0,0,0,0,0,0,0,0,628,0,0,0,0,0,0,0,0,0,0,0,0,275,0,119,0,0,0
contig_23231,0,0,0,0,0,0,0,0,0,0,0,0,0,0,0,0,1855,0,0,0,0,0,0,0,0,0,0,0,0,1633,0,0,0,0,0,0,0,0,0,0,0,0,0,0,0,0,0,0,1386,0,0,0,0,0,0,0,870,0,0,0,20382,807,0,0,0,0,0,0,0,0,0,0,0,181,0,0,0,0,0,0,0,0,0,0,0,0,0,0,0,0,0,0
contig_23256,0,0,0,0,0,0,0,0,0,0,0,0,0,0,0,0,0,0,0,0,0,0,0,0,0,0,0,0,0,214,0,0,0,0,0,0,0,0,0,0,0,0,0,0,0,0,0,0,1272,0,0,0,0,711,0,0,2105,0,0,0,0,0,0,0,0,0,0,0,0,0,0,0,0,1969,0,0,0,0,0,0,0,0,0,0,0,0,0,0,0,180,0,0
contig_23259,0,0,7148,548,0,2825,0,0,0,0,0,0,0,0,0,0,0,0,0,0,0,0,0,0,0,0,0,0,0,26996,3402,0,2048,0,0,0,0,0,0,0,0,0,0,0,0,0,0,0,0,0,0,0,0,0,0,0,0,0,0,0,0,0,0,2195,2086,0,0,1457,316,0,0,0,0,3773,0,0,0,0,0,0,0,0,0,0,0,0,0,0,0,0,0,0
contig_23260,0,0,0,0,0,0,0,0,0,0,0,0,0,0,0,0,0,0,0,0,0,0,0,0,0,0,0,0,0,0,0,0,0,0,0,0,0,58,0,0,0,0,0,0,0,0,0,0,0,0,0,0,0,0,0,0,0,0,0,0,0,0,0,0,0,0,0,0,0,0,0,0,0,0,0,0,0,0,0,0,0,0,0,0,0,0,0,0,0,85,14,0
contig_23262,0,0,0,2168,0,4288,0,0,0,0,0,0,0,0,0,0,0,0,0,0,0,0,0,0,0,0,0,0,0,0,0,0,0,0,0,0,0,0,0,0,0,0,0,0,0,0,259,0,4032,0,232,0,0,0,0,0,0,0,0,0,0,0,0,0,0,0,0,3014,0,0,0,0,0,0,0,0,0,0,0,0,941,0,0,0,0,0,0,0,0,0,0,0
contig_23278,0,0,0,0,0,0,0,0,0,0,0,0,0,0,0,0,0,0,0,0,0,0,0,0,0,0,0,0,0,951,0,0,0,0,0,0,0,0,0,183,0,0,0,0,0,0,0,0,0,0,0,0,0,0,0,0,578,0,0,0,0,0,0,0,0,0,0,0,2544,0,0,0,0,872,0,0,0,0,0,0,0,0,0,0,0,0,0,0,0,2233,0,0
contig_23281,0,0,0,872,3150,1829,5819,0,0,0,339,0,0,0,3682,0,311,0,0,0,0,1207,0,0,0,241,0,0,873,1512,2457,501,1881,0,0,0,0,2136,0,1351,0,0,0,0,0,0,1175,1530,4025,1613,5387,127,0,2092,0,2328,2411,0,2735,2082,7920,3363,57,0,3514,307,269,189,231,865,607,0,0,7717,0,1487,0,0,0,0,0,0,0,0,0,0,9081,0,454,2117,0,0
contig_23313,0,0,0,0,0,0,0,0,0,0,0,0,0,0,0,0,0,0,0,0,0,0,0,0,0,0,0,0,0,0,0,0,0,0,0,0,0,0,0,1520,0,0,0,0,0,0,0,0,0,0,0,0,0,0,0,0,415,0,0,0,0,0,0,0,0,0,0,0,0,0,0,0,0,10031,0,0,0,0,0,0,0,0,0,0,0,0,4156,0,0,0,0,0
contig_23318,0,98,0,0,0,0,0,0,0,0,0,0,0,0,0,0,444,0,0,0,0,0,0,0,0,0,0,0,306,350,0,242,0,0,0,0,0,0,0,68,0,0,0,0,0,730,0,596,1168,0,232,0,0,0,28420,0,115,0,0,1931,1733,492,0,0,0,0,0,0,0,0,0,0,0,0,0,0,0,0,0,0,0,0,0,0,0,0,54,0,0,1162,0,0
contig_23327,0,905,0,0,0,0,0,0,0,0,0,0,0,0,4008,6967,1710,0,0,0,0,0,0,0,0,0,0,0,0,879,0,0,0,0,0,0,0,0,0,0,0,0,0,0,0,1366,0,0,1573,0,0,0,0,0,0,0,0,0,1872,0,1927,292,0,0,0,0,0,0,0,0,0,0,0,2438,0,0,0,0,0,0,0,0,0,0,0,0,0,0,0,0,0,0
contig_23342,0,0,0,0,0,0,0,0,0,0,0,0,0,0,0,0,193,0,0,0,0,0,0,0,0,0,0,0,0,239,0,0,0,0,0,0,0,0,0,0,0,0,0,0,0,0,0,338,169,828,0,0,0,0,0,0,0,0,0,0,0,0,0,0,0,0,0,896,0,0,0,0,32,238,0,0,0,0,0,0,0,0,0,0,0,0,0,0,0,0,0,0
contig_23362,0,0,0,0,0,0,0,0,0,0,0,0,0,0,0,0,154,0,0,0,0,0,0,0,0,0,0,0,0,62,0,64,0,0,0,0,0,0,0,0,0,0,0,0,0,0,0,0,124,90,341,43,0,0,0,0,206,0,0,0,66,289,0,0,0,0,0,53,0,36,0,0,0,0,0,0,18,0,0,0,0,0,0,0,0,0,0,0,29,0,0,0
contig_23369,0,46,0,0,0,0,0,0,0,0,0,0,0,0,0,0,0,0,0,0,0,0,0,0,0,0,0,0,338,256,126,0,0,0,0,0,0,0,0,174,0,0,0,0,0,0,0,55,0,0,165,73,0,0,0,0,798,0,0,0,68,0,0,0,0,0,0,0,0,0,0,0,0,446,0,0,0,0,0,0,0,0,0,0,0,0,274,0,0,269,0,0
contig_23389,0,0,520,0,0,0,0,0,0,0,0,0,0,0,0,0,0,0,0,0,0,0,0,0,0,42,0,0,0,689,0,0,0,0,0,0,0,0,0,0,0,0,0,0,0,0,0,339,0,0,0,0,0,0,0,0,0,0,0,0,3002,0,0,0,0,0,0,434,0,0,0,0,0,0,0,0,0,0,0,0,0,0,0,0,0,0,0,0,0,0,0,0
contig_23395,0,0,0,0,0,0,0,0,0,0,0,0,0,0,2203,75534,0,0,0,0,0,0,0,0,0,0,0,0,0,0,0,0,0,0,0,0,0,0,0,0,0,0,0,0,0,3892,0,0,0,0,0,0,0,213,0,0,0,0,5788,0,0,0,0,0,0,0,0,0,0,0,0,0,0,1653,0,0,0,0,0,0,0,0,0,0,0,0,2585,0,0,0,0,0
contig_23398,0,7312,2390,0,0,1989,831,0,0,0,0,0,0,0,2701,6252,360,0,0,0,0,0,0,0,0,0,0,12015,3831,1747,0,0,0,0,0,0,0,0,0,143,0,0,0,0,0,3221,0,974,0,0,0,0,0,0,0,0,278,0,1693,7863,9331,0,0,0,293,0,0,0,0,0,0,0,0,0,0,0,0,0,0,0,0,0,0,0,0,0,0,0,0,0,0,0
contig_23399,0,0,180,460,487,501,667,0,0,0,0,0,0,0,6935,0,4899,0,0,0,0,0,0,0,0,0,0,1325,555,1389,115,872,1667,0,0,0,0,1005,0,0,0,0,0,0,0,1141,3817,665,3009,721,367,0,0,0,0,0,1018,0,4644,1454,4038,426,0,756,1457,0,1186,886,4339,624,321,0,0,5224,0,0,0,0,0,0,3348,0,0,0,0,0,6027,0,0,1200,0,0
contig_23423,0,0,0,0,0,0,0,0,0,0,0,0,0,0,0,0,53,0,0,0,0,0,0,0,0,0,0,0,0,0,0,0,0,0,0,0,0,0,0,0,0,0,0,0,0,0,0,0,0,0,0,0,0,0,0,0,0,0,86,0,0,0,0,0,0,0,0,0,0,0,0,0,0,0,0,0,0,0,0,0,0,0,0,0,0,0,78,0,0,0,0,0
contig_23454,0,0,0,503,0,0,0,0,0,0,0,0,0,0,0,0,0,0,0,0,0,0,0,0,0,0,0,0,0,0,0,0,0,0,0,0,0,0,0,0,0,0,0,0,0,0,0,0,0,0,0,0,0,0,0,0,0,0,0,0,0,0,0,0,0,0,0,778,322,0,0,0,0,0,0,0,0,0,0,0,0,0,0,0,0,0,435,0,59,0,0,0
contig_23465,0,0,0,0,0,0,0,0,0,0,0,0,0,0,0,0,0,0,0,0,0,0,0,0,0,0,0,0,0,98,0,0,0,0,0,0,0,0,0,0,0,0,0,0,0,0,0,0,0,0,0,0,0,0,0,0,0,0,0,0,0,155,0,0,0,0,0,0,0,0,0,0,0,0,0,0,0,0,0,0,0,0,0,0,0,0,0,0,89,0,0,0
contig_23475,0,0,1602,1056,1052,0,277,0,0,0,0,0,0,0,0,0,3196,0,0,0,0,0,0,0,0,0,0,0,522,937,0,827,1466,0,0,0,0,2242,0,0,0,0,0,0,0,0,2982,0,4788,2499,1899,310,0,0,0,281,1301,0,0,1644,2810,3826,0,0,410,0,930,1991,2953,757,412,70,0,3049,0,0,0,0,0,0,100,0,0,0,0,0,0,0,0,1398,0,0
contig_23476,0,0,0,0,0,0,0,0,0,0,0,0,0,0,0,0,0,0,0,0,0,0,0,0,0,0,0,0,0,0,0,0,0,0,0,0,0,0,0,493,0,101,0,0,0,0,0,0,0,0,0,0,0,0,0,0,2660,609,0,0,0,0,0,0,0,0,0,40078,23287,874,948,1990,0,0,0,0,0,0,0,0,0,0,0,0,0,0,0,0,0,3467,0,0
contig_23497,0,501,0,0,0,0,373,0,0,0,0,0,0,0,0,0,96,0,0,0,0,0,0,0,0,0,0,0,0,466,0,0,0,0,0,0,0,0,0,0,0,0,0,0,0,0,0,115,1475,403,252,0,0,0,0,0,0,0,0,91,741,424,0,0,103,0,0,0,0,0,0,0,0,770,0,0,0,0,0,0,0,0,0,0,0,0,0,0,0,103,0,0
contig_23499,0,510,0,0,0,0,0,0,0,0,0,0,0,0,1584,1381,474,0,0,0,0,0,0,0,0,0,0,0,6306,1963,0,342,0,0,0,0,0,0,0,572,0,0,0,0,0,2464,8437,3296,809,0,0,0,3054,0,61719,0,180,0,295,5463,1892,650,0,624,0,0,0,382,0,0,0,0,0,0,0,0,0,0,0,0,0,0,0,0,0,0,1712,0,342,4845,0,0
contig_23505,0,0,0,0,0,0,0,0,0,0,0,0,0,0,0,0,0,0,0,0,0,0,0,0,0,0,0,0,0,313,3435,0,0,0,0,0,0,0,0,0,0,0,241,0,0,0,0,0,0,0,0,0,0,0,0,0,0,0,0,0,0,177,0,0,0,0,0,0,541,0,0,0,0,0,0,0,0,0,0,0,0,0,0,0,0,0,0,0,0,0,0,0
contig_23511,0,0,0,1253,0,0,0,0,0,0,0,0,0,0,0,0,0,0,0,0,0,0,0,0,0,0,0,0,312,0,0,0,0,0,0,0,0,0,0,0,0,0,0,0,0,0,0,0,0,0,0,0,0,0,0,0,0,0,0,0,0,0,0,0,0,0,0,0,0,0,0,0,31,0,0,0,0,0,0,0,0,0,0,0,0,0,4012,0,0,0,0,0
contig_23513,0,0,0,0,0,0,0,0,0,0,0,0,0,0,0,0,0,0,0,0,0,0,0,0,0,0,0,0,10143,0,0,0,0,0,0,0,0,0,0,0,0,0,0,0,0,0,0,0,0,0,0,0,0,0,0,0,0,0,0,2568,0,0,0,0,0,0,0,0,0,0,0,0,0,770,0,0,0,0,0,0,0,0,0,0,0,0,0,0,0,0,0,0
contig_23524,0,0,3510,673,740,0,0,0,0,0,0,0,0,0,0,0,0,0,0,0,0,3474,0,0,0,0,0,0,0,265,307,544,356,0,0,0,0,6779,0,3083,0,0,57,0,137,0,0,452,1107,558,3511,115,0,0,0,462,473,0,0,0,7333,4871,141,0,0,0,444,270,417,134,0,131,0,3138,0,0,0,0,0,0,0,0,0,0,0,0,0,0,282,685,0,0
contig_23539,0,0,0,0,0,0,0,0,0,0,0,0,0,0,0,0,4109,0,0,0,0,0,0,0,0,0,0,0,0,0,0,0,0,0,0,0,0,0,0,0,0,0,0,0,0,0,0,1314,0,0,419,433,0,0,0,0,2708,0,0,1631,2309,7704,0,5669,14609,0,0,9367,14564,0,0,0,0,0,0,0,0,0,0,0,69526,0,0,0,0,0,24719,0,0,2779,0,0
contig_23548,0,0,10179,1767,0,7761,0,0,0,0,0,0,0,0,0,0,1017,0,0,0,0,684,0,0,0,0,0,379,394,7765,1454,0,0,0,574,0,0,0,0,403,0,0,0,0,0,0,6224,4785,11733,4205,0,0,0,0,0,225,2832,0,0,0,22901,5692,0,0,0,0,0,0,0,0,437,0,0,4786,0,0,117,0,0,0,0,0,0,0,0,0,0,0,465,0,0,0
contig_23556,0,0,0,0,0,0,0,0,0,0,0,0,0,0,0,0,1821,0,0,0,0,0,0,0,0,0,0,5971,0,4892,0,0,0,0,0,0,0,0,0,0,0,0,0,0,0,14742,0,0,0,0,0,0,0,0,0,0,0,0,27820,0,0,1064,0,0,0,0,0,0,0,0,0,0,0,0,0,0,0,0,0,0,0,0,0,0,0,0,0,0,0,0,0,0
contig_23562,0,0,0,0,0,0,0,0,0,0,0,0,0,0,0,0,0,0,0,0,0,0,0,0,0,0,0,0,0,0,0,164,0,0,0,0,0,0,0,0,0,0,0,0,0,195,0,353,0,0,0,0,0,0,0,0,0,0,0,0,0,668,0,0,0,0,0,530,0,0,0,0,0,0,0,0,0,0,0,0,12261,0,0,0,0,0,0,0,0,0,0,0
contig_23569,0,0,0,0,0,0,0,0,0,0,0,0,0,0,0,0,0,0,0,0,0,0,0,0,0,0,0,0,0,275,0,0,0,0,0,0,0,0,0,0,0,0,0,0,0,0,0,0,106,0,0,0,0,0,0,0,0,0,0,0,0,673,0,0,0,0,0,0,0,0,0,0,0,96,0,0,0,0,0,0,0,0,0,0,0,0,0,0,0,0,0,0
contig_23583,95,2295,1811,0,0,0,0,0,0,0,0,0,0,0,18585,8947,1147,0,0,0,0,0,0,0,0,0,0,1623,14219,0,0,0,0,0,0,0,0,0,1372,0,0,0,0,0,0,7048,0,4018,0,0,917,0,1899,0,52811,0,964,0,2032,17801,5207,335,0,1501,0,0,0,0,0,0,0,0,0,0,0,0,0,0,0,0,1516,0,0,0,0,0,4953,0,0,4347,0,0
contig_23586,0,0,0,516,0,0,0,0,0,0,0,0,0,0,1233,0,88,0,0,0,0,0,0,0,0,0,0,0,0,0,0,0,0,0,0,0,0,0,0,0,0,0,0,0,0,0,0,0,0,1499,0,0,0,0,0,0,0,0,0,0,10054,4997,0,0,0,0,0,1290,0,0,0,0,0,0,0,0,0,0,0,0,0,0,0,0,0,0,0,0,0,0,0,0
contig_23591,0,0,0,58,106,0,0,0,0,0,0,0,0,0,0,0,1017,0,0,0,0,0,0,0,0,0,0,0,0,0,11320,736,0,0,0,0,0,0,0,0,0,0,130,0,0,0,0,185,133,717,99,0,0,0,0,0,0,0,0,0,0,490,0,0,0,0,0,0,0,0,0,0,0,0,0,0,0,0,0,0,0,0,0,0,0,0,0,0,0,0,0,0
contig_23605,0,0,0,0,0,0,0,0,0,0,0,0,0,0,0,0,0,0,0,0,0,0,0,0,0,0,0,0,292,440,0,0,0,0,0,0,0,0,0,0,0,0,0,0,0,0,0,0,0,0,0,0,0,0,0,0,0,0,0,0,92,282,0,0,0,0,0,0,0,0,0,0,0,0,0,0,0,0,0,0,0,0,0,0,0,0,0,0,0,0,0,0
contig_23620,0,0,0,2048,0,0,0,0,0,0,0,0,0,0,0,0,0,0,0,0,0,0,0,0,0,0,0,0,0,4726,797,1067,3220,0,0,0,0,0,0,0,0,0,0,0,0,0,0,0,0,0,0,4523,0,1760,0,0,4348,0,0,0,0,0,0,1765,0,0,0,1946,1157,0,0,0,0,15161,0,0,0,0,0,0,0,0,0,0,0,0,10044,0,0,3541,0,0
contig_23632,0,0,0,0,0,0,0,0,0,0,0,0,0,0,0,0,0,0,0,0,0,0,0,0,0,0,0,0,0,0,0,0,0,0,0,0,0,0,0,0,0,0,0,0,0,0,0,0,0,0,0,0,0,0,0,0,0,0,0,0,949,437,0,0,0,0,0,860,0,0,0,0,0,0,0,0,0,0,0,0,0,0,0,0,0,0,0,0,0,0,0,0
contig_23636,0,0,0,0,0,0,0,0,0,0,0,0,0,0,0,0,0,0,0,0,0,0,0,0,0,0,0,0,0,0,0,0,0,0,0,0,0,0,0,0,0,0,541,0,0,0,0,0,0,0,88,0,0,0,0,0,138,0,0,0,0,2793,0,0,0,0,31,0,0,0,0,0,0,0,0,0,0,0,0,0,0,0,0,0,0,0,841,0,140,0,0,0
contig_23653,0,0,0,0,0,0,0,0,0,0,0,0,0,0,0,0,0,0,0,0,0,0,0,0,0,0,0,0,0,0,0,0,0,0,0,0,0,0,0,0,0,0,0,0,0,0,0,0,391,0,40,0,0,0,0,0,0,0,0,172,0,143,0,60,0,0,0,58,0,0,0,0,0,427,0,0,0,0,0,0,0,0,0,0,0,0,550,0,0,0,0,0
contig_23702,0,0,0,0,371,0,0,0,0,0,0,0,0,0,0,0,1339,0,0,0,0,0,0,0,0,0,0,0,0,0,0,0,0,0,0,0,0,386,0,0,0,0,0,0,0,0,0,0,0,0,0,0,0,0,0,0,0,0,0,0,0,6018,0,0,0,0,0,0,0,0,0,0,0,0,0,0,0,0,0,0,0,0,0,0,0,0,0,0,0,135,0,0
contig_23723,0,0,0,948,0,0,0,0,0,0,0,0,0,0,0,0,1128,0,0,0,0,0,0,0,0,0,0,0,0,942,0,0,0,0,0,0,0,0,0,0,0,0,0,0,0,0,0,0,407,9125,0,0,0,0,0,0,8651,0,0,0,4506,15035,0,0,0,0,0,5398,0,0,0,0,0,347,0,0,0,0,0,0,0,0,0,0,0,0,0,0,0,71,0,0
contig_23727,0,0,0,246,0,0,0,0,0,0,0,0,0,0,0,0,168,0,0,0,0,0,0,0,0,0,0,0,0,197,0,0,0,0,0,0,0,0,0,0,0,0,0,0,0,0,0,0,0,2545,0,0,0,0,0,0,1406,0,0,0,584,2120,38,0,0,0,0,1239,0,0,0,0,0,115,0,0,0,0,0,0,0,0,0,0,0,0,0,0,0,151,0,0
contig_23729,341,5609,37197,3060,5172,4096,0,0,0,0,531,0,0,0,8551,0,9258,0,0,0,0,261,0,0,0,300,0,0,0,1449,1267,995,384,0,0,0,0,1538,0,19148,0,0,88,0,76,0,0,819,2654,2673,1548,0,0,0,0,1107,1245,0,0,0,6814,1297,0,0,2950,0,445,1051,4005,0,0,0,0,4941,0,826,0,0,0,0,0,0,0,0,0,0,16573,0,1193,1308,0,0
contig_23740,0,0,0,154,0,0,0,0,0,0,0,0,0,0,0,0,0,0,0,0,0,51,0,0,0,0,0,0,0,0,0,0,0,0,0,0,0,0,0,0,0,0,0,0,0,0,0,0,0,0,0,0,0,0,0,0,0,0,0,0,0,431,0,0,0,0,0,235,0,0,0,0,0,0,0,0,0,0,0,0,0,0,0,0,0,0,0,0,0,0,0,0
contig_23776,0,0,0,0,0,0,594,0,0,0,0,0,0,0,0,14231,0,0,0,0,0,0,0,0,0,0,0,0,0,492,0,0,0,0,0,0,0,0,0,0,0,0,0,0,0,2687,0,3286,240,0,1033,0,365,74,7857,0,0,0,0,0,3235,529,0,0,0,0,0,1713,64,0,0,0,0,99,0,0,0,0,0,0,0,0,0,0,0,0,0,0,0,0,0,0
contig_23777,0,0,0,0,0,0,0,0,0,0,0,0,0,0,0,0,0,0,0,1046,0,0,0,0,0,0,0,0,0,0,0,0,0,0,0,0,0,0,0,0,0,0,47,0,230,0,0,0,0,0,0,0,0,0,0,0,0,0,0,0,0,0,0,0,0,0,0,0,0,0,0,0,0,0,0,0,0,0,0,0,0,0,0,0,0,0,0,0,0,0,0,0
contig_23779,0,0,0,0,0,0,0,0,0,0,0,0,0,0,0,0,5285,0,0,0,0,0,0,0,0,0,0,0,0,0,0,0,235,0,0,0,0,0,0,0,0,0,0,0,0,0,0,0,196,0,2081,0,0,0,0,0,0,0,0,0,0,900,0,0,0,0,0,0,0,0,0,0,0,92,0,0,0,0,0,0,0,0,0,0,0,0,0,0,0,0,0,0
contig_23788,0,0,0,39,33,0,346,0,0,0,0,0,0,77,0,0,493,0,0,0,0,0,0,0,0,0,0,0,0,586,0,70,0,0,0,0,0,0,0,3118,0,50,266,0,0,0,0,668,655,130,1826,110,0,0,0,0,0,0,0,0,538,11935,0,128,0,0,0,0,0,0,0,0,0,0,0,0,0,0,0,0,0,0,0,0,0,0,0,0,0,0,0,0
contig_238,0,0,0,0,0,0,0,0,0,0,0,0,0,0,0,0,0,0,0,0,0,0,0,0,0,0,0,0,0,0,0,0,0,0,0,0,0,0,0,0,573,0,0,0,0,0,0,0,0,0,0,0,0,0,0,0,0,0,0,0,0,0,0,0,0,0,0,0,40,0,0,0,237,0,0,0,0,0,0,0,0,0,0,0,0,0,0,0,0,27,0,0
contig_23803,0,0,0,0,0,0,0,0,0,0,0,0,0,0,0,0,0,0,0,0,0,0,0,0,0,0,0,0,0,0,0,0,0,0,0,0,0,0,0,3513,0,0,0,0,0,0,0,0,0,0,0,0,0,0,0,0,106,0,0,0,824,0,0,0,0,0,0,0,0,0,0,0,0,383,0,0,0,0,0,0,0,0,0,0,0,0,0,0,0,934,0,0
contig_23809,0,0,0,0,0,0,0,0,0,0,0,0,0,0,8383,0,0,0,0,0,0,0,0,0,0,0,0,0,0,528,0,64,643,0,0,0,0,0,0,0,0,0,0,0,0,0,1264,0,1857,1838,0,70,0,814,0,0,0,0,0,0,4614,405,0,244,369,0,0,1113,1813,0,0,0,0,2960,0,0,0,0,0,0,0,0,0,0,0,0,0,0,0,163,0,0
contig_23836,0,0,0,0,0,0,0,0,0,0,20,0,0,28,0,0,317,0,0,0,0,0,0,0,0,0,0,0,0,39,0,158,0,0,0,0,0,0,0,0,0,0,0,0,0,0,0,0,0,0,0,0,0,0,0,0,0,0,0,0,0,2336,0,0,0,0,0,0,0,0,0,0,0,0,0,0,0,0,0,0,0,0,0,0,0,0,0,0,0,0,0,0
contig_23845,0,0,0,0,0,0,0,0,0,0,0,0,0,0,0,0,326,0,0,0,0,0,0,0,0,0,0,0,0,164,0,0,0,0,0,0,0,0,0,0,0,0,0,0,0,0,0,0,0,0,0,0,0,0,0,0,49,0,0,0,0,187,0,0,0,0,0,0,0,0,0,0,0,0,0,0,0,0,0,0,0,0,0,0,0,0,0,0,0,0,0,0
contig_23862,0,0,0,218,366,0,0,0,0,0,0,0,0,0,0,0,1519,0,0,0,0,0,0,0,0,0,0,0,279,761,70,0,0,0,0,0,0,0,0,0,0,0,0,0,0,0,0,350,1640,1666,2479,0,0,0,0,262,667,0,0,1329,1453,0,0,238,0,0,0,1109,0,0,0,0,0,6411,0,0,0,0,0,0,0,0,0,0,0,0,0,0,0,276,0,0
contig_23875,0,0,0,0,0,0,0,0,0,0,0,0,0,0,0,0,0,0,0,0,0,0,0,0,0,0,0,0,0,55,0,0,0,0,0,0,0,0,0,0,0,0,0,0,0,0,0,63,142,0,56,0,0,0,0,0,284,0,0,0,0,211,0,0,0,0,0,0,0,0,0,0,0,0,0,0,0,0,0,0,0,0,0,0,0,0,0,0,0,0,0,0
contig_23878,0,0,0,508,0,0,0,0,0,0,0,0,0,0,0,0,0,0,0,0,0,0,0,0,0,0,0,0,0,0,0,0,0,0,0,0,0,0,0,0,0,0,0,0,0,0,0,269,0,548,388,0,0,0,0,0,0,0,0,0,0,0,0,0,0,0,0,0,0,0,0,0,0,0,0,0,0,0,0,0,0,0,0,0,0,0,0,0,0,0,0,0
contig_23883,0,0,0,150,0,0,0,0,0,0,0,0,0,0,350,0,0,0,0,0,0,0,0,0,0,0,0,0,0,964,0,0,0,0,0,0,0,0,0,0,0,0,0,0,0,0,0,0,0,337,0,0,0,0,0,0,1394,0,0,0,2373,1065,0,0,0,0,0,284,0,0,0,0,0,0,0,0,0,0,0,0,0,0,0,0,0,0,0,0,0,247,0,0
contig_23899,0,0,0,0,0,0,0,0,0,0,0,0,0,0,0,43668,0,0,0,0,0,0,0,0,0,0,0,3388,0,12573,0,0,0,0,0,0,0,0,0,0,0,0,0,0,0,0,0,0,0,0,0,0,0,2604,0,0,0,0,0,3357,0,1819,0,3434,0,0,0,0,0,0,0,0,0,0,0,0,0,0,0,0,31110,0,0,0,0,0,0,0,0,0,0,0
contig_239,0,0,0,0,0,0,0,0,0,0,0,0,0,0,0,0,0,0,0,0,0,0,0,0,0,0,0,0,0,0,0,0,0,0,0,0,0,0,0,0,6852,0,0,0,0,0,0,0,0,0,0,0,0,0,0,0,0,0,0,0,0,0,0,0,0,0,0,0,0,0,0,0,1065,0,0,0,0,0,0,0,0,0,0,0,0,0,0,0,0,547,0,0
contig_23906,0,470,0,0,0,0,0,0,0,0,0,0,0,0,0,0,334,0,0,0,0,0,0,0,0,0,0,0,0,0,0,0,0,0,0,0,0,0,0,0,0,0,0,0,0,0,0,0,0,0,0,0,387,106,0,0,4031,0,0,0,0,46,0,0,0,0,0,0,0,0,0,0,0,949,0,0,0,0,0,0,0,0,0,0,0,0,595,0,0,145,0,0
contig_23932,0,0,0,0,0,0,0,0,0,0,0,0,0,0,0,0,0,0,0,0,0,0,0,0,0,0,0,0,0,0,0,0,0,0,0,0,0,0,0,0,0,0,0,0,0,0,0,1164,759,669,1112,0,0,0,0,0,0,0,0,0,4903,1723,0,0,0,0,0,0,0,0,0,0,0,0,0,0,0,0,0,0,0,0,0,0,0,0,0,0,0,0,0,0
contig_23935,0,0,0,0,0,0,0,0,0,0,0,0,0,0,0,0,1784,0,0,0,0,0,0,0,0,0,0,0,0,841,0,0,0,0,0,0,0,0,0,0,0,0,0,0,0,0,0,0,0,0,0,0,0,0,0,0,0,0,0,0,0,2475,0,0,0,0,0,0,0,0,0,0,0,0,0,0,0,0,0,0,0,0,0,0,0,0,0,0,0,0,0,0
contig_23938,0,0,0,0,0,0,0,0,0,0,0,0,0,0,0,0,0,0,0,0,0,0,0,0,0,0,0,0,0,0,0,0,0,0,0,0,0,35,0,0,0,0,0,0,0,0,0,0,0,0,0,0,0,0,0,0,0,0,0,0,0,0,0,0,0,0,0,0,0,0,0,0,0,0,0,0,0,0,0,0,0,0,0,0,0,0,0,0,0,253,47,0
contig_23953,0,0,0,0,0,0,0,0,0,0,0,0,0,0,0,0,0,0,0,0,0,0,0,0,0,0,0,0,0,1519,0,0,0,0,0,0,0,0,0,0,0,0,0,0,0,0,0,1046,151,129,635,0,0,0,0,0,147,0,0,0,17641,1238,0,0,0,0,0,49,0,0,0,0,0,0,0,0,0,0,0,0,0,0,0,0,0,0,0,0,0,0,0,0
contig_23977,0,0,0,0,0,0,0,0,0,0,0,0,0,0,0,0,0,0,0,0,0,0,0,0,0,0,0,0,0,0,0,0,0,0,0,0,0,0,0,0,0,0,0,0,0,0,0,628,0,0,0,0,0,0,0,0,0,0,0,0,0,232,0,0,0,0,0,1397,0,0,0,0,0,0,0,0,0,0,0,0,0,0,0,0,0,0,0,0,0,0,0,0
contig_23988,0,0,0,0,0,0,202,0,0,0,0,0,0,0,0,21950,0,0,0,0,0,0,0,0,0,0,0,0,0,356,0,0,0,0,0,0,0,0,0,0,0,0,0,0,0,3791,0,1782,0,0,539,0,0,48,0,0,0,0,0,4099,4854,270,0,0,0,0,0,732,0,0,0,0,0,0,0,0,0,0,0,0,0,0,0,0,0,0,0,0,0,1622,0,0
contig_23990,105,2982,0,0,0,0,0,0,0,0,0,0,0,0,1138,5147,5393,0,0,0,0,0,0,0,0,0,0,2160,454,0,0,0,0,0,0,0,0,0,144,0,0,0,0,0,0,283,0,515,2291,0,1128,0,0,0,0,0,0,0,4740,5365,7459,352,0,0,0,0,0,0,0,0,0,0,0,0,0,0,0,0,0,0,0,0,0,0,0,0,0,0,0,459,0,0
contig_23994,0,0,0,0,0,0,0,0,0,0,0,0,0,0,0,0,0,0,0,0,0,0,0,0,0,0,0,0,0,0,0,356,2385,0,0,0,0,192,0,55,0,0,0,0,0,399,0,0,310,254,0,0,0,282,0,0,0,0,124,0,0,359,0,64,0,0,0,178,0,0,0,0,0,1296,0,0,0,0,0,0,0,0,0,0,0,0,751,0,0,192,0,0
contig_24004,0,324,0,60,70,63,269,0,0,0,0,0,0,0,122,0,61,0,0,0,0,38,0,0,0,0,0,0,0,337,0,333,741,0,0,0,0,0,0,168,0,0,0,0,0,0,173,76,945,268,243,0,0,285,0,230,472,0,0,0,151,0,0,46,114,0,0,0,0,0,0,0,0,793,0,0,0,0,0,0,0,0,0,0,0,0,1116,0,0,273,0,0
contig_24013,0,0,0,0,2604,0,0,0,0,0,0,0,0,0,9296,0,6392,0,0,0,0,0,0,0,0,0,0,0,0,3633,0,2142,2968,0,0,0,0,0,0,1821,0,0,0,0,0,397,0,0,4140,0,1721,0,0,0,0,0,0,0,0,0,0,3148,0,0,0,0,958,1156,3892,0,0,0,0,3325,0,0,0,0,0,0,0,0,0,0,0,0,5999,0,0,5407,0,0
contig_24014,0,0,0,0,0,0,0,0,0,0,0,0,0,0,0,0,0,0,0,0,0,0,0,0,0,0,0,0,0,0,0,0,0,0,0,0,0,0,0,0,0,0,0,0,0,0,0,0,0,0,0,0,0,0,0,0,0,0,0,0,0,356,0,0,0,0,0,0,0,0,0,0,0,189,0,0,0,0,0,0,0,0,0,0,0,0,29,0,0,0,0,0
contig_24024,0,0,0,618,0,0,0,0,0,0,0,0,0,0,0,0,0,0,0,0,0,0,0,0,0,0,0,0,0,2444,114,0,0,0,0,0,0,488,0,0,0,0,0,0,0,0,0,0,0,0,0,101,0,0,0,0,0,4894,0,0,0,0,0,0,0,0,0,0,0,0,0,0,0,0,0,0,0,0,0,0,0,0,0,0,0,0,0,0,0,0,0,0
contig_24055,0,21207,0,0,0,0,0,0,0,0,0,0,0,0,0,0,3328,0,0,0,0,0,0,0,0,0,0,0,0,0,0,0,0,0,0,0,0,0,0,0,0,0,0,0,0,0,0,0,0,670,848,0,0,0,0,0,0,0,0,6338,16818,0,0,0,0,0,0,0,0,0,0,0,0,0,0,0,0,0,0,0,0,0,0,0,0,0,0,0,0,0,0,0
contig_24064,0,889,0,0,0,0,0,0,0,0,0,0,0,0,164,0,0,0,0,0,0,0,0,0,0,0,0,0,0,125,0,0,0,0,0,0,0,0,0,0,0,0,0,0,0,0,0,115,0,820,0,0,0,0,0,0,307,0,0,0,252,0,0,0,0,0,0,0,0,0,0,0,0,0,0,0,0,0,0,0,0,0,0,0,0,0,0,0,0,0,0,0
contig_24073,0,0,0,0,0,0,0,0,0,0,0,0,0,0,4438,44325,5944,0,0,0,0,0,0,0,0,0,0,7677,8366,7819,0,0,0,0,0,0,0,0,395,2265,0,0,0,0,0,1645,0,2215,0,2392,348,0,0,0,0,0,250,0,1920,414,4419,874,0,0,0,0,0,980,821,0,0,0,0,9557,0,0,0,0,0,0,0,0,0,0,0,0,0,0,0,0,0,0
contig_24075,0,1312,0,0,0,0,189,0,0,0,0,0,0,0,0,17329,0,0,0,0,0,0,0,0,0,0,0,0,2434,104,0,0,0,0,0,0,0,0,0,83,0,0,0,0,0,3657,70,2792,87,0,1157,0,640,54,10705,0,0,0,0,0,3809,325,0,174,0,0,0,1535,0,0,0,0,0,0,0,0,0,0,0,0,0,0,0,0,0,0,0,0,214,1881,0,0
contig_24096,0,0,0,0,0,0,0,0,0,0,0,0,0,0,0,0,0,0,0,0,0,0,0,0,0,0,0,0,0,73,0,259,0,0,0,0,0,0,0,0,0,0,0,0,0,0,0,0,0,0,0,86,0,0,0,0,0,0,0,0,89,172,0,0,0,0,0,0,0,0,0,0,0,146,0,0,0,0,0,0,0,0,0,0,0,0,0,0,0,0,0,0
contig_24098,0,2679,0,0,0,0,0,0,0,0,0,0,0,0,0,37740,0,0,0,0,0,0,0,0,0,0,0,2237,0,10658,0,0,0,0,0,0,0,0,335,57,0,0,0,0,0,407,0,0,0,0,0,0,0,0,0,0,0,0,0,2311,762,1487,0,2477,0,0,0,64,49,0,0,0,0,0,0,0,0,0,0,0,0,0,0,0,0,0,0,0,0,462,0,0
contig_24107,0,0,0,0,0,0,0,0,0,0,0,0,0,0,0,0,0,0,0,0,0,0,0,0,0,0,0,0,191,0,0,0,0,0,0,0,0,0,0,4245,0,0,0,0,0,0,0,0,0,0,0,0,0,0,0,0,0,796,0,0,516,0,0,0,0,0,0,0,0,0,0,0,0,0,0,0,0,0,0,0,0,0,0,0,0,0,141,0,0,4639,0,0
contig_24110,0,0,0,0,0,0,0,0,0,0,0,0,0,0,0,0,0,0,0,0,0,0,0,0,0,0,0,0,0,131,0,0,0,0,0,0,0,0,0,0,0,0,0,0,0,0,0,0,0,0,0,0,0,0,0,0,0,0,0,0,468,179,0,0,0,0,0,0,0,0,0,0,0,0,0,0,0,0,0,0,0,0,0,0,0,0,0,0,0,0,0,0
contig_24126,0,0,0,0,0,0,0,0,0,0,0,0,0,0,0,0,699,0,0,0,0,0,0,0,0,0,0,0,0,0,0,0,0,0,0,0,0,0,0,0,0,0,0,0,0,0,0,0,837,0,0,0,0,0,0,0,155,0,0,0,0,328,0,0,0,0,0,0,0,0,0,0,0,0,0,0,0,0,0,0,0,0,0,0,0,0,1013,0,0,0,0,0
contig_24164,0,0,0,0,0,0,0,0,0,0,0,0,0,92,0,0,1534,0,0,0,0,0,0,0,0,0,0,0,0,97,0,133,0,0,0,0,0,0,0,214,0,0,1402,0,0,0,0,0,321,0,6767,403,0,0,0,0,0,0,0,0,0,8636,0,0,0,0,0,0,0,0,0,0,0,0,0,0,0,0,0,0,0,0,0,0,0,0,0,0,0,0,0,0
contig_24216,0,0,0,90,0,0,0,0,0,0,0,0,0,0,0,0,0,0,0,0,0,0,0,0,0,0,0,0,0,0,0,0,1235,0,0,0,0,0,0,0,0,0,0,0,0,0,0,0,372,0,0,0,2261,3612,0,0,0,0,0,0,0,0,0,0,0,0,0,1544,1133,0,0,45,0,0,0,0,0,0,0,0,0,0,0,0,0,0,1107,0,0,2381,0,0
contig_24218,0,0,0,0,0,0,0,0,0,0,0,0,0,0,0,0,0,0,0,0,0,0,0,0,0,0,0,0,0,0,0,0,0,0,0,0,0,0,0,131,0,0,0,0,0,0,0,0,0,0,0,0,0,0,0,0,679,0,0,0,0,0,0,0,0,0,0,0,253,0,0,0,0,0,0,0,0,0,0,0,0,0,0,0,0,0,0,0,0,0,0,0
contig_24232,0,0,0,0,0,0,0,0,0,0,0,0,0,0,0,0,0,0,0,0,0,0,0,0,0,0,0,0,0,0,0,67,0,0,0,0,0,0,0,0,0,0,0,0,0,0,0,0,0,0,182,0,0,0,0,0,0,0,0,0,0,329,0,0,0,0,0,0,0,0,0,0,0,0,0,0,0,0,0,0,0,0,0,0,0,0,0,0,0,0,0,0
contig_24235,0,0,0,0,0,0,0,0,0,0,0,0,0,0,0,0,0,215,0,458,0,132,0,0,28,0,0,0,0,0,0,0,1658,0,170,0,0,0,0,0,519,0,0,0,0,0,0,0,4632,622,4454,711,10465,7571,0,1734,0,275,0,0,0,0,0,0,0,0,74,1899,800,0,68,0,0,0,0,0,0,0,0,0,0,0,0,0,0,0,3694,0,0,5567,0,0
contig_24275,0,0,0,0,0,0,0,0,0,0,0,0,0,0,0,0,0,0,0,0,0,0,0,0,0,0,0,0,0,0,0,0,0,0,0,0,0,0,0,3086,0,0,0,0,0,0,0,0,0,0,0,0,0,0,0,0,0,312,0,0,297,0,0,0,0,0,0,0,0,0,0,0,0,3888,0,0,0,0,0,0,0,0,0,0,0,0,0,0,0,474,0,0
contig_24287,0,0,0,0,0,17485,0,0,0,0,0,0,0,0,18368,108108,5532,0,0,0,0,0,0,0,0,2500,0,0,0,14392,0,0,0,0,0,0,0,0,1025,3486,0,0,0,0,0,0,0,5623,276,2800,1038,0,0,0,0,0,3170,0,0,0,26026,0,0,0,0,0,0,1726,0,0,0,0,0,0,0,0,0,0,0,0,0,0,0,0,0,0,0,0,0,0,0,0
contig_24290,0,2215,0,765,1422,0,0,0,0,0,0,0,0,0,0,0,455,31,0,0,0,0,0,0,0,0,0,0,0,894,0,562,1687,0,0,0,0,0,0,919,0,0,0,0,0,0,0,0,4505,1550,5030,119,0,2015,0,2566,3453,0,2022,1165,0,1999,0,0,0,0,0,92,0,591,440,0,0,8079,0,0,0,0,0,0,0,0,0,0,0,0,11837,0,0,2000,0,0
contig_24293,0,0,0,0,0,0,0,0,0,0,0,0,0,0,0,12306,0,0,0,0,0,0,0,0,0,0,0,0,0,1913,0,0,0,0,0,0,0,0,0,91,0,0,0,0,0,2766,0,0,0,88,202,0,0,77,0,0,459,0,0,0,0,834,0,0,0,0,152,8199,921,113,0,0,0,0,0,0,0,0,0,0,0,0,0,0,0,0,0,0,137,2528,0,0
contig_24297,0,0,0,0,0,0,0,0,0,0,0,0,0,0,0,0,41,0,0,0,0,0,0,0,0,0,0,0,0,223,0,0,0,0,0,0,0,0,0,0,0,0,0,0,0,0,0,461,213,0,131,0,0,0,0,0,0,0,0,0,1521,133,0,0,0,0,0,54,0,0,0,0,0,0,0,0,0,0,0,0,0,0,0,0,0,0,0,0,0,0,0,0
contig_243,0,0,0,0,0,0,0,0,0,0,0,0,0,0,0,0,0,0,0,0,0,0,0,0,0,0,0,0,0,0,0,0,0,0,0,0,0,0,0,0,53842,0,0,0,0,0,0,0,0,0,0,0,0,0,0,0,0,0,0,0,0,0,0,0,0,0,0,0,1757,0,0,0,6827,0,0,0,0,0,0,0,0,0,0,0,0,0,0,0,0,2788,0,0
contig_24310,0,0,0,0,0,0,0,0,0,0,0,0,0,0,0,0,0,0,0,0,0,0,0,0,0,0,0,0,0,0,0,0,0,0,0,0,0,0,0,0,0,0,0,0,0,0,0,0,0,0,0,0,0,41,0,0,0,0,0,0,0,3505,0,0,0,0,0,0,0,0,0,0,0,0,0,0,0,0,0,0,0,0,0,0,0,0,0,0,0,1987,0,0
contig_24335,0,0,0,0,0,0,0,0,0,0,0,0,0,0,0,0,0,0,0,0,0,0,0,0,0,0,0,0,0,529,0,0,0,0,0,0,0,0,0,0,0,0,0,0,0,0,0,3711,1844,3604,5027,0,0,0,0,0,1741,0,0,0,2695,1275,0,0,0,0,0,1722,1916,0,0,0,0,2153,0,0,0,0,0,0,0,0,0,0,0,0,0,0,334,311,0,0
contig_24359,0,3340,0,0,0,0,492,0,0,0,0,0,0,0,0,2053,0,0,0,0,0,0,0,0,0,0,0,4173,0,0,0,0,0,0,0,0,0,0,0,0,0,0,0,0,0,4234,263,1513,56,0,145,0,0,0,0,0,0,0,0,6973,5369,0,0,513,80,0,0,238,0,0,0,0,0,0,0,0,0,0,0,0,184,0,0,0,0,0,0,0,0,172,0,0
contig_24366,0,0,0,0,0,0,0,0,0,0,0,0,0,0,0,334,0,0,0,0,0,0,0,0,0,0,0,0,3771,329,0,0,0,0,0,0,0,0,0,154,0,0,0,0,0,177,0,0,0,0,0,0,0,0,0,0,315,0,0,0,1981,580,0,0,0,0,0,0,0,0,0,0,0,0,0,0,0,0,0,0,0,0,0,0,0,0,0,0,0,0,0,0
contig_24368,0,0,0,0,0,0,0,0,0,0,0,0,0,0,0,0,0,0,0,0,0,0,0,0,0,0,0,0,0,0,0,154,0,0,0,0,0,88,0,0,0,0,0,0,0,0,0,0,0,0,0,0,0,0,0,0,0,0,0,0,0,0,0,0,0,0,0,0,0,0,0,0,0,0,0,0,0,0,0,0,0,0,0,0,0,0,0,0,779,0,0,0
contig_24373,0,0,0,0,0,0,0,0,0,0,0,0,0,0,0,0,0,0,0,0,0,0,0,0,0,0,0,0,0,0,0,0,0,0,0,0,0,0,0,0,0,0,79,0,0,0,0,0,0,0,0,0,0,0,0,0,0,0,0,0,0,0,0,0,0,0,0,5849,556,0,0,0,0,0,0,0,0,0,0,0,0,0,0,0,0,0,0,0,0,0,0,0
contig_24387,0,0,0,0,0,0,0,0,0,0,0,0,0,0,0,0,380,0,0,0,0,0,0,0,0,0,0,0,0,704,0,0,0,0,0,0,0,0,0,0,0,0,0,0,0,0,0,0,347,0,0,270,0,0,0,0,0,0,0,1155,0,2543,0,0,0,0,0,1487,675,0,0,0,0,6220,0,0,0,0,0,0,0,0,0,0,0,0,0,0,0,0,0,0
contig_24398,0,0,0,0,0,0,0,0,0,0,0,0,0,0,0,0,505,0,0,0,0,173,0,0,0,0,0,0,0,1008,0,429,0,0,0,0,0,0,0,0,0,0,0,0,0,0,0,0,3227,0,680,0,0,0,0,0,2101,0,0,0,0,1760,0,0,0,0,0,0,0,0,0,0,0,2382,0,0,0,0,0,0,0,0,0,0,0,0,111,0,68,172,0,0
contig_24440,0,0,0,0,0,0,0,0,0,0,0,0,0,0,0,0,0,0,0,0,0,0,0,0,0,0,0,0,0,0,0,0,0,0,0,0,0,0,0,0,0,0,0,0,0,0,0,0,0,0,0,0,0,0,0,0,273,0,0,0,0,333,0,0,0,0,0,268,0,0,0,0,0,0,0,0,0,0,0,0,0,0,0,0,0,0,0,0,82,0,0,0
contig_24457,0,0,0,0,384,0,0,0,0,0,0,0,0,0,0,0,0,0,0,0,0,0,0,0,0,0,0,0,0,0,0,0,0,0,0,0,0,0,0,0,0,0,0,0,0,0,0,655,0,0,1442,0,0,0,0,0,0,0,0,0,2868,1988,0,0,0,0,0,14980,0,0,0,0,0,0,0,0,0,0,0,0,0,0,0,0,0,0,0,0,0,0,0,0
contig_24481,0,0,0,872,0,0,0,0,0,0,0,0,0,0,0,0,0,0,0,0,0,0,0,0,0,0,0,0,0,0,0,0,0,0,0,0,0,0,0,0,0,0,0,0,0,0,0,0,0,0,0,0,0,0,0,0,0,0,0,0,0,0,0,0,0,0,0,1224,297,0,0,0,0,0,0,0,0,0,0,0,0,0,0,0,0,0,353,0,0,0,0,0
contig_24486,0,0,0,0,0,0,0,0,0,0,0,0,0,0,0,0,0,0,0,0,0,0,0,0,0,0,0,0,0,0,0,0,0,0,0,0,0,0,0,0,0,0,0,0,0,3227,0,0,84,0,72,0,0,0,0,0,0,0,0,8931,6007,0,0,0,0,0,0,306,0,0,0,0,0,0,0,0,0,0,0,0,0,0,0,0,0,0,0,0,0,0,0,0
contig_24514,0,0,307,0,0,293,0,0,0,0,0,0,0,0,0,710,180,0,0,0,0,0,0,0,0,0,0,0,12139,244,0,0,0,0,0,0,0,0,0,117,0,0,0,0,0,0,0,0,0,0,0,0,0,0,0,0,30,0,0,1109,4884,1213,0,0,0,0,0,0,0,0,0,0,0,0,0,0,0,0,0,0,0,0,0,0,0,0,0,0,0,0,0,0
contig_24520,0,0,0,0,0,0,0,0,0,0,0,0,0,74,0,0,329,29,0,297,0,0,0,0,0,0,0,0,0,0,0,182,0,0,0,0,0,0,0,0,0,0,0,0,0,0,0,135,358,0,9594,478,0,0,0,0,0,0,0,0,0,439,0,0,0,0,0,0,0,0,0,0,0,0,0,0,0,0,0,0,0,0,0,0,0,0,0,0,0,0,0,0
contig_24521,0,0,0,0,0,0,0,0,0,0,0,0,0,0,0,145,0,0,0,0,0,0,0,0,0,0,0,0,0,64,0,0,0,0,0,0,0,0,53,0,0,0,0,0,0,0,0,0,0,0,0,0,0,4292,0,0,38,0,0,758,0,5203,73,0,0,0,0,0,0,0,0,0,0,131,0,0,0,0,0,0,1106,0,0,0,0,0,0,0,0,1810,0,0
contig_24526,0,0,0,0,0,0,0,0,0,0,0,0,0,0,0,0,0,0,0,0,0,0,0,0,0,0,0,0,0,438,0,231,0,0,0,0,0,327,0,0,0,0,0,0,115,0,0,0,0,0,2317,0,0,0,0,0,674,0,0,0,0,5750,116,0,0,0,0,0,0,0,0,0,0,7614,0,0,0,0,0,0,0,0,0,0,0,0,0,0,30,372,0,0
contig_24534,0,0,0,0,0,0,0,0,0,0,0,0,0,0,0,0,0,0,0,0,0,0,0,0,0,0,0,0,0,57,0,0,0,0,0,0,0,0,0,0,0,0,198,0,0,0,0,0,220,0,151,0,0,0,0,0,3461,0,0,0,0,0,0,0,0,0,0,0,0,0,0,0,0,1878,0,0,0,0,0,0,0,0,0,0,0,0,2073,0,0,136,0,0
contig_24555,0,0,0,0,0,0,0,0,0,0,0,0,0,0,0,0,1920,0,0,0,0,0,0,0,0,0,0,0,0,415,0,0,0,0,0,0,0,0,0,0,0,0,0,0,0,0,0,0,0,0,0,0,0,0,0,0,0,0,0,0,0,6300,0,0,0,0,0,0,0,0,0,0,0,0,0,0,0,0,0,0,0,0,0,0,0,0,0,0,0,0,0,0
contig_24570,0,62,0,0,0,0,0,0,0,0,0,0,0,0,0,119,0,0,0,0,0,0,0,0,0,0,0,37,0,0,0,0,3062,0,0,0,0,0,38,0,0,0,0,0,0,0,0,0,186,0,0,0,0,5286,0,210,0,0,0,109,0,2084,0,389,30,0,0,156,119,0,0,0,0,2007,0,0,0,0,0,0,228,0,0,0,0,0,0,0,0,544,0,0
contig_24572,0,0,0,351,0,204,0,0,0,0,0,0,0,0,0,0,0,0,0,0,0,0,0,0,0,0,0,0,0,0,0,0,0,0,0,0,0,0,0,0,0,0,0,0,0,0,0,0,89,637,5020,0,0,0,0,0,3449,0,0,0,0,107,0,0,0,0,0,0,0,0,0,0,0,0,0,0,0,0,0,0,0,0,0,0,0,0,524,0,0,0,0,0
contig_24573,0,544,0,0,0,1102,0,0,0,0,0,0,0,0,1440,773,6226,0,0,0,0,0,0,0,0,1309,0,0,467,1840,0,1064,454,0,0,0,0,1201,522,4495,0,0,0,0,0,126,1827,591,2788,2290,1443,0,0,0,777,0,6511,0,0,6383,7830,600,0,0,205,0,0,301,3994,0,0,0,0,5339,0,0,0,0,0,0,39,0,0,0,0,0,0,0,0,460,0,0
contig_24582,0,0,0,580,0,0,0,0,0,0,0,0,0,0,0,0,163,0,0,0,0,0,0,0,0,0,0,0,0,250,0,0,0,0,0,0,0,0,0,0,0,0,0,0,0,0,256,0,968,321,0,0,0,0,0,0,401,0,0,0,590,0,0,0,0,0,0,512,0,0,0,0,0,181,0,0,0,0,0,0,0,0,0,0,0,0,0,0,0,0,0,0
contig_24599,0,0,0,0,0,0,0,0,0,0,0,0,0,0,0,0,0,0,0,0,0,0,0,0,0,0,0,0,0,0,0,0,0,0,0,0,0,0,0,0,0,0,0,0,0,116,0,0,0,0,0,0,0,0,0,0,0,0,0,0,86,201,0,0,0,0,0,29,0,0,0,0,0,0,0,0,0,0,0,0,0,0,0,0,0,0,0,0,0,168,0,0
contig_24603,0,0,0,712,0,758,0,0,0,0,0,0,0,0,0,0,0,0,0,0,0,0,0,0,0,0,0,0,0,0,0,92,318,0,0,0,0,311,0,0,0,0,0,0,0,0,0,136,394,210,0,0,0,0,0,0,0,0,0,0,0,3803,223,0,0,0,132,458,0,0,0,0,0,0,0,0,0,0,0,0,193,0,0,0,0,0,0,0,0,166,0,0
contig_24610,0,25423,25822,2626,388,0,0,0,0,0,0,0,0,0,7800,64661,2098,0,0,0,0,0,0,0,0,0,0,0,8746,10483,0,0,0,0,0,0,0,0,3657,0,0,0,0,0,0,0,0,2355,0,0,0,0,0,0,0,0,0,0,0,0,16133,0,0,0,1600,0,0,2346,583,0,0,0,0,0,0,0,0,0,0,0,0,0,0,0,0,0,527,0,0,0,0,0
contig_24612,168,0,0,0,0,0,0,0,0,0,0,0,0,0,0,0,0,0,0,0,0,0,0,0,0,0,0,2211,0,0,0,0,0,0,0,0,0,0,0,0,0,0,376,0,0,457,0,0,0,0,0,0,0,0,0,0,0,0,0,1492,0,0,0,0,0,0,0,900,91645,0,0,0,0,0,0,0,0,0,0,0,0,0,0,0,0,0,0,0,0,0,0,0
contig_24614,0,0,0,0,0,0,0,0,0,0,0,0,0,0,0,0,0,0,0,0,0,0,0,0,0,0,0,0,0,0,0,0,0,0,0,0,0,0,0,0,0,0,0,0,0,16763,0,0,0,0,0,0,0,0,0,0,0,0,0,0,0,862,0,0,0,0,0,279,0,0,0,0,0,0,0,0,0,0,0,0,0,0,0,0,0,0,0,0,0,1019,0,0
contig_24615,0,774,2360,0,477,685,0,0,0,0,0,0,0,0,2188,1966,890,0,0,0,0,0,0,0,0,0,0,0,2914,2516,0,0,0,0,0,0,0,0,0,298,0,0,0,0,0,0,0,4204,3175,2146,1895,0,0,0,6239,0,2057,0,0,4329,5859,524,0,0,0,0,0,989,0,0,0,0,0,0,0,0,0,0,0,0,427,0,0,0,0,0,0,0,0,0,0,0
contig_24625,0,0,0,0,0,0,0,0,0,0,0,0,0,0,0,0,0,0,0,0,0,0,0,0,0,0,0,0,0,0,0,0,0,0,0,0,0,0,0,0,0,0,0,0,0,0,0,0,595,0,100,279,0,0,0,0,0,0,0,0,0,0,0,0,0,0,0,0,0,0,0,0,0,0,0,0,0,0,0,0,0,0,0,0,0,0,0,0,0,0,0,0
contig_24646,0,0,0,0,0,0,0,0,0,0,0,0,0,77,0,0,0,0,0,0,0,0,0,0,0,0,0,0,0,0,0,206,0,0,5502,0,0,6100,0,0,0,0,863,0,1146,0,0,0,0,0,0,0,0,0,0,0,0,0,0,0,0,0,0,0,0,0,0,0,0,0,0,0,0,0,0,0,0,0,0,0,0,0,0,0,0,0,0,0,218,0,0,0
contig_2465,0,0,0,0,0,0,0,0,0,0,0,0,0,0,0,0,0,0,0,0,0,0,0,0,0,0,0,0,0,0,0,0,0,0,0,0,0,1486,0,0,0,0,0,0,0,0,0,0,0,0,0,0,0,0,0,0,0,0,0,0,0,0,0,0,0,0,0,0,0,0,0,0,0,0,0,0,0,0,0,0,0,0,0,0,0,0,0,0,0,7922,1491,0
contig_24671,48354,1361,0,0,0,0,0,0,0,0,0,0,0,0,2772,7324,0,0,0,0,0,0,0,0,0,0,0,824,17506,0,0,0,0,0,0,0,0,0,0,0,0,0,0,0,0,2919,0,0,0,0,0,0,0,0,0,0,0,0,733,0,1408,0,0,0,0,0,0,0,0,0,0,0,0,0,0,0,0,0,0,0,0,0,0,0,0,0,0,0,0,0,0,0
contig_2469,0,0,0,0,0,0,0,0,0,0,0,0,0,0,0,0,0,0,0,0,0,0,0,0,0,0,0,0,0,0,0,0,0,0,0,0,0,0,0,0,0,0,0,0,0,0,0,0,0,0,0,0,0,0,0,0,0,0,0,0,0,0,0,0,0,0,0,0,0,0,0,0,0,0,0,0,0,0,0,0,0,0,0,0,0,0,0,0,73,949,681,0
contig_247,0,0,0,0,0,0,0,0,0,0,0,0,0,0,0,0,0,0,0,0,0,0,0,0,0,0,0,0,0,0,0,0,0,0,0,0,0,0,0,0,3499,0,0,0,0,0,0,0,0,0,0,0,0,0,0,0,0,0,0,0,0,0,0,0,0,0,0,0,0,0,0,0,1072,0,0,0,0,0,0,0,0,0,0,0,0,0,0,0,0,667,0,0
contig_24725,0,0,0,0,0,0,0,0,0,0,0,0,0,0,0,0,660,0,0,0,0,0,0,0,0,0,0,0,0,189,222,0,0,0,0,0,0,0,0,0,0,0,0,0,0,0,0,0,0,0,0,0,0,0,0,0,0,0,0,0,0,0,0,0,0,0,0,0,0,0,0,0,0,0,0,0,0,0,0,0,0,0,0,0,0,0,0,0,0,9167,0,0
contig_24726,0,0,0,0,0,0,0,0,0,0,1001,0,0,0,0,0,0,0,0,113,0,246,0,0,0,0,0,0,0,593,0,1323,4248,0,203,0,0,718,0,0,835,0,0,0,0,0,0,0,2905,1079,0,14799,0,8394,0,2414,0,1103,0,0,0,0,0,0,0,0,0,305,0,673,0,90,0,54359,0,1314,0,38,0,0,0,0,0,0,0,0,9585,0,106,5414,0,0
contig_24728,0,0,0,1291,0,0,0,0,0,0,93,0,0,0,0,0,594,0,0,0,0,0,0,0,0,0,0,0,0,3249,0,0,0,0,0,0,0,0,0,312,0,0,24,0,0,0,4702,0,7108,3093,0,0,0,0,0,0,950,0,0,0,2790,3714,0,0,0,0,0,0,0,0,0,0,0,3487,0,0,103,0,0,0,0,0,0,0,0,0,0,0,0,0,0,0
contig_24730,0,0,975,2983,0,1764,3793,0,0,0,0,0,0,0,4926,0,1100,0,0,0,0,0,0,0,0,0,0,10273,431,445,0,700,3172,0,0,0,0,0,0,0,0,0,0,0,0,4873,3319,1973,791,764,362,0,0,1016,0,0,0,0,0,20583,15461,1702,0,1969,6028,0,0,1165,1134,0,0,0,75,0,0,0,0,0,0,0,28002,0,0,0,0,0,0,0,0,361,0,0
contig_2474,0,0,0,0,0,0,0,0,0,0,0,0,0,0,0,0,0,0,0,0,0,0,0,0,0,0,0,0,0,0,0,0,0,0,0,0,0,219,0,0,0,0,0,0,0,0,0,0,0,0,0,0,0,0,0,0,0,0,0,0,0,0,0,0,0,0,0,0,0,0,0,0,0,0,0,0,0,0,0,0,0,0,0,0,0,0,0,0,265,3362,809,0
contig_24764,0,0,0,0,0,0,0,0,0,0,0,0,0,0,0,0,0,0,0,0,0,0,0,0,0,0,0,0,0,0,0,0,0,0,0,0,0,0,0,0,0,0,0,0,0,0,0,0,89,0,72,0,0,0,0,0,0,0,0,0,11417,0,0,0,0,0,0,0,0,0,0,0,0,0,0,0,0,0,0,0,0,0,0,0,0,0,0,0,0,0,0,0
contig_24769,0,0,0,0,0,0,0,0,0,0,0,0,0,0,0,0,0,0,0,0,0,0,0,0,0,0,0,0,0,0,0,0,0,0,0,0,0,0,0,0,0,0,0,0,0,0,0,0,0,0,0,0,671,43,0,0,0,0,0,0,223,234,0,0,0,0,0,0,0,0,0,0,0,829,0,0,0,0,0,0,0,0,0,0,0,0,0,0,0,83,0,0
contig_24789,0,0,0,0,0,0,0,0,0,0,0,0,0,0,0,0,0,0,0,0,0,0,0,0,0,0,0,0,0,0,0,269,302,0,0,0,0,84,0,0,0,0,0,0,0,0,0,0,299,0,0,0,0,0,0,0,0,0,0,0,0,0,0,0,0,0,138,0,0,0,0,0,0,142,0,0,0,0,0,0,0,0,0,0,0,0,289,0,0,0,0,0
contig_24792,0,0,0,0,0,0,6861,0,0,0,0,0,0,0,0,0,0,0,0,0,0,0,0,0,0,0,0,0,456,491,0,0,0,0,0,0,0,0,0,0,0,0,0,0,0,0,0,0,0,0,0,0,0,0,0,0,0,0,0,565,6544,414,0,0,0,0,0,0,0,0,0,0,0,1240,0,0,0,0,0,0,0,0,0,0,0,0,2874,0,0,0,0,0
contig_24798,0,1518,1623,702,1104,944,0,0,0,0,612,0,0,0,13035,2844,9873,0,0,0,0,0,0,0,0,188,0,970,1890,6419,0,0,0,0,0,0,0,0,594,645,0,0,0,0,0,0,4347,1667,5884,5093,1367,0,0,0,0,0,5778,0,4976,5450,23729,2883,0,0,0,0,0,1645,8477,0,0,0,0,7054,0,0,0,0,0,0,169,0,0,0,0,0,3235,0,0,1893,0,0
contig_248,0,0,0,0,0,0,0,0,0,0,0,0,0,0,0,0,0,0,0,0,0,0,0,0,0,0,0,0,0,0,0,0,0,0,0,0,0,0,0,0,1682,83,0,0,0,0,0,0,0,0,0,0,0,0,0,0,0,0,0,0,0,0,0,0,0,0,0,0,0,0,0,0,413,0,0,0,0,0,0,0,0,0,0,0,0,0,0,0,0,297,0,0
contig_24852,0,0,0,354,0,0,0,0,0,0,0,0,0,0,794,0,0,0,0,0,0,0,0,0,0,0,0,0,0,0,0,0,0,0,0,0,0,0,0,0,0,0,0,0,0,0,0,0,0,1104,0,0,0,0,0,0,644,0,0,0,6050,1140,0,0,0,0,0,0,0,0,0,0,0,0,0,0,0,0,0,0,0,0,0,0,0,0,0,0,0,0,0,0
contig_24864,0,0,0,0,0,0,0,0,0,0,0,0,0,0,0,0,29,0,0,0,0,0,0,0,0,0,0,0,0,0,0,0,0,0,0,0,0,0,0,0,0,0,0,0,0,627,0,0,158,0,0,0,0,0,0,0,0,0,859,0,149,77,0,0,0,0,0,70,0,0,0,0,0,0,0,0,0,0,0,0,0,0,0,0,0,0,0,0,0,0,0,0
contig_24876,0,0,0,0,0,0,0,0,0,0,0,0,0,0,0,0,0,0,0,0,0,0,0,0,0,0,0,0,0,0,0,0,0,0,0,0,0,0,0,0,0,0,0,0,0,0,0,0,517,0,0,0,0,0,0,0,0,0,502,0,3683,0,0,0,0,0,0,0,0,0,0,0,0,0,0,0,0,0,0,0,0,0,0,0,0,0,0,0,0,0,0,0
contig_24892,0,0,6917,803,0,0,0,0,0,0,0,0,0,0,8498,57394,8119,0,0,0,0,0,0,0,0,0,0,24716,24279,27251,0,0,0,0,0,0,0,0,0,0,0,0,0,0,0,0,0,5096,4105,4340,0,0,0,0,0,0,785,0,1948,0,6845,164,0,0,0,0,0,491,0,0,0,0,0,20693,0,0,0,0,0,0,0,0,0,0,0,0,0,0,0,0,0,0
contig_249,0,0,0,0,0,0,0,0,0,0,0,0,0,0,0,0,59,51,0,37,0,0,0,0,0,0,0,0,0,95,0,0,0,0,91,0,0,0,0,0,62,0,0,0,9,0,0,0,58,55,0,0,0,0,0,0,0,0,0,0,0,0,28,0,0,0,0,0,0,0,0,0,0,0,0,0,0,0,0,0,0,0,0,0,0,0,1373,0,0,368,0,0
contig_24901,0,0,0,0,0,0,0,0,0,0,0,0,0,0,0,0,56,0,0,0,0,0,0,0,0,0,0,0,0,360,0,0,0,0,0,0,0,0,0,0,0,0,0,0,0,0,2697,0,605,0,0,0,0,4061,0,0,172,0,0,0,192,1611,0,0,0,0,0,1412,0,0,0,0,0,0,0,0,0,0,0,0,0,0,0,0,0,0,297,0,0,111,0,0
contig_24918,0,0,0,0,0,0,0,0,0,0,185,0,0,193,0,0,0,0,0,0,0,34,0,0,0,0,0,0,0,0,0,122,823,0,0,0,0,94,0,0,0,0,0,0,573,0,0,0,0,0,0,3050,0,0,0,0,0,486,0,0,0,0,0,0,0,0,0,0,0,0,0,0,38,22979,0,0,147,75,0,0,0,0,0,0,0,0,0,0,0,3896,0,0
contig_24926,0,0,0,0,0,0,0,0,0,0,0,0,0,0,0,0,0,0,0,0,0,0,0,0,0,0,0,0,0,0,0,0,0,0,0,0,0,0,0,0,0,0,0,0,0,0,0,2304,2103,1162,3525,0,0,0,0,0,0,0,0,0,6649,0,0,0,0,0,0,0,0,0,0,0,0,0,0,0,0,0,0,0,0,0,0,0,0,0,0,0,0,0,0,0
contig_24929,0,0,0,210,0,0,0,0,0,0,0,0,0,0,0,0,0,0,0,0,0,0,0,0,0,0,0,0,0,107,0,720,0,0,0,0,0,0,0,0,0,0,16,0,0,0,0,0,0,0,0,0,0,0,0,159,0,0,311,0,0,3905,0,0,0,0,0,0,0,0,0,0,0,0,0,0,0,0,0,0,0,36,0,0,0,0,0,0,393,0,0,0
contig_24943,0,0,0,0,0,0,0,0,0,0,0,0,0,0,0,0,0,0,0,0,0,0,0,0,0,0,0,0,0,30,0,0,0,0,0,0,0,0,0,0,0,0,33,0,0,0,0,0,0,0,0,0,0,0,0,0,0,0,0,0,0,840,0,0,0,0,0,0,0,0,0,0,0,0,0,0,0,0,0,0,0,0,0,0,0,0,0,0,0,72,0,0
contig_24956,0,0,870,0,0,462,0,0,0,0,0,0,0,0,2233,0,474,0,0,0,0,0,0,0,0,0,0,0,0,0,0,0,0,0,0,0,0,0,0,0,0,0,0,0,0,0,0,205,261,0,110,0,0,0,0,0,0,0,0,0,2063,0,0,0,0,0,0,0,0,0,0,0,0,0,0,0,0,0,0,0,0,0,0,0,0,0,742,0,0,0,0,0
contig_24981,0,0,0,0,734,0,0,0,0,0,0,0,0,0,1053,0,1083,0,0,0,0,0,0,0,0,0,0,0,219,1307,362,1192,0,0,0,0,0,1513,282,1440,0,0,83,0,0,181,948,330,2095,2814,947,302,0,622,0,0,1475,0,0,380,1842,1905,0,0,410,0,982,1453,1422,698,0,0,0,3773,0,0,0,0,0,0,0,0,0,0,0,0,2099,0,122,1578,0,0
contig_24990,0,481,0,109,86,0,192,0,0,0,0,0,0,0,338,0,0,0,0,0,0,0,0,0,0,0,0,0,0,289,122,0,0,0,0,0,0,0,0,71,0,0,0,0,0,0,0,438,1544,810,878,0,0,0,0,0,275,0,0,156,667,204,0,0,0,0,0,0,0,0,0,0,0,847,0,0,0,0,0,0,0,0,0,0,0,0,1382,0,0,124,0,0
contig_24996,0,0,0,0,0,0,0,0,0,0,0,0,0,0,2956,0,0,0,0,0,0,0,0,0,0,0,0,0,0,0,0,0,0,0,0,0,0,0,0,0,0,0,0,0,0,2576,0,1866,0,0,0,0,0,47,0,0,0,0,0,0,0,215,0,279,0,0,0,399,0,0,0,0,0,0,0,0,0,0,0,0,0,0,0,0,0,0,0,0,0,0,0,0
contig_25,0,0,0,0,0,0,0,0,0,0,0,0,0,0,0,0,0,0,0,0,0,0,0,0,0,0,0,0,0,0,0,0,0,0,0,27,0,193,0,0,0,0,0,0,0,0,0,0,0,0,0,0,0,0,0,0,0,0,0,0,0,0,0,0,0,0,0,0,0,0,0,0,0,38,0,0,0,305,0,0,0,0,0,0,0,0,0,0,0,0,0,0
contig_250,0,0,0,0,0,0,0,0,0,0,0,0,0,0,0,0,0,0,0,0,0,1764,0,1973,0,0,0,0,0,0,0,0,13733,2818,0,0,0,283,0,0,0,7120,4912,274,199,0,0,0,0,0,0,0,0,0,0,6994,0,0,0,0,0,0,0,0,0,0,0,0,0,0,0,0,0,0,0,0,0,0,0,0,0,0,0,248,0,0,0,0,0,6909,0,0
contig_25001,0,0,3039,0,0,0,0,0,0,0,0,0,0,0,0,0,0,0,0,0,0,0,0,0,0,0,0,0,0,1840,1464,0,0,0,0,0,0,0,0,0,0,0,0,0,0,0,0,0,0,1602,0,0,0,0,0,0,1410,0,0,0,11177,5649,0,0,711,0,0,0,0,0,0,0,0,1317,0,0,0,0,0,0,0,0,0,0,0,0,0,0,0,549,0,0
contig_25009,0,0,0,0,0,0,0,0,0,0,0,0,0,0,0,0,0,0,0,0,0,0,0,0,0,0,0,0,0,0,0,0,0,0,0,0,0,0,0,0,0,0,0,0,0,0,0,588,154,131,1671,0,0,0,0,0,0,0,0,0,190,155,0,0,0,0,0,510,33,0,0,0,0,295,0,0,0,0,0,0,0,0,0,0,0,0,0,0,37,0,0,0
contig_25010,0,0,0,0,0,0,0,0,0,0,0,0,0,0,0,0,0,0,0,0,0,0,0,0,0,0,0,0,0,0,0,0,0,0,0,0,0,0,0,0,0,0,0,0,0,1098,0,0,0,0,0,0,0,0,0,0,109,0,962,0,0,662,0,0,0,0,0,0,0,0,0,0,0,0,0,0,0,0,0,0,0,0,0,0,0,0,133,0,0,0,0,0
contig_25019,0,3945,0,339,248,227,6839,0,0,0,63,0,0,0,0,0,0,0,0,0,0,0,0,0,0,0,0,0,0,491,64,85,0,0,0,0,0,163,0,0,0,0,0,0,0,0,0,2239,965,1268,2449,0,0,520,0,0,0,0,0,0,6708,634,0,0,0,0,0,1104,0,633,399,0,0,1534,0,0,0,0,0,0,0,0,0,0,0,0,2961,0,85,498,0,0
contig_25024,0,0,0,0,0,0,0,0,0,0,0,0,0,0,0,0,0,0,0,0,0,0,0,0,0,0,0,0,0,46,0,0,0,0,0,0,0,0,0,0,0,0,0,0,0,0,0,0,55,0,32,0,0,0,0,0,338,0,0,0,0,158,0,0,0,0,0,269,0,0,0,0,0,0,0,0,0,0,0,0,0,0,0,0,0,0,0,0,0,0,0,0
contig_25027,0,0,0,0,0,0,0,0,0,0,0,0,0,0,0,0,0,0,0,0,0,0,0,0,0,0,0,0,0,456,0,0,487,0,0,0,0,0,0,0,0,0,0,0,0,0,0,0,0,0,0,0,0,0,0,0,54,0,0,0,0,0,0,0,0,0,0,0,0,0,0,0,0,0,0,0,0,0,0,0,0,0,0,0,0,0,0,0,0,0,0,0
contig_25039,0,0,0,82,180,108,538,0,0,0,0,0,0,0,0,0,1655,0,0,0,0,0,0,0,0,0,0,0,0,0,0,0,0,0,0,0,0,0,0,0,0,0,0,0,0,0,0,471,829,1365,524,0,0,0,0,0,140,0,0,0,2369,815,0,0,0,0,0,214,0,0,0,0,0,0,0,0,0,0,0,0,0,0,0,0,0,0,0,0,0,0,0,0
contig_25050,0,0,0,0,0,0,0,0,0,0,0,0,0,0,0,0,10073,0,0,0,0,0,0,0,0,0,0,0,0,0,0,0,0,0,0,0,0,0,0,0,0,0,0,0,0,6016,0,1725,355,308,405,0,0,0,0,0,92,0,0,0,21856,0,0,0,0,0,0,566,146,0,0,0,0,0,0,0,0,0,0,0,0,0,0,0,0,0,0,0,0,0,0,0
contig_25054,0,1559,0,0,0,0,7494,0,0,0,0,0,0,0,0,6528,0,0,0,0,0,0,0,0,0,0,0,0,15057,0,0,0,5333,0,0,0,0,0,0,1046,0,0,0,0,0,4423,15378,5633,2603,2393,1431,0,0,0,47347,189,525,0,0,11224,0,0,0,1515,0,0,335,877,3951,0,0,0,0,1162,0,0,0,0,0,0,1192,0,0,0,0,0,5969,0,0,8300,0,0
contig_25059,0,0,0,0,0,0,0,0,0,0,0,0,0,0,0,0,0,0,0,0,0,0,0,0,0,0,0,0,0,2789,0,461,2343,0,0,0,0,564,0,543,0,0,0,0,0,0,0,0,2359,1023,0,62,0,810,0,0,1786,0,1480,0,11668,1067,0,0,0,0,157,69,79,0,0,0,0,4237,0,0,0,0,0,0,0,0,0,0,0,0,7091,0,0,1858,0,0
contig_25069,0,0,0,0,0,0,0,0,0,0,0,0,0,0,0,0,0,0,0,0,0,0,0,0,0,0,0,0,0,192,0,0,0,0,0,0,0,0,0,0,0,0,0,0,0,0,0,1099,126,0,725,0,0,141,0,0,114,0,0,0,17604,1878,0,0,0,0,0,0,0,0,0,0,0,0,0,0,0,0,0,0,0,0,0,0,0,0,72,0,98,330,0,0
contig_25077,0,0,880,0,0,0,0,0,0,0,0,0,0,0,1786,2669,0,0,0,0,0,0,0,0,0,0,0,349,0,1132,0,0,0,0,0,0,0,0,0,0,0,0,0,0,0,0,0,0,0,0,0,0,0,0,0,0,0,0,0,845,0,2025,0,0,220,0,0,0,0,0,0,0,0,0,0,0,0,0,0,0,0,0,0,0,0,0,0,0,0,0,0,0
contig_25095,0,0,0,0,0,0,0,0,0,0,0,0,0,0,0,0,0,0,0,0,0,0,0,0,0,0,0,0,0,294,0,0,0,0,0,0,0,0,0,0,0,0,0,0,0,0,0,18,93,0,0,0,0,0,0,0,0,0,0,0,1564,148,0,0,0,0,0,0,0,0,0,0,0,0,0,0,0,0,0,0,0,0,0,0,0,0,0,0,0,0,0,0
contig_251,0,0,0,0,0,0,0,864,0,0,0,0,0,0,0,0,0,0,0,0,0,0,0,0,0,0,0,0,0,0,0,0,0,0,0,0,0,532,0,0,0,0,0,0,0,0,0,0,0,0,0,0,0,0,0,0,0,0,0,0,0,0,0,0,0,0,0,0,0,0,0,0,0,5534,0,0,0,1595,0,0,0,0,0,0,0,0,0,0,0,0,0,0
contig_25135,0,67,0,85,82,0,0,0,0,0,0,0,0,0,0,0,246,0,0,61,0,51,0,0,0,0,0,0,0,0,345,0,0,0,0,0,0,0,0,0,0,0,0,0,0,0,0,0,0,0,0,0,0,0,0,0,0,0,0,0,0,438,0,0,0,0,0,775,0,0,0,0,0,0,0,0,0,0,0,0,0,0,0,0,0,0,0,0,0,0,0,0
contig_25137,0,1869,0,0,0,0,0,0,0,0,0,0,0,0,0,6532,0,0,0,0,0,0,0,0,0,0,0,0,16741,4110,0,0,0,0,0,0,0,0,241,678,0,0,0,0,0,6809,0,4789,969,0,1076,0,3098,0,75268,0,254,0,1590,13406,5898,454,0,1157,0,0,0,446,1317,0,0,0,0,0,0,0,0,0,0,0,0,0,0,0,0,0,1768,0,416,5150,0,0
contig_25165,0,0,0,0,0,0,0,0,0,0,0,0,0,0,0,0,845,0,0,0,0,0,0,0,0,0,0,0,0,0,11545,763,0,0,0,0,0,0,0,0,0,0,138,0,0,0,0,175,458,839,103,0,0,0,0,0,0,0,0,0,0,5903,0,0,0,0,0,0,0,0,0,0,0,0,0,0,0,0,0,0,0,0,0,0,0,0,0,0,0,0,0,0
contig_25192,0,0,0,2067,0,0,0,0,0,0,0,0,0,0,0,0,0,0,0,0,0,0,0,0,0,0,0,0,0,0,0,0,0,0,0,0,0,0,0,0,0,0,0,0,0,0,0,7659,3691,0,0,0,0,0,0,0,0,0,0,0,0,0,0,0,0,0,0,0,0,0,0,0,0,0,0,0,0,0,0,0,0,0,0,0,0,0,0,0,0,0,0,0
contig_25196,0,0,0,0,0,0,0,0,0,0,0,0,0,0,790,0,0,0,0,0,0,0,0,0,0,0,0,22578,878,4659,0,142,0,0,0,0,0,0,0,0,0,0,0,0,0,12642,168,0,0,0,0,0,0,0,0,0,655,0,0,104072,0,1296,0,9593,0,0,0,404,4906,0,0,0,0,0,0,0,0,0,0,0,2339,0,0,0,0,0,15823,0,0,829,0,0
contig_25197,0,0,0,25,0,0,0,0,0,0,0,0,0,0,441,0,78,0,0,0,0,0,0,0,0,0,0,0,0,0,0,0,0,0,0,0,0,0,0,0,0,0,0,0,0,0,0,0,0,0,0,0,0,0,0,0,0,0,0,0,0,0,0,0,0,0,0,0,0,0,0,0,0,0,0,0,0,0,0,0,0,0,0,0,0,0,0,0,0,0,0,0
contig_25198,0,0,0,0,0,0,0,0,0,0,0,0,0,0,0,0,0,0,0,0,0,0,0,0,0,0,0,0,0,45,0,0,0,0,0,0,0,0,0,0,0,0,0,0,0,0,0,0,655,244,47,0,0,0,0,0,284,0,0,0,94,236,0,0,0,0,0,63,0,0,0,0,0,232,0,0,0,0,0,0,0,0,0,0,0,0,0,0,0,0,0,0
contig_252,0,0,0,0,0,0,0,0,0,0,0,0,0,0,0,0,0,0,0,0,0,0,0,0,0,0,0,0,0,0,0,199,0,0,0,0,0,965,0,0,0,0,0,0,0,0,0,0,0,0,0,0,0,0,0,0,0,0,0,0,0,0,0,0,0,0,0,0,0,0,0,0,0,0,0,0,0,0,0,0,0,0,0,0,0,0,0,0,93,7819,168,0
contig_25200,0,78,0,0,0,0,0,0,0,0,0,0,0,0,570,0,54,0,0,0,0,0,0,0,0,0,0,0,0,77,0,0,0,0,0,0,0,0,0,0,0,0,0,0,0,0,0,0,119,0,0,0,0,0,0,0,0,0,66,0,231,128,0,0,0,0,0,58,0,0,0,0,0,0,0,0,0,0,0,0,0,0,0,0,0,0,230,0,0,0,0,0
contig_25213,0,0,0,869,179,0,0,0,0,0,0,0,0,0,0,0,0,0,0,0,0,0,0,0,0,0,0,0,0,0,0,0,0,0,0,0,0,0,0,0,0,0,255,0,0,0,0,0,0,0,0,0,0,0,0,0,0,0,0,0,0,0,0,0,0,0,0,744,0,0,0,0,0,0,0,0,0,0,0,0,0,0,0,0,0,0,0,0,54,0,0,0
contig_25241,0,0,0,0,0,0,0,0,0,0,0,0,0,0,0,0,0,0,0,0,0,0,0,0,0,0,0,0,0,0,0,0,0,0,0,0,0,0,0,53,0,0,205,0,110,0,0,0,3332,0,0,0,0,0,0,0,0,697,0,0,0,0,0,0,0,0,0,0,0,0,0,0,0,0,0,0,0,0,0,0,0,0,0,0,0,0,0,0,0,0,0,0
contig_25244,0,0,0,0,0,0,0,0,0,0,0,0,0,0,0,0,2173,0,0,0,0,0,0,0,0,0,0,0,0,1598,0,0,0,0,0,0,0,0,0,0,0,0,0,0,0,0,0,181,207,0,0,0,0,0,0,0,0,0,0,0,5390,586,0,0,0,0,0,0,0,0,0,0,0,0,0,0,0,0,0,0,0,0,0,0,0,0,0,0,0,0,0,0
contig_25251,0,0,0,0,0,0,0,0,0,0,0,0,0,0,0,12124,0,0,0,0,0,0,0,0,0,0,0,0,1364,0,0,0,0,0,0,0,0,0,0,0,0,0,0,0,0,2702,0,392,20,95,236,0,0,89,0,0,321,0,0,0,2616,873,0,0,0,0,37,550,163,0,0,0,0,0,0,0,0,0,0,0,0,0,0,0,0,0,0,0,52,1367,0,0
contig_25278,0,0,0,0,0,0,0,0,0,0,0,0,0,0,0,0,32,0,0,0,0,0,0,0,0,0,0,0,177,69,0,0,0,0,0,0,0,0,0,0,0,0,0,0,0,0,0,0,0,0,0,0,0,0,0,0,29,0,0,0,0,317,0,0,0,0,0,0,0,0,0,0,0,187,0,0,0,0,0,0,0,0,0,0,0,0,39,0,0,52,0,0
contig_253,0,0,0,0,0,0,0,0,0,0,0,0,0,0,0,0,0,0,0,0,0,0,0,0,0,0,0,0,0,0,0,1107,0,0,0,0,0,1849,0,0,0,0,0,0,0,0,0,0,0,0,0,0,0,0,0,0,0,0,0,0,0,0,0,0,0,0,0,0,0,0,0,0,0,0,0,0,0,0,0,0,0,0,0,0,0,0,0,9,2548,17357,662,0
contig_25307,0,0,0,0,0,0,0,0,0,0,0,0,0,0,0,0,0,0,0,0,0,0,0,0,0,0,0,0,0,0,0,0,0,0,0,0,0,0,0,0,0,0,0,0,0,0,0,3577,1782,0,5151,0,0,868,0,0,937,0,0,0,0,0,0,0,0,0,0,963,0,0,0,0,0,0,0,0,0,0,0,0,0,0,0,0,0,0,0,0,357,229,0,0
contig_25308,0,0,0,237,0,0,0,0,0,0,0,0,0,0,0,0,619,0,0,0,0,347,0,0,0,0,0,0,0,807,0,0,0,0,0,0,0,0,0,0,0,0,0,0,0,102,0,238,0,0,272,0,0,0,0,0,0,0,1292,0,0,3139,0,0,0,0,0,0,0,0,0,0,0,105,0,0,0,0,0,0,0,0,0,0,0,0,0,0,291,0,0,0
contig_25313,0,0,0,0,0,0,0,0,0,0,0,0,0,0,0,0,0,0,0,0,0,0,0,0,0,0,0,0,0,0,0,0,0,0,0,0,0,0,0,0,0,0,0,0,0,0,0,0,163,0,0,0,0,0,0,0,0,0,0,0,0,378,0,0,0,0,0,1156,0,0,0,0,0,0,0,0,0,0,0,0,0,0,0,0,0,0,0,0,0,0,0,0
contig_25322,0,0,0,0,0,0,0,0,0,0,0,0,0,0,0,0,2274,0,0,0,0,0,0,0,0,0,0,0,0,466,0,0,0,0,0,0,0,0,0,0,0,0,0,0,0,0,0,0,3434,1094,2588,0,0,0,0,0,0,0,0,0,818,0,0,0,0,0,0,223,313,0,0,0,0,0,0,0,0,0,0,0,0,0,0,0,0,0,0,0,0,0,0,0
contig_25334,0,0,0,0,0,28,0,0,0,0,358,0,0,0,0,0,172,0,0,0,0,0,0,0,0,0,0,0,86,0,0,0,0,0,0,0,0,0,0,0,0,0,0,0,0,0,0,0,42608,2600,11405,0,0,0,0,0,643,0,0,151,452,223,0,0,0,0,0,0,0,0,0,0,0,1530,0,0,0,0,0,0,0,0,0,0,0,0,0,0,0,0,0,0
contig_25359,0,0,0,0,0,0,0,0,0,0,0,0,0,0,0,0,91,0,0,0,0,0,0,0,0,0,0,0,0,549,0,518,1114,0,0,0,0,0,0,197,0,0,0,0,0,0,305,0,135,0,0,115,0,1864,0,0,280,0,281,0,0,0,0,140,0,0,616,670,0,0,0,0,0,3987,0,0,0,0,0,0,0,0,0,0,0,0,2829,0,0,0,0,0
contig_25376,0,0,0,0,0,0,0,0,0,0,0,0,0,0,0,0,0,0,0,0,0,0,0,0,0,0,0,0,0,0,0,0,0,0,0,0,0,0,0,0,0,0,0,0,0,0,0,0,0,0,0,0,0,0,0,0,154,0,0,0,144,100,0,0,0,0,0,0,0,0,0,0,0,0,0,0,0,0,0,0,0,0,0,0,0,0,0,0,0,0,0,0
contig_25384,0,0,0,0,0,0,0,0,0,0,0,0,0,0,0,0,310,0,0,0,0,0,0,0,0,0,0,0,0,0,0,0,0,0,0,0,0,0,0,0,0,0,0,0,0,0,0,0,0,0,0,0,0,0,0,0,0,0,0,0,1662,326,0,0,0,0,0,0,0,0,0,0,0,0,0,0,0,0,0,0,0,0,0,0,0,0,0,0,0,0,0,0
contig_25386,0,1651,0,0,0,0,0,0,0,0,0,0,0,0,0,26301,0,0,0,0,0,0,0,0,0,0,0,0,0,6566,0,0,0,0,0,0,0,0,0,0,0,0,0,0,0,0,0,0,0,0,0,0,0,554,0,0,0,0,0,2105,1319,1040,0,3124,0,0,0,0,0,0,0,0,0,0,0,0,0,0,0,0,12575,0,0,0,0,0,0,0,0,0,0,0
contig_25394,0,0,0,247,0,0,0,0,0,0,0,0,0,0,0,0,0,0,0,0,0,0,0,0,0,0,0,0,0,0,0,0,0,0,0,0,0,0,0,0,0,0,0,0,0,0,0,0,0,0,0,0,0,0,0,0,532,0,0,0,6884,1399,0,0,0,0,0,2047,0,0,0,0,0,0,0,0,0,0,0,0,0,0,0,0,0,0,0,0,0,0,0,0
contig_254,0,0,0,0,0,0,0,0,0,0,0,0,0,0,0,0,0,0,0,0,0,0,0,0,0,0,0,0,0,0,0,22998,0,0,0,0,0,8485,0,0,0,0,0,0,0,0,0,0,0,0,0,0,0,0,0,0,0,0,0,0,0,0,0,0,0,0,0,0,0,0,0,0,0,0,0,0,0,0,0,0,0,0,0,0,0,0,0,0,5606,255213,5865,16
contig_25413,0,861,0,1224,185,733,0,0,0,0,0,0,0,0,0,0,0,0,0,0,0,0,0,0,0,0,0,0,0,306,0,0,0,0,0,0,0,0,0,0,0,0,0,0,0,0,0,0,69,96,0,0,0,0,0,0,0,0,0,0,5541,0,0,0,0,0,0,0,0,0,0,0,0,0,0,0,0,0,0,0,0,0,0,0,0,0,0,0,0,0,0,0
contig_25443,0,0,0,0,0,0,0,0,0,0,0,0,0,0,0,0,0,0,0,0,0,0,0,0,0,0,0,0,0,0,0,284,823,0,0,0,0,0,0,0,0,0,0,0,0,0,0,0,569,0,0,0,0,0,0,0,0,0,0,0,0,0,0,0,0,0,0,0,0,0,0,0,0,1696,0,0,0,0,0,0,0,0,0,0,0,0,335,0,0,0,0,0
contig_25479,0,0,0,0,0,0,163,0,0,0,0,0,0,0,0,2094,0,0,0,0,0,0,0,0,0,0,0,0,0,585,0,0,117,0,0,0,0,0,94,100,0,0,0,0,0,699,0,1621,79,66,928,0,807,0,12149,0,0,0,0,3509,4272,176,0,154,0,0,0,2210,40,0,0,0,0,83,0,0,0,0,0,0,0,0,0,0,0,0,0,0,0,1130,0,0
contig_25480,0,0,0,0,0,0,0,0,0,0,0,0,0,0,0,0,0,0,0,0,0,0,0,0,0,0,0,0,0,0,0,0,0,0,0,0,0,0,0,0,0,0,0,0,0,0,0,0,4535,0,0,0,0,0,0,0,3081,0,0,0,0,1895,0,0,0,0,0,0,0,0,0,0,0,8349,0,0,0,0,0,0,0,0,0,0,0,0,0,0,0,1948,0,0
contig_25483,0,0,0,0,0,0,0,0,0,0,0,0,0,0,0,0,0,0,0,0,0,0,0,0,0,0,0,0,0,0,0,0,0,0,0,0,0,57,0,0,0,0,0,0,0,0,0,0,0,0,0,0,0,0,0,0,133,0,0,0,0,0,0,0,0,0,0,68,0,0,0,0,0,540,0,0,0,0,0,0,0,0,0,0,0,0,0,0,0,0,0,0
contig_25511,0,0,0,0,0,0,0,0,0,0,144,0,0,0,0,0,0,0,0,0,0,0,0,0,0,0,0,0,0,0,0,0,0,0,0,0,0,0,0,0,0,0,0,0,0,0,0,0,0,0,0,0,0,0,0,0,0,0,0,0,5797,1804,0,0,0,0,0,0,0,1300,0,0,0,0,0,0,0,0,0,0,0,0,0,0,0,0,0,0,0,0,0,0
contig_25514,0,0,0,0,0,0,0,0,0,0,0,0,0,0,0,0,0,0,0,0,0,0,0,0,0,0,0,0,0,246,0,264,0,0,0,0,0,0,0,0,0,0,0,0,0,0,0,0,1977,0,2331,0,0,1008,0,0,0,0,0,0,0,1047,0,0,0,0,0,0,0,0,0,0,0,4343,0,0,0,0,0,0,0,0,0,0,0,0,5496,0,94,1429,0,0
contig_25528,0,0,0,0,0,0,0,0,0,0,0,0,0,0,0,0,0,0,0,0,0,0,0,0,0,0,0,0,0,0,0,0,0,0,0,0,0,0,0,0,0,0,0,0,0,0,0,0,208,45,0,0,0,0,0,0,0,0,0,0,1672,233,0,0,0,0,0,391,191,0,0,0,0,0,0,0,0,0,0,0,0,0,0,0,0,0,0,0,0,0,0,0
contig_25534,0,0,0,0,0,0,0,0,0,0,0,0,0,0,0,0,0,0,0,0,0,0,0,0,0,0,0,0,0,0,0,0,0,0,0,0,0,47,0,95,0,30,0,0,0,0,0,0,0,0,0,0,0,0,0,0,0,78,0,0,0,0,0,0,0,0,0,0,0,0,0,0,0,0,0,0,0,0,0,0,0,0,0,0,0,0,0,0,0,8435,0,0
contig_25547,0,501,0,0,0,0,0,0,0,0,0,0,0,0,0,0,0,0,0,0,0,0,0,0,0,0,0,0,0,750,0,0,0,0,0,0,0,0,0,0,0,0,0,0,0,0,0,103,0,0,0,0,0,270,0,0,0,0,0,150,154,263,0,0,0,0,0,0,0,0,0,0,0,0,0,0,0,0,0,0,0,0,0,0,0,0,0,0,0,199,0,0
contig_25551,0,0,0,0,0,0,0,0,0,0,0,0,0,0,0,0,594,0,0,0,0,0,0,0,0,0,0,0,0,496,0,0,0,0,0,0,0,0,0,0,0,0,0,0,0,0,0,0,0,0,0,0,0,0,0,0,0,0,0,0,5013,277,0,0,0,0,0,0,0,0,0,0,0,0,0,0,0,0,0,0,0,0,0,0,0,0,0,0,0,0,0,0
contig_25574,0,0,0,0,0,647,2914,0,0,0,0,0,0,0,3764,19047,19660,0,0,0,0,0,0,0,0,0,0,4468,0,3414,0,0,0,0,0,0,0,0,554,0,0,0,0,0,0,0,254,14413,1453,2379,0,0,0,0,0,0,0,0,0,0,1768,2003,0,0,547,0,0,260,0,0,0,0,0,0,0,0,0,0,0,0,0,0,0,0,0,0,0,0,0,276,0,0
contig_25582,0,0,0,0,0,0,0,0,0,0,0,0,0,0,0,0,310,0,0,0,0,0,0,0,0,0,0,0,0,80,0,99,0,0,0,0,0,0,0,69,0,0,0,0,0,0,0,0,0,0,0,0,0,0,0,0,0,0,0,0,0,410,0,0,0,0,0,0,0,0,0,0,0,0,0,0,0,0,0,0,0,0,0,0,0,0,0,0,0,0,0,0
contig_25601,0,2196,0,0,0,0,0,0,0,0,0,0,0,0,0,0,0,0,0,0,0,0,0,0,0,0,0,0,0,0,0,0,0,0,0,0,0,0,0,0,0,0,0,0,0,0,0,0,0,0,0,0,0,0,0,0,0,0,0,0,7559,2477,0,0,0,0,0,4027,0,0,0,0,0,0,0,0,0,0,0,0,0,0,0,0,0,0,0,0,0,0,0,0
contig_25627,0,0,0,432,90,0,0,0,0,0,0,0,0,385,0,0,0,0,0,0,0,0,0,0,0,0,0,0,0,0,0,0,0,0,0,0,0,0,0,0,0,0,100,0,372,0,0,0,3299,1166,629,251,0,0,0,0,0,0,0,0,0,0,0,0,0,0,0,0,0,0,0,0,0,0,0,0,0,0,0,0,0,0,0,0,0,0,0,0,0,0,0,0
contig_25632,0,0,0,0,0,0,0,0,0,0,0,0,0,0,0,0,0,0,0,0,0,0,0,0,0,0,0,0,0,0,0,0,0,0,0,0,0,0,0,0,0,0,0,0,0,0,0,2843,0,0,0,0,0,0,0,0,1371,0,0,0,14484,0,0,0,0,0,0,716,0,0,0,0,0,0,0,0,0,0,0,0,0,0,0,0,0,0,0,0,0,0,0,0
contig_25664,0,0,0,85,0,0,0,0,0,0,0,0,0,0,0,0,0,0,0,0,0,0,0,0,0,0,0,0,0,0,0,866,0,0,0,0,0,1938,0,0,0,0,539,0,266,0,0,0,256,410,0,0,0,0,0,0,0,0,0,0,0,0,0,0,0,0,0,0,0,0,0,0,0,6659,0,0,0,0,0,0,0,0,0,0,0,0,0,0,0,0,0,0
contig_25667,0,0,0,0,0,0,0,0,0,0,0,0,0,0,0,219,0,0,0,0,0,0,0,0,0,0,0,0,0,0,0,0,0,0,0,0,0,0,0,0,0,0,0,0,0,0,0,0,77,0,0,0,0,0,0,0,0,0,0,0,0,0,0,0,0,0,0,103,293,0,0,0,0,0,0,0,0,0,0,0,0,0,0,0,0,0,0,0,0,0,0,0
contig_25679,0,651,0,0,0,108,0,0,0,0,0,0,0,0,2531,2240,765,0,0,0,0,0,0,0,0,0,0,1080,0,1551,0,0,0,0,0,0,0,0,0,0,0,0,0,0,0,1014,0,133,0,0,0,0,0,0,0,0,399,0,5611,4008,1937,256,0,182,0,0,0,0,0,0,0,0,0,0,0,0,0,0,0,0,439,0,0,0,0,0,0,0,0,0,0,0
contig_25689,0,0,0,0,0,0,0,0,0,0,0,0,0,0,0,0,438,0,0,0,0,0,0,0,0,0,0,0,0,967,0,0,0,0,0,0,0,0,0,0,0,0,0,0,0,0,0,0,0,0,0,0,0,0,0,0,25,0,0,0,286,0,0,0,0,0,0,0,0,0,0,0,0,0,0,0,0,0,0,0,0,0,0,0,0,0,0,0,0,0,0,0
contig_25705,0,0,0,0,0,0,0,0,0,0,0,0,0,0,7680,0,6169,0,0,0,0,0,0,0,0,0,0,0,0,0,0,0,0,0,0,0,0,0,0,0,0,0,0,0,0,0,0,0,5018,0,689,0,0,0,0,0,0,0,2096,0,0,797,0,0,0,0,0,0,0,0,0,0,0,0,0,0,0,0,0,0,0,0,0,0,0,0,0,0,0,0,0,0
contig_25712,0,0,0,0,0,0,0,0,0,0,0,0,0,0,0,0,0,0,0,0,0,0,0,0,0,0,0,0,900,5459,0,0,0,0,0,0,0,0,0,0,0,0,20,0,0,0,0,0,1093,0,0,0,0,0,0,0,0,0,0,0,0,195,0,0,0,0,0,1135,0,0,0,0,0,0,0,0,0,0,0,0,0,0,0,0,0,0,0,0,0,0,0,0
contig_25731,0,65,0,0,0,0,0,0,0,0,0,0,0,0,0,0,0,0,0,0,0,0,0,0,0,0,0,0,0,163,0,0,3612,0,0,0,0,401,0,0,0,0,0,0,0,0,0,0,210,0,0,0,0,4185,0,0,99,0,0,132,0,2599,0,359,0,0,0,192,0,0,0,0,0,1480,0,0,0,0,0,0,207,0,0,0,0,0,390,0,0,712,0,0
contig_25737,0,0,0,2093,0,0,0,0,0,0,0,0,0,0,0,0,75,0,0,0,0,0,0,0,0,0,0,0,523,658,0,0,0,0,0,0,0,0,0,0,0,0,2641,0,0,0,0,0,0,0,521,0,0,0,0,0,71,0,0,0,0,0,0,0,0,0,0,3572,0,0,0,0,0,0,0,0,0,0,0,0,0,0,0,0,0,0,0,0,3423,0,0,0
contig_25739,0,0,0,662,2145,0,0,0,0,0,807,0,0,1204,0,0,268,0,0,0,0,232,0,0,0,0,0,0,0,4779,2109,463,0,0,0,0,0,18038,0,1833,0,565,50576,0,0,0,0,977,0,0,233,1462,0,0,0,0,0,17308,0,0,0,26738,0,0,0,0,0,0,0,3312,453,78,3708,0,0,0,0,0,0,0,0,0,0,0,0,0,0,0,154,0,0,0
contig_25742,0,0,0,0,0,0,0,0,0,0,0,0,0,0,0,0,29,0,0,0,0,0,0,0,0,0,0,714,0,50,0,0,0,0,0,0,0,0,0,0,0,0,0,0,0,804,0,0,0,0,0,0,0,0,0,0,0,0,1171,0,0,0,0,0,0,0,0,0,0,0,0,0,0,0,0,0,0,0,0,0,0,0,0,0,0,0,0,0,0,0,0,0
contig_25777,0,0,0,0,0,0,0,0,0,0,0,0,0,0,0,0,0,0,0,0,0,0,0,0,0,0,0,0,0,0,0,0,0,0,0,0,0,0,0,0,0,0,0,0,0,0,0,0,1467,0,254,0,0,0,0,0,0,0,21,0,0,0,0,0,0,0,0,0,0,0,0,0,0,743,0,0,0,0,0,0,0,0,0,0,0,0,0,0,0,0,0,0
contig_25778,0,3142,12065,0,0,561,0,0,0,0,0,0,0,0,0,0,3946,0,0,0,0,0,0,0,0,0,0,0,0,0,0,78,0,0,0,0,0,0,0,2319,0,0,0,0,0,0,0,0,0,0,0,0,0,0,0,0,0,0,0,0,2958,635,0,100,431,0,0,0,0,0,0,0,0,0,0,0,0,0,0,0,0,0,0,0,0,0,0,0,0,0,0,0
contig_25789,0,1027,0,0,0,0,217,0,0,0,0,0,0,0,0,0,43,0,0,0,0,0,0,0,0,0,0,0,0,312,0,0,0,0,0,0,0,0,0,439,0,0,0,0,0,933,0,1056,24,0,296,0,274,0,7427,0,0,0,0,1893,0,145,0,0,0,0,0,119,141,0,0,0,0,43,0,0,0,0,0,0,0,0,0,0,0,0,116,0,114,1172,0,0
contig_25792,0,0,0,0,0,0,0,0,0,0,0,0,0,0,0,0,0,0,0,0,0,0,0,0,0,0,0,0,0,0,0,0,97,0,0,0,0,0,0,0,0,0,0,0,0,0,0,0,0,0,0,0,0,0,0,0,0,0,0,0,0,0,0,0,0,31,0,0,0,0,0,0,0,0,0,0,0,0,0,0,0,0,0,0,0,0,0,0,0,32,0,0
contig_25800,0,0,0,867,0,0,0,0,0,0,0,0,0,0,0,0,0,0,0,0,0,0,0,0,0,0,0,0,0,0,0,0,0,0,0,0,0,0,0,0,0,78,491,0,539,0,0,0,0,0,0,0,0,0,0,0,0,0,0,0,0,0,0,0,0,0,0,0,0,0,0,0,0,0,0,0,0,0,0,0,0,0,0,0,0,0,0,0,0,0,0,0
contig_25810,0,0,0,461,50,0,0,0,0,0,0,0,0,0,0,0,0,0,0,0,0,0,0,0,0,0,0,0,0,0,0,0,0,0,0,0,0,3487,0,0,0,0,0,0,0,0,0,0,0,808,0,0,0,0,0,0,0,0,0,0,0,0,0,0,0,0,0,0,0,0,0,0,0,2133,0,0,0,0,0,0,0,0,0,0,0,0,0,0,42,0,0,0
contig_25816,0,0,0,0,0,59,0,0,0,0,0,0,0,0,0,0,0,0,0,0,0,0,0,0,0,0,0,0,0,0,0,0,0,0,0,0,0,0,0,0,0,0,0,0,0,0,0,0,0,0,80,0,0,0,0,0,0,0,0,0,0,72,0,0,0,0,0,0,0,0,0,0,0,0,0,0,0,0,0,0,0,0,0,0,0,0,0,0,0,0,0,0
contig_25819,1253,0,0,124,0,0,121,0,0,0,0,0,0,0,255,0,0,0,0,0,0,0,0,0,0,0,0,6336,0,18,0,991,0,0,0,0,0,0,0,0,0,0,0,0,0,3600,844,547,0,0,0,0,0,0,0,0,42,0,39,39681,33,63,0,3586,166,0,0,481,27704,0,0,0,0,0,0,0,0,0,0,0,2802,0,0,0,0,0,4508,0,0,0,0,0
contig_25823,0,0,0,0,0,0,0,0,0,0,0,0,0,0,0,0,0,0,0,0,0,0,0,0,0,0,0,0,0,0,0,0,0,0,0,0,0,0,0,0,0,0,0,0,0,0,0,0,201,184,983,0,0,0,0,0,0,0,0,0,3400,318,0,0,0,0,0,256,147,0,0,0,0,0,0,0,0,0,0,0,0,0,0,0,0,0,0,0,0,0,0,0
contig_25848,0,0,0,0,0,0,0,0,0,0,0,0,0,0,0,0,0,0,0,0,0,0,0,0,0,0,0,0,0,0,0,0,0,0,0,0,0,0,0,0,0,0,0,0,0,0,0,0,0,94,222,0,0,0,0,0,0,0,0,0,0,363,0,0,0,0,0,0,0,0,0,0,0,0,0,0,0,0,0,0,0,0,0,0,0,0,0,0,0,0,0,0
contig_25860,0,0,0,0,0,0,0,0,0,0,0,0,0,0,647,7875,2936,0,0,0,0,0,0,0,0,0,0,534,0,2403,0,0,0,0,0,0,0,0,0,0,0,0,0,0,0,0,0,265,0,0,0,0,0,0,0,0,445,0,1660,137,6261,382,0,0,0,0,0,0,0,0,0,0,0,0,0,0,0,0,0,0,0,0,0,0,0,0,0,0,0,0,0,0
contig_25861,0,0,0,0,0,0,0,0,0,0,0,0,0,0,0,0,0,0,0,0,0,0,0,0,0,0,0,0,0,0,0,0,0,0,0,0,0,37,0,0,0,0,0,0,0,0,0,0,0,0,0,0,0,0,0,0,0,0,0,0,0,0,0,0,0,0,0,0,0,0,0,0,0,0,0,0,0,0,0,0,0,0,0,0,0,0,0,0,0,142,36,0
contig_25889,0,0,0,0,0,0,0,0,0,0,0,0,0,0,0,0,0,0,0,0,0,0,0,0,0,0,0,0,0,546,0,0,0,0,0,0,0,0,0,0,0,0,0,0,0,0,0,0,160,242,0,0,0,0,0,0,0,0,0,0,0,0,0,0,0,0,0,128,0,0,0,0,0,0,0,0,0,0,0,0,0,0,0,0,0,0,0,0,0,0,0,0
contig_25893,0,0,0,0,0,0,0,0,0,0,0,0,0,0,0,0,1304,0,0,0,0,0,0,0,0,0,0,0,0,1755,0,995,0,0,0,0,0,0,0,184,0,0,0,0,0,0,1613,3321,1942,766,1240,38,0,0,4576,0,1101,0,0,0,8463,599,0,0,0,0,0,0,0,0,128,0,0,0,0,0,0,0,0,0,0,0,0,0,0,0,0,0,0,413,0,0
contig_259,0,0,0,0,0,0,0,0,0,0,0,0,0,0,0,32,0,0,0,0,0,0,0,0,0,0,0,0,0,74,0,0,1124,0,0,0,0,0,0,0,0,0,0,0,0,0,0,0,63,0,0,0,0,648,0,0,25,0,0,37,0,591,0,0,0,0,0,0,0,0,0,0,0,365,0,0,0,0,0,0,335,0,0,0,0,0,0,0,0,196,0,0
contig_25908,0,1186,292,0,0,272,232,0,0,0,0,0,0,0,8933,6417,7662,0,0,0,0,0,0,0,0,0,0,745,745,1334,0,0,0,0,0,0,0,0,0,189,0,0,0,0,0,0,0,344,1730,938,897,0,0,0,220,0,857,0,2692,865,7519,1078,0,0,353,0,0,0,0,0,0,0,0,841,0,0,0,0,0,0,0,0,0,0,0,0,0,0,0,0,0,0
contig_25918,0,0,0,0,0,0,0,0,0,0,0,0,0,0,0,0,0,0,0,491,0,0,0,0,0,0,0,0,0,0,0,0,0,0,0,0,0,0,0,786,0,284,297,139,3008,0,0,0,0,0,0,0,821,8851,0,0,0,0,0,0,0,0,0,0,0,0,0,0,198,0,0,0,0,0,0,0,0,0,0,0,0,0,0,0,0,0,1103,0,0,1921,0,0
contig_25925,0,0,0,0,0,0,0,0,0,0,0,0,0,0,0,0,0,0,0,0,0,0,0,0,0,0,0,0,0,318,0,0,0,0,0,0,0,0,0,0,0,0,0,0,0,0,0,0,0,0,0,0,0,0,0,0,0,0,0,0,0,604,0,0,0,0,0,41,0,0,0,0,0,0,0,0,0,0,0,0,0,0,0,0,0,0,0,0,0,0,0,0
contig_25951,0,0,0,0,0,0,0,0,0,0,0,0,0,0,0,1312,0,0,0,0,0,0,0,0,0,0,0,0,0,0,0,0,0,0,0,0,0,0,0,0,0,0,0,0,0,9412,0,184,0,232,423,0,0,38,0,0,2384,0,0,0,4684,449,0,0,0,0,0,337,91,0,0,0,0,0,0,0,0,0,0,0,0,0,0,0,0,0,0,0,0,543,0,0
contig_25955,0,0,0,0,0,0,0,0,0,0,0,0,0,0,0,0,0,0,0,0,0,0,0,0,0,0,0,0,0,0,0,0,0,0,0,0,0,0,0,0,0,0,0,0,0,0,0,0,0,0,0,0,0,0,0,0,0,0,92,29,0,553,0,0,0,0,0,0,0,0,0,0,0,0,0,0,0,0,0,0,0,0,0,0,0,0,0,0,0,0,0,0
contig_25964,0,0,0,0,0,0,0,0,0,0,0,0,0,0,0,0,0,0,0,0,0,0,0,0,0,0,0,0,0,0,0,0,0,0,0,0,0,0,0,0,0,0,0,0,0,0,0,0,0,2386,146,0,0,0,0,0,0,0,0,0,122,218,0,0,0,0,0,1578,0,0,0,0,0,0,0,0,0,0,0,0,0,0,0,0,0,0,0,0,0,0,0,0
contig_25982,0,0,0,0,756,0,0,0,0,0,0,0,0,0,3341,0,0,0,0,0,0,0,0,0,0,0,0,13398,0,276,0,2209,0,0,0,0,0,444,0,0,0,0,0,0,0,0,0,0,0,1029,0,0,0,157,0,0,1152,0,0,57711,913,530,0,0,413,0,530,595,4820,0,0,0,0,914,0,0,0,0,0,0,0,0,0,0,0,0,13235,0,0,444,0,0
contig_26,0,0,0,0,0,0,0,0,0,0,0,0,0,0,0,0,0,0,0,0,0,0,0,0,0,0,0,0,0,0,0,0,24,18,21,0,0,110,0,0,0,0,0,0,0,0,0,0,0,0,0,0,0,0,0,0,0,0,0,0,0,0,0,0,0,0,0,0,0,0,0,0,0,260,0,0,0,469,0,0,0,0,0,0,0,0,0,0,0,12,0,0
contig_260,245703,5137,5665,0,0,0,0,0,0,0,0,0,0,0,0,14648,1197,0,0,0,0,0,0,0,0,0,0,6092,76057,14816,0,0,0,0,0,0,0,0,0,240,0,0,0,0,0,24805,0,0,0,0,0,0,0,31,36,0,85,51,3617,21221,24026,619,0,0,0,0,0,0,0,0,0,0,0,0,0,0,0,0,0,0,47,0,0,0,0,0,0,0,0,45,0,0
contig_26002,0,0,0,968,1478,487,0,0,0,0,0,0,0,0,549,0,479,0,0,0,0,206,0,0,0,0,0,0,0,1291,587,891,0,0,0,0,0,1057,0,0,0,0,129,0,207,0,538,546,2233,8281,564,0,0,0,0,0,4141,0,0,0,2290,7776,69,0,0,0,866,2826,0,0,112,0,0,3596,0,0,0,0,0,0,0,0,0,0,0,0,1420,0,170,713,0,0
contig_26020,0,0,0,0,0,53,324,0,0,0,0,0,0,0,0,0,0,0,0,0,0,0,0,0,0,0,0,0,0,0,0,0,0,0,0,0,0,0,0,0,0,0,0,0,0,0,0,0,0,0,0,0,0,0,0,0,0,0,0,0,0,0,0,0,0,0,0,0,0,0,0,0,0,0,0,0,0,0,0,0,150,0,0,0,0,0,570,0,173,635,0,0
contig_26057,0,0,0,0,0,0,0,0,0,0,0,0,0,0,0,0,0,0,0,0,0,0,0,0,0,0,0,0,0,44,0,0,0,0,0,0,0,0,0,0,0,0,0,0,0,0,0,0,226,0,0,0,0,0,0,0,4414,0,0,0,0,0,0,0,0,0,0,0,0,0,0,0,0,0,0,0,0,0,0,0,0,0,0,0,0,0,1848,0,0,76,0,0
contig_26062,0,0,0,0,0,0,0,0,0,0,0,0,0,0,0,0,0,0,0,0,0,38,0,44,66,0,0,0,0,0,0,0,0,0,0,0,0,0,0,0,0,0,0,0,0,0,0,0,0,0,0,0,0,0,0,0,0,0,0,0,0,0,0,0,0,0,0,0,0,0,0,0,0,0,0,0,0,0,0,0,0,0,0,0,0,0,0,0,0,0,0,0
contig_26081,0,0,0,0,0,0,0,0,0,0,0,0,0,0,4282,0,0,0,0,0,0,0,0,0,0,0,0,0,0,0,0,0,0,0,0,0,0,0,0,0,0,0,0,0,0,0,0,0,0,0,674,0,0,0,0,0,0,0,0,0,3552,0,0,0,0,0,0,0,0,0,0,0,0,0,0,0,0,0,0,0,0,0,0,0,0,0,0,0,0,0,0,0
contig_26085,0,0,0,0,0,0,0,0,0,0,0,0,0,2371,0,0,7257,0,0,999,0,0,0,0,0,0,0,0,0,0,0,0,0,0,0,0,0,0,0,0,0,0,0,0,0,0,0,0,0,0,1723,1660,0,0,0,0,0,0,0,0,0,0,0,0,0,0,0,0,0,0,0,0,0,0,0,0,0,0,0,0,0,0,0,0,0,0,0,0,0,0,0,0
contig_26093,0,0,0,0,0,0,0,0,0,0,0,0,0,0,0,0,10088,304,0,0,0,0,0,0,0,0,0,0,0,0,0,0,0,0,0,0,0,14896,0,0,0,0,0,0,0,0,0,0,0,10462,398,0,0,0,0,0,399,0,0,0,0,0,0,0,0,0,0,5404,0,0,0,0,0,1075,0,0,268,186,0,0,0,0,0,0,0,0,0,0,0,367,97,0
contig_26116,0,0,0,126,0,0,0,0,0,0,0,0,0,0,0,0,0,0,0,0,0,0,0,0,0,0,0,0,0,0,0,0,0,0,0,0,0,0,0,0,0,0,0,0,0,0,0,95,419,736,131,0,0,0,0,0,0,0,0,0,0,588,0,0,0,0,0,917,485,0,0,0,0,0,0,0,0,0,0,0,0,0,0,0,0,0,0,0,0,0,0,0
contig_26120,0,0,0,619,0,0,0,0,0,0,0,0,0,0,0,0,0,0,0,0,0,0,0,0,0,0,0,0,0,2952,0,0,0,0,0,0,0,0,0,0,0,0,0,0,0,0,0,0,0,0,0,0,0,0,0,0,0,0,0,0,0,0,0,0,0,0,0,472,0,0,0,0,0,0,0,0,0,0,0,0,0,0,0,0,0,0,0,0,0,0,0,0
contig_26125,0,0,0,0,0,0,0,0,0,0,0,0,0,0,0,0,0,0,0,25,0,0,0,0,0,0,0,0,0,140,0,0,0,0,0,0,0,29,0,0,0,0,0,0,68,0,0,0,0,274,0,0,0,0,0,183,0,0,0,0,0,0,0,0,0,0,0,0,0,0,0,0,0,239,0,0,0,0,0,0,0,0,0,0,0,0,0,0,221,0,0,0
contig_26144,0,0,298,1555,407,832,0,0,0,0,0,0,0,0,997,0,1180,0,0,0,0,0,0,0,0,0,0,0,124,1165,98,0,0,0,0,0,0,0,3087,2131,0,0,0,0,0,0,1218,0,1603,4861,0,0,0,0,0,0,0,0,0,0,120,1223,0,0,97,0,0,2433,282,0,0,0,0,1856,0,0,0,0,0,0,0,0,0,0,0,0,0,0,0,449,0,0
contig_26148,0,0,0,0,0,0,0,0,0,0,0,0,0,0,0,0,0,0,0,0,0,0,0,0,0,0,0,0,0,0,0,0,0,0,0,0,0,0,0,0,0,0,0,0,0,0,289,0,302,80,142,0,0,0,0,0,0,0,0,0,14492,2205,0,0,0,0,0,0,0,0,0,0,0,0,0,0,0,0,0,0,0,0,0,0,0,0,0,0,0,0,0,0
contig_26159,0,0,0,1446,0,3108,0,0,0,0,0,0,0,0,0,0,1071,0,0,0,0,1294,0,0,0,0,0,0,0,7039,0,89,0,0,0,0,0,0,0,0,0,0,0,0,0,0,4887,3453,0,0,0,0,0,0,0,0,0,0,0,0,0,3822,0,0,581,0,0,0,0,0,0,0,0,3339,0,0,0,0,0,0,0,0,0,0,0,0,0,0,176,0,0,0
contig_26162,0,0,12013,0,0,0,0,0,0,0,0,0,0,0,0,0,0,0,0,0,0,0,0,0,0,0,0,0,0,2815,0,0,0,0,0,0,0,0,0,0,0,0,0,0,0,0,0,0,0,0,0,0,0,0,0,0,633,0,0,0,12568,2771,0,0,0,0,0,2621,0,0,0,0,0,0,0,0,0,0,0,0,0,0,0,0,0,0,0,0,0,0,0,0
contig_26185,129,102,0,0,0,0,0,0,0,0,0,0,0,0,0,0,0,0,0,0,0,0,0,0,0,0,0,0,0,0,0,0,0,0,0,0,0,0,0,166,0,0,0,0,0,0,0,0,0,0,0,0,0,0,0,0,0,0,0,0,0,0,0,0,0,0,0,0,0,0,0,0,0,0,0,0,0,0,0,0,0,0,0,0,0,0,2213,0,0,0,0,0
contig_26199,0,0,0,0,0,0,0,0,0,0,0,0,0,0,0,139,0,0,0,0,0,0,0,0,0,0,0,0,450,490,0,487,781,0,0,0,0,0,0,0,0,0,0,0,0,2666,546,1012,0,817,196,0,455,0,35176,0,185,0,250,8560,452,478,0,841,0,0,0,926,842,0,0,0,0,0,0,0,0,0,0,0,0,0,0,0,0,0,2005,0,193,1688,0,0
contig_262,0,0,0,0,0,0,52,0,0,0,0,0,0,40,0,0,0,0,0,0,0,6,0,0,0,0,0,0,0,0,0,12,0,0,0,0,0,0,0,0,0,32,54,0,42,0,0,0,298,44,2003,177,0,0,0,0,0,0,0,0,0,0,0,0,0,0,0,0,0,0,0,0,0,0,0,0,0,0,0,0,0,0,0,0,0,0,659,0,36,135,0,0
contig_26206,0,0,0,0,0,0,0,0,0,0,0,0,0,0,0,0,0,0,0,0,0,0,0,0,0,0,0,0,0,0,0,0,0,0,0,0,0,55,0,0,0,0,0,0,0,0,0,0,0,0,0,0,0,0,0,0,0,0,0,0,0,0,0,0,0,0,0,0,0,0,0,0,0,0,0,0,0,0,0,0,0,0,0,0,0,0,0,0,0,111,53,0
contig_26208,0,0,0,967,0,0,0,0,0,0,0,0,0,0,0,0,3532,0,0,0,0,0,0,0,0,0,0,0,0,0,0,86,0,0,0,0,0,0,0,1978,0,0,0,0,0,0,0,0,0,0,0,0,0,0,0,47,0,0,0,0,0,412,0,0,0,0,0,0,0,0,0,0,0,0,0,0,0,0,0,0,0,0,0,0,0,0,0,0,478,0,0,0
contig_26209,0,0,0,1943,0,0,0,0,0,0,0,0,0,0,0,0,0,0,0,0,0,0,0,0,0,0,0,0,0,4531,0,0,0,0,0,0,0,0,0,0,0,0,0,0,0,0,0,0,0,0,0,1834,0,0,0,0,0,0,0,0,0,0,0,0,0,0,0,640,0,0,0,0,0,22159,0,0,0,0,0,0,0,0,0,0,0,0,0,0,0,0,0,0
contig_26215,0,0,0,0,0,0,383,0,0,0,0,0,0,0,763,0,0,0,0,0,0,0,0,0,0,0,0,0,0,671,0,0,0,0,0,0,0,0,0,0,0,0,0,0,0,0,0,1836,0,0,0,0,0,0,0,0,0,0,0,0,5051,321,0,0,0,0,0,0,0,0,0,0,0,0,0,0,0,0,0,0,740,0,0,0,0,0,0,0,0,681,0,0
contig_26217,0,0,0,0,0,0,0,0,0,0,0,0,0,0,0,0,0,0,0,0,0,0,0,0,0,0,0,0,0,0,0,0,0,0,0,0,0,0,0,0,4672,70,0,0,0,0,0,0,0,0,0,0,0,0,0,0,0,0,0,0,0,0,0,0,0,0,0,0,0,0,0,0,0,0,0,0,0,0,0,0,0,0,0,0,0,0,0,0,0,183,0,0
contig_26222,0,0,0,0,0,0,0,0,0,0,0,0,0,0,0,0,0,0,0,0,0,0,0,0,0,0,0,0,0,0,0,0,0,0,0,0,0,0,0,0,0,0,0,0,0,176,0,0,0,0,0,0,0,0,0,0,0,0,63,0,529,112,0,0,0,0,0,558,1111,0,0,0,0,0,0,0,0,0,0,0,0,0,0,0,0,0,0,0,0,0,0,0
contig_26228,0,0,0,0,0,0,0,0,0,0,0,0,0,0,0,0,0,0,0,0,0,0,0,0,0,0,0,0,0,0,0,0,0,0,0,0,0,0,0,0,0,0,0,0,0,0,0,0,272,254,99,0,0,0,0,0,179,0,0,0,0,0,0,0,0,0,0,0,0,0,0,0,0,0,0,0,0,0,0,0,0,0,0,0,0,0,0,0,0,0,0,0
contig_26241,0,0,0,0,0,0,0,0,0,0,0,0,0,0,0,121,0,0,0,0,0,0,0,0,0,0,0,0,0,0,0,0,0,0,0,0,0,0,0,0,0,0,0,0,0,0,0,0,3965,0,0,0,0,0,0,0,0,0,453,0,0,105,0,0,0,0,0,383,0,0,0,0,0,0,0,0,0,0,0,0,0,0,0,0,0,0,0,0,0,0,0,0
contig_26248,0,0,0,0,0,0,0,0,0,0,0,0,0,0,0,0,3007,0,0,0,0,0,0,0,0,0,0,0,0,0,0,0,0,0,0,0,0,0,0,0,0,0,0,0,0,0,0,0,544,0,0,0,0,0,0,0,0,0,228,0,0,1124,0,0,0,0,0,359,0,0,0,0,0,0,0,0,0,0,0,0,0,0,0,0,0,0,13245,0,0,0,0,0
contig_26258,0,0,0,176,0,0,0,0,0,0,0,0,0,0,0,0,0,0,0,215,0,0,0,0,0,0,0,0,0,0,0,67,1541,0,3098,0,0,0,0,3077,3317,0,0,0,315,0,0,0,694,0,0,0,0,581,0,1200,0,686,0,0,0,0,0,0,0,0,2941,8479,1958,721,803,67,48,0,0,0,0,0,0,0,0,0,0,0,0,0,20679,0,215,3945,92,0
contig_26263,0,1407,576,170,0,0,33,0,0,0,0,0,0,0,0,0,0,0,0,0,0,0,0,0,0,0,0,0,456,995,0,0,0,0,0,0,0,0,0,0,0,0,0,0,0,0,0,0,435,0,2122,0,0,220,0,905,1727,0,0,2819,991,3585,0,351,0,0,0,2375,0,107,0,0,0,0,0,0,0,0,0,0,0,0,0,0,0,0,0,0,0,0,0,0
contig_26272,0,0,0,0,0,0,0,0,0,0,0,0,0,0,0,0,438,0,0,0,0,0,0,0,0,0,0,0,0,334,0,0,0,0,0,0,0,0,0,0,0,0,0,0,0,0,459,237,808,515,247,0,0,0,0,0,313,0,0,0,931,288,0,70,0,0,0,56,321,0,0,0,0,137,0,0,0,0,0,0,0,0,0,0,0,0,232,0,0,0,0,0
contig_26281,0,0,0,0,0,0,0,0,0,0,0,0,0,0,0,0,0,0,0,0,0,0,0,0,0,0,0,0,0,0,0,0,0,0,0,0,0,0,0,0,0,0,0,0,0,0,0,0,262,0,0,0,0,0,0,0,0,0,0,0,0,348,0,0,0,0,0,45,0,0,0,0,0,201,0,0,0,0,0,0,0,0,0,0,0,0,0,0,0,0,0,0
contig_26287,0,0,0,0,0,0,0,0,0,0,0,0,0,0,0,0,1030,0,0,0,0,0,0,0,0,0,0,0,0,0,0,0,0,0,0,0,0,0,0,0,0,0,0,0,0,0,0,0,0,0,0,0,0,0,0,0,0,0,0,0,0,717,0,0,0,0,0,599,239,0,0,0,0,0,0,0,0,0,0,0,0,0,0,0,0,0,0,0,0,0,0,0
contig_26300,0,4855,0,2185,1220,278,0,0,0,0,0,0,0,0,0,0,0,0,0,0,0,0,0,0,0,0,0,0,0,0,0,0,0,0,0,0,0,0,0,0,0,0,0,0,0,0,0,1823,1212,2116,2615,0,0,185,0,0,0,0,0,0,0,351,0,0,0,0,0,377,182,0,0,0,0,1094,0,0,0,0,0,0,0,0,0,0,0,0,0,0,155,0,0,0
contig_26308,0,0,0,0,0,0,0,0,0,0,0,0,0,0,0,0,0,0,0,0,0,0,0,0,0,0,0,0,0,0,0,0,0,0,0,0,0,0,0,0,0,0,0,0,0,0,0,0,146,0,104,0,0,0,0,0,0,0,0,0,34,174,0,0,0,0,0,58,0,0,0,0,0,204,0,0,0,0,0,0,0,0,0,0,0,0,0,0,0,0,0,0
contig_26319,0,0,0,103,0,0,0,0,0,0,0,0,0,68,0,0,0,0,0,0,0,0,0,0,0,0,0,0,0,0,0,0,0,0,0,0,0,0,0,0,0,0,0,0,162,0,0,0,1026,371,1507,0,0,0,0,0,178,0,0,0,0,0,0,0,0,0,0,0,0,0,0,0,0,0,0,0,0,0,0,0,0,0,0,0,0,0,0,0,0,0,0,0
contig_26326,0,0,0,0,0,0,0,0,0,0,0,0,0,0,0,0,0,0,0,0,0,0,0,0,0,0,0,0,0,0,0,0,0,0,0,0,0,0,0,0,0,0,0,0,0,0,0,417,68,0,1625,0,0,103,0,0,0,0,0,0,0,202,0,0,0,0,0,223,30,0,0,0,0,175,0,0,0,0,0,0,0,0,0,0,0,0,0,0,0,0,0,0
contig_26350,0,0,0,0,0,0,0,0,0,0,0,0,0,0,0,0,0,0,0,0,0,0,0,0,0,0,0,0,0,28,391,0,0,0,0,0,0,0,0,0,0,0,0,0,0,0,0,0,0,0,0,0,0,0,0,0,0,0,0,0,0,364,0,0,0,0,0,0,0,0,0,0,0,202,0,0,0,0,0,0,0,0,0,0,0,0,0,0,0,0,0,0
contig_26353,0,0,0,0,0,0,0,0,0,0,0,0,0,0,0,0,0,0,0,0,0,0,0,0,0,0,0,0,6769,92,0,0,0,0,0,0,0,0,0,0,0,0,0,0,0,0,0,0,0,0,0,0,0,0,0,0,150,0,0,357,234,545,0,0,0,0,0,0,0,0,0,0,0,362,0,0,0,0,0,0,0,0,0,0,0,0,679,0,0,184,0,0
contig_26393,0,0,0,38,0,0,0,0,0,0,0,0,0,0,0,0,0,0,0,35,0,0,0,0,0,0,0,0,0,0,0,0,0,0,10838,0,0,0,0,0,0,0,0,0,905,0,0,0,440,0,0,37,0,0,0,0,0,0,0,0,0,0,0,0,0,0,0,0,0,0,0,0,0,0,0,0,0,0,0,0,0,0,0,0,0,0,0,0,0,0,0,0
contig_26401,0,0,0,0,0,0,0,0,0,0,0,0,0,0,0,0,0,0,0,0,0,0,0,0,0,0,0,0,0,0,0,0,0,0,0,0,0,0,0,0,0,0,0,0,0,0,0,0,0,0,0,0,0,212,0,0,0,0,0,0,0,127,0,0,0,0,0,27,0,0,0,0,0,190,0,0,0,0,0,0,0,0,0,0,0,0,236,0,0,53,0,0
contig_2641,0,0,0,0,0,0,0,0,0,0,0,0,0,0,0,0,0,0,0,0,0,0,0,0,0,0,0,0,0,0,0,0,0,0,0,0,0,0,0,61,0,0,0,0,0,0,0,0,0,0,0,0,0,0,0,0,0,0,0,0,0,0,0,0,0,0,0,0,0,0,0,0,0,0,0,0,0,0,0,0,0,0,0,0,0,0,64,0,0,322,0,0
contig_26415,0,0,0,0,0,0,0,0,0,0,0,0,0,0,0,0,0,0,0,0,0,0,0,0,0,0,0,0,0,0,0,0,205,0,0,0,0,0,0,0,0,0,0,0,0,0,0,28,0,0,0,0,0,0,0,0,0,0,0,0,0,0,0,0,0,0,0,572,270,0,0,0,0,0,0,0,0,0,0,0,0,0,0,0,0,0,0,0,0,0,0,0
contig_26441,0,0,0,0,0,0,0,0,0,0,0,0,0,0,0,0,0,0,0,0,0,0,0,0,0,0,0,0,0,0,0,0,0,0,0,0,0,0,0,0,0,0,0,0,0,0,0,158,0,0,0,0,0,0,0,0,0,0,0,0,0,0,0,0,0,0,0,258,0,0,0,0,0,0,0,0,0,0,0,0,0,0,0,0,0,0,183,0,0,202,0,0
contig_26442,0,0,118,205,42,0,0,0,0,0,0,0,0,0,0,0,0,0,0,64,0,0,0,0,0,0,0,0,0,599,392,142,3247,0,0,0,0,128,0,286,0,0,0,0,0,0,0,0,0,0,0,457,0,0,0,301,3897,1308,0,0,0,0,0,885,0,0,102,4643,831,77,125,0,0,2651,0,0,0,0,0,0,0,0,0,0,0,0,0,0,277,6925,60,0
contig_26450,0,0,0,0,0,0,0,0,0,0,0,0,0,0,0,0,6195,0,0,0,0,0,0,0,0,0,0,0,0,474,0,0,0,0,0,0,0,0,0,0,0,0,0,0,0,0,0,0,435,0,0,0,0,0,0,0,0,0,0,0,0,3043,0,0,0,0,0,0,0,0,0,0,0,0,0,0,0,0,0,0,0,0,0,0,0,0,0,0,0,0,0,0
contig_26452,0,0,0,0,0,0,0,0,0,0,0,0,0,0,0,0,0,0,0,0,0,0,0,0,0,0,0,0,0,0,0,0,0,0,0,0,0,0,0,102,0,0,0,0,174,0,0,0,0,0,0,0,0,0,0,0,0,0,0,0,0,0,0,0,0,0,0,119,0,0,0,0,0,0,0,0,0,0,0,0,0,0,0,0,0,0,0,0,0,1831,0,0
contig_26457,0,0,0,0,0,0,0,0,0,0,88,0,0,0,0,0,0,0,0,0,0,0,0,0,0,0,0,0,0,0,0,128,0,0,0,0,0,0,0,0,0,0,0,0,0,0,0,2544,1220,863,1546,0,0,0,0,172,0,0,0,0,0,0,0,96,0,0,0,337,485,0,0,0,0,1235,0,0,0,0,0,0,0,0,0,0,0,0,0,0,0,0,0,0
contig_26461,0,0,0,0,532,453,0,0,0,0,0,0,0,0,0,0,0,0,0,0,0,0,0,0,0,0,0,0,0,0,0,0,0,0,0,0,0,0,0,0,0,0,0,0,0,0,0,0,0,0,0,0,0,0,0,0,0,0,0,0,0,579,0,0,0,0,0,0,0,0,0,0,0,0,0,0,0,0,0,0,0,0,0,0,0,0,0,0,89,0,0,0
contig_26470,0,727,0,0,0,0,0,2162,0,0,1359,0,0,0,14950,2701,7693,0,0,0,0,0,0,0,0,0,0,462,1423,2226,0,0,0,0,0,0,0,0,558,1148,0,0,0,0,0,822,7085,0,5784,2502,947,0,0,0,0,784,1259,0,9928,3250,4886,920,0,421,1875,0,0,1000,11692,1838,790,0,0,13405,0,0,0,0,0,0,159,0,0,0,0,0,8679,0,0,3343,0,0
contig_26507,0,0,0,0,0,0,0,0,0,0,0,0,0,0,0,0,156,0,0,0,0,0,0,0,0,0,0,0,0,0,0,0,0,0,0,0,0,0,0,0,0,0,0,0,0,0,0,0,74,0,0,0,0,0,0,0,0,0,0,184,254,0,0,0,0,0,0,0,0,0,0,0,0,0,0,0,0,0,0,0,0,0,0,0,0,0,0,0,0,0,0,0
contig_26509,0,0,0,0,0,0,0,0,0,0,0,0,0,0,0,0,414,0,0,0,0,0,0,0,0,0,0,0,0,0,0,0,0,0,0,0,0,0,0,0,0,0,0,0,0,3990,0,86,266,70,94,0,0,0,0,0,0,0,0,1997,300,191,0,0,0,0,0,292,0,0,0,0,0,0,0,0,0,0,0,0,0,0,0,0,0,0,0,0,0,0,0,0
contig_26552,0,0,0,0,252,0,0,0,0,0,0,0,0,0,0,0,0,0,0,0,0,0,0,0,0,0,0,0,0,0,305,0,0,0,0,0,0,611,0,0,0,0,0,0,0,0,0,0,166,0,3249,82,0,0,0,0,0,0,0,0,0,30996,0,0,0,0,0,0,0,0,0,0,0,0,0,0,0,0,0,0,0,0,0,0,0,0,0,0,0,0,0,0
contig_26557,0,0,0,0,0,0,0,0,0,0,0,0,0,0,0,0,202,0,0,0,0,0,0,0,0,0,0,0,0,92,0,0,0,0,0,0,0,0,0,0,0,0,0,0,0,0,0,0,174,0,419,42,0,0,0,0,235,0,0,0,0,260,0,0,0,0,0,141,89,0,0,0,0,0,0,0,0,0,0,0,0,0,0,0,0,0,0,0,30,0,0,0
contig_2656,0,0,0,0,0,0,0,0,0,0,0,0,0,0,0,0,0,0,0,0,0,0,0,0,0,0,0,0,0,0,0,252,0,0,0,0,0,1539,0,0,0,0,0,0,0,0,0,0,0,0,0,0,0,0,0,0,0,0,0,0,0,0,0,0,0,0,0,0,0,0,0,0,0,0,0,0,0,0,0,0,0,0,0,0,0,0,0,0,0,1823,222,0
contig_2657,0,0,0,0,0,0,0,0,0,0,0,0,0,0,0,0,0,0,0,0,0,0,0,0,0,0,0,0,0,0,0,0,0,0,0,0,0,1895,0,0,0,0,0,0,0,0,0,0,0,0,0,0,0,0,0,0,0,0,0,0,0,0,0,0,0,0,0,0,0,0,0,0,0,0,0,0,0,0,0,0,0,0,0,0,0,0,0,0,0,2009,377,0
contig_26571,0,0,0,0,0,0,0,0,0,0,0,0,0,0,0,0,0,0,0,0,0,0,0,0,0,0,0,0,0,0,0,0,0,0,0,0,0,0,0,0,0,0,0,0,0,0,0,0,0,0,0,0,0,0,0,0,0,0,0,1058,0,230,0,0,0,0,0,138,0,0,0,0,0,0,0,0,0,0,0,0,0,0,0,0,0,0,0,0,0,0,0,0
contig_26575,0,0,9151,0,0,3129,1555,0,0,0,0,0,0,0,867,2797,141,0,0,0,0,0,0,0,0,0,0,0,90170,0,0,0,0,0,0,0,0,0,0,0,0,0,0,0,0,0,235,637,223,0,0,0,0,0,0,0,0,0,0,0,991,433,0,0,0,0,0,0,4997,0,0,0,0,0,0,0,0,0,0,0,0,0,0,0,0,0,0,0,0,0,0,0
contig_26590,0,1188,0,0,0,0,0,0,0,0,0,0,0,0,0,9078,315,0,0,0,0,0,0,0,0,0,0,0,0,80,0,0,0,0,0,0,0,0,0,0,0,0,0,0,0,4233,0,0,0,0,0,0,172,56,0,0,0,0,0,0,0,34,0,0,0,0,0,0,0,0,0,0,0,255,0,0,0,0,0,0,0,0,0,0,0,0,0,0,0,162,0,0
contig_26598,0,0,0,0,0,0,0,0,0,0,0,0,0,0,0,0,0,0,0,0,0,0,0,0,0,0,0,0,0,0,0,0,77,0,0,0,0,0,0,0,0,0,0,0,0,0,0,0,0,0,0,0,0,0,0,0,0,0,0,0,0,0,0,0,0,0,0,947,45153,0,0,0,0,0,0,0,0,0,0,0,0,0,0,0,0,0,0,0,0,0,0,0
contig_26603,0,637,1817,1601,416,905,5103,0,0,0,0,0,0,0,9601,1165,1062,0,0,0,0,431,0,0,0,234,0,1116,6926,2577,560,1036,9049,0,0,0,0,2527,0,711,0,0,0,0,0,5784,11367,4615,1733,2002,1107,0,0,496,33065,210,337,0,565,12828,2154,592,0,1144,4444,0,579,1522,5046,160,0,0,0,365,0,0,0,0,0,0,4585,0,0,0,0,0,4544,0,312,3949,0,0
contig_26608,0,0,0,0,0,0,1718,0,0,0,0,0,0,0,0,0,0,0,0,0,0,0,0,0,0,0,0,0,0,0,0,0,0,0,0,0,0,0,0,0,0,0,0,0,0,19248,195,354,0,0,0,0,0,0,0,0,0,0,0,0,8607,699,0,0,2050,0,0,0,0,0,0,0,0,0,0,0,0,0,0,0,0,0,0,0,0,0,0,0,0,0,0,0
contig_26610,0,0,0,0,0,0,0,0,0,0,0,0,0,0,0,0,0,0,0,0,0,0,0,0,0,0,0,0,0,0,0,0,0,0,0,0,0,0,0,0,0,0,0,0,0,0,0,0,0,0,547,0,0,0,0,0,703,0,0,0,0,0,0,0,0,0,0,8681,0,0,0,0,0,0,0,0,0,0,0,0,0,0,0,0,0,0,0,0,0,0,0,0
contig_26617,0,2763,2658,1046,2103,0,0,0,0,0,0,0,0,0,5723,0,0,0,0,0,0,0,0,0,0,0,0,148,1099,1205,0,485,1719,0,0,0,0,0,0,1539,0,0,0,0,0,0,0,1719,5918,2616,5631,79,0,2843,0,0,3247,0,2207,1472,6416,2823,0,446,667,0,0,384,0,743,0,0,0,10421,0,1680,0,0,0,0,270,0,0,0,0,0,21205,0,0,2999,0,0
contig_26622,0,0,0,0,0,0,179,0,0,0,0,0,0,0,0,19897,0,0,0,0,0,0,0,0,0,0,0,0,0,7793,0,0,0,0,0,0,0,0,0,0,0,0,0,0,0,0,0,967,0,0,0,0,0,0,0,0,29,0,0,0,0,2656,0,0,0,0,0,82,0,0,0,0,0,0,0,0,0,0,0,0,0,0,0,0,0,0,0,0,0,341,0,0
contig_26625,0,0,0,807,0,0,0,0,0,0,0,0,0,0,0,0,0,0,0,0,0,0,0,0,0,0,0,0,0,47,0,0,0,0,0,0,0,0,0,0,0,0,0,0,0,0,0,0,0,0,0,0,0,0,0,0,0,0,0,0,0,1950,0,0,0,0,0,0,0,0,0,0,0,1345,0,0,0,0,0,0,0,0,0,0,0,0,0,0,0,0,0,0
contig_26628,0,0,0,0,0,0,0,0,0,0,0,0,0,0,0,0,78,0,0,0,0,0,0,0,0,0,0,0,0,191,0,213,0,0,0,0,0,0,0,227,0,0,0,0,0,0,0,0,231,0,0,0,0,0,0,0,0,0,0,0,0,247,0,0,0,0,0,0,0,0,0,0,0,2663,0,0,0,0,0,0,0,0,0,0,0,0,318,0,0,0,0,0
contig_26632,0,0,0,0,0,0,0,0,0,0,0,0,0,0,0,0,0,0,0,0,0,0,0,0,0,0,0,0,0,0,0,152,126,0,0,0,0,45,0,0,0,0,0,0,0,0,0,0,120,0,0,0,0,0,0,0,0,0,0,0,0,0,0,0,0,0,0,0,45,0,0,0,0,0,0,0,0,0,0,0,0,0,0,0,0,0,0,0,0,0,0,0
contig_26657,0,0,0,0,0,0,0,0,0,0,0,0,0,0,0,0,164,0,0,0,0,0,0,0,0,0,0,0,0,0,0,112,0,0,0,0,0,0,0,49,0,0,0,0,0,0,0,0,149,0,0,0,0,0,0,0,0,0,2947,0,259,32,0,0,0,0,0,0,0,0,0,0,0,0,0,0,0,0,0,0,0,0,0,0,0,0,0,0,0,84,0,0
contig_2667,0,0,0,0,0,0,0,0,0,0,0,0,0,0,0,0,0,0,0,0,0,0,0,0,0,0,0,0,0,0,0,1308,0,0,0,0,0,769,0,0,0,0,0,0,0,0,0,0,0,0,0,0,0,0,0,0,0,0,0,0,0,0,0,0,0,0,0,0,0,0,0,0,0,0,0,0,0,0,0,0,0,0,0,0,0,0,0,0,0,14024,3137,0
contig_26681,0,0,0,1037,0,0,0,0,0,0,0,0,0,0,0,0,0,0,0,0,0,0,0,0,0,0,0,0,0,0,0,0,0,0,0,0,0,0,0,0,0,0,0,0,0,0,0,0,0,0,0,0,0,0,0,0,0,0,0,0,0,112,0,0,0,0,0,1923,0,0,0,0,0,0,0,0,0,0,0,0,0,0,0,0,0,0,0,0,0,0,0,0
contig_26684,0,0,0,0,0,0,0,0,0,0,412,0,0,0,648,0,0,0,0,0,0,0,0,0,0,0,0,0,0,0,0,0,0,0,0,0,0,0,0,0,0,178,0,0,0,0,0,0,43863,1877,10423,0,0,0,46,0,0,0,0,0,1654,461,0,0,0,0,0,0,0,2162,2157,0,0,2174,0,0,0,0,0,0,0,0,0,0,0,0,0,0,0,0,0,0
contig_26685,0,0,0,454,0,0,510,0,0,0,0,0,0,0,0,0,1196,0,0,0,0,0,0,0,0,0,0,0,0,381,0,2646,0,0,0,0,0,0,0,0,0,0,0,0,0,0,206,298,85,166,76,0,0,0,0,0,0,0,0,0,0,718,0,0,0,0,0,0,0,0,0,0,0,205,0,0,0,0,0,0,0,0,0,0,0,0,535,0,0,0,0,0
contig_26691,0,0,2902,963,2156,3669,0,0,0,0,511,0,0,1809,0,0,147,0,0,0,0,327,0,0,0,0,0,0,0,7598,3264,586,0,0,0,0,0,6127,0,2834,0,951,88821,0,431,0,0,1692,0,0,0,1490,0,0,0,0,0,31942,0,0,0,44085,0,0,0,0,0,0,0,2311,317,0,5292,0,0,0,269,0,0,0,0,0,0,0,0,0,0,0,302,0,0,0
contig_26709,0,958,394,387,0,0,397,0,0,0,0,0,0,0,1063,3324,1774,0,0,0,0,181,0,0,0,121,0,542,0,1480,767,0,5832,0,0,0,0,1952,0,0,0,0,0,0,0,1028,471,0,1156,253,223,0,0,0,0,446,317,0,553,1910,2809,1441,0,433,837,0,0,1329,709,0,0,0,0,1827,0,0,0,0,0,0,2211,0,0,0,0,0,715,0,0,907,0,0
contig_26710,0,0,0,431,0,0,0,0,0,0,0,0,0,0,0,0,0,0,0,0,0,0,0,0,0,0,0,0,0,0,0,0,0,0,0,0,0,2283,0,0,0,0,0,0,0,0,0,0,0,692,0,0,0,0,0,0,0,0,0,0,0,190,0,0,0,0,0,0,0,0,0,0,0,1781,0,0,0,0,0,0,0,0,0,0,0,0,0,0,0,261,0,0
contig_26718,0,0,0,0,0,0,0,0,0,0,0,0,0,0,0,0,0,0,0,0,0,0,0,0,0,0,0,0,0,19,49,0,0,0,0,0,0,0,0,0,0,0,0,0,0,0,0,0,382,0,0,0,0,0,0,0,0,0,0,0,0,651,0,0,0,0,0,34,0,0,0,0,0,0,0,0,0,0,0,0,0,0,0,0,0,0,0,0,0,0,0,0
contig_26720,0,531,0,0,0,0,0,0,0,0,0,0,0,0,1889,0,360,0,0,0,0,0,0,0,0,0,0,312,0,266,0,0,0,0,0,0,0,0,0,0,0,0,0,0,0,0,0,0,0,0,0,0,0,389,0,0,0,0,0,89,0,258,0,0,0,0,0,0,0,0,0,0,0,0,0,0,0,0,0,0,0,0,0,0,0,0,0,0,0,0,0,0
contig_2673,0,0,0,0,0,0,0,0,0,0,0,0,0,0,0,0,311,2265,19879,1478,0,0,0,0,0,0,0,0,0,0,0,0,0,0,0,0,0,0,0,0,0,0,0,0,0,0,0,0,0,0,0,0,0,0,0,0,0,0,0,0,0,0,0,0,0,0,0,0,0,0,0,0,0,0,0,0,0,0,0,0,0,0,0,0,0,0,0,0,0,0,0,0
contig_26747,0,0,0,0,0,0,0,0,0,0,0,0,0,0,0,0,0,0,0,0,0,0,0,0,0,0,0,0,0,0,0,0,0,0,0,0,0,73,0,0,0,0,0,0,0,0,0,0,0,0,0,0,0,0,0,0,0,0,0,0,0,0,0,0,0,0,0,0,0,0,0,0,0,0,0,0,0,0,0,0,0,0,0,0,0,0,0,0,0,187,38,0
contig_26762,0,290,282,918,1710,207,326,432,0,0,575,0,0,0,7078,1187,4294,0,0,0,0,234,0,0,0,0,0,176,241,565,513,1379,0,0,0,0,0,2012,305,321,0,0,211,0,0,340,628,238,13910,3722,4378,336,0,0,380,0,1898,0,429,2107,2180,9985,0,0,401,0,1318,1110,2637,1842,738,96,0,3587,67,0,0,0,0,0,0,0,0,0,0,0,3099,0,84,1400,0,0
contig_26785,0,0,0,0,0,0,0,0,0,0,0,0,0,0,0,0,0,0,0,0,0,0,0,0,0,0,0,0,0,0,0,0,0,0,0,0,0,0,0,0,0,0,0,0,0,0,0,0,0,0,0,0,0,0,0,0,0,0,0,0,0,0,0,0,0,0,50,0,0,0,0,23,27,0,0,0,0,0,0,0,0,0,0,0,0,0,0,0,0,0,0,0
contig_26797,0,0,0,0,0,0,0,0,0,0,0,0,0,0,0,0,0,0,0,0,0,0,0,0,0,0,0,0,0,709,0,0,0,0,0,0,0,0,0,0,0,0,0,0,0,0,0,0,0,473,0,0,0,0,0,0,260,0,0,0,0,487,0,0,0,0,0,0,0,0,0,0,0,148,0,0,0,0,0,0,0,0,0,0,0,0,0,0,0,0,0,0
contig_268,0,0,0,0,0,0,0,0,0,0,0,0,0,0,0,0,0,1997,0,3375,0,0,0,0,0,0,0,0,0,0,0,0,0,0,0,0,0,0,0,0,654,0,298,0,73,0,0,0,0,0,0,0,0,0,0,125,0,0,0,0,0,0,0,0,0,0,693,3817,1982,0,182,0,104,0,0,0,0,0,0,0,0,0,0,0,0,0,0,0,352,6561,40,0
contig_26803,0,0,0,0,0,0,0,0,0,0,0,0,0,0,0,0,0,0,0,0,0,0,0,0,0,0,0,0,0,0,0,0,0,0,0,0,0,0,0,0,0,0,0,0,0,0,0,0,485,0,0,3031,0,0,0,0,0,0,0,0,0,0,0,0,0,0,0,0,0,0,0,0,0,0,0,0,0,0,0,0,0,0,0,0,0,0,714,0,0,1106,0,0
contig_26815,0,0,7557,0,0,0,0,0,0,0,0,0,0,0,0,0,0,0,0,0,0,0,0,0,0,0,0,0,0,0,0,0,0,0,0,0,0,0,0,0,0,0,0,0,0,0,0,0,0,0,0,0,0,0,0,0,0,0,0,0,264,0,0,0,0,0,0,0,0,0,0,0,0,0,0,0,0,0,0,0,0,0,0,0,0,0,2447,0,101,0,0,0
contig_26823,0,0,0,0,0,0,0,0,0,0,0,0,0,0,0,0,0,0,0,0,0,0,0,0,0,0,0,0,0,0,0,0,0,0,0,0,0,0,0,0,0,0,0,0,0,0,0,0,0,0,194,0,0,54,0,0,0,0,0,0,0,164,0,0,0,0,0,0,0,0,0,0,0,0,0,0,0,0,0,0,0,0,0,0,0,0,0,0,0,45,0,0
contig_26847,0,0,0,0,0,0,0,0,0,0,0,0,0,0,0,0,0,0,0,0,0,0,0,0,0,0,0,0,0,0,0,0,0,0,0,0,0,0,0,0,0,0,0,0,22,0,0,0,0,0,0,0,0,0,0,0,0,0,0,0,0,0,34,0,0,0,0,0,0,0,0,0,0,0,0,0,0,0,0,0,0,0,0,0,0,0,0,0,0,74,0,0
contig_26848,1029,23438,4414,0,0,0,0,0,0,0,0,0,0,0,12323,145884,2244,0,0,0,0,0,0,0,0,0,0,11102,32998,4013,0,0,0,0,0,0,0,0,1176,1343,0,0,0,0,0,19774,0,9003,207,0,1228,0,199,79,15859,0,0,0,8160,26184,24789,658,0,0,0,0,0,1037,291,0,0,0,0,0,0,0,0,0,0,0,393,0,0,0,0,0,884,0,454,4457,0,0
contig_26859,0,0,0,138,0,0,0,0,0,0,0,0,0,0,0,0,0,0,0,0,0,0,0,0,0,0,0,0,0,0,0,0,0,0,0,0,0,0,0,0,0,0,0,0,0,223,0,0,0,411,318,0,0,0,0,0,472,0,0,0,0,0,0,0,0,0,0,716,0,0,0,0,0,0,0,0,0,0,0,0,0,0,0,0,0,0,130,0,0,0,0,0
contig_26861,0,0,0,0,0,0,0,0,0,0,0,0,0,0,0,0,613,0,0,0,0,0,0,0,0,0,0,0,0,0,0,0,0,0,0,0,0,0,0,0,0,0,0,0,0,0,0,0,170,0,71,0,0,0,0,0,0,0,0,0,0,0,0,0,0,0,0,0,0,0,0,0,0,0,0,0,0,0,0,0,0,0,0,0,0,0,0,0,0,0,0,0
contig_26899,0,0,0,0,0,0,0,0,0,0,0,0,0,307,0,0,0,0,0,0,0,0,0,0,0,0,0,0,0,0,0,0,0,0,10865,0,0,0,0,0,0,83,134,0,4323,0,0,0,0,0,0,0,0,0,0,0,0,0,0,0,0,0,0,0,0,0,0,0,0,0,0,0,0,261,0,0,0,0,0,0,0,0,0,0,0,0,0,0,41,0,0,0
contig_269,0,0,0,0,0,0,0,0,0,0,0,0,0,0,0,0,0,233,0,1159,0,0,0,0,56,0,0,0,0,0,0,0,0,0,0,0,0,0,0,0,0,0,0,0,0,0,0,0,0,0,0,0,10,0,0,0,0,0,0,0,0,0,0,0,0,0,0,0,0,0,0,0,0,0,0,0,0,0,0,0,0,0,0,0,0,0,0,0,0,0,0,0
contig_26920,0,0,0,0,0,0,0,0,0,0,0,0,0,0,0,0,0,0,0,0,0,0,0,0,0,0,0,0,0,0,0,0,0,0,0,0,0,0,0,0,0,0,0,0,25,0,0,0,0,0,0,0,0,0,0,0,0,0,0,0,0,0,0,0,0,0,0,0,0,0,0,0,0,0,0,0,0,0,0,0,0,0,0,0,0,0,0,0,0,48,38,0
contig_26951,0,2729,2028,698,1230,749,4236,0,0,0,226,0,0,0,3800,0,276,0,0,0,0,343,0,0,0,34,0,551,816,1357,1174,268,0,0,0,0,0,0,0,921,0,0,0,0,0,0,1103,1198,4928,1445,6686,0,0,1048,0,1817,4484,0,801,1053,6965,1292,0,292,478,94,0,0,89,0,0,0,0,6136,0,0,0,0,0,0,0,0,0,0,0,0,9481,0,154,1861,0,0
contig_26961,716,103,0,0,0,0,294,0,0,0,0,0,0,0,0,1319,0,0,0,0,0,0,0,0,0,0,0,0,6296,0,0,0,0,0,0,0,0,0,0,130,0,0,0,0,0,257,0,0,0,0,0,0,0,0,0,0,0,0,159,912,4958,657,0,0,0,0,0,0,0,0,0,0,0,0,0,0,0,0,0,0,0,0,0,0,0,0,0,0,0,0,0,0
contig_26977,0,0,350,0,0,0,0,0,0,0,0,0,0,0,0,0,194,0,0,0,0,0,0,0,0,0,0,0,0,0,0,0,0,0,0,0,0,0,0,0,0,0,0,0,0,0,0,0,0,0,0,0,0,0,0,0,0,0,0,283,1315,0,0,0,0,0,0,0,0,0,0,0,0,0,0,0,0,0,0,0,0,0,0,0,0,0,0,0,0,0,0,0
contig_26998,0,0,0,0,0,0,0,0,0,0,0,0,0,0,0,0,2249,536,0,439,0,0,0,0,269,0,0,0,0,0,0,0,0,0,0,0,0,0,508,0,0,0,0,0,0,0,0,0,0,0,0,0,0,0,0,0,0,0,0,0,0,432611,0,0,0,0,0,0,0,784,0,280,0,0,0,0,0,0,0,0,0,0,0,0,0,0,0,0,0,0,0,0
contig_27,0,0,0,0,0,0,0,0,0,0,0,0,0,0,0,0,0,0,0,0,0,0,0,0,0,0,0,0,0,0,0,0,0,0,0,0,0,104,0,0,0,0,0,0,0,0,0,0,0,0,0,0,0,0,0,0,0,0,0,0,0,0,0,0,0,0,0,0,0,0,0,0,0,413,0,0,0,503,0,0,0,0,0,0,0,0,0,0,0,0,0,0
contig_270,0,0,0,0,0,0,0,0,0,0,0,0,0,0,0,0,267,63,0,114,0,0,0,0,0,0,0,0,0,0,0,0,184,0,326,0,0,0,0,4662,0,20,39,0,81,0,0,0,577,0,2605,66,2291,960,0,50,0,228,0,0,0,0,0,0,0,0,80,1741,810,93,25,27,69,0,0,0,0,0,0,0,0,0,0,0,0,0,633,10,223,10139,72,0
contig_27008,0,337,0,0,0,0,0,0,0,0,0,0,0,0,0,0,0,0,0,0,0,0,0,0,0,0,0,0,0,0,0,0,0,0,0,0,0,0,0,0,0,0,0,0,0,0,0,0,0,0,0,0,0,0,0,0,389,0,0,0,0,0,0,0,0,0,0,197,0,0,0,0,0,0,0,0,0,0,0,0,0,0,0,0,0,0,0,0,0,0,0,0
contig_27015,107,1050,0,0,0,0,27,0,0,0,0,0,0,0,0,0,0,0,0,0,0,0,0,0,0,0,0,1422,0,335,0,0,0,0,0,0,0,0,0,0,0,0,0,0,0,197,0,0,0,0,0,0,0,0,0,0,0,0,120,0,2193,217,0,231,0,0,0,95,239,0,0,0,0,0,0,0,0,0,0,0,0,0,0,0,0,0,0,0,0,0,0,0
contig_27018,0,0,387,432,74,0,0,0,0,0,42,0,0,437,0,0,0,0,0,0,0,0,0,0,0,0,0,0,0,0,1918,0,0,0,0,0,0,12979,0,0,0,0,0,0,357,0,0,0,3325,1299,647,232,0,0,0,0,627,0,0,0,0,0,0,0,0,0,0,0,0,0,0,0,0,395,0,0,0,0,0,0,0,0,0,0,0,0,0,0,0,0,0,0
contig_27028,0,769,0,0,0,0,0,385,0,0,0,0,0,0,19858,125637,4219,0,0,0,0,0,0,0,0,0,0,0,630,0,0,0,0,0,0,0,0,0,0,109,0,0,0,0,0,8086,0,0,0,324,0,0,0,0,1102,0,16466,0,2135,0,2995,0,0,4279,0,0,0,0,0,0,0,0,0,1754,0,0,0,0,0,0,0,0,0,0,0,0,1194,0,0,186,0,0
contig_27033,0,0,0,1190,0,0,0,0,0,0,0,0,0,0,0,0,0,0,0,0,0,0,0,0,0,0,0,0,0,0,0,0,0,0,0,0,0,0,0,0,0,0,0,0,0,0,0,3686,329,516,0,0,0,0,0,0,0,0,0,0,10164,614,0,0,0,0,0,240,0,0,0,0,0,674,0,0,0,0,0,0,430,0,0,0,0,0,0,0,0,0,0,0
contig_27056,0,207,138,0,0,0,0,0,0,0,0,0,0,0,456,398,168,0,0,0,0,0,0,0,0,0,0,323,69,154,0,0,0,0,0,0,0,0,105,46,0,0,0,0,0,274,17,0,0,0,0,0,0,4019,0,0,54,0,1817,909,763,2126,0,291,142,0,0,0,0,0,0,0,0,200,0,0,0,0,0,0,1376,0,0,0,0,0,161,0,0,1660,0,0
contig_27064,0,0,0,0,0,0,0,0,0,0,0,0,0,0,0,0,0,0,0,0,0,0,0,0,0,0,0,0,0,0,0,0,0,0,0,0,0,0,0,392,0,0,0,0,0,158,0,0,1384,0,0,0,0,0,0,0,0,0,810,0,0,249,0,0,0,0,0,0,0,0,0,0,0,0,0,0,0,0,0,0,0,0,0,0,0,0,1513,0,0,1035,0,0
contig_27069,0,178,0,201,0,0,0,0,0,0,0,0,0,0,0,161,437,0,0,37,0,0,0,0,0,0,0,0,0,468,0,0,0,0,0,0,0,0,0,0,0,0,0,0,0,0,0,0,0,0,0,0,0,0,0,268,662,0,0,0,1314,478,0,0,0,0,0,735,0,0,0,0,0,0,0,0,0,0,0,0,0,0,0,0,0,0,0,0,0,0,0,0
contig_27076,0,0,0,0,0,0,0,0,0,0,0,0,0,0,0,0,3171,0,0,0,0,0,0,0,0,0,0,0,0,124,0,0,0,0,0,0,0,0,0,0,0,0,0,0,0,0,0,0,0,0,0,0,0,0,0,0,0,0,0,0,0,238,0,0,0,0,0,0,0,0,0,0,0,0,0,0,0,0,0,0,0,0,0,0,0,0,0,0,0,0,0,0
contig_27080,0,0,0,129,0,0,0,0,0,0,0,0,0,0,0,0,678,0,0,0,0,75,0,0,0,0,0,0,0,362,0,0,199,0,0,0,0,0,0,0,0,0,0,0,0,0,0,0,0,463,0,0,0,0,0,0,0,0,0,0,0,168,0,0,0,0,0,418,0,0,0,0,0,351,0,0,0,0,0,0,0,0,0,0,0,0,0,0,94,0,0,0
contig_271,0,0,0,58,0,0,0,0,0,0,0,0,0,134,0,0,0,0,0,0,0,0,0,0,0,0,0,0,0,0,0,0,0,0,0,0,0,0,0,237,0,59,2658,0,1703,0,0,0,0,0,0,0,0,0,0,0,0,0,0,0,0,0,0,0,0,0,0,0,0,0,0,0,0,2219,0,0,0,0,0,0,0,0,0,0,0,0,0,0,0,0,0,0
contig_27109,0,0,0,0,0,0,0,0,0,0,0,0,0,0,0,0,0,0,0,0,0,0,0,0,0,0,0,0,0,0,0,0,1023,0,0,0,0,0,0,0,0,0,0,0,0,0,0,0,0,0,0,0,0,0,0,198,0,0,28268,0,0,0,0,0,0,0,0,0,0,0,0,0,292,0,0,0,0,0,0,0,102,0,0,0,0,0,0,0,0,1088,0,0
contig_27161,0,0,0,0,0,0,0,0,0,0,0,0,0,0,0,29251,0,0,0,0,0,0,0,0,0,0,0,0,15274,0,0,0,0,0,0,0,0,0,0,4961,0,0,0,0,0,286,86,0,0,0,0,0,110,29,0,0,409,0,0,277,1111,425,0,0,0,0,0,0,0,0,0,0,0,11117,0,0,0,0,0,0,0,0,0,0,0,0,356,0,0,353,0,0
contig_272,0,0,0,0,0,0,0,0,0,0,0,0,0,108,0,0,0,0,0,0,0,0,0,0,0,0,0,0,0,0,0,0,0,0,0,0,0,0,0,0,0,0,40,0,2009,0,0,0,58,0,31,0,0,0,0,0,49,0,0,0,0,0,0,0,0,0,0,0,0,0,0,0,0,213,0,0,0,0,0,0,0,0,0,0,0,0,0,0,0,0,0,0
contig_27201,0,0,2441,0,0,0,0,0,0,0,0,0,0,0,10805,33828,2134,0,0,0,0,0,0,0,0,0,0,2012,12160,0,0,0,0,0,0,0,0,0,0,0,0,0,0,0,0,901,0,0,0,0,0,0,0,0,0,0,0,0,883,0,3491,0,0,0,0,0,0,0,0,0,0,0,0,0,0,0,0,0,0,0,0,0,0,0,0,0,0,0,0,0,0,0
contig_27206,0,0,0,0,0,0,0,0,0,0,0,0,0,0,0,0,0,0,0,0,0,0,0,0,0,0,0,0,0,145,0,0,0,0,0,0,0,0,0,0,0,0,0,0,0,0,0,0,203,0,0,0,0,0,0,0,0,0,0,0,0,0,0,0,0,0,0,0,0,0,0,0,0,0,0,0,0,0,0,0,0,0,0,0,0,0,4022,0,0,0,0,0
contig_27217,0,0,0,0,0,0,0,0,0,0,0,0,0,0,0,0,0,0,0,0,0,0,0,0,0,0,0,0,0,0,0,0,0,0,0,0,0,0,0,0,0,0,0,0,0,0,0,0,159,160,0,0,0,0,0,0,183,0,0,0,0,0,0,0,0,0,0,438,0,0,0,0,0,0,0,0,0,0,0,0,0,0,0,0,0,0,0,0,0,0,0,0
contig_27233,0,0,0,0,0,0,0,0,0,0,0,0,0,0,0,0,0,44,0,21,0,0,0,0,0,0,0,0,0,0,0,0,0,0,0,0,0,30,0,0,0,0,0,0,65,0,0,0,0,260,0,0,0,0,0,0,0,0,0,0,639,0,0,0,0,0,0,0,0,0,0,0,0,343,0,0,0,0,0,0,0,0,0,0,0,0,0,0,136,0,0,0
contig_27248,0,0,0,0,0,0,0,0,0,0,0,0,0,0,0,0,0,0,0,0,0,0,0,0,0,0,0,0,340,0,0,0,0,0,0,0,0,0,0,8108,0,0,0,0,0,0,0,0,0,0,0,0,0,0,0,0,0,0,0,0,998,0,0,0,0,0,0,0,0,0,0,0,0,657,0,0,0,0,0,0,0,0,0,0,0,0,0,0,0,2647,0,0
contig_27299,0,0,0,0,0,0,0,0,0,0,0,0,0,0,0,0,0,0,0,0,0,0,0,0,0,0,0,0,0,8231,0,0,0,0,0,0,0,0,0,0,0,0,0,0,0,0,0,0,359,293,0,0,0,0,0,0,0,0,0,0,11819,2902,0,0,0,0,0,0,0,0,19,0,0,435,0,0,70,21,0,0,0,0,0,0,0,0,0,0,97,0,0,0
contig_27312,0,0,0,0,0,0,1137,0,0,0,0,0,0,0,0,0,0,0,0,0,0,1590,0,0,0,0,0,0,0,0,0,96,0,0,0,0,0,0,0,0,0,0,76,0,0,0,0,418,3021,297,17093,0,0,0,0,0,0,0,0,0,0,0,0,0,0,0,0,0,0,0,0,0,0,0,0,0,0,0,0,0,0,0,0,0,0,0,0,0,115,0,0,0
contig_27325,0,0,0,0,0,0,0,0,0,0,0,0,0,0,0,0,0,0,0,0,0,0,0,0,0,0,0,0,0,0,0,509,0,0,0,0,0,0,0,0,0,0,0,0,0,0,0,0,0,0,0,0,0,0,0,0,0,0,0,0,0,74,0,0,0,0,0,0,0,0,0,0,0,0,0,0,0,0,0,0,0,0,0,0,0,0,0,0,0,42,0,0
contig_27345,0,1833,1220,0,0,0,0,0,0,0,0,0,0,0,2410,1002,0,0,0,0,0,0,0,0,0,0,0,3720,0,404,0,0,0,0,0,0,0,0,0,0,0,0,0,0,0,565,0,848,0,102,0,0,0,0,0,0,0,0,2105,0,4671,55,0,0,0,0,0,0,0,0,0,0,0,0,0,0,0,0,0,0,0,0,0,0,0,0,0,0,0,0,0,0
contig_27368,0,0,0,0,0,0,0,0,0,0,0,0,0,0,9881,0,5153,0,0,0,0,0,0,0,0,0,0,0,0,0,0,0,0,0,0,0,0,0,0,0,0,0,0,0,0,237,0,0,3535,0,826,0,0,0,0,0,690,0,5404,0,6436,357,0,0,0,0,0,633,4124,0,0,0,0,6575,0,0,0,0,0,0,0,0,0,0,0,0,3924,0,0,0,0,0
contig_27369,0,0,0,0,0,0,0,0,0,0,0,0,0,0,0,0,0,0,0,0,0,0,0,0,0,0,0,0,0,1478,0,0,0,0,0,0,0,0,0,0,0,0,0,0,0,0,0,0,0,0,0,0,0,0,0,0,613,0,0,0,0,0,0,1905,0,0,0,3507,0,0,0,0,0,2195,0,0,0,0,0,0,0,0,0,0,0,0,0,0,0,0,0,0
contig_274,0,0,0,0,0,0,0,0,0,0,0,0,0,208,0,0,0,65,0,0,0,0,0,0,0,0,0,0,0,0,24,0,0,0,0,0,0,0,0,57,0,53,281,12,3492,0,0,0,0,0,0,0,0,0,0,29,0,0,0,0,0,0,0,0,0,0,0,0,0,0,0,0,0,745,0,0,81,10,0,0,0,0,0,0,0,0,0,0,0,0,0,0
contig_27403,0,0,0,0,0,0,0,0,0,0,0,0,0,0,0,0,0,0,0,0,0,0,0,0,0,0,0,0,0,0,0,237,655,0,0,0,0,0,0,0,0,0,0,0,0,0,0,0,0,0,0,2316,0,0,0,0,0,0,0,0,0,0,0,0,0,0,83,0,0,0,0,0,0,9917,0,0,0,0,0,0,0,0,0,0,0,0,619,0,0,0,0,0
contig_27406,0,0,0,0,0,0,0,0,0,0,0,0,0,0,0,0,0,0,1293,0,0,0,0,0,0,0,0,0,0,0,0,0,0,0,0,0,0,0,0,0,0,0,0,0,0,0,0,0,0,0,0,0,0,0,0,0,0,0,0,0,0,60,0,0,0,0,0,0,0,0,0,0,31,0,0,0,0,0,0,0,0,0,0,0,0,0,0,0,0,0,0,0
contig_27407,0,0,0,0,0,130,0,0,0,0,0,0,0,0,0,0,120,0,0,0,0,0,0,0,0,0,0,0,19113,399,0,343,0,0,0,0,0,0,0,314,0,0,0,0,0,392,295,0,0,0,0,0,0,0,0,0,514,0,0,729,4471,1337,0,0,0,0,0,0,0,0,0,0,0,3676,0,0,0,0,0,0,0,0,0,0,0,0,579,0,0,0,0,0
contig_27408,0,0,0,0,0,0,0,0,0,0,0,0,0,0,127,0,189,0,0,0,0,0,0,0,0,0,0,0,0,0,0,0,0,0,0,0,0,0,0,0,0,0,0,0,0,0,0,0,0,0,0,0,0,0,0,0,0,0,0,0,605,801,0,0,0,0,0,0,0,0,0,0,0,0,0,0,0,0,0,0,0,0,0,0,0,0,0,0,0,0,0,0
contig_27412,0,0,0,0,0,0,0,0,0,0,0,0,0,0,0,0,0,0,0,0,0,0,0,0,0,0,0,0,0,0,0,0,0,0,0,0,0,0,0,0,0,0,0,0,0,5596,0,1343,0,172,775,0,0,0,0,0,0,0,0,0,12131,372,0,0,0,0,0,0,0,0,0,0,0,0,0,0,0,0,0,0,0,0,0,0,0,0,0,0,0,0,0,0
contig_27450,0,0,0,0,0,0,0,0,0,0,0,0,0,0,0,0,1062,0,0,0,0,0,0,0,0,0,0,0,0,0,0,0,0,0,0,0,0,0,0,0,0,0,2255,0,19,0,0,0,0,0,486,107,0,0,0,0,0,0,0,0,0,0,0,0,0,0,0,0,0,0,0,0,0,0,0,0,0,0,0,0,0,0,0,0,0,0,0,0,0,0,0,0
contig_27452,155,0,0,0,0,0,0,0,0,0,0,0,0,0,5902,54434,0,0,0,0,0,0,0,0,0,0,0,8823,0,0,0,0,0,0,0,0,0,0,0,0,0,0,0,0,0,7483,0,0,0,0,0,0,0,0,0,0,0,0,0,0,8699,0,0,0,0,0,0,0,0,0,0,0,0,0,0,0,0,0,0,0,0,0,0,0,0,0,0,0,0,0,0,0
contig_27461,0,0,0,0,0,0,0,0,0,0,0,0,0,0,0,0,545,0,0,0,0,0,0,0,0,0,0,0,0,0,0,0,0,0,0,0,0,0,0,0,0,0,0,0,0,0,0,162,269,0,0,0,0,0,0,0,0,0,0,0,0,655,78,0,0,0,0,0,0,0,0,0,0,0,0,0,0,0,0,0,0,0,0,0,0,0,0,0,0,0,0,0
contig_27491,0,0,0,0,0,0,0,0,0,0,0,0,0,0,0,0,0,0,0,0,0,0,0,0,0,0,0,0,0,0,0,0,0,0,0,0,0,0,0,0,0,0,0,0,0,0,0,0,0,0,0,0,0,0,0,0,217,0,0,0,0,0,0,0,0,0,0,2228,0,0,0,0,0,155,0,0,0,0,0,0,0,0,0,0,0,0,0,0,0,0,0,0
contig_27493,0,0,0,0,0,0,0,0,0,0,0,0,0,0,0,0,1644,0,0,0,0,0,0,0,0,0,0,0,0,2484,0,0,0,0,0,0,0,0,0,0,0,0,0,0,0,383,0,0,1196,0,380,0,0,0,367,0,0,0,0,0,1383,543,0,0,0,0,0,0,0,0,0,0,0,2745,0,0,0,0,0,0,0,0,0,0,0,0,0,0,0,468,0,0
contig_27503,0,0,0,416,0,0,0,0,0,0,0,0,0,0,0,0,7705,0,0,0,0,0,0,0,0,0,0,0,0,0,0,0,0,0,0,0,0,0,0,0,0,0,0,0,0,0,0,0,1597,2445,1155,0,0,0,0,0,0,0,0,0,0,7800,0,0,0,0,0,0,0,0,0,0,0,0,0,0,0,0,0,0,0,0,0,0,0,0,0,0,0,0,0,0
contig_27530,0,0,0,2699,1678,0,0,0,0,0,0,0,0,0,0,0,0,0,0,0,0,0,0,0,0,0,0,0,0,4239,664,377,0,0,0,0,0,0,0,0,0,0,0,0,0,0,0,0,0,0,0,2119,0,0,0,0,0,0,0,0,0,0,0,0,0,0,0,852,0,0,0,0,0,22273,0,0,0,0,0,0,0,0,0,0,0,0,0,0,0,0,0,0
contig_27543,0,0,0,0,0,0,0,0,0,0,0,0,0,0,0,0,2883,0,0,0,0,0,0,0,0,0,0,0,0,0,0,177,0,0,0,0,0,0,0,0,0,0,0,0,0,0,0,0,0,465,571,0,0,0,0,0,0,0,214,0,0,888,0,0,0,0,0,99,0,0,0,0,0,0,0,0,0,0,0,0,0,0,0,0,0,0,3495,0,0,0,0,0
contig_27544,0,0,0,0,0,0,0,0,0,0,0,0,0,0,0,1674,426,0,0,0,0,0,0,0,0,0,0,0,2373,1149,0,0,0,0,0,0,0,0,0,224,0,0,0,0,0,647,0,0,0,0,208,0,0,0,7467,0,262,0,0,1226,2162,168,0,0,0,0,0,0,0,0,0,0,0,0,0,0,0,0,0,0,0,0,0,0,0,0,275,0,0,469,0,0
contig_27573,0,0,0,0,0,0,0,0,0,0,0,0,0,0,0,0,0,0,0,0,0,0,0,0,0,0,0,0,6552,150,0,0,0,0,0,0,0,0,0,0,0,0,0,0,0,0,0,268,0,0,0,0,0,0,0,0,0,0,0,0,0,921,0,0,0,0,0,0,0,0,0,0,0,0,0,0,0,0,0,0,0,0,0,0,0,0,0,0,0,0,0,0
contig_27580,0,0,0,0,0,0,0,0,0,0,0,0,0,0,0,0,554,0,0,0,0,0,0,0,0,0,0,0,0,890,0,0,0,0,0,0,0,0,0,0,0,0,0,0,0,0,0,0,0,0,0,0,0,0,0,0,0,0,0,0,0,135,0,0,0,0,0,0,0,0,0,0,0,173,0,0,0,0,0,0,0,0,0,0,0,0,1224,0,0,388,0,0
contig_27599,0,0,0,0,0,0,0,0,0,0,0,0,0,0,0,0,424,0,0,0,0,0,0,0,0,0,0,0,0,0,0,0,0,0,0,0,0,0,0,0,0,0,0,0,0,0,0,0,264,0,76,0,0,0,0,0,0,0,0,414,764,0,0,0,0,0,0,0,50,0,0,0,0,0,0,0,0,0,0,0,0,0,0,0,0,0,0,0,0,0,0,0
contig_27604,399,7777,9965,2844,4042,5440,3263,0,0,0,510,0,0,0,49652,9637,5704,0,0,40,0,364,0,0,0,637,0,2368,8068,12340,2138,566,887,0,0,0,0,1911,695,560,0,0,0,0,0,5197,8875,9201,7920,11243,8293,108,0,907,6032,1041,9604,39,7113,14079,29871,2635,0,774,3152,0,1513,3096,10018,1064,0,0,0,8414,0,2353,0,0,0,0,3390,0,0,0,0,0,3256,73,421,4953,0,0
contig_27614,0,0,122,0,360,0,0,0,0,0,0,0,0,0,5463,0,893,0,0,0,0,0,0,0,0,0,0,0,0,0,0,0,0,0,0,0,0,0,0,0,0,0,0,0,0,0,0,0,0,3478,0,0,0,0,0,0,0,0,0,0,140,226,0,0,0,0,0,1709,0,780,0,0,0,0,0,0,0,0,0,0,0,0,0,0,0,0,0,0,0,0,0,0
contig_27634,0,0,0,773,0,0,0,0,0,0,0,0,0,0,0,0,0,0,0,0,0,0,0,0,0,0,0,0,0,2747,0,0,0,0,0,0,0,0,0,0,0,0,2819,0,0,0,0,0,0,0,0,0,0,0,0,0,0,0,0,0,0,0,0,0,0,0,0,823,0,0,0,0,0,0,0,0,0,0,0,0,0,0,0,0,0,0,0,0,149,0,0,0
contig_27651,0,976,0,0,0,0,0,0,0,0,0,0,0,0,3083,2442,3735,0,0,0,0,0,0,0,0,0,0,0,186,483,0,0,0,0,0,0,0,0,0,0,0,0,0,0,0,260,460,0,934,247,473,0,0,0,0,0,0,0,473,0,4618,1073,0,168,0,0,0,0,0,0,0,0,0,0,0,0,0,0,0,0,0,0,0,0,0,0,1878,0,0,0,0,0
contig_27671,0,0,0,0,0,0,0,0,0,0,0,0,0,0,0,0,264,0,0,0,0,0,0,0,0,0,0,0,0,1036,0,0,0,0,0,0,0,0,0,0,0,0,0,0,0,146,0,0,0,0,0,0,0,0,0,0,0,0,0,0,2705,349,0,0,0,0,0,0,0,0,0,0,0,0,0,0,0,0,0,0,0,0,0,0,0,0,0,0,0,0,0,0
contig_27690,0,0,0,1690,0,0,0,0,0,0,0,0,0,0,0,0,578,0,0,0,0,0,0,0,0,0,0,0,408,3741,367,0,0,0,0,0,0,0,0,0,0,0,0,0,42,0,0,0,0,0,0,480,0,0,0,0,0,0,0,0,0,0,0,0,0,0,0,0,0,0,0,0,0,1702,0,0,34,0,0,0,0,0,0,0,0,0,0,0,0,0,0,0
contig_27701,0,0,0,0,0,0,0,0,0,0,0,0,0,0,0,0,0,0,0,0,0,0,0,0,0,0,0,0,191,0,0,0,0,0,0,0,0,0,0,0,0,0,0,0,0,141,0,0,0,0,0,0,0,279,0,0,444,0,0,0,0,408,0,204,0,0,0,0,0,0,0,0,0,0,0,0,0,0,0,0,8826,0,0,0,0,0,459,0,0,164,0,0
contig_27707,0,0,0,0,0,0,0,0,0,0,0,0,0,0,0,0,0,0,0,0,0,24,0,0,0,0,0,0,0,0,0,0,0,0,0,0,0,0,0,0,0,0,0,0,0,0,0,0,138,0,0,0,0,0,0,0,0,0,0,0,0,46,0,0,0,0,0,151,0,0,0,0,0,0,0,0,0,0,0,0,346,0,0,0,0,0,0,0,0,0,0,0
contig_27716,0,0,0,0,0,0,0,0,0,0,0,0,0,0,0,0,0,0,0,0,0,0,0,0,0,0,0,0,0,0,0,0,0,0,0,0,0,0,0,0,0,0,0,0,0,0,0,0,0,0,0,0,345,76,0,0,721,0,0,0,0,0,0,0,0,0,0,0,0,0,0,0,0,0,0,0,0,0,0,0,0,0,0,0,0,0,133,0,0,196,0,0
contig_27733,0,0,0,0,0,0,0,0,0,0,0,0,0,0,0,0,0,0,0,0,0,0,0,0,0,0,0,0,0,0,0,439,3868,0,0,0,0,0,0,1107,0,0,0,0,0,0,0,0,615,149,0,0,0,0,0,0,216,110,0,0,416,0,0,0,0,0,319,115,502,0,0,0,0,2266,0,0,0,0,0,0,0,0,0,0,0,0,455,0,0,605,0,0
contig_27762,0,0,0,0,0,0,0,0,0,0,0,0,0,0,0,21423,0,0,0,0,0,0,0,0,0,0,0,1931,0,0,0,0,0,0,0,0,0,0,0,0,0,0,0,0,0,2665,0,0,0,0,0,0,0,518,0,0,0,0,0,7180,0,659,0,2061,1036,0,0,0,0,0,0,0,0,0,0,0,0,0,0,0,10322,0,0,0,0,0,147,0,0,457,0,0
contig_27775,0,0,0,0,0,0,0,0,0,0,0,0,0,0,520,0,1907,0,0,0,0,0,0,0,0,0,0,0,0,2098,0,482,75,0,0,0,0,535,148,0,0,0,0,0,0,0,0,454,455,807,521,53,0,0,0,0,687,0,0,0,2385,427,0,0,0,0,0,169,157,0,0,0,0,0,0,0,0,0,0,0,0,0,0,0,0,0,302,0,0,0,0,0
contig_278,0,0,0,0,0,0,0,0,0,0,0,0,0,0,0,0,0,0,0,0,0,0,0,0,0,0,0,0,0,0,0,0,0,0,0,0,0,16,0,0,0,0,0,0,0,0,0,0,0,0,0,0,0,0,0,68,0,0,0,0,0,627,259,0,0,0,0,0,0,0,0,0,0,130,0,0,0,0,0,0,0,0,0,0,0,0,0,0,0,0,0,0
contig_27802,0,0,0,0,0,0,0,0,0,0,0,0,0,0,0,0,0,0,0,0,0,0,0,0,0,0,0,0,0,68,727,0,0,0,0,0,0,0,0,0,0,0,0,0,0,0,265,89,1095,356,151,0,0,0,0,0,179,0,0,0,151,228,0,0,0,0,0,0,0,146,0,0,0,1878,0,0,0,0,0,0,0,0,0,0,0,0,0,0,0,0,0,0
contig_27804,0,0,0,0,0,0,0,0,0,0,0,0,0,0,0,4609,0,0,0,0,0,0,0,0,0,0,0,0,0,0,0,0,648,0,0,0,0,60,0,0,0,0,0,0,0,0,0,0,0,0,0,0,0,0,0,0,0,0,0,0,0,0,0,0,0,0,0,0,0,0,0,0,0,1269,0,0,0,0,0,0,2265,0,0,0,0,0,0,0,0,1188,0,0
contig_27814,0,0,0,0,0,0,0,0,0,0,0,0,0,0,0,0,102,0,0,0,0,0,0,0,0,0,0,0,0,114,0,238,0,0,0,0,0,0,47,80,0,0,0,0,0,47,0,0,107,0,38,0,0,42,0,0,175,0,366,0,99,163,0,0,0,0,0,48,0,0,0,0,0,318,0,0,0,0,0,0,0,0,0,0,0,0,501,0,0,0,0,0
contig_27818,0,0,0,0,0,0,0,0,0,0,0,0,0,0,0,0,0,0,0,0,0,0,0,0,0,0,0,0,0,0,0,0,1404,0,0,0,0,0,0,0,0,0,0,0,0,0,0,0,4571,0,0,0,0,12925,0,0,0,0,0,0,0,0,0,0,0,0,0,1607,642,0,0,0,0,6384,0,197,0,0,0,0,0,0,0,0,0,0,7570,0,0,2593,0,0
contig_27825,0,0,0,675,0,0,0,0,0,0,0,0,0,0,0,0,0,0,0,0,0,0,0,0,0,0,0,0,0,0,0,0,0,0,0,0,0,0,0,0,0,0,0,0,0,0,0,1188,153,0,0,0,0,0,0,0,0,0,0,0,0,506,0,0,339,0,0,0,0,0,0,0,0,0,0,0,0,0,0,0,773,0,0,0,0,0,0,0,0,0,0,0
contig_27831,0,0,0,0,0,0,0,0,0,0,0,0,0,0,0,0,0,0,0,0,0,0,0,0,0,0,0,0,0,33,0,234,290,0,0,0,0,201,0,130,0,0,0,0,0,0,0,0,118,0,0,57,0,0,0,0,0,0,0,0,0,0,0,0,0,0,0,0,0,0,0,0,0,0,0,0,0,0,0,0,0,0,0,0,0,0,0,0,0,0,0,0
contig_27856,0,0,0,173,0,0,160,401,0,45,648,0,0,0,0,0,689,0,0,0,0,0,0,0,0,0,0,0,0,1003,337,2761,3773,0,0,0,0,0,208,701,0,0,0,0,0,328,0,0,1923,1079,732,298,0,858,0,235,671,0,1801,0,1183,1139,0,0,0,0,0,860,8886,0,0,0,0,4926,0,0,0,0,0,0,0,0,0,0,0,0,1414,0,0,1507,0,0
contig_27868,0,1421,2700,1399,0,1344,3040,3648,0,0,0,0,0,0,25628,5131,14528,0,0,0,0,0,0,0,0,0,0,1327,2819,4135,0,0,5208,0,0,0,0,0,708,1592,0,0,0,0,0,1147,10024,1748,9430,6555,1896,113,0,0,0,0,2603,0,9349,0,8707,1591,0,668,2671,0,0,1433,15366,2599,1398,184,0,19748,0,0,0,0,0,0,0,0,0,0,0,0,15286,0,0,5584,0,0
contig_27879,0,0,0,0,0,0,0,0,0,0,0,0,0,0,0,0,0,0,0,0,0,0,0,0,0,0,0,0,0,0,0,0,993,0,0,0,0,0,0,0,0,0,0,0,0,0,0,0,0,0,0,0,0,0,0,0,0,0,10955,0,217,0,0,0,0,0,0,0,0,0,0,0,0,151,0,0,0,0,0,0,0,0,0,0,0,0,0,0,0,0,0,0
contig_27886,0,0,0,0,0,0,0,0,0,0,0,0,0,0,0,0,38,0,0,0,0,0,0,0,0,0,0,0,0,77,0,0,0,0,0,0,0,0,0,0,0,0,0,0,0,0,0,0,0,72,25,0,0,0,0,0,56,0,0,0,490,108,0,0,0,0,0,0,0,0,0,0,0,294,0,0,0,0,0,0,0,0,0,0,0,0,0,0,0,0,0,0
contig_27892,0,0,0,0,0,0,0,0,0,0,0,0,0,0,3370,0,0,0,0,0,0,0,0,0,0,0,0,0,0,0,0,0,0,0,0,0,0,0,0,0,0,0,0,0,0,0,0,618,286,214,149,0,0,0,0,0,74,0,0,0,6776,353,0,0,0,0,0,0,0,76,0,0,0,0,0,0,0,0,0,0,0,0,0,0,0,0,0,0,0,0,0,0
contig_27896,0,0,0,0,0,0,0,0,0,0,0,0,0,0,0,0,0,0,0,0,0,0,0,0,0,0,0,0,0,0,0,0,0,0,0,0,0,0,0,0,0,0,0,0,0,186,0,501,0,0,0,0,0,0,0,0,0,0,0,365,0,0,0,0,0,0,0,559,0,0,0,0,0,0,0,0,0,0,0,0,13363,0,0,0,0,0,0,0,0,0,0,0
contig_279,0,0,0,0,0,0,0,0,0,0,0,0,0,0,0,0,0,0,0,0,0,0,0,0,0,0,0,0,0,46,0,0,0,0,0,0,0,0,0,0,0,0,0,0,0,0,0,0,0,0,0,0,0,0,0,0,0,0,0,0,0,0,12,0,0,0,0,0,0,0,0,0,0,0,0,0,0,0,0,0,0,0,0,0,0,0,0,0,0,475,0,0
contig_27901,0,0,0,0,0,0,0,0,0,0,0,0,0,0,0,0,0,0,0,0,0,0,0,0,0,0,0,84,0,0,0,0,0,0,0,0,0,0,0,0,0,0,0,0,0,593,0,0,0,0,0,0,0,0,0,0,0,0,0,113,0,0,0,0,0,0,0,0,0,0,0,0,0,0,0,0,0,0,0,0,0,0,0,0,0,0,0,0,0,0,0,0
contig_27923,0,0,0,0,0,0,0,0,0,0,0,0,0,0,0,0,0,0,0,0,0,0,0,0,0,0,0,0,0,0,0,0,0,0,0,0,0,0,0,0,0,0,78,0,0,0,0,0,0,0,0,0,0,0,0,0,0,0,0,0,0,5029,0,0,0,0,0,4672,0,0,0,0,0,0,0,0,0,0,0,0,0,0,0,0,0,0,0,0,0,0,0,0
contig_27938,0,65,0,0,0,0,0,0,0,0,0,0,0,0,0,0,0,0,0,0,0,0,0,0,0,0,0,0,0,196,0,0,0,0,0,0,0,0,0,0,0,0,0,0,0,0,0,331,0,0,0,0,0,0,0,0,0,0,0,0,0,530,0,0,0,0,0,964,0,0,0,0,0,508,0,0,0,0,0,0,0,0,0,0,0,0,0,0,70,0,0,0
contig_27940,0,0,0,0,0,0,0,0,0,0,0,0,0,0,0,0,466,0,0,0,0,0,0,0,0,0,0,0,162,0,0,53,0,0,0,0,0,0,0,0,0,0,0,0,0,0,0,0,491,0,0,0,0,0,0,0,0,0,0,0,0,412,0,0,0,0,0,0,0,0,0,0,0,0,0,0,0,0,0,0,0,0,0,0,0,0,0,0,0,296,0,0
contig_27950,0,0,277,0,0,0,0,0,0,0,0,0,0,0,17770,0,0,0,0,0,0,0,0,0,0,0,0,0,0,0,0,0,0,0,0,0,0,0,0,0,0,0,0,0,0,0,0,0,0,0,0,0,0,0,0,0,0,0,0,0,1985,0,0,0,0,0,0,0,0,0,0,0,0,0,0,0,0,0,0,0,0,0,0,0,0,0,0,0,0,0,0,0
contig_27957,0,0,0,180,0,0,0,0,0,0,0,0,0,0,0,0,0,0,0,0,0,0,0,0,0,0,0,0,0,0,1645,0,0,0,0,0,0,5649,0,0,0,0,0,0,0,0,0,0,1949,576,0,0,0,0,0,0,419,0,0,0,0,0,0,0,0,0,0,0,0,0,0,0,0,0,0,0,0,0,0,0,0,0,0,0,0,0,0,0,0,0,0,0
contig_27962,0,0,0,0,0,0,0,0,0,0,0,0,0,0,0,10542,0,0,0,0,0,0,0,0,0,0,0,0,0,0,0,0,0,0,0,0,0,0,0,0,0,0,0,0,0,0,0,0,41,0,233,0,0,0,0,21,0,0,0,0,5256,112,0,0,0,0,0,148,116,0,0,0,0,0,0,0,0,0,0,0,0,0,0,0,0,0,0,0,0,0,0,0
contig_27978,0,0,0,0,0,0,0,0,0,0,0,0,0,0,0,0,0,0,0,0,0,0,0,0,0,0,0,0,0,0,0,0,0,0,0,0,0,0,0,0,0,0,0,0,0,0,0,0,75,0,0,0,0,0,0,0,261,0,0,0,0,0,0,0,0,0,0,779,0,0,0,0,0,0,0,0,0,0,0,0,0,0,0,0,0,0,0,0,0,0,0,0
contig_280,0,0,0,0,0,0,0,0,0,0,0,0,0,0,0,0,0,0,0,0,0,0,0,0,0,0,0,0,0,0,0,233,0,0,0,0,0,1207,0,0,0,0,0,0,0,0,0,0,0,0,0,0,0,0,0,0,0,0,0,0,0,0,0,0,0,0,0,0,0,0,0,0,0,0,0,0,0,0,0,0,0,0,0,0,0,0,0,0,588,46315,432,0
contig_28003,0,1029,0,0,0,0,0,0,0,0,0,0,0,0,0,726,0,0,0,0,0,0,0,0,0,0,0,0,0,0,0,0,0,0,0,0,0,0,0,0,0,0,0,0,0,0,0,0,0,0,0,0,0,0,0,0,0,0,0,5931,7983,1144,0,0,168,0,0,0,0,0,0,0,0,0,0,0,0,0,0,0,0,0,0,0,0,0,0,0,0,425,0,0
contig_28016,0,2287,9398,0,0,0,0,0,0,0,0,0,0,0,0,0,0,0,0,0,0,0,0,0,0,0,0,0,0,6322,0,0,0,0,0,0,0,0,0,0,0,0,0,0,0,0,0,0,0,0,0,0,0,0,0,0,0,0,2491,1802,7900,241,0,0,783,0,0,0,0,0,0,0,0,0,0,0,0,0,0,0,0,0,0,0,0,0,0,0,0,0,0,0
contig_28061,0,0,0,0,0,3469,0,0,0,0,0,0,0,0,0,0,8339,0,0,0,0,0,0,0,0,0,0,0,0,0,0,0,0,0,0,0,0,0,0,17125,0,0,0,0,0,0,0,0,0,0,0,0,0,0,0,0,0,0,0,0,0,0,0,0,0,0,0,0,0,0,0,0,0,0,0,0,0,0,0,0,0,0,0,0,0,0,0,0,0,0,0,0
contig_28083,0,0,0,318,190,0,9389,0,0,0,0,0,0,0,0,0,0,0,0,0,0,0,0,0,0,0,0,0,0,0,0,99,0,0,0,0,0,154,0,0,0,0,0,0,0,0,0,2211,298,488,1008,47,0,590,0,0,0,0,0,0,4778,620,0,0,0,0,370,383,0,699,148,0,0,2187,0,0,0,0,0,0,0,0,0,0,0,0,2532,0,0,541,0,0
contig_281,0,0,0,0,0,0,0,0,0,0,0,0,0,0,0,0,0,0,0,0,0,0,0,0,0,0,0,0,0,0,0,11770,0,0,0,0,0,19175,0,0,0,0,0,0,0,0,0,0,0,0,0,0,0,0,0,0,0,0,0,0,0,0,0,0,0,0,0,0,0,0,0,0,0,0,0,0,0,0,0,0,0,0,0,0,0,0,0,0,0,55458,3161,0
contig_28108,0,0,0,0,0,0,0,0,0,0,0,0,0,0,0,0,0,0,0,0,0,0,0,0,0,0,0,0,0,0,0,0,0,0,0,0,0,0,0,0,0,0,0,0,0,0,0,188,707,821,1726,0,0,0,0,0,0,0,0,0,0,0,0,0,0,0,0,0,0,0,0,0,0,0,0,0,0,0,0,0,0,0,0,0,0,0,0,0,0,0,0,0
contig_28118,0,0,0,0,0,0,0,0,0,0,0,0,0,0,0,0,0,0,0,0,0,0,0,0,0,0,0,0,0,0,0,0,0,0,0,0,0,0,0,0,0,0,0,0,0,0,0,0,0,0,0,0,0,0,0,0,0,0,0,0,0,100,0,0,0,0,0,1553,4713,0,0,0,0,0,0,0,0,0,0,0,0,0,0,0,0,0,0,0,0,0,0,0
contig_28121,0,0,0,0,0,0,0,0,0,0,0,0,0,0,0,0,726,0,0,0,0,0,0,0,0,0,0,0,0,0,0,0,0,0,0,0,0,0,0,1676,0,0,0,0,0,0,0,0,81,0,0,0,0,0,0,0,0,0,0,0,0,548,0,0,0,0,0,0,0,0,0,0,0,0,0,0,0,0,0,0,0,0,0,0,0,0,0,0,0,0,0,0
contig_28148,273,0,52,0,0,52,110,0,0,0,0,0,0,0,32,198,75,0,0,0,0,0,0,0,0,0,0,27,4926,393,0,0,0,0,0,0,0,0,0,490,0,0,0,0,0,369,195,0,0,0,0,0,0,0,0,0,0,0,76,195,1083,0,0,0,0,0,0,0,0,0,0,0,0,0,0,0,0,0,0,0,0,0,0,0,0,0,0,0,0,0,0,0
contig_28153,0,0,0,0,0,0,0,0,0,0,0,0,0,0,573,0,0,0,0,0,0,0,0,0,0,0,0,0,0,368,0,0,0,0,0,0,0,0,0,0,0,0,0,0,0,0,0,310,1262,618,328,0,0,492,0,0,200,0,0,0,514,173,0,0,0,0,0,85,0,0,0,0,0,1101,0,0,0,0,0,0,0,0,0,0,0,0,0,0,0,92,0,0
contig_28162,0,0,0,0,0,0,0,0,0,0,0,0,0,0,0,0,0,0,0,0,0,0,0,0,0,0,0,0,0,0,0,0,0,0,0,0,0,0,0,131,0,0,0,0,0,0,0,0,0,0,0,0,0,0,0,0,491,0,0,0,0,0,0,0,0,0,0,0,0,0,0,0,0,10410,0,0,0,0,0,0,0,0,0,0,0,0,3854,0,0,30,0,0
contig_28167,0,0,1745,1143,0,856,0,0,0,0,0,0,0,0,25830,0,1997,0,0,0,0,0,0,0,0,0,0,0,0,0,0,0,0,0,0,0,0,0,0,0,0,0,0,0,0,0,546,1153,724,839,162,0,0,0,0,0,608,0,0,0,16119,406,0,0,293,0,0,279,0,249,0,0,0,155,0,0,0,0,0,0,0,0,0,0,0,0,0,0,0,0,0,0
contig_28174,0,0,0,0,0,0,0,0,0,0,0,0,0,0,0,0,0,0,0,0,0,0,0,0,0,0,0,0,0,0,0,0,0,0,0,0,0,0,0,0,0,0,0,0,0,0,0,0,0,0,0,0,0,5930,0,0,0,0,0,0,0,0,255,0,0,0,0,1790,0,0,0,0,0,0,0,0,0,0,0,0,0,0,0,0,0,0,0,0,0,2978,0,0
contig_28180,0,0,0,0,0,0,0,0,0,0,0,0,0,0,0,0,0,0,0,0,0,0,0,0,0,0,0,0,0,0,0,0,0,0,0,0,0,0,0,0,0,0,0,0,0,330,0,0,0,0,0,0,0,0,0,0,0,0,0,0,0,165,0,0,1194,0,0,2145,0,0,0,0,0,0,0,0,0,0,0,0,0,0,0,0,0,0,0,0,0,0,0,0
contig_28200,0,0,0,0,0,0,0,0,0,0,0,0,0,0,0,0,2063,0,0,0,0,0,0,0,0,0,0,0,0,186,0,0,0,0,0,0,0,0,0,0,0,0,0,0,0,0,0,0,69,0,0,0,0,0,0,0,0,0,0,0,0,0,0,0,0,0,0,0,0,0,0,0,0,0,0,0,0,0,0,0,0,0,0,0,0,0,0,0,0,0,0,0
contig_28207,0,0,0,0,0,0,0,0,0,0,0,0,0,0,0,0,574,0,0,0,0,0,0,0,0,0,0,0,0,191,0,0,0,0,0,0,0,0,0,257,0,0,80,0,0,0,0,0,0,0,114,0,0,0,0,0,0,0,0,0,1142,416,0,0,0,0,0,0,0,0,0,0,0,0,0,0,0,0,0,0,0,0,0,0,0,0,0,0,0,0,0,0
contig_28212,0,0,0,0,0,0,0,0,0,0,0,0,0,0,0,0,0,0,0,0,0,0,0,0,0,0,0,0,0,0,0,0,0,0,0,0,0,0,0,0,0,0,0,0,0,0,0,103,0,0,0,0,0,0,0,0,0,0,0,0,0,0,0,0,361,0,0,573,544,0,0,0,0,0,0,0,0,0,0,0,0,0,0,0,0,0,0,0,0,0,0,0
contig_28234,0,0,2222,0,0,130,3339,0,0,0,0,0,0,0,2830,35251,0,0,0,0,0,0,0,0,0,31,0,2664,0,10310,0,0,0,0,0,0,0,0,0,0,0,0,0,0,0,0,187,1956,257,349,0,0,0,0,0,0,0,0,1294,0,2390,1617,0,3175,1558,0,0,0,0,0,0,0,0,0,0,0,0,0,0,0,25981,0,0,0,0,0,0,0,0,0,0,0
contig_28246,0,0,0,0,0,0,0,0,0,0,0,0,0,0,0,0,0,0,0,0,0,0,0,0,0,0,0,0,0,0,0,0,0,0,0,0,0,0,0,0,0,0,0,0,0,0,0,0,0,0,0,0,0,0,0,0,0,0,0,0,0,0,0,0,0,0,0,1375,633,0,0,0,0,0,0,0,0,0,0,0,0,0,0,0,0,0,131,0,0,0,0,0
contig_28248,0,0,0,0,0,0,0,0,0,0,0,0,0,0,0,0,0,0,0,0,0,0,0,0,0,0,0,0,0,88,0,0,0,0,0,0,0,0,0,0,0,0,0,0,0,0,0,0,80,0,0,0,0,0,0,0,0,0,0,0,0,140,0,0,0,0,0,118,0,0,0,0,0,153,0,0,0,0,0,0,0,0,0,0,0,0,0,0,0,70,0,0
contig_28289,0,0,0,0,0,0,0,307,2446,0,6363,0,0,0,0,0,0,0,0,0,0,0,0,0,0,0,0,0,0,0,0,0,25,0,16147,0,0,0,0,0,0,0,0,0,0,0,0,0,0,0,0,0,0,0,0,0,0,0,0,0,0,0,0,0,0,0,0,0,0,0,0,0,0,0,0,0,0,0,0,0,0,0,0,0,0,0,0,0,0,0,0,0
contig_28292,0,0,0,128,0,0,0,0,0,0,0,0,0,0,0,0,0,0,0,0,0,0,0,0,0,0,0,0,0,0,0,102,0,0,0,0,0,0,0,0,0,0,0,0,0,0,0,0,0,0,0,0,0,0,0,0,0,0,0,0,0,3150,0,0,0,0,0,0,0,0,0,0,0,0,0,0,0,0,0,0,0,0,0,0,0,0,0,0,0,0,0,0
contig_28294,0,0,0,0,0,0,0,0,0,0,0,0,0,0,0,0,111,0,0,0,0,0,0,0,0,0,0,0,0,0,0,0,0,0,0,0,0,0,0,0,0,0,0,0,0,0,0,0,0,0,0,0,0,0,0,0,0,0,0,0,59,0,0,0,0,0,0,316,0,0,0,0,0,0,0,0,0,0,0,0,0,0,0,0,0,0,0,0,0,0,0,0
contig_283,0,0,0,0,0,0,0,0,0,0,0,0,0,0,0,0,0,0,0,146,0,0,0,0,0,0,0,0,0,0,0,0,0,0,5305,0,0,130,0,0,0,0,0,0,0,0,0,0,0,0,0,168,0,0,0,0,0,853,0,0,0,0,0,0,0,0,0,956,5111,128,0,0,0,0,0,0,0,0,0,0,0,0,0,0,0,0,6086,0,0,5899,0,0
contig_28301,0,0,0,0,0,0,0,0,0,0,0,0,0,0,0,0,0,0,0,0,0,0,0,0,0,0,0,0,0,0,0,0,0,0,0,0,0,0,0,0,0,0,0,0,0,0,0,0,0,0,0,0,0,49,0,0,0,0,0,0,0,123,0,0,0,0,0,0,0,0,0,0,0,0,0,0,0,0,0,0,0,0,0,0,0,0,0,0,0,24,0,0
contig_28337,237,6094,1181,0,0,0,413,0,0,0,0,0,0,0,0,21568,336,0,0,0,0,0,0,0,0,0,0,8715,0,175,0,0,0,0,0,0,0,0,0,137,0,0,0,0,0,14850,143,3227,0,23,470,0,0,0,0,0,48,0,0,20473,12488,279,0,0,89,0,0,185,78,0,0,0,0,0,0,0,0,0,0,0,119,0,0,0,0,0,0,0,135,1217,0,0
contig_28363,0,0,0,0,0,0,0,0,0,0,0,0,0,248,0,0,0,0,0,0,0,0,0,0,0,0,0,0,0,0,0,0,0,0,0,0,0,0,0,0,0,59,100,0,3385,0,0,0,0,0,0,0,0,0,0,0,0,0,0,0,0,0,0,0,0,0,0,0,0,0,0,0,0,210,0,0,102,0,0,0,0,0,0,0,0,0,0,0,0,0,0,0
contig_28365,0,0,3320,4129,0,0,0,0,0,0,0,0,0,0,0,0,1253,0,0,0,0,0,0,0,0,924,0,0,935,8255,0,0,0,0,0,0,0,0,0,0,0,0,0,0,0,0,0,0,0,0,0,0,0,0,0,0,0,0,0,0,1230,0,0,0,0,0,0,0,0,0,0,0,0,0,0,0,0,0,0,0,0,0,0,0,0,0,0,0,0,0,0,0
contig_2837,0,0,0,0,0,0,0,0,0,56,862,7358,64,0,0,0,0,0,0,0,0,0,0,0,0,0,0,0,0,0,0,0,0,0,0,0,0,0,0,0,0,0,0,0,0,0,0,0,0,0,0,0,0,0,0,0,0,0,0,0,0,0,0,0,0,0,0,0,0,0,0,0,0,0,0,0,0,0,0,0,0,0,0,0,0,0,0,0,0,0,0,0
contig_28386,0,0,0,0,0,0,0,0,0,0,0,0,0,0,0,0,50,0,0,0,0,0,0,0,0,0,0,0,0,0,0,0,0,0,0,0,0,0,0,0,0,0,0,0,0,0,0,0,1204,2771,730,67,0,0,0,0,0,0,0,0,0,588,0,0,0,0,0,0,0,0,0,0,0,0,0,0,0,0,0,0,0,0,0,0,0,0,0,0,0,0,0,0
contig_28388,0,0,0,0,0,0,0,0,0,0,0,0,0,0,0,0,694,73,0,39,0,0,0,0,0,0,0,0,0,72,0,0,0,0,0,0,0,0,0,0,0,0,0,0,0,0,0,0,0,0,0,37,0,67,0,0,0,0,0,0,0,0,0,0,0,0,0,0,0,0,0,0,0,2811,0,0,0,0,0,0,0,0,0,0,0,0,1082,0,0,828,0,0
contig_28393,0,0,0,0,0,0,0,0,0,0,0,0,0,0,0,0,0,0,0,0,0,0,0,0,0,0,0,0,0,0,0,0,0,0,0,0,0,769,0,0,0,0,1161,0,0,0,0,0,0,0,0,0,0,0,0,455,1294,0,0,0,0,1000,101,0,0,0,0,0,0,0,0,0,0,0,0,0,0,0,0,0,0,0,0,0,0,0,5029,0,0,91,0,0
contig_28398,0,0,0,0,0,0,0,0,0,0,0,0,0,0,0,0,0,0,0,0,0,0,0,0,0,0,0,0,0,0,0,0,0,0,0,0,0,0,0,0,0,0,0,0,0,0,0,0,0,0,0,0,0,0,0,0,0,0,0,0,0,0,0,0,0,0,0,0,0,0,0,0,0,0,28,5905,65,0,0,0,0,0,0,0,0,0,0,0,0,0,0,0
contig_28400,0,0,0,929,0,0,0,0,0,0,0,0,0,0,0,0,14876,0,0,0,0,0,0,0,0,0,0,0,0,0,0,0,0,0,0,0,0,1230,0,0,0,0,0,0,0,0,0,0,0,4401,452,0,0,0,0,0,0,0,0,0,6275,11428,0,0,0,0,0,277,0,0,0,0,0,780,0,0,0,0,0,0,0,0,0,0,0,0,1736,0,0,446,0,0
contig_28415,0,0,0,295,0,150,0,0,0,0,0,0,0,0,0,0,0,0,0,0,0,0,0,0,0,0,0,0,0,0,0,0,0,0,0,0,0,0,0,0,0,0,0,0,0,0,0,0,0,920,5372,0,0,0,0,0,3826,0,0,0,0,0,67,0,0,0,2458,0,0,0,0,175,0,0,0,0,0,0,0,0,0,0,0,0,0,0,425,0,0,0,0,0
contig_28450,0,0,0,0,0,0,0,0,0,0,0,0,0,0,0,0,0,0,0,0,0,0,0,0,0,0,0,0,0,0,0,0,0,0,0,0,0,0,0,0,0,0,0,0,0,0,0,0,48,0,1583,0,0,90,0,0,0,0,0,0,0,164,0,0,0,0,0,199,26,0,0,0,0,187,0,0,0,0,0,0,0,0,0,0,0,0,0,0,23,0,0,0
contig_28472,0,7491,5525,460,0,1003,10107,0,0,0,0,0,0,0,2403,0,0,0,0,0,0,30,0,0,0,0,0,0,0,1368,0,0,0,0,0,0,0,0,0,77,0,0,0,0,0,0,772,3096,349,558,1297,0,0,555,0,1249,1795,0,0,964,8206,683,0,1488,898,0,393,0,0,627,0,0,0,2178,0,0,0,0,0,0,0,0,0,0,0,0,0,0,103,539,0,0
contig_28474,0,0,0,0,0,0,0,0,0,0,0,0,0,0,0,0,514,0,0,0,0,0,0,0,0,0,0,0,0,0,0,0,0,0,0,0,0,0,0,0,0,0,0,0,0,0,0,0,0,0,0,0,0,0,0,0,0,0,0,411,632,63,0,0,0,0,0,70,0,0,0,0,0,0,0,0,0,0,0,0,0,0,0,0,0,0,0,0,0,0,0,0
contig_28484,0,0,0,0,0,0,0,0,0,0,0,0,0,0,0,0,0,0,0,0,0,0,0,0,0,0,0,0,0,0,0,0,0,0,0,0,0,0,0,0,0,0,0,0,0,0,0,0,323,0,29,0,0,0,0,0,0,0,0,0,0,90,0,0,0,0,0,0,0,0,0,0,0,316,0,0,0,0,0,0,0,0,0,0,0,0,0,0,0,0,0,0
contig_28487,0,0,0,92,96,0,0,0,0,0,0,0,0,0,0,0,0,0,0,0,0,0,0,0,0,0,0,0,0,0,0,0,0,0,0,0,0,0,0,0,0,0,50,0,0,0,0,0,46,0,96,0,0,0,0,0,0,0,0,0,0,0,0,0,0,0,0,378,143,302,0,0,0,0,0,0,0,0,0,0,0,0,0,0,0,0,0,0,0,0,0,0
contig_28492,0,0,0,0,0,3027,0,0,0,0,0,0,0,0,5389,217,0,0,0,0,0,0,0,0,0,0,0,0,0,171,0,0,0,0,0,0,0,0,0,0,0,0,0,0,0,1171,0,0,0,0,0,0,147,0,0,0,0,0,0,1710,0,2950,0,0,0,0,0,0,0,0,0,0,0,0,0,0,0,0,0,0,59373,0,0,0,0,0,0,0,0,0,0,0
contig_285,0,0,0,718,0,0,0,0,0,0,0,0,0,0,0,0,0,0,0,0,0,0,0,0,0,0,0,0,0,0,0,0,0,0,0,0,0,0,0,0,0,0,0,0,0,0,0,0,0,471,0,0,0,0,0,0,0,0,0,0,9280,4145,0,0,0,0,0,735,0,0,0,0,0,0,0,0,0,0,0,0,0,0,0,0,0,0,0,0,0,0,0,0
contig_28527,0,0,0,0,0,0,0,0,0,0,0,0,0,0,0,0,0,0,0,0,0,0,0,0,0,0,0,0,0,0,0,0,0,0,0,0,0,0,0,0,0,0,0,0,0,0,0,0,2434,2155,287,0,0,0,0,0,1483,0,0,0,0,692,0,0,0,0,0,0,0,0,1095,0,0,1662,0,0,116,0,0,0,0,0,0,0,0,0,0,0,0,0,0,0
contig_28533,0,0,0,0,0,0,0,0,0,0,0,0,0,0,0,0,0,0,0,0,0,0,0,0,0,0,0,0,0,0,0,187,4054,0,0,0,0,0,0,0,0,0,0,0,0,0,240,0,158,0,0,0,0,0,0,0,0,0,0,0,0,0,0,0,0,0,0,0,0,0,0,0,0,0,0,0,0,0,0,0,0,0,0,0,0,0,0,0,0,0,0,0
contig_28548,0,0,0,374,0,0,0,0,0,0,0,0,0,0,0,0,0,0,0,0,0,0,0,0,0,0,0,0,0,0,0,0,0,0,0,0,0,0,0,0,0,0,0,0,0,0,0,0,0,0,5808,0,0,0,0,0,4166,0,0,0,0,0,63,0,0,0,2636,0,0,0,0,0,0,0,0,0,0,0,0,0,0,0,0,0,0,0,0,0,0,0,0,0
contig_28550,0,0,0,0,0,0,0,0,0,0,0,0,0,0,0,0,2419,0,0,0,0,0,0,0,0,0,0,0,0,169,0,0,0,0,0,0,0,0,0,0,0,0,55,0,0,0,0,0,955,117,134,0,0,0,0,0,0,0,0,0,1464,3036,0,0,0,0,0,302,294,0,0,0,0,0,0,0,0,0,0,0,0,0,0,0,0,0,0,0,0,0,0,0
contig_28555,0,0,0,0,0,0,0,0,0,0,0,0,0,0,0,0,0,0,0,0,0,0,0,0,0,0,0,0,0,0,0,0,0,0,0,0,0,0,0,0,0,0,0,0,0,0,0,0,1687,0,1703,0,0,0,0,0,0,0,0,0,0,0,0,0,0,0,0,413,0,0,0,0,0,0,0,0,0,0,0,0,0,0,0,0,0,0,0,0,0,305,0,0
contig_28564,0,0,23479,571,498,1906,0,0,0,0,0,0,0,132,0,0,0,0,0,0,0,36,0,0,0,0,0,0,0,2014,358,0,0,0,0,0,0,433,0,270,0,287,3731,0,0,0,0,1036,0,0,0,186,0,0,0,0,0,3623,0,0,0,8850,0,0,0,0,0,0,0,747,0,0,1210,0,0,0,72,0,0,0,0,0,0,0,0,0,0,0,0,0,0,0
contig_28568,0,0,0,0,0,551,417,0,0,0,0,0,0,0,161346,0,424,0,0,0,0,0,0,0,0,1083,0,0,1102,0,0,0,0,0,0,0,0,0,0,225,0,0,0,0,0,0,0,1335,4458,4147,620,0,0,0,0,250,2279,0,152,769,10636,0,0,0,0,0,0,0,0,0,327,0,0,2961,0,0,0,0,0,0,0,0,0,0,0,0,0,0,0,0,0,0
contig_28571,0,0,0,0,0,0,0,0,0,0,0,0,0,0,0,0,3766,0,0,0,0,0,0,0,0,0,0,0,28,370,0,0,0,0,0,0,0,0,0,184,0,0,0,0,0,0,0,0,0,0,0,0,0,0,0,0,0,0,0,0,0,0,0,0,0,0,0,0,0,0,0,0,0,0,0,0,0,0,0,0,0,0,0,0,0,0,0,0,0,0,0,0
contig_28574,0,0,0,0,0,0,0,0,0,0,0,0,0,0,0,0,0,0,0,0,0,0,0,0,0,0,0,0,0,0,0,0,0,0,0,0,0,0,0,0,0,0,0,0,0,0,0,1796,268,217,3376,0,0,0,0,0,23,0,0,0,238,280,0,0,0,0,0,0,0,0,0,0,0,0,0,0,0,0,0,0,0,0,0,0,0,0,0,0,0,0,0,0
contig_28577,0,0,0,0,0,0,0,0,0,0,0,0,0,0,0,0,0,0,0,0,0,0,0,0,0,0,0,0,0,0,0,0,0,0,0,0,0,0,0,0,0,0,0,0,0,0,0,1450,0,0,0,0,0,0,0,0,0,0,0,0,0,3190,0,0,0,0,0,2579,0,0,0,0,0,0,0,0,0,0,0,0,71049,0,0,0,0,0,0,0,0,363,0,0
contig_28588,0,0,0,0,0,0,0,0,0,0,0,0,0,0,0,0,553,0,0,0,0,0,0,0,0,0,0,0,0,78,0,0,0,0,0,0,0,0,0,0,0,0,0,0,0,0,0,0,0,0,0,0,0,0,0,0,0,0,0,0,0,193,0,0,0,0,0,35,0,0,0,0,0,161,0,0,0,0,0,0,0,0,0,0,0,0,0,0,0,0,0,0
contig_28598,0,0,0,0,0,0,0,0,0,0,0,0,0,0,0,0,0,0,0,0,0,0,0,0,0,0,0,0,0,0,0,0,0,0,0,0,0,0,0,0,0,110,516,0,540,0,0,0,0,0,0,0,0,0,0,0,0,0,0,0,0,0,0,0,0,0,0,0,0,0,0,0,0,0,0,0,0,0,0,0,0,0,0,0,0,0,0,0,0,0,0,0
contig_286,0,1135,0,0,0,0,0,0,0,0,0,0,0,0,0,0,0,0,0,0,0,0,0,0,0,0,0,0,0,0,0,0,0,0,0,0,0,0,0,0,0,0,0,0,0,0,0,0,0,0,0,0,0,0,0,0,0,0,0,719,0,466,0,0,0,0,0,0,0,0,0,0,0,0,0,0,0,0,0,0,0,0,0,0,0,0,0,0,0,0,0,0
contig_28608,0,0,0,0,0,0,0,0,0,0,0,0,0,0,0,0,0,0,0,0,0,0,0,0,0,0,0,0,0,0,0,0,3304,0,0,0,0,0,0,0,0,0,0,0,0,0,0,0,0,0,0,416,0,0,0,0,0,0,0,0,0,0,0,0,0,0,0,1898,307,0,0,0,0,2783,0,0,0,0,0,0,271,0,0,0,0,0,0,0,0,12439,0,0
contig_28621,0,0,0,577,591,229,0,0,0,0,0,0,0,0,0,0,545,0,0,0,0,0,0,0,0,0,0,0,0,820,273,127,0,0,0,0,0,244,0,209,0,0,0,0,0,0,0,586,420,186,163,312,0,0,0,0,0,0,0,0,0,5119,0,0,0,0,0,0,0,0,0,0,0,0,0,0,73,0,0,0,0,0,0,0,0,0,0,0,0,0,0,0
contig_28656,0,0,0,1345,0,0,0,0,0,0,0,0,0,0,1407,3167,3521,0,0,0,0,211,0,0,0,0,0,0,420,0,0,0,0,0,0,0,0,0,0,0,0,0,0,0,0,504,856,434,757,1071,0,0,0,0,0,0,0,0,0,273,3607,1386,42,0,0,0,0,1201,529,0,0,0,0,0,0,0,0,0,0,0,2757,0,0,0,0,0,218,0,55,0,0,0
contig_28661,0,1100,3212,0,0,0,0,0,0,0,0,0,0,0,749,10723,2415,0,0,0,0,0,0,0,0,0,0,0,259,0,0,0,0,0,0,0,0,0,172,0,0,0,0,0,0,0,0,0,0,0,665,0,0,0,0,0,328,0,0,0,2184,738,0,0,0,0,0,869,1673,0,0,0,0,666,0,0,0,0,0,0,0,0,0,0,0,0,0,0,0,0,0,0
contig_28663,0,0,0,0,0,0,0,0,0,0,0,0,0,0,0,0,0,0,0,0,0,0,0,0,0,0,0,0,0,77,0,0,0,0,0,0,0,0,0,0,0,0,75,0,0,0,0,0,0,0,0,49,0,0,0,0,10701,0,0,0,0,160,0,0,0,0,0,0,0,0,0,0,0,3574,0,0,0,0,0,0,0,0,0,0,0,0,0,0,30,618,0,0
contig_28667,0,0,0,0,0,0,0,0,0,0,0,0,0,0,0,0,0,0,0,0,0,0,0,0,0,0,0,0,0,75,0,0,0,0,0,0,0,0,0,0,0,0,0,0,0,0,0,0,29,0,0,0,0,113,0,0,0,0,0,0,0,234,0,0,0,0,0,0,0,0,0,0,0,296,0,0,0,0,0,0,0,0,0,0,0,0,0,0,0,53,0,0
contig_28669,0,0,0,0,0,0,0,0,0,0,0,0,0,0,0,2197,0,0,0,0,0,0,0,0,0,0,0,0,0,0,0,0,0,0,0,0,0,0,0,0,0,0,0,0,0,0,0,0,0,224,0,0,0,0,0,0,0,0,0,0,0,0,0,0,0,0,0,301,0,0,0,0,0,0,0,0,0,0,0,0,0,0,0,0,0,0,0,0,0,0,0,0
contig_28684,0,0,0,0,0,0,0,0,0,0,0,0,0,0,0,0,7612,0,0,0,0,0,0,0,0,0,0,0,0,319,0,0,0,0,0,0,0,0,0,0,0,0,0,0,0,0,0,0,0,0,0,0,0,0,0,0,0,0,0,0,0,655,0,0,0,0,0,0,0,0,0,0,0,0,0,0,0,0,0,0,0,0,0,0,0,0,0,0,0,0,0,0
contig_28691,0,366,2321,839,528,360,0,0,0,0,0,0,0,0,4795,0,2899,0,0,0,0,156,0,0,0,0,0,0,349,2289,504,0,0,0,0,0,0,383,0,156,0,0,0,0,0,0,1472,1538,975,4305,485,0,0,0,0,309,0,0,0,2068,3798,529,0,0,636,0,0,1623,0,0,0,70,0,4010,0,0,0,0,0,0,318,0,0,0,0,0,891,0,124,384,0,0
contig_287,0,0,0,0,0,0,0,0,0,0,0,0,0,0,0,0,0,0,0,625,0,0,0,0,0,0,0,0,0,0,0,0,0,0,0,0,0,0,0,541,670,336,506,117,1283,0,0,0,0,0,0,0,0,2621,0,0,0,0,0,0,0,0,0,0,0,0,0,0,0,0,0,0,0,0,0,0,0,17,0,0,0,0,0,0,0,0,0,0,0,0,0,0
contig_28712,0,0,0,0,220,342,0,0,0,0,0,0,0,0,0,0,0,0,0,0,0,0,0,0,0,0,0,0,0,520,0,0,0,0,0,0,0,0,0,0,0,0,0,0,0,0,0,2269,227,0,3302,0,0,0,0,0,0,0,0,0,150,418,0,0,0,0,0,0,0,299,0,0,0,0,0,0,0,0,0,0,0,0,0,0,0,0,0,0,0,0,0,0
contig_28723,0,0,0,137,0,96,2579,0,0,0,0,0,0,0,0,0,0,0,0,0,0,0,0,0,0,0,0,0,0,248,0,154,106,0,0,0,0,0,0,0,0,0,0,0,0,0,0,539,760,1052,2097,0,0,612,0,0,206,0,0,0,1968,453,0,221,0,0,179,0,0,310,140,0,0,1783,0,0,0,0,0,0,0,0,0,0,0,0,2187,0,0,504,0,0
contig_28724,0,0,0,0,0,0,0,0,0,0,0,0,0,0,0,0,73,425,0,233,0,0,0,0,316,0,0,0,0,0,0,0,0,0,0,0,0,0,965,0,0,0,0,0,0,0,0,0,0,0,0,0,0,0,0,0,0,0,0,0,0,558107,0,0,0,0,0,0,0,181,0,0,0,0,0,0,0,0,0,0,0,0,0,0,0,0,0,0,0,0,0,0
contig_28725,0,2149,131,0,0,43,304,0,0,0,0,0,0,0,393,3270,262,0,0,0,0,0,0,0,0,0,0,0,1627,592,0,0,0,0,0,0,0,0,0,0,0,0,0,0,0,168,0,494,0,0,287,0,0,0,0,0,158,0,1737,1161,7300,360,0,0,0,0,0,77,0,0,0,0,0,0,0,0,0,0,0,0,0,0,0,0,0,0,0,0,0,0,0,0
contig_28738,0,350,0,0,0,0,0,0,0,0,0,0,0,0,0,0,409,0,0,0,0,0,0,0,0,0,0,0,0,337,0,0,411,0,0,0,0,0,0,0,0,0,0,0,0,0,0,0,1761,0,1591,0,0,359,0,481,0,0,0,0,0,257,0,82,0,0,0,0,0,0,0,0,0,1620,0,0,0,0,0,0,0,0,0,0,0,0,2706,0,42,626,0,0
contig_28751,0,0,0,0,0,0,0,0,0,0,0,0,0,0,0,0,75,0,0,0,0,0,0,0,0,0,0,0,0,278,245,0,0,0,0,0,0,0,0,0,0,0,0,0,0,0,0,0,0,0,29,0,0,0,0,0,0,0,0,0,452,219,0,0,0,0,0,0,0,0,0,0,0,168,0,0,0,0,0,0,0,0,0,0,0,0,0,0,0,0,0,0
contig_28755,0,0,0,1944,2161,0,0,0,0,0,0,0,0,0,623,0,1471,0,0,0,0,0,0,0,0,0,0,0,487,814,403,0,0,0,0,0,0,3171,0,0,0,0,0,0,0,0,0,0,640,535,567,0,0,0,0,152,235,0,0,0,660,1571,0,0,199,0,1089,2958,0,0,0,0,0,528,0,0,0,0,0,0,0,0,0,0,0,0,0,0,2312,336,0,0
contig_28780,0,0,0,0,0,0,0,0,0,0,0,0,0,0,0,0,0,0,0,0,0,0,0,0,0,0,0,0,0,0,0,0,0,0,0,0,0,0,0,0,0,0,0,0,0,0,0,0,480,0,0,0,0,0,0,0,125,0,0,0,283,650,0,0,0,0,0,0,0,0,0,0,0,0,0,0,0,0,0,0,0,0,0,0,0,0,0,0,0,0,0,0
contig_28830,0,1197,503,0,0,468,0,0,0,0,0,0,0,0,1175,1713,0,0,0,0,0,0,0,0,0,0,0,0,0,3077,0,0,1553,0,0,0,0,0,0,0,0,0,0,0,0,0,0,0,0,0,0,0,0,1966,0,0,0,0,0,0,16261,2068,0,358,2066,0,0,0,0,0,0,0,0,0,0,0,0,0,0,0,0,0,0,0,0,0,0,0,0,2086,0,0
contig_28876,0,0,0,0,0,0,0,0,0,0,0,0,0,0,330,376,826,0,0,0,0,0,0,0,0,0,0,0,0,0,0,0,0,0,0,0,0,0,0,0,0,0,0,0,0,550,0,0,0,0,0,0,0,0,0,0,1069,0,0,0,0,0,0,0,0,0,0,0,0,0,0,0,0,0,0,0,0,0,0,0,0,0,0,0,0,0,0,0,0,1611,0,0
contig_28878,0,0,0,0,0,0,0,0,0,0,0,0,0,0,0,0,17,0,0,0,0,0,0,0,0,0,0,0,0,424,0,0,0,0,0,0,0,0,0,0,0,0,0,0,0,0,0,0,0,1520,0,0,0,0,0,0,1319,0,0,0,9598,0,0,0,0,0,0,1089,0,0,0,0,0,64,0,0,0,0,0,0,0,0,0,0,0,0,0,0,0,0,0,0
contig_28882,0,0,0,0,0,9921,0,0,0,0,0,0,0,0,43008,0,7726,0,0,0,0,0,0,0,0,0,0,0,24403,16363,147,161,937,0,0,0,0,0,0,0,0,0,0,0,0,0,2949,0,0,0,1316,0,0,0,0,0,1115,0,0,0,30433,447,0,554,1593,0,0,1118,4106,0,0,0,0,6872,0,0,0,0,0,0,190,0,0,0,0,0,0,0,0,1269,0,0
contig_28888,0,11979,0,148,290,0,0,0,0,0,0,0,0,0,0,0,0,0,0,0,0,0,0,0,0,0,0,0,0,1031,875,0,0,0,0,0,0,0,0,303,0,0,0,0,0,0,0,263,185,496,2611,134,0,0,0,0,0,0,0,0,268,0,0,0,0,0,0,7597,0,0,0,0,0,0,0,0,0,0,0,0,0,0,0,0,0,0,0,0,42,48,0,0
contig_28898,0,0,0,4817,0,0,0,0,0,0,0,0,0,0,0,0,211,0,0,0,0,0,0,0,0,0,0,0,0,0,0,3131,12431,0,0,0,0,0,0,0,0,0,0,0,0,2290,6907,1434,1245,1015,396,0,0,0,0,0,155,0,0,2195,132,3130,0,272,0,0,491,2715,2952,0,0,0,0,120,0,0,0,0,0,0,0,0,0,0,0,0,483,0,0,0,0,0
contig_28930,0,1343,256,0,0,0,0,0,0,0,0,0,0,0,0,7680,247,0,0,0,0,0,0,0,0,0,0,412,535,333,0,0,0,0,0,0,0,0,0,0,0,0,0,0,0,0,0,387,0,0,0,0,0,0,0,0,76,0,0,0,894,0,0,0,0,0,0,0,0,0,0,0,0,0,0,0,0,0,0,0,0,0,0,0,0,0,0,0,0,0,0,0
contig_28937,17466,1401,467,0,0,1120,2477,0,0,0,0,0,0,0,0,14128,590,0,0,0,0,0,0,0,0,0,0,529,8880,6275,0,0,0,0,0,0,0,0,0,0,0,0,0,0,0,588,0,0,0,0,0,0,0,0,0,0,0,0,0,668,7478,202,0,0,0,0,0,0,0,0,0,0,0,0,0,0,0,0,0,0,0,0,0,0,0,0,0,0,0,0,0,0
contig_28944,34338,0,0,0,0,0,0,0,0,0,0,0,0,0,0,0,0,0,0,0,0,0,0,0,0,0,0,0,0,0,0,0,0,0,0,0,0,0,0,0,0,0,0,0,0,0,0,0,0,0,0,0,0,0,0,0,249,0,0,0,0,0,0,0,0,0,0,0,0,0,0,0,0,0,0,0,0,0,0,0,0,0,0,0,0,0,2231,0,0,0,0,0
contig_28957,0,0,0,0,0,0,0,0,0,0,0,0,0,0,0,0,0,0,0,0,0,0,0,0,0,0,0,0,0,0,0,0,0,0,0,0,0,0,0,0,0,0,0,0,0,0,0,0,0,0,2541,0,0,0,0,0,0,0,0,0,0,506,0,0,0,0,0,343,0,0,0,0,0,0,0,0,0,0,0,0,0,0,0,0,0,0,0,0,0,0,0,0
contig_29009,0,0,0,1601,0,910,0,0,0,0,0,0,0,0,0,0,0,0,0,0,0,0,0,0,0,612,0,0,0,0,0,0,0,0,0,0,0,0,0,0,0,0,0,0,66,0,0,0,0,0,0,0,0,0,0,0,416,0,0,0,0,0,0,0,0,0,0,0,0,0,0,0,0,0,0,0,0,0,0,0,0,0,0,0,0,0,0,0,0,0,0,0
contig_29025,2322,0,0,0,0,0,0,0,0,0,0,0,0,0,0,0,0,0,0,0,0,0,0,0,0,0,0,0,0,0,0,0,0,0,0,0,0,0,0,0,0,0,0,0,0,0,0,0,0,0,0,0,0,320,0,0,0,0,0,7619,3285,654,0,0,0,0,0,0,0,0,0,0,0,72,0,0,0,0,0,0,0,0,0,0,0,0,0,0,0,0,0,0
contig_29038,0,0,0,0,0,0,0,0,0,0,0,0,0,0,0,0,0,0,0,0,0,0,0,0,0,0,0,0,0,0,0,0,0,0,0,0,0,0,0,0,0,0,0,0,0,0,0,2169,0,0,594,0,0,0,0,0,0,0,0,0,8555,553,0,0,0,0,0,0,0,0,0,0,0,0,0,0,0,0,0,0,0,0,0,0,0,0,0,0,0,0,0,0
contig_29047,0,103,0,0,0,0,0,0,0,0,0,0,0,0,1994,0,1067,0,0,0,0,25,0,0,0,0,0,0,314,0,0,0,0,0,0,0,0,0,1854,179,0,0,0,0,0,0,0,347,0,5478,480,0,0,201,0,0,0,0,0,2014,92,267,0,650,0,0,0,0,0,0,0,0,0,2784,0,0,0,0,0,0,0,0,0,0,0,0,527,0,0,474,0,0
contig_29055,0,0,0,0,0,0,0,0,0,0,0,0,0,0,0,0,0,0,0,0,0,0,0,0,0,0,0,0,0,0,0,0,0,0,0,0,0,0,0,0,0,0,0,0,0,0,0,82,30,0,0,0,0,0,0,0,0,0,0,0,538,51,0,0,0,0,0,41,0,0,0,0,0,0,0,0,0,0,0,0,0,0,0,0,0,0,0,0,0,0,0,0
contig_29057,0,0,0,0,0,0,0,0,0,0,0,0,0,0,0,5991,0,0,0,0,0,0,0,0,0,0,0,0,98,794,0,0,0,0,0,0,0,0,0,0,0,0,0,0,0,318,33,0,0,0,0,0,0,0,0,0,0,0,0,0,2507,371,0,0,0,0,0,96,0,0,0,0,0,0,0,0,0,0,0,0,0,0,0,0,0,0,0,0,0,0,0,0
contig_29068,0,0,0,0,0,0,0,0,0,0,0,0,0,0,0,0,0,0,0,0,0,0,0,0,0,0,0,0,0,0,1600,0,0,0,0,0,0,0,0,0,0,0,0,0,0,0,0,0,0,2974,6545,0,0,0,0,0,0,0,0,0,0,2130,0,0,0,0,0,0,0,0,0,0,0,0,0,0,0,0,0,0,0,0,0,0,0,0,0,0,0,0,0,0
contig_29087,0,0,0,0,0,0,0,0,0,0,0,0,0,0,0,2107,2270,0,0,0,0,0,0,0,0,0,0,0,0,1754,0,0,0,0,0,0,0,0,0,0,0,0,0,0,0,0,0,0,0,0,0,0,0,0,0,0,0,0,0,0,6692,0,0,0,0,0,0,0,0,0,0,0,0,0,0,0,0,0,0,0,0,0,0,0,0,0,0,0,0,0,0,0
contig_29091,0,0,0,0,0,0,0,0,0,0,0,0,0,0,708,0,2579,0,0,0,0,0,0,0,0,0,0,0,961,625,0,0,0,0,0,0,0,0,0,0,0,0,0,0,0,0,0,401,330,0,446,0,0,0,0,0,0,0,0,0,1284,1682,0,0,0,0,0,0,0,0,0,0,0,0,0,0,0,0,0,0,0,0,0,0,0,0,0,0,0,0,0,0
contig_291,85550,0,0,0,0,5276,1538,0,0,0,0,0,0,0,0,8228,1126,0,0,0,0,0,0,0,0,0,0,1327,70687,9385,0,0,0,0,0,0,0,0,0,194,0,0,0,0,0,3931,197,0,0,0,0,0,0,0,0,0,320,0,1096,7875,15052,815,0,0,0,0,58,0,0,0,0,0,0,0,0,0,0,0,0,0,0,0,0,0,0,0,408,0,0,0,0,0
contig_29126,0,5271,0,0,0,0,282,0,0,0,0,0,0,0,0,0,0,0,0,0,0,0,0,0,0,0,0,0,0,0,0,0,0,0,0,0,0,0,0,0,0,0,0,0,0,0,0,0,0,0,0,0,0,0,0,0,0,0,0,0,593,0,0,0,0,0,0,0,0,0,0,0,0,0,0,0,0,0,0,0,0,0,0,0,0,0,0,0,0,0,0,0
contig_29141,0,0,0,0,0,0,0,0,0,0,0,0,0,0,0,8236,0,0,0,0,0,0,0,0,0,0,0,0,0,0,0,0,0,0,0,0,0,0,0,0,0,0,0,0,0,0,0,1397,0,0,0,0,0,0,0,0,0,0,0,0,2512,423,0,0,0,0,0,380,0,0,0,0,0,0,0,0,0,0,0,0,0,0,0,0,0,0,0,0,0,0,0,0
contig_29165,0,0,0,0,0,0,0,0,0,0,0,0,0,0,9881,915,1672,0,0,0,0,0,0,0,0,0,0,0,0,4076,0,0,0,0,0,0,0,0,0,0,0,0,0,0,0,0,0,0,1413,0,553,0,0,0,0,0,0,0,0,1666,83269,0,0,0,0,0,0,0,0,0,0,0,0,0,0,0,0,0,0,0,0,0,0,0,0,0,0,0,0,0,0,0
contig_29184,0,0,0,0,0,0,0,0,0,0,0,0,0,0,0,0,0,0,0,0,0,0,0,0,0,0,0,0,0,0,0,0,0,0,0,0,0,0,0,0,0,0,2756,0,0,0,0,0,0,0,0,0,0,0,0,0,0,0,0,0,0,0,0,0,0,0,0,708,0,0,0,0,0,0,0,0,0,0,0,0,0,0,0,0,0,0,0,0,214,0,0,0
contig_29210,0,0,0,0,0,0,0,0,0,0,0,0,0,0,0,0,1627,548,0,0,0,0,0,0,253,0,0,0,0,0,0,0,0,0,0,0,0,0,499,0,0,0,0,0,0,0,0,0,0,0,0,0,0,0,0,0,0,0,0,0,0,399393,0,0,0,0,0,0,0,742,0,257,0,0,0,0,0,0,0,0,0,0,0,0,0,0,0,0,0,0,0,0
contig_29261,0,0,0,0,0,0,0,0,0,0,0,0,0,0,0,0,449,0,0,0,0,0,0,0,0,0,0,0,0,409,146,447,0,0,0,0,0,0,0,0,0,0,277,0,0,0,0,110,277,618,390,127,0,0,0,0,0,0,0,0,0,87463,0,0,0,0,0,0,0,0,0,0,0,0,0,0,0,0,0,0,0,0,0,0,0,0,0,0,0,0,0,0
contig_29281,0,0,0,0,0,0,0,0,0,0,0,0,0,0,0,0,0,0,0,0,0,0,0,0,0,0,0,0,0,0,0,0,0,0,0,0,0,0,0,0,0,0,0,0,0,0,0,0,211,0,144,0,0,0,0,0,169,0,0,0,0,135,0,0,0,0,0,111,168,0,0,0,0,0,0,0,0,0,0,0,0,0,0,0,0,0,0,0,0,0,0,0
contig_29283,0,0,0,1402,0,1883,1365,0,0,0,0,0,0,0,4041,17682,0,0,0,0,0,0,0,0,0,0,0,0,0,0,511,0,0,0,0,0,0,1404,0,0,0,0,0,0,0,1330,0,881,895,272,210,0,0,827,0,0,0,0,0,0,0,479,0,0,3721,0,0,1379,4006,0,0,0,0,0,0,0,0,0,0,0,699,0,0,0,0,0,0,0,43,0,0,0
contig_29299,0,0,0,0,0,0,0,0,0,0,0,0,0,0,0,113,0,0,0,0,0,0,0,0,0,0,0,0,0,0,0,0,0,0,0,0,0,0,0,0,0,0,0,0,0,609,0,0,0,0,0,0,0,0,45527,0,0,0,0,846,0,218,0,0,0,0,0,0,0,0,0,0,0,0,0,0,0,0,0,0,0,0,0,0,0,0,0,0,236,3322,0,0
contig_29316,0,0,0,0,0,0,0,0,0,0,0,0,0,0,0,0,0,0,0,0,0,0,0,0,0,0,0,0,0,0,0,0,0,0,0,0,0,0,0,0,0,0,0,0,0,0,0,0,0,0,512,133,798,716,0,0,0,0,0,0,0,463,0,0,0,0,0,1874,0,0,0,0,0,2849,0,0,0,0,0,0,0,0,0,0,0,0,0,0,0,0,0,0
contig_29321,0,0,0,0,0,0,0,0,0,0,0,0,0,0,0,0,0,0,0,0,0,0,0,0,0,0,0,0,0,184,0,0,0,0,0,0,0,0,0,0,0,0,0,0,0,176,0,0,0,0,89,0,0,0,0,0,286,0,0,0,6732,0,0,0,0,0,0,0,0,0,0,0,0,0,0,0,0,0,0,0,0,0,0,0,0,0,0,0,0,0,0,0
contig_29322,0,0,0,0,0,0,0,0,0,0,0,0,0,0,17155,0,7327,0,0,0,0,0,0,0,0,0,0,1686,1150,1940,0,0,0,0,0,0,0,0,0,0,0,0,0,0,0,9264,0,2033,0,0,0,0,0,0,0,0,0,0,15554,0,0,0,0,0,1365,0,0,0,0,0,0,0,0,0,0,0,0,0,0,0,0,0,0,0,0,0,0,0,0,0,0,0
contig_29328,0,0,0,0,0,0,0,0,0,0,0,0,0,0,0,838,0,0,0,0,0,0,0,0,0,0,0,0,656,330,0,0,0,0,0,0,0,0,0,0,0,0,0,0,0,963,0,0,0,0,192,0,0,0,0,0,289,0,0,1022,534,1037,0,0,0,0,0,0,0,0,0,0,0,0,0,0,0,0,0,0,11348,0,0,0,0,0,639,0,0,79,0,0
contig_29352,0,72,0,39,0,83,0,0,0,0,0,0,0,0,0,0,100,0,0,0,0,0,0,0,0,0,0,0,353,287,148,0,0,0,0,0,0,0,0,168,0,0,0,0,0,32,88,94,182,45,166,66,0,0,0,0,859,0,0,0,169,0,0,0,0,0,0,0,0,0,0,0,0,514,0,0,0,0,0,0,0,0,0,0,0,0,345,0,0,290,0,0
contig_29357,0,0,0,0,0,0,0,0,0,0,0,0,0,0,0,0,0,36,0,0,0,0,0,0,0,0,0,0,0,25,0,0,0,0,0,0,0,0,0,0,0,0,0,0,43,0,0,0,0,0,0,0,0,0,0,0,0,312,0,0,0,0,0,0,0,0,0,0,223,0,0,0,25,0,0,0,0,0,0,0,0,0,0,0,0,0,28,0,56,296,0,0
contig_29361,0,216,0,0,0,0,0,0,0,0,0,0,0,0,0,0,0,0,0,0,0,0,0,0,0,0,0,0,0,147,0,0,0,0,0,0,0,0,0,0,0,0,0,0,0,0,0,413,0,0,0,0,0,0,0,0,0,0,0,0,0,396,0,0,0,0,0,603,0,0,0,0,0,463,0,0,0,0,0,0,0,0,0,0,0,0,0,0,0,0,0,0
contig_29362,0,559,0,0,22,0,0,0,0,0,0,0,0,0,0,0,0,0,0,0,0,0,0,0,0,0,0,0,0,40,0,0,0,0,0,0,0,0,0,0,0,0,0,0,0,0,0,87,95,81,1254,25,0,0,0,0,0,0,0,0,0,121,0,0,0,0,0,297,0,0,0,0,0,0,0,0,0,0,0,0,0,0,0,0,0,0,0,0,0,0,0,0
contig_29377,0,573,0,0,0,0,0,0,0,0,0,0,0,0,161,0,324,0,0,0,0,0,0,0,0,0,0,0,0,26,0,0,0,0,0,0,0,0,0,0,0,0,0,0,0,0,0,0,0,0,0,0,443,151,0,0,4056,0,0,0,0,79,0,0,0,0,0,0,0,0,0,0,0,946,0,0,0,0,0,0,0,0,0,0,0,0,741,0,0,187,0,0
contig_29384,0,606,0,0,0,0,0,0,0,0,0,0,0,0,0,0,0,0,0,0,0,0,0,0,0,0,0,0,0,0,0,0,0,0,0,0,0,0,0,0,0,0,0,0,0,0,0,0,0,0,0,0,0,0,0,0,0,0,0,0,0,1715,0,359,0,0,0,20,0,0,0,0,0,52,0,0,0,0,0,0,0,0,0,0,0,0,0,0,0,0,0,0
contig_29386,0,135,0,0,0,0,0,0,0,0,0,0,0,0,0,0,0,0,0,0,0,0,0,0,0,0,0,0,0,43,0,0,0,0,0,0,0,0,0,0,0,0,0,0,0,0,0,0,0,0,2863,0,0,0,0,0,0,0,0,0,102,0,0,0,0,0,0,3029,0,0,0,0,0,0,0,0,0,0,0,0,0,0,0,0,0,0,0,0,0,0,0,0
contig_29392,0,0,0,0,0,0,0,0,0,0,0,0,0,71,0,0,8878,0,0,0,0,0,0,0,0,0,0,0,0,0,0,0,0,0,0,0,0,0,0,0,0,0,0,0,85,0,0,0,0,0,0,0,0,0,0,0,0,0,0,0,0,0,0,0,0,0,0,0,0,0,0,0,0,0,0,0,0,0,0,0,0,0,0,0,0,0,0,0,0,0,0,0
contig_29396,0,30,0,0,0,0,0,0,0,0,0,0,0,0,0,0,0,0,0,0,0,0,0,0,0,0,0,0,0,0,0,0,0,0,0,0,0,0,0,0,0,0,0,0,0,99,0,0,0,0,0,0,581,421,0,0,71,0,149,0,0,255,0,0,0,0,0,0,0,0,0,0,0,783,0,0,0,0,0,0,225,0,0,0,0,0,599,0,0,66,0,0
contig_294,0,0,0,0,0,0,0,0,0,0,0,0,0,0,33196,1027,14503,495,0,0,0,0,0,0,0,0,0,0,0,0,0,0,0,0,0,0,0,0,0,0,0,0,0,0,0,0,0,0,0,0,0,0,0,0,0,0,0,0,13738,0,0,0,0,0,0,0,0,0,0,0,0,0,0,0,0,0,0,0,0,0,0,0,0,0,0,0,0,0,0,301,0,0
contig_29409,0,1068,0,0,0,0,0,0,0,0,0,0,0,0,5243,2717,531,0,0,0,0,0,0,0,0,0,0,0,9467,2516,0,0,0,0,0,0,0,0,250,527,0,0,0,0,0,3909,0,0,0,0,901,0,2327,0,55701,0,203,0,0,8354,3208,347,0,783,0,0,0,398,0,0,0,0,0,0,0,0,0,0,0,0,0,0,0,0,0,0,1607,0,359,4248,0,0
contig_29423,0,0,0,0,0,0,0,0,0,0,0,0,0,0,0,0,358,0,0,0,0,0,0,0,0,0,0,1052,0,0,0,0,0,0,0,0,0,0,0,0,0,0,0,0,0,0,0,0,220,111,71,0,0,0,0,0,0,0,448,1618,1395,81,0,0,0,0,0,84,69,0,0,0,0,0,0,0,0,0,0,0,0,0,0,0,0,0,0,0,0,0,0,0
contig_29426,0,0,0,0,0,0,0,0,0,0,25,0,0,0,0,0,0,0,0,82,0,0,0,0,0,0,0,0,0,0,0,0,0,0,161,0,0,0,0,0,0,0,0,0,156,0,0,0,0,0,0,130,1320,197,0,0,0,122,0,0,0,0,0,0,0,0,0,52,290,0,0,0,0,0,0,0,0,0,0,0,0,0,0,0,0,0,766,0,53,4984,27,0
contig_29448,0,0,0,284,0,0,0,0,0,0,0,0,0,0,0,0,338,0,0,0,0,0,0,0,0,0,0,0,0,289,0,0,0,0,0,0,0,0,0,0,0,0,0,0,0,3678,0,933,64,370,589,0,0,0,0,0,731,0,0,0,6142,407,0,0,0,0,0,677,0,0,0,0,0,0,0,0,0,0,0,0,0,0,0,0,0,0,0,0,39,0,0,0
contig_29467,0,10135,3684,0,0,0,0,0,0,0,0,0,0,0,9404,58766,38622,0,0,0,0,0,0,0,0,0,0,4312,14419,2018,0,0,0,0,0,0,0,0,660,0,0,0,0,0,0,8842,0,3899,0,0,451,0,0,0,11336,0,0,0,2368,66837,17437,1223,0,825,0,0,0,660,0,0,0,0,0,0,0,0,0,0,0,0,203,0,0,0,0,0,376,0,162,1969,0,0
contig_29472,0,0,0,0,0,0,0,0,0,0,0,0,0,0,0,0,0,0,0,0,0,0,0,0,0,0,0,0,0,0,0,0,0,0,0,0,0,0,0,0,0,0,0,0,0,0,0,0,0,0,0,0,0,0,0,0,4862,0,0,0,0,0,0,0,0,0,217,104,0,0,0,0,0,0,0,0,0,0,0,0,0,0,0,0,0,0,0,0,0,0,0,0
contig_29473,0,0,3537,0,0,0,0,0,0,0,0,0,0,0,0,0,0,0,0,0,0,0,0,0,0,0,0,0,0,1885,0,0,143,0,0,0,0,0,0,0,0,0,0,0,97,0,0,0,143,0,763,0,0,0,0,124,407,0,0,1993,25832,2139,89,189,0,0,0,1131,400,0,0,0,0,512,0,0,0,0,0,0,0,0,0,0,0,0,0,0,0,0,0,0
contig_29477,0,681,1779,0,0,0,1803,0,0,0,0,0,0,0,0,33176,1401,0,0,0,0,0,0,0,0,0,0,1270,3024,3335,0,0,0,0,0,0,0,0,0,0,0,0,0,0,0,900,0,639,0,0,0,0,0,0,0,0,135,0,2273,0,1820,122,0,0,0,0,0,280,0,0,0,0,0,0,0,0,0,0,0,0,0,0,0,0,0,0,0,0,0,0,0,0
contig_29495,0,0,0,0,0,0,0,0,0,0,0,0,0,0,0,0,0,0,0,0,0,0,0,0,0,0,0,0,0,0,0,0,0,0,0,0,0,0,0,0,0,0,0,0,0,0,0,646,297,574,1176,0,0,0,0,0,0,0,0,0,0,0,0,0,0,0,0,0,0,0,0,0,0,0,0,0,0,0,0,0,0,0,0,0,0,0,0,0,0,0,0,0
contig_29512,0,0,0,0,0,0,0,0,0,0,0,0,0,0,0,0,0,0,0,0,0,0,0,0,0,0,0,0,0,0,0,0,0,0,0,0,0,0,0,0,0,0,0,0,0,0,0,0,0,0,0,0,0,0,0,0,0,0,0,0,0,292,0,0,0,0,0,0,0,0,0,0,0,614,0,0,0,0,0,0,0,0,0,0,0,0,1194,0,0,0,0,0
contig_29526,0,0,0,0,0,27,0,0,0,0,0,0,0,0,0,0,0,0,0,0,0,0,0,0,0,0,0,0,0,0,0,0,0,0,0,0,0,0,0,0,0,0,0,0,0,0,0,0,0,0,0,0,0,0,0,0,0,0,0,0,0,341,0,0,0,0,35,0,0,0,0,0,0,0,0,0,0,0,0,0,0,0,0,0,0,0,0,0,0,0,0,0
contig_29543,0,0,0,0,0,0,0,0,0,0,0,0,0,0,0,0,179,0,0,0,0,0,0,0,0,0,0,0,0,0,0,0,393,0,0,0,0,0,0,0,0,0,0,0,0,0,0,1595,644,0,1854,0,0,0,0,0,0,0,0,0,177,0,0,0,0,0,0,0,0,0,0,0,0,0,0,0,0,0,0,0,0,0,0,0,0,0,0,0,0,0,0,0
contig_29553,0,0,0,0,0,0,0,0,0,0,0,0,0,0,0,0,0,0,0,0,0,0,0,0,0,0,0,0,0,0,0,267,0,0,0,0,0,0,0,0,0,0,0,0,0,0,0,0,0,0,0,0,0,0,0,0,148,1010,0,0,95,1025,0,0,0,0,0,0,0,0,0,0,0,0,0,0,0,0,0,0,0,0,0,0,0,0,6758,0,0,5544,0,0
contig_29561,0,0,0,0,231,0,0,0,0,0,0,0,0,0,0,0,11683,93,0,0,0,0,0,0,31,0,0,0,0,0,0,0,0,0,0,0,0,0,0,0,0,0,0,0,0,0,0,0,0,0,0,0,0,0,0,0,0,0,0,0,0,924,0,0,0,0,0,0,0,0,0,0,0,0,0,0,0,0,0,0,0,0,0,0,0,0,0,0,0,0,0,0
contig_29574,0,0,0,69,0,0,0,0,0,0,0,0,0,0,0,0,280,0,0,0,0,0,0,0,0,0,0,0,0,0,0,0,0,0,0,0,0,0,0,0,0,0,0,0,0,0,0,0,0,0,127,0,0,0,0,0,296,0,0,0,1430,155,0,0,0,0,0,205,0,140,0,0,0,0,0,0,0,0,0,0,0,0,0,0,0,0,0,0,0,0,0,0
contig_29598,0,0,0,0,0,0,0,0,0,0,0,0,0,0,2106,0,1345,0,0,0,0,0,0,0,0,0,0,0,0,0,0,0,0,0,0,0,0,0,0,0,0,0,0,0,0,0,0,0,312,402,107,0,0,0,0,0,0,0,84,0,2515,1790,0,0,0,0,0,0,117,0,0,0,0,249,0,0,0,0,0,0,0,0,0,0,0,0,0,0,0,0,0,0
contig_29604,0,0,0,0,0,0,0,0,0,0,0,0,0,0,2691,0,0,0,0,0,0,0,0,0,0,0,0,0,0,0,0,0,0,0,0,0,0,0,0,0,0,0,0,0,0,0,0,1233,0,0,0,0,0,0,0,0,0,0,0,0,1225,0,0,0,0,0,0,0,0,0,0,0,0,0,0,0,0,0,0,0,0,0,0,0,0,0,0,0,0,0,0,0
contig_29605,0,0,282,582,530,505,5206,0,0,0,0,0,0,0,0,1656,4528,0,0,0,0,0,0,0,0,0,0,0,3597,7045,0,0,0,0,0,0,0,0,0,3280,0,0,0,0,0,0,0,1637,4113,0,700,0,0,0,0,0,0,0,10350,0,13219,0,0,0,0,0,0,1800,0,0,0,0,0,7783,0,0,0,0,0,0,0,0,0,0,0,0,5213,0,0,0,0,0
contig_29608,0,0,0,51,0,0,0,0,0,0,0,0,0,0,0,0,0,0,0,0,0,0,0,0,0,0,0,0,0,0,0,0,0,0,0,0,0,364,0,0,0,0,612,0,0,0,0,0,0,247,0,0,0,0,0,0,432,0,0,0,0,0,0,0,0,0,554,0,0,0,0,0,0,3296,0,0,0,0,0,0,0,0,0,0,0,0,595,0,0,0,0,0
contig_29614,0,0,11306,0,0,4157,0,0,0,0,0,0,0,0,0,0,0,0,0,0,0,0,0,0,0,0,0,0,0,20029,2697,0,282,0,0,0,0,0,0,0,0,0,0,0,0,0,0,0,0,0,0,0,0,0,0,0,0,0,0,0,0,0,0,709,0,0,0,430,0,0,0,0,0,265,0,0,0,0,0,0,2070,0,0,0,0,0,0,0,0,0,0,0
contig_29617,0,0,0,0,0,0,0,0,0,0,0,0,0,0,0,0,0,0,0,0,0,0,0,0,0,0,0,0,0,0,0,0,0,0,0,0,0,0,0,0,0,0,0,0,0,0,0,0,0,0,0,0,0,126,0,0,0,0,0,0,0,0,0,0,0,0,0,0,0,0,0,0,0,297,0,0,0,0,0,0,0,0,0,0,0,0,211,0,0,0,0,0
contig_29625,0,0,0,0,0,0,119,0,0,0,0,0,0,0,0,6086,0,0,0,0,0,0,0,0,0,0,0,0,0,18,0,137,0,0,0,0,0,0,0,0,0,0,0,0,0,1121,0,1442,75,0,730,0,341,36,6413,0,0,0,0,2182,0,146,0,137,0,0,0,1307,426,47,0,0,0,0,0,0,0,0,0,0,0,0,0,0,0,0,907,0,171,1611,0,0
contig_29640,0,0,0,0,0,0,0,0,0,0,0,0,0,0,0,0,0,0,0,0,0,0,0,0,0,0,0,0,0,0,0,325,205,0,0,0,0,0,0,0,0,0,0,0,0,0,0,0,0,0,0,0,0,0,0,0,0,0,0,319,0,0,0,0,0,0,33,955,2060,0,0,0,0,0,0,0,0,0,0,0,1695,0,0,0,0,0,887,0,0,0,0,0
contig_29656,0,2200,2036,0,0,911,0,0,0,0,0,0,0,0,0,0,0,0,0,0,0,129,0,0,0,0,0,0,0,0,0,0,0,0,0,0,0,0,0,0,0,0,0,0,0,0,0,684,0,0,0,0,0,0,0,0,0,0,0,0,3478,638,0,0,0,0,0,424,0,0,0,0,0,0,0,0,0,0,0,0,0,0,0,0,0,0,0,0,0,0,0,0
contig_29670,0,0,0,552,372,0,0,0,0,0,0,0,0,0,0,0,0,0,0,0,0,0,0,0,0,0,0,0,0,401,0,0,0,0,0,0,0,0,0,0,0,0,50,0,263,0,0,0,0,1573,0,0,0,0,0,0,1464,0,0,0,9571,7294,0,0,0,0,89,2178,0,0,0,0,0,0,0,0,0,0,0,0,0,0,0,0,0,0,0,0,0,0,0,0
contig_29671,0,1452,3371,0,0,0,0,0,0,0,0,0,0,0,24713,135763,4256,0,0,0,0,0,0,0,0,0,0,0,20985,0,0,0,0,0,0,0,0,0,0,101,0,0,0,0,0,11618,0,0,0,0,0,0,0,0,0,0,19563,0,2511,0,4361,0,0,0,0,0,0,0,0,0,0,0,0,2131,0,0,0,0,0,0,0,0,0,0,0,0,958,0,0,524,0,0
contig_29690,0,0,0,0,0,0,0,0,0,0,0,0,0,0,0,0,0,0,0,0,0,0,0,0,0,0,0,0,0,0,0,0,0,0,0,0,0,0,0,0,0,0,0,0,0,0,0,0,0,0,0,0,393,0,0,0,0,0,0,0,0,42,0,0,0,0,0,0,0,0,0,0,0,0,0,0,0,0,0,267,0,0,0,0,0,0,0,0,0,0,0,0
contig_297,0,0,0,0,0,0,0,0,0,0,0,0,0,0,0,0,3213,0,0,0,0,0,0,0,0,0,0,0,0,0,0,0,0,0,0,0,0,0,0,145,0,0,0,0,0,0,0,0,0,0,0,0,0,0,0,0,0,0,0,0,0,580,0,0,0,0,0,0,0,0,0,0,0,0,0,0,0,0,0,0,0,0,0,0,0,0,0,0,0,0,0,0
contig_2970,0,0,0,0,0,0,0,0,0,0,0,0,0,0,0,0,0,0,0,0,0,0,0,0,0,0,0,0,0,0,0,0,193,0,0,0,0,0,0,0,0,0,0,0,0,0,0,0,0,0,0,0,0,0,0,0,0,0,0,0,0,0,0,0,0,85,0,0,0,0,0,0,0,0,0,0,0,0,0,0,0,0,0,0,0,0,0,0,0,126,0,0
contig_29702,0,0,0,0,0,0,0,0,0,0,0,0,0,0,0,0,0,0,0,0,0,0,0,0,0,0,0,0,0,0,0,0,0,0,0,0,0,0,0,0,0,0,0,0,0,0,0,0,0,119,56,0,0,0,0,0,0,0,0,0,0,216,0,0,0,0,0,0,0,0,0,0,0,0,0,0,0,0,0,0,0,0,0,0,0,0,0,0,0,0,0,0
contig_29729,0,0,0,0,0,0,0,0,0,0,0,0,0,0,0,0,0,0,0,0,0,0,0,0,0,0,0,0,0,0,0,83,0,0,0,0,0,0,0,0,0,0,1967,0,0,0,0,0,0,0,585,0,0,0,0,0,0,0,0,0,0,0,0,0,0,0,0,0,0,0,0,0,0,0,0,0,0,0,0,0,0,0,0,0,0,0,0,0,0,0,0,0
contig_29733,0,0,0,0,0,0,0,0,0,0,0,0,0,0,0,0,0,0,0,0,0,0,0,0,0,0,0,0,0,0,0,0,0,0,0,0,0,0,0,0,0,0,0,0,0,0,0,0,0,0,142,0,0,0,0,0,806,0,0,0,0,0,0,0,0,0,0,0,0,0,0,0,0,243,0,0,0,0,0,0,0,0,0,0,0,0,0,0,0,0,0,0
contig_29736,0,2454,0,0,0,639,3963,0,0,0,0,0,0,0,6348,484,0,0,0,0,0,509,0,0,0,0,0,0,829,1275,1804,0,0,0,0,0,0,0,258,1070,0,0,0,0,0,0,0,1418,4691,0,5028,0,0,1438,0,2301,2704,0,2628,1580,5873,2554,0,332,0,0,0,0,0,0,0,0,0,9021,0,0,0,0,0,0,0,0,0,0,0,0,14851,0,0,2358,0,0
contig_29742,0,0,0,0,0,0,0,0,0,0,0,0,0,0,0,0,0,0,0,0,0,0,0,0,0,0,0,0,0,0,0,0,0,0,0,0,0,0,0,0,0,0,0,0,0,0,0,106,168,41,114,0,0,0,0,0,71,0,0,0,42,138,0,0,0,0,0,69,0,0,0,0,0,0,0,0,0,0,0,0,0,0,0,0,0,0,0,0,0,0,0,0
contig_29771,0,0,0,0,0,0,0,0,0,0,0,0,0,0,0,0,0,0,0,0,0,0,0,0,0,0,0,0,0,0,0,0,0,0,0,0,0,0,0,0,0,0,0,0,0,0,0,0,151,0,503,0,0,0,0,0,0,0,0,0,437,78,0,0,0,0,0,0,0,0,0,0,0,0,0,0,0,0,0,0,0,0,0,0,0,0,0,0,0,0,0,0
contig_29775,0,0,0,0,0,0,0,0,0,0,0,0,0,0,0,0,24300,0,0,0,0,0,0,0,0,0,0,0,0,0,0,0,0,0,0,0,0,0,0,637,0,0,0,0,0,0,0,0,0,0,0,0,0,0,0,0,0,0,0,0,0,852,0,0,0,0,0,0,0,0,0,0,0,0,0,0,0,0,0,0,0,0,0,0,0,0,0,0,0,0,0,0
contig_29778,0,0,0,0,0,0,0,0,0,0,0,0,0,0,0,0,0,0,0,0,0,0,0,0,0,0,0,0,0,293,0,394,0,0,0,0,0,0,0,0,0,0,0,0,0,0,380,0,327,119,0,0,0,0,0,0,451,0,0,0,2497,1623,0,0,0,0,0,0,0,0,0,0,0,3657,0,0,0,0,0,0,0,0,0,0,0,0,510,0,0,0,0,0
contig_298,0,0,0,0,0,0,0,1615,0,0,0,0,0,0,0,6781,4155,0,0,0,0,0,0,0,0,0,0,0,2362,0,0,0,0,0,0,0,0,0,0,0,0,0,0,0,0,0,0,0,0,0,0,0,0,0,0,0,0,0,12283,31887,16451,0,0,0,0,0,0,0,0,0,0,0,0,0,0,0,0,0,0,0,0,0,0,0,0,0,0,0,0,0,0,0
contig_29808,0,0,0,0,0,0,0,0,0,0,0,0,0,0,13425,0,464,0,0,0,0,0,0,0,0,0,0,0,0,0,0,0,0,0,0,0,0,0,0,0,0,0,0,0,0,0,0,0,0,495,344,0,0,0,0,0,0,0,0,0,0,0,0,0,0,0,0,252,0,0,0,0,0,200,0,0,0,0,0,0,0,0,0,0,0,0,0,0,0,0,0,0
contig_29820,0,0,0,0,0,0,0,0,0,0,0,0,0,0,0,0,0,0,0,0,0,0,0,0,0,0,0,0,0,0,0,0,0,0,0,0,0,0,0,0,0,0,0,0,0,0,0,1844,0,0,0,0,0,0,0,0,0,0,0,0,8265,0,0,0,0,0,0,508,0,0,0,0,0,0,0,0,0,0,0,0,0,0,0,0,0,0,221,0,0,0,0,0
contig_29821,0,0,0,0,0,0,0,0,0,0,0,0,0,0,0,0,0,0,0,0,0,0,0,0,0,0,0,0,0,0,0,0,0,0,0,0,0,0,0,0,0,0,0,0,0,0,0,0,103,0,0,0,0,63,0,0,0,0,0,0,0,40,0,0,0,0,0,0,0,0,0,0,0,0,0,0,0,0,0,0,0,0,0,0,0,0,0,0,0,73,0,0
contig_29831,0,0,0,101,0,0,0,0,0,0,0,0,0,0,0,0,0,0,0,0,0,129,0,0,0,0,0,0,0,0,258,0,30,0,0,0,0,65,0,0,0,0,0,0,52,0,264,227,0,0,138,0,0,0,0,0,253,59,0,0,0,1159,0,0,0,0,0,0,0,0,0,0,0,247,0,0,0,0,0,0,0,0,0,0,0,0,94,0,181,15,0,0
contig_2984,0,0,0,0,0,0,0,0,0,0,0,0,0,0,0,0,0,0,0,0,0,0,0,0,0,0,0,0,0,0,0,0,0,0,0,0,0,0,0,0,0,471,0,0,0,0,0,0,0,0,0,0,0,0,0,0,0,0,0,0,0,19346,810,0,0,0,0,0,0,0,0,0,0,0,0,0,0,0,0,0,0,0,0,0,0,0,0,0,0,0,0,0
contig_29880,139,4636,3244,2239,3624,1205,6639,0,0,0,338,0,0,0,5662,0,428,0,0,0,0,582,0,0,0,62,0,80,912,1627,1689,827,1547,0,121,0,0,2665,225,1274,0,0,0,0,0,0,1512,1691,4865,1915,5183,63,0,1438,161,2195,3138,0,4926,2072,10570,2573,0,342,583,0,629,154,1141,635,452,152,0,8351,0,1556,0,0,0,0,125,0,0,0,0,0,13298,0,277,1802,0,0
contig_29890,0,0,0,1990,1379,0,0,0,0,0,0,0,0,0,0,0,85,0,0,0,0,0,0,0,0,0,0,0,505,691,0,0,0,0,0,0,0,0,0,0,0,0,2674,0,0,0,0,0,17,0,432,152,0,0,0,0,0,0,0,0,0,0,32,0,0,0,0,3392,0,0,0,0,0,0,0,0,0,0,0,0,0,0,0,0,0,0,0,0,3418,0,0,0
contig_29898,0,0,1104,1062,0,0,2047,0,0,0,0,0,0,0,0,0,0,0,0,0,0,0,0,0,0,0,0,0,0,0,0,100,0,0,0,0,0,0,0,0,0,0,0,0,0,0,0,5997,3422,0,0,0,0,0,0,0,0,0,0,0,0,0,0,0,0,0,0,832,0,0,0,0,0,0,0,0,0,0,0,0,0,0,0,0,0,0,0,0,0,0,0,0
contig_299,0,0,0,0,0,0,0,0,0,0,0,0,0,0,0,0,0,0,0,0,0,0,0,0,0,0,0,0,0,0,0,0,0,0,0,0,0,0,0,0,0,0,2847,0,0,0,0,0,0,0,0,0,0,0,0,0,0,0,0,0,0,0,0,0,0,0,5552,0,0,0,0,0,0,0,0,0,0,0,0,0,0,0,0,0,0,0,7303,0,976,0,0,0
contig_29905,0,0,0,0,0,0,0,0,0,0,0,0,0,0,0,0,0,0,0,0,0,0,0,0,0,0,0,0,0,0,0,197,0,0,6259,0,0,6053,0,0,0,47,837,0,1167,0,0,0,0,0,0,0,0,0,0,0,0,0,0,0,0,0,0,0,0,0,0,0,0,0,0,0,0,0,0,0,0,0,0,0,0,0,0,0,0,0,0,0,210,0,0,0
contig_29912,0,0,0,0,0,0,0,0,0,0,0,0,0,0,0,0,0,0,0,0,0,0,0,0,0,0,0,0,0,1943,0,0,2626,0,0,0,0,0,0,111,0,0,0,0,0,0,0,47,235,0,0,0,0,5395,0,0,0,0,0,112,0,1880,0,0,0,0,0,132,0,0,0,0,0,2292,0,0,0,0,0,0,292,0,0,0,0,0,468,0,0,1126,0,0
contig_29916,0,0,0,96,0,175,2666,0,0,0,0,0,0,0,0,0,0,0,0,0,0,0,0,0,0,0,0,0,6680,2327,574,0,0,0,0,0,0,0,0,0,0,0,0,0,0,0,0,0,0,0,0,0,0,0,0,0,379,0,0,0,2545,0,0,867,0,0,0,870,4196,0,0,0,0,0,0,0,0,0,0,0,840,0,0,0,0,0,0,0,0,0,0,0
contig_29936,0,0,512,0,0,0,0,0,0,0,0,0,0,0,0,0,0,0,0,0,0,0,0,0,0,0,0,0,0,0,0,0,0,0,0,0,0,0,0,0,0,0,0,0,0,0,0,324,247,595,0,0,0,0,0,0,0,0,0,0,0,0,0,0,0,0,0,0,0,0,0,0,0,0,0,0,0,0,0,0,0,0,0,0,0,0,0,0,0,0,0,0
contig_29970,0,0,0,0,0,0,0,0,0,0,0,0,0,0,0,0,0,0,0,0,0,0,0,0,0,0,0,0,0,0,0,0,0,0,0,0,0,0,0,0,0,0,0,0,0,0,0,0,151,52,276,0,0,0,0,0,0,0,0,0,0,168,0,0,0,0,0,0,0,41,0,0,0,0,0,0,0,0,0,0,0,0,0,0,0,0,0,0,0,0,0,0
contig_29974,0,0,10111,977,2341,7912,0,0,0,0,0,0,0,0,0,0,0,0,0,0,0,0,0,0,0,0,0,0,0,0,0,0,0,0,0,0,0,0,0,0,0,0,39705,0,0,0,0,0,2532,0,474,0,0,0,0,0,0,0,0,0,0,22090,0,0,0,0,0,601,0,2459,0,0,0,0,0,0,0,0,0,0,360,0,0,0,0,0,0,0,0,0,0,0
contig_29978,0,0,0,1039,748,301,641,0,0,0,0,0,0,0,2382,0,2773,0,0,0,0,0,0,0,0,0,0,0,1174,1528,0,1197,2738,0,0,0,0,3338,0,0,0,0,0,0,0,0,1141,288,1464,821,344,0,0,0,0,0,684,0,0,0,1579,587,0,0,906,0,0,398,4256,0,0,0,44,5814,0,0,0,0,0,0,92,0,0,0,0,0,4250,0,45,1034,0,0
contig_29989,0,0,0,0,0,0,0,0,0,0,0,0,0,0,0,0,0,0,0,0,0,0,0,0,0,0,0,0,0,0,0,710,340,0,0,0,0,0,0,0,0,0,0,0,0,0,0,0,84,0,99,0,0,0,0,0,0,0,0,0,0,0,0,0,0,0,0,0,514,0,0,0,0,0,0,0,0,0,0,0,0,0,0,0,0,0,0,0,0,0,0,0
contig_29990,0,0,0,2480,0,1942,0,0,0,0,0,0,0,0,5099,288,651,0,0,0,0,0,0,0,0,0,0,285,281,648,129,2957,10760,0,0,0,0,8607,0,0,0,0,0,0,0,971,4884,973,1610,863,271,0,0,4516,0,0,676,0,2243,2318,1359,1415,0,0,7620,0,790,1963,0,0,0,0,0,817,0,0,0,0,0,0,22112,0,0,0,0,0,563,0,0,360,0,0
contig_300,0,0,0,0,0,0,0,0,0,0,0,0,0,0,0,0,0,0,0,0,0,0,0,0,0,0,0,0,0,0,0,0,0,0,0,0,0,0,0,0,0,0,0,0,0,0,0,0,0,0,51,0,0,0,0,0,0,0,0,0,13410,268,0,0,0,0,0,0,0,0,0,0,0,0,0,0,0,0,0,0,0,0,0,0,0,0,0,0,0,0,0,0
contig_30004,0,0,0,0,350,0,0,0,0,0,0,0,0,0,0,0,0,0,0,0,0,0,0,0,0,0,0,0,0,0,0,0,0,0,0,0,0,0,0,0,0,0,0,0,0,0,0,0,0,0,0,0,0,0,0,0,0,0,0,0,0,621,0,0,38,0,0,0,0,0,0,0,0,0,0,0,0,0,0,0,0,0,0,0,0,0,0,0,89,0,0,0
contig_30028,0,0,0,0,0,0,0,0,0,0,0,0,0,0,0,0,99,0,0,0,0,0,0,0,0,0,0,0,0,0,0,0,0,0,0,0,0,0,0,0,0,0,0,0,0,0,0,0,0,0,0,0,0,0,0,0,246,0,0,0,105,0,0,0,0,0,0,0,0,0,0,0,0,0,0,0,0,0,0,0,0,0,0,0,0,0,0,0,0,0,0,0
contig_30049,0,0,0,0,0,14009,1271,0,0,0,0,0,0,0,0,0,0,0,0,0,0,0,0,0,0,0,0,0,0,7981,0,0,0,0,0,0,0,0,0,0,0,0,0,0,0,13351,0,0,0,0,0,0,0,41,0,0,0,0,1931,8124,14909,343,0,0,0,0,0,0,0,0,0,0,0,0,0,0,0,0,0,0,0,0,0,0,0,0,0,0,0,0,0,0
contig_30067,0,69,0,0,0,0,0,0,0,0,0,0,0,0,79,0,41,0,0,0,0,0,0,0,0,0,0,0,0,0,0,0,610,0,0,0,0,0,0,151,0,0,0,0,0,0,121,0,0,0,0,0,0,599,0,51,122,0,0,0,0,0,0,0,0,0,66,74,0,0,0,0,0,2112,0,368,0,0,0,0,97,0,0,0,0,0,379,0,0,198,0,0
contig_30086,0,0,0,731,0,0,0,0,0,0,0,0,0,0,0,0,0,0,0,0,0,0,0,0,0,0,0,0,0,0,0,0,0,0,0,0,0,0,0,0,0,0,189,0,0,0,0,0,0,0,0,0,0,0,0,0,0,0,0,0,0,0,0,0,0,0,0,622,0,0,0,0,0,0,0,0,0,0,0,0,0,0,0,0,0,0,0,0,76,0,0,0
contig_30099,0,0,0,0,0,0,0,0,0,0,0,0,0,264,0,0,0,0,0,0,0,0,0,0,0,0,0,0,0,0,0,0,0,0,0,0,0,1881,0,0,0,0,0,0,62,0,0,0,0,0,0,0,0,0,0,0,0,0,0,0,0,2722,0,0,0,0,0,0,0,0,0,0,0,0,0,0,0,0,0,0,0,0,0,0,0,0,0,0,0,0,0,0
contig_30117,0,0,0,0,0,0,0,0,0,0,0,0,0,0,0,0,0,0,0,0,0,0,0,0,0,0,0,0,0,0,0,0,0,0,0,0,0,0,0,0,0,0,0,0,0,0,172,289,209,77,119,0,0,0,0,0,0,0,0,0,25465,595,0,0,0,0,0,0,0,0,0,0,0,0,0,0,0,0,0,0,0,0,0,0,0,0,0,0,0,0,0,0
contig_30135,0,0,0,780,341,0,0,0,0,0,0,0,0,0,0,0,0,0,0,0,0,0,0,0,0,0,0,0,0,0,0,0,0,0,0,0,0,1504,0,0,0,0,634,0,743,0,0,0,0,0,0,0,0,0,0,0,0,0,0,0,0,0,0,0,0,0,0,0,0,0,0,0,0,0,0,0,0,0,0,0,0,0,0,0,0,0,0,0,0,0,0,0
contig_30136,0,107,0,0,0,199,343,0,0,0,0,0,0,0,1060,2886,3744,0,0,0,0,148,0,0,0,0,0,0,686,4561,0,53,0,0,0,0,0,0,0,0,0,0,0,0,0,170,1920,971,1043,1305,471,0,0,0,0,0,1360,0,1549,490,5242,843,0,499,0,0,0,138,0,0,0,0,0,502,0,0,0,0,0,0,122,0,0,0,0,0,527,0,0,0,0,0
contig_30138,0,0,0,0,0,0,0,0,0,0,0,0,0,0,0,0,0,0,0,0,0,0,0,0,0,0,0,0,0,0,0,0,0,0,0,0,0,0,0,0,0,0,0,0,0,0,0,0,0,0,0,0,0,0,0,0,0,0,0,0,55,187,0,0,0,0,0,0,0,0,0,0,0,0,0,0,0,0,0,0,0,0,0,0,0,0,0,0,0,86,0,0
contig_30147,0,0,0,0,0,0,0,0,0,0,0,0,0,0,2070,23310,0,0,0,0,0,0,0,0,0,0,0,0,0,0,0,0,0,0,0,0,0,0,0,2153,0,0,0,0,0,0,0,0,0,0,0,0,0,210,0,0,0,0,4457,0,0,0,0,0,0,0,0,0,0,0,0,0,0,1415,0,0,0,0,0,0,0,0,0,0,0,0,3358,0,0,0,0,0
contig_30153,0,0,0,0,0,0,0,0,0,0,0,0,0,0,0,0,0,0,0,0,0,0,0,0,0,0,0,0,0,618,0,110,37,0,0,0,0,0,0,0,0,0,0,0,0,0,0,0,1347,1639,2505,0,0,0,0,0,2662,0,0,0,0,0,0,0,0,0,166,890,1782,0,0,0,0,2136,0,0,0,0,0,0,0,0,0,0,0,0,0,0,0,91,0,0
contig_3016,0,0,0,0,0,0,0,0,0,0,0,0,0,0,0,0,0,0,0,0,0,0,0,0,0,0,0,0,0,0,0,0,0,0,0,0,0,0,0,0,0,0,131,0,34,0,0,0,0,0,0,0,0,0,0,0,0,0,0,0,0,0,0,0,0,0,0,0,0,0,0,0,0,27,0,0,0,0,0,0,0,0,0,0,0,0,0,0,0,0,0,0
contig_302,0,0,0,0,0,0,0,0,0,0,0,0,0,0,0,0,0,0,0,0,0,0,0,0,0,0,0,0,0,0,0,0,0,0,0,0,0,0,0,3079,0,0,0,0,0,0,0,0,0,0,0,0,0,0,0,0,0,405,0,0,0,0,0,0,0,0,0,0,0,0,0,0,0,1611,0,0,0,0,0,0,0,0,0,0,0,0,0,0,0,731,0,0
contig_30200,0,0,0,0,0,0,0,0,0,0,0,0,0,0,0,0,0,0,0,0,0,0,0,0,0,0,0,98,0,0,0,0,0,0,0,0,0,0,0,0,0,0,0,0,0,246,0,0,0,0,0,0,0,0,0,0,0,0,0,85,0,0,0,0,0,0,0,57,0,0,0,0,0,0,0,0,0,0,0,0,0,0,0,0,0,0,0,0,0,44,0,0
contig_30201,0,0,0,358,922,0,0,0,0,0,0,0,0,0,0,0,638,0,0,0,0,0,0,0,0,0,0,0,0,0,0,1106,246,0,0,0,0,610,0,0,0,0,225,0,0,0,0,1317,0,0,0,0,0,0,0,0,0,0,0,205,709,16325,0,0,0,0,0,315,239,293,0,0,0,16165,0,0,0,0,0,0,222,0,0,0,0,0,0,0,0,0,0,0
contig_30208,0,966,3540,0,0,701,3364,0,0,0,0,0,0,0,4431,1904,0,0,0,0,0,734,0,0,0,0,0,0,2938,4966,8666,0,1895,0,0,0,0,0,0,782,0,0,0,0,0,1066,4850,1233,1601,0,472,0,0,0,0,0,2354,0,0,2779,9839,3951,0,0,0,0,0,894,3731,219,245,0,0,1211,0,0,0,0,0,0,0,0,0,0,0,0,5550,0,214,6561,0,0
contig_30211,0,2032,2170,362,0,953,1568,0,0,0,0,0,0,0,8041,0,1203,0,0,0,0,0,0,0,0,115,0,700,338,1225,0,0,469,0,0,0,0,107,0,1124,0,0,0,0,0,0,187,579,1438,528,0,0,0,0,0,0,1216,0,0,818,6664,0,0,583,465,0,0,1598,0,191,0,0,0,2060,0,0,0,0,0,0,407,0,0,0,0,0,0,0,0,0,0,0
contig_30220,0,0,0,0,0,0,0,0,0,0,0,0,0,0,0,0,0,0,0,0,0,0,0,0,0,0,0,0,0,56,0,0,0,0,0,0,0,0,0,0,0,0,0,0,0,99,0,0,0,0,0,0,0,0,1161,0,0,0,0,0,0,85,0,0,0,0,0,26,0,0,0,0,0,0,0,0,0,0,0,0,0,0,0,0,0,0,0,0,0,164,0,0
contig_30221,0,0,0,1684,0,1797,0,0,0,0,0,0,0,0,0,0,0,0,0,0,0,0,0,0,0,0,0,0,0,0,0,91,0,0,0,0,0,0,0,0,0,0,0,0,0,0,0,679,0,60,0,0,0,806,0,0,0,0,0,0,0,1008,590,0,0,0,0,1883,0,0,0,0,0,0,0,0,0,0,0,0,735,0,0,0,0,0,0,0,162,0,0,0
contig_30223,0,0,0,0,0,0,0,0,0,0,0,0,0,0,0,0,0,0,0,0,0,0,0,0,0,0,0,0,0,0,0,70,0,0,0,0,0,623,0,0,0,0,0,0,0,0,0,0,0,0,0,0,0,0,0,0,0,0,0,0,0,0,0,0,0,0,0,0,0,0,0,0,0,0,0,0,0,0,0,0,0,0,0,0,0,0,0,0,0,788,199,0
contig_30242,0,3747,1551,656,0,545,3406,0,0,0,0,0,0,0,0,0,0,0,0,0,0,0,0,0,0,0,0,220,0,1407,1558,351,1844,0,0,0,0,0,124,0,0,0,0,0,0,0,0,1142,3881,0,4280,0,0,0,0,2557,2456,0,0,1330,10008,1672,0,375,687,0,0,264,0,555,0,0,0,7344,0,0,0,0,0,0,60,0,0,0,0,0,0,0,0,0,0,0
contig_30252,0,0,0,0,0,0,0,0,0,0,0,0,0,0,0,0,0,0,0,35,0,0,0,0,0,0,0,0,0,0,0,41,345,0,307,0,0,0,0,0,0,0,0,0,0,0,0,0,0,0,0,0,0,0,0,25,0,62,0,0,0,0,0,0,0,0,0,0,0,0,0,0,0,0,0,0,0,0,0,0,0,0,0,0,0,0,0,0,0,0,0,0
contig_30256,0,0,0,0,0,0,0,0,0,0,0,0,0,0,0,95,0,0,0,0,0,0,0,0,0,0,0,7153,0,101,0,0,0,0,0,0,0,0,0,0,0,0,0,0,0,4690,0,0,0,0,0,0,0,0,0,0,0,0,0,15993,695,246,0,0,0,0,0,0,0,0,0,0,0,0,0,0,0,0,0,0,0,0,0,0,0,0,0,0,0,0,0,0
contig_30262,0,0,0,0,0,0,82,0,0,0,0,0,0,0,0,0,0,0,0,0,0,0,0,0,0,0,0,0,0,4382,582,462,1506,0,0,0,0,0,0,0,0,0,0,0,0,0,0,0,0,0,0,1955,0,0,0,0,0,0,0,0,0,0,0,2601,0,0,0,696,496,0,0,0,0,22759,0,0,0,0,0,0,0,0,0,0,0,0,0,0,0,911,0,0
contig_30267,0,2712,0,0,0,0,0,0,0,0,0,0,0,0,6831,40663,10018,0,0,0,0,0,0,0,0,0,0,3041,0,2024,0,0,0,0,0,0,0,0,0,0,0,0,45,0,0,7036,0,0,0,0,0,85,0,0,0,0,694,48,4172,0,11637,1074,0,52,0,0,0,0,0,0,0,0,0,2960,0,0,0,0,0,0,0,0,0,0,0,0,3416,0,14,0,0,0
contig_30273,0,0,0,0,0,0,0,0,0,0,0,0,0,0,0,0,0,0,0,0,0,0,0,0,0,0,0,0,0,232,0,0,0,0,0,0,0,0,0,65,0,0,0,0,0,0,0,0,94,0,0,0,0,0,0,0,75,0,0,0,495,129,0,0,0,0,0,59,0,0,0,0,0,132,0,0,0,0,0,0,0,0,0,0,0,0,165,0,0,64,0,0
contig_30285,0,0,0,1201,0,0,883,0,0,0,0,0,0,0,0,0,0,0,0,0,0,104,0,0,0,0,0,0,0,0,0,139,442,0,0,0,0,0,0,0,0,0,0,0,0,248,0,0,0,0,0,0,0,0,0,0,0,0,0,654,0,170,0,0,0,0,0,1701,5781,0,0,0,0,0,0,0,0,0,0,0,0,0,0,0,0,0,81,0,0,0,0,0
contig_30287,0,0,0,0,0,0,0,0,0,0,0,0,0,0,0,0,0,0,0,0,0,0,0,0,0,0,0,0,0,74,0,0,283,0,0,0,0,218,0,0,0,0,41,0,0,0,0,0,115,0,0,0,0,24,0,105,113,0,0,0,0,480,49,0,0,0,0,298,296,0,0,0,0,630,0,0,0,0,0,0,0,0,0,0,0,0,0,0,0,0,0,0
contig_30293,0,0,0,0,0,0,0,0,0,0,0,0,0,0,0,0,0,0,0,0,0,0,0,0,0,0,0,0,0,0,0,554,0,0,0,0,0,0,0,1848,0,0,0,0,0,0,0,0,471,0,500,0,0,0,0,0,0,0,0,0,0,0,0,0,0,0,0,0,0,0,0,0,0,0,0,0,0,0,0,0,0,0,0,0,0,0,0,0,0,44,0,0
contig_30295,0,0,0,0,0,0,0,0,0,0,0,0,0,0,0,0,0,0,0,0,0,0,0,0,0,0,0,0,0,300,0,0,0,0,0,0,0,0,0,0,0,0,0,0,0,0,0,0,270,0,0,0,0,0,0,19,127,0,0,0,0,318,0,0,0,0,0,0,0,0,0,0,0,755,0,0,0,0,0,0,0,0,0,0,0,0,0,0,0,0,0,0
contig_303,0,0,0,0,0,0,0,0,0,0,0,0,0,0,0,0,0,0,0,0,0,0,0,0,0,0,0,0,0,650,0,934,2162,0,0,0,0,0,0,0,0,0,0,0,0,0,0,0,561,223,0,0,0,1004,0,0,908,0,0,0,750,838,0,0,0,0,0,0,0,0,0,0,0,8055,0,0,0,0,0,0,0,0,0,0,0,0,1996,0,0,550,0,0
contig_30319,0,0,0,0,0,0,0,0,0,0,0,0,0,0,0,0,0,0,0,0,0,0,0,0,0,0,0,0,0,0,0,0,1184,0,0,0,0,0,0,0,0,0,0,0,0,0,0,0,0,0,0,0,0,0,0,0,0,0,2205,0,0,0,0,0,0,0,0,0,0,0,0,0,0,224,0,0,0,0,0,0,0,0,0,0,0,0,0,0,0,0,0,0
contig_30324,0,0,0,0,0,0,0,0,0,0,0,0,0,0,0,0,0,0,0,0,0,0,0,0,0,0,0,0,0,0,0,0,0,0,0,0,0,0,0,0,0,0,0,0,0,0,0,0,0,0,0,0,0,0,0,0,698,0,0,0,0,91,0,0,0,0,0,0,0,0,0,0,0,0,0,0,0,0,0,0,0,0,0,0,0,0,154,0,0,149,0,0
contig_30330,0,0,481,0,0,0,0,0,0,0,0,0,0,0,0,0,6503,0,0,0,0,0,0,0,0,0,0,0,0,613,0,0,0,0,0,0,0,0,0,468,0,0,0,0,0,0,0,145,231,161,0,0,0,0,0,0,0,0,0,0,1291,0,0,0,0,0,0,0,0,0,0,0,0,0,0,0,0,0,0,0,0,0,0,0,0,0,0,0,0,0,0,0
contig_30333,474367,0,0,0,0,0,8300,0,0,0,0,0,0,0,0,42219,2440,0,0,0,0,0,0,0,0,0,0,0,98979,24929,0,0,0,0,0,0,0,0,0,427,0,0,0,0,0,27484,0,0,0,0,0,0,0,0,0,0,141,0,4554,26914,37773,0,0,0,0,0,0,0,0,0,0,0,0,0,0,0,0,0,0,0,0,0,0,0,0,0,0,0,0,0,0,0
contig_30344,0,0,0,0,0,0,0,0,0,0,0,0,0,0,0,0,26,0,0,0,0,0,0,0,0,0,0,0,0,0,0,245,911,0,0,0,0,0,0,0,0,0,0,0,0,0,0,0,420,108,0,0,0,0,0,0,0,0,0,0,0,65,0,0,0,0,0,33,79,27,0,0,0,0,0,0,0,0,0,0,0,0,0,0,0,0,0,0,0,0,0,0
contig_30372,0,0,0,0,0,0,0,0,0,0,0,0,0,0,0,0,0,0,0,0,0,0,0,0,0,0,0,0,0,0,0,449,2385,0,805,0,0,0,0,465,0,0,0,0,201,0,0,0,1682,0,0,0,854,6035,0,0,0,1043,0,0,0,0,0,0,0,0,795,1306,922,0,0,0,0,0,0,0,0,0,0,0,0,0,0,0,0,0,9611,0,0,3458,0,0
contig_30379,0,0,0,0,0,0,0,0,0,0,0,0,0,0,0,0,0,0,0,0,0,0,0,0,0,0,0,0,0,0,0,0,0,0,0,0,0,0,0,60,0,0,0,0,0,0,0,0,0,0,0,0,0,0,0,0,77,0,0,0,0,0,0,0,0,0,0,145,0,0,0,0,0,1102,0,0,0,0,0,0,104,0,0,0,0,0,553,0,49,302,0,0
contig_304,0,769,0,98,0,0,0,0,0,0,0,0,0,0,0,2156,0,0,0,0,0,0,0,0,0,0,0,0,8072,2483,0,374,4774,0,0,0,0,0,171,594,0,0,0,0,0,3311,8988,4172,0,0,968,16,2993,0,63237,0,187,0,532,7207,3214,454,0,872,0,0,0,393,1359,0,0,0,0,0,0,0,0,0,0,0,0,0,0,0,0,0,1777,0,378,4939,0,0
contig_30400,0,0,0,0,0,0,0,0,0,0,0,0,0,0,0,0,0,0,0,0,0,57,0,0,0,0,0,0,0,0,0,0,0,0,0,0,0,0,0,0,0,76,0,0,0,0,388,64,0,0,0,0,0,0,0,0,0,0,0,0,0,364,0,0,0,0,0,0,0,0,0,0,0,0,0,0,0,0,0,0,0,0,0,0,0,0,0,0,0,0,0,0
contig_30403,0,818,0,1325,0,0,0,0,0,0,0,0,0,0,0,0,638,0,0,0,0,0,0,0,0,0,0,0,0,276,0,0,0,0,0,0,0,0,0,361,0,0,0,0,0,0,0,0,566,0,0,0,0,0,0,0,0,0,0,0,2988,1123,0,0,0,0,0,2227,0,0,0,0,0,2443,0,0,0,0,0,0,0,0,0,0,0,0,0,0,0,0,0,0
contig_30421,0,0,0,0,0,0,0,0,0,0,0,0,0,0,0,0,6109,0,0,0,0,0,0,0,0,0,0,0,0,1771,0,0,0,0,0,0,0,0,0,0,0,0,0,0,0,0,0,0,2827,0,1413,0,0,0,0,0,6762,86,5031,6311,7806,615,0,0,0,0,0,264,0,0,0,0,0,0,0,0,0,0,0,0,0,0,0,0,0,0,0,0,0,439,0,0
contig_30432,0,0,0,0,0,239,0,0,0,0,0,0,0,0,0,0,0,0,0,0,0,0,0,0,0,0,0,0,0,1964,0,0,0,0,0,0,0,0,0,0,0,0,0,0,0,0,0,0,0,0,484,0,0,0,0,0,0,0,0,2093,26756,1379,0,0,0,0,0,646,0,0,0,0,0,0,0,0,0,0,0,0,0,0,0,0,0,0,0,0,0,0,0,0
contig_30435,0,0,0,0,0,0,0,0,0,0,0,0,0,0,0,0,0,0,0,0,0,0,0,0,0,0,0,0,0,0,0,0,0,0,0,0,0,0,0,0,0,0,0,0,0,1026,0,0,0,0,365,0,0,0,8615,0,0,0,0,3810,1272,68,0,0,0,0,0,0,0,0,0,0,0,0,0,0,0,0,0,0,0,0,0,0,0,0,0,0,32,370,0,0
contig_30446,0,0,0,0,0,0,0,0,0,0,0,0,0,0,0,0,36,0,0,0,0,0,0,0,0,0,0,0,0,0,0,0,320,0,0,0,0,0,0,0,0,0,0,0,0,0,0,0,370,67,0,0,0,0,0,0,0,0,0,0,0,0,0,0,0,0,0,0,0,0,0,0,0,0,0,0,0,0,0,0,0,0,0,0,0,0,0,0,0,0,0,0
contig_30462,0,0,0,0,0,0,0,0,0,0,0,0,0,72,0,0,0,0,0,0,0,0,0,0,0,0,0,0,0,2226,0,0,0,0,0,0,0,264,0,0,0,60,3791,0,0,0,0,0,0,0,0,62,0,0,0,0,0,4477,0,0,0,4343,0,0,0,0,0,0,0,648,0,0,706,0,0,0,34,0,0,0,0,0,0,0,0,0,0,0,0,0,0,0
contig_30482,0,0,0,0,0,0,0,0,0,0,0,0,0,0,0,0,2274,0,0,0,0,0,0,0,0,0,0,0,0,4475,0,0,0,0,0,0,0,0,0,0,0,35,0,0,0,846,0,0,987,0,232,0,0,0,0,0,0,0,0,0,3729,796,0,0,0,0,0,0,0,0,0,0,0,0,0,0,46,0,0,0,0,0,0,0,0,0,0,0,0,407,0,0
contig_30483,0,0,0,0,0,0,0,0,0,0,0,0,0,0,0,0,0,0,0,0,0,0,0,0,0,0,0,0,0,0,0,0,0,0,0,0,0,0,0,0,0,0,0,0,0,0,0,0,0,0,0,0,0,0,0,0,0,0,0,0,0,0,0,0,0,0,0,3032,0,0,0,0,0,582,0,0,0,0,0,0,0,0,0,0,0,0,0,0,123,997,0,0
contig_30494,0,0,0,0,0,0,0,0,0,0,0,0,0,0,0,0,0,0,0,0,0,0,0,0,0,0,0,0,0,0,0,0,0,0,0,0,0,0,0,0,0,0,0,0,0,0,0,0,102,0,406,0,0,0,0,0,234,0,0,0,0,0,0,0,0,0,0,833,0,0,0,0,0,0,0,0,0,0,0,0,0,0,0,0,0,0,0,0,0,0,0,0
contig_30515,0,0,0,295,0,0,0,0,0,0,0,0,0,0,430,0,236,0,0,0,0,0,0,0,0,0,0,0,0,357,0,0,0,0,0,0,0,0,0,0,0,0,0,0,78,0,0,0,0,1919,0,0,0,0,0,0,1323,0,0,0,1222,2121,0,0,0,0,0,1451,0,0,0,0,0,235,0,0,0,0,0,0,0,0,0,0,0,0,0,0,0,59,0,0
contig_30516,0,0,0,0,0,0,0,0,0,0,0,0,0,0,0,0,46,0,0,0,0,0,0,0,0,0,0,0,10365,0,0,0,0,0,0,0,0,0,0,0,0,0,0,0,0,0,38,0,0,0,0,0,0,0,0,0,0,0,0,0,3030,500,0,0,0,0,0,0,0,0,0,0,0,0,0,0,0,0,0,0,0,0,0,0,0,0,0,0,0,0,0,0
contig_30522,0,0,0,0,0,0,0,0,0,0,0,0,0,0,0,0,0,0,0,0,0,0,0,0,0,0,0,0,0,0,0,163,0,0,0,0,0,0,0,0,0,0,0,0,0,0,0,0,189,254,0,0,0,0,0,0,0,0,0,0,0,0,0,0,0,0,0,0,0,0,0,0,0,0,0,0,0,0,0,0,0,0,0,0,0,0,484,0,0,0,0,0
contig_30534,0,341,0,0,0,893,0,0,0,0,0,0,0,0,2750,5502,0,0,0,0,0,0,0,0,0,0,0,0,3056,1404,0,0,0,0,0,0,0,0,0,204,0,0,0,0,0,198,0,0,0,0,0,0,0,0,0,0,0,0,0,356,1226,0,0,0,0,0,0,0,0,0,0,0,0,0,0,0,0,0,0,0,0,0,0,0,0,0,0,0,0,290,0,0
contig_30550,0,0,0,0,0,0,0,0,0,0,0,0,0,0,0,0,358,0,0,0,0,0,0,0,0,0,0,0,0,4114,0,0,0,0,0,0,0,0,0,86,0,0,0,0,0,2803,0,421,0,0,347,0,0,0,0,0,5247,0,0,0,6782,1281,0,0,0,0,0,732,3891,135,0,0,0,0,0,0,0,0,0,0,3193,0,0,0,0,0,0,0,0,0,0,0
contig_306,195,0,0,0,0,0,997,0,0,0,0,0,0,0,0,65,66,0,0,0,0,0,0,0,0,0,0,25,16082,389,0,308,0,0,0,0,0,0,0,267,0,0,0,0,0,370,264,0,0,0,0,0,0,330,0,0,493,176,0,696,4338,1372,0,0,0,0,116,0,0,0,0,0,0,3516,0,2614,0,0,0,0,31,0,0,0,0,0,498,0,0,0,0,0
contig_30611,0,0,0,0,0,0,0,0,0,0,0,0,0,0,0,0,20042,0,0,0,0,0,0,0,0,0,0,0,0,3559,157,0,4558,0,0,0,0,0,0,0,0,0,0,0,98,0,0,0,4782,0,0,0,0,0,0,187,0,0,0,0,0,0,0,0,0,0,0,0,0,0,0,0,0,0,0,0,0,0,0,0,0,0,0,0,0,0,62290,0,0,7984,0,0
contig_30635,0,0,0,0,0,0,0,0,0,0,0,0,0,0,0,0,0,0,0,0,0,0,0,0,0,0,0,0,0,44,0,0,239,0,0,0,0,109,0,0,0,0,0,0,0,0,0,0,165,0,0,27,0,0,0,108,0,0,0,0,0,856,0,0,0,0,0,121,246,0,0,0,0,855,0,0,0,0,0,0,0,0,0,0,0,0,0,0,0,0,0,0
contig_30643,0,0,0,816,239,1041,1470,0,0,0,0,0,0,0,805,0,393,0,0,0,0,0,0,0,0,0,0,0,1379,2798,0,727,934,0,0,0,0,927,0,0,0,0,0,0,0,0,4839,669,894,970,238,0,0,0,0,0,0,0,0,0,5121,1893,0,0,1250,0,0,0,0,0,0,0,0,884,0,0,0,0,0,0,1698,0,0,0,0,0,1157,0,59,2592,0,0
contig_30648,0,0,421,0,0,359,0,0,0,0,0,0,0,0,0,0,0,0,0,0,0,0,0,0,0,0,0,0,0,0,0,0,0,0,0,0,0,0,0,0,0,0,0,0,0,0,0,0,619,487,82,0,0,0,0,0,1651,0,0,0,0,0,0,0,0,0,0,394,0,0,0,0,0,0,0,0,0,0,0,0,0,0,0,0,0,0,0,0,0,0,0,0
contig_30650,0,0,0,0,0,0,0,0,0,0,0,0,0,0,503,0,0,0,0,0,0,0,0,0,0,0,0,0,0,0,0,0,0,0,0,0,0,0,0,0,0,0,0,0,0,0,0,0,0,0,0,0,0,0,0,0,0,0,0,0,0,0,0,0,0,0,0,157,0,0,0,0,0,201,0,0,0,0,0,0,2226,0,0,0,0,0,0,0,0,82,0,0
contig_30662,0,12212,0,0,0,0,0,0,0,0,0,0,0,0,0,0,159,0,0,0,0,0,0,0,0,0,0,0,0,1965,0,0,149,0,0,0,0,0,0,0,0,0,0,0,34,0,0,0,101,0,0,0,0,74,0,228,403,0,0,1882,25791,1420,62,194,0,0,0,1193,508,45,32,64,0,811,0,0,0,0,0,30,0,0,0,0,0,0,0,0,0,0,0,0
contig_30667,0,0,0,0,0,0,4601,0,0,0,0,0,0,0,0,0,0,0,0,0,0,0,0,0,0,0,0,0,0,0,0,189,0,0,0,0,0,0,0,0,0,0,0,0,0,0,0,0,0,0,0,0,0,0,0,0,0,0,0,0,0,954,0,0,0,0,0,0,0,0,0,0,0,1779,0,0,0,0,0,0,0,0,0,0,0,0,952,0,0,0,0,0
contig_30670,0,0,0,0,0,0,0,0,0,0,0,0,0,0,0,0,0,0,0,0,0,0,0,0,0,0,0,0,0,2631,0,0,0,0,0,0,0,0,0,0,0,0,0,0,0,0,0,0,3422,0,493,109,615,706,0,0,0,0,0,0,0,314,0,0,0,0,0,1950,0,0,0,0,0,3042,0,0,0,0,0,0,0,0,0,0,0,0,1323,0,0,261,0,0
contig_30685,0,1919,7013,1202,848,0,0,0,0,0,0,0,0,0,1662,0,2772,0,0,0,0,274,0,0,0,354,0,0,0,0,1013,0,0,0,0,0,0,0,0,0,0,0,0,0,0,0,0,5446,0,0,0,0,0,0,0,403,0,0,0,0,6854,1948,0,0,0,0,0,1169,0,0,0,0,0,0,0,0,0,0,0,0,0,0,0,0,0,0,0,0,0,0,0,0
contig_30688,0,0,0,44,0,0,0,0,0,0,0,0,0,0,0,0,0,0,0,0,0,0,0,0,0,0,0,0,0,0,0,1131,1126,0,0,0,0,993,0,0,0,0,0,0,0,0,53,0,0,0,0,0,0,0,0,0,0,0,0,0,0,415,0,0,0,0,0,0,0,0,0,0,0,246,0,0,0,0,0,0,0,0,0,0,0,0,0,0,0,108,0,0
contig_30694,0,13,0,0,0,0,0,0,0,0,0,0,0,0,0,0,0,0,0,0,0,0,0,0,0,0,0,0,520,30,0,0,0,0,0,0,0,0,0,0,0,0,0,0,0,0,0,0,0,0,0,0,76,73,0,0,758,53,0,0,0,177,0,0,0,0,0,0,0,0,0,0,0,363,0,0,0,0,0,0,0,0,0,0,0,0,197,0,0,174,0,0
contig_307,0,0,0,0,0,0,0,0,0,0,0,0,0,0,0,0,0,0,0,0,0,0,0,0,0,0,0,0,0,0,0,0,0,0,0,0,0,0,0,0,0,0,0,0,0,0,0,0,0,0,0,0,0,0,0,0,0,0,0,0,0,0,0,0,0,0,0,1342,92,0,0,0,0,0,0,0,0,0,0,0,0,0,0,0,0,0,0,0,0,389,0,0
contig_30717,0,0,0,0,0,0,0,0,0,0,0,0,0,0,0,0,152,0,0,0,0,0,0,0,0,0,0,0,0,0,91,0,0,0,0,0,0,0,0,0,0,0,0,0,0,0,0,0,0,0,0,0,0,0,0,0,0,0,0,0,0,0,0,0,0,0,0,283,0,0,0,0,0,223,0,0,0,0,0,0,159,0,0,0,0,0,0,0,0,112,0,0
contig_30719,0,0,0,0,0,0,0,0,0,0,115,0,0,0,11654,0,0,0,0,0,0,286,0,0,0,0,0,0,0,0,0,558,1450,0,0,0,0,0,0,1091,0,0,0,0,0,7444,13767,0,3549,4053,1397,0,0,0,0,0,0,0,0,15998,0,0,0,0,2153,0,0,0,5749,0,0,0,0,0,0,0,0,0,0,0,0,0,0,0,0,0,8092,0,0,0,0,0
contig_30735,0,0,0,0,0,0,0,0,0,0,0,0,0,0,0,0,161,0,0,0,0,0,0,66,0,0,0,0,0,1192,0,119,0,0,0,0,0,0,0,459,0,0,15248,0,5456,0,0,264,0,0,1449,457,0,0,0,0,0,5736,0,0,0,7379,0,0,0,0,0,0,0,0,0,0,1049,0,0,0,0,0,0,0,0,0,0,0,0,0,0,0,0,0,0,0
contig_30739,0,524,0,0,0,0,24,0,0,0,0,0,0,0,322,5859,0,0,0,0,0,0,0,0,0,52,0,282,315,113,0,0,0,0,0,0,0,0,128,28,0,0,0,0,0,56,0,0,0,0,0,0,0,3406,0,0,0,0,0,574,342,0,0,312,0,0,0,68,0,0,0,0,0,0,0,0,0,0,0,0,1369,0,0,0,0,0,0,0,0,1585,0,0
contig_30761,0,0,0,0,0,0,0,0,0,0,0,0,0,0,0,0,0,0,0,0,0,0,0,0,0,0,0,0,0,0,0,781,360,0,0,0,0,0,0,0,0,0,0,0,0,0,0,0,155,160,104,0,0,0,0,0,0,0,0,0,0,0,0,0,0,0,0,0,0,0,0,0,0,0,0,0,0,0,0,0,0,0,0,0,0,0,0,0,0,0,0,0
contig_30784,0,0,0,0,0,0,0,0,0,0,0,0,0,0,0,0,0,0,0,0,0,0,0,0,0,0,0,0,0,0,0,0,0,0,0,0,0,0,0,0,0,0,0,0,0,0,0,0,0,0,0,292,17317,7889,0,0,0,0,0,0,0,0,0,0,0,0,0,0,0,0,0,0,0,0,0,0,0,0,0,0,0,0,0,0,0,0,391,0,0,913,0,0
contig_308,0,0,0,0,0,0,0,0,0,0,0,0,0,0,0,0,229,0,0,0,0,0,0,0,0,0,0,0,16317,2199,0,0,0,0,0,0,0,0,0,0,0,0,0,0,0,0,0,0,0,0,0,0,69,0,0,0,701,31,0,0,0,0,0,0,0,0,0,0,0,0,0,0,0,291,0,0,0,0,0,0,0,0,0,0,0,0,108,0,0,142,0,0
contig_30811,0,0,0,0,0,0,0,0,0,0,0,0,0,0,0,0,0,0,0,0,0,0,0,0,0,0,0,0,0,0,0,0,0,0,0,0,0,0,0,0,0,0,0,0,0,0,0,0,0,0,0,0,0,0,0,0,0,0,0,0,0,1786,0,0,0,0,0,0,0,0,0,0,0,70,0,0,0,0,0,0,0,0,0,0,0,0,113,0,0,0,0,0
contig_30814,0,0,0,0,0,0,0,0,0,0,0,0,0,0,0,0,0,0,0,0,0,0,0,0,0,0,0,0,0,0,0,0,0,0,0,0,0,18,0,0,0,0,0,0,0,0,0,0,0,0,0,0,0,0,0,0,0,0,0,0,0,0,0,0,0,0,0,0,0,0,0,0,0,0,0,0,0,0,0,0,0,0,0,0,0,0,0,0,0,161,18,0
contig_30830,0,0,0,0,0,0,0,0,0,0,0,0,0,0,0,0,0,0,0,0,0,0,0,0,0,0,0,0,0,0,0,0,0,0,0,0,0,0,0,0,0,0,0,0,0,0,0,0,0,0,1098,0,0,0,0,0,160,0,0,0,0,0,0,0,0,0,0,10965,74,0,0,0,0,0,0,0,0,0,0,0,0,0,0,0,0,0,0,0,0,0,0,0
contig_30845,0,0,293,0,0,0,0,0,0,0,0,0,0,0,0,3308,0,0,0,0,0,0,0,0,0,0,0,0,0,0,0,0,0,0,0,0,0,0,0,0,0,0,0,0,0,193,158,0,0,0,0,0,0,0,0,0,0,0,0,614,532,0,0,0,0,0,0,0,0,0,0,0,0,0,0,0,0,0,0,0,0,0,0,0,0,0,0,0,0,0,0,0
contig_30850,0,0,0,0,0,0,0,0,0,0,0,0,0,0,0,0,24,0,0,0,0,0,0,0,0,0,0,0,0,0,0,0,0,0,0,0,0,0,0,0,0,0,0,0,0,0,0,0,0,0,0,0,0,0,0,0,0,0,0,0,137,111,0,0,0,0,0,187,0,0,0,0,0,0,0,0,0,0,0,0,0,0,0,0,0,0,0,0,0,0,0,0
contig_30854,0,150,0,188,902,416,0,0,0,0,0,0,0,0,2641,143,1923,0,0,0,0,0,0,0,0,0,0,27,49,0,0,967,0,0,0,0,0,0,0,0,0,0,0,0,0,0,0,142,1194,0,581,0,0,0,0,60,923,0,304,1177,1011,408,0,0,0,0,0,0,0,278,519,0,0,0,0,425,0,0,0,0,0,0,0,0,0,0,182,0,0,246,0,0
contig_30860,0,0,0,0,0,0,0,0,0,0,0,0,0,0,0,0,0,0,0,0,0,0,0,0,0,0,0,0,0,152,0,0,0,0,0,0,0,0,0,0,0,0,0,0,0,0,0,1145,111,0,642,0,0,139,0,0,123,0,0,0,16663,1592,0,0,0,0,0,0,0,0,0,0,0,0,0,0,0,0,0,0,0,0,0,0,0,0,55,0,110,320,0,0
contig_30869,0,0,0,0,0,0,0,0,0,0,0,0,0,0,0,0,0,0,0,0,0,0,0,0,0,0,0,0,0,0,0,0,0,0,0,0,0,0,0,0,0,0,0,0,0,0,0,0,0,0,0,0,0,0,0,0,0,0,0,0,0,148,0,0,0,0,0,44,0,0,0,0,0,0,0,0,0,0,0,0,101,0,0,0,0,0,0,0,0,0,0,0
contig_30875,0,0,0,0,0,0,0,0,0,0,0,0,0,0,0,0,0,0,0,0,0,0,0,0,0,0,0,0,0,0,0,0,63,0,0,0,0,0,0,0,0,0,0,0,0,0,0,0,0,0,0,0,0,0,0,0,1636,0,0,0,0,0,0,182,0,0,0,65,0,0,0,0,0,46933,0,0,0,0,0,0,34,0,0,0,0,0,5299,0,0,0,0,0
contig_30879,0,0,0,0,0,0,0,0,0,0,0,0,0,0,0,0,0,0,0,0,0,0,0,0,0,0,0,0,0,0,0,0,0,0,0,0,0,0,0,0,0,0,0,0,0,1084,0,1164,33,0,0,0,0,0,0,0,0,0,0,3308,0,0,0,0,0,0,0,300,3556,0,0,0,0,0,0,0,0,0,0,0,0,0,0,0,0,0,0,0,0,0,0,0
contig_30899,0,0,0,0,0,0,0,0,0,0,0,0,0,0,0,0,0,0,0,0,0,0,0,0,0,0,0,0,0,831,2254,0,0,0,0,0,0,0,0,0,0,0,0,0,0,0,0,0,0,0,0,0,0,176,0,0,0,0,0,0,0,92,0,0,0,32,0,0,0,0,0,0,0,0,0,0,0,0,0,0,0,0,0,0,0,0,0,0,68,539,0,0
contig_309,0,0,0,0,0,0,0,0,0,0,0,0,0,0,0,0,0,0,0,199,0,0,0,0,0,0,0,0,0,0,0,0,0,0,0,0,0,0,0,0,275,147,109,0,0,0,0,0,0,0,0,0,0,0,0,364,0,0,15950,0,0,0,0,0,0,0,0,0,0,0,0,0,0,373,0,0,48,0,0,0,0,0,0,0,0,0,0,0,0,4925,0,0
contig_30902,0,0,0,0,0,0,0,0,0,0,0,0,0,0,0,0,0,0,0,0,0,0,0,0,0,0,0,0,0,175,0,0,0,0,0,0,0,0,0,0,0,0,0,0,0,0,37,0,64,48,0,0,0,0,0,0,0,0,0,0,0,172,0,0,0,0,0,0,0,0,0,0,0,0,0,0,0,0,0,0,0,0,0,0,0,0,0,0,0,0,0,0
contig_30911,0,0,0,102,0,0,0,0,0,0,0,0,0,0,0,0,0,0,0,0,0,0,0,0,0,0,0,0,0,222,0,0,0,0,0,0,0,0,0,0,0,0,0,0,0,174,0,0,46,0,0,0,0,0,0,0,260,0,0,0,6751,0,0,0,0,0,0,0,0,0,0,0,0,0,0,0,0,0,0,0,0,0,0,0,0,0,0,0,0,0,0,0
contig_30940,0,0,0,0,0,0,0,0,0,0,0,0,0,0,0,0,0,0,0,0,0,0,0,0,0,0,0,0,0,0,0,0,0,0,0,0,0,0,0,0,0,0,0,0,0,0,0,0,0,0,0,0,0,0,0,0,0,0,0,0,58,268,0,0,0,0,0,0,0,0,0,0,0,262,0,0,0,0,0,0,0,0,0,0,0,0,0,0,0,0,0,0
contig_30942,0,112,0,0,0,0,0,0,0,0,0,0,0,0,0,1602,157,0,0,0,0,0,0,0,0,0,0,0,0,118,0,0,0,0,0,0,0,0,0,0,0,0,0,0,0,0,0,0,0,0,0,0,0,0,0,0,0,0,0,216,0,228,0,0,0,0,0,0,0,0,0,0,0,0,0,0,0,0,0,0,0,0,0,0,0,0,0,0,0,0,0,0
contig_30959,0,34,0,0,0,0,0,0,0,0,0,0,0,0,0,0,0,0,0,0,0,0,0,0,0,0,0,0,0,0,0,0,0,0,0,0,0,0,0,0,0,0,0,0,0,0,0,0,198,0,0,0,0,0,0,0,0,0,0,0,0,69,0,0,0,0,0,34,0,0,0,0,0,0,0,0,0,0,0,0,0,0,0,0,0,0,0,0,0,0,0,0
contig_30965,0,0,0,116,50,0,0,0,0,0,0,0,0,0,0,0,0,0,0,0,0,0,0,0,0,0,0,0,0,0,0,0,0,0,0,0,0,0,0,0,0,0,0,0,0,0,0,0,0,326,229,0,0,0,0,142,0,0,0,0,568,0,0,0,0,0,0,0,0,0,0,0,0,192,0,0,0,0,0,0,0,0,0,0,0,0,0,0,0,0,0,0
contig_30973,0,0,0,0,0,0,0,0,0,0,0,0,0,0,0,5832,0,0,0,0,0,0,0,0,0,0,0,659,0,0,0,0,0,0,0,0,0,0,0,0,0,0,0,0,0,0,0,0,0,0,0,0,0,0,0,0,0,0,0,0,0,108,0,0,0,0,0,0,0,0,0,0,0,0,0,0,0,0,0,0,0,0,0,0,0,0,0,0,0,0,0,0
contig_30983,29,686,285,0,0,231,0,0,0,0,0,0,0,0,5931,3115,1095,0,0,0,0,0,0,0,0,0,0,0,514,3250,0,0,0,0,0,0,0,0,0,0,0,0,0,0,0,611,0,753,844,507,366,0,0,0,0,0,702,0,3239,684,5158,165,0,0,151,0,0,228,0,0,0,0,0,1332,0,0,0,0,0,0,0,0,0,0,0,0,0,0,0,0,0,0
contig_30997,0,0,0,0,0,0,0,0,0,0,0,0,0,0,0,0,122,0,0,0,0,0,0,0,0,0,0,0,0,84,0,0,0,0,0,0,0,0,0,0,0,0,0,0,0,0,0,0,0,0,518,0,0,0,0,0,304,0,0,0,0,1027,0,0,0,0,0,0,0,0,0,0,0,0,0,0,0,0,0,0,0,0,0,0,0,0,0,0,0,411,0,0
contig_31023,0,0,0,0,0,0,0,0,0,0,0,0,0,0,0,0,0,0,0,0,0,0,0,0,0,0,0,0,0,0,0,139,0,0,0,0,0,239,0,0,0,138,209,0,0,0,0,0,0,0,0,0,0,0,0,607,0,0,995,0,0,0,0,0,0,0,0,0,0,0,0,0,0,1583,0,0,0,0,0,0,0,0,0,0,0,0,0,0,0,1318,0,0
contig_31028,0,145,890,311,0,533,0,0,0,0,57,0,0,0,2168,185,1720,0,0,0,0,0,0,0,0,39,0,0,292,2641,600,450,0,0,0,0,0,0,0,0,0,0,0,0,0,368,933,683,1668,540,240,0,0,0,0,0,824,0,0,794,5712,668,0,0,447,0,0,192,528,0,0,0,0,2079,0,804,0,0,0,0,284,0,0,0,0,0,226,0,0,391,0,0
contig_31049,0,0,0,0,0,0,0,0,0,0,0,0,0,0,0,0,0,0,0,181,0,0,0,0,0,0,0,0,0,0,0,0,0,0,0,0,0,0,0,0,0,0,29,0,0,0,0,0,0,0,0,0,0,0,0,0,0,0,0,0,0,0,0,0,0,0,0,0,0,0,0,0,0,0,0,0,0,0,0,0,0,0,0,0,0,0,0,0,0,55,0,0
contig_31058,0,7099,0,0,0,0,0,0,0,0,0,0,0,0,0,0,0,0,0,0,0,0,0,0,0,0,0,0,0,0,0,0,0,0,0,0,0,0,0,0,0,0,0,0,0,0,176,166,128,298,481,0,0,0,0,0,125,0,0,0,0,0,0,0,0,0,0,1452,0,0,0,0,0,0,0,0,0,0,0,0,339,0,0,0,0,0,0,0,0,0,0,0
contig_31061,0,0,328,0,0,0,5320,0,0,0,0,0,0,0,6659,3328,679,0,0,0,0,0,0,0,0,0,0,939,850,0,0,1966,0,0,0,0,0,0,0,0,0,0,0,0,0,2561,0,2130,1276,0,0,0,0,4055,0,0,369,0,1841,6783,4378,2778,0,0,0,0,0,0,0,0,0,0,0,0,0,0,0,0,0,0,43299,0,0,0,0,0,437,0,0,0,0,0
contig_31097,0,0,0,0,0,0,0,0,0,0,0,0,0,0,0,0,0,0,0,0,0,0,0,0,0,0,0,0,0,0,0,0,0,0,0,0,0,0,0,0,0,0,0,0,0,0,0,0,64,0,0,0,0,0,0,0,235,0,0,0,0,0,0,0,0,0,0,885,449,0,0,0,0,0,0,0,0,0,0,0,0,0,0,0,0,0,0,0,0,0,0,0
contig_31099,0,0,27675,0,0,0,0,0,0,0,0,0,0,0,0,0,14918,0,0,0,0,0,0,0,0,0,0,0,1119,13440,0,0,0,0,0,0,0,0,0,821,0,0,0,0,0,0,0,0,504,691,0,0,0,0,0,0,292,0,0,0,13921,0,0,0,345,0,0,194,0,0,0,0,0,0,0,0,0,0,0,0,0,0,0,0,0,0,0,0,0,0,0,0
contig_311,0,0,0,0,0,0,0,0,0,0,0,0,0,0,0,0,0,0,0,0,0,0,0,0,0,0,0,0,0,0,0,0,0,0,0,0,0,0,0,0,0,0,0,0,0,0,0,0,0,0,486,0,0,0,0,0,971,0,0,0,0,0,0,0,0,0,0,10374,61,0,0,0,0,0,0,0,0,0,0,0,0,0,0,0,0,0,0,0,0,0,0,0
contig_31104,0,0,0,0,0,0,0,0,0,0,0,0,0,0,0,0,0,0,0,0,0,0,0,0,0,0,0,0,0,0,0,652,820,0,0,0,0,372,0,0,0,0,0,0,84,0,0,0,0,0,0,0,0,0,0,0,0,0,0,0,0,0,0,0,0,0,0,0,0,0,0,0,0,0,0,0,0,0,0,0,0,0,0,0,0,0,0,0,0,0,0,0
contig_31115,0,0,0,34,0,0,0,0,0,0,0,0,0,0,413,0,0,0,0,0,0,0,0,0,0,0,0,0,0,0,0,0,0,0,0,0,0,0,0,0,0,0,0,0,0,0,0,0,0,0,0,0,0,0,0,0,84,0,0,0,274,0,0,0,0,0,0,0,0,0,0,0,0,0,0,0,0,0,0,0,0,0,0,0,0,0,0,0,0,0,0,0
contig_31122,0,0,0,0,0,0,0,0,0,0,0,0,0,0,0,0,0,0,0,0,0,0,0,0,0,0,0,0,0,2716,0,0,0,0,0,0,0,0,0,0,0,0,0,0,0,0,0,0,0,0,0,2066,0,0,0,0,0,0,0,0,0,0,0,0,0,0,0,0,0,0,0,0,0,24310,0,0,0,0,0,0,0,0,0,0,0,0,3107,0,0,1740,0,0
contig_31136,0,0,0,0,0,0,0,0,0,0,0,0,0,0,0,0,0,0,0,0,0,0,0,0,0,0,0,0,0,0,0,201,0,0,5287,0,145,6123,0,0,0,52,793,0,986,0,0,0,0,0,0,0,0,0,0,0,0,0,0,0,0,0,0,0,0,0,0,0,0,0,0,0,0,0,0,0,0,0,0,0,0,0,0,0,0,0,0,0,207,0,0,0
contig_31157,0,0,0,0,0,0,0,0,0,0,0,0,0,0,0,0,1496,0,0,32,0,0,0,0,0,0,0,0,0,2966,0,0,0,0,0,0,0,0,0,0,0,0,0,0,0,0,0,0,0,0,0,0,0,0,0,0,0,0,0,0,0,1628,0,0,0,0,0,0,0,0,0,0,0,0,0,0,0,0,0,0,0,0,0,0,0,0,0,0,0,0,0,0
contig_31164,0,377,17713,0,0,0,0,0,0,0,0,0,0,0,0,0,389,0,0,0,0,0,0,0,0,0,0,6088,0,5837,0,0,0,0,0,0,0,0,0,0,0,0,0,0,0,392,0,2044,413,0,0,0,0,0,0,0,0,0,792,442,11036,638,0,0,0,0,0,39,0,0,0,0,0,0,0,0,0,0,0,0,0,0,0,0,0,0,0,0,0,0,0,0
contig_31224,0,0,0,0,0,0,0,0,0,0,0,0,0,0,54622,0,0,0,0,0,0,0,0,0,0,1923,0,0,3284,0,0,0,0,0,0,0,0,0,0,0,0,0,0,0,0,0,244,5484,0,471,1785,0,0,0,0,0,0,0,0,0,6587,116,0,1422,772,0,0,511,137,0,0,0,0,152,0,0,0,0,0,0,0,0,0,0,0,0,0,0,76,261,0,0
contig_31248,0,390,0,0,0,0,0,0,0,0,0,0,0,0,0,569,372,0,0,0,0,0,0,0,0,0,0,0,0,0,0,0,0,0,0,0,0,0,0,0,0,0,0,0,0,0,0,2306,0,0,0,0,0,0,20744,0,0,0,228,3987,0,827,0,0,0,0,0,587,0,0,0,0,0,0,0,0,0,0,0,0,0,0,0,0,0,0,2156,0,0,3389,0,0
contig_31254,0,0,0,0,148,0,0,0,0,0,0,0,0,0,0,0,283,0,0,0,0,0,0,0,0,0,0,0,69,2337,0,0,0,0,0,0,0,0,0,0,0,0,0,0,168,0,0,169,0,0,0,0,0,0,0,0,0,0,0,0,0,57873,0,0,0,0,0,0,0,0,0,0,0,0,0,0,0,0,0,0,0,0,0,0,0,0,0,0,0,0,0,0
contig_31279,0,0,0,0,0,0,0,0,0,0,0,0,0,0,0,0,0,0,0,0,0,0,0,0,0,0,0,0,0,0,0,0,0,0,0,0,0,0,0,0,0,0,0,0,0,0,0,0,170,206,0,0,0,0,0,0,0,0,0,0,0,0,0,0,0,0,0,222,0,0,0,0,0,0,0,0,0,0,0,0,0,0,0,0,0,0,0,0,0,0,0,0
contig_31293,0,0,0,0,0,0,0,0,0,0,0,0,0,0,0,0,0,0,0,0,0,0,0,0,0,0,0,0,0,0,0,0,0,0,0,0,0,0,0,0,0,0,0,0,0,0,0,72,31,0,177,0,0,0,0,0,0,0,0,0,0,528,0,0,0,0,0,0,0,0,0,0,0,0,0,0,0,0,0,0,0,0,0,0,0,0,0,0,0,0,0,0
contig_313,0,0,0,0,0,0,0,0,0,0,0,0,0,0,0,0,0,0,0,0,0,0,0,0,0,0,0,0,0,0,0,128,608,0,0,0,0,83,0,0,0,0,717,0,530,0,0,0,818,136,0,0,0,0,0,0,0,0,0,0,0,0,0,0,0,0,0,1428,0,0,0,0,0,1005,0,0,0,0,0,0,0,0,0,0,0,0,4942,0,0,15145,0,0
contig_31300,0,0,0,774,519,0,0,0,0,0,0,0,0,0,0,0,0,0,0,0,0,0,0,0,0,0,0,0,0,0,0,177,0,0,0,0,0,265,0,0,0,0,46,0,0,0,0,0,0,72,75,0,0,0,0,0,0,0,0,0,0,361,0,0,0,0,452,0,85,0,0,0,0,0,0,0,0,0,0,0,0,0,0,0,0,0,0,0,101,0,0,0
contig_31324,0,0,0,0,0,0,0,0,0,0,0,0,0,0,0,0,657,0,0,0,0,0,0,0,0,0,0,0,0,79,0,605,0,0,0,0,0,0,0,0,0,0,106,0,0,0,0,0,346,0,0,0,0,0,0,0,0,0,0,0,0,713,0,0,0,0,0,0,0,0,0,0,0,0,0,0,0,0,0,0,0,0,0,0,0,0,0,0,0,0,0,0
contig_31331,0,279,0,0,0,0,0,0,0,0,0,0,0,0,295,232,86,0,0,0,0,0,0,0,0,0,0,176,0,62,0,0,0,0,0,0,0,0,0,20,0,0,0,0,0,17,0,0,0,0,0,0,0,3859,0,61,31,0,0,655,19,3900,0,232,112,0,0,181,76,0,0,0,0,196,0,0,0,0,0,0,1087,0,0,0,0,0,0,0,0,1551,0,0
contig_31350,0,405,0,0,0,0,0,0,0,0,0,0,0,0,0,0,0,0,0,0,0,0,0,0,0,0,0,0,0,38,0,0,0,0,0,0,0,0,0,64,0,0,0,0,0,0,0,38,65,0,756,0,0,0,0,0,0,0,0,0,47,109,0,0,0,0,0,296,0,0,0,0,0,0,0,0,0,0,0,0,0,0,0,0,0,0,0,0,0,0,0,0
contig_31397,0,1394,0,90,0,0,0,0,0,0,0,0,0,0,0,0,0,0,0,0,0,0,0,0,0,0,0,0,0,0,0,0,0,0,0,0,0,0,0,0,0,0,0,0,0,191,0,158,73,0,143,0,0,0,0,0,286,0,0,0,6159,41,0,0,0,0,0,0,0,0,0,0,0,77,0,0,0,0,0,0,0,0,0,0,0,0,0,0,0,0,0,0
contig_314,0,33,0,0,0,0,0,0,0,0,0,0,0,0,0,0,0,0,0,0,0,0,0,0,0,0,0,0,0,0,0,0,28,0,0,0,0,0,0,0,0,0,0,0,0,0,0,0,0,0,0,0,0,390,0,0,0,0,0,5,0,1205,0,80,0,0,0,12,0,0,0,0,0,12,0,0,0,0,0,0,0,0,0,0,0,0,0,0,0,147,0,0
contig_31419,0,0,0,0,0,0,0,0,0,0,0,0,0,0,0,0,0,0,0,0,0,0,0,0,0,0,0,0,0,0,0,0,0,0,0,0,0,0,0,0,0,0,0,0,0,0,0,0,0,0,0,0,0,0,0,0,0,0,0,0,0,0,0,0,0,0,0,84,87,0,0,0,0,0,0,0,0,0,0,0,0,0,0,0,0,0,1063,0,0,2155,0,0
contig_31470,0,0,0,61045,27910,0,0,0,0,0,0,0,0,0,0,0,0,0,0,0,0,0,0,0,0,0,0,0,0,0,0,0,0,0,0,0,0,0,0,0,0,0,0,0,0,0,0,0,0,0,0,0,0,0,0,0,0,0,0,0,0,2977,0,0,0,0,0,4434,0,0,0,0,0,0,0,0,0,0,0,0,0,0,0,0,0,0,0,0,0,0,0,0
contig_31472,0,2969,4022,0,0,0,1045,0,0,0,0,0,0,0,7098,5729,333,0,0,0,0,0,0,0,0,0,0,0,0,0,0,0,0,0,0,0,0,0,0,0,0,0,0,0,0,4256,0,0,0,895,0,0,0,0,4338,0,5359,0,0,0,7253,0,0,0,1594,0,0,0,0,0,0,0,0,0,0,0,0,0,0,0,0,0,0,0,0,0,0,0,0,3335,0,0
contig_31475,0,0,0,518,1623,0,0,0,0,0,0,0,0,1564,0,0,151,0,0,0,0,0,0,0,0,0,0,0,0,7226,3044,486,0,0,0,0,0,6079,0,2560,0,858,76507,0,331,0,0,1274,0,0,105,1296,0,0,0,0,0,28996,0,0,0,41219,0,0,0,0,0,0,0,2181,276,0,4888,0,0,0,236,0,0,0,0,0,0,0,0,0,0,0,259,0,0,0
contig_31479,0,0,0,0,0,0,0,0,0,0,0,0,0,0,0,0,0,0,0,0,0,0,0,0,0,0,0,0,0,0,0,68,0,0,0,0,0,0,0,0,0,0,0,0,0,0,0,146,0,0,325,0,0,0,0,0,0,0,0,0,0,0,0,0,0,0,0,0,0,0,0,0,0,0,0,0,0,0,0,0,0,0,0,0,0,0,0,0,0,0,0,0
contig_315,0,0,0,0,0,0,0,0,0,0,0,0,0,0,0,0,0,0,0,0,0,0,0,0,0,0,0,0,0,337,0,331,0,0,0,0,0,0,0,227,0,0,0,0,0,0,0,0,116,0,0,0,0,0,0,0,256,0,0,0,0,0,0,0,0,0,0,0,0,0,0,0,0,2466,0,0,0,0,0,0,0,0,0,0,0,0,492,0,0,281,0,0
contig_31502,98,1882,3708,0,0,2059,1792,0,0,0,0,0,0,0,7110,5727,2487,0,0,0,0,0,0,0,0,0,0,888,3823,4356,635,387,0,0,0,0,0,0,427,0,0,0,0,0,0,3444,3922,2148,2642,0,946,0,0,128,5667,0,3684,0,5507,5579,11198,1063,0,354,1339,0,1476,926,4207,274,0,0,0,3480,0,0,0,0,0,0,1616,0,0,0,0,0,3125,0,85,3709,0,0
contig_31524,0,0,118,0,0,0,186,0,0,0,0,0,0,0,2422,0,0,0,0,0,0,0,0,0,0,0,0,792,0,0,0,0,0,0,0,0,0,0,0,0,0,0,0,0,0,136,0,0,0,0,0,0,0,0,0,0,0,0,0,0,136,0,0,0,118,0,0,0,0,0,0,0,0,0,0,0,0,0,0,0,0,0,0,0,0,0,0,0,0,0,0,0
contig_31534,0,0,0,0,0,217,0,0,0,0,0,0,0,0,0,0,1471,0,0,0,0,0,0,0,0,0,0,0,0,0,0,0,0,0,0,0,0,0,0,0,0,0,0,0,0,0,0,214,185,0,0,0,0,0,0,0,0,0,0,0,0,218,0,0,0,0,0,0,0,0,0,0,0,0,0,0,0,0,0,0,0,0,0,0,0,0,0,0,0,0,0,0
contig_31539,0,704,0,0,0,0,308,0,0,0,0,0,0,0,1334,17929,0,0,0,0,0,0,0,0,0,0,0,168,242,1160,0,0,0,0,0,0,0,0,0,0,0,0,0,0,0,0,0,0,0,0,0,0,0,0,0,0,0,0,9171,0,2989,261,0,0,0,0,0,0,0,0,0,0,0,0,0,0,0,0,0,0,0,0,0,0,0,0,0,0,0,0,0,0
contig_31541,0,0,0,0,96,0,0,0,0,0,0,0,0,108,0,0,0,0,0,0,0,0,0,0,0,0,0,0,0,976,0,0,0,0,0,0,0,297,0,0,0,342,1478,0,0,0,0,71,0,0,0,151,0,0,0,0,0,1080,0,0,0,7904,0,0,0,0,0,0,0,0,0,0,832,0,0,0,0,0,0,0,0,0,0,0,0,0,0,0,0,0,0,0
contig_31568,0,0,0,0,0,0,0,0,0,0,0,0,0,0,0,0,576,0,0,0,0,0,0,0,0,0,0,236,0,84,0,0,0,0,0,0,0,0,0,0,0,0,0,0,0,9505,0,0,0,0,0,0,21980,0,0,0,0,0,12049,0,0,0,0,244,0,0,0,0,0,0,0,0,0,0,0,0,0,0,0,0,0,0,0,0,0,0,0,0,0,0,0,0
contig_31572,0,0,0,0,0,0,233,0,0,0,0,0,0,0,0,0,0,0,0,0,0,0,0,0,0,0,0,0,0,0,0,0,0,0,0,0,0,0,0,0,0,0,0,0,0,0,0,40,0,0,0,0,0,0,0,0,0,0,0,0,0,0,0,0,0,0,0,0,0,0,0,0,0,107,0,0,0,0,0,0,0,0,0,0,0,0,0,0,0,0,0,0
contig_316,0,651,0,0,0,0,0,0,0,0,0,0,0,0,372,11384,0,0,0,0,0,0,0,0,0,0,0,493,0,0,0,0,0,0,0,0,0,0,0,0,0,0,0,0,0,473,0,0,0,0,0,0,0,0,0,0,0,0,0,737,0,0,0,0,0,0,0,0,0,0,0,0,0,0,0,0,0,0,0,0,0,0,0,0,0,0,0,0,0,34,0,0
contig_31626,0,0,0,0,0,0,0,0,0,0,0,0,0,0,0,0,53,0,0,0,0,0,0,0,0,0,0,0,0,0,0,0,0,0,0,0,0,0,0,0,0,0,0,0,0,451,64,0,195,103,0,0,0,0,0,0,0,0,0,0,254,1105,0,0,0,0,0,169,0,0,0,0,0,0,0,0,0,0,0,0,0,0,0,0,0,0,0,0,0,0,0,0
contig_31638,0,0,0,0,0,0,180,0,0,0,0,0,0,0,0,0,0,0,0,0,0,0,0,0,0,0,0,0,537,798,0,0,0,0,0,0,0,0,0,0,0,0,173,0,0,0,0,0,0,0,0,0,0,0,0,0,691,0,0,0,0,0,0,0,0,0,616,0,0,0,0,0,0,0,0,0,0,0,0,0,0,0,0,0,0,0,0,0,0,228,0,0
contig_31668,0,0,2681,1508,1477,705,0,0,0,85,456,0,0,0,0,0,375,0,0,152,0,104,0,0,0,179,0,0,0,2289,629,674,2416,0,0,0,0,389,94,695,0,0,867,0,303,0,1279,0,4916,2553,5709,3783,0,4933,0,2297,6015,774,0,0,0,0,241,1271,1997,0,4109,8338,4344,1347,1067,664,250,23123,0,620,0,0,0,0,127,0,0,0,0,0,16132,0,161,9030,0,0
contig_31676,0,0,0,158,0,0,0,0,0,0,0,0,0,0,0,0,4349,0,0,0,0,0,0,0,0,0,0,0,0,0,0,130,0,0,0,0,0,0,0,0,0,0,0,0,0,0,0,408,4983,3000,1287,0,0,0,0,0,5043,0,0,0,4097,466,0,0,0,0,0,659,3775,0,59,0,0,7733,0,0,0,0,0,0,0,0,0,0,0,0,0,0,0,0,0,0
contig_3168,0,0,0,0,0,0,0,0,0,0,0,0,0,0,0,0,0,0,0,0,0,0,0,0,0,0,0,0,0,0,0,0,0,0,0,0,0,505,0,0,0,0,0,0,0,0,0,0,0,0,0,0,0,0,0,0,0,0,0,0,0,0,0,0,0,0,0,0,0,0,0,0,0,0,0,0,0,0,0,0,0,0,0,0,0,0,0,0,0,886,145,0
contig_317,0,0,0,0,0,0,0,0,0,0,0,0,0,0,0,0,0,0,0,0,0,0,0,0,0,0,0,0,0,0,0,0,0,0,0,0,0,0,0,0,0,0,59,0,48,0,136,0,3320,465,227,1905,0,0,0,0,0,0,0,0,0,0,0,0,0,0,0,0,0,0,0,0,0,0,0,0,0,0,0,0,0,0,0,0,0,0,895,0,22,309,0,0
contig_31702,0,0,0,0,0,0,0,0,0,0,0,0,0,0,0,0,0,0,0,0,0,0,0,0,0,0,0,0,0,160,0,0,0,0,0,0,0,0,0,0,0,0,0,0,0,0,0,189,0,0,0,0,0,132,0,0,23,0,0,0,5582,2177,0,0,0,0,0,0,0,39,0,0,0,0,0,0,0,0,0,0,0,0,0,0,0,0,0,0,33,127,0,0
contig_31705,0,0,0,602,131,0,0,0,0,0,0,0,0,0,0,0,0,0,0,0,0,0,0,0,0,0,0,0,0,0,0,0,0,0,0,0,0,0,0,0,0,0,0,0,0,0,0,0,0,0,0,0,0,0,0,0,0,0,0,0,0,0,0,0,0,0,0,464,0,0,0,0,0,0,0,0,0,0,0,0,0,0,0,0,0,0,0,0,69,0,0,0
contig_31720,0,0,0,0,0,0,0,0,0,0,0,0,0,0,0,0,0,0,0,0,0,0,0,0,0,0,0,0,0,0,0,0,0,0,0,0,0,0,0,0,0,0,0,0,0,0,0,0,101,0,0,0,0,0,0,0,0,0,0,345,0,78,0,0,0,0,0,81,0,0,0,0,0,0,0,0,0,0,0,0,0,0,0,0,0,0,0,0,0,0,0,0
contig_31729,0,0,0,0,0,0,0,0,0,0,0,0,0,0,0,0,0,0,0,0,0,0,0,0,0,0,0,0,0,34,603,0,0,0,0,0,0,0,0,26,0,0,0,0,0,0,0,0,0,0,0,0,0,0,0,0,0,0,0,0,0,305,0,0,0,0,0,0,0,0,0,0,0,173,0,0,0,0,0,0,0,0,0,0,0,0,0,0,0,41,0,0
contig_31731,0,0,0,0,0,0,0,0,0,0,0,0,0,0,0,0,0,0,0,0,0,0,0,0,0,0,0,0,0,0,0,0,0,0,0,0,0,0,0,0,0,0,0,0,0,0,0,0,43,0,0,0,0,0,0,0,264,0,0,0,0,0,0,0,0,0,0,1009,240,0,0,0,0,0,0,0,0,0,0,0,0,0,0,0,0,0,0,0,0,0,0,0
contig_31752,0,0,0,0,0,0,0,0,0,0,0,0,0,0,0,0,0,0,0,0,0,52,0,95,0,0,0,0,0,0,0,0,10085,512,0,0,0,0,0,0,0,560,940,0,0,0,0,0,0,0,0,0,0,0,0,0,0,0,0,0,0,0,0,0,0,0,0,0,0,0,0,0,0,0,0,0,0,0,0,0,0,33,0,59,0,0,0,0,31,743,0,0
contig_31766,0,0,0,0,0,0,0,0,0,0,0,0,0,0,0,0,0,0,0,0,0,0,0,0,0,0,0,0,4201,0,0,0,0,0,0,0,0,0,0,0,0,0,0,0,0,0,0,0,0,0,0,0,0,0,0,0,0,0,0,790,271,0,0,0,0,0,0,0,0,0,0,0,0,0,0,0,0,0,0,0,0,0,0,0,0,0,0,0,0,0,0,0
contig_31777,61778,9607,0,0,0,0,0,0,0,0,0,0,0,0,8373,22162,0,0,0,0,0,0,0,0,0,0,0,2949,0,1688,0,0,1664,0,0,0,0,0,0,19,0,0,0,0,0,290,0,0,0,0,0,0,220,975,0,0,0,0,373,664,0,2075,0,172,256,0,0,0,0,0,0,0,0,45,0,0,0,0,0,0,1429,0,0,0,0,0,0,0,0,695,0,0
contig_31779,0,12284,0,0,0,0,0,0,0,0,0,0,0,0,0,0,154,0,0,0,0,0,0,0,0,0,0,0,0,1907,0,0,119,0,0,0,0,0,0,0,0,0,0,0,0,0,0,0,120,0,621,0,0,0,0,141,313,0,0,2023,26105,1581,62,162,0,0,0,1068,298,0,0,0,0,505,0,0,0,0,0,0,0,0,0,0,0,0,0,0,0,0,0,0
contig_31793,0,784,0,0,0,0,0,0,0,0,0,0,0,0,0,0,0,0,0,0,0,0,0,0,0,0,0,0,0,339,0,0,0,0,0,0,0,0,0,0,0,0,0,0,0,1362,0,0,0,0,0,0,0,0,0,0,0,0,618,4860,1736,0,0,0,0,0,0,0,0,0,0,0,0,0,0,0,0,0,0,0,0,0,0,0,0,0,0,0,0,0,0,0
contig_318,0,0,0,0,0,0,0,0,0,0,0,0,0,0,0,0,345,0,0,0,0,0,0,0,0,0,0,0,0,782,0,920,0,0,0,0,0,0,234,505,0,0,91,0,0,0,0,0,989,993,797,334,3090,667,0,0,867,0,857,0,666,1486,0,0,0,0,629,754,558,0,0,0,0,3215,0,0,0,0,0,0,0,0,0,0,0,0,1783,0,0,927,0,0
contig_31805,0,1119,1058,0,0,0,0,0,0,0,0,0,0,0,2891,5658,153,0,0,0,0,0,0,0,0,0,0,2298,7395,2293,0,0,0,0,0,0,0,0,0,2886,0,0,0,0,0,670,0,0,0,0,0,0,0,0,0,0,0,0,265,1229,1939,0,0,0,196,0,0,0,0,0,0,0,0,0,0,0,0,0,0,0,0,0,0,0,0,0,241,0,0,0,0,0
contig_31830,0,2516,704,831,2082,568,13645,0,0,0,0,0,0,0,2377,365,910,0,0,0,0,0,0,0,0,913,0,206,237,1053,299,1052,372,0,0,0,0,370,239,911,0,0,0,0,0,0,315,5268,2357,2858,1626,221,0,598,0,447,1975,89,1613,596,6138,1263,0,0,778,0,802,912,786,778,65,162,55,4312,0,0,0,0,0,0,0,0,0,0,0,0,3267,0,60,1328,0,0
contig_31833,0,0,0,0,0,0,0,0,0,0,0,0,0,0,0,0,0,0,0,0,0,0,0,0,0,0,0,0,0,51,0,0,0,0,0,0,0,0,0,0,0,0,67,0,0,0,0,0,208,0,148,0,0,0,0,0,2412,0,0,0,0,0,0,0,0,0,0,0,0,0,0,0,0,0,0,0,0,0,0,0,0,0,0,0,0,0,0,0,0,63,0,0
contig_31835,0,0,0,0,0,0,0,0,0,0,0,0,0,0,0,0,0,0,0,0,0,0,0,0,0,0,0,0,0,0,0,0,0,0,0,0,0,0,0,0,0,0,0,0,0,0,0,0,0,0,0,0,0,0,0,0,495,0,0,0,0,451,0,0,0,0,0,147,0,0,0,0,0,0,0,0,0,0,0,0,0,0,0,0,0,0,0,0,0,0,0,0
contig_31836,0,816,0,0,0,0,0,0,0,0,0,0,0,0,0,25563,0,0,0,0,0,0,0,0,0,0,0,1104,0,669,0,0,0,0,0,0,0,0,0,0,0,0,0,0,0,0,0,0,0,0,0,0,0,0,0,0,0,0,730,0,1121,170,0,0,0,0,0,0,0,0,0,0,0,0,0,0,0,0,0,0,0,0,0,0,0,0,0,0,0,0,0,0
contig_31870,0,5925,0,107,0,0,0,0,0,0,0,0,0,0,0,0,0,0,0,0,0,0,0,0,0,0,0,0,0,712,0,0,105,0,0,0,0,0,0,0,0,0,0,0,0,0,0,0,0,0,0,0,0,0,0,0,180,0,0,1769,12158,1192,0,188,0,0,0,1208,507,0,0,0,0,0,0,0,0,0,0,0,0,0,0,0,0,0,0,0,0,0,0,0
contig_31892,5834,0,0,0,0,0,0,0,0,0,0,0,0,0,0,0,0,0,0,0,0,0,0,0,0,0,0,21316,0,85,0,80,0,0,0,0,0,0,0,0,0,0,0,0,0,11215,0,0,0,0,0,0,0,0,0,0,118,0,0,100786,39,0,0,8898,0,0,0,366,0,0,0,0,0,0,0,0,0,0,0,0,1921,0,0,0,0,0,14991,0,0,0,0,0
contig_31893,0,0,0,0,0,0,0,0,0,0,0,0,0,0,0,0,315,0,0,0,0,0,0,0,0,0,0,14949,0,0,0,0,0,0,0,0,0,0,0,0,0,0,0,0,0,0,0,153,0,355,0,0,0,0,0,0,0,0,0,0,4324,0,0,0,0,0,0,543,0,0,0,0,0,0,0,0,0,0,0,0,0,0,0,0,0,0,0,0,0,0,0,0
contig_319,0,0,0,0,0,0,0,0,0,0,0,0,0,0,0,0,14972,81,0,0,0,0,0,0,44,0,0,0,0,0,0,0,0,0,0,0,0,0,0,0,0,0,0,0,0,0,0,0,0,0,0,0,0,0,0,0,0,0,0,0,0,1685,0,0,0,0,0,0,0,0,0,0,0,0,0,0,0,0,0,0,0,0,0,0,0,0,0,0,0,0,0,0
contig_31907,0,0,0,0,0,0,0,0,0,0,0,0,0,0,0,0,0,0,0,150,0,0,0,0,0,171,0,0,0,0,0,0,1196,0,6601,0,0,0,0,4556,1233,96,105,0,224,0,0,0,761,0,0,0,1553,1071,0,0,0,469,0,0,0,0,0,0,0,0,442,7848,2589,388,384,0,0,0,0,0,0,0,0,0,0,0,0,0,0,0,14046,0,205,4887,107,0
contig_31908,640,0,0,0,0,0,0,0,0,0,0,0,0,0,0,0,0,0,0,0,0,0,0,0,0,0,0,0,0,0,0,0,0,0,0,0,0,0,0,0,0,0,0,0,0,0,0,0,0,0,0,0,0,0,0,0,0,0,0,0,0,0,0,0,0,0,0,0,0,0,0,0,0,2723,0,0,0,0,0,0,0,0,0,0,0,0,2293,0,0,0,0,0
contig_31913,0,0,0,0,0,0,82,0,0,0,0,0,0,0,1624,0,1169,0,0,0,0,0,0,0,0,0,0,2476,0,1395,0,0,0,0,0,0,0,0,0,0,0,0,0,0,0,1227,0,200,0,246,0,0,0,0,0,0,0,0,0,10960,3107,228,0,0,0,0,0,0,0,0,0,0,0,0,0,0,0,0,0,0,0,0,0,0,0,0,0,0,0,0,0,0
contig_31918,0,0,2970,289,303,3910,104,0,0,0,0,0,0,0,3202,2657,2559,0,0,0,0,0,0,0,0,0,0,494,740,2646,93,0,0,0,0,0,0,0,0,96,0,0,0,0,0,0,986,899,2759,1109,312,0,0,0,0,0,1067,0,272,190,19613,1502,0,0,248,0,103,149,460,0,0,0,0,760,0,571,0,0,0,0,175,0,0,0,0,0,0,0,0,172,0,0
contig_31938,0,0,0,0,0,0,0,0,0,0,0,0,0,0,0,0,0,0,0,0,0,0,0,0,0,0,0,0,0,50,0,0,279,0,0,0,0,0,0,0,0,0,0,0,0,0,0,0,105,0,0,0,0,0,0,0,62,0,0,0,54,0,0,0,0,0,0,0,0,0,0,0,0,389,0,0,0,0,0,0,0,0,0,0,0,0,0,0,0,0,0,0
contig_31946,0,0,13864,0,0,0,0,0,0,0,0,0,0,0,0,0,0,0,0,0,0,0,0,0,0,0,0,0,0,0,0,0,0,0,0,0,0,0,0,0,0,0,0,0,0,0,0,0,0,0,2485,0,0,0,0,0,0,0,0,0,0,356,0,0,0,0,0,2376,0,0,0,0,0,0,0,0,0,0,0,0,0,0,0,0,0,0,0,0,0,0,0,0
contig_31962,0,0,0,0,0,0,0,0,0,0,0,0,0,0,0,0,0,0,0,0,0,0,0,0,0,0,0,0,0,0,0,0,0,0,0,0,0,0,0,0,0,0,0,0,0,438,0,0,0,0,0,0,0,110,0,0,0,0,232,0,0,103,0,0,0,0,0,0,0,0,0,0,0,380,0,0,0,0,0,0,0,0,0,0,0,0,0,0,0,0,0,0
contig_3198,0,0,0,0,0,0,0,0,0,0,0,0,0,0,0,0,0,0,0,0,0,0,0,0,0,0,0,0,0,0,0,0,0,0,0,0,0,0,0,0,0,0,0,0,0,0,275,0,0,1326784,0,0,0,0,0,0,0,0,0,0,0,0,0,0,0,0,0,0,0,0,0,965645,0,1087,697,0,0,10691,927355,0,0,0,0,0,0,0,0,1339,0,0,0,0
contig_31982,0,0,0,155,0,0,0,0,0,0,0,0,0,0,0,0,2106,0,0,0,0,0,0,0,0,0,0,0,0,0,0,0,0,0,0,0,0,0,0,0,0,0,0,0,0,0,0,0,126,0,0,0,0,0,0,0,0,0,0,0,1761,135,0,0,0,0,0,108,125,179,0,0,0,0,0,0,0,0,0,0,0,0,0,0,0,0,68,0,0,0,0,0
contig_31985,0,0,0,0,0,0,0,0,0,0,0,0,0,0,0,0,250,0,0,0,0,0,0,0,0,0,0,0,0,0,0,1116,0,0,0,0,0,0,0,3444,0,0,0,0,0,0,0,0,0,0,0,0,0,0,0,0,0,0,0,0,1352,45,0,0,0,0,0,0,0,0,0,0,0,0,0,0,0,0,0,0,0,0,0,0,0,0,0,0,0,176,0,0
contig_31989,0,0,0,0,0,0,0,0,0,0,0,0,0,0,0,0,0,0,0,0,0,0,0,0,0,0,0,0,0,0,0,0,0,0,0,0,0,0,0,0,0,0,0,0,0,0,0,0,0,32,0,0,0,0,0,0,0,0,0,0,187,736,0,0,0,0,0,277,0,0,0,0,0,0,0,0,0,0,0,0,0,0,0,0,0,0,0,0,53,0,0,0
contig_320,0,0,0,566,0,0,0,0,0,0,0,0,0,0,0,0,0,0,0,0,0,0,0,0,0,0,0,0,0,0,0,0,0,0,0,0,0,0,0,525,0,0,158,0,0,0,0,0,2699,0,0,1900,3471,6060,0,0,0,0,0,0,0,0,0,0,0,0,686,1830,1196,0,0,0,0,0,0,0,0,0,0,0,0,0,0,0,0,0,7735,0,0,5331,0,0
contig_32004,0,0,0,0,0,0,0,0,0,0,0,0,0,0,0,0,644,0,0,0,0,0,0,0,0,0,0,0,0,751,0,0,0,0,0,0,0,0,0,0,0,0,0,0,0,0,0,0,2616,0,409,0,0,0,0,0,0,0,0,0,0,0,0,0,0,0,0,0,0,0,0,0,0,0,0,0,0,0,0,0,0,0,0,0,0,0,0,0,0,0,0,0
contig_32005,0,0,0,0,0,0,0,0,0,0,0,0,0,0,0,0,0,0,0,0,0,0,0,0,0,0,0,0,0,0,0,0,0,0,0,0,0,0,0,0,0,0,0,0,0,0,0,0,504,0,0,0,0,0,0,0,477,0,0,0,0,412,0,0,0,0,0,0,0,0,0,0,0,190,0,0,0,0,0,0,0,0,0,0,0,0,0,0,0,0,0,0
contig_32037,0,0,0,0,0,0,0,0,0,0,0,0,0,0,0,0,0,0,0,0,0,99,0,0,0,0,0,0,0,0,0,21,130,0,0,0,0,210,0,0,0,0,32,0,53,0,212,0,0,0,0,0,0,0,0,0,216,0,0,0,0,1986,0,0,0,0,0,0,0,0,0,0,0,0,0,0,53,0,0,0,0,0,0,0,0,0,0,0,530,0,0,0
contig_32041,0,0,0,0,0,0,145,0,0,0,0,0,0,0,0,0,0,0,0,0,0,0,0,0,0,0,0,0,1738,70,0,0,0,0,0,0,0,0,0,0,0,0,0,0,0,0,0,0,0,0,0,0,0,0,0,0,0,0,71,0,1038,577,0,0,0,0,0,0,0,0,0,0,0,0,0,0,0,0,0,0,0,0,0,0,0,0,0,0,0,0,0,0
contig_32064,0,0,0,0,0,0,0,0,0,0,0,0,0,42,0,0,9874,0,140,384,0,0,0,0,0,0,0,0,0,45,0,56,0,0,0,0,0,0,0,0,0,0,0,0,0,0,0,0,0,0,0,1372,0,0,0,226,1106,225,94,0,1133,3852,0,14840,0,0,0,21278,11672,610,164,0,0,0,0,0,88,0,0,0,0,0,0,0,0,0,65051,0,0,9121,0,0
contig_32071,0,0,0,0,0,0,0,0,0,0,0,0,0,0,0,0,0,0,0,0,0,0,0,0,0,0,0,0,0,0,0,0,0,0,0,0,0,0,0,0,0,0,0,0,0,0,0,0,191,0,239,0,0,0,0,0,0,0,0,0,0,117,0,0,0,0,0,0,0,0,0,0,0,0,0,0,0,0,0,0,0,0,0,0,0,0,0,0,0,0,0,0
contig_32079,0,5780,0,0,0,0,0,0,0,0,0,0,0,0,8916,0,8241,0,0,0,0,0,0,0,0,0,0,0,0,0,0,0,0,0,0,0,0,0,0,0,0,0,0,0,0,0,0,0,0,0,0,0,0,0,0,0,0,0,0,0,0,0,0,0,0,0,0,0,0,0,0,0,0,0,0,0,0,0,0,0,0,0,0,0,0,0,0,0,0,1571,0,0
contig_32085,0,0,0,35,0,0,0,0,0,0,0,0,0,0,0,0,0,0,0,0,0,0,0,0,0,0,0,0,0,0,0,0,1361,0,0,0,0,0,0,0,0,0,0,0,0,0,0,0,111,0,0,0,0,2458,0,0,0,0,0,0,0,1213,0,159,0,0,0,0,0,0,0,0,0,754,0,0,0,0,0,0,0,0,0,0,0,0,0,0,0,264,0,0
contig_32091,0,0,0,0,0,0,0,0,0,0,0,0,0,0,0,0,1857,0,0,314,0,0,0,0,0,0,0,0,0,0,0,0,0,0,0,0,0,0,0,0,0,0,0,0,0,0,0,0,0,0,0,0,0,0,0,0,0,0,0,0,0,283556,0,0,0,0,0,0,0,0,0,0,0,0,0,0,0,0,0,0,0,0,0,0,0,0,0,0,0,0,0,0
contig_32103,0,0,0,0,0,0,0,0,0,0,0,0,0,0,0,0,0,0,0,0,0,456,0,0,0,0,0,0,0,0,0,0,66,0,0,0,0,0,814,7399,0,0,0,0,0,0,0,0,0,0,0,0,0,0,0,0,0,949,0,0,0,0,0,0,0,0,780,65464,34782,973,821,2041,349,0,0,0,0,0,0,0,0,0,0,0,0,0,0,0,0,5251,0,0
contig_32118,0,1631,0,0,0,0,0,0,0,0,0,0,0,0,0,0,0,0,0,0,0,0,0,0,0,0,0,0,0,625,0,0,0,0,0,0,0,0,0,0,0,0,44,0,0,0,0,1454,0,0,0,0,0,0,0,0,0,0,0,0,0,538,0,0,0,0,0,1269,0,0,0,0,0,684,0,0,0,0,0,0,0,0,0,0,0,0,0,0,77,494,0,0
contig_32119,0,0,0,0,0,0,0,0,0,0,0,0,0,0,0,0,501,0,0,0,0,0,0,0,0,0,0,0,0,0,0,285,0,0,0,0,0,0,0,0,0,0,106,0,0,0,0,0,462,428,609,203,0,0,0,0,286,0,0,0,0,314,0,0,0,0,0,225,0,175,0,0,0,0,0,0,0,0,0,0,0,0,0,0,0,0,485,0,0,334,0,0
contig_32120,0,0,0,574,0,0,0,0,0,0,0,0,0,0,0,0,0,0,0,0,0,0,0,0,0,0,0,0,0,811,0,0,0,0,0,0,0,0,0,0,0,0,2582,0,0,0,0,0,0,0,586,74,0,0,0,0,0,0,0,0,0,977,53,0,0,0,0,1896,0,0,0,0,0,0,0,0,0,0,0,0,0,0,0,0,0,0,0,0,228,0,0,0
contig_32127,0,0,0,0,301,0,0,0,0,0,0,0,0,0,0,0,1286,0,0,0,0,0,0,0,0,0,0,0,235,445,92,0,0,0,0,0,0,0,0,0,0,0,0,0,0,0,0,51,683,1039,2151,578,0,0,0,0,859,0,0,0,296,0,0,0,0,0,0,0,0,0,0,0,0,6682,0,0,0,0,0,0,0,0,0,0,0,0,0,0,30,262,0,0
contig_32132,0,0,0,0,0,0,0,0,0,0,0,0,0,0,0,0,0,0,0,0,0,0,0,0,0,0,0,0,0,0,0,0,0,0,0,0,0,0,0,0,0,0,0,0,0,0,0,0,450,0,1082,0,0,0,0,0,0,0,0,0,0,0,0,0,0,0,0,0,0,43,86,0,0,0,0,0,0,0,0,0,0,0,0,0,0,0,0,0,0,0,0,0
contig_32153,0,1274,14496,1460,1613,16843,0,0,0,0,0,0,0,0,8103,1856,2053,0,0,0,0,505,0,0,0,357,0,0,1376,11522,1046,0,0,0,0,0,0,0,0,259,0,0,0,0,0,0,2815,2480,6124,7153,0,0,0,0,0,109,2238,0,0,1972,26558,3791,0,0,988,0,0,614,0,0,0,0,0,3465,0,3333,0,0,0,0,1278,0,0,0,0,0,1078,0,183,0,0,0
contig_32208,0,0,0,0,0,0,0,0,0,0,0,0,0,0,0,0,0,0,0,0,0,0,0,0,0,0,0,0,0,0,0,0,0,0,0,0,0,0,0,0,0,0,0,0,0,0,0,0,601,0,49,0,0,0,0,0,0,0,0,0,107,260,0,0,0,0,0,0,0,0,0,0,0,0,0,0,0,0,0,0,0,0,0,0,0,0,0,0,0,0,0,0
contig_32211,0,0,1807,1432,447,0,0,0,0,0,0,0,0,0,0,0,0,53,0,0,0,0,0,0,0,0,0,0,0,2569,195,478,1489,0,0,0,0,116,0,0,0,0,0,0,0,0,0,0,1837,0,1863,2402,0,3736,0,1056,0,0,0,0,0,0,0,2465,2151,0,250,1040,0,0,0,0,0,16084,0,0,0,0,0,0,144,0,0,0,0,0,4601,0,0,1495,0,0
contig_32232,0,0,0,77,0,0,0,0,0,0,0,0,0,0,0,0,0,0,0,0,0,0,0,0,0,0,0,0,0,125,0,0,0,0,0,0,0,0,0,0,0,0,0,0,0,0,0,0,497,95,0,0,0,0,0,0,0,0,0,0,0,2528,0,0,0,0,0,0,0,0,0,0,0,558,0,0,29,0,0,0,0,0,0,0,0,0,0,0,68,0,0,0
contig_32233,0,0,0,0,0,0,0,0,0,0,0,0,0,0,0,0,1160,0,0,0,0,0,0,0,0,0,0,0,0,0,0,0,0,0,0,0,0,0,0,0,0,0,0,0,0,0,0,0,0,202,96,0,0,0,0,0,0,0,0,0,448,0,0,0,0,0,0,829,646,0,0,0,0,0,0,0,0,0,0,0,0,0,0,0,0,0,0,0,0,0,0,0
contig_32248,0,0,0,0,0,0,0,0,0,0,0,0,0,0,0,0,0,0,0,0,0,0,0,0,0,0,0,0,0,450,0,0,0,0,0,0,0,0,0,0,0,0,0,0,0,0,0,0,277,0,1515,0,0,0,0,0,984,0,0,1164,0,0,0,0,0,0,0,1545,0,0,0,0,0,0,0,0,0,0,0,0,0,0,0,0,0,0,0,0,0,0,0,0
contig_32252,0,54,0,102,0,0,0,0,0,0,0,0,0,0,0,0,0,0,0,0,0,0,0,0,0,0,0,0,0,151,0,269,850,0,0,0,0,0,0,0,0,0,0,0,0,0,0,0,594,269,0,0,0,0,0,0,0,0,0,0,340,613,0,0,0,0,0,0,0,0,28,0,0,0,0,0,0,0,0,0,0,0,0,0,0,0,995,0,0,0,0,0
contig_32253,0,0,0,283,0,0,0,0,0,0,0,0,0,0,0,0,0,0,0,0,0,0,0,0,0,0,0,0,0,0,0,455,217,0,0,0,0,0,0,0,0,0,0,0,207,0,0,0,3648,0,6105,1358,0,0,0,0,0,0,0,286,594,16893,0,0,0,0,0,303,0,0,0,0,0,0,0,0,0,0,0,0,0,0,0,0,0,0,0,0,0,0,0,0
contig_32255,0,2781,0,0,0,0,128,136,0,0,0,0,0,0,0,0,569,0,0,0,0,0,0,0,0,0,0,5476,0,0,0,0,0,0,0,0,0,0,0,0,0,0,0,0,0,5877,196,322,103,51,103,0,342,0,0,0,0,0,3158,11820,7176,214,0,572,0,0,0,417,90,38,0,0,0,0,0,0,0,0,0,0,0,0,0,0,0,0,0,0,0,32,0,0
contig_32273,0,0,0,0,0,0,0,0,0,0,0,0,0,64,0,0,0,0,0,0,0,0,0,0,0,0,0,0,0,0,0,0,0,0,0,0,0,0,0,0,0,0,0,0,143,0,0,0,274,0,56,0,0,0,0,0,207,0,0,0,0,0,0,0,0,0,0,0,0,0,0,0,0,0,0,0,0,0,0,0,0,0,0,0,0,0,0,0,0,0,0,0
contig_32278,0,0,0,0,0,0,0,0,0,0,0,0,0,0,0,0,0,0,0,0,0,0,0,0,0,0,0,0,0,681,0,0,0,0,0,0,0,0,0,0,0,0,101,0,0,0,0,0,975,921,739,312,1483,673,0,0,867,0,703,0,0,1283,0,0,0,0,0,677,0,0,0,0,0,2783,0,0,0,0,0,0,0,0,0,0,0,0,1568,0,0,726,0,0
contig_32282,0,0,0,0,0,0,0,0,0,0,0,0,0,0,0,0,0,0,0,0,0,0,0,0,0,0,0,0,0,0,0,0,0,0,0,0,0,0,0,0,0,0,0,0,0,535,0,130,107,0,0,0,0,0,0,0,0,0,0,293,91,56,0,0,0,0,0,192,37,0,0,0,0,0,0,0,0,0,0,0,0,0,0,0,0,0,0,0,0,150,0,0
contig_32285,0,0,0,0,0,0,0,0,0,0,0,0,0,0,0,0,0,0,0,0,0,0,0,0,0,0,0,0,0,132,0,403,115,0,0,0,0,0,0,0,0,0,184,0,0,0,0,0,429,193,0,50,0,0,0,0,0,0,0,0,0,6206,0,0,0,0,0,0,0,67,0,0,90,1131,0,0,0,0,0,0,0,0,0,0,0,0,0,0,0,0,0,0
contig_32296,0,0,0,0,0,0,0,0,0,0,0,0,0,0,0,0,105,0,0,0,0,0,0,0,0,0,0,0,0,0,0,0,0,0,0,0,0,0,0,0,0,0,0,0,0,0,0,182,0,341,172,0,0,0,0,0,0,0,0,0,216,498,0,0,0,0,0,2141,0,0,0,0,0,0,0,0,0,0,0,0,0,0,0,0,0,0,0,0,0,0,0,0
contig_323,0,0,0,0,0,0,0,0,0,0,0,0,0,0,0,0,0,0,0,0,0,0,0,0,0,0,0,0,0,0,0,0,363,0,0,0,0,0,0,0,0,0,0,0,0,0,0,0,524,0,0,0,0,0,0,0,161,0,364,1958,0,100,0,0,0,0,0,0,0,0,0,0,0,0,0,0,0,0,0,0,0,0,0,0,0,0,0,0,0,0,0,0
contig_32300,0,2552,2246,449,535,603,1676,0,0,0,0,0,0,0,4754,4550,3593,0,0,0,0,0,0,0,0,0,0,811,288,1755,0,0,0,0,0,0,0,0,0,208,0,0,0,0,0,376,0,964,0,0,0,0,0,0,0,0,98,0,0,0,3266,0,0,0,0,0,0,1059,0,0,0,0,0,0,0,0,0,0,0,0,0,0,0,0,0,0,0,0,0,0,0,0
contig_32317,0,0,0,0,0,0,0,0,0,0,0,0,0,0,0,0,842,0,0,0,0,0,0,0,0,0,0,0,0,0,0,0,0,0,0,0,0,0,0,0,0,0,0,0,0,0,0,0,528,629,137,0,0,0,0,0,0,0,0,0,0,0,0,0,0,0,0,0,0,0,0,0,0,0,0,0,0,0,0,0,0,0,0,0,0,0,0,0,0,158,0,0
contig_32323,0,0,0,48,0,0,0,0,0,0,0,0,0,0,4322,0,0,0,0,0,0,0,0,0,0,0,0,0,0,0,0,0,0,0,0,0,0,0,0,0,0,0,0,0,0,0,0,0,326,406,191,0,0,0,0,0,0,0,0,0,172,443,0,0,0,0,0,0,0,0,0,0,0,157,0,0,0,0,0,0,0,0,0,0,0,0,0,0,0,0,0,0
contig_32340,0,0,0,0,0,0,29,0,0,0,0,0,0,0,0,0,0,0,0,0,0,0,0,0,0,0,0,0,0,0,0,87,0,0,0,0,0,0,43,0,0,0,0,0,0,0,0,0,0,0,0,0,0,0,0,0,137,0,0,635,53,99,0,0,0,0,0,0,0,0,0,0,0,247,0,0,0,0,0,0,0,0,0,0,0,0,111,0,0,0,0,0
contig_32368,0,0,4810,709,0,1248,0,0,0,0,0,0,0,0,0,0,1278,0,0,0,0,0,0,0,0,266,0,0,0,1229,0,0,0,0,0,0,0,0,0,1479,0,0,0,0,0,0,0,0,0,0,0,0,0,0,0,0,1090,0,0,0,0,0,0,0,0,0,257,2948,0,0,0,0,0,0,0,0,0,0,0,0,0,0,0,0,0,0,0,0,0,0,0,0
contig_32373,0,0,556,64,0,270,472,0,0,0,0,0,0,0,0,0,0,0,0,0,0,0,0,0,0,0,0,0,0,1295,0,0,0,0,0,0,0,0,0,0,0,0,0,0,0,0,0,0,0,123,463,0,0,0,0,0,192,0,0,0,962,63,0,0,0,0,0,400,0,0,0,0,0,0,0,0,0,0,0,0,0,0,0,0,0,0,0,0,0,0,0,0
contig_32396,0,0,0,0,0,0,0,0,0,0,0,0,0,0,0,0,0,0,0,0,0,0,0,0,0,0,0,0,0,0,0,0,0,0,0,0,0,0,0,0,0,0,0,0,0,564,45,0,63,0,0,0,0,0,0,0,0,0,0,0,0,72,0,0,0,0,0,68,0,0,0,0,0,0,0,0,0,0,0,0,0,0,0,0,0,0,0,0,0,0,0,0
contig_32415,0,0,0,0,0,0,0,0,0,0,0,0,0,0,0,0,0,0,0,0,0,0,0,0,0,0,0,0,0,3161,0,0,0,0,0,0,0,0,0,0,0,0,0,0,0,0,0,0,0,0,503,0,0,0,0,0,0,0,0,0,15638,297,0,0,0,0,0,1974,0,0,0,0,0,3447,0,0,0,0,0,0,0,0,0,0,0,0,0,0,0,0,0,0
contig_32427,0,0,0,0,0,0,0,0,0,0,0,0,0,0,0,0,0,0,0,0,0,0,0,0,0,0,0,0,0,234,0,0,0,0,0,0,0,0,0,0,0,0,0,0,0,0,0,0,0,0,0,0,0,0,0,0,246,0,0,0,0,0,0,0,0,0,0,102,0,0,0,0,0,0,0,0,0,0,0,0,0,0,0,0,0,0,0,0,0,0,0,0
contig_32438,0,0,0,356,42,0,0,0,0,0,16,0,0,0,0,0,0,0,0,0,0,0,0,0,0,0,0,0,47,1801,955,0,1934,0,0,0,0,43,0,0,0,0,0,0,0,0,0,0,0,0,0,192,0,0,0,0,387,126,0,0,0,0,0,1732,0,0,107,2922,0,0,0,0,0,1638,0,0,0,19,0,0,90,0,0,0,0,0,0,0,95,1008,0,0
contig_32448,0,0,0,0,0,0,0,0,0,0,0,0,0,0,0,0,0,0,0,0,0,0,0,0,0,0,0,0,0,1280,0,0,0,0,0,0,0,0,0,0,0,0,0,0,0,0,0,0,185,645,616,0,0,0,0,0,0,0,0,0,5805,0,0,0,0,0,0,0,0,0,0,0,0,0,0,0,0,0,0,0,0,0,0,0,0,0,0,0,0,0,0,0
contig_32473,0,0,0,0,0,0,0,0,0,0,0,0,0,0,0,0,0,0,0,0,0,0,0,0,0,0,0,0,0,0,0,0,0,0,0,0,0,0,0,0,0,0,0,0,0,0,0,0,453,2458,109,0,0,0,0,0,0,0,0,0,72,259,0,0,0,0,0,1536,0,0,0,0,0,0,0,0,0,0,0,0,0,0,0,0,0,0,0,0,0,0,0,0
contig_32496,0,0,0,0,0,0,0,0,0,0,0,0,0,0,0,0,172,0,0,0,0,32,0,0,0,0,0,0,0,584,0,0,0,0,0,0,0,381,0,0,0,0,0,0,0,0,0,0,832,428,0,0,0,0,0,0,0,0,0,0,0,224,0,0,0,0,0,239,0,0,0,0,0,379,0,0,0,0,0,0,0,0,0,0,0,0,0,0,140,0,0,0
contig_32501,0,0,0,95,16,0,0,0,0,0,0,0,0,0,0,0,0,0,0,0,0,0,0,0,0,0,0,0,0,133,0,0,0,0,0,0,0,0,0,0,0,0,354,0,0,0,0,0,0,0,16,20,0,0,0,0,0,0,0,0,0,0,25,0,0,0,0,443,0,0,0,0,0,0,0,0,0,0,0,0,0,0,0,0,0,0,0,0,174,0,0,0
contig_32502,0,0,0,220,0,0,576,0,0,0,0,0,0,0,0,0,376,0,0,0,0,0,0,0,0,0,0,0,0,0,0,505,0,0,0,0,0,709,0,0,0,0,0,0,0,0,0,0,0,75,74,0,0,0,0,0,0,0,0,0,199,1062,0,0,0,0,0,0,0,0,0,0,0,644,0,0,0,0,0,0,0,0,0,0,0,0,892,0,0,105,0,0
contig_32505,151820,4070,5042,0,0,11448,3175,0,0,0,0,0,0,0,13280,20919,5999,0,0,0,0,0,0,0,0,0,0,1755,44057,8699,0,0,0,0,0,0,0,0,162,0,0,0,0,0,0,0,0,0,0,0,0,0,0,0,0,0,4333,0,5845,5887,14409,0,0,0,747,0,0,0,0,0,0,0,0,0,0,0,0,0,0,0,26,0,0,0,0,0,0,0,0,0,0,0
contig_32517,0,0,148,777,403,271,0,0,0,0,0,0,0,0,16034,0,453,0,0,0,0,0,0,0,0,0,0,0,0,0,0,0,0,0,0,0,0,1106,0,0,0,0,0,0,0,0,0,337,1329,1511,182,0,0,0,0,0,0,0,92,0,3367,1697,0,0,440,0,199,215,367,120,0,0,0,0,0,0,0,0,0,0,0,0,0,0,0,0,0,0,0,0,0,0
contig_32522,0,0,0,0,0,0,0,0,0,0,0,0,0,0,0,0,0,0,0,0,0,0,0,0,0,0,0,0,0,0,0,0,0,0,0,0,0,0,0,0,0,0,0,0,0,0,0,0,0,0,0,0,0,0,0,0,0,0,0,0,0,110,0,0,0,0,0,1539,0,426,48,0,0,0,0,0,0,0,0,0,0,0,0,0,0,0,0,0,0,0,0,0
contig_32528,0,0,0,0,0,0,0,0,0,0,0,0,0,0,0,0,0,0,0,0,0,0,0,0,0,0,0,577,939,1629,0,0,0,0,0,0,0,0,0,0,0,0,0,0,0,0,0,0,0,0,454,0,0,0,0,0,0,0,5047,713,4812,527,0,0,0,0,0,0,0,0,0,0,0,0,0,0,0,0,0,0,0,0,0,0,0,0,4110,0,0,1610,0,0
contig_32534,0,0,0,0,0,0,0,0,0,0,0,0,0,0,5226,0,0,0,0,0,0,0,0,0,0,0,0,0,0,0,0,0,0,0,0,0,0,0,0,0,0,0,0,0,0,0,0,0,0,0,381,0,0,0,0,0,0,0,0,7682,2302,0,0,0,0,0,0,0,0,0,0,0,0,203,0,0,0,0,0,0,0,0,0,0,0,0,0,0,0,0,0,0
contig_32548,0,0,0,0,0,0,0,0,0,0,0,0,0,0,142,0,0,0,0,0,0,0,0,0,0,0,0,0,0,0,0,0,0,0,0,0,0,0,0,0,0,0,0,0,0,0,0,0,0,90,0,0,0,0,0,0,0,0,0,0,0,0,0,0,0,0,0,58,270,0,0,0,0,162,0,0,0,0,0,0,0,0,0,0,0,0,0,0,0,0,0,0
contig_32558,0,298,0,0,0,0,0,0,0,0,0,0,0,0,0,11496,0,0,0,0,0,0,0,0,0,0,0,0,0,0,0,0,0,0,0,0,0,0,0,0,0,0,0,0,0,332,0,0,0,0,0,0,0,0,0,0,0,0,0,0,0,173,0,0,0,0,0,0,0,0,0,0,0,0,0,0,0,0,0,0,0,0,0,0,0,0,0,0,0,0,0,0
contig_32564,0,0,0,0,0,0,0,0,0,0,0,0,0,0,0,0,0,0,0,0,0,0,0,0,0,0,0,0,0,0,0,0,0,0,0,0,0,0,0,0,0,0,0,0,0,0,58,0,0,47,0,0,0,0,0,0,0,0,1161,0,0,0,0,0,0,0,0,0,0,0,0,0,0,0,0,0,0,0,0,0,0,0,0,0,0,0,0,0,0,0,0,0
contig_32577,0,0,0,0,0,0,0,0,0,0,0,0,0,0,0,0,112,0,0,0,0,0,0,0,0,0,0,0,0,0,0,0,0,0,0,0,0,0,0,0,0,0,0,0,0,0,0,0,0,0,0,0,0,0,0,0,0,0,0,0,0,0,0,0,0,0,0,560,207,0,0,0,0,281,0,0,0,0,0,0,0,0,0,0,0,0,0,0,0,0,0,0
contig_32579,0,0,0,0,0,0,0,0,0,0,0,0,0,0,0,0,0,0,0,0,0,0,0,0,0,0,0,0,0,555,1670,0,0,0,0,0,0,0,0,0,0,0,0,0,0,0,0,1041,3568,0,4445,0,0,1442,0,2138,2035,0,0,0,3084,1799,0,135,0,0,0,0,0,0,0,0,0,6672,0,0,0,0,0,0,0,0,0,0,0,0,9086,0,0,1813,0,0
contig_32585,0,0,3279,601,2113,3853,0,0,0,290,636,0,0,1451,0,0,448,0,0,0,0,295,0,0,0,0,0,0,0,7230,3128,726,0,0,0,0,0,6800,0,0,0,0,72507,0,316,0,0,1255,0,0,3086,2098,0,0,0,0,0,28784,0,0,0,45484,111,0,0,0,0,0,0,2303,264,90,5043,0,0,0,0,0,0,0,83,0,0,0,0,0,0,25,263,463,0,0
contig_32587,0,0,0,0,0,0,0,0,0,0,0,0,0,0,0,0,0,0,0,0,0,0,0,0,0,0,0,0,0,0,0,0,39,0,0,0,0,33,0,0,0,0,0,0,0,0,0,0,0,0,0,0,0,0,0,0,0,0,0,0,0,0,0,0,0,0,0,0,0,0,0,0,0,0,0,0,0,0,0,0,0,0,0,0,0,0,0,0,0,80,0,0
contig_326,0,0,0,0,0,0,0,0,0,0,0,0,0,0,0,0,0,0,0,0,0,0,0,0,0,0,0,0,0,0,0,0,0,0,0,0,0,0,0,0,0,0,0,0,0,0,0,0,49,0,50,0,0,0,0,0,795,0,0,0,0,0,0,0,0,0,0,830,0,0,0,0,0,0,0,0,0,0,0,0,0,0,0,0,0,0,0,0,0,0,0,0
contig_32633,0,0,0,0,0,0,0,0,0,0,0,0,0,0,0,0,0,0,0,0,0,0,0,0,0,0,0,0,0,0,0,0,0,0,0,0,0,0,0,0,0,0,0,0,0,0,0,0,0,0,0,0,0,0,0,0,0,0,0,0,0,0,0,0,0,0,0,0,0,0,0,0,0,192,0,0,0,0,0,0,173,0,0,0,0,0,0,0,337,92,0,0
contig_32635,0,10510,0,0,0,0,0,0,0,0,0,0,0,0,0,0,0,0,0,0,0,441,0,0,0,0,0,0,0,0,1149,0,0,0,0,0,0,0,0,0,0,0,0,0,0,0,0,0,0,0,0,0,0,0,0,1175,769,0,0,0,9776,2708,0,0,0,0,0,3519,0,0,0,0,0,0,0,0,0,0,0,0,0,0,0,0,0,0,0,0,0,0,0,0
contig_32646,0,0,0,0,0,0,0,0,0,0,0,0,0,0,0,0,0,0,0,0,0,0,0,0,0,0,0,0,0,0,0,0,400,0,0,0,0,198,0,0,0,0,0,0,0,0,0,0,0,0,0,0,0,0,0,0,0,66,0,0,0,0,0,0,0,0,0,0,0,0,0,0,0,0,0,0,0,0,0,0,0,0,0,0,0,0,0,0,0,0,0,0
contig_32651,0,0,0,0,0,0,0,0,0,0,0,0,0,0,0,0,0,0,0,0,0,0,0,0,0,0,0,0,0,0,0,0,0,0,0,0,0,0,0,0,0,0,0,0,0,0,0,0,30,0,0,0,0,0,0,0,0,0,0,0,0,240,0,0,0,0,0,0,0,0,0,0,0,0,0,0,0,0,0,0,0,0,0,0,0,0,0,0,0,53,0,0
contig_32677,0,0,19991,498,0,1838,0,0,0,0,0,0,0,0,0,0,0,0,0,0,0,32,0,0,0,0,0,0,0,2020,283,52,0,0,0,0,0,294,0,274,0,0,3089,0,0,0,0,0,0,0,0,131,0,0,0,0,0,3381,0,0,0,6333,0,0,0,0,0,0,0,637,56,0,786,0,0,0,0,0,0,0,0,0,0,0,0,0,0,0,0,0,0,0
contig_32685,0,0,0,0,0,0,0,0,0,0,0,0,0,0,5580,0,0,0,0,0,0,0,0,0,0,0,0,0,479,0,0,0,0,0,0,0,0,0,132,403,0,0,0,0,0,0,0,0,0,0,0,0,0,1409,0,0,779,0,4473,0,0,0,0,0,0,0,0,369,0,0,0,0,0,5771,0,0,0,0,0,0,0,0,0,0,0,0,3476,0,0,0,0,0
contig_32696,0,0,0,0,0,0,0,153,30,66,1501,0,0,132,0,0,0,61,0,192,0,0,0,0,0,0,0,0,0,0,0,337,8203,0,0,0,0,437,0,0,0,0,0,0,411,0,0,0,0,0,0,5668,0,0,0,310,0,563,0,0,0,0,0,0,0,0,0,0,0,0,0,0,0,34015,0,529,26,130,0,0,115,0,0,0,0,0,0,50,0,11889,136,0
contig_327,0,0,0,0,0,0,0,0,0,0,58,0,0,0,0,0,432,42,26,35,0,0,0,0,0,0,0,0,0,503,0,585,1892,0,141,0,0,75,0,0,1208,0,63,0,111,0,0,20,2689,728,123,2968,0,5470,0,1083,0,0,0,0,0,0,302,0,0,0,0,352,207,116,0,0,0,3061,0,52,0,0,0,0,0,0,0,0,0,0,10725,0,0,3297,0,0
contig_32705,0,0,516,0,0,0,0,0,0,0,0,0,0,0,388,0,0,0,0,0,0,0,0,0,0,0,0,0,130,0,0,136,0,0,0,0,0,0,0,17382,0,0,0,0,0,0,0,0,0,0,0,0,0,0,0,0,0,698,0,0,516,0,0,0,0,0,0,0,0,0,0,0,0,0,0,0,0,0,0,0,0,0,0,0,0,0,0,0,0,1956,0,0
contig_32717,0,0,569,1423,1464,889,2242,0,0,0,0,0,0,0,4772,155,505,0,0,0,0,245,0,0,0,0,0,668,185,947,342,1194,440,0,0,0,0,1176,0,582,0,0,136,0,0,755,646,923,1250,1807,746,0,0,644,0,0,955,0,748,3580,874,1613,0,1270,0,0,750,1349,6107,0,0,0,0,3031,0,0,0,0,0,0,0,0,0,0,0,0,3489,0,0,1128,0,0
contig_32724,0,0,0,0,0,0,0,0,0,0,0,0,0,0,0,9225,123,0,0,0,0,0,0,0,0,0,0,0,0,0,0,0,0,0,0,0,0,0,0,323,0,0,0,0,0,0,0,0,0,0,0,0,0,0,0,0,0,0,0,0,0,0,0,0,0,0,0,0,0,0,0,0,0,0,0,0,0,0,0,0,0,0,0,0,0,0,0,0,0,0,0,0
contig_32725,0,0,0,0,0,0,0,0,0,0,0,0,0,0,0,0,0,0,0,0,0,0,0,0,0,0,0,0,0,0,0,0,87,0,0,0,0,0,0,0,0,0,0,0,0,9401,607,1736,188,0,252,0,0,0,0,0,0,0,9387,44574,25995,73,0,3103,0,0,0,412,147,0,0,0,0,0,0,0,0,0,0,0,0,0,0,0,0,0,0,0,0,0,0,0
contig_32734,0,0,0,0,0,0,0,0,0,0,0,0,0,0,0,0,0,0,0,0,0,0,0,0,0,0,0,0,0,0,1847,0,0,0,0,0,0,0,0,0,0,0,0,0,0,0,0,0,0,0,0,0,0,0,0,0,0,15,0,0,0,202,0,0,0,0,0,0,0,0,0,0,0,0,0,0,0,0,0,0,0,0,0,0,0,0,0,0,0,0,0,0
contig_32770,0,0,0,0,0,0,0,0,0,0,0,0,0,0,0,97,0,0,0,0,0,0,0,0,0,0,0,0,0,0,0,0,0,0,0,0,0,0,0,0,0,0,27,0,0,0,0,0,2462,1546,0,0,0,0,0,0,0,0,0,0,0,486,0,0,0,0,0,623,0,0,0,0,0,85,0,0,0,0,0,0,0,0,0,0,0,0,0,0,0,0,0,0
contig_32772,0,0,385,1060,459,556,0,0,0,0,0,0,0,0,4472,0,0,0,0,0,0,146,0,0,0,0,0,221,157,354,170,239,304,0,0,0,0,652,0,0,0,0,0,0,0,875,1006,432,341,0,107,0,0,123,0,19,270,0,0,818,0,408,0,387,1423,0,225,1353,562,45,0,0,0,0,0,0,0,0,0,0,7842,0,0,0,0,0,762,0,0,96,0,0
contig_32775,0,0,0,0,0,0,0,0,0,0,0,0,0,0,0,0,63,0,0,0,0,0,0,0,0,0,0,0,0,0,0,0,174,0,0,0,0,105,0,0,0,0,0,0,0,0,0,0,96,0,48,0,0,0,0,0,0,0,0,244,0,693,0,0,0,0,0,176,62,0,0,0,0,0,0,0,0,0,0,0,0,0,0,0,0,0,0,0,0,88,0,0
contig_32792,0,0,0,0,0,0,0,0,0,0,0,0,0,0,0,0,0,0,0,0,0,0,0,0,0,0,0,0,0,0,0,0,0,0,0,0,0,0,0,0,0,0,0,0,26,0,0,0,0,74,0,0,0,0,0,0,0,0,0,0,0,146,0,0,0,0,0,60,0,0,0,0,0,204,0,0,0,0,0,0,0,0,0,0,0,0,0,0,0,0,0,0
contig_32797,0,5067,0,0,0,0,0,0,0,0,0,0,0,0,0,16462,0,0,0,0,0,0,0,0,0,0,0,0,0,0,0,0,1422,0,0,0,0,0,0,0,0,0,0,0,0,225,0,0,34,0,0,0,0,0,0,0,0,0,0,1736,0,2247,0,0,202,0,0,0,0,0,0,0,0,0,0,0,0,0,0,0,0,0,0,0,0,0,0,0,0,575,0,0
contig_328,0,0,0,219,0,0,0,0,0,0,0,0,0,0,0,0,0,0,0,69,0,0,0,0,0,0,0,0,0,0,0,0,0,0,650,0,0,0,0,425,0,0,0,0,182,0,0,0,0,0,0,654,758,831,0,146,0,303,0,0,0,0,0,0,0,0,127,831,580,0,0,0,0,1939,0,0,0,0,0,0,0,0,0,0,0,0,962,0,0,1714,0,0
contig_32804,0,0,0,0,0,0,0,0,0,0,0,0,0,0,0,0,0,0,0,0,0,0,0,0,0,0,0,0,0,0,0,0,0,0,0,0,0,0,0,0,0,0,0,0,0,0,0,0,0,0,0,0,0,0,0,0,0,0,0,0,78,353,0,0,0,0,0,137,0,0,0,0,0,0,0,0,0,0,0,0,0,0,0,0,0,0,0,0,0,0,0,0
contig_32807,0,0,0,0,0,0,0,0,0,0,0,0,0,0,0,0,0,0,0,0,0,0,0,0,0,0,0,0,0,0,0,0,3247,0,0,0,0,0,0,0,0,0,0,0,0,0,0,0,581,0,216,0,0,0,0,0,0,0,0,0,0,0,0,0,0,0,0,0,0,0,0,0,0,235,0,0,0,0,0,0,0,0,0,0,0,0,0,0,69,0,0,0
contig_32820,0,0,1286,0,0,697,0,0,0,0,0,0,0,0,0,0,632,0,0,0,0,0,0,0,0,0,0,0,0,0,0,0,0,0,0,0,0,0,0,4208,0,0,0,0,0,0,0,0,533,0,0,0,0,0,0,58,0,0,0,0,0,0,0,0,0,0,0,1393,0,141,0,0,0,0,0,0,0,0,0,0,0,0,0,0,0,0,0,0,0,0,0,0
contig_32829,0,0,0,0,0,0,0,0,0,0,0,0,0,0,0,0,0,0,0,0,0,0,0,0,0,0,0,0,0,60,0,0,540,0,0,0,0,129,0,0,0,0,0,0,0,0,0,48,390,0,44,0,0,0,0,0,952,0,0,0,0,106,0,0,0,0,0,155,0,0,0,0,0,0,0,0,0,0,0,0,0,0,0,0,0,0,0,0,0,0,0,0
contig_32835,0,0,0,0,0,0,0,0,0,0,0,0,0,0,0,7820,0,0,0,0,0,654,0,0,0,0,0,0,0,878,0,0,0,0,0,0,0,0,0,0,0,0,0,0,0,0,0,179,0,0,88,0,0,0,0,0,0,0,1087,0,0,2247,0,0,0,0,0,0,0,0,0,0,0,0,0,0,0,0,0,0,0,0,0,0,0,0,0,0,0,0,0,0
contig_32849,0,0,0,0,0,0,0,0,0,0,0,0,0,0,0,21948,4637,0,0,0,0,0,0,0,0,0,0,0,0,0,0,0,0,0,0,0,0,0,0,0,0,0,0,0,0,0,0,815,0,249,212,0,0,0,0,0,0,0,0,0,1584,0,0,0,0,0,0,0,0,0,0,0,0,0,0,0,0,0,0,0,0,0,0,0,0,0,0,0,0,0,0,0
contig_32857,0,0,0,0,0,0,0,0,0,0,0,0,0,0,0,0,0,0,0,0,0,0,0,0,0,0,0,0,0,0,0,0,0,0,0,0,0,0,0,0,0,0,0,0,0,0,0,0,0,0,192,0,0,0,0,0,0,0,0,0,0,0,0,0,0,0,0,218,65,0,0,0,0,0,0,0,0,0,0,0,0,0,0,0,0,0,0,0,31,113,0,0
contig_32880,0,0,0,0,0,0,0,0,0,0,0,0,0,0,0,0,0,0,0,0,0,0,0,0,0,0,0,0,130,48,0,0,0,0,0,0,0,0,0,0,0,0,0,0,0,0,0,0,0,0,0,0,0,0,0,0,232,0,0,0,160,115,0,0,0,0,0,208,0,0,0,0,0,0,0,0,0,0,0,0,0,0,0,0,0,0,0,0,0,1196,0,0
contig_329,0,0,0,0,0,0,0,0,0,0,0,0,0,0,68,0,0,0,0,0,0,0,0,0,0,0,0,191,0,778,0,0,0,0,0,0,0,0,0,0,0,0,0,0,0,0,0,0,0,0,0,0,0,4228,0,0,34,0,0,673,0,4164,0,0,0,0,0,0,0,0,0,0,0,135,0,0,0,0,0,0,0,0,0,0,0,0,0,0,0,1680,0,0
contig_32906,0,0,0,0,0,0,0,0,0,0,0,0,0,0,0,27938,0,0,0,0,0,0,0,0,0,0,0,0,0,2575,0,0,0,0,0,0,0,0,0,0,0,0,0,0,0,395,0,0,0,0,0,0,0,0,0,0,0,0,329,0,943,268,0,0,0,0,0,0,0,0,0,0,0,0,0,0,0,0,0,0,704,0,0,0,0,0,0,0,0,0,0,0
contig_32914,0,0,0,0,0,0,0,0,0,0,0,0,0,0,0,0,0,0,0,0,0,0,0,0,0,0,0,0,0,0,0,0,0,0,0,0,0,0,0,0,0,0,0,0,0,0,0,0,0,967,5528,0,0,0,0,0,3902,0,0,0,0,835,66,0,0,0,0,0,0,0,0,181,0,0,0,0,0,0,0,0,0,0,0,0,0,0,0,0,0,0,0,0
contig_32942,0,0,0,0,0,0,0,0,0,0,0,0,0,0,3611,0,0,0,0,0,0,0,0,0,0,0,0,0,0,0,0,0,0,0,0,0,0,0,0,0,0,0,0,0,0,0,0,0,0,0,0,0,0,0,0,0,0,0,0,0,3746,930,0,0,0,0,0,0,0,0,0,0,0,0,0,0,0,0,0,0,0,0,0,0,0,0,0,0,0,0,0,0
contig_32953,0,0,533,2017,0,60,0,0,0,0,0,0,0,0,753,0,2496,0,0,0,0,0,0,0,0,0,0,0,227,0,0,0,0,0,0,0,0,0,5680,0,0,0,0,0,0,0,0,881,0,466,0,0,0,0,0,0,0,0,0,0,1069,0,0,0,0,0,0,1311,0,0,0,0,0,0,0,0,0,0,0,0,0,0,0,0,0,0,0,0,0,0,0,0
contig_32984,0,0,0,0,0,0,0,0,0,0,0,0,0,0,0,0,0,0,0,0,0,8652,0,359,133,0,0,0,0,0,0,0,218,0,0,0,0,0,0,0,0,0,0,0,0,0,0,0,0,0,0,0,0,0,0,15136,0,230,0,0,0,0,0,0,0,0,0,0,0,0,0,0,0,0,0,0,0,0,0,0,0,0,0,0,0,0,0,0,11824,24962,102,62
contig_32991,0,1027,0,0,0,0,0,0,0,0,0,0,0,0,0,0,0,0,0,0,0,0,0,0,0,0,0,457,0,347,0,0,0,0,0,0,0,0,0,0,0,0,0,0,0,0,0,0,0,0,0,0,0,2744,0,0,0,0,0,0,0,377,0,295,0,0,0,0,0,0,0,0,0,0,0,0,0,0,0,0,0,0,0,0,0,0,0,0,0,0,0,0
contig_33009,0,1552,0,0,0,0,0,0,0,0,0,0,0,0,0,0,0,0,0,0,0,0,0,0,0,0,0,0,0,0,0,0,0,0,0,0,0,0,0,0,0,0,0,0,0,0,0,0,0,0,0,0,0,0,0,0,0,0,0,0,0,0,0,0,0,0,0,114,0,0,0,0,0,0,0,0,0,0,0,0,0,0,0,0,0,0,0,0,0,101,0,0
contig_33037,0,0,2876,531,1652,0,0,0,0,0,0,0,0,1624,0,0,300,0,0,0,0,332,0,0,0,0,0,0,0,7122,3054,478,0,0,0,0,0,6202,0,2582,0,829,76378,0,339,0,0,1200,0,0,0,1225,0,0,0,0,0,30013,0,0,0,41712,0,0,0,0,0,0,0,2123,318,0,4921,0,0,0,219,0,0,0,0,0,0,0,0,0,0,0,0,0,0,0
contig_33049,0,0,0,0,0,0,0,0,0,0,0,0,0,0,0,0,1727,0,0,0,0,0,0,0,0,0,0,0,0,0,0,0,0,0,0,0,0,0,0,297,0,0,0,0,0,0,0,0,0,0,0,0,0,0,0,0,0,0,1802,0,1448,243,0,0,0,0,0,0,0,0,0,0,0,0,0,0,0,0,0,0,0,0,0,0,0,0,2643,0,0,1066,0,0
contig_33052,0,0,0,0,0,0,0,0,0,0,0,0,0,0,0,0,0,0,0,0,0,0,0,0,0,0,0,0,0,0,0,0,0,0,0,0,0,0,0,0,0,0,0,0,0,0,0,0,981,132,851,0,0,0,0,0,0,0,0,0,0,0,0,0,0,0,0,0,0,0,0,0,0,0,0,0,0,0,0,0,0,0,0,0,0,0,0,0,0,0,0,0
contig_33053,0,0,0,0,0,0,0,0,0,0,0,0,0,0,0,0,0,0,0,0,0,0,0,0,0,0,0,0,0,128,0,0,0,0,0,0,0,0,0,0,0,0,0,0,0,0,0,365,108,0,166,0,0,0,0,0,102,0,0,0,1673,116,0,0,0,0,0,86,75,0,0,0,0,0,0,0,0,0,0,0,0,0,0,0,0,0,0,0,0,0,0,0
contig_33058,0,0,0,0,0,0,115,0,0,0,0,0,0,0,0,0,0,0,0,0,0,0,0,0,0,0,0,0,0,0,0,453,770,0,0,0,0,0,0,0,0,0,0,0,0,0,0,0,185,0,0,0,0,0,0,0,0,0,0,0,0,0,0,181,51,0,0,0,0,0,0,0,0,0,0,0,0,0,0,0,0,0,0,0,0,0,0,0,0,0,0,0
contig_3306,0,0,0,0,0,0,0,0,0,0,0,0,0,0,0,0,0,0,0,0,0,0,0,0,0,0,0,0,0,0,0,0,0,0,0,0,0,1086,0,0,0,0,0,0,0,0,0,0,0,0,0,0,0,0,0,0,0,0,0,0,0,0,0,0,0,0,0,0,0,0,0,0,0,0,0,0,0,0,0,0,0,0,0,0,0,0,0,0,0,2933,414,0
contig_33063,347848,3975,16737,0,0,13092,4007,0,0,0,0,0,0,0,10552,11491,2654,0,0,0,0,0,0,0,0,0,0,1666,178937,8345,0,0,0,0,0,0,0,0,159,1187,0,0,0,0,0,0,1471,0,0,0,0,0,0,405,0,1066,1685,48,3281,4974,19181,802,0,212,1765,0,0,0,0,0,0,0,0,8832,0,0,0,0,0,0,31,0,0,0,0,0,11922,0,0,1488,0,0
contig_33082,0,0,0,301,48,0,0,0,0,0,0,0,0,0,0,0,0,0,0,0,0,0,0,0,0,0,0,0,0,0,759,61,0,0,0,0,0,799,0,0,0,0,0,0,41,0,0,0,0,0,0,0,0,0,0,135,1873,0,0,0,0,0,0,0,0,0,0,2206,206,0,0,0,0,0,0,0,0,0,0,0,0,0,0,0,0,0,0,0,242,0,0,0
contig_33084,0,973,0,0,0,375,1430,0,0,0,0,0,0,0,0,2523,0,0,0,0,0,0,0,0,0,0,0,0,4314,955,0,0,0,0,0,0,0,0,0,0,0,0,0,0,0,0,447,1855,0,0,0,0,0,0,0,0,0,0,1138,0,6501,256,0,0,246,0,0,0,0,0,0,0,0,0,0,0,0,0,0,0,76,0,0,0,0,0,0,0,0,0,0,0
contig_33096,0,0,0,0,0,0,0,0,0,0,0,0,0,0,0,716,397,0,0,0,0,0,0,0,0,0,0,84,20768,237,0,0,0,0,0,0,0,0,0,298,0,0,0,0,0,63,0,246,0,0,0,0,3054,0,0,0,764,151,0,3216,1310,407,0,0,0,0,0,0,0,0,0,0,0,193,0,0,0,0,0,0,33,0,0,0,0,0,226,0,0,56,0,0
contig_331,0,0,0,0,0,0,0,0,0,0,0,0,0,0,0,0,0,0,0,640,0,0,0,0,0,0,0,0,0,0,0,0,0,0,0,0,0,0,0,22312,0,874,0,0,0,0,0,0,0,0,0,0,0,6112,0,31,0,0,0,0,0,0,0,0,0,0,0,83,0,0,0,0,0,175,0,0,0,0,0,0,0,0,0,0,0,0,0,0,0,498,0,0
contig_3310,0,0,0,0,0,0,0,0,0,0,0,0,0,0,0,0,0,0,0,0,0,0,0,0,0,0,0,0,0,0,0,0,0,0,0,0,0,0,0,0,0,0,0,0,0,0,0,424,0,321,0,0,0,0,0,0,0,0,0,0,0,0,0,0,0,0,0,269,0,0,0,0,0,185,0,0,0,0,0,0,110,0,0,0,0,0,0,0,121,84,0,0
contig_3311,0,0,0,0,0,0,0,0,0,0,0,0,0,0,0,0,526,0,0,0,0,0,0,0,0,0,0,0,0,72,157,0,0,0,0,0,0,0,0,0,0,0,47,0,18,0,0,0,0,0,0,19,0,0,0,0,0,0,0,0,0,273,0,0,0,0,0,0,0,0,0,0,0,45,0,0,0,0,0,0,0,0,0,0,0,0,98,0,0,0,0,0
contig_33118,0,0,0,0,0,0,0,0,0,0,0,0,0,0,0,0,0,0,0,0,0,0,0,0,0,0,0,0,0,0,0,94,0,0,0,0,0,145,0,0,0,0,0,0,0,0,0,0,0,0,0,0,0,0,0,0,0,0,0,0,0,0,0,0,0,0,0,0,0,0,0,0,0,0,0,0,0,0,0,0,0,0,0,0,0,0,0,0,0,1547,325,0
contig_3313,0,0,0,0,0,0,0,0,0,0,0,0,0,0,0,0,0,0,0,0,0,0,0,0,0,0,0,0,21,0,0,0,0,0,0,0,0,70,0,0,0,0,74,0,33,0,0,0,0,0,0,0,0,0,0,0,11,0,0,0,0,725,0,0,0,0,0,0,0,0,0,0,0,0,0,0,0,0,0,0,0,0,0,0,0,0,0,0,12,0,0,0
contig_33130,0,0,0,0,0,1563,0,0,0,0,0,0,0,0,489,0,0,0,0,0,0,1509,0,0,0,550,0,0,0,0,0,0,0,0,0,0,0,4204,0,0,0,0,0,0,0,0,0,0,0,0,0,70,0,0,0,0,0,0,0,0,0,2120,0,0,5957,499,0,0,0,0,0,0,0,0,0,0,0,0,0,0,0,0,0,0,0,0,0,0,253,141,0,0
contig_3314,0,0,0,0,0,0,0,0,0,0,0,0,0,0,0,0,0,0,0,0,0,0,0,0,0,0,0,0,0,0,0,0,0,0,0,0,0,45,0,0,0,0,48,0,11,0,0,0,0,0,0,0,0,0,0,0,41,0,0,0,0,22,0,0,0,0,0,16,0,0,0,0,0,0,0,0,0,0,0,0,0,0,0,0,0,0,0,0,0,0,0,0
contig_3315,0,0,0,0,0,0,0,0,0,0,0,0,0,0,0,0,0,0,0,0,0,0,0,0,0,0,0,0,0,0,0,0,0,0,0,0,0,990,0,0,0,0,856,0,385,0,0,0,0,0,0,0,0,0,0,0,0,0,0,0,0,1843,0,0,0,0,0,0,0,0,0,0,0,0,0,0,0,0,0,0,0,0,0,0,0,0,0,0,233,0,0,0
contig_33171,0,0,0,0,0,0,0,0,0,0,0,0,0,0,0,0,0,0,0,0,0,109,0,0,0,0,0,0,0,0,0,0,0,0,0,0,0,0,0,0,0,94,0,0,0,0,332,0,0,0,0,0,0,0,0,0,0,0,0,0,0,641,0,0,0,0,0,0,0,0,0,0,0,0,0,0,0,0,0,0,0,0,0,0,0,0,0,0,0,0,0,0
contig_33196,131,1794,0,0,0,0,0,0,0,0,0,0,0,0,30831,170253,6041,0,0,0,0,0,0,0,0,0,0,320,988,403,0,0,0,0,0,0,0,0,0,0,0,0,0,0,0,4993,0,0,0,0,0,0,0,0,0,0,30062,0,2278,0,7631,0,0,7779,0,0,0,0,0,0,0,0,0,0,0,0,0,0,0,0,0,0,0,0,0,0,0,0,0,0,0,0
contig_332,0,0,0,0,0,0,0,0,0,0,0,0,0,0,0,0,0,0,0,0,0,69,0,0,0,0,0,0,0,1120,0,0,804,0,0,0,0,0,0,614,3824,60,470,0,111,0,0,0,0,0,0,0,0,0,0,745,4945,1129,0,0,0,0,0,0,0,0,2198,10864,10608,540,537,575,0,4292,0,0,0,0,0,0,0,0,0,0,0,0,3031,0,65,5154,0,0
contig_3320,0,0,0,0,0,0,0,0,0,0,0,0,0,0,0,0,0,0,0,212,0,0,0,0,0,0,0,0,0,0,0,0,0,0,0,0,0,0,0,11063,0,0,0,0,0,0,0,0,0,0,769,0,0,1129,0,896,0,0,0,0,0,0,0,0,0,0,0,5543,1633,245,0,0,0,0,0,0,0,0,0,0,0,0,0,0,0,0,18993,0,0,4610,0,0
contig_3321,0,0,0,0,0,0,0,0,0,0,0,0,0,0,0,0,702,0,0,0,0,0,0,0,0,0,0,0,0,0,0,0,0,0,0,0,0,0,0,0,0,0,99,0,0,0,0,0,0,0,0,0,0,0,0,0,0,0,0,0,2046,724,0,0,0,0,0,0,0,0,0,0,0,0,0,0,0,0,0,0,0,0,0,0,0,0,0,0,0,0,0,0
contig_33215,0,0,0,0,0,0,0,0,0,0,0,0,0,0,0,0,586,0,0,0,0,0,0,0,0,0,0,0,0,0,0,0,0,0,0,0,0,0,0,0,0,0,0,0,0,0,62,0,99,0,42,0,0,0,0,0,0,0,0,0,0,0,0,0,0,0,0,0,0,0,0,0,0,0,0,0,0,0,0,0,0,0,0,0,0,0,0,0,0,0,0,0
contig_33217,0,0,0,0,0,0,3948,0,0,0,0,0,0,0,0,0,0,0,0,0,0,0,0,0,0,0,0,0,0,0,0,0,0,0,0,0,0,0,0,0,0,0,0,0,0,0,0,0,430,0,1730,0,0,219,0,571,0,0,0,0,3986,227,0,0,0,0,0,0,0,281,0,0,0,392,0,0,0,0,0,0,0,0,0,0,0,0,1608,0,0,226,0,0
contig_33219,0,0,0,0,0,0,0,0,0,0,0,0,0,0,0,0,0,0,0,0,0,69504,0,2201,841,0,0,0,0,0,0,0,0,0,0,0,0,0,0,0,0,0,0,0,0,0,0,0,0,0,0,0,0,0,0,15036,0,467,0,0,0,0,0,0,0,0,0,0,0,0,0,0,0,0,0,0,0,0,0,0,0,0,0,0,0,0,0,0,10177,20119,0,0
contig_3322,0,0,0,0,0,0,0,0,0,0,0,0,0,0,0,0,0,0,0,0,0,0,0,0,0,0,0,0,0,239,0,0,0,0,0,0,0,0,0,0,0,0,0,0,0,0,0,0,0,0,21,0,0,0,0,0,0,0,0,0,0,501,0,0,0,0,0,0,16,0,0,0,0,82,0,0,0,0,0,0,0,0,0,0,0,0,0,0,0,0,0,0
contig_33224,0,269,0,232,51,98,185,0,0,0,0,0,0,0,0,2932,3654,0,0,0,0,0,0,0,0,0,0,0,299,3487,0,0,0,0,0,0,0,0,0,0,0,0,0,0,0,0,0,846,742,1064,613,0,0,0,0,0,1518,0,0,271,5489,1445,0,0,0,0,0,208,405,0,0,0,0,0,0,0,0,0,0,0,57,0,0,0,0,0,256,0,56,0,0,0
contig_33260,0,516,0,436,391,0,355,153,0,0,337,0,0,0,5798,5705,4224,0,0,0,0,0,0,0,0,0,0,175,312,792,198,469,1905,0,0,0,0,508,0,236,0,0,0,0,0,243,2082,372,3093,1075,836,54,0,0,0,0,535,0,122,920,2533,1534,0,0,455,0,403,124,1277,0,0,0,0,598,0,226,0,0,0,0,0,0,0,0,0,0,6299,0,0,659,0,0
contig_33275,0,458,0,0,0,0,0,0,0,0,0,0,0,0,10630,3789,77,0,0,0,0,0,0,0,0,0,0,0,0,0,0,0,0,0,0,0,0,0,0,0,0,0,0,0,0,0,0,0,0,0,0,0,0,0,0,0,882,0,0,0,293,0,0,106,0,0,0,0,0,0,0,0,0,625,0,0,0,0,0,0,0,0,0,0,0,0,446,0,0,145,0,0
contig_33288,0,0,0,0,0,0,0,0,0,0,0,0,0,0,0,0,0,0,0,0,0,0,0,0,0,0,0,0,0,0,0,0,0,0,0,0,0,0,0,0,0,0,0,0,0,0,0,0,0,0,0,0,0,0,0,0,0,0,0,0,0,0,0,0,0,0,0,0,0,0,0,0,0,0,0,0,0,0,0,0,0,0,0,0,0,0,0,0,28,65,29,0
contig_33302,0,0,0,88,0,0,103,0,0,0,0,0,0,0,0,0,0,0,0,0,0,0,0,0,0,0,0,0,0,0,0,0,0,0,0,0,0,0,0,0,0,0,0,0,0,0,0,0,0,0,0,0,0,0,0,0,0,0,0,0,128,682,0,0,0,0,0,0,0,0,0,0,0,106,0,0,0,0,0,0,0,0,0,0,0,0,402,0,0,0,0,0
contig_33320,0,0,203,0,0,0,0,0,0,0,0,0,0,0,0,0,0,0,0,0,0,0,0,0,0,0,0,0,241,0,0,0,0,0,0,0,0,0,0,3979,0,0,0,0,0,0,0,0,0,0,0,0,0,0,0,0,0,393,0,0,1102,0,0,0,0,0,0,0,0,0,0,0,0,474,0,0,0,0,0,0,0,0,0,0,0,0,0,0,0,3058,0,0
contig_33335,0,0,0,0,0,0,6072,0,0,0,0,0,0,0,0,0,4733,0,0,0,0,0,0,0,0,0,0,0,1031,1322,0,0,0,0,0,0,0,0,0,1201,0,0,0,0,0,0,0,0,0,0,0,0,0,0,0,0,0,0,5085,0,9108,224,0,0,0,0,0,0,0,0,0,0,0,866,0,0,0,0,0,0,0,0,0,0,0,0,0,0,0,0,0,0
contig_33347,0,0,0,0,0,0,77,0,0,0,0,0,0,0,0,0,0,0,0,0,0,0,0,0,0,0,0,0,0,0,0,0,0,0,0,0,0,0,0,0,0,0,0,0,0,0,0,97,131,99,254,0,0,0,0,0,0,0,0,0,68,530,0,0,0,0,0,0,0,0,0,0,0,32,0,0,0,0,0,0,0,0,0,0,0,0,0,0,0,0,0,0
contig_33373,0,0,0,0,0,0,0,0,0,0,0,0,0,0,0,0,0,0,0,0,0,0,0,0,0,0,0,0,0,0,0,0,0,0,0,0,0,0,0,0,0,0,0,0,0,0,0,393,474,3130,174,0,0,0,0,0,0,0,0,0,0,262,0,0,0,0,0,1828,377,0,0,0,0,249,0,0,0,0,0,0,0,0,0,0,0,0,0,0,0,0,0,0
contig_33377,0,0,0,0,0,0,0,0,0,0,0,0,0,63,0,0,0,0,0,0,0,0,0,0,0,0,0,0,0,0,0,0,0,0,0,0,0,0,0,0,0,0,0,0,0,0,0,0,259,255,0,0,0,0,0,0,186,0,0,0,0,0,0,0,0,0,0,0,0,0,0,0,0,0,0,0,0,0,0,0,0,0,0,0,0,0,0,0,0,0,0,0
contig_3339,0,0,0,0,0,0,0,0,0,0,0,0,0,0,0,0,0,0,0,0,0,0,0,0,0,0,0,0,0,0,0,1539,0,0,0,0,224703,61273,0,0,0,0,0,0,0,0,0,0,0,0,0,0,0,0,0,0,0,0,0,0,0,0,0,0,0,0,0,0,0,0,0,0,0,0,0,0,0,0,0,0,0,0,0,0,0,0,0,0,0,0,0,0
contig_33391,0,0,0,0,0,0,0,0,0,0,0,0,0,0,0,0,0,0,0,0,0,0,0,0,0,0,0,0,0,0,0,0,0,0,0,0,0,0,0,0,0,0,0,0,0,0,0,0,445,1889,56,0,0,0,0,0,0,0,0,0,0,0,0,0,0,0,0,0,0,0,0,0,0,0,0,0,0,0,0,0,0,0,0,0,0,0,0,0,0,0,0,0
contig_33396,0,0,0,0,0,0,0,0,0,0,0,0,0,0,0,0,0,0,0,0,0,0,0,0,0,0,0,0,0,0,0,289,397,0,0,0,0,114,0,0,0,0,0,0,33,0,0,0,604,0,0,60,0,0,0,0,0,0,0,0,0,2725,0,0,0,0,67,0,0,23,21,0,0,1403,0,0,0,0,0,0,0,0,0,0,0,0,0,0,0,557,0,0
contig_33410,0,0,0,0,0,0,0,0,0,0,0,0,0,0,0,0,0,0,0,0,0,0,0,0,0,981,41,0,0,0,0,0,0,0,0,0,0,0,0,0,0,0,0,0,0,0,0,446,0,0,0,0,0,0,0,0,0,0,0,0,0,0,0,0,0,0,0,0,0,0,0,0,0,0,0,0,0,0,0,0,0,0,0,0,0,0,0,0,0,0,0,0
contig_33415,0,0,0,0,0,0,0,0,0,0,0,0,0,0,0,0,47,0,0,0,0,0,0,0,0,0,0,0,0,0,0,0,0,0,0,0,0,0,0,0,0,0,0,0,0,0,0,0,236,0,0,0,0,0,0,0,0,0,0,0,0,200,0,0,0,0,0,0,846,0,0,0,0,401,0,0,0,0,0,0,0,0,0,0,0,0,0,0,0,0,0,0
contig_33423,0,0,0,0,0,0,0,0,0,0,0,0,0,0,0,0,1169,0,0,0,0,0,0,0,0,0,0,0,0,53,37,0,0,0,0,0,0,124,0,68,0,0,0,0,0,0,0,33,110,77,118,0,0,0,0,0,0,0,0,0,0,2247,0,0,0,0,0,160,0,0,0,0,0,0,0,0,0,0,0,0,0,0,0,0,0,0,0,0,63,120,0,0
contig_33433,0,0,4325,1459,0,7473,5332,0,0,0,0,0,0,0,0,0,0,0,0,0,0,0,0,0,0,0,0,0,0,17798,0,470,2406,0,0,0,0,0,0,0,0,0,0,0,0,0,0,0,0,0,0,0,0,0,0,0,0,0,0,0,0,0,0,1888,2774,0,69,0,0,0,0,0,0,39310,0,0,0,0,0,0,174,0,0,0,0,0,0,0,0,663,0,0
contig_33438,0,547,0,0,0,0,81,0,0,0,0,0,0,0,0,0,53,0,0,0,0,0,0,0,0,0,0,0,95,0,0,0,0,0,0,0,0,0,0,655,0,0,0,0,0,0,0,0,0,0,113,0,0,0,0,0,0,0,0,0,0,0,0,0,0,0,0,0,0,0,0,0,0,0,0,0,0,0,0,0,0,0,0,0,0,0,0,0,0,0,0,0
contig_33439,0,0,22755,3568,2851,0,0,0,0,0,0,0,0,0,0,0,2569,0,0,0,0,1062,0,0,0,0,0,0,660,15021,2556,0,0,0,0,0,0,0,0,472,0,78,42,0,0,0,9704,6365,16201,12085,0,0,0,0,0,341,3599,0,0,0,32925,7712,0,0,0,0,0,849,0,0,965,0,0,8630,0,7614,172,0,0,0,1420,0,0,0,0,0,0,0,553,0,0,0
contig_33440,0,0,0,0,0,0,0,0,0,0,0,0,0,0,0,0,46,0,0,0,0,0,0,0,0,0,0,0,0,0,0,0,0,0,0,0,0,0,0,0,0,0,0,0,0,0,0,0,35,0,0,0,0,0,0,0,1537,0,0,0,0,215,0,0,0,0,0,244,0,0,0,0,0,0,0,0,0,0,0,0,0,0,0,0,0,0,0,0,0,0,0,0
contig_33444,0,0,0,0,0,0,0,0,0,0,0,0,0,0,0,0,983,0,0,0,0,0,0,0,0,0,0,0,0,824,0,284,0,0,0,0,0,0,98,321,0,0,0,0,0,0,0,0,523,471,236,0,0,201,0,0,429,0,1122,0,4674,209,0,0,0,0,0,0,0,0,0,0,0,925,0,0,0,0,0,0,0,0,0,0,0,0,1289,0,0,0,0,0
contig_33452,0,1085,0,0,0,334,189,0,0,0,0,0,0,0,30312,0,2086,0,0,0,0,0,0,0,0,0,0,0,413,0,0,0,0,0,0,0,0,0,0,0,0,0,0,0,0,0,0,551,0,0,0,0,0,0,0,0,185,0,0,0,3893,188,0,0,0,0,0,0,0,0,0,0,0,1155,0,0,0,0,0,0,0,0,0,0,0,0,0,0,0,0,0,0
contig_33472,0,68,0,0,0,0,0,0,0,0,0,0,0,0,0,1218,0,0,0,0,0,0,0,0,0,0,0,778,0,193,0,0,0,0,0,0,0,0,0,0,0,0,0,0,0,34,0,64,0,0,0,0,0,3341,0,0,0,0,0,83,198,996,0,190,0,0,0,0,0,0,0,0,0,632,0,0,0,0,0,0,360,0,0,0,0,0,0,0,0,0,0,0
contig_33484,0,0,0,0,0,0,0,0,0,0,0,0,0,0,0,0,0,0,0,0,0,0,0,0,0,0,0,0,0,0,0,16,0,0,0,0,0,65,0,0,0,0,0,0,0,0,0,0,0,0,0,0,0,0,0,0,0,0,0,0,0,0,0,0,0,0,0,0,0,0,0,0,0,0,0,0,0,0,0,0,0,0,0,0,0,0,0,0,0,127,0,0
contig_33492,0,901,0,0,0,0,0,0,0,0,0,0,0,0,624,0,0,0,0,0,0,0,0,0,0,0,0,0,0,1174,0,0,0,0,0,0,0,0,0,0,0,0,0,0,0,0,0,0,0,0,0,0,0,567,0,0,0,0,0,600,0,0,0,664,0,0,0,0,0,0,0,0,0,0,0,0,0,0,0,0,0,0,0,0,0,0,0,0,0,0,0,0
contig_33493,0,0,0,0,0,171,0,0,0,0,0,0,0,0,7996,3717,2042,0,0,0,0,0,0,0,0,0,0,0,1231,1957,0,0,0,0,0,0,0,0,0,0,0,0,0,0,0,934,0,0,0,0,255,0,0,0,0,0,0,0,50269,7970,7748,207,0,0,0,0,0,0,0,0,0,0,0,0,0,0,0,0,0,0,0,0,0,0,0,0,0,0,0,0,0,0
contig_33496,0,0,0,0,0,0,0,0,0,0,0,0,0,0,0,0,0,0,0,0,0,0,0,0,0,0,0,0,0,0,0,0,0,0,0,0,0,0,0,0,0,0,0,0,0,0,0,0,1072,0,609,0,0,0,0,0,0,0,0,0,0,0,0,0,0,0,0,0,0,51,46,0,0,0,0,0,0,0,0,0,0,0,0,0,0,0,0,0,0,0,0,0
contig_335,0,0,0,0,0,0,0,0,0,0,0,0,0,0,0,0,0,0,0,0,0,0,0,0,0,0,0,0,0,0,0,146,0,0,0,0,0,0,0,0,0,0,0,0,0,0,0,0,287,0,32,0,0,156,0,0,0,0,0,0,0,101,0,0,0,0,0,0,0,0,0,0,0,353,0,0,0,0,0,0,0,0,0,0,0,0,416,0,0,0,0,0
contig_33500,0,0,0,0,0,0,0,0,0,0,0,0,0,0,0,0,0,0,0,0,0,0,0,0,0,0,0,0,0,0,0,0,0,0,0,0,0,0,0,0,0,0,0,0,0,0,0,97,150,32,96,0,0,571,0,0,66,0,0,0,0,166,0,0,0,0,0,183,0,0,0,0,0,218,0,0,0,0,0,0,0,0,0,0,0,0,0,0,0,56,0,0
contig_33513,0,0,0,0,0,0,0,0,0,0,0,0,0,0,0,0,4067,0,0,0,0,0,0,0,0,0,0,0,0,0,0,0,0,0,0,0,0,0,0,0,0,0,0,0,96,0,0,0,0,0,0,0,0,0,0,0,0,0,0,0,0,5000,0,0,0,0,0,0,0,0,0,0,0,0,0,0,0,0,0,0,0,0,0,0,0,0,0,0,0,0,0,0
contig_33519,0,0,0,0,0,0,0,0,0,0,0,0,0,0,0,0,0,0,0,112,0,819,0,0,28,200,84,0,0,0,0,0,0,0,3124,0,0,0,7888,8117,1801,206,256,43,284,0,0,0,0,0,0,0,0,0,0,536,11570,4295,0,0,0,0,0,0,0,0,993,56815,23094,901,799,719,264,0,0,0,0,0,0,0,0,0,0,0,0,0,0,182,762,21528,149,0
contig_33521,0,0,0,0,0,0,0,0,0,0,0,0,0,0,0,0,0,0,0,0,0,0,0,0,0,0,0,0,0,0,209,0,0,0,0,0,0,0,0,0,0,0,0,0,0,0,0,0,0,0,0,0,0,0,0,0,0,0,0,0,0,348,0,0,0,0,0,0,0,0,0,0,0,188,0,0,0,0,0,0,0,0,0,0,0,0,0,0,0,40,0,0
contig_33539,0,1504,0,0,0,0,1661,0,0,0,0,0,0,0,0,0,0,0,0,0,0,0,0,0,0,0,0,0,0,3053,0,0,0,0,0,0,0,0,0,1837,0,0,0,0,0,0,0,1545,3795,1381,3657,0,0,0,0,1438,0,0,4348,0,5778,1778,0,0,793,0,0,0,0,0,0,0,0,5837,0,0,0,0,0,0,0,0,0,0,0,0,6180,0,147,0,0,0
contig_33582,0,4559,0,1047,0,0,4777,0,0,0,0,0,0,0,0,0,0,0,0,0,0,799,0,0,0,0,0,0,1158,1898,2288,477,0,0,0,0,0,0,241,1162,0,0,0,0,0,0,0,1355,5580,0,6061,0,0,2521,0,2873,3083,104,1750,1613,9604,2090,0,0,0,0,0,0,197,0,0,0,0,10347,0,0,0,0,0,0,0,0,0,0,0,0,20824,0,267,3224,0,0
contig_33584,0,0,0,0,0,0,0,0,0,0,0,0,0,0,0,85,0,0,0,0,0,0,0,0,0,0,0,0,0,0,0,0,0,0,0,0,0,0,0,0,0,0,0,0,0,0,0,1860,0,91,936,0,708,61,8603,0,0,0,0,0,389,289,0,0,0,0,0,1561,0,0,0,0,0,0,0,0,0,0,0,0,0,0,0,0,0,0,0,0,97,1061,0,0
contig_33586,0,3420,0,0,0,0,0,0,0,0,0,0,0,0,0,0,0,0,0,0,0,0,0,0,0,0,0,0,0,0,0,0,0,0,0,0,0,0,0,0,0,0,0,0,0,0,0,0,0,0,0,0,0,0,0,0,0,0,73,657,2099,4852,0,0,0,0,0,0,0,0,0,0,0,0,0,0,0,0,0,0,0,0,0,0,0,0,0,0,0,0,0,0
contig_33596,0,0,0,0,0,0,0,0,0,0,0,0,0,0,0,0,0,0,0,0,0,0,0,0,0,0,0,0,0,0,0,0,0,0,0,0,0,0,0,0,0,0,0,0,0,265,0,0,0,0,0,0,0,31,0,0,0,0,0,88,1015,437,0,0,0,0,0,0,0,0,0,0,0,0,0,0,0,0,0,0,0,0,0,0,0,0,0,0,0,0,0,0
contig_33599,0,0,0,0,0,0,0,0,0,0,0,0,0,0,0,0,1138,0,0,0,0,0,0,0,0,0,0,0,545,115,0,0,0,0,0,0,0,0,0,0,0,0,0,0,0,0,0,0,0,0,0,0,0,0,0,0,0,0,0,0,2777,0,0,0,0,0,0,0,0,0,0,0,0,0,0,0,0,0,0,0,0,0,0,0,0,0,0,0,0,0,0,0
contig_336,0,0,0,248,0,0,0,0,0,0,0,0,0,0,0,0,0,0,0,0,0,343,0,0,0,0,0,0,0,102,0,730,0,0,0,0,0,0,0,0,0,0,0,0,0,0,0,190,0,0,0,0,0,0,0,187,0,0,299,0,0,3655,0,0,0,0,0,0,0,0,0,0,0,0,0,0,0,0,0,0,0,0,0,0,0,0,0,0,284,27,0,0
contig_33625,0,0,0,0,0,0,0,0,0,0,0,0,0,0,0,0,0,0,0,0,0,0,0,0,0,0,0,0,0,0,0,0,0,0,0,0,0,0,0,0,0,0,0,0,0,0,135,206,523,0,0,0,0,0,0,0,0,0,0,0,0,0,0,0,252,0,0,0,0,0,0,0,0,0,0,0,0,0,0,0,310,0,0,0,0,0,0,0,0,0,0,0
contig_33657,0,0,0,0,0,0,0,0,0,0,0,0,0,0,0,0,1464,0,0,0,0,0,0,0,0,0,0,0,0,1096,0,0,0,0,0,0,0,0,0,0,0,0,0,0,0,0,0,0,0,0,0,292,0,0,0,0,0,0,542,0,766,322,0,0,0,0,0,4362,1578,0,0,0,0,0,0,0,44,0,0,0,0,0,0,0,0,0,1910,0,0,1373,0,0
contig_33661,0,3098,2327,861,587,240,67,0,0,0,0,0,0,0,6582,0,484,0,0,0,0,0,0,0,0,0,0,0,104,1562,0,0,0,0,0,0,0,0,0,0,0,0,0,0,0,0,0,554,775,1606,538,0,0,0,0,0,287,0,275,326,6005,152,0,0,0,0,0,2550,4022,0,0,59,0,1127,0,0,0,0,0,0,0,0,0,0,0,0,9781,0,0,0,0,0
contig_33674,0,0,0,0,0,0,0,0,0,0,0,0,0,0,0,0,0,0,0,0,0,0,0,0,0,0,0,0,0,75,0,0,0,0,0,0,0,0,0,0,0,0,0,0,0,0,0,32,0,0,0,0,0,0,0,0,0,0,0,0,145,723,0,0,0,0,0,243,0,0,0,0,0,0,0,0,0,0,0,0,0,0,0,0,0,0,0,0,0,0,0,0
contig_33682,0,0,0,0,0,0,0,0,0,0,0,0,0,0,0,0,0,0,0,0,0,0,0,0,0,0,0,0,0,0,0,0,0,0,0,0,0,0,0,0,0,0,0,0,0,849,0,0,0,0,0,0,1857,0,0,0,0,0,469,0,0,0,0,0,0,0,0,0,0,0,0,0,0,0,0,0,0,0,0,0,0,0,0,0,0,0,0,0,0,0,0,0
contig_337,0,0,0,0,0,0,0,0,0,0,0,0,0,60,0,0,0,36,0,0,0,0,0,0,0,0,0,0,0,0,0,0,0,0,0,0,0,0,0,0,0,43,0,0,514,0,0,0,165,0,0,0,0,0,0,0,0,0,0,0,0,0,0,0,0,0,0,0,0,0,0,0,0,4739,0,0,0,0,0,0,0,0,0,0,0,0,0,0,0,0,0,0
contig_33720,0,0,0,0,0,0,0,0,0,0,0,0,0,0,0,0,0,0,0,0,0,0,0,0,0,0,0,0,0,76,0,0,0,0,0,0,0,0,0,201,0,0,0,0,0,0,0,0,75,0,622,0,0,0,0,0,0,0,0,0,0,9068,0,0,0,0,0,0,0,0,0,0,0,0,0,0,0,0,0,0,0,0,0,0,0,0,0,0,0,0,0,0
contig_33732,0,0,0,0,0,0,0,0,0,0,0,0,0,0,0,0,0,0,0,0,0,0,0,0,0,0,0,0,0,0,0,0,0,0,0,0,0,0,0,0,0,0,0,0,0,0,0,0,0,0,0,0,0,109,0,0,861,0,0,0,0,0,0,0,0,0,0,262,0,0,0,0,0,261,0,0,0,0,0,0,0,0,0,0,0,0,2184,0,0,80,0,0
contig_33734,0,5703,842,0,0,0,588,0,0,0,0,0,0,0,2161,17883,539,0,0,0,0,0,0,0,0,0,0,6431,7652,249,0,0,0,0,0,0,0,0,68,60,0,0,0,0,0,6437,159,2953,75,0,421,0,282,0,11075,0,0,0,3287,20362,8539,255,0,313,186,0,0,185,80,0,0,0,0,0,0,0,0,0,0,0,91,0,0,0,0,0,63,0,0,862,0,0
contig_33737,0,0,0,180,0,0,0,0,0,0,0,0,0,0,0,0,0,0,0,291,0,0,0,0,0,0,0,0,0,0,0,221,4155,0,3099,0,0,45,0,238,2365,0,32,0,342,0,0,0,2748,1215,1349,598,4428,3160,0,1292,0,398,0,0,0,0,404,0,0,0,402,3646,900,165,428,0,0,1635,0,0,0,0,0,0,0,0,0,0,0,0,79038,0,277,10644,214,0
contig_33749,0,0,0,0,0,0,0,0,0,0,0,0,0,0,0,0,0,0,0,0,0,0,0,0,0,0,0,0,0,0,0,0,0,0,0,0,0,0,0,0,0,0,0,0,0,0,0,2286,2030,2560,0,0,0,0,0,0,0,0,0,0,0,452,0,0,0,0,0,0,0,0,0,0,0,0,0,0,0,0,0,0,0,0,0,0,0,0,0,0,0,0,0,0
contig_33759,0,0,0,0,0,0,0,0,0,0,0,0,0,0,0,0,0,0,0,0,0,0,0,0,0,0,0,0,0,0,736,0,0,0,0,0,0,0,0,0,0,0,0,0,0,0,0,0,206,0,0,0,0,0,0,0,0,0,0,0,0,337,0,0,0,0,0,0,0,0,0,0,0,0,0,0,0,0,0,0,0,0,0,0,0,0,229,0,0,0,0,0
contig_3377,0,0,0,0,0,0,0,0,0,0,0,0,0,0,0,0,0,0,0,0,0,0,0,0,0,0,0,0,0,0,0,0,0,0,0,0,1648,0,0,0,0,0,0,0,0,0,693871,12250,0,0,0,0,0,0,0,0,0,0,0,0,0,0,0,0,0,0,0,0,0,0,0,0,0,0,0,0,0,0,0,0,3538,0,0,0,0,0,0,0,0,442,3445,0
contig_33771,0,0,0,0,0,0,0,0,0,0,0,0,0,0,0,0,0,0,0,0,0,0,0,0,0,0,0,0,0,0,0,0,0,0,0,0,0,0,0,0,0,0,0,0,0,0,0,0,0,0,0,0,0,0,0,0,0,0,0,0,660,62,0,0,0,0,0,168,0,0,0,0,0,146,0,0,0,0,0,0,0,0,0,0,0,0,0,0,0,0,0,0
contig_33780,0,0,3515,2940,710,3680,2681,0,0,0,0,0,0,0,4564,0,1176,0,0,0,0,2467,0,0,0,0,0,483,580,3886,3282,2556,9954,0,0,0,0,8964,406,77,0,0,0,0,0,881,4755,1740,2274,3060,556,0,0,0,0,258,1063,0,256,1714,4924,2252,0,0,8546,0,0,3466,3562,0,0,0,0,0,0,0,0,0,0,0,30025,0,0,0,0,0,765,0,0,0,0,0
contig_33784,0,0,0,0,0,0,0,0,0,0,0,0,0,0,0,0,0,0,0,0,0,0,0,0,0,0,0,0,0,44,0,0,0,0,0,0,0,0,0,0,0,0,0,0,0,0,0,0,0,0,0,0,555,0,0,0,0,0,0,0,121,109,0,0,0,0,0,42,0,0,0,0,0,0,0,0,0,0,0,0,0,0,0,0,0,0,0,0,0,0,0,0
contig_33785,0,0,0,123,0,56,197,0,0,0,0,0,0,0,0,0,330,0,0,0,0,104,0,0,0,0,0,0,0,579,0,156,0,0,0,0,0,0,0,0,0,0,0,0,0,0,253,502,0,476,248,0,0,0,0,0,241,0,0,195,617,0,0,0,0,0,53,0,0,0,0,0,0,336,0,0,0,0,0,0,121,0,0,0,0,0,222,0,67,0,0,0
contig_33790,0,0,0,0,0,0,0,0,0,0,0,0,0,0,0,0,0,0,0,0,0,0,0,0,0,0,0,0,0,0,0,0,0,0,0,0,0,0,0,0,0,0,0,0,0,0,0,0,0,0,0,0,0,0,0,0,0,0,0,0,0,960,0,0,0,0,0,0,0,0,0,0,0,0,0,0,0,0,0,0,0,0,0,0,0,0,6254,0,0,513,0,0
contig_338,0,0,0,0,0,0,0,0,0,0,0,0,0,0,0,0,0,0,0,0,0,0,0,0,0,0,0,0,0,0,0,0,1365,0,0,0,0,0,0,829,0,0,0,0,0,0,0,0,3838,0,4504,0,0,0,0,0,0,0,0,0,0,0,0,0,0,0,0,0,0,0,0,0,0,7294,0,0,0,0,0,0,70,0,0,0,0,0,0,0,0,1779,0,0
contig_33811,0,0,0,2515,2310,886,0,0,0,0,0,0,0,250,0,0,746,0,0,0,0,0,0,0,0,0,0,0,567,1322,0,0,0,0,0,0,0,0,0,0,0,0,6021,0,0,0,0,0,0,0,539,318,0,0,0,0,0,0,0,0,0,4890,0,0,0,0,0,3690,0,0,0,0,0,0,0,0,0,0,0,0,0,0,0,0,0,0,0,0,3396,0,0,0
contig_33828,0,0,0,0,0,0,0,0,0,0,0,0,0,0,0,0,0,0,0,0,0,0,0,0,0,0,0,0,0,1785,0,0,167,0,0,0,0,0,0,0,0,0,0,0,0,0,0,0,79,0,0,0,0,67,0,221,0,0,0,0,0,750,0,178,0,0,0,0,764,0,0,0,0,0,0,0,0,0,0,0,0,0,0,0,0,0,0,0,0,0,0,0
contig_33839,0,0,0,1757,0,0,0,0,0,0,0,0,0,0,0,0,1068,0,0,0,0,0,0,0,0,0,0,0,0,0,0,0,0,0,0,0,0,0,0,0,0,0,0,0,305,0,0,0,0,0,0,0,0,0,0,0,0,0,0,0,9107,2543,0,0,0,0,0,0,0,0,0,0,0,0,0,0,0,0,0,0,0,0,0,0,0,0,0,0,60,0,0,0
contig_33845,0,0,0,0,0,0,0,0,0,0,0,0,0,0,0,194,0,0,0,0,0,0,0,0,0,0,0,0,0,0,0,0,2300,0,0,0,0,0,26,0,0,0,0,0,0,0,0,0,0,0,0,0,0,3554,0,253,0,0,0,0,0,2432,0,227,0,0,0,136,0,0,91,0,0,1682,0,0,0,0,0,0,218,0,0,0,0,0,0,0,0,569,0,0
contig_33863,0,281,59,0,0,0,0,0,0,0,0,0,0,0,298,0,146,0,0,0,0,0,0,0,0,0,0,0,330,338,0,0,0,0,0,0,0,0,0,169,0,0,0,0,0,70,0,0,167,0,0,0,0,0,0,0,466,0,0,32,441,0,0,0,0,0,0,0,0,0,0,0,0,443,0,0,0,0,0,0,0,0,0,0,0,0,0,0,0,0,0,0
contig_33864,0,0,0,0,0,0,0,0,0,0,0,0,0,0,0,0,0,0,0,0,0,0,0,0,0,0,0,0,0,75,0,0,0,0,0,0,0,0,0,0,0,0,0,0,0,0,0,679,27423,0,0,0,0,0,0,0,0,0,0,0,0,134,0,0,0,0,0,43,0,0,0,0,0,117,0,0,0,0,0,0,0,0,0,0,0,0,0,0,0,0,0,0
contig_33871,0,0,0,238,0,357,0,0,0,0,0,0,0,0,0,0,0,0,0,0,0,0,0,0,0,0,0,0,0,0,0,0,118,0,0,0,0,0,0,0,0,0,0,0,0,0,0,0,141,144,524,0,0,43,0,130,482,0,0,2686,30971,1428,0,226,117,0,52,1484,474,28,0,44,0,427,0,0,0,0,0,0,215,0,0,0,0,0,0,0,0,0,0,0
contig_33876,0,0,0,0,0,0,0,0,0,0,0,0,0,0,0,0,0,0,0,0,0,0,0,0,0,0,0,0,0,0,0,0,0,0,0,0,0,0,0,0,0,0,0,0,0,0,0,0,0,0,0,0,0,0,0,0,0,0,0,0,0,80,24,0,0,0,0,0,0,0,0,0,0,0,0,0,0,0,0,0,0,0,0,0,0,0,0,0,0,41,0,0
contig_33878,0,3008,0,0,0,0,0,0,0,0,0,0,0,0,0,39900,0,0,0,0,0,0,0,0,0,0,0,2840,0,11558,0,0,0,0,0,0,0,0,0,0,0,0,0,0,0,536,0,0,0,0,0,0,0,1548,0,0,0,0,0,3308,0,1598,0,3627,0,0,0,54,0,0,0,0,0,0,0,0,0,0,0,0,30554,0,0,0,0,0,0,0,0,429,0,0
contig_33879,0,0,0,581,131,0,0,0,0,0,0,0,0,0,0,0,0,0,0,0,0,0,0,0,0,0,0,0,0,0,0,0,0,0,0,0,0,0,0,0,0,0,178,0,0,0,0,0,0,0,0,0,0,0,0,0,0,0,0,0,0,0,0,0,0,0,0,409,0,0,0,0,0,0,0,0,0,0,0,0,0,0,0,0,0,0,0,0,106,0,0,0
contig_33885,0,0,0,0,0,0,0,0,0,0,0,0,0,0,0,0,0,0,0,0,0,0,0,0,0,0,0,0,0,0,0,0,0,0,0,0,0,0,0,0,0,0,0,0,0,0,0,0,0,0,0,0,0,239,0,0,0,0,0,0,0,374,0,0,0,0,0,0,0,0,0,0,0,0,0,0,0,0,0,0,0,0,0,0,0,0,0,0,0,67,0,0
contig_33896,0,0,0,0,0,0,0,0,0,0,0,0,0,0,0,0,0,0,0,0,0,0,0,0,0,0,0,0,0,0,0,0,0,0,0,0,0,0,0,0,0,0,0,0,0,0,0,0,0,0,0,0,0,0,0,0,0,0,0,0,5381,1064,0,0,0,0,0,0,0,0,0,0,0,121,0,0,0,0,0,0,0,0,0,0,0,0,0,0,0,0,0,0
contig_33898,0,0,0,0,0,0,0,0,0,0,0,0,0,0,0,0,2357,0,0,0,0,0,0,0,0,0,0,0,0,162,0,0,0,0,0,0,0,0,0,0,0,0,75,0,0,0,0,136,1301,114,123,0,0,0,0,0,0,0,0,0,1212,3206,0,0,0,0,0,314,292,0,0,0,0,0,0,0,0,0,0,0,0,0,0,0,0,0,0,0,0,0,0,0
contig_339,0,0,0,0,0,0,0,0,0,0,0,0,0,0,0,0,1106,0,0,0,0,0,0,0,0,0,0,0,0,399,0,0,0,0,0,0,0,0,0,2573,0,0,0,0,0,0,0,0,0,0,0,0,0,0,0,0,0,0,0,0,1699,6727,0,0,0,0,0,0,0,0,0,0,0,0,0,0,0,0,0,0,0,0,0,0,0,0,0,0,0,0,0,0
contig_33928,0,0,0,0,0,0,0,0,0,0,0,0,0,0,0,0,0,0,0,0,0,0,0,0,0,0,0,0,0,0,0,854,0,0,0,0,0,0,0,0,0,0,0,0,0,0,0,31402,5932,5060,2303,0,0,0,0,0,0,0,0,0,0,47,0,0,0,0,0,0,0,0,0,0,0,0,0,0,0,0,0,0,0,0,0,0,0,0,0,0,0,0,0,0
contig_33932,0,0,0,2287,0,1871,0,0,0,0,0,0,0,0,949,0,0,0,0,0,0,243,0,0,0,0,0,0,0,0,0,91,0,0,0,0,0,0,0,0,0,0,0,0,0,640,0,391,0,0,0,0,0,873,0,0,0,0,0,0,0,412,0,0,0,0,0,2464,0,0,0,0,0,0,0,0,0,0,0,0,2355,0,0,0,0,0,0,0,171,0,0,0
contig_33948,90864,2333,2841,0,0,6189,2647,0,0,0,0,0,0,0,8707,14557,1239,0,0,0,0,0,0,0,0,0,0,0,38023,18840,0,0,0,0,0,0,0,0,0,227,0,0,0,0,0,2638,205,0,0,0,0,0,0,0,0,0,285,0,1023,3979,49382,799,0,0,422,0,0,0,0,0,0,0,0,0,0,0,0,0,0,0,0,0,0,0,0,0,376,0,0,0,0,0
contig_33957,0,0,0,0,0,0,0,0,0,0,0,0,0,0,0,0,0,0,0,0,0,0,0,0,0,0,0,390,43,0,0,0,0,0,0,0,0,0,0,0,0,0,0,0,0,0,0,0,0,0,0,0,0,0,0,0,0,0,0,1701,0,0,0,0,0,0,0,0,19535,0,0,0,0,0,0,0,0,0,0,0,0,0,0,0,0,0,0,0,0,0,0,0
contig_33974,0,0,0,0,0,0,0,0,0,0,0,0,0,0,0,0,0,0,0,0,0,0,0,0,0,0,0,0,0,0,0,0,0,0,0,0,0,0,0,0,0,0,230,0,0,0,0,0,0,0,0,203,0,0,0,0,414,0,0,0,0,0,0,0,0,0,0,0,0,0,0,0,0,0,0,0,0,0,0,0,0,0,0,0,0,0,75,0,0,559,0,0
contig_33986,0,0,129,350,0,0,0,0,0,0,0,0,0,0,0,0,0,0,0,0,0,0,0,0,0,0,0,0,0,1451,1006,89,3802,0,0,0,0,0,0,380,0,0,0,0,18,0,0,0,0,0,0,218,0,0,0,0,606,213,0,0,0,0,0,1863,0,0,0,3464,407,0,0,0,0,2085,0,0,0,0,0,0,89,0,0,0,0,0,0,0,75,1227,0,0
contig_33998,0,0,5453,244,75,0,0,0,0,0,0,0,0,0,0,0,0,0,0,0,0,0,0,0,0,0,0,0,1336,16596,0,0,0,0,0,0,0,0,0,0,0,0,0,0,0,0,0,0,0,0,0,0,0,0,0,0,0,0,0,0,0,0,0,0,948,0,0,0,0,0,0,0,0,0,0,0,0,0,0,0,0,0,0,0,0,0,0,0,0,0,0,0
contig_34,0,0,0,0,0,0,0,0,0,0,0,0,0,0,0,0,0,0,0,0,0,0,0,2704,0,0,0,0,0,0,0,0,0,0,0,0,0,0,0,0,0,0,0,0,0,0,0,0,0,0,0,0,0,0,0,0,0,0,0,0,0,0,0,0,0,0,0,0,0,0,0,0,0,0,0,103983,1111,66890,0,0,0,0,0,0,0,0,0,0,0,0,0,0
contig_340,0,0,0,0,0,0,0,0,0,0,0,0,0,0,0,0,0,0,0,0,0,0,0,0,0,0,0,0,0,0,0,0,0,0,0,0,0,0,0,0,0,0,369,0,56,0,0,0,0,0,0,0,0,0,0,0,0,0,0,0,0,0,0,0,0,0,0,0,36,0,0,0,0,0,0,0,0,0,0,0,0,0,0,0,0,0,0,0,0,25,0,0
contig_34000,0,0,0,0,0,0,0,0,0,0,0,0,0,0,0,0,231,0,0,0,0,0,0,0,0,0,0,0,0,0,0,0,0,0,0,0,0,0,0,0,0,0,0,0,0,0,0,0,0,0,414,0,0,0,0,0,0,0,0,0,0,0,0,0,0,0,0,0,0,0,0,0,0,1234,0,0,0,0,0,0,0,0,0,0,0,0,0,0,0,512,0,0
contig_34005,0,0,0,0,0,0,0,0,0,0,0,0,0,0,0,0,576,0,0,0,0,0,0,0,0,0,0,0,0,2962,0,0,0,0,0,0,0,0,97,0,0,0,0,0,0,0,0,0,0,0,0,0,0,0,0,0,0,0,0,0,18802,572,0,0,0,0,0,0,0,0,0,0,0,0,0,0,0,0,0,0,0,0,0,0,0,0,0,0,0,0,0,0
contig_34016,0,0,0,0,0,0,0,0,0,0,0,0,0,0,0,0,642,0,0,0,0,0,0,0,0,0,0,0,0,0,0,199,107,0,0,0,0,1061,0,0,0,0,0,0,0,0,0,0,0,104,0,0,0,0,0,0,0,0,0,0,0,0,0,0,0,0,0,0,0,0,0,0,0,0,0,0,0,0,0,0,0,0,0,0,0,0,0,0,0,0,0,0
contig_34061,0,236,0,0,0,0,0,0,0,0,0,0,0,0,0,0,30,0,0,0,0,0,0,0,0,0,0,0,193,40,0,0,0,0,0,0,0,0,0,56,0,0,0,0,0,0,0,112,57,0,123,0,0,0,0,0,0,0,109,0,0,0,0,0,0,0,0,0,0,0,0,0,0,0,0,0,0,0,0,0,0,0,0,0,0,0,0,0,0,0,0,0
contig_341,0,0,0,0,0,0,0,0,0,0,0,0,0,0,0,0,0,0,0,0,0,608,0,241,21,0,0,0,0,0,0,0,0,0,0,0,0,0,0,0,0,512,327,33,0,0,0,0,0,0,0,0,0,0,0,0,0,0,0,0,0,0,0,0,0,0,0,0,0,0,0,0,0,0,0,0,0,0,0,0,0,0,0,0,0,0,0,0,0,0,0,0
contig_34112,0,0,0,0,0,0,0,0,0,0,0,0,0,0,0,0,0,0,0,0,0,0,0,0,0,0,0,0,0,0,0,0,0,0,0,0,0,0,0,0,0,0,0,0,0,0,0,0,473,913,5459,20,0,0,0,0,0,0,0,0,0,0,0,0,0,0,0,0,0,0,0,0,0,0,0,0,0,0,0,0,0,0,0,0,0,0,656,0,0,0,0,0
contig_34133,0,0,0,0,0,0,0,0,0,0,0,0,0,0,0,0,0,0,0,0,0,0,0,0,0,0,0,0,0,0,0,0,0,0,0,0,0,0,0,0,0,0,0,0,0,0,0,0,0,224,35,0,0,0,0,0,0,0,0,0,550,195,0,0,0,0,0,741,0,0,0,0,0,0,0,0,0,0,0,0,0,0,0,0,0,0,0,0,0,0,0,0
contig_34142,0,0,710,0,567,0,0,0,0,0,0,0,0,0,0,0,2990,0,0,0,0,0,0,0,0,0,0,0,88,777,0,0,0,0,0,0,0,0,0,0,0,0,0,0,0,0,0,0,2302,0,217,0,0,0,0,0,400,0,0,0,0,2268,0,0,0,0,0,365,0,0,0,0,0,431,0,0,0,0,0,0,0,0,0,0,0,0,0,0,0,0,0,0
contig_34156,0,0,0,0,0,0,0,0,0,0,0,0,0,277,0,0,0,0,0,0,0,0,0,0,0,0,0,0,0,0,0,0,0,0,1690,0,0,0,0,0,0,77,93,0,3121,0,0,0,0,0,0,0,0,0,0,0,0,0,0,0,0,0,0,0,0,0,0,0,0,0,0,0,0,0,0,0,93,0,0,0,0,0,0,0,0,0,0,0,0,0,0,0
contig_34166,0,0,0,0,0,0,0,0,0,0,0,0,0,0,0,0,113,0,0,0,0,0,0,0,0,0,0,0,0,0,0,0,0,0,0,0,0,0,0,0,0,0,0,0,0,0,0,0,528,0,53,0,0,0,0,0,0,0,0,0,0,0,0,0,0,0,0,0,0,0,344,0,0,150,0,0,0,0,0,0,0,0,0,0,0,0,0,0,0,87,0,0
contig_34186,0,0,0,198,0,0,0,0,0,0,0,0,0,0,0,0,0,0,0,0,0,0,0,0,0,0,0,0,0,0,0,0,0,0,0,0,0,0,0,0,0,0,0,0,0,0,0,0,784,0,0,0,0,0,0,0,1480,0,0,0,3476,1434,0,0,0,0,0,0,0,0,0,0,0,0,0,0,0,0,0,0,0,0,0,0,0,0,245,0,0,0,0,0
contig_342,0,0,0,0,0,0,0,0,0,0,0,0,0,0,0,0,0,0,0,155,0,170,0,58,9,0,0,0,0,0,0,0,621,212,0,0,0,0,0,0,0,22,32,0,0,0,0,0,0,0,0,0,0,0,0,1681,0,0,0,0,0,0,0,0,0,0,0,0,0,0,0,0,6,0,0,0,27,0,0,140,0,44,0,39,10,114,0,0,45,714,15,5
contig_34216,242,6563,5033,3630,7517,1604,8802,0,231,0,1251,0,0,0,14006,1899,5904,47,0,141,0,2166,0,0,0,139,0,481,1898,3366,5686,2169,7396,0,286,0,0,7418,757,3633,498,0,0,0,0,0,4434,2627,14580,9857,10421,309,0,2144,0,4589,8578,142,2229,7216,11867,5026,0,533,1931,254,3005,880,5939,3474,1910,238,0,27398,0,2948,125,0,0,0,221,0,0,0,0,0,46714,0,503,9098,0,0
contig_34220,0,0,0,0,0,0,0,2805,0,0,0,0,0,0,0,0,6536,0,0,0,0,0,0,0,0,0,0,0,0,0,0,210,0,0,0,0,0,0,0,0,0,0,0,0,0,0,1878,0,3153,2281,1719,0,0,0,0,0,7436,0,3445,8165,8741,644,0,0,0,0,1252,319,0,0,0,0,0,0,0,0,0,0,0,0,0,0,0,0,0,0,0,0,0,499,0,0
contig_34235,5420,0,0,0,0,0,0,0,0,0,0,0,0,0,908,0,0,0,0,0,0,0,0,0,0,0,0,21304,0,364,0,0,0,0,0,0,0,0,0,0,0,0,0,0,0,11431,0,0,0,0,0,0,0,0,0,0,0,0,0,99023,2111,0,0,0,0,0,0,0,0,0,0,0,0,0,0,0,0,0,0,0,1987,0,0,0,0,0,0,0,0,0,0,0
contig_34261,0,0,5075,238,293,1538,0,0,0,0,0,0,0,141,0,0,0,0,0,0,0,0,0,0,0,0,0,0,0,1613,352,65,0,0,0,0,0,345,0,196,0,303,1977,0,0,0,0,526,0,0,0,165,0,0,0,0,0,1823,0,0,0,9020,0,0,0,0,0,0,0,466,0,0,929,0,0,0,72,0,0,0,0,0,0,0,0,0,0,0,0,0,0,0
contig_34262,0,1641,3169,726,2218,420,0,0,0,0,345,0,0,0,0,0,1369,0,0,0,0,0,0,0,0,0,0,0,0,2655,1144,431,0,0,0,0,0,1792,0,693,0,0,0,0,0,0,0,1570,2791,3097,5734,0,0,0,0,345,0,0,0,0,2781,679,0,0,0,0,0,2978,785,65,0,74,0,1997,0,985,0,0,0,0,0,0,0,0,0,0,0,0,35,378,0,0
contig_34272,0,268,343,227,0,0,0,0,0,0,0,0,0,0,0,0,115,0,0,0,0,0,0,0,0,0,0,0,0,0,0,0,0,0,0,0,0,0,0,0,0,0,0,0,0,0,0,0,0,0,0,0,0,0,0,0,0,0,0,0,2043,0,0,0,0,0,0,266,0,0,0,0,0,0,0,0,0,0,0,0,0,0,0,0,0,0,0,0,0,0,0,0
contig_34279,0,0,0,0,0,0,0,0,0,0,0,0,0,0,0,0,0,0,0,0,0,0,0,0,0,0,0,0,0,0,0,0,0,0,0,0,0,0,0,0,0,0,0,0,0,0,0,0,0,0,568,0,0,0,0,0,0,0,0,0,71,235,0,0,0,0,0,316,0,0,0,0,0,0,0,0,0,0,0,0,0,0,0,0,0,0,0,0,0,0,0,0
contig_34285,0,0,0,0,0,0,0,0,0,0,0,0,0,0,0,18580,0,0,0,0,0,0,0,0,0,0,0,3185,0,0,0,0,0,0,0,0,0,0,0,0,0,0,0,0,0,639,0,924,0,0,0,0,0,0,0,0,0,0,0,0,656,0,0,0,0,0,0,0,0,0,0,0,0,0,0,0,0,0,0,0,0,0,0,0,0,0,0,0,0,0,0,0
contig_34298,0,0,2313,1874,5111,1058,0,0,0,0,0,0,0,0,0,0,0,0,0,0,0,0,0,0,0,400,0,0,0,961,1186,0,0,0,0,0,0,3235,0,407,0,0,0,0,0,0,3395,1351,1357,1992,2430,0,0,116,0,539,0,0,0,1229,1265,854,52,0,0,0,0,2581,7191,0,0,0,0,0,0,0,0,0,0,0,0,0,0,0,0,0,1399,0,0,621,0,0
contig_343,0,0,0,0,0,0,0,0,0,0,0,0,0,0,0,0,0,0,0,595,0,0,0,0,0,0,0,0,0,0,0,0,0,0,0,0,0,0,0,0,0,0,86,0,0,0,0,0,0,0,0,0,0,0,0,11129,0,0,0,0,0,0,0,0,0,0,0,0,0,0,0,0,62,0,0,0,0,0,0,0,0,0,0,0,0,0,0,0,299,4237,164,30
contig_3432,0,0,0,0,0,0,0,488247,16831,32884,98435,307611,0,0,0,0,0,0,0,0,0,0,0,0,0,0,0,0,0,0,0,0,0,0,0,0,0,0,0,0,0,0,0,0,0,0,0,0,0,0,0,0,0,0,0,0,0,0,0,0,0,0,0,0,0,0,0,0,0,0,0,0,0,0,0,0,0,0,0,0,0,0,0,0,0,0,0,0,0,0,0,0
contig_34337,0,0,0,0,0,0,0,0,0,0,0,0,0,0,0,0,0,0,0,0,0,71,0,0,0,0,0,0,0,0,0,23,0,0,0,0,0,482,0,0,0,0,0,0,0,0,0,0,0,0,0,0,0,0,0,0,0,0,0,0,184,561,0,0,0,0,45,0,0,0,0,0,0,0,0,0,0,0,0,0,0,0,0,0,0,0,0,0,63,0,0,0
contig_34354,0,0,0,0,0,0,0,0,0,0,0,0,0,0,0,0,0,0,0,0,0,0,0,0,0,0,0,0,0,0,0,0,0,0,0,0,0,0,0,0,0,0,0,0,0,0,0,0,0,0,0,0,0,0,0,0,0,0,0,0,0,2740,0,380,0,0,0,0,0,0,0,0,0,0,0,0,0,0,0,0,0,0,0,0,0,0,0,0,0,174,0,0
contig_34377,0,0,352,660,0,216,408,0,0,0,0,0,0,0,2689,0,0,0,0,0,0,223,0,0,0,85,0,0,0,0,0,0,0,0,0,0,0,0,0,0,0,0,0,0,0,0,2073,676,1449,1973,291,0,0,0,0,0,963,0,1554,594,3091,507,35,1093,0,0,0,226,2058,0,0,0,0,0,0,0,0,0,0,0,1590,0,0,0,0,0,618,0,0,0,0,0
contig_344,0,0,0,0,0,0,0,0,0,0,0,0,0,10,0,0,0,0,0,129,0,0,0,0,0,0,0,0,0,0,0,0,13102,1586,0,0,0,76,0,0,18,0,0,0,0,0,0,0,0,0,0,0,0,0,0,7151,0,0,0,0,0,0,0,0,0,0,0,0,0,0,0,0,65,0,16,0,22,0,0,58,0,308,0,94,0,115,0,0,132,1934,80,0
contig_34405,0,0,0,0,0,2572,0,0,0,0,0,0,0,0,0,0,0,0,0,0,0,0,0,0,0,0,0,0,0,0,0,790,289,0,0,0,0,0,0,0,0,0,0,0,0,0,0,0,0,0,0,0,0,0,0,0,0,0,0,0,0,0,0,0,0,0,0,0,0,0,0,0,0,0,0,0,0,0,0,0,0,0,0,0,0,0,0,0,0,0,0,0
contig_34407,0,0,0,143,0,0,0,0,0,0,0,0,0,0,31,0,200,0,0,0,0,36,0,0,0,0,0,0,0,99,0,0,0,0,0,0,0,0,0,0,0,0,0,0,63,0,0,0,0,160,0,0,0,0,942,0,76,0,0,0,0,303,0,0,0,0,0,0,0,0,0,0,0,190,0,0,0,0,0,0,0,0,0,0,0,0,451,0,80,277,0,0
contig_34411,187,0,0,0,0,0,0,0,0,0,0,0,0,0,0,95,97,0,0,0,0,0,0,0,0,0,0,0,18030,378,0,0,0,0,0,0,0,0,0,278,0,0,0,0,0,411,0,0,0,0,0,0,0,0,0,0,520,0,0,710,4349,1288,0,0,0,0,0,0,0,0,0,0,0,3315,0,0,0,0,0,0,0,0,0,0,0,0,0,0,0,0,0,0
contig_34415,0,5113,1174,0,0,0,1659,0,0,0,0,0,0,0,0,0,0,0,0,0,0,0,0,0,0,0,0,0,624,2191,0,0,0,0,0,0,0,0,0,0,0,0,0,0,0,0,0,1399,0,0,1973,0,0,0,0,0,2556,0,0,0,16821,0,0,300,0,0,0,0,0,0,0,0,0,0,0,0,0,0,0,0,0,0,0,0,0,0,0,0,0,0,0,0
contig_34429,0,0,10725,949,0,0,0,0,0,0,0,0,0,0,0,0,0,0,0,0,0,0,0,0,0,0,0,0,0,0,0,67,0,0,0,0,0,0,0,2114,0,0,0,0,0,0,0,0,0,0,0,0,0,0,0,0,0,0,0,0,0,351,0,0,0,0,0,0,0,0,0,0,0,0,0,0,0,0,0,0,0,0,0,0,0,0,0,0,0,0,0,0
contig_34444,0,0,0,0,0,0,0,0,0,0,0,0,0,0,0,0,0,0,0,0,0,0,0,0,0,0,0,0,0,0,0,65,0,0,0,0,0,0,0,0,0,0,0,0,0,0,0,67,210,0,0,0,0,0,0,0,0,0,0,0,0,0,0,0,0,0,0,0,0,0,0,0,0,0,0,0,0,0,0,0,0,0,0,0,0,0,0,0,0,0,0,0
contig_34459,0,0,2871,600,247,0,0,0,0,0,200,0,0,0,0,0,0,0,0,17,0,0,0,0,0,0,0,0,0,0,0,569,1702,0,0,0,0,554,0,0,0,0,819,0,0,0,0,0,1084,432,49,2445,0,0,0,0,0,0,0,0,0,0,0,0,0,0,0,0,0,0,0,0,0,21591,0,0,0,0,0,0,0,0,0,0,0,0,0,0,0,0,0,0
contig_34460,0,0,0,0,0,0,0,0,0,0,0,0,0,0,0,0,0,0,0,0,0,0,0,0,0,0,0,0,0,341,0,0,0,0,0,0,0,0,0,0,0,0,0,0,0,0,0,0,0,0,69,0,0,0,0,627,0,0,0,0,1725,137,0,0,0,0,0,0,0,0,0,0,0,0,0,0,0,0,0,0,0,0,0,0,0,0,0,0,0,0,0,0
contig_34485,0,0,0,118,39,0,0,0,0,0,0,0,0,0,0,0,0,0,0,0,0,0,0,0,0,0,0,0,0,127,0,0,0,0,0,0,0,0,0,0,0,0,283,0,0,0,0,0,0,0,21,0,0,0,0,0,61,0,0,0,0,67,0,0,0,0,0,284,0,0,0,0,0,0,0,0,0,0,0,0,0,0,0,0,0,0,0,0,0,0,0,0
contig_345,0,0,0,0,0,0,0,0,0,0,0,0,0,0,0,0,0,0,0,0,0,26861,0,6701,326,0,0,0,0,0,0,0,0,0,0,0,0,0,0,0,0,0,0,0,0,0,0,0,0,0,0,0,0,0,0,0,0,0,0,0,0,0,0,0,0,0,0,0,0,0,0,0,0,0,0,0,0,0,0,0,0,0,0,0,0,0,0,0,0,0,0,0
contig_34528,0,0,0,0,0,0,0,0,0,0,0,0,0,0,0,0,0,0,0,0,0,0,0,0,0,0,0,0,0,0,0,460,210,0,0,0,0,0,0,0,0,0,0,0,0,0,0,0,69,0,0,0,0,0,0,0,92,0,0,0,0,616,0,0,0,0,0,0,0,0,0,0,0,0,0,0,0,0,0,0,0,0,0,0,0,0,0,0,0,0,0,0
contig_34539,0,0,0,0,0,26,0,0,0,0,0,0,0,0,0,0,0,0,0,0,0,0,0,0,0,0,0,0,0,0,0,0,0,0,0,0,0,0,0,0,0,0,0,0,0,0,0,193,0,0,58,0,0,0,0,0,0,0,0,0,779,30,0,0,0,0,0,137,0,0,0,0,0,0,0,0,0,0,0,0,0,0,0,0,0,0,0,0,0,0,0,0
contig_34541,0,0,0,111,0,0,0,0,0,0,0,0,0,0,209,0,0,0,0,0,0,0,0,0,0,0,0,0,0,0,0,0,0,0,0,0,0,0,0,0,0,0,0,0,0,0,0,0,0,1520,0,0,0,0,0,0,0,0,0,0,0,0,0,0,0,0,0,323,0,0,0,0,0,0,0,0,0,0,0,0,0,0,0,0,0,0,0,0,0,0,0,0
contig_34552,0,0,0,0,0,0,0,0,0,0,0,0,0,0,0,0,2872,0,0,0,0,0,0,0,0,0,0,0,0,1253,0,0,0,0,0,0,0,0,0,0,0,0,0,0,0,0,0,0,0,0,548,0,0,0,0,0,0,0,0,0,9665,459,0,0,0,0,0,0,0,0,0,0,0,0,0,0,0,0,0,0,0,0,0,0,0,0,0,0,0,0,0,0
contig_34555,0,0,0,0,0,0,0,0,0,0,0,0,0,0,0,0,0,0,0,0,0,0,0,0,0,0,0,0,0,92,0,0,0,0,0,0,0,0,0,0,0,0,0,0,0,0,0,47,0,27,0,0,0,0,0,0,0,0,0,0,0,59,0,0,0,0,0,29,0,0,0,0,0,0,0,0,0,0,0,0,0,0,0,0,0,0,0,0,0,0,0,0
contig_34590,0,380,0,0,0,0,0,0,0,0,0,0,0,0,31,0,63,0,0,0,0,0,0,0,0,0,0,25,61,163,0,0,0,0,0,0,0,0,0,492,0,0,0,0,0,0,42961,5001,116,30,81,0,0,0,0,0,58,0,37,0,0,0,0,0,0,0,0,0,0,0,0,0,0,0,0,0,0,0,0,0,0,0,0,0,0,0,0,0,0,0,0,0
contig_34599,0,0,0,784,1368,697,0,0,0,0,0,0,0,0,9116,286,0,0,0,0,0,0,0,0,0,0,0,0,786,1460,757,103,255,0,0,0,0,0,0,0,0,0,0,0,0,0,3486,4658,3140,4242,5908,0,0,754,0,782,3926,39,0,0,6789,498,0,235,452,0,0,1320,3752,488,0,111,0,5697,0,1874,0,0,0,0,173,0,0,0,0,0,0,0,0,343,0,0
contig_346,0,0,0,0,0,0,0,0,0,0,0,0,0,0,0,0,0,0,0,0,0,0,0,0,0,0,0,0,0,0,0,0,0,0,0,0,0,0,0,0,558,0,0,0,0,0,0,0,0,0,0,0,0,0,0,0,0,0,0,0,0,0,0,0,0,0,0,0,0,0,0,0,810,0,0,0,0,0,0,0,0,0,0,0,0,0,0,0,3337,93166,2255,379
contig_34620,0,561,0,0,0,0,0,0,0,0,0,0,0,0,448,175,434,0,0,0,0,0,0,0,0,0,0,0,88,0,0,0,0,0,0,0,0,0,18,0,0,0,0,0,0,0,0,0,209,0,407,0,0,0,0,0,587,0,0,267,362,39,0,0,0,0,0,194,0,0,0,0,0,573,0,112,0,0,0,0,264,0,0,0,0,0,120,0,119,231,0,0
contig_34628,0,6054,7658,880,0,11234,699,0,0,0,0,0,0,0,14969,26940,891,0,0,0,0,292,0,0,0,0,0,0,1277,10615,1641,0,0,0,0,0,0,0,449,147,0,0,0,0,0,1634,0,1279,2123,457,886,0,0,0,0,0,3375,0,0,0,27505,1185,0,0,495,0,0,210,0,0,0,0,0,2239,0,0,0,0,0,0,664,0,0,0,0,0,0,0,0,0,0,0
contig_34661,0,0,0,0,0,0,0,0,0,0,0,0,0,0,0,0,0,0,0,0,0,0,0,0,0,0,0,0,0,0,0,0,0,0,0,0,0,0,0,0,0,0,0,0,0,0,0,0,71,43,0,0,0,0,0,0,243,0,0,0,0,0,0,0,0,0,0,857,0,0,0,0,0,0,0,0,0,0,0,0,0,0,0,0,0,0,0,0,0,0,0,0
contig_34678,0,0,0,0,0,0,0,0,0,0,0,0,0,0,0,0,5395,0,0,0,0,0,0,0,0,0,0,0,0,0,0,0,0,0,0,0,0,0,0,0,0,0,0,0,0,0,0,0,7306,1409,432,0,0,0,0,0,0,0,0,0,0,0,0,0,0,0,0,0,1620,0,0,0,0,2309,0,0,0,0,0,0,0,0,0,0,0,0,0,0,0,0,0,0
contig_34682,0,0,0,0,0,0,0,0,0,0,0,0,0,31,0,0,0,0,0,0,0,0,0,0,0,0,0,0,0,0,0,0,303,0,0,0,0,332,0,0,0,0,0,0,119,0,0,0,0,0,0,0,0,0,0,0,0,0,0,0,0,0,0,0,0,0,0,0,0,0,0,0,0,0,0,0,0,0,0,0,0,0,0,0,0,0,0,0,0,0,0,0
contig_34687,0,0,0,0,0,0,0,0,0,0,0,0,0,0,0,0,71,0,0,0,0,0,0,0,0,0,0,0,0,0,0,0,0,0,0,0,0,0,0,0,0,0,0,0,0,0,0,0,0,0,0,0,0,0,0,0,0,0,0,78,0,208,0,0,0,0,0,0,0,0,0,0,0,0,0,0,0,0,0,0,0,0,0,0,0,0,0,0,0,0,0,0
contig_34689,0,0,0,0,0,0,0,0,0,0,0,0,0,0,0,0,0,0,0,0,0,0,0,0,0,0,0,0,0,0,0,0,0,0,0,0,0,0,0,0,0,0,0,0,0,0,0,0,1627,0,0,0,0,0,0,0,2285,0,0,577,861,0,0,0,0,0,0,0,0,0,0,0,0,0,0,0,0,0,0,0,0,0,0,0,0,0,0,0,0,0,0,0
contig_347,0,0,0,0,0,0,0,0,0,0,0,0,0,0,0,0,0,0,0,0,0,0,0,0,0,0,0,0,0,0,0,0,0,0,0,0,0,0,0,0,16,6346,6163,176,147,0,0,0,0,0,0,0,0,0,0,0,0,0,0,0,0,0,0,0,0,0,0,0,0,0,0,0,0,0,0,0,0,0,0,0,0,0,0,0,0,0,0,0,0,0,0,0
contig_34719,0,0,0,0,0,0,0,0,0,0,0,0,0,0,28412,45540,12517,0,0,0,0,0,0,0,0,0,0,0,0,0,0,0,0,0,0,0,0,0,0,0,0,0,0,0,0,0,0,0,0,0,0,0,0,0,0,0,0,0,3774,0,0,0,0,0,0,0,0,0,0,0,0,0,0,0,0,0,0,0,0,0,0,0,0,0,0,0,0,0,0,0,0,0
contig_34741,0,0,0,0,0,0,0,0,0,0,0,0,0,0,0,3079,0,0,0,0,0,0,0,0,0,0,0,0,0,0,0,0,0,0,0,0,0,0,0,0,0,0,0,0,0,0,0,0,0,243,46,0,0,0,0,0,0,0,0,0,0,0,0,0,0,0,0,0,0,0,0,0,0,0,0,0,0,0,0,0,0,0,0,0,0,0,0,0,0,0,0,0
contig_34746,0,3021,4517,1842,1019,1436,1003,0,0,0,0,0,0,0,19574,0,1908,0,0,0,0,0,0,0,0,0,0,1056,2400,4246,0,0,0,0,0,0,0,1237,1253,117,0,0,28,0,0,3443,3931,1300,2560,5944,752,0,0,95,0,168,3622,0,0,7682,10216,1284,0,272,1342,0,0,3119,3410,0,0,0,0,3111,0,0,0,0,0,0,2812,0,0,0,0,0,2424,0,0,2023,0,0
contig_34751,0,6513,1911,204,0,0,0,0,0,0,0,0,0,0,0,0,0,0,0,0,0,0,0,0,0,0,0,0,1876,1716,0,0,0,0,0,0,0,0,0,0,0,0,0,0,0,0,0,258,219,0,3407,0,0,0,0,0,0,0,0,0,4005,0,0,0,0,0,0,1474,0,0,0,0,0,0,0,0,0,0,0,0,0,0,0,0,0,0,0,0,0,0,0,0
contig_34758,0,0,0,0,0,0,0,0,0,0,0,0,0,0,0,0,0,165,0,234,0,0,0,0,30,0,0,0,0,0,0,881,4136,0,56,0,0,230,0,0,0,0,0,0,0,0,0,0,0,0,0,5281,5101,4893,0,410,0,0,0,0,0,0,0,0,0,0,0,0,0,0,0,0,0,15596,0,0,0,0,0,0,0,0,0,0,0,0,424,0,0,5699,0,0
contig_34762,0,0,0,0,0,0,0,0,0,0,0,0,0,0,0,0,0,0,0,0,0,0,0,0,0,0,0,0,0,0,0,0,0,0,0,0,0,0,0,0,0,0,0,0,0,0,0,0,0,0,0,0,0,0,0,0,0,0,0,0,0,189,0,62,0,0,0,0,0,0,0,0,0,687,0,0,0,0,0,0,0,0,0,0,0,0,0,0,0,0,0,0
contig_34790,0,0,0,0,0,0,0,0,0,0,0,0,0,0,0,0,0,0,0,0,0,0,0,0,0,0,0,0,0,0,0,0,0,0,0,0,0,0,0,0,0,0,0,0,0,0,0,60,240,0,105,0,0,0,0,0,0,0,0,0,0,131,0,0,0,0,0,0,0,0,0,0,0,0,0,0,0,0,0,0,0,0,0,0,0,0,0,0,0,83,0,0
contig_34792,0,0,0,157,0,0,0,0,0,0,428,0,0,0,0,0,3831,0,0,0,0,0,0,0,0,0,0,0,0,762,0,0,0,0,0,0,0,0,0,0,0,0,0,0,0,0,0,0,2103,0,1216,0,0,0,0,0,3995,0,744,3958,2300,0,0,0,0,0,0,0,0,0,0,0,0,4386,0,0,0,0,0,0,0,0,0,0,0,0,0,0,0,0,0,0
contig_348,0,0,0,0,0,0,0,0,0,0,22,0,0,101,0,0,0,0,0,0,0,0,0,0,0,0,0,0,0,0,0,0,32632,5320,0,0,0,527,0,0,0,0,0,0,0,0,0,0,0,0,0,0,0,0,0,0,0,0,139,0,0,0,0,0,0,0,0,0,0,0,0,0,0,0,0,0,0,0,0,594,27,2669,244,2037,148,1680,0,0,0,0,0,0
contig_34803,0,0,0,0,0,0,155,0,0,0,0,0,0,0,0,0,0,0,0,0,0,0,0,0,0,0,0,0,0,0,0,0,0,0,0,0,0,0,0,0,0,0,0,0,0,0,0,327,430,339,604,0,0,0,0,0,0,0,0,0,98,883,0,0,0,0,0,0,0,0,0,0,0,0,0,0,0,0,0,0,0,0,0,0,0,0,0,0,0,118,0,0
contig_34817,0,0,0,0,0,0,0,0,0,0,104,0,0,0,0,0,1114,0,0,0,0,791,0,0,0,0,0,0,488,0,1528,0,0,0,0,0,0,181,0,388,0,0,0,0,0,0,6038,4765,11458,4325,0,0,0,0,0,0,2858,0,0,0,29025,6046,0,0,0,0,0,0,0,0,0,0,0,4629,0,0,0,0,0,0,1248,0,0,0,0,0,36,0,422,0,0,0
contig_34819,317,6970,1892,0,0,798,5487,0,0,0,0,0,0,0,10203,0,0,0,88,0,0,528,0,0,0,0,0,262,1044,2175,1644,0,0,0,164,0,0,0,231,913,0,0,0,0,0,0,0,1144,4157,0,5019,0,0,1695,0,2707,2848,0,3038,1813,11968,1869,0,461,0,0,0,0,0,0,0,0,0,7815,0,0,0,0,0,0,65,0,0,0,0,0,11589,0,190,1958,0,0
contig_34829,0,0,0,518,0,0,0,0,0,0,0,0,0,0,0,0,0,0,0,0,0,0,0,0,0,0,0,0,0,0,0,0,0,0,0,0,0,0,0,0,0,0,311,0,0,0,0,0,0,0,0,0,0,0,0,0,0,0,0,0,0,0,0,0,0,0,0,378,0,0,0,0,0,0,0,0,0,0,0,0,0,0,0,0,0,0,0,0,79,0,0,0
contig_34839,0,0,3864,0,0,9115,2539,0,0,0,0,0,0,0,0,10678,923,0,0,27,0,0,0,0,0,0,0,1516,37278,16032,0,0,0,0,0,0,0,0,91,119,0,0,0,0,0,0,67,0,0,0,541,0,0,0,0,0,126,0,0,0,35305,275,0,0,0,0,0,0,0,0,0,0,0,0,0,0,0,0,0,0,0,0,0,0,0,0,0,0,0,0,0,0
contig_3485,0,0,0,0,0,0,0,0,0,0,0,0,0,0,0,0,0,0,0,0,0,0,0,0,0,0,0,0,0,0,0,0,0,0,0,0,0,667,0,0,0,0,0,0,0,0,0,0,0,0,0,0,0,0,0,0,0,0,0,0,0,0,0,0,0,0,0,0,0,0,0,0,0,0,0,0,0,0,0,0,0,0,0,0,0,0,0,0,0,1097,227,0
contig_34855,0,0,0,0,0,0,0,0,0,0,0,0,0,0,0,0,3507,0,0,0,0,0,0,0,0,0,0,0,0,344,0,0,0,0,0,0,0,0,0,189,0,0,0,0,0,0,0,0,0,0,0,98,0,0,0,0,0,0,0,0,0,941,0,0,0,0,0,0,0,0,0,0,0,0,0,0,0,0,0,0,0,0,0,0,0,0,0,0,0,0,0,0
contig_34859,0,0,0,208,0,0,450,0,0,0,0,0,0,0,0,0,160,0,0,0,0,0,0,0,0,0,0,0,0,1732,0,0,171,0,0,0,0,89,0,0,0,0,0,0,0,0,0,0,83,0,0,0,0,0,0,293,452,0,0,0,23783,629,0,0,0,0,0,1519,536,0,0,0,0,570,0,0,0,0,0,0,0,0,0,0,0,0,0,0,0,0,0,0
contig_34866,0,0,0,0,0,0,0,0,0,0,0,0,0,0,857,0,0,0,0,0,0,0,0,0,0,0,0,0,579,416,0,0,0,0,0,0,0,0,0,0,0,0,0,0,0,0,0,97,533,236,292,0,0,0,0,0,816,0,0,0,1210,0,0,0,120,0,0,0,0,0,0,0,0,902,0,0,0,0,0,0,0,0,0,0,0,0,2419,0,0,445,0,0
contig_34887,0,0,0,154,0,0,0,0,0,0,0,0,0,0,0,0,0,0,0,0,0,0,0,0,0,0,0,0,112,0,0,0,0,0,0,0,0,0,0,0,0,0,0,0,0,0,0,0,0,0,0,0,0,0,0,0,0,0,0,0,0,367,0,0,0,0,0,0,0,0,37,0,0,214,0,0,0,0,0,0,0,0,0,0,0,0,334,0,0,0,0,0
contig_34897,0,0,0,0,0,0,0,0,0,0,0,0,0,0,0,0,0,0,0,0,0,0,0,0,0,0,0,0,0,0,0,0,0,0,0,0,0,0,0,0,0,0,0,0,0,385,0,0,213,0,49,0,0,0,0,0,0,0,0,0,3086,156,0,0,0,0,0,110,0,0,0,0,0,199,0,0,0,0,0,0,0,0,0,0,0,0,0,0,0,0,0,0
contig_34905,51,1437,131,192,124,184,187,0,0,29,261,0,0,0,9131,5247,8636,0,0,0,0,0,0,0,0,43,0,707,668,1773,0,221,575,0,0,0,0,0,0,155,0,0,0,0,0,0,1644,480,2361,1526,902,0,0,0,0,101,2006,0,5885,1513,8109,887,0,0,269,0,584,228,2107,166,0,0,0,2209,0,551,0,0,0,0,0,0,0,0,0,0,0,0,0,446,0,0
contig_3491,0,0,0,0,0,0,0,64,47,0,0,0,0,0,0,0,0,0,0,0,0,0,0,122383,2784,0,0,0,0,0,0,0,0,0,0,0,0,0,0,0,0,0,0,0,0,0,0,0,0,0,0,0,0,0,0,0,0,0,0,0,0,0,0,0,0,0,0,0,0,0,0,0,0,0,0,0,0,0,0,0,0,0,0,0,0,0,0,0,0,0,0,0
contig_34914,0,0,0,22,0,0,0,0,0,0,0,0,0,0,0,0,0,0,0,0,0,0,0,0,0,0,0,0,0,0,0,0,0,0,0,0,0,0,0,0,0,0,0,0,0,333,0,1885,0,0,908,0,532,20,7984,0,0,0,0,0,0,143,0,0,0,0,0,1453,0,0,0,0,0,0,0,0,0,0,0,0,0,0,0,0,0,0,0,0,83,828,0,0
contig_34928,0,0,0,0,0,0,0,0,0,0,0,0,0,0,0,0,0,0,0,0,0,0,0,0,0,0,0,0,0,0,0,0,0,0,0,0,0,0,0,0,0,0,0,0,0,0,0,553,80,0,289,0,0,0,0,0,0,0,0,0,1219,272,0,0,0,0,0,0,0,0,0,0,0,0,0,0,0,0,0,0,0,0,0,0,0,0,0,0,0,0,0,0
contig_34929,0,0,0,0,0,0,0,0,0,0,0,0,0,0,0,0,0,0,0,0,0,0,0,0,0,0,0,0,0,633,0,914,0,0,0,0,0,0,0,491,0,0,81,0,0,0,47,127,955,852,705,289,1790,564,0,0,725,0,767,0,0,1087,0,0,0,0,507,684,536,0,0,0,0,2518,0,0,0,0,0,0,0,0,0,0,0,0,1687,0,0,613,0,0
contig_34933,0,0,0,0,0,0,0,0,0,0,0,0,0,0,0,0,0,0,0,0,0,0,0,0,0,0,0,0,0,0,0,0,0,0,0,0,0,0,0,0,0,0,0,0,0,0,0,0,139,0,29,0,0,0,0,0,0,0,0,0,0,0,0,0,0,0,0,551,0,0,0,0,0,0,0,0,0,0,0,0,0,0,0,0,0,0,0,0,0,0,0,0
contig_34935,0,0,0,809,0,0,0,0,0,0,0,0,0,0,0,0,0,0,0,0,0,0,0,0,0,0,0,0,0,0,0,390,0,0,0,0,0,0,0,0,0,0,0,0,0,0,1125,1083,1804,456,803,0,0,0,0,0,0,0,0,0,0,0,0,0,0,0,85,639,477,155,74,0,49,0,0,0,0,0,0,0,0,0,0,0,0,0,354,0,0,0,0,0
contig_34942,0,0,0,0,0,0,0,0,0,0,0,0,0,0,0,168,0,0,0,0,0,0,0,0,0,0,0,0,250,0,0,0,0,0,0,0,0,0,0,0,0,0,0,0,0,5590,21,1929,0,0,0,0,1348,0,5814,0,0,0,0,0,0,124,0,0,0,0,0,1467,0,0,0,0,0,0,0,0,0,0,0,0,0,0,0,0,0,0,0,0,0,0,0,0
contig_34982,0,0,0,0,0,0,0,0,0,0,0,0,0,0,856,0,0,0,0,0,0,0,0,0,0,0,0,0,0,0,0,0,0,0,0,0,0,0,0,0,0,0,0,0,0,0,0,0,0,0,0,0,0,0,0,0,0,0,0,14894,45,0,0,0,0,0,0,0,0,0,0,0,0,0,0,0,0,0,0,0,0,0,0,0,0,0,0,0,0,0,0,0
contig_34985,0,0,0,0,0,0,0,0,0,0,0,0,0,0,0,0,469,0,0,0,0,0,0,0,0,0,0,0,0,151,0,0,0,0,0,0,0,0,0,0,0,0,0,0,0,0,0,0,390,0,40,0,0,0,0,0,0,0,0,0,1294,17499,0,0,0,0,0,250,0,0,0,0,0,0,0,0,0,0,0,0,0,0,0,0,0,0,0,0,0,0,0,0
contig_35,0,0,0,0,0,0,0,0,0,0,0,0,0,0,0,0,0,0,0,0,0,0,0,10801,0,0,0,0,0,0,0,0,0,0,0,0,0,0,0,0,0,0,0,0,0,0,0,0,0,0,0,0,0,0,0,0,0,0,0,0,0,0,0,0,0,0,0,0,0,0,0,0,0,0,0,327484,5114,217543,91,0,0,0,0,0,0,0,0,0,0,0,0,0
contig_35022,0,0,0,0,0,0,0,0,0,0,0,0,0,0,0,374,0,0,0,0,0,0,0,0,0,0,0,0,0,0,0,0,0,0,0,0,0,0,0,0,0,0,0,0,0,0,0,0,3716,0,0,0,0,0,0,0,0,0,0,0,0,132,0,0,0,0,0,325,0,0,0,0,0,0,0,0,0,0,0,0,0,0,0,0,0,0,0,0,0,0,0,0
contig_35030,0,0,0,0,0,0,0,0,0,0,0,0,0,0,0,0,34,0,0,0,0,26,0,0,0,0,0,0,348,266,64,0,0,0,0,0,0,0,0,177,0,0,0,0,0,0,0,37,82,0,161,40,0,0,0,0,557,0,0,0,69,0,0,0,0,0,0,0,0,0,0,0,0,475,0,0,0,0,0,0,0,0,0,0,0,0,292,0,0,302,0,0
contig_35039,0,0,0,0,0,0,0,0,0,0,0,0,0,0,0,0,135,0,0,0,0,0,0,0,0,0,0,0,0,0,0,94,0,0,0,0,0,0,0,0,0,0,0,0,0,0,0,27,109,0,335,52,0,0,0,0,212,0,0,0,0,174,0,0,0,0,0,49,72,0,0,0,0,0,0,0,17,0,0,0,0,0,0,0,0,0,0,0,20,0,0,0
contig_35048,0,0,0,0,0,0,0,0,0,0,0,0,0,0,0,0,0,0,0,0,0,0,0,0,0,0,0,0,0,0,0,642,0,0,0,0,0,671,0,0,0,0,0,0,0,0,0,0,0,0,0,0,0,0,0,0,0,0,0,0,0,0,0,0,0,0,0,0,0,0,0,0,0,0,0,0,0,0,0,0,0,0,0,0,0,0,0,0,66,1457,563,0
contig_35050,0,0,0,0,0,0,0,0,0,0,0,0,0,0,0,0,0,0,0,0,0,0,0,0,0,0,0,0,0,0,0,0,0,0,0,0,0,0,0,0,0,0,0,0,0,0,0,0,387,0,0,0,0,0,0,0,0,0,0,0,0,212,0,0,0,0,0,1501,0,0,0,0,0,0,0,0,0,0,0,0,0,0,0,0,0,0,0,0,0,0,0,0
contig_35059,0,0,0,0,0,0,0,0,0,0,0,0,0,0,0,0,0,0,0,0,0,0,0,0,0,0,0,0,0,0,0,0,0,0,0,0,0,41,0,0,0,0,0,0,0,0,0,0,0,0,0,0,0,0,0,0,0,0,0,0,0,0,0,0,0,0,0,0,0,0,0,0,0,0,0,0,0,0,0,0,0,0,0,0,0,0,0,0,0,477,126,0
contig_35064,0,0,5054,0,950,0,0,0,0,0,0,0,0,0,1452,0,12701,0,0,0,0,0,0,0,0,0,0,0,452,636,0,442,0,0,0,0,0,260,0,6649,0,0,0,0,0,0,319,0,588,556,0,0,0,0,0,166,0,0,0,0,2102,422,0,0,721,0,0,0,986,65,0,0,0,844,0,0,0,0,0,0,0,0,0,0,0,0,595,0,0,313,0,0
contig_35072,0,0,0,0,537,0,0,0,0,0,0,0,0,405,0,0,0,0,0,0,0,0,0,53,0,0,0,0,0,1227,544,0,0,0,0,0,0,0,0,440,0,0,14936,0,4886,0,0,0,0,0,1399,498,0,0,0,0,0,5577,0,0,0,7525,0,0,0,0,0,0,0,617,0,0,0,0,0,0,0,0,0,0,0,0,0,0,0,0,0,0,0,0,0,0
contig_35078,0,5731,0,0,0,0,0,0,0,0,0,0,0,0,0,0,0,0,0,0,0,0,0,0,0,0,0,0,0,0,0,0,0,0,0,0,0,0,0,0,0,0,0,0,0,0,0,0,0,0,0,0,0,0,0,0,803,0,3861,1388,8970,0,0,0,0,0,0,0,0,0,0,0,0,0,0,0,0,0,0,0,0,0,0,0,0,0,0,0,0,0,0,0
contig_35129,0,0,0,172,114,0,0,0,0,0,0,0,0,0,30,0,0,0,0,0,0,0,0,0,0,0,0,0,0,201,0,0,0,0,0,0,0,0,0,0,0,0,48,0,206,0,0,0,0,364,0,0,0,0,0,0,233,0,0,0,505,10513,0,0,0,0,0,3063,0,0,0,0,0,0,0,0,0,0,0,0,0,0,0,0,0,0,0,0,0,0,0,0
contig_35149,0,0,0,0,0,0,0,0,0,0,0,0,0,0,0,248,0,0,0,0,0,0,0,0,0,0,0,0,274,0,0,0,0,0,0,0,0,0,0,0,0,0,0,0,0,0,0,263,0,0,0,0,0,0,1270,0,0,0,0,0,469,0,0,0,0,0,0,35,0,0,0,0,0,0,0,0,0,0,0,0,0,0,0,0,0,0,0,0,0,0,0,0
contig_35162,0,0,0,0,0,0,0,0,0,0,0,0,0,0,0,0,0,0,0,0,0,0,0,0,0,0,0,0,0,0,0,0,0,0,0,0,0,0,0,0,0,0,0,0,0,0,88519,12373,2967,2217,0,0,0,0,0,0,0,0,0,0,0,0,0,0,190,0,0,0,0,0,0,0,0,0,0,0,0,0,0,0,0,0,0,0,0,0,0,0,0,0,0,0
contig_35167,0,18346,8930,0,0,0,0,0,0,0,0,0,0,0,0,0,0,0,0,0,0,0,0,0,0,0,0,0,0,1123,0,0,0,0,0,0,0,0,0,0,0,0,0,0,0,0,0,649,320,1601,3127,0,0,0,0,0,0,0,0,0,743,104,0,0,0,0,0,2940,0,0,0,0,0,0,0,0,0,0,0,0,0,0,0,0,0,0,0,0,0,0,0,0
contig_35196,0,0,0,0,0,0,0,0,0,0,0,0,0,0,0,0,0,0,0,0,0,0,0,0,0,0,0,0,0,0,0,0,0,0,0,0,0,0,0,0,0,0,0,0,0,0,0,0,0,0,0,0,0,0,0,0,0,0,0,0,0,0,0,0,0,0,0,0,0,0,0,0,0,0,0,0,0,0,0,0,0,660,964,506,0,20115,0,0,0,0,0,0
contig_35197,0,1302,0,0,0,0,0,0,0,0,0,0,0,0,150,0,0,0,0,0,0,0,0,0,0,0,0,0,0,153,0,0,0,0,0,0,0,0,0,0,0,0,0,0,0,0,0,0,0,0,0,0,0,617,0,0,0,0,0,211,0,2941,0,300,0,0,0,22,0,0,0,0,0,0,0,0,0,0,0,0,0,0,0,0,0,0,0,0,0,139,0,0
contig_35199,0,786,0,0,0,0,0,0,0,0,0,0,0,0,0,0,0,0,0,0,0,0,0,0,0,0,0,0,1723,2598,0,214,0,0,0,0,0,0,0,0,0,0,0,0,0,1546,0,0,320,853,279,0,0,0,2508,0,3245,0,0,2973,2918,935,0,0,0,0,0,673,0,0,0,0,0,224,0,0,0,0,0,0,0,0,0,0,0,0,0,0,0,3426,0,0
contig_352,0,0,0,0,0,0,0,0,0,0,0,0,0,0,0,0,0,0,0,0,0,91,0,57,6,0,0,0,0,0,0,0,2818,220,0,0,0,0,0,0,0,224,243,0,0,0,0,0,0,0,0,0,0,0,0,0,0,0,0,0,0,0,0,0,0,0,0,0,0,0,0,0,0,0,0,0,0,0,0,0,0,28,0,46,0,0,0,0,28,538,34,0
contig_35200,0,0,0,0,0,0,0,0,0,0,0,0,0,0,0,0,0,0,0,0,0,0,0,0,0,0,0,0,0,21,0,0,0,0,0,0,0,0,0,0,0,0,0,0,0,0,0,0,0,0,0,0,0,0,0,0,622,0,0,0,0,0,0,0,0,0,0,0,0,0,0,0,0,285,0,0,0,0,0,0,0,0,0,0,0,0,0,0,0,0,0,0
contig_35216,0,0,1067,5832,3290,2956,7285,0,0,0,0,0,479,0,12147,0,249,0,0,0,0,2319,0,0,0,308,0,498,0,189,892,1358,7027,0,0,0,0,7471,0,0,0,0,175,0,0,887,4074,1240,1148,2111,369,0,0,1712,0,266,0,0,0,3961,181,1760,0,2107,7570,1281,265,1597,5865,493,0,0,93,150,0,0,0,0,0,0,46819,0,0,0,0,0,2599,0,78,520,0,0
contig_35229,0,0,0,0,0,0,0,0,0,0,0,0,0,0,0,0,0,0,0,0,0,0,0,0,0,0,0,0,0,0,0,40,0,0,0,0,0,75,0,0,0,0,0,0,0,0,0,0,0,0,0,0,0,0,0,0,0,0,0,0,0,0,0,0,0,0,0,0,0,0,0,0,0,0,0,0,0,0,0,0,0,0,0,0,0,0,0,0,20,688,59,0
contig_3523,0,0,0,0,0,0,0,0,0,0,0,0,0,0,0,0,0,0,0,0,0,713501,0,61174,35087,0,0,0,0,0,0,0,0,0,0,0,0,0,0,0,0,0,0,0,0,0,0,0,0,0,0,0,0,0,0,0,0,0,0,0,0,0,0,0,0,0,0,0,0,0,0,0,0,0,0,0,0,0,0,0,0,0,0,0,0,0,0,0,0,0,0,0
contig_3524,0,0,0,0,0,0,0,0,0,0,0,0,0,0,0,0,0,0,0,0,0,23365,0,3340,1133,0,0,0,0,0,0,0,0,0,0,0,0,0,0,0,0,0,0,0,0,0,0,0,0,0,0,0,0,0,0,0,0,0,0,0,0,0,0,0,0,0,0,0,0,0,0,0,0,0,0,0,0,0,0,0,0,0,0,0,0,0,0,0,0,0,0,0
contig_35243,0,0,8901,0,0,0,0,0,0,0,0,0,0,0,0,0,0,0,0,0,0,0,0,0,0,0,0,0,0,0,0,0,0,0,0,0,0,0,0,0,0,0,0,0,0,0,0,3758,0,0,0,0,0,0,0,0,0,0,0,0,0,0,0,0,0,0,0,1168,0,0,0,0,0,0,0,0,0,0,0,0,0,0,0,0,0,0,0,0,0,0,0,0
contig_35249,0,0,0,0,0,0,0,0,0,0,0,0,0,0,0,0,0,0,0,0,0,0,0,0,0,0,0,0,0,0,0,0,0,0,0,0,0,0,0,0,0,0,0,0,0,0,0,4044,212,0,1565,0,0,0,0,0,153,0,0,0,0,383,0,0,0,0,0,0,0,0,27,0,0,0,0,0,0,0,0,0,0,0,0,0,0,0,0,0,0,0,0,0
contig_35253,0,955,0,0,0,0,0,0,0,0,0,0,0,0,1706,133172,3328,0,0,0,0,0,0,0,0,0,0,0,0,0,0,0,0,0,0,0,0,0,0,0,0,0,0,0,0,10761,0,0,0,0,0,0,1813,0,0,0,12955,0,0,0,365,64,0,708,0,0,0,0,0,0,0,0,0,3209,0,0,0,0,0,0,16,0,0,0,0,0,595,0,0,231,0,0
contig_35261,0,0,0,0,2750,1240,0,0,0,0,0,0,0,0,21033,0,0,0,0,0,0,0,0,0,0,414,0,0,1207,1502,0,112,0,0,0,0,0,0,0,0,0,0,0,0,0,0,3237,5880,3790,5709,7690,0,0,897,0,925,1840,0,0,0,8045,1089,0,433,805,0,0,1947,4475,0,0,208,0,6371,0,0,0,0,0,0,214,0,0,0,0,0,0,0,0,0,0,0
contig_35283,0,0,0,0,0,0,0,0,0,0,0,0,0,0,0,0,0,0,0,0,0,0,0,0,0,0,0,0,0,0,0,0,0,0,0,0,0,0,0,0,0,0,0,0,0,0,0,607,0,0,0,0,0,0,0,0,0,0,0,0,2390,0,0,0,0,0,0,178,0,0,0,0,0,0,0,0,0,0,0,0,0,0,0,0,0,0,0,0,0,0,0,0
contig_35289,0,0,0,378,0,143,0,0,0,0,0,0,0,0,0,0,0,0,0,0,0,90,0,0,0,0,0,0,0,0,0,0,0,0,0,0,0,0,0,0,0,0,0,0,0,408,0,182,0,0,0,0,0,0,0,0,0,0,0,0,0,371,0,0,245,0,0,472,0,0,0,0,0,0,0,0,0,0,0,0,2974,0,0,0,0,0,0,0,0,0,0,0
contig_353,0,0,0,0,0,0,0,0,0,0,0,0,0,0,0,0,0,0,0,0,0,31,0,57,0,0,0,0,0,0,0,0,4384,234,0,0,0,0,0,0,0,525,805,0,0,0,0,0,0,0,0,0,0,0,0,0,0,0,0,0,0,0,0,0,0,0,0,0,0,0,0,0,0,0,0,0,0,0,0,0,0,0,0,0,0,0,0,0,0,152,0,0
contig_35303,0,534,0,0,0,0,0,0,0,0,0,0,0,0,2731,2268,3642,0,0,0,0,0,0,0,0,0,0,241,337,200,0,0,0,0,0,0,0,0,0,0,0,0,0,0,0,157,0,0,0,0,461,0,0,0,0,0,0,0,177,0,1784,459,0,0,0,0,0,0,0,0,0,0,0,0,0,0,0,0,0,0,0,0,0,0,0,0,0,0,0,0,0,0
contig_35314,0,0,0,232,21,0,0,0,0,0,0,0,0,0,0,0,0,0,0,524,0,0,0,0,0,0,0,0,0,0,0,0,1436,0,0,0,0,0,0,253,1989,67,0,0,422,0,0,0,0,0,0,0,0,0,0,832,0,515,0,0,0,0,0,0,0,0,656,4747,761,163,0,0,0,0,0,0,0,0,0,0,0,0,0,0,0,0,18620,0,235,2389,100,0
contig_35321,0,0,0,84,0,0,0,0,0,0,0,0,0,0,0,0,0,0,0,0,0,0,0,0,0,0,0,0,0,0,0,0,0,0,0,0,0,0,0,0,0,0,0,0,0,0,0,0,534,0,400,0,0,0,0,0,0,0,0,0,0,0,0,0,0,0,0,4949,0,0,0,0,0,0,0,0,0,0,0,0,0,0,0,0,0,0,0,0,0,0,0,0
contig_35330,0,2421,0,0,0,0,0,0,0,0,0,0,0,0,1712,22865,180,0,0,0,0,0,0,0,0,0,0,0,0,0,0,0,0,0,0,0,0,0,0,0,0,0,0,0,0,227,63,0,0,0,0,0,0,0,0,0,325,0,0,0,7610,58,0,0,48,0,0,0,0,0,0,0,0,0,0,0,0,0,0,0,182,0,0,0,0,0,0,0,0,0,0,0
contig_35335,0,0,0,0,0,0,0,0,0,0,0,0,0,0,0,0,0,0,0,0,0,0,0,0,0,0,0,0,0,0,48,0,0,0,0,0,0,0,0,0,0,0,0,0,0,0,0,664,0,0,0,0,0,0,0,0,0,0,0,0,0,821,0,0,3609,0,0,0,0,0,0,0,0,0,0,0,0,0,0,0,417,0,0,0,0,0,0,0,0,0,0,0
contig_35344,0,0,1586,0,0,0,0,0,0,0,0,0,0,0,0,0,0,0,0,0,0,0,0,0,0,0,0,0,0,0,0,0,0,0,0,0,0,211,0,0,0,0,0,0,0,0,0,0,0,0,0,0,0,0,0,0,3241,0,0,0,0,0,0,0,0,0,0,0,0,0,0,0,0,0,0,0,0,0,0,0,0,0,0,0,0,0,0,0,48,0,0,0
contig_35346,0,3394,968,401,0,135,9987,0,0,0,0,0,0,0,0,0,0,0,0,0,0,34,0,0,0,0,0,0,0,788,0,79,0,0,0,0,0,156,0,0,0,0,0,0,0,0,512,3033,300,506,1208,28,0,449,0,1168,1041,0,0,0,6132,776,0,0,778,0,0,59,0,676,159,0,0,1946,0,0,0,0,0,0,0,0,0,0,0,0,2469,0,127,384,0,0
contig_35358,0,0,0,0,0,0,0,0,0,0,0,0,0,0,0,0,0,50,0,55,0,0,0,0,0,0,0,0,0,0,0,0,0,0,0,0,0,0,0,0,0,0,0,0,0,0,0,0,0,0,0,0,0,57,0,0,0,0,0,0,0,0,0,0,0,0,0,0,0,0,0,0,0,0,0,0,0,0,0,0,0,0,0,0,0,0,0,0,0,0,0,0
contig_35360,0,0,0,0,0,0,0,0,0,0,0,0,0,0,0,0,1551,0,0,0,0,0,0,0,0,0,0,0,0,2623,0,0,0,0,0,0,0,0,0,0,0,0,0,0,0,0,0,0,0,0,273,0,0,0,0,0,0,0,0,0,2946,647,0,0,0,0,0,0,0,0,0,0,0,0,0,0,0,0,0,0,0,0,0,0,0,0,0,0,0,470,0,0
contig_35381,0,0,0,0,0,0,0,0,0,0,0,0,0,0,0,0,0,0,0,0,0,0,0,0,0,0,0,0,248,0,0,0,0,0,0,0,0,0,0,0,0,0,0,0,0,0,0,0,0,0,0,0,0,0,0,0,0,0,0,0,0,180,0,0,0,0,0,212,0,0,0,0,0,0,0,0,0,0,0,0,268,0,0,0,0,0,0,0,0,0,0,0
contig_35387,0,1188,0,0,0,0,0,0,0,0,0,0,0,0,0,0,4182,0,0,0,0,0,0,0,0,0,0,0,0,0,0,631,0,0,0,0,0,0,0,11822,0,0,0,0,0,0,0,0,149,0,145,0,0,0,0,562,0,0,0,0,0,581,0,0,0,0,0,185,0,0,0,0,0,211,0,0,0,0,0,0,0,0,0,0,0,0,296,0,0,94,0,0
contig_35396,0,0,0,0,0,0,0,0,0,0,0,0,0,0,0,0,0,0,0,0,0,0,0,0,0,0,0,0,0,0,0,0,0,0,0,0,0,0,0,0,0,0,0,0,0,0,0,0,0,0,0,0,0,0,0,0,467,0,0,0,0,124,0,0,0,0,0,0,0,0,0,0,0,311,0,0,0,0,0,0,0,0,0,0,0,0,0,0,0,0,0,0
contig_35397,0,0,0,0,0,0,0,0,0,0,0,0,0,0,0,0,143,0,0,0,0,0,0,0,0,0,0,0,0,0,0,0,0,0,0,0,0,0,0,241,0,0,0,0,0,0,0,0,0,0,0,0,0,1159,0,0,0,0,0,0,0,0,0,0,0,0,0,0,0,0,0,0,0,4480,0,0,0,0,0,0,0,0,0,0,0,0,3915,0,0,903,0,0
contig_354,0,0,0,0,0,0,0,0,0,0,0,0,0,0,0,0,0,0,0,0,0,0,0,0,0,0,0,0,0,0,0,0,1834,120,0,0,0,0,0,0,0,354,499,0,0,0,0,0,0,0,0,0,0,0,0,0,0,0,0,0,0,0,0,0,0,0,0,0,0,0,0,0,0,0,0,0,0,0,0,0,0,0,0,0,0,0,0,0,0,129,0,0
contig_35411,0,0,0,1256,817,68,0,0,0,0,0,0,0,0,0,0,0,0,0,0,0,0,0,0,0,0,0,0,0,0,0,238,17,0,0,0,0,265,0,0,0,15,42,0,0,0,0,0,0,58,89,0,0,0,0,0,0,0,0,0,0,439,0,0,0,0,0,0,85,0,0,0,0,0,0,0,0,0,0,0,0,0,0,0,0,0,0,0,109,0,0,0
contig_35415,0,0,0,0,0,0,0,0,0,0,0,0,0,0,0,0,0,0,0,0,0,0,0,0,0,0,0,0,0,1440,1417,0,0,0,0,0,0,0,0,0,0,0,0,0,0,0,0,0,0,0,0,0,0,0,0,0,0,0,0,0,0,0,0,0,0,0,0,0,1126,0,0,0,0,0,0,0,0,0,0,0,0,0,0,0,0,0,0,0,0,1351,0,0
contig_35427,996,5767,0,0,0,80,221,0,0,0,0,0,0,0,0,7111,0,0,0,0,0,0,0,0,0,0,0,0,14574,1177,0,0,0,0,0,0,0,0,0,0,0,0,0,0,0,0,0,0,0,0,0,0,0,0,0,0,0,0,0,0,2228,0,0,0,0,0,0,0,0,0,0,0,0,0,0,0,0,0,0,0,0,0,0,0,0,0,0,0,0,0,0,0
contig_35453,0,883,0,0,0,0,0,1580,0,0,0,0,0,0,36733,225514,8044,0,0,0,0,0,0,0,0,0,0,0,0,0,0,0,0,0,0,0,0,0,0,0,0,0,0,0,0,7639,0,0,0,0,0,0,0,0,0,0,44741,0,0,0,2891,0,0,9765,0,0,0,0,0,0,0,0,0,6592,0,0,0,0,0,0,0,0,0,0,0,0,632,0,0,53,0,0
contig_35459,0,0,0,0,0,0,0,0,0,0,0,0,0,0,0,0,0,0,0,0,0,0,0,0,0,0,0,0,0,0,0,0,0,0,0,0,0,0,0,0,0,0,0,0,66,0,0,0,0,0,0,0,0,0,0,0,0,0,0,0,0,0,0,0,0,0,0,0,0,0,0,0,0,0,0,0,0,0,0,0,0,0,0,0,0,0,0,0,609,3563,0,0
contig_35461,0,86,0,0,0,0,47,0,0,0,0,0,0,0,0,0,0,0,0,0,0,0,0,0,0,0,0,0,0,0,0,0,235,0,0,0,0,0,0,0,0,0,0,0,0,0,0,0,337,0,0,0,0,0,0,0,0,0,0,0,28,319,0,0,0,0,0,0,0,0,0,0,0,446,0,0,0,0,0,0,0,0,0,0,0,0,502,0,0,0,0,0
contig_3547,0,0,0,0,0,0,0,0,0,7167,343,0,1339,33308,0,0,0,0,0,0,0,0,0,0,0,0,0,0,0,0,0,0,0,0,0,0,0,0,0,0,0,0,0,0,0,0,0,0,0,0,0,0,0,0,0,0,0,0,0,0,0,0,0,0,0,0,0,0,0,0,0,0,0,0,0,0,0,0,0,0,0,0,0,0,0,0,0,0,0,0,0,0
contig_35471,78,564,0,0,0,0,0,0,0,0,0,0,0,0,309,133,79,0,0,0,0,0,0,0,0,0,0,0,629,0,0,0,0,0,0,0,0,0,0,0,0,0,0,0,0,30,0,557,0,0,272,0,0,0,0,0,425,0,0,213,349,0,0,0,0,0,0,167,0,0,0,0,0,307,0,0,0,0,0,0,0,0,0,0,0,0,0,0,132,153,0,0
contig_35487,0,0,4107,601,131,1098,1007,0,0,0,0,0,0,0,6910,3252,358,0,0,23,0,0,0,0,0,0,0,370,2689,4898,0,186,0,0,0,0,0,0,93,0,0,0,0,0,0,2964,4765,455,375,931,328,0,0,0,3969,0,5125,0,0,5854,8743,1240,0,0,1468,0,0,792,3730,183,0,0,0,0,0,0,0,0,0,0,3215,0,0,0,0,0,0,0,0,3038,0,0
contig_35489,0,4494,0,303,0,177,7890,0,0,0,0,0,0,0,0,0,0,0,0,0,0,0,0,0,0,0,0,0,0,0,0,0,0,0,0,0,0,0,0,0,0,0,0,0,0,0,0,0,796,1025,2861,0,0,212,0,0,946,0,0,0,6416,804,0,0,372,0,0,0,0,517,0,0,0,854,0,0,0,0,0,0,0,0,0,0,0,0,0,0,54,0,0,0
contig_35493,0,0,0,0,0,0,0,0,0,0,0,0,0,0,0,5694,0,0,0,0,0,0,0,0,0,0,0,0,0,0,0,0,0,0,0,0,0,0,0,0,0,0,0,0,0,0,0,0,0,0,0,0,0,0,0,0,73,0,0,0,0,133,0,0,0,0,0,332,0,0,0,0,0,3900,0,0,0,0,0,0,0,0,0,0,0,0,217,0,0,0,0,0
contig_35496,0,2641,200,0,509,0,1909,0,0,0,0,0,0,0,601,3223,0,0,0,0,0,0,0,0,0,0,0,0,976,413,0,0,0,0,0,0,0,0,0,0,0,0,0,0,0,0,0,809,0,0,0,0,0,0,0,0,125,0,0,0,5692,0,0,0,0,0,0,0,0,0,0,0,0,0,0,0,0,0,0,0,0,0,0,0,0,0,0,0,0,0,0,0
contig_355,0,0,0,0,0,0,0,0,0,0,0,0,0,0,0,0,0,0,0,0,0,0,0,0,0,0,0,0,0,0,0,0,1286,113,0,0,0,21,0,0,0,0,0,0,0,0,0,0,0,0,0,0,0,0,0,0,0,0,0,0,0,0,0,0,0,0,0,0,0,0,0,0,6,63,0,0,0,0,0,0,0,128,0,97,0,17,0,0,16,434,24,4
contig_35508,0,0,0,0,0,0,0,0,0,0,0,0,0,0,0,0,6135,0,0,0,0,0,0,0,0,0,0,0,0,1816,0,0,0,0,0,0,0,0,0,226,0,0,0,0,0,0,0,0,0,0,0,0,0,0,838,0,6806,0,0,6381,0,591,0,0,0,0,0,0,0,0,0,0,0,5613,0,0,0,0,0,0,0,0,0,0,0,0,0,0,0,0,0,0
contig_35526,0,0,0,0,0,0,0,0,0,0,0,0,0,0,0,0,138,0,0,0,0,0,0,0,0,0,0,0,0,0,0,0,0,0,0,0,0,0,0,41,0,0,0,0,0,0,0,0,0,0,0,0,0,0,0,0,140,0,147,682,405,82,0,0,0,0,0,0,0,0,0,0,0,0,0,0,0,0,0,0,0,0,0,0,0,0,93,0,0,0,0,0
contig_35531,0,0,0,0,0,0,0,0,0,0,0,0,0,0,0,0,0,31,0,0,0,0,0,0,0,0,0,0,0,0,0,0,0,0,0,0,0,0,0,0,0,0,0,0,49,0,0,0,0,0,0,0,0,0,0,0,0,0,0,0,0,0,0,0,0,0,0,0,0,0,0,0,0,0,0,0,0,0,0,0,0,0,0,0,0,0,0,0,105,470,0,0
contig_35541,0,125,0,131,132,0,0,0,0,0,0,0,0,0,0,0,394,0,0,0,0,0,0,0,0,0,0,0,0,421,0,113,149,0,0,0,0,257,0,0,0,0,106,0,87,0,0,0,277,535,1332,371,0,0,0,536,758,83,0,922,183,3153,95,118,0,0,0,1097,625,0,94,0,0,5230,0,0,0,0,0,0,0,0,0,0,0,0,0,0,0,168,0,0
contig_35557,0,0,0,0,0,0,0,0,0,0,0,0,0,0,0,312,0,0,0,0,0,0,0,0,0,0,0,0,43,0,0,0,0,0,0,0,0,0,0,0,0,0,0,0,0,0,0,0,0,0,0,0,0,0,0,0,0,0,0,0,0,0,0,0,0,0,0,0,0,0,0,0,0,291,0,0,0,0,0,0,331,0,0,0,0,0,0,0,87,275,0,0
contig_35579,0,0,0,0,0,0,0,0,0,0,0,0,0,0,0,0,0,0,0,0,0,0,0,0,0,0,0,0,0,0,0,434,527,0,0,0,0,0,0,69,0,0,22,0,0,0,0,0,0,0,0,0,0,0,0,0,0,0,0,0,0,0,0,0,0,0,0,897,51,0,0,0,0,2232,0,0,0,0,0,0,0,0,0,0,0,0,601,0,0,224,0,0
contig_35591,0,267,1353,583,171,0,0,0,0,0,0,0,0,0,0,0,0,0,0,0,0,0,0,0,0,0,0,0,0,0,0,0,0,0,0,0,0,0,0,0,0,0,0,0,0,0,0,0,434,0,229,0,0,0,0,0,1018,0,0,1029,7092,235,0,0,811,0,0,1786,5471,0,0,0,0,0,0,0,0,0,0,0,1055,0,0,0,0,0,0,0,0,0,0,0
contig_35606,0,0,0,0,0,0,0,0,0,0,0,0,0,0,0,0,0,0,0,0,0,0,0,0,0,0,0,0,0,0,0,0,0,0,0,0,0,4084,0,0,0,0,0,0,0,0,0,0,0,326,0,0,0,0,0,0,0,0,0,0,0,0,0,0,0,0,0,0,0,0,0,0,0,1356,0,0,0,0,0,0,0,0,0,0,0,0,0,0,0,0,0,0
contig_35609,0,0,0,544,390,0,0,0,0,0,0,0,0,0,0,0,0,0,0,0,0,0,0,0,0,0,0,0,0,0,0,114,0,0,0,0,0,231,0,0,0,0,42,0,0,0,0,0,0,0,45,0,0,0,0,0,0,0,0,0,0,306,0,0,0,0,0,0,84,0,0,0,0,0,0,0,0,0,0,0,0,0,0,0,0,0,0,0,88,0,0,0
contig_35611,0,0,0,0,0,0,0,0,0,0,0,0,0,0,0,0,1758,0,0,0,0,0,0,0,0,0,0,0,0,45,0,310,0,0,0,0,0,0,0,0,0,0,0,0,0,0,0,0,0,0,0,0,0,0,0,37,6814,139,0,0,339,0,0,2265,0,0,0,7391,2302,226,0,0,68,0,0,0,0,0,0,0,0,0,0,0,0,0,6506,0,0,1146,0,0
contig_35613,0,0,0,104,0,0,0,0,0,0,0,0,0,0,0,0,0,0,0,0,0,0,0,0,0,0,0,0,0,0,0,0,0,0,0,0,0,133,0,0,0,0,0,0,0,0,0,0,0,0,0,0,0,0,0,0,0,0,0,0,0,2216,0,0,0,0,0,0,0,0,0,0,0,0,0,0,0,0,0,0,0,0,0,0,0,0,0,0,0,0,0,0
contig_35616,0,0,0,0,0,0,0,0,0,0,0,0,0,0,711,316,901,0,0,0,0,0,0,0,0,0,0,0,0,0,0,0,0,0,0,0,0,0,66,193,0,0,0,0,0,594,0,50,0,0,0,0,0,190,0,0,184,0,433,615,218,344,0,0,0,0,0,0,0,0,0,0,0,2971,0,0,0,0,0,0,121,0,0,0,0,0,3058,0,0,0,0,0
contig_35622,0,0,0,0,0,0,0,0,0,0,0,0,0,0,0,0,0,0,0,0,0,0,0,0,0,0,0,0,0,0,0,0,0,0,0,0,0,0,0,0,0,0,0,0,0,0,0,0,0,0,0,0,764,0,0,0,0,0,0,0,0,97,0,0,0,0,32,0,0,0,0,0,0,559,0,0,0,0,0,0,0,0,0,0,0,0,103,0,0,0,0,0
contig_35633,0,0,0,0,0,0,0,0,0,0,0,0,0,225,0,0,0,0,0,0,0,0,0,0,0,0,0,0,0,0,0,321,48887,52246,73,61,37,478,0,0,0,243,216,0,0,0,0,0,0,0,0,0,0,0,0,0,0,0,0,0,0,0,0,0,0,0,0,0,0,0,0,0,0,0,0,0,0,0,0,0,0,0,0,0,0,0,0,0,0,2329,0,0
contig_35634,0,13,0,0,0,0,0,0,0,0,0,0,0,0,0,0,0,0,0,0,0,0,0,0,0,0,0,0,0,0,0,0,0,0,0,0,0,0,0,0,0,0,0,0,0,48,0,0,0,0,0,0,0,0,0,0,0,0,0,0,0,60,0,0,0,0,0,0,0,0,0,0,0,0,0,0,0,0,0,0,0,0,0,0,0,0,0,0,0,0,0,0
contig_35654,0,0,0,0,0,0,0,0,0,0,0,0,0,0,0,0,0,0,0,0,0,0,0,0,0,0,0,0,0,0,0,0,0,0,0,0,0,0,0,0,16,22,28,0,0,0,0,0,0,0,0,0,0,0,0,0,0,0,0,0,0,0,0,0,0,0,0,0,0,0,0,0,0,0,0,0,0,0,0,0,0,0,0,0,0,0,0,0,0,0,0,0
contig_35660,0,0,0,0,0,0,0,0,0,0,0,0,0,0,0,0,0,0,0,0,0,0,0,0,0,0,0,0,0,0,0,0,0,0,0,0,0,0,0,0,0,0,0,0,0,0,0,0,276,0,0,0,0,0,0,0,0,0,0,0,52,148,0,0,0,0,0,0,0,0,0,0,0,196,0,0,0,0,0,0,0,0,0,0,0,0,0,0,0,0,0,0
contig_35711,0,0,0,121,0,0,0,0,0,0,0,0,0,0,0,0,7972,0,0,0,0,0,0,0,0,0,0,0,0,0,0,0,0,0,0,0,0,2325,0,0,0,0,0,0,0,0,0,0,0,69,0,0,0,0,0,0,0,0,0,0,0,3612,0,0,0,0,0,0,0,0,0,0,0,0,0,0,0,0,0,0,0,0,0,0,0,0,0,0,0,0,0,0
contig_35729,0,0,0,0,0,0,0,0,0,0,0,0,0,0,0,0,15213,0,0,0,0,0,0,0,0,0,0,0,0,0,0,0,0,0,0,0,0,0,0,0,0,0,0,0,0,0,0,0,0,0,0,0,0,0,0,0,0,0,0,0,5565,8662,0,0,0,0,0,0,0,0,0,0,0,0,0,0,0,0,0,0,0,0,0,0,0,0,0,0,0,0,0,0
contig_35731,0,0,0,0,0,0,0,0,0,0,0,0,0,0,0,0,0,0,0,0,0,0,0,0,0,0,0,0,0,0,0,0,0,0,0,0,0,0,0,0,0,0,0,0,0,3905,0,0,0,0,277,0,0,0,0,0,0,0,0,0,0,189,0,0,0,0,0,87,36,0,0,0,0,20,0,0,0,0,0,0,0,0,0,0,0,0,0,0,0,0,0,0
contig_35732,135,2014,3073,0,0,0,415,0,0,0,0,0,0,0,0,0,0,0,0,0,0,0,0,0,0,0,0,0,0,0,0,0,0,0,0,0,0,0,0,0,0,0,0,0,0,0,0,0,0,0,0,0,0,0,0,0,200,0,0,0,0,0,0,0,1885,0,0,0,0,0,0,0,0,0,0,0,0,0,0,0,0,0,0,0,0,0,0,0,0,0,0,0
contig_35743,0,0,0,0,0,0,0,0,0,0,0,0,0,0,0,0,4164,0,0,0,0,112,0,0,0,0,0,0,0,0,0,0,0,0,0,0,0,30,0,0,0,0,0,0,47,0,860,0,804,0,0,27,0,0,0,0,1507,0,0,0,0,1563,0,0,0,0,0,0,391,0,0,0,0,608,0,0,0,0,0,0,0,0,0,0,0,0,249,0,61,0,0,0
contig_35752,5538,1479,0,0,0,0,63,0,0,0,0,0,0,0,1340,8645,61,0,0,0,0,0,0,0,0,0,0,589,68,402,0,0,0,0,0,0,0,0,0,0,0,0,0,0,0,61,0,0,0,0,0,0,0,0,0,0,41,0,102,0,171,0,0,0,0,0,0,0,0,0,0,0,0,0,0,0,0,0,0,0,0,0,0,0,0,0,0,0,0,0,0,0
contig_35756,0,0,0,1096,494,1058,0,0,0,0,0,0,0,0,0,0,0,0,0,0,0,0,0,0,0,0,0,0,0,0,0,0,0,0,0,0,0,0,0,0,0,0,15211,0,0,0,0,0,0,0,0,0,0,0,0,0,0,0,0,0,0,0,0,0,0,0,0,0,0,0,0,0,0,0,0,0,0,0,0,0,0,0,0,0,0,0,0,0,0,0,0,0
contig_35785,0,0,0,0,0,0,0,0,0,0,0,0,0,0,0,0,0,0,0,0,0,0,0,0,0,0,0,0,0,13,0,0,0,0,0,0,0,0,0,0,0,0,0,0,0,453,0,0,0,50,125,0,0,0,0,0,130,0,0,0,914,374,0,0,0,0,0,304,47,0,0,0,0,0,0,0,0,0,0,0,0,0,0,0,0,0,0,0,0,538,0,0
contig_35796,0,0,0,0,0,0,0,0,0,0,0,0,0,0,0,0,0,0,0,0,0,0,0,0,0,0,0,0,0,677,361,782,0,0,0,0,0,0,257,0,0,0,94,0,0,0,0,0,918,955,825,300,2267,609,0,0,834,0,684,0,735,1498,0,0,0,0,0,737,0,0,0,0,0,3144,0,0,0,0,0,0,0,0,0,0,0,0,1488,0,0,967,0,0
contig_35809,0,0,0,0,0,0,0,0,0,0,0,0,0,0,0,0,0,0,0,0,0,0,0,0,0,0,0,0,0,0,0,422,7141,0,0,0,0,0,0,1133,0,0,173,0,0,0,0,0,8569,138,102168,350,0,0,0,0,0,0,0,0,0,0,0,0,0,0,0,0,0,0,0,0,0,0,0,0,0,0,0,0,0,0,0,0,0,0,1884,0,0,667,0,0
contig_35818,0,0,0,0,0,0,0,0,0,0,0,0,0,0,0,0,405,0,0,0,0,0,0,0,0,0,0,0,0,0,0,74,0,0,0,0,0,0,0,0,0,0,0,0,0,0,0,0,443,0,86,0,0,0,0,0,17,0,0,0,0,192,0,0,0,0,0,0,0,0,0,0,0,0,0,0,0,0,0,0,0,0,0,0,0,0,0,0,0,0,0,0
contig_35826,0,0,0,0,0,0,0,0,0,0,0,0,0,0,0,0,0,0,0,0,0,0,0,0,0,0,0,0,0,0,0,443,114,0,0,0,0,0,0,21,0,0,0,0,0,0,0,0,105,0,0,0,0,0,0,0,0,0,0,0,0,134,0,0,0,0,0,0,0,0,0,0,0,0,0,0,0,0,0,0,0,0,0,0,0,0,0,0,0,44,0,0
contig_35846,0,0,0,0,0,0,0,0,0,0,0,0,0,0,0,0,732,0,0,0,0,0,0,0,0,0,0,0,0,0,0,0,0,0,0,0,0,0,0,0,0,0,66,0,24,0,0,0,0,0,0,0,0,0,0,0,37,0,0,0,0,384,0,0,0,0,0,0,0,134,0,0,0,0,0,0,0,0,0,0,0,0,0,0,0,0,0,0,27,0,0,0
contig_35856,0,0,0,0,0,0,0,0,0,0,0,0,0,0,0,0,80,0,0,0,0,0,0,0,0,0,0,0,0,0,0,0,0,0,0,0,0,0,0,0,0,0,0,0,0,0,0,0,153,55,0,0,0,0,0,0,640,0,0,199,174,52,0,0,0,0,0,27,0,0,0,0,0,0,0,0,0,0,0,0,0,0,0,0,0,0,0,0,0,0,0,0
contig_35866,0,534,0,0,0,0,0,0,0,0,0,0,0,0,345,371,0,0,0,0,0,0,0,0,0,0,0,0,76,0,0,0,0,0,0,0,0,0,0,0,0,0,0,0,0,42,0,554,0,0,0,0,0,0,0,0,380,0,0,0,284,0,0,53,0,0,0,0,0,0,0,0,0,0,0,0,0,0,0,0,0,0,0,0,0,0,0,0,0,148,0,0
contig_35874,0,0,0,0,0,153,0,0,0,0,0,0,0,0,0,0,349,0,0,0,0,0,0,0,0,0,0,0,0,0,0,0,193,0,0,0,0,49,0,0,0,0,0,0,0,1300,0,182,264,292,279,0,0,0,0,17,49,0,273,1410,1559,586,0,0,0,0,0,570,94,282,0,0,0,0,0,0,0,0,0,0,0,0,0,0,0,0,0,0,0,0,0,0
contig_35876,0,0,0,0,0,0,0,0,0,0,0,0,0,0,0,0,113,0,0,0,0,0,0,0,0,0,0,0,0,0,0,0,0,0,0,0,0,0,0,0,0,0,0,0,104,0,0,0,0,0,0,0,0,0,0,0,0,0,0,0,0,0,0,0,0,0,40,139,860,0,0,0,0,0,0,0,0,0,0,0,0,0,0,0,0,0,0,0,171,12729,76,0
contig_35879,0,0,0,277,0,0,429,0,0,0,0,0,0,0,0,0,2240,0,0,0,0,0,0,0,0,0,0,0,0,4559,0,458,0,0,0,0,0,0,0,0,0,0,0,0,0,0,0,239,998,0,234,0,0,0,0,0,448,0,0,2566,3945,800,0,0,0,0,337,0,0,0,0,0,0,2732,0,0,0,0,0,0,0,0,0,0,0,0,0,0,45,391,0,0
contig_35888,0,0,0,0,0,0,0,0,0,0,0,0,0,0,0,0,0,0,0,0,0,0,0,0,0,0,0,0,0,0,0,0,0,0,0,0,0,0,0,0,0,0,0,0,0,0,0,0,0,0,0,0,0,0,0,0,0,0,0,0,0,0,0,0,0,0,0,0,0,0,0,0,0,0,0,0,0,0,0,0,0,0,0,0,0,0,160,0,11,63,0,0
contig_35905,0,0,0,704,0,0,0,0,0,0,0,0,0,0,0,0,0,0,0,0,0,0,0,0,0,0,0,0,0,0,0,0,0,0,0,0,0,0,0,0,0,0,575,0,0,0,0,0,0,0,0,0,0,0,0,0,0,0,0,0,0,0,0,0,0,0,0,426,0,0,0,0,0,0,0,0,0,0,0,0,0,0,0,0,0,0,0,0,39,0,0,0
contig_35913,0,0,0,0,0,0,0,0,0,0,0,0,0,0,0,0,0,0,0,0,0,0,0,0,0,0,0,0,0,0,0,0,0,0,0,0,0,0,0,0,0,0,0,0,0,0,0,0,0,0,0,0,0,0,0,0,0,0,0,0,0,239,0,0,0,0,0,178,0,0,0,0,0,0,0,0,0,0,0,0,271,0,0,0,0,0,0,0,0,0,0,0
contig_35918,0,0,0,0,0,0,0,0,0,0,0,0,0,0,0,0,0,0,0,0,0,0,0,0,0,0,0,0,0,0,0,0,0,0,0,0,0,0,0,0,0,0,0,0,0,0,0,0,0,0,0,0,0,0,1114,0,0,0,0,0,38,80,0,0,0,0,0,0,30,0,0,0,0,0,0,0,0,0,0,0,0,0,0,0,0,0,0,0,0,170,0,0
contig_35954,0,0,0,0,0,0,0,0,0,0,0,0,0,0,0,0,0,0,0,24,0,0,0,0,0,0,0,0,214,44,276,0,0,0,0,0,0,0,0,0,0,0,0,0,0,0,0,0,0,39,0,15,0,28,0,0,19,0,0,0,0,415,0,0,0,0,0,0,0,0,0,0,0,169,0,0,0,0,0,0,0,0,0,0,0,0,0,0,0,45,0,0
contig_35958,0,0,0,0,0,0,0,0,0,0,0,0,0,0,0,0,0,0,0,0,0,0,0,0,0,0,0,0,0,0,0,0,0,0,0,0,0,0,0,0,0,0,0,0,0,0,0,0,642,0,0,0,0,0,0,0,833,0,0,0,0,0,0,0,0,0,0,0,0,0,0,0,0,0,0,0,0,0,0,0,0,0,0,0,0,0,0,0,98,756,0,0
contig_35981,0,0,0,0,0,0,0,0,0,0,0,0,0,0,0,0,0,0,0,0,0,0,0,0,0,0,0,0,0,0,0,0,0,0,0,0,0,1297,0,0,0,0,0,0,0,0,0,0,0,0,0,0,0,0,0,0,238,0,0,0,0,362,0,0,0,0,0,906,0,0,0,0,0,3902,0,0,0,0,0,0,0,0,0,0,0,0,0,0,0,0,0,0
contig_35982,0,0,0,85,182,267,0,0,0,0,65,0,0,0,0,0,624,0,0,0,0,0,0,0,0,0,0,0,320,741,393,371,229,0,0,0,0,0,0,0,0,0,516,0,0,0,0,739,411,545,1398,180,0,0,0,0,0,0,0,0,2371,31110,0,0,0,0,0,0,0,0,0,0,0,360,0,0,0,0,0,0,0,0,0,0,0,0,0,0,0,0,0,0
contig_35984,0,1629,0,0,0,0,0,0,0,0,0,0,0,0,0,0,0,0,0,0,0,0,0,0,0,0,0,0,0,3363,0,0,0,0,0,0,0,0,0,0,0,0,0,0,0,0,0,0,733,0,0,0,0,0,0,0,1400,0,1559,284,3981,1092,0,481,0,0,0,0,0,0,0,0,0,0,0,0,0,0,0,0,62,0,0,0,0,0,0,0,0,0,0,0
contig_35986,0,0,0,0,0,0,0,0,0,0,0,0,0,0,0,0,0,0,0,0,0,0,0,0,0,0,0,0,0,0,0,0,0,0,0,0,0,0,0,0,0,0,0,0,0,0,0,0,0,0,0,0,0,0,0,0,0,820,0,0,0,0,0,0,0,0,0,0,0,0,0,0,0,0,0,0,0,0,0,0,0,0,0,0,0,0,574,0,0,1335,0,0
contig_35988,0,0,0,2218,805,0,0,182,0,47,379,0,0,0,0,0,0,47,0,0,0,0,0,0,0,0,0,0,0,4759,0,1086,4081,0,718,0,0,477,0,305,2675,0,0,0,146,0,0,0,0,0,0,5055,0,0,0,795,0,520,0,0,0,0,0,3435,2617,0,1065,2402,1074,284,0,0,80,32911,0,179,0,0,0,0,189,0,0,0,0,0,5157,0,0,3106,0,0
contig_35990,0,0,0,0,0,0,0,0,0,0,0,0,0,0,0,0,1594,0,0,0,0,0,0,0,0,0,0,0,0,506,0,0,0,0,0,0,0,0,0,0,0,0,46,0,0,0,0,0,339,0,289,109,0,0,0,0,0,0,0,0,0,2243,0,0,0,0,0,325,0,0,0,0,0,0,0,0,0,0,0,0,0,0,0,0,0,0,0,0,0,0,0,0
contig_36,0,0,0,0,0,0,0,0,0,0,0,0,0,0,0,0,0,0,0,0,0,0,0,1905,0,0,0,0,0,0,0,0,0,0,0,0,0,0,0,0,0,0,0,0,0,0,0,0,0,0,0,0,0,0,0,0,0,0,0,0,0,0,0,0,0,0,0,0,0,0,0,0,0,0,0,42418,0,26600,0,0,0,0,0,0,0,0,0,0,0,0,0,0
contig_36003,0,0,0,0,0,0,0,40,0,0,0,0,0,0,0,0,0,0,0,0,0,0,0,0,0,0,0,0,0,0,0,0,0,0,0,0,0,0,0,0,0,0,0,0,0,0,0,0,0,0,0,0,0,0,0,0,0,0,0,0,0,0,0,0,0,0,0,0,0,0,0,0,15,98,0,0,0,31,0,0,0,0,0,0,0,0,0,0,0,0,0,0
contig_36007,0,0,0,0,755,0,0,0,0,0,0,0,0,0,0,0,0,0,0,0,0,0,0,0,0,0,0,0,0,0,0,0,0,0,0,0,0,0,0,0,0,0,0,0,0,0,0,0,0,0,0,0,0,0,0,0,0,0,0,0,0,499,0,0,0,0,0,0,0,0,0,0,0,0,0,0,0,0,0,0,0,0,0,0,0,0,0,0,134,0,0,0
contig_36021,0,0,0,0,0,0,0,0,0,0,0,0,0,0,0,0,0,0,0,0,0,0,0,0,0,0,0,0,0,42,0,93,358,0,0,0,0,93,0,0,0,0,0,0,0,0,0,0,102,0,0,0,0,23,0,95,74,0,0,0,0,593,82,27,0,0,0,56,163,0,0,0,0,795,0,0,0,0,0,0,0,0,0,0,0,0,0,0,0,0,0,0
contig_36088,529,12516,908,0,0,289,0,0,0,0,0,0,0,0,1206,32338,897,0,0,0,0,0,0,0,0,244,0,0,57,233,1078,0,0,0,0,0,0,0,0,0,0,0,0,0,0,0,0,0,0,0,0,0,0,0,0,0,0,0,0,0,11909,1691,0,0,0,0,0,0,0,0,0,0,0,0,0,0,0,0,0,0,523,0,0,0,0,0,0,0,0,0,0,0
contig_3609,0,0,0,0,0,0,0,0,0,0,0,0,0,0,0,0,0,0,0,0,0,0,0,0,0,0,0,0,0,0,0,0,443,0,0,0,0,0,0,0,0,0,0,0,0,0,0,0,0,0,0,0,0,0,0,0,0,0,0,0,0,0,451,0,0,43,0,0,0,0,0,0,0,0,0,0,0,0,0,0,0,0,0,0,0,0,0,0,0,0,0,0
contig_36107,0,0,0,997,0,0,0,0,0,0,0,0,0,0,0,0,0,0,0,0,0,0,0,0,0,0,0,0,0,0,0,0,0,0,0,0,0,756,0,0,0,83,323,0,205,0,0,0,0,0,0,0,0,0,0,0,0,0,0,0,0,0,0,0,0,0,0,0,0,0,0,0,0,0,0,0,0,0,0,0,0,0,0,0,0,0,0,0,0,0,0,0
contig_36111,727,11079,181,0,0,0,0,0,0,0,0,0,0,0,3413,3027,0,0,0,0,0,0,0,0,0,0,0,500,2649,0,0,0,0,0,0,0,0,0,0,0,0,0,0,0,0,31539,0,0,0,0,0,0,0,0,0,0,0,0,1159,0,2699,0,0,0,0,0,0,0,0,0,0,0,0,0,0,0,0,0,0,0,0,0,0,0,0,0,0,0,0,0,0,0
contig_36119,0,0,0,0,0,0,0,0,0,0,0,0,0,0,0,0,34,43,0,0,0,0,0,0,0,0,0,0,0,0,0,0,0,0,0,0,0,125,0,0,0,0,0,0,0,0,0,0,0,268,0,0,0,0,0,0,0,0,0,0,0,0,0,0,0,0,0,694,0,0,0,0,0,0,0,0,0,49,0,0,0,0,0,0,0,0,0,0,0,0,0,0
contig_36135,0,0,0,0,0,0,0,0,0,0,0,0,0,0,471,743,0,0,0,0,0,0,0,0,0,0,0,0,0,0,0,0,0,0,0,0,0,0,0,0,0,0,0,0,0,0,0,1144,0,0,0,0,0,0,0,0,0,0,0,0,0,883,0,0,0,0,0,681,0,0,0,0,0,0,0,0,0,0,0,0,0,0,0,0,0,0,0,0,0,0,0,0
contig_36138,0,0,0,58,0,0,0,0,0,0,0,0,0,0,0,0,0,0,0,0,0,0,0,0,0,0,0,0,0,96,0,0,0,0,0,0,0,0,0,0,0,0,0,0,0,0,0,346,115,0,751,0,0,0,0,0,0,0,0,0,0,625,0,0,0,0,0,0,0,0,0,0,0,125,0,0,0,0,0,0,0,0,0,0,0,0,0,0,14,0,0,0
contig_36139,0,0,0,0,0,0,0,0,0,0,0,0,0,0,0,0,361,0,0,67,0,0,0,0,0,0,0,0,0,0,0,0,0,0,0,0,0,0,0,0,0,0,0,0,0,0,0,0,0,0,0,0,0,0,0,0,0,0,0,0,0,199,0,0,0,0,0,0,0,0,0,0,0,0,0,0,0,0,0,0,0,0,0,0,0,0,0,0,0,0,0,0
contig_36170,0,0,0,0,0,0,0,0,0,0,0,0,0,0,0,0,1595,0,0,0,0,0,0,0,0,0,0,0,0,3181,0,0,0,0,0,0,0,0,0,0,0,0,0,0,0,0,0,0,0,0,214,0,0,0,0,0,0,0,0,0,0,672,0,0,0,0,0,0,0,0,0,0,0,0,0,0,0,0,0,0,0,0,0,0,0,0,0,0,0,0,0,0
contig_36185,0,747,0,0,0,0,0,0,0,0,0,0,0,0,0,0,1381,0,0,0,0,0,0,0,0,0,0,0,0,2387,0,0,0,0,0,0,0,0,0,0,0,0,0,0,0,0,0,0,0,0,0,0,0,0,0,0,0,0,0,1063,270,523,0,0,0,0,0,52,0,0,0,0,0,122,0,0,0,0,0,0,0,0,0,0,0,0,0,0,0,0,0,0
contig_36186,0,0,0,0,0,0,0,0,0,0,0,0,0,0,0,0,0,0,0,0,0,0,0,0,0,0,0,0,0,0,0,0,0,0,0,0,0,0,0,0,0,0,0,0,0,0,737607,33691,98163,35188,4986,18356,0,0,0,0,0,0,0,0,0,0,0,0,0,0,0,0,0,0,0,0,0,0,0,0,0,0,0,0,0,0,0,0,0,0,0,0,0,0,0,0
contig_36200,0,0,0,0,0,0,0,0,0,0,0,0,0,0,0,0,0,0,0,0,0,0,0,0,0,0,0,0,0,0,0,0,0,0,0,0,0,0,0,0,0,0,0,0,0,0,0,0,91,315,0,0,0,0,0,0,0,0,0,0,0,1256,95,0,0,0,0,0,0,0,0,0,0,439,0,0,0,0,0,0,0,0,0,0,0,0,0,0,0,0,0,0
contig_36203,0,0,0,100,0,0,0,0,0,0,0,0,0,0,0,0,0,0,0,0,0,0,0,0,0,0,0,0,0,0,0,0,0,0,0,0,0,0,0,0,0,0,0,0,0,167,0,0,57,0,126,0,0,0,0,0,226,0,0,0,4842,0,0,0,0,0,0,0,0,0,0,0,0,72,0,0,0,0,0,0,0,0,0,0,0,0,0,0,0,0,0,0
contig_36217,0,0,0,0,0,0,0,0,0,0,0,0,0,0,0,0,97,0,0,0,0,0,0,0,0,0,0,0,0,0,0,257,0,0,0,0,0,0,0,68,0,0,32,0,0,0,0,0,142,110,153,100,0,99,0,0,74,0,377,0,0,177,0,0,0,0,0,109,42,45,0,0,0,381,0,0,0,0,0,0,0,0,0,0,0,0,636,0,0,105,0,0
contig_36227,0,0,0,0,0,0,0,0,0,0,0,0,0,0,0,0,0,0,0,0,0,0,0,0,0,0,0,0,0,0,0,0,0,0,0,0,0,0,0,0,0,0,0,32,810,0,0,0,0,0,0,0,0,0,0,0,0,0,0,0,0,0,0,0,0,0,0,266,0,0,0,0,0,0,0,0,0,0,0,0,0,0,0,0,0,0,0,128,11305,36319,319,0
contig_36257,0,0,0,0,0,0,0,0,0,0,0,0,0,0,0,873,0,0,0,0,0,0,0,0,0,0,0,524,140564,0,0,0,0,0,0,0,0,0,0,1281,0,0,0,0,0,0,0,0,0,0,0,0,0,248,0,0,4437,1203,0,11547,9390,4365,0,0,0,0,0,0,0,0,0,0,0,0,0,0,0,0,0,0,189,0,0,0,0,0,0,0,0,266,0,0
contig_36270,0,0,0,0,0,0,0,0,0,0,0,0,0,0,0,0,0,0,0,0,0,0,0,0,0,0,0,0,0,0,0,0,0,0,0,0,0,0,0,0,0,0,0,0,0,0,0,0,129,57,0,0,0,0,0,0,158,0,0,0,256,420,0,0,0,0,0,0,0,0,0,0,0,0,0,0,0,0,0,0,0,0,0,0,0,0,0,0,0,0,0,0
contig_36279,0,0,41,304,124,0,0,0,0,0,0,0,0,0,0,0,0,0,0,192,0,0,0,0,0,0,0,0,0,0,0,0,1376,0,3103,0,0,0,0,357,1975,90,0,0,408,0,0,0,160,0,0,0,0,0,0,841,0,518,0,0,0,0,0,0,0,0,584,4487,804,176,360,0,0,0,0,0,0,0,0,0,0,0,0,0,0,0,19279,0,293,2621,92,0
contig_36292,0,0,0,0,113,0,0,0,0,0,0,0,0,0,0,0,0,0,0,0,0,0,0,0,0,0,0,0,0,39,0,57,0,0,0,0,0,1782,0,0,0,0,55,0,0,0,0,331,101,546,645,0,0,0,0,0,177,0,0,0,877,726,0,0,0,0,0,248,0,0,0,0,0,101,0,0,0,0,0,0,0,0,0,0,0,0,0,0,38,350,0,0
contig_36299,0,1221,0,0,0,0,0,0,0,0,0,0,0,0,2285,6994,115,0,0,0,0,0,0,0,0,0,0,742,0,1164,0,0,758,0,0,0,0,0,0,0,0,0,0,0,0,77,26,0,66,0,0,0,0,1510,0,30,0,0,144,427,100,2235,0,511,0,0,0,343,0,0,0,0,0,59,0,0,0,0,0,0,3205,0,0,0,0,0,35,0,0,456,0,0
contig_363,0,0,0,0,0,0,0,647,0,0,351,0,0,0,0,0,0,0,0,0,0,0,0,0,0,0,0,0,0,0,0,0,0,0,0,0,0,0,0,0,0,0,0,0,0,0,0,0,0,0,0,0,0,0,0,0,0,0,0,0,0,0,0,0,0,0,0,0,0,0,0,0,0,5389,0,0,0,1455,0,0,0,0,0,0,0,0,0,0,0,0,0,0
contig_36311,0,0,0,0,0,2028,0,0,0,0,0,0,0,0,0,290,1268,0,0,0,0,0,0,0,0,0,0,0,0,0,0,141,0,0,0,0,0,0,0,0,0,0,0,0,0,0,0,0,0,0,0,0,0,0,0,0,0,0,0,0,0,517,0,0,655,0,0,0,0,0,0,0,0,0,0,0,0,0,0,0,0,0,0,0,0,0,0,0,0,0,0,0
contig_36334,0,0,0,0,0,0,0,0,0,0,0,0,0,0,0,0,0,0,0,35,0,0,0,0,0,0,0,0,80,0,0,0,0,0,0,0,0,0,0,0,0,0,0,0,0,0,0,0,0,0,0,0,0,46,0,0,696,0,0,0,0,86,0,0,0,0,0,0,0,0,0,0,0,335,0,0,0,0,0,0,0,0,0,0,0,0,147,0,0,170,0,0
contig_36341,0,0,0,0,0,0,0,0,0,0,0,0,0,0,0,0,0,0,0,0,0,0,0,0,0,0,0,0,0,0,0,0,0,0,0,0,0,0,0,0,0,0,0,0,0,0,0,0,0,0,0,0,0,0,0,116,0,0,21,0,0,0,0,0,0,0,0,0,0,0,0,0,0,431,0,0,0,0,0,0,0,0,0,0,0,0,1068,0,0,0,0,0
contig_36345,0,0,0,0,0,0,0,0,0,0,0,0,0,0,0,0,0,0,0,0,0,0,0,0,0,0,0,0,0,0,0,0,0,0,0,0,0,0,0,0,0,0,0,0,0,322,0,713,0,0,130,0,0,0,0,0,0,0,0,46,0,0,0,0,0,0,0,366,0,0,0,0,0,0,0,0,0,0,0,0,0,0,0,0,0,0,340,0,0,0,0,0
contig_36348,0,0,0,0,0,0,0,0,0,0,0,0,0,0,0,0,0,0,0,0,0,0,0,0,0,0,0,0,0,0,0,0,0,0,0,0,0,0,0,0,0,0,0,0,0,0,0,0,0,0,0,0,0,21,0,0,0,0,0,0,0,0,0,0,0,0,0,0,0,0,0,0,0,0,0,0,0,0,0,0,0,0,0,0,0,0,212,0,0,247,0,0
contig_36353,0,195,0,0,0,0,0,0,0,0,0,0,0,0,0,0,76,0,0,0,0,0,0,0,0,0,0,0,0,0,0,334,780,0,0,0,0,0,0,0,0,0,0,0,0,0,0,16,226,116,27,0,0,129,0,0,1134,0,0,0,35,0,0,0,0,0,0,0,0,0,0,0,0,884,0,0,0,0,0,0,0,0,0,0,0,0,970,0,0,89,0,0
contig_36388,0,0,0,0,0,0,0,0,0,0,0,0,0,21,0,0,0,0,0,0,0,0,0,0,0,0,28,0,0,0,0,0,0,0,0,0,0,0,0,0,0,0,0,0,159,0,0,0,0,0,0,0,0,0,0,0,0,0,0,0,0,0,0,0,0,0,0,0,0,0,0,0,0,0,0,0,0,0,0,0,0,0,0,0,0,0,0,0,0,0,0,0
contig_36389,0,0,0,0,0,0,0,0,0,0,0,0,0,0,0,0,82,0,0,0,0,0,0,0,0,0,0,0,0,43,0,59,0,0,0,0,0,0,0,0,0,0,0,0,0,0,0,0,117,0,361,27,0,0,0,0,165,0,0,0,0,0,0,0,0,0,0,34,0,0,0,0,0,0,0,0,0,0,0,0,0,0,0,0,0,0,0,0,20,0,0,0
contig_36393,0,0,0,546,130,12824,0,0,0,0,0,0,0,0,0,0,0,0,0,0,0,0,0,0,0,0,0,0,0,0,0,0,0,0,0,0,0,0,0,0,0,0,0,0,0,0,0,0,0,1037,156,0,0,0,0,0,0,0,0,0,0,0,0,0,0,0,10693,0,0,0,0,0,0,0,0,0,0,0,0,0,0,0,0,0,0,0,0,0,0,0,0,0
contig_36411,0,0,0,0,0,0,0,0,0,0,0,0,0,0,0,0,0,0,0,0,0,0,0,0,0,0,0,0,0,0,0,0,0,0,0,0,0,0,0,0,0,0,0,0,0,0,0,769,118,0,973,0,0,0,0,0,0,0,0,0,99,90,0,0,0,0,0,0,0,0,0,0,0,0,0,0,0,0,0,0,0,0,0,0,0,0,0,0,0,0,0,0
contig_36414,131951,2588,0,0,0,0,1543,0,0,0,0,0,0,0,0,10756,1201,0,0,0,0,0,0,0,0,0,0,0,71742,11822,0,0,0,0,0,0,0,0,0,124,0,0,0,0,0,7563,0,0,0,0,0,0,0,0,0,0,0,0,1888,10412,18633,214,0,0,0,0,0,0,0,0,0,0,0,0,0,0,0,0,0,0,0,0,0,0,0,0,0,0,0,0,0,0
contig_36419,0,0,0,0,0,0,0,0,0,0,0,0,0,0,0,0,0,0,0,0,0,0,0,0,0,0,0,1840,0,0,0,0,0,0,0,0,0,0,0,0,0,0,0,0,0,17815,0,0,0,0,0,0,0,0,0,0,0,0,55044,0,0,0,0,0,0,0,0,0,0,0,0,0,0,0,0,0,0,0,0,0,0,0,0,0,0,0,0,0,0,0,0,0
contig_36424,0,0,0,46,0,0,0,0,0,0,0,0,0,0,0,0,0,0,0,0,0,0,0,0,0,0,0,0,0,0,0,0,0,0,0,0,0,0,0,31,0,0,0,0,0,251,0,1360,0,0,793,0,432,0,6762,0,0,0,0,0,184,147,0,0,0,0,0,2156,0,0,0,0,0,0,0,0,0,0,0,0,0,0,0,0,0,0,0,0,70,517,0,0
contig_36433,0,125,0,64,0,0,114,0,0,0,0,0,0,0,0,0,0,0,0,0,0,0,0,0,0,0,0,0,0,47,0,0,0,0,0,0,0,0,0,0,0,0,0,0,0,0,0,343,618,401,698,0,0,0,0,0,0,0,0,0,94,1128,0,23,0,0,0,0,0,288,406,0,0,605,0,0,0,0,0,0,0,0,0,0,0,0,466,0,30,163,0,0
contig_36448,0,0,0,0,0,0,0,0,0,0,0,0,0,0,0,20226,0,0,0,0,0,0,0,0,0,0,0,0,0,0,0,0,0,0,0,0,0,0,0,0,0,0,0,0,0,0,0,1620,0,0,0,0,0,0,0,0,0,0,0,0,3007,0,0,0,0,0,0,0,0,0,0,0,0,0,0,0,0,0,0,0,0,0,0,0,0,0,0,0,0,0,0,0
contig_36451,0,0,0,109,0,0,0,0,0,0,0,0,0,0,0,0,0,0,0,0,0,0,0,0,0,0,0,0,0,0,0,0,0,0,0,0,0,0,0,0,0,0,0,0,0,0,0,0,225,0,445,0,0,0,0,0,434,0,0,0,1269,205,0,0,0,0,0,39,0,0,0,0,0,79,0,0,0,0,0,0,0,0,0,0,0,0,0,0,0,0,0,0
contig_36456,0,0,2303,1007,3784,744,0,0,0,0,0,0,0,0,0,0,0,0,0,0,0,0,0,0,0,0,0,0,394,1331,1247,0,0,0,0,0,0,373,0,0,0,0,0,0,0,0,0,895,2377,3924,7802,0,0,0,0,0,0,0,0,0,2043,739,0,0,0,0,0,4480,276,0,0,0,0,0,0,0,0,0,0,0,0,0,0,0,0,0,0,0,0,0,0,0
contig_36513,0,0,0,0,0,0,0,0,0,0,0,0,0,0,0,161,0,0,0,0,0,0,0,0,0,0,0,0,130,0,0,0,0,0,0,0,0,0,0,0,0,0,0,0,0,0,0,0,0,0,0,0,0,0,0,0,0,0,0,0,126,0,0,0,0,0,0,0,0,0,0,0,0,0,0,0,0,0,0,0,0,0,0,0,0,0,0,0,0,0,0,0
contig_36517,0,1264,0,0,0,0,0,0,0,0,0,0,0,0,0,12753,0,0,0,0,0,0,0,0,0,0,0,0,0,303,0,0,0,0,0,0,0,0,0,320,0,0,0,0,0,1124,0,834,22,0,225,0,147,42,7767,0,0,0,0,2247,0,128,0,301,0,0,0,107,70,0,0,0,0,0,0,0,0,0,0,0,0,0,0,0,0,0,63,0,78,862,0,0
contig_36542,0,0,0,388,307,0,0,0,0,0,0,0,0,0,0,0,0,0,0,0,0,0,0,0,0,0,0,0,0,319,0,0,0,0,0,0,0,0,0,0,0,0,35,0,242,0,0,0,0,1254,0,0,0,0,0,0,1092,0,0,0,6219,6366,0,0,0,0,76,1841,0,0,0,0,0,0,0,0,0,0,0,0,0,0,0,0,0,0,0,0,0,0,0,0
contig_36543,0,0,0,1196,0,0,0,0,0,0,0,0,0,0,0,0,0,0,0,0,0,0,0,0,0,0,0,0,0,2295,294,0,0,0,0,0,0,0,0,0,0,0,144,0,498,0,0,0,0,11323,0,0,0,0,0,0,19449,0,0,0,28723,21209,0,0,0,0,0,6425,0,0,0,0,0,0,0,0,0,0,0,0,0,0,0,0,0,0,0,0,122,65,0,0
contig_36568,0,0,0,0,0,0,0,0,0,0,0,0,0,0,0,0,0,0,0,0,0,0,0,0,0,0,0,0,59,0,0,0,0,0,0,0,0,0,0,0,0,0,0,0,0,0,0,0,25,31,0,0,0,0,0,0,81,0,0,51,0,214,0,0,0,0,0,205,0,0,0,0,0,0,0,0,0,0,0,0,0,0,0,0,0,0,0,0,0,0,0,0
contig_36573,454,12652,2441,2356,2836,1366,870,0,0,0,188,0,0,38,1792,12044,2014,51,0,265,0,1436,0,0,0,401,49,0,519,1197,2716,754,2348,0,0,0,0,4132,0,0,0,0,0,0,231,324,1038,1027,2426,5001,745,0,0,0,0,1522,1558,0,0,656,10340,4378,114,0,915,0,0,5161,1171,0,0,0,0,3592,0,1096,0,0,0,0,405,0,0,0,0,0,3870,0,0,1829,0,0
contig_36578,0,402,343,469,716,307,0,0,0,0,0,0,0,0,5378,1121,7034,0,0,0,0,0,0,0,0,47,0,0,494,1103,0,361,4480,0,0,0,0,1291,0,0,0,0,0,0,0,0,3702,563,3447,2818,597,0,0,0,0,678,666,0,7000,986,3645,484,0,0,1457,0,0,1366,5857,0,0,0,0,9687,0,1127,38,0,0,0,0,0,0,0,0,0,0,0,0,1908,0,0
contig_36579,0,0,0,530,0,0,0,0,0,0,0,0,0,0,0,0,9660,280,0,0,0,0,0,0,0,0,0,0,0,0,0,0,0,0,0,0,0,14711,0,0,0,31,0,0,0,0,0,746,0,10147,397,0,0,0,0,0,361,0,0,0,2365,453,0,0,0,0,0,5300,0,0,0,0,0,968,0,0,254,183,0,0,0,0,0,0,0,0,0,0,0,356,85,0
contig_36590,0,0,0,228,0,0,0,0,0,0,0,0,0,0,0,0,184,0,0,0,0,0,0,0,0,0,0,0,0,0,0,61,150,0,0,0,0,0,0,0,0,0,0,0,0,991,0,0,644,578,538,0,0,0,0,0,0,0,0,0,0,270,0,0,0,0,0,1450,242,0,0,0,0,0,0,0,0,0,0,0,0,0,0,0,0,0,0,0,0,0,0,0
contig_36593,0,594,0,0,0,0,0,0,0,0,0,0,0,0,0,0,0,0,0,0,0,0,0,0,0,0,0,0,0,56,0,0,0,0,0,0,0,0,0,78,0,0,0,0,0,0,0,40,60,0,683,0,0,0,0,0,0,0,0,0,0,129,0,0,0,0,0,226,0,0,0,0,0,0,0,0,0,0,0,0,0,0,0,0,0,0,0,0,0,21,0,0
contig_36607,0,0,0,0,0,0,0,0,0,0,0,0,0,0,0,0,27438,82,0,0,0,0,0,0,0,0,0,0,0,4941,773,0,1071,0,3077,0,0,0,0,0,1553,0,0,0,122,0,0,59,2486,859,26322,105,0,0,0,0,0,76,0,0,0,0,199,0,0,0,0,277,0,0,0,0,0,337,0,0,0,0,0,0,0,0,0,0,0,0,18865,0,50,14081,0,0
contig_36626,0,295,0,0,0,0,0,0,0,0,0,0,0,0,0,0,1987,0,0,0,0,0,0,0,0,0,0,0,0,0,0,0,0,0,0,0,0,0,0,381,0,0,0,0,0,0,0,1548,0,1511,134,0,0,0,0,0,0,0,0,0,0,0,0,27,0,0,0,368,0,0,0,0,0,734,0,0,0,0,0,0,101,0,0,0,0,0,0,0,0,123,0,0
contig_36631,0,0,0,0,0,0,0,0,0,0,0,0,0,0,0,0,0,0,0,0,0,0,0,0,0,0,0,0,0,2341,0,0,0,0,0,0,0,0,0,0,0,0,3864,0,0,0,0,0,0,0,0,0,0,0,0,0,0,0,0,0,0,2179,0,0,0,0,0,0,0,0,0,0,0,0,0,0,0,0,0,0,0,0,0,0,0,0,0,0,0,0,0,0
contig_36684,0,806,0,0,0,0,0,0,0,0,0,0,0,0,0,0,0,0,0,0,0,0,0,0,0,0,0,0,0,55,0,0,0,0,0,0,0,0,0,0,0,0,0,0,0,0,0,68,71,0,2453,21,0,0,0,0,0,0,0,0,0,265,0,0,0,0,0,344,0,0,0,0,0,0,0,0,0,0,0,0,0,0,0,0,0,0,0,0,0,0,0,0
contig_367,0,0,0,0,0,0,0,0,0,0,0,0,0,0,0,0,0,0,0,0,0,0,0,0,0,0,0,0,0,0,0,0,1230,0,0,0,0,0,0,0,0,0,714,0,0,0,0,0,0,0,0,0,0,0,0,0,0,0,0,0,0,136304,0,0,0,0,0,0,0,0,0,0,0,0,0,0,0,0,0,0,0,0,0,0,0,0,0,0,0,26678,0,0
contig_36710,0,0,0,0,0,0,0,0,0,0,0,0,0,0,0,0,0,0,0,0,0,132,0,0,0,0,0,0,0,0,0,397,7189,0,493,0,0,0,0,1293,0,14,189,0,73,0,0,0,2390,185,1125,0,0,0,0,0,0,0,0,0,0,0,0,0,0,0,0,0,0,0,0,0,0,0,0,0,0,0,0,0,0,0,0,0,0,0,3115,0,128,1168,23,0
contig_36713,0,0,4042,0,0,2249,0,0,0,0,0,0,0,0,0,0,8240,0,0,0,0,363,0,0,0,0,0,0,4055,3995,0,0,495,0,0,0,0,0,0,0,0,0,0,0,0,0,10489,7703,9154,12394,7283,0,0,585,0,852,3000,0,0,0,17189,3343,0,747,1765,0,0,1991,8813,0,0,0,0,8950,0,3090,0,0,0,0,412,0,0,0,0,0,0,0,347,2488,0,0
contig_36717,0,0,0,0,0,0,0,0,0,0,0,0,0,0,0,0,0,0,0,0,0,0,0,0,0,0,0,0,0,0,0,0,0,0,0,0,0,0,0,0,0,0,0,0,0,415,264,0,0,0,0,0,0,0,0,0,328,0,0,586,0,206,0,0,0,0,0,0,0,0,0,0,0,742,0,0,0,0,0,0,0,0,0,0,0,0,145,0,0,0,0,0
contig_36723,0,0,0,93,0,0,0,0,0,0,0,0,0,0,0,0,761,0,0,0,0,0,0,0,0,0,0,0,0,0,0,82,0,0,0,0,0,0,0,0,0,0,0,0,268,0,0,0,301,759,0,0,0,0,0,0,0,0,0,0,0,2071,0,0,0,0,0,0,595,0,0,0,0,0,0,0,0,0,0,0,0,0,0,0,0,0,0,0,0,0,0,0
contig_36745,0,0,0,0,0,0,0,0,0,0,0,0,0,0,0,0,85,0,0,0,0,0,0,0,40,0,0,0,0,0,0,0,0,0,0,0,0,0,0,0,0,0,0,0,0,0,0,0,0,0,0,0,0,0,0,0,0,0,0,0,0,2829,0,0,0,0,0,0,0,0,0,0,0,0,0,0,0,0,0,0,0,0,0,0,0,0,0,0,0,0,0,0
contig_36767,0,3083,895,0,0,158,569,0,0,0,0,0,0,0,3378,0,1159,0,0,0,0,0,0,0,0,0,0,3479,893,1387,0,0,0,0,0,0,0,0,0,0,0,0,0,0,0,17674,0,0,0,0,0,0,0,0,0,0,0,0,19543,41776,7120,684,0,0,0,0,0,0,0,0,0,0,0,0,0,0,0,0,0,0,234,0,0,0,0,0,0,0,0,0,0,0
contig_36771,19942,2798,364,0,0,0,0,0,0,0,0,0,0,0,5031,9291,104,0,0,0,0,0,0,0,0,0,0,1586,0,1910,0,0,0,0,0,0,0,0,0,21,0,0,0,0,0,341,0,0,0,0,0,0,0,958,0,0,0,0,289,1115,496,2051,0,0,0,0,0,0,0,0,0,0,0,0,0,0,0,0,0,0,1191,0,0,0,0,0,0,0,0,350,0,0
contig_36790,0,0,0,0,0,0,0,0,0,0,0,0,0,0,0,0,0,0,0,0,0,0,0,0,0,0,0,0,0,34,0,0,0,0,0,0,0,0,0,0,0,0,0,0,0,0,0,0,0,0,0,0,0,359,0,0,368,0,0,0,0,352,0,0,0,0,0,0,0,0,0,0,0,352,0,0,0,0,0,0,0,0,0,0,0,0,314,0,0,618,0,0
contig_36792,128621,2898,0,0,0,11125,7576,0,0,0,0,0,0,0,0,38161,0,0,0,0,0,0,0,0,0,0,0,1415,29531,24785,0,0,0,0,0,0,0,0,0,0,0,0,0,0,0,0,0,0,0,0,0,0,0,0,0,0,0,0,917,1470,26545,163,0,0,0,0,0,0,0,0,0,0,0,0,0,0,0,0,0,0,0,0,0,0,0,0,0,0,0,0,0,0
contig_368,0,0,0,0,0,0,0,0,0,0,0,0,0,0,0,0,0,0,0,0,0,26,0,0,0,0,0,0,0,0,0,0,0,0,0,0,0,0,0,0,0,0,118,0,0,0,0,0,0,0,0,0,0,0,0,0,0,0,0,0,0,9514,0,0,0,0,0,0,0,0,0,0,0,0,0,0,0,0,0,0,0,0,0,0,0,0,0,0,0,0,0,0
contig_36800,0,80,0,0,192,57,0,0,0,0,0,0,0,0,0,0,0,0,0,0,0,0,0,0,0,0,0,0,0,0,0,0,0,0,0,0,0,0,0,0,0,0,0,0,0,0,0,52,0,0,0,0,0,0,0,0,0,0,0,0,219,944,0,0,0,0,0,1985,0,0,0,0,0,0,0,0,0,0,0,0,0,0,0,0,0,0,0,0,0,0,0,0
contig_36805,0,0,0,0,0,0,0,0,0,0,0,0,0,0,0,0,0,0,0,0,0,0,0,0,0,0,0,0,0,0,0,0,0,0,0,0,0,0,0,0,0,0,0,0,0,0,0,0,0,0,0,0,0,0,0,0,0,5843,0,0,0,0,0,0,0,0,0,0,0,0,0,0,0,0,0,0,0,0,0,0,0,0,0,0,0,0,632,0,273,23375,0,0
contig_36814,0,0,0,0,0,0,0,0,0,0,0,0,0,0,0,0,2012,0,0,0,0,0,0,0,0,0,0,0,0,4118,0,158,0,0,0,0,0,0,0,0,0,0,0,0,0,0,0,5137,262,1266,0,0,0,0,0,0,0,0,0,0,0,10628,0,0,0,0,0,0,0,0,0,0,0,0,0,0,0,0,0,0,0,0,0,0,0,0,0,0,0,0,0,0
contig_36821,0,0,0,993,0,0,0,0,0,0,0,0,0,0,0,0,101,0,0,0,0,0,0,0,0,0,0,0,0,0,0,414,0,0,0,0,0,0,0,0,0,0,0,0,0,0,0,0,224,0,326,0,0,159,0,0,0,0,0,0,0,191,0,0,0,0,0,510,1029,0,0,0,0,535,0,0,0,0,0,0,0,0,0,0,0,0,0,0,0,0,0,0
contig_36826,0,1241,11031,1860,4762,4956,648,0,0,0,243,0,0,0,7786,0,3405,0,0,0,0,1053,0,0,0,940,0,0,0,0,2512,0,205,0,0,0,0,2762,0,320,0,0,0,0,139,0,3326,0,6548,8953,635,0,0,0,0,196,2742,0,0,0,20493,4179,55,0,3686,0,338,1443,0,0,0,0,0,3819,0,0,0,0,0,0,0,0,0,0,0,0,0,0,558,797,0,0
contig_36857,0,0,0,0,0,0,0,0,0,0,0,0,0,0,0,20477,0,0,0,0,0,0,0,0,0,0,0,0,0,0,0,0,0,0,0,0,0,0,0,1676,0,0,0,0,0,0,0,0,0,0,0,0,0,200,0,0,0,0,4223,0,0,0,0,0,0,0,0,0,0,0,0,0,0,1234,0,0,0,0,0,0,0,0,0,0,0,0,2455,0,0,0,0,0
contig_36866,0,0,0,0,0,0,0,0,0,0,0,0,0,0,0,0,0,0,0,0,0,0,0,0,0,0,0,0,0,0,0,0,0,0,0,0,0,0,0,0,0,0,0,0,0,60,0,152,0,0,0,0,0,0,0,0,0,0,0,0,0,21,0,0,0,0,0,198,0,0,0,0,0,0,0,0,0,0,0,0,433,0,0,0,0,0,0,0,0,0,0,0
contig_36870,0,0,0,0,0,0,0,0,0,0,0,0,0,0,0,0,0,0,0,0,0,0,0,0,0,0,0,0,0,79,0,0,0,0,0,0,0,0,0,0,0,0,0,0,0,5707,0,0,0,0,0,0,0,0,0,0,0,0,0,0,0,73,0,0,0,0,0,0,0,0,0,0,0,0,0,0,0,0,0,0,0,0,0,0,0,0,0,0,0,0,0,0
contig_36892,0,0,0,0,0,0,0,0,0,0,0,0,0,0,0,0,0,0,0,0,0,0,0,0,0,0,0,0,0,0,0,0,0,0,0,0,0,0,0,0,0,0,0,0,0,2061,4523,0,0,0,0,0,0,0,0,0,0,0,1892,0,46936,0,0,0,0,0,0,0,0,0,0,0,0,0,0,0,0,0,0,0,0,0,0,0,0,0,0,0,0,0,0,0
contig_369,0,0,0,0,0,0,0,0,0,0,0,0,0,0,0,0,0,0,0,0,0,0,0,0,0,0,0,0,0,0,0,0,80,0,0,0,0,0,0,0,0,0,0,0,0,0,0,0,0,0,0,0,0,0,0,0,0,0,0,0,0,14832,0,0,0,0,0,0,0,0,0,0,0,0,0,0,0,0,0,1597,0,0,0,0,0,0,0,0,0,3223,0,0
contig_36913,0,0,0,0,0,0,0,0,0,0,0,0,0,0,0,0,0,0,0,0,0,0,0,0,0,0,0,0,0,0,0,308,0,0,0,0,0,0,0,0,0,0,0,0,0,0,0,1767,291,315,3300,0,0,0,0,0,0,0,0,0,246,282,0,0,0,0,0,0,0,0,0,0,0,0,0,0,0,0,0,0,0,0,0,0,0,0,0,0,0,85,0,0
contig_36916,23397,3627,430,0,0,0,0,0,0,0,0,0,0,0,7214,16185,0,0,0,0,0,0,0,0,0,0,0,2272,0,1771,0,0,0,0,0,0,0,0,0,0,0,0,0,0,0,271,0,0,0,0,0,0,0,883,0,0,0,0,271,361,0,1952,0,70,151,0,0,0,0,0,0,0,0,0,0,0,0,0,0,0,1440,0,0,0,0,0,19,0,0,346,0,0
contig_36946,0,25,0,0,0,0,0,0,0,0,0,0,0,0,0,0,12,0,0,0,0,0,0,0,0,0,0,0,0,124,0,0,317,0,0,0,0,0,0,0,0,0,0,0,0,0,0,0,116,0,0,26,0,36,0,85,55,0,0,33,0,451,114,36,0,0,0,68,180,0,0,0,0,800,0,0,0,0,0,0,0,0,0,0,0,0,0,0,0,0,0,0
contig_36947,0,0,0,0,0,0,0,0,0,0,0,0,0,0,0,0,1414,0,0,0,0,0,0,0,0,0,0,0,0,1237,0,0,1778,0,0,0,0,0,0,0,0,0,0,0,0,0,0,0,956,621,480,0,0,0,0,0,0,0,2866,0,0,0,0,0,0,0,0,0,0,0,0,0,0,0,0,0,0,0,0,0,0,0,0,0,0,0,0,0,0,0,0,0
contig_36949,0,0,0,0,0,0,0,0,0,0,0,0,0,0,0,479,0,0,0,0,0,0,0,0,0,0,0,0,0,0,0,0,0,0,0,0,0,0,0,0,0,0,0,0,0,0,0,0,0,0,0,0,0,0,0,0,0,0,0,0,0,0,0,0,0,0,0,215,0,0,0,0,0,3282,0,0,0,0,0,0,0,0,0,0,0,0,54,0,0,0,0,0
contig_36959,0,0,0,0,0,0,0,0,0,0,0,0,0,0,0,33399,0,0,0,0,0,0,0,0,0,0,0,0,0,2832,0,0,0,0,0,0,0,0,0,0,0,0,0,0,0,0,0,3874,181,0,0,0,0,0,0,0,153,0,0,0,3609,2143,0,0,0,0,0,0,0,0,0,0,0,0,0,0,0,0,0,0,10804,0,0,0,0,0,0,0,0,0,0,0
contig_36983,0,0,0,0,0,0,0,0,0,0,0,0,0,0,0,0,148,0,0,210,0,0,0,0,0,0,0,0,0,0,0,0,0,0,0,0,0,0,0,0,0,0,0,0,116,0,0,0,0,0,0,0,0,990,0,0,0,0,0,0,0,0,0,0,0,0,0,194,1531,0,0,0,0,0,0,0,0,0,0,0,0,0,0,0,0,0,817,0,0,11280,61,0
contig_36984,0,0,0,0,0,90,0,0,0,0,0,0,0,0,963,3709,4359,0,0,0,0,103,0,0,0,0,0,0,331,4084,0,0,0,0,0,0,0,0,90,0,0,0,0,0,0,124,859,0,0,1129,0,0,0,0,0,0,1513,0,1921,279,4441,1123,0,722,0,0,0,0,0,0,0,0,0,0,0,0,0,0,0,0,36,0,0,0,0,0,0,0,0,0,0,0
contig_36988,0,0,0,0,0,0,0,0,0,0,0,0,0,0,0,0,0,0,0,0,0,0,0,0,0,0,0,0,0,8012,0,0,0,0,0,0,0,0,0,187,0,0,0,0,0,0,0,0,280,0,0,0,0,0,0,0,229,0,0,0,11985,2646,0,0,0,0,0,0,0,0,19,0,0,403,0,0,51,15,0,0,0,0,0,0,0,0,0,0,72,0,0,0
contig_36999,0,0,0,0,0,0,0,0,0,0,0,0,0,0,0,0,0,0,0,0,0,0,0,0,0,0,0,0,0,0,0,0,0,0,0,0,0,0,0,0,0,0,0,0,0,0,0,0,0,0,0,0,0,0,0,0,0,0,0,0,0,0,0,0,0,0,139,0,12,0,0,49,0,0,0,0,0,0,0,0,0,0,0,0,0,0,0,0,0,0,0,0
contig_37002,0,2135,0,0,0,0,0,0,0,0,0,0,0,0,0,5563,0,0,0,0,0,0,0,0,0,0,0,2766,0,326,0,0,0,0,0,0,0,0,0,0,0,0,0,0,0,457,0,1571,110,61,765,0,351,148,6125,0,0,0,0,555,641,400,0,0,0,0,0,1053,23,0,0,0,0,32,0,0,0,0,0,0,0,0,0,0,0,0,19,0,323,2579,0,0
contig_37011,0,0,0,0,0,0,0,0,0,0,0,0,0,0,31997,5838,3732,0,0,0,0,0,0,0,0,0,0,0,0,0,0,0,0,0,0,0,0,0,0,0,0,0,0,0,0,0,0,0,0,0,0,0,0,0,0,0,0,0,0,0,3594,0,0,0,0,0,0,0,0,0,0,0,0,0,0,0,0,0,0,0,0,0,0,0,0,0,0,0,0,0,0,0
contig_37018,0,363,0,488,0,0,0,0,0,0,0,0,0,0,0,0,0,0,0,0,0,0,0,0,0,0,0,0,0,813,0,0,0,0,0,0,0,0,0,0,0,0,0,0,0,0,881,408,2300,2125,0,0,0,0,0,0,0,0,0,0,1066,1233,0,0,2483,0,0,645,1362,0,0,0,0,1029,0,0,0,0,0,0,0,0,0,0,0,0,0,0,0,0,0,0
contig_37035,0,0,0,0,0,0,0,0,0,0,0,0,0,0,0,0,0,0,0,0,0,0,0,0,0,0,0,0,0,0,0,0,0,0,0,0,0,0,0,0,0,0,0,0,0,0,0,0,135,0,188,0,0,0,0,0,0,0,0,0,5166,941,0,0,0,0,0,0,0,0,0,0,0,59,0,0,0,0,0,0,0,0,0,0,0,0,0,0,0,0,0,0
contig_37040,797,4507,891,0,0,89,287,0,0,0,0,0,0,0,2900,23002,486,0,0,0,0,0,0,0,0,0,0,4086,2066,595,0,0,33,0,0,0,0,0,0,0,0,0,0,0,0,2145,68,892,50,0,87,0,0,0,0,0,0,0,0,3954,8416,59,0,473,0,0,0,193,95,0,0,0,0,0,0,0,0,0,0,0,0,0,0,0,0,0,0,0,0,168,0,0
contig_37042,3251,9069,0,0,0,0,0,0,0,0,0,0,0,0,0,0,0,0,0,0,0,0,0,0,0,0,0,0,0,0,0,0,0,0,0,0,0,0,0,0,0,0,0,0,0,4970,0,0,0,0,0,0,0,0,0,0,0,0,8471,0,0,0,0,0,0,0,0,0,0,0,0,0,0,0,0,0,0,0,0,0,0,0,0,0,0,0,0,0,0,0,0,0
contig_37054,0,0,0,0,0,0,0,0,0,0,0,0,0,0,0,0,0,0,0,0,0,0,0,0,0,0,0,0,0,0,0,0,0,0,0,0,0,0,0,0,0,0,0,0,0,0,0,115,0,0,0,0,0,0,0,0,0,0,0,0,0,409,0,0,211,0,0,483,0,0,0,0,0,0,0,0,0,0,0,0,2997,0,0,0,0,0,0,0,0,0,0,0
contig_37058,0,0,0,0,0,0,0,0,0,0,0,0,0,0,0,0,1853,0,0,0,0,0,0,0,0,0,0,0,0,426,0,663,122,0,0,0,0,0,0,0,0,0,0,0,0,0,0,211,518,1056,539,445,0,0,0,0,0,0,0,0,0,903,0,0,0,0,0,603,335,0,0,0,67,0,0,0,0,0,0,0,0,0,0,0,0,0,0,0,0,0,0,0
contig_37065,0,0,0,0,0,0,0,0,0,0,0,0,0,0,0,0,0,0,0,0,0,0,0,0,0,0,0,0,0,0,0,0,0,0,0,0,0,0,0,0,0,0,52,0,0,0,0,0,0,0,0,57,0,0,0,0,2323,0,0,0,0,0,0,0,0,0,0,115,0,0,0,0,0,481,0,0,0,0,0,0,0,0,0,0,0,0,0,0,0,71,0,0
contig_37082,0,0,0,0,0,0,0,0,0,0,0,0,0,0,958,0,0,0,0,0,0,0,0,0,0,0,0,0,0,0,0,0,0,0,0,0,0,0,0,1258,0,0,0,0,0,0,0,0,0,0,0,0,0,0,0,0,0,0,169,0,0,0,0,0,0,0,0,0,0,0,0,0,0,0,0,0,0,0,0,0,0,0,0,0,0,0,0,0,0,0,0,0
contig_37091,0,0,0,0,0,525,1161,0,0,0,0,0,0,0,0,0,0,0,0,0,0,0,0,0,0,0,0,0,0,0,0,0,0,0,0,0,0,0,0,0,0,0,0,0,0,440,0,183,0,0,0,0,0,0,0,0,0,0,0,249,241,296,0,0,0,0,0,422,0,0,0,0,0,0,0,0,0,0,0,0,8305,0,0,0,0,0,0,0,0,0,0,0
contig_37099,0,5792,0,0,0,0,0,0,0,0,0,0,0,0,0,0,0,0,0,0,0,0,0,0,0,0,0,9938,0,398,0,0,0,0,0,0,0,0,0,0,0,0,0,0,0,7179,0,1139,0,0,0,0,0,0,0,0,0,0,3946,18894,10207,0,0,0,0,0,0,0,0,0,0,0,0,0,0,0,0,0,0,0,0,0,0,0,0,0,0,0,0,0,0,0
contig_37106,0,0,0,0,0,0,0,0,0,0,0,0,0,0,0,0,0,0,0,0,0,0,0,0,0,0,0,0,0,0,0,0,0,0,0,0,0,0,0,0,0,0,0,0,0,0,0,0,0,0,0,0,0,0,0,0,0,0,0,0,0,129,0,0,0,0,0,0,0,0,0,0,0,277,0,0,0,0,0,0,0,0,0,0,0,0,398,0,0,183,0,0
contig_37111,0,221,0,0,0,0,0,0,0,0,0,0,0,0,0,0,248,0,0,0,0,0,0,0,0,0,0,0,3445,1085,0,225,0,0,0,0,0,0,0,394,0,0,0,0,0,1177,0,0,479,0,0,0,2134,0,47710,0,0,0,106,2591,0,331,0,357,0,0,0,289,0,0,0,0,0,0,0,0,0,0,0,0,0,0,0,0,0,0,1368,0,342,4005,0,0
contig_37158,0,0,0,0,0,0,0,0,0,0,0,0,0,0,0,0,0,0,0,0,0,0,0,0,0,0,0,0,0,0,0,0,0,0,0,0,0,0,0,0,0,0,0,0,0,0,0,139,199,257,453,0,0,0,0,0,0,0,0,0,1193,823,0,0,0,0,0,576,0,0,0,0,0,0,0,0,0,0,0,0,0,0,0,0,0,0,0,0,0,0,0,0
contig_37177,0,0,0,0,0,0,0,0,0,0,0,0,0,0,0,0,0,0,0,0,0,0,0,0,0,0,0,0,0,0,0,0,0,0,0,0,0,0,0,0,0,0,0,0,0,0,0,0,0,0,0,0,0,0,0,0,0,0,0,0,1685,91,0,0,0,0,0,57,0,0,0,0,0,0,0,0,0,0,0,0,0,0,0,0,0,0,0,0,0,0,0,0
contig_37185,0,0,0,0,0,0,0,0,0,0,0,0,0,0,0,0,0,0,0,899,0,0,0,0,18,0,0,0,0,0,0,0,0,0,0,0,0,0,0,0,0,0,0,0,374,0,0,0,0,0,0,0,0,0,0,0,0,271,0,0,0,0,0,0,0,0,0,0,0,0,0,0,0,0,0,0,0,0,0,0,0,0,0,0,0,0,7004,0,140,987,0,0
contig_37190,0,477,0,0,0,0,0,0,0,0,0,0,0,0,4022,189,247,0,0,0,0,0,0,0,0,0,0,0,0,2055,0,0,0,0,0,0,0,0,0,0,0,0,0,0,0,1037,84,311,295,82,0,0,0,0,0,0,0,0,795,0,1329,54,0,0,0,0,97,133,0,0,0,0,0,0,0,0,0,0,0,0,0,0,0,0,0,0,0,0,0,0,0,0
contig_37198,0,0,0,0,0,0,0,0,0,0,0,0,0,0,0,0,0,0,0,0,0,0,0,0,0,0,0,0,0,0,0,123,0,0,2924,0,0,1563,0,0,0,100,285,16,1726,0,0,0,0,0,0,0,0,0,0,0,0,0,0,0,0,0,0,0,0,0,0,0,0,0,0,0,0,0,0,0,0,0,0,0,0,0,0,0,0,0,0,0,240,0,0,0
contig_37202,0,1111,15209,2451,2412,3458,0,0,0,0,0,0,0,0,8876,0,2104,0,0,0,0,523,0,0,0,328,0,0,3647,8468,2798,314,611,0,0,0,0,1030,0,458,0,0,47,0,212,1079,8434,7254,10050,10689,1493,0,0,261,0,389,3150,0,0,2316,12256,3183,35,0,2181,0,521,1437,1946,0,781,91,0,6248,0,4475,68,0,0,0,795,0,0,0,0,0,3675,0,510,1925,0,0
contig_37223,0,0,0,0,0,0,0,0,0,0,0,0,0,0,0,0,0,0,0,0,0,0,0,0,0,0,0,0,0,0,0,0,0,0,0,0,0,0,0,0,0,0,0,0,0,0,0,0,0,0,0,0,0,91,0,0,0,0,0,0,0,485,0,0,0,0,0,0,0,0,0,0,0,0,0,0,0,0,0,0,1139,0,0,0,0,0,0,0,0,134,0,0
contig_37224,0,0,0,0,0,0,0,0,0,0,0,0,0,0,0,0,0,0,0,0,0,0,0,0,0,0,0,0,0,165,0,0,0,0,0,0,0,0,0,0,0,0,0,0,0,375,0,0,0,0,0,0,0,0,0,0,106,0,0,288,0,397,0,0,0,0,0,2091,0,0,0,0,0,0,0,0,0,0,0,0,0,0,0,0,0,0,995,0,0,171,0,0
contig_37233,0,0,643,195,0,0,0,0,0,0,0,0,0,0,0,0,1453,0,0,0,0,0,0,0,0,0,0,0,121,1877,0,0,0,0,0,0,0,0,0,0,0,0,0,0,0,0,0,958,663,581,333,0,0,0,0,0,0,0,332,0,1088,53,0,0,0,0,0,142,0,0,0,0,0,0,0,0,0,0,0,0,0,0,0,0,0,0,0,0,0,0,0,0
contig_37237,0,0,0,0,0,0,0,0,0,0,0,0,0,0,0,0,0,0,0,0,0,0,0,0,0,0,0,0,0,0,0,0,0,0,0,0,0,0,0,0,0,0,0,0,0,0,0,0,0,0,5525,0,0,811,0,0,0,0,0,0,0,365,0,0,0,0,0,0,0,0,0,0,0,0,0,0,0,0,0,0,0,0,0,0,0,0,0,0,183,210,0,0
contig_37245,0,0,0,0,75,0,0,0,0,0,0,0,0,0,399,174,613,0,0,0,0,0,0,0,0,0,0,0,0,1320,119,3605,1971,0,0,0,0,0,0,19,0,0,0,0,0,0,0,243,591,823,261,0,0,0,0,56,0,0,0,0,0,62399,0,0,0,0,0,0,0,0,0,0,0,0,0,0,0,0,0,0,0,0,0,0,0,0,0,0,0,0,0,0
contig_37252,0,0,0,0,0,0,0,0,0,0,0,0,0,0,0,0,292,0,0,0,0,0,0,0,0,0,0,782,0,824,300,873,0,0,0,0,0,0,0,0,0,0,0,0,0,169,0,231,1202,0,0,0,0,0,0,0,930,0,0,275,0,1318,0,0,0,0,0,850,0,0,0,0,0,3009,0,0,0,0,0,0,0,0,0,0,0,0,1552,0,0,0,0,0
contig_37259,0,190,0,0,0,0,0,0,0,0,0,0,0,0,1772,19859,519,0,0,0,0,0,0,0,0,0,0,21,0,0,0,0,0,0,0,0,0,0,0,0,0,0,0,0,0,0,0,0,0,0,0,0,0,103,0,0,3802,0,0,0,0,207,0,0,0,0,0,0,0,0,0,0,0,2241,0,0,0,0,0,0,0,0,0,0,0,0,281,0,0,667,0,0
contig_37275,0,0,0,0,0,0,268,0,0,0,0,0,0,0,0,0,0,0,0,0,0,0,0,0,0,0,0,0,0,0,0,0,0,0,0,0,0,0,0,0,0,0,0,0,0,0,0,0,0,0,0,0,0,0,0,0,0,0,0,0,229,849,0,0,0,0,0,0,0,0,0,0,0,140,0,0,0,0,0,0,0,0,0,0,0,0,177,0,0,0,0,0
contig_37278,0,0,0,0,0,0,0,0,0,0,0,0,0,0,5337,197,160,0,0,0,0,0,0,0,0,0,0,748,461,229,138,3169,0,0,0,0,0,0,0,0,0,0,0,0,0,5489,6500,1392,0,0,0,0,1000,0,0,0,0,0,8645,1734,0,3259,0,389,14939,0,0,0,0,0,0,0,0,0,0,0,0,0,0,0,70456,0,0,0,0,0,0,0,0,0,0,0
contig_37286,0,0,0,0,0,0,0,0,0,0,0,0,0,0,0,0,0,0,0,0,0,0,0,0,0,0,0,0,0,0,0,189,0,0,4386,0,0,5370,0,0,0,65,743,0,941,0,0,0,0,0,0,0,0,0,0,0,0,0,0,0,0,0,0,0,0,0,0,0,0,0,0,0,0,0,0,0,0,0,0,0,0,0,0,0,0,0,0,0,203,0,0,0
contig_37321,0,0,0,0,0,0,0,0,0,0,0,0,0,0,0,0,0,0,0,0,0,0,0,0,0,0,0,0,0,0,0,0,0,0,0,0,0,0,0,0,0,0,0,0,16,0,0,0,0,0,0,0,0,0,0,0,0,0,0,0,0,0,0,0,0,0,0,0,21,0,0,0,0,0,0,0,0,0,0,0,0,0,0,0,0,0,0,0,0,100,0,0
contig_37340,0,0,0,0,0,0,0,0,0,0,0,0,0,0,0,0,0,0,0,0,0,0,0,0,0,0,0,0,0,0,0,0,64,0,0,0,0,35,0,0,0,0,0,0,0,0,0,0,0,0,0,0,0,0,0,0,0,0,0,0,0,144,0,0,0,0,0,0,0,0,0,0,0,0,0,0,0,0,0,0,0,0,0,0,0,0,0,0,47,0,0,0
contig_37346,0,0,0,0,0,0,0,0,0,0,0,0,0,0,0,0,0,0,0,0,0,0,0,0,0,0,0,0,0,0,0,0,0,0,0,0,0,0,0,0,0,216,227,0,0,0,0,0,0,0,0,0,0,0,0,0,0,0,0,0,0,0,0,0,0,0,0,0,0,0,0,0,0,0,0,0,0,0,0,0,0,0,0,0,0,0,0,0,0,0,919,0
contig_37349,0,0,0,0,0,345,0,0,0,0,0,0,0,0,0,780,2395,0,0,0,0,0,0,0,0,0,0,0,46813,0,0,403,0,0,0,0,0,0,0,501,0,0,0,0,0,131,0,0,0,0,0,326,1494,0,0,0,1168,167,0,8216,0,511,0,135,0,0,0,0,0,0,0,0,0,438,0,0,0,0,0,0,0,0,0,0,0,0,267,0,0,158,0,0
contig_37350,0,0,0,0,0,0,0,0,0,0,0,0,0,0,0,0,0,0,0,0,0,0,0,0,0,0,0,5158,0,0,0,0,0,0,0,0,0,0,0,0,0,0,0,0,0,8201,0,14792,0,0,965,215,240,459,0,0,1866,0,0,0,22719,837,0,0,0,0,0,2139,0,0,0,0,0,6128,0,0,0,0,0,0,0,0,0,0,0,0,8379,0,0,469,0,0
contig_37365,0,0,0,0,0,0,0,0,0,0,0,0,0,0,0,0,0,0,0,0,0,0,0,0,0,0,0,0,0,0,0,0,61,0,0,0,0,0,0,0,0,0,0,0,0,207,0,0,365,0,29,0,0,0,0,0,0,0,0,0,0,130,0,0,0,0,49,67,77,225,67,0,0,77,0,0,0,0,0,0,0,0,0,0,0,0,65,0,0,0,0,0
contig_37432,0,0,0,0,0,0,0,0,0,0,0,0,0,0,0,0,0,0,0,0,0,0,0,0,0,0,0,0,0,0,0,0,0,0,0,0,0,0,0,0,0,0,0,0,0,0,0,0,0,0,24,0,0,0,0,0,53,0,0,2766,0,0,0,0,0,0,0,176,2683,0,0,0,0,62,0,0,0,0,0,0,0,0,0,0,0,0,0,0,0,0,0,0
contig_37455,0,0,0,0,0,0,0,0,0,0,0,0,0,0,0,0,0,34,59,124,0,111,0,0,0,0,0,0,0,0,306,0,0,0,0,0,0,0,0,0,0,0,0,0,0,0,0,0,0,0,0,0,0,0,0,0,0,0,0,0,0,792,0,0,0,0,0,519,0,0,0,0,0,0,0,0,0,0,0,0,0,0,0,0,0,0,0,0,0,0,0,0
contig_37479,0,877,0,0,0,0,0,0,0,0,0,0,0,0,0,0,0,0,0,0,0,0,0,0,0,0,0,0,2680,0,0,0,0,0,0,0,0,0,0,0,0,0,0,0,0,0,0,964,0,0,0,0,0,0,0,0,0,0,0,2640,1411,0,0,0,0,0,0,0,0,0,0,0,0,0,0,0,0,0,0,0,0,0,0,0,0,0,0,0,0,0,0,0
contig_37488,0,0,0,0,0,0,0,0,0,0,0,195,0,0,0,0,0,0,0,0,0,0,0,0,0,0,0,0,0,0,0,54,0,0,0,0,0,53,0,0,0,0,0,0,138,0,0,0,0,0,0,0,0,0,0,0,0,0,0,0,0,0,0,0,0,0,0,0,0,0,0,0,0,0,0,0,0,0,0,0,0,0,0,0,0,0,0,0,4296,0,0,0
contig_37489,0,0,0,0,0,0,0,0,0,0,0,0,0,0,6001,0,1555,0,0,0,0,0,0,0,0,0,0,0,0,0,0,0,0,0,0,0,0,0,0,0,0,0,0,0,0,0,0,0,0,0,0,0,0,0,0,0,0,0,0,0,1461,0,0,0,0,0,0,0,0,0,0,0,0,0,0,0,0,0,0,0,0,0,0,0,0,0,0,0,0,0,0,0
contig_37498,0,0,0,0,0,0,0,0,0,0,0,0,0,0,0,0,0,0,0,0,0,0,0,0,0,0,0,0,0,1558,0,0,0,0,0,0,0,0,0,0,0,0,31,0,26,0,0,0,0,0,0,0,0,0,0,0,0,0,0,0,0,132,0,0,0,0,0,22,0,0,0,0,0,0,0,0,0,0,0,0,0,0,0,0,0,0,61,0,0,69,0,0
contig_37523,0,0,0,0,0,76,2955,0,0,0,0,0,0,0,0,0,0,0,0,0,0,0,0,0,0,0,0,0,0,0,0,158,0,0,0,0,0,0,0,0,0,0,0,0,0,0,0,0,0,0,0,0,0,0,0,0,0,0,0,0,585,727,0,0,0,0,0,0,0,0,0,0,0,1704,0,0,0,0,0,0,0,0,0,0,0,0,885,0,10,0,0,0
contig_37526,0,0,0,0,0,0,0,0,0,0,0,0,0,0,0,0,0,0,0,0,0,0,0,0,0,0,0,0,0,0,0,15,0,0,0,0,0,0,0,0,0,0,0,0,83,0,0,0,424,0,59,323,0,0,0,0,0,0,0,0,0,0,0,0,0,0,0,0,0,0,0,0,0,0,0,0,0,0,0,0,0,0,0,0,0,0,332,0,0,219,0,0
contig_37567,0,0,0,0,0,0,121,0,0,0,0,0,0,91,0,0,10533,60,0,33,0,0,0,0,0,0,0,0,612,4197,0,0,4656,0,816,0,0,0,0,0,1363,0,0,0,142,0,0,0,4826,1436,5882,0,2060,1586,0,233,0,54,0,0,0,0,409,0,0,0,0,178,0,0,0,0,0,975,0,0,15,0,0,0,0,0,0,0,0,0,52534,0,47,7340,0,0
contig_37591,0,0,0,0,0,0,0,0,0,0,0,0,0,0,0,0,765,0,0,0,0,0,0,0,0,0,0,0,0,233,0,218,0,0,0,0,0,0,0,552,0,0,49,0,0,0,0,0,252,0,85,86,0,0,0,0,0,0,0,0,0,1098,0,0,0,0,0,45,0,0,0,0,0,0,0,0,0,0,0,0,0,0,0,0,0,0,0,0,0,0,0,0
contig_37594,0,0,0,0,0,0,0,0,0,0,0,0,0,0,0,0,209,0,0,0,0,0,0,0,0,0,0,0,0,413,0,0,0,0,0,0,0,0,0,2070,0,0,0,0,0,0,0,0,464,0,1781,0,0,0,0,0,0,0,0,0,12612,8413,0,91,0,0,0,0,0,0,0,0,0,0,0,0,0,0,0,0,0,0,0,0,0,0,0,0,0,0,0,0
contig_37603,0,0,0,0,0,0,0,0,0,0,0,0,0,0,0,5253,2569,0,0,0,0,0,0,0,0,0,0,0,0,0,0,0,0,0,0,0,0,0,0,1325,0,0,0,0,0,0,0,446,0,0,485,0,0,0,0,0,0,0,0,0,500,424,0,0,0,0,0,2100,0,0,0,0,0,0,0,0,0,0,0,0,0,0,0,0,0,0,0,0,0,0,0,0
contig_37605,0,0,77,727,0,434,105,0,0,0,0,0,0,0,6883,581,873,0,0,0,0,0,0,0,0,0,0,397,570,1419,0,0,0,0,0,0,0,0,0,0,0,0,0,0,0,37,1613,4309,1878,2190,0,0,0,0,0,0,1525,0,566,0,3511,578,0,232,0,0,0,848,1897,0,0,0,0,0,0,0,0,0,0,0,121,0,0,0,0,0,0,0,131,0,0,0
contig_37614,0,0,0,0,0,0,0,0,0,0,0,0,0,0,0,0,0,0,0,0,0,0,0,0,0,0,0,0,0,0,0,0,0,0,0,0,0,0,0,0,0,0,0,0,0,0,0,0,0,0,0,0,0,0,0,0,0,0,0,0,424,119,0,0,0,0,0,2584,2922,641,0,0,0,0,0,0,0,0,0,0,0,0,0,0,0,0,0,0,0,0,0,0
contig_37616,0,980,0,0,0,0,0,0,0,0,0,0,0,0,1350,8229,0,0,0,0,0,0,0,0,0,0,0,1265,0,460,0,0,0,0,0,0,0,0,0,36,0,0,0,0,0,0,0,160,0,0,0,0,0,0,0,0,183,0,1241,248,5385,127,0,0,0,0,0,74,0,0,0,0,0,0,0,0,0,0,0,0,0,0,0,0,0,0,0,0,0,0,0,0
contig_37625,0,0,0,0,0,0,0,0,0,0,0,0,0,0,0,0,1077,0,0,0,0,0,0,0,0,0,0,0,0,765,67,0,0,0,651,0,0,0,0,0,0,0,0,0,0,0,0,0,143,143,0,0,0,0,0,0,0,0,0,0,0,0,39,0,0,0,0,0,0,0,0,0,0,0,0,0,0,0,0,0,0,0,0,0,0,0,2189,0,0,1098,0,0
contig_37639,0,0,0,530,795,1052,0,0,0,0,0,0,0,0,0,0,757,0,0,0,0,0,0,0,0,0,0,0,0,2127,0,362,0,0,0,0,0,1232,0,0,0,0,58,0,0,0,361,0,1056,4599,346,0,0,0,0,188,7085,0,0,214,14840,5905,0,0,551,0,325,2322,881,0,0,0,0,2433,0,0,0,0,0,0,105,0,0,0,0,0,0,0,0,198,0,0
contig_37647,0,0,0,0,0,0,0,0,0,0,0,0,0,0,0,0,0,0,0,0,0,0,0,0,0,0,0,1262,0,0,0,0,0,0,0,0,0,0,0,0,0,0,0,0,0,0,0,249,0,0,0,0,0,0,0,0,0,0,0,0,0,0,0,0,0,0,0,184,0,0,0,0,0,0,0,0,0,0,0,0,0,0,0,0,0,0,0,0,0,0,0,0
contig_37648,0,73,0,0,0,0,0,0,0,0,0,0,0,0,0,0,28,0,0,0,0,0,0,0,0,0,0,0,0,0,0,0,0,0,0,0,0,0,0,0,0,0,0,0,0,373,0,0,96,0,0,0,0,0,0,0,0,0,799,0,78,41,0,0,0,0,0,38,0,0,0,0,0,0,0,0,0,0,0,0,0,0,0,0,0,0,0,0,0,0,0,0
contig_37659,0,925,0,102,0,0,0,0,0,0,0,0,0,0,0,0,0,0,0,0,0,0,0,0,0,0,0,0,0,259,0,0,0,0,0,0,0,0,0,0,0,0,0,0,0,150,0,153,48,0,136,0,0,0,0,0,258,0,0,0,5726,42,0,0,0,0,0,36,0,0,0,0,0,98,0,0,0,0,0,0,0,0,0,0,0,0,0,0,0,0,0,0
contig_37668,0,0,0,0,0,0,0,0,0,0,0,0,0,0,0,0,109,0,0,0,0,0,0,0,0,0,0,0,0,0,0,56,53,0,0,0,0,0,0,0,0,0,0,0,0,0,0,0,207,138,161,0,0,0,0,0,0,0,0,84,1898,235,0,0,0,0,70,81,316,0,0,0,0,388,0,0,0,0,0,0,0,0,0,0,0,0,0,0,0,0,0,0
contig_37701,0,0,0,0,0,67,138,0,0,0,0,0,0,0,0,0,1424,0,0,0,0,0,0,0,0,0,0,0,0,434,0,0,0,0,0,0,0,0,0,0,0,0,0,0,0,0,0,0,89,0,78,0,0,0,0,0,0,0,0,0,607,0,0,0,0,0,0,0,0,0,0,0,0,0,0,0,0,0,0,0,0,0,0,0,0,0,176,0,0,0,0,0
contig_37722,0,0,0,0,0,0,0,0,0,0,0,0,0,0,0,0,0,0,0,0,0,0,0,0,0,0,0,0,0,0,0,205,0,0,0,0,0,0,0,0,0,0,0,0,0,0,0,0,0,0,0,0,0,0,0,0,0,0,0,0,0,0,0,0,0,0,0,1186,0,0,0,0,0,0,0,0,0,0,0,0,0,0,0,0,0,0,40645,0,0,5248,0,0
contig_37725,0,0,0,0,0,0,0,0,0,0,0,0,0,0,0,0,0,0,0,0,0,0,0,0,0,0,0,0,0,0,0,0,0,0,0,0,0,0,0,0,0,0,0,0,0,0,0,197,0,0,179,0,0,0,0,0,0,0,0,0,0,0,0,0,0,0,0,903,0,0,0,0,0,0,0,0,0,0,0,0,0,0,0,0,0,0,0,0,0,0,0,0
contig_37731,0,0,0,0,0,0,0,0,0,0,0,0,0,0,0,0,0,0,0,0,0,0,0,0,0,0,0,0,0,90,0,0,0,0,0,0,0,0,0,0,0,0,0,0,0,0,0,49,295,0,131,0,0,0,0,0,0,0,0,0,161,5152,0,0,0,0,0,297,174,0,0,0,0,0,0,0,0,0,0,0,0,0,0,0,0,0,0,0,0,0,0,0
contig_37749,0,0,0,0,0,0,0,0,0,0,0,0,0,0,0,0,0,0,0,0,0,0,0,0,0,0,0,0,0,0,0,0,0,0,0,0,0,0,0,0,0,0,0,0,0,353,0,348,0,1936,600,0,0,0,0,0,1050,0,0,0,1126,276,0,0,0,0,178,729,0,171,0,0,0,0,0,0,0,0,0,0,0,0,0,0,0,0,0,0,0,530,0,0
contig_37761,0,0,148,2281,869,56,46,0,0,0,207,0,0,0,0,0,0,59,0,94,0,0,0,0,0,0,0,0,0,0,0,443,3827,0,1507,0,0,266,0,1304,8647,0,238,0,301,0,0,0,9188,989,0,3752,0,19251,0,3483,0,1087,0,0,0,0,0,0,0,0,1515,3349,1617,4756,1586,374,0,12926,0,229,0,0,0,0,0,0,0,0,0,0,23827,0,0,6504,0,0
contig_37839,0,0,0,0,0,0,0,0,0,0,0,0,0,0,0,0,72,0,0,0,0,0,0,0,0,0,0,0,0,500,0,833,3641,0,0,0,0,494,0,881,468,0,0,0,0,0,0,0,450,132,0,20586,588,5413,0,571,0,738,0,0,0,0,0,0,0,0,0,0,0,0,0,0,0,56180,0,1283,0,0,0,0,79,0,0,0,0,0,2633,0,0,7586,0,0
contig_37848,78,547,437,675,870,209,573,0,0,0,0,0,0,0,1159,4173,4626,0,0,0,0,246,0,0,0,0,0,1030,777,4912,320,187,780,0,0,0,0,488,198,0,0,0,0,0,0,233,532,667,1271,1385,902,0,0,0,0,0,1275,0,2217,1342,4599,1163,0,751,0,0,404,413,821,0,0,0,0,1743,0,0,0,0,0,0,83,0,0,0,0,0,2402,0,161,614,0,0
contig_37858,0,0,0,0,0,0,0,0,0,0,0,0,0,0,0,0,0,0,0,0,656,1251,0,0,0,719,1569,0,0,0,0,0,0,0,0,0,0,0,0,0,0,0,0,0,0,0,0,0,0,0,0,0,0,0,0,0,0,0,0,0,0,0,0,0,0,0,0,0,0,0,0,0,0,0,0,0,0,0,0,0,0,0,0,0,0,0,0,0,0,0,0,0
contig_37863,0,2746,7725,0,0,0,0,0,0,0,0,0,0,0,0,0,0,0,0,0,0,0,0,0,0,0,0,472,0,1264,0,0,0,0,0,0,0,0,0,204,0,0,0,0,0,0,0,4467,0,344,0,0,0,0,0,0,933,0,0,0,13035,437,0,0,0,0,0,0,0,0,0,0,0,914,0,0,0,0,0,0,0,0,0,0,0,0,0,0,0,0,0,0
contig_37867,0,0,0,354,0,0,0,0,0,0,0,0,0,0,0,0,0,0,0,0,0,0,0,0,0,0,0,0,0,0,0,0,0,0,0,0,0,0,0,0,0,0,0,0,0,206,0,164,0,0,0,0,0,0,0,0,0,0,0,0,0,326,0,0,174,0,0,463,0,0,0,0,0,0,0,0,0,0,0,0,1193,0,0,0,0,0,0,0,0,0,0,0
contig_37870,0,0,0,0,263,0,0,0,0,0,0,0,0,0,0,0,8876,0,0,0,0,0,0,0,0,0,0,0,0,0,0,0,0,0,0,0,0,338,0,156,0,0,0,0,0,0,0,0,0,0,95,0,0,0,0,0,0,0,0,0,0,785,0,0,0,0,0,0,0,0,0,0,0,0,0,0,0,0,0,0,0,0,0,0,0,0,0,0,0,0,0,0
contig_37876,0,0,0,0,0,0,0,0,0,0,0,0,0,0,0,0,0,0,0,0,0,0,0,0,0,0,0,0,0,32,0,0,0,0,0,0,0,0,0,0,0,0,0,0,0,0,0,0,0,0,0,0,0,43,0,0,0,0,0,0,102,104,0,0,0,0,0,0,0,0,0,0,0,52,0,0,0,0,0,0,0,0,0,0,0,0,0,0,0,0,0,0
contig_37880,0,0,0,0,0,0,0,0,0,0,0,0,0,0,0,0,0,0,0,0,0,0,0,0,0,0,0,0,0,24,0,0,0,0,0,0,0,0,0,0,0,0,0,0,0,0,0,0,49,0,0,0,0,0,0,0,0,0,0,0,0,75,0,0,0,0,0,156,0,0,0,0,0,0,0,0,0,0,0,0,0,0,0,0,0,0,0,0,0,0,0,0
contig_37891,0,0,0,0,0,0,0,0,0,0,0,0,0,0,0,0,116,0,0,0,0,0,0,0,0,0,0,0,0,0,0,0,199,0,0,0,0,0,0,0,0,0,0,0,0,0,0,0,0,141,0,0,0,0,0,0,0,0,0,0,0,0,0,0,0,0,0,0,0,0,0,0,0,0,0,0,0,0,0,0,0,0,0,0,0,0,0,0,0,0,0,0
contig_37892,0,0,0,0,0,0,0,0,0,0,0,0,0,0,0,0,111,0,0,0,0,0,0,0,0,0,0,92,0,0,0,0,0,0,0,0,0,0,0,0,0,0,0,0,0,0,0,0,0,0,0,0,0,0,0,0,0,0,0,835,0,702,0,0,0,0,0,0,0,0,0,0,0,126,0,0,0,0,0,0,0,0,0,0,0,0,0,0,0,1066,0,0
contig_37906,0,182,0,0,0,0,0,0,0,0,0,0,0,0,5058,0,382,0,0,0,0,0,0,0,0,0,0,0,191,490,0,492,0,0,0,0,0,0,106,65,0,0,160,0,0,1820,0,0,0,0,264,0,0,0,0,0,247,0,0,0,911,298,25,0,0,0,0,0,0,121,0,0,0,0,0,0,0,0,0,0,0,0,0,0,0,0,0,0,0,0,0,0
contig_37916,0,0,0,0,0,0,0,0,0,0,0,0,0,0,0,0,0,0,0,0,0,0,0,0,0,0,0,0,0,0,0,0,0,0,0,0,0,0,0,0,0,0,231,0,0,0,0,0,0,0,0,0,0,0,0,0,0,0,0,0,0,0,0,0,15,90,0,0,0,0,0,0,0,0,0,0,0,0,0,0,0,0,0,0,0,0,0,0,0,0,0,0
contig_37938,0,79,0,0,0,0,259,0,0,0,0,0,0,0,0,285,96,0,0,0,0,0,0,0,0,0,0,0,0,221,0,0,904,0,0,0,0,0,0,0,0,0,0,0,0,187,0,200,119,0,29,0,0,0,1921,0,35,0,0,457,355,68,0,0,0,0,0,39,71,0,0,0,0,0,0,0,0,0,0,0,0,0,0,0,0,0,0,0,0,271,0,0
contig_37952,0,183,0,0,0,0,0,0,0,0,0,0,0,0,0,0,842,0,0,0,0,0,0,0,0,0,0,0,0,140,0,0,0,0,0,0,0,0,0,0,0,0,0,0,0,0,0,0,0,0,0,0,0,0,0,0,0,0,0,0,39,325,0,0,0,0,0,849,0,0,0,0,0,3050,0,0,0,0,0,0,0,0,0,0,0,0,214,0,0,118,0,0
contig_37984,0,0,0,0,0,0,0,0,0,0,0,0,0,0,0,0,0,0,0,0,0,0,0,91,0,0,0,0,0,0,0,0,0,0,0,0,0,0,0,0,33,0,0,0,0,0,0,0,0,0,0,0,0,0,0,522,0,0,0,0,0,0,0,0,0,0,0,0,0,0,0,0,0,0,0,0,0,0,0,0,0,0,0,0,0,0,0,0,173,313,11,0
contig_37998,0,0,0,97,59,0,0,0,0,0,0,0,0,432,0,0,0,0,0,67,0,0,0,0,0,0,0,0,0,0,0,283,467,0,0,0,0,12282,0,304,0,102,13233,0,5913,0,0,0,509,201,0,0,0,0,0,0,397,0,0,0,0,0,0,0,0,0,0,0,0,0,0,0,0,14889,0,0,0,0,0,0,0,0,0,0,0,0,0,0,0,0,0,0
contig_38000,0,0,0,0,0,0,0,0,0,0,0,0,0,0,0,0,0,0,0,0,0,0,0,0,0,0,0,0,0,176,0,0,0,0,0,0,0,0,0,0,0,0,0,0,0,0,0,0,0,0,126,0,0,0,0,0,2314,0,0,0,0,0,0,0,0,0,0,0,0,0,0,0,0,0,0,0,0,0,0,0,0,0,0,0,0,0,0,0,0,46,0,0
contig_38001,0,0,0,0,0,0,0,0,0,0,0,0,0,0,0,0,0,0,0,0,0,0,0,0,0,0,0,0,0,0,0,0,0,0,0,0,0,0,0,0,0,0,0,0,0,0,0,93,0,0,121,0,0,0,0,0,0,0,0,0,0,0,0,0,0,0,0,91,0,0,0,0,0,496,0,0,0,0,0,0,143,0,0,0,0,0,0,0,54,139,0,0
contig_38003,0,0,0,0,0,0,0,0,0,0,0,0,0,0,0,0,0,0,0,0,0,0,0,0,0,0,0,0,0,0,0,0,0,0,0,0,0,0,0,0,0,0,0,0,0,0,0,0,0,0,0,0,0,0,0,0,0,0,0,0,0,83,0,0,0,0,0,157,0,0,0,0,0,112,0,0,0,0,0,0,0,0,0,0,0,0,0,0,0,0,0,0
contig_38051,0,0,0,68,88,0,0,0,0,0,0,0,0,0,0,0,1066,0,0,0,0,0,0,0,0,0,0,0,0,0,10748,766,0,0,0,0,0,0,0,0,0,0,124,0,0,0,0,207,144,681,97,0,0,0,0,0,0,0,0,0,0,311,0,0,0,0,0,0,0,0,0,0,0,0,0,0,0,0,0,0,0,0,0,0,0,0,0,0,0,0,0,0
contig_38058,0,0,0,0,0,0,0,0,0,0,0,0,0,0,0,0,0,0,0,0,0,0,0,0,0,0,0,0,0,0,0,0,0,0,0,0,0,0,0,0,0,0,0,0,0,0,0,0,148,121,0,0,0,0,0,0,0,0,0,0,0,0,0,0,0,0,0,7271,0,0,0,0,0,0,0,0,0,0,0,0,0,0,0,0,0,0,0,0,0,0,0,0
contig_38069,0,0,0,0,0,0,0,0,0,0,0,0,0,0,0,0,0,0,0,0,0,0,0,0,0,0,0,0,0,120,0,0,0,0,0,0,0,0,0,0,0,0,0,0,0,0,0,0,0,0,119,0,0,0,0,0,0,0,0,181,277,200,0,0,0,0,0,0,0,0,0,0,0,0,0,0,0,0,0,0,0,0,0,0,0,0,91,0,0,0,0,0
contig_38082,0,0,0,0,0,0,0,0,0,0,0,0,0,0,0,0,27,0,0,0,0,0,0,0,0,0,0,0,0,0,0,0,0,0,0,0,0,0,0,0,0,0,0,0,0,0,0,0,0,0,0,0,0,0,0,0,0,0,0,0,61,0,0,0,0,0,0,42,0,0,0,0,0,0,0,0,0,0,0,0,0,0,0,0,0,0,0,0,0,0,0,0
contig_381,0,0,0,0,0,0,0,0,0,0,0,0,0,0,0,0,0,0,0,0,0,0,0,0,0,0,0,0,0,0,0,14745,0,0,0,0,0,38285,0,0,0,0,0,0,0,0,0,0,0,0,0,0,0,0,0,0,0,0,0,0,0,0,0,0,0,0,0,0,0,0,0,0,0,0,0,0,0,0,0,0,0,0,0,0,0,0,0,0,2096,111854,15517,0
contig_38101,0,0,0,0,0,0,0,0,0,0,0,0,0,69,0,0,0,0,0,0,0,0,0,0,0,0,0,0,0,1052,377,0,0,0,0,0,0,0,0,36,0,330,1869,0,0,0,0,0,0,0,0,0,0,0,0,0,0,606,0,0,0,8522,0,0,0,0,0,0,0,0,0,0,814,0,0,0,0,0,0,0,0,0,0,0,0,0,0,0,0,0,0,0
contig_38102,0,0,0,0,0,0,0,0,0,0,0,0,0,0,0,0,0,0,0,0,0,0,0,0,0,0,0,0,659,0,0,0,0,0,0,0,0,0,0,0,0,0,0,0,0,0,0,0,0,0,0,0,0,0,0,0,0,0,0,0,5933,415,0,0,0,0,0,0,0,0,0,0,0,0,0,0,0,0,0,0,0,0,0,0,0,0,0,0,0,0,0,0
contig_38165,0,0,0,0,0,0,0,0,0,0,0,0,0,0,0,0,0,0,0,203,0,0,0,0,0,0,0,0,0,0,0,0,0,0,0,0,0,0,0,787,2188,0,0,0,0,0,0,0,533,0,0,0,0,1420,0,0,0,504,0,0,0,0,0,0,0,0,0,427,330,0,0,0,0,0,0,0,0,0,0,0,0,0,0,0,0,0,13406,0,79,4010,55,0
contig_38169,0,0,0,0,0,0,0,0,0,0,0,0,0,0,0,0,0,0,0,0,0,0,0,0,0,0,0,0,0,2102,0,0,0,0,0,0,0,0,0,0,0,0,0,0,0,0,0,0,0,0,29,0,0,0,0,0,0,0,0,0,0,0,0,0,0,0,0,461,0,0,0,0,0,0,0,0,0,0,0,0,0,0,0,0,0,0,0,0,0,0,0,0
contig_38170,0,746,0,0,0,0,151,0,0,0,0,0,0,0,0,0,0,0,0,0,0,0,0,0,0,0,0,0,0,113,0,0,931,0,0,0,0,0,0,0,0,0,0,0,0,0,0,66,1046,328,160,0,0,407,0,293,0,0,37,50,104,287,0,71,0,0,0,0,0,0,0,0,0,767,0,0,0,0,0,0,0,0,0,0,0,0,1246,0,0,100,0,0
contig_38186,0,0,0,0,0,0,0,0,0,0,0,0,0,0,0,0,0,0,0,0,0,0,0,0,0,0,0,0,0,0,0,0,0,0,0,0,0,0,0,0,0,0,0,0,0,0,0,0,0,0,0,0,0,0,0,0,0,0,0,0,0,0,0,0,0,0,120,0,0,0,0,0,0,3694,0,0,0,0,0,0,0,0,0,0,0,0,0,0,0,49,0,0
contig_38190,0,0,0,0,0,0,0,0,0,0,0,0,0,0,0,0,0,0,0,0,0,0,0,0,0,0,0,0,0,0,0,0,0,0,0,0,0,0,0,0,0,0,0,0,0,0,0,0,0,5787,1712,0,0,0,0,0,0,0,0,0,2325,173,0,0,0,0,0,264,0,0,0,0,0,122,0,0,0,0,0,0,0,0,0,0,0,0,0,0,0,0,0,0
contig_382,0,0,0,0,0,0,0,0,0,0,0,0,0,0,0,0,0,0,0,0,0,0,0,0,0,0,0,0,0,0,0,0,0,0,0,0,0,296,0,0,0,0,0,0,0,0,0,0,0,0,0,0,0,0,0,0,0,0,0,0,0,0,0,0,0,0,0,0,0,0,0,0,0,0,0,0,0,0,0,0,0,0,0,0,0,0,0,0,0,2275,76,0
contig_38206,0,0,24121,639,0,1242,0,0,0,0,0,0,0,116,0,0,0,0,0,0,0,0,0,0,0,0,0,0,0,2414,113,0,0,0,0,0,0,311,0,312,0,99,4038,0,0,0,0,0,0,0,0,74,0,0,0,0,0,5108,0,0,0,3861,0,0,0,0,0,0,0,0,0,0,693,0,0,0,55,0,0,0,0,0,0,0,0,0,0,0,0,0,0,0
contig_38246,0,541,0,0,0,0,0,0,0,0,0,0,0,0,6227,0,0,0,0,0,0,0,0,0,0,0,0,5484,0,0,0,0,0,0,0,0,0,0,0,0,0,0,0,0,0,0,0,0,0,0,0,0,0,0,0,0,0,0,0,0,1051,0,0,0,0,0,0,0,0,0,0,0,0,0,0,0,0,0,0,0,0,0,0,0,0,0,0,0,0,0,0,0
contig_38251,0,0,0,0,0,0,0,0,0,0,0,0,0,0,0,0,0,0,0,0,0,0,0,0,0,0,0,0,0,1171,0,88,0,0,0,0,0,0,0,0,0,0,0,0,103,0,0,0,429,0,1895,287,0,0,0,893,1824,156,0,4102,1133,3288,0,298,0,0,0,2274,1111,0,0,0,0,10454,0,0,0,0,0,0,154,0,0,0,0,0,0,0,0,0,0,0
contig_38253,0,0,0,0,0,0,0,0,0,0,0,0,0,0,0,169,0,0,0,0,0,0,0,0,0,0,0,0,0,0,0,0,0,0,0,0,0,0,48,0,0,0,0,0,0,0,0,0,0,0,0,0,116,3571,0,0,39,0,0,599,0,2522,0,0,0,0,0,0,0,0,0,0,0,146,0,0,0,0,0,0,1096,0,0,0,0,0,75,0,0,1492,0,0
contig_38257,0,0,0,0,0,0,0,0,0,0,0,0,0,0,0,0,0,0,0,0,0,0,0,0,0,0,0,0,54,0,0,60,0,0,0,0,0,0,0,40,0,0,0,0,0,0,26,0,0,0,0,0,0,0,0,0,0,0,0,555,0,118,0,0,0,0,0,0,0,0,0,0,0,0,0,0,0,0,0,0,0,0,0,0,0,0,0,0,0,0,0,0
contig_38267,0,0,0,121,0,0,0,0,0,0,190,0,0,33,0,0,0,0,0,104,0,0,0,0,0,0,0,0,0,0,0,0,872,0,2240,0,0,0,0,165,952,0,0,0,142,0,0,0,0,0,0,0,0,213,0,444,0,313,0,0,0,0,127,0,0,0,6568,34112,9091,4374,2998,51,0,0,0,0,0,0,0,0,0,0,0,0,0,0,15481,0,155,2046,57,0
contig_38274,0,0,0,0,0,0,0,0,0,0,0,0,0,0,0,0,0,0,0,0,0,0,0,0,0,0,0,0,0,0,0,0,0,0,0,0,0,0,0,0,0,0,0,0,0,0,0,0,0,0,100,0,0,0,0,0,0,0,0,0,0,304,0,0,0,0,0,0,0,0,0,0,0,246,0,0,0,0,0,0,0,0,0,0,0,0,0,0,0,0,0,0
contig_38297,0,0,0,106,0,25,138,0,0,0,0,0,0,0,0,0,0,0,0,0,0,0,0,0,0,0,0,0,353,0,0,0,0,0,0,0,0,0,0,0,0,0,0,0,0,0,169,403,249,181,0,0,0,0,0,0,0,0,0,0,1084,346,0,0,0,0,0,235,0,72,0,0,0,0,0,0,0,0,0,0,0,0,0,0,0,0,0,0,0,0,0,0
contig_38298,0,0,0,0,0,0,0,0,0,0,0,0,0,0,0,0,51,0,0,0,0,0,0,0,0,0,0,0,0,0,0,1498,0,0,0,0,0,0,0,0,0,0,250,0,0,0,0,94,656,420,831,166,0,0,0,0,0,0,0,0,0,0,0,0,0,0,0,664,0,0,0,0,0,0,0,0,0,0,0,0,0,0,0,0,0,0,0,0,0,693,0,0
contig_383,0,0,0,0,0,0,0,0,0,0,0,0,0,0,0,0,0,0,0,0,0,0,0,0,0,0,0,0,0,0,0,150,0,0,0,0,0,171,0,0,0,0,0,0,0,0,0,0,0,0,0,0,0,0,0,0,0,0,0,0,0,0,0,0,0,0,0,0,0,0,0,0,0,0,0,0,0,0,0,0,0,0,0,0,0,0,0,0,0,3444,187,0
contig_38308,0,0,640,876,2580,463,1624,0,0,0,0,0,0,0,2121,203,0,0,0,0,0,0,0,0,0,260,0,0,0,0,0,0,0,0,0,0,0,0,0,18,0,0,0,0,0,228,2535,865,327,0,180,0,0,0,0,349,61,0,0,416,416,458,0,2044,0,0,0,588,4808,0,0,0,0,0,0,0,0,0,0,0,13807,0,0,0,0,0,450,0,0,304,0,0
contig_38314,0,0,0,325,330,0,0,0,0,0,0,0,0,0,0,0,0,0,0,0,0,0,0,0,0,0,0,0,0,0,449,0,0,0,0,0,0,0,0,0,0,0,0,0,0,0,0,0,86,1009,5605,0,0,0,0,0,0,0,0,0,0,100,0,0,0,0,0,0,0,0,0,0,0,0,0,0,0,0,0,0,0,0,0,0,0,0,0,0,0,0,0,0
contig_38318,0,0,0,0,0,0,0,0,0,0,0,0,0,0,0,0,0,0,0,0,0,0,0,0,0,0,0,0,0,44,0,0,0,0,0,0,0,0,0,0,0,0,0,0,0,0,0,0,83,0,0,0,0,0,0,0,0,0,0,0,0,647,0,0,0,0,0,50,0,0,0,0,0,118,0,0,0,0,0,0,0,0,0,0,0,0,0,0,0,0,0,0
contig_38354,0,0,0,0,0,0,0,0,0,0,0,0,0,0,0,0,0,0,0,67,0,0,0,0,0,0,0,0,0,0,0,0,0,0,0,0,0,0,0,0,0,0,0,0,26,0,0,0,0,0,0,0,0,0,0,158,0,0,0,0,0,0,0,0,0,0,0,0,0,0,0,0,0,0,0,0,0,0,0,0,0,0,0,0,0,0,0,0,0,2270,0,0
contig_38366,0,40,0,0,0,0,0,0,0,0,0,0,0,0,0,189,0,0,0,0,0,0,0,0,0,0,0,57,0,154,0,0,0,0,0,0,0,0,31,0,0,0,0,0,0,61,0,0,0,0,0,0,0,3378,0,0,0,0,0,142,0,2171,0,194,0,0,0,0,0,0,0,0,0,0,0,0,0,0,0,0,177,0,0,0,0,0,0,0,0,396,0,0
contig_38371,0,0,0,0,0,0,0,0,0,13,85,96,16,0,0,0,0,0,0,0,0,0,0,0,0,0,0,0,0,0,0,0,0,0,0,0,0,0,0,0,0,0,0,0,0,0,0,0,0,0,0,0,0,0,0,0,0,0,0,0,0,0,0,0,0,0,0,0,0,0,0,0,0,0,0,0,0,0,0,0,0,0,0,0,0,0,0,0,0,0,0,0
contig_38374,0,0,0,0,0,0,0,0,0,0,0,0,0,0,0,0,318,0,0,0,0,0,0,0,0,0,0,0,2548,3688,0,0,0,0,0,0,0,0,0,0,0,0,0,0,0,2487,0,0,0,0,306,0,0,0,3895,0,4676,0,0,4936,6350,1236,0,0,0,0,0,748,3801,0,0,0,0,256,0,0,0,0,0,0,0,0,0,0,0,0,0,0,64,3249,0,0
contig_38381,0,0,0,0,0,0,0,0,0,0,0,0,0,0,0,0,573,0,0,0,0,0,0,0,0,0,0,0,0,0,0,0,0,0,0,0,0,0,0,0,0,0,0,0,0,109,0,0,0,0,0,0,0,56,0,0,323,0,385,524,0,72,0,0,0,0,30,0,87,0,0,0,0,708,0,0,0,0,0,0,0,0,0,0,0,0,270,0,0,0,0,0
contig_38386,0,0,0,0,0,0,0,0,0,0,0,0,0,0,0,0,39,0,0,0,0,0,0,0,0,0,0,0,0,126,0,0,0,0,0,0,0,0,0,49,0,0,0,0,0,0,132,79,719,735,109,0,0,0,0,0,63,0,34,0,0,0,0,0,0,0,0,0,0,0,0,0,0,111,0,0,0,0,0,0,0,0,0,0,0,0,0,0,0,0,0,0
contig_38388,0,0,0,2070,1610,805,0,0,0,0,0,0,0,0,0,0,0,0,0,0,0,0,0,0,0,0,0,0,0,0,0,0,0,0,0,0,0,0,0,0,0,0,0,0,0,0,0,0,0,0,0,0,0,0,0,0,0,0,0,0,0,0,0,0,0,0,0,0,0,0,0,0,0,0,0,0,0,0,0,0,0,0,0,0,0,0,0,0,3393,0,0,0
contig_38396,0,0,0,1694,0,0,0,0,0,0,0,0,0,0,0,0,1125,0,0,0,0,842,0,0,0,0,0,0,477,10556,1563,157,0,0,0,0,0,0,0,413,0,0,26,0,0,0,6144,4719,11538,4142,0,0,0,0,0,0,2906,0,0,0,29356,6450,0,0,0,0,0,250,0,0,466,0,22,4635,0,0,133,0,0,0,1164,0,0,0,0,0,0,0,473,28,0,0
contig_384,0,0,0,0,0,0,0,0,0,0,0,0,0,0,0,0,0,0,0,0,0,0,0,0,0,0,0,0,0,0,0,1386,0,0,0,0,0,506,0,0,0,0,0,0,0,0,0,0,0,0,0,0,0,0,0,0,0,0,0,0,0,0,0,0,0,0,0,0,0,0,0,0,0,0,0,0,0,0,0,0,0,0,0,0,0,0,0,0,165,18091,2064,0
contig_38413,23966,2587,1326,0,0,6730,436,0,0,0,0,0,0,0,12527,8811,5243,0,0,0,0,0,0,0,0,0,0,1466,5443,1052,0,0,0,0,0,0,0,0,0,0,0,0,0,0,0,605,0,292,145,0,0,0,0,0,0,0,0,0,1603,0,3587,0,0,0,0,0,0,0,0,0,0,0,0,0,0,0,0,0,0,0,0,0,0,0,0,0,0,0,0,0,0,0
contig_38421,0,0,0,0,0,0,0,0,0,0,0,0,0,0,0,0,11,0,0,0,0,0,0,0,0,0,0,0,0,0,0,231,0,0,0,0,0,0,0,0,0,0,0,0,0,0,0,0,0,0,12,0,0,0,0,0,0,0,0,0,0,165,0,0,0,0,0,0,0,0,0,0,0,88,0,0,0,0,0,0,0,0,0,0,0,0,0,0,0,0,0,0
contig_38460,0,0,0,0,0,0,61,0,0,0,0,0,0,0,0,0,92,0,0,0,0,0,0,0,0,0,0,0,0,0,0,0,0,0,0,0,0,0,0,34,0,0,0,0,0,0,0,0,16,0,0,0,0,42,0,0,139,0,215,666,1225,73,0,0,0,0,0,0,0,0,0,0,0,0,0,0,0,0,0,0,0,0,0,0,0,0,76,0,0,0,0,0
contig_38466,0,0,0,0,0,0,0,0,0,0,0,0,0,0,0,14,0,0,0,35,0,0,0,0,0,0,0,0,117,29,0,0,0,0,0,0,0,0,0,0,0,0,0,0,0,0,0,0,0,0,0,0,0,82,0,0,697,35,0,0,0,85,0,0,0,0,0,0,0,0,0,0,0,343,0,0,0,0,0,0,0,0,0,0,0,0,144,0,0,184,0,0
contig_38471,0,0,1506,0,0,0,0,0,0,0,0,0,0,0,0,0,0,0,0,0,0,0,0,0,0,0,0,229,0,0,0,0,0,0,0,0,0,0,0,0,0,0,0,0,0,10266,0,37,0,0,0,0,0,0,0,0,0,0,0,0,265,53,0,557,0,0,0,0,0,0,0,0,0,0,0,0,0,0,0,0,28,0,0,0,0,0,493,0,0,146,0,0
contig_38478,0,0,0,0,0,0,0,0,0,0,0,0,0,439,0,0,0,0,0,0,0,0,0,0,0,0,0,0,0,0,0,0,0,0,0,0,0,16135,0,0,0,0,0,0,0,0,0,0,0,0,0,0,0,0,0,0,0,0,0,0,0,747,0,0,0,0,0,0,0,0,0,0,0,0,0,0,0,0,0,0,0,0,0,0,0,0,0,0,0,0,0,0
contig_38482,0,0,0,0,0,0,0,0,0,0,0,0,0,0,0,0,0,0,0,273,0,0,0,0,20,0,0,0,0,0,0,0,360,0,7943,0,0,0,0,0,786,45,107,0,189,0,0,0,0,0,0,0,0,0,0,0,0,213,0,0,0,0,0,0,0,0,862,4737,922,302,285,0,35,0,0,0,0,28,0,0,0,0,0,0,0,0,6405,0,0,985,0,0
contig_38496,0,0,0,0,0,0,0,0,0,0,0,0,0,0,0,0,0,0,0,0,0,0,0,0,0,0,0,0,0,42,0,0,0,0,0,0,0,0,0,0,0,0,0,0,0,0,0,40,569,191,33,0,0,0,0,0,229,0,0,0,105,200,0,0,0,0,0,75,171,0,0,0,24,272,0,0,0,0,0,0,0,0,0,0,0,0,0,0,0,0,0,0
contig_385,0,0,0,0,0,0,0,0,0,0,0,0,0,0,0,0,0,0,0,0,0,0,0,0,0,0,0,0,0,0,0,35,0,0,0,0,0,572,0,0,0,0,0,0,0,0,0,0,0,0,0,0,0,0,0,0,0,0,0,0,0,0,0,0,0,0,0,0,0,0,0,0,0,0,0,0,0,0,0,0,0,0,0,0,0,0,0,0,0,329,68,0
contig_38513,0,648,0,0,0,0,0,0,0,0,0,0,0,0,0,0,0,0,0,0,0,0,0,0,0,0,0,0,0,39,0,0,0,0,0,0,0,0,0,0,0,0,0,0,0,0,0,0,74,0,1504,0,0,0,0,0,0,0,0,0,0,88,0,0,0,0,0,331,0,0,0,0,0,0,0,0,0,0,0,0,0,0,0,0,0,0,0,0,0,0,0,0
contig_38520,0,0,0,0,0,0,0,0,0,0,0,0,0,0,0,0,0,0,0,0,0,0,0,0,0,0,0,0,0,0,0,0,0,0,0,0,0,0,0,0,0,150,176,0,0,0,0,0,0,0,0,0,0,0,0,0,0,0,843,0,0,0,0,0,0,0,0,0,0,0,0,0,0,0,0,0,0,0,0,0,0,0,0,0,0,0,0,0,0,0,0,0
contig_38532,0,0,0,0,0,0,0,0,0,0,0,0,0,0,0,0,0,0,0,0,0,0,0,0,0,0,0,0,0,0,0,0,0,0,0,0,0,0,0,0,0,0,0,0,0,0,0,0,1384,312,2417,0,0,0,0,0,0,0,0,0,0,0,0,0,0,0,0,577,0,0,79,0,0,0,0,0,0,0,0,0,0,0,0,0,0,0,574,0,0,0,0,0
contig_38535,0,0,0,0,0,0,0,0,0,0,0,0,0,0,0,0,0,0,0,0,0,0,0,0,0,0,0,0,0,0,0,0,0,0,0,0,0,0,0,0,0,0,0,0,0,0,0,108,0,0,213,0,0,0,0,0,0,0,0,0,0,0,0,0,0,0,0,3315,0,0,0,0,0,0,0,0,0,0,0,0,0,0,0,0,0,0,0,0,0,0,0,0
contig_38539,0,0,0,0,0,0,0,0,0,0,0,0,0,0,0,0,0,0,0,0,0,0,0,0,0,0,0,0,0,0,0,0,0,0,0,0,0,0,0,0,0,0,0,0,0,3162,0,0,0,0,0,0,11324,0,0,0,0,0,5691,0,0,0,0,0,0,0,0,0,0,0,0,0,0,0,0,0,0,0,0,0,0,0,0,0,0,0,0,0,0,0,0,0
contig_38553,0,0,0,0,0,0,0,0,0,0,0,0,0,0,0,0,0,0,0,0,0,0,0,0,0,0,0,0,475,40,0,0,0,0,0,0,0,0,0,0,0,0,0,0,0,1696,122,0,0,0,0,0,0,0,0,0,130,0,0,439,173,248,0,0,0,0,0,260,0,0,0,0,0,0,0,0,0,0,0,0,846,0,0,0,0,0,564,0,0,0,0,0
contig_38555,0,0,0,0,0,0,0,0,0,0,0,0,0,0,2905,0,0,0,0,0,0,0,0,0,0,0,0,0,506,423,0,0,0,0,0,0,0,0,0,0,0,0,0,0,0,0,0,0,2351,0,1049,90,0,0,0,0,577,0,0,0,6351,2627,0,0,0,0,0,0,0,32,76,0,0,728,0,0,0,0,0,0,0,0,0,0,0,0,0,0,0,0,0,0
contig_38558,0,0,0,0,0,1741,0,0,0,0,0,0,0,0,0,21733,0,0,0,0,0,0,0,0,0,0,0,0,0,5141,0,182,0,0,0,0,0,0,0,0,0,0,0,0,0,1219,51,0,0,0,0,0,0,0,0,86,0,0,1553,0,0,2329,0,0,320,0,0,0,0,0,0,0,0,0,0,0,0,0,0,0,0,0,0,0,0,0,0,0,0,0,0,0
contig_38565,0,0,0,0,0,0,0,0,0,0,0,0,0,0,0,0,0,0,0,0,0,0,0,0,0,0,0,0,0,0,0,0,0,0,0,0,0,66,0,0,0,0,0,0,0,0,0,0,0,0,0,0,0,0,0,0,0,0,0,0,0,0,0,0,0,0,0,0,0,0,0,0,0,0,0,0,0,0,0,0,0,0,0,0,0,0,0,0,0,207,28,0
contig_38568,0,0,0,0,0,0,0,0,0,0,0,0,0,0,0,0,0,0,0,0,0,0,0,0,0,0,0,0,0,0,0,42,0,0,0,0,0,115,0,0,0,0,0,0,0,0,0,0,0,0,0,0,0,0,0,0,0,0,0,0,0,0,0,0,0,0,0,0,0,0,0,0,0,0,0,0,0,0,0,0,0,0,0,0,0,0,0,0,0,378,48,0
contig_38569,0,0,0,0,0,0,0,0,0,0,0,0,0,0,0,0,0,0,0,0,0,0,0,0,0,0,0,0,0,0,0,0,0,0,0,0,0,61,0,0,0,0,0,0,0,0,0,0,0,0,0,0,0,0,0,0,0,0,0,0,0,0,0,0,0,0,0,0,0,0,0,0,0,0,0,0,0,0,0,0,0,0,0,0,0,0,0,0,0,41,25,0
contig_38578,0,0,0,0,0,0,0,0,0,0,0,0,0,0,0,0,169,0,0,0,0,0,0,0,0,0,0,22,0,0,0,0,0,0,0,0,0,303,0,0,0,0,0,0,0,0,0,0,0,0,0,0,0,0,0,0,0,0,0,0,0,0,0,0,0,0,0,0,0,0,0,0,0,0,0,0,0,0,0,0,0,0,0,0,0,0,0,0,0,0,0,0
contig_38582,0,0,11976,2848,406,1206,0,0,0,0,0,0,0,0,17468,0,0,0,0,0,0,0,0,0,0,2248,0,0,0,1172,136,0,0,0,0,0,0,0,0,0,0,0,0,0,0,0,0,1530,0,1119,0,0,0,0,0,0,656,0,0,0,36225,3339,0,0,664,0,0,729,0,0,0,0,0,0,0,0,0,0,0,0,91,0,0,0,0,0,0,0,0,0,0,0
contig_38586,0,892,260,0,0,455,648,0,0,0,0,0,0,0,13886,3026,6308,0,0,0,0,0,0,0,0,0,0,1328,813,2351,0,0,0,0,0,0,0,0,304,666,0,0,0,0,0,436,0,0,3884,0,546,0,0,0,0,0,1087,0,16736,542,10334,437,0,432,1434,0,0,0,6287,0,0,0,0,8805,0,0,0,0,0,0,141,0,0,0,0,0,4488,0,0,1760,0,0
contig_386,0,0,0,0,0,0,0,0,0,0,0,0,0,0,0,0,0,0,0,0,0,0,0,0,0,0,0,0,0,0,0,19945,0,0,0,0,0,39345,0,0,0,0,0,0,0,0,0,0,0,0,0,0,0,0,0,0,0,0,0,0,0,0,0,0,0,0,0,0,0,0,0,0,0,0,0,0,0,0,0,0,0,0,0,0,0,0,0,0,1797,142588,15813,0
contig_38615,0,0,0,0,0,0,0,0,0,0,0,0,0,0,0,0,0,0,0,0,0,0,0,0,0,0,0,0,0,0,0,0,0,0,0,0,0,0,0,0,0,0,0,0,0,0,0,30,103,0,103,0,0,0,0,0,0,0,0,0,0,222,0,0,0,0,0,119,0,0,0,0,0,0,0,0,0,0,0,0,0,0,0,0,0,0,0,0,0,0,0,0
contig_38619,0,0,0,0,0,0,0,0,0,0,0,0,0,0,0,0,135,0,0,0,0,0,0,0,0,0,0,0,0,0,0,0,0,0,0,0,0,0,0,0,0,0,0,0,0,82,0,54,294,76,82,0,0,0,0,0,31,0,39,62,326,162,0,23,0,0,0,135,325,0,0,0,0,975,0,0,0,0,0,0,0,0,0,0,0,0,38,0,0,0,0,0
contig_38625,0,0,0,0,0,0,0,0,0,0,0,0,0,0,0,0,0,0,0,0,0,0,0,0,0,0,0,0,0,0,0,0,20,0,0,0,0,0,0,0,0,0,0,0,0,0,0,0,0,0,0,0,0,0,0,0,0,0,0,0,0,89,35,0,0,0,0,0,0,0,0,0,0,0,0,0,0,0,0,0,0,0,0,0,0,0,0,0,0,0,0,0
contig_38633,0,472,0,0,0,0,0,0,0,0,0,0,0,0,0,11292,0,0,0,0,0,0,0,0,0,0,0,0,0,0,0,0,0,0,0,0,0,0,0,0,0,0,0,0,0,381,0,0,0,0,0,0,0,0,0,0,131,38,0,0,0,116,0,0,0,0,0,0,0,0,0,0,0,643,0,0,0,0,0,0,0,0,0,0,0,0,63,0,0,43,0,0
contig_38651,0,63,0,0,0,0,0,0,0,0,0,0,0,0,0,0,133,0,0,0,0,0,0,0,0,0,0,0,0,0,134,126,0,0,0,0,0,0,0,59,0,0,0,0,0,0,68,0,181,90,54,0,0,124,0,0,500,0,0,0,33,97,0,0,0,0,0,15,0,0,0,0,0,19018,0,0,0,0,0,0,0,0,0,0,0,0,5109,0,0,87,0,0
contig_38657,0,0,0,0,0,0,0,176,0,90,1859,0,0,162,0,0,0,0,311,265,0,252,0,0,0,0,0,0,0,0,0,350,9576,0,0,0,0,506,0,0,0,0,0,0,482,0,0,0,0,0,0,5717,0,0,0,0,0,648,0,0,0,0,0,0,0,0,0,0,0,0,0,0,613,36201,64,702,31,160,0,0,170,0,0,0,0,0,0,100,259,18224,190,0
contig_38672,0,0,0,0,365,0,0,0,0,0,0,0,0,0,0,0,0,0,0,0,0,0,0,0,0,0,0,0,0,0,0,0,0,0,0,0,0,0,0,0,0,0,0,0,0,0,0,0,0,0,778,0,0,0,0,0,0,0,0,0,5241,3832,0,0,0,0,0,0,0,685,0,0,0,0,0,0,0,0,0,0,0,0,0,0,0,0,0,0,0,0,0,0
contig_38675,0,0,0,483,0,0,0,0,0,0,137,0,0,0,0,0,2737,0,0,0,0,0,0,0,0,0,0,0,0,0,0,0,0,0,0,0,0,0,0,0,0,0,0,0,0,0,0,0,0,1620,0,34,0,0,0,0,61,100,0,0,0,14739,0,0,0,0,0,0,0,0,0,0,0,161,0,0,25,0,0,0,0,0,0,0,0,0,0,0,0,0,0,0
contig_38698,0,0,0,50,0,0,0,0,0,0,0,0,0,0,0,0,0,0,0,73,0,0,0,0,0,0,0,0,0,0,0,0,0,0,211,0,0,0,0,0,0,0,0,0,158,0,0,0,0,0,0,0,0,0,0,41,138,238,0,0,0,0,0,0,0,0,0,211,1182,0,0,0,0,0,0,0,0,0,0,0,0,0,0,0,0,0,0,0,0,1589,0,0
contig_38705,0,0,0,0,0,0,0,0,0,0,0,0,0,0,0,0,186,0,0,0,0,0,0,0,0,0,0,0,0,0,0,0,0,0,0,0,0,0,0,0,0,0,156,0,0,0,0,0,0,64,0,0,0,0,0,0,0,0,0,0,0,0,0,0,0,0,0,0,0,0,0,0,0,0,0,0,0,0,0,0,0,0,0,0,0,0,0,0,0,0,0,0
contig_38720,0,0,0,0,0,0,0,0,0,0,0,0,0,0,0,1006,0,0,0,0,0,0,0,0,0,0,0,0,0,0,0,0,0,0,0,0,0,0,0,0,0,0,0,0,0,0,0,0,0,0,0,0,0,0,0,0,0,0,128,0,225,0,0,0,0,0,0,28,0,0,0,0,0,0,0,0,0,0,0,0,0,0,0,0,0,0,0,0,0,0,0,0
contig_38725,0,0,0,0,0,0,0,0,0,0,0,0,0,0,0,0,85,0,0,0,0,0,0,0,0,0,0,0,0,0,0,0,0,0,0,0,0,0,0,0,0,0,0,0,0,0,0,0,127,70,59,0,0,0,0,0,0,0,0,77,144,63,0,0,0,0,0,128,130,0,0,0,0,0,0,0,0,0,0,0,0,0,0,0,0,0,0,0,0,0,0,0
contig_38738,0,0,61,41,0,1102,0,0,0,0,0,0,0,101,0,0,0,0,0,0,0,0,0,0,0,0,0,0,0,2539,0,0,0,0,0,0,0,271,0,44,0,312,1789,0,0,0,0,30,0,0,0,0,0,0,0,0,0,799,0,0,0,8208,0,0,0,0,0,0,0,0,0,0,846,0,0,0,0,0,0,0,0,0,0,0,0,0,0,0,12,0,0,0
contig_38749,0,0,0,0,0,0,0,0,0,0,0,0,0,0,0,0,7318,0,0,0,0,0,0,0,0,0,0,0,0,442,0,64,0,0,0,0,0,0,0,0,0,0,0,0,0,0,0,58,83,47,92,267,0,0,0,0,0,0,0,0,0,5542,0,0,0,0,0,0,0,0,0,0,398,0,0,0,0,0,0,0,0,0,0,0,0,0,0,0,0,0,0,0
contig_38752,0,0,0,0,0,0,0,0,0,0,0,0,0,0,0,0,0,0,0,0,0,0,0,0,0,0,0,0,0,7879,0,0,0,0,0,0,0,0,0,0,0,0,0,0,0,0,0,0,249,0,0,0,0,0,0,0,218,0,0,0,0,2604,0,0,0,0,0,41,0,0,0,0,26,332,0,0,53,0,0,0,0,0,0,0,0,0,0,0,73,0,0,0
contig_38759,0,0,0,0,0,0,0,0,0,0,0,0,0,0,0,0,0,0,0,0,0,0,0,0,0,0,0,0,0,0,0,0,0,0,0,0,0,0,0,0,0,0,0,0,0,0,0,0,2835,1172,1480,1761,0,0,0,0,0,0,0,0,0,0,0,0,0,0,0,0,0,0,0,0,0,0,0,0,0,0,0,0,0,0,0,0,0,0,0,0,0,565,0,0
contig_38765,0,0,0,0,0,0,0,0,0,0,0,0,0,0,0,0,0,0,0,0,0,0,0,0,0,0,0,0,0,0,0,0,0,0,0,0,0,0,0,0,0,0,0,0,0,0,0,0,0,0,129,0,0,0,0,0,0,0,0,0,4693,1250,0,0,0,0,0,0,0,0,0,0,0,0,0,0,0,0,0,0,0,0,0,0,0,0,0,0,0,0,0,0
contig_38766,0,1171,150,0,0,0,192,0,0,0,0,0,0,0,752,2785,1183,0,0,0,0,0,0,0,0,0,0,566,2947,158,0,0,0,0,0,0,0,0,0,0,0,0,0,0,0,1261,1163,1737,506,0,643,0,0,0,0,0,0,0,384,3772,1455,301,0,0,0,0,0,881,1681,0,0,0,0,0,0,0,0,0,0,0,0,0,0,0,0,0,0,0,0,0,0,0
contig_38772,0,0,0,59,0,0,0,0,0,0,0,0,0,0,0,0,0,0,0,0,0,0,0,0,0,0,0,0,0,0,0,0,0,0,0,0,0,0,0,0,0,0,0,0,0,48,0,162,91,0,0,0,0,0,0,0,0,0,0,0,0,0,0,0,0,0,0,115,186,0,0,0,0,0,0,0,0,0,0,0,347,0,0,0,0,0,0,0,0,0,0,0
contig_38778,0,101,0,0,0,0,0,0,0,0,0,0,0,0,61,1667,0,0,0,0,0,0,0,0,0,0,0,723,533,0,0,0,0,0,0,0,0,0,0,0,0,0,0,0,0,678,0,0,0,0,0,0,0,0,0,0,0,0,0,0,362,54,0,0,0,0,0,0,0,0,0,0,0,0,0,0,0,0,0,0,0,0,0,0,0,0,0,0,0,0,0,0
contig_38789,0,0,0,0,0,0,0,0,0,0,0,0,0,0,0,0,40,0,0,0,0,0,0,0,0,0,0,0,0,0,0,0,0,0,0,0,0,0,0,0,0,0,0,0,0,0,0,0,0,0,0,0,0,0,0,0,0,0,24,452,89,88,0,0,0,0,0,0,0,0,0,0,0,0,0,0,0,0,0,0,0,0,0,0,0,0,0,0,0,0,0,0
contig_38801,0,66,1279,0,0,0,0,0,0,0,0,0,0,0,429,0,0,0,0,0,0,0,0,0,0,0,0,42,0,29,0,42,0,0,0,0,0,0,0,4156,0,0,0,0,0,0,48,0,0,0,0,0,0,0,0,0,925,0,0,0,246,0,0,88,0,0,0,0,0,0,0,0,0,1463,0,0,0,0,0,0,0,0,0,0,0,0,2597,0,0,26837,0,0
contig_38815,0,0,0,0,0,0,0,0,0,0,0,0,0,0,0,0,0,0,0,0,0,0,0,0,0,0,0,0,0,0,0,0,0,0,0,0,0,0,0,0,0,0,0,0,0,11119,0,0,0,0,0,0,0,0,45,0,0,0,0,99724,0,0,0,0,0,0,0,0,0,0,0,0,0,0,0,0,0,0,0,0,0,0,0,0,0,0,0,0,0,0,0,0
contig_38820,0,1077,0,0,0,0,0,0,0,0,0,0,0,0,0,5494,0,0,0,0,0,0,0,0,0,1128,0,578,501,0,0,0,0,0,0,0,0,0,244,1853,0,0,0,0,0,0,0,840,0,346,220,0,0,0,0,0,0,0,0,898,4065,119,0,0,140,0,0,0,0,0,0,0,0,0,0,0,0,0,0,0,0,0,0,0,0,0,0,0,0,0,0,0
contig_38837,0,0,0,356,715,1424,1637,0,0,0,0,0,0,0,26320,0,2003,0,0,0,0,0,0,0,0,0,0,0,0,1173,0,143,0,0,0,0,0,0,0,4305,0,0,0,0,0,0,0,0,0,517,0,0,0,0,0,0,0,0,0,0,9139,2242,0,0,0,0,0,0,0,0,0,0,0,851,0,0,0,0,0,0,0,0,0,0,0,0,851,0,0,0,0,0
contig_38849,0,0,0,0,0,0,0,0,0,0,0,0,0,0,0,0,0,0,0,0,0,0,0,0,0,0,0,0,0,0,0,0,0,0,0,0,0,0,0,0,0,0,0,0,0,72,0,151,84,0,0,0,0,0,0,0,0,0,0,0,0,0,0,0,0,0,0,146,0,0,0,0,0,0,0,0,0,0,0,0,428,0,0,0,0,0,0,0,0,0,0,0
contig_38868,0,0,0,0,0,0,0,0,0,0,0,0,0,0,0,0,0,0,0,0,0,0,0,0,0,0,0,0,0,78,0,0,0,0,0,0,0,0,62,0,0,0,0,0,0,0,0,0,0,0,0,0,0,4069,0,0,48,0,0,743,0,2342,41,0,0,0,0,0,0,0,0,0,0,142,0,0,0,0,0,0,1386,0,0,0,0,0,0,0,0,1474,0,0
contig_38873,0,0,1172,788,0,0,0,0,0,0,0,0,0,0,34656,0,0,0,0,0,0,0,0,0,0,0,0,0,0,1402,0,0,0,0,0,0,0,0,0,0,0,0,0,0,0,0,0,4727,0,0,0,0,0,0,0,0,0,0,0,0,4327,0,0,0,1172,0,0,346,0,0,0,0,0,0,0,0,0,0,0,0,152,0,0,0,0,0,0,0,0,0,0,0
contig_38884,0,0,0,397,0,0,0,0,0,0,0,0,0,0,0,0,0,0,0,0,0,0,0,0,0,0,0,0,0,0,0,0,0,0,0,0,0,0,0,0,0,0,0,0,0,0,0,22016,0,2052,2765,0,0,0,0,0,0,0,0,0,0,0,0,0,0,0,0,0,0,0,0,0,0,0,0,0,0,0,0,0,0,0,0,0,0,0,0,0,0,0,0,0
contig_38889,0,0,0,585,454,0,0,0,0,0,0,0,0,0,0,15990,0,0,0,39,0,1387,0,0,0,0,0,0,0,1682,0,217,0,0,0,0,0,0,0,0,0,0,0,0,0,0,0,379,0,0,305,0,0,0,0,105,0,0,2262,0,0,2902,0,0,78,0,0,0,0,0,0,0,0,0,0,0,0,0,0,0,74,48,0,0,0,0,0,0,259,0,0,0
contig_38899,0,0,0,0,0,0,0,0,0,0,0,0,0,0,5024,0,0,0,0,0,0,0,0,0,0,0,0,0,0,0,0,0,0,0,0,0,0,0,0,0,0,0,0,0,0,0,0,0,0,0,0,0,0,0,0,0,0,0,0,1535,0,3026,0,0,0,0,0,0,0,0,0,0,0,0,0,0,0,0,0,0,59263,0,0,0,0,0,0,0,0,0,0,0
contig_389,0,0,0,0,0,0,0,0,0,0,0,0,0,0,0,0,0,0,0,0,0,0,0,0,0,0,0,0,0,0,0,0,0,0,0,0,0,292,0,0,0,0,0,0,0,0,0,0,0,0,0,0,0,0,0,0,0,0,0,0,0,0,0,0,0,0,0,0,0,0,0,0,0,0,0,0,0,0,0,0,0,0,0,0,0,0,0,0,0,462,74,0
contig_38903,0,0,0,0,0,0,223,0,0,0,0,0,0,0,0,15010,0,0,0,0,0,0,0,0,0,0,0,0,4895,0,0,0,0,0,0,0,0,0,0,149,0,0,0,0,0,1753,0,1382,26,0,570,0,243,29,9357,0,0,0,0,2651,4500,158,0,0,0,0,0,141,36,0,0,0,0,0,0,0,0,0,0,0,0,0,0,0,0,0,41,0,439,2792,0,0
contig_38950,0,0,0,0,0,0,0,0,0,0,0,0,0,0,0,0,0,22,0,0,0,0,0,0,0,0,0,0,0,0,0,0,0,0,0,0,0,0,0,0,0,0,0,0,0,0,0,0,1221,2870,768,70,0,0,0,0,0,0,0,0,0,661,0,0,0,0,0,0,0,0,0,0,0,0,0,0,0,0,0,0,0,0,0,0,0,0,0,0,0,0,0,0
contig_38952,0,0,0,0,0,0,0,0,0,0,0,0,0,0,5350,0,175,0,0,0,0,0,0,0,0,0,0,0,0,0,0,0,0,0,0,0,0,0,0,0,0,0,0,0,0,0,0,0,0,1147,277,0,0,0,0,0,0,0,0,0,0,0,0,0,0,0,0,357,0,0,0,0,0,0,0,0,0,0,0,0,0,0,0,0,0,0,0,0,0,0,0,0
contig_38988,0,0,0,0,0,0,0,0,0,0,0,0,0,0,0,0,339,0,0,0,0,0,0,0,0,0,0,0,0,0,0,0,0,0,0,0,0,0,0,0,0,0,0,0,0,0,0,0,836,0,0,0,0,0,5681,0,0,0,0,34,0,1417,0,0,0,0,0,0,0,0,0,0,0,0,0,0,0,0,0,0,0,0,0,0,0,0,0,0,0,424,0,0
contig_38990,0,0,0,0,0,0,0,0,0,0,0,0,0,0,0,0,0,0,0,0,0,0,0,0,0,0,0,0,0,0,0,0,0,0,0,0,0,0,0,0,0,0,0,0,0,0,0,0,0,0,0,0,0,0,0,0,0,0,0,0,0,0,0,0,0,0,0,0,0,0,0,0,0,0,0,0,0,0,0,413,0,0,0,31,19,0,0,0,0,0,0,0
contig_38996,0,0,0,0,0,0,771,0,0,0,0,0,0,0,0,0,0,0,0,0,0,0,0,0,0,0,0,0,2078,1824,70,77,177,0,0,0,0,0,0,0,0,0,94,0,0,0,0,146,0,0,781,31,0,0,0,0,2067,0,0,0,0,0,0,0,0,0,912,282,0,0,0,0,0,0,0,0,0,0,0,0,0,0,0,0,0,0,0,0,0,115,0,0
contig_390,0,0,0,0,0,0,0,0,0,0,0,0,0,0,0,0,0,0,0,0,0,0,0,0,0,0,0,0,0,0,0,39,0,0,0,0,0,321,0,0,0,0,0,0,0,0,0,0,0,0,0,0,0,0,0,0,0,0,0,0,0,0,0,0,0,0,0,0,0,0,0,0,0,0,0,0,0,0,0,0,0,0,0,0,0,0,0,0,0,604,37,0
contig_39013,0,0,0,0,0,0,0,0,0,0,0,0,0,0,0,0,0,0,0,0,0,0,0,0,0,0,0,0,0,0,0,0,0,0,0,0,0,0,0,0,0,0,0,0,0,0,0,967,0,0,839,0,0,0,0,0,2282,0,0,0,0,154,0,0,0,0,0,0,0,0,0,0,0,0,0,0,0,0,0,0,0,0,0,0,0,0,0,0,0,0,0,0
contig_39015,0,0,0,0,0,0,0,0,0,0,0,0,0,0,0,0,246,0,0,0,0,0,0,0,0,0,0,0,0,64,0,0,0,0,0,0,0,0,0,0,0,0,0,0,0,0,0,0,0,0,0,0,0,0,0,0,0,0,0,0,0,116,0,0,0,0,0,0,0,0,0,0,0,0,0,0,0,0,0,0,0,0,0,0,0,0,0,0,0,0,0,0
contig_39052,0,0,0,224,0,0,0,0,0,0,0,0,0,0,0,0,0,0,0,0,0,0,0,0,0,0,0,0,0,721,0,179,2797,0,0,0,0,70,0,0,0,0,0,0,0,0,0,0,0,0,0,0,0,0,0,139,0,0,0,0,0,0,0,1138,0,0,161,5825,680,0,0,0,0,8586,0,0,0,0,0,0,0,0,0,0,0,0,0,0,0,1330,0,0
contig_39059,0,0,0,0,0,0,0,0,0,0,0,0,0,0,0,0,0,0,0,0,0,0,0,0,0,0,0,0,0,63,0,207,145,0,0,0,0,127,0,0,0,0,0,0,0,0,0,0,0,2037,0,0,0,0,0,0,0,0,0,0,0,5214,0,0,0,0,0,128,0,0,0,0,0,0,0,0,0,0,0,0,0,0,0,0,0,0,0,0,0,0,0,0
contig_39062,0,0,0,0,0,0,0,0,0,0,0,0,0,0,0,0,0,0,0,0,0,0,0,0,0,0,0,0,0,0,0,0,0,0,0,0,0,0,0,0,0,0,0,0,0,0,0,85497,8864,5907,20227,7389,0,0,0,0,0,0,0,0,0,0,0,0,0,0,0,0,0,0,0,0,0,0,0,0,0,0,0,0,0,0,0,0,0,0,850,0,93,384,0,0
contig_39063,0,0,433,0,0,0,0,0,0,0,0,0,0,0,0,0,0,0,0,0,0,0,0,0,0,0,0,0,0,0,0,0,0,0,0,0,0,0,0,0,0,0,0,0,0,0,0,0,0,0,365,0,0,0,0,0,375,0,0,0,0,0,0,0,0,0,0,8468,0,0,0,0,0,0,0,0,0,0,0,0,0,0,0,0,0,0,0,0,0,0,0,0
contig_39067,0,0,0,0,0,0,0,0,0,0,0,0,0,0,0,0,0,0,0,0,0,0,0,0,0,0,0,0,8668,0,0,0,0,0,0,0,0,0,0,0,0,0,0,0,0,0,0,0,0,0,0,0,0,0,0,0,0,0,0,992,352,105,0,0,0,0,0,0,0,0,0,0,0,0,0,0,0,0,0,0,0,0,0,0,0,0,0,0,0,0,0,0
contig_39069,0,0,0,31,0,0,0,0,0,0,0,0,0,0,0,0,0,0,0,0,0,0,0,0,0,0,0,0,0,65,0,1053,0,0,0,0,0,0,0,0,0,0,0,0,0,0,0,0,0,0,0,0,0,0,0,0,0,0,0,0,0,518,0,0,0,0,0,0,0,0,0,0,0,261,0,0,0,0,0,0,34,0,0,0,0,0,0,0,61,0,0,0
contig_39070,0,0,0,0,0,0,0,0,0,0,0,0,0,0,0,0,132,0,0,0,0,0,0,0,0,0,0,0,0,0,0,0,0,0,0,0,0,0,0,0,0,0,0,0,0,158,0,0,0,0,0,0,0,0,0,0,0,0,0,0,0,0,0,0,0,0,0,0,0,0,0,0,0,0,0,0,0,0,0,0,0,0,0,0,0,0,0,0,0,34,0,0
contig_39092,0,0,0,0,0,0,0,0,0,0,0,0,0,0,10263,0,0,0,0,0,0,267,0,0,0,854,0,0,0,0,0,0,0,0,0,0,0,0,0,0,0,0,0,0,0,0,0,0,0,0,6151,0,0,0,0,0,0,0,0,5470,7662,1291,0,0,0,0,0,0,0,0,0,0,0,0,0,0,0,0,0,0,0,0,0,0,0,0,0,0,0,0,0,0
contig_39097,0,1601,0,0,0,0,0,0,0,0,0,0,0,0,0,0,125,0,0,0,0,0,0,0,0,0,0,0,318,298,0,0,0,0,0,0,0,0,0,0,0,0,0,0,0,272,0,0,0,0,14,0,0,0,0,0,0,0,0,0,1111,107,0,0,0,0,0,0,0,0,0,0,0,0,0,0,0,0,0,0,0,0,0,0,0,0,0,0,0,0,0,0
contig_39101,0,0,0,0,0,0,0,0,0,0,97,0,0,0,0,0,574,0,0,0,0,374,0,0,0,0,0,0,0,3180,0,123,0,0,0,0,0,0,0,257,0,0,0,0,0,0,4533,0,7083,2976,0,0,0,0,0,0,990,0,0,0,3122,3699,0,0,0,0,0,0,0,0,0,0,0,3440,0,0,0,0,0,0,0,0,0,0,0,0,0,0,363,0,0,0
contig_39115,0,0,4786,0,0,4620,0,0,0,0,0,0,0,0,0,0,0,0,0,0,0,0,0,0,0,0,0,1488,0,1299,0,0,0,0,0,0,0,0,0,0,0,0,0,0,0,0,0,376,0,0,0,0,0,0,0,0,0,0,0,0,1982,0,0,0,523,0,0,939,0,0,0,0,0,0,0,0,0,0,0,0,121,0,0,0,0,0,0,0,0,0,0,0
contig_39147,0,205,0,0,0,0,0,0,0,0,0,0,0,0,154,2121,206,0,0,82,0,0,0,0,0,0,0,0,0,0,0,0,0,0,0,0,0,0,0,0,0,0,0,0,0,0,0,0,0,0,0,0,0,0,0,100,0,0,0,0,76,518,0,0,0,0,0,313,0,0,0,0,0,0,0,0,0,0,0,0,0,0,0,0,0,0,0,0,0,0,0,0
contig_39153,0,0,0,0,0,0,0,0,0,0,0,0,0,0,0,0,132,0,0,0,0,0,0,0,0,0,0,0,23,0,0,0,0,0,0,0,0,0,0,58,0,0,0,0,0,0,0,122,577,433,0,0,0,0,0,0,156,0,0,0,0,1244,0,0,0,0,0,0,0,0,0,0,0,0,0,0,0,0,0,0,46,0,0,0,0,0,44,0,0,64,0,0
contig_39168,0,1027,3050,0,0,903,0,0,0,0,0,0,0,0,0,2014,0,0,0,0,0,0,0,0,0,0,0,0,0,0,0,0,0,0,0,0,0,0,0,0,0,0,0,0,0,0,0,0,0,0,0,0,0,0,0,0,0,0,0,0,1638,430,0,0,0,0,0,0,0,0,0,0,0,0,0,0,0,0,0,0,0,0,0,0,0,0,0,0,0,0,0,0
contig_39178,0,0,0,0,0,0,0,0,0,0,0,0,0,0,0,0,129,0,0,0,0,0,0,0,0,0,0,0,0,39,0,62,0,0,0,0,0,0,0,0,0,0,0,0,0,0,0,25,118,73,298,49,0,0,0,0,189,0,0,0,30,177,0,0,0,0,0,43,78,30,0,0,0,0,0,0,14,0,0,0,0,0,0,0,0,0,0,0,24,0,0,0
contig_39190,0,0,0,0,0,0,0,0,0,0,0,0,0,0,0,604,0,0,0,0,0,0,0,0,0,0,0,3047,0,344,0,0,0,0,0,0,0,0,0,0,0,0,0,0,0,0,0,0,0,0,0,0,0,0,0,0,0,0,0,314,9165,796,0,0,0,0,0,0,0,0,0,0,0,0,0,0,0,0,0,0,0,0,0,0,0,0,0,0,0,0,0,0
contig_39195,0,0,0,0,0,0,0,0,0,0,0,0,0,0,0,0,2972,0,0,0,0,0,0,0,0,0,0,0,0,0,0,0,0,0,0,0,0,0,0,0,0,0,0,0,0,0,6443,0,0,0,896,366,0,0,0,0,94,0,0,2114,26774,2826,0,0,0,0,0,0,0,0,0,0,0,0,0,0,0,0,0,0,0,0,0,0,0,0,0,0,0,0,0,0
contig_39204,1608,1343,1422,0,0,0,677,0,0,0,0,0,0,0,6042,160962,6221,0,0,0,0,0,0,0,0,40,0,8975,10824,18035,0,0,0,0,0,0,0,0,0,0,0,0,0,0,0,10529,0,2383,2487,2786,306,0,1511,33,0,71,11327,0,3024,0,1035,59,0,607,0,0,0,0,0,0,0,0,0,11961,0,0,0,0,0,0,0,0,0,0,0,0,625,0,20,433,0,0
contig_39214,0,0,0,0,0,0,0,0,0,0,0,0,0,0,0,0,0,0,0,0,0,0,0,0,0,0,0,0,0,0,0,0,0,0,0,0,0,0,0,0,0,0,0,0,0,11120,0,0,0,0,0,0,0,0,0,0,135,0,0,100036,0,50,0,0,0,0,0,325,0,0,0,0,0,0,0,0,0,0,0,0,0,0,0,0,0,0,0,0,0,0,0,0
contig_39222,0,0,0,0,0,0,0,0,0,0,0,0,0,0,0,0,391,0,0,0,0,0,0,0,0,0,0,0,0,98,0,0,0,0,0,0,0,0,0,0,0,0,0,0,0,0,0,0,0,0,0,0,0,0,0,0,363,0,0,0,0,88,0,0,0,0,0,0,0,0,0,0,0,1917,0,0,0,0,0,0,0,0,0,0,0,0,0,0,0,641,0,0
contig_39240,1877,58,256,0,0,0,0,0,0,0,0,0,0,0,0,643,215,0,0,0,0,0,0,0,0,0,0,346,10122,202,0,0,0,0,0,0,0,0,0,123,0,0,0,0,0,504,403,0,0,0,0,0,0,43,0,0,0,0,0,1268,4453,846,0,0,0,0,0,0,0,0,0,0,0,0,0,0,0,0,0,0,0,0,0,0,0,0,0,0,0,0,0,0
contig_39243,81,3054,3944,488,0,1491,1734,0,0,0,0,0,0,0,6164,6029,307,0,0,0,0,149,0,0,0,0,0,433,4675,4381,0,198,1046,0,0,0,0,0,91,101,0,0,0,0,0,2848,4934,739,386,881,340,0,238,45,6467,71,4306,0,290,5267,8261,1036,0,0,1571,0,1650,749,3687,0,0,0,0,229,0,0,0,0,0,0,3106,0,0,0,0,0,156,0,92,3196,0,0
contig_39261,0,0,0,0,0,0,0,0,0,0,0,0,0,0,0,0,577,0,0,0,0,0,0,0,0,0,0,0,0,0,0,0,0,0,0,0,0,0,0,607,0,0,0,0,0,0,0,0,0,0,0,0,0,0,0,0,0,0,0,0,742,320,0,0,0,0,0,0,0,0,0,0,0,0,0,0,0,0,0,0,0,0,0,0,0,0,0,0,0,0,0,0
contig_39280,0,0,0,1338,398,0,0,0,0,0,0,0,0,0,0,0,0,0,0,0,0,0,0,0,0,0,0,0,244,2886,0,0,0,0,0,0,0,0,0,0,0,0,223,0,0,0,0,0,0,0,0,0,0,0,0,0,0,0,0,0,0,0,0,0,0,0,0,490,0,0,0,0,0,0,0,0,0,0,0,0,0,0,0,0,0,0,0,0,55,0,0,0
contig_39282,0,0,0,0,0,0,0,0,0,0,0,0,0,0,0,0,0,0,0,0,0,0,0,0,0,0,0,0,0,0,0,0,0,0,0,0,0,100,0,0,0,0,0,0,0,0,0,0,0,0,0,0,0,0,0,0,0,0,0,0,0,1053,0,0,0,0,0,953,0,0,0,0,0,0,0,0,0,0,0,0,0,0,0,0,0,0,0,0,335,0,0,0
contig_39302,0,2290,0,0,0,255,0,0,0,0,0,0,0,0,3320,0,364,0,0,0,0,0,0,0,0,0,0,0,738,1194,0,0,0,0,0,0,0,0,0,0,0,0,0,0,0,0,0,0,440,0,75,0,0,0,0,0,0,0,1519,0,2061,0,0,0,179,0,0,0,0,0,0,0,0,0,0,0,0,0,0,0,0,0,0,0,0,0,0,0,0,0,0,0
contig_39303,0,0,0,0,0,0,0,0,0,0,0,0,0,0,0,0,0,0,0,0,0,0,0,0,0,0,0,0,0,37,0,153,1285,0,0,0,0,0,0,0,0,0,0,0,0,0,0,0,632,149,0,0,0,0,0,0,0,0,0,0,0,0,0,0,0,0,0,0,0,0,0,0,0,517,0,0,0,0,0,0,0,0,0,0,0,0,530,0,0,0,0,0
contig_39304,0,0,0,0,0,0,0,0,0,0,0,0,0,0,0,0,262,0,0,0,0,0,0,0,0,0,0,0,0,0,0,0,0,0,0,0,0,0,0,0,0,0,0,0,0,0,0,0,97,0,0,0,0,0,0,0,0,0,0,0,0,0,0,0,0,0,0,586,0,0,0,0,0,0,0,0,0,0,0,0,0,0,0,0,0,0,0,0,0,0,0,0
contig_39306,0,0,0,0,0,0,0,0,0,0,0,0,0,0,0,0,0,0,0,0,0,0,0,0,0,0,0,0,91,0,0,0,0,0,0,0,0,103,0,0,0,0,0,0,0,0,0,0,0,0,0,0,0,0,0,0,0,0,0,0,0,897,0,0,0,0,0,843,0,0,0,0,0,0,0,0,0,0,0,0,0,0,0,0,0,0,0,0,344,0,0,0
contig_39308,0,0,0,0,0,0,0,0,0,0,0,0,0,0,0,0,0,0,0,0,0,0,0,0,0,0,0,0,0,0,0,0,0,0,0,0,0,0,0,0,0,0,0,0,0,0,0,0,0,0,0,0,0,0,0,0,0,0,0,0,234,728,0,0,0,0,0,240,0,0,0,0,0,0,0,0,0,0,0,0,0,0,0,0,0,0,0,0,0,0,0,0
contig_39310,0,3463,1962,0,0,1957,0,0,0,0,0,0,0,0,86424,8365,1547,0,0,0,0,0,0,0,0,0,0,768,3287,5875,0,0,0,0,0,0,0,0,0,97,0,0,0,0,0,2277,0,0,0,0,532,0,0,0,0,0,2016,0,1688,4324,15994,0,0,0,0,0,0,0,0,0,0,0,0,0,0,0,0,0,0,0,0,0,0,0,0,0,0,0,0,0,0,0
contig_39311,0,77,452,0,0,0,308,241,0,0,0,0,0,0,385,1114,1800,0,0,0,0,0,0,0,0,0,0,390,152757,1075,0,0,0,0,0,0,0,0,0,729,0,0,0,0,0,313,2694,112,0,0,716,0,0,0,277,0,3563,0,0,8699,7022,2675,0,0,110,0,90,0,0,0,0,0,0,1215,0,0,0,0,0,0,0,0,0,0,0,0,0,0,0,142,0,0
contig_39327,0,0,1277,3506,503,1995,4189,0,0,0,0,0,271,0,6773,0,0,0,0,0,0,917,0,0,0,0,0,0,558,0,0,767,2266,0,0,0,0,0,0,0,0,0,0,0,0,0,0,769,710,0,0,0,0,0,0,0,136,0,0,2765,79,1460,0,581,5203,0,331,1362,1762,0,0,0,0,0,0,0,0,0,0,0,27653,0,0,0,0,0,1806,0,65,144,0,0
contig_39351,0,892,47,0,0,0,0,0,0,0,0,0,0,0,0,0,762,0,0,0,0,0,0,0,0,0,0,0,0,132,0,0,0,0,0,0,0,0,0,0,0,0,0,0,0,0,0,0,31,0,94,0,0,0,0,0,50,0,0,0,592,240,0,0,0,0,0,0,0,0,0,0,0,0,0,0,0,0,0,0,0,0,0,0,0,0,111,0,0,0,0,0
contig_39357,0,0,0,0,0,0,0,0,0,0,0,0,0,0,0,0,0,0,0,0,0,0,0,0,0,0,0,0,0,0,0,592,0,0,0,0,0,570,0,0,0,0,0,0,0,0,0,0,0,0,0,0,0,0,0,0,0,53,0,0,0,0,0,0,0,0,0,0,258,0,0,0,0,0,0,0,0,0,0,0,0,0,0,0,0,0,0,0,0,97,0,0
contig_39378,0,0,252,534,607,450,0,0,0,0,796,0,0,0,3109,2067,2979,0,0,0,0,0,0,0,0,0,0,144,578,1928,0,1096,0,0,0,0,0,1061,0,0,0,0,0,0,0,0,3196,752,3296,1409,639,0,0,0,0,259,359,0,0,0,6984,796,0,0,299,0,0,1411,0,657,0,0,0,7662,0,420,0,0,0,0,0,0,0,0,0,0,0,0,0,0,0,0
contig_39382,0,0,0,0,0,0,0,0,0,0,0,0,0,0,0,0,0,0,0,0,0,0,0,0,0,0,0,0,0,0,0,0,0,0,0,0,0,0,0,0,0,0,0,0,0,0,0,0,0,0,0,0,0,33,0,0,0,0,0,0,0,141,0,0,0,0,0,27,0,0,0,0,0,65,0,0,0,0,0,0,0,0,0,0,0,0,0,0,0,0,0,0
contig_39404,0,2786,0,0,0,0,0,0,0,0,0,0,0,0,2023,1416,766,0,0,0,0,0,0,0,0,0,0,82,0,0,0,0,0,0,0,0,0,0,0,0,0,0,0,0,0,0,0,0,0,0,0,0,0,0,0,0,0,0,0,0,2983,0,0,0,0,0,0,0,0,0,0,0,0,0,0,0,0,0,0,0,0,0,0,0,0,0,0,0,0,0,0,0
contig_39447,0,0,0,0,0,0,0,0,0,0,0,0,0,0,0,0,28,0,0,0,0,0,0,0,0,0,0,0,0,41,0,0,0,0,0,0,0,0,0,0,0,0,0,0,0,0,0,0,0,0,182,0,0,0,0,0,0,0,0,0,317,224,0,0,0,0,0,0,0,0,0,0,0,64,0,0,0,0,0,0,0,0,0,0,0,0,0,0,0,0,0,0
contig_39456,0,0,0,0,0,0,0,0,0,0,0,0,0,0,0,0,1103,0,0,0,0,0,0,0,0,0,0,0,0,0,0,0,0,0,0,0,0,0,0,0,0,0,0,0,0,0,0,0,0,0,0,0,0,0,0,0,0,0,0,0,0,470,0,0,0,0,0,984,0,0,0,0,0,1717,0,0,0,0,0,0,0,0,0,0,0,0,0,0,0,149,0,0
contig_39463,0,0,545,0,0,119,0,303,0,0,0,0,0,0,453,0,0,0,0,0,0,0,0,0,0,0,0,384,383,0,0,0,0,0,0,0,0,0,0,3888,0,0,0,0,0,540,0,0,0,0,0,0,0,0,0,0,315,0,0,1750,2355,0,0,0,0,0,0,0,0,0,0,0,0,1107,0,0,0,0,0,0,0,0,0,0,0,0,224,0,0,2262,0,0
contig_39464,0,0,0,0,0,0,0,0,0,0,0,0,0,0,0,0,23,0,0,0,0,0,0,0,0,0,0,0,0,0,0,53,0,0,0,0,0,0,0,0,0,0,0,0,0,0,0,0,0,0,0,0,0,0,0,0,0,0,0,0,0,0,0,0,0,0,0,0,0,69,0,0,0,0,0,0,0,0,0,0,0,0,0,0,0,0,0,0,0,0,0,0
contig_39468,0,0,0,0,0,0,0,0,0,0,0,0,0,0,0,0,49,0,0,0,0,0,0,0,0,0,0,0,0,0,0,0,0,0,0,0,0,0,0,0,0,0,0,0,0,0,0,0,0,0,0,0,0,0,0,0,0,0,0,0,0,379,0,0,0,0,0,0,0,0,0,0,0,1456,0,0,0,0,0,0,0,0,0,0,0,0,0,0,0,0,0,0
contig_39483,0,0,0,0,0,0,0,0,0,0,0,0,0,0,0,0,0,0,0,0,0,0,0,0,0,0,0,0,0,0,0,26,0,0,0,0,0,0,0,0,0,0,0,0,0,0,0,0,0,0,0,0,0,0,0,0,0,0,0,0,0,0,0,0,0,0,0,0,0,0,0,0,0,0,0,0,0,0,0,0,0,0,0,0,0,0,0,0,0,38,17,0
contig_39495,0,0,0,0,0,0,624,0,0,0,0,0,0,0,0,0,0,0,0,0,0,155,0,0,0,0,0,0,0,0,0,429,7114,0,1054,0,0,0,0,1165,0,32,187,0,58,0,0,0,2359,178,1955,265,0,0,0,0,0,0,0,0,0,0,0,0,0,0,0,0,0,0,0,0,0,0,0,0,0,0,0,0,0,0,0,0,0,0,2568,0,158,948,21,0
contig_39505,0,0,0,0,0,0,0,0,0,0,0,0,0,0,0,0,0,0,0,0,0,0,0,0,0,0,0,0,0,0,0,0,0,0,0,0,0,0,0,0,0,0,0,0,0,0,0,0,0,0,0,0,0,0,0,0,0,0,0,0,0,0,0,0,0,0,0,0,0,0,0,0,0,3453,0,0,0,0,0,0,0,0,0,0,0,0,36214,0,0,233,0,0
contig_39510,0,0,0,0,0,0,0,0,0,0,0,0,0,0,0,0,0,0,0,0,0,0,0,0,0,0,0,703,0,0,0,0,0,0,0,0,0,0,0,0,0,0,0,0,0,1325,0,745,0,0,0,0,0,0,0,0,0,0,881,4802,2400,0,0,0,0,0,0,0,0,0,0,0,0,0,0,0,0,0,0,0,0,0,0,0,0,0,0,0,0,0,0,0
contig_39521,0,0,0,0,0,0,0,0,0,0,0,0,0,0,0,0,0,0,0,0,0,0,0,0,0,0,0,0,2542,231,0,0,0,0,0,0,0,0,0,0,0,0,0,0,0,0,0,0,207,364,0,0,0,0,0,0,0,0,0,0,523,324,0,0,0,0,0,1814,0,0,0,0,0,485,0,0,0,0,0,0,0,0,0,0,0,0,0,0,0,0,0,0
contig_39531,0,0,0,0,0,0,0,0,0,0,0,0,0,0,0,0,0,0,0,0,0,0,0,0,0,0,0,4334,0,0,0,0,0,0,0,0,0,0,0,0,0,0,0,0,0,1828,0,585,424,0,0,0,0,0,0,0,0,0,364,0,1648,0,0,0,0,0,0,919,0,0,0,0,0,0,0,0,0,0,0,0,0,0,0,0,0,0,0,0,0,0,0,0
contig_39538,0,0,0,0,0,0,0,0,0,0,0,0,0,0,0,0,144,0,0,0,0,0,0,0,0,0,0,0,1228,1589,0,174,1373,0,0,0,0,0,0,0,0,0,0,0,0,1434,0,0,206,723,195,0,0,0,1372,0,1930,0,0,1392,920,816,0,0,0,0,0,0,3440,0,274,0,0,184,0,0,0,0,0,0,0,0,0,0,0,0,0,0,0,3147,0,0
contig_39558,0,0,0,0,0,0,0,0,0,0,0,0,0,0,0,0,782,0,0,0,0,0,0,0,0,0,0,0,0,1253,0,0,0,0,0,0,0,0,0,0,0,0,0,0,0,0,0,0,0,0,0,0,0,244,0,0,0,0,0,0,0,0,0,0,0,0,0,0,0,0,0,0,0,0,0,0,0,0,0,0,0,0,0,0,0,0,680,0,0,773,0,0
contig_39560,0,0,0,0,0,0,0,0,0,0,0,0,0,0,0,0,374,0,0,0,0,0,0,0,0,0,0,0,0,0,0,80,0,0,0,0,0,0,0,0,0,0,0,0,0,262,0,0,188,127,137,0,0,0,765,0,0,0,0,0,0,411,0,0,0,0,0,329,0,0,0,0,0,0,0,0,0,0,0,0,0,0,0,0,0,0,802,0,0,216,0,0
contig_39568,0,0,0,0,0,1054,0,0,0,0,0,0,0,0,101,0,0,0,0,0,0,629,0,0,0,0,0,0,0,0,757,0,0,0,0,0,0,0,0,0,0,0,0,0,0,0,0,0,0,0,0,0,0,0,0,0,0,0,0,0,0,1975,41,0,0,0,0,0,0,0,0,0,0,0,0,0,0,0,0,0,0,0,0,0,0,0,0,0,253,96,0,0
contig_39570,0,0,0,0,337,0,0,0,0,0,0,0,0,0,0,0,0,0,0,0,0,0,0,0,0,0,0,0,0,0,0,0,0,0,0,0,0,0,0,0,0,0,0,0,0,0,0,0,0,0,0,0,0,0,0,0,0,0,0,0,0,453,0,0,0,0,0,0,0,0,0,0,0,0,0,0,0,0,0,0,0,0,0,0,0,0,0,0,71,0,0,0
contig_39577,0,547,0,0,0,0,0,0,0,0,0,0,0,0,664,5079,159,0,0,0,0,0,0,0,0,0,0,564,0,1601,0,0,0,0,0,0,0,0,0,0,0,0,0,0,0,52,0,0,0,0,0,0,0,0,0,0,0,0,0,0,0,0,0,0,0,0,0,0,0,0,0,0,0,0,0,0,0,0,0,0,2992,0,0,0,0,0,0,0,0,0,0,0
contig_39589,0,4877,1514,1074,1264,350,0,0,0,0,0,0,0,0,4762,0,1627,0,0,0,0,87,0,0,0,0,0,0,184,927,574,0,0,0,0,0,0,131,435,351,0,0,0,0,22,0,287,773,1219,2743,2452,0,0,0,0,61,0,0,0,0,7871,832,0,0,0,0,0,4374,3257,0,0,0,0,790,0,233,0,0,0,0,0,0,0,0,0,0,8379,0,0,136,0,0
contig_39610,0,0,0,1069,0,0,0,0,0,0,0,0,0,0,0,0,0,0,0,0,0,0,0,0,0,0,0,0,0,8005,0,0,0,0,0,0,0,0,0,0,0,0,0,0,0,0,0,0,259,0,45,0,0,0,0,0,0,0,0,0,0,2132,0,0,0,0,0,35,0,0,0,0,0,360,0,0,0,0,0,0,0,0,0,0,0,0,0,0,0,0,0,0
contig_39615,0,0,0,0,0,0,0,0,0,0,0,0,0,0,0,0,106,0,0,0,0,0,0,0,0,0,0,0,0,42,0,73,0,0,0,0,0,0,0,0,0,0,0,0,0,0,0,28,122,99,352,42,0,0,0,0,189,0,0,0,0,195,0,0,0,0,0,58,0,0,0,0,0,0,0,0,0,0,0,0,0,0,0,0,0,0,0,0,21,0,0,0
contig_39631,0,371,0,0,0,0,0,0,0,0,0,0,0,0,0,0,5918,0,0,0,0,0,0,0,0,0,0,0,663,1683,0,0,0,0,0,0,0,0,190,0,0,0,0,0,0,0,0,0,3986,757,569,54,0,0,103,0,869,0,5638,0,0,509,0,0,0,0,0,649,5981,1272,576,0,0,10280,0,0,0,0,0,0,0,0,0,0,0,0,4938,0,0,2003,0,0
contig_39653,0,1096,1087,0,1026,0,0,0,0,0,0,0,0,0,3747,622,595,0,0,0,0,0,0,0,0,74,0,0,338,739,205,0,0,0,0,0,0,0,0,0,0,0,0,0,0,0,0,376,363,4467,0,0,0,0,0,0,3245,0,0,0,3760,7947,0,0,0,0,0,3396,0,0,0,0,0,0,0,0,0,0,0,0,112,0,0,0,0,0,0,0,0,0,0,0
contig_39671,0,0,0,0,0,0,0,0,0,0,0,0,0,0,0,0,186,0,0,0,0,0,0,0,0,0,0,0,0,288,0,0,0,0,0,0,0,0,0,0,0,0,0,0,0,0,0,0,362,238,63,0,0,0,0,30,0,0,0,0,0,0,0,0,0,0,0,0,0,0,0,0,0,0,0,0,0,0,0,0,0,0,0,0,0,0,2471,0,0,756,0,0
contig_39680,0,0,0,0,0,0,0,0,0,0,0,0,0,0,0,0,0,0,0,0,0,0,0,0,0,0,0,0,0,0,0,0,0,0,0,0,0,0,0,0,0,0,0,0,45,0,0,0,0,0,0,0,0,0,0,0,0,0,0,0,0,0,0,0,0,0,0,0,0,0,0,0,0,0,0,0,0,0,0,0,0,10,0,0,0,0,0,0,0,38,0,0
contig_39689,0,0,20743,976,0,0,0,0,0,0,0,0,0,0,0,0,562,0,0,0,0,0,0,0,0,0,0,0,0,6939,0,0,0,0,0,0,0,0,0,0,0,0,0,0,0,0,0,1769,0,0,61,0,0,0,0,0,0,0,0,0,9114,1796,0,0,0,0,0,272,0,0,0,0,0,0,0,0,0,0,0,0,616,0,0,0,0,0,0,0,0,0,0,0
contig_39697,0,0,0,0,0,0,49,0,0,0,0,0,0,0,0,0,0,0,0,0,0,0,0,0,0,0,0,0,0,0,0,0,0,0,0,0,0,0,0,65,0,0,0,0,0,0,78,223,84,0,80,0,0,0,0,0,0,0,0,0,3251,0,0,0,0,0,0,0,0,0,0,0,0,0,0,0,0,0,0,0,0,0,0,0,0,0,0,0,0,0,0,0
contig_39717,0,0,0,0,0,0,0,0,0,0,0,0,0,0,0,0,0,0,0,0,0,0,0,0,0,0,0,0,0,0,0,0,0,0,0,0,0,0,0,0,0,0,0,0,0,0,0,0,0,27,46,0,0,0,0,0,0,0,0,0,0,380,0,0,0,0,0,0,0,0,0,0,0,0,0,0,0,0,0,0,0,0,0,0,0,0,0,0,0,0,0,0
contig_39743,0,0,0,0,0,0,0,0,0,0,0,0,0,0,0,0,0,0,0,0,0,0,0,0,0,0,0,0,0,0,0,0,0,0,0,0,0,0,0,0,0,0,0,0,0,0,0,0,0,0,0,0,0,0,0,0,0,0,0,0,0,8048,0,0,0,0,0,0,0,0,0,0,0,0,0,0,0,0,0,449,0,0,0,0,0,0,0,0,0,494,0,0
contig_39746,0,0,0,0,0,0,0,0,0,0,0,0,0,0,0,0,0,0,0,0,0,0,0,0,0,0,0,0,0,0,0,0,0,0,0,0,0,0,0,0,0,0,0,0,0,0,0,0,0,0,132,0,0,0,0,0,0,0,0,0,0,1647,0,0,0,0,0,0,38,0,0,0,0,0,0,0,0,0,0,0,0,0,0,0,0,0,0,0,114,0,0,0
contig_39749,0,0,0,0,0,0,0,0,0,0,0,0,0,0,0,0,0,0,0,0,0,0,0,0,0,0,0,0,0,100,0,0,0,0,0,0,0,0,0,0,0,0,0,0,0,0,0,0,2866,0,0,0,0,0,0,0,94,0,0,0,273,144,0,0,0,0,0,0,0,0,0,0,0,0,0,0,0,0,0,0,0,0,0,0,0,0,0,0,0,0,0,0
contig_3975,0,0,0,0,0,0,0,0,0,0,0,0,0,0,0,0,0,0,0,0,0,0,0,0,0,0,0,0,0,0,0,188,0,0,0,0,0,677,0,0,0,0,0,0,0,0,0,0,0,0,0,0,0,0,0,0,0,0,0,0,0,0,0,0,0,0,0,0,0,0,0,0,0,0,0,0,0,0,0,0,0,0,0,0,0,0,0,0,0,2077,326,0
contig_39756,0,80,13039,0,0,14214,0,0,0,0,0,0,0,0,697,0,1178,0,0,0,0,572,0,0,0,0,0,0,444,10067,898,0,0,0,0,0,0,0,0,250,0,0,0,0,0,0,0,4528,9684,3332,0,0,0,0,0,0,2821,0,0,0,33307,4134,0,0,0,0,0,0,0,0,0,0,14,3296,0,0,67,0,0,0,0,0,0,0,0,0,0,0,218,0,0,0
contig_39801,0,731,0,0,0,0,0,0,0,0,0,0,0,0,0,9407,0,0,0,0,0,35,0,0,0,0,0,0,177,1051,0,0,0,0,0,0,0,0,0,0,0,0,0,0,0,0,0,0,0,0,0,0,0,0,0,0,0,0,134,0,2902,596,0,0,0,0,0,195,0,0,0,0,0,0,0,0,0,0,0,0,0,0,0,0,0,0,0,0,313,0,0,0
contig_39810,0,0,0,431,0,0,0,0,0,0,0,0,0,0,0,0,0,0,0,64,0,0,0,0,0,0,0,0,0,0,0,0,2699,0,607,0,0,0,0,233,0,0,0,0,194,0,0,0,838,0,0,6125,0,3359,0,612,0,1018,0,0,0,0,0,0,0,0,748,932,740,185,0,116,0,30601,0,0,0,0,0,0,0,0,0,0,0,0,6689,0,56,3778,0,0
contig_39819,0,0,0,0,0,0,0,0,0,0,0,0,0,0,0,903,0,0,0,0,0,0,0,0,0,0,0,573,163139,1215,0,74,0,0,0,0,0,0,0,1276,0,0,0,0,0,381,3197,0,0,0,582,0,0,293,0,0,5147,845,0,15288,12418,2948,0,0,0,0,0,0,0,0,0,0,0,1521,0,0,0,0,0,298,174,0,0,0,0,0,1396,0,90,144,0,0
contig_39824,0,0,0,0,0,0,0,0,0,0,0,0,0,0,0,0,0,0,0,0,0,0,0,0,0,0,0,0,0,0,0,0,0,0,0,0,0,0,0,0,0,0,0,0,234,0,0,0,0,0,0,0,0,0,0,0,0,0,0,0,0,0,0,0,0,0,0,0,269,0,0,0,0,3186,0,0,0,0,0,0,0,0,0,0,0,0,2407,0,560,7791,0,0
contig_39834,0,180,0,174,192,0,0,0,0,0,0,0,0,0,0,0,330,0,0,0,0,24,0,0,0,0,0,0,214,824,0,126,251,0,0,0,0,272,0,0,0,0,64,0,122,0,0,0,400,943,1795,374,0,0,0,872,1407,123,0,1515,0,3671,153,195,0,0,0,1992,996,0,159,56,0,8576,0,0,0,0,0,0,87,0,0,0,0,0,0,0,22,158,0,0
contig_39849,0,0,0,0,0,0,0,0,0,0,0,0,0,0,0,0,0,0,0,0,0,0,0,0,0,0,0,0,0,0,0,0,0,0,0,0,0,0,0,0,0,0,0,0,0,261,0,332,0,0,0,0,0,0,0,0,0,0,0,0,0,203,0,0,0,0,0,1408,0,0,0,0,0,0,0,0,0,0,0,0,0,0,0,0,0,0,0,0,0,0,0,0
contig_39859,0,0,0,0,0,0,0,0,0,0,0,0,0,0,0,0,0,0,0,0,0,0,0,0,0,0,0,0,0,152,0,0,0,0,0,0,0,0,0,0,0,0,0,0,0,0,0,0,0,903,0,0,0,0,0,0,55,0,0,0,0,338,0,0,0,0,0,201,0,0,0,0,0,0,0,0,0,0,0,0,0,0,0,0,0,0,624,0,0,0,0,0
contig_39870,0,0,0,0,0,0,0,0,0,0,0,0,0,0,0,0,0,0,0,0,0,0,0,0,0,0,0,0,2462,0,0,0,0,0,0,0,0,0,0,0,0,0,0,0,0,0,0,2732,81,0,978,0,0,0,0,0,411,0,0,0,3050,580,0,0,0,0,0,279,81,0,0,0,0,134,0,0,0,0,0,0,0,0,0,0,0,0,0,0,39,39,0,0
contig_39880,0,1693,0,216,0,0,4216,0,0,0,0,0,0,0,0,0,0,0,0,0,0,0,0,0,0,0,0,0,0,0,0,27,0,0,0,0,0,0,0,0,0,0,0,0,0,0,225,1167,659,0,2028,0,0,182,0,271,0,0,0,348,4129,590,0,0,470,0,0,55,0,285,71,0,0,442,0,0,0,0,0,0,0,0,0,0,0,0,1486,0,58,139,0,0
contig_39882,0,0,0,0,0,0,0,0,0,0,0,0,0,0,0,0,0,0,0,0,0,0,0,0,0,0,0,0,0,0,0,0,0,0,0,0,0,0,0,0,0,0,0,0,0,3467,0,0,0,0,0,0,259,0,0,0,0,0,0,0,0,484,0,0,0,0,0,0,0,0,0,0,0,0,0,0,0,0,0,0,0,0,0,0,0,0,0,0,0,0,0,0
contig_39895,0,0,0,0,0,0,0,0,0,0,0,0,0,0,679,0,150,0,0,0,0,0,0,0,0,0,0,0,0,0,0,0,0,0,0,0,0,0,0,0,0,0,0,0,0,0,0,0,0,0,339,0,0,0,0,0,0,0,0,0,0,0,0,0,0,0,0,0,0,0,0,0,0,0,0,0,0,0,0,0,0,0,0,0,0,0,0,0,0,0,0,0
contig_39920,0,4465,0,0,1411,0,6298,0,0,0,0,0,0,0,0,0,0,0,50,0,0,530,0,0,0,0,0,0,0,1637,1653,400,0,0,0,0,0,0,0,861,0,0,0,0,0,0,0,1484,4924,0,5475,81,0,1970,0,2369,3333,95,4795,1999,10686,1962,0,338,0,0,0,0,0,0,437,67,0,8856,0,0,0,0,0,0,0,0,0,0,0,0,13235,0,192,1974,0,0
contig_39932,0,0,0,0,0,0,0,0,0,0,0,0,0,0,0,0,0,0,0,0,0,0,0,0,0,0,0,1186,0,514,0,0,0,0,0,0,0,0,0,0,0,0,0,0,0,0,0,0,0,79,0,0,0,0,0,0,0,0,0,0,1049,0,0,0,0,0,0,0,0,0,0,0,0,0,0,0,0,0,0,0,0,0,0,0,0,0,0,0,0,0,0,0
contig_39939,0,0,0,0,0,0,0,0,0,0,0,0,0,0,0,0,0,0,0,0,0,0,0,0,0,0,0,0,0,0,0,0,0,0,0,0,0,0,0,0,0,0,0,0,0,0,0,0,107,59,927,0,0,0,0,0,0,0,0,0,0,0,0,0,0,0,0,0,0,0,0,0,0,0,0,0,0,0,0,0,0,0,0,0,0,0,0,0,0,0,0,0
contig_39959,0,816,0,0,0,0,0,0,0,0,0,0,0,0,108,0,0,0,0,0,0,0,0,0,0,0,0,0,51,0,0,0,0,0,0,0,0,0,0,234,0,0,0,0,0,0,0,0,0,0,0,0,0,0,0,0,0,0,0,0,1074,0,0,0,0,0,0,0,0,0,0,0,0,0,0,0,0,0,0,0,934,0,0,0,0,0,0,0,205,0,0,0
contig_39981,0,0,0,1516,122,0,0,0,0,0,0,0,0,0,0,0,0,0,0,0,0,0,0,0,0,0,0,0,0,0,0,0,0,0,0,0,0,0,0,0,0,0,0,0,0,0,0,0,722,279,0,0,0,0,0,0,0,0,0,0,12543,818,0,0,0,0,0,81,0,0,0,0,0,0,0,0,0,0,0,0,0,0,0,0,0,0,0,0,54,0,0,0
contig_40,0,0,0,0,0,0,0,0,0,0,0,0,0,0,0,0,0,0,0,0,0,0,0,0,0,0,0,0,0,0,0,0,0,0,0,0,0,0,0,0,0,0,0,0,0,0,0,0,0,0,0,0,0,0,0,0,0,0,0,0,0,0,0,0,0,0,0,0,0,0,0,0,0,0,0,54188,1141,47522,0,0,0,0,0,0,0,0,0,0,0,0,0,0
contig_4000,0,0,0,0,0,0,0,0,0,0,0,0,0,0,0,0,0,0,0,0,0,0,0,0,0,0,0,0,0,0,0,0,0,0,0,0,0,314,0,0,0,0,0,0,0,0,0,0,0,0,0,0,0,0,0,0,0,0,0,0,0,0,0,0,0,0,0,0,0,0,0,0,0,0,0,0,0,0,0,0,0,0,0,0,0,0,0,0,0,1729,395,0
contig_40015,0,84,0,0,0,0,0,0,0,0,0,0,0,0,0,23,0,0,0,0,0,0,0,0,0,0,0,0,241,241,0,0,0,0,0,0,0,0,0,141,0,0,0,0,0,0,0,47,70,0,154,0,0,18,0,0,494,0,0,0,89,0,0,0,0,0,0,0,0,0,0,0,0,523,0,0,0,0,0,0,0,0,0,0,0,0,295,0,0,298,0,0
contig_40032,0,422,0,594,0,0,767,0,0,0,0,0,0,0,6490,0,6622,0,0,0,0,0,0,0,0,0,0,2848,620,1629,0,412,4141,0,0,0,0,0,0,0,0,0,0,0,0,1330,4303,713,4565,1250,618,0,0,0,87,0,4037,0,4855,9525,4214,527,0,962,1832,0,1876,977,16463,1272,0,79,0,10469,0,1014,0,0,0,0,550,0,0,0,0,0,7300,0,0,2198,0,0
contig_40055,0,0,0,0,0,0,0,0,0,0,0,0,0,0,0,0,0,0,0,0,0,0,0,0,0,0,0,0,0,0,0,0,0,0,0,0,0,30,0,0,0,0,0,0,0,0,0,0,0,0,0,0,0,0,0,0,0,0,0,0,0,0,0,0,0,0,0,0,0,0,0,0,0,0,0,0,0,0,0,0,0,0,0,0,0,0,0,0,0,57,40,0
contig_40056,0,0,0,0,0,0,0,0,0,0,0,0,0,20,0,0,0,0,0,23,0,0,0,0,0,0,0,0,0,0,0,0,0,0,0,0,0,0,0,0,0,0,0,0,0,0,0,0,0,0,0,174,0,0,0,0,516,163,0,0,0,0,0,1260,73,0,0,7128,401,185,48,0,0,0,0,0,0,0,0,0,0,0,0,0,0,0,0,0,0,898,0,0
contig_40064,0,890,601,0,0,0,24,0,0,0,0,0,0,0,939,121877,3041,0,0,0,0,0,0,0,0,0,0,0,0,69,0,0,0,0,0,0,0,0,0,0,0,0,0,0,0,8515,0,81,0,0,30,0,0,0,0,0,8821,0,2225,0,577,65,0,0,0,0,0,0,0,0,0,0,0,2092,0,0,0,0,0,0,0,0,0,0,0,0,0,0,0,0,0,0
contig_40075,0,0,0,83,0,0,0,0,0,0,0,0,0,0,0,3784,0,0,0,0,0,0,0,0,0,0,0,0,0,139,0,0,0,0,0,0,0,0,0,0,0,0,0,0,0,95,0,83,0,0,0,0,0,0,0,0,0,0,141,0,0,1937,0,0,0,0,0,0,0,0,0,0,0,0,0,0,0,0,0,0,0,0,0,0,0,0,0,0,0,0,0,0
contig_40095,0,0,0,0,0,0,0,0,0,0,0,0,0,0,0,0,136,27,0,0,0,0,0,0,0,0,0,0,0,0,0,0,0,0,0,0,0,0,0,0,0,0,0,0,70,0,0,0,0,0,0,0,0,0,0,0,0,0,0,0,0,88,0,0,0,0,0,0,0,0,0,0,0,0,0,0,0,0,0,0,0,0,0,0,0,0,0,0,135,508,0,0
contig_40122,0,0,0,1517,465,1328,734,0,0,0,0,0,0,0,0,0,0,0,0,0,0,105,0,0,0,0,0,0,0,0,273,78,1637,0,0,0,0,0,0,0,0,0,21,0,0,0,0,0,0,0,0,0,0,0,0,126,0,0,0,0,0,0,0,914,3314,0,193,3361,2762,0,0,0,0,0,0,0,0,0,0,0,423,0,0,0,0,0,0,0,0,1665,0,0
contig_40129,0,0,0,0,0,0,0,0,0,0,0,0,0,0,0,0,57,0,0,0,0,0,0,0,0,0,0,0,0,0,0,0,0,0,0,0,0,0,0,0,0,0,0,0,0,28,0,0,218,0,0,0,0,0,0,0,0,0,0,284,0,43,0,0,0,0,0,119,243,0,0,0,0,301,0,0,0,0,0,0,0,0,0,0,0,0,0,0,0,0,0,0
contig_40147,0,0,7958,501,115,2719,0,0,0,0,0,0,0,0,0,0,0,0,0,0,0,0,0,0,0,0,0,0,1123,18371,6890,0,0,0,0,0,0,127,0,0,0,0,0,0,0,0,0,0,0,0,0,102,0,0,0,536,247,0,0,0,0,0,0,899,1137,0,0,321,0,0,0,0,0,1173,0,0,0,0,0,0,97,0,0,0,0,0,0,0,0,0,0,0
contig_40155,0,0,0,0,0,0,0,0,0,0,0,0,0,0,0,52,88,0,0,0,0,0,0,0,0,0,0,248,0,0,0,0,0,0,0,0,0,0,0,0,0,0,0,0,0,0,0,0,0,0,0,0,0,1342,0,0,0,0,0,646,1856,1353,0,0,0,0,0,0,0,0,0,0,0,124,0,0,0,0,0,0,558,0,0,0,0,0,0,0,0,0,0,0
contig_40158,0,0,0,0,0,0,0,0,0,0,0,0,0,0,0,0,0,0,0,0,0,0,0,0,0,0,0,0,0,0,0,0,0,0,0,0,0,0,0,0,0,0,0,0,0,0,0,0,0,0,0,0,0,0,0,0,0,0,0,0,0,0,0,0,0,0,0,0,0,0,0,0,0,0,0,0,0,0,0,0,0,0,0,0,0,0,0,0,85,93,14,0
contig_40175,0,0,2970,410,1552,0,0,0,0,0,466,0,0,1592,0,0,0,0,0,0,0,292,0,0,0,0,0,0,256,7205,3060,0,0,0,0,0,0,5973,0,2605,0,866,74905,0,0,0,0,1250,0,0,0,1338,0,0,0,0,0,31590,0,0,0,41667,0,0,0,0,0,0,0,2211,277,0,4869,0,0,0,229,0,0,0,0,0,0,0,0,0,0,0,289,0,0,0
contig_40183,0,636,0,0,0,0,0,0,0,0,0,0,0,0,0,2537,0,0,0,0,0,0,0,0,0,0,0,0,0,0,0,0,0,0,0,0,0,0,0,0,0,0,0,0,0,315,0,0,0,0,0,0,0,0,0,0,0,0,0,0,0,0,0,0,0,0,0,0,0,0,0,0,0,0,0,0,0,0,0,0,0,0,0,0,0,0,0,0,0,0,0,0
contig_40200,1079,123,510,0,0,483,429,0,0,0,0,0,0,0,131,838,0,0,0,0,0,0,0,0,0,0,0,503,152524,1241,0,0,0,0,0,0,0,0,0,1196,0,0,0,0,0,0,0,0,0,0,0,0,0,0,0,0,5040,675,0,13823,9978,2445,0,0,0,0,0,0,0,0,0,0,0,1373,0,0,0,0,0,0,172,0,0,0,0,0,1388,0,81,0,0,0
contig_40204,0,1459,0,0,0,367,0,87,0,0,0,0,0,0,0,0,936,0,0,0,0,0,0,0,0,0,0,2269,0,0,0,0,104,0,0,0,0,0,0,0,0,0,0,0,0,3723,0,215,31,0,55,0,0,0,0,0,0,0,1222,5975,9247,682,0,257,0,0,0,197,0,83,0,0,0,0,0,0,0,0,0,0,0,0,0,0,0,0,0,0,0,0,0,0
contig_40213,0,0,0,1190,0,0,0,0,0,0,0,0,0,0,247,0,0,0,0,0,0,0,0,0,0,0,0,0,0,0,0,0,0,0,0,0,0,0,0,0,0,0,0,0,0,0,0,0,0,0,0,0,0,0,0,0,0,0,0,0,0,0,0,0,0,0,0,1857,0,0,0,0,0,0,0,0,0,0,0,0,427,0,0,0,0,0,0,0,0,0,0,0
contig_40215,0,0,0,0,95,0,0,0,0,0,0,0,0,0,7333,0,1402,0,0,0,0,0,0,0,0,330,0,0,0,4428,0,0,0,0,0,0,0,0,0,610,0,0,0,0,0,0,2890,2802,886,867,508,0,0,0,0,0,148,0,0,0,4535,244,0,0,0,0,0,268,0,0,0,0,0,0,0,0,0,0,0,0,0,0,0,0,0,0,0,0,0,0,0,0
contig_40221,0,0,0,0,0,0,0,0,0,0,0,0,0,0,0,0,0,0,0,0,0,0,0,0,0,0,0,0,0,0,0,18,0,0,0,0,0,258,0,0,0,0,0,0,0,0,0,0,0,0,0,0,0,0,0,0,0,0,0,0,0,0,0,0,0,0,0,0,0,0,0,0,0,0,0,0,0,0,0,0,0,0,0,0,0,0,0,0,16,124,61,0
contig_40225,0,0,0,0,0,0,0,0,0,0,0,0,0,0,0,0,170,0,0,69,0,0,0,0,0,0,0,0,0,263,0,499,2383,0,0,0,0,0,0,485,0,61,105,0,178,0,0,0,1759,0,0,4386,0,6147,0,1527,0,753,0,0,0,0,0,0,0,0,829,1527,981,277,0,164,56,0,0,0,0,0,0,0,0,0,0,0,0,0,9423,0,0,3315,0,0
contig_40228,0,0,0,0,0,0,0,0,0,0,0,0,0,0,0,0,0,0,0,0,0,0,0,0,0,0,0,0,0,0,0,0,0,0,0,0,0,0,0,0,0,0,0,0,0,0,0,0,41,50,0,0,0,0,0,0,0,0,0,0,0,0,0,0,0,0,0,0,37,0,0,0,0,0,0,0,0,0,0,0,0,0,0,0,0,0,0,0,0,0,0,0
contig_40229,0,0,701,403,180,0,0,0,0,0,0,0,0,0,3486,0,0,0,0,0,0,0,0,0,0,102,0,0,274,2102,682,0,0,0,0,0,0,0,0,0,0,0,0,0,0,0,0,413,1071,445,276,0,0,0,0,276,636,0,0,1092,1916,576,0,129,532,0,0,399,623,0,0,44,0,2712,0,0,0,0,0,0,273,0,0,0,0,0,0,0,0,0,0,0
contig_40237,0,0,0,0,0,0,0,0,0,0,0,0,0,0,0,0,0,0,0,0,0,0,0,0,0,0,0,0,0,157,0,0,0,0,0,0,0,0,0,0,0,0,0,0,0,0,0,1065,0,0,345,0,0,101,0,0,128,0,0,0,16791,1273,0,0,0,0,0,0,0,0,0,0,0,0,0,0,0,0,0,0,0,0,0,0,0,0,52,0,96,285,0,0
contig_40252,0,0,584,232,21,0,121,0,0,0,34,0,0,0,0,0,0,0,0,192,0,0,0,0,0,0,0,0,0,0,0,0,1617,0,3133,0,0,0,0,2883,2078,94,37,0,484,0,0,0,640,0,0,0,0,681,0,984,0,750,0,0,0,0,0,0,0,0,477,3803,976,241,325,25,56,0,0,0,0,0,0,0,0,0,0,0,0,0,18819,0,294,3882,149,0
contig_40293,0,0,0,0,0,0,0,0,0,0,116,0,0,0,0,0,0,0,0,0,0,0,0,0,0,0,0,0,0,0,0,0,0,0,0,0,0,0,0,0,0,0,0,0,0,0,0,0,0,0,0,0,0,0,0,0,0,0,0,0,5936,1489,0,0,0,0,0,0,0,1290,0,0,0,0,0,0,0,0,0,0,0,0,0,0,0,0,0,0,0,0,0,0
contig_40294,0,0,0,0,0,0,0,0,0,0,0,0,0,0,0,0,0,0,0,0,0,0,0,0,0,0,0,0,0,0,0,0,0,0,0,0,0,135,0,0,0,0,0,0,0,0,0,0,0,0,0,0,0,0,0,0,0,0,0,0,0,0,0,0,0,0,0,0,0,0,0,0,0,0,0,0,0,0,0,0,0,0,0,0,0,0,0,0,0,211,78,0
contig_40309,0,0,0,0,0,0,0,0,0,0,0,0,0,0,0,0,0,0,0,0,0,0,0,0,0,0,0,0,0,32,0,0,0,0,0,0,0,0,0,0,0,0,0,0,0,0,0,0,0,0,0,0,0,0,0,0,2702,0,0,0,0,0,0,0,0,0,0,0,0,0,0,0,0,475,0,0,0,0,0,0,0,0,0,0,0,0,0,0,0,102,0,0
contig_40338,0,0,0,0,0,0,0,0,0,0,0,0,0,17,0,0,0,0,0,0,0,3822,0,932,104,0,0,0,0,0,0,35,2320,2612,366,301,0,660,0,0,0,0,0,0,0,0,0,0,0,0,0,0,0,0,0,169,0,0,0,0,0,0,0,0,0,0,0,0,0,0,0,0,0,0,0,0,17,304,0,0,0,146,27,0,0,0,0,0,230,360,0,0
contig_40352,4585,36,0,0,0,0,0,0,0,0,0,0,0,0,0,0,0,0,0,0,0,0,0,0,0,0,0,0,0,0,0,0,0,0,0,0,0,0,0,0,0,0,0,0,0,0,0,0,0,0,0,0,0,0,0,0,540,0,0,0,0,0,0,0,0,0,0,0,0,0,0,0,0,13291,0,0,0,0,0,0,0,0,0,0,0,0,4230,0,0,0,0,0
contig_40364,0,0,0,0,0,0,0,0,0,0,0,0,0,0,0,0,27939,79,0,0,0,0,0,0,0,0,0,0,0,0,0,0,0,0,0,0,0,0,0,0,0,0,0,0,0,0,0,0,0,0,0,0,0,0,0,0,0,0,0,0,0,745,0,0,0,0,0,0,0,0,0,0,0,0,0,0,0,0,0,0,0,0,0,0,0,0,0,0,0,0,0,0
contig_40366,0,0,85,0,0,0,0,0,0,0,0,0,0,0,686,0,0,0,0,0,0,0,0,0,0,0,0,0,0,56,0,0,0,0,0,0,0,0,0,165,0,0,0,0,0,0,0,0,0,0,0,0,0,0,0,0,0,61,0,692,24,0,0,0,0,0,0,0,0,0,0,0,0,0,0,0,0,0,0,0,1234,0,0,0,0,0,0,0,0,0,0,0
contig_40378,0,89,2725,0,0,1326,125,0,0,0,0,0,0,0,3022,332,0,0,0,0,0,0,0,0,0,0,0,0,1168,13919,0,0,0,0,0,0,0,0,0,209,0,0,0,0,0,0,0,0,0,0,0,0,0,0,0,0,466,0,0,479,0,0,0,0,0,0,0,0,0,0,0,0,0,716,0,0,0,0,0,0,0,0,0,0,0,0,0,0,0,280,0,0
contig_40394,0,0,0,0,0,0,0,0,0,0,0,0,0,0,0,0,0,0,0,0,0,0,0,0,0,0,0,0,0,151,0,174,0,0,0,0,0,0,0,0,0,0,0,0,0,0,0,0,95,0,177,0,0,0,0,0,0,0,0,53,34,395,0,0,0,0,0,341,0,0,0,0,0,0,0,0,0,0,0,0,0,0,0,0,0,0,152,0,117,453,0,0
contig_40409,0,0,0,41,0,0,0,0,0,0,0,0,0,0,0,0,0,0,0,0,0,0,0,0,0,0,0,0,0,88,0,0,0,0,0,0,0,0,0,0,0,0,19,0,0,0,0,0,0,87,0,0,0,0,0,0,293,0,0,0,89,677,0,0,0,0,0,97,0,0,0,0,0,112,0,0,0,0,0,0,0,0,0,0,0,0,0,0,0,0,0,0
contig_40410,0,0,0,30,0,0,0,0,0,0,0,0,0,536,0,0,0,0,0,0,0,0,0,0,0,0,0,0,0,0,2984,0,0,0,10796,0,0,0,0,0,0,0,0,0,0,0,0,0,350,0,0,28,0,0,0,0,243,0,0,0,0,0,0,0,0,0,0,0,0,0,0,0,0,0,0,0,0,0,0,0,0,0,0,0,0,0,0,0,0,0,0,0
contig_40417,0,0,0,0,0,0,0,0,0,0,0,0,0,0,0,0,0,0,0,0,0,0,0,0,0,0,0,0,0,0,0,0,328,0,0,0,0,0,0,0,0,0,0,0,0,0,0,0,0,0,0,0,0,0,0,0,0,0,0,0,0,0,281,0,0,83,0,0,0,0,0,0,0,0,0,0,0,0,0,0,0,0,0,0,0,0,0,0,0,0,0,0
contig_40418,0,0,0,0,0,0,0,0,0,0,0,0,0,0,0,0,0,0,0,83,0,0,0,0,0,0,0,0,0,0,0,0,0,0,5150,0,0,0,0,79,0,0,0,0,240,0,0,0,0,0,0,0,1408,0,0,0,0,593,0,0,0,0,90,0,0,0,97,576,3061,76,38,22,15,0,0,0,0,0,0,0,0,0,0,0,0,0,5111,0,55,3572,0,0
contig_40430,0,324,0,0,0,0,0,0,0,0,0,0,0,0,0,0,0,0,0,0,0,0,0,0,0,0,0,0,0,0,0,0,0,0,0,0,0,0,0,0,0,0,0,0,0,0,0,0,0,44,646,0,0,0,0,0,0,0,0,0,0,0,0,0,0,0,0,0,0,0,0,0,0,0,0,0,0,0,0,0,0,0,0,0,0,0,0,0,0,0,0,0
contig_40438,0,0,0,0,0,0,0,0,0,0,0,0,0,0,0,0,109,0,0,0,0,0,0,0,0,0,0,0,0,453,0,367,0,0,0,0,0,0,0,0,0,0,0,0,0,0,0,0,0,0,348,0,0,0,0,0,0,0,0,0,0,0,0,0,0,0,0,0,335,0,0,0,0,0,0,0,0,0,0,0,0,0,0,0,0,0,0,0,0,487,0,0
contig_40444,0,0,0,0,0,0,0,0,0,0,0,0,0,0,0,0,0,0,0,0,0,0,0,0,0,0,0,0,0,0,0,0,0,0,0,0,0,0,0,0,0,0,0,0,0,0,0,0,0,0,0,0,708,333,0,0,65,0,0,0,0,236,0,0,0,0,59,0,0,0,0,0,0,764,0,0,0,0,0,0,0,0,0,0,0,0,527,0,0,41,0,0
contig_40446,0,0,0,46,0,0,0,0,0,0,0,0,0,0,0,0,0,0,0,0,0,0,0,0,0,0,0,0,0,0,0,0,0,0,0,0,0,0,0,0,0,0,0,0,0,0,0,56,347,284,157,0,0,0,0,0,0,0,0,0,65,584,0,0,0,0,50,0,0,0,0,0,0,144,0,0,0,0,0,0,0,0,0,0,0,0,0,0,0,0,0,0
contig_40450,0,0,0,0,0,36,0,0,0,0,0,0,0,0,0,0,0,0,0,0,0,0,0,0,0,0,0,0,0,0,0,0,0,0,0,0,0,0,0,0,0,0,0,0,0,0,39,45,0,0,612,0,0,0,0,0,0,0,0,0,0,0,0,0,984,0,0,0,0,0,0,0,0,0,0,0,0,0,0,0,119,0,0,0,0,0,0,0,0,0,0,0
contig_40452,0,0,0,0,0,0,0,0,0,0,0,0,0,0,0,0,0,0,0,0,0,0,0,0,0,0,0,0,0,0,0,0,0,0,0,0,0,0,0,0,0,0,0,0,0,0,40,0,0,0,0,0,0,0,0,0,1600,0,0,0,0,199,0,0,0,0,0,0,0,0,0,0,0,420,0,0,0,0,0,0,0,0,0,0,0,0,0,0,0,0,0,0
contig_40458,0,0,0,0,0,38,0,0,0,0,0,0,0,0,0,0,0,0,0,0,0,0,0,0,0,0,0,0,0,0,0,0,0,0,0,0,0,0,0,0,0,0,0,0,0,0,0,0,0,0,0,0,0,0,0,0,0,0,0,0,0,0,0,0,0,0,45,0,0,0,0,0,0,0,0,0,27,0,0,0,141,0,0,0,0,0,540,0,182,558,0,0
contig_40463,0,0,0,0,0,0,0,0,0,0,0,0,0,0,0,0,0,0,0,0,692,0,0,0,0,401,1496,0,0,0,0,0,0,0,0,0,0,0,0,0,0,0,0,0,0,0,0,0,0,0,0,0,0,0,0,0,0,0,0,0,0,0,0,0,0,0,0,0,0,0,0,0,0,0,0,0,0,0,0,0,0,0,0,0,0,0,0,0,0,0,0,0
contig_40502,0,108,0,0,0,0,0,0,0,0,0,0,0,0,0,0,0,0,0,0,0,0,0,0,0,0,0,0,0,0,0,0,0,0,0,0,0,0,0,0,0,0,0,0,0,0,0,0,0,0,0,0,0,0,0,0,0,0,0,0,0,0,0,0,0,0,0,0,0,0,0,0,0,0,0,0,0,0,0,0,368,0,0,0,0,0,0,0,0,107,0,0
contig_40518,234,9192,0,0,0,135,0,0,0,0,0,0,0,0,6484,17281,893,0,0,0,0,0,0,0,0,0,0,1215,1662,2725,0,0,0,0,0,0,0,0,415,0,0,0,0,0,0,834,0,274,574,0,203,0,0,0,0,0,0,0,16136,4456,5543,0,0,0,0,0,0,0,1075,0,0,0,0,0,0,0,0,0,0,0,0,0,0,0,0,0,0,0,0,0,0,0
contig_40525,0,0,0,0,0,0,0,0,0,0,0,0,0,0,0,0,79,0,0,0,0,0,0,0,0,0,0,0,0,0,0,0,0,0,0,0,0,0,0,0,0,0,0,0,0,0,0,0,152,0,140,0,0,0,0,0,0,0,0,0,217,37,0,0,0,0,0,161,161,0,0,0,0,0,0,0,0,0,0,0,0,0,0,0,0,0,0,0,0,0,0,0
contig_40535,0,0,0,0,0,0,0,0,0,0,0,0,0,0,0,0,47,0,0,0,0,0,0,0,0,0,0,0,0,91,0,0,0,0,0,0,0,0,0,0,0,0,0,0,0,753,0,0,0,0,0,0,0,0,0,0,88,0,0,0,89,0,0,0,0,0,0,0,0,0,0,0,0,0,0,0,0,0,0,0,26067,0,0,0,0,0,0,0,0,0,0,0
contig_40541,0,322,0,0,0,0,0,0,0,0,0,0,0,0,0,0,0,0,0,0,0,0,0,0,0,0,0,0,0,0,0,0,0,0,0,0,0,0,0,0,0,0,0,0,0,531,90,508,0,0,0,0,0,69,0,0,0,0,0,374,0,295,0,0,0,0,0,0,0,0,0,0,0,17,0,0,0,0,0,0,0,0,0,0,0,0,0,0,0,783,0,0
contig_40542,0,0,0,0,1860,0,0,0,0,0,0,0,0,0,0,0,6807,0,0,0,0,151,0,0,0,0,0,0,0,0,0,0,0,0,0,0,0,0,0,0,0,0,43,0,0,0,0,0,0,2580,0,0,0,0,0,0,0,177,0,0,0,23830,0,0,0,0,0,0,0,0,0,0,0,200,0,0,0,0,0,0,0,0,0,0,0,0,0,0,0,0,0,0
contig_40548,0,0,0,0,0,0,0,0,0,0,0,0,0,0,0,0,0,0,0,0,0,0,0,0,0,0,0,0,0,0,0,0,0,0,0,0,0,0,0,134,0,0,0,0,0,0,0,0,0,0,0,0,0,123,0,0,0,0,0,0,0,0,0,0,0,0,0,0,0,0,0,0,0,2531,0,0,0,0,0,0,0,0,0,0,0,0,830,0,0,0,0,0
contig_40552,0,0,116,368,42,0,0,0,0,0,16,0,0,0,0,0,0,58,0,0,0,0,0,0,0,0,0,0,0,1824,1169,72,0,0,0,0,0,0,0,0,0,0,0,0,0,0,0,0,0,0,0,233,0,0,0,0,564,0,0,0,0,0,0,2259,65,0,0,3389,340,0,0,0,0,2487,0,0,20,24,0,0,105,0,0,0,0,0,0,0,0,1231,0,0
contig_40563,0,0,508,0,0,0,950,0,0,0,0,0,0,0,0,0,177,0,0,0,0,0,0,0,0,0,0,67,96,46,0,0,0,0,0,0,0,0,0,0,0,0,0,0,0,0,0,676,404,306,271,0,0,0,0,0,207,0,0,803,50,416,0,685,1576,0,0,1177,0,0,0,0,0,0,0,0,0,0,0,0,3987,0,0,0,0,0,0,0,37,0,0,0
contig_40564,0,344,0,0,0,0,0,0,0,0,0,0,0,0,0,0,0,0,0,0,0,0,0,0,0,0,0,186,0,948,0,0,0,0,0,0,0,0,0,0,0,0,0,0,0,0,0,0,0,0,0,0,0,0,0,0,0,0,0,0,0,0,0,0,0,0,0,0,0,0,0,0,0,0,0,0,0,0,0,0,0,0,0,0,0,0,0,0,0,0,0,0
contig_40567,0,0,0,0,0,0,0,0,0,0,0,0,0,0,0,0,0,0,0,0,0,0,0,0,0,0,0,0,0,0,0,0,0,0,0,0,0,0,0,0,0,0,0,0,0,0,0,99,139,36,114,0,0,589,0,102,272,0,0,0,27,156,0,0,0,0,0,77,50,0,0,0,0,200,0,0,0,0,0,0,0,0,0,0,0,0,0,0,0,96,0,0
contig_40569,0,0,0,0,0,0,0,0,0,0,0,0,0,0,0,0,4414,0,0,0,0,0,0,0,0,0,0,0,0,0,0,0,0,0,0,0,0,0,0,0,0,0,0,0,0,0,0,0,41,0,0,0,0,0,0,0,0,0,175,0,439,42,0,0,0,0,0,0,0,0,0,0,0,0,0,0,0,0,0,0,0,0,0,0,0,0,0,0,0,0,0,0
contig_40587,0,0,0,0,0,0,0,0,0,0,0,0,0,0,0,0,0,0,0,0,0,0,0,0,0,0,0,0,0,79,0,0,0,0,0,0,0,0,0,0,0,0,0,0,0,32,0,0,235,181,82,0,0,0,0,0,178,0,0,0,0,0,0,0,0,0,0,0,0,0,0,0,0,0,0,0,0,0,0,0,0,0,0,0,0,0,0,0,0,104,0,0
contig_40601,0,0,0,1577,52,0,0,0,0,0,0,0,0,0,0,0,0,0,0,0,0,0,0,0,0,0,0,0,208,0,0,0,0,0,0,0,0,0,0,0,0,0,0,0,0,0,0,0,0,0,14,0,0,0,0,0,0,0,0,0,0,0,0,0,0,0,0,0,0,0,305,0,39,0,0,0,0,18,0,0,0,0,0,0,0,0,3831,0,0,0,0,0
contig_40619,0,0,0,0,0,0,0,0,0,0,0,0,0,0,0,0,0,0,0,0,0,0,0,0,0,0,0,0,35,0,0,0,0,0,0,0,0,133,0,0,0,0,0,0,0,0,0,0,0,0,71,0,0,0,0,0,0,0,0,0,0,1629,0,0,0,0,0,1086,0,0,0,0,0,0,0,0,16,0,0,0,0,0,0,0,0,0,0,0,320,0,0,0
contig_40628,0,2399,0,0,0,0,0,0,0,0,0,0,0,0,752,6812,328,0,0,0,0,0,0,0,0,0,0,1171,633,762,0,0,0,0,0,0,0,0,0,0,0,0,0,0,0,1231,0,0,0,0,0,0,0,0,0,0,305,0,102,399,3113,129,0,0,0,0,0,0,0,0,0,0,0,0,0,0,0,0,0,0,0,0,0,0,0,0,0,0,0,0,0,0
contig_40632,0,0,0,0,0,0,0,0,0,0,0,0,0,0,0,0,0,0,0,0,0,0,0,0,0,0,0,0,0,0,0,0,0,0,0,0,0,0,0,6143,0,0,0,0,0,0,0,0,0,0,0,0,0,0,0,0,0,0,0,0,812,0,0,0,0,0,0,0,0,0,0,0,0,0,0,0,0,0,0,0,0,0,0,0,0,0,139,0,0,1699,0,0
contig_40637,0,0,0,0,0,0,0,0,0,0,0,0,0,0,0,0,0,0,0,0,0,0,0,0,0,0,0,0,0,2310,0,0,0,0,0,0,0,0,0,0,0,0,0,0,0,0,0,0,0,0,856,0,0,0,0,0,0,0,0,0,0,1051,0,0,0,0,0,280,0,0,0,0,0,1434,0,0,0,0,0,0,0,0,0,0,0,0,0,0,454,0,0,0
contig_40646,0,0,0,0,0,0,0,0,0,0,0,0,0,0,279,25740,4481,0,0,0,0,0,0,0,0,0,0,0,0,0,0,0,0,0,0,0,0,0,0,0,0,0,0,0,0,0,0,0,0,0,593,0,0,0,0,0,0,0,0,0,1985,406,0,0,0,0,0,0,0,0,0,0,0,0,0,0,0,0,0,0,0,0,0,0,0,0,0,0,0,0,0,0
contig_40652,0,11057,0,0,0,0,0,0,0,0,0,0,0,0,0,0,1532,0,0,0,0,0,0,0,0,0,0,0,0,600,0,0,0,0,0,0,0,0,0,0,0,0,0,0,0,10195,636,1771,126,0,234,0,545,0,0,0,0,0,9455,43472,26106,73,0,3005,337,0,0,408,0,0,0,0,0,0,0,0,0,0,0,0,0,0,0,0,0,0,0,0,0,0,0,0
contig_40685,64,1633,0,0,0,360,4065,0,0,0,0,0,0,0,11787,3291,1266,0,0,0,0,0,0,0,0,201,0,1899,8207,4601,0,0,2451,0,0,0,0,0,350,472,0,0,0,0,0,2501,8473,4294,1620,1090,1160,0,0,0,0,0,1750,0,4935,10678,10849,335,0,0,0,0,0,467,1280,0,0,0,0,242,0,0,0,0,0,0,0,0,0,0,0,0,0,0,0,0,0,0
contig_40693,0,0,0,0,0,0,0,0,0,0,0,0,0,0,0,0,0,0,0,0,0,0,0,0,0,0,0,0,0,29,0,0,0,0,0,0,0,0,0,0,0,0,0,0,0,0,0,0,673,449,974,167,0,0,0,0,809,0,0,0,0,0,0,0,0,0,0,689,0,655,0,0,0,0,0,0,0,0,0,0,0,0,0,0,0,0,0,0,0,716,0,0
contig_40697,0,477,0,0,0,207,0,0,0,0,0,0,0,0,0,0,0,0,0,0,0,0,0,0,0,0,0,0,0,50,0,0,0,0,0,0,0,0,0,0,0,0,0,0,0,0,0,0,211,0,0,0,0,0,0,0,0,0,0,0,1325,270,0,0,0,0,0,154,0,0,0,0,0,0,0,0,0,0,0,0,0,0,0,0,0,0,0,0,0,0,0,0
contig_40700,0,0,0,0,0,0,0,0,0,0,0,0,0,392,0,0,0,0,0,0,0,0,0,0,0,0,0,0,0,0,0,0,0,0,0,0,0,5332,0,0,0,0,28,0,1095,0,0,0,0,0,0,0,0,0,0,0,0,0,0,0,0,0,0,0,0,0,0,0,0,0,0,0,0,1587,0,0,0,0,0,0,0,0,0,0,0,0,0,0,160,0,0,0
contig_40705,0,387,0,1084,0,0,0,0,0,0,0,0,0,0,896,0,730,0,0,0,0,0,0,0,0,0,0,0,296,0,0,0,0,0,0,0,0,0,3437,105,0,0,0,0,0,0,0,245,1204,3521,391,0,0,0,0,0,0,0,0,1766,1211,211,0,0,0,0,0,0,0,0,0,0,0,1563,0,0,0,0,0,0,0,0,0,0,0,0,0,0,0,247,0,0
contig_40722,0,0,0,0,0,0,0,0,0,0,0,0,0,0,214,0,0,0,0,0,0,0,0,0,0,0,0,0,579,176,0,0,0,0,0,0,0,0,0,0,0,0,0,0,0,0,0,0,0,0,0,0,0,0,0,0,0,0,0,0,647,76,0,0,0,0,0,0,0,0,0,0,0,0,0,0,0,0,0,0,0,0,0,0,0,0,0,0,0,0,0,0
contig_40723,0,0,0,0,0,0,0,0,0,0,0,0,0,0,0,0,0,0,0,0,0,0,0,0,0,0,0,0,91,44,0,0,0,0,0,0,0,108,0,0,0,0,0,0,0,0,0,133,158,0,0,0,0,0,0,0,392,0,0,0,196,117,0,0,0,0,0,0,0,0,0,0,0,0,0,0,0,0,0,0,0,0,0,0,0,0,0,0,0,0,0,0
contig_40724,0,859,0,0,0,0,717,0,0,0,0,0,0,0,0,9597,242,0,0,0,0,0,0,0,0,0,0,746,18982,2217,0,0,0,0,0,0,0,0,0,0,0,0,0,0,0,818,35,0,0,0,0,0,0,0,0,0,0,0,307,0,3966,375,0,0,0,0,0,0,0,0,0,0,0,0,0,0,0,0,0,0,0,0,0,0,0,0,0,0,0,0,0,0
contig_40728,0,0,0,0,0,0,0,0,0,0,0,0,0,0,0,0,0,0,0,0,0,0,0,0,0,0,0,0,0,0,0,0,0,0,0,0,0,0,0,3568,0,0,0,0,0,0,0,0,0,0,0,0,0,0,0,0,0,463,0,0,0,0,0,0,0,0,0,0,0,0,0,0,0,0,0,0,0,0,0,0,0,0,0,0,0,0,0,0,0,498,0,0
contig_40735,0,0,0,0,0,0,0,0,0,0,0,0,0,0,0,0,0,0,0,0,0,0,0,0,0,0,0,0,0,0,0,0,0,0,0,0,0,0,0,0,0,0,0,0,0,0,0,0,244,0,0,0,0,0,0,0,705,0,0,0,0,0,0,0,0,0,0,0,88,0,0,0,0,0,0,0,0,0,0,0,0,0,0,0,0,0,0,0,0,0,0,0
contig_40739,0,0,0,0,0,0,0,0,0,0,0,0,0,0,0,0,0,0,0,0,0,0,0,0,0,0,0,0,0,0,0,3184,378,0,0,0,0,0,0,0,0,0,0,0,0,0,0,0,228,62,0,0,0,0,0,0,0,0,0,0,0,0,0,0,0,0,0,0,0,0,0,0,0,0,0,0,0,0,0,0,0,0,0,0,0,0,0,0,0,0,0,0
contig_40740,0,0,0,62,0,0,0,0,0,0,0,0,0,0,0,0,0,0,0,0,0,0,0,0,0,0,0,0,0,0,0,0,0,0,0,0,0,0,0,0,0,0,0,0,0,0,0,0,0,0,0,0,0,0,0,0,0,0,0,0,0,0,0,0,0,0,0,0,0,0,0,0,0,0,0,0,0,0,0,0,0,0,0,0,0,0,147,0,0,695,0,0
contig_40782,2172,0,0,0,0,0,0,0,0,0,0,0,0,0,0,0,0,0,0,0,0,0,0,0,0,0,0,0,0,0,0,0,0,0,0,0,0,0,0,0,0,0,0,0,0,0,0,0,0,0,0,0,0,0,0,0,542,0,0,0,0,0,0,0,0,0,0,0,0,0,0,0,0,5878,0,0,0,0,0,0,0,0,0,0,0,0,2167,0,0,0,0,0
contig_40803,0,0,0,0,0,0,0,0,0,0,0,0,0,0,0,4153,0,0,0,0,0,0,0,0,0,0,0,0,0,0,0,0,0,0,0,0,0,0,0,0,0,0,0,0,0,0,0,0,0,0,0,0,0,0,0,0,0,0,0,0,0,0,0,0,0,0,0,370,0,0,0,0,0,0,0,0,0,0,0,0,0,0,0,0,0,0,0,0,252,0,0,0
contig_40814,0,0,0,0,0,0,0,0,0,0,0,0,0,0,0,0,635,0,0,0,0,0,0,0,0,0,0,740,0,0,0,0,0,0,0,0,0,0,0,0,0,0,0,0,0,7235,48,0,0,0,0,0,7499,0,0,0,0,0,8312,0,0,0,0,59,0,0,0,0,0,0,0,0,0,0,0,0,0,0,0,0,0,0,0,0,0,0,0,0,0,0,0,0
contig_40823,0,0,0,0,0,0,0,0,0,0,0,0,0,0,0,0,0,0,0,0,0,0,0,0,0,0,0,0,0,0,0,0,0,0,0,0,0,0,0,0,0,0,0,0,0,0,13,0,0,0,0,0,0,0,0,0,0,0,0,0,0,83,11,0,0,0,0,0,0,0,0,0,0,0,0,0,0,0,0,0,0,0,0,0,0,0,0,0,0,0,0,0
contig_40824,0,0,0,0,0,78,0,0,0,0,0,0,0,0,0,0,0,0,0,0,0,100,0,0,0,0,0,0,0,0,0,28,0,0,0,0,0,442,0,98,0,0,0,0,0,0,0,0,0,0,0,0,0,0,0,0,0,0,0,0,251,651,0,0,0,0,48,0,0,0,0,0,0,0,0,0,0,0,0,0,0,0,0,0,0,0,0,0,87,23,0,0
contig_40832,0,0,0,0,0,0,0,0,0,0,0,0,0,0,0,0,0,0,0,73,0,488,0,0,0,0,58,0,0,0,0,0,362,0,4759,0,0,0,964,7428,1030,112,135,20,125,0,0,0,0,0,0,0,0,0,0,605,4727,1974,0,0,0,0,0,0,0,0,960,71830,35982,948,948,2096,367,0,0,0,0,0,0,0,0,0,0,0,0,0,0,43,301,9577,64,0
contig_40848,0,0,0,0,0,0,0,0,0,0,0,0,0,0,0,0,0,0,0,0,0,0,0,0,0,0,0,0,0,0,0,0,0,0,0,0,0,0,0,0,0,0,0,0,0,0,0,63,0,0,66,0,0,0,0,0,0,0,0,0,0,0,0,0,0,0,0,68,0,0,0,0,0,512,0,0,0,0,0,0,71,0,0,0,0,0,0,0,30,113,0,0
contig_40850,0,0,0,0,0,0,0,0,0,0,0,0,0,37,0,0,0,0,0,0,0,0,0,0,0,0,0,0,0,0,3066,0,0,0,0,0,0,0,0,0,0,0,199,0,0,0,0,0,0,0,0,0,0,0,0,0,0,0,0,0,0,92,0,0,0,0,0,0,0,0,0,0,0,0,0,0,0,0,0,0,0,0,0,0,0,0,0,0,0,0,0,0
contig_40857,0,1019,0,0,0,1490,452,0,0,0,0,0,0,0,3460,5928,538,0,0,0,0,0,0,0,0,0,0,551,43334,3859,0,0,0,0,0,0,0,0,0,629,0,0,0,0,0,1465,0,0,0,0,0,0,0,0,0,0,63,0,390,0,3975,0,0,0,0,0,0,0,0,0,0,0,0,0,0,0,0,0,0,0,0,0,0,0,0,0,0,0,0,0,0,0
contig_40871,0,569,1919,1992,4428,732,0,0,0,0,198,0,0,42,734,0,729,0,0,0,0,0,0,0,0,51,0,0,0,492,0,1159,501,0,0,0,0,4836,261,702,0,31,389,0,89,0,579,508,2349,2733,1177,0,0,0,343,136,585,0,355,247,882,1283,0,0,191,0,793,572,2791,339,0,115,0,1370,0,0,0,0,0,0,0,0,0,0,0,0,2445,0,142,0,0,0
contig_40886,0,0,0,0,0,0,0,0,0,0,0,0,0,0,0,0,0,0,0,193,0,0,0,0,0,0,0,0,0,0,0,0,8576,0,0,0,0,0,0,0,323,0,0,0,0,0,0,0,0,0,0,0,0,0,0,623,0,0,33098,0,0,0,0,0,0,0,0,0,0,0,0,0,0,233,0,0,0,0,0,0,0,0,0,0,0,0,0,0,49,5839,0,0
contig_40889,0,0,0,0,0,0,0,0,0,0,0,0,0,0,0,0,107,0,0,0,0,0,0,0,0,0,0,0,0,0,0,0,0,0,0,0,0,0,0,0,0,0,0,0,0,0,0,0,281,0,0,0,0,0,0,0,277,0,75,0,60,0,0,0,0,0,0,0,0,0,0,0,0,438,0,0,0,0,0,0,0,0,0,0,0,0,0,0,0,0,0,0
contig_40890,0,0,0,0,0,0,0,0,0,0,0,0,0,0,0,0,0,0,0,0,0,0,0,0,0,0,0,0,0,0,0,0,0,0,0,0,0,236,0,0,0,0,340,0,0,0,0,0,0,0,0,0,0,0,0,72,0,0,0,0,0,209,40,0,0,0,980,0,0,0,0,0,0,0,0,0,0,0,0,0,0,0,0,0,0,0,1832,0,61,0,0,0
contig_40902,0,0,0,0,0,0,0,574,0,0,0,0,0,0,0,0,0,0,0,0,0,0,0,1864,0,0,0,0,0,0,0,0,0,0,0,0,0,0,0,0,0,0,0,0,0,0,0,0,0,0,0,0,8601,0,0,0,0,0,0,0,0,0,0,0,0,0,0,0,0,0,0,0,0,0,0,0,0,0,0,0,0,0,0,0,0,0,0,0,0,0,0,0
contig_40904,0,0,0,0,0,0,0,0,0,0,108,0,0,0,0,0,0,0,0,0,0,0,0,0,0,0,0,0,0,0,0,0,0,0,0,0,0,0,0,0,0,0,0,0,0,2148,2048,0,1094,0,266,0,0,0,0,0,166,0,0,0,0,1221,0,0,0,0,0,111,0,0,0,0,0,0,0,0,0,0,0,0,0,0,0,0,0,0,0,0,0,3645,0,0
contig_40928,0,0,0,0,0,0,0,0,0,0,0,0,0,0,0,0,0,0,0,0,0,0,0,0,0,0,0,0,0,0,0,0,0,0,0,0,0,0,0,0,0,0,0,0,0,0,0,0,81,0,0,0,0,0,0,0,249,0,0,0,0,0,0,0,0,0,0,732,389,0,0,0,0,0,0,0,0,0,0,0,0,0,0,0,0,0,0,0,0,0,0,0
contig_40937,0,0,0,0,0,0,0,0,0,0,0,0,0,0,0,0,0,0,0,0,0,0,0,0,0,0,0,0,0,47,0,0,0,0,0,0,0,0,0,0,0,0,0,0,0,0,0,0,0,0,0,0,565,47,0,0,0,0,0,0,129,128,0,0,0,0,0,0,0,0,0,0,0,62,0,0,0,0,0,0,0,0,0,0,0,0,0,0,0,27,0,0
contig_4095,0,0,0,0,0,0,0,0,0,0,0,0,0,0,0,0,0,0,0,0,0,0,0,0,0,0,0,0,0,0,0,0,0,0,0,0,0,140,0,0,0,0,0,0,0,0,0,0,0,0,0,0,0,0,0,0,0,0,0,0,0,0,0,0,0,0,0,0,0,0,0,0,0,0,0,0,0,0,0,0,0,0,0,0,0,0,0,0,0,1156,132,0
contig_40953,0,582,0,0,0,0,165,0,0,0,0,0,0,0,475,950,178,0,0,0,0,0,0,0,0,0,0,0,973,151,0,0,0,0,0,0,0,0,0,52,0,0,0,0,0,0,345,2042,102,0,893,0,0,0,0,29,560,0,0,278,460,19,0,151,0,0,0,129,0,0,0,0,0,317,0,0,0,0,0,0,116,0,0,0,0,0,154,0,143,338,0,0
contig_40957,0,0,0,0,0,0,0,0,0,0,0,0,0,0,0,0,0,0,0,0,0,0,0,0,0,0,0,0,0,0,0,0,0,0,0,0,0,0,0,54,0,0,0,0,0,0,0,0,0,0,0,0,0,0,0,0,21,0,0,0,0,0,0,0,0,0,0,625,23,0,0,0,0,193,0,0,0,0,0,0,0,0,0,0,0,0,149,0,0,0,0,0
contig_40970,0,0,0,0,0,0,0,0,0,0,0,0,0,0,8234,0,0,0,0,0,0,0,0,0,0,0,0,0,0,0,0,0,0,0,0,0,0,0,0,0,0,0,0,0,0,0,0,4513,1840,0,5866,0,0,846,0,0,1299,0,0,0,4920,396,0,0,0,0,0,0,1731,0,0,0,0,0,0,0,0,0,0,0,148,0,0,0,0,0,0,0,259,0,0,0
contig_4099,0,0,0,0,0,0,39,0,0,0,0,0,0,0,0,0,0,0,0,0,0,0,0,0,0,0,0,0,497,48,0,0,0,0,0,0,0,0,0,0,0,0,213,0,0,0,0,0,0,0,0,37,0,0,0,0,153,0,0,0,0,0,0,0,0,0,0,0,0,0,0,0,0,0,0,0,0,0,0,0,0,0,0,0,0,0,0,0,0,261,0,0
contig_40990,0,776,0,581,0,0,0,0,0,0,0,0,0,0,0,0,0,0,0,0,0,0,0,0,0,0,0,0,0,407,0,0,0,0,0,0,0,0,0,0,0,0,38,0,0,0,0,0,0,0,0,0,0,0,0,0,0,31,0,0,0,511,23,0,0,0,0,1310,0,0,0,0,0,3444,0,0,0,0,0,0,0,0,0,0,0,0,0,0,49,209,0,0
contig_40992,0,117,0,0,0,0,0,0,0,0,0,0,0,0,53,0,19,0,0,0,0,0,0,0,0,0,0,0,0,0,83,165,411,0,0,0,0,0,0,265,0,0,0,0,0,23,59,57,363,226,0,0,0,122,0,44,97,0,0,0,34,70,0,26,0,0,60,95,65,0,0,0,0,3458,0,84,0,0,0,0,0,0,0,0,0,0,3762,0,0,327,0,0
contig_40996,0,0,0,420,0,0,0,0,0,0,0,0,0,0,0,0,0,0,0,0,0,0,0,0,0,0,0,0,230,0,0,0,0,0,0,0,0,0,0,0,0,0,0,0,0,0,0,0,0,0,0,0,0,0,0,0,0,0,0,0,4526,0,0,0,0,0,0,0,0,0,0,0,0,0,0,0,0,0,0,0,0,0,0,0,0,0,0,0,0,0,0,0
contig_40999,0,0,0,0,0,0,0,0,0,0,0,0,0,0,0,0,0,0,0,0,0,0,0,0,0,0,0,0,0,0,0,0,0,0,0,0,0,0,0,0,0,0,0,0,0,0,0,0,0,0,0,0,0,0,0,0,0,0,0,0,0,0,0,0,0,0,0,0,0,0,0,0,0,0,0,0,0,0,0,0,0,0,0,0,0,0,0,0,21,75,36,0
contig_4100,0,0,0,0,0,0,0,0,0,0,0,0,0,0,0,0,0,0,0,0,0,0,0,0,0,0,0,0,0,0,0,0,0,0,0,0,0,0,0,0,0,0,0,0,0,0,0,56,0,0,24,0,0,0,0,0,0,0,0,0,405,245,0,0,0,0,0,0,0,0,0,0,0,0,0,0,0,0,0,0,0,0,0,0,0,0,0,0,0,0,0,0
contig_4101,0,0,0,0,0,0,70,0,0,0,0,0,0,0,0,0,0,0,0,0,0,0,0,0,0,0,0,0,252,25,0,0,0,0,0,0,0,0,0,0,0,0,23,0,0,0,0,0,0,162,138,0,0,0,0,0,1252,0,0,0,0,0,0,0,0,0,0,86,58,0,0,0,0,146,0,0,0,0,0,0,0,0,0,0,0,0,0,0,0,35,0,0
contig_4102,0,0,0,0,0,0,0,0,0,0,0,0,0,0,0,0,0,0,0,0,0,0,0,0,0,0,0,0,0,0,0,0,0,0,0,0,0,0,0,0,0,0,0,0,0,0,0,0,105,0,0,0,0,0,0,0,530,0,0,0,2248,0,0,0,0,0,0,0,0,0,0,0,0,0,0,0,0,0,0,0,0,0,0,0,0,0,0,0,0,0,0,0
contig_4103,0,0,0,0,0,0,0,0,0,0,0,0,0,0,0,0,0,0,0,0,0,0,0,0,0,0,0,0,0,0,0,0,0,0,0,0,0,0,0,0,0,0,0,0,0,0,0,0,0,106,406,0,0,0,0,0,0,0,0,0,0,399,0,0,0,0,0,174,128,0,0,0,0,0,0,0,0,0,0,0,0,0,0,0,0,0,0,0,0,0,0,0
contig_41036,0,0,0,0,2223,1041,0,0,0,0,0,0,0,0,0,0,2503,0,0,0,0,1565,0,0,0,0,0,0,0,0,993,1044,0,0,0,0,0,0,0,1422,0,0,0,0,0,0,0,1293,2417,0,1165,0,0,0,0,0,0,0,0,0,1448,1810,0,0,0,0,0,0,0,0,0,0,0,0,0,0,0,0,0,0,0,0,0,0,0,0,4894,0,232,1525,0,0
contig_41038,0,0,0,486,0,0,0,0,0,0,0,0,0,0,0,0,186,0,0,0,0,0,0,0,0,0,0,0,0,0,0,0,0,0,0,0,0,0,0,0,0,0,0,0,0,0,949,0,3427,0,3506,0,0,0,0,0,1440,0,0,516,1203,0,0,0,0,0,0,0,0,0,0,0,0,0,0,0,0,0,0,0,0,0,0,0,0,0,0,0,0,1093,0,0
contig_41048,0,0,0,0,0,0,0,0,0,0,0,0,0,0,0,0,0,0,0,0,0,0,0,0,0,0,0,0,0,0,0,0,0,0,0,0,0,0,0,0,0,0,0,0,0,0,0,0,0,0,0,0,0,144,0,0,0,0,0,0,0,0,0,0,0,0,0,0,0,0,0,0,0,474,0,0,0,0,0,0,0,0,0,0,0,0,807,0,0,0,0,0
contig_41056,0,0,0,0,0,0,0,0,0,0,0,0,0,0,0,0,0,0,0,0,0,0,0,0,0,0,0,0,137,0,0,0,0,0,0,0,0,0,0,0,0,0,0,0,0,0,0,0,0,0,0,0,0,0,0,0,652,0,0,0,638,534,0,0,0,0,0,0,0,0,0,0,0,0,0,0,0,0,0,0,0,0,0,0,0,0,0,0,0,0,0,0
contig_41061,0,0,0,0,0,0,0,0,0,0,0,0,0,0,0,0,0,0,0,0,0,0,0,0,0,0,0,0,0,0,0,92,0,0,0,0,0,637,0,0,0,0,0,0,0,0,0,0,0,0,0,0,0,0,0,0,0,0,0,0,0,0,0,0,0,0,0,0,0,0,0,0,0,0,0,0,0,0,0,0,0,0,0,0,0,0,0,0,0,973,104,0
contig_41063,0,0,0,0,0,0,0,0,0,0,0,0,0,0,0,0,290,0,0,0,0,83,0,0,0,0,0,0,0,487,0,0,0,0,0,0,0,0,0,0,0,0,0,0,0,0,0,0,0,0,0,0,0,0,0,0,0,0,0,0,0,709,0,0,0,0,0,0,0,0,0,0,0,522,0,0,0,0,0,0,0,0,0,0,0,0,0,0,0,0,0,0
contig_41065,0,357,0,0,0,0,0,0,0,0,0,0,0,0,123,3412,39,0,0,0,0,0,0,0,0,0,0,30,0,88,0,0,0,0,0,0,0,0,0,0,0,0,0,0,0,0,0,217,0,0,0,0,0,0,0,0,0,0,0,0,59,0,0,0,0,0,0,0,0,0,0,0,0,0,0,0,0,0,0,0,0,0,0,0,0,0,0,0,0,0,0,0
contig_41074,0,0,0,415,51,0,0,0,0,0,0,0,0,0,0,0,0,0,0,0,0,0,0,0,0,0,0,0,0,0,0,0,0,0,0,0,0,0,0,0,0,0,0,0,0,0,0,0,0,0,0,0,0,0,0,0,0,0,0,0,0,0,0,0,0,0,651,0,0,0,0,76,0,0,0,0,0,0,0,0,0,0,0,0,0,0,0,0,0,0,0,0
contig_41077,0,0,0,0,0,0,0,0,0,0,0,0,0,0,0,0,0,0,0,0,1597,1913,0,693,83,0,0,0,0,0,0,0,1266,10591,304,262,0,412,0,0,0,0,0,0,0,0,0,0,0,0,0,0,0,0,0,4342,0,0,0,0,0,0,0,0,0,0,0,0,0,0,0,0,0,103,0,0,0,569,0,0,0,355,0,0,0,0,0,0,1930,8901,0,0
contig_41080,0,269,0,0,0,0,0,0,0,0,0,0,0,0,0,413,240,0,0,0,0,55,0,0,0,0,0,0,3806,1146,0,255,4524,0,0,0,0,0,0,472,0,0,0,0,0,1404,7172,1479,528,412,687,25,1968,0,66485,141,86,0,94,2934,0,313,0,367,0,0,0,361,0,0,0,0,0,0,0,0,0,0,0,0,0,0,0,0,0,0,1444,0,336,4580,0,0
contig_41083,0,245,0,0,0,0,0,0,0,0,0,0,0,0,177,0,0,0,0,0,0,0,0,0,0,0,0,0,0,0,0,0,0,0,0,0,0,0,0,0,0,0,0,0,0,0,0,0,0,0,0,0,0,0,0,0,0,0,0,0,417,0,0,0,0,0,0,0,0,0,0,0,0,0,0,0,0,0,0,0,1095,0,0,0,0,0,0,0,84,151,0,0
contig_41087,0,0,0,328,0,0,0,0,0,0,0,0,0,0,0,0,0,0,0,0,0,0,0,0,0,0,0,0,0,0,0,0,0,0,0,0,0,0,0,0,0,0,0,0,0,0,0,0,925,0,0,0,0,438,0,0,0,0,0,0,0,0,0,171,0,0,0,2602,978,0,0,0,0,1582,0,0,0,0,0,0,0,0,0,0,0,0,0,0,0,1142,0,0
contig_41101,0,0,0,0,0,0,0,0,0,0,0,0,0,0,0,0,60,0,0,0,0,0,0,0,0,0,0,0,0,0,0,0,47,0,0,0,0,0,0,0,0,0,0,0,0,0,0,0,199,0,112,0,0,0,0,0,0,0,35,121,896,56,0,0,0,0,0,109,0,0,0,0,0,295,0,0,0,0,0,0,0,0,0,0,0,0,0,0,0,0,0,0
contig_41111,0,5674,594,0,0,0,0,0,0,0,0,0,0,0,0,0,0,0,0,0,0,0,0,0,0,0,0,0,0,0,0,0,0,0,0,0,0,0,0,0,0,0,0,0,0,0,0,0,144,84,1099,0,0,0,0,0,189,0,0,0,0,0,0,0,0,0,0,10455,0,0,0,0,0,0,0,0,0,0,0,0,0,0,0,0,0,0,0,0,0,0,0,0
contig_41129,0,0,0,0,0,0,0,0,0,0,0,0,0,0,339,0,0,0,0,0,0,0,0,0,0,0,0,0,0,0,0,0,0,0,0,0,0,0,0,0,0,0,0,0,0,0,0,484,0,55,481,0,0,0,0,0,0,0,0,0,2321,106,0,0,106,0,0,171,0,0,0,0,0,0,0,0,0,0,0,0,0,0,0,0,0,0,0,0,15,222,0,0
contig_41131,0,0,0,0,0,0,0,0,0,0,0,0,0,0,0,0,23,0,0,36,0,0,0,0,0,0,0,0,118,0,0,0,0,0,0,0,0,0,0,0,0,0,0,0,0,0,0,0,0,0,0,0,66,79,0,0,756,36,0,0,0,87,0,0,0,0,0,0,0,0,0,0,0,369,0,0,0,0,0,0,0,0,0,0,0,0,150,0,0,159,0,0
contig_41137,0,0,13863,1828,1338,0,0,0,0,0,0,0,0,0,0,0,0,0,0,0,0,0,0,0,0,0,0,0,0,0,0,41,0,0,0,0,0,0,0,0,0,0,0,0,0,0,0,0,0,0,0,0,0,0,0,42,0,0,0,0,1618,0,0,0,0,0,0,0,0,116,0,0,0,0,0,0,0,0,0,0,0,0,0,0,0,0,0,0,0,43,0,0
contig_41149,0,3290,0,0,130,0,0,0,0,0,0,0,0,0,0,0,245,0,0,0,0,0,0,0,0,0,0,0,0,296,0,0,0,0,0,0,0,0,0,0,0,0,0,0,0,0,0,0,770,773,1815,16,0,0,0,0,0,0,0,345,3771,110,0,682,0,0,0,131,83,334,0,0,0,307,0,0,0,0,0,0,0,0,0,0,0,0,1695,0,0,172,0,0
contig_41169,0,0,0,0,0,0,0,0,0,0,0,0,0,0,0,0,0,0,0,0,0,0,0,0,0,0,0,0,0,0,98809,37,0,367,6527,415,2802,14254,0,0,15,418,0,0,0,0,2592,2381,0,0,0,0,0,0,0,0,0,0,0,0,0,24,0,0,0,0,0,0,0,0,0,0,85,10733,0,0,0,0,0,2971,13011,0,0,0,0,0,0,0,697,0,46,0
contig_41175,0,726,0,0,0,921,2860,0,0,0,0,0,0,0,0,12362,756,0,0,0,0,0,0,0,0,0,0,288,8144,6745,0,17,0,0,0,0,0,0,0,72,0,0,0,0,0,542,186,0,0,0,0,0,0,0,0,0,24,0,410,401,9160,473,0,0,0,0,0,45,0,0,0,0,0,106,0,0,0,0,0,0,0,0,0,0,0,0,0,0,0,0,0,0
contig_41230,0,0,0,15347,0,0,0,0,0,0,0,0,0,0,0,0,0,0,0,0,0,0,0,0,0,0,0,0,0,0,0,0,0,0,0,0,0,0,0,0,0,0,0,0,0,0,0,0,0,0,0,0,0,0,0,0,0,0,0,0,0,7448,0,0,0,0,0,3945,0,0,0,0,0,0,0,0,0,0,0,0,0,0,0,0,0,0,0,0,0,0,0,0
contig_41243,0,0,0,1416,0,0,0,0,0,0,0,0,0,0,0,0,0,0,0,0,0,0,0,0,0,0,0,0,0,0,0,0,0,0,0,0,0,0,0,0,0,0,0,0,0,0,0,416,0,0,0,0,0,0,0,0,0,0,0,0,0,256,0,0,3520,0,0,0,0,0,0,0,0,0,0,0,0,0,0,0,0,0,0,0,0,0,0,0,0,0,0,0
contig_41267,0,0,0,0,0,0,0,0,0,0,0,0,0,0,0,0,0,0,0,0,0,0,0,0,0,0,0,0,0,0,0,0,0,0,0,0,0,0,0,0,0,0,0,0,0,0,0,278,46,86,99,0,0,0,0,0,0,0,0,0,612,216,0,0,0,0,0,779,0,0,0,0,0,0,0,0,0,0,0,0,0,0,0,0,0,0,0,0,0,0,0,0
contig_41271,0,0,0,0,0,0,0,0,0,0,0,0,0,0,0,0,40,0,0,0,0,0,0,0,0,0,0,0,0,0,0,0,0,0,0,0,0,0,0,0,0,0,0,0,0,0,0,0,0,0,0,0,0,0,0,0,72,0,0,0,0,0,0,0,0,0,0,0,0,0,0,0,0,0,0,0,0,0,0,0,0,0,0,0,0,0,0,0,0,120,0,0
contig_41276,0,2316,2491,0,0,717,0,0,0,0,0,0,0,0,1539,0,1107,0,0,0,0,614,0,0,0,0,0,0,0,0,0,0,0,0,0,0,0,0,0,1778,0,0,0,0,0,0,0,0,0,0,1427,0,0,0,0,508,740,0,0,0,2994,1424,0,0,0,0,0,0,0,0,0,0,0,0,0,0,0,0,0,0,0,0,0,0,0,0,3559,0,256,481,0,0
contig_41277,0,0,0,0,0,0,0,0,0,0,0,0,0,0,0,0,0,0,0,0,0,0,0,27,0,0,0,0,0,0,0,0,0,0,0,0,0,0,0,0,0,0,63,0,0,0,0,0,0,0,0,0,0,0,0,0,0,0,0,0,0,1149,0,0,0,0,0,1356,0,0,0,0,0,0,0,0,0,0,0,0,0,0,0,0,0,0,0,0,0,0,0,0
contig_41314,0,2792,0,0,0,0,0,0,0,0,0,0,0,0,6973,2677,0,0,0,20,0,186,0,0,0,0,0,0,2654,0,0,203,0,0,0,0,0,0,74,86,0,0,0,0,0,3004,0,0,0,0,346,0,0,0,4076,0,5178,0,0,5693,7933,1288,0,0,0,0,0,744,3804,0,0,0,0,236,0,0,0,0,0,0,3322,0,0,0,0,0,0,0,73,3230,0,0
contig_41329,0,0,0,270,0,0,0,0,0,0,0,0,0,0,0,0,1427,0,0,0,0,0,0,0,0,0,0,0,0,2116,619,0,0,0,0,0,0,0,0,62,0,31,585,0,0,0,0,0,923,307,231,0,0,0,1441,0,0,0,0,0,1462,896,0,0,0,0,0,0,0,0,0,0,0,1812,0,0,27,0,0,0,0,0,0,0,0,0,488,0,57,714,0,0
contig_41333,0,0,0,0,0,0,0,0,0,0,0,0,0,0,0,1276,0,0,0,0,0,0,0,0,0,0,0,0,0,0,0,0,0,0,0,0,0,0,0,0,0,0,0,0,52,9067,0,0,0,182,419,0,0,0,0,0,2226,0,0,1603,4653,291,0,0,0,0,0,122,79,0,0,0,0,0,0,0,0,0,0,0,0,0,0,0,0,0,0,0,0,0,0,0
contig_41336,0,0,0,1440,0,0,0,0,0,0,0,0,0,0,0,0,0,0,0,0,0,0,0,0,0,0,0,0,0,0,0,0,0,0,0,0,0,0,0,0,0,37,0,0,109,0,0,0,0,0,0,0,0,0,0,0,0,0,0,0,0,0,0,0,0,0,0,0,0,0,0,0,0,0,0,0,0,0,0,0,0,0,0,0,0,0,0,0,0,0,0,0
contig_41340,0,1384,0,74,0,192,0,0,0,0,0,0,0,0,0,0,0,0,0,0,0,0,0,0,0,0,0,0,0,0,0,0,0,0,0,0,0,0,0,0,0,0,0,0,0,0,0,563,0,0,442,0,0,0,0,0,0,0,0,0,0,175,0,0,0,0,0,1536,0,0,0,0,0,238,0,0,0,0,0,0,0,0,0,0,0,0,0,0,0,123,0,0
contig_41342,0,0,0,0,0,0,0,0,0,0,0,0,0,0,0,0,0,0,0,0,0,0,0,0,0,0,0,0,0,0,0,0,0,0,0,0,0,0,0,0,0,0,0,0,0,0,0,0,0,0,0,0,0,0,0,0,0,0,0,674,0,698,0,0,0,0,0,2531,0,0,0,0,0,0,0,0,0,0,0,0,0,0,0,0,0,0,0,0,0,0,0,0
contig_41374,0,0,1036,0,2580,2958,0,0,0,0,371,0,0,0,108,0,0,0,0,0,0,673,0,0,0,0,0,0,0,2100,1482,0,0,0,0,0,0,5368,0,0,0,0,0,0,0,0,0,0,0,0,0,792,0,0,0,0,0,0,0,0,0,11985,0,0,0,0,0,0,0,0,0,0,0,0,0,50,0,0,0,0,0,0,0,0,0,0,0,0,314,111,0,0
contig_4142,0,0,0,0,0,0,0,0,0,0,0,0,0,0,0,0,0,0,0,0,0,0,0,0,0,0,0,0,0,0,0,0,0,0,0,0,0,0,0,0,0,0,0,0,127,0,0,0,0,0,0,0,0,0,0,0,0,0,0,0,0,0,0,0,0,0,0,0,0,0,0,0,0,0,0,0,0,0,0,0,0,0,0,0,0,0,2208,0,212,0,0,0
contig_41432,143,0,912,7547,4247,5323,7560,0,0,0,0,0,1440,0,10838,0,0,0,0,0,0,6690,0,17,0,500,0,678,175,230,544,5467,21640,0,0,0,0,18961,0,0,0,0,528,0,0,2103,8278,2206,1656,1913,605,0,0,7162,0,0,229,0,0,5228,106,3289,527,2801,16803,4678,887,4412,13782,0,0,400,0,342,0,0,0,0,114,3469,124354,0,0,0,0,0,3368,0,173,610,0,0
contig_41441,0,0,0,0,0,0,0,0,0,0,0,0,0,0,0,0,0,0,0,0,0,0,0,0,0,0,0,0,74,0,317,0,0,0,0,0,0,0,447,0,0,0,0,0,0,0,0,160,0,0,764,318,1332,645,0,0,882,144,0,0,736,2003,0,0,0,0,0,819,0,0,0,0,0,2858,0,0,0,0,0,0,0,0,0,0,0,0,1364,0,0,892,0,0
contig_41461,3558,2994,2290,0,0,0,0,0,0,0,0,0,0,0,2346,43442,4426,0,0,0,0,27,0,0,0,0,0,3002,0,12428,182,0,94,0,0,0,0,0,0,0,0,0,0,0,0,445,73,0,40,0,0,0,0,1897,0,35,41,0,973,3240,0,1959,0,3639,0,0,0,0,0,0,0,0,0,239,0,0,0,0,0,15,31193,0,0,0,0,0,0,0,0,446,0,0
contig_41476,0,0,0,0,0,0,0,0,0,0,0,0,0,0,0,0,0,0,0,0,0,0,0,0,0,0,0,0,0,0,0,93,144,0,0,0,0,51,0,0,0,0,0,0,0,0,0,127,158,0,340,0,0,0,0,0,0,0,0,0,0,0,0,0,0,0,0,0,0,0,0,0,0,0,0,0,0,0,0,0,0,0,0,0,0,0,0,0,0,0,0,0
contig_41483,0,4267,0,718,0,267,0,0,0,0,0,0,0,0,0,0,363,0,0,0,0,0,0,0,0,0,0,1562,0,1826,0,0,0,0,0,0,0,0,0,0,0,0,0,0,0,0,443,1562,445,810,989,0,0,0,0,266,0,0,7310,3097,5885,297,0,0,0,0,0,79,0,613,0,0,0,659,0,0,0,0,0,0,0,0,0,0,0,0,0,0,0,153,0,0
contig_41490,0,0,0,0,256,0,0,0,0,0,0,0,0,0,0,0,1295,0,0,0,0,0,0,0,0,0,0,0,0,0,0,0,0,0,0,0,0,0,0,0,0,0,0,0,0,0,0,0,0,354,1820,0,0,0,0,0,0,0,0,0,0,0,0,0,0,0,0,0,0,0,0,0,0,0,0,0,0,0,0,0,0,0,0,0,0,0,0,0,0,0,0,0
contig_41498,0,424,0,28,25,0,0,0,0,0,0,0,0,0,0,0,0,0,0,0,0,0,0,0,0,0,0,0,0,24,0,0,0,0,0,0,0,0,0,0,0,0,0,0,0,0,0,0,0,0,808,0,0,0,0,0,0,0,0,0,77,348,0,0,0,0,0,258,0,0,0,0,0,0,0,0,0,0,0,0,0,0,0,0,0,0,0,0,0,0,0,0
contig_41508,0,0,0,0,0,0,0,0,0,0,0,0,0,0,0,0,171,0,0,37,0,0,0,0,0,0,0,0,0,0,0,0,0,0,0,0,0,0,0,166,0,33,51,0,129,0,0,0,1139,293,184,0,293,3119,0,0,0,192,0,0,0,0,214,0,0,0,0,471,341,0,0,0,0,0,0,0,0,0,0,0,0,0,0,0,0,0,4464,0,35,2963,0,0
contig_4152,0,0,0,0,0,482,424,0,0,0,0,0,0,0,0,1028,1332,0,0,0,0,0,0,0,0,0,0,560,158636,1276,0,91,0,0,0,0,0,0,0,1320,0,0,0,0,0,466,3270,76,0,0,0,0,0,296,0,0,5190,842,128,14766,10529,3137,0,0,0,0,0,45,0,0,0,0,0,1534,0,0,0,0,0,362,0,0,0,0,0,0,1446,0,92,165,0,0
contig_41528,0,0,0,0,0,0,0,0,0,0,0,0,0,0,0,23,0,0,0,0,0,0,0,0,0,0,0,0,0,0,0,0,0,0,0,0,0,0,0,0,0,0,30,0,0,0,0,64,570,2829,59,0,0,0,0,0,0,0,0,0,616,414,0,0,0,0,0,1486,57,176,0,0,0,165,0,0,0,0,0,0,0,0,0,0,0,0,0,0,14,0,0,0
contig_4153,0,0,0,0,0,0,0,0,0,0,0,0,0,0,47090,0,6294,1583,0,0,0,0,0,0,0,0,0,0,0,0,0,0,0,0,0,0,0,0,0,0,0,0,0,0,0,0,0,0,0,0,0,0,0,0,0,0,0,0,1753,0,0,0,0,0,0,0,0,0,0,0,0,0,0,0,0,0,0,0,0,0,0,0,0,0,0,0,0,0,0,0,0,0
contig_4154,0,0,168,0,0,0,0,0,0,0,0,0,0,0,0,0,0,0,0,0,0,0,0,0,0,0,0,54,192,0,0,53,0,0,0,0,0,0,0,5197,0,0,0,0,0,0,0,0,0,0,0,0,0,0,0,0,39,762,0,0,761,0,0,0,0,0,0,0,0,0,0,0,0,352,0,0,0,0,0,0,0,0,0,0,0,0,161,0,0,4377,0,0
contig_41549,0,0,0,0,0,0,0,0,0,0,0,0,0,0,0,0,0,0,0,70,0,0,0,0,0,0,0,0,0,0,0,0,0,0,0,0,0,1774,0,0,0,0,5625,0,0,0,0,0,0,0,0,0,0,0,0,0,0,0,0,0,0,14616,0,0,0,0,0,0,0,0,0,0,0,0,0,0,0,0,0,0,0,0,0,0,0,0,0,0,0,0,0,0
contig_41556,0,0,0,0,0,0,0,0,0,0,0,0,0,0,0,0,0,0,0,0,0,0,0,0,0,0,0,0,0,0,0,0,0,0,0,0,0,332,0,0,0,0,0,0,0,0,0,0,0,0,0,0,0,0,0,0,0,0,0,0,0,0,0,0,0,0,0,0,0,0,0,0,0,0,0,0,0,0,0,0,0,0,0,0,0,0,0,0,0,405,118,0
contig_41573,0,0,0,0,0,0,0,0,0,0,0,0,0,0,0,0,0,0,0,0,0,0,0,0,0,0,0,0,0,0,0,0,0,0,0,0,0,98,0,0,0,0,0,0,0,0,0,0,0,0,0,0,0,0,0,0,0,0,0,0,0,1511,0,0,0,0,0,811,0,0,0,0,0,0,0,0,0,0,0,0,0,0,0,0,0,0,0,0,256,0,0,0
contig_41593,0,0,0,0,0,0,0,0,0,0,0,0,0,0,0,0,0,0,0,0,0,0,0,0,0,0,0,0,0,0,48144,49,0,291,278,193,1496,4936,0,0,0,0,0,0,0,0,130,793,0,0,0,0,0,0,0,0,0,0,0,0,0,0,0,0,0,0,0,0,0,0,0,0,27,3131,0,0,0,0,0,205,6646,0,0,0,0,0,0,0,312,0,17,0
contig_41595,0,0,0,444,322,0,0,0,0,0,0,0,0,0,991,0,0,0,0,0,0,0,0,0,0,0,0,0,0,384,0,0,0,0,0,0,0,0,0,0,0,10,65,0,198,0,0,0,0,1444,0,0,0,0,0,0,1523,0,0,0,9610,7169,0,0,0,0,31,1578,0,0,0,0,0,0,0,0,0,0,0,0,0,0,0,0,0,0,0,0,0,23,0,0
contig_41597,0,0,0,0,0,0,0,0,0,0,0,0,0,0,0,0,0,0,0,0,0,0,0,0,0,0,0,0,0,0,0,0,0,0,0,0,0,0,0,0,0,0,0,0,0,0,0,835,183,147,2139,0,0,0,0,0,0,0,0,0,424,448,0,0,0,0,0,0,0,0,0,0,0,0,0,0,0,0,0,0,0,0,0,0,0,0,0,0,0,0,0,0
contig_41604,0,0,0,0,0,0,0,0,0,0,0,0,0,0,0,0,0,0,0,0,0,0,0,0,0,0,0,0,0,33,0,134,0,0,0,0,0,0,0,0,0,0,0,0,0,101,0,0,0,0,22,0,0,0,1034,0,0,0,0,0,33,64,0,0,0,0,0,26,0,0,0,0,0,0,0,0,0,0,0,0,0,0,0,0,0,0,0,0,0,181,0,0
contig_41605,0,0,0,0,0,0,155,0,0,0,0,0,0,0,0,0,0,0,0,0,0,0,0,0,0,0,0,0,0,0,0,0,24,0,0,0,0,0,0,111,0,0,0,0,0,0,0,0,188,0,0,0,0,0,0,0,0,0,0,0,0,0,0,0,0,0,0,376,0,0,0,0,0,0,0,0,0,0,0,0,0,0,0,0,0,0,0,0,0,0,0,0
contig_41606,0,0,0,0,0,0,0,0,0,0,0,0,0,0,9240,0,0,0,0,0,0,0,0,0,0,0,0,0,0,0,0,0,0,0,0,0,0,0,0,0,0,0,0,0,0,0,0,0,0,0,0,0,0,0,0,0,0,0,0,0,3980,748,0,0,0,0,0,0,0,0,0,0,0,0,0,0,0,0,0,0,0,0,0,0,0,0,0,0,0,0,0,0
contig_41615,0,0,0,0,0,0,0,0,0,0,0,0,0,0,0,0,0,0,0,0,0,0,0,0,0,0,0,0,0,595,0,0,0,0,0,0,0,0,0,41,0,0,45,0,0,0,0,1433,0,0,0,0,0,0,0,0,0,0,0,0,0,493,18,0,0,0,0,764,0,0,0,0,0,749,0,0,0,0,0,0,107,0,0,0,0,0,0,0,48,229,0,0
contig_41622,0,0,0,0,0,0,0,0,0,0,0,0,0,0,0,0,0,0,0,0,0,0,0,0,0,0,0,0,0,0,0,0,0,0,0,0,0,0,0,0,0,0,0,0,0,216,0,0,0,0,0,0,0,0,0,0,217,0,0,0,503,0,0,0,0,0,0,0,0,0,0,0,0,0,0,0,0,0,0,0,0,0,0,0,0,0,0,0,0,0,0,0
contig_41672,0,0,0,0,0,0,0,0,0,0,0,0,0,0,0,0,0,0,0,0,0,0,0,0,0,0,0,43,0,0,0,0,0,0,0,0,0,0,0,0,0,0,0,0,0,237,0,0,0,0,0,0,0,0,0,0,0,0,0,100,0,0,0,0,0,0,0,36,325,0,0,0,0,0,0,0,0,0,0,0,0,0,0,0,0,0,387,0,0,30,0,0
contig_41675,0,935,0,0,0,0,140,0,0,0,0,0,0,0,0,2079,0,0,0,0,0,0,0,0,0,0,0,2312,1409,0,0,0,0,0,0,0,0,0,0,0,0,0,0,0,0,0,0,0,0,0,0,0,0,0,0,0,0,0,267,124,356,156,0,0,0,0,0,0,0,0,0,0,0,0,0,0,0,0,0,0,0,0,0,0,0,0,0,0,0,0,0,0
contig_41681,0,0,0,1354,0,0,0,0,0,0,0,0,0,0,0,0,820,0,0,0,0,1467,0,0,0,0,0,0,458,631,2093,1243,0,0,0,0,0,2926,133,2382,0,0,0,0,0,0,0,912,3942,1787,3956,100,0,1262,3985,0,1503,0,0,1703,1008,1972,0,0,0,0,0,343,1782,1159,706,0,0,9486,0,0,0,0,0,0,0,0,0,0,0,0,11110,0,306,4302,0,0
contig_41716,0,0,0,0,0,0,0,0,0,0,0,0,0,0,0,0,0,0,0,0,0,0,0,0,0,0,0,0,0,0,0,72,1008,0,0,0,0,0,0,0,0,0,0,0,0,0,0,0,173,0,0,0,0,0,0,0,0,0,0,0,0,108,0,0,0,0,0,0,0,0,0,0,0,0,0,0,0,0,0,0,0,0,0,0,0,0,0,0,0,0,0,0
contig_41721,0,0,0,79,0,0,0,0,0,0,0,0,0,0,0,0,33,0,0,75,0,66,0,0,0,0,0,0,0,0,436,0,0,0,0,0,0,0,0,0,0,0,0,0,0,0,0,0,0,0,0,0,0,0,0,0,0,0,0,0,0,1376,0,0,0,0,0,752,0,0,0,0,0,0,0,0,0,0,0,0,0,0,0,0,0,0,0,0,0,0,0,0
contig_41726,0,0,0,0,0,0,0,0,0,0,0,0,0,0,0,0,0,0,0,0,0,0,0,0,0,0,0,0,156,0,0,0,0,0,0,0,0,0,0,0,0,0,0,0,0,0,1046,0,0,0,0,0,0,0,0,0,192,0,0,0,139,153,0,0,202,0,419,318,440,0,0,0,0,0,0,0,0,0,0,0,1526,0,0,0,0,0,1620,0,0,0,0,0
contig_41730,0,0,0,0,0,0,0,0,0,0,0,0,0,0,0,0,0,0,0,0,0,0,0,0,0,0,0,0,0,0,0,0,0,0,0,0,0,0,0,0,0,0,0,0,0,0,0,0,0,0,0,0,0,0,0,0,0,0,0,0,0,0,0,0,0,0,1180,0,33,0,0,91,63,0,0,0,0,0,0,0,0,0,0,0,0,0,0,0,0,0,0,0
contig_41742,0,0,0,0,0,0,0,0,0,0,0,0,0,0,0,0,63,0,0,0,0,0,0,0,0,0,0,0,0,0,0,535,0,0,0,0,0,0,99,1816,0,0,0,0,0,0,0,0,0,0,46,0,0,0,0,0,0,0,0,0,0,0,0,0,0,0,0,0,0,0,0,0,0,0,0,0,0,0,0,0,0,0,0,0,0,0,0,0,0,0,0,0
contig_41745,0,0,0,0,0,0,0,0,0,0,0,0,0,0,0,0,0,0,0,0,0,0,0,0,0,0,0,0,0,2107,0,0,0,0,0,0,0,0,0,0,0,0,0,0,0,0,0,118,114,0,135,0,0,0,0,0,0,0,0,0,4234,496,0,0,0,0,0,0,0,0,0,0,0,0,0,0,0,0,0,0,22,0,0,0,0,0,0,0,0,0,0,0
contig_41754,0,0,0,206,0,0,0,0,0,0,0,0,0,0,0,0,0,0,0,168,0,0,0,0,0,0,0,0,0,0,0,0,1523,0,3685,0,0,0,0,2160,1849,0,0,0,0,0,0,0,0,0,0,0,0,0,0,950,0,563,0,0,0,0,0,0,0,0,372,5161,1485,214,293,67,0,0,0,0,0,0,0,0,0,0,0,0,0,0,16580,0,257,3399,0,0
contig_41763,0,0,0,0,0,0,0,0,0,0,0,0,0,0,0,0,0,0,0,0,0,0,0,0,0,0,0,0,0,0,0,0,0,0,0,0,0,90,0,0,0,0,0,0,0,0,0,0,0,155,0,0,0,0,0,0,335,0,0,0,0,0,0,0,0,0,205,0,0,0,0,0,31,0,0,0,0,0,0,0,0,0,0,0,0,0,153,0,0,0,0,0
contig_41766,0,0,0,0,0,0,0,0,0,0,0,0,0,0,0,0,192,0,0,0,0,0,0,0,0,0,0,0,0,909,0,0,0,0,0,0,0,0,0,0,0,0,0,0,0,0,0,0,0,119,0,0,0,0,0,0,0,0,139,0,2781,0,0,0,0,0,0,0,0,0,0,0,0,0,0,0,0,0,0,0,0,0,0,0,0,0,0,0,0,0,0,0
contig_41768,0,0,0,0,0,0,0,0,0,0,0,0,0,0,0,0,261,0,0,0,0,0,0,0,0,0,0,0,0,71,0,0,0,0,0,0,0,0,0,0,0,0,0,0,0,0,0,0,27,0,0,0,0,114,0,0,0,0,0,0,0,247,0,0,0,0,0,13,0,0,0,0,0,280,0,0,0,0,0,0,0,0,0,0,0,0,253,0,0,37,0,0
contig_41772,0,90,0,0,0,0,0,0,0,0,0,0,0,0,3047,0,713,0,0,0,0,0,0,0,0,0,0,296,0,0,0,0,0,0,0,0,0,0,0,0,0,0,0,0,0,51,267,0,0,0,0,0,0,0,0,0,0,0,0,0,836,342,0,0,0,0,0,0,0,0,0,0,0,0,0,0,0,0,0,0,0,0,0,0,0,0,0,0,0,0,0,0
contig_41778,0,0,0,0,0,0,0,0,0,0,0,0,0,0,0,0,227,0,0,0,0,0,0,0,0,0,0,0,0,0,0,0,0,0,0,0,0,0,0,0,0,0,0,0,0,10286,0,220,0,131,550,0,0,0,0,0,0,0,0,3408,9316,492,0,0,0,0,24,207,146,0,0,0,0,0,0,0,0,0,0,0,0,0,0,0,0,0,0,0,0,0,0,0
contig_41807,0,0,0,0,0,0,0,0,0,0,0,0,0,0,0,0,638,0,0,0,0,0,0,0,0,0,0,0,264,592,0,0,0,0,0,0,0,0,0,0,0,0,50,0,0,0,0,0,0,1990,1037,0,0,0,0,0,0,0,0,0,492,0,0,0,0,0,0,0,0,0,0,0,0,0,0,0,0,0,0,0,0,0,0,0,0,0,0,0,0,0,0,0
contig_41810,0,0,0,532,0,29321,0,0,0,0,0,0,0,0,0,0,0,0,0,0,0,0,0,0,0,0,0,0,0,0,0,0,0,0,0,0,0,0,0,0,0,0,166,0,0,0,0,0,0,0,519,0,0,0,0,0,3520,0,0,0,0,0,38,0,0,0,10128,0,0,0,0,0,96,0,0,0,0,0,0,0,0,0,0,0,0,0,466,0,113,0,0,0
contig_41822,0,0,0,0,0,0,0,0,0,0,0,0,0,0,0,0,0,0,0,0,0,0,0,0,0,0,0,0,0,0,0,0,0,0,0,0,0,0,0,0,0,0,0,0,0,0,0,0,372,393,151,0,0,0,0,0,2339,0,0,0,0,0,0,0,0,0,0,0,0,0,0,0,0,0,0,0,0,0,0,0,0,0,0,0,0,0,0,0,0,52,0,0
contig_41835,0,0,0,0,0,0,0,0,0,0,0,0,0,0,0,0,0,0,0,0,0,0,0,0,0,0,0,0,0,0,0,0,0,0,0,0,0,0,0,0,0,0,0,0,0,0,0,0,0,0,140,0,0,0,0,0,2034,0,0,0,0,0,0,0,0,0,0,0,0,0,0,0,0,237,0,0,0,0,0,0,0,0,0,0,0,0,0,0,0,0,0,0
contig_41851,0,0,0,0,0,0,0,0,0,0,0,0,0,0,0,0,0,0,0,0,0,0,0,0,0,0,0,0,0,0,249,0,0,0,0,0,0,0,0,0,0,0,0,0,0,0,0,0,0,0,0,0,0,0,0,0,19,0,0,0,0,355,0,0,0,0,0,0,0,0,0,0,0,200,0,0,0,0,0,0,0,0,0,0,0,0,0,0,0,43,0,0
contig_41866,0,0,0,71,0,0,0,0,0,0,0,0,0,0,0,0,0,0,0,0,0,0,0,0,0,0,0,0,0,0,0,0,0,0,0,0,0,0,0,0,0,0,0,0,0,0,0,0,633,734,441,0,0,0,0,0,0,0,0,0,0,1043,0,0,0,0,0,0,0,0,0,0,0,297,0,0,0,0,0,0,0,0,0,0,0,0,0,0,0,0,0,0
contig_41870,0,0,0,301,0,0,0,0,0,0,0,0,0,0,606,18025,0,0,0,0,0,0,0,0,0,0,0,0,0,1211,0,0,0,0,0,0,0,0,0,0,0,0,0,0,0,0,0,1924,0,0,839,0,0,0,0,0,0,0,0,0,1587,0,0,0,0,0,0,0,0,0,0,0,0,0,0,0,0,0,0,0,0,0,0,0,0,0,0,0,0,0,0,0
contig_41877,0,0,0,0,0,0,0,0,0,0,0,0,0,0,438,627,283,0,0,0,0,0,0,0,0,0,0,0,72,0,0,0,0,0,0,0,0,0,0,67,0,0,0,0,0,0,1621,2657,0,0,898,0,0,0,0,0,696,0,0,53,1072,0,0,0,0,0,0,0,0,0,0,0,0,1666,0,1082,0,0,0,0,224,0,0,0,0,0,0,0,194,69,0,0
contig_41878,0,0,0,0,0,0,0,0,0,0,0,0,0,0,0,0,0,0,0,0,0,0,0,0,0,0,0,0,0,2729,0,0,0,0,0,0,0,0,0,0,0,0,0,0,0,0,0,6785,3384,0,466,105,546,684,0,0,0,0,9459,0,15327,267,0,0,0,0,0,1846,663,0,0,0,0,2990,0,0,0,0,0,0,0,0,0,0,0,0,1367,0,0,148,0,0
contig_41880,0,0,0,23,0,0,0,0,0,0,0,0,0,0,0,0,3430,0,0,0,0,0,0,0,0,0,0,0,176,386,205,0,0,0,0,0,0,0,0,136,0,0,0,0,0,0,0,0,15,0,0,91,0,0,0,0,0,0,0,0,0,855,0,0,0,0,0,0,0,0,0,0,0,0,0,0,0,0,0,0,0,0,0,0,0,0,0,0,0,0,0,0
contig_41884,0,131,0,0,0,0,279,0,0,0,0,0,0,0,0,0,0,0,0,0,0,0,0,0,0,0,0,0,0,0,0,0,0,0,0,0,0,0,0,0,0,0,0,0,0,0,0,0,0,0,0,0,0,0,0,0,0,0,0,0,0,0,0,0,0,0,0,0,0,0,0,0,0,0,0,0,0,0,0,0,0,0,0,0,0,0,2317,0,0,0,0,0
contig_41886,0,374,0,0,0,0,0,0,0,0,0,0,0,0,0,0,111,0,0,0,0,0,0,0,0,0,0,0,1149,1605,0,200,1471,0,0,0,0,0,0,0,0,0,0,0,12,1427,4260,0,151,678,0,0,0,0,1389,0,1952,0,0,1451,824,742,0,0,0,0,0,588,3520,0,263,0,0,0,0,0,0,0,0,0,1202,0,0,0,0,0,0,0,0,3014,0,0
contig_41887,0,5195,1787,0,1360,782,4071,0,0,0,0,0,0,0,8446,0,0,0,83,28,0,0,0,0,0,0,0,248,1049,0,0,0,0,0,0,0,0,0,178,0,0,0,0,0,0,0,0,0,3966,1327,4863,0,0,1707,0,2611,2799,0,2661,1625,10779,1800,0,0,0,0,0,0,0,0,0,0,0,7541,0,0,0,0,0,0,0,0,0,0,0,0,10680,0,166,1871,0,0
contig_41897,0,0,55,35,78,792,0,0,0,0,0,0,0,144,0,0,0,0,0,0,0,0,0,0,0,0,0,0,0,944,272,0,0,0,0,0,0,353,0,39,0,298,1346,0,0,0,0,24,0,0,0,123,0,0,0,0,0,892,0,0,0,9677,0,0,0,0,0,0,0,66,0,0,620,0,0,0,69,0,0,0,0,0,0,0,0,0,0,0,0,0,0,0
contig_41901,0,2127,0,0,0,0,431,0,0,0,0,0,0,0,2722,30074,2748,0,0,0,0,0,0,0,0,0,0,0,299,5446,0,0,0,0,0,0,0,0,0,0,0,0,0,0,0,0,0,0,0,0,0,0,0,0,0,0,732,0,6246,0,0,0,0,1161,0,0,0,0,0,0,0,0,0,0,0,0,0,0,0,0,8002,0,0,0,0,0,0,0,0,0,0,0
contig_41903,0,0,0,0,0,0,0,0,0,0,0,0,0,0,0,46941,0,0,0,0,0,0,0,0,0,0,0,8650,0,0,0,0,0,0,0,0,0,0,0,0,0,0,0,0,0,0,0,0,0,0,0,0,0,0,0,0,0,0,0,0,0,0,0,0,0,0,0,340,0,0,0,0,0,0,0,0,0,0,0,0,0,0,0,0,0,0,0,0,0,0,0,0
contig_41915,0,0,0,0,0,0,0,0,0,0,0,0,0,0,0,0,408,76,0,180,0,0,0,0,0,0,0,0,0,0,0,0,0,0,0,0,0,0,0,669,3363,57,173,41,172,0,0,0,1369,0,0,5676,0,4949,0,3194,0,345,0,0,0,0,0,0,0,0,393,602,635,431,441,320,0,2245,0,0,0,0,0,0,0,0,0,0,0,0,8976,0,131,16915,51,0
contig_41929,0,0,0,623,410,1095,0,0,0,0,0,0,0,0,0,0,0,0,0,0,0,0,0,0,0,0,0,0,0,2017,0,32,0,0,0,0,0,0,0,0,0,0,3506,0,0,0,0,1930,0,0,51,21,0,0,0,0,0,0,0,0,338,1778,0,0,0,0,0,0,0,0,0,0,0,0,0,0,0,0,0,0,0,0,0,0,0,0,0,0,3088,6210,0,0
contig_41943,0,349,0,0,0,0,0,0,0,0,0,0,0,0,695,25579,0,0,0,0,0,0,0,0,0,0,0,0,0,0,101,0,0,0,0,0,0,0,0,0,0,0,0,0,0,1071,0,0,0,0,0,0,0,328,0,0,183,0,0,188,0,133,0,0,0,0,0,0,0,0,0,0,0,506,0,0,0,0,0,0,0,0,0,0,0,0,0,0,0,63,0,0
contig_41959,0,38,0,74,0,0,0,0,0,0,0,0,0,0,45,0,0,0,0,0,0,0,0,0,0,0,0,0,0,135,0,169,3008,0,0,0,0,0,0,0,0,0,0,0,0,0,43,0,159,50,0,0,0,3392,0,0,175,0,0,131,112,1857,0,0,0,0,29,518,296,0,0,0,0,1035,0,0,0,0,0,23,176,0,0,0,0,0,225,0,0,527,0,0
contig_41991,0,0,0,123,275,0,0,0,0,0,0,0,0,0,0,0,1232,0,0,0,0,0,0,0,0,0,0,0,0,405,0,211,0,0,0,0,0,319,0,0,0,0,58,0,0,0,0,0,668,0,2255,530,0,0,0,0,703,0,0,1080,602,5124,85,0,0,0,0,846,0,0,0,49,0,7471,0,0,0,0,0,0,0,0,0,0,0,0,0,0,0,249,0,0
contig_41997,0,82,0,274,17,0,0,0,0,0,0,0,0,0,0,0,0,0,0,0,0,0,0,0,0,0,0,0,0,0,0,0,0,0,0,0,0,0,0,0,0,0,0,0,0,64,0,156,83,0,143,0,0,0,0,0,21,0,0,0,0,36,0,0,0,0,0,0,0,0,0,0,0,99,0,0,0,0,0,0,0,0,0,0,0,0,0,0,0,0,0,0
contig_41999,0,0,0,0,0,260,0,0,0,0,0,0,0,0,0,0,0,0,0,0,0,0,0,0,0,0,0,0,0,0,0,879,0,0,0,0,0,0,0,0,0,0,0,0,0,0,0,228,0,669,242,0,0,0,0,0,0,0,0,0,0,1655,0,0,0,0,0,0,0,0,0,0,0,0,0,0,0,0,0,0,0,0,0,0,0,0,0,0,0,0,0,0
contig_42061,0,0,0,0,0,0,0,0,0,0,0,0,0,0,0,0,0,0,0,0,0,0,0,0,0,0,0,0,0,0,0,0,0,0,0,0,0,0,0,0,0,0,0,0,0,0,0,0,0,0,0,0,0,0,0,0,170,0,0,0,10779,969,0,0,0,0,0,0,0,0,0,0,0,62,0,0,0,0,0,0,0,0,0,0,0,0,0,0,0,0,0,0
contig_42065,0,0,0,0,0,0,0,0,0,0,0,0,0,0,0,0,662,0,0,0,0,0,0,0,0,0,0,0,0,176,199,0,0,0,549,0,0,0,0,0,0,0,0,0,58,0,0,0,223,0,0,0,0,0,0,0,0,0,0,0,0,0,131,0,0,0,0,0,0,0,0,0,0,0,0,0,0,0,0,0,0,0,0,0,0,0,4784,0,0,7438,0,0
contig_42066,0,0,0,0,0,0,0,0,0,0,0,0,0,0,0,0,133,70,0,274,0,0,0,0,0,0,0,0,0,0,0,0,0,0,0,0,0,0,0,0,0,0,51,0,102,0,0,0,0,0,0,148,0,0,0,30,0,0,0,0,0,0,0,0,0,0,0,123,914,0,0,0,0,0,0,0,0,0,0,0,0,0,0,0,0,0,519,0,179,12762,44,0
contig_42071,0,65,0,0,0,0,0,0,0,0,0,0,0,0,142,40479,0,0,0,0,0,0,0,0,0,0,0,0,0,0,0,0,0,0,0,0,0,0,0,77,0,0,0,0,0,0,0,0,0,0,0,0,0,0,0,0,54,0,0,0,0,0,0,0,0,0,0,0,0,0,0,0,0,0,0,0,0,0,0,0,0,0,0,0,0,0,0,0,0,0,0,0
contig_42074,0,2216,1131,0,0,312,1385,0,0,0,0,0,0,0,10448,20803,1066,0,0,0,0,0,0,0,0,0,0,2205,0,7181,0,0,0,0,0,0,0,0,321,117,0,0,0,0,0,4142,570,1352,203,0,0,0,0,395,0,0,180,0,2161,6797,6437,589,0,2322,1029,0,0,72,0,0,0,0,0,69,0,0,0,0,0,0,11234,0,0,0,0,0,0,0,0,749,0,0
contig_42085,0,42,0,0,0,0,0,0,0,0,0,0,0,0,0,0,0,0,0,0,0,0,0,0,0,0,0,0,0,0,0,0,0,0,0,0,0,0,0,0,0,0,0,0,0,0,0,0,0,0,0,0,0,0,0,33,0,0,0,0,29,762,0,0,0,0,0,488,0,0,0,0,0,0,0,0,0,0,0,0,0,0,0,0,0,0,0,0,0,0,0,0
contig_42087,0,0,0,143,167,0,0,0,0,0,47,0,0,0,0,0,723,0,0,0,0,24,0,0,0,0,0,0,0,570,61,66,0,0,0,0,0,0,0,0,0,0,989,0,255,0,0,0,322,0,1432,267,0,0,0,507,896,136,0,1267,0,2735,0,0,0,0,0,0,0,80,75,0,0,6477,0,0,0,0,0,0,0,0,0,0,0,0,0,0,0,92,0,0
contig_42088,0,17757,23046,3061,0,4596,14636,0,0,0,0,0,0,0,0,0,8610,0,0,0,0,254,0,0,0,0,0,0,4109,6411,0,0,189,0,0,0,0,0,0,0,0,0,0,0,0,0,0,5223,2877,5320,1917,112,0,512,0,316,1642,0,9362,2304,38512,698,39,218,789,0,0,3188,1448,746,32,226,0,5737,0,0,0,0,0,0,0,0,0,0,0,0,0,0,0,0,0,0
contig_42089,0,0,0,0,0,0,0,0,0,0,0,0,0,0,0,0,0,0,0,0,0,0,0,0,0,0,0,0,114,0,0,0,0,0,0,0,0,0,0,0,0,0,0,0,0,0,0,0,0,0,0,0,0,0,0,0,650,0,0,0,0,0,0,0,0,0,0,0,0,0,0,0,0,330,0,0,0,0,0,0,0,0,0,0,0,0,238,0,0,131,0,0
contig_42091,0,0,0,0,0,0,0,0,0,0,0,0,0,0,0,2853,0,0,0,0,0,0,0,0,0,0,0,0,0,0,0,0,0,0,0,0,0,0,0,0,0,0,0,0,0,0,0,0,0,0,0,0,0,0,0,0,0,0,0,0,3502,21097,0,0,0,0,0,0,0,0,0,0,0,0,0,0,0,0,0,0,0,0,0,0,0,0,0,0,0,0,0,0
contig_42096,0,0,0,0,0,0,0,0,0,0,0,0,0,0,0,0,21,0,0,0,0,0,0,0,0,0,0,0,0,0,0,0,0,0,0,0,0,0,0,0,0,0,0,0,0,0,0,0,89,0,0,0,0,0,0,0,0,0,0,0,0,57,0,0,0,0,0,57,23,0,0,0,0,0,0,0,0,0,0,0,0,0,0,0,0,0,130,0,0,0,0,0
contig_42101,0,0,0,0,0,0,0,0,0,0,0,0,0,0,0,0,0,0,0,0,0,0,0,0,0,0,0,0,100,0,0,0,0,0,0,0,0,0,0,0,0,0,0,0,0,34,0,0,0,0,0,0,0,0,0,0,129,0,0,683,76,0,0,0,0,0,0,0,0,0,0,0,0,0,0,0,0,0,0,0,0,0,0,0,0,0,90,0,0,0,0,0
contig_42102,0,0,0,53,24,0,0,0,0,0,0,0,0,629,0,0,0,62,0,52,0,0,0,0,0,0,0,0,0,0,107,614,946,0,0,0,0,30410,0,1049,0,190,34841,103,15519,0,0,0,160,0,0,0,0,0,0,5174,0,0,0,0,0,0,0,0,0,0,0,0,0,0,0,0,0,31443,189,0,478,190,0,0,0,0,0,0,0,0,0,0,41,0,0,0
contig_42120,0,0,0,0,0,0,0,0,0,0,0,0,0,0,0,0,0,0,0,0,0,0,0,0,0,0,0,0,0,0,0,0,0,0,0,0,0,0,0,92,24,0,204,0,0,0,0,0,0,0,0,0,0,0,0,0,0,0,0,0,0,0,0,0,0,0,0,0,0,0,0,0,0,0,0,0,0,0,0,0,0,0,0,0,0,0,0,0,0,0,0,0
contig_42126,0,0,0,0,0,0,0,0,0,0,0,0,0,0,0,0,0,0,0,0,0,0,0,0,0,0,0,0,0,0,0,0,0,0,0,0,0,0,0,0,0,0,0,0,0,0,0,0,0,0,0,0,0,0,0,0,0,0,0,0,0,0,0,0,0,0,0,0,0,0,0,0,0,0,0,0,0,0,0,0,32,0,0,0,0,0,1860,0,0,620,0,0
contig_42128,0,0,0,0,0,0,0,0,0,0,0,0,0,0,0,0,0,0,0,0,0,31,0,0,0,0,0,0,0,0,329,0,0,0,0,0,0,0,0,0,0,51,0,0,0,0,0,0,0,0,0,0,0,0,0,0,0,0,0,0,0,0,0,0,0,0,0,0,0,0,0,0,0,0,0,0,0,0,0,0,0,0,0,0,0,0,0,0,0,0,0,0
contig_42129,0,0,0,0,0,0,0,0,0,0,0,0,0,0,0,0,0,0,0,0,0,0,0,0,0,0,0,0,0,0,0,0,0,0,0,0,0,0,0,0,0,0,0,0,0,660,0,0,0,0,0,0,0,0,0,0,0,0,0,0,0,164,0,0,0,0,0,0,0,0,0,0,0,563,0,0,0,0,0,0,173,0,0,0,0,0,591,0,0,0,0,0
contig_42133,0,0,0,76,30,0,0,74,0,0,0,0,0,25,0,0,0,0,0,31,0,0,0,0,0,0,0,0,0,1357,1149,0,0,0,92,0,0,72,0,0,0,0,0,0,0,0,0,0,0,0,0,160,0,0,0,26,0,0,0,0,0,0,0,1075,0,0,0,176,0,0,0,0,0,563,0,0,18,0,0,0,807,0,0,0,0,0,0,0,0,1367,0,0
contig_42134,106,1717,4584,2294,2721,1838,2926,0,0,0,897,0,0,0,23248,3801,10755,0,0,72,0,449,0,0,0,277,0,1107,3448,5455,1730,1054,6425,0,0,0,0,4605,607,1276,0,0,112,0,0,2494,10581,1950,8406,7296,1721,0,0,192,6468,1020,2917,0,0,6800,9541,2799,0,0,2985,0,3428,2106,11417,2083,1451,172,73,12261,0,2286,0,0,0,0,859,0,0,0,0,0,13756,0,185,9149,0,0
contig_42136,0,0,0,0,0,0,0,0,0,0,0,0,0,0,0,0,0,0,0,0,0,0,0,0,0,0,0,0,0,1114,0,0,136,0,0,0,0,0,0,0,0,0,0,0,0,0,0,0,63,0,0,0,0,0,0,266,247,0,0,0,0,740,45,0,0,0,0,1503,465,53,0,0,0,0,0,0,0,0,0,0,0,0,0,0,0,0,0,0,0,0,0,0
contig_42147,0,0,0,0,0,0,0,0,0,0,0,0,0,0,0,0,35,0,0,0,0,0,0,0,0,0,0,0,0,0,0,0,0,0,0,0,0,0,0,0,0,0,0,0,0,0,0,0,0,0,0,0,0,0,0,0,98,0,30,418,124,0,0,0,0,0,0,0,0,0,0,0,0,0,0,0,0,0,0,0,0,0,0,0,0,0,0,0,0,0,0,0
contig_42150,0,17,0,0,0,0,0,0,0,0,0,0,0,0,0,0,0,0,0,0,0,0,0,0,0,0,0,0,0,0,0,0,746,0,0,0,0,0,0,0,0,0,0,0,0,37,0,0,112,0,0,0,0,28,7518,0,0,0,55,0,41,64,0,0,0,0,0,27,0,0,0,0,0,0,0,0,0,0,0,0,0,0,0,0,0,0,0,0,0,132,0,0
contig_42151,0,88,0,0,0,0,0,0,0,0,0,0,0,0,0,0,966,0,0,0,0,0,0,0,0,0,0,0,0,0,0,0,0,0,0,0,0,0,0,0,0,0,0,0,0,0,0,0,0,0,0,0,0,0,0,0,0,0,0,0,147,0,0,0,0,0,0,0,0,0,0,0,0,0,0,0,0,0,0,0,0,0,0,0,0,0,0,0,0,0,0,0
contig_42157,0,0,0,2334,1612,0,0,0,0,0,0,0,0,0,0,0,0,0,0,0,0,0,0,0,0,0,0,0,0,0,0,0,0,0,0,0,0,0,0,0,0,0,0,0,0,0,0,0,0,0,0,0,0,0,0,0,0,0,0,0,0,0,0,0,0,0,0,0,0,0,0,0,0,0,0,0,0,0,0,0,161,0,0,0,0,0,592,0,259,1641,0,0
contig_42175,0,0,0,0,0,0,0,0,0,0,0,0,0,0,0,0,0,0,0,68,0,0,0,0,0,0,0,0,0,0,0,0,0,0,4597,0,0,0,0,0,0,0,0,0,254,0,0,0,0,0,0,0,0,0,0,0,0,403,0,0,0,0,86,0,0,0,100,585,3101,86,0,0,0,0,0,0,0,0,0,0,0,0,0,0,0,0,5088,0,0,3101,0,0
contig_42182,0,0,0,64,0,0,0,0,0,0,0,0,0,0,0,0,0,0,0,0,0,0,0,0,0,0,0,0,0,0,69,0,0,0,0,0,0,447,0,0,0,0,0,0,214,0,0,0,324,241,56,108,0,0,0,0,204,0,0,0,0,0,0,0,0,0,0,0,0,0,0,0,0,4177,0,0,0,0,0,0,0,0,0,0,0,0,0,0,0,0,0,0
contig_42186,3078,3037,2179,20,0,0,180,0,0,0,0,0,0,0,2399,40756,4308,0,0,0,0,0,0,0,0,0,0,2758,0,11625,0,0,0,0,0,0,0,24,0,0,0,0,0,0,0,455,90,0,27,0,0,0,0,1778,0,33,0,0,1062,3187,0,1830,84,3324,1636,0,0,54,9,0,0,0,0,165,0,0,0,0,0,0,27896,0,0,0,0,0,0,0,0,547,0,0
contig_42192,0,0,0,0,0,0,0,0,0,0,0,0,0,0,0,0,1034,0,0,0,0,0,0,0,0,0,0,0,0,0,0,0,0,0,0,0,0,0,0,0,0,0,0,0,0,0,0,678,0,0,761,0,0,0,0,0,0,0,0,0,1579,507,0,0,0,0,0,0,0,0,0,0,0,131,0,0,0,0,0,0,0,0,0,0,0,0,0,0,0,0,0,0
contig_42196,204,6259,7753,806,1546,1971,4745,0,0,0,0,0,0,0,21351,9248,1183,0,0,0,0,432,0,0,0,185,0,1137,10511,5672,1831,0,0,0,0,0,0,969,408,1093,0,0,0,0,0,0,1873,4407,8020,2725,5954,0,0,0,0,2038,6610,0,5586,7003,22124,2388,0,709,1365,0,0,510,178,0,0,0,0,7484,0,0,0,0,0,0,769,0,0,0,0,0,10312,0,203,2827,0,0
contig_42197,0,0,0,0,0,0,0,0,0,0,0,0,0,0,0,0,0,0,0,0,0,0,0,0,0,0,0,0,0,0,0,24,0,0,0,0,0,0,0,0,0,0,0,0,0,0,0,0,0,0,0,0,0,0,0,0,0,0,0,0,0,0,0,0,0,0,0,0,0,0,0,0,0,0,0,0,0,0,0,0,0,0,0,0,0,0,0,0,0,1037,255,0
contig_42199,0,0,0,0,0,0,0,0,0,0,0,0,0,1523,0,0,0,0,0,0,0,0,0,0,0,0,0,0,0,7245,3039,0,0,0,0,0,0,6017,0,2666,0,879,74405,0,0,0,0,1184,0,0,0,1196,0,0,0,0,0,32240,0,0,0,41899,0,0,0,0,0,0,0,2125,0,0,4920,0,0,0,247,0,0,0,0,0,0,0,0,0,0,0,264,0,0,0
contig_42207,0,0,0,0,0,0,0,0,0,0,0,0,0,0,0,778,0,0,0,0,0,0,0,0,0,0,0,0,0,0,0,0,0,0,0,0,0,0,0,0,0,0,0,0,0,165,0,0,0,0,0,0,0,0,0,0,0,0,0,0,7077,0,0,0,0,0,0,0,0,0,0,0,0,0,0,0,0,0,0,0,0,0,0,0,0,0,0,0,0,0,0,0
contig_42212,0,0,0,0,0,0,0,14,0,0,19,0,0,0,0,0,0,0,0,0,0,0,0,0,0,0,0,0,0,0,0,0,0,0,0,0,0,0,0,0,0,0,0,0,0,0,0,0,0,0,0,0,0,0,0,0,0,0,0,0,0,0,0,0,0,0,0,0,0,0,0,0,0,99,0,0,0,38,0,0,0,0,0,0,0,0,0,0,0,0,0,0
contig_42214,0,0,0,0,0,0,0,0,0,0,0,0,0,0,0,0,134,0,0,0,0,0,0,0,0,0,0,0,0,23,0,60,0,0,0,0,0,0,0,0,0,0,0,0,0,0,0,0,17,0,0,0,0,0,0,0,121,0,74,441,916,100,0,0,0,0,0,0,0,0,0,0,0,215,0,0,0,0,0,0,0,0,0,0,0,0,100,0,0,0,0,0
contig_42220,0,0,0,0,0,0,0,0,0,0,0,0,0,0,0,0,0,0,0,0,0,1362,0,161,0,31,61,0,0,0,0,0,0,0,0,0,0,0,0,0,0,0,0,0,0,0,0,0,0,0,0,0,0,0,0,0,0,0,0,0,0,0,0,0,0,0,0,0,0,0,0,0,0,0,0,0,0,0,0,0,0,0,0,0,0,0,0,0,0,0,0,0
contig_42223,0,991,0,0,0,0,97,0,0,0,0,0,0,0,1937,132843,3376,0,0,0,0,0,0,0,0,0,0,0,223,262,0,0,0,0,0,0,0,0,0,0,0,0,0,0,0,11031,0,0,0,214,88,0,1485,0,0,0,13487,0,2357,0,0,0,0,893,0,0,0,0,0,0,0,0,0,2853,0,0,0,0,0,0,0,0,0,0,0,0,554,0,0,220,0,0
contig_42229,0,0,0,0,0,0,0,0,0,0,0,0,0,0,0,0,0,0,0,0,0,0,0,0,0,0,0,0,0,0,0,0,0,0,0,0,0,35,0,0,0,0,0,0,0,0,0,0,0,0,0,0,0,0,0,0,0,0,0,0,0,0,0,0,0,0,0,0,0,0,0,0,0,0,0,0,0,0,0,0,0,0,0,0,0,0,0,0,0,280,71,0
contig_42243,0,0,0,0,0,0,0,0,0,0,0,0,0,0,0,0,0,0,0,0,0,0,0,766,0,0,0,0,0,0,0,0,0,0,0,0,0,0,0,0,0,0,0,0,0,0,0,0,0,0,0,0,0,0,0,0,0,0,0,0,0,0,0,0,0,0,0,0,0,0,0,0,0,0,0,10635,0,19593,0,0,0,0,0,0,0,0,0,0,0,0,0,0
contig_42244,0,0,0,0,0,0,0,0,0,0,0,0,0,0,0,0,0,0,0,0,0,0,0,0,0,0,0,0,0,0,0,54,0,0,0,0,0,0,0,3392,0,0,0,0,0,0,0,0,0,0,0,0,0,0,0,0,0,833,0,0,0,0,0,0,0,0,0,0,0,0,0,0,0,0,0,0,0,0,0,0,0,0,0,0,0,0,0,0,0,376,0,0
contig_42245,0,0,0,63,0,114,0,0,0,0,0,0,0,0,0,0,618,0,0,0,0,269,0,0,0,0,0,0,0,0,0,76,0,0,0,0,0,447,0,414,0,0,0,0,0,0,0,0,0,0,0,0,0,0,0,0,0,0,0,0,32,352,0,0,0,0,0,0,0,0,0,0,0,0,0,0,0,0,0,0,0,0,0,0,0,0,0,0,138,139,0,0
contig_42251,0,379,0,0,0,0,0,0,0,0,0,0,0,0,0,714,6094,0,0,0,0,0,0,0,0,0,0,850,275,1720,0,0,0,0,0,0,0,0,0,0,0,0,0,0,0,0,0,0,2765,0,1470,0,0,0,836,0,6474,0,4857,6388,7615,599,0,0,0,0,0,0,0,0,0,0,0,5511,0,0,0,0,0,0,0,0,0,0,0,0,0,0,0,422,0,0
contig_42253,0,1140,0,0,0,0,1118,0,0,0,0,0,0,0,0,0,0,0,0,0,0,0,0,0,0,0,0,98,0,0,0,0,65,0,0,0,0,0,0,0,0,0,0,0,0,0,103,1117,121,0,464,0,0,0,0,0,266,0,0,556,3058,128,0,0,0,0,0,55,61,150,0,0,0,507,0,0,0,0,0,0,0,0,0,0,0,0,911,0,0,624,0,0
contig_42261,0,0,978,0,0,0,2752,0,0,0,0,0,0,0,2285,0,602,0,0,0,0,0,0,0,0,0,0,0,11717,2754,358,0,0,0,0,0,0,0,0,218,0,0,0,0,0,0,2967,0,728,1709,1234,29,0,0,0,84,280,0,0,0,6059,337,0,0,0,0,0,0,0,0,0,0,0,172,0,0,0,0,0,0,0,0,0,0,0,0,713,0,358,1143,0,0
contig_42272,0,0,0,0,0,0,0,0,0,0,0,0,0,0,0,0,0,0,0,0,0,0,0,0,0,0,0,0,0,0,0,0,0,0,0,0,0,0,0,0,0,0,0,0,0,0,0,0,0,0,0,0,0,0,0,0,0,0,0,304,0,772,0,0,0,0,0,0,0,0,0,0,0,0,0,0,0,0,0,0,0,0,0,0,0,0,0,0,0,869,0,0
contig_42281,0,0,0,0,0,0,0,0,0,0,0,0,0,0,0,0,0,0,0,0,0,0,0,0,0,0,0,0,59,0,0,0,0,0,0,0,0,119,0,0,0,0,0,0,0,0,0,0,0,0,0,0,0,0,0,0,226,0,0,0,0,197,0,0,0,0,0,268,0,0,0,0,0,0,0,0,0,0,0,0,0,0,0,0,0,0,0,0,70,0,0,0
contig_42282,0,0,0,0,0,0,0,0,0,0,0,0,0,0,0,0,0,0,0,0,0,147,0,0,0,0,0,0,0,0,790,0,0,0,0,0,0,0,0,0,0,0,0,0,0,0,0,56,0,0,0,49,0,0,0,0,0,0,0,0,0,242,0,0,0,0,0,0,0,0,0,0,0,0,0,0,0,0,0,0,0,0,0,0,0,0,0,0,0,0,0,0
contig_42284,0,0,311,0,0,0,0,0,0,0,0,0,0,0,0,0,0,0,0,0,0,0,0,0,0,0,0,0,0,0,0,0,0,0,0,0,0,0,0,0,0,0,0,0,0,0,0,0,0,0,0,0,0,0,0,0,0,0,0,0,0,3335,0,0,0,0,0,0,0,0,0,0,0,0,0,0,0,0,0,0,0,0,0,0,0,0,5572,0,0,494,0,0
contig_42285,0,0,0,1991,1680,0,0,0,0,0,0,0,0,21,0,0,106,0,0,0,0,0,0,0,0,0,0,0,458,616,0,0,0,0,0,0,0,0,0,0,0,0,2420,0,16,0,0,0,25,0,471,124,0,0,0,0,0,0,0,0,0,0,20,0,0,0,0,3280,0,0,0,0,0,0,0,0,0,0,0,0,0,0,0,0,0,0,0,0,3343,0,0,0
contig_42317,0,0,0,0,0,0,0,0,0,0,0,0,0,0,0,129,0,0,0,0,0,0,0,0,0,0,0,0,0,0,0,0,2125,0,0,0,0,0,0,0,0,0,0,0,0,0,0,0,0,0,0,0,0,3340,0,0,0,0,0,125,0,2022,0,203,0,0,0,0,0,0,0,0,0,0,0,0,0,0,0,0,282,0,0,0,0,0,0,0,0,462,0,0
contig_42334,0,185,0,0,0,0,0,0,0,0,0,0,0,0,0,0,0,0,0,0,0,0,0,0,0,0,0,0,1204,0,0,0,42,0,0,0,0,0,194,0,0,0,0,0,0,0,15,201,103,0,74,0,0,0,0,0,100,0,0,817,405,121,0,0,0,0,0,0,0,0,0,0,0,0,0,0,0,0,0,0,0,0,0,0,0,0,146,0,0,0,0,0
contig_42352,0,0,0,0,0,0,0,0,0,0,0,0,0,0,0,0,767,0,0,0,0,0,0,0,0,0,0,0,0,0,12354,458,0,0,0,0,0,0,0,0,0,0,122,0,0,0,0,126,67,586,105,0,0,0,0,0,0,0,0,0,0,243,0,0,0,0,0,0,0,0,0,0,0,0,0,0,0,0,0,0,0,0,0,0,0,0,0,0,0,0,0,0
contig_42357,0,311,0,0,0,0,0,0,0,0,0,0,0,0,2021,7166,0,0,0,0,0,0,0,0,0,0,0,0,0,0,0,0,0,0,0,0,0,0,0,0,0,0,0,0,0,170,0,0,0,0,0,0,0,0,0,0,0,0,93,0,0,0,0,0,0,0,0,0,0,0,0,0,0,414,0,0,0,0,0,0,0,0,0,0,0,0,0,0,0,0,0,0
contig_42363,0,0,0,0,0,0,0,0,0,0,0,0,0,0,0,0,0,0,0,0,0,0,0,0,0,0,0,0,0,218,0,15778,0,0,0,0,0,0,0,0,0,0,0,0,0,0,0,0,9210,11948,8420,0,0,0,0,0,5142,0,0,0,240,0,0,0,0,0,0,0,0,0,2096,0,0,178,0,0,0,0,0,0,0,0,0,0,0,0,0,0,0,0,0,0
contig_42366,0,0,0,0,0,0,0,0,0,0,0,0,0,0,0,0,3814,0,0,0,0,0,0,0,0,0,0,0,0,371,0,0,0,0,0,0,0,0,0,0,0,0,0,0,0,0,0,0,174,0,0,0,0,0,0,0,0,0,0,0,0,0,0,0,0,0,0,56,0,0,0,0,0,0,0,0,0,0,0,0,0,0,0,0,0,0,0,0,0,564,0,0
contig_42394,0,0,0,0,0,430,0,0,0,0,0,0,0,0,0,931,0,0,0,0,0,0,11,34,0,0,0,539,160334,1212,0,83,0,0,0,0,0,0,0,1295,0,0,0,0,0,352,3082,68,0,0,530,0,406,260,0,0,5118,949,100,14987,10580,3039,0,0,152,0,49,0,0,0,0,0,0,1398,0,0,0,0,0,296,181,0,0,0,0,0,1424,0,95,138,0,0
contig_42397,0,1652,0,0,0,0,0,0,0,0,0,0,0,0,0,0,5120,0,0,0,0,0,0,0,0,0,0,0,0,0,0,0,0,0,0,0,0,0,0,0,0,0,0,0,0,0,0,0,0,0,0,0,0,0,0,0,0,0,0,0,2173,585,0,70,0,0,0,0,0,0,0,0,0,0,0,0,0,0,0,0,0,0,0,0,0,0,0,0,0,0,0,0
contig_42399,0,68,0,0,0,0,0,0,0,0,0,0,0,0,0,0,80,0,0,0,0,0,0,0,0,0,0,0,2213,115,0,0,0,0,0,0,0,0,0,0,0,0,0,0,0,0,0,0,0,0,0,0,0,0,0,0,416,0,0,0,413,322,0,0,0,0,0,0,0,0,0,0,0,1998,0,0,0,0,0,0,0,0,0,0,0,0,0,0,0,0,0,0
contig_42411,0,0,0,0,0,0,0,0,0,0,0,0,0,0,0,0,0,0,0,0,0,0,0,0,0,0,0,0,0,0,0,0,0,0,0,0,0,0,0,0,0,0,0,0,0,0,0,0,0,0,0,0,0,0,0,0,66,0,0,0,658,420,0,0,0,0,0,0,0,0,0,0,0,0,0,0,0,0,0,0,0,0,0,0,0,0,0,0,0,0,0,0
contig_42431,0,2783,0,722,0,0,0,0,0,0,0,0,0,0,0,0,4992,45,0,183,0,118,0,0,0,0,0,0,0,0,296,0,0,0,0,0,0,0,0,0,0,0,0,0,0,0,0,1351,0,0,0,0,0,0,0,426,0,0,0,0,5683,1536,0,0,0,0,0,382,0,0,0,0,0,0,0,0,0,0,0,0,0,0,0,0,0,0,0,0,0,0,0,0
contig_42436,0,0,0,0,0,0,0,0,0,0,0,0,0,336,0,0,0,37,0,0,0,0,0,0,0,0,0,0,0,0,0,0,0,0,2309,0,0,0,0,0,0,38,109,0,3917,0,0,0,0,0,0,0,0,0,0,0,0,0,0,0,0,0,0,0,0,0,0,0,0,0,0,0,0,272,0,0,114,0,0,0,0,0,0,0,0,0,0,0,24,0,0,0
contig_42447,0,0,1574,0,0,0,0,0,0,0,0,0,0,0,0,0,1900,0,0,0,0,0,0,0,0,0,0,0,0,1343,244,97,0,0,0,0,0,0,0,622,0,0,506,0,0,0,0,804,1857,0,2408,62,0,464,0,0,1388,149,0,0,0,1700,0,0,0,0,0,0,0,206,0,0,0,0,0,0,0,0,0,0,0,0,0,0,0,0,0,0,95,530,0,0
contig_42468,0,0,0,0,0,0,0,0,0,0,0,0,0,0,0,0,0,1333,0,0,0,0,0,0,0,0,0,0,0,0,0,0,0,0,0,0,0,0,0,0,0,0,0,0,0,0,0,0,1213,3340,1161,0,0,0,0,0,0,0,0,0,0,0,77,0,0,0,0,0,0,0,0,0,0,0,0,0,0,0,0,0,0,0,0,0,0,0,0,0,0,0,0,0
contig_42472,0,0,0,0,0,0,0,0,0,0,0,0,0,0,0,0,0,0,0,0,0,0,0,0,0,0,0,0,0,0,0,0,0,0,0,0,0,0,0,0,0,0,0,0,0,0,0,105,56,0,441,0,0,0,0,38,0,0,0,0,860,350,0,0,0,0,0,228,36,0,12,0,0,183,0,0,0,0,0,0,0,0,0,0,0,0,0,0,0,0,0,0
contig_42485,0,0,0,0,0,0,0,0,0,0,0,0,0,0,0,0,291,0,0,0,0,0,0,0,0,0,0,0,0,1911,0,156,4457,0,0,0,0,0,0,0,0,0,0,0,0,0,0,0,3522,1057,0,0,0,0,0,0,0,119,0,0,0,0,0,0,0,0,0,0,0,0,0,0,0,966,0,0,0,0,0,0,0,0,0,0,0,0,49016,0,65,5762,0,0
contig_42486,138245,1285,3194,0,0,0,1771,0,0,0,0,0,0,0,6855,37394,438,0,0,0,0,0,0,0,0,0,0,0,22353,7299,0,0,0,0,0,0,0,0,0,0,0,0,0,0,0,2321,0,0,0,0,0,0,0,0,0,0,0,0,559,2120,6133,0,0,0,0,0,0,0,0,0,0,0,0,0,0,0,0,0,0,0,0,0,0,0,0,0,0,0,0,0,0,0
contig_42489,0,521,239,0,0,245,291,0,0,0,0,0,0,0,8410,1897,2772,0,0,0,0,0,0,0,0,0,0,346,578,504,0,0,0,0,0,0,0,0,152,0,0,0,0,0,0,366,0,174,901,501,541,0,0,0,0,0,320,0,1340,1199,2823,456,0,136,147,0,0,160,0,0,0,0,0,403,0,0,0,0,0,0,47,0,0,0,0,0,2557,0,0,0,0,0
contig_42501,0,0,0,0,0,0,0,0,0,0,0,0,0,0,0,0,580,0,0,39,0,0,0,0,0,0,0,0,0,528,0,0,0,0,0,0,0,0,0,0,0,0,0,0,103,0,0,36,2680,717,150,1567,0,4185,0,605,0,0,0,0,0,0,303,0,0,0,0,626,0,0,0,0,0,2580,0,0,0,0,0,0,0,0,0,0,0,0,10430,0,0,3580,0,0
contig_42508,0,0,0,0,0,0,0,0,0,0,0,0,0,0,0,0,0,0,0,0,0,0,0,0,0,0,0,0,0,0,0,0,0,0,0,0,0,39,0,0,0,0,0,0,0,0,0,0,0,0,0,0,0,0,0,0,0,0,0,0,0,0,0,0,0,0,0,0,0,0,0,0,0,0,0,0,0,0,0,0,0,0,0,0,0,0,0,0,0,63,55,0
contig_42509,0,0,0,0,0,0,0,0,0,0,0,0,0,0,0,0,3665,0,0,0,0,0,0,0,0,0,0,0,0,774,0,0,0,0,0,0,0,0,0,179,0,0,0,0,0,0,0,0,0,0,0,0,0,0,0,0,0,0,0,0,0,742,0,0,0,0,0,0,0,0,0,0,0,0,0,0,0,0,0,0,0,0,0,0,0,0,0,0,0,0,0,0
contig_42534,0,0,0,0,0,0,0,0,0,0,0,0,0,0,0,0,0,0,0,0,0,0,0,0,0,0,0,0,0,0,34663,0,0,88,0,0,428,806,0,0,0,109,0,0,0,0,271,274,0,0,0,0,0,0,0,0,0,0,0,0,0,0,0,0,0,0,0,0,0,0,0,0,31,148,0,0,0,0,0,1362,2913,0,0,0,0,0,0,0,341,0,0,0
contig_42539,0,0,0,0,0,0,0,0,0,0,0,0,0,0,0,0,0,0,0,0,0,0,0,0,0,0,0,0,0,0,0,0,0,0,0,0,0,0,0,0,0,0,0,0,0,0,0,0,0,0,0,0,0,1226,0,0,0,0,0,0,0,0,0,0,0,0,0,286,0,0,0,0,0,1742,0,0,0,0,0,0,0,0,0,0,0,0,0,0,0,984,0,0
contig_42548,0,0,0,0,0,0,0,0,0,0,0,0,0,0,0,0,356,0,0,0,0,0,0,0,0,0,0,0,0,0,0,0,0,0,0,0,0,0,0,0,0,0,0,0,0,0,0,0,0,0,0,0,0,0,0,0,0,0,0,0,0,0,0,0,0,0,0,2063,219,0,0,0,0,0,0,0,0,0,0,0,0,0,0,0,0,0,0,0,0,0,0,0
contig_42549,0,0,0,0,0,0,0,0,0,0,0,0,0,0,0,0,0,0,0,0,0,0,0,0,0,0,0,0,0,0,0,0,0,0,0,0,0,0,0,0,0,192,355,0,0,0,0,0,0,0,0,0,0,0,0,0,0,0,1569,0,0,0,0,0,0,0,0,0,0,0,0,0,0,508,0,0,0,0,0,0,0,0,0,0,0,0,0,0,0,475,0,0
contig_42570,0,0,0,0,0,0,0,0,0,0,0,0,0,0,0,0,147,0,0,0,0,0,0,0,0,0,0,0,0,0,0,0,0,0,0,0,0,0,0,0,0,0,0,0,73,0,0,0,0,0,0,0,0,0,0,0,0,0,0,0,0,104,0,0,0,0,0,0,0,0,0,0,0,0,0,0,0,0,0,0,0,0,0,0,0,0,0,0,189,578,29,0
contig_42575,0,0,0,0,0,0,0,0,0,0,0,0,0,0,0,0,0,0,0,0,0,0,0,0,0,0,0,0,0,0,0,0,0,0,0,0,0,0,0,0,0,0,0,0,14,0,0,0,0,2250,120,0,0,0,0,0,0,0,0,0,30,299,0,0,0,0,0,1466,0,0,0,0,0,0,0,0,0,0,0,0,0,0,0,0,0,0,0,0,22,0,0,0
contig_42584,0,0,0,0,0,454,486,0,0,0,0,0,0,0,0,0,610,0,0,0,0,0,0,0,0,0,0,0,0,893,0,0,0,0,0,0,0,0,0,0,0,0,0,0,0,0,0,550,0,0,0,0,0,0,0,0,0,0,0,0,3627,820,0,0,0,0,0,0,0,335,0,28,0,0,0,0,0,0,0,0,0,0,0,0,0,0,0,0,0,0,0,0
contig_42593,0,0,0,0,0,0,0,0,0,0,0,0,0,0,0,0,0,0,0,0,0,0,0,0,0,0,0,0,0,0,0,0,0,0,0,0,0,0,0,0,0,0,0,0,0,0,0,0,0,0,0,0,0,0,0,0,0,0,13045,0,4648,53,0,0,0,0,0,0,0,0,0,0,0,0,0,0,0,0,0,0,154,0,0,0,0,0,0,0,0,0,0,0
contig_42594,0,0,0,0,0,0,0,0,0,0,0,0,0,0,0,0,0,0,0,0,0,0,0,0,0,0,0,0,0,0,0,0,0,0,0,0,0,0,0,0,0,0,0,0,0,0,0,0,0,0,0,0,15360,0,0,0,0,0,0,0,0,110,0,0,0,0,0,0,0,0,0,0,0,0,0,0,0,0,0,248,0,0,0,0,0,0,0,0,0,676,0,0
contig_42601,0,0,0,0,0,0,0,0,0,0,0,0,0,0,0,0,0,0,0,18,0,0,0,0,0,0,0,0,225,18,256,0,0,0,0,0,0,0,0,0,0,0,0,0,0,0,0,0,0,0,0,0,0,0,0,0,0,0,0,0,0,366,0,0,0,0,0,20,0,0,0,0,0,178,0,0,0,0,0,0,0,0,0,0,0,0,27,0,0,44,0,0
contig_42646,0,0,0,0,0,0,0,0,0,0,0,0,0,0,0,0,0,0,0,0,0,0,0,0,0,0,0,0,1853,1494,0,0,0,0,0,0,0,0,0,0,0,0,100,0,0,0,0,0,0,0,0,0,0,0,0,0,1849,0,0,0,0,0,0,0,0,0,588,159,0,0,0,0,0,0,0,0,0,0,0,0,0,0,0,0,0,0,0,0,0,120,0,0
contig_42647,0,0,0,0,0,0,0,0,0,0,0,0,0,0,0,0,0,0,0,0,0,0,0,0,0,0,0,0,311,303,0,0,0,0,0,0,0,0,0,171,0,0,0,0,0,0,0,36,0,0,139,0,0,0,0,0,422,0,0,0,89,0,0,0,0,0,0,0,0,0,0,0,0,346,0,0,0,0,0,0,0,0,0,0,0,0,286,0,0,277,0,0
contig_42666,0,0,0,0,0,0,0,0,0,0,0,0,0,0,0,0,0,0,0,0,0,0,0,0,0,0,0,0,0,0,0,0,0,0,0,0,0,0,0,0,0,0,0,0,0,0,0,0,0,0,0,0,0,0,0,0,0,0,0,0,0,0,0,0,0,0,0,0,0,0,0,0,0,0,0,0,0,0,0,0,0,0,0,0,0,0,0,0,26,266,145,0
contig_42676,0,0,0,353,327,0,8511,0,0,0,0,0,0,0,0,0,0,0,0,0,0,42,0,0,0,0,0,0,0,556,0,90,112,0,0,0,0,224,0,81,0,0,0,0,0,0,0,1283,890,1407,1875,45,0,447,0,1079,451,0,0,0,0,439,0,971,0,0,306,68,0,777,212,0,160,1556,0,0,0,0,0,0,0,0,0,0,0,0,5023,0,91,446,0,0
contig_42678,0,0,0,0,0,0,0,0,0,0,0,0,0,0,0,0,0,0,0,0,0,0,0,0,0,0,0,0,0,0,50,0,0,0,0,0,0,0,0,0,0,0,0,0,0,0,0,0,0,0,0,0,0,0,0,0,0,0,0,0,0,171,0,0,0,0,0,43,0,0,0,0,0,0,0,0,0,0,0,0,0,0,0,0,0,0,0,0,0,0,0,0
contig_42686,0,0,0,0,0,406,0,0,0,0,0,0,0,0,0,0,0,0,0,0,0,0,0,0,0,0,0,0,0,0,0,49,0,0,0,0,0,0,0,1986,0,0,0,0,0,0,0,0,0,0,0,0,0,0,0,0,0,0,0,0,2048,320,0,0,254,0,0,0,0,0,0,0,0,0,0,0,0,0,0,0,0,0,0,0,0,0,0,0,0,0,0,0
contig_42687,0,0,0,206,0,0,0,0,0,0,0,0,0,0,0,0,0,0,0,0,0,0,0,0,0,0,0,0,0,186,0,0,0,0,0,0,0,0,0,0,0,0,0,0,0,793,0,224,0,113,143,0,0,0,160,0,39,0,0,0,579,549,0,0,0,0,0,1053,63,0,0,0,0,0,0,0,0,0,0,0,0,0,0,0,0,0,0,0,0,196,0,0
contig_42691,0,0,0,0,0,218,129,0,0,0,0,0,0,0,0,0,0,0,0,0,0,0,0,0,0,0,0,0,0,0,0,0,0,0,0,0,0,0,0,0,0,0,0,0,0,0,0,0,111,0,0,0,0,0,0,0,0,0,0,0,0,0,0,0,0,0,35,0,0,0,0,0,0,0,0,0,0,0,0,0,0,0,0,0,0,0,0,0,0,0,0,0
contig_42698,0,0,0,0,0,0,0,0,0,0,0,0,0,0,0,0,0,0,0,0,0,0,0,0,0,0,0,0,0,0,0,0,0,0,0,0,0,0,0,0,0,0,0,0,0,0,0,0,0,0,0,0,6169,0,0,0,0,0,0,0,0,90,0,0,0,0,0,0,0,0,0,0,0,0,0,0,0,0,0,0,0,0,0,0,0,0,0,0,0,318,0,0
contig_42708,0,0,0,0,0,0,0,0,0,0,0,0,0,0,0,232,65,0,0,0,0,0,0,0,0,0,0,0,374,0,0,0,0,0,0,0,0,0,0,0,0,0,0,0,0,0,0,0,0,0,0,0,0,0,0,0,467,0,0,0,97,0,0,0,0,0,0,0,0,0,0,0,0,486,0,0,0,0,0,0,0,0,0,0,0,0,0,0,0,0,0,0
contig_42713,0,0,0,112,0,0,0,0,0,0,0,0,0,0,0,0,0,0,0,0,0,0,0,0,0,0,0,0,0,0,0,623,903,0,0,0,0,29363,0,0,0,0,33997,0,0,0,0,0,60,0,0,0,0,0,0,0,0,0,0,0,0,0,0,0,0,0,0,0,0,0,0,0,0,0,0,0,0,0,0,0,0,0,0,0,0,0,0,0,0,0,0,0
contig_42734,0,0,0,0,0,0,0,0,0,0,0,0,0,0,0,0,0,0,0,0,0,0,0,0,0,0,0,0,0,0,0,0,0,0,0,0,0,48,0,0,0,0,0,0,0,0,0,0,0,0,0,0,0,0,0,0,0,0,0,0,0,0,0,0,0,0,0,0,0,0,0,0,0,0,0,0,0,0,0,0,0,0,0,0,0,0,0,0,0,272,65,0
contig_42744,0,0,0,458,0,0,0,0,0,0,0,0,0,0,0,0,89,0,0,0,0,0,0,0,0,0,0,0,0,0,0,0,0,0,0,0,0,0,0,0,0,0,0,0,0,0,0,0,58,0,34,0,0,0,0,0,0,0,0,0,2042,0,0,0,0,0,0,0,0,0,0,0,0,0,0,0,0,0,0,0,0,0,0,0,0,0,0,0,0,0,0,0
contig_42747,0,0,0,0,0,0,0,0,0,0,0,0,0,0,0,0,0,0,0,0,0,102,0,0,0,37,0,0,503,3148,76,0,122,0,0,0,0,0,0,0,0,0,0,0,40,0,294,0,175,0,0,0,0,0,0,0,0,0,0,173,0,1774,0,0,0,0,0,0,0,0,0,0,0,0,0,0,0,0,0,0,34,0,0,0,0,0,0,0,463,0,0,0
contig_42752,0,470,492,0,0,226,0,0,0,0,0,0,0,0,0,0,0,0,0,0,0,0,0,0,0,385,0,0,52,238,0,0,0,0,0,0,0,0,0,49,0,0,0,0,0,0,0,186,537,0,0,0,0,0,0,0,222,0,0,0,1104,220,0,0,0,0,0,0,0,4401,0,247,0,0,0,0,0,0,0,0,0,0,0,0,0,0,258,0,21,0,0,0
contig_42754,0,0,0,0,0,0,0,0,0,0,0,0,0,0,0,0,0,0,0,0,0,0,0,0,0,0,0,0,0,0,0,0,0,0,0,0,0,0,0,0,0,0,0,0,0,0,0,0,0,0,0,38,0,0,0,0,199,0,0,0,0,314,0,0,0,0,0,0,77,0,0,0,0,0,0,0,0,0,0,0,0,0,0,0,0,0,0,0,0,0,0,0
contig_42760,0,0,0,0,0,9510,6785,0,0,0,0,0,0,0,17265,27447,2782,0,0,0,0,0,0,0,0,0,0,0,74511,28284,0,0,0,0,0,0,0,0,0,0,0,0,0,0,0,5711,0,0,0,0,0,0,0,0,0,0,0,0,2023,9445,80007,0,0,0,0,0,0,0,0,0,0,0,0,0,0,0,0,0,0,0,0,0,0,0,0,0,0,0,0,0,0,0
contig_42763,72,554,0,0,0,0,0,0,0,0,0,0,0,0,344,0,76,0,0,0,0,0,0,0,0,0,0,0,0,0,0,0,0,0,0,0,0,0,0,0,0,0,0,0,0,0,0,0,0,0,0,0,0,0,0,0,0,0,0,96,272,0,0,0,0,0,0,0,0,0,0,0,0,358,0,66,0,0,0,0,219,0,0,0,0,0,77,0,127,239,0,0
contig_42779,0,0,0,0,0,0,0,0,0,0,0,0,0,0,0,0,0,0,0,0,0,0,0,0,0,0,0,0,0,0,0,0,0,0,0,0,0,0,0,0,0,0,0,0,0,0,1596,142,0,0,0,0,0,0,0,0,0,0,1413,0,0,0,0,0,0,0,0,0,0,0,0,0,0,0,0,0,0,0,0,0,0,0,0,0,0,0,0,0,0,0,0,0
contig_42797,2574,1502,0,0,0,87,0,0,0,0,0,0,0,0,0,7206,306,0,0,0,0,0,0,0,0,0,0,2095,354,0,0,0,0,0,0,0,0,0,0,0,0,0,0,0,0,721,0,0,0,0,0,0,0,0,0,0,0,0,283,1546,3069,328,0,0,0,0,0,0,0,0,0,0,0,0,0,0,0,0,0,0,762,0,0,0,0,0,0,0,0,0,0,0
contig_42807,0,0,0,0,0,0,0,0,0,0,0,0,0,0,0,0,0,0,0,0,0,0,0,35,0,0,0,0,0,0,0,0,0,0,0,0,0,0,0,0,0,0,0,0,4155,0,0,0,0,0,0,0,0,0,0,0,0,0,0,0,0,6280,0,0,0,0,0,0,0,0,0,0,0,0,0,0,0,0,0,0,0,0,0,0,0,0,0,0,0,0,0,0
contig_42814,0,7117,3980,0,0,256,0,0,0,0,0,0,0,0,0,0,1780,0,0,0,0,0,0,0,0,0,0,0,926,1106,0,0,0,0,0,0,0,0,0,1402,0,0,0,0,0,0,0,245,0,734,558,0,0,0,0,0,0,0,0,0,1409,0,0,0,0,0,0,0,0,0,0,0,0,0,0,0,0,0,0,0,0,0,0,0,0,0,0,0,0,0,0,0
contig_42817,0,1558,0,0,0,0,0,0,0,0,0,0,0,0,393,0,0,0,0,0,0,0,0,0,0,0,0,0,0,0,0,0,0,0,0,0,0,0,0,0,0,0,0,0,0,310,0,0,0,0,0,0,0,0,0,0,0,0,0,0,2174,0,0,0,0,0,0,0,0,0,0,0,0,0,0,0,0,0,0,0,0,0,0,0,0,0,0,0,0,0,0,0
contig_42828,0,0,0,661,0,0,0,0,0,0,0,0,0,0,0,116,49,0,0,0,0,0,0,0,0,0,0,0,0,0,0,0,0,0,0,0,0,0,0,0,0,0,0,0,0,0,0,0,549,0,1186,0,0,0,0,0,0,0,0,0,0,346,0,0,0,0,0,85,0,0,0,0,0,0,0,0,0,0,0,0,0,0,0,0,0,0,0,0,0,0,0,0
contig_42835,0,0,0,0,0,0,0,0,0,0,0,0,0,0,0,0,0,0,0,0,0,0,0,0,0,0,0,0,0,59,0,0,0,0,0,0,0,0,0,0,0,0,0,0,0,0,0,0,216,0,0,0,0,0,0,0,0,0,0,0,0,0,116,0,0,0,0,0,0,0,0,0,0,0,0,0,0,0,0,0,0,0,0,0,0,0,2878,0,0,7027,0,0
contig_42836,0,0,0,0,0,0,0,0,0,0,0,0,0,0,0,2792,0,0,0,0,0,0,0,0,0,0,0,684,244,0,0,0,0,0,0,0,0,0,0,0,0,0,0,0,0,0,731,0,0,0,0,0,0,0,0,0,0,0,0,0,3480,0,0,0,0,0,0,0,0,0,0,0,0,0,0,0,0,0,0,0,36,0,0,0,0,0,0,0,0,0,0,0
contig_42855,0,0,0,0,0,0,0,0,0,0,0,0,0,0,0,0,160,0,0,0,0,0,0,0,0,0,0,0,69,155,0,143,0,0,0,0,0,0,0,155,0,0,0,0,0,0,0,0,168,104,499,18,0,197,0,140,119,0,17,0,68,301,0,12,0,0,0,0,0,68,38,0,0,357,0,0,0,0,0,0,0,0,0,0,0,0,663,0,44,262,0,0
contig_42861,0,0,0,0,0,0,0,0,0,0,0,0,0,0,0,0,0,0,0,0,0,14,0,0,0,0,0,0,0,0,0,39,98,0,0,0,0,61,0,0,0,0,45,0,272,0,0,0,188,0,2711,242,0,0,0,0,0,0,0,0,10121,6890,123,0,0,0,0,93,0,0,0,69,0,736,0,0,0,0,0,0,0,0,0,0,0,0,0,0,50,215,19,0
contig_42869,0,168,0,0,0,0,0,0,0,0,0,0,0,0,0,0,717,0,0,0,0,0,0,0,0,0,0,0,0,882,0,0,0,0,0,0,0,0,0,0,0,0,0,0,0,0,0,0,0,0,169,0,0,89,0,0,0,0,9132,0,0,172,0,0,0,0,0,0,0,0,0,0,0,1040,0,0,0,0,0,0,0,0,0,0,0,0,0,0,0,355,0,0
contig_42881,0,877,1786,981,1018,408,488,0,0,0,81,0,0,0,1235,0,1806,0,0,0,0,284,0,0,0,0,0,0,0,1877,1139,510,6357,0,0,0,0,2212,0,127,0,0,0,0,0,807,772,770,1984,3310,242,0,0,0,127,609,2337,0,0,0,2893,3130,0,0,564,0,533,3720,438,111,0,0,12,2258,0,472,35,0,0,0,239,0,0,0,0,0,1212,0,93,955,0,0
contig_42882,0,0,0,0,0,0,0,0,0,0,0,0,0,0,0,0,346,0,0,0,0,0,0,0,0,0,0,0,0,515,0,0,0,0,0,0,0,0,0,0,0,0,0,0,0,0,0,1201,2024,871,321,0,0,0,0,0,0,0,0,0,0,0,0,0,0,0,0,0,0,0,0,0,0,0,0,0,0,0,0,0,0,0,0,0,0,0,0,0,0,0,0,0
contig_42897,0,0,0,986,432,0,0,0,0,0,0,0,0,0,0,0,110,0,0,0,0,0,0,0,0,0,0,0,0,2007,0,336,2104,0,2322,0,0,0,0,1543,21286,0,983,321,165,0,0,0,2387,0,0,2939,0,0,0,4428,0,1150,0,0,0,0,0,0,0,0,1623,17445,3833,7009,1947,736,152,6584,0,0,0,0,0,0,0,0,0,0,0,0,9479,0,139,8406,32,0
contig_42908,0,0,0,0,0,0,0,0,0,0,0,0,0,0,880,0,344,0,0,0,0,0,0,0,0,0,0,0,0,649,0,0,257,0,0,0,0,0,0,60,0,0,0,0,0,0,0,0,1062,374,462,0,0,0,0,0,0,0,0,0,0,0,0,0,0,0,0,140,0,0,0,0,0,1311,0,0,0,0,0,0,0,0,0,0,0,0,0,0,0,0,0,0
contig_42917,0,0,0,0,0,0,0,0,0,0,0,0,0,0,0,0,0,0,0,0,0,0,0,0,0,0,0,0,0,0,0,0,0,0,0,0,0,0,0,0,0,0,0,0,0,0,0,0,0,0,0,0,0,0,0,0,0,0,0,0,0,0,0,0,0,0,0,0,0,0,0,0,0,38,0,0,0,0,0,0,0,0,0,0,0,0,157,0,0,314,0,0
contig_42919,0,0,0,0,0,0,0,0,0,0,0,0,0,0,0,0,0,0,0,0,0,0,0,0,0,0,0,0,0,0,0,377,0,0,0,0,0,0,0,0,0,0,0,0,0,0,0,0,3660,529,215,1856,0,0,0,0,0,0,0,0,0,0,0,0,0,0,0,0,0,0,0,0,0,0,0,0,0,0,0,0,0,0,0,0,0,0,952,0,30,496,0,0
contig_42927,0,0,0,0,0,0,0,0,0,0,0,0,0,0,0,0,0,0,0,0,0,0,0,0,0,0,0,0,7352,236,0,0,0,0,0,0,0,0,0,0,0,0,0,0,0,0,0,0,0,0,0,0,0,0,0,0,1353,0,0,0,1438,175,0,0,0,0,0,0,0,0,0,0,0,0,0,0,0,0,0,0,0,0,0,0,0,0,0,0,0,0,0,0
contig_42945,0,4580,1570,0,1374,770,6281,0,0,0,0,0,0,0,5632,0,0,0,55,0,0,490,0,0,0,0,0,0,943,1611,0,407,0,0,99,0,0,0,0,847,0,0,0,0,0,0,0,1513,4681,1546,5618,98,0,1921,0,2412,3267,82,4904,1953,10937,1910,0,288,0,0,0,0,0,0,0,0,0,8487,0,0,48,0,0,0,91,0,0,0,0,0,13172,0,207,2007,0,0
contig_42951,0,0,3069,1011,252,911,0,0,0,0,0,0,0,0,0,0,0,0,0,0,0,0,0,0,0,0,0,0,0,4391,0,0,0,0,0,0,0,0,0,0,0,0,0,0,0,0,0,0,0,0,0,0,0,0,0,0,696,0,0,0,0,0,0,1673,2022,0,0,219,0,0,0,0,0,0,0,0,0,0,0,0,377,0,0,0,0,0,0,0,0,706,0,0
contig_42955,0,0,0,0,0,0,0,0,0,0,0,0,0,0,0,0,1025,0,0,0,0,0,0,0,0,0,0,0,0,0,0,0,0,0,0,0,0,0,0,0,0,0,0,0,0,0,0,0,135,57,0,0,0,0,0,0,158,0,523,0,1431,57,0,0,0,0,0,0,0,0,0,0,0,0,0,0,0,0,0,0,0,0,0,0,0,0,0,0,0,0,0,0
contig_42957,0,0,1339,551,232,324,0,0,0,0,0,0,0,0,9949,0,700,0,0,0,0,0,0,0,0,0,0,0,0,671,0,0,0,0,0,0,0,159,0,0,0,0,0,0,0,0,1384,194,908,2153,0,0,0,0,0,0,1273,0,0,761,2100,1371,0,0,0,0,425,351,0,0,0,0,0,1018,0,0,0,0,0,0,0,0,0,0,0,0,0,0,0,438,0,0
contig_42964,0,0,0,0,0,0,0,0,0,0,0,0,0,0,0,0,0,0,0,0,0,0,0,0,0,0,0,0,95,77,0,0,0,0,0,0,0,0,0,124,0,0,0,0,0,0,0,555,195,313,0,0,0,0,0,0,0,0,0,0,363,279,0,0,0,0,0,1510,0,0,0,0,0,406,0,0,0,0,0,0,0,0,0,0,0,0,0,0,0,0,0,0
contig_42991,0,0,1595,1920,570,378,0,0,0,0,69,0,0,18,0,0,0,0,0,0,0,0,0,0,0,0,0,0,0,4416,577,361,1565,0,0,0,0,0,0,0,0,0,0,0,0,0,0,0,0,0,0,1781,0,0,0,0,0,0,0,0,0,0,0,2475,1587,0,0,0,0,0,0,0,0,22255,0,0,0,0,0,0,177,0,0,0,0,0,0,0,0,871,0,0
contig_42998,0,0,0,0,0,0,0,0,0,0,245,0,0,0,0,0,0,0,0,0,0,0,0,0,0,0,0,0,0,0,0,0,647,0,0,0,0,0,0,119,0,0,0,0,0,0,0,0,201,0,0,0,0,302,0,0,0,275,0,0,0,0,0,0,0,0,7027,41753,10716,4814,3502,42,0,0,0,0,0,0,0,0,0,0,0,0,0,0,10728,0,0,1309,0,0
contig_43015,0,0,0,234,348,249,43,0,0,0,0,0,0,0,2736,0,0,0,0,0,0,0,0,0,0,0,0,0,0,0,0,65,99,0,0,0,0,0,0,0,0,0,0,0,0,0,313,2157,1001,607,1603,0,0,124,0,115,768,0,0,0,3054,549,0,0,121,0,0,0,0,72,0,0,0,1543,0,535,0,0,0,0,0,0,0,0,0,0,129,0,0,0,0,0
contig_43023,0,0,0,0,0,0,0,0,0,0,0,0,0,0,0,0,0,0,0,25,0,0,0,0,0,0,0,0,0,0,0,0,0,0,608,0,0,0,0,0,0,0,29,0,24,0,0,0,0,0,0,0,0,0,0,81,0,0,0,0,0,0,0,0,0,0,0,0,0,0,0,0,0,0,0,0,0,0,0,0,0,0,0,0,0,0,0,0,0,1429,0,0
contig_43027,0,0,0,0,0,0,0,0,0,0,0,0,0,0,0,0,0,0,0,0,0,0,0,0,0,0,0,0,0,0,0,0,0,0,0,0,0,0,0,0,0,0,0,0,0,0,0,232,0,0,1246,0,0,0,0,0,0,0,0,0,0,1262,0,0,0,0,0,0,0,0,0,0,0,0,0,0,0,0,0,0,0,0,0,0,0,0,0,0,0,0,0,0
contig_43029,0,0,0,0,0,0,0,0,0,0,0,0,0,0,0,0,0,0,0,0,0,0,0,0,0,0,0,0,0,0,0,0,0,0,0,0,0,0,0,0,0,0,0,0,0,0,0,0,0,0,0,0,0,0,0,0,0,0,0,0,0,0,0,0,0,0,0,0,0,0,0,0,0,0,0,0,0,0,0,0,67,0,0,0,0,0,0,0,94,33,0,0
contig_43047,0,0,0,0,0,0,0,0,0,0,135,0,0,0,0,0,0,0,0,0,0,0,0,0,0,0,0,0,0,268,0,0,0,0,0,0,0,0,0,0,0,0,0,0,0,0,490,0,2288,906,2052,0,0,0,0,0,913,0,0,0,663,680,0,0,0,0,0,0,143,0,0,0,0,3885,0,620,0,0,0,0,0,0,0,0,0,0,3944,0,0,0,0,0
contig_43065,0,0,0,0,89,0,0,0,0,0,0,0,0,0,0,0,191,0,0,0,0,0,0,0,0,0,0,0,0,213,0,67,0,0,0,0,0,0,0,0,0,0,0,0,0,0,0,76,241,0,299,49,0,0,0,0,0,0,0,0,0,251,0,0,0,0,0,0,59,28,0,0,0,0,0,0,0,0,0,0,0,0,0,0,0,0,0,0,0,0,0,0
contig_43072,0,1538,893,126,0,125,585,0,0,0,0,0,0,0,2421,0,380,0,0,0,0,76,0,0,0,0,0,0,0,502,48,0,0,0,0,0,0,0,0,357,0,0,0,0,0,0,0,102,371,154,195,0,0,0,0,334,192,0,0,165,3804,268,0,0,0,0,0,0,0,0,0,0,0,745,0,0,0,0,0,0,0,0,0,0,0,0,1165,0,0,605,0,0
contig_43080,101534,1725,0,0,0,8721,0,0,0,0,0,0,0,0,0,16520,0,0,0,0,0,0,0,0,0,0,0,0,35224,19371,0,0,0,0,0,0,0,0,0,0,0,0,0,0,0,0,0,0,0,0,0,0,0,0,0,0,0,0,0,2127,14437,0,0,0,436,0,0,0,0,0,0,0,0,0,0,0,0,0,0,0,0,0,0,0,0,0,0,0,0,0,0,0
contig_43086,0,0,0,0,0,0,0,0,0,0,0,0,0,0,0,0,0,0,0,0,0,0,0,0,0,0,0,0,0,0,0,0,0,0,0,0,0,0,0,0,0,22,51,0,82,0,0,0,0,0,0,0,0,0,0,87,0,0,0,0,0,0,0,0,0,0,0,0,0,0,0,0,0,0,0,0,0,0,0,0,0,0,0,0,0,0,0,0,0,1297,0,0
contig_43090,0,0,0,0,0,166,0,0,0,0,0,0,0,0,0,0,0,0,0,0,0,72,0,0,0,0,0,0,0,0,0,0,0,0,0,0,0,1424,0,79,0,0,0,0,0,0,0,0,0,0,0,0,0,0,0,0,0,0,0,0,506,1055,0,0,0,0,25,0,0,0,0,0,0,0,0,0,0,0,0,0,0,0,0,0,0,0,0,0,70,0,0,0
contig_43102,0,0,0,0,0,0,0,0,0,0,0,0,0,0,0,0,0,0,0,0,0,0,0,0,0,0,0,0,0,0,0,344,949,0,0,0,0,0,0,91,0,0,0,0,0,0,0,0,777,0,0,0,0,0,0,0,0,0,0,0,81,151,0,0,0,0,0,0,0,0,0,0,0,757,0,0,0,0,0,0,0,0,0,0,0,0,1102,0,0,0,0,0
contig_43121,0,0,0,0,0,0,0,0,0,0,0,0,0,0,0,0,0,0,0,0,0,0,0,0,0,0,0,0,0,0,0,0,0,0,0,0,0,28,0,0,0,0,0,0,0,0,0,0,0,0,0,0,0,0,0,0,0,0,0,0,0,0,0,0,0,0,0,0,0,0,0,0,0,0,0,0,0,0,0,0,0,0,0,0,0,0,0,0,0,62,39,0
contig_43123,0,0,0,55,0,0,0,0,0,0,0,0,0,60,0,0,0,0,0,0,0,0,0,0,0,0,0,0,0,0,0,157,35,0,0,0,0,410,0,0,0,0,0,0,130,0,0,0,301,230,45,0,0,0,0,0,175,0,0,0,0,0,0,0,0,0,0,0,0,0,0,0,0,0,0,0,0,0,0,0,0,0,0,0,0,0,0,0,0,0,0,0
contig_43124,0,0,0,0,0,0,0,0,0,0,0,0,0,0,17246,0,7187,0,0,0,0,157,0,0,0,0,0,0,0,0,0,0,0,0,0,0,0,0,0,0,0,0,41,0,0,0,0,0,0,0,126,0,0,0,0,0,0,193,0,0,13521,24096,0,0,0,0,0,0,0,0,0,0,0,165,0,0,11,0,0,0,0,0,0,0,0,0,0,0,0,0,0,0
contig_43131,0,0,0,0,0,0,329,0,0,0,0,0,0,0,0,0,0,0,0,0,0,0,0,0,0,0,0,0,0,0,0,0,0,0,0,0,0,0,0,0,0,0,0,0,0,0,0,0,0,0,0,0,0,0,0,0,0,0,0,0,0,0,0,0,0,0,0,0,0,0,0,0,0,0,0,0,46,0,0,0,141,0,0,0,0,0,569,0,158,537,0,0
contig_43132,0,506,0,0,0,0,0,0,0,0,0,0,0,0,2380,0,0,0,0,0,0,0,0,0,0,0,0,192,0,74,0,0,0,0,0,0,0,0,0,0,0,0,0,0,0,0,0,0,0,0,0,0,0,3116,0,0,0,0,0,0,0,415,0,232,0,0,0,0,0,0,0,0,0,25,0,0,0,0,0,0,0,0,0,0,0,0,0,0,0,79,0,0
contig_43134,0,0,0,0,0,0,0,0,0,0,0,0,0,0,0,0,0,0,0,20,0,0,0,0,0,0,0,0,0,0,0,0,0,0,0,0,0,0,0,0,0,0,0,0,52,0,0,0,0,0,0,0,0,0,0,0,0,0,0,0,0,0,0,0,0,0,0,0,0,0,0,0,0,0,0,0,0,0,0,0,0,0,0,0,0,0,0,0,152,1163,0,0
contig_43158,0,0,0,0,0,0,0,0,0,0,0,0,0,0,0,0,462,0,0,0,0,0,0,0,0,0,0,0,0,0,0,0,0,0,0,0,0,0,0,0,0,0,0,0,0,0,0,91,0,0,0,0,0,0,0,0,54,0,0,0,83,0,0,0,0,0,0,80,0,0,0,0,0,0,0,0,0,0,0,0,0,0,0,0,0,0,0,0,0,0,0,0
contig_43163,0,0,0,83,0,0,0,0,0,0,37,0,0,0,0,0,588,0,0,0,0,0,0,0,0,41,21,0,0,510,26,81,92,0,0,0,0,1267,0,0,0,0,923,0,477,0,0,0,248,0,692,130,0,79,0,331,869,65,0,1387,0,2772,95,191,0,0,0,1062,0,0,0,89,0,5081,0,0,0,0,0,0,0,0,0,0,0,0,0,0,245,0,25,0
contig_43164,0,0,0,0,0,0,0,0,0,0,0,0,0,0,0,0,0,0,0,0,0,0,0,0,0,0,0,0,0,151,0,0,0,0,0,0,0,0,0,0,0,0,0,0,0,0,0,0,484,0,198,0,0,0,0,0,0,0,0,0,0,0,0,0,0,0,0,0,0,0,0,0,0,0,0,0,0,0,0,0,0,0,0,0,0,0,0,0,0,0,0,0
contig_43165,0,0,0,0,0,0,0,0,0,0,0,0,0,0,0,0,0,0,0,0,0,0,0,0,0,0,0,0,0,0,0,0,0,0,0,0,0,0,0,0,0,0,0,0,0,0,0,0,0,29,0,0,0,0,0,0,0,0,0,0,0,0,0,0,0,0,0,0,0,0,0,33,0,0,0,0,0,0,31,0,0,0,0,0,0,0,0,0,0,0,0,0
contig_43175,0,0,0,0,0,0,0,0,0,0,0,0,0,0,0,0,0,0,0,0,0,119,0,0,0,0,0,0,0,0,59,0,0,0,0,0,0,0,0,0,0,57,0,0,0,0,0,0,0,0,0,0,0,0,0,0,0,0,0,0,0,0,0,0,0,0,0,0,0,0,0,0,0,0,0,0,0,0,0,0,0,0,0,0,0,0,0,0,0,0,9,0
contig_43203,0,0,0,1270,0,0,0,0,0,0,0,0,0,0,0,0,0,0,0,0,0,0,0,0,0,0,0,0,0,0,0,0,0,0,0,0,0,0,0,0,0,0,0,0,0,0,0,0,0,0,0,0,0,0,0,0,0,0,0,0,4251,404,0,0,0,0,0,0,0,0,0,0,0,0,0,0,0,0,0,0,0,0,0,0,0,0,0,0,0,0,0,0
contig_43205,0,134,3856,1147,0,1235,0,0,0,0,0,0,0,0,12209,0,3568,62,0,52,0,660,0,0,0,0,0,0,0,2613,0,0,320,0,0,0,0,754,0,118,0,0,0,0,318,67,0,1041,3135,6709,933,0,0,0,0,579,825,129,0,0,3879,1365,0,0,945,0,439,680,0,0,0,0,0,1850,0,0,0,0,0,0,0,0,0,0,0,0,0,59,556,48,0,0
contig_43219,0,0,0,0,0,0,0,0,0,0,0,0,0,0,0,0,0,0,0,0,0,0,0,0,0,0,0,0,0,0,0,0,29,0,0,0,0,0,0,0,0,0,0,0,0,0,0,0,0,0,0,0,0,68,0,0,0,0,0,0,0,0,0,0,0,0,0,0,0,0,0,0,0,0,0,0,0,0,0,0,0,0,78,0,0,0,0,0,0,0,0,0
contig_43232,0,0,2417,1108,2104,767,2089,1243,0,0,448,0,0,0,6440,1221,2791,0,0,0,0,251,0,0,0,227,0,0,2637,1575,971,774,637,0,0,0,0,1323,308,768,87,145,59,0,0,960,4768,1212,36229,5263,8452,152,0,0,0,219,891,0,412,3244,1753,842,0,0,690,0,3703,619,2368,2825,3243,133,0,2682,76,698,0,0,0,0,289,0,0,0,0,0,3412,0,0,1998,0,0
contig_43250,0,0,0,0,0,0,0,0,0,0,0,0,0,0,10671,12686,17655,0,0,0,0,0,0,0,0,0,0,0,0,0,0,1484,0,0,0,0,0,0,0,0,0,0,0,0,0,0,24412,8369,9462,0,2658,320,0,0,0,0,0,0,456,2012,64722,8390,0,0,0,0,0,0,0,0,0,0,0,0,0,0,0,0,0,0,0,0,0,0,0,0,0,0,0,0,0,0
contig_43258,0,3002,2170,0,0,0,0,0,0,0,0,0,0,0,2466,43869,0,0,0,0,0,27,0,0,0,0,0,2698,0,11891,0,0,0,0,0,0,0,0,0,0,0,0,0,0,0,0,0,0,0,0,0,0,0,1438,0,0,0,0,1048,3191,0,1358,0,3386,1614,0,0,40,0,0,0,0,0,139,0,0,0,0,0,0,29264,0,0,0,0,0,0,0,0,477,0,0
contig_43259,0,0,0,0,0,0,0,0,0,0,0,0,0,0,0,0,0,0,0,0,0,0,0,0,0,0,0,0,0,0,0,0,0,0,0,0,0,0,0,0,0,0,0,0,0,0,0,76,0,0,0,0,0,0,0,0,0,0,0,0,2220,42,0,0,0,0,0,0,0,0,0,0,0,0,0,0,0,0,0,0,0,0,0,0,0,0,0,0,0,0,0,0
contig_43264,0,0,0,0,0,0,0,0,0,0,0,0,0,0,0,0,0,0,0,0,0,0,0,0,0,0,0,0,0,0,0,0,0,0,0,0,0,0,0,0,0,0,0,0,0,0,1499,246,508,0,0,0,0,0,0,0,0,0,0,0,120,59,0,0,0,0,0,199,186,0,0,0,0,0,0,0,0,0,0,0,0,0,0,0,0,0,0,0,0,0,0,0
contig_43269,0,0,125,855,375,94,182,0,0,0,0,0,0,0,713,0,2716,0,0,0,0,132,0,0,0,0,0,342,332,1417,0,237,435,0,0,0,0,829,93,0,0,0,0,0,0,0,1269,402,2193,1809,712,136,0,0,0,0,1397,0,588,957,2188,1753,0,0,0,0,416,326,1000,278,0,58,64,1292,0,0,0,0,0,0,0,0,0,0,0,0,1272,0,39,0,0,0
contig_43280,0,0,0,0,0,0,0,0,0,0,0,0,0,0,0,0,52,0,0,0,0,0,0,0,0,0,0,0,0,0,0,0,0,0,0,0,0,66,0,0,0,0,0,0,0,0,0,0,82,0,52,0,0,0,0,42,0,0,0,165,0,0,0,0,0,0,0,97,76,0,0,0,0,261,0,0,0,0,0,0,0,0,0,0,0,0,0,0,0,0,0,0
contig_43284,0,0,0,0,0,0,0,0,0,0,0,0,0,0,0,0,0,0,0,0,0,0,0,0,0,0,0,0,0,0,0,0,0,0,0,0,0,0,0,0,1151,0,0,0,0,0,0,0,0,0,0,0,0,1718,0,0,0,0,0,0,0,0,0,0,0,0,0,0,0,0,0,0,0,764,0,0,0,0,0,0,0,0,0,0,0,0,8107,0,0,824,0,0
contig_43287,0,0,0,0,0,0,0,0,0,0,0,0,0,0,0,0,0,0,0,0,0,0,0,0,0,0,0,0,0,0,0,0,0,0,0,0,0,0,0,0,0,0,0,0,0,0,44,57,230,0,0,0,0,0,0,0,0,0,0,0,0,66,0,0,0,0,11,0,0,0,0,0,0,0,0,0,0,0,0,0,0,0,0,0,0,0,0,0,0,0,0,0
contig_43289,0,0,0,0,0,0,0,0,0,0,0,0,0,0,0,0,68,0,0,0,0,0,0,0,0,0,0,0,0,0,0,0,0,0,0,0,0,0,0,0,0,0,0,0,0,5200,0,0,0,0,0,0,7239,0,0,0,0,0,33193,0,0,0,0,0,0,0,0,0,0,0,0,0,0,0,0,0,0,0,0,0,0,0,0,0,0,0,0,0,0,0,0,0
contig_43298,0,7023,5195,0,0,0,0,0,0,0,0,0,0,0,0,0,0,0,0,0,0,0,0,0,0,0,0,0,0,0,0,0,0,0,0,0,0,0,0,0,0,0,0,0,0,0,0,0,0,0,0,0,0,0,0,0,0,0,0,0,2567,0,0,0,0,0,0,0,0,0,0,0,0,0,0,0,0,0,0,0,0,0,0,0,0,0,0,0,0,0,0,0
contig_43303,0,0,0,0,0,0,0,0,0,0,0,0,0,0,0,0,0,0,0,0,0,0,0,0,0,0,0,0,0,0,0,0,0,0,0,0,0,0,0,0,0,0,0,0,0,0,0,0,0,0,0,0,0,3006,0,0,0,0,0,0,0,4878,0,970,0,0,0,0,0,0,0,0,0,1036,0,0,0,0,0,0,0,0,0,0,0,0,0,0,0,7297,57,0
contig_43316,0,0,0,0,0,0,0,0,0,0,0,0,0,0,0,0,0,0,0,0,0,0,0,0,0,0,0,0,0,0,0,0,0,0,0,0,0,0,0,0,0,0,0,0,0,0,0,0,46,0,0,0,0,0,0,0,0,0,0,0,194,74,0,0,0,0,0,0,0,0,0,0,0,0,0,0,0,0,0,0,0,0,0,0,0,0,0,0,0,0,0,0
contig_43320,0,0,0,0,0,0,0,0,0,0,0,0,0,0,0,0,0,0,0,0,0,0,0,0,0,0,0,0,0,0,0,161,0,0,0,0,0,0,0,0,0,0,0,0,0,0,0,0,161,0,2573,0,0,0,0,0,0,0,0,0,0,0,0,0,0,0,0,0,0,0,0,0,0,0,0,0,0,0,0,0,0,0,0,0,0,0,0,0,0,0,0,0
contig_43343,0,0,0,0,0,0,0,0,0,0,0,0,0,0,0,0,0,0,0,0,0,0,0,0,0,0,0,0,0,0,0,63,104,0,0,0,0,0,0,0,0,0,0,0,0,0,0,0,81,37,23,0,0,0,0,0,0,0,0,0,0,0,0,0,0,0,0,0,342,129,0,0,0,0,0,0,0,0,0,0,0,0,0,0,0,0,0,0,0,0,0,0
contig_43356,0,0,0,2326,0,0,6887,0,0,0,0,0,0,0,0,31180,0,0,0,0,0,0,0,0,0,0,0,0,0,0,0,0,0,0,0,0,0,0,0,0,0,0,0,0,0,5018,0,2604,0,2228,0,0,0,0,0,0,0,0,0,0,0,0,0,0,3683,0,0,2438,3769,0,0,0,0,0,0,0,0,0,0,0,0,0,0,0,0,0,0,0,0,0,0,0
contig_43357,0,0,0,0,0,0,0,0,0,0,0,0,0,0,0,707,1133,0,0,0,0,0,0,0,0,0,0,0,124261,1199,0,77,0,0,0,0,0,0,0,1113,0,0,0,0,0,353,3161,0,0,0,478,0,0,241,0,0,4253,740,0,11273,8449,2385,0,0,0,0,0,27,0,0,0,0,0,1361,0,0,0,0,0,275,126,0,0,0,0,0,1495,0,83,132,0,0
contig_43360,0,0,0,0,0,0,0,0,0,0,0,0,0,0,0,0,0,0,0,0,0,219,0,0,0,0,0,0,0,0,0,0,0,0,0,0,0,0,0,0,0,101,0,0,0,0,111,46,0,0,0,0,0,0,0,0,0,0,0,0,0,711,0,0,0,0,0,224,0,0,26,0,0,0,0,0,0,0,0,0,37,0,0,0,0,0,0,0,0,0,0,0
contig_43364,0,0,0,0,0,0,0,0,0,0,0,0,0,0,0,0,0,0,0,0,0,0,0,0,0,0,0,0,148,199,0,0,0,0,0,0,0,188,0,0,0,0,37,0,30,0,0,425,0,0,0,0,0,0,0,0,266,0,0,0,826,454,0,0,0,0,0,269,0,0,0,0,0,0,0,0,0,0,0,0,0,0,0,0,0,0,0,0,77,14,0,0
contig_43368,0,0,0,0,0,0,0,0,0,0,0,0,0,0,5824,0,0,0,0,0,0,0,0,0,0,0,0,0,2496,2143,0,0,0,0,0,0,0,0,0,0,0,0,0,0,0,1293,0,0,0,0,0,0,0,0,0,0,0,0,80,1709,0,3292,0,0,0,0,0,0,0,0,0,0,0,0,0,0,0,0,0,0,60159,0,0,0,0,0,0,0,0,0,0,0
contig_43385,0,0,0,291,302,0,6930,0,0,0,0,0,0,0,0,0,0,0,0,0,0,39,0,0,0,0,0,0,0,0,31,67,85,0,0,0,0,208,0,0,0,0,0,0,0,0,150,1207,816,1054,1737,0,0,477,0,996,385,0,0,0,4057,401,0,734,0,0,216,74,0,715,218,0,0,1460,0,0,0,0,0,0,0,0,0,0,0,0,3830,0,74,459,0,0
contig_43394,0,0,0,0,0,0,0,0,0,0,0,0,0,0,0,0,0,0,0,60,0,0,0,0,0,0,0,0,0,0,0,0,0,0,0,0,0,0,0,5032,0,27,0,0,95,0,0,0,711,0,2639,61,1543,1166,0,0,0,472,0,0,0,0,31,0,0,0,0,1509,668,0,0,0,0,0,0,0,0,0,0,0,0,0,0,0,0,0,993,0,79,3454,56,0
contig_43399,0,0,0,0,0,0,0,0,0,0,0,0,0,0,6598,0,509,37,0,0,0,0,0,0,0,0,0,0,0,181,0,0,0,0,0,0,0,27,0,0,0,0,0,0,72,0,0,0,0,0,0,0,0,0,0,200,0,0,0,0,0,0,0,0,0,0,0,0,0,0,0,0,0,192,0,0,0,0,0,0,0,0,0,0,0,0,0,0,166,0,0,0
contig_43400,0,0,0,0,0,0,0,0,0,0,0,0,0,0,0,0,0,0,0,0,0,0,0,0,0,0,0,0,0,0,0,0,0,0,0,0,0,0,0,0,0,0,0,0,0,0,0,0,0,0,0,0,811,151,0,0,81,0,0,0,0,97,0,0,0,0,0,0,0,0,0,0,0,592,0,0,0,0,0,0,0,0,0,0,0,0,118,0,0,0,0,0
contig_43401,0,0,0,0,0,0,0,0,0,0,0,0,0,0,0,0,0,0,0,0,0,0,0,0,0,0,0,0,0,0,0,32,0,0,0,0,0,0,0,417,0,0,0,0,0,0,0,0,0,0,0,0,0,0,0,0,0,992,0,0,0,0,0,0,0,0,0,0,0,0,0,0,0,0,0,0,0,0,0,0,0,0,0,0,0,0,0,0,0,0,0,0
contig_43407,0,0,0,0,0,0,0,0,0,0,0,0,0,0,0,0,0,0,0,0,0,0,0,0,0,0,0,0,0,0,0,0,0,0,0,0,0,0,0,0,0,0,0,0,0,0,0,0,0,0,0,0,0,0,0,0,229,0,0,0,411,158,0,0,0,0,0,0,0,0,0,0,0,0,0,0,0,0,0,0,0,0,0,0,0,0,0,0,0,969,0,0
contig_43408,0,0,0,0,0,0,0,0,0,0,0,0,0,0,0,0,0,0,0,0,0,0,0,0,0,0,0,0,0,0,0,0,0,0,0,0,0,0,0,0,0,0,0,0,0,255,0,320,551,400,1630,0,0,0,0,0,0,0,0,0,0,0,0,0,0,0,0,0,0,0,0,0,0,0,0,0,0,0,0,0,0,0,0,0,0,0,0,0,0,0,0,0
contig_43414,0,0,0,0,0,0,0,0,0,0,0,0,0,0,0,0,172,0,0,0,0,0,0,0,0,0,0,0,0,0,0,0,0,0,0,0,0,0,0,0,0,0,0,0,0,0,0,0,102,0,0,0,0,0,0,0,0,0,0,0,0,16106,0,0,0,0,0,0,0,0,0,0,0,0,0,0,0,0,0,0,0,0,0,0,0,0,0,0,0,0,0,0
contig_43440,0,0,0,0,0,0,0,0,0,0,0,0,0,0,0,0,0,0,0,0,0,0,0,0,0,0,0,0,0,0,0,0,0,0,0,0,0,0,0,0,0,0,0,0,0,63,0,58,65,15,115,0,0,0,0,0,40,0,0,0,2107,0,0,0,0,0,0,0,0,0,0,0,0,0,0,0,0,0,0,0,0,0,0,0,0,0,0,0,0,0,0,0
contig_43451,0,0,0,0,0,0,0,0,0,0,0,0,0,0,0,0,0,0,0,0,0,0,0,0,0,0,0,0,0,0,0,0,0,3514,90,0,0,0,0,0,0,100,16,0,0,0,0,0,0,0,0,0,0,0,0,0,0,0,0,0,0,0,0,0,0,0,0,0,0,0,0,0,0,0,0,0,0,0,0,0,0,0,0,0,0,0,0,0,0,0,0,0
contig_43461,0,0,0,180,0,0,0,0,0,0,0,0,0,0,0,0,721,0,0,0,0,0,0,0,0,0,0,0,0,1101,0,0,0,0,0,0,0,0,0,0,0,0,0,0,0,0,0,0,486,0,0,0,0,0,0,0,47,0,0,0,181,352,0,0,0,0,0,0,0,0,0,0,0,1253,0,0,26,0,0,0,0,0,0,0,0,0,0,0,19,136,0,0
contig_43464,0,0,0,0,0,0,0,0,0,0,0,0,0,0,0,0,0,0,0,27,0,0,0,0,0,0,0,0,0,0,0,23,0,0,218,0,0,0,0,0,0,0,0,0,0,0,0,0,0,0,0,0,0,0,0,0,0,50,0,0,0,0,0,0,0,0,0,0,0,0,0,0,0,0,0,0,0,0,0,0,0,0,0,0,0,0,0,0,0,0,0,0
contig_43466,0,0,0,0,0,0,0,0,0,0,0,0,0,0,0,0,0,0,0,0,0,0,0,0,0,0,0,0,0,0,0,0,0,0,0,0,0,0,0,0,0,0,0,0,0,0,0,0,0,0,0,0,0,74,0,0,0,0,0,0,0,933,0,0,0,0,0,0,0,0,0,0,0,0,0,0,0,0,0,0,0,0,0,0,0,0,0,0,0,141,0,0
contig_43470,0,0,0,0,0,0,0,0,0,0,0,0,0,0,0,0,1875,0,0,0,0,0,0,0,0,0,0,0,0,2401,0,0,0,0,0,0,0,0,0,1937,0,0,0,0,0,0,0,0,0,0,72,0,0,0,0,0,0,0,0,0,0,1036,0,0,0,0,0,0,0,0,0,0,0,0,0,0,0,0,0,0,0,0,0,0,0,0,0,0,0,0,0,0
contig_43471,21097,0,0,0,0,0,0,0,0,0,0,0,0,0,0,0,0,0,0,0,0,0,0,0,0,0,0,21053,3181,0,0,0,0,0,0,0,0,0,0,0,0,0,0,0,0,11035,0,0,0,0,0,0,0,0,0,0,0,0,0,99858,40,0,0,0,0,0,0,0,0,0,0,0,0,0,0,0,0,0,0,0,0,0,0,0,0,0,14711,0,0,0,0,0
contig_43483,0,0,0,0,0,0,0,0,0,0,0,0,0,0,0,0,0,0,0,0,0,0,0,0,0,0,0,0,0,0,0,0,0,0,0,0,0,0,0,0,0,0,0,0,0,0,0,100,827,256,160,0,0,387,0,156,70,0,0,0,87,204,0,0,0,0,0,38,0,0,0,0,0,392,0,0,0,0,0,0,0,0,0,0,0,0,0,0,11,0,0,0
contig_43491,0,695,0,0,0,0,2842,0,0,0,0,0,0,0,6284,1593,582,0,0,0,0,79,0,0,0,0,0,0,6634,2237,0,0,0,0,0,0,0,0,0,0,0,0,0,0,0,3419,0,0,0,0,0,0,0,0,32764,0,257,0,1055,8221,2889,344,0,0,0,0,0,469,0,0,0,0,0,0,0,0,0,0,0,0,869,0,0,0,0,0,0,0,0,3397,0,0
contig_43494,79,1324,0,0,0,301,3946,0,0,0,0,0,0,0,3247,2799,573,0,0,0,0,0,0,0,0,0,0,1339,9817,3346,0,0,0,0,0,0,0,0,0,753,0,0,0,0,0,4970,0,0,0,0,0,0,0,0,35374,0,191,0,1195,14258,6707,283,0,1191,790,0,0,0,0,0,0,0,0,0,0,0,0,0,0,0,1295,0,0,0,0,0,1903,0,0,0,0,0
contig_43504,0,0,0,122,70,0,0,0,0,0,0,0,0,0,4202,0,316,0,0,0,0,0,0,0,0,0,0,0,0,263,0,0,0,0,0,0,0,0,0,0,0,0,0,0,0,0,0,0,0,335,282,0,0,0,0,128,0,0,0,0,7317,0,0,0,0,0,0,0,0,0,0,0,0,0,0,0,0,0,0,0,0,0,0,0,0,0,0,0,0,0,0,0
contig_43506,0,0,0,0,0,0,0,0,0,0,0,0,0,0,0,0,0,0,0,0,0,0,0,0,0,0,0,0,0,0,0,0,0,0,0,0,113,0,0,0,0,0,0,0,0,0,78,0,0,0,0,0,0,0,0,0,0,0,0,0,0,0,0,0,0,0,0,0,0,0,0,0,0,0,0,0,0,0,0,0,23,0,0,0,0,0,0,0,0,0,15,0
contig_43513,0,0,0,100,128,0,0,0,0,0,0,0,0,0,0,0,583,0,0,17,0,36,0,0,0,0,0,0,0,542,47,111,127,0,0,0,0,683,0,0,0,0,284,0,264,0,0,0,337,761,1318,272,0,103,0,546,973,91,0,1465,811,3867,89,186,0,0,0,1158,695,0,71,48,0,6578,0,0,0,0,0,0,0,0,0,0,0,0,0,0,99,107,0,0
contig_43514,0,0,0,22,0,0,0,0,0,0,0,0,0,0,0,0,229,0,0,0,0,0,0,0,0,0,0,0,0,0,0,0,181,0,0,0,0,0,0,0,0,0,0,0,0,0,0,0,345,0,0,0,0,0,0,0,0,0,0,0,53,0,0,0,0,0,0,118,426,0,0,0,0,1005,0,0,0,0,0,0,0,0,0,0,0,0,0,0,0,0,0,0
contig_43517,0,520,0,0,0,0,0,0,0,0,0,0,0,0,332,0,0,0,0,0,0,0,0,0,0,0,0,0,0,0,0,0,0,0,0,0,0,0,0,27,0,0,0,0,0,0,0,591,0,0,318,0,0,0,0,0,422,0,0,0,0,0,0,0,0,0,0,196,0,0,0,0,0,254,0,0,0,0,0,0,267,0,0,0,0,0,0,0,154,220,0,0
contig_43528,0,0,75,0,85,1079,0,0,0,0,0,0,0,93,0,0,0,0,0,0,0,0,0,0,0,0,0,0,0,1178,471,0,0,0,0,0,0,559,0,46,0,404,2351,0,0,0,0,43,0,0,0,153,0,0,0,0,0,772,0,0,0,8864,0,0,0,0,0,0,0,71,31,0,1088,0,0,0,44,0,0,0,0,0,0,0,0,0,0,0,12,0,0,0
contig_43539,0,0,0,0,0,0,0,0,0,0,0,0,0,0,0,0,0,0,0,0,0,0,0,0,0,0,0,0,0,0,0,0,0,0,0,0,0,0,0,0,0,0,0,0,0,0,0,696,0,0,0,0,0,0,0,0,0,0,0,0,938,0,0,0,0,0,0,192,0,0,0,0,0,0,0,0,0,0,0,0,0,0,0,0,0,0,0,0,0,0,0,0
contig_43549,0,0,0,0,325,0,0,0,0,0,0,0,0,0,0,0,0,0,0,0,0,0,0,0,0,0,0,0,0,0,0,0,0,0,0,0,0,0,0,0,0,0,0,0,0,0,0,0,0,0,0,29,0,0,0,0,0,0,0,0,0,1129,0,0,0,0,0,0,0,0,0,0,0,0,0,0,0,0,0,0,0,0,0,0,0,0,0,0,159,0,0,0
contig_43551,0,0,0,0,0,0,0,67,31,0,23,0,40,0,0,0,0,0,0,0,0,0,0,0,0,0,0,0,0,0,0,0,0,0,0,0,0,0,0,0,0,0,0,0,0,0,0,0,0,0,0,0,0,0,0,0,0,0,0,0,0,0,0,0,0,0,0,0,0,0,0,0,0,0,0,0,0,0,0,0,0,0,0,0,0,0,0,0,0,0,0,0
contig_43570,0,221,0,0,0,0,0,0,0,0,0,0,0,0,0,0,0,0,0,0,0,0,0,0,0,0,0,0,0,512,0,188,0,0,0,0,0,0,0,276,0,0,0,0,0,823,0,0,202,587,0,0,0,0,351,0,808,0,0,0,0,451,0,0,0,0,0,355,0,0,0,0,0,0,0,0,0,0,0,0,0,0,0,0,0,0,0,0,72,3702,0,0
contig_43586,0,0,0,0,0,0,0,0,0,0,0,0,0,0,0,0,27,0,0,0,0,0,0,0,0,0,0,0,91,204,0,0,0,0,0,0,0,0,0,0,0,0,0,0,0,0,0,66,23,0,0,0,0,0,0,0,297,0,0,0,90,183,0,0,139,0,0,0,0,0,0,0,0,0,0,0,0,0,0,0,259,0,0,0,0,0,0,0,0,0,0,0
contig_43596,0,0,0,0,0,0,0,0,0,0,0,0,0,0,0,0,0,0,0,0,0,0,0,0,0,0,0,0,0,0,0,0,0,0,0,0,0,0,0,0,0,0,0,0,0,0,0,40,0,0,0,0,0,0,0,0,0,0,0,0,4523,0,0,0,0,0,0,893,0,0,0,0,0,0,0,0,0,0,0,0,0,0,0,0,0,0,0,0,0,0,0,0
contig_43600,0,0,0,0,0,0,0,0,0,0,0,0,0,0,0,0,0,0,0,0,0,0,0,0,0,0,0,0,0,0,0,0,0,0,0,0,0,94,0,0,0,0,102,0,28,0,0,0,0,0,0,0,0,0,0,0,215,0,0,0,0,0,0,0,0,0,0,70,0,0,0,0,0,0,0,0,0,0,0,0,0,0,0,0,0,0,0,0,0,29,0,0
contig_43601,0,0,0,0,0,0,0,0,0,0,0,0,0,0,0,247,0,0,0,0,0,0,0,0,0,0,0,0,0,0,0,0,0,0,0,0,0,0,0,0,0,0,0,0,0,0,0,772,0,0,0,0,0,0,0,0,0,0,0,0,6872,366,0,0,0,0,0,0,0,0,0,0,0,0,0,0,0,0,0,0,0,0,0,0,0,0,0,0,0,0,0,0
contig_43611,0,0,0,0,0,0,0,0,0,0,0,0,0,0,0,0,0,0,0,0,0,66,0,0,0,0,0,0,0,0,0,0,0,0,0,0,0,0,0,0,0,26,0,0,0,0,35,0,0,0,0,0,0,0,0,0,0,0,0,0,0,0,0,0,0,0,0,0,0,0,0,0,0,0,0,0,0,0,0,0,0,53,0,0,0,0,0,0,0,0,0,0
contig_43614,0,10592,0,0,0,294,0,0,0,0,0,0,0,0,0,27274,914,45,87,255,0,425,0,0,0,0,0,0,0,0,1237,0,0,0,0,0,0,0,0,0,0,0,0,0,75,0,0,0,0,0,0,0,0,0,0,1204,0,0,0,0,10259,2892,88,0,0,0,0,3620,0,0,0,0,0,0,0,0,0,0,0,0,529,0,0,0,0,15,0,0,0,0,0,0
contig_43619,0,0,0,0,0,0,0,0,0,0,0,0,0,0,0,0,0,0,0,0,0,0,0,0,0,0,0,0,0,0,0,0,0,0,0,0,0,0,0,0,0,0,0,0,0,0,0,0,0,0,0,0,0,1320,0,0,0,0,0,0,0,0,0,0,0,0,0,447,0,0,0,0,0,0,0,0,0,0,0,0,0,0,0,0,0,0,0,0,0,414,0,0
contig_43629,0,0,0,0,0,0,0,0,0,0,0,0,0,0,0,0,0,0,0,0,0,0,0,0,0,0,0,0,0,0,0,0,0,0,0,0,0,0,0,0,0,0,285,0,74,0,0,0,0,0,0,0,0,0,0,0,0,0,0,0,0,0,0,0,0,0,0,0,28,0,0,0,0,0,0,0,0,0,0,0,0,0,0,0,0,0,0,0,22,31,0,0
contig_43636,0,0,0,0,0,0,0,0,0,0,0,0,0,0,0,0,0,0,0,0,0,0,0,0,0,0,0,0,0,101,0,0,0,0,0,0,0,49,0,0,0,0,0,0,0,0,0,0,0,0,113,0,0,21,0,0,0,0,0,0,0,891,0,0,0,0,0,59,0,0,0,0,0,0,0,0,0,0,0,0,0,0,0,0,0,0,0,0,0,0,0,0
contig_43637,0,0,0,0,0,0,0,0,0,0,0,0,0,0,0,0,0,0,0,0,0,0,0,0,0,0,0,0,0,0,0,25,0,0,0,0,0,21,0,0,0,0,0,0,25,0,0,0,0,0,0,0,0,0,0,0,0,0,0,0,0,0,0,0,0,0,0,0,0,0,0,0,0,0,0,0,0,0,0,0,0,0,0,0,0,0,0,0,1128,0,0,0
contig_43638,0,0,0,0,0,0,0,0,0,0,0,0,0,0,0,0,0,0,0,0,0,0,0,0,0,0,0,0,0,0,0,0,0,0,0,0,0,0,0,0,0,0,0,0,0,91,0,0,0,0,0,0,0,0,0,0,0,0,0,0,0,0,0,0,0,0,0,0,0,0,0,0,0,202,0,0,0,0,0,100,0,0,0,0,0,0,0,0,0,0,0,0
contig_43640,0,0,0,0,0,0,0,0,0,0,0,0,0,0,0,0,0,0,0,0,0,0,0,0,0,0,0,0,0,0,0,705,275,0,0,0,0,0,0,0,0,0,0,0,0,0,0,0,97,0,124,0,0,0,0,0,0,0,0,0,0,0,0,0,0,0,0,0,0,0,0,0,0,0,0,0,0,0,0,0,0,0,0,0,0,0,0,0,0,0,0,0
contig_43649,0,0,585,423,80,0,0,0,0,0,48,0,0,471,0,0,0,0,0,0,0,0,0,0,0,0,0,0,0,0,1934,61,700,0,566,0,0,14149,0,0,0,0,107,0,509,0,148,0,3423,1378,677,263,0,0,0,0,615,0,0,0,0,0,0,0,164,0,0,0,0,0,0,0,0,411,0,0,0,0,0,0,0,0,0,0,0,0,0,0,0,0,0,0
contig_43657,0,12213,0,0,0,0,0,0,0,0,0,0,0,0,0,0,0,0,0,0,0,0,0,0,0,0,0,0,0,0,0,0,0,0,0,0,0,0,0,0,0,0,0,0,0,0,0,0,0,0,0,0,0,0,0,0,0,0,0,0,0,4980,0,0,0,0,0,0,0,0,0,0,0,41,0,0,0,0,0,0,0,0,0,0,0,0,0,0,0,0,0,0
contig_43665,0,0,0,0,0,0,0,0,0,0,0,0,0,33,0,0,0,112,0,94,0,0,0,0,0,0,0,0,0,0,0,1122,3595,0,0,0,0,261,0,0,0,0,0,0,444,0,0,0,398,0,0,14497,1560,7694,0,0,0,1166,0,0,0,0,0,0,0,0,0,348,152,0,0,0,0,50219,0,0,0,48,0,0,0,0,0,0,0,0,2490,0,31,4956,23,0
contig_43673,0,0,0,0,0,0,0,0,0,0,0,0,0,0,0,0,0,0,0,0,0,0,0,0,0,0,0,0,0,0,0,150,312,0,0,0,0,0,0,0,0,0,0,0,0,0,0,0,122,0,0,0,0,0,0,0,0,0,0,0,0,0,0,0,0,0,0,0,112,0,0,0,0,0,0,0,0,0,0,0,0,0,0,0,0,0,109,0,0,0,0,0
contig_43682,0,0,0,0,0,0,0,0,0,0,0,0,0,0,0,0,0,0,0,0,0,0,0,0,0,0,0,0,0,0,0,0,0,0,0,0,0,0,0,0,0,0,0,0,0,0,0,20,197,0,0,0,0,0,0,0,0,0,0,0,506,0,0,0,0,0,0,0,0,0,0,0,0,0,0,0,0,0,0,0,0,0,0,0,0,0,0,0,0,0,0,0
contig_43687,0,0,0,0,0,0,0,0,0,0,0,0,0,0,0,0,0,0,0,0,0,0,0,0,0,0,0,0,0,0,0,0,1895,0,0,0,0,0,0,0,0,0,0,0,0,0,0,0,0,0,0,0,0,3361,0,0,0,0,0,0,0,1545,0,184,0,0,0,0,0,0,0,0,0,822,0,0,0,0,0,0,0,0,0,0,0,0,0,0,0,357,0,0
contig_43694,0,0,0,0,0,0,0,0,0,0,0,0,0,0,0,0,0,0,0,0,0,0,0,0,0,0,0,0,0,566,0,0,0,0,0,0,0,81,0,0,576,0,0,0,0,0,0,0,0,0,0,0,0,0,0,0,0,0,0,0,0,0,0,260,0,0,112,587,412,0,0,0,0,0,0,0,0,0,0,0,0,0,0,0,0,0,0,0,0,1192,0,0
contig_43718,0,0,0,0,0,0,0,0,0,0,0,0,0,0,0,0,0,0,0,0,0,0,0,0,0,0,0,0,0,0,0,0,0,0,0,0,0,0,0,0,0,0,0,0,0,0,94,0,0,316313,0,0,0,0,0,0,0,0,0,0,0,0,0,0,0,0,0,0,0,0,0,319011,0,91,328,0,0,3872,263763,0,0,0,0,0,0,0,0,340,0,0,0,0
contig_43719,0,469,0,0,0,0,0,0,0,0,0,0,0,0,9765,12546,0,0,0,0,0,0,0,0,0,0,0,0,0,0,0,0,0,0,0,0,0,0,0,0,0,0,0,0,0,0,0,0,0,0,0,0,0,0,0,0,0,0,0,0,0,0,0,0,0,0,0,0,0,0,0,0,0,0,0,0,0,0,0,0,0,0,0,0,0,0,0,0,0,0,0,0
contig_43762,0,0,0,25921,0,0,0,0,0,0,0,0,0,0,0,0,0,0,0,0,0,0,0,0,0,0,0,0,0,0,0,0,0,0,0,0,0,0,0,0,0,0,0,0,0,0,0,0,0,0,0,0,0,0,0,0,0,0,0,0,0,4023,0,0,0,0,0,4860,0,0,0,0,0,0,0,0,0,0,0,0,0,0,0,0,0,0,0,0,0,0,0,0
contig_43790,0,0,0,0,0,0,0,0,0,0,0,0,0,0,0,0,0,1161,5717,0,0,0,0,0,0,0,0,0,0,0,0,0,0,0,0,0,0,0,0,0,0,0,0,0,0,0,0,0,0,0,0,0,0,0,0,1333,0,0,0,0,0,0,0,0,0,0,0,0,0,0,0,0,0,0,0,0,0,0,0,0,0,0,0,0,0,0,0,0,0,0,0,0
contig_43803,0,0,0,0,0,0,0,0,0,0,0,0,0,0,0,0,0,0,0,0,0,0,0,0,0,0,0,0,0,0,0,0,0,0,0,0,0,0,0,418,0,31,155,0,0,0,0,0,0,0,0,0,0,0,0,0,0,0,0,0,0,0,0,0,0,0,0,0,0,0,0,0,0,0,0,0,0,0,0,0,0,0,0,0,0,0,0,0,0,0,0,0
contig_43817,0,0,0,0,0,0,0,0,0,0,0,0,0,0,0,0,0,0,0,0,0,0,0,0,0,0,0,0,0,0,0,0,0,0,0,0,0,43,0,0,0,0,0,0,0,0,0,0,0,0,0,0,0,0,0,0,0,0,0,0,0,0,0,0,0,0,0,0,0,0,0,0,0,0,0,0,0,0,0,0,0,0,0,0,0,0,0,0,0,260,18,0
contig_43818,0,0,0,0,0,0,0,0,0,0,0,0,0,0,0,0,0,0,0,0,0,0,0,0,0,0,0,0,0,0,0,0,0,0,0,0,0,0,0,0,0,0,0,0,0,0,355,0,285,70,94,0,0,0,0,0,0,0,0,0,10862,1912,0,0,0,0,0,0,0,0,0,0,0,0,0,0,0,0,0,0,0,0,0,0,0,0,0,0,0,0,0,0
contig_43819,0,0,0,0,682,0,0,0,0,0,0,0,0,0,7218,614,0,0,0,0,0,0,0,0,0,0,0,0,0,3700,1559,0,0,0,0,0,0,0,0,0,0,0,0,0,0,0,0,1796,965,3477,0,0,0,0,0,0,10277,0,0,0,32718,7716,0,0,0,0,0,1144,0,0,0,0,0,0,0,0,0,0,0,0,0,0,0,0,0,0,0,0,0,0,0,0
contig_43832,0,0,0,201,159,508,338,0,0,0,0,0,0,0,0,4783,5687,0,0,0,0,0,0,0,0,0,0,0,0,416,0,0,0,0,0,0,0,0,0,196,0,0,0,0,0,0,1314,433,1382,899,838,0,0,0,0,156,228,0,0,0,2544,0,0,169,0,0,617,226,987,0,0,0,0,466,0,0,0,0,0,0,0,0,0,0,0,0,3286,0,0,0,0,0
contig_43833,0,0,0,0,0,0,0,0,0,0,0,0,0,0,0,0,0,0,1412,0,0,0,0,0,0,0,0,0,0,0,0,0,0,0,0,0,0,0,0,0,790,0,0,0,0,0,0,0,0,0,0,0,0,0,0,0,0,0,0,0,0,0,0,0,0,0,0,0,0,0,0,0,0,0,0,0,0,0,0,0,0,0,0,0,0,0,0,0,0,49,0,0
contig_43838,0,0,0,0,0,0,0,0,0,0,0,0,0,0,0,0,468,0,0,0,0,0,0,0,0,0,0,0,0,0,0,0,0,0,0,0,0,0,0,0,0,0,0,0,0,0,0,0,0,0,0,0,0,0,0,0,0,0,0,0,0,331,0,0,0,0,0,0,930,0,0,0,0,0,0,0,0,0,0,0,0,0,0,0,0,0,0,0,0,0,0,0
contig_43842,0,0,0,0,0,0,0,0,0,0,0,0,0,0,0,0,0,0,0,0,0,0,0,0,0,0,0,0,0,0,0,0,0,0,0,0,0,0,0,0,0,334,147,0,0,0,0,0,0,0,0,0,0,0,0,0,0,0,3297,0,0,0,0,0,0,0,0,0,0,0,0,0,0,0,0,0,0,0,0,0,0,0,0,0,0,0,0,0,0,1455,0,0
contig_43866,0,0,0,0,0,0,0,0,0,0,0,0,0,0,0,0,547,0,0,52,0,0,0,0,0,0,0,0,0,588,0,585,2121,0,0,0,0,115,0,0,0,0,0,0,140,0,0,0,3013,768,240,3270,0,6319,0,1385,0,0,0,0,0,0,322,0,0,0,0,401,0,0,0,0,0,3269,0,0,0,0,0,0,0,0,0,0,0,0,11683,0,0,4297,0,0
contig_43885,0,0,0,0,0,0,0,0,0,0,0,0,0,0,0,0,0,0,0,0,0,0,0,0,0,0,0,0,0,0,0,40,76,0,0,0,0,0,0,0,0,0,102,0,0,0,163,0,118,220,155,24,0,0,0,0,671,0,0,0,0,0,0,0,0,0,0,717,395,51,0,0,0,0,0,0,0,0,0,0,0,0,0,0,0,0,0,0,0,0,0,0
contig_43886,0,0,200,0,0,0,0,0,0,0,0,0,0,0,547,0,3383,0,0,0,0,0,0,0,0,0,0,736,0,0,0,0,0,0,0,0,0,0,0,0,0,0,0,0,0,180,740,0,525,906,0,0,0,0,0,0,1132,0,1882,232,3903,0,0,588,0,0,0,124,0,0,0,0,0,0,0,0,0,0,0,0,64,0,0,0,0,0,159,0,0,0,0,0
contig_43901,0,0,0,0,0,0,0,0,0,0,0,0,0,0,0,0,0,0,0,0,0,0,0,0,0,0,0,0,0,48,0,0,0,0,0,0,0,0,0,0,0,0,0,0,44,0,0,0,0,0,0,0,0,0,0,0,94,0,0,0,41,1233,0,0,0,0,0,515,0,0,0,0,0,0,0,0,0,0,0,0,0,0,0,0,0,0,0,0,0,0,0,0
contig_43902,0,0,0,0,0,0,0,0,0,0,0,0,0,0,0,0,1588,0,0,0,0,0,0,0,0,0,0,0,132,279,0,0,0,0,0,0,0,0,0,290,0,0,0,0,0,0,0,0,87,0,0,0,0,0,0,0,0,0,0,0,0,2151,0,0,0,0,0,0,0,0,0,0,0,0,0,0,0,0,0,0,0,0,0,0,0,0,0,0,0,0,0,0
contig_43904,0,0,0,0,0,34,0,0,0,0,0,0,0,0,0,0,0,0,0,0,0,0,0,0,0,42,0,0,454,0,0,0,0,0,0,0,0,0,0,0,0,0,0,0,0,0,308,0,0,0,0,0,0,0,0,0,0,0,0,0,0,1389,0,0,0,0,0,0,0,0,0,0,0,0,0,0,0,0,0,0,0,0,0,0,0,0,0,0,0,0,0,0
contig_43915,0,0,0,0,0,0,0,0,0,0,0,0,0,0,0,0,0,0,0,0,0,0,0,0,0,0,0,0,0,0,0,0,0,0,0,0,0,106,0,0,0,0,94,0,19,0,0,0,0,0,0,0,0,0,0,0,168,0,0,0,0,40,0,0,0,0,0,35,0,0,0,0,0,0,0,0,0,0,0,0,0,0,0,0,0,0,0,0,0,29,0,0
contig_43921,0,0,0,0,0,0,0,0,0,0,0,0,0,0,0,0,0,0,0,0,0,0,0,0,0,0,0,0,0,0,0,0,0,0,0,0,0,0,0,0,0,0,0,0,521,0,0,0,0,0,0,0,0,0,0,0,0,0,0,0,0,0,0,0,0,0,0,0,0,0,0,0,0,0,0,0,0,0,0,0,0,0,0,0,0,0,0,0,3091,25385,0,0
contig_43937,0,0,0,0,23,177,398,0,0,0,0,0,0,0,4724,0,538,0,0,0,0,0,0,0,0,0,0,0,0,0,0,0,176,0,0,0,0,56,0,0,0,0,0,0,0,447,0,0,253,0,147,0,0,31,0,0,122,0,2212,4179,6938,289,0,0,0,0,0,406,892,316,117,0,0,0,0,23,0,0,0,0,0,0,0,0,0,0,0,0,0,0,0,0
contig_43940,0,0,0,0,0,0,0,0,0,0,0,0,0,0,0,0,41,0,0,0,0,0,0,0,0,0,0,0,0,0,0,0,0,0,0,0,0,0,31,0,0,0,0,0,0,0,0,0,0,0,0,0,0,0,0,0,0,0,25,0,0,0,0,0,0,0,0,0,0,0,0,0,0,0,0,0,0,0,0,0,0,0,0,0,0,0,85,0,0,0,0,0
contig_43945,0,0,0,0,0,0,0,0,0,0,0,0,0,0,0,0,0,0,0,0,0,0,0,0,0,0,0,0,0,0,0,0,0,0,0,0,0,0,0,0,0,0,0,0,24,0,0,0,0,0,0,0,0,0,0,0,0,0,0,0,0,60,61,0,0,0,0,0,0,0,0,0,0,63,0,0,0,0,0,0,0,0,0,0,0,0,15,0,30,18,0,0
contig_43952,0,0,0,0,0,0,0,0,0,0,0,0,0,0,0,0,0,0,0,0,0,0,0,0,0,0,0,0,0,0,0,0,0,0,0,0,0,0,0,0,0,0,0,0,0,0,0,0,60,0,0,0,0,77,0,0,0,0,0,0,0,100,0,0,0,0,0,175,0,0,0,0,0,140,0,0,0,0,0,0,0,0,0,0,0,0,0,0,0,46,0,0
contig_43972,0,27,0,0,0,0,0,0,0,0,0,0,0,0,0,0,0,0,0,0,0,0,0,0,0,0,0,0,0,21,0,0,0,0,0,0,0,0,0,0,0,0,0,0,0,0,0,0,0,0,0,0,0,0,0,0,0,0,0,29,0,0,0,0,0,0,0,0,0,0,0,0,0,0,0,0,0,0,0,0,0,0,0,0,0,0,0,0,0,0,0,0
contig_43975,0,0,0,0,0,0,0,0,0,0,0,0,0,0,0,773,0,0,0,0,0,0,0,0,0,0,0,0,233,48,0,0,0,0,0,0,0,0,0,0,0,0,0,0,0,0,0,0,0,0,0,0,0,0,0,0,0,0,0,208,480,186,0,0,0,0,0,0,0,0,0,0,0,0,0,0,0,0,0,0,0,0,0,0,0,0,0,0,0,0,0,0
contig_43977,0,0,0,226,104,0,0,0,0,0,0,0,0,0,0,0,0,0,0,0,0,0,0,0,0,0,0,0,0,0,0,0,0,0,0,0,0,47,0,0,0,0,19,0,32,0,0,0,89,93,0,0,0,0,0,0,0,0,0,0,1774,464,0,0,0,0,0,403,0,0,0,0,0,123,0,0,0,0,0,0,0,0,0,0,0,0,0,0,218,49,0,0
contig_43988,3705,1552,55,0,0,0,0,0,0,0,0,0,0,0,2449,4303,29,0,0,0,0,0,0,0,0,0,0,773,0,0,0,0,675,0,0,0,0,0,0,0,0,0,0,0,0,83,0,0,16,0,0,0,118,1158,0,0,0,0,121,1744,0,1923,0,66,0,0,0,0,0,0,0,0,0,48,0,0,0,0,0,0,930,0,0,0,0,0,0,0,0,353,0,0
contig_43989,0,0,0,0,0,0,0,0,0,0,0,0,0,0,0,0,0,0,0,0,0,0,0,0,0,0,0,0,0,1263,1811,0,0,0,0,0,0,894,0,0,0,0,0,0,0,0,0,275,0,0,125,0,0,0,0,0,0,0,0,0,0,2069,0,0,0,0,0,0,0,0,0,0,0,0,0,0,0,0,0,0,0,0,0,0,0,0,0,0,0,0,0,0
contig_44017,0,0,0,64,96,0,0,0,0,0,0,0,0,0,0,0,4060,0,0,0,0,0,0,0,0,0,0,0,0,107,0,81,0,0,0,0,0,0,0,0,0,0,316,0,0,0,0,0,0,0,994,295,0,0,0,0,0,0,0,0,0,1844,0,0,0,0,0,0,0,44,0,0,0,0,0,0,0,0,0,0,0,0,0,0,0,0,0,0,0,0,0,0
contig_44028,0,0,0,0,0,0,0,0,0,20,27,0,0,36,0,0,0,0,0,121,0,0,0,0,0,0,0,0,0,0,0,0,157,0,0,0,0,0,0,0,0,0,0,0,422,0,0,0,0,0,0,206,760,94,0,0,0,169,0,0,0,0,0,0,0,0,0,0,0,0,0,0,0,388,0,0,0,0,0,0,0,0,0,0,0,0,0,0,52,6846,40,0
contig_44049,0,0,0,0,0,0,0,0,0,0,0,0,0,0,0,0,0,0,0,0,0,0,0,0,0,720,0,0,0,4667,0,0,1401,0,0,0,0,2476,0,0,0,0,0,0,0,0,0,0,0,0,194,50,0,1275,0,0,1623,0,0,0,15891,4463,134,0,0,0,0,0,0,0,0,0,0,0,0,0,0,0,0,0,672,0,0,0,0,0,1374,0,196,4106,0,0
contig_44052,0,0,0,2013,1553,0,0,0,0,0,0,0,0,19,0,0,0,0,0,0,0,0,0,0,0,0,0,0,506,655,0,0,0,0,0,0,0,0,0,0,0,0,2405,0,0,0,0,0,0,0,459,0,0,0,0,0,0,0,0,0,0,0,0,0,0,0,0,3207,0,0,0,0,0,0,0,0,0,0,0,0,0,0,0,0,0,0,0,0,3523,0,0,0
contig_44068,0,1754,0,0,0,0,0,0,0,0,0,0,0,0,9209,7083,2488,0,0,0,0,0,0,0,0,0,0,1439,0,0,0,0,0,0,0,0,0,0,0,0,0,0,0,0,0,0,0,1137,0,0,0,0,0,85,0,0,260,0,1406,997,0,214,0,372,0,0,0,0,0,0,0,0,0,214,0,0,0,0,0,0,0,0,0,0,0,0,0,0,0,40,0,0
contig_44070,0,10902,1086,119,0,94,301,0,0,0,0,0,0,0,0,0,1447,0,0,0,0,0,0,0,0,0,0,17370,0,564,0,0,0,0,0,0,0,0,0,0,0,0,0,0,0,11607,663,1695,127,0,247,0,652,0,0,0,0,0,9744,43750,25969,71,0,3150,375,0,0,389,85,0,0,0,0,0,0,0,0,0,0,0,0,0,0,0,0,0,0,0,0,0,0,0
contig_44077,0,0,0,0,0,0,0,0,0,0,0,0,0,0,0,0,9041,78,0,0,0,0,0,0,25,0,0,0,0,0,0,0,0,0,0,0,0,0,0,0,0,0,0,0,0,0,0,0,0,0,0,0,0,0,0,0,0,0,0,0,0,496,0,0,0,0,0,0,0,0,0,0,0,0,0,0,0,0,0,0,0,0,0,0,0,0,0,0,0,0,0,0
contig_44080,0,0,0,0,0,0,0,0,0,0,0,0,0,0,0,0,25,0,0,28,0,0,0,0,0,0,0,0,0,27,0,0,0,0,0,0,0,0,0,0,0,0,0,0,0,0,0,0,0,0,0,0,73,60,0,0,688,0,0,0,0,98,0,0,0,0,0,0,0,0,0,0,0,356,0,0,0,0,0,0,11,0,0,0,0,0,141,0,0,187,0,0
contig_44088,0,0,0,0,0,0,0,0,0,0,0,0,0,0,0,0,0,0,0,816,0,0,0,0,0,0,0,0,0,0,0,0,0,0,0,0,0,0,0,590,878,441,577,128,1506,0,0,0,0,0,0,0,0,3629,0,0,0,0,0,0,0,0,0,0,0,0,0,0,0,0,0,0,0,0,0,0,0,0,0,0,0,0,0,0,0,0,0,0,0,0,0,0
contig_44092,0,0,0,0,0,0,0,0,0,0,0,0,0,0,0,0,0,0,0,0,0,0,0,0,0,0,0,0,0,0,0,0,0,0,0,0,0,0,0,0,0,0,0,0,0,0,0,0,0,0,0,0,0,0,0,0,0,0,0,0,0,0,0,0,0,0,0,0,0,0,0,0,0,0,0,0,0,0,0,534,0,0,0,31,62,0,0,0,0,0,0,0
contig_44095,0,0,0,0,0,0,0,0,0,0,0,0,0,0,0,0,0,1252,0,744,0,0,0,0,19,0,0,0,0,0,0,0,0,0,0,0,0,0,0,0,456,0,71,0,25,0,0,37,3532,564,6249,212,8660,6457,0,177,0,351,0,0,0,0,275,99,0,0,95,1271,540,198,116,16,0,0,0,0,0,0,0,0,0,0,0,0,0,0,2427,0,207,4779,203,0
contig_44098,0,0,0,625,156,0,0,0,0,0,78,0,0,0,0,0,0,0,0,0,0,0,0,0,0,0,0,0,0,0,0,0,0,0,0,0,0,8342,0,0,0,0,0,0,0,0,0,0,83,1088,1192,0,0,0,0,0,0,0,0,0,0,0,16,0,0,0,0,0,0,0,0,0,0,0,0,0,0,0,0,0,0,0,0,0,0,0,0,0,0,0,0,0
contig_44127,0,0,0,0,0,0,0,0,0,0,0,0,0,0,0,0,0,0,0,0,0,0,0,0,0,0,0,0,0,0,0,0,0,0,0,0,0,0,0,0,0,0,1295,0,0,0,0,0,0,0,852,0,0,0,0,0,791,0,0,0,0,0,0,0,0,0,1522,0,0,0,0,0,0,0,0,0,0,0,0,0,0,0,0,0,0,0,5365,0,666,0,0,0
contig_44131,0,0,0,0,0,0,0,0,0,0,0,0,0,0,0,0,0,0,0,0,0,0,0,0,0,0,0,0,0,0,0,0,0,0,0,0,0,0,0,0,0,0,0,0,0,0,0,0,198,0,49,0,0,0,0,0,0,0,0,0,8026,2902,0,0,0,0,0,0,164,0,0,0,0,0,0,0,0,0,0,0,0,0,0,0,0,0,0,0,0,0,0,0
contig_44150,0,0,0,0,0,0,0,0,0,0,0,0,0,0,0,0,0,0,0,0,0,0,0,0,0,0,0,0,0,0,0,0,0,0,0,0,0,0,0,0,0,0,0,0,0,0,0,2004,0,0,976,0,0,0,0,0,451,0,0,0,0,0,0,0,0,0,0,0,0,0,0,0,0,312,0,0,0,0,0,0,155,0,0,0,0,0,0,0,185,160,0,0
contig_44153,0,0,0,0,0,0,458,0,0,0,0,0,0,0,1744,0,1660,0,0,0,0,0,0,0,0,0,0,0,0,0,157,0,0,0,0,0,0,0,0,0,0,0,0,0,0,680,798,0,1977,903,0,0,0,0,0,0,477,0,0,0,1004,422,0,0,0,0,0,524,6948,0,0,0,0,6399,0,0,0,0,0,0,0,0,0,0,0,0,4916,0,0,3662,0,0
contig_44159,0,0,16914,651,261,5849,1564,0,0,0,0,0,0,0,0,0,0,0,0,0,0,0,0,0,0,0,0,0,0,0,0,0,312,0,0,0,0,0,0,0,0,0,0,0,0,0,0,0,0,0,0,0,0,0,0,0,0,0,0,0,0,0,0,0,0,0,0,0,0,0,0,0,0,0,0,0,0,0,0,0,0,0,0,0,0,0,0,0,0,0,0,0
contig_44172,0,0,0,0,0,0,0,0,0,0,0,0,0,0,0,0,0,0,0,0,0,0,0,0,0,0,0,0,0,0,49931,0,0,383,139,99,1495,1265,0,0,0,0,0,0,0,0,110,282,0,0,0,0,0,0,0,0,0,0,0,0,0,0,0,0,0,0,0,0,0,0,0,0,70,1327,0,0,0,0,0,0,2918,0,0,0,0,0,0,0,269,0,0,0
contig_44181,0,0,0,0,0,0,0,0,0,0,0,0,0,0,0,0,936,0,0,0,0,0,0,0,0,0,0,0,0,0,0,0,0,0,0,0,0,0,0,0,0,0,0,0,0,0,0,0,329,0,187,0,0,0,0,0,0,0,0,0,0,431,0,0,0,0,0,0,0,0,0,0,0,0,0,0,0,0,0,0,0,0,0,0,0,0,0,0,0,0,0,0
contig_44193,0,0,0,0,0,0,0,0,0,0,0,0,0,0,0,0,0,0,0,0,0,0,0,0,0,0,0,0,0,142,0,0,0,0,0,0,0,21,0,0,0,0,0,0,67,0,0,0,0,276,202,0,0,0,0,0,0,0,0,0,0,0,0,0,0,0,0,0,0,0,0,0,0,199,0,0,0,0,0,0,0,0,0,0,0,0,0,0,161,0,0,0
contig_44196,0,0,0,0,0,0,0,17,0,0,0,0,0,52,0,0,0,0,0,253,0,0,0,0,0,0,0,0,0,0,0,0,201,0,0,0,0,0,0,0,0,0,0,0,725,0,0,0,0,0,0,377,349,0,0,0,0,390,0,0,0,0,0,0,0,0,0,0,0,0,0,0,0,594,0,0,0,65,0,0,0,0,0,0,0,0,0,0,92,11927,56,0
contig_44197,0,0,0,0,0,0,0,0,0,0,0,0,0,0,0,0,0,0,0,0,0,0,0,0,0,0,0,0,0,0,0,0,0,0,0,0,0,22,0,0,0,0,0,0,0,0,0,0,0,0,0,0,0,0,0,0,0,0,0,0,0,0,0,0,0,0,0,0,0,0,0,0,0,0,0,0,0,0,0,0,0,0,0,0,0,0,0,0,0,147,22,0
contig_44201,0,0,0,0,0,0,0,0,0,0,0,0,0,0,0,0,0,0,0,0,0,0,0,0,0,0,0,0,0,0,0,28,0,0,0,0,0,54,0,0,0,0,0,0,0,0,0,0,0,0,0,0,0,0,0,0,0,0,0,0,0,0,0,0,0,0,0,0,0,0,0,0,0,0,0,0,0,0,0,0,0,0,0,0,0,0,0,0,0,230,0,0
contig_44216,0,0,0,0,0,0,0,0,0,0,0,0,0,0,0,0,0,0,0,0,0,0,0,0,0,0,0,0,0,0,0,0,0,0,0,0,0,0,0,0,0,0,0,0,0,0,0,0,83,0,0,58,0,0,0,0,0,0,0,0,0,0,0,0,0,0,0,0,0,0,0,0,0,349,0,0,0,0,0,0,0,0,0,0,0,0,0,0,0,0,0,0
contig_44228,0,2674,11099,990,583,461,0,0,0,0,0,0,0,0,0,0,3312,0,0,0,0,0,0,0,0,0,0,0,0,0,0,95,0,0,0,0,0,0,0,2018,0,0,0,0,0,0,0,0,0,0,0,0,0,0,0,51,0,0,0,0,2205,353,0,71,373,12,0,0,0,0,0,0,0,0,0,0,0,0,0,0,0,0,0,0,0,0,0,0,415,0,0,0
contig_44235,0,0,0,0,0,0,0,0,0,0,0,0,0,0,0,0,0,0,0,0,0,0,0,0,0,0,0,0,0,73,0,0,0,0,0,0,0,0,0,0,0,0,0,0,0,0,0,0,31,0,0,0,0,0,0,0,0,0,0,0,0,234,0,0,0,0,0,21,0,0,0,0,0,263,0,0,0,0,0,0,0,0,0,0,0,0,235,0,0,48,0,0
contig_44237,0,0,0,0,0,0,0,0,0,0,0,0,0,0,0,0,2794,0,0,0,0,0,0,0,0,0,0,0,0,0,0,0,0,0,0,0,0,0,0,0,0,0,0,0,0,0,0,0,2727,3689,0,0,0,0,0,0,889,0,0,0,0,823,0,0,0,0,0,0,0,0,0,0,0,2040,0,0,0,0,0,0,0,0,0,0,0,0,0,0,0,3843,0,0
contig_44242,113,3323,162,0,0,0,0,0,0,0,0,0,0,0,318,1239,1232,0,0,0,0,0,0,0,0,0,0,0,1771,1024,0,0,0,0,0,0,0,0,95,234,0,0,0,0,0,411,0,203,0,0,61,0,0,0,0,0,75,0,0,0,7461,707,0,0,0,0,0,0,0,0,0,0,0,0,0,0,0,0,0,0,0,0,0,0,0,0,0,0,0,0,0,0
contig_44259,0,725,0,0,0,0,0,0,0,0,0,0,0,0,0,0,663,0,0,0,0,0,0,0,0,0,0,0,0,0,0,0,0,0,0,0,0,0,0,0,0,0,0,0,0,0,0,0,0,0,0,0,0,0,0,0,236,0,0,383,8515,0,0,0,0,0,0,0,0,0,0,0,0,169,0,0,0,0,0,0,0,0,0,0,0,0,0,0,0,0,0,0
contig_44261,0,0,0,0,0,0,0,0,0,0,0,0,0,0,0,0,0,0,0,0,0,0,0,0,0,0,0,0,0,0,0,0,0,0,0,0,0,0,0,57,0,0,0,0,0,0,0,0,0,0,0,0,0,0,0,0,0,0,0,0,0,0,0,0,0,0,0,0,0,0,0,0,0,0,0,0,0,0,0,0,0,0,0,0,0,0,0,0,0,29,16,0
contig_44263,0,0,0,225,0,0,0,0,0,0,0,0,0,0,0,0,202,0,0,0,0,0,0,0,0,0,0,0,0,688,0,1389,1849,0,0,0,0,185,0,678,2052,0,105,0,0,0,0,0,410,0,0,1664,0,2933,0,1084,0,242,0,0,0,0,0,210,43,0,249,211,0,0,213,198,0,2146,0,572,0,0,0,0,0,0,0,0,0,0,5100,0,0,7406,0,0
contig_44265,0,0,0,0,0,0,0,0,0,0,0,0,0,1539,0,0,0,0,0,0,0,0,0,0,0,0,0,0,0,7278,3047,0,0,0,0,0,0,5984,0,2585,0,915,73474,0,0,0,0,1199,0,0,0,1233,0,0,0,0,0,30191,0,0,0,39923,0,0,0,0,0,0,0,0,0,0,5041,0,0,0,222,0,0,0,0,0,0,0,0,0,0,0,0,0,0,0
contig_44268,0,0,0,0,0,0,0,0,0,0,0,0,0,0,0,0,0,0,0,0,0,0,0,0,0,0,0,0,6778,0,0,0,0,0,0,0,0,0,0,0,0,0,0,0,0,0,0,0,0,0,0,0,0,0,0,0,135,0,0,0,2476,641,0,0,0,0,0,0,0,0,0,0,0,0,0,0,0,0,0,0,0,0,0,0,0,0,0,0,0,0,0,0
contig_44274,0,0,0,0,0,0,0,0,0,0,0,0,0,0,0,0,153,0,0,0,0,0,0,0,0,0,0,0,0,0,0,0,0,0,0,0,0,0,0,0,0,0,0,0,0,0,0,0,108,0,41,0,0,0,0,0,0,0,0,0,0,319,0,0,0,0,0,0,0,0,0,0,0,0,0,0,0,0,0,0,0,0,0,0,0,0,0,0,0,0,0,0
contig_44282,0,0,0,0,0,1343,0,0,0,0,0,0,0,0,0,0,0,0,0,0,0,0,0,0,0,0,0,0,0,0,0,0,0,0,0,0,0,0,0,0,0,0,0,0,0,0,0,342,0,73,0,0,0,0,0,0,0,0,0,0,0,0,0,0,0,0,0,0,0,0,0,0,0,0,0,0,0,0,0,0,0,0,0,0,0,0,0,0,0,0,0,0
contig_44285,0,0,0,0,0,0,0,0,0,0,0,0,0,0,0,0,0,0,0,0,0,0,0,0,0,0,0,0,0,0,123497,0,0,104,227,83,661,986,0,0,0,382,0,0,0,0,159,722,0,0,0,0,0,0,0,0,0,0,0,0,0,0,0,0,0,0,0,0,0,0,0,0,0,1577,0,0,0,0,0,1397,10048,0,0,0,0,0,0,0,564,0,20,0
contig_44287,0,0,0,0,0,0,0,0,0,0,0,0,0,0,0,0,0,0,0,0,0,0,0,0,0,0,0,0,0,0,0,0,0,0,0,0,0,0,0,0,0,0,0,0,0,0,0,0,0,0,0,0,0,0,0,0,0,0,0,0,0,1151,0,0,0,0,0,0,0,0,0,0,0,178,0,0,0,0,0,0,0,0,0,0,0,0,0,0,0,115,0,0
contig_44290,0,0,0,0,0,0,0,0,0,0,0,0,0,0,0,0,0,0,0,0,0,0,0,0,0,0,0,0,0,0,0,0,0,0,0,0,0,0,0,0,0,0,0,0,0,0,0,2430,562,0,0,0,0,0,0,0,0,0,0,0,0,894,0,0,0,0,0,5224,0,0,0,0,0,0,0,0,0,0,0,0,0,0,0,0,0,0,0,0,0,0,0,0
contig_443,0,0,0,0,0,0,0,0,0,0,0,0,0,0,0,0,0,0,0,0,0,0,0,0,0,0,0,0,0,0,0,0,398,0,0,0,0,0,0,0,0,0,294,0,0,0,0,0,0,0,0,0,0,0,0,0,0,0,0,0,0,129347,128,14024,0,0,0,0,0,0,0,0,0,0,0,0,0,0,0,0,0,0,0,0,0,0,0,0,0,11961,0,0
contig_44303,0,0,0,0,0,0,0,0,0,0,0,0,0,0,0,0,629,43,0,57,0,0,0,0,0,0,0,0,0,168,198,0,0,0,1231,0,0,0,0,0,0,0,0,0,88,0,0,0,321,0,0,0,0,0,0,0,0,0,0,0,0,0,168,0,0,0,0,0,0,0,0,0,0,21,0,0,0,0,0,0,0,0,0,0,0,0,5500,0,52,9226,0,0
contig_44308,0,170,0,0,0,0,0,0,0,0,0,0,0,0,0,0,0,0,0,0,0,0,0,0,0,0,0,0,279,0,0,0,0,0,0,0,0,0,0,188,0,0,0,0,0,0,0,0,0,0,0,0,0,0,0,0,401,0,0,0,0,0,0,0,0,0,0,0,0,0,0,0,0,0,0,0,0,0,0,0,0,0,0,0,0,0,281,0,0,0,0,0
contig_44311,0,1608,0,0,0,0,0,0,0,0,0,0,0,0,0,0,1721,0,0,0,0,0,0,0,0,0,0,0,0,748,0,0,0,0,0,0,0,0,0,0,0,0,0,0,0,360,0,0,153,0,0,0,0,0,0,0,0,0,2267,0,3085,177,0,0,0,0,0,88,169,0,0,0,0,288,0,0,0,0,0,0,0,0,0,0,0,0,15,0,0,15,0,0
contig_44331,0,695,0,0,0,0,0,0,0,0,0,0,0,0,0,0,0,0,0,0,0,0,0,0,0,0,0,0,0,0,0,0,0,0,0,0,0,0,0,595,0,0,0,0,0,0,0,0,0,0,4161,0,0,0,0,0,1503,0,0,0,1218,1999,0,0,0,0,0,0,0,0,0,0,0,8431,0,0,0,0,0,0,0,0,0,0,0,0,0,0,0,1573,0,0
contig_44340,0,0,0,0,0,0,0,0,0,0,0,0,0,0,0,0,0,0,0,0,0,0,0,0,0,0,0,0,0,0,0,0,0,0,0,0,0,0,0,0,0,0,0,0,0,0,0,0,0,0,0,0,0,0,0,0,0,0,0,0,0,26,33,0,0,0,0,0,0,0,0,0,0,0,0,0,0,0,0,0,0,0,0,0,0,0,16,0,0,0,0,0
contig_44343,0,0,0,0,0,0,0,0,0,0,0,0,0,0,0,0,8956,94,0,0,0,0,0,0,0,0,0,0,0,0,0,0,0,0,0,0,0,0,0,0,0,0,0,0,0,0,0,0,0,0,0,0,0,0,0,0,0,0,0,0,0,516,0,0,0,0,0,0,0,0,0,0,0,0,0,0,0,0,0,0,0,0,0,0,0,0,0,0,0,39,0,0
contig_44345,0,303,0,0,0,0,0,0,0,0,0,0,0,0,5012,1449,6920,0,0,0,0,0,0,0,0,0,0,374,624,0,0,0,0,0,0,0,0,0,405,775,0,0,0,0,0,0,0,0,4062,0,505,0,0,0,0,0,819,0,5136,0,3572,0,0,248,0,0,0,0,0,0,0,0,0,10059,0,0,0,0,0,0,0,0,0,0,0,0,4653,0,0,2000,0,0
contig_44358,0,0,0,0,0,0,0,0,0,0,0,0,0,0,0,0,0,0,0,0,0,0,0,0,0,0,0,0,0,0,0,0,0,0,0,0,0,0,0,0,0,0,0,0,0,0,190562,0,2494,349,0,0,0,0,0,0,0,0,0,0,0,0,0,0,0,0,0,0,0,0,0,0,0,0,0,0,0,0,0,0,0,0,0,0,0,0,0,0,0,0,0,0
contig_44381,0,0,0,0,0,0,0,0,0,0,0,0,0,0,0,0,0,0,0,0,0,0,0,0,0,0,0,0,0,0,0,0,0,0,0,0,0,247,0,0,0,0,0,0,0,0,0,0,0,0,0,0,0,0,0,0,94,0,0,0,0,0,0,0,0,0,0,264,0,0,0,0,0,0,0,0,0,0,0,0,0,0,0,0,0,0,0,0,0,0,0,0
contig_44384,0,0,0,0,0,0,0,0,0,0,0,0,0,0,0,0,0,0,0,0,0,0,0,0,0,0,0,0,0,0,0,0,0,0,0,0,0,0,0,0,0,0,0,0,0,0,0,0,0,0,0,0,67,0,0,0,637,36,0,0,0,94,0,0,0,0,0,0,0,0,0,0,0,346,0,0,0,0,0,0,0,0,0,0,0,0,112,0,0,138,0,0
contig_44399,0,0,0,0,0,0,0,0,0,0,0,0,0,46,0,0,16161,47,0,36,0,0,0,0,0,0,0,0,972,5515,212,132,4725,0,629,0,0,29,0,0,1320,0,0,0,123,0,0,0,5056,1722,10734,147,0,0,0,175,0,54,0,0,0,0,279,0,0,0,0,255,0,0,0,0,0,1084,0,0,0,0,0,0,0,0,0,0,0,0,51983,0,46,8366,0,0
contig_444,0,0,25,0,0,0,0,6,0,0,0,0,0,0,0,0,0,0,0,0,0,0,0,0,0,0,0,0,0,0,0,0,22,0,0,0,0,0,0,0,0,0,20,0,0,0,0,0,0,0,0,0,0,0,0,0,0,0,0,0,0,4000,9,897,0,0,0,0,0,0,0,0,0,0,0,0,0,0,0,332,0,0,0,0,0,0,0,0,0,1292,0,0
contig_44400,0,1610,0,0,0,0,247,0,0,0,0,0,0,0,0,23451,0,0,0,0,0,0,0,0,0,0,0,0,0,192,0,0,0,0,0,0,0,0,0,0,0,0,0,0,0,4113,0,0,28,0,353,0,258,41,8347,0,0,0,0,5207,6272,268,0,467,0,0,0,132,57,0,0,0,0,0,0,0,0,0,0,0,0,0,0,0,0,0,37,0,216,1867,0,0
contig_44401,0,0,0,0,0,0,0,0,0,0,0,0,0,0,0,0,0,0,0,30,0,0,0,0,0,0,0,0,0,26,0,0,0,0,0,0,0,0,0,0,0,0,0,0,0,0,0,0,0,0,0,0,78,70,0,0,694,36,0,0,0,89,0,0,0,0,0,0,0,0,0,0,0,332,0,0,0,0,0,0,0,0,0,0,0,0,159,0,0,127,0,0
contig_44413,0,0,0,0,0,0,0,0,0,0,0,0,0,0,0,0,0,0,0,0,0,0,0,0,0,0,0,0,0,0,0,0,0,0,0,0,0,0,0,0,1954,1197,3932,0,0,0,0,0,0,0,0,0,0,0,0,0,0,0,0,0,0,0,0,0,0,0,0,0,0,0,0,0,0,0,0,0,0,0,0,0,0,0,0,0,0,0,0,0,0,0,6158,0
contig_44424,0,0,0,0,0,0,0,0,0,0,0,0,0,0,0,0,0,0,0,0,0,0,0,0,0,0,0,0,0,0,0,0,0,0,0,0,0,0,0,0,0,0,0,0,0,0,368,108,0,0,0,0,0,0,0,0,133,0,0,411,62,272,0,0,0,0,0,1724,160,0,0,0,0,0,0,0,0,0,0,0,2014,0,0,0,0,0,0,0,0,0,0,0
contig_44427,201684,0,8531,0,0,55805,1972,0,0,0,0,0,0,0,0,15238,1353,0,0,0,0,0,0,0,0,0,0,2005,144510,10747,0,0,0,0,0,0,0,0,0,276,0,0,0,0,0,5794,0,0,0,0,0,0,0,242,0,0,46,151,1323,9245,19145,2969,0,0,0,0,0,0,0,0,0,0,0,24,0,0,0,0,0,0,41,0,0,0,0,0,33,0,0,44,0,0
contig_44434,56463,0,2047,0,0,3958,704,0,0,0,0,0,0,0,0,0,0,0,0,0,0,0,0,0,0,0,0,0,0,0,0,0,0,0,0,0,0,0,0,0,0,0,0,0,0,0,0,0,0,0,0,0,0,0,0,0,0,0,0,0,0,0,0,0,332,0,0,0,0,0,0,0,0,0,0,0,0,0,0,0,0,0,0,0,0,0,0,0,0,0,0,0
contig_44441,0,0,0,0,0,0,0,0,0,0,0,0,0,0,0,0,0,0,0,0,0,0,0,18,0,0,0,0,0,0,0,0,0,0,0,0,0,0,0,0,0,0,0,0,0,0,0,0,0,0,0,0,0,0,0,0,0,0,0,0,0,0,0,0,0,0,0,0,18,0,0,0,0,0,0,0,0,0,0,0,0,181,0,0,0,0,0,0,0,0,0,0
contig_44446,0,0,0,0,0,0,0,0,0,0,0,0,0,0,0,0,0,0,0,0,0,0,0,0,0,0,0,0,0,0,58635,51,0,333,1485,331,1997,6007,0,0,0,0,0,0,0,0,153,861,0,0,0,0,0,0,0,0,0,0,0,0,0,11,0,0,0,0,0,0,0,0,0,0,34,4550,0,0,0,0,0,102,6694,0,0,0,0,0,0,0,447,0,16,0
contig_44454,0,0,0,0,0,0,0,0,0,0,0,0,0,0,20478,33245,3838,0,0,0,0,0,0,0,0,0,0,0,0,0,0,0,0,0,0,0,0,0,0,0,0,0,0,0,0,0,0,0,0,0,0,0,0,0,0,0,0,0,0,0,0,0,0,0,0,0,0,0,0,0,0,0,0,0,0,0,0,0,0,0,0,0,0,0,0,0,0,0,0,0,0,0
contig_44461,0,881,0,0,0,0,0,0,0,0,0,0,0,0,0,0,502,0,0,23,0,0,0,0,0,0,0,0,0,1105,95,91,0,0,0,0,0,0,0,0,0,0,0,0,145,0,0,0,453,1242,1995,374,0,182,0,933,1905,151,0,3832,1107,4375,105,345,0,0,0,2264,1117,0,0,0,0,10960,0,0,0,0,0,0,159,0,0,0,0,0,0,0,36,0,0,0
contig_44462,0,0,215,0,0,0,0,0,0,0,0,0,0,0,11927,0,0,0,0,0,0,0,0,0,0,0,0,0,0,278,0,0,0,0,0,0,0,0,0,0,0,0,0,0,0,0,0,1589,0,0,0,0,0,0,0,0,0,0,0,0,4175,0,0,0,470,0,0,260,0,0,0,0,0,0,0,0,0,0,0,0,0,0,0,0,0,0,0,0,0,0,0,0
contig_44467,0,0,0,0,0,0,0,0,0,0,0,0,0,0,0,0,0,0,0,0,0,0,0,0,0,0,0,0,0,0,0,0,0,0,0,0,0,0,0,0,0,0,0,0,18,0,0,0,1659,0,796,0,0,0,0,0,0,0,0,0,0,0,0,0,0,0,0,0,0,0,0,0,0,0,0,0,0,0,0,0,0,0,0,0,0,0,0,0,0,0,0,0
contig_44477,0,0,0,0,0,0,0,0,0,0,0,0,0,0,0,0,0,0,0,0,0,0,0,0,0,0,0,0,0,0,0,24,53,0,0,0,0,156,0,0,0,0,0,0,320,0,0,0,104,0,1902,100,0,0,0,0,0,0,0,0,6179,3268,48,0,0,0,0,116,0,0,0,101,0,935,0,0,0,0,0,0,0,0,0,0,0,0,0,0,36,92,0,0
contig_44483,0,0,0,0,0,0,0,0,0,0,0,0,0,0,0,0,37,0,0,0,0,0,0,0,0,0,0,0,0,52,0,0,0,0,0,0,0,0,0,0,0,0,0,0,8,0,95,39,562,186,0,0,0,0,0,0,254,0,0,0,97,196,0,0,0,0,0,63,183,0,0,0,0,208,0,0,0,0,0,0,0,0,0,0,0,0,55,0,0,0,0,0
contig_44486,0,0,0,0,0,0,0,0,0,0,0,0,0,0,0,0,0,0,0,0,0,0,0,0,0,0,0,122,0,0,0,0,0,0,0,0,0,0,0,0,0,0,0,0,0,0,0,0,0,0,0,0,0,0,0,0,0,0,0,0,0,0,0,0,0,0,0,0,569,0,0,0,0,0,0,0,0,0,0,0,0,0,0,0,0,0,2493,0,0,0,0,0
contig_44489,0,0,0,0,0,0,0,0,0,0,0,0,0,0,0,0,10281,0,0,0,0,0,0,0,0,0,0,0,0,0,0,0,0,0,0,0,0,0,0,0,0,0,0,0,0,0,0,0,4673,0,2385,0,0,0,0,0,0,0,0,0,0,0,0,0,0,0,0,0,0,0,0,0,0,9321,0,0,0,0,0,0,0,0,0,0,0,0,0,0,0,728,0,0
contig_44491,0,0,0,0,0,36,0,0,0,0,0,0,0,0,0,0,0,0,0,0,0,0,0,0,0,0,0,0,0,0,0,0,0,0,0,0,0,347,0,0,0,0,0,0,0,0,0,0,44,406,0,0,0,0,0,0,825,0,0,0,0,0,135,0,0,0,737,0,0,0,0,0,67,0,0,0,0,0,0,0,0,0,0,0,0,0,599,0,0,0,0,0
contig_44492,0,0,0,0,0,0,0,0,0,0,0,0,0,0,0,0,0,0,0,0,0,0,0,0,19,0,544,0,0,0,0,0,0,0,0,0,0,0,0,0,0,0,0,0,90,0,0,0,0,0,0,0,0,0,0,0,0,0,0,0,0,0,0,0,0,0,0,0,0,0,0,0,0,0,0,0,0,0,0,0,0,0,0,0,0,0,0,0,0,0,0,0
contig_44509,0,0,0,0,0,0,0,0,0,0,0,0,0,0,0,0,0,0,0,0,0,0,0,1036,0,0,0,0,0,0,0,0,0,0,0,0,0,0,0,0,0,0,0,0,0,0,0,0,0,0,0,0,0,0,0,0,0,0,0,0,0,0,0,0,0,0,0,0,0,0,0,0,0,0,0,25897,281,16531,0,0,0,0,0,0,0,0,0,0,0,0,0,0
contig_44523,0,0,0,0,0,0,0,0,0,0,0,0,0,0,0,0,0,0,0,0,0,0,0,0,0,0,0,0,0,0,0,30,3043,4161,0,0,0,90,0,0,0,267,160,0,23,0,0,0,0,0,0,0,0,0,0,0,0,0,0,0,0,0,0,0,0,0,0,0,0,0,0,0,0,0,0,0,0,0,0,0,0,0,0,0,0,0,0,0,0,235,0,0
contig_44527,0,0,0,0,0,0,28,0,0,0,0,0,0,0,0,0,0,0,0,0,0,0,0,0,0,0,0,0,53,0,0,0,62,0,0,0,0,0,0,61,0,0,0,0,0,0,0,0,21,0,0,0,0,0,0,0,126,0,0,291,0,56,0,0,0,0,0,203,0,0,0,0,0,260,0,0,0,0,0,0,0,0,0,0,0,0,156,0,0,0,0,0
contig_44536,0,0,0,0,0,0,0,0,0,0,0,0,0,0,0,143,0,0,0,0,0,0,0,0,0,0,0,0,0,0,0,0,0,0,0,0,0,0,0,0,0,0,0,0,0,0,0,0,0,0,0,0,0,0,0,0,0,0,0,0,258,803,0,0,0,0,0,0,0,0,0,0,0,0,0,0,0,0,0,0,0,0,0,0,0,0,0,0,0,0,0,0
contig_44543,0,0,0,0,0,0,0,0,0,0,0,0,0,0,0,0,0,0,0,0,0,0,0,0,0,0,0,0,0,0,0,0,0,0,0,0,0,0,0,0,0,0,0,0,0,0,0,0,0,0,0,0,0,0,0,0,0,0,0,0,181,0,0,0,0,0,0,0,0,0,0,0,0,0,0,0,0,0,0,0,999,0,0,0,0,0,0,0,52,167,0,0
contig_44544,0,0,0,0,0,0,0,0,0,0,0,0,0,0,0,0,152,0,0,0,0,0,0,0,0,0,0,0,0,0,0,0,0,0,0,0,0,0,0,0,0,0,0,0,0,0,0,0,0,0,0,0,316,0,0,0,6200,0,0,0,0,0,0,62,0,0,0,0,0,0,0,0,0,1479,0,0,0,0,0,0,0,0,0,0,0,0,2793,0,0,46,0,0
contig_44547,0,0,0,0,0,0,0,0,0,0,0,0,0,0,0,0,0,0,0,0,0,0,0,0,0,0,0,0,0,0,0,0,0,0,0,0,0,0,0,0,0,0,0,0,0,0,0,0,0,0,0,0,0,0,0,0,0,0,0,0,0,0,0,0,0,0,276,0,580,0,0,0,51,0,0,0,0,0,0,0,0,0,0,0,0,0,0,0,0,0,0,0
contig_44549,0,0,0,0,0,0,0,0,0,0,0,0,0,0,0,0,0,0,0,0,0,0,0,0,0,0,0,911,297418,381,0,0,0,0,0,0,0,0,0,0,0,0,0,0,0,460,0,0,0,0,0,0,0,0,0,0,0,0,132,0,1382,0,0,0,0,0,0,0,0,0,0,0,0,0,0,0,0,0,0,0,0,0,0,0,0,0,0,0,0,0,0,0
contig_44553,0,25,0,0,0,563,0,0,0,0,0,0,0,0,0,694,68,0,0,0,0,0,0,0,0,0,0,0,698,0,0,0,0,0,0,0,0,0,0,0,0,0,0,0,0,0,0,0,0,0,0,0,549,0,0,0,0,0,0,704,1196,0,0,0,0,0,0,0,0,0,0,0,0,0,0,0,0,0,0,0,0,0,0,0,0,0,0,0,0,0,0,0
contig_44563,0,0,0,0,0,0,108,0,0,0,0,0,0,0,0,0,0,0,0,0,0,0,0,0,0,0,0,0,362,471,0,0,119,0,0,0,0,0,0,0,0,0,178,0,0,0,0,0,0,180,0,46,0,0,0,0,384,0,0,0,0,0,0,0,0,0,450,49,0,0,0,0,0,0,0,0,0,0,0,0,0,0,0,0,0,0,0,0,0,245,0,0
contig_44564,0,0,0,0,0,0,0,0,0,0,0,0,0,0,0,0,0,0,0,20,0,3090,0,931,76,0,0,0,0,0,0,0,571,144,0,0,0,0,0,0,143,0,0,0,0,0,0,0,0,0,0,0,0,0,0,32792,0,132,0,0,0,0,0,0,0,0,0,0,0,0,0,0,0,0,0,0,0,0,0,0,0,0,0,0,0,0,0,26,17297,33691,430,285
contig_44584,0,0,0,0,0,0,0,0,0,0,0,0,0,0,0,0,0,0,0,0,0,0,0,0,0,0,0,0,0,0,0,0,7,0,0,0,0,0,0,0,33,0,0,0,0,0,0,0,0,0,0,0,0,0,0,89,0,0,0,0,0,0,0,0,0,0,0,0,0,0,0,0,0,0,0,0,0,0,0,0,0,0,0,0,0,0,0,0,59,113,0,19
contig_44596,0,0,0,0,0,0,0,0,0,0,0,0,0,0,0,0,0,0,0,0,0,0,0,0,0,0,0,0,0,0,0,0,0,0,0,0,0,87,0,0,0,0,81,0,23,0,0,0,0,0,0,0,0,0,0,0,220,0,0,0,0,48,0,0,0,0,0,34,0,0,0,0,0,0,0,0,0,0,0,0,0,0,0,0,0,0,0,0,0,0,0,0
contig_44613,0,0,0,0,0,0,0,0,0,0,0,0,0,0,0,14792,0,0,0,0,0,0,0,0,0,0,0,0,0,0,0,0,0,0,0,0,0,0,0,0,0,0,0,0,0,0,0,0,0,0,67,0,0,0,0,0,0,0,0,0,0,41,0,0,0,0,0,0,0,0,0,0,0,0,0,0,0,0,0,0,0,0,0,0,0,0,0,0,0,0,0,0
contig_44616,0,0,0,0,0,0,0,0,0,0,0,0,0,0,0,0,0,0,0,0,0,0,0,0,0,0,0,0,0,262,0,0,0,0,0,0,0,0,0,0,0,0,0,0,0,0,0,0,0,0,0,0,0,0,0,0,0,0,68,0,0,41,0,0,0,0,0,0,0,0,0,0,0,0,0,0,0,0,0,0,0,0,0,0,0,0,0,0,0,0,0,0
contig_44643,0,0,0,435,84,0,0,0,0,0,40,0,0,433,0,0,0,0,0,0,0,0,0,0,0,0,0,0,0,0,2052,57,644,0,766,0,0,13116,0,0,0,0,121,0,579,0,142,0,3352,1268,647,278,0,0,0,0,622,0,0,0,0,0,0,0,0,0,0,0,0,0,0,0,0,415,0,0,0,0,0,0,0,0,0,0,0,0,0,0,0,0,0,0
contig_44665,0,0,0,0,0,0,0,0,0,0,0,0,0,0,0,48,0,0,0,0,0,0,0,0,0,0,0,0,0,0,0,0,0,0,0,0,0,0,0,0,0,0,0,0,0,0,0,0,0,0,367,0,0,0,0,0,0,0,0,0,767,99,0,0,0,0,0,195,0,174,0,0,0,273,0,0,0,0,0,0,0,0,0,0,0,0,0,0,0,0,0,0
contig_44689,0,0,0,0,0,0,0,0,0,0,0,0,0,0,0,0,0,0,0,0,0,0,0,0,0,0,0,0,0,0,0,0,0,0,0,0,0,0,0,0,0,0,0,0,0,3252,0,0,0,45,0,0,0,0,0,0,0,0,0,0,498,99,0,0,0,0,0,234,35,0,0,0,0,0,0,0,0,0,0,0,0,0,0,0,0,0,0,0,0,0,0,0
contig_44703,0,0,0,0,0,0,0,15,0,0,0,0,0,17,0,0,0,104,0,140,0,71,0,0,0,0,0,0,0,0,0,0,2550,0,352,0,0,0,0,0,1618,0,23,0,81,0,182,29,10654,1259,11315,409,22630,13696,0,466,0,526,0,0,0,0,650,85,0,0,104,1768,716,262,120,0,0,0,0,0,0,11,0,0,0,0,0,0,0,0,13294,0,311,11103,237,0
contig_44704,0,0,0,0,0,0,0,0,0,0,0,0,0,0,0,0,3489,0,0,0,0,0,0,0,0,0,0,0,0,423,0,9,0,0,0,0,0,0,0,155,0,0,105,0,0,0,0,0,0,0,0,101,0,0,0,0,0,0,0,0,0,634,0,0,0,0,0,0,0,0,0,0,0,0,0,0,0,0,0,0,0,0,0,0,0,0,0,0,0,0,0,0
contig_44710,0,0,0,0,0,0,0,0,0,0,0,0,0,0,0,1474,0,0,0,0,0,0,0,0,0,0,0,491,33704,4034,0,0,0,0,0,0,0,0,0,221,0,0,0,0,0,156,0,0,0,0,0,0,21899,0,0,0,1452,136,0,7991,2682,588,0,0,0,0,0,0,0,0,0,0,0,353,0,0,0,0,0,0,60,0,0,0,0,0,176,0,0,59,0,0
contig_44713,0,0,0,0,0,0,0,0,0,0,0,0,0,0,0,0,0,0,0,653,0,0,0,0,0,0,0,0,0,0,0,0,0,0,0,0,0,0,0,583,769,330,521,126,1267,0,0,0,0,0,0,0,392,2910,0,0,0,0,0,0,0,0,0,0,0,0,0,0,0,0,0,0,0,0,0,0,0,0,0,0,0,0,0,0,0,0,0,0,0,0,0,0
contig_44716,0,0,0,0,0,0,0,0,0,0,0,0,0,0,0,0,0,0,0,0,0,0,0,0,0,0,0,0,0,0,0,276,201,0,0,0,0,0,0,0,0,0,0,0,0,0,0,0,0,0,0,514,0,0,0,0,0,0,0,0,0,691,0,0,0,0,0,73,1778,0,0,0,0,0,0,0,0,0,0,0,0,0,0,0,0,0,6299,0,0,0,0,0
contig_44719,0,0,0,0,0,0,0,25,0,0,0,0,0,0,0,0,109,0,0,0,0,0,0,0,0,0,0,0,0,0,0,0,0,0,0,0,0,0,0,0,0,0,0,0,0,0,0,0,201,149,63,0,0,0,0,0,0,0,0,161,0,0,0,0,0,0,0,100,99,0,0,0,0,0,0,0,0,0,0,0,0,0,0,0,0,0,0,0,0,0,0,0
contig_44737,0,0,0,46,0,0,102,0,0,0,0,0,0,0,0,0,0,0,0,0,0,0,0,0,0,0,0,0,0,54,0,0,0,0,0,0,0,0,0,0,0,0,0,0,0,0,0,343,440,334,645,0,0,92,0,23,0,0,22,0,0,678,0,0,0,0,41,0,0,410,412,0,21,194,0,44,0,0,0,0,0,0,0,0,0,0,439,0,25,203,0,0
contig_44748,0,0,0,0,0,0,0,0,0,0,0,0,0,0,55,147,113,0,0,0,0,0,0,0,0,0,0,157,0,91,43,0,0,0,0,0,0,0,63,0,0,0,0,0,0,0,0,0,18,0,0,0,124,1762,0,0,74,0,0,725,0,1556,0,158,136,0,0,0,0,0,0,0,0,122,0,0,0,0,0,26,834,0,0,0,0,0,0,0,0,1407,0,0
contig_44753,0,1294,17771,0,0,1513,0,0,0,0,0,0,0,0,0,18251,5520,0,0,0,0,0,0,0,0,0,0,0,0,68,0,0,0,0,0,0,0,0,0,0,0,0,0,0,0,0,0,341,0,186,249,0,0,0,0,0,84,0,0,0,2659,674,0,0,0,0,0,0,0,0,0,0,0,0,0,0,0,0,0,0,0,0,0,0,0,0,0,0,0,0,0,0
contig_44759,0,1371,6543,0,0,0,1712,0,0,0,0,0,0,0,9727,0,2572,0,0,0,0,0,0,0,0,294,0,106,0,1160,0,0,0,0,0,0,0,2391,0,0,0,0,0,0,0,0,0,597,2086,2827,0,0,0,0,0,0,578,0,0,977,2461,909,0,0,1332,0,415,655,0,0,0,0,0,0,0,0,0,0,0,0,0,0,0,0,0,0,0,0,0,0,0,0
contig_44766,0,0,0,0,0,0,0,0,0,0,0,0,0,0,0,0,0,0,0,0,0,0,0,0,0,0,0,0,0,0,0,0,0,0,4527,0,0,0,0,0,0,25,0,0,227,0,0,0,0,0,0,0,0,901,0,0,0,487,0,0,0,0,0,0,0,0,118,653,3442,98,35,0,0,0,0,0,0,0,0,0,0,0,0,0,0,0,5611,0,51,3010,30,0
contig_44783,0,0,0,0,0,0,0,0,0,0,0,0,0,0,0,0,0,0,0,0,0,0,0,0,0,0,0,0,0,291,0,0,99,0,0,0,0,0,0,114,0,0,0,0,0,0,0,0,0,0,0,110,0,0,0,0,53,0,0,0,0,0,0,0,0,0,0,0,0,0,0,0,0,1107,0,0,0,0,0,0,0,0,0,0,0,0,175,0,0,0,0,0
contig_44794,0,0,3067,0,0,3585,0,0,0,0,0,0,0,0,0,0,137,0,0,0,0,0,0,0,0,0,0,0,323,7145,0,0,0,0,0,0,0,0,0,0,0,0,0,0,0,0,0,0,0,0,0,0,0,0,0,0,0,0,0,0,0,38721,0,0,0,0,0,0,0,0,0,0,0,0,0,0,0,0,0,0,0,0,0,0,0,0,0,0,0,0,0,0
contig_44798,0,0,0,0,0,0,0,0,0,0,0,0,0,0,0,0,0,0,0,458,0,0,0,0,0,0,0,0,0,0,0,0,0,0,0,0,0,0,0,754,0,277,310,123,2763,0,0,0,0,0,0,0,323,8488,0,0,0,0,0,0,0,0,0,0,0,0,0,0,0,0,0,0,0,0,0,0,0,0,0,0,0,0,0,0,0,0,0,0,0,0,0,0
contig_44804,0,2383,853,0,0,458,1689,0,0,0,0,0,0,0,17563,180,614,0,0,0,0,88,0,0,0,0,0,368,260,664,0,0,0,0,0,0,0,0,0,186,0,0,0,0,0,1523,2068,1233,3382,2906,968,0,0,0,0,374,2003,0,2746,3923,7984,476,0,172,302,0,0,459,525,0,0,0,0,0,0,0,0,0,0,0,0,0,0,0,0,0,3072,0,0,394,0,0
contig_44812,0,0,0,0,0,0,0,0,0,0,0,0,0,0,0,0,0,0,0,0,0,0,0,0,0,0,0,0,0,0,0,0,0,0,0,0,0,63,0,0,0,0,0,0,0,0,0,0,0,0,0,0,0,0,0,0,0,0,0,0,0,0,0,0,0,0,0,0,0,0,0,0,0,0,0,0,0,0,0,0,0,0,0,0,0,0,0,0,0,640,56,0
contig_44813,0,0,0,0,0,0,0,0,0,0,0,0,0,0,0,0,0,0,0,235,0,27,0,0,22,0,0,0,0,0,0,0,0,0,542,0,0,0,0,0,0,0,0,0,81,0,0,0,1215,99,66,201,28247,36535,0,0,0,2334,0,0,0,0,1064,0,0,0,0,237,1960,0,0,0,0,0,0,0,0,0,0,0,0,0,0,0,0,0,2832,0,265,22013,166,0
contig_44819,0,0,0,0,0,0,0,0,0,0,0,0,0,0,0,0,0,0,0,0,0,0,0,0,0,0,0,0,0,0,0,677,0,0,0,0,0,0,0,0,0,0,0,0,0,0,0,0,99,0,95,0,0,0,0,0,0,0,0,0,0,0,0,0,0,0,0,0,0,0,0,0,0,0,0,0,0,0,0,0,0,0,0,0,0,0,0,0,0,0,0,0
contig_4482,0,0,0,0,0,0,0,0,0,0,0,0,0,0,0,0,0,0,0,0,0,0,0,0,0,0,0,0,0,0,0,89,0,0,0,0,0,196,0,0,0,0,0,0,0,0,0,0,0,0,0,0,0,0,0,0,0,0,0,0,0,0,0,0,0,0,0,0,0,0,0,0,0,0,0,0,0,0,0,0,0,0,0,0,0,0,0,0,0,183,0,0
contig_44856,0,0,0,0,0,0,0,0,0,0,0,0,0,0,0,0,0,0,0,0,0,0,0,0,0,0,0,0,0,0,0,0,0,0,0,0,0,0,0,0,0,0,0,0,0,24,0,0,0,0,0,0,0,0,0,0,0,0,2645,431,0,0,0,0,0,0,0,0,1870,0,0,0,0,0,0,0,0,0,0,0,0,0,0,0,0,0,0,0,0,0,0,0
contig_44860,0,2525,0,0,0,0,380,0,0,0,0,0,0,0,0,0,138,0,0,0,0,0,0,0,0,0,0,0,0,135,0,0,0,0,0,0,0,0,0,58,0,0,0,0,0,2396,98,2112,31,0,322,0,4045,54,36886,21,0,0,1821,21637,3345,132,0,90,54,0,0,115,32,0,0,0,0,0,0,0,0,0,0,0,0,0,0,0,0,0,42,0,71,800,0,0
contig_44864,0,0,0,0,0,0,0,0,0,0,0,0,0,0,0,0,0,0,0,0,0,0,0,0,0,0,0,0,0,0,0,0,0,0,0,0,0,0,0,0,0,0,53,0,53,0,0,0,0,0,0,0,0,0,0,0,0,0,0,0,0,0,0,0,0,0,0,0,0,0,0,0,23,205,0,0,0,0,0,0,0,0,0,0,0,0,0,0,0,0,0,0
contig_44866,0,0,0,0,0,0,0,0,0,0,0,0,0,0,0,0,0,0,0,0,0,0,0,32,0,0,0,0,0,0,0,0,149,44,0,0,0,309,0,0,0,0,0,0,0,0,0,0,0,0,0,0,0,0,0,22,0,0,0,0,0,0,0,0,0,0,0,0,0,0,0,0,0,622,0,0,34,984,0,0,0,0,0,0,0,0,0,0,0,0,0,0
contig_44870,0,0,0,0,0,0,0,0,0,0,0,0,0,0,0,0,0,0,0,0,0,0,0,0,0,0,0,0,0,225,0,0,0,0,0,0,0,0,0,0,0,0,0,0,0,0,0,0,0,0,0,0,0,0,0,0,0,0,0,0,0,714,0,0,0,0,0,11,0,0,0,0,0,67,0,0,0,0,0,0,0,0,0,0,0,0,0,0,0,0,0,0
contig_44871,0,0,0,0,0,0,0,0,0,0,0,0,0,0,0,0,0,0,0,0,0,0,0,0,0,0,0,0,0,0,0,0,0,0,0,0,0,0,0,0,0,0,0,0,0,0,0,0,0,0,0,0,0,0,0,0,0,0,0,0,0,0,0,0,0,0,0,0,0,0,0,0,0,0,0,98812,281,17986,0,0,0,0,0,0,0,0,0,0,0,0,0,0
contig_44872,0,0,0,121,280,0,0,0,0,0,0,0,0,0,0,0,0,0,0,0,0,0,0,0,0,0,0,0,0,0,0,161,0,0,0,0,0,0,0,0,0,0,0,0,0,0,0,0,0,0,32,0,0,0,0,0,0,0,0,0,0,470,0,0,0,0,0,0,0,0,0,0,0,0,0,0,0,0,0,0,0,0,0,0,0,0,0,0,0,0,0,0
contig_44884,0,0,0,0,0,0,0,0,0,0,0,0,0,0,0,0,0,0,0,0,0,0,0,0,0,0,0,0,0,0,0,0,0,0,0,0,0,0,0,0,0,0,0,0,0,0,0,0,0,0,0,0,4539,760,0,0,0,0,0,228,0,421,0,0,0,0,0,0,0,0,0,0,0,1255,0,0,0,0,0,0,0,0,0,0,0,0,562,0,0,49,0,0
contig_44891,0,0,0,0,0,0,52,0,0,0,0,0,0,0,0,24125,0,0,0,0,0,95,0,0,0,0,0,0,0,6851,0,0,0,0,0,0,0,0,0,0,0,0,0,0,0,224,0,707,0,0,0,0,0,0,0,37,0,0,416,0,0,1939,0,0,631,0,0,0,0,0,0,0,0,0,0,0,0,0,0,0,12549,0,0,0,0,0,0,0,0,0,0,0
contig_44893,0,124,0,329,183,164,1548,0,0,0,0,0,0,0,0,0,0,0,24,0,0,0,0,0,0,0,0,0,0,90,0,115,117,0,0,0,0,125,0,0,0,0,13,0,0,0,0,894,625,587,942,97,0,758,0,252,301,0,0,1078,6445,664,0,129,232,0,63,43,0,623,449,24,313,1661,0,0,0,0,0,0,0,0,0,0,0,0,2404,0,70,412,0,0
contig_44895,0,0,0,94,0,0,0,0,0,0,0,0,0,0,0,21029,0,0,0,0,0,0,0,0,0,0,0,0,0,0,0,0,0,0,0,0,0,0,0,0,0,0,0,0,0,163,0,107,61,0,71,0,0,0,0,0,240,0,0,0,5210,58,0,0,0,0,0,0,0,0,0,0,0,0,0,0,0,0,0,0,0,0,0,0,0,0,0,0,0,0,0,0
contig_449,0,0,557,0,0,0,0,59,0,0,0,0,0,0,0,0,0,0,0,0,0,0,0,0,0,0,0,0,0,0,0,0,555,0,0,0,0,0,0,0,0,0,460,0,0,0,0,0,0,0,0,0,0,0,0,0,0,0,0,0,0,63074,0,12216,0,0,0,0,0,0,0,0,0,0,0,0,0,0,0,0,0,0,0,0,0,0,0,0,0,14877,0,0
contig_44904,0,0,0,0,0,0,0,0,0,0,0,0,0,0,0,0,0,0,0,0,0,0,0,0,0,0,0,0,0,0,0,0,0,0,0,0,0,140,0,239,0,0,0,0,218,0,0,0,0,0,0,0,0,0,0,0,0,0,0,0,0,0,0,0,0,0,0,0,0,0,0,0,0,0,0,0,0,0,0,0,0,0,0,0,0,0,0,51,337,1184,59,0
contig_44918,0,0,0,0,0,0,0,0,0,0,0,0,0,0,0,0,0,0,0,0,0,0,0,0,0,0,0,0,0,0,0,0,0,0,0,0,0,0,0,0,0,0,0,0,0,0,0,0,0,0,0,0,0,137,0,0,0,0,178,0,0,151,0,0,0,0,0,0,0,0,0,0,0,0,0,0,0,0,0,0,0,0,0,0,0,0,180,0,0,0,0,0
contig_44925,634,17018,8097,736,2817,592,0,0,0,0,0,0,0,0,0,0,0,0,0,26,0,0,0,0,0,179,0,0,1099,7011,2403,0,0,0,0,0,0,487,0,1738,0,0,0,0,0,0,0,700,2316,3814,7352,153,0,21,0,163,0,0,0,0,3412,462,0,0,0,0,0,6813,0,0,0,0,72,0,0,376,0,0,0,0,0,0,0,0,0,0,0,0,0,286,0,0
contig_44956,0,4282,4991,0,0,0,1457,0,0,0,0,0,0,0,0,21354,0,0,0,0,0,0,0,0,0,0,0,2399,2842,1838,0,0,0,0,0,0,0,0,0,0,0,0,0,0,0,1930,0,0,0,0,0,0,0,0,0,0,0,0,0,883,3619,0,0,0,0,0,0,0,0,0,0,0,0,0,0,0,0,0,0,0,0,0,0,0,0,0,0,0,0,0,0,0
contig_44964,0,0,0,0,0,0,0,0,0,0,0,0,0,0,0,36748,244,0,0,0,0,0,0,0,0,0,0,618,0,3462,0,0,0,0,0,0,0,0,0,0,0,0,0,0,0,863,0,0,0,0,0,0,187,0,0,0,0,0,0,862,4622,254,0,0,0,0,0,48,0,0,0,0,0,0,0,0,0,0,0,0,0,0,0,0,0,0,0,0,0,101,0,0
contig_44965,0,0,0,0,0,0,0,0,0,0,0,0,0,0,0,0,0,0,0,0,0,0,0,0,0,0,0,0,0,984,0,0,0,0,0,0,0,0,0,178,3668,0,0,0,0,0,0,0,127,0,0,0,0,0,0,0,2849,0,0,0,0,0,0,0,0,0,0,4305,1428,0,0,0,0,0,0,0,0,0,0,0,0,0,0,0,0,0,0,0,0,985,0,0
contig_44966,0,0,0,0,0,0,0,0,0,0,0,0,0,0,0,0,0,0,0,0,0,569,0,322,39,0,0,0,0,0,0,0,720,1769,179,178,0,253,0,0,0,0,0,0,0,0,0,0,0,0,0,0,0,0,0,85,0,0,0,0,0,0,0,0,0,0,0,0,0,0,0,0,0,0,0,0,9,77,0,0,0,36,0,0,0,0,0,0,89,204,0,0
contig_44979,0,0,0,0,0,0,0,0,0,0,0,0,0,0,0,0,0,0,0,0,0,179,0,0,0,0,0,0,0,0,0,0,0,0,0,0,0,0,0,661,0,0,0,0,0,0,0,0,2135,0,0,0,0,0,0,0,0,0,0,0,2007,478,0,0,0,0,0,0,0,0,0,0,0,1058,0,0,0,0,0,0,0,0,0,0,0,0,0,0,0,0,0,0
contig_44983,0,0,133,0,0,0,0,23,0,0,0,0,0,0,0,0,0,0,0,0,0,0,0,0,0,0,0,0,0,0,0,0,75,0,0,0,0,0,0,0,0,0,60,0,0,0,0,0,0,0,0,0,0,0,0,0,0,0,0,0,0,16249,59,4257,0,0,0,0,0,0,0,0,0,0,0,0,0,0,0,1161,0,0,0,0,0,0,0,0,0,3778,0,0
contig_44984,0,0,0,162,0,0,0,0,0,0,0,0,0,0,0,0,726,0,0,0,0,0,0,0,0,0,0,0,0,470,0,1082,0,0,0,0,0,0,0,227,0,0,72,0,0,0,2020,0,1346,375,0,0,0,0,0,0,107,0,0,0,780,584,0,0,0,0,0,0,0,0,105,0,0,2301,0,0,0,0,0,0,0,0,0,0,0,0,0,0,88,687,0,0
contig_44997,0,0,0,0,0,0,28,0,0,0,0,0,0,0,0,1710,0,0,0,0,0,0,0,0,0,0,0,0,652,51,0,0,0,0,0,0,0,0,0,0,0,0,0,0,0,0,0,0,0,0,0,0,0,0,0,0,0,0,0,0,0,0,0,0,0,0,0,0,0,0,0,0,0,0,0,0,0,0,0,0,0,0,0,0,0,0,0,0,0,0,0,0
contig_45,0,0,0,0,0,0,0,0,0,0,0,0,0,0,0,0,0,0,0,0,0,0,0,6987,0,0,0,0,0,0,0,0,0,0,0,0,0,0,0,0,0,0,0,0,0,0,0,0,0,0,0,0,0,0,0,0,0,0,0,0,0,0,0,0,0,0,0,0,0,0,0,0,0,0,0,174004,1585,95307,0,0,0,0,0,0,0,0,0,0,0,0,0,0
contig_45022,0,0,0,0,0,0,0,0,0,0,0,0,0,0,10236,201,1931,174,0,0,0,0,0,0,0,0,0,0,0,0,0,0,0,0,0,0,0,0,0,0,0,0,0,0,0,0,0,0,0,0,0,0,0,0,0,0,0,0,803,0,0,0,0,0,0,0,0,0,0,0,0,0,0,0,0,0,0,0,0,0,0,0,0,0,0,0,0,0,0,0,0,0
contig_45034,0,0,0,0,0,0,0,0,0,0,0,0,0,0,0,0,0,0,0,0,0,0,0,0,0,0,0,0,0,0,0,0,0,0,45,0,0,0,0,0,0,105,0,0,0,0,0,0,0,0,0,0,0,0,0,0,0,0,0,0,0,0,0,0,0,0,0,0,0,0,0,0,0,61,0,0,0,0,0,0,0,0,0,0,0,0,0,0,0,0,0,0
contig_45037,0,0,0,0,0,0,0,0,0,0,0,0,0,0,0,0,0,0,0,0,0,0,0,0,0,0,0,0,0,0,0,0,0,0,0,0,0,0,0,0,0,0,0,0,23,0,0,0,0,0,0,0,0,0,0,0,0,0,0,0,0,0,0,0,0,0,0,45,257,0,0,0,0,0,0,0,0,0,0,0,0,0,0,0,0,0,0,0,0,0,0,0
contig_45051,0,0,0,0,196,0,0,0,0,0,0,0,0,0,0,0,0,0,0,0,0,0,0,0,0,0,0,0,0,0,0,0,0,0,0,0,0,53,0,0,0,0,0,0,0,0,0,0,0,0,0,0,0,0,0,0,0,0,0,0,0,467,0,0,0,0,0,0,0,0,0,0,0,0,0,0,0,0,0,0,0,0,0,0,0,0,0,0,64,0,0,0
contig_45060,0,0,0,0,0,0,0,0,0,0,0,0,266,0,0,0,0,0,0,0,0,0,0,0,0,0,0,0,0,0,0,0,0,0,0,0,0,0,0,0,0,0,0,0,24,0,0,0,0,0,0,0,0,0,0,0,0,0,0,0,0,0,0,0,0,587,0,0,0,0,0,0,0,0,0,0,0,0,49,0,0,0,0,0,0,0,0,0,0,0,0,0
contig_45063,0,0,0,0,0,0,0,0,0,0,0,0,0,0,0,0,0,0,0,0,0,0,0,0,0,0,0,90,0,0,0,0,0,0,0,0,0,0,0,0,0,0,0,0,0,631,0,0,0,0,0,0,0,0,0,0,0,0,0,84,0,0,0,0,0,0,0,112,1010,0,0,0,0,0,0,0,0,0,0,0,0,0,0,0,0,0,0,0,0,34,0,0
contig_45077,0,0,0,0,0,0,0,87,0,0,42,0,0,0,0,0,0,0,0,28,0,0,0,0,0,0,0,0,0,0,0,0,0,0,0,0,0,19,0,0,0,0,0,0,0,0,0,0,0,0,0,0,0,0,0,0,0,0,0,0,0,0,0,21,0,0,0,0,0,0,0,0,10,381,0,0,0,90,0,0,0,0,0,0,0,0,0,0,0,0,0,0
contig_4509,0,0,0,0,0,0,0,0,0,0,683,1252738,67,0,0,0,0,0,0,0,0,0,0,0,0,0,0,0,0,0,0,0,0,0,0,0,0,0,0,0,0,0,0,0,0,0,0,0,0,0,0,0,0,0,0,0,0,0,0,0,0,0,0,0,0,0,0,0,0,0,0,0,0,0,0,0,0,0,0,0,0,0,0,0,0,0,0,0,0,0,0,0
contig_45105,0,0,0,0,0,0,0,60,0,42,605,0,0,81,0,0,0,0,123,170,0,70,0,0,0,0,0,0,0,0,0,245,4737,0,0,0,0,282,0,0,0,0,0,0,351,0,0,0,0,0,0,5056,0,1599,0,0,0,503,0,0,0,0,0,0,0,0,0,0,0,0,0,0,98,28712,0,280,20,82,0,0,35,0,0,0,0,0,783,28,215,6903,109,0
contig_45111,0,0,0,0,0,0,390,0,0,0,0,0,0,0,0,0,0,0,0,0,0,0,0,0,0,0,0,0,1696,1037,0,0,0,0,0,0,0,0,0,0,0,0,102,0,0,0,0,0,0,0,535,0,0,0,0,0,1669,0,0,0,0,0,0,380,0,0,0,162,0,0,0,0,0,0,0,0,0,0,0,0,0,0,0,0,0,0,0,0,0,78,0,0
contig_45118,0,0,0,0,0,0,0,0,0,0,0,0,0,0,0,0,0,0,0,0,0,0,0,0,0,0,0,0,0,0,0,34,0,0,0,0,0,38,0,0,0,0,0,0,0,0,0,0,0,0,0,0,0,0,0,0,0,0,0,0,0,0,0,0,0,0,0,0,0,0,0,0,0,0,0,0,0,0,0,0,0,0,0,0,0,0,0,0,0,376,55,0
contig_45119,188,4609,1774,707,1408,904,6687,0,0,0,230,0,0,0,5753,0,0,0,46,0,0,532,0,0,0,0,0,88,889,1705,1539,352,0,0,86,0,0,0,129,1056,0,0,0,0,0,0,1061,1432,4772,1623,5198,0,0,1935,0,2339,3338,80,4730,1929,10244,1979,0,325,0,0,0,111,0,621,0,0,0,8549,0,0,54,0,0,0,88,0,0,0,0,0,13579,0,202,1978,0,0
contig_45131,0,0,0,0,0,0,2908,0,0,0,0,0,0,0,0,0,0,0,0,0,0,0,0,0,0,0,0,0,0,1005,0,0,0,0,0,0,0,0,0,205,0,0,0,0,0,0,0,725,340,0,928,0,0,0,0,0,186,0,0,0,0,77,0,0,0,0,0,50,0,0,0,0,0,0,0,0,0,0,0,0,0,0,0,0,0,0,1010,0,0,139,0,0
contig_45137,0,0,0,0,0,0,0,0,0,0,0,0,0,0,0,0,0,0,0,0,0,0,0,0,0,0,0,0,0,0,137,0,0,0,0,0,0,0,0,0,0,0,0,0,0,0,0,0,0,0,0,0,0,0,0,0,0,0,0,0,0,0,0,0,0,0,0,0,0,0,0,0,0,4452,0,0,0,0,0,0,0,0,0,0,0,0,0,0,0,51,0,0
contig_45153,0,0,0,0,0,0,0,0,0,0,0,0,0,0,0,0,0,0,0,0,0,0,0,0,0,0,0,39,0,0,0,0,0,0,0,0,0,0,0,0,0,0,0,0,0,199,0,0,0,0,0,0,0,0,0,0,0,0,0,82,0,0,0,0,0,0,0,0,283,0,0,0,0,0,0,0,0,0,0,0,0,0,0,0,0,0,388,0,0,250,0,0
contig_45163,0,0,0,0,0,0,0,0,0,0,0,0,0,0,0,0,690,0,0,0,0,0,0,0,0,0,0,0,39,0,0,0,0,0,0,0,0,0,0,0,0,0,0,0,0,0,0,0,1258,3593,0,0,0,182,0,0,0,0,0,1819,0,233,0,0,0,0,0,1826,0,0,0,0,0,1568,0,0,0,0,0,0,0,0,0,0,0,0,0,0,0,524,0,0
contig_45164,0,0,0,0,0,0,0,0,0,0,0,0,0,68,0,0,1067,0,0,188,0,0,0,0,0,0,0,0,0,0,0,42,0,0,0,0,0,0,0,0,0,0,0,0,0,0,0,0,0,0,0,250,0,0,0,0,0,90,0,0,0,477,0,629,82,0,0,25552,5807,1071,50,0,0,0,0,0,0,0,0,0,0,0,0,0,0,0,8047,0,0,3542,0,0
contig_45165,0,0,0,0,0,0,0,0,0,0,0,0,0,0,0,0,963,0,0,0,0,0,0,0,0,0,0,0,0,1330,0,0,5395,0,0,0,0,0,0,0,0,0,0,0,0,0,0,0,0,0,119,0,0,0,110,0,114,0,0,0,311,420,0,0,0,0,0,0,0,0,0,0,0,0,0,0,29,0,0,0,0,0,0,0,0,0,0,0,0,202,0,0
contig_45166,0,0,0,200,0,0,0,0,0,0,0,0,0,0,0,0,0,0,0,0,0,0,0,0,0,0,0,0,0,0,379,0,0,0,0,0,0,0,0,0,0,0,0,0,0,0,0,224,0,0,0,0,0,0,0,0,0,0,0,0,0,519,0,0,0,0,0,0,0,0,0,0,0,0,0,0,0,0,0,0,0,0,0,0,0,0,0,0,0,0,0,0
contig_45169,0,0,0,0,0,0,0,0,0,0,0,0,0,0,0,0,0,0,0,0,0,0,0,0,0,0,0,0,0,0,0,0,0,0,0,0,0,0,0,0,0,0,0,0,0,0,0,0,109,0,33,0,0,0,0,0,0,0,0,0,0,0,0,0,0,0,0,222,0,0,0,0,0,0,0,0,0,0,0,0,0,0,0,0,0,0,0,0,0,0,0,0
contig_45181,0,0,0,0,0,0,0,0,0,0,0,0,0,0,0,0,0,0,0,0,0,0,0,0,0,0,0,0,0,0,0,0,0,0,0,0,0,0,0,0,2263,0,115,0,0,0,0,0,350,0,0,0,0,0,0,0,0,0,0,0,0,0,0,0,0,0,0,0,0,0,0,0,0,0,0,0,0,0,0,0,0,0,0,0,0,0,0,0,0,8028,0,0
contig_45183,0,549,0,0,0,0,0,0,0,0,0,0,0,0,0,1048,574,0,0,0,0,0,0,0,0,0,0,366,6713,2135,0,284,4263,0,0,0,0,0,175,611,0,0,0,0,0,2880,8144,3595,822,0,925,21,2079,0,65208,0,177,0,586,6961,1984,324,0,786,0,0,0,0,1275,0,0,0,0,0,0,0,0,0,0,0,0,0,0,0,0,0,1906,0,339,4660,0,0
contig_45186,0,0,0,0,0,0,0,0,0,0,0,0,0,0,0,0,0,0,0,0,0,0,0,0,0,0,0,0,0,0,0,0,0,0,0,0,0,0,0,0,0,0,0,0,0,0,0,148,0,72,570,0,0,0,0,0,0,0,0,0,0,263,0,0,0,0,0,0,0,0,0,0,0,0,0,0,0,0,0,0,0,0,0,0,0,0,0,0,0,68,0,0
contig_45196,0,711,3565,0,0,0,586,0,0,0,0,0,0,0,0,0,0,0,0,0,0,0,0,0,0,0,0,0,0,0,0,0,0,0,0,0,0,0,0,324,0,0,0,0,0,0,0,0,0,0,0,0,0,0,0,0,941,0,0,0,0,0,0,351,0,0,0,0,0,0,0,0,0,6844,0,0,0,0,0,0,0,0,0,0,0,0,4155,0,0,0,0,0
contig_45198,0,0,0,0,0,0,0,0,0,0,0,0,0,0,0,0,0,0,0,0,0,162,0,184,0,0,0,0,0,0,0,0,235,0,0,0,0,0,0,0,0,0,0,0,0,0,0,0,0,0,0,0,0,0,0,8448,0,0,0,0,0,0,0,0,0,0,0,0,0,0,0,0,0,0,0,0,0,0,0,0,0,0,0,0,0,0,0,0,3711,4263,218,165
contig_45199,0,0,0,0,0,0,0,0,0,0,0,0,0,0,0,0,0,0,0,0,0,0,0,0,0,0,0,0,0,0,0,0,0,0,0,0,0,96,0,0,0,0,0,0,0,0,0,0,0,0,0,0,0,0,0,0,0,0,0,0,0,0,0,0,0,0,0,0,0,0,0,0,0,0,0,0,0,0,0,0,0,0,0,0,0,0,0,0,0,282,33,0
contig_452,0,0,86,0,0,0,0,0,0,0,0,0,0,0,0,0,0,0,0,0,0,0,0,0,0,0,0,0,0,0,0,0,61,0,0,0,0,0,0,0,0,0,36,0,0,0,0,0,0,0,0,0,0,20,0,0,0,0,0,0,0,5907,18,6847,0,23,0,0,0,0,0,0,0,0,0,0,0,0,0,83,0,0,0,0,0,0,20,0,0,2026,0,0
contig_45203,0,0,0,0,0,0,0,0,0,0,0,0,0,0,0,0,0,0,0,83,0,0,0,0,0,0,0,0,0,0,0,0,0,0,4717,0,0,0,0,0,0,0,0,0,232,0,0,0,0,0,0,0,0,869,0,0,0,439,0,0,0,0,0,0,0,0,115,574,3059,92,0,18,0,0,0,0,0,0,0,0,0,0,0,0,0,0,4973,0,0,2982,39,0
contig_45205,0,0,0,0,0,0,0,0,0,0,0,0,0,0,0,0,0,0,0,0,0,0,0,0,0,0,0,0,0,0,0,0,187,0,0,0,0,0,0,0,511,0,0,0,0,0,0,0,0,0,0,0,0,0,0,197,0,0,0,0,0,0,0,0,0,0,0,0,0,0,0,0,0,724,0,0,0,0,0,0,0,0,0,0,0,0,0,0,0,614,0,0
contig_45208,0,0,0,0,0,223,0,0,0,0,0,0,0,0,0,355,344,0,0,0,0,0,0,0,0,0,0,129,44365,362,0,49,0,0,0,0,0,0,0,551,0,0,0,0,0,154,890,0,0,0,99,0,125,107,0,0,858,426,35,2823,1676,1364,0,0,0,0,0,0,0,0,0,0,0,778,0,0,0,0,0,130,41,0,0,0,0,0,1409,0,36,77,0,0
contig_45218,0,0,0,0,0,0,0,0,0,0,0,0,0,0,0,306,73,0,0,0,0,0,0,0,0,0,0,203,0,0,0,0,0,0,0,0,0,0,42,0,0,0,0,0,0,0,0,0,0,0,0,0,0,4162,0,0,40,0,0,711,0,2668,0,0,0,0,0,0,54,0,0,0,0,143,0,0,0,0,0,33,1422,0,0,0,0,0,0,0,0,1389,0,0
contig_45219,0,0,0,0,0,0,0,151,0,0,1417,0,0,75,0,0,0,0,0,160,0,0,0,0,0,0,0,0,0,0,0,0,6068,0,0,0,0,0,0,0,0,0,0,0,334,0,0,0,0,0,0,1067,0,0,0,0,0,409,0,0,0,0,0,0,0,0,0,147,0,0,0,0,0,10244,0,0,0,90,0,0,0,0,0,0,0,0,0,0,108,14165,98,0
contig_45220,0,0,0,0,0,0,0,0,0,0,0,0,0,0,0,0,0,0,0,0,0,0,0,0,0,0,0,0,0,0,0,0,0,0,0,0,0,0,0,0,0,0,0,0,0,52,0,106,43,0,0,0,0,0,0,0,0,0,0,0,0,0,0,0,0,0,0,88,0,0,0,0,0,0,0,0,0,0,0,0,245,0,0,0,0,0,0,0,0,0,0,0
contig_45225,0,0,0,0,0,0,0,0,0,0,0,0,0,0,0,0,0,0,0,0,0,0,0,0,0,0,0,0,0,0,0,0,0,0,0,0,0,0,0,0,0,0,0,0,0,421,442,0,0,0,0,0,0,0,0,0,0,0,0,0,0,0,0,0,0,0,0,0,0,0,0,0,0,0,0,0,0,0,0,0,0,0,0,0,0,0,0,0,0,123,0,0
contig_45228,0,0,0,0,0,0,0,0,0,0,0,0,0,0,0,0,0,0,0,0,0,0,0,0,0,0,0,45,0,0,0,0,0,0,0,0,0,0,0,0,0,0,0,0,0,0,1658,0,0,0,0,0,0,0,0,0,0,0,0,564,136,465,0,0,0,0,0,0,0,0,0,0,0,0,0,0,0,0,0,0,9135,0,0,0,0,0,0,0,0,239,0,0
contig_45242,0,0,0,0,0,0,0,0,0,0,0,0,0,0,0,0,0,0,0,0,0,0,0,0,0,0,0,0,0,0,0,0,0,0,0,0,0,38,0,0,0,0,0,0,0,0,0,0,0,0,0,0,0,0,0,0,0,0,0,0,0,0,0,0,0,0,0,0,0,0,0,0,0,0,0,0,0,0,0,0,0,0,0,0,0,0,0,0,0,103,24,0
contig_45243,0,199,44,46,49,82,171,0,0,0,0,0,0,0,100,0,399,0,0,0,0,0,0,0,0,0,0,25,368,469,0,42,0,0,0,0,0,0,0,236,0,0,0,0,0,0,134,42,297,334,242,0,0,0,0,37,783,0,0,372,271,0,0,0,114,0,0,0,386,0,0,0,0,1040,0,0,0,0,0,0,0,0,0,0,0,0,0,0,0,334,0,0
contig_45248,0,0,0,0,0,0,0,0,0,0,0,0,0,0,0,0,0,82,0,72,0,0,0,0,0,0,0,0,0,0,0,0,0,0,0,0,0,0,0,0,279,0,100,0,0,0,0,0,0,0,0,195,0,0,0,0,0,712,0,0,0,0,0,1827,44,0,0,3387,451,0,48,0,0,1752,0,0,0,0,0,0,0,0,0,0,0,0,0,0,0,5189,0,0
contig_45263,0,0,0,0,0,0,0,0,0,0,0,0,0,0,0,8171,0,0,0,0,0,0,0,0,0,0,0,0,10050,2335,0,0,0,0,0,0,0,0,0,0,0,0,67,0,0,0,0,0,0,0,0,0,0,0,0,0,27,0,0,0,2030,758,0,0,0,0,0,0,0,0,0,0,0,0,0,0,0,0,0,0,0,0,0,0,0,0,0,0,0,0,0,0
contig_45267,0,0,0,0,0,0,0,0,0,0,0,0,0,0,0,0,0,0,0,0,0,0,0,0,0,0,0,0,0,0,0,0,0,0,0,0,0,0,0,0,0,0,0,0,0,0,0,0,0,0,0,0,0,0,0,0,0,0,0,0,0,0,0,0,0,0,0,36,0,281,335,0,0,0,0,0,0,0,0,0,0,0,0,0,0,0,0,0,0,0,0,0
contig_45268,0,0,0,0,0,0,0,0,0,0,0,0,0,0,0,0,0,0,0,30,0,0,0,0,0,0,0,0,0,0,0,0,0,0,0,0,0,0,0,0,0,0,0,0,0,62,0,0,0,0,0,0,4106,0,0,0,69,0,0,0,0,263,0,0,0,0,81,0,0,0,0,0,0,861,0,0,0,0,0,0,0,0,0,0,0,0,552,0,0,58,0,0
contig_45274,0,201,0,0,0,0,0,0,0,0,0,0,0,0,2802,0,0,0,0,0,0,0,0,0,0,0,0,0,0,160,0,0,0,0,0,0,0,0,0,0,0,0,0,0,0,0,0,0,0,0,0,0,0,0,0,0,0,0,0,221,0,409,0,0,0,0,0,0,0,0,0,0,0,0,0,0,0,0,0,0,0,0,0,0,0,0,0,0,0,0,0,0
contig_45277,0,0,0,0,0,0,0,0,0,0,0,0,0,0,0,0,0,0,0,0,0,0,0,0,0,0,0,0,0,76,0,0,0,0,0,0,0,0,0,0,0,0,0,0,0,0,0,0,28,0,0,0,0,121,0,0,0,0,0,0,0,239,0,0,0,0,0,0,0,0,0,0,0,274,0,0,0,0,0,0,0,0,0,0,0,0,209,0,0,33,0,0
contig_45292,0,0,0,0,0,0,0,0,0,0,0,0,0,0,0,0,0,0,0,0,0,0,0,0,0,0,0,0,0,0,0,12,0,0,0,0,0,91,0,0,0,0,0,0,0,0,0,0,0,0,0,0,0,0,0,0,0,0,0,0,0,0,0,0,0,0,0,0,0,0,0,0,0,0,0,0,0,0,0,0,0,0,0,0,0,0,0,0,0,539,87,0
contig_453,0,0,192,0,0,0,0,0,0,0,0,0,0,0,0,0,0,0,0,0,0,0,0,0,0,0,0,0,0,0,0,0,188,0,0,0,0,0,0,0,0,0,131,0,0,0,0,0,0,0,0,0,0,0,0,0,0,0,0,0,0,18936,42,9199,0,38,0,0,0,0,0,0,0,0,0,0,0,0,0,427,0,0,0,0,0,0,0,0,0,7327,0,0
contig_45309,0,0,0,0,0,16,0,0,0,0,0,0,0,0,25,0,0,0,0,0,0,0,0,0,0,0,0,0,0,0,0,0,0,0,0,0,0,0,0,0,0,0,0,0,0,0,0,89,115,0,108,0,0,584,0,103,0,0,0,0,0,114,0,34,0,0,0,72,0,0,0,0,0,190,0,0,0,0,0,0,0,0,0,0,0,0,0,0,0,0,0,0
contig_45326,0,0,0,0,0,0,0,0,0,0,0,0,0,0,0,0,1039,0,0,0,0,0,0,0,0,0,0,0,0,0,0,0,0,0,0,0,0,0,0,0,0,0,0,0,0,0,0,0,0,0,0,0,0,0,0,0,0,0,0,0,303,168,0,0,0,0,0,0,0,0,0,0,0,0,0,0,0,0,0,0,0,0,0,0,0,0,0,0,0,0,0,0
contig_45352,0,0,0,0,0,0,0,0,0,0,0,0,0,0,0,0,0,0,0,1125,0,0,0,0,0,0,0,0,0,0,0,0,0,0,0,0,0,0,0,410,598,0,0,0,0,0,0,0,0,0,0,0,0,0,0,0,0,0,0,0,0,0,0,0,0,0,0,0,0,0,0,0,0,0,0,0,0,0,0,0,0,0,0,0,0,0,0,0,0,0,0,0
contig_45354,0,0,0,0,0,0,0,0,0,0,0,0,0,0,0,0,771,0,0,0,0,0,0,0,0,0,0,0,0,1584,0,0,0,0,0,0,0,0,0,84,0,0,0,0,0,0,0,0,0,0,0,0,0,0,0,0,0,0,0,0,0,0,0,0,0,0,0,99,0,0,0,0,0,0,0,0,0,0,0,0,0,0,0,0,0,0,0,0,0,0,0,0
contig_45356,0,0,0,0,0,0,0,0,0,0,0,0,0,0,0,0,0,0,0,0,0,0,0,0,0,0,0,0,0,65,0,0,0,0,0,0,0,196,0,0,0,0,0,0,0,0,0,55,0,0,25,0,0,0,0,0,262,0,0,0,0,220,0,0,0,0,0,260,0,0,0,0,0,0,0,0,0,0,0,0,0,0,0,0,0,0,0,0,57,0,0,0
contig_45357,0,0,0,0,0,0,0,0,0,0,0,0,0,0,0,0,0,0,0,0,0,0,0,0,0,0,0,0,0,0,0,113,0,0,0,0,0,504,0,0,0,0,0,0,0,0,0,0,0,0,0,0,0,0,0,0,0,0,0,0,0,0,0,0,0,0,0,0,0,0,0,0,0,0,0,0,0,0,0,0,0,0,0,0,0,0,0,0,11,690,243,0
contig_45372,0,0,0,0,0,0,0,0,0,0,0,0,0,0,0,0,0,0,0,0,0,40,0,0,0,0,0,0,0,0,0,0,85,0,0,0,0,121,0,0,0,35,18,0,53,0,70,101,0,0,0,0,0,0,0,0,63,44,0,0,0,950,0,0,0,0,0,0,0,0,0,0,0,0,0,0,0,0,0,0,0,0,0,0,0,0,0,0,238,0,0,0
contig_45374,0,0,0,0,0,0,0,0,0,0,0,0,0,0,0,0,0,0,0,0,0,0,0,0,0,0,0,0,0,0,0,0,0,0,0,0,0,0,0,0,0,0,0,0,0,0,0,0,0,190,816,0,0,0,0,0,0,0,0,0,0,0,0,0,0,0,0,0,0,0,0,0,0,0,0,0,0,0,0,0,0,0,0,0,0,0,0,0,55,0,0,0
contig_45390,9605,2519,0,0,0,0,0,0,0,0,0,0,0,0,3931,8750,30,0,0,0,0,0,0,0,0,120,0,1669,0,0,0,0,689,0,0,0,0,0,34,0,0,0,0,0,0,175,0,0,0,0,0,0,225,1214,0,28,0,0,207,273,0,2348,0,112,84,0,0,44,0,0,0,0,0,58,0,0,0,0,0,19,1307,0,0,0,0,0,31,0,0,467,0,0
contig_45393,0,0,0,0,0,0,0,16,0,0,0,0,0,0,0,0,0,0,0,18,0,0,0,0,0,0,0,0,0,0,0,0,0,0,0,0,0,24,0,0,0,0,0,0,0,0,0,0,0,0,0,0,0,0,0,0,0,0,0,0,0,0,0,0,0,0,0,0,0,0,0,0,0,298,0,0,0,53,0,0,0,0,0,0,0,0,0,0,0,0,0,0
contig_454,0,0,348,0,0,0,0,0,0,0,0,0,0,0,0,0,0,0,0,0,0,30,0,0,0,0,0,0,0,0,0,0,254,0,0,0,0,0,0,0,0,0,372,0,0,0,0,0,0,0,0,0,0,0,0,0,0,0,0,0,0,0,0,5635,0,0,0,0,0,0,0,0,0,0,0,0,0,0,0,0,0,0,0,0,0,0,0,0,0,3154,0,0
contig_45410,0,0,0,0,0,0,0,0,0,0,0,0,0,0,0,0,0,0,0,0,0,0,0,0,0,0,0,0,0,0,0,0,0,0,0,0,0,0,0,0,0,0,0,0,0,0,0,0,0,0,0,0,0,0,0,0,0,0,0,0,0,0,0,0,0,0,0,0,0,0,0,0,0,0,0,27300,288,9620,0,0,0,0,0,0,0,0,0,0,0,0,0,0
contig_45413,0,0,0,0,0,0,0,0,0,0,0,0,0,0,0,0,0,0,0,0,0,0,0,0,0,0,0,0,0,0,0,24,0,0,0,0,0,0,0,0,0,0,0,0,0,0,0,0,0,0,0,0,0,0,0,0,0,0,0,0,0,0,0,0,0,0,0,0,0,0,0,0,0,0,0,0,0,0,0,0,0,0,0,0,0,0,0,0,0,190,46,0
contig_45416,0,0,0,0,0,0,0,0,0,0,0,0,0,0,0,0,0,0,0,0,0,0,0,0,0,0,0,0,0,0,0,0,0,0,0,0,0,0,0,0,0,0,0,0,0,0,0,0,3508,6342,2551,0,0,0,0,0,0,0,0,0,0,0,0,0,0,0,0,0,0,0,0,0,0,0,0,0,0,0,0,0,0,0,0,0,0,0,0,0,0,0,0,0
contig_45425,0,0,449,184,0,93,0,0,0,0,0,0,0,0,4384,806,1214,0,0,0,0,0,0,0,0,0,0,0,0,430,0,0,0,0,0,0,0,0,0,0,0,0,0,0,0,0,259,224,668,1137,0,0,0,0,0,0,849,0,111,508,1412,109,0,0,0,0,0,450,0,0,0,0,0,527,0,0,0,0,0,0,0,0,0,0,0,0,0,0,0,0,0,0
contig_45450,0,0,0,0,0,0,0,0,0,0,0,0,0,0,0,0,0,0,0,0,0,0,0,0,0,0,0,0,0,0,0,0,0,0,0,0,0,0,0,0,0,0,0,0,0,0,0,0,117,0,0,0,0,0,0,0,0,0,0,0,0,107,0,0,0,0,0,686,0,0,0,0,0,0,0,0,0,0,0,0,0,0,0,0,0,0,0,0,0,0,0,0
contig_45451,0,0,0,0,0,0,0,0,0,0,0,0,0,0,0,0,0,0,0,0,0,0,0,0,0,0,0,0,0,0,0,220,0,0,0,0,0,608,0,0,0,0,0,0,0,0,0,0,0,0,0,0,0,0,0,0,0,0,0,0,0,0,0,0,0,0,0,0,0,0,0,0,0,0,0,0,0,0,0,0,0,0,0,0,0,0,0,0,0,821,52,0
contig_45453,0,0,0,0,0,0,0,0,0,0,0,0,0,0,0,0,0,0,0,0,0,0,0,0,0,0,0,0,53,0,0,0,0,0,0,0,0,0,0,0,0,0,0,0,0,0,0,0,0,0,0,0,0,0,0,0,117,0,0,472,71,0,0,0,0,0,0,0,0,0,0,0,0,0,0,0,0,0,0,0,0,0,0,0,0,0,0,0,0,0,0,0
contig_45466,0,0,0,0,0,0,0,0,0,0,0,0,0,0,0,0,0,0,0,0,0,0,0,0,0,0,0,0,0,0,0,303,0,0,0,0,0,1404,0,0,0,0,0,0,0,0,0,0,0,0,0,0,0,0,0,0,0,0,0,0,0,0,0,0,0,0,0,0,0,0,0,0,0,0,0,0,0,0,0,0,0,0,0,0,0,0,0,0,691,50807,492,0
contig_45485,0,480,0,0,0,0,0,0,0,0,0,0,0,0,519,367,163,0,0,0,0,0,0,0,0,0,0,0,114,196,0,0,0,0,0,0,0,0,0,0,0,0,0,0,0,67,0,0,0,0,0,0,0,0,0,0,0,0,73,0,305,0,0,0,0,0,0,0,0,0,0,0,0,0,0,0,0,0,0,0,0,0,0,0,0,0,0,0,0,0,0,0
contig_45496,0,0,0,0,0,0,0,0,0,0,0,0,0,0,0,0,0,0,0,0,0,0,0,0,0,0,0,0,165,2141,0,0,0,0,0,0,0,0,0,0,0,0,0,0,0,0,0,0,0,0,0,0,0,0,0,0,0,0,0,0,0,0,0,0,0,0,0,0,12437,0,0,0,0,0,0,0,0,0,0,0,0,0,0,0,0,0,0,0,0,0,0,0
contig_455,0,0,195,0,0,0,0,0,0,0,0,0,0,0,0,0,0,0,0,0,0,39,0,0,0,0,0,0,0,0,0,0,174,0,0,0,0,0,0,0,0,0,76,0,0,0,0,0,0,0,0,0,0,18,0,0,0,0,0,0,0,8076,0,3888,0,0,0,0,0,0,0,0,0,0,0,0,0,0,0,1392,0,0,0,0,0,0,24,0,0,2617,0,0
contig_45515,0,0,0,0,0,0,0,0,0,0,0,0,0,0,0,0,196,0,0,0,0,0,0,0,0,0,0,0,0,0,0,0,0,0,0,0,0,0,0,0,0,0,0,0,0,0,0,0,185,58,0,0,0,0,0,0,0,0,100,0,528,110,0,0,0,0,0,135,67,0,0,0,0,0,0,0,0,0,0,0,0,0,0,0,0,0,0,0,0,0,0,0
contig_45519,0,0,0,0,0,0,984,0,0,0,0,0,0,0,0,0,0,0,0,0,0,0,0,0,0,0,0,0,0,0,0,0,0,0,0,0,0,0,0,0,0,0,0,0,0,0,0,387,0,63,0,0,0,0,0,0,0,0,0,0,0,234,0,0,0,0,0,2194,0,0,0,0,0,0,0,0,0,0,0,0,449,0,0,0,0,0,0,0,0,0,0,0
contig_45529,0,0,0,0,0,0,0,0,0,0,0,0,0,0,0,0,0,0,0,0,0,0,0,0,0,0,0,0,0,0,0,0,0,0,0,0,0,390,0,0,0,0,0,0,0,0,0,0,0,0,0,0,0,0,0,0,0,0,0,0,0,0,0,0,0,0,0,0,0,0,0,0,0,0,0,0,0,0,0,0,0,0,0,0,0,0,0,0,45,192,0,0
contig_45556,0,0,0,0,0,0,0,0,0,0,0,0,0,0,0,0,0,0,0,0,0,0,0,0,0,0,0,0,0,0,0,0,0,0,0,0,0,0,0,0,0,0,0,0,0,610,0,0,0,0,0,0,347,233,0,0,0,0,0,0,0,172,0,0,0,0,0,0,0,0,0,0,0,511,0,0,0,0,0,0,129,0,0,0,0,0,561,0,0,63,0,0
contig_45557,0,0,0,0,0,0,0,0,0,0,0,0,0,0,0,0,0,0,0,0,0,0,0,0,0,0,0,0,0,0,0,0,0,0,0,0,0,62,0,0,0,0,0,0,0,0,0,0,0,0,0,0,0,0,0,0,0,0,0,0,0,0,0,0,0,0,0,0,0,0,0,0,0,0,0,0,0,0,0,0,0,0,0,0,0,0,0,0,0,142,20,0
contig_45572,0,10011,948,99,0,87,300,0,0,0,0,0,0,0,0,0,1352,0,0,0,0,0,0,0,0,0,0,16236,306,576,0,0,64,0,0,0,0,0,0,0,0,0,0,0,0,9862,561,1706,107,0,223,0,415,0,0,0,0,0,8346,36954,23567,59,0,3057,326,0,0,409,75,22,0,0,0,0,0,0,0,0,0,0,75,0,0,0,0,0,0,0,0,0,0,0
contig_45582,0,0,0,0,0,0,0,0,0,0,0,0,0,0,0,0,202,81,0,318,0,0,0,0,0,0,0,0,0,0,0,0,0,0,0,0,0,0,0,0,9,0,30,0,79,0,0,0,0,0,0,287,0,0,0,0,0,0,0,0,0,0,0,0,0,0,32,131,667,0,0,0,0,0,0,0,0,0,0,0,0,0,0,0,0,0,509,0,124,9016,41,0
contig_45587,0,0,0,0,0,0,0,0,0,0,0,0,0,0,0,0,0,0,0,0,0,0,0,0,0,0,0,0,0,0,0,0,0,0,0,0,0,0,0,0,0,0,0,0,0,0,0,0,0,0,0,0,0,0,0,0,0,0,0,0,0,95,0,0,0,0,0,81,0,0,0,0,0,0,0,0,0,0,0,0,87,0,0,0,0,0,0,0,0,0,0,0
contig_45594,0,0,0,0,0,0,0,0,0,0,0,0,0,0,0,26876,0,0,0,0,0,0,0,0,0,0,0,1919,0,0,0,0,0,0,0,0,0,0,0,0,0,0,0,0,0,0,0,0,0,0,0,0,0,1135,0,0,0,0,1751,4066,0,2903,0,3219,1645,0,0,44,0,0,0,0,0,87,0,0,0,0,0,0,21192,0,0,0,0,0,0,0,0,635,0,0
contig_456,0,0,0,0,0,0,0,0,0,0,0,0,0,0,0,0,0,0,0,0,0,0,0,0,0,0,0,0,0,0,0,0,0,0,0,0,0,0,0,0,0,0,0,0,0,0,0,0,0,0,0,0,0,0,0,0,0,0,0,0,0,8537,20,144,0,11,0,0,0,0,0,0,0,0,0,0,0,0,0,720,0,0,0,0,0,0,0,0,0,153,0,0
contig_45601,0,0,0,0,0,0,0,0,0,0,0,0,0,0,0,0,0,0,0,0,0,0,0,0,0,0,0,0,0,0,0,0,0,0,0,0,0,59,0,0,0,0,0,0,0,0,0,0,0,0,0,0,0,0,0,0,0,0,0,0,0,0,0,0,0,0,0,0,0,0,0,0,0,0,0,0,0,0,0,0,0,0,0,0,0,0,0,0,12,271,32,0
contig_45605,0,0,0,0,0,0,0,62,0,0,19,29,0,0,0,0,0,0,0,0,0,0,0,0,0,0,0,0,0,0,0,0,0,0,0,0,0,0,0,0,0,0,0,0,0,0,0,0,0,0,0,0,0,0,0,0,0,0,0,0,0,0,0,0,0,0,0,0,0,0,0,0,0,298,0,0,0,28,0,0,0,0,0,0,0,0,0,0,0,0,0,0
contig_45615,0,0,0,0,0,88,0,0,0,0,0,0,0,0,0,0,0,0,0,0,0,80,0,0,0,0,0,0,0,0,0,23,0,0,0,0,0,0,0,0,0,0,0,0,0,0,0,0,0,0,0,0,0,0,0,0,0,0,0,0,252,561,0,0,0,0,58,0,0,0,0,0,0,0,0,0,0,0,0,0,0,0,0,0,0,0,0,0,57,0,0,0
contig_45641,0,0,0,0,0,0,1171,0,0,0,0,0,0,0,0,6850,0,0,0,0,0,0,0,0,0,0,0,0,0,0,0,0,0,0,0,0,0,0,0,0,0,0,0,0,0,127,0,0,0,0,0,0,0,0,0,0,0,0,0,0,0,0,0,0,135,0,0,0,0,0,0,0,0,0,0,0,0,0,0,0,0,0,0,0,0,0,0,0,0,0,0,0
contig_45682,0,0,0,0,0,0,0,0,0,0,0,0,0,0,0,0,0,0,0,0,0,0,0,0,0,0,0,0,0,0,0,0,0,0,0,0,0,0,0,56,0,0,0,0,0,0,0,0,0,0,0,0,0,0,0,0,0,0,0,0,0,0,0,0,0,0,0,0,0,0,0,0,0,0,0,463,0,0,0,0,0,0,0,0,0,0,0,0,0,30,0,0
contig_45685,0,0,0,134,294,0,0,0,0,0,0,0,0,37,0,0,1106,0,0,0,0,0,0,0,0,0,0,0,0,338,0,218,134,0,0,0,0,323,0,0,0,0,58,0,120,0,0,0,625,850,2137,573,0,58,0,245,503,42,0,636,0,4685,97,93,0,0,0,676,431,0,54,0,0,5920,0,0,0,0,0,0,0,0,0,0,0,0,0,0,37,287,0,0
contig_45698,0,0,0,0,0,0,111,0,0,0,0,0,0,0,0,0,0,0,0,0,0,0,0,0,0,0,0,0,0,652,0,0,0,0,0,0,0,0,0,0,0,0,0,0,0,179,0,0,956,939,0,0,0,0,0,0,0,0,744,0,822,0,0,0,0,0,0,684,0,0,0,0,0,0,0,0,0,0,0,0,0,0,0,0,0,0,1335,0,0,732,0,0
contig_45713,0,0,0,0,0,0,0,0,0,0,0,0,0,0,0,0,11,29,390,0,0,0,0,0,0,0,0,0,0,0,0,0,0,0,0,0,0,0,0,0,0,0,0,0,0,0,0,0,0,0,0,0,0,0,0,0,0,0,0,0,0,0,0,0,0,0,0,0,0,0,0,0,0,0,0,0,0,0,0,0,0,0,0,0,0,0,0,0,0,0,0,0
contig_45720,0,0,0,0,0,0,0,0,0,0,0,0,0,0,0,1851,0,0,0,0,0,0,0,0,0,0,0,0,0,0,0,0,0,0,0,0,0,0,0,0,0,0,0,0,0,150,0,0,0,0,0,0,349,0,0,0,63,0,3721,86,227,283,0,0,0,0,0,0,0,0,0,0,0,410,0,0,0,0,0,0,121,0,0,0,0,0,1144,0,0,0,0,0
contig_45721,0,0,0,0,0,0,619,0,0,0,0,0,0,0,0,0,0,0,0,0,0,168,0,0,0,70,0,0,0,0,0,458,7211,0,413,0,0,0,0,1405,0,0,186,0,66,0,0,0,2602,106,11888,162,0,0,0,0,0,0,0,0,0,0,0,0,0,0,0,0,0,0,0,0,0,0,0,0,0,0,0,0,0,0,0,0,0,0,2280,0,156,939,14,0
contig_45734,0,0,0,0,0,0,0,0,0,0,0,0,0,0,0,0,1586,559,0,383,0,0,0,0,235,0,0,0,0,0,0,0,0,0,0,0,0,0,512,0,0,0,0,0,0,0,0,0,0,0,0,0,0,0,0,0,0,0,0,0,0,398135,0,0,0,0,0,0,0,707,0,0,0,0,0,0,0,0,0,0,0,0,0,0,0,0,0,0,0,0,0,0
contig_45737,0,0,18096,1650,6048,11252,0,0,0,1211,765,0,0,1120,0,0,108,0,0,0,0,187,0,0,0,0,0,0,0,4272,2027,393,0,0,0,0,0,6157,0,1614,0,492,47698,0,335,0,0,2295,0,0,0,3522,0,0,0,0,0,18233,0,0,0,25134,0,0,0,0,0,0,0,1703,211,0,3451,0,0,0,891,0,0,0,0,0,0,0,0,0,0,0,175,0,0,0
contig_45746,0,0,0,0,0,0,0,0,0,0,0,0,0,0,0,0,0,0,0,0,0,0,0,0,0,0,0,0,0,0,0,0,0,0,0,0,0,0,0,0,0,0,0,0,0,0,0,0,0,0,0,0,0,0,0,0,0,0,0,0,0,0,0,0,0,0,49,0,0,0,0,0,0,0,0,0,0,0,0,0,630,0,0,0,0,0,395,0,115,393,0,0
contig_45755,0,0,0,0,0,0,0,0,0,0,0,0,0,0,0,0,302,0,0,0,0,0,0,0,0,0,0,0,0,0,0,0,0,0,0,0,0,0,0,15,0,0,0,0,0,0,0,0,0,0,0,0,0,0,0,0,0,0,0,0,0,228,0,0,0,0,0,0,0,0,0,0,0,0,0,0,0,0,0,0,0,0,0,0,0,0,0,0,0,0,0,0
contig_45759,0,0,342,1349,184,0,0,0,0,0,0,0,0,0,0,0,0,0,0,0,0,0,0,0,0,0,0,0,922,493,0,0,0,0,0,0,0,0,0,0,0,0,0,0,35,0,0,0,907,337,0,0,0,0,0,0,0,0,0,0,0,0,0,0,0,0,0,1524,367,0,413,0,31,275,0,0,0,0,0,0,0,0,0,0,0,0,5359,0,0,231,0,0
contig_4577,0,0,0,0,0,0,0,0,0,0,0,0,0,0,0,0,0,0,0,0,0,0,0,0,0,0,0,0,0,0,0,0,0,0,0,0,0,0,0,0,0,0,0,0,0,0,0,0,0,0,0,0,0,0,0,100,0,0,0,0,0,0,323,0,0,0,0,0,0,0,0,0,0,0,0,0,0,0,0,0,0,0,0,0,0,0,0,0,113,192,0,0
contig_45793,0,0,0,0,0,0,0,0,0,0,0,0,0,0,0,0,0,0,0,0,0,0,0,0,0,0,0,0,0,0,0,21,0,0,0,0,0,0,0,0,0,0,0,0,0,0,0,0,0,0,0,0,0,0,0,0,0,0,0,0,0,0,0,0,0,0,0,0,0,0,0,0,0,0,0,0,0,0,0,0,0,0,0,0,0,0,0,0,0,306,41,0
contig_458,0,0,698,0,0,0,0,161,0,0,0,0,0,0,0,0,0,0,0,0,0,117,0,0,0,0,0,0,0,0,0,0,2832,0,0,0,0,0,0,0,0,0,2313,0,0,0,0,0,0,0,0,0,0,0,0,0,0,0,0,0,0,36547,122,48349,67,121,0,0,0,0,0,0,0,0,0,0,0,0,0,2732,0,0,0,0,0,0,96,0,0,15740,0,0
contig_45809,0,359,0,92,48,0,0,0,0,0,0,0,0,0,0,0,0,0,0,0,0,0,0,0,0,0,0,0,0,117,0,430,1084,0,0,0,0,321,0,0,0,0,0,0,0,0,145,68,1355,351,0,0,0,332,0,229,148,0,0,0,95,270,0,108,149,0,79,32,0,0,22,0,0,1632,0,226,0,0,0,0,18,0,0,0,0,0,1193,0,0,79,0,0
contig_45827,0,0,7722,1302,2187,1051,2153,0,0,0,0,0,0,0,2910,683,2185,0,0,0,0,738,0,0,0,0,0,0,4235,1711,1253,1167,7155,0,0,0,0,2304,0,0,0,0,79,0,0,1469,3263,923,989,1300,0,0,0,0,0,0,321,0,0,0,1039,808,0,0,1338,0,0,921,1313,297,0,0,0,699,0,0,0,0,0,0,601,0,0,0,0,0,3436,0,610,0,0,0
contig_45839,2749,562,225,0,0,194,596,0,0,0,0,0,0,0,0,2116,187,0,0,0,0,0,0,0,0,0,0,369,0,318,0,0,186,0,0,0,0,0,0,79,0,0,0,0,0,407,294,0,0,0,0,0,146,0,0,0,0,0,144,550,1817,751,0,0,0,0,0,0,0,0,0,0,0,44,0,0,0,0,0,0,266,0,0,0,0,0,0,0,0,0,0,0
contig_45856,0,0,0,0,0,0,0,0,0,0,0,0,0,0,0,0,0,0,0,0,0,0,0,0,0,0,0,0,0,39,0,0,281,0,0,0,0,0,0,0,0,0,0,0,0,0,0,0,86,0,0,0,0,0,0,0,58,0,0,0,26,0,0,0,0,0,0,18,70,0,0,0,0,308,0,0,0,0,0,0,0,0,0,0,0,0,0,0,0,0,0,0
contig_45863,0,0,0,0,59,0,0,0,0,0,0,0,0,0,0,0,2806,161,0,0,0,0,0,0,97,0,0,0,0,0,0,0,0,0,0,0,0,0,0,0,0,0,0,63,0,0,0,0,0,0,0,0,0,0,0,0,0,0,0,0,0,4270,0,0,0,0,0,0,0,0,0,0,0,0,0,0,0,0,0,0,0,0,0,0,0,0,0,0,0,0,0,0
contig_45869,0,0,0,0,0,0,0,0,0,0,0,0,0,0,0,0,0,0,0,0,0,0,0,0,0,0,0,0,0,0,0,0,0,0,0,0,0,0,0,0,0,0,0,0,0,0,0,0,0,0,0,0,0,0,0,71,0,0,0,0,0,0,0,0,0,0,0,0,0,0,0,0,0,0,0,0,0,0,0,0,0,0,0,0,0,0,0,0,14,74,0,0
contig_45870,0,0,0,0,0,0,0,0,0,0,0,0,0,0,4830,0,0,0,0,0,0,2774,0,0,0,0,0,0,222,0,0,0,0,0,0,0,0,0,0,0,0,0,0,0,0,972,0,1325,0,0,0,0,114,0,0,0,0,0,0,1476,0,2939,0,0,0,0,0,0,0,0,0,0,0,0,0,0,0,0,0,0,58007,0,0,0,0,0,0,0,120,130,0,0
contig_45874,0,0,0,0,0,0,0,0,0,0,0,0,0,0,0,0,0,0,0,0,0,0,0,0,0,0,0,0,0,0,0,0,0,0,0,0,0,0,0,0,0,0,0,0,0,0,0,0,0,82,718,0,0,0,0,0,0,0,0,0,0,0,0,0,0,0,0,0,0,0,0,0,0,0,0,0,0,0,0,0,0,0,0,0,0,0,0,0,94,0,0,0
contig_45875,0,0,0,0,0,0,0,0,0,0,0,0,0,0,0,0,0,0,0,0,0,57,0,0,0,0,0,0,0,72,0,1090,0,0,0,0,0,0,0,0,0,0,0,0,0,0,0,0,0,0,0,0,0,0,0,0,0,0,0,0,0,555,0,0,0,0,0,0,0,0,0,0,0,219,0,0,0,0,0,0,0,0,0,0,0,0,0,0,82,0,0,0
contig_45876,0,0,0,0,0,0,0,0,0,0,0,0,0,35,0,0,4456,45,0,32,0,0,0,0,0,0,0,0,0,2055,144,125,4687,0,598,0,0,0,0,0,1775,0,0,0,100,0,0,34,6193,1578,6646,168,4213,2387,0,236,0,102,0,0,0,0,284,0,0,0,0,330,0,0,0,0,20,842,0,0,0,0,0,0,0,0,0,0,0,0,54275,0,82,9040,0,0
contig_45890,0,0,0,0,0,0,0,0,0,0,0,0,0,0,0,0,509,0,0,0,0,0,0,0,0,0,0,0,0,560,1971,157,0,0,0,0,0,0,0,0,0,0,0,0,0,0,0,46,50,0,0,0,0,0,0,0,95,0,0,0,292,89,0,0,0,0,0,0,802,0,0,0,0,0,0,0,0,0,0,0,0,0,0,0,0,0,0,0,0,0,0,0
contig_45902,0,0,0,0,0,0,0,0,0,0,0,0,0,0,0,0,186,0,0,0,0,0,0,0,0,0,0,0,0,81,0,115,0,0,0,0,0,0,0,24,0,0,14,0,0,0,0,0,238,161,827,43,0,0,0,0,307,0,0,175,0,455,0,0,0,0,0,104,0,0,0,0,0,243,0,0,0,0,0,0,0,0,0,0,0,0,0,0,0,249,0,0
contig_45916,0,0,0,0,0,430,0,0,0,0,0,0,0,0,0,1429,1349,0,0,0,0,0,0,0,0,0,0,486,147677,1309,181,0,0,0,0,0,0,0,0,1267,0,0,0,0,0,413,3247,0,0,0,521,0,0,265,0,0,5370,796,113,13687,10774,2828,0,0,0,0,54,0,0,0,0,0,0,1506,0,0,0,0,0,337,166,0,0,0,0,0,1453,0,99,177,0,0
contig_45920,0,0,0,0,0,0,0,0,0,0,0,0,0,0,0,0,0,0,0,23,0,0,0,0,0,0,0,0,188,0,223,0,0,0,0,0,0,0,0,0,0,0,0,0,0,0,0,0,0,0,0,0,0,0,0,0,16,0,0,0,0,361,0,0,0,0,0,0,0,0,0,0,0,205,0,0,0,0,0,0,0,0,0,0,0,0,30,0,0,0,0,0
contig_45921,0,0,0,0,0,0,0,0,0,0,0,0,0,0,0,0,0,0,0,0,0,209,0,190,35,0,0,0,0,0,0,14,871,1326,341,340,0,403,0,0,0,0,0,0,0,0,0,0,0,0,0,0,0,0,0,130,0,0,0,0,0,0,0,0,0,0,0,0,0,0,0,0,0,0,0,0,0,59,0,0,0,62,0,0,0,0,0,0,103,146,0,0
contig_45933,0,0,0,0,0,0,0,0,0,0,0,0,0,0,0,0,0,0,0,0,0,0,0,0,0,0,0,0,0,0,131540,57,0,183,1533,40,963,12995,0,0,38,1034,0,0,0,0,507,3742,0,0,0,0,0,0,0,0,0,0,0,0,0,63,0,0,0,0,0,0,0,0,0,0,31,5395,0,0,0,0,0,241,9839,0,0,0,0,0,0,0,992,0,0,0
contig_45935,0,0,0,0,0,0,0,0,0,0,0,0,0,0,0,0,2946,0,0,0,0,108,0,0,0,0,0,0,0,0,150,0,0,0,0,0,0,0,0,0,0,0,0,0,0,0,907,0,0,0,0,0,0,0,0,0,1475,0,0,0,0,1643,0,0,0,0,0,0,0,0,0,0,0,841,0,0,0,0,0,0,0,0,0,0,0,0,0,0,41,0,0,0
contig_45939,0,0,0,0,0,0,0,0,0,0,0,0,0,0,0,0,0,0,0,0,0,0,0,0,0,0,0,0,0,0,0,0,0,0,0,0,0,0,0,0,0,0,0,0,0,0,0,0,63,0,1588,0,0,110,0,0,0,0,0,0,0,127,0,0,0,0,0,174,25,0,0,0,0,0,0,0,0,0,0,0,0,0,0,0,0,0,0,0,43,65,0,0
contig_45963,0,0,0,0,0,0,0,0,0,0,0,0,0,0,0,0,638,0,0,0,0,0,0,0,0,0,0,0,0,172,203,0,0,0,572,0,0,0,0,0,0,0,0,0,63,0,0,0,254,42,30,0,0,0,0,0,0,0,0,0,0,0,156,0,0,0,0,0,0,0,0,0,0,0,0,0,0,0,0,0,0,0,0,0,0,0,5469,0,0,8448,0,0
contig_45973,0,0,0,0,0,0,0,0,0,0,0,0,0,0,0,191,0,0,0,0,0,0,0,0,0,0,0,0,0,0,0,0,0,0,0,0,0,0,0,0,0,0,0,0,0,0,0,0,0,0,0,0,0,0,0,0,0,15327,0,0,0,0,0,0,0,0,0,0,0,0,0,0,0,0,0,0,0,0,0,0,0,0,0,0,0,0,0,0,0,11934,0,0
contig_45990,0,0,0,0,0,0,0,0,0,0,0,0,0,0,0,0,11442,259,0,690,0,0,0,0,0,0,0,0,0,0,0,0,0,0,0,0,0,0,0,0,0,0,93,0,68,0,0,0,0,0,0,800,0,0,0,2493,0,0,0,0,0,0,0,0,0,0,229,2101,672,0,0,0,0,0,0,0,0,0,0,0,0,0,0,0,0,0,0,0,387,13168,76,0
contig_45995,0,0,0,0,1929,0,0,0,0,0,0,0,0,0,0,0,0,0,0,0,0,0,0,0,0,0,0,0,0,2122,0,0,0,0,0,0,0,0,0,0,0,0,39,0,0,0,0,1606,0,2535,897,0,0,0,0,0,0,0,0,0,1157,191,0,0,0,0,0,0,0,0,0,0,0,646,0,0,0,0,0,0,0,0,0,0,0,0,0,0,0,0,0,0
contig_45999,4411,47,0,0,0,0,0,0,0,0,0,0,0,0,0,0,0,0,0,0,0,0,0,0,0,0,0,0,0,0,0,0,0,0,0,0,0,0,0,0,0,0,0,0,0,0,0,0,0,0,0,0,0,0,0,0,499,0,0,0,0,0,0,0,0,0,0,0,0,0,0,0,0,12956,0,0,0,0,0,0,0,0,0,0,0,0,3987,0,0,0,0,0
contig_460,0,0,0,0,0,0,0,0,0,0,0,0,0,0,0,0,0,0,0,0,0,104,0,0,0,0,0,0,0,0,0,0,0,0,0,0,0,0,0,0,0,0,0,0,0,0,0,0,0,0,0,0,0,0,0,0,0,0,0,0,0,12,0,0,0,0,0,0,0,0,0,0,0,0,0,0,0,0,0,0,0,0,6,0,0,0,0,0,0,0,0,0
contig_46014,0,0,205,0,0,0,0,0,0,0,0,0,0,0,0,0,0,0,0,0,0,0,0,0,0,0,0,49,487,0,0,0,0,0,0,0,0,0,0,3933,0,0,0,0,0,0,0,0,0,0,0,0,0,0,0,0,47,698,0,0,1132,0,0,0,0,0,0,0,0,0,0,0,0,0,0,0,0,0,0,0,0,0,0,0,0,0,156,0,0,3606,0,0
contig_46037,0,481,308,337,0,650,0,0,0,0,0,0,0,0,7263,5492,17220,0,0,0,0,0,0,0,0,0,0,456,459,1965,0,0,0,0,0,0,0,0,0,695,0,0,0,0,0,125,1249,810,10406,4319,3242,0,0,0,0,326,460,0,4520,0,2733,185,0,0,1736,0,0,891,3293,0,0,0,0,0,0,0,0,0,0,0,124,0,0,0,0,0,5113,0,0,1465,0,0
contig_46044,0,0,0,0,0,0,0,0,0,0,0,0,0,0,0,0,0,0,0,0,0,0,0,0,0,0,0,0,0,0,0,0,0,0,0,0,0,0,0,0,0,0,0,0,0,0,0,0,0,0,0,0,0,102,0,0,0,0,0,0,0,0,0,0,0,0,0,0,0,0,0,0,0,0,0,0,0,0,0,0,0,0,0,0,0,0,0,0,52,467,0,0
contig_46046,0,387,0,0,0,0,0,0,0,0,0,0,0,0,0,0,0,0,0,0,0,0,0,0,0,0,0,0,0,0,0,0,0,0,0,0,0,0,0,0,0,0,0,0,0,0,0,62,0,299,156,0,0,421,0,287,163,0,0,0,92,171,0,0,0,0,0,0,0,0,0,0,0,705,0,0,0,0,0,0,0,0,0,0,0,0,1334,0,0,99,0,0
contig_46049,0,0,0,0,0,0,0,0,0,0,0,0,0,0,0,0,620,0,0,0,0,0,0,0,0,0,0,0,0,194,207,0,0,0,1310,0,0,0,0,0,0,0,0,0,71,0,0,0,297,0,23,0,0,0,0,0,0,0,0,0,0,0,194,0,0,0,0,0,0,0,0,0,0,26,0,0,17,0,0,0,0,0,0,0,0,0,5615,0,0,9642,0,0
contig_46051,0,5267,0,0,0,0,0,0,0,0,0,0,0,0,956,219,0,0,0,0,0,0,0,0,0,0,0,535,0,0,0,0,0,0,0,0,0,0,0,0,0,0,0,0,0,0,0,0,0,0,0,0,0,1260,0,0,0,0,0,134,0,1810,0,139,0,0,0,0,0,0,0,0,0,54,0,0,0,0,0,0,233,0,0,0,0,0,0,0,0,309,0,0
contig_46070,0,0,0,0,0,0,0,0,0,0,0,0,0,0,0,0,0,0,0,0,0,0,0,0,0,0,0,0,0,90,0,0,0,0,0,0,0,0,0,0,0,0,0,0,0,0,0,0,0,0,92,0,0,207,0,0,275,0,0,0,334,402,0,0,0,0,0,0,0,0,0,0,0,0,0,0,0,0,0,0,0,0,0,0,0,0,0,0,0,355,0,0
contig_46077,0,0,0,0,0,0,0,0,0,0,0,0,0,0,0,0,0,0,0,0,0,0,0,0,0,0,0,0,979,67,0,0,0,0,0,0,0,0,0,0,0,0,0,0,0,0,0,0,0,0,0,0,0,0,0,0,241,0,0,0,1571,702,0,0,37,0,0,0,0,0,0,0,0,0,0,0,0,0,0,0,0,0,0,0,0,0,0,0,0,0,0,0
contig_46085,0,0,0,0,0,156,0,0,0,0,0,0,0,0,0,2648,0,0,0,0,0,83,0,0,0,198,0,0,163,240,0,0,0,0,0,0,0,136,0,0,0,0,0,0,0,0,0,0,0,0,0,0,0,0,0,0,0,0,0,0,397,429,0,0,0,0,0,910,0,0,0,68,0,0,0,0,0,0,0,0,0,0,0,0,0,0,0,0,241,0,0,0
contig_46094,0,0,247,0,0,0,0,0,0,0,0,0,0,0,0,0,0,0,0,0,0,0,0,0,0,0,0,0,293,0,0,0,0,0,0,0,0,0,0,0,0,0,0,0,0,0,0,0,0,0,0,0,0,0,0,0,0,0,0,0,0,0,0,0,0,0,0,0,0,0,0,0,0,0,0,0,0,0,0,0,0,0,0,0,0,0,5640,0,0,0,0,0
contig_46105,0,0,0,0,0,0,0,0,0,0,0,0,0,0,0,0,0,0,0,0,0,0,0,0,0,0,0,0,0,0,0,14,0,0,0,0,0,98,0,0,0,0,0,0,0,0,0,0,0,0,0,0,0,0,0,0,0,0,0,0,0,0,0,0,0,0,0,0,0,0,0,0,0,0,0,0,0,0,0,0,0,0,0,0,0,0,0,0,0,63,0,0
contig_46106,0,0,0,0,0,0,0,0,0,0,0,0,0,0,0,0,0,0,0,0,0,0,0,0,0,0,0,0,0,0,0,0,0,32,0,0,0,145,0,0,0,0,0,0,0,0,0,0,0,0,0,0,0,0,0,26,0,0,0,0,0,0,0,0,0,0,0,0,0,0,0,0,0,55,0,0,0,416,0,0,0,0,0,0,0,0,0,0,0,0,0,0
contig_46110,0,118,0,0,0,0,259,0,0,0,0,0,0,0,0,538,189,0,0,0,0,0,0,0,0,0,0,0,5685,131,0,0,0,0,0,0,0,0,0,0,0,0,0,0,0,0,0,0,0,0,0,0,496,0,0,0,0,0,0,352,0,208,0,0,0,0,0,0,0,0,0,0,0,0,0,0,0,0,0,0,0,0,0,0,0,0,0,0,0,0,0,0
contig_46113,36,943,0,0,0,0,0,0,0,0,0,0,0,0,285,0,152,0,0,0,0,0,0,0,0,0,0,478,0,0,0,0,184,0,0,0,0,0,0,0,0,0,0,0,0,0,0,0,0,0,0,0,0,2797,0,0,0,0,0,37,193,675,0,301,0,0,0,0,0,0,0,0,0,47,0,0,0,0,0,0,0,0,0,0,0,0,0,0,0,157,0,0
contig_46122,0,0,0,0,0,0,327,0,0,0,0,0,0,0,0,0,0,0,0,0,0,0,0,0,0,0,0,0,0,0,0,0,0,0,0,0,0,0,0,0,0,0,0,0,0,0,0,0,0,0,0,0,0,0,0,0,0,0,0,0,0,0,0,0,0,0,0,0,0,0,0,0,0,0,0,0,34,0,0,0,142,0,0,0,0,0,494,0,164,542,0,0
contig_46129,0,0,0,0,0,0,0,0,0,0,0,0,0,0,0,0,0,0,0,0,0,0,0,0,0,0,0,0,0,0,0,0,0,0,0,0,0,0,0,0,0,0,0,0,0,0,0,0,59,0,0,0,0,0,0,0,214,0,0,0,0,0,0,0,0,0,0,802,366,0,0,0,0,0,0,0,0,0,0,0,0,0,0,0,0,0,0,0,0,0,0,0
contig_46132,0,0,0,182,0,0,0,0,0,0,0,0,0,75,0,0,1030,14,0,0,0,0,0,0,0,0,0,0,0,541,0,0,0,0,0,0,0,1879,0,0,0,0,67,0,0,0,0,67,1077,420,917,321,0,0,0,0,0,0,0,0,0,68,0,0,0,0,0,0,0,0,0,0,0,0,0,0,0,0,0,0,0,0,0,0,0,0,0,0,127,0,0,0
contig_46140,0,0,0,0,0,0,0,0,0,0,0,0,0,0,0,0,0,0,0,0,0,0,0,0,0,0,0,0,0,0,0,0,0,0,0,0,0,0,0,0,347,55,301,0,0,0,0,0,0,0,0,0,0,0,0,0,0,0,0,0,0,0,0,0,0,13,0,0,0,0,0,0,0,0,0,0,0,0,0,0,0,0,0,0,0,0,0,0,0,0,495,0
contig_46158,0,0,0,0,0,159,0,0,0,0,0,0,0,0,0,0,0,0,0,0,0,0,0,0,0,0,0,0,0,1206,0,0,0,0,0,0,0,0,0,0,0,0,0,0,0,0,0,0,0,0,0,0,0,0,0,0,0,0,0,0,0,0,0,0,0,0,0,206,0,0,0,0,0,0,0,0,0,0,0,0,0,0,0,0,0,0,0,0,0,0,0,0
contig_46161,0,0,0,0,0,0,0,0,0,0,0,0,0,0,0,0,0,0,0,0,0,0,0,0,0,0,0,0,0,0,0,706,0,0,0,0,0,0,0,0,0,0,0,0,0,0,0,0,364,400,258,0,0,0,189,0,0,0,0,0,0,0,0,0,0,0,0,0,0,0,0,0,0,498,0,0,0,0,0,0,0,0,0,0,0,0,0,0,0,0,0,0
contig_46168,0,405,0,0,0,0,0,0,0,0,0,0,0,0,233,83,0,0,0,0,0,0,0,0,0,0,0,0,0,0,0,0,0,0,0,0,0,0,0,0,0,0,0,0,0,0,0,0,0,0,0,0,0,0,0,0,411,0,0,0,214,0,0,0,0,0,0,0,0,0,0,0,0,243,0,0,0,0,0,0,175,0,0,0,0,0,109,0,257,282,0,0
contig_4618,0,0,0,0,0,0,0,0,0,0,0,0,0,0,0,0,0,0,0,0,0,0,0,0,0,0,0,0,0,0,0,0,0,0,0,0,0,172,0,0,0,0,0,0,0,0,0,0,0,0,0,0,0,0,0,0,0,0,0,0,0,0,0,0,0,0,0,0,0,0,0,0,0,0,0,0,0,0,0,0,0,0,0,0,0,0,0,0,0,545,159,0
contig_46186,0,0,0,0,0,0,0,0,0,0,0,0,0,0,0,0,0,0,0,0,0,0,0,0,0,0,0,0,0,0,0,0,0,0,0,0,0,79,0,0,0,0,0,0,0,0,0,0,0,0,0,0,0,0,0,0,0,0,0,0,0,0,0,0,0,0,0,0,0,0,0,0,0,0,0,0,0,0,0,0,0,0,0,0,0,0,0,0,0,319,30,0
contig_46190,0,0,0,0,0,0,0,0,0,0,0,0,0,0,0,0,0,0,0,0,0,0,0,0,0,0,0,0,0,0,0,142,0,0,0,0,0,570,0,0,0,0,0,0,0,0,0,0,0,0,0,0,0,0,0,0,0,0,0,0,0,0,0,0,0,0,0,0,0,0,0,0,0,0,0,0,0,0,0,0,0,0,0,0,0,0,0,0,0,2002,118,0
contig_462,0,0,0,0,0,0,0,0,0,0,0,0,0,0,0,0,0,0,0,0,0,39,0,0,0,0,0,0,0,0,0,0,0,0,0,0,0,0,0,0,0,0,0,0,0,0,25,0,0,0,0,0,0,0,0,0,0,0,0,0,0,0,0,0,0,0,0,0,0,0,0,0,0,0,0,0,0,0,0,0,0,22,0,0,0,0,0,0,0,0,0,0
contig_46208,0,0,553,0,0,159,0,154,0,0,0,0,0,0,964,0,0,0,0,0,0,0,0,0,0,0,0,0,152,73,0,246,0,0,0,0,0,0,0,18919,0,0,0,0,0,0,0,0,0,0,0,0,0,0,0,0,121,471,0,1729,593,0,0,235,266,0,0,0,0,0,0,0,0,336,0,0,0,0,0,0,0,0,0,0,0,0,654,0,0,1530,0,0
contig_46210,0,0,0,0,33,25,0,0,0,0,0,0,0,0,0,0,0,0,0,0,0,0,0,0,0,0,0,0,0,0,0,0,0,0,0,0,0,0,0,0,0,0,0,0,0,0,0,1956,230,239,3461,12,0,0,0,0,0,0,0,0,149,158,0,0,0,0,0,0,0,0,67,0,0,0,0,0,0,0,0,0,0,0,0,0,0,0,0,0,0,0,0,0
contig_46214,0,0,0,36,0,0,0,43,0,0,0,0,0,0,0,0,0,0,0,23,0,0,0,0,0,0,0,0,0,566,809,0,0,0,567,0,0,0,0,47,0,0,0,0,29,0,0,0,0,0,0,137,0,0,0,0,221,281,0,0,0,0,0,446,0,0,0,159,751,0,0,0,0,0,0,0,0,0,0,0,145,0,0,0,0,0,0,0,0,1764,0,0
contig_46215,0,209,0,140,319,0,0,0,0,0,0,0,0,0,0,0,1269,0,0,39,0,23,0,0,0,0,0,0,177,418,0,249,142,0,1309,0,0,334,0,0,0,0,0,0,117,0,0,0,733,1071,2265,632,0,0,0,249,645,54,0,955,286,4953,142,124,0,0,207,780,441,58,76,0,0,7792,0,0,0,0,0,0,0,0,0,0,0,0,0,0,35,269,0,0
contig_46217,0,0,0,1000,0,0,0,0,0,0,0,0,0,0,0,0,0,0,0,0,0,0,0,0,0,0,0,0,0,3435,0,0,5451,0,0,0,0,0,0,0,0,0,0,0,0,0,0,0,0,0,0,14304,0,0,0,0,0,551,0,0,0,0,0,0,205,0,0,327,163,0,0,0,0,43584,0,0,0,0,0,0,0,0,0,0,0,0,0,0,0,5062,0,0
contig_46219,0,0,0,0,0,0,0,0,0,0,0,0,0,0,0,0,0,0,0,0,0,0,0,0,0,0,0,0,0,0,0,0,0,0,0,0,0,0,0,0,0,0,0,0,0,0,0,0,0,0,0,0,0,0,0,0,600,0,0,0,0,0,0,0,0,0,0,0,0,0,0,0,0,521,0,0,0,0,0,0,0,0,0,0,0,0,202,0,0,79,0,0
contig_46228,0,0,0,0,0,35,162,0,0,0,0,0,0,0,5949,0,963,0,0,0,0,0,0,0,0,0,0,0,0,308,0,0,0,0,0,0,0,0,0,61,0,0,0,0,0,350,102,0,87,0,0,0,0,0,0,0,0,0,970,0,1380,46,0,117,0,0,0,105,0,0,0,0,0,0,0,0,0,0,0,0,0,0,0,0,0,0,0,0,0,0,0,0
contig_46239,0,5124,0,336,0,0,3480,0,0,0,0,0,0,0,0,0,0,0,0,0,0,0,0,0,0,0,0,0,0,0,0,0,0,0,0,0,0,0,0,0,0,0,0,0,0,0,0,1226,407,573,1205,0,0,0,0,0,0,0,706,0,2145,256,0,0,253,0,0,58,0,865,0,0,0,1782,0,0,0,0,0,0,0,0,0,0,0,0,4050,0,0,0,0,0
contig_46242,0,0,0,0,0,0,0,0,0,0,0,0,0,0,0,0,0,0,0,0,0,0,0,0,0,0,0,0,0,0,0,0,0,0,0,0,0,269,0,0,0,0,0,0,0,0,0,0,0,0,0,0,0,0,0,0,0,0,0,0,0,64,0,0,0,0,0,0,0,0,0,0,0,190,0,0,0,0,0,0,0,0,0,0,0,0,0,0,0,0,0,0
contig_46246,0,0,0,90,23,0,28,103,0,0,0,0,0,43,0,0,0,0,0,44,0,0,0,0,0,0,0,0,0,2098,1818,0,276,0,0,0,0,89,0,0,0,0,0,0,0,0,0,0,0,0,0,141,0,0,0,0,125,0,0,0,0,0,0,1335,0,0,0,196,1629,0,0,0,0,995,0,0,30,0,0,0,497,0,0,0,0,19,0,0,0,1665,0,0
contig_46262,0,1595,1352,0,0,147,42,0,0,0,0,0,0,0,745,0,2428,0,0,0,0,0,0,0,0,0,0,52,206,963,0,0,0,0,0,0,0,0,0,230,0,0,0,0,0,0,0,858,1758,1849,2764,0,0,0,0,0,264,0,0,552,2522,468,0,70,0,0,0,2177,0,0,0,0,0,0,0,0,324,0,0,0,0,0,0,0,0,0,695,0,0,142,0,0
contig_46267,0,0,0,0,0,0,0,0,0,0,0,0,0,0,0,0,247,0,0,0,0,0,0,0,0,0,0,0,0,0,0,108,0,0,0,0,0,0,0,0,0,0,0,0,0,0,0,7829,0,257,0,0,0,0,0,0,0,0,0,0,2573,1253,0,0,0,0,0,0,0,460,0,0,0,1743,155,0,0,0,0,0,141,0,0,0,0,0,0,0,0,0,0,0
contig_46282,0,0,0,0,0,0,0,0,0,0,0,0,0,0,0,0,0,0,0,0,0,0,0,0,0,0,0,0,0,0,0,0,0,0,0,0,0,0,0,0,0,0,0,0,0,0,0,0,0,0,5517,0,0,0,0,0,0,0,0,0,0,334,0,0,0,0,0,1071,0,0,0,0,0,0,0,0,0,0,0,0,0,0,0,0,0,0,0,0,236,165,0,0
contig_46297,0,0,0,763,551,100,0,0,0,0,0,0,0,0,0,0,0,0,0,0,0,0,0,0,0,0,0,0,0,0,0,180,0,0,0,0,0,191,0,0,0,17,46,0,0,0,0,0,0,48,59,0,0,0,0,0,0,0,0,0,0,339,0,0,0,0,0,29,72,0,0,0,0,0,0,0,0,0,0,0,0,0,0,0,0,0,0,0,107,0,0,0
contig_46310,0,3338,2930,0,0,0,0,0,0,0,0,0,0,0,0,0,0,0,0,0,0,36,0,0,0,0,0,0,1445,1640,0,0,16,0,0,0,0,0,0,0,0,0,0,0,0,3034,504,295,0,36,118,0,0,0,0,0,330,0,0,0,2700,762,0,0,315,0,0,344,138,0,0,0,0,0,0,0,0,0,0,0,628,0,0,0,0,0,0,0,0,1018,0,0
contig_46316,0,337,0,0,0,0,0,0,0,0,0,0,0,0,235,3891,0,0,0,0,0,0,0,0,0,0,0,0,0,0,0,0,0,0,0,0,0,0,0,0,0,0,0,0,0,0,0,0,0,0,0,0,0,0,0,0,84,0,49,136,0,0,0,0,0,0,0,0,0,0,0,0,0,197,0,0,0,0,0,0,0,0,0,0,0,0,0,0,0,0,0,0
contig_46321,0,0,0,0,0,0,0,12,0,0,0,0,0,0,0,0,0,0,0,0,0,0,0,0,0,0,0,0,0,0,0,0,0,0,0,0,0,0,0,0,0,0,0,0,0,0,0,0,0,0,0,0,0,0,0,0,0,0,0,0,0,23469,42,1825,0,23,0,0,0,0,0,0,0,0,0,0,0,0,0,821,0,0,0,0,0,0,0,0,0,1604,0,0
contig_46330,0,0,0,0,0,0,0,0,0,0,0,0,0,0,2370,0,101,0,0,0,0,0,0,0,0,0,0,0,0,0,0,0,0,0,0,0,0,0,0,0,0,0,0,0,0,0,0,73,0,0,0,0,0,0,0,0,202,0,0,0,0,85,0,0,0,0,0,0,99,0,0,0,0,0,0,0,0,0,0,0,0,0,0,0,0,0,0,0,0,0,0,0
contig_46332,1525,989,736,0,0,0,0,0,0,0,0,0,0,0,1798,133109,3171,0,0,0,0,0,0,0,0,0,0,0,0,57,0,0,0,0,0,0,0,0,0,0,0,0,0,0,0,10743,0,31,0,0,0,16,2272,50,0,68,13051,13,2271,0,336,87,0,795,0,0,0,0,0,0,0,0,0,2999,0,0,0,0,0,0,21,0,0,0,0,0,540,0,24,277,0,0
contig_46335,0,0,0,0,0,0,0,0,0,0,0,0,0,0,0,0,0,0,0,0,0,0,0,0,0,0,0,0,0,0,0,0,0,0,0,0,0,0,0,192,0,0,0,0,0,0,0,0,0,0,0,0,0,0,0,0,3404,0,0,0,0,462,0,0,0,0,0,264,0,0,0,0,0,3638,0,0,0,0,0,0,0,0,0,0,0,0,0,0,0,394,0,0
contig_46337,0,0,0,0,0,0,0,0,0,0,0,0,0,0,0,0,0,0,0,0,0,0,0,0,0,0,0,0,0,0,0,50,0,0,0,0,0,15,0,0,0,0,0,0,0,0,0,0,0,0,0,0,0,0,0,0,0,0,0,0,0,0,0,0,0,0,0,0,0,0,0,0,0,0,0,0,0,0,0,0,0,0,0,0,0,0,0,0,0,117,0,0
contig_46338,0,0,0,0,0,0,0,0,0,0,0,0,0,0,0,0,668,0,0,0,0,0,0,0,0,0,0,0,36787,0,402,0,0,0,0,0,0,0,0,0,0,0,0,0,0,0,827,29,71,212,0,0,0,0,0,0,0,0,0,0,2837,595,0,0,53,0,0,439,0,0,0,0,0,0,0,0,0,0,0,0,0,0,0,0,0,0,0,0,0,0,0,0
contig_46339,0,0,0,0,0,0,0,0,0,0,0,0,0,0,0,0,255,0,0,0,0,0,0,0,0,0,0,0,0,0,0,151,0,0,0,0,0,0,0,0,0,0,0,0,0,0,0,0,0,0,0,0,0,0,0,0,0,0,0,0,0,2217,0,0,0,0,0,0,0,0,0,0,0,0,0,0,0,0,0,0,0,0,0,0,0,0,0,0,0,0,0,0
contig_46344,0,0,0,0,0,0,0,0,0,0,0,0,0,0,0,0,0,0,0,0,0,0,0,0,0,0,0,0,0,0,59629,50,0,290,127,0,1437,5368,0,0,18,27,0,0,0,0,132,884,0,0,0,0,0,0,0,0,0,0,0,0,0,0,0,0,0,0,0,0,0,0,0,0,51,2486,0,0,0,0,0,399,7653,0,0,0,0,0,0,0,274,0,23,0
contig_46354,0,0,0,0,0,0,0,0,0,0,0,0,0,0,0,0,0,0,0,0,0,0,0,0,0,0,0,0,0,0,0,0,0,0,0,0,0,124,0,0,0,0,298,0,0,0,0,0,0,0,0,0,0,0,0,0,101,0,0,0,0,134,0,0,0,0,0,160,0,0,0,0,0,0,0,0,0,0,0,0,0,0,0,0,0,0,0,0,65,0,0,0
contig_46365,0,0,0,0,0,0,0,0,0,0,0,0,0,0,0,0,0,0,0,0,0,0,0,0,0,0,0,0,0,0,0,0,0,0,0,0,0,0,0,50,0,0,0,0,0,0,0,0,651,0,1003,0,0,0,0,0,711,0,0,0,0,0,0,0,0,0,0,754,0,0,0,0,0,0,0,0,0,0,0,0,0,0,0,0,0,0,0,0,77,667,0,0
contig_46370,0,0,101,344,0,0,0,0,0,0,0,0,0,0,0,0,0,0,0,0,0,0,0,0,0,0,0,0,0,960,0,0,0,0,0,0,0,0,0,0,0,0,0,0,0,0,0,0,0,0,0,177,0,0,0,0,0,0,0,0,0,0,0,0,0,0,0,677,0,0,0,0,0,1848,0,0,0,0,0,0,254,0,0,0,0,0,0,0,0,92,0,0
contig_46385,0,0,0,0,0,0,0,0,0,0,0,0,0,0,0,0,0,0,0,26,0,0,0,0,0,0,0,0,0,70,0,0,0,0,0,0,0,0,0,0,0,0,0,0,0,42,0,223,0,0,250,0,0,0,0,156,0,0,0,0,0,3354,0,0,202,0,0,0,0,0,0,0,0,0,0,0,0,0,0,0,0,25,0,0,0,0,0,0,298,0,0,0
contig_46422,0,0,0,0,0,0,0,0,0,0,0,0,0,0,0,0,99,0,0,84,0,0,0,0,0,0,0,0,0,0,0,0,0,0,1272,0,0,0,0,597,4566,0,0,0,150,0,0,0,4176,0,0,0,1130,10393,0,0,0,1065,0,0,0,0,0,0,0,0,1335,2883,1521,2989,1331,0,66,0,0,0,0,0,0,0,0,0,0,0,0,0,12042,0,51,3917,23,0
contig_46444,0,0,0,0,0,0,0,0,0,0,0,0,0,0,0,0,298,0,0,0,0,0,0,0,0,0,0,0,0,0,0,0,0,0,0,0,0,0,0,0,0,0,0,0,0,962,0,0,0,0,0,0,0,0,0,0,925,0,0,0,0,0,0,0,0,0,0,0,0,0,0,0,0,0,0,0,0,0,0,0,0,0,0,0,0,0,0,0,0,130,0,0
contig_46454,0,0,102,0,0,0,844,0,0,0,0,0,0,0,243,765,66,0,0,0,0,0,0,0,0,0,0,0,0,448,0,0,0,0,0,0,0,0,0,0,0,0,0,0,0,0,705,0,0,0,0,0,0,1095,0,0,0,0,359,492,8357,808,0,0,158,0,0,0,0,0,0,0,0,0,0,0,0,0,0,0,0,0,0,0,0,0,0,0,0,0,0,0
contig_46488,0,0,0,0,0,0,0,0,0,0,0,0,0,0,0,0,0,0,0,0,0,0,0,0,0,0,0,0,0,0,0,9761,0,0,0,0,0,3887,0,0,0,0,0,0,0,0,0,0,0,0,0,0,0,0,0,0,0,0,0,0,0,0,0,0,0,0,0,0,0,0,0,0,0,0,0,0,0,0,0,0,0,0,0,0,0,0,0,0,599,48167,707,0
contig_46489,0,0,0,0,0,0,0,0,0,0,0,0,0,0,0,0,0,0,0,0,0,0,0,0,0,0,0,144,0,0,0,0,0,0,0,0,0,0,0,1110,0,0,0,0,0,0,0,0,0,0,0,0,0,0,0,0,42,0,0,0,0,0,0,0,0,0,0,0,0,0,0,0,0,0,0,0,0,0,0,0,0,0,0,0,0,0,9677,0,0,2827,0,0
contig_46508,0,0,0,0,0,0,0,0,0,0,0,0,0,0,0,0,0,0,0,42,0,0,0,0,0,0,0,0,0,0,0,11,1528,0,0,0,0,0,0,0,0,58,0,0,0,0,0,0,0,0,0,0,0,0,0,234,0,0,21273,0,0,0,0,0,0,0,0,0,0,0,0,0,684,150,0,0,0,0,0,0,0,0,0,0,0,0,0,0,31,2463,0,0
contig_46515,0,380,239,91,0,52,1013,0,0,0,0,0,0,0,763,2856,441,0,0,0,0,0,0,0,0,0,0,250,694,449,0,0,0,0,0,0,0,0,0,0,0,0,0,0,0,0,0,297,0,0,465,0,0,0,0,0,0,0,1751,0,827,35,0,0,0,0,0,0,0,0,0,0,0,0,0,0,0,0,0,0,0,0,0,0,0,0,0,0,0,0,0,0
contig_4654,0,0,0,0,0,0,0,0,0,0,0,0,0,0,0,0,0,0,0,0,0,0,0,0,0,0,0,0,0,0,0,0,0,0,0,0,0,0,0,0,0,241,0,0,0,0,0,0,0,0,0,0,0,0,0,0,0,0,0,0,0,263,0,0,0,0,0,0,0,0,0,0,0,4040,0,0,0,0,0,0,0,0,0,0,0,0,0,0,0,0,0,0
contig_46542,0,204,0,0,0,0,136,0,0,0,0,0,0,0,0,0,0,0,0,0,0,0,0,0,0,0,0,0,0,53,0,0,0,0,0,0,0,0,0,0,0,0,0,0,0,0,0,320,592,385,643,0,0,39,0,0,0,0,18,0,100,628,0,0,0,0,23,0,0,0,365,0,0,0,0,0,0,0,0,0,0,0,0,0,0,0,459,0,0,124,0,0
contig_46550,0,0,0,0,0,0,0,0,0,0,0,0,0,0,0,0,0,0,0,0,0,0,0,0,0,0,0,0,28,0,0,0,0,0,0,0,0,0,0,0,0,0,0,0,0,0,0,0,0,0,0,0,0,0,0,0,0,0,0,0,58,410,0,0,0,0,0,0,0,0,0,0,0,0,0,0,0,0,0,0,0,0,0,0,0,0,0,0,0,0,0,0
contig_46553,0,0,0,0,0,0,0,0,0,0,0,0,0,0,0,0,0,0,0,0,0,0,0,0,0,0,0,0,0,208,0,0,0,0,0,0,0,0,0,0,0,0,0,0,0,0,0,0,89,0,27,0,0,0,0,0,0,0,0,0,0,367,0,0,0,0,0,366,0,0,0,0,0,0,0,0,0,0,0,0,0,0,0,0,0,0,0,0,0,0,0,0
contig_46555,0,0,0,0,0,0,0,0,0,0,0,0,0,0,0,0,0,0,0,0,0,0,0,0,0,0,0,0,0,0,0,0,0,0,0,0,0,0,0,0,0,0,0,0,0,0,0,0,0,0,0,0,18275,0,0,0,0,0,0,0,0,78,0,0,0,0,0,0,0,0,0,0,0,0,0,0,0,0,0,0,0,0,0,0,0,0,0,0,0,219,0,0
contig_46558,0,0,0,0,0,0,0,0,0,0,0,0,0,0,0,0,2693,0,0,0,0,0,0,0,0,0,0,0,0,0,0,0,412,0,0,0,0,0,0,0,0,0,70,0,75,0,0,0,3309,0,0,839,0,0,0,2112,0,0,0,0,0,0,0,0,0,0,213,1511,0,379,0,0,0,0,0,0,0,0,0,0,0,0,0,0,0,0,1561,0,271,7566,0,0
contig_46579,0,3364,907,0,0,0,3434,0,0,0,0,0,0,0,4527,0,244,0,0,0,0,29,0,0,0,0,0,154,1409,1984,0,0,0,0,0,0,0,0,97,0,0,0,0,0,0,0,0,0,0,0,631,0,0,0,0,0,0,0,3055,3147,6586,0,0,0,0,0,0,0,0,0,0,0,0,0,0,0,0,0,0,0,0,0,0,0,0,0,0,0,0,0,0,0
contig_46588,0,196,0,0,30,0,99,0,0,0,0,0,0,0,0,0,0,0,0,0,0,0,0,0,0,0,0,0,0,0,0,0,0,0,0,0,0,0,0,0,0,0,0,0,0,0,0,409,419,268,589,0,0,86,0,0,19,0,0,0,0,602,0,0,0,0,0,0,0,0,313,0,0,0,0,0,0,0,0,0,0,0,0,0,0,0,258,0,18,163,0,0
contig_46597,0,0,0,0,0,0,0,0,0,0,0,0,0,0,0,0,0,0,0,0,0,0,0,0,0,0,0,0,0,0,0,90,0,0,0,0,0,0,0,0,0,0,0,0,0,0,0,0,0,0,1598,0,0,0,0,0,0,0,0,0,335,0,0,0,0,0,0,0,0,0,0,0,0,0,0,0,0,0,0,0,0,0,0,0,0,0,0,0,0,0,0,0
contig_46617,0,0,0,0,0,0,0,0,0,0,0,0,0,0,0,0,0,0,0,0,0,0,0,0,0,0,0,44,0,0,0,0,0,0,0,0,0,0,0,0,0,0,0,0,0,218,0,0,0,0,0,0,0,0,0,0,0,0,0,78,0,0,0,0,0,0,0,38,320,0,0,0,0,0,0,0,0,0,0,0,0,0,0,0,0,0,346,0,0,31,0,0
contig_46621,0,0,11305,536,0,1547,0,0,0,0,0,0,0,0,0,0,0,0,0,0,0,0,0,0,0,0,0,0,0,0,0,0,0,0,0,0,0,0,0,0,0,0,0,0,0,0,0,0,0,0,0,0,0,0,0,0,0,0,0,0,5622,381,0,0,0,0,0,0,0,0,0,0,0,0,0,0,0,0,0,0,0,0,0,0,0,0,0,0,0,0,0,0
contig_46627,0,0,0,0,0,0,309,0,0,0,0,0,0,0,0,0,0,0,0,0,0,0,0,0,0,0,0,0,502,866,0,0,164,0,0,0,0,0,0,0,0,0,72,0,0,0,202,0,0,264,581,37,0,0,0,0,0,0,0,0,0,0,0,0,0,0,580,683,197,0,0,0,0,0,0,0,0,0,0,0,0,0,0,0,0,0,0,0,0,1340,0,0
contig_46630,0,0,0,0,0,0,0,0,0,0,0,0,0,0,0,0,0,0,0,0,0,0,0,0,0,0,0,0,0,0,0,0,0,0,0,0,0,0,0,0,101,118,768,0,0,0,0,0,0,0,0,0,0,0,0,0,0,0,0,0,0,0,0,0,0,0,0,0,0,0,0,0,0,0,0,0,0,0,0,0,0,0,0,0,0,0,0,0,0,0,644,0
contig_46634,0,0,0,0,0,0,0,0,0,0,0,0,0,0,0,0,0,0,0,0,0,0,0,0,0,0,0,0,0,0,0,0,0,0,0,0,0,0,0,0,0,0,0,0,0,0,0,0,0,0,146,0,0,0,0,0,308,0,0,260,0,0,0,0,0,0,0,0,0,0,0,0,0,0,0,0,0,0,0,0,0,0,0,0,0,0,0,0,0,0,0,0
contig_46642,0,0,0,0,0,0,0,0,0,0,0,0,0,0,0,0,0,0,0,0,3964,324427,0,6896,3338,0,0,0,0,0,0,0,0,0,0,0,0,0,0,0,0,0,0,0,38,0,0,0,0,0,0,0,0,0,0,830,0,0,0,0,0,0,0,0,0,0,0,0,0,0,0,0,0,0,0,0,0,0,0,0,0,0,0,0,0,0,0,0,776,2848,0,0
contig_46659,0,0,0,0,0,0,0,0,0,0,0,0,0,0,0,0,0,0,0,0,0,0,0,0,0,0,0,0,0,0,0,0,0,0,0,0,0,0,0,0,578,28,0,0,0,0,0,0,0,0,0,0,0,0,0,0,0,0,0,0,0,0,0,0,0,0,0,0,0,0,0,0,0,0,0,0,0,0,0,0,0,0,0,0,0,0,0,0,0,76,0,0
contig_46669,0,0,0,0,0,0,0,0,0,0,0,0,0,0,0,0,0,0,0,0,0,1045,0,48,0,0,0,0,0,0,0,0,0,0,0,0,0,0,0,0,0,0,0,0,0,0,0,0,0,0,0,0,0,0,0,1426,0,0,0,0,0,0,0,0,0,0,0,0,0,0,0,0,0,0,0,0,0,0,0,0,0,0,0,0,0,0,0,0,1558,4284,0,0
contig_46675,0,569,0,0,0,0,0,0,0,0,0,0,0,0,6053,0,0,0,0,0,0,0,0,0,0,0,0,0,0,0,0,0,0,0,0,0,0,0,0,0,0,0,0,0,0,0,0,0,0,0,0,0,0,140,0,0,0,0,0,0,0,134,0,0,0,0,0,0,0,0,0,0,0,0,0,0,0,0,0,0,0,0,0,0,0,0,0,0,0,0,0,0
contig_4668,0,0,0,0,0,0,0,0,0,0,0,0,0,0,0,0,0,0,0,0,0,0,0,0,0,0,0,0,0,0,0,0,0,0,0,0,0,0,0,0,0,0,0,0,0,0,0,0,0,0,0,0,0,0,0,0,0,0,0,0,0,0,0,0,0,0,0,0,0,0,0,0,0,0,0,0,0,0,0,0,0,0,0,0,0,0,0,0,195,2506,908,0
contig_46682,0,23,0,0,0,0,0,0,0,0,0,0,0,0,0,104,0,0,0,0,0,0,0,0,0,0,0,23,0,75,0,0,1137,0,0,0,0,0,34,0,0,0,0,0,0,17,0,0,0,0,0,0,0,2099,0,0,0,0,0,0,0,1021,0,133,15,0,0,0,0,0,0,0,0,0,0,0,0,0,0,0,147,0,0,0,0,0,0,0,0,289,0,0
contig_46690,0,0,0,0,0,0,0,0,0,0,141,0,0,0,0,0,0,0,0,0,0,0,0,0,0,0,0,0,0,0,0,0,314,0,0,0,0,0,0,0,0,0,0,0,0,0,0,0,0,0,0,0,0,0,0,0,0,0,0,0,8269,1614,0,0,0,0,0,0,0,1212,0,0,0,0,0,0,0,0,0,0,0,0,0,0,0,0,0,0,0,0,0,0
contig_46696,0,0,0,0,0,0,0,0,0,0,0,0,0,0,0,0,398,2382,0,3362,0,0,0,0,0,0,0,0,0,0,0,0,0,0,0,0,0,0,0,0,894,15,217,0,112,0,0,0,0,0,0,738,0,0,0,396,0,0,0,0,0,0,0,0,0,0,769,1754,1022,120,282,0,0,0,0,0,0,0,0,0,0,0,0,0,0,0,1020,0,654,12946,108,0
contig_467,0,0,0,0,0,0,0,0,0,0,0,0,0,0,0,0,0,0,0,0,0,42,0,0,0,0,0,0,0,0,0,0,0,0,0,0,0,0,0,0,0,68,0,0,0,0,107,0,0,0,0,0,0,0,0,0,0,0,0,0,0,104,0,0,0,0,0,0,0,0,0,0,0,0,0,0,0,0,0,0,0,0,0,0,0,0,0,0,0,0,0,0
contig_46703,0,0,0,0,0,0,0,0,0,0,0,0,0,0,0,0,0,0,0,0,0,52,0,0,0,0,0,0,0,0,0,0,0,0,0,0,0,0,0,0,0,24,0,0,0,0,35,0,0,0,0,0,0,0,0,0,0,0,0,0,0,0,0,0,0,0,0,0,0,0,0,0,0,0,0,0,0,0,0,0,0,0,0,0,0,0,0,0,0,0,0,0
contig_46704,0,0,0,0,0,0,0,0,0,0,0,0,0,0,0,125,0,0,0,0,0,0,0,0,0,0,0,168,0,60,89,0,0,0,0,0,0,0,39,0,0,0,0,0,0,0,0,0,0,0,0,0,0,3192,0,0,36,0,0,658,0,2814,41,218,0,0,0,78,0,0,0,0,0,167,0,0,0,0,0,0,1033,0,0,0,0,0,0,0,0,1706,0,0
contig_46709,0,0,0,0,0,0,0,0,0,0,0,0,0,0,0,0,0,0,0,0,0,0,0,0,0,0,0,0,0,0,0,93,0,0,0,0,0,0,0,0,0,0,0,0,0,0,0,0,37,0,0,0,0,0,0,37,0,0,0,0,0,298,15,0,0,0,0,150,0,0,0,0,0,0,0,0,0,0,0,0,0,0,0,0,0,0,0,0,107,0,0,0
contig_46714,0,0,0,0,0,0,0,0,0,0,0,0,0,0,1412,29975,0,0,0,0,0,0,0,0,0,0,0,0,357,296,0,0,0,0,0,0,0,0,0,0,0,0,0,0,0,0,0,312,49,54,102,0,0,0,0,0,0,0,0,0,5243,146,0,0,0,0,0,0,0,0,0,0,0,0,0,0,0,0,0,0,0,0,0,0,0,0,0,0,0,0,0,0
contig_46715,0,0,0,0,0,0,0,0,0,0,0,0,0,0,0,0,0,0,0,0,0,0,0,0,0,0,0,0,0,0,0,0,0,0,0,0,0,0,0,0,0,0,0,0,0,0,0,0,0,0,0,0,0,0,0,0,0,0,0,0,0,0,0,11,0,0,0,0,0,0,0,0,0,300,0,0,0,42,0,0,0,0,0,0,0,0,0,0,0,0,0,0
contig_46737,0,0,0,99,0,0,0,0,0,0,0,0,0,0,0,0,0,0,0,0,0,17,0,0,0,0,0,0,0,69,0,0,0,0,0,0,0,0,0,37,0,0,0,0,0,0,0,281,466,88,0,0,0,0,0,0,29,0,0,0,185,3337,0,0,0,0,0,0,0,0,0,0,0,425,0,0,45,0,0,0,0,0,0,0,0,0,0,0,75,0,0,0
contig_46746,0,0,4568,839,675,0,0,0,0,0,0,0,0,0,0,0,1810,0,0,0,0,11121,0,0,0,0,0,0,0,0,0,1628,1428,0,0,0,0,19247,0,6215,0,0,0,0,50,0,0,0,951,706,515,0,0,0,0,168,173,0,0,1020,1170,6108,0,0,908,0,1564,230,701,135,49,53,0,1134,0,0,0,0,0,0,0,0,0,0,0,0,1421,0,504,956,0,0
contig_46752,0,0,0,57,0,0,0,0,0,0,0,0,0,0,0,0,0,0,0,0,0,0,0,0,0,0,0,0,0,0,0,0,0,0,0,0,0,0,0,0,0,0,0,0,153,0,0,0,258,269,54,0,0,0,0,0,176,0,0,0,0,0,0,0,0,0,0,0,0,0,0,0,0,0,0,0,0,0,0,0,0,0,0,0,0,0,0,0,0,0,0,0
contig_46759,0,0,0,0,0,0,0,0,0,0,0,0,0,0,0,0,0,0,0,0,0,0,0,0,0,0,0,0,0,0,0,0,0,0,0,0,0,0,0,0,0,0,0,0,156,0,0,0,0,0,0,0,0,0,0,0,0,0,0,0,0,0,0,0,0,0,0,0,0,0,0,0,0,0,0,0,0,0,0,0,0,0,0,0,0,0,0,0,2057,9837,61,0
contig_46775,0,0,0,0,0,0,0,0,0,0,0,0,0,182,0,0,0,0,0,0,0,198,0,0,0,0,0,0,0,0,0,0,349,0,0,0,0,516,0,0,0,0,27,0,0,166,596,0,0,0,0,0,0,0,0,0,0,0,0,0,0,168,0,0,0,0,0,0,0,0,0,0,0,0,0,0,0,0,0,0,0,0,0,0,0,0,0,0,0,0,0,0
contig_46778,0,0,0,0,0,0,0,0,0,0,0,0,0,0,0,0,0,0,0,0,0,0,0,0,0,0,0,0,0,0,0,0,0,0,0,0,0,0,0,0,0,0,0,0,0,0,0,0,0,0,0,0,0,22,0,0,0,0,0,538,60,0,0,0,0,0,0,0,0,0,0,0,0,0,0,0,0,0,0,0,0,0,0,0,0,0,0,0,0,0,0,0
contig_46799,0,0,0,0,0,0,0,0,0,0,0,0,0,0,0,0,0,0,0,0,0,0,0,0,0,0,0,0,0,0,0,0,0,0,0,0,0,0,0,46,0,0,0,0,0,0,0,62,0,0,48,0,0,0,0,0,0,0,0,0,0,0,0,0,0,0,0,63,0,0,0,0,0,503,0,0,0,0,0,0,93,0,0,0,0,0,0,0,46,144,0,0
contig_468,0,67,0,42,0,0,0,0,0,0,0,0,0,0,0,0,49,16,13,29,0,0,0,0,0,0,0,0,0,0,191,0,0,0,0,0,0,0,0,0,0,0,0,0,0,0,0,0,0,0,0,0,0,0,0,15,0,0,0,0,167,324,0,0,0,0,0,114,0,0,0,0,0,0,0,0,0,0,0,0,0,0,0,0,0,0,0,0,0,0,0,0
contig_46801,0,0,0,0,0,0,0,0,0,0,0,0,0,0,0,0,0,0,0,0,0,0,0,0,0,0,0,0,0,0,0,0,0,0,380,0,96,0,0,0,0,0,0,0,0,0,0,0,0,0,0,186,0,0,0,0,0,0,0,0,0,0,22691,0,0,0,0,0,0,0,0,0,0,0,0,0,0,0,0,0,0,0,0,0,58,0,0,0,0,0,0,0
contig_46807,0,0,0,0,0,0,0,0,0,0,0,0,0,0,0,0,0,0,0,0,0,0,0,0,0,0,0,0,0,0,0,842,0,28,0,0,0,581,0,0,0,0,0,0,0,0,0,0,0,0,0,0,0,0,0,0,0,0,0,0,0,0,0,0,0,0,0,0,0,0,0,0,0,0,0,0,0,0,0,0,0,0,0,0,0,0,0,0,99,3149,542,0
contig_46821,0,0,0,0,0,0,0,0,0,0,0,0,0,0,91,0,171,0,0,0,0,0,0,0,0,0,0,0,0,0,0,0,0,0,0,0,0,0,0,0,0,0,0,0,0,60,0,0,375,64,0,0,0,0,0,0,0,0,48,0,102,98,0,0,0,0,126,138,0,104,0,0,0,998,0,0,0,0,0,0,0,0,0,0,0,0,0,0,0,0,0,0
contig_46822,0,0,0,0,0,0,0,0,0,0,0,0,0,0,0,0,0,0,0,0,0,0,0,0,0,0,0,0,0,25,105,0,0,0,0,0,0,0,0,0,0,0,0,0,14,0,0,0,0,0,0,0,0,0,0,0,0,0,0,0,0,0,0,0,0,0,0,0,330,0,0,0,0,13,0,0,0,0,0,0,0,0,0,0,0,0,0,0,129,729,0,0
contig_46829,0,0,0,86,0,0,0,0,0,0,0,0,0,0,0,0,0,0,0,0,0,0,0,0,0,0,0,0,0,0,0,0,0,0,0,0,0,0,0,0,0,0,0,0,0,49,0,111,58,0,0,0,0,0,0,0,0,0,0,0,0,0,0,0,0,0,0,158,0,0,0,0,0,0,0,0,0,0,0,0,407,0,0,0,0,0,0,0,0,0,0,0
contig_46858,0,0,0,0,0,0,0,0,0,0,0,113,0,0,0,0,0,0,0,0,0,0,0,0,0,0,0,0,0,0,0,37,0,0,0,0,0,32,0,0,0,0,0,0,19,0,0,0,0,0,0,0,0,0,0,0,0,0,0,0,0,0,0,0,0,0,0,0,0,0,0,0,0,0,0,0,0,0,0,0,0,0,0,0,0,0,0,0,352,0,0,0
contig_46859,0,0,0,0,0,0,0,0,0,0,0,0,0,0,0,0,0,0,0,0,0,0,0,0,0,0,0,0,0,0,0,0,0,0,0,0,0,18,0,0,0,0,0,0,0,0,0,0,0,0,0,0,0,0,0,0,0,0,0,0,0,24,0,0,0,0,0,0,0,0,0,0,0,0,0,0,0,0,0,0,0,0,0,0,0,0,0,0,0,0,31,0
contig_46863,0,0,0,0,129,79,0,0,0,0,0,0,0,0,0,0,0,0,0,0,0,0,0,0,0,0,0,0,0,0,0,0,0,0,0,0,0,36,0,0,0,0,0,0,0,0,0,0,0,0,0,0,0,0,0,0,0,0,0,0,0,676,0,0,0,0,0,0,0,0,0,0,0,0,0,0,0,0,0,0,0,0,0,0,0,0,0,0,80,0,0,0
contig_46872,0,0,0,5233,473,3642,5623,0,0,0,0,0,0,0,5465,260,0,0,0,0,0,4268,0,0,0,285,0,152,231,0,96,0,13713,0,0,0,0,0,0,0,0,0,0,0,0,1490,0,1410,0,973,0,0,152,0,0,0,0,0,0,1629,0,3094,408,0,15894,0,0,3049,3009,0,0,0,0,0,0,0,0,0,0,0,82231,0,0,0,0,0,561,0,115,0,0,0
contig_46875,0,3042,0,556,1773,678,0,0,0,0,0,0,0,0,0,0,0,0,0,0,0,0,0,0,0,0,0,0,0,173,0,0,0,0,0,0,0,0,0,0,0,0,0,0,0,0,0,49,0,110,851,0,0,0,0,0,0,0,0,0,4750,1362,0,0,0,0,0,732,0,0,0,0,0,0,0,0,0,0,0,0,0,0,0,0,0,0,0,0,0,0,0,0
contig_46879,0,0,0,0,0,0,0,0,0,0,0,0,14,44,0,0,0,0,0,0,599,524,0,132,0,0,0,0,0,0,0,173,3088,19249,528,512,0,882,0,0,0,0,0,0,0,0,0,0,0,0,0,0,0,0,0,4538,0,0,179,0,0,0,0,0,0,0,0,0,0,0,0,0,0,74,0,0,0,361,0,0,0,2245,47,458,0,83,0,0,1913,6900,0,0
contig_46896,0,0,0,0,0,0,0,0,0,0,0,0,0,0,0,0,0,0,0,194,0,0,0,0,0,0,0,0,0,0,0,0,0,0,0,0,0,0,0,0,0,59,44,0,0,0,0,0,0,0,0,0,0,0,0,178,0,0,4779,0,0,0,0,0,0,0,0,0,0,0,0,0,0,222,0,0,82,22,0,0,0,0,0,0,0,0,0,0,0,1966,0,0
contig_469,0,227,0,15,0,0,49,0,0,0,0,0,0,0,0,0,0,0,0,0,0,0,0,0,0,0,0,0,0,0,0,0,0,0,0,0,0,0,0,12,0,0,0,0,0,0,40,107,34,0,114,0,0,0,0,56,0,0,244,476,294,115,0,169,31,0,0,0,0,0,0,0,0,193,0,0,10,0,0,0,0,0,0,0,0,0,39,0,34,20,0,0
contig_46902,0,0,59,0,0,0,0,0,0,0,0,0,0,0,338,0,0,0,0,0,0,0,0,0,0,0,0,0,94,179,0,0,0,0,0,0,0,0,0,0,0,0,0,0,0,203,0,0,488,0,0,0,0,0,0,0,0,0,1998,2383,654,0,0,0,0,0,0,0,0,0,0,0,0,0,0,0,0,0,0,0,0,0,0,0,0,0,0,0,0,0,0,0
contig_46933,0,0,0,0,0,0,0,0,0,0,0,0,0,0,0,0,0,0,0,0,0,0,0,0,0,0,0,1577,0,0,0,0,0,0,0,0,0,0,0,0,0,0,0,0,0,684,0,0,0,0,0,0,0,0,0,0,0,0,0,542,0,0,0,715,0,0,0,0,0,0,0,0,0,0,0,0,0,0,0,0,9857,0,0,0,0,0,0,0,0,0,0,0
contig_46935,0,0,0,0,0,0,31,0,0,0,0,0,0,0,0,32,0,0,0,0,0,0,0,0,0,0,0,79,0,74,0,0,0,0,0,0,0,0,0,53,0,0,0,0,0,34,0,0,0,0,0,0,0,107,0,0,0,19,0,0,0,375,0,0,0,0,14,0,0,0,0,0,0,676,0,0,0,0,0,0,0,0,0,0,0,0,0,0,0,0,0,0
contig_46948,0,0,0,0,0,0,0,0,0,0,0,0,0,0,0,0,137,0,0,0,0,0,0,0,0,0,0,0,103,145,0,0,0,0,0,0,0,0,42,0,0,0,0,0,0,0,0,0,135,162,292,0,0,0,0,0,309,0,0,0,1727,165,0,0,0,0,0,58,0,0,0,0,0,0,0,0,0,0,0,0,0,0,0,0,0,0,0,0,0,71,0,0
contig_46959,0,0,456,0,0,387,0,0,0,0,0,0,0,0,334,4746,2780,0,0,0,0,0,0,28,0,0,0,429,121273,1288,169,74,0,0,0,0,0,0,59,989,0,0,0,0,0,351,4671,0,0,0,1684,0,0,241,0,0,4288,750,0,13010,18234,3537,0,0,0,0,0,0,0,0,0,0,0,3240,0,837,0,0,0,240,134,0,0,0,0,0,1755,0,356,163,0,0
contig_46962,0,0,870,488,0,0,0,0,0,0,0,0,0,0,0,0,0,0,0,0,0,0,0,0,0,0,0,0,576,1547,710,0,0,0,0,0,0,0,0,0,0,0,0,0,0,0,0,0,0,0,0,0,0,0,0,57,0,0,0,0,0,0,0,793,0,0,0,0,0,0,0,0,0,575,0,0,0,0,0,0,94,0,0,0,0,0,0,0,0,68,0,0
contig_46972,0,0,0,0,0,0,0,0,0,0,0,0,0,0,0,0,0,0,0,0,0,0,0,12,0,0,0,0,0,0,0,0,63,0,0,0,0,0,0,0,54,0,0,0,0,0,0,0,0,0,0,0,0,0,0,779,0,0,0,0,0,0,0,0,0,0,0,0,0,0,0,0,0,0,0,0,0,0,0,0,0,0,0,0,0,0,0,0,335,540,79,51
contig_46973,0,285,0,0,0,0,0,0,0,0,0,0,0,0,0,11708,0,0,0,0,0,0,0,0,0,0,0,0,0,0,0,0,0,0,0,0,0,0,0,0,0,0,0,0,0,299,0,0,0,0,0,0,0,304,0,0,145,71,0,0,0,188,0,0,0,0,8,0,0,0,0,0,0,942,0,0,0,0,0,0,163,0,0,0,0,0,74,0,0,63,0,0
contig_46976,0,0,0,0,0,0,0,0,0,0,0,0,0,0,0,0,2008,0,0,0,0,0,0,0,0,0,0,0,0,2517,0,0,3966,0,0,0,0,1772,0,0,0,0,0,0,0,0,0,0,889,0,407,0,0,0,0,0,1045,0,0,0,0,595,0,0,0,0,0,0,0,0,0,0,0,0,0,0,0,0,0,0,0,0,0,0,0,0,176,0,33,411,0,0
contig_46991,0,37,0,58,37,0,94,0,0,0,0,0,0,0,0,0,0,0,25,0,0,0,0,0,0,0,0,0,0,70,0,38,0,0,0,0,0,24,0,0,0,0,0,0,0,0,0,316,614,352,900,0,0,128,0,58,13,0,0,0,105,656,0,18,0,0,0,53,0,320,415,0,0,911,0,0,0,0,0,0,0,0,0,0,0,0,589,0,34,308,0,0
contig_46996,0,0,0,0,0,0,0,0,0,0,0,0,0,0,0,32,172,0,0,0,0,0,0,0,0,0,0,0,210,1089,0,0,0,0,0,0,0,0,0,0,0,0,0,0,0,0,0,0,91,0,154,0,0,0,0,0,435,0,0,0,0,0,0,0,0,0,0,0,0,0,0,0,0,492,0,0,0,0,0,0,0,0,0,0,0,0,222,0,0,0,0,0
contig_470,0,58,0,0,0,0,0,0,0,0,0,0,0,0,0,0,0,0,0,0,0,0,0,0,0,0,0,0,0,0,0,0,0,0,0,0,0,0,0,0,0,0,0,0,0,0,0,0,97,0,33,0,0,61,0,0,0,0,0,0,22,62,0,0,0,0,0,0,0,0,0,0,0,210,0,0,0,0,0,0,0,0,0,0,0,0,234,0,0,51,0,0
contig_47001,0,4155,0,262,156,0,6748,0,0,0,0,0,0,0,0,0,0,0,0,0,0,28,0,0,0,0,0,0,0,403,0,50,74,0,0,0,0,0,0,64,0,0,0,0,0,0,286,2173,755,935,2930,22,0,333,0,1053,908,0,0,562,6258,475,0,782,497,0,0,41,0,455,111,0,0,1321,0,0,0,0,0,0,0,0,0,0,0,0,2946,0,69,370,0,0
contig_47003,0,0,1514,1552,384,366,0,0,0,0,126,0,0,17,0,0,0,17,0,0,0,0,0,0,0,0,0,0,0,5986,575,491,3159,0,0,0,0,293,0,0,0,0,0,0,0,0,0,0,0,0,0,2036,0,0,0,263,0,0,0,0,0,0,0,2419,0,0,0,0,277,0,0,0,0,39532,0,0,0,0,0,0,206,0,0,0,0,0,0,0,0,726,0,0
contig_47021,0,0,0,0,0,0,0,0,0,0,0,0,0,0,0,0,0,0,0,0,0,0,0,0,0,0,0,0,0,0,0,0,0,0,0,0,0,47,0,0,0,0,0,0,0,0,0,0,0,0,0,0,0,0,0,0,0,0,0,0,0,0,0,0,0,0,0,0,0,0,0,0,0,0,0,0,0,0,0,0,0,0,0,0,0,0,0,0,0,325,46,0
contig_47045,0,4267,472,0,0,0,0,0,0,0,0,0,0,0,755,22206,100,0,0,0,0,0,0,0,0,0,0,3263,3424,1279,0,0,0,0,0,0,0,0,0,0,0,0,0,0,0,7200,0,1329,0,84,0,0,0,0,0,0,0,0,1454,0,5939,157,0,0,49,0,0,112,0,0,0,0,0,0,0,0,0,0,0,0,0,0,0,0,0,0,0,0,0,0,0,0
contig_47049,0,0,0,0,0,0,0,0,0,0,0,0,0,0,0,0,0,0,0,0,0,0,0,0,0,0,0,0,0,0,0,0,0,0,0,0,0,0,0,0,161,145,150,0,0,0,0,0,0,0,0,0,0,0,0,0,0,0,0,0,0,0,0,0,0,0,0,0,0,0,0,0,0,0,0,0,0,0,0,0,0,0,0,0,0,0,0,0,0,0,1008,0
contig_47056,0,538,0,0,0,0,180,0,0,0,0,0,0,0,0,0,0,0,0,0,0,0,0,0,0,0,0,0,0,65,0,0,0,0,0,0,0,0,0,0,0,0,0,0,0,0,0,77,1685,0,268,0,0,634,0,384,246,0,30,67,167,267,0,78,0,0,115,0,0,177,23,0,0,1162,0,0,0,0,0,0,0,0,0,0,0,0,2266,0,0,153,0,0
contig_47060,0,0,0,0,0,0,0,0,0,0,0,0,0,0,0,0,0,0,0,0,0,0,0,0,0,0,0,0,0,0,0,0,0,0,0,0,0,0,0,0,0,0,0,0,0,0,0,0,0,0,0,0,0,14,0,0,26,0,0,0,0,635,0,0,0,0,0,0,14,0,0,0,0,70,0,0,0,0,0,0,0,0,0,0,0,0,0,0,0,0,0,0
contig_47061,0,0,0,0,0,0,0,0,0,0,0,0,0,0,0,0,0,0,0,306,0,137,0,0,32,70,0,0,0,0,0,0,0,0,3297,0,0,0,0,737,0,84,81,15,145,0,0,0,0,0,0,0,0,0,0,116,5998,3259,0,0,0,0,0,0,0,0,176,9445,74242,833,202,451,0,0,0,0,0,0,0,0,138,0,0,0,0,0,0,0,332,19588,53,0
contig_47074,0,590,0,0,0,39,0,0,0,0,0,0,0,0,22,4748,56,0,0,0,0,0,0,0,0,0,0,28,98,163,0,0,0,0,0,0,0,0,0,618,0,0,0,0,0,13,0,0,71,0,94,0,0,0,0,0,48,0,51,0,152,0,0,0,0,0,0,0,0,0,0,0,0,0,0,0,0,0,0,0,0,0,0,0,0,0,0,0,0,0,0,0
contig_47082,0,0,0,0,0,0,0,0,0,0,0,0,0,0,0,0,1010,0,0,0,0,0,0,0,0,0,0,0,0,0,0,0,0,0,0,0,0,0,0,0,0,0,0,0,0,0,0,0,403,0,2902,255,0,0,0,0,0,0,0,0,0,634,0,0,0,0,0,0,0,0,0,0,0,0,0,0,0,0,0,0,0,0,0,0,0,0,0,0,0,0,0,0
contig_47084,0,0,0,0,0,0,0,111,0,0,220,0,0,711,0,0,0,0,0,272,0,23,0,0,0,0,0,0,0,0,0,0,0,0,0,0,0,53,0,0,0,0,0,0,276,0,0,0,0,0,0,1885,0,0,0,0,0,772,0,0,0,0,0,0,0,0,0,0,0,0,0,0,0,14368,0,0,0,0,0,0,0,0,0,0,0,0,0,0,87,1995,0,0
contig_47094,0,0,0,0,0,0,0,0,0,0,0,0,0,0,0,0,0,0,0,0,0,0,0,0,0,0,0,0,0,0,0,0,0,0,0,0,0,83,0,0,0,0,77,0,18,0,0,0,0,0,0,0,0,0,0,0,168,0,0,0,0,24,0,0,0,0,0,51,0,0,0,0,0,0,0,0,0,0,0,0,0,0,0,0,0,0,0,0,11,0,0,0
contig_47098,0,0,0,0,0,0,0,0,0,0,0,0,0,24,0,0,0,0,0,0,0,0,0,0,0,0,0,0,0,0,0,0,0,0,0,0,0,0,0,0,0,0,20,0,83,0,0,0,328,0,0,228,0,0,0,0,0,0,0,0,0,0,0,0,0,0,0,0,0,0,0,0,0,0,0,0,0,0,0,0,0,0,0,0,0,0,389,0,17,198,0,0
contig_47099,0,0,0,0,0,0,0,0,0,0,0,0,0,0,129,0,0,0,0,0,0,0,0,0,0,0,0,0,0,0,0,0,0,0,0,0,0,0,0,0,0,0,0,0,0,0,0,0,0,0,0,0,0,107,0,0,1696,0,0,0,0,0,0,0,0,0,0,0,0,0,0,0,0,711,0,0,0,0,0,0,0,0,0,0,0,0,671,0,0,0,0,0
contig_47102,0,0,0,88,0,0,0,0,0,0,0,0,0,0,0,0,0,0,0,0,0,0,0,0,0,0,0,0,0,75,0,0,0,0,0,0,0,0,0,0,0,0,0,0,0,0,0,0,466,80,0,0,0,0,0,0,0,0,0,0,186,2482,0,0,0,0,0,0,0,0,0,0,0,374,0,0,0,0,0,0,0,0,0,0,0,0,0,0,51,0,0,0
contig_47103,0,0,0,0,0,0,0,0,0,0,0,0,0,0,0,0,0,0,0,0,0,0,0,0,0,0,0,0,0,0,0,0,0,0,0,0,0,0,0,0,0,0,0,0,0,0,0,0,1663,0,5516,73,0,905,0,0,1083,0,0,0,2443,455,26,0,0,0,0,1081,1737,0,502,0,0,2847,0,0,0,0,0,0,97,0,0,0,0,0,0,0,370,214,0,0
contig_47109,0,450,0,0,0,0,0,0,0,0,0,0,0,0,0,0,341,0,0,0,0,0,0,0,0,0,0,0,0,0,0,0,0,0,0,0,0,0,0,0,0,0,0,0,0,0,0,0,0,0,0,0,0,0,0,0,3824,0,0,0,0,0,0,0,0,0,0,0,0,0,0,0,0,844,0,0,0,0,0,0,0,0,0,0,0,0,0,0,0,118,0,0
contig_47119,0,0,0,0,0,0,0,0,0,0,0,0,0,0,0,0,0,177,0,267,0,0,0,0,53,0,0,0,0,0,0,0,0,0,0,0,0,0,0,0,0,0,0,0,0,0,0,0,0,0,0,149,15965,5785,0,0,0,0,0,0,0,0,0,0,0,0,0,0,0,0,0,0,0,0,0,0,0,0,0,0,0,0,0,0,0,0,382,0,0,1775,0,0
contig_47120,0,0,0,0,0,0,0,0,0,0,0,0,0,0,0,0,0,0,0,0,0,0,0,0,0,0,11,0,0,0,0,0,0,0,0,0,0,0,0,382,5202,0,524,0,0,0,0,0,0,0,0,0,0,0,0,0,6013,1288,0,0,0,0,0,0,0,0,2163,6994,2487,0,0,482,0,4310,0,0,0,0,0,0,0,0,0,0,0,0,0,0,0,2900,0,0
contig_47122,0,0,3461,0,0,639,0,0,0,0,0,0,0,0,777,312,2357,0,0,0,0,135,0,0,0,50,0,0,138,1463,0,0,0,0,0,0,0,0,0,0,0,0,0,0,0,0,0,0,4291,0,0,0,0,0,0,0,1190,0,0,0,3823,471,0,0,414,0,0,0,0,0,0,0,0,1212,0,0,0,0,0,0,0,0,0,0,0,0,0,0,0,0,0,0
contig_47138,0,0,0,0,0,0,419,0,0,0,0,0,0,0,0,0,0,0,0,0,0,0,0,0,0,0,0,0,0,0,0,127,0,0,0,0,0,0,0,0,0,0,0,0,0,0,0,0,0,0,0,0,0,0,0,0,0,0,786,0,0,0,0,218,0,0,0,0,0,0,0,0,0,0,0,0,0,0,0,0,0,0,0,0,0,0,0,0,0,0,0,0
contig_47145,0,0,1844,285,31,0,0,0,0,0,0,0,0,0,0,0,0,0,0,194,0,0,0,0,23,0,0,0,0,0,0,0,1617,0,3232,0,0,0,0,11565,2347,123,36,0,519,0,0,0,907,0,0,0,0,1907,0,990,0,794,0,0,0,0,57,0,0,0,360,4040,1077,185,275,34,0,0,0,0,0,0,0,0,0,0,0,0,0,0,18493,15,317,4873,144,0
contig_47152,0,0,0,0,0,0,358,0,0,0,0,0,0,0,0,746,1256,0,0,0,0,0,0,0,0,0,0,444,120555,1154,162,85,0,0,0,0,0,0,0,1169,0,0,0,0,0,369,3146,0,0,0,507,0,0,0,0,0,4327,734,0,10974,8273,2642,0,0,0,0,0,0,0,0,0,0,0,1415,0,0,0,0,0,262,146,0,0,0,0,0,1488,0,82,187,0,0
contig_47170,0,0,0,0,0,0,0,0,0,0,0,0,0,0,0,0,772,0,0,0,0,0,0,0,0,0,0,0,0,0,0,0,0,0,0,0,0,0,0,0,0,0,0,0,0,0,0,0,0,0,0,0,0,0,0,0,29,0,0,0,238,65,0,0,0,0,0,0,0,0,0,0,0,0,0,0,0,0,0,0,0,0,0,0,0,0,0,0,0,0,0,0
contig_47176,0,0,0,0,0,0,0,0,0,0,0,0,0,0,0,0,0,0,0,0,0,0,0,0,0,0,0,0,0,0,0,0,0,0,0,0,0,0,0,0,0,0,0,0,0,0,0,0,0,0,22,0,0,0,0,0,0,0,0,0,0,158,0,0,0,0,0,0,0,0,0,0,0,114,0,0,0,0,0,0,0,0,0,0,0,0,0,0,0,0,0,0
contig_47178,0,0,0,0,0,0,0,0,0,0,0,0,0,0,0,0,0,0,0,0,0,0,0,0,0,0,0,0,250,0,0,0,0,0,0,0,0,0,0,0,0,0,0,0,0,0,0,0,2231,0,0,0,0,0,0,0,0,0,0,0,0,0,0,0,0,0,0,0,0,0,0,0,0,0,0,0,0,0,0,0,0,0,0,0,0,0,0,0,161,0,0,0
contig_47186,0,17171,0,0,0,0,0,0,0,0,0,0,0,0,0,0,0,0,0,0,0,0,0,0,0,0,0,0,0,6431,0,0,0,0,0,0,0,0,0,0,0,0,0,0,0,0,0,0,1706,2170,6309,0,0,0,0,0,0,0,0,0,2989,344,0,0,0,0,0,5600,0,0,0,0,0,0,0,0,0,0,0,0,0,0,0,0,0,0,0,0,0,111,0,0
contig_47191,0,0,0,0,0,0,0,0,0,0,0,0,0,0,0,0,0,0,0,0,0,0,0,0,0,0,0,0,0,0,0,0,0,0,0,0,0,0,0,0,0,0,0,0,0,0,0,0,0,0,0,0,0,0,0,68,0,0,0,0,0,0,0,0,0,0,0,0,0,0,0,0,0,0,0,0,0,0,0,0,0,0,0,0,0,0,0,0,70,125,0,0
contig_47199,0,0,0,0,0,0,0,0,0,0,0,0,0,0,0,0,0,0,0,0,0,0,0,0,0,0,0,0,3027,0,0,0,0,0,0,0,0,0,0,0,0,0,0,0,0,0,0,0,0,0,0,0,0,0,0,0,0,0,0,194,136,289,0,0,0,0,0,0,0,0,0,0,0,0,0,0,0,0,0,0,0,0,0,0,0,0,0,0,0,0,0,0
contig_472,0,0,0,0,0,0,0,0,0,0,0,0,0,0,0,0,0,0,0,0,0,0,0,0,0,0,0,0,972,0,0,0,0,0,0,0,0,0,0,0,0,0,0,0,0,0,0,3108,71,165,1848,0,0,0,0,0,0,0,0,0,2302,97,0,527,0,0,0,249,69,88,0,0,0,86,0,0,0,0,0,0,0,0,0,0,0,0,0,0,49,49,0,0
contig_47202,0,1146,0,0,0,0,0,0,0,0,0,0,0,0,0,559,4022,0,0,0,0,0,0,0,0,0,0,0,0,30,0,0,271,0,0,0,0,0,0,12661,0,0,0,0,0,0,0,56,140,0,0,0,0,0,0,483,0,0,0,0,534,636,0,0,0,0,0,0,0,0,0,0,0,0,0,0,0,0,0,0,0,0,0,0,0,0,269,0,930,564,0,0
contig_47204,0,0,0,0,0,0,0,0,0,0,0,0,0,0,0,0,0,0,0,0,0,0,0,0,0,0,0,0,0,0,0,0,0,0,0,0,0,0,0,0,44,53,101,0,0,0,0,0,0,0,0,0,0,0,0,0,0,0,0,0,0,0,0,0,0,0,0,0,0,0,0,0,0,0,0,0,0,0,0,0,0,0,0,0,0,0,0,0,0,0,597,0
contig_47206,0,0,0,0,0,0,0,0,0,0,0,0,0,0,0,0,251,55,0,198,0,0,0,0,0,0,0,0,0,0,0,0,802,0,267,0,0,0,0,0,1873,0,0,0,85,0,0,0,2834,470,1869,631,3342,2018,0,1796,0,180,0,0,0,0,102,0,0,0,224,2145,790,119,303,34,0,0,0,0,0,0,0,0,0,0,0,0,0,0,3608,0,209,6998,99,0
contig_47210,0,0,0,78,0,0,0,0,0,0,0,0,0,0,0,0,4811,0,0,0,0,0,0,0,0,0,0,0,0,0,0,0,0,0,0,0,0,584,0,0,0,0,0,0,0,0,0,0,0,79,0,0,0,0,0,0,0,0,0,0,0,3615,0,0,0,0,0,0,0,68,0,0,0,0,0,0,0,0,0,0,0,0,0,0,0,0,0,0,0,0,0,0
contig_47224,0,0,57,0,0,0,0,0,0,0,0,0,0,0,0,0,0,0,0,0,0,0,0,0,0,0,0,0,0,0,0,0,0,0,0,0,0,0,0,0,0,0,0,0,0,0,0,0,0,0,0,0,0,0,0,0,0,0,0,0,0,376,0,58,0,0,0,0,0,0,0,0,0,0,0,0,0,0,0,0,0,0,0,0,0,0,0,0,0,394,0,0
contig_47226,0,0,0,0,0,0,0,0,0,0,0,0,0,83,0,0,0,0,0,266,0,0,0,0,0,0,0,0,0,0,0,0,0,0,0,0,0,0,0,0,0,0,0,0,13,0,0,0,351,0,9169,488,0,0,0,0,0,0,0,0,0,2483,0,0,0,0,0,0,0,0,0,0,0,0,0,0,0,0,0,0,0,0,0,0,0,0,0,0,0,0,0,0
contig_47260,0,0,0,0,0,0,0,0,0,0,15,0,0,0,0,0,0,0,0,0,0,0,0,0,0,0,0,0,0,0,0,0,0,0,4601,0,0,0,0,0,0,28,15,0,274,0,0,0,0,0,0,0,0,844,0,0,0,475,0,0,0,0,0,0,0,0,124,606,3365,99,0,19,0,0,0,0,0,0,0,0,0,0,0,0,0,0,5411,0,58,3043,38,0
contig_47267,0,0,529,0,0,418,511,0,0,0,0,0,0,0,0,823,1216,0,0,0,0,0,0,0,0,0,0,500,144690,1391,193,70,0,0,0,0,0,0,0,1138,0,0,0,0,0,341,3250,0,0,0,546,0,0,269,0,0,4886,771,91,13341,9779,2654,0,0,0,0,67,0,0,0,0,0,0,1397,0,0,0,0,0,346,159,0,0,0,0,0,1957,0,84,161,0,0
contig_47271,0,405,0,0,0,0,0,0,0,0,0,0,0,0,1050,742,0,0,0,0,0,0,0,0,0,0,0,815,0,0,0,0,0,0,0,0,0,0,144,0,0,0,0,0,0,0,1803,0,2758,0,1380,0,0,0,726,0,6253,0,4928,5994,7705,535,0,0,163,0,0,0,4151,0,0,0,0,5304,0,0,0,0,0,0,0,0,0,0,0,0,0,0,0,470,0,0
contig_47272,0,2518,0,0,209,0,0,0,0,0,0,0,0,0,0,0,125,0,0,0,0,21,0,0,0,0,0,0,392,1185,355,127,0,0,0,0,0,0,0,0,0,0,0,0,0,0,0,0,674,841,1841,212,0,0,0,688,1337,0,0,999,4296,2009,0,152,0,0,0,1659,733,0,0,0,0,7305,0,0,0,0,0,0,86,0,0,0,0,0,0,0,0,0,0,0
contig_47278,0,0,0,0,0,0,0,0,0,0,0,0,0,0,0,0,0,0,0,0,0,0,0,0,0,0,0,0,0,0,0,0,0,0,0,0,0,0,0,0,0,0,0,0,0,0,0,0,0,0,0,0,0,0,0,0,485,0,0,0,0,0,0,0,0,0,0,0,0,0,0,0,0,6155,0,0,0,0,0,0,0,0,0,0,0,0,2051,0,0,0,0,0
contig_4728,0,0,0,0,0,0,0,0,0,0,0,0,0,0,0,0,0,0,0,0,0,0,0,0,0,0,0,0,0,0,0,0,0,0,0,0,0,129,0,0,0,0,0,0,0,0,0,0,0,0,0,0,0,0,0,0,0,0,0,0,0,0,0,0,0,0,0,0,0,0,0,0,0,0,0,0,0,0,0,0,0,0,0,0,0,0,0,0,0,864,92,0
contig_47285,0,0,0,0,0,0,0,0,0,0,0,0,0,0,80,446,0,0,0,0,0,0,0,0,0,0,0,0,1535,0,0,0,0,0,0,0,0,0,0,0,0,0,0,0,0,0,0,0,0,0,0,0,0,0,0,0,0,0,0,563,0,0,0,0,21,0,0,0,0,0,0,0,0,0,0,0,0,0,0,0,0,0,0,0,0,0,0,0,0,0,0,0
contig_47286,0,91,0,0,0,0,0,0,0,0,0,0,0,0,0,0,29,0,0,0,0,0,0,0,0,0,0,0,0,0,0,0,0,0,0,0,0,0,0,0,0,0,0,0,0,0,0,28,120,0,0,0,0,0,0,0,0,0,0,0,95,521,0,0,0,0,0,393,0,0,0,0,0,0,0,0,0,0,0,0,0,0,0,0,0,0,0,0,0,0,0,0
contig_47291,0,0,0,522,311,0,0,0,0,0,0,0,0,0,0,0,0,0,0,0,0,0,0,0,0,0,0,0,0,376,0,0,0,0,0,0,0,0,0,0,0,0,104,0,199,0,0,0,0,1490,0,0,0,0,0,0,1292,0,0,0,9478,6769,0,0,0,0,50,1675,0,0,0,0,0,0,0,0,0,0,0,0,0,0,0,0,0,0,0,0,0,0,0,0
contig_473,0,0,0,0,0,0,0,0,0,0,0,0,0,0,0,0,0,0,0,0,0,0,0,0,0,0,0,0,0,0,0,0,0,0,0,0,0,0,0,0,0,0,0,0,0,0,0,390,0,0,1584,0,0,88,0,0,0,0,0,0,0,133,0,0,0,0,0,199,17,0,0,0,0,152,0,0,0,0,0,0,0,0,0,0,0,0,0,0,0,39,0,0
contig_47302,0,0,0,0,0,0,0,0,0,0,0,0,0,0,0,0,0,0,0,0,0,0,0,0,0,0,0,0,0,0,0,0,0,0,0,0,0,0,0,0,0,0,0,0,0,0,0,0,0,0,368,0,0,0,0,0,537,0,0,0,0,0,0,0,0,0,0,8344,0,0,0,0,0,0,0,0,0,0,0,0,0,0,0,0,0,0,0,0,0,0,0,0
contig_47304,0,0,0,0,0,0,0,0,0,0,0,0,0,0,0,0,0,0,0,0,0,0,0,0,0,0,0,0,0,0,0,0,0,0,0,0,0,0,0,0,0,0,72,0,27,0,0,71,0,0,0,0,0,0,0,0,42,0,0,0,0,344,0,0,0,0,0,224,0,0,0,0,0,0,0,0,0,0,0,0,0,0,0,0,0,0,0,0,0,0,0,0
contig_47309,0,0,0,0,0,0,0,0,0,0,0,0,0,0,0,0,0,0,0,0,0,0,0,0,0,0,0,0,0,0,0,0,0,0,0,0,0,0,0,0,0,0,0,0,0,0,0,0,0,0,1617,0,0,0,0,0,0,0,0,0,993,7219,0,0,0,0,0,0,0,0,0,0,0,0,0,0,0,0,0,0,0,0,0,0,0,0,0,0,0,0,0,0
contig_47312,0,0,0,467,0,0,0,0,0,0,0,0,0,0,0,0,0,0,0,0,0,0,0,0,0,0,0,0,0,392,0,0,0,0,0,0,0,0,0,0,0,0,0,0,0,0,0,0,0,0,0,0,0,0,0,0,0,0,0,0,0,4795,0,0,123,0,0,0,0,0,0,0,0,0,0,0,0,0,0,0,0,0,0,0,0,0,0,0,0,18,0,0
contig_47323,0,0,0,0,0,0,0,0,0,0,0,0,0,0,0,0,0,0,0,0,0,0,0,0,0,0,0,0,0,0,0,0,0,0,0,0,0,0,0,0,0,0,0,0,11,0,0,0,0,0,0,0,0,0,0,0,0,0,0,0,0,0,0,0,0,0,0,435,0,0,0,0,0,42,0,0,0,0,0,0,0,0,32,0,0,0,0,0,0,0,0,0
contig_47332,0,0,0,0,0,0,0,0,0,0,0,0,0,0,0,0,0,0,0,0,0,0,0,0,0,0,0,0,0,0,0,0,0,0,0,0,0,0,0,0,0,0,0,0,0,0,0,0,0,0,0,0,0,109,0,0,0,0,0,0,0,0,0,0,0,0,0,152,111,0,0,0,0,0,0,0,0,0,0,0,0,0,0,0,0,0,0,0,0,815,0,0
contig_47343,0,58,207,673,0,0,284,0,0,0,0,0,0,0,0,0,526,0,0,0,0,0,0,0,0,0,0,129,873,1629,0,125,87,0,0,0,0,1072,0,221,0,0,0,0,0,0,2915,177,2664,953,1492,0,0,0,0,62,375,0,122,488,6042,2976,0,0,62,0,106,49,11248,0,0,0,0,359,0,0,0,0,0,0,0,0,0,0,0,0,216,0,0,76,0,0
contig_47347,0,0,0,0,0,0,0,0,0,0,0,0,0,0,0,0,0,0,0,0,0,0,0,0,0,0,0,0,0,64,0,0,0,0,0,0,0,0,0,0,0,0,0,0,0,0,0,0,587,778,200,0,0,0,0,0,0,0,0,0,0,0,0,0,0,0,0,0,0,0,0,0,0,0,0,0,0,0,0,0,0,0,0,0,0,0,0,0,0,0,0,0
contig_47356,0,0,0,21233,10920,0,0,0,0,0,0,0,0,0,0,0,0,0,0,0,0,0,0,0,0,0,0,0,0,0,0,0,0,0,0,0,0,0,0,0,0,0,0,0,0,0,0,0,0,0,0,0,0,0,0,0,0,0,0,0,0,5502,0,0,0,0,0,4167,0,0,0,0,0,0,0,0,0,0,0,0,0,0,0,0,0,0,0,0,0,0,0,0
contig_47358,0,0,0,1114,0,0,0,0,0,0,0,0,0,0,0,0,0,0,0,0,0,0,0,0,0,0,0,0,0,0,0,0,0,0,0,0,0,0,0,0,0,0,0,0,0,0,0,0,0,521,0,0,0,189,0,0,0,0,0,0,0,167,0,0,0,0,0,871,0,0,0,0,0,114,0,0,0,0,0,0,0,0,0,0,0,0,0,0,48,0,0,0
contig_47359,0,0,0,919,0,0,0,0,0,0,0,0,0,0,0,0,80,0,0,89,0,0,0,0,0,0,0,0,0,0,0,0,2270,0,513,0,0,0,0,0,0,0,112,0,353,0,0,0,518,0,0,5771,273,2350,0,1587,0,915,0,0,0,0,0,0,0,0,0,410,288,0,0,0,0,19372,0,0,0,0,0,0,0,0,0,0,0,0,14116,0,116,5263,55,0
contig_47378,0,0,0,0,385,0,0,0,0,0,0,0,0,0,0,0,0,0,0,0,0,0,0,0,0,0,0,0,0,0,0,0,0,0,0,0,0,0,0,0,0,0,0,0,0,0,0,0,0,0,0,0,0,0,0,0,0,0,0,0,0,415,0,0,494,0,0,0,0,0,0,0,0,0,0,0,0,0,0,0,0,0,0,0,0,0,0,0,65,0,0,0
contig_47380,0,0,0,0,0,0,0,0,0,0,0,0,0,0,0,0,0,0,0,0,0,0,0,0,0,0,0,0,0,0,0,0,0,0,0,0,0,0,0,0,0,0,0,0,0,0,0,0,387,109,0,0,0,0,0,0,0,0,0,0,0,193,0,0,0,0,0,0,0,0,0,0,0,367,0,0,0,0,0,0,0,0,0,0,0,0,0,0,0,0,0,0
contig_47392,0,0,0,540,0,0,0,0,0,0,0,0,0,0,0,0,0,0,0,0,0,0,0,0,0,0,0,0,0,849,0,0,0,0,0,0,0,0,0,238,0,0,0,0,0,0,0,1153,242,109,0,0,0,0,0,0,0,0,0,0,309,1783,0,0,0,0,0,0,0,0,37,0,0,0,0,0,33,0,0,0,0,0,0,0,0,0,0,0,0,0,0,0
contig_47401,0,0,1783,0,0,0,0,0,0,0,0,0,0,0,0,0,0,0,0,0,0,0,0,0,0,0,0,0,0,0,0,0,0,0,0,0,0,0,0,0,0,0,0,0,0,0,0,0,0,0,0,0,0,0,0,0,0,0,0,0,0,59,0,0,0,0,0,0,0,97,0,0,0,0,0,0,0,0,0,0,0,0,0,0,0,0,0,0,0,38,0,0
contig_47406,0,0,295,0,0,328,3009,0,0,0,0,0,0,0,4012,0,1590,0,0,0,0,0,0,0,0,0,0,0,928,5048,0,0,0,0,0,0,0,0,0,2867,0,0,0,0,0,0,0,2578,428,1024,0,0,0,0,0,0,0,0,0,0,2614,0,0,0,0,0,0,0,0,0,0,0,0,0,0,0,0,0,0,0,0,0,0,0,0,0,0,0,0,0,0,0
contig_47409,0,0,0,0,0,0,19,0,0,0,0,0,0,0,0,0,87,0,0,0,0,0,0,0,0,0,0,0,0,28,0,0,0,0,0,0,0,0,115,0,0,0,0,0,0,0,0,0,0,0,0,0,0,0,0,0,139,0,243,454,307,71,0,0,0,0,0,0,15,0,0,0,0,171,0,0,0,0,0,0,0,0,0,0,0,0,70,0,0,0,0,0
contig_47412,0,0,0,0,96,0,0,0,0,0,0,0,0,0,0,0,0,0,0,0,0,0,0,0,0,0,0,0,0,76,0,0,0,0,0,0,0,0,0,0,0,0,0,0,0,0,0,0,0,69,0,0,0,0,0,0,0,0,0,0,0,281,0,0,0,0,0,0,0,0,0,0,0,0,0,0,0,0,0,0,0,0,0,0,0,0,0,0,0,0,0,0
contig_47417,0,0,0,0,516,0,0,0,0,0,0,0,0,0,0,0,0,0,0,0,0,0,0,0,0,0,0,0,0,0,0,0,0,0,0,0,0,0,0,0,0,0,0,0,0,0,0,111,0,0,382,0,0,0,0,0,0,0,0,0,0,0,0,0,0,0,0,522,0,0,0,0,0,0,0,0,0,0,0,0,0,0,0,0,0,0,0,0,0,119,0,0
contig_47430,0,0,0,0,0,0,0,0,0,0,0,0,0,0,0,0,0,0,0,0,0,0,0,0,0,0,0,0,0,0,0,66,84,0,0,0,0,0,0,0,0,0,0,0,0,0,0,0,238,0,105,0,0,0,0,0,0,0,51,118,232,48,0,0,0,0,106,191,387,0,0,0,0,401,0,0,0,0,0,0,0,0,0,0,0,0,0,0,0,0,0,0
contig_47433,0,578,0,0,0,0,132,0,0,0,0,0,0,0,0,1707,0,0,0,0,0,0,0,0,0,0,0,0,0,50,0,0,0,0,0,0,0,0,0,54,0,0,0,0,0,632,0,1365,54,0,653,0,807,38,12110,0,0,0,0,2855,2322,114,0,50,0,0,0,973,28,0,0,0,0,50,0,0,0,0,0,0,0,0,0,0,0,0,51,0,106,1281,0,0
contig_47435,0,0,0,0,0,0,0,0,0,0,0,0,0,0,0,0,0,0,0,0,0,0,0,0,0,0,0,0,0,561,0,0,0,0,0,0,0,0,0,0,0,0,0,0,0,0,0,0,0,0,0,0,0,0,0,0,0,0,0,0,0,680,0,0,0,0,0,105,0,0,0,0,0,0,0,0,0,0,0,0,0,0,0,0,0,0,0,0,0,0,0,0
contig_47447,0,0,0,0,0,0,0,0,0,0,0,0,0,0,0,349,0,0,0,0,0,0,0,0,0,0,0,0,0,0,0,0,0,0,0,0,0,0,0,0,0,0,0,0,0,0,0,0,0,0,50,0,0,0,0,0,0,0,0,0,0,106,0,0,0,0,0,520,31,0,0,0,0,0,0,0,0,0,0,0,0,0,0,0,0,0,0,0,0,0,0,0
contig_47448,0,0,0,0,0,0,0,0,0,0,0,0,0,0,0,0,1276,0,0,0,0,0,0,0,0,0,0,0,0,0,0,0,0,0,0,0,0,0,0,0,0,0,200,0,0,0,0,0,0,0,0,0,0,0,0,0,0,0,0,0,0,1346,0,0,0,0,0,0,0,0,0,0,0,0,0,0,0,0,0,0,0,0,0,0,0,0,0,0,3508,7532,0,0
contig_47450,0,0,0,0,0,0,0,0,0,0,0,0,0,138,0,0,0,0,0,0,0,143,0,0,0,0,0,0,0,0,0,0,128,0,0,0,0,0,0,0,18,200,99,0,31,0,0,0,0,0,0,1518,0,0,0,0,0,0,0,0,0,0,0,0,0,0,0,0,0,0,0,0,0,0,0,0,0,0,0,0,0,0,0,0,0,0,297,0,357,219,242,0
contig_47457,0,0,0,0,0,0,37,0,0,0,0,0,0,0,0,0,177,0,0,0,0,0,0,0,0,0,0,0,401,381,0,0,0,0,0,0,0,0,68,0,0,0,0,0,0,31,0,0,0,0,18,0,0,0,0,0,134,0,830,399,747,79,0,0,0,0,0,0,30,0,0,0,0,188,0,0,0,0,0,0,0,0,0,0,0,0,71,0,0,0,0,0
contig_47469,0,0,0,0,0,0,0,0,0,0,0,0,0,0,0,0,0,0,0,0,0,0,0,0,0,0,0,0,0,0,19915,33,0,33,0,0,108,1943,0,0,0,25,0,0,0,0,121,143,0,0,0,0,0,0,0,0,0,0,0,0,0,0,0,0,0,0,0,0,0,0,0,0,0,0,0,0,0,0,0,373,1407,0,0,0,0,0,0,0,312,0,0,0
contig_47481,0,0,0,54,0,0,0,0,0,0,0,0,0,0,0,0,0,0,0,0,0,64,0,0,0,0,0,0,0,0,0,0,0,0,0,0,0,0,0,0,0,0,0,0,0,0,0,0,0,0,0,0,0,0,0,0,0,0,0,0,245,499,0,0,0,0,41,0,0,0,0,0,0,0,0,0,0,0,0,0,0,0,0,0,0,0,0,0,38,0,0,0
contig_47487,0,0,0,0,0,0,0,0,0,0,0,0,0,0,0,0,0,0,0,0,0,0,0,0,0,0,0,0,0,0,0,0,0,0,0,0,0,0,0,0,0,0,0,0,0,0,0,0,4333,5695,267,96,258,775,0,0,0,0,0,0,0,0,0,0,0,0,630,2106,788,0,0,0,0,2987,0,0,0,0,0,0,0,0,0,0,0,0,2961,0,0,252,0,0
contig_475,88,2617,2351,61,0,0,0,0,0,0,0,0,0,0,432,5919,94,0,0,0,0,0,0,0,0,0,0,644,810,1324,0,0,8,0,0,0,0,0,0,23,0,0,0,0,0,1272,382,183,0,27,89,0,0,0,0,0,289,0,0,925,2006,233,0,0,229,0,0,143,61,0,0,0,0,0,0,0,0,0,0,0,350,0,0,0,0,0,0,0,14,259,0,0
contig_47504,0,0,0,0,0,0,0,0,0,0,0,0,0,0,0,0,0,0,0,0,0,0,0,0,0,0,0,0,0,0,0,0,0,0,0,0,0,0,0,0,0,0,0,0,0,0,0,0,0,0,0,0,479,108,0,0,0,0,0,0,0,57,0,0,0,0,0,0,0,0,0,0,0,766,0,0,0,0,0,0,0,0,0,0,0,0,0,0,0,0,0,0
contig_47507,0,0,0,0,0,0,0,0,0,0,0,0,0,0,0,0,0,0,0,0,0,0,0,0,0,0,0,0,0,0,0,32,195,0,0,0,0,0,0,0,0,0,0,0,0,252,0,0,234,0,0,0,0,0,0,0,0,0,0,0,0,0,0,22,0,0,0,643,344,0,0,0,0,0,0,0,0,0,0,0,0,0,0,0,0,0,42,0,0,0,0,0
contig_47510,0,0,0,0,0,0,0,0,0,0,0,0,0,0,0,0,0,0,0,0,0,0,0,0,0,0,0,0,0,0,0,0,0,0,0,0,0,0,0,0,0,0,0,0,0,0,0,0,0,0,0,0,0,0,0,0,0,21,0,0,0,0,0,0,0,0,0,0,82,0,0,0,21,0,0,0,0,0,0,0,0,0,0,0,0,0,0,0,47,572,0,0
contig_47515,0,0,0,0,0,0,0,0,0,0,0,0,0,0,0,0,0,0,0,0,0,0,0,0,0,0,0,0,0,0,0,0,0,0,0,0,0,0,0,0,0,0,0,0,0,0,0,892,71,0,0,0,0,0,0,0,0,0,0,0,1215,152,0,0,0,0,0,0,0,0,0,0,0,0,0,0,0,0,0,0,0,0,0,0,0,0,0,0,0,0,0,0
contig_47520,0,740,42724,0,0,13260,0,0,0,0,0,0,0,0,633,1076,10103,0,0,0,0,0,0,0,0,922,0,7110,0,10687,0,0,0,0,0,0,0,0,0,0,0,0,0,0,0,0,0,2950,0,970,0,0,0,0,0,0,0,0,0,0,18895,0,0,0,505,0,0,0,0,0,0,0,0,0,0,0,0,0,0,0,0,0,0,0,0,0,0,0,0,0,0,0
contig_47530,0,0,0,0,0,0,0,0,0,0,0,0,0,0,0,1944,0,0,0,0,0,0,0,0,0,0,0,190,512,123,0,0,0,0,0,0,0,0,0,0,0,0,0,0,0,0,0,106,0,0,0,0,0,0,0,0,35,0,0,0,273,370,0,0,0,0,0,41,0,0,0,0,0,0,0,0,0,0,0,0,0,0,0,0,0,0,0,0,0,0,0,0
contig_47533,0,0,0,98,78,0,0,0,0,0,0,0,0,22,0,0,1189,0,0,0,0,0,0,0,0,0,0,0,0,113,53,226,0,0,0,0,0,97,0,0,0,0,0,0,0,0,0,0,0,923,185,0,0,0,0,0,0,0,0,0,0,0,0,0,0,0,0,0,0,0,0,0,0,0,0,0,0,0,0,0,0,0,0,0,0,0,0,0,0,0,0,0
contig_47535,0,447,0,0,0,0,0,0,0,0,0,0,0,0,333,1661,49,0,0,0,0,0,0,0,0,0,0,277,614,363,0,0,0,0,0,0,0,0,0,155,0,0,0,0,0,987,65,35,59,28,132,0,0,0,0,0,441,0,0,1606,926,0,0,0,0,0,0,0,0,0,0,0,0,0,0,0,0,0,0,0,0,0,0,0,0,0,270,0,0,289,0,0
contig_47542,0,0,0,0,0,0,119,0,0,0,0,0,0,0,0,0,0,0,0,0,0,0,0,0,0,0,0,0,0,72,0,0,0,0,0,0,0,0,0,0,0,0,0,0,0,0,18,317,428,321,671,0,0,108,0,29,0,0,18,0,70,554,0,0,0,0,31,28,0,0,449,0,0,287,0,0,0,0,0,0,0,0,0,0,0,0,250,0,24,176,0,0
contig_47543,0,0,0,344,458,0,0,0,0,0,218,0,0,0,0,0,0,0,0,0,0,0,0,0,0,0,0,0,0,0,589,0,0,0,0,0,0,0,0,0,0,0,146,0,0,0,0,0,62,983,5964,0,0,0,0,0,4069,0,0,0,0,151,0,0,0,0,2983,0,0,0,0,171,0,0,0,0,0,0,0,0,0,0,0,0,0,0,0,0,0,0,0,0
contig_47545,0,0,0,0,0,0,0,0,0,0,0,0,0,0,0,0,0,0,0,26,0,0,0,0,0,0,0,0,0,0,0,145,381,0,0,0,0,193,0,0,0,0,0,0,0,0,0,0,0,0,0,0,0,0,0,20,0,64,0,0,0,0,0,0,0,0,0,0,0,0,0,0,0,0,0,0,0,0,0,0,0,0,0,0,0,0,0,0,0,0,0,0
contig_47549,0,0,0,629,178,0,0,0,0,0,0,0,0,0,914,0,0,0,0,0,0,0,0,0,0,0,0,0,0,433,0,0,0,0,0,0,0,0,0,0,0,0,34,0,0,0,0,1402,0,0,0,0,0,0,0,0,0,21,0,0,0,448,0,0,0,0,0,1256,0,0,0,0,0,3430,0,0,0,0,0,0,250,0,0,0,0,0,0,0,35,173,0,0
contig_47569,0,0,0,0,0,278,0,0,0,0,0,0,0,0,0,0,0,0,0,0,0,0,0,0,0,0,0,0,0,0,0,0,0,0,0,0,0,0,0,0,0,0,0,0,0,0,0,0,38,35,0,0,0,0,0,0,60,0,0,63,11342,585,0,0,0,0,0,0,0,0,0,0,0,0,0,0,0,0,0,0,0,0,0,0,0,0,0,0,0,0,0,0
contig_47576,0,79,2225,370,321,591,0,0,0,0,0,0,0,0,0,0,0,0,0,0,0,0,0,0,0,0,0,0,0,0,91,40,202,0,0,0,0,250,0,0,0,0,59,0,149,0,0,113,169,177,3075,59,0,0,0,0,0,0,0,0,6153,1725,0,0,0,0,134,363,0,68,0,123,0,980,0,0,0,0,0,0,0,0,0,0,0,0,0,0,48,85,0,0
contig_47591,0,0,687,0,0,110,0,173,0,0,0,0,0,0,418,0,0,0,0,0,0,0,0,0,0,0,0,0,0,0,0,136,0,0,0,0,0,0,0,19240,0,0,0,0,0,0,0,0,0,0,0,0,0,0,0,0,0,573,0,938,528,0,0,206,0,0,0,0,0,0,0,0,0,802,0,0,0,0,0,0,0,0,0,0,0,0,373,0,0,2148,0,0
contig_47596,0,0,0,1166,2178,0,0,0,0,0,0,0,0,0,0,0,0,0,0,0,0,0,0,0,0,0,1118,0,0,0,0,0,0,0,0,0,0,0,0,0,0,0,0,0,0,0,0,2008,2465,3057,4168,0,0,0,0,0,0,0,0,0,1202,0,0,0,0,0,0,0,0,0,0,0,0,0,0,0,0,0,0,0,0,0,0,0,0,0,0,0,0,0,0,0
contig_47599,0,74,0,0,0,0,0,0,0,0,0,0,0,0,0,0,55,0,0,0,0,0,0,0,0,0,0,0,0,248,0,0,0,0,0,0,0,0,0,0,0,0,0,0,0,0,0,0,0,0,0,0,0,242,0,0,454,0,0,0,0,530,0,0,0,0,0,0,0,0,0,0,0,2021,0,0,0,0,0,0,0,0,0,0,0,0,440,0,0,0,0,0
contig_476,0,0,0,0,0,0,0,0,0,0,0,0,0,0,0,0,0,0,0,0,0,0,0,0,0,0,0,0,0,0,0,0,0,0,0,0,0,0,0,0,0,0,0,0,0,210,0,40,0,0,0,0,0,0,673,0,0,0,0,0,65,89,0,0,0,0,0,38,0,0,0,0,0,0,0,0,0,0,0,0,0,0,0,0,0,0,0,0,0,137,0,0
contig_47607,0,0,0,0,0,0,0,0,0,0,0,0,0,0,0,3608,0,0,0,0,0,0,0,0,0,0,0,0,0,0,0,0,0,0,0,0,0,0,0,0,0,0,0,0,0,0,0,0,0,0,0,0,0,0,0,0,0,0,0,0,6358,67,0,0,0,0,0,0,0,0,0,0,0,0,0,0,0,0,0,0,0,0,0,0,0,0,0,0,0,0,0,0
contig_4761,0,0,0,0,0,0,0,0,0,0,0,0,0,0,0,0,0,0,0,0,0,0,0,0,0,0,0,0,0,0,0,0,0,0,0,0,0,0,0,0,0,0,114,0,123,0,0,0,0,0,0,0,0,0,0,0,0,0,0,0,0,0,0,0,0,0,0,0,0,0,0,0,0,0,0,0,0,0,0,0,0,0,0,0,0,0,1490,0,191,0,0,0
contig_47628,0,0,0,0,0,0,0,0,0,0,0,0,0,0,0,157,0,0,0,0,0,0,0,0,0,0,0,0,0,0,0,0,0,0,0,0,0,0,45,0,0,0,0,0,0,21,0,0,0,0,0,0,114,4016,0,0,31,0,0,675,0,4491,50,0,0,0,0,0,0,0,0,0,0,0,0,0,0,0,0,22,1008,0,0,0,0,0,0,0,0,1486,0,0
contig_47636,0,0,0,0,0,0,0,0,0,0,0,0,0,0,110,21756,0,0,0,0,0,0,0,0,0,0,0,48,0,43,51,0,0,0,0,0,0,0,84,29,0,0,0,0,0,0,0,0,0,0,0,0,0,1034,0,0,0,0,0,142,0,1060,0,0,0,0,0,0,51,0,0,0,0,141,0,0,0,0,0,0,675,0,0,0,0,0,0,0,0,1279,0,0
contig_47641,0,0,0,0,0,0,0,0,0,0,0,0,0,0,0,0,0,0,0,0,0,0,0,0,0,0,0,0,0,0,0,0,0,0,0,0,0,0,0,0,0,0,0,0,0,0,0,0,231,0,0,0,0,0,0,0,0,0,0,0,31,68,0,0,0,0,0,0,0,0,0,0,0,0,0,0,0,0,0,0,0,0,0,0,0,0,0,0,0,0,0,0
contig_47644,0,0,0,0,0,0,0,0,0,0,0,0,0,0,0,0,0,0,0,33,0,0,0,0,0,0,0,0,0,67,0,0,0,0,0,0,0,0,0,0,0,0,0,0,0,0,0,0,0,0,256,0,0,0,0,0,0,0,0,0,0,3329,0,0,0,0,0,0,0,0,0,0,0,0,0,0,0,0,0,0,0,25,0,0,0,0,0,0,301,0,0,0
contig_47648,0,12074,1194,886,583,0,8287,0,0,0,0,0,0,0,3906,0,0,0,0,0,0,127,0,0,0,0,0,0,0,1186,0,0,0,0,0,0,0,0,0,299,0,0,0,0,0,0,280,1462,531,1062,2095,0,0,190,0,327,2865,0,0,787,4813,462,0,0,580,0,0,75,0,1492,233,0,0,1302,0,0,0,0,0,0,0,0,0,0,0,0,6224,0,100,308,0,0
contig_47651,0,0,0,0,0,0,0,0,0,0,0,0,0,0,0,0,0,0,0,0,0,0,0,0,0,0,0,0,0,0,0,0,0,0,0,0,0,0,0,0,0,0,88,25,73,0,0,0,0,0,0,0,0,0,0,0,0,0,0,0,0,0,0,0,0,0,0,0,0,0,0,0,0,0,0,0,0,0,0,0,0,0,0,0,0,0,0,0,0,0,0,0
contig_47664,0,0,0,0,0,0,0,0,0,0,0,0,0,0,205,8126,3147,0,0,0,0,0,0,0,0,0,0,0,0,0,0,0,0,0,0,0,0,0,0,0,0,0,0,0,0,0,0,596,0,0,590,0,0,0,0,0,0,0,0,0,809,483,0,0,0,0,0,2790,2705,0,0,0,0,0,0,0,0,0,0,0,0,0,0,0,0,0,0,0,0,0,0,0
contig_47667,0,0,155,0,0,135,0,0,0,0,0,0,0,0,0,173,205,0,0,0,0,0,0,0,0,0,0,0,5551,0,0,380,0,0,0,0,0,0,0,132,0,0,0,0,0,0,0,0,0,0,0,0,0,0,0,0,0,0,0,305,317,478,0,0,0,0,0,0,0,0,0,0,0,64,0,0,0,0,0,0,0,0,0,0,0,0,0,0,0,0,0,0
contig_47671,0,0,0,0,0,0,0,0,0,0,0,0,0,0,0,0,0,0,0,0,0,0,0,0,0,0,0,0,0,0,0,0,0,0,0,0,0,0,0,0,0,0,0,0,0,0,0,269,348,455,0,0,0,0,0,0,0,0,0,0,0,0,0,0,0,0,0,279,0,0,0,0,0,868,0,0,0,0,0,0,86,0,0,0,0,0,0,0,78,318,0,0
contig_47680,0,0,0,57,0,0,0,0,0,0,0,0,0,314,0,0,0,0,0,0,0,0,0,0,0,0,0,0,0,0,4597,0,0,0,0,0,0,0,0,0,0,0,0,0,350,0,0,0,1057,366,0,96,0,0,0,0,323,0,0,0,0,0,0,0,0,0,0,0,0,0,0,0,0,0,0,0,0,0,0,0,0,0,0,0,0,0,0,0,0,0,0,0
contig_47689,0,0,0,0,0,0,0,0,0,0,0,0,0,0,0,0,472,0,0,0,0,0,0,0,0,0,0,85,0,0,0,0,0,0,0,0,0,0,0,0,0,0,0,0,0,0,0,0,0,0,51,0,0,0,0,0,231,0,958,0,0,0,0,0,0,0,0,0,0,0,0,0,0,394,0,0,0,0,0,0,0,0,0,0,0,0,0,0,0,131,0,0
contig_477,0,0,243,397,0,0,0,0,0,0,0,0,0,0,0,0,0,0,0,0,0,0,0,0,0,0,0,0,0,0,0,0,0,0,0,0,0,999,0,0,0,0,0,0,0,0,0,0,0,318,0,0,0,0,0,0,0,0,0,0,0,0,0,0,0,0,0,0,0,0,0,0,0,474,0,0,0,0,0,0,0,0,0,0,0,0,0,0,0,0,0,0
contig_47710,0,0,0,0,0,0,0,0,0,0,0,0,0,0,0,0,0,0,0,0,0,0,0,0,0,0,0,0,112,0,0,0,0,0,0,0,0,0,0,3699,0,0,0,0,0,0,0,0,0,0,0,0,0,0,0,0,0,167,0,0,0,0,0,0,0,0,0,0,0,0,0,0,0,0,0,0,0,0,0,0,0,0,0,0,0,0,144,0,0,1185,0,0
contig_47712,0,0,0,0,0,0,0,0,0,0,0,0,0,0,0,0,0,0,0,0,0,0,0,0,0,0,0,0,0,0,0,0,0,0,0,0,0,0,0,0,0,0,0,0,0,0,0,124,0,0,0,0,0,0,0,0,0,0,0,0,0,291,0,0,68,0,0,397,0,0,0,0,0,0,0,0,0,0,0,0,0,0,0,0,0,0,0,0,0,0,0,0
contig_47714,0,0,0,0,0,0,0,0,0,0,0,0,0,0,0,0,35,0,0,0,0,0,0,0,0,0,0,0,0,0,0,0,0,0,0,0,0,0,0,0,0,0,0,0,0,0,0,59,0,0,0,0,0,0,0,0,0,0,2608,664,0,0,0,0,0,0,0,0,0,0,0,0,0,288,0,0,0,0,0,0,0,0,0,0,0,0,309,0,0,0,0,0
contig_47739,0,0,0,0,0,0,0,0,0,0,0,0,0,0,0,0,0,0,0,0,0,0,0,0,0,0,0,0,0,0,0,0,0,64,3253,12,0,0,0,0,0,0,0,0,0,0,0,0,0,0,0,0,0,0,0,0,0,0,0,0,0,0,0,0,0,0,0,0,0,0,0,0,0,0,0,0,0,0,0,0,0,0,0,0,0,0,0,0,0,0,0,0
contig_4774,0,0,0,0,0,0,0,0,0,0,0,0,0,0,0,0,0,0,0,0,0,0,0,0,0,0,0,0,35,0,0,0,0,0,0,0,0,0,0,0,0,0,1135,0,0,0,0,0,0,0,30,31,0,0,0,0,0,0,0,0,0,0,17,0,0,0,0,545,0,0,0,0,0,0,0,0,0,0,0,0,0,0,0,0,0,0,0,0,171,0,0,0
contig_4775,0,0,0,0,0,0,0,0,0,0,0,0,0,0,0,0,0,0,0,0,0,0,0,0,0,0,0,0,0,0,0,0,0,0,0,0,0,0,0,0,0,0,142,0,0,0,0,0,0,0,0,0,0,0,0,0,0,0,0,0,0,0,9,0,0,0,0,148,0,0,0,0,0,0,0,0,0,0,0,0,0,0,0,0,0,0,0,0,32,0,0,0
contig_4776,0,0,0,263,0,0,0,0,0,0,0,0,0,0,0,0,0,0,0,0,0,0,0,0,0,0,0,0,176,3044,0,0,0,0,0,0,0,0,0,0,0,0,67,0,0,0,0,0,0,0,24,0,0,0,0,0,0,0,0,0,0,0,0,0,0,0,0,345,0,0,0,0,0,0,0,0,0,0,0,0,0,0,0,0,0,0,0,0,71,0,0,0
contig_47763,0,0,0,0,0,0,0,0,0,0,0,0,0,0,0,0,0,67,0,180,0,0,0,0,20,0,0,0,0,0,0,0,0,0,621,0,0,0,0,0,0,0,19,0,71,0,0,0,1322,101,58,190,29584,37209,0,0,0,2315,0,0,0,0,1023,100,0,0,0,203,1843,47,0,0,0,0,0,0,0,0,0,0,0,0,0,0,0,0,2876,0,233,21461,147,0
contig_47767,0,0,0,0,0,0,0,0,0,0,0,0,0,0,0,0,160,0,0,0,0,0,0,0,0,0,0,0,0,574,0,0,0,0,0,0,0,0,0,0,0,0,0,0,0,0,0,0,332,0,192,0,0,0,0,0,321,0,0,0,0,287,0,0,0,0,0,0,0,0,0,0,0,0,0,0,0,0,0,0,0,0,0,0,0,0,0,0,0,211,0,0
contig_4777,0,0,0,0,0,0,0,0,0,0,0,0,0,0,0,0,0,0,0,0,0,0,0,0,0,0,0,0,181,485,83,0,0,0,0,0,0,0,132,0,0,0,0,0,0,0,0,1825,1010,0,78,37,166,0,0,0,0,0,2589,0,3751,84,0,0,0,0,147,485,157,0,0,0,0,280,0,0,0,0,0,0,0,0,0,0,0,0,318,0,0,27,0,0
contig_47773,0,0,31503,2371,989,0,0,0,0,0,0,0,0,0,0,0,0,0,0,0,0,0,0,0,0,0,0,0,0,5360,0,0,0,0,0,0,0,0,0,0,0,0,96,0,230,0,0,0,0,4256,0,0,0,0,0,0,2719,0,0,0,20602,9482,0,0,0,0,131,3986,0,0,0,0,0,0,0,0,0,0,0,0,0,0,0,0,0,0,0,0,0,0,0,0
contig_4778,0,0,0,0,0,0,0,0,0,0,0,0,0,0,0,0,0,1233,0,2715,0,107,0,0,0,0,0,0,0,0,0,2369,11562,0,0,0,0,372,0,0,0,0,0,0,0,0,0,0,0,0,0,20137,10964,15898,0,7391,0,0,0,0,0,0,0,0,0,0,0,0,0,0,0,0,0,0,0,0,0,0,0,0,0,0,0,0,0,0,0,0,0,0,0,0
contig_47782,0,162,0,0,0,52,141,0,0,0,0,0,0,0,0,0,1879,0,0,0,0,0,0,0,0,0,0,0,410,1406,0,0,0,0,0,0,0,0,0,174,0,0,0,0,0,0,0,0,68,0,0,0,99,0,0,0,0,0,0,0,0,0,0,0,0,0,0,0,0,0,0,0,0,259,0,0,0,0,0,0,0,0,0,0,0,0,354,0,0,585,0,0
contig_47787,0,0,0,220,0,0,0,0,0,0,0,0,0,0,0,0,0,0,0,0,0,367,0,0,0,0,0,0,0,74,0,651,0,0,0,0,0,0,0,0,0,0,0,0,0,50,0,0,0,0,0,0,0,0,0,191,0,0,222,0,0,3507,0,0,0,0,0,0,0,0,0,0,0,0,0,0,0,0,0,0,0,14,0,0,0,0,0,0,327,0,0,0
contig_4779,0,0,0,0,0,0,0,0,0,0,0,0,0,0,0,0,0,0,0,0,0,0,0,0,0,0,0,0,0,73,0,219,0,0,0,0,0,0,0,0,0,0,0,0,0,0,0,0,68,0,0,64,128,142,0,0,0,0,0,0,0,126,0,0,0,0,20,25,0,0,0,0,0,155,0,0,0,0,0,0,0,0,0,0,0,0,0,0,0,49,0,0
contig_47798,3264,1975,0,46,0,0,172,0,0,0,0,0,0,0,2354,24673,2909,0,0,0,0,0,0,0,0,28,0,2096,0,9006,0,0,133,0,0,0,0,0,0,0,0,0,0,0,0,389,0,0,31,0,0,0,0,1361,0,50,0,0,1820,3913,0,4277,191,3148,0,0,0,157,0,0,0,0,0,118,0,0,0,0,0,0,19962,0,0,0,0,0,0,0,0,516,0,0
contig_478,0,0,0,0,12,0,0,0,0,0,0,0,0,0,0,0,0,0,0,0,0,0,0,0,0,0,0,0,0,0,0,0,0,0,0,0,0,729,0,0,0,0,0,0,0,0,0,0,0,30,0,0,0,0,0,0,0,0,0,0,0,0,0,0,0,0,0,0,0,0,0,0,0,669,0,0,14,0,0,0,0,0,0,0,0,0,0,0,16,0,0,0
contig_47804,0,0,0,0,0,0,0,0,0,0,0,0,0,0,0,0,0,0,0,0,0,0,0,0,0,0,0,0,0,0,0,0,0,0,0,0,0,0,0,0,0,0,0,0,0,0,0,1373,1179,0,378,0,0,6238,0,0,0,0,0,1552,0,3495,0,0,0,0,0,2656,0,0,0,0,0,0,0,0,0,0,0,0,70442,0,0,0,0,0,0,0,0,0,0,0
contig_47809,0,0,0,0,0,0,0,0,0,0,0,0,0,0,0,0,0,0,0,0,0,0,0,0,0,0,0,0,0,0,0,0,0,0,0,0,0,0,0,0,0,0,0,0,0,0,0,0,35,0,40,0,0,0,0,0,153,0,0,0,0,0,0,0,0,0,0,1174,130,0,0,0,0,0,0,0,0,0,0,0,11,0,0,0,0,0,0,0,0,0,0,0
contig_4781,0,0,0,0,0,8800,0,0,0,0,0,0,0,0,0,0,0,0,0,0,0,0,0,0,0,0,0,0,0,15750,0,0,0,0,0,0,0,0,0,0,0,0,0,0,0,0,0,0,0,0,0,0,0,0,0,0,0,0,0,0,0,2962,0,0,0,0,0,0,0,0,0,0,0,0,0,0,0,0,0,0,0,0,0,0,0,0,0,0,0,0,0,0
contig_47812,0,0,0,174,0,0,10,0,0,0,0,0,0,0,0,0,0,0,0,978,0,0,0,0,32,0,0,0,0,0,0,0,0,0,1162,0,0,0,0,180,262,70,44,0,335,0,0,0,0,0,0,0,0,0,0,261,0,670,0,0,0,0,0,0,0,0,448,3211,629,0,0,0,0,0,0,0,0,0,0,0,0,0,0,0,0,0,12125,0,117,1983,64,0
contig_4782,0,0,0,0,0,0,0,0,0,0,0,0,0,0,0,68,0,0,0,0,0,0,0,0,0,0,0,0,0,34,0,0,0,0,0,0,0,0,0,0,0,0,0,0,0,0,0,0,0,0,32,0,211,28,0,0,0,0,57,0,109,99,0,0,0,0,0,0,0,0,0,0,0,48,0,0,0,0,0,0,0,0,0,0,0,0,0,0,0,13,0,0
contig_47829,0,0,0,0,0,0,0,22,0,0,0,0,0,0,0,0,0,0,0,12,0,0,0,0,0,0,0,0,0,0,0,0,0,0,0,0,0,24,0,0,0,0,0,0,0,0,0,0,0,0,0,0,0,0,0,0,0,0,0,0,0,0,0,19,0,0,0,0,0,0,0,0,11,204,0,0,0,63,0,0,0,0,0,0,0,0,0,0,0,0,0,0
contig_47840,0,0,0,0,0,0,0,0,0,0,0,0,0,0,0,0,0,0,0,0,0,166,0,0,0,0,0,0,0,0,1383,0,0,0,0,0,0,0,0,0,0,67,0,0,0,0,82,0,0,0,0,0,0,0,0,0,0,0,0,0,0,0,0,0,0,0,0,0,0,0,0,0,0,0,0,0,0,0,0,0,0,0,13,0,0,0,0,0,0,0,0,0
contig_47842,0,0,0,0,0,0,0,0,0,0,0,0,0,0,0,0,0,0,0,0,0,0,0,0,0,0,0,0,17,0,0,1117,374,0,0,0,0,68,0,0,0,100,23,0,0,0,0,0,29,19,0,22,0,0,0,0,209,0,0,0,0,272,0,0,0,0,0,0,158,0,0,0,0,132,0,0,0,0,0,0,0,0,0,0,0,0,120,0,0,0,0,0
contig_47844,0,106,0,0,0,0,0,0,0,0,0,0,0,0,0,0,0,0,0,0,0,0,0,0,0,0,0,0,0,0,0,0,334,0,0,0,0,0,0,0,0,0,0,0,0,0,0,0,0,0,0,0,0,0,0,0,0,0,0,0,0,0,0,0,0,0,0,17,0,0,0,0,0,0,0,0,0,0,0,0,0,0,0,0,0,0,0,0,0,0,0,0
contig_47854,0,0,0,0,0,0,0,0,0,0,0,0,0,0,0,0,0,0,0,0,0,0,0,0,0,0,0,0,0,0,0,0,0,0,0,0,0,0,0,0,0,0,0,0,0,0,0,0,0,271,352,0,0,0,0,0,532,0,0,0,0,0,0,0,0,0,0,204,0,0,0,0,0,0,0,0,0,0,0,0,0,0,0,0,0,0,0,0,0,195,0,0
contig_47855,0,0,0,0,0,0,0,0,0,0,0,0,0,0,0,0,254,0,0,0,0,0,0,0,0,0,0,0,0,296,0,0,0,0,0,0,0,0,0,0,0,0,0,0,0,0,0,0,0,0,154,0,0,0,71,0,178,0,0,0,0,96,0,0,0,0,0,0,0,0,0,0,0,0,0,0,0,0,0,0,0,0,0,0,0,0,0,0,0,0,0,0
contig_47856,0,0,0,0,0,0,0,0,0,0,0,0,0,0,0,0,0,0,0,0,0,0,0,0,0,0,0,0,0,0,0,120,0,0,0,0,0,0,0,5732,0,0,0,0,0,0,0,0,0,0,0,0,0,0,0,0,20,671,0,70,0,0,0,31,0,0,0,0,0,0,0,0,0,0,0,0,0,0,0,0,0,0,0,0,0,0,0,0,0,1971,0,0
contig_47857,0,0,0,0,0,0,0,0,0,0,0,0,0,0,0,0,0,0,0,34,0,0,0,0,0,0,0,0,236,0,138,0,0,0,0,0,0,0,0,0,0,0,0,0,0,0,0,0,19,0,0,0,0,40,0,0,16,0,0,0,0,349,0,0,0,0,0,0,0,0,0,0,0,172,0,0,0,0,0,0,0,0,0,0,0,0,34,0,0,51,0,0
contig_47865,0,0,0,0,0,0,0,0,0,0,0,0,0,0,2555,16551,0,0,0,0,0,0,0,0,0,0,0,0,0,0,0,45,0,0,0,0,0,0,0,0,0,0,0,0,0,0,0,1039,900,0,0,0,0,0,0,0,0,0,0,0,0,0,0,0,0,0,0,0,0,0,0,0,0,0,0,0,0,0,0,0,0,0,0,0,0,0,0,0,0,0,0,0
contig_47871,0,339,0,0,0,0,0,0,0,0,0,0,0,0,0,0,0,0,0,0,0,0,0,0,0,0,0,0,507,3216,412,303,0,0,0,0,0,0,0,0,0,0,0,0,0,0,1882,0,1929,0,373,0,0,0,0,0,1411,0,0,0,5943,556,0,0,0,0,0,495,0,0,0,0,0,1559,0,0,0,0,0,0,0,0,0,0,0,0,0,0,36,540,0,0
contig_47880,0,0,1913,0,0,0,0,0,0,0,0,0,0,0,745,0,647,0,0,0,0,0,0,0,0,0,0,5086,0,393,0,0,0,0,0,0,0,0,0,0,0,0,0,0,0,0,0,561,0,0,0,0,0,0,0,0,0,0,0,0,9028,0,0,0,0,0,0,0,0,0,0,0,0,0,0,0,0,0,0,0,0,0,0,0,0,0,0,0,0,0,0,0
contig_47886,0,0,0,0,0,0,253,0,0,0,0,0,0,0,0,0,0,0,0,0,0,0,0,0,0,0,0,0,0,0,0,0,0,0,0,0,0,0,0,0,0,0,0,0,0,0,0,0,0,0,0,0,0,0,0,0,0,0,0,0,0,0,0,0,0,0,0,0,0,0,0,0,0,0,0,0,0,0,0,0,0,0,0,0,0,0,459,0,167,497,0,0
contig_47887,0,0,0,94,91,0,0,0,0,0,0,0,0,0,0,0,14884,0,0,0,0,0,0,0,0,0,0,0,0,0,0,180,0,0,0,0,0,244,0,0,0,0,178,0,35,0,0,86,1034,0,0,0,0,0,0,0,1844,0,0,1733,874,6588,0,0,0,0,0,159,1610,0,0,0,0,0,0,0,0,0,0,0,0,0,0,0,0,0,0,0,0,273,0,0
contig_47896,0,0,0,0,0,0,0,0,0,0,0,0,0,0,0,0,0,0,0,0,0,0,0,0,0,0,0,0,0,0,0,0,0,0,0,0,313,0,0,0,0,0,0,0,0,0,0,0,0,0,0,773,0,0,0,0,0,0,0,0,0,0,18284,0,0,0,0,0,0,0,0,0,0,0,0,0,0,0,0,0,0,0,0,0,183,0,0,0,0,0,0,0
contig_479,0,0,0,411,0,0,0,0,0,0,0,0,0,0,0,0,0,0,0,0,0,0,0,0,0,0,0,0,82,0,0,0,0,0,0,0,0,10,0,0,0,0,0,0,0,0,0,0,0,717,0,0,0,0,0,0,0,0,0,0,0,0,0,0,0,0,0,0,0,0,0,0,0,68,0,0,0,0,0,0,0,0,0,0,0,0,0,0,0,0,0,0
contig_47924,0,0,18577,1601,6197,0,0,0,0,0,0,0,0,1046,0,0,0,0,0,0,0,206,0,0,0,0,0,0,159,4544,1974,0,0,0,0,0,0,0,0,1642,0,0,44633,0,234,0,0,2194,0,0,0,0,0,0,0,0,0,17540,0,0,0,23020,0,0,0,0,0,0,0,1873,0,0,3482,0,0,0,954,0,0,0,0,0,0,0,0,0,0,0,185,0,0,0
contig_47931,0,3082,4031,0,0,0,0,0,0,0,0,0,0,0,6959,2881,323,0,0,0,0,184,0,0,0,0,0,346,2805,4027,0,0,0,0,0,0,0,0,75,86,0,0,0,0,0,3065,0,448,0,903,329,0,162,0,4040,0,5147,0,0,5872,8529,1392,0,0,0,0,0,686,3841,0,0,0,0,262,0,0,0,0,0,0,3284,0,0,0,0,0,0,0,81,3340,0,0
contig_47932,0,0,0,0,0,0,0,0,0,0,0,0,0,0,0,0,0,0,0,0,0,0,0,0,0,0,0,0,0,0,0,0,0,0,0,0,59,0,0,0,0,0,0,0,0,0,0,0,0,0,0,135,0,0,0,0,0,0,0,0,0,0,10281,0,0,0,0,0,0,0,0,0,0,0,0,0,0,0,0,0,0,0,0,0,33,0,0,0,0,0,0,0
contig_47938,0,0,0,0,0,0,0,0,0,0,0,0,0,39,0,0,0,0,0,0,0,0,0,0,0,0,0,0,0,0,0,154,0,0,7785,0,0,6422,0,0,0,40,816,0,1107,0,0,0,0,0,0,0,0,0,0,0,0,0,0,0,0,0,0,0,0,0,0,0,0,0,0,0,0,0,0,0,0,0,0,0,0,0,0,0,0,0,0,0,146,0,0,0
contig_47946,58,559,0,0,0,0,0,0,0,0,0,0,0,0,317,136,0,0,0,0,0,0,0,0,0,0,0,0,69,0,0,0,0,0,0,0,0,0,0,0,0,0,0,0,0,0,0,557,0,0,298,0,0,0,0,0,401,0,0,73,266,0,0,0,0,0,0,178,0,0,0,0,0,261,0,68,0,0,0,0,224,0,0,0,0,0,103,0,140,187,0,0
contig_47948,830,0,0,0,0,0,0,0,0,0,0,0,0,0,523,10568,0,0,0,0,0,0,0,0,0,0,0,0,0,2135,0,0,0,0,0,0,0,0,0,0,0,0,0,0,0,0,0,0,0,0,0,0,0,0,0,0,0,0,155,326,210,182,0,391,207,0,0,0,0,0,0,0,0,0,0,0,0,0,0,0,4131,0,0,0,0,0,0,0,0,0,0,0
contig_47969,0,168,0,0,0,0,0,0,0,0,0,0,0,0,0,0,285,0,0,0,0,0,0,0,0,0,0,0,0,0,0,0,0,0,0,0,0,0,0,0,0,0,0,0,0,0,0,0,0,0,0,0,233,66,0,0,2794,0,0,0,0,35,0,0,0,0,0,0,0,0,0,0,0,691,0,0,0,0,0,0,0,0,0,0,0,0,585,0,0,138,0,0
contig_47977,0,0,0,0,0,0,0,0,0,0,0,0,0,0,0,0,0,0,0,0,0,0,0,0,0,0,0,0,0,0,15398,0,0,15,42,56,146,1415,0,0,0,0,0,0,0,0,71,72,0,0,0,0,0,0,0,0,0,0,0,0,0,0,0,0,0,0,0,0,0,0,0,0,0,0,0,0,0,0,0,93,872,0,0,0,0,0,0,0,183,0,0,0
contig_47988,0,0,0,0,0,0,0,0,0,0,0,0,0,0,0,0,0,0,0,0,0,0,0,0,0,0,0,0,217,0,0,0,0,0,0,0,0,0,0,0,0,0,0,0,0,11262,0,0,0,0,0,0,0,0,181,0,0,0,0,99905,0,0,0,0,0,0,0,0,3971,0,0,0,0,0,0,0,0,0,0,0,0,0,0,0,0,0,0,0,0,310,0,0
contig_47992,0,0,0,0,0,0,0,0,0,0,0,0,0,0,0,0,2216,0,0,0,0,0,0,0,0,0,0,0,273,4444,0,0,0,0,0,0,0,0,0,0,0,0,0,0,0,897,0,0,984,0,0,0,0,0,0,0,477,0,0,0,4023,747,0,0,0,0,0,0,0,0,0,0,0,0,0,0,49,0,0,0,0,0,0,0,0,0,0,0,0,361,0,0
contig_48,0,0,0,0,0,0,0,0,0,0,0,0,0,0,0,0,0,0,0,0,0,0,0,10209,0,0,0,0,0,0,0,0,0,0,0,0,0,0,0,0,0,0,0,0,0,0,0,0,0,0,0,0,0,0,0,0,0,0,0,0,0,0,0,0,0,0,0,0,0,0,0,0,0,0,0,422975,3131,229382,135,0,0,0,0,0,0,0,0,0,0,0,0,0
contig_480,0,4411,925,0,0,120,0,0,0,0,0,0,0,0,1375,19033,0,0,0,0,0,4,0,0,0,0,0,3658,3357,438,0,0,0,0,0,0,0,0,0,0,0,0,0,0,0,11573,228,2422,0,0,0,0,0,12,0,0,182,0,0,7780,12237,141,0,0,0,0,0,62,27,0,0,0,0,0,0,0,0,0,0,0,192,0,0,0,0,0,0,0,37,296,0,0
contig_48012,0,0,0,0,0,0,0,0,0,0,0,0,0,0,0,3648,0,0,0,0,0,0,0,0,0,0,0,0,76,557,0,0,0,0,0,0,0,0,0,0,0,0,0,0,0,0,0,0,0,0,0,0,0,0,0,0,0,0,0,0,1207,0,0,0,0,0,0,0,0,0,0,0,0,0,0,0,0,0,0,0,0,0,0,0,0,0,0,0,0,0,0,0
contig_48017,0,0,16271,407,0,758,0,0,0,0,0,0,0,0,0,0,0,0,0,0,0,0,0,0,0,0,0,0,0,1756,0,0,0,0,0,0,0,0,0,185,0,31,1967,0,0,0,0,1203,0,0,0,60,0,0,0,0,0,1949,0,0,0,1626,0,0,0,0,0,0,0,237,0,0,423,0,0,0,0,0,0,0,0,0,0,0,0,0,0,0,0,0,0,0
contig_48029,0,40,0,0,0,0,0,0,0,0,0,0,0,0,0,0,0,0,0,0,0,0,0,0,0,0,0,0,0,0,0,0,0,0,0,0,0,165,0,0,0,0,0,0,0,0,0,0,0,0,0,0,0,0,0,0,0,0,0,0,0,1110,0,0,0,0,0,108,0,0,0,0,0,0,0,0,0,0,0,0,0,0,0,0,0,0,0,0,0,0,0,0
contig_48034,0,0,0,0,0,128,0,0,0,0,0,0,0,0,0,0,0,0,0,0,0,0,0,0,0,0,0,0,0,0,0,0,0,0,0,0,0,0,0,0,0,0,0,0,0,0,0,0,0,0,0,0,0,0,0,0,0,0,0,0,31,640,0,0,0,0,0,0,0,0,0,0,0,0,0,0,0,0,0,0,0,0,0,0,0,0,0,0,0,0,0,0
contig_48035,0,1766,292,0,0,0,0,0,0,0,0,0,0,0,454,0,0,0,0,0,0,0,0,0,0,0,0,1663,592,0,0,0,0,0,0,0,0,0,0,0,0,0,0,0,0,0,0,318,0,0,0,0,0,0,0,0,0,0,479,0,3029,0,0,0,0,0,0,1092,194,0,0,0,0,0,0,0,0,0,0,0,0,0,0,0,0,0,0,0,0,0,0,0
contig_48039,0,0,0,783,0,0,0,0,0,0,0,0,0,0,4902,22147,520,13,0,0,0,0,0,0,0,0,0,0,506,1886,1578,363,0,0,0,0,0,0,270,40,0,0,0,0,0,1419,0,1118,1802,0,893,118,0,0,0,0,2948,0,0,0,7575,204,0,0,0,0,0,195,0,0,0,0,50,2178,0,0,0,0,0,0,0,0,0,0,0,0,0,0,0,134,0,0
contig_48045,0,4474,1492,0,1375,564,3394,0,0,0,217,0,0,0,5194,0,0,18,84,0,0,477,0,0,0,0,0,0,802,1424,1586,354,0,0,112,0,0,0,119,881,0,0,0,0,0,0,0,1064,3648,1299,4620,71,0,1684,0,2573,2606,113,1655,1447,8900,1879,0,316,0,0,0,88,0,0,0,0,0,7353,0,0,0,0,0,0,44,0,0,0,0,0,9981,0,183,1849,0,0
contig_48056,0,0,0,0,0,0,0,76,0,0,0,0,0,23,0,0,0,0,0,27,0,0,0,0,0,0,0,0,0,1206,939,0,283,0,0,0,0,62,0,0,0,0,0,0,0,0,0,0,0,0,0,114,0,0,0,40,124,0,0,0,0,0,0,1142,0,0,0,222,1563,0,0,0,0,478,0,0,14,0,0,0,728,0,0,0,0,24,0,0,0,1828,0,0
contig_48058,29817,2084,4474,0,0,3648,5675,0,0,0,0,0,0,0,10629,34181,2526,0,0,0,0,0,0,0,0,0,0,897,9303,7295,0,0,0,0,0,0,0,0,0,586,0,0,0,0,0,1726,0,0,0,0,0,0,0,0,0,0,188,0,2772,0,10460,0,0,0,0,0,0,0,0,0,0,0,0,0,0,0,0,0,0,0,0,0,0,0,0,0,0,0,0,0,0,0
contig_48071,0,0,0,0,0,0,0,0,0,0,0,0,0,0,0,0,0,0,0,477,0,0,0,0,0,0,0,0,0,0,0,0,0,0,5666,0,0,0,0,659,0,139,75,0,2353,0,0,0,216,0,0,0,2027,1275,0,0,0,3440,0,0,0,0,0,0,0,0,0,331,1321,0,30,0,0,0,0,0,0,0,0,0,0,0,0,0,0,0,24269,0,333,14014,271,0
contig_48094,0,0,0,0,0,0,0,0,0,0,0,0,0,219,0,0,1151,0,0,0,0,0,0,0,0,0,0,0,0,0,0,0,0,0,0,0,0,1510,0,0,0,0,0,0,0,0,0,0,0,0,0,0,0,0,0,0,0,0,0,0,0,5361,0,0,0,0,0,0,0,0,0,0,0,0,0,0,0,0,0,0,0,0,0,0,0,0,0,0,0,0,0,0
contig_48097,0,0,0,0,0,0,0,0,0,0,0,0,0,0,0,0,0,0,0,0,0,0,0,0,0,0,0,0,0,0,0,0,0,0,0,0,0,0,0,0,0,0,0,0,0,0,0,0,1047,0,496,0,0,0,0,0,0,0,0,0,0,0,0,0,0,0,0,0,0,51,0,0,0,30,0,0,0,0,0,0,0,0,0,0,0,0,0,0,0,0,0,0
contig_48112,0,0,0,0,0,0,0,0,0,0,0,0,0,0,0,0,0,0,0,0,0,0,0,0,0,0,0,0,0,0,0,0,0,0,0,0,0,71,0,0,0,0,59,0,20,0,0,0,0,0,0,0,0,0,0,0,155,0,0,0,0,27,0,0,0,0,0,69,0,0,0,0,0,0,0,0,0,0,0,0,0,0,0,0,0,0,0,0,0,0,0,0
contig_48125,0,0,0,0,0,0,0,0,0,0,0,0,0,0,0,0,0,0,0,0,0,0,0,0,0,0,0,159,0,470,0,0,0,0,0,0,0,0,0,0,0,0,0,0,0,49,0,0,0,0,0,0,0,0,0,0,0,0,0,0,0,8092,0,111,0,0,0,62,0,0,0,0,0,0,0,0,0,0,0,0,671,0,0,0,0,0,0,0,0,657,0,0
contig_48135,0,0,0,0,0,0,0,0,0,0,0,0,0,0,0,0,0,0,0,0,0,0,0,0,0,0,0,0,0,0,0,0,0,0,0,0,0,43,0,0,0,0,0,0,0,0,0,0,0,0,0,0,0,0,0,0,0,0,0,0,0,0,0,0,0,0,0,0,0,0,0,0,0,0,0,0,0,0,0,0,0,0,0,0,0,0,0,0,0,445,114,0
contig_48157,0,0,0,0,0,0,559,0,0,0,0,0,0,0,0,8356,0,0,0,0,0,0,0,0,0,0,0,295,25118,986,0,0,0,0,0,0,0,0,0,0,0,0,0,0,0,784,0,0,0,0,0,0,0,0,0,0,0,0,0,0,1552,0,0,0,0,0,0,0,0,0,0,0,0,0,0,0,0,0,0,0,0,0,0,0,0,0,0,0,0,0,0,0
contig_48159,0,0,0,0,0,0,0,0,0,0,0,0,0,0,0,0,0,0,0,0,0,0,0,0,0,0,0,0,0,0,0,0,0,0,0,0,0,0,0,0,0,0,0,0,0,0,0,0,0,0,0,0,0,0,0,0,1426,0,0,0,0,220,0,0,0,0,0,0,0,0,0,0,0,341,0,0,0,0,0,0,0,0,0,0,0,0,0,0,0,0,0,0
contig_48164,0,0,0,0,0,0,0,0,0,0,0,0,0,0,0,0,0,0,0,0,0,0,0,0,0,0,0,0,0,27,470,0,0,0,0,0,0,0,0,0,0,0,0,0,0,0,87,46,241,65,0,0,0,0,0,0,0,0,0,0,33,240,0,0,0,0,0,0,0,0,0,0,0,0,0,0,0,0,0,0,0,0,0,0,0,0,0,0,0,0,0,0
contig_48186,0,0,0,0,0,0,0,0,0,0,0,0,0,0,45,0,0,0,0,0,0,0,0,0,0,0,0,0,0,0,0,0,0,0,0,0,0,0,0,0,0,0,0,0,0,0,0,197,43,0,0,0,0,0,0,0,0,0,0,0,0,22,0,0,73,0,0,160,0,0,0,0,0,0,0,0,0,0,0,0,620,0,0,0,0,0,0,0,0,0,0,0
contig_48187,0,0,0,0,0,0,0,0,0,0,0,0,0,0,0,0,0,0,0,0,0,0,0,0,0,0,0,0,0,0,0,0,0,0,0,0,0,0,0,0,0,0,0,0,0,0,0,0,306,0,101,0,0,0,0,0,0,0,0,0,0,0,0,0,0,0,0,0,1031,0,190,0,0,0,0,0,0,0,0,0,0,0,0,0,0,0,571,0,0,0,0,0
contig_48208,0,2414,0,0,0,0,0,0,0,0,0,0,0,0,0,0,0,0,0,0,0,0,0,0,0,0,0,0,0,0,0,0,0,0,0,0,0,0,0,0,0,0,0,0,0,3142,0,0,0,0,0,0,0,0,0,0,0,0,233,0,0,0,0,0,0,0,0,0,0,0,0,0,0,0,0,0,0,0,0,0,0,0,0,0,0,0,0,0,0,0,0,0
contig_48229,0,67,0,0,0,0,15,0,0,0,0,0,0,0,0,0,26,0,0,0,0,0,0,0,0,0,0,0,0,0,0,0,0,0,0,0,0,0,0,0,0,0,0,0,0,355,0,0,0,0,0,0,0,0,0,0,0,0,721,0,65,0,0,0,0,0,0,25,0,0,0,0,0,0,0,0,0,0,0,0,0,0,0,0,0,0,0,0,0,0,0,0
contig_48230,0,0,0,0,0,0,0,0,0,0,0,0,0,0,0,0,0,0,0,0,0,0,0,0,0,0,0,0,959,2347,0,0,0,0,0,0,0,0,0,0,0,0,0,0,0,0,0,2904,0,0,0,0,0,0,0,0,0,0,0,0,1576,0,0,0,0,0,0,0,0,0,0,0,0,0,0,0,0,0,0,0,0,0,0,0,0,0,0,0,0,0,0,0
contig_48232,0,0,0,328,0,159,0,0,0,0,0,0,0,0,0,0,0,0,0,0,0,0,0,0,0,0,0,0,0,0,448,0,0,0,0,0,0,0,0,0,0,0,0,0,0,0,0,0,52,873,5462,0,0,0,0,0,3762,0,0,0,0,0,51,0,0,0,2510,0,0,0,0,0,0,112,0,0,0,0,0,0,0,0,0,0,0,0,0,0,0,0,0,0
contig_48275,0,20,0,0,0,0,0,0,0,0,0,0,0,0,0,0,0,0,0,0,0,0,0,0,0,0,0,0,0,44,0,0,242,0,0,0,0,0,0,0,0,0,0,0,17,0,0,0,70,0,0,0,0,24,0,89,49,0,0,0,0,356,86,0,0,0,0,30,96,0,0,0,0,452,0,0,0,0,0,0,0,0,0,0,0,0,0,0,0,0,0,0
contig_48279,0,0,0,0,0,0,0,0,0,0,0,0,0,0,0,0,0,0,0,0,0,0,0,0,0,0,0,0,0,0,122434,41,0,113,299,43,643,3359,0,0,0,450,0,0,0,0,665,1330,0,0,0,0,0,0,0,0,0,0,0,0,0,31,0,0,0,0,0,0,0,0,0,0,0,1797,0,0,0,0,0,994,12957,0,0,0,0,0,0,0,802,0,13,0
contig_48296,0,0,0,0,0,0,0,0,0,0,0,0,0,0,0,0,0,0,0,42,0,0,0,0,0,0,0,0,0,0,0,97,319,0,0,0,0,0,0,0,0,0,0,0,0,0,0,0,0,0,0,0,0,0,0,38,0,102,0,0,0,0,0,0,0,0,0,0,0,0,0,0,0,0,0,0,0,0,0,0,0,0,0,0,0,0,0,0,0,0,0,0
contig_48302,0,0,0,0,0,0,0,0,0,0,0,0,0,0,0,0,0,0,0,0,0,0,0,0,0,0,0,0,0,0,34226,24,0,97,0,0,336,456,0,0,0,190,0,0,0,0,91,294,0,0,0,0,0,0,0,0,0,0,0,0,0,0,0,0,0,0,0,0,0,0,0,0,36,139,0,0,0,0,0,0,2813,0,0,0,0,0,0,0,417,0,0,0
contig_48312,0,0,0,0,0,0,529,0,0,0,0,0,0,0,0,0,0,0,0,0,0,0,0,0,0,0,0,0,0,0,0,77,0,0,0,0,0,0,0,0,0,0,0,0,0,0,0,0,0,0,0,0,0,0,0,0,0,0,0,0,0,420,0,0,0,0,0,1451,1504,0,0,0,0,0,0,0,0,0,0,0,0,0,0,0,0,0,0,0,0,23,0,0
contig_48318,0,0,0,0,0,0,0,529,0,0,208,0,0,0,0,0,0,0,0,0,0,0,0,0,0,0,0,0,0,0,0,0,0,0,0,0,0,157,0,0,0,0,0,0,0,0,0,0,0,0,0,0,0,0,0,0,0,0,0,0,0,0,0,0,0,0,0,0,0,0,0,0,0,0,0,0,0,795,0,0,0,0,0,0,0,0,0,0,0,0,0,0
contig_48321,0,0,0,0,0,0,0,0,0,0,0,0,0,0,0,0,0,0,0,0,0,0,0,1022,0,0,0,0,0,0,0,0,0,0,0,0,0,0,0,0,0,0,0,0,0,0,0,0,0,0,0,0,0,0,0,0,0,0,0,0,0,0,0,0,0,0,0,0,0,0,0,0,0,0,0,14819,242,10558,0,0,0,0,0,0,0,0,0,0,0,0,0,0
contig_48329,0,0,0,0,0,0,0,0,0,0,0,0,0,0,0,0,0,0,0,0,120,483,0,1845,166,10602,4087,0,0,0,0,0,0,0,0,0,0,0,0,0,0,0,0,0,0,0,0,0,0,0,0,0,0,0,0,0,0,0,0,0,0,0,0,0,0,0,0,0,0,0,0,0,0,0,0,0,0,0,0,0,0,0,0,0,0,0,0,0,0,0,0,0
contig_48331,0,0,0,0,0,0,0,0,0,0,0,0,0,0,0,0,0,0,0,0,0,1688,0,8066,1425,137860,86725,0,0,0,0,0,0,0,0,0,0,0,0,0,0,0,0,0,0,0,0,0,0,0,0,0,0,0,0,0,0,0,0,0,0,0,0,0,0,0,0,0,0,0,0,0,0,0,0,0,0,0,0,0,0,0,0,0,0,0,0,0,0,0,0,0
contig_48343,0,0,0,0,0,0,0,0,0,0,0,0,0,0,0,0,0,0,0,0,0,0,0,0,0,0,0,0,0,0,0,631,0,0,0,0,0,2894,0,0,0,0,0,0,0,0,0,0,0,0,0,0,0,0,0,0,0,0,0,0,0,0,0,0,0,0,0,0,0,0,0,0,0,0,0,0,0,0,0,0,0,0,0,0,0,0,0,0,0,3198,643,0
contig_48345,0,0,0,0,0,0,0,0,0,0,0,0,0,0,0,0,0,0,0,0,0,0,0,0,0,0,0,0,0,0,0,85,0,0,0,0,0,0,0,0,0,0,0,0,0,0,0,0,0,0,0,0,0,0,0,0,0,0,0,0,0,0,0,0,0,0,0,0,0,0,0,0,0,0,0,0,0,0,0,0,0,0,0,0,0,0,0,0,0,420,212,0
contig_48358,0,0,1131,0,0,0,0,99,0,0,0,0,0,0,0,0,0,0,0,0,0,115,0,0,0,0,0,0,0,0,0,0,518,0,0,0,0,0,0,0,0,0,291,0,0,0,0,0,0,0,0,0,0,0,0,0,0,0,0,0,0,92876,240,10523,0,95,0,0,0,0,0,0,0,0,0,0,0,0,0,0,0,0,0,0,0,0,123,0,0,16120,0,0
contig_48360,0,0,0,0,0,0,0,0,0,0,0,0,0,0,0,0,0,0,0,0,0,0,0,0,0,0,0,0,0,0,0,0,0,0,0,0,0,0,0,0,0,0,0,0,0,0,0,0,0,0,0,0,0,0,0,0,9346,0,0,0,0,0,0,0,0,0,0,0,0,0,0,0,0,2894,0,0,0,0,0,0,0,0,0,0,0,0,0,0,0,369,0,0
contig_48361,0,0,0,0,0,0,0,0,0,0,0,0,0,0,0,0,0,0,0,0,0,0,0,0,0,0,0,0,0,0,0,0,0,0,0,0,0,0,0,0,0,0,1441,0,704,0,0,0,0,0,0,0,0,0,0,0,0,0,0,0,0,0,0,0,0,0,0,0,0,0,0,0,554,0,0,0,0,0,0,0,0,0,0,0,0,0,0,0,0,0,0,0
contig_48365,0,0,49,0,0,0,0,0,0,0,0,0,0,0,0,0,0,0,0,0,0,0,0,0,0,0,0,0,0,0,0,0,0,0,0,0,0,0,0,0,0,0,279,0,124,0,0,0,0,0,0,0,0,946,0,0,0,0,0,0,0,0,0,0,0,0,0,0,0,0,0,0,0,235,0,0,0,0,0,0,0,0,1275,0,0,0,0,0,0,0,0,0
contig_48369,0,0,0,0,0,0,0,0,0,0,0,0,0,0,0,0,0,0,0,0,0,0,0,0,0,0,0,0,0,0,0,0,0,0,0,0,0,0,0,0,0,0,682,0,238,0,0,0,0,0,0,0,0,0,0,0,0,0,0,0,0,0,0,0,0,0,0,0,0,0,0,0,230,0,0,0,0,0,0,0,0,0,0,0,0,0,0,0,0,0,0,0
contig_48371,0,0,0,0,0,0,0,0,0,0,0,0,0,0,0,0,0,0,0,0,0,0,0,0,0,0,0,0,0,0,0,0,0,0,0,0,0,390,0,0,0,0,0,0,0,0,0,0,0,0,0,0,0,0,0,0,0,0,0,0,0,0,0,0,0,0,0,0,0,0,0,0,0,0,0,0,0,0,0,0,0,0,0,0,0,0,0,0,108,3248,540,0
contig_48372,0,0,0,0,0,0,0,0,0,0,0,0,0,0,0,0,0,0,0,0,0,16273,0,7488,0,0,0,0,0,0,0,0,0,0,0,0,0,0,0,0,0,0,0,0,0,0,0,0,0,0,0,183892,0,0,0,0,0,0,0,0,0,0,0,0,0,0,0,0,0,0,0,0,0,0,0,0,0,0,0,0,0,0,0,0,0,0,0,0,0,0,4011,0
contig_48392,0,0,0,0,0,0,0,0,0,0,0,0,0,0,0,0,0,0,0,0,0,0,0,0,0,0,0,0,0,0,0,648,0,0,0,0,0,1145,0,0,0,0,0,0,0,0,0,0,0,0,0,0,0,0,0,0,0,0,0,0,0,0,0,0,0,0,0,0,0,0,0,0,0,0,0,0,0,0,0,0,0,0,0,0,0,0,0,0,263,8229,2497,0
contig_48393,0,0,0,0,0,0,0,0,0,0,0,0,0,0,0,0,0,0,0,0,0,0,0,0,0,0,0,0,0,0,0,195,0,0,0,0,0,428,0,0,0,0,0,0,0,0,0,0,0,0,0,0,0,0,0,0,0,0,0,0,0,0,0,0,0,0,0,0,0,0,0,0,0,0,0,0,0,0,0,0,0,0,0,0,0,0,0,0,134,5544,1314,0
contig_48402,0,0,0,0,0,0,0,0,0,0,0,0,0,0,0,0,0,0,0,0,0,0,0,0,0,0,0,0,0,0,0,0,0,0,0,0,0,229,0,0,0,0,0,0,136,0,0,0,0,0,0,0,0,0,0,0,0,0,0,0,0,0,0,0,0,0,0,0,0,0,0,0,95,0,0,0,0,0,0,0,0,0,0,0,0,0,0,0,0,26601,0,0
contig_48406,0,0,0,0,0,0,0,0,0,0,0,0,0,0,0,0,0,0,0,0,0,0,0,0,0,0,0,0,0,0,0,0,0,0,0,0,0,0,0,0,0,0,0,0,0,0,0,0,0,0,0,0,0,0,0,0,0,0,0,0,0,0,0,0,0,0,24237,8827,5833,2516,1232,581,3742,0,0,0,0,0,0,0,0,0,0,0,0,0,0,0,0,0,0,0
contig_48411,0,0,0,0,0,0,0,0,0,0,0,0,0,0,0,0,0,0,0,0,0,0,0,0,0,0,0,0,0,0,0,0,0,0,0,0,1322,0,0,0,0,0,0,0,0,0,0,0,0,0,0,1173,0,0,0,0,0,0,0,0,0,0,2086,0,0,0,0,0,0,0,0,0,0,0,0,0,0,0,0,0,0,0,0,0,0,0,0,0,0,0,0,0
contig_48412,0,0,0,0,0,0,0,0,0,0,0,0,0,0,0,0,0,0,0,0,0,0,0,0,0,0,0,0,0,0,0,2950,0,0,0,0,0,5464,0,0,0,0,0,0,0,0,0,0,0,0,0,0,0,0,0,0,0,0,0,0,0,0,0,0,0,0,0,0,0,0,0,0,0,0,0,0,0,0,0,0,0,0,0,0,0,0,0,0,0,30682,4869,0
contig_48413,0,0,0,0,0,0,0,0,0,0,0,0,0,0,0,0,0,0,0,0,0,0,0,0,0,0,0,0,0,0,0,0,0,0,0,0,0,0,0,0,0,0,0,0,0,0,0,0,0,0,0,0,0,0,0,0,0,0,0,0,0,0,0,0,0,0,1135155,11750,318263,543959,56036,377,5671,0,0,0,0,0,0,0,0,0,0,0,0,0,0,0,0,0,0,0
contig_48428,0,0,0,0,0,0,0,0,0,0,0,0,0,0,0,0,0,0,0,0,0,0,0,0,0,0,0,0,0,0,0,2013,2585,0,0,0,0,0,0,0,0,0,0,0,0,0,0,0,0,0,0,0,0,0,0,0,0,215,0,0,0,0,0,0,0,0,0,0,0,0,0,0,0,0,0,0,0,0,0,0,0,0,0,0,0,0,0,0,0,186,0,0
contig_48434,0,0,0,0,0,0,0,0,0,0,0,0,0,0,0,0,0,0,0,0,0,0,0,0,0,0,0,0,0,0,0,0,0,0,0,0,0,0,0,0,0,0,0,0,0,0,0,0,0,0,0,0,0,0,0,0,0,0,0,0,0,0,0,0,0,0,0,0,0,0,0,0,0,0,0,0,0,0,0,0,0,0,0,0,0,0,0,0,97,6349,1180,0
contig_48450,0,0,0,0,0,0,0,0,0,0,0,0,0,173,0,0,0,0,0,0,0,0,0,0,0,0,0,0,0,0,0,228,64788,54975,4444,0,64,726,0,0,0,1186,935,0,158,0,0,0,0,0,0,0,0,0,0,136,0,0,0,0,0,0,0,0,0,0,0,0,0,0,0,0,0,0,0,0,0,0,0,0,0,0,0,0,0,0,0,0,0,2775,0,0
contig_48451,0,0,0,0,0,0,0,0,0,0,0,0,0,0,0,0,0,0,0,0,0,0,0,0,0,0,0,0,0,0,0,0,2305,1386,0,0,0,334,0,0,0,255,302,0,0,0,0,0,0,0,0,0,0,0,0,0,0,0,0,0,0,0,0,0,0,0,0,0,0,0,0,0,0,0,0,0,0,0,0,0,0,0,0,0,0,0,0,0,0,0,0,0
contig_48455,0,0,0,0,0,0,0,0,0,0,0,0,0,0,0,0,0,0,0,0,0,0,0,0,0,0,0,0,0,0,0,0,0,0,369574,595874,2087,23358,0,0,0,0,0,0,0,0,0,0,0,0,0,0,0,0,0,0,0,0,0,0,0,0,0,0,0,0,0,0,0,0,0,0,0,0,0,0,0,0,0,0,0,0,0,0,0,0,0,0,0,0,0,0
contig_48460,0,0,0,0,0,0,0,0,0,0,0,0,0,0,0,0,0,0,0,0,0,0,0,0,0,0,0,0,0,0,0,0,0,0,34533,51040,363,3016,0,0,0,0,0,0,0,0,0,0,0,0,0,0,0,0,0,0,0,0,0,0,0,0,0,0,0,0,0,0,0,0,0,0,0,0,0,0,0,0,0,0,0,0,0,0,0,0,0,0,0,0,0,0
contig_48461,0,0,0,0,0,0,0,0,0,0,0,0,0,0,0,0,0,0,0,0,0,0,0,0,0,0,0,0,0,0,0,0,0,0,64067,102621,367,0,0,0,0,0,0,0,0,0,0,0,0,0,0,0,0,0,0,0,0,0,0,0,0,0,0,0,0,0,0,0,0,0,0,0,0,0,0,0,0,0,0,0,0,0,0,0,0,0,0,0,0,0,0,0
contig_48463,0,0,0,0,0,0,0,0,0,0,0,0,0,0,0,0,0,0,0,0,0,0,0,0,0,0,0,0,0,0,0,0,0,0,44233,68631,184,0,0,0,0,0,0,0,0,0,0,0,0,0,0,0,0,0,0,0,0,0,0,0,0,0,0,0,0,0,0,0,0,0,0,0,0,0,0,0,0,0,0,0,0,0,0,0,0,0,0,0,0,0,0,0
contig_48466,0,0,0,0,0,0,0,0,0,0,0,0,0,0,0,0,0,0,0,0,0,0,0,0,0,0,0,0,0,0,0,0,0,0,44811,67377,0,1146,0,0,0,0,0,0,0,0,0,0,0,0,0,0,0,0,0,0,0,0,0,0,0,0,0,0,0,0,0,0,0,0,0,0,0,0,0,0,0,0,0,0,0,0,0,0,0,0,0,0,0,0,0,0
contig_48470,0,0,0,0,0,0,0,0,0,0,0,0,0,0,0,0,0,0,0,0,0,0,0,0,0,0,0,0,0,0,0,0,0,0,0,0,1518,168,0,0,0,0,0,0,0,0,0,0,181,0,0,3557,0,0,0,0,0,0,0,0,0,0,233107,0,0,0,0,0,0,0,0,0,0,0,0,0,0,0,0,0,0,0,0,0,1516,0,0,0,0,0,0,0
contig_48471,0,0,0,0,0,0,0,0,0,0,0,0,0,0,0,0,0,0,0,0,0,0,0,0,0,0,0,0,0,0,0,0,0,0,0,0,485,0,0,0,0,0,0,0,0,0,0,0,0,0,0,472,0,0,0,0,0,0,0,0,0,0,34237,0,0,0,0,0,0,0,0,0,0,0,0,0,0,0,0,0,0,0,0,0,397,0,0,0,0,0,0,0
contig_48477,0,0,0,0,0,0,0,0,0,0,0,0,0,122,0,0,2122,0,0,0,0,0,0,0,0,0,0,0,0,0,0,356,0,0,0,0,0,0,0,0,0,0,0,0,0,0,0,0,0,0,0,988,0,0,0,0,0,239,0,0,320,1602,0,1482,0,0,0,51546,8026,1348,109,0,0,0,0,0,0,0,0,0,0,0,0,0,0,0,16118,0,0,6003,0,0
contig_48478,0,0,0,0,0,0,0,0,0,0,0,0,0,0,0,0,0,0,0,0,0,0,0,0,0,0,0,0,0,0,0,434,0,0,0,0,0,1291,0,0,0,0,0,0,0,0,0,0,0,0,0,0,0,0,0,0,0,0,0,0,0,0,0,0,0,0,0,0,0,0,0,0,0,0,0,0,0,0,0,0,0,0,0,0,0,0,0,0,0,4240,1025,0
contig_48479,0,0,0,0,0,0,0,0,0,0,0,0,0,0,0,0,0,0,0,0,0,0,0,0,0,0,0,0,0,0,0,104,0,0,0,0,0,360,0,0,0,0,0,0,0,0,0,0,0,0,0,0,0,0,0,0,0,0,0,0,0,0,0,0,0,0,0,0,0,0,0,0,0,0,0,0,0,0,0,0,0,0,0,0,0,0,0,0,0,1772,409,0
contig_48481,0,0,0,0,0,0,0,0,0,0,0,0,0,0,0,0,0,0,0,0,0,0,0,0,0,0,0,0,0,0,0,0,0,0,0,0,0,0,0,0,0,0,0,4678,990423,0,0,0,0,0,0,0,0,0,0,0,0,0,0,0,0,0,0,0,0,0,0,0,0,0,0,0,0,0,0,0,0,0,0,0,0,0,0,0,0,0,0,554,452002,127070,319978,15034
contig_48487,0,0,0,0,0,0,0,65505,4045,0,0,0,0,0,0,0,0,0,0,0,0,0,0,0,0,0,0,0,0,0,0,0,0,0,0,0,0,0,0,0,0,0,0,0,0,0,0,0,5644,0,0,2357,0,0,0,0,0,0,0,0,0,0,0,0,0,0,0,0,0,0,0,0,0,0,0,0,0,0,0,0,0,0,0,0,0,0,0,0,0,0,0,0
contig_48489,0,0,0,0,0,0,0,599406,19246,44052,61340,211479,85,1157,0,0,0,0,0,0,0,0,0,0,0,0,0,0,0,0,0,0,0,0,0,0,0,0,0,0,0,0,0,0,0,0,0,0,0,0,0,0,0,0,0,0,0,0,0,0,0,0,0,0,0,0,0,0,0,0,0,0,0,0,0,0,0,0,0,0,0,0,0,0,0,0,0,0,0,0,0,0
contig_485,0,362,1761,355,200,0,0,0,0,0,0,0,0,0,677,0,0,0,0,0,0,0,0,0,0,0,0,0,0,279,0,0,0,0,0,0,0,0,0,0,0,0,25,0,51,0,0,0,0,925,0,0,0,0,0,0,754,0,0,0,7467,2450,0,0,61,0,0,773,0,0,0,7,0,0,0,0,0,0,0,0,0,0,0,0,0,0,0,0,0,11,0,0
contig_48502,0,0,0,0,0,0,0,0,0,0,0,0,0,0,0,0,0,0,0,0,0,0,0,0,0,0,0,0,0,0,0,0,0,0,0,0,0,809,0,0,0,0,0,0,0,0,0,0,0,0,0,0,0,0,0,0,0,0,0,0,0,0,0,0,0,0,0,0,0,0,0,0,0,0,0,0,0,0,0,0,0,0,0,0,0,0,0,0,0,6658,1625,0
contig_48503,0,0,0,0,0,0,0,0,0,0,0,0,0,0,0,0,0,0,0,0,0,0,0,0,0,0,0,0,0,0,0,0,0,0,0,0,0,637,0,0,0,0,0,0,0,0,0,0,0,0,0,0,0,0,0,0,0,0,0,0,0,0,0,0,0,0,0,0,0,0,0,0,0,0,0,0,0,0,0,0,0,0,0,0,0,0,0,0,144,3397,1090,0
contig_48506,0,0,0,0,0,0,0,0,0,0,0,0,0,0,0,0,0,0,0,0,0,0,0,0,0,0,0,0,0,0,0,0,0,0,0,0,0,752,0,0,0,0,0,0,0,0,0,0,0,0,0,0,0,0,0,0,0,0,0,0,0,0,0,0,0,0,0,0,0,0,0,0,0,0,0,0,0,0,0,0,0,0,0,0,0,0,0,0,0,5095,1941,0
contig_48507,0,0,0,0,0,0,0,0,0,0,0,0,0,0,0,0,0,0,0,0,0,0,0,0,0,0,0,0,0,0,0,0,0,0,0,0,0,0,0,0,0,0,0,0,0,0,0,0,0,0,0,0,0,0,0,0,0,0,0,0,0,0,0,0,0,0,0,0,0,0,0,0,0,0,0,0,0,0,0,0,0,0,0,0,0,0,0,0,319,8016,2341,0
contig_48512,0,0,0,0,0,0,0,0,0,0,0,0,0,0,0,0,0,0,0,0,0,0,0,79,0,0,0,0,0,0,0,0,0,0,0,0,0,0,0,0,0,0,0,0,4592,0,0,0,0,0,0,0,0,0,0,0,0,0,0,0,0,716,0,0,0,0,0,0,0,0,0,0,0,0,0,0,0,0,0,0,0,0,0,0,0,0,0,0,0,0,0,0
contig_48528,0,0,0,0,0,0,0,0,0,0,0,0,0,0,0,0,0,0,0,0,0,0,0,0,0,0,0,0,0,0,0,0,0,0,0,0,0,861,0,0,0,0,0,0,0,0,0,0,0,0,0,0,0,0,0,0,0,0,0,0,0,0,0,0,0,0,0,0,0,0,0,0,0,0,0,0,0,0,0,0,0,0,0,0,0,0,0,0,0,10408,1449,0
contig_48537,0,0,0,0,0,0,0,988,12511,0,0,0,723,5644,0,0,0,0,0,0,0,0,0,0,0,0,0,0,0,0,0,0,0,0,0,0,0,0,0,0,0,0,0,0,0,0,0,0,0,0,0,0,0,0,0,0,0,0,0,0,0,0,0,0,0,0,0,0,0,0,0,0,0,0,0,0,0,0,0,0,0,0,0,0,0,0,0,0,0,0,0,0
contig_48540,0,0,0,0,0,0,0,0,0,0,0,0,0,0,0,0,0,0,0,0,0,0,0,0,0,0,0,0,0,0,0,0,0,0,0,0,0,4252,0,0,0,0,0,0,0,0,0,0,0,0,0,0,0,0,0,0,0,0,0,0,0,0,0,0,0,0,0,0,0,0,0,0,0,0,0,0,0,0,0,0,0,0,0,0,0,0,0,0,0,38565,8238,0
contig_48547,0,0,0,0,0,0,0,0,0,0,0,0,0,0,0,0,0,28310,193547,0,0,0,0,0,0,0,0,0,0,0,0,0,0,0,0,0,0,0,0,0,0,0,0,0,0,0,0,0,0,0,0,0,0,0,0,5146,0,0,0,0,0,0,0,0,0,0,0,0,0,0,0,0,0,0,0,0,0,0,0,0,0,0,0,0,0,0,0,0,0,0,0,0
contig_48587,0,0,0,0,0,0,0,0,0,0,0,0,0,0,0,0,0,0,0,0,0,41406,0,6005,450,369,950,0,0,0,0,0,0,0,0,0,0,0,0,0,0,0,0,0,0,0,0,0,0,0,0,0,0,0,0,0,0,0,0,0,0,0,0,0,0,0,0,0,0,0,0,0,0,0,0,0,0,0,0,0,0,0,0,0,0,0,0,0,0,0,0,0
contig_48588,0,0,0,0,0,0,0,0,0,0,0,0,0,0,0,0,0,0,0,0,0,0,0,0,0,0,0,0,0,0,0,0,0,0,0,0,0,0,0,0,0,0,152,0,147,0,0,0,0,0,0,0,0,0,0,0,0,0,0,0,0,0,0,0,0,0,0,0,0,0,0,0,0,0,0,0,0,0,0,0,0,0,0,0,0,0,2291,0,247,0,0,0
contig_486,0,0,8,98,0,0,0,0,0,0,0,0,0,0,0,0,0,0,0,0,0,0,0,0,0,0,0,0,0,71,20,0,0,0,0,0,0,0,0,0,0,0,0,0,0,0,0,266,0,100,0,0,0,0,0,0,0,0,0,0,241,3019,0,0,0,0,0,0,0,0,0,0,0,284,0,0,31,9,0,0,0,0,0,0,0,0,0,0,24,0,0,0
contig_48720,0,0,0,0,0,0,0,0,0,0,0,0,0,0,0,0,0,0,0,0,0,0,0,0,0,0,0,0,0,0,0,478,0,0,0,0,0,1114,0,0,0,0,0,0,0,0,0,0,0,0,0,0,0,0,0,0,0,0,0,0,0,0,0,0,0,0,0,0,0,0,0,0,0,0,0,0,0,0,0,0,0,0,0,0,0,0,0,0,0,9391,2317,0
contig_48721,0,0,0,0,0,0,0,0,0,0,0,0,0,0,0,0,0,0,0,0,0,0,0,0,0,0,0,0,0,0,0,0,0,0,0,0,0,0,0,0,0,0,0,0,0,0,0,0,0,0,0,0,0,0,0,0,0,0,0,0,0,0,0,0,0,0,0,0,0,0,0,0,0,0,0,0,0,0,0,0,0,0,0,0,0,0,0,0,162,2917,407,0
contig_48722,0,0,0,0,0,0,0,0,0,0,0,0,0,0,0,0,0,0,0,0,0,0,0,0,0,0,0,0,0,0,0,180,0,0,0,0,0,379,0,0,0,0,0,0,0,0,0,0,0,0,0,0,0,0,0,0,0,0,0,0,0,0,0,0,0,0,0,0,0,0,0,0,0,0,0,0,0,0,0,0,0,0,0,0,0,0,0,0,0,2071,328,0
contig_4876,0,0,0,0,0,0,0,0,0,0,0,0,0,0,0,0,0,0,0,0,0,0,0,0,0,0,0,0,0,0,0,0,0,0,0,0,0,0,0,0,0,0,27,0,0,0,0,0,0,0,0,0,0,0,0,0,0,0,0,0,0,0,33,0,0,0,0,0,0,0,0,0,0,0,0,0,0,0,0,0,0,0,0,0,0,0,0,0,0,64,0,0
contig_48783,0,0,0,0,0,0,0,0,0,0,0,0,0,0,0,0,412,3572,23365,1586,0,0,0,0,0,0,0,0,0,0,0,0,0,0,0,0,0,0,0,0,0,0,0,0,0,0,0,0,0,0,0,0,0,0,0,0,0,0,0,0,0,0,0,0,0,0,0,0,0,0,0,0,0,0,0,0,0,0,0,0,0,0,0,0,0,0,0,0,0,0,0,0
contig_48785,0,0,0,0,0,0,0,0,0,0,0,0,0,0,0,0,0,0,0,0,0,0,0,0,0,0,0,0,0,0,0,0,0,0,0,0,0,0,0,6081,0,1274,7158,0,0,0,0,0,0,0,0,0,0,0,0,0,0,0,0,0,0,0,0,0,0,0,0,0,0,0,0,0,0,0,0,0,0,0,0,0,0,0,0,0,0,0,0,0,0,0,0,0
contig_488,0,0,0,1127,0,0,0,0,0,0,0,0,0,0,0,0,0,0,0,0,0,0,0,0,0,0,0,0,0,8211,0,0,0,0,0,0,0,0,0,167,0,0,0,0,0,0,0,0,194,0,0,0,0,0,0,0,0,0,0,0,0,1317,0,0,0,0,0,42,0,0,0,0,0,344,0,0,0,20,0,0,0,0,0,0,0,0,0,0,31,0,0,0
contig_48831,0,0,0,0,0,0,0,0,0,0,0,0,0,0,0,0,0,0,0,0,0,0,0,0,0,0,0,0,0,0,0,0,0,0,0,0,0,0,0,0,0,0,0,0,0,0,0,0,0,0,0,0,0,0,0,0,0,0,0,0,0,0,0,0,0,0,1458,0,0,0,0,219,152,0,0,0,0,0,0,0,0,0,0,0,0,0,0,0,0,0,0,0
contig_48832,0,0,0,0,0,0,0,0,0,0,0,0,0,0,0,0,0,0,0,0,0,0,0,0,0,0,0,0,0,0,0,0,0,0,0,0,0,0,0,0,0,0,0,0,0,0,0,0,0,0,0,0,0,0,0,0,0,0,0,0,0,0,0,0,0,0,1234,0,0,0,0,252,120,0,0,0,0,0,0,0,0,0,0,0,0,0,0,0,0,0,0,0
contig_48847,0,0,0,0,0,0,0,0,0,0,1138,0,101,143,0,0,0,0,0,0,0,0,0,0,0,0,0,0,0,0,0,0,0,0,0,0,0,0,0,0,0,0,0,0,0,0,0,0,0,0,0,0,0,0,0,0,0,0,0,0,0,0,0,0,0,0,0,0,0,0,0,0,0,0,0,0,0,0,0,0,0,0,0,0,0,0,0,0,0,0,0,0
contig_48856,0,0,0,0,0,0,0,0,0,0,0,0,0,0,0,0,0,109,0,0,0,0,0,0,0,0,0,0,0,0,0,0,0,0,0,0,0,0,0,0,0,0,0,0,0,0,0,0,0,0,0,0,0,0,0,0,0,0,0,0,0,0,0,0,0,0,43,0,0,0,0,0,0,0,0,0,0,0,0,0,0,0,0,0,642,0,0,0,0,0,0,0
contig_48884,0,0,0,0,0,0,0,0,0,0,0,0,0,0,0,0,0,0,0,0,0,0,0,0,0,0,0,0,0,0,0,0,0,0,0,0,0,0,0,0,0,0,0,0,0,0,0,0,0,0,0,0,0,0,0,0,0,0,0,0,0,0,0,0,0,0,2506,0,0,0,0,517,240,0,0,0,0,0,0,0,0,0,0,0,0,0,0,0,0,0,0,0
contig_48885,0,0,0,0,0,0,0,0,0,0,0,0,0,0,0,0,0,0,0,0,0,0,0,0,0,0,0,0,0,0,0,628,0,0,0,0,0,167,0,0,0,0,0,0,0,0,0,0,0,0,0,0,0,0,0,0,0,0,0,0,0,0,0,0,0,0,0,0,0,0,0,0,0,0,0,0,0,0,0,0,0,0,0,0,0,0,0,0,0,15281,2293,0
contig_48891,0,0,0,0,0,0,0,0,0,0,0,0,0,0,0,0,0,0,0,0,0,5414,0,0,0,0,0,0,0,0,0,0,0,0,0,0,0,538,0,0,0,0,0,0,0,0,0,0,0,0,0,0,0,0,0,0,0,0,0,0,0,0,0,0,0,0,0,0,0,0,0,0,0,0,0,0,0,0,0,0,0,0,0,0,0,0,364,0,0,0,0,0
contig_489,0,0,0,67,0,0,0,0,0,0,0,0,0,0,0,0,0,0,0,0,0,0,0,0,0,0,0,0,0,0,0,0,0,0,0,0,0,0,0,0,0,0,0,0,0,0,0,0,0,0,0,0,0,0,0,0,0,0,0,0,106,0,0,0,0,0,0,208,35,0,0,0,0,0,0,0,0,0,0,0,0,0,0,0,0,0,57,0,0,0,0,0
contig_48920,0,0,0,0,0,0,0,0,0,0,0,0,0,0,0,0,0,0,0,0,0,0,0,0,0,0,0,0,0,0,0,0,0,0,0,0,0,1404,0,0,0,0,0,0,0,0,0,0,0,0,0,0,0,0,0,0,0,0,0,0,0,0,0,0,0,0,0,0,0,0,0,0,0,0,0,0,0,0,0,0,0,0,0,0,0,0,0,0,0,8968,1442,0
contig_48925,0,0,0,0,0,0,0,0,0,0,0,0,0,0,0,0,0,0,0,0,0,0,0,0,0,0,0,0,0,0,0,0,0,0,0,0,0,0,0,0,0,0,0,0,0,0,5905201,480396,564875,102813,172223,68069,0,0,0,0,0,0,0,0,0,0,0,0,0,0,0,0,0,0,0,0,0,0,0,0,0,0,0,0,0,0,0,0,0,0,0,0,0,0,0,0
contig_48937,0,0,0,0,0,0,0,0,0,0,0,0,0,0,0,0,0,0,0,0,0,0,0,0,0,0,0,0,0,0,0,0,0,0,0,0,0,0,0,0,0,0,0,0,0,0,0,0,0,0,0,0,0,0,0,0,0,0,0,0,0,0,0,0,0,0,0,0,0,0,0,0,0,0,0,0,0,0,0,0,0,0,0,0,0,0,0,0,229,4419,773,0
contig_48950,0,0,0,0,0,0,0,0,0,0,0,0,0,0,0,0,0,0,0,0,0,0,0,0,0,0,0,0,0,0,0,0,0,0,0,0,0,181,0,0,0,0,0,0,0,0,0,0,0,0,0,0,0,0,0,0,0,0,0,0,0,0,0,0,0,0,0,0,0,0,0,0,0,0,0,0,0,0,0,0,0,0,0,0,0,0,0,0,242,11314,2381,0
contig_48958,0,0,0,0,0,0,0,0,0,0,0,0,0,0,0,0,0,0,0,0,0,0,0,0,0,0,0,0,0,0,0,0,0,0,0,0,0,398,0,0,0,0,0,0,0,0,0,0,0,0,0,0,0,0,0,0,0,0,0,0,0,0,0,0,0,0,0,0,0,0,0,0,0,0,0,0,0,0,0,0,0,0,0,0,0,0,0,0,0,3741,914,0
contig_48959,0,0,0,0,0,0,0,0,0,0,0,0,0,0,0,0,0,0,0,0,0,0,0,0,0,0,0,0,0,0,0,0,0,0,0,0,0,211,0,0,0,0,0,0,0,0,0,0,0,0,0,0,0,0,0,0,0,0,0,0,0,0,0,0,0,0,0,0,0,0,0,0,0,0,0,0,0,0,0,0,0,0,0,0,0,0,0,0,0,1766,379,0
contig_48978,0,0,0,0,0,0,0,0,0,0,0,0,0,0,0,0,0,0,0,0,0,0,0,0,0,0,0,0,0,0,0,0,0,0,0,0,0,845,0,0,0,0,0,0,0,0,0,0,0,0,0,0,0,0,0,0,0,0,0,0,0,0,0,0,0,0,0,0,0,0,0,0,0,0,0,0,0,0,0,0,0,0,0,0,0,0,0,0,0,1204,219,0
contig_48984,0,0,0,0,0,0,0,0,0,0,0,0,0,0,0,0,0,0,0,0,0,0,0,0,0,0,0,0,0,0,0,211,0,0,0,0,0,889,0,0,0,0,0,0,0,0,0,0,0,0,0,0,0,0,0,0,0,0,0,0,0,0,0,0,0,0,0,0,0,0,0,0,0,0,0,0,0,0,0,0,0,0,0,0,0,0,0,0,0,3521,802,0
contig_48990,0,0,0,0,0,0,0,0,0,0,0,0,0,0,0,0,0,0,0,0,0,0,0,0,0,0,0,0,0,0,0,0,0,0,0,0,0,310,0,0,0,0,0,0,0,0,0,0,0,0,0,0,0,0,0,0,0,0,0,0,0,0,0,0,0,0,0,0,0,0,0,0,0,0,0,0,0,0,0,0,0,0,0,0,0,0,0,0,0,1011,434,0
contig_48993,0,0,0,0,0,0,0,0,0,0,0,0,0,0,0,0,0,0,0,0,0,0,0,0,0,0,0,0,0,0,0,0,0,0,0,0,0,0,0,0,0,0,0,0,0,0,805,0,0,2579260,0,0,0,0,0,0,0,0,0,0,0,0,0,0,0,0,0,0,0,0,0,1968890,0,0,434,0,0,9824,3593964,0,0,0,0,0,0,0,0,1686,0,0,0,0
contig_490,0,115,0,0,0,28,0,0,0,0,0,0,0,0,0,0,189,0,0,0,0,0,0,0,0,0,0,0,0,0,0,65,0,0,0,0,0,0,0,759,0,0,0,0,0,0,0,0,0,0,0,0,0,0,0,0,0,0,0,0,0,102,0,0,0,0,0,0,0,0,0,0,0,0,0,0,0,0,0,0,0,0,0,0,0,0,0,0,137,0,0,0
contig_49012,0,0,0,0,0,0,0,0,0,0,0,0,0,0,0,0,0,0,0,0,0,0,0,0,0,0,0,0,0,0,0,0,0,0,0,0,0,0,0,0,0,0,0,0,0,0,4756,0,0,0,0,0,0,0,0,0,0,0,0,0,0,0,0,0,0,0,0,0,0,0,0,0,0,0,0,0,0,0,0,0,0,0,1195,301,0,0,0,0,0,0,0,0
contig_49027,0,0,0,0,0,0,0,0,0,0,0,0,0,0,0,0,0,0,0,0,0,0,0,0,0,0,0,0,0,0,0,0,0,0,0,0,0,0,0,2932,0,0,0,0,0,0,0,0,0,0,0,0,0,0,0,0,0,22516,0,0,0,0,0,0,0,0,0,0,0,0,0,0,0,0,0,0,0,0,0,0,0,0,0,0,0,0,1094,0,442,23849,0,0
contig_4903,0,11003,0,127,0,0,323,0,0,0,0,0,0,0,0,0,1480,0,0,0,0,0,0,0,0,0,0,17919,0,556,0,0,83,0,0,0,0,0,0,0,0,0,0,0,0,10106,579,1787,127,0,263,0,654,0,0,0,0,0,9726,44567,26276,66,0,3133,348,0,0,381,72,0,0,0,0,0,0,0,0,0,0,0,0,0,0,0,0,0,0,0,0,17,0,0
contig_49034,0,0,0,0,0,0,0,0,0,0,0,0,0,0,0,0,0,0,0,0,701302,178920,470,0,0,0,0,0,0,0,0,0,0,0,0,0,0,0,0,0,0,0,0,0,0,0,0,0,0,0,0,0,0,0,0,0,0,0,0,0,0,0,0,0,0,0,0,0,0,0,0,0,0,0,0,0,0,0,0,0,0,0,0,0,0,0,0,0,0,0,0,0
contig_49035,0,0,0,0,0,0,0,0,0,0,0,0,0,0,0,0,0,0,0,0,0,0,0,0,0,0,0,0,0,0,0,0,0,0,0,0,0,0,0,2805,0,314,1480,0,0,0,0,0,0,0,0,0,0,0,0,0,0,0,0,0,0,0,0,0,0,0,0,0,0,0,0,0,0,0,0,0,0,0,0,0,0,0,0,0,0,0,0,0,0,0,0,0
contig_49043,0,0,0,0,0,0,0,0,0,0,0,0,0,0,0,0,0,0,0,0,0,0,0,0,0,0,0,0,0,0,0,0,0,0,0,0,0,681,0,0,0,0,0,0,0,0,0,0,0,0,0,0,0,0,0,0,0,0,0,0,0,0,0,0,0,0,0,0,0,0,0,0,0,0,0,0,0,0,0,0,0,0,0,0,0,0,0,0,0,2343,438,0
contig_4905,0,0,0,0,0,0,0,0,0,0,0,0,0,0,0,0,0,0,0,0,0,0,0,0,0,0,0,0,8,0,0,0,0,0,0,0,0,12,0,0,0,0,0,0,0,0,0,0,0,0,0,0,0,0,0,0,0,0,0,0,0,0,0,0,0,0,0,24,0,0,0,0,0,0,0,0,0,0,0,0,0,0,0,0,0,0,0,0,0,0,0,0
contig_4906,0,0,0,14,0,0,0,0,0,0,0,0,0,0,0,0,0,0,0,0,0,0,0,0,0,0,0,0,0,0,0,0,0,0,0,0,0,0,0,0,0,0,0,0,0,0,0,7,47,25,0,0,0,0,0,0,0,0,0,0,39,0,0,0,0,0,0,26,0,0,0,0,0,0,0,0,0,0,0,0,0,0,0,0,0,0,0,0,0,0,0,0
contig_49060,0,0,0,0,0,0,0,0,0,0,0,0,0,0,0,0,0,0,0,0,0,0,0,0,0,0,0,0,0,0,0,240,0,0,0,0,0,216,0,0,0,0,0,0,0,0,0,0,0,0,0,0,0,0,0,0,0,0,0,0,0,0,0,0,0,0,0,0,0,0,0,0,0,0,0,0,0,0,0,0,0,0,0,0,0,0,0,0,0,871,298,0
contig_4907,0,0,0,43,0,17,24,0,0,0,0,0,0,0,5265,1265,783,0,0,0,0,0,0,0,0,0,0,442,0,224,0,0,0,0,0,0,0,0,0,0,0,0,0,0,0,99,92,113,76,0,20,0,0,0,0,0,17,0,493,0,1005,60,0,42,39,0,0,66,100,0,0,0,0,0,0,0,0,0,0,0,0,0,0,0,0,0,15,0,0,0,0,0
contig_49073,0,0,0,0,0,0,0,110128,0,0,0,0,0,0,0,0,0,0,0,0,0,0,0,906082,16420,0,0,0,0,0,0,0,0,0,0,0,0,0,0,0,0,0,0,0,0,0,0,0,0,0,0,0,0,0,0,0,0,0,0,0,0,0,0,0,0,0,0,0,0,0,0,0,0,0,0,0,0,0,0,0,0,0,0,0,0,0,0,0,0,0,0,0
contig_49075,0,0,0,0,0,0,0,34490,0,0,0,0,0,0,0,0,0,0,0,0,0,0,0,159881,0,0,0,0,0,0,0,0,0,0,0,0,0,0,0,0,0,0,0,0,0,0,0,0,9670,0,0,3999,0,0,0,0,0,0,0,0,0,0,0,0,0,0,0,0,0,0,0,0,0,0,0,0,0,0,0,0,0,0,0,0,0,0,0,0,0,0,0,0
contig_49078,0,0,0,0,0,0,0,0,0,0,0,0,0,0,0,0,0,0,0,0,0,0,0,0,0,0,0,0,0,0,0,126,0,0,0,0,0,1694,0,0,0,0,0,0,0,0,0,0,0,0,0,0,0,0,0,0,0,0,0,0,0,0,0,0,0,0,0,0,0,0,0,0,0,0,0,0,0,0,0,0,0,0,0,0,0,0,0,0,0,1256,494,0
contig_4908,0,885,0,0,0,0,0,33,0,0,0,0,0,0,0,0,104,0,0,0,0,0,0,0,0,0,0,2212,0,0,0,0,0,0,0,0,0,0,0,0,0,0,0,0,0,1815,26,96,0,0,0,0,24,0,0,0,0,0,575,4538,1629,0,0,384,23,0,0,21,5,0,0,0,0,0,0,0,0,0,0,0,0,0,0,0,0,0,0,0,0,0,0,0
contig_49081,0,0,0,0,0,0,0,0,0,0,0,0,0,0,0,0,0,0,0,0,0,0,0,0,0,0,0,0,0,0,0,268,0,0,0,0,0,828,0,0,0,0,0,0,0,0,0,0,0,0,0,0,0,0,0,0,0,0,0,0,0,0,0,0,0,0,0,0,0,0,0,0,0,0,0,0,0,0,0,0,0,0,0,0,0,0,0,0,0,3568,788,0
contig_49083,0,0,0,0,0,0,0,0,0,0,0,0,0,0,0,0,0,0,0,0,0,0,0,0,0,0,0,0,0,0,0,401,0,0,0,0,0,866,0,0,0,0,0,0,0,0,0,0,0,0,0,0,0,0,0,0,0,0,0,0,0,0,0,0,0,0,0,0,0,0,0,0,0,0,0,0,0,0,0,0,0,0,0,0,0,0,0,0,0,2949,584,0
contig_49085,0,0,0,0,0,0,0,0,0,0,0,0,0,0,0,0,0,0,0,0,0,0,0,0,0,0,0,0,0,0,0,0,0,0,0,0,0,0,0,0,0,0,0,0,0,0,0,0,0,0,0,0,0,0,0,0,0,0,0,0,0,0,0,0,0,0,0,0,0,0,0,0,0,0,0,0,0,0,0,107663,0,2237,397,1709,0,619,0,0,0,0,0,0
contig_4909,0,0,0,53,0,0,0,0,0,0,0,0,0,0,0,0,0,0,0,0,0,0,0,0,0,0,0,0,0,0,0,0,241,0,0,0,0,0,0,0,0,0,0,0,0,140,48,141,132,0,0,0,0,0,0,0,0,0,0,0,0,18,0,0,72,0,0,148,0,0,0,0,0,0,0,0,0,0,0,0,289,0,0,0,0,0,0,0,0,0,0,0
contig_49105,0,0,0,0,0,0,0,0,0,0,0,0,0,0,0,0,0,0,0,0,0,0,0,0,0,0,0,0,0,0,0,0,0,0,0,0,0,286,0,0,0,0,0,0,0,0,0,0,0,0,0,0,0,0,0,0,0,0,0,0,0,0,0,0,0,0,0,0,0,0,0,0,0,0,0,0,0,0,0,0,0,0,0,0,0,0,0,0,0,2464,439,0
contig_49107,0,0,0,0,0,0,0,0,0,0,0,0,0,0,0,0,0,0,0,0,0,0,0,0,0,0,0,0,0,0,0,273,0,0,0,0,0,371,0,0,0,0,0,0,0,0,0,0,0,0,0,0,0,0,0,0,0,0,0,0,0,0,0,0,0,0,0,0,0,0,0,0,0,0,0,0,0,0,0,0,0,0,0,0,0,0,0,0,0,297,0,0
contig_49113,0,0,0,0,0,0,0,0,0,0,0,0,0,0,0,0,0,0,0,0,0,0,0,0,0,0,0,0,0,0,0,48,559,128,20712,0,0,63,0,0,0,0,0,0,0,0,0,0,0,0,0,0,0,0,0,0,0,0,0,0,0,148,75,0,0,0,0,0,0,0,0,0,0,0,0,0,0,0,0,0,0,0,0,0,0,0,0,0,0,0,0,0
contig_49117,0,0,0,0,0,0,0,0,0,0,0,0,0,0,0,0,0,0,0,0,0,0,0,0,0,0,0,0,0,0,0,0,0,0,0,0,0,0,0,2057,0,346,1362,0,0,0,0,0,0,0,0,0,0,0,0,0,0,0,0,0,0,0,0,0,0,0,0,0,0,0,0,0,0,0,0,0,0,0,0,0,0,0,0,0,0,0,0,0,0,0,0,0
contig_49132,0,0,0,0,0,0,0,0,0,0,0,0,0,0,0,0,0,0,0,0,0,0,0,0,0,0,0,0,0,0,0,0,0,0,0,0,0,264,0,0,0,0,0,0,0,0,0,0,0,0,0,0,0,0,0,0,0,0,0,0,0,0,0,0,0,0,0,0,0,0,0,0,0,0,0,0,0,0,0,0,0,0,0,0,0,0,0,0,0,1113,239,0
contig_49162,0,0,0,0,0,0,0,0,0,0,0,0,0,0,0,0,0,0,0,0,0,0,0,0,0,0,0,0,0,0,0,116,0,0,0,0,0,0,0,0,0,0,0,0,0,0,0,0,0,0,0,0,0,0,0,0,0,0,0,0,0,0,0,0,0,0,0,0,0,0,0,0,0,0,0,0,0,0,0,0,0,0,0,0,0,0,0,0,0,2309,327,0
contig_49201,0,0,0,0,0,0,0,0,0,0,0,0,0,0,0,0,0,0,0,0,0,0,0,0,0,0,0,0,0,0,0,0,0,0,0,0,0,0,0,739,0,572,1997,0,0,0,0,0,0,0,0,0,0,0,0,0,0,0,0,0,0,0,0,0,0,0,0,0,0,0,0,0,0,0,0,0,0,0,0,0,0,0,0,0,0,0,0,0,0,0,0,0
contig_49202,0,0,0,0,0,0,0,0,0,0,0,0,0,0,0,0,0,0,0,0,0,0,0,0,0,0,0,0,0,0,0,0,0,0,0,0,0,692,0,0,0,0,0,0,0,0,0,0,0,0,0,0,0,0,0,0,0,0,0,0,0,0,0,0,0,0,0,0,0,0,0,0,0,0,0,0,0,0,0,0,0,0,0,0,0,0,0,0,0,994,268,0
contig_49210,0,0,0,0,0,0,0,0,0,0,0,0,0,0,0,0,0,0,0,0,0,0,0,0,0,0,0,0,0,0,0,0,0,0,0,0,0,462,0,0,0,0,0,0,0,0,0,0,0,0,0,0,0,0,0,0,0,0,0,0,0,0,0,0,0,0,0,0,0,0,0,0,0,0,0,0,0,0,0,0,0,0,0,0,0,0,0,0,0,1424,308,0
contig_49212,0,0,0,0,0,0,0,0,0,0,0,0,0,0,0,0,0,0,0,0,0,0,0,0,0,0,0,0,0,0,0,0,0,0,0,0,0,0,0,0,0,0,0,0,166,0,0,0,0,0,0,0,0,0,0,0,0,0,0,0,0,0,0,0,0,0,0,0,0,0,0,0,0,0,0,0,0,0,0,0,0,0,0,0,0,0,0,0,1100,5606,0,0
contig_49219,0,0,0,0,0,0,0,0,0,0,0,0,0,0,0,0,0,0,0,0,0,0,0,0,0,0,0,0,0,0,0,0,0,0,0,0,2108,2014,0,0,0,0,0,0,0,0,478,0,0,0,0,0,0,0,0,0,0,0,0,0,0,0,0,0,0,0,0,0,0,0,0,0,0,0,0,0,0,0,0,0,1143,0,0,0,0,0,0,0,197,0,118,0
contig_49223,0,0,0,0,0,0,0,0,0,0,0,0,0,0,0,0,0,0,0,0,0,0,0,0,0,0,0,0,0,0,0,0,0,0,0,0,0,0,0,0,0,0,0,0,0,0,0,0,0,0,0,0,0,0,0,0,0,0,0,0,0,0,0,0,0,0,0,0,0,0,0,0,0,0,0,0,0,0,0,44067,0,719,0,414,0,0,0,0,0,0,0,0
contig_49228,0,0,0,0,0,0,0,0,0,0,0,0,0,0,0,0,0,0,0,0,0,0,0,0,0,0,0,0,0,0,0,165,0,0,0,0,0,410,0,0,0,0,0,0,0,0,0,0,0,0,0,0,0,0,0,0,0,0,0,0,0,0,0,0,0,0,0,0,0,0,0,0,0,0,0,0,0,0,0,0,0,0,0,0,0,0,0,0,0,3333,689,0
contig_49233,0,0,0,0,0,0,0,0,0,0,0,0,0,0,0,0,0,0,0,0,0,0,0,0,0,0,0,0,0,0,0,0,0,0,0,0,0,0,0,0,0,0,0,0,219,0,0,0,0,0,0,0,0,0,0,0,0,0,0,0,0,0,0,0,0,0,0,0,0,0,0,0,0,0,0,0,0,0,0,0,0,0,0,0,0,0,0,0,243,2206,0,0
contig_49269,0,0,0,0,0,0,0,0,0,0,0,0,0,0,0,0,0,0,0,0,0,0,0,0,0,0,0,0,0,0,0,0,0,0,0,0,0,333,0,0,0,0,0,0,0,0,0,0,0,0,0,0,0,0,0,0,0,0,0,0,0,0,0,0,0,0,0,0,0,0,0,0,0,0,0,0,0,0,0,0,0,0,0,0,0,0,0,0,0,3521,462,0
contig_49281,0,0,0,0,0,0,0,0,0,0,0,0,0,0,0,0,0,0,0,0,0,0,0,0,0,0,0,0,0,0,0,160,0,0,0,0,0,255,0,0,0,0,0,0,0,0,0,0,0,0,0,0,0,0,0,0,0,0,0,0,0,0,0,0,0,0,0,0,0,0,0,0,0,0,0,0,0,0,0,0,0,0,0,0,0,0,0,0,0,865,146,0
contig_49297,0,0,0,0,0,0,0,0,0,0,0,0,0,0,0,0,0,0,0,0,0,0,0,0,0,0,0,0,0,0,0,0,0,0,0,0,0,171,0,0,0,0,0,0,0,0,0,0,0,0,0,0,0,0,0,0,0,0,0,0,0,0,0,0,0,0,0,0,0,0,0,0,0,0,0,0,0,0,0,0,0,0,0,0,0,0,0,0,0,1481,399,0
contig_49318,0,0,0,0,0,0,0,0,0,0,0,0,0,0,0,0,0,0,0,0,0,0,0,0,0,0,0,0,0,0,0,0,0,0,0,0,0,436,0,0,0,0,0,0,0,0,0,0,0,0,0,0,0,0,0,0,0,0,0,0,0,0,0,0,0,0,0,0,0,0,0,0,0,0,0,0,0,0,0,0,0,0,0,0,0,0,0,0,0,1667,324,0
contig_49382,0,0,0,0,0,0,0,0,0,0,0,0,0,0,0,0,89,164,4336,114,0,0,0,0,0,0,0,0,0,0,0,0,0,0,0,0,0,0,0,0,0,0,0,0,0,0,0,0,0,0,0,0,0,0,0,0,0,0,0,0,0,0,0,0,0,0,0,0,0,0,0,0,0,0,0,0,0,0,0,0,0,0,0,0,0,0,0,0,0,0,0,0
contig_49397,0,0,0,0,0,0,0,0,0,0,0,0,0,0,0,0,0,0,0,0,0,0,0,0,0,0,0,0,0,0,0,74,0,0,0,0,0,201,0,0,0,0,0,0,0,0,0,0,0,0,0,0,0,0,0,0,0,0,0,0,0,0,0,0,0,0,0,0,0,0,0,0,0,0,0,0,0,0,0,0,0,0,0,0,0,0,0,0,0,1081,262,0
contig_49399,0,0,0,0,0,0,0,0,0,0,0,0,0,0,0,0,0,0,0,0,0,0,0,0,0,0,0,0,0,0,0,0,1982,13684,469,0,0,0,0,0,0,0,0,0,0,0,0,0,0,0,0,0,0,0,0,0,0,0,0,0,0,0,0,0,0,0,0,0,0,0,0,0,0,0,0,0,0,0,0,0,0,0,0,0,0,0,0,0,0,0,0,0
contig_494,0,0,0,0,0,0,0,3649,19363,0,0,0,1869,11872,0,0,0,0,0,0,0,0,0,0,0,0,0,0,0,0,0,0,0,0,0,0,0,0,0,0,0,0,0,0,0,0,0,0,0,0,0,0,0,0,0,0,0,0,0,0,0,0,0,0,0,0,0,0,0,0,0,0,0,0,0,0,0,0,0,0,0,0,0,0,0,0,0,0,0,0,0,0
contig_49402,0,0,0,0,0,0,0,0,0,0,0,0,0,0,0,0,0,0,0,0,0,0,0,0,0,0,0,0,0,0,0,0,0,0,0,0,0,0,0,0,0,0,0,0,0,0,78,251478,126640,63997,71116,0,0,0,0,0,0,0,0,0,0,0,0,0,0,0,0,0,0,0,0,0,0,0,0,0,0,0,0,0,0,0,0,0,0,0,0,0,0,0,0,0
contig_49409,0,0,0,0,0,0,0,0,0,0,0,0,0,0,0,0,0,0,0,0,0,0,0,0,0,0,0,0,0,372,0,0,0,0,0,0,0,0,0,0,0,0,0,0,0,0,0,0,0,0,0,669,0,0,0,0,0,0,0,0,0,0,195,0,0,0,0,0,0,0,0,0,0,0,0,0,0,0,0,0,0,0,0,0,0,0,0,0,0,0,0,0
contig_49437,0,0,0,0,0,0,0,0,0,0,0,0,0,0,0,0,0,0,0,0,0,0,0,0,0,0,0,0,0,0,0,0,0,0,0,0,0,293,0,0,0,0,0,0,0,0,0,0,0,0,0,0,0,0,0,0,0,0,0,0,0,0,0,0,0,0,0,0,0,0,0,0,0,0,0,0,0,0,0,0,0,0,0,0,0,0,0,0,0,442,84,0
contig_49444,0,0,0,0,0,0,0,0,0,0,0,0,0,0,0,0,0,0,0,0,0,0,0,0,0,0,0,0,0,0,0,0,0,0,0,0,0,369,0,0,0,0,0,0,0,0,0,0,0,0,0,0,0,0,0,0,0,0,0,0,0,0,0,0,0,0,0,0,0,0,0,0,0,0,0,0,0,0,0,0,0,0,0,0,0,0,0,0,0,718,137,0
contig_49455,0,7214,0,0,0,0,3644,0,0,0,0,0,0,0,0,0,0,0,0,0,0,0,0,0,0,0,0,0,2099,0,0,0,0,0,0,0,0,0,0,0,0,0,0,0,0,0,0,1695,4916,1548,4911,0,0,0,0,0,2589,0,3965,4790,10806,1907,0,0,0,0,0,0,0,0,0,0,0,0,0,0,0,0,0,0,0,0,0,0,0,0,0,0,0,0,0,0
contig_49480,0,0,0,0,0,0,0,0,0,0,0,0,0,0,0,0,0,0,0,0,0,0,0,0,0,0,0,0,0,0,0,0,0,0,0,0,0,769,0,0,0,0,0,0,0,0,0,0,0,0,0,0,0,0,0,0,0,0,0,0,0,0,0,0,0,0,0,0,0,0,0,0,0,0,0,0,0,0,0,0,0,0,0,0,0,0,0,0,0,573,162,0
contig_49499,0,0,0,0,0,0,0,0,0,0,0,0,0,0,0,0,0,0,0,0,0,0,0,0,0,0,0,0,0,0,0,57,0,0,0,0,0,182,0,0,0,0,0,0,0,0,0,0,0,0,0,0,0,0,0,0,0,0,0,0,0,0,0,0,0,0,0,0,0,0,0,0,0,0,0,0,0,0,0,0,0,0,0,0,0,0,0,0,0,450,63,0
contig_49519,0,0,0,0,0,0,0,0,0,0,0,0,0,0,0,0,0,0,0,0,0,0,0,0,0,0,0,0,0,0,0,0,0,0,0,0,0,169,0,0,0,0,0,0,0,0,0,0,0,0,0,0,0,0,0,0,0,0,0,0,0,380,427,0,0,0,0,0,0,0,0,0,0,0,0,0,0,0,0,0,0,0,0,0,0,0,0,0,0,0,0,0
contig_49527,0,0,0,0,0,0,0,0,0,0,0,0,0,0,0,0,0,0,0,0,0,0,0,0,0,0,0,0,0,0,0,0,0,0,0,0,0,0,0,0,0,0,0,0,0,0,0,0,0,0,0,0,0,0,0,0,0,0,0,0,0,0,0,0,0,0,0,0,0,0,0,0,0,0,0,0,0,0,0,1697,0,555,93,342,0,185,0,0,0,0,0,0
contig_49541,0,0,0,0,0,0,0,0,0,0,0,0,0,0,0,0,0,0,0,0,0,0,0,0,0,0,0,0,0,0,0,180,0,0,0,0,0,301,0,0,0,0,0,0,0,0,0,0,0,0,0,0,0,0,0,0,0,0,0,0,0,0,0,0,0,0,0,0,0,0,0,0,0,0,0,0,0,0,0,0,0,0,0,0,0,0,0,0,0,401,86,0
contig_49563,0,0,0,0,0,0,0,0,0,0,0,0,0,0,0,0,0,0,0,0,0,0,0,0,0,0,0,0,0,0,0,0,0,0,0,0,0,0,0,834,0,245,1087,0,0,0,0,0,0,0,0,0,0,0,0,0,0,0,0,0,0,0,0,0,0,0,0,0,0,0,0,0,0,0,0,0,0,0,0,0,0,0,0,0,0,0,0,0,0,0,0,0
contig_49587,0,0,0,0,0,0,0,0,0,0,0,0,0,0,0,0,0,0,0,0,0,0,0,0,0,0,0,0,0,0,0,0,0,0,0,0,0,0,0,0,0,0,0,0,0,0,0,0,0,0,0,0,0,0,0,0,0,0,0,0,0,0,0,0,0,0,0,0,0,0,0,0,0,4850,170,2340,635,167,0,0,0,0,0,0,0,0,0,0,0,0,0,0
contig_49607,0,0,0,0,0,0,0,0,0,0,0,0,0,0,0,0,0,0,0,0,0,0,0,0,0,0,0,0,0,0,0,0,0,0,0,0,0,100,0,0,0,0,0,0,0,0,0,0,0,0,0,0,0,0,0,0,0,0,0,0,0,0,0,0,0,0,0,0,0,0,0,0,0,0,0,0,0,0,0,0,0,0,0,0,0,0,0,0,0,1512,267,0
contig_49614,0,0,0,1500,0,0,0,0,0,0,0,0,0,0,0,0,0,0,0,0,0,0,0,0,0,0,0,0,0,0,0,0,0,0,0,0,0,0,0,0,0,0,0,0,248,0,0,0,0,0,0,0,0,0,0,0,0,0,0,0,0,7587,0,0,0,0,0,0,0,0,0,0,0,0,0,0,0,0,0,0,0,0,0,0,0,0,0,0,0,0,0,0
contig_49624,0,0,0,2956,97,0,0,0,0,0,0,0,0,0,0,0,0,0,0,0,0,0,0,0,0,0,0,0,0,0,0,0,0,0,0,0,0,0,0,0,0,0,0,0,0,0,0,0,0,0,0,0,0,0,0,0,0,0,0,0,0,0,0,0,0,0,0,0,0,0,485,0,0,0,0,0,0,0,0,0,0,0,0,0,0,0,0,0,0,0,0,0
contig_49631,0,0,0,0,0,0,0,0,0,0,0,0,0,0,0,0,0,0,0,0,0,0,0,0,0,0,0,0,0,0,0,0,0,0,0,0,0,0,0,0,0,0,0,0,0,0,0,0,0,0,0,0,0,0,0,0,0,0,0,0,0,493,132,0,0,0,0,0,0,0,0,0,0,142,0,0,0,0,0,0,0,0,0,0,0,0,0,0,0,0,0,0
contig_49646,0,0,0,2403,0,0,6598,0,0,0,0,0,0,0,0,0,0,0,0,0,0,0,0,0,0,0,0,0,0,0,0,659,0,0,0,0,0,0,0,0,0,0,0,0,0,0,0,0,0,0,0,0,0,0,0,0,0,0,0,0,1796,1517,0,0,0,0,0,0,0,0,0,0,0,3644,0,0,0,0,0,0,0,0,0,0,0,0,2290,0,0,89,0,0
contig_49651,0,0,0,0,0,0,0,0,0,0,0,0,0,0,0,4913,1566,0,0,0,0,0,0,0,0,0,0,0,0,0,0,0,0,0,0,0,0,0,0,0,0,0,0,0,0,0,0,283,0,0,173,0,0,0,0,0,0,0,0,0,473,1839,0,0,0,0,0,0,0,0,0,0,0,0,0,0,0,0,0,0,0,0,0,0,0,0,0,0,0,0,0,0
contig_49688,0,0,0,0,494,0,0,0,0,0,0,0,0,0,0,0,0,0,0,70,0,1586,0,0,0,0,0,0,0,2297,0,1284,0,0,0,0,0,0,0,0,0,0,0,0,0,209,0,541,0,0,0,0,0,0,0,163,0,0,4155,0,0,6415,0,0,0,0,0,0,0,0,0,0,0,466,0,0,0,0,0,0,147,150,0,0,0,0,0,0,404,0,0,0
contig_497,0,0,0,27,0,0,0,0,0,0,0,0,0,0,0,86,0,0,0,0,0,56,0,0,0,0,0,0,0,0,0,0,0,0,0,0,0,0,0,0,0,0,0,0,0,0,0,0,2913,151,0,0,0,0,0,0,0,0,0,0,0,68,0,0,0,0,0,130,41,608,66,0,0,0,0,0,0,0,0,0,0,14,0,0,0,0,0,0,0,0,0,0
contig_49703,0,0,0,0,0,0,0,0,0,0,0,0,0,0,0,0,0,0,0,0,0,0,0,0,0,0,0,0,0,0,0,0,0,0,0,0,0,188,0,0,0,0,0,0,0,0,0,0,0,0,0,0,0,0,0,0,0,0,0,0,0,0,0,0,0,0,0,0,0,0,0,0,0,0,0,0,0,0,0,0,0,0,0,0,0,0,0,0,0,616,75,0
contig_49706,0,0,0,0,0,0,0,0,0,0,0,0,0,0,0,0,0,0,0,0,0,0,0,0,0,0,0,0,0,0,0,0,0,0,0,0,0,496,0,0,0,0,0,0,0,0,0,0,0,0,0,0,0,0,0,0,0,0,0,0,0,0,0,0,0,0,0,0,0,0,0,0,0,0,0,0,0,0,0,0,0,0,0,0,0,0,0,0,0,830,150,0
contig_49711,0,0,0,0,0,0,0,0,0,0,0,0,0,0,0,0,0,0,0,0,0,0,0,0,0,0,0,0,0,0,0,99,0,0,0,0,0,548,0,0,0,0,0,0,0,0,0,0,0,0,0,0,0,0,0,0,0,0,0,0,0,0,0,0,0,0,0,0,0,0,0,0,0,0,0,0,0,0,0,0,0,0,0,0,0,0,0,0,139,3612,1013,0
contig_49712,0,0,0,0,0,0,0,0,0,0,0,0,0,0,0,0,0,0,0,0,0,0,0,0,0,0,0,0,0,0,0,0,0,0,0,0,0,181,0,0,0,0,0,0,0,0,0,0,0,0,0,0,0,0,0,0,0,0,0,0,0,0,0,0,0,0,0,0,0,0,0,0,0,0,0,0,0,0,0,0,0,0,0,0,0,0,0,0,55,3462,409,0
contig_49713,0,0,0,0,0,0,0,0,0,0,0,0,0,0,0,0,0,0,0,0,0,0,0,0,0,0,0,0,0,0,0,0,0,0,0,0,0,361,0,0,0,0,0,0,0,0,0,0,0,0,0,0,0,0,0,0,0,0,0,0,0,0,0,0,0,0,0,0,0,0,0,0,0,0,0,0,0,0,0,0,0,0,0,0,0,0,0,0,0,336,63,0
contig_49723,0,0,0,0,0,0,231,0,0,0,0,0,0,0,0,0,0,0,0,0,0,0,0,0,0,0,0,0,0,504,0,0,0,0,0,0,0,0,0,0,0,0,0,0,0,0,0,0,0,0,0,0,0,0,0,0,0,0,1028,496,1998,1069,0,0,0,0,0,0,0,0,0,0,0,0,0,0,0,0,0,0,0,0,0,0,0,0,0,0,0,0,0,0
contig_49728,0,0,0,0,0,0,0,0,0,0,0,0,0,0,0,0,0,0,0,0,0,0,0,0,0,0,0,0,0,0,0,140,0,0,0,0,0,277,0,0,0,0,0,0,0,0,0,0,0,0,0,0,0,0,0,0,0,0,0,0,0,0,0,0,0,0,0,0,0,0,0,0,0,0,0,0,0,0,0,0,0,0,0,0,0,0,0,0,0,544,157,0
contig_49739,0,0,0,0,0,0,0,0,0,0,0,0,0,0,0,0,0,0,0,0,0,0,0,0,0,0,0,0,0,1231,0,0,0,0,0,0,0,0,0,0,0,0,0,0,0,0,0,0,288,0,0,0,0,0,0,0,232,0,0,0,0,248,0,0,0,0,0,0,0,0,0,0,0,0,0,0,0,0,0,0,0,0,0,0,0,0,0,0,0,0,0,0
contig_4974,0,0,0,0,0,0,0,0,0,0,0,0,0,0,0,0,0,0,0,0,0,0,0,0,0,0,0,0,0,0,0,67,0,0,0,0,0,173,0,0,0,0,0,0,0,0,0,0,0,0,0,0,0,0,0,0,0,0,0,0,0,0,0,0,0,0,0,0,0,0,0,0,0,0,0,0,0,0,0,0,0,0,0,0,0,0,0,0,0,706,121,0
contig_49756,0,0,0,0,0,0,0,0,0,0,0,0,0,0,0,0,0,0,0,0,0,0,0,0,0,0,0,0,0,0,0,0,0,0,0,0,0,78,0,0,0,0,0,0,0,0,0,0,0,0,0,0,0,0,0,0,0,0,0,0,0,155,174,0,0,0,0,0,0,0,0,0,0,0,0,0,0,0,0,0,0,0,0,0,0,0,0,0,0,0,0,0
contig_49760,0,0,0,0,0,0,0,0,0,0,0,0,0,0,0,0,0,0,0,0,0,0,0,0,0,0,0,0,0,0,0,0,0,0,0,0,0,0,0,0,0,0,0,0,0,0,0,0,0,0,0,0,0,0,0,0,2840,0,0,0,0,0,102,0,0,0,14489,0,0,0,0,0,128,0,0,0,0,0,0,0,0,0,0,0,0,0,1220,0,0,0,0,0
contig_49762,0,0,0,0,0,0,0,0,0,0,0,0,0,0,0,0,250,0,0,0,0,0,0,0,0,0,0,0,1393,1617,0,0,0,0,0,0,0,0,0,0,0,0,0,0,0,0,0,0,0,0,0,0,0,0,0,0,0,0,0,0,0,0,0,0,0,0,0,0,156,224,0,0,0,0,0,0,0,0,0,0,0,0,0,0,0,0,0,0,0,0,0,0
contig_49765,0,0,0,0,0,0,0,0,0,0,0,0,0,0,0,0,0,0,0,0,0,0,0,0,0,0,0,0,0,992,0,0,0,0,0,0,0,0,0,0,0,0,0,0,0,0,0,180,659,0,167,0,0,0,0,0,0,0,0,0,7958,12638,0,0,0,0,0,541,581,0,0,0,0,0,0,0,0,0,0,0,0,0,0,0,0,0,0,0,0,0,0,0
contig_49788,0,0,0,0,0,0,0,0,0,0,0,0,0,0,0,0,0,0,0,0,0,0,0,0,0,0,0,0,0,0,0,0,0,0,0,0,0,0,0,0,0,0,0,0,0,0,0,1760,0,0,890,0,0,0,0,0,0,0,0,0,0,3788,0,0,0,0,0,0,0,0,0,0,0,115,0,0,0,0,0,0,0,0,0,0,0,0,0,0,266,0,0,0
contig_4979,0,0,0,0,0,0,0,0,0,0,0,0,0,0,0,0,0,0,0,0,0,0,0,0,0,0,0,0,0,995,0,0,0,0,0,0,0,0,0,0,0,0,32,0,18,0,0,0,0,0,0,0,0,0,0,0,0,0,0,0,0,95,0,0,0,0,0,29,0,0,0,0,0,0,0,0,0,0,0,0,0,0,0,0,0,0,46,0,0,68,0,0
contig_498,0,0,0,0,0,13731,1363,0,0,0,0,0,0,0,0,8636,0,0,0,0,0,0,0,0,0,0,0,2586,45869,3266,0,0,0,0,0,0,0,0,0,0,0,0,0,0,0,2720,0,0,0,0,0,0,0,0,0,0,0,0,0,5639,11388,0,0,0,0,0,0,0,0,0,0,0,0,0,0,0,0,0,0,0,0,0,0,0,0,0,0,0,0,0,0,0
contig_49802,0,0,0,0,0,0,0,0,0,0,0,0,0,0,0,0,0,0,0,0,0,0,0,0,0,0,0,0,0,0,0,0,0,0,0,0,0,0,0,0,0,0,0,0,0,5467,0,0,0,0,0,0,0,559,0,0,0,0,2219,10150,0,564,0,0,0,0,0,0,0,0,0,0,0,0,0,0,0,0,0,0,2043,0,0,0,0,0,2428,0,0,2175,0,0
contig_49803,0,0,0,0,0,0,0,0,0,0,0,0,0,0,0,0,0,0,0,0,0,0,0,0,0,0,0,0,0,0,0,0,0,0,0,0,0,0,0,5827,0,0,0,0,0,0,0,0,0,0,0,0,0,0,0,0,0,0,0,0,608,0,0,0,0,0,0,0,0,0,0,0,0,1646,0,0,0,0,0,0,0,0,0,0,0,0,0,0,0,617,0,0
contig_49804,0,0,0,0,0,0,0,0,0,0,0,0,0,0,0,0,0,0,0,0,0,0,0,0,0,0,0,0,0,0,0,0,0,0,0,0,0,16,0,0,0,0,0,0,0,0,0,0,0,0,0,0,0,0,0,0,0,0,0,0,0,0,0,0,0,0,0,0,0,0,0,0,0,0,0,0,0,0,0,2279,0,0,0,0,0,0,0,0,0,449,0,0
contig_49819,0,0,0,0,0,0,0,0,0,0,0,0,0,0,0,0,0,0,0,0,0,0,0,0,0,0,0,0,0,0,0,67,0,0,0,0,0,0,0,0,0,0,0,0,0,0,0,0,0,0,0,0,0,0,0,0,0,0,0,0,0,0,0,0,0,0,0,0,0,0,0,0,0,0,0,0,0,0,0,0,0,0,0,0,0,0,0,0,0,706,155,0
contig_49852,0,0,0,0,0,0,0,0,0,0,0,0,0,0,0,0,0,0,0,0,0,0,0,0,0,0,0,0,0,0,0,0,0,0,0,0,0,0,0,0,0,0,0,0,0,0,0,0,541,525,0,0,0,0,0,0,0,0,0,0,0,924,0,0,0,0,0,1158,0,0,0,0,0,507,0,0,0,0,0,0,0,0,0,0,0,0,0,0,122,0,0,0
contig_49861,0,0,0,0,0,0,0,0,0,0,0,0,0,0,0,0,0,0,0,0,0,0,0,0,0,0,0,0,0,0,0,0,0,0,0,0,0,826,0,0,0,0,228,0,321,0,0,0,0,0,0,0,0,0,0,0,0,0,0,0,0,0,0,0,0,0,0,0,0,0,0,0,0,0,0,0,0,0,0,0,0,0,0,0,0,0,0,0,0,0,0,0
contig_49872,0,0,0,0,0,0,0,0,0,0,0,0,0,0,0,0,0,0,0,0,0,0,0,0,0,0,0,0,0,0,0,0,0,0,0,0,0,0,0,0,0,0,0,0,0,0,0,0,638,0,2540,0,0,0,0,0,836,0,0,0,9270,0,0,0,0,0,0,0,0,0,0,0,0,497,0,0,0,0,0,0,0,0,0,0,0,0,0,0,0,0,0,0
contig_49878,0,0,0,0,0,0,0,0,0,0,0,0,0,0,0,0,0,0,0,0,0,0,0,0,0,0,0,0,0,0,0,0,0,0,0,0,0,0,0,581,0,42,156,0,0,0,0,0,0,0,0,0,0,0,0,0,0,0,0,0,0,0,0,0,0,0,0,0,0,0,0,0,0,0,0,0,0,0,0,0,0,0,0,0,0,0,0,0,0,0,0,0
contig_49881,0,0,0,0,0,0,0,0,0,0,0,0,0,0,0,0,0,0,0,0,0,0,0,0,0,0,0,0,0,0,0,0,0,0,0,0,0,0,0,0,0,0,0,0,0,0,0,0,0,0,437,0,0,0,0,0,5697,0,0,5861,8636,1649,0,0,0,0,0,0,0,0,0,0,0,0,0,0,0,0,0,0,0,0,0,0,0,0,0,0,0,0,0,0
contig_49890,0,0,0,0,0,0,0,0,0,0,0,0,0,0,0,0,0,0,0,0,0,0,0,0,0,0,0,0,0,0,0,0,0,0,0,0,0,0,0,345,0,105,262,0,0,0,0,0,0,0,0,0,0,0,0,0,0,0,0,0,0,0,0,0,0,0,0,0,0,0,0,0,0,0,0,0,0,0,0,0,0,0,0,0,0,0,0,0,0,0,0,0
contig_49919,0,0,0,0,0,0,0,0,0,0,0,0,0,0,0,0,0,0,0,0,0,0,0,0,0,0,0,0,0,0,0,0,0,0,0,0,0,0,0,0,0,94,0,0,0,0,0,0,0,0,0,0,0,0,0,0,0,0,0,0,0,211,0,0,0,0,0,0,0,0,0,0,0,296,0,0,0,0,0,0,0,0,0,0,0,0,0,0,0,0,0,0
contig_49933,0,0,0,0,0,0,0,0,0,0,0,0,0,0,0,0,0,0,0,0,0,0,0,0,0,0,0,0,0,0,0,0,0,0,0,0,0,0,0,0,0,0,0,0,0,0,0,0,467,0,0,0,0,0,0,0,0,0,0,0,1320,576,0,0,0,0,0,0,0,0,0,0,0,0,0,0,0,0,0,0,0,0,0,0,0,0,0,0,0,0,0,0
contig_49941,0,0,0,0,0,0,0,0,0,0,0,0,0,0,0,0,0,0,0,0,0,0,0,0,0,0,0,0,0,0,0,0,0,0,0,0,0,3738,0,0,0,0,0,0,0,0,0,0,0,0,0,0,0,0,0,0,0,0,0,0,0,14698,0,0,0,0,0,0,0,0,0,0,0,0,0,0,0,165,0,0,0,0,0,0,0,0,0,0,0,0,0,0
contig_49949,0,0,0,0,0,0,0,0,0,0,0,0,0,0,0,0,150,0,0,0,0,0,0,0,0,0,0,0,0,0,0,0,0,0,0,0,0,804,0,0,0,0,0,0,0,0,0,0,381,0,0,0,0,0,0,0,0,0,0,0,0,2762,0,0,0,0,0,3077,0,0,0,0,0,0,0,0,0,0,0,0,0,0,0,0,0,0,0,0,0,0,0,0
contig_49950,0,0,0,0,0,0,0,0,0,0,0,0,0,0,0,0,0,0,0,0,0,0,0,0,0,0,0,0,0,0,0,0,0,0,0,0,0,70,0,0,0,0,0,0,0,0,0,0,0,0,0,0,0,0,0,0,0,0,0,0,0,0,0,0,0,0,0,0,0,0,0,0,0,0,0,0,0,0,0,0,0,0,0,0,0,0,0,0,0,697,91,0
contig_50,0,0,0,0,0,0,0,0,0,0,0,0,0,0,0,0,0,0,0,0,0,0,0,1353,0,0,0,0,0,0,0,0,0,0,0,0,0,0,0,0,0,0,0,0,0,0,0,0,0,0,0,0,0,0,0,0,0,0,0,0,0,0,0,0,0,0,0,0,0,0,0,0,0,0,0,55299,1136,40883,33,0,0,0,0,0,0,0,0,0,0,0,0,0
contig_501,0,580,0,0,0,0,172,0,0,0,0,0,0,0,1205,812,6222,0,0,27,0,0,0,0,0,0,0,805,335,1752,0,0,0,0,0,0,0,0,0,224,0,0,0,0,0,0,1743,630,2738,2191,1425,0,0,0,0,0,6285,0,4867,5883,7444,534,0,0,164,0,0,0,0,0,0,0,0,5341,0,0,0,0,0,0,0,0,0,0,0,0,0,0,0,444,0,0
contig_5011,0,0,0,0,0,0,0,0,0,0,0,0,0,0,0,139,0,0,0,20,0,0,0,0,0,0,0,0,0,0,0,0,0,0,0,0,0,0,0,0,0,0,0,0,0,0,0,0,0,0,0,0,0,84,0,0,0,0,0,0,0,190,0,0,0,0,140,0,13,0,0,0,0,3769,0,0,0,0,0,0,0,0,0,0,0,0,59,0,0,45,0,0
contig_5013,0,0,0,0,0,0,0,0,0,0,0,0,0,0,0,0,57,0,0,0,0,0,0,0,0,0,0,16,0,0,0,0,0,0,0,0,0,0,0,0,0,0,0,0,0,1889,0,0,0,0,0,0,6572,0,0,0,0,0,280,0,0,0,0,0,0,0,0,0,0,0,0,0,0,0,0,0,0,0,0,0,0,0,0,0,0,0,0,0,0,0,0,0
contig_5015,0,0,0,0,0,0,0,0,0,0,0,0,0,0,0,0,85,0,0,0,0,0,0,0,0,0,0,0,0,0,0,0,0,0,0,0,0,0,0,0,0,0,0,0,0,701,0,0,0,0,0,0,900,101,0,0,68,0,239,0,0,0,0,0,0,0,0,0,0,0,0,0,0,330,0,0,0,0,0,0,0,0,0,0,0,0,0,0,0,0,0,0
contig_5016,0,0,0,0,0,0,0,0,0,0,0,0,0,0,0,93,0,0,0,0,0,0,0,0,0,0,0,0,0,45,0,0,0,0,0,0,0,0,0,0,0,0,0,0,0,0,0,0,149,116,0,0,0,0,0,0,0,0,0,0,49,69,0,0,0,0,0,207,0,0,0,0,0,0,0,0,0,0,0,0,0,0,0,0,0,0,0,0,0,0,0,0
contig_502,0,0,0,0,0,0,0,0,0,0,0,0,0,0,1388,5261,0,0,0,0,0,0,0,0,0,0,0,1089,7655,0,0,0,0,0,0,0,0,0,0,0,0,0,0,0,0,0,0,0,0,0,0,0,0,0,0,0,0,0,0,0,6526,2337,0,0,0,0,0,0,0,0,0,0,0,133,0,0,0,0,0,0,0,0,0,0,0,0,0,0,0,0,0,0
contig_5027,0,0,0,0,0,0,0,0,0,0,0,0,0,0,0,0,0,0,0,0,0,0,0,0,0,0,0,0,0,0,0,111,0,0,0,0,0,180,0,0,0,0,0,0,0,0,0,0,0,0,0,0,0,0,0,0,0,0,0,0,0,0,0,0,0,0,0,0,0,0,0,0,0,0,0,0,0,0,0,0,0,0,0,0,0,0,0,0,0,416,192,0
contig_503,0,0,0,0,0,0,0,0,0,0,0,0,0,0,0,0,0,0,0,0,0,0,0,0,0,0,0,0,0,96,0,0,0,0,0,0,0,0,0,0,0,0,41,0,0,0,0,281,0,295,52,0,0,0,0,0,0,0,0,0,0,92,0,0,0,0,0,0,0,183,0,0,0,0,0,0,0,0,0,0,16,0,0,0,0,0,0,0,76,0,0,0
contig_504,0,0,0,0,0,532,598,0,0,0,0,0,0,0,0,0,0,0,0,0,0,0,0,0,0,0,0,0,0,0,0,0,0,0,0,0,0,0,0,0,0,0,0,0,0,6106,508,1665,110,0,0,0,0,241,0,0,0,0,0,21069,0,284,0,2554,817,0,0,1329,1376,0,0,0,0,0,0,0,0,0,0,0,840,0,0,0,0,0,0,0,0,0,0,0
contig_505,0,112,0,0,0,0,0,0,0,0,0,0,0,0,0,0,0,0,0,0,0,0,0,0,0,0,0,0,0,52,0,0,0,0,0,0,0,0,0,0,0,0,0,0,0,0,0,0,420,0,0,0,0,0,0,0,98,0,0,0,44,176,0,0,0,0,0,0,0,0,0,0,0,419,0,0,0,0,0,0,0,0,0,0,0,0,0,0,0,0,0,0
contig_506,0,0,0,0,0,0,0,0,0,0,0,0,0,0,0,0,49,18,0,0,0,0,0,0,0,0,0,0,0,41,0,0,0,0,0,0,0,0,0,0,0,0,0,0,20,0,0,0,0,125,107,0,0,0,0,0,0,0,0,0,26,0,0,0,0,0,0,0,0,0,0,0,27,280,0,0,0,0,0,0,0,0,0,0,0,0,0,0,102,0,0,0
contig_5089,0,0,0,0,0,0,0,0,0,0,0,0,0,0,0,0,0,0,0,0,0,0,0,0,0,0,0,0,0,0,0,0,0,0,0,0,0,0,0,0,0,0,0,0,0,0,0,1761,242,218,3513,0,0,0,0,0,14,0,0,0,121,180,0,0,0,0,0,0,0,83,0,0,0,0,0,0,0,0,0,0,0,0,0,0,0,0,0,0,0,0,0,0
contig_5090,0,0,0,228,0,0,0,0,0,0,0,0,0,0,0,0,0,0,0,0,0,0,0,0,0,0,0,0,0,0,0,0,0,0,0,0,0,0,0,0,0,0,0,0,0,0,0,655,0,0,0,0,0,0,0,0,0,0,0,0,0,0,0,0,0,0,0,534,0,0,0,0,0,0,0,0,0,0,0,0,0,0,0,0,0,0,0,0,0,0,0,0
contig_5098,0,0,0,0,0,0,0,0,0,0,0,0,0,0,0,0,0,0,0,0,0,0,0,0,0,0,0,0,0,0,0,44,349,98,0,0,0,83,0,0,0,0,0,0,0,0,0,0,0,0,0,0,0,0,0,0,0,0,0,0,0,0,0,0,0,0,0,0,0,0,0,0,0,0,0,0,0,0,0,0,0,0,0,0,0,0,0,0,0,0,0,0
contig_51,0,0,0,0,0,0,0,0,0,0,0,0,0,0,0,0,0,0,0,0,0,0,0,1225,0,0,0,0,0,0,0,0,0,0,0,0,0,0,0,0,0,0,0,0,0,0,0,0,0,0,0,0,0,0,0,0,0,0,0,0,0,0,0,0,0,0,0,0,0,0,0,0,0,0,0,18303,179,51139,0,0,0,0,0,0,0,0,0,0,0,0,0,0
contig_511,0,0,0,725,0,0,0,0,0,0,0,0,0,0,9195,0,0,0,0,0,0,0,0,0,0,0,0,0,0,0,0,0,0,0,0,0,0,0,0,0,0,0,0,0,0,0,0,828,1112,1028,382,0,0,0,0,0,612,0,0,0,8106,1139,0,0,0,0,0,0,0,0,0,0,0,578,0,0,0,0,0,0,0,0,0,0,0,0,0,0,0,0,0,0
contig_512,0,14331,0,0,0,0,0,0,0,0,0,0,0,0,0,0,0,0,0,0,0,0,0,0,0,0,0,0,0,1946,0,0,0,0,0,0,0,0,0,0,0,0,0,0,0,0,0,0,0,0,478,0,0,0,0,0,422,0,0,2909,33047,1195,0,0,0,0,0,732,176,0,0,0,0,363,0,0,0,0,0,0,0,0,0,0,0,0,0,0,0,0,0,0
contig_5127,0,0,0,0,0,0,0,0,0,0,0,0,0,0,0,0,0,0,0,0,0,0,0,0,0,0,0,0,0,0,0,0,0,0,0,0,0,0,0,0,0,0,0,0,42,0,0,0,0,0,0,0,0,0,0,0,0,0,0,0,0,37,0,0,0,0,0,0,0,0,0,0,0,300,0,0,0,0,0,0,0,0,0,0,0,0,0,0,0,0,0,0
contig_513,0,0,0,0,0,0,0,0,0,0,0,0,0,0,0,0,0,0,0,0,0,0,0,0,0,0,0,0,0,0,0,0,0,0,0,0,0,213,0,0,0,0,151,0,52,0,0,0,0,0,0,0,0,0,0,0,0,0,0,0,0,273,0,0,0,0,0,78,0,0,0,0,0,0,0,0,0,0,0,0,0,0,0,0,0,0,0,0,0,0,0,0
contig_514,0,0,0,0,0,0,0,0,0,0,0,0,0,0,0,0,0,0,0,0,0,0,0,0,0,0,0,0,0,0,0,335,0,0,0,0,0,0,0,0,0,0,0,0,0,0,0,0,0,0,0,0,0,0,0,0,0,0,0,0,0,76,0,0,0,0,0,198,434,62,0,0,0,0,0,0,0,0,0,0,0,0,0,0,0,0,0,0,0,0,0,0
contig_517,0,0,0,0,0,0,0,0,0,0,0,0,0,0,0,0,0,0,0,0,0,0,0,0,0,0,0,0,0,0,0,0,0,0,0,0,0,149,0,0,0,0,0,0,0,0,0,0,105,0,0,0,0,0,0,0,0,0,0,0,0,0,0,0,0,0,0,0,0,0,0,0,0,288,0,0,0,0,0,0,0,0,0,0,0,0,0,0,0,0,0,0
contig_5198,0,0,0,0,0,0,0,0,0,0,0,0,0,0,0,0,58,114,3259,109,0,0,0,0,0,0,0,0,0,0,0,0,0,0,0,0,0,0,0,0,0,0,0,0,0,0,0,0,0,0,0,0,0,0,0,0,0,0,0,0,0,0,0,0,0,0,0,0,0,0,0,0,0,0,0,0,0,0,0,0,0,0,0,0,0,0,0,0,0,0,0,0
contig_520,0,0,0,15,0,0,28,0,0,0,0,0,0,0,0,0,0,0,0,0,0,0,0,0,0,0,0,0,73,0,0,0,0,0,0,0,0,0,0,0,0,0,0,0,0,334,0,1869,0,54,934,0,735,0,8727,0,0,0,0,0,0,145,0,0,0,0,0,1543,0,0,0,0,0,0,0,0,0,0,0,0,0,0,0,0,0,0,0,0,88,551,0,0
contig_521,0,48,0,0,0,0,0,0,0,0,0,0,0,0,0,0,46,0,0,0,0,0,0,0,0,0,0,0,284,241,106,0,0,0,0,0,0,0,0,138,0,0,0,0,0,0,67,55,83,29,172,54,0,10,0,0,618,0,0,0,58,0,0,0,0,0,0,0,0,0,0,0,0,398,0,0,0,0,0,0,0,0,0,0,0,0,269,0,0,239,0,0
contig_522,0,0,41,0,0,0,0,0,0,0,0,0,0,0,0,0,0,53,0,92,0,0,0,0,0,0,0,0,0,0,0,0,2567,0,426,0,0,141,0,624,14061,52,192,62,140,0,0,76,11997,1548,338,1973,2266,35652,0,3079,0,1742,0,0,0,0,1663,0,0,0,586,1624,878,2445,967,0,0,0,0,0,0,0,0,0,0,0,0,0,0,0,11609,0,53,6995,57,0
contig_523,0,0,0,1058,0,0,0,0,0,0,0,0,0,0,0,0,566,0,0,0,0,0,0,0,0,0,0,0,0,0,0,0,0,0,0,0,0,0,0,0,0,0,0,0,0,0,0,0,0,397,0,0,0,161,0,0,0,0,0,818,0,248,0,0,0,0,0,1010,0,0,0,0,0,0,0,0,0,0,0,0,0,0,0,0,0,0,0,0,46,406,0,0
contig_5246,0,0,0,0,0,0,0,0,0,0,0,0,0,0,0,0,0,0,0,0,0,0,0,21,0,0,0,0,0,0,0,0,0,0,0,0,0,0,0,0,0,0,0,0,17,0,0,0,0,0,0,0,0,0,0,0,0,0,0,0,0,56,18,0,0,0,0,0,0,0,0,0,0,0,0,0,0,0,0,0,0,0,0,0,0,0,0,0,11,13,0,0
contig_5247,0,0,0,0,0,0,0,0,0,0,0,0,0,0,0,0,0,0,0,0,0,0,0,18,0,0,0,0,0,0,0,0,0,0,0,0,0,11,0,51,0,0,0,0,16,0,0,0,0,0,0,0,0,0,0,0,0,0,0,0,0,179,22,0,0,0,0,0,0,0,0,0,0,43,0,0,0,0,0,0,0,0,0,0,0,0,0,0,0,46,0,0
contig_5248,0,0,0,0,0,0,0,0,0,0,0,0,0,0,0,0,0,0,0,0,0,0,0,0,0,0,0,0,0,0,0,0,0,0,0,0,0,0,0,0,0,0,0,0,0,0,0,0,0,0,0,0,0,0,0,0,0,0,0,0,0,288,190,0,0,0,0,0,0,0,0,0,0,0,0,0,0,0,0,0,0,0,0,0,0,0,0,0,0,156,0,0
contig_525,0,0,0,0,0,0,0,0,0,0,0,0,0,0,0,0,0,0,0,0,0,0,0,0,0,0,0,0,0,0,0,131,0,0,203,226,0,0,0,5978,0,0,0,0,0,0,0,0,0,0,0,0,0,0,0,0,0,677,0,0,0,0,0,0,0,0,0,0,0,0,0,0,0,0,0,0,0,0,0,0,0,0,0,0,0,0,0,0,0,463,0,0
contig_53,0,0,0,0,0,0,0,0,0,0,0,0,0,0,0,0,0,0,0,0,0,0,0,0,0,0,0,0,0,0,0,0,0,0,0,0,0,0,0,0,0,0,0,0,0,0,0,0,0,0,0,0,0,0,0,0,0,0,0,0,0,0,0,0,0,0,0,0,0,0,0,0,0,0,0,8006,155,12105,0,0,0,0,0,0,0,0,0,0,0,0,0,0
contig_534,0,0,0,0,0,0,0,0,0,0,0,0,0,0,0,0,0,0,0,0,0,0,0,0,0,0,0,0,0,0,0,0,0,0,0,0,0,0,0,0,0,0,152,0,89,0,0,0,0,0,0,0,0,0,0,0,0,0,0,0,0,0,0,0,0,0,0,0,0,0,0,0,0,917,0,0,0,0,0,0,0,0,0,0,0,0,0,0,0,0,0,0
contig_538,0,0,0,0,0,0,0,0,0,0,0,0,0,0,0,0,0,0,0,0,0,0,0,0,0,0,0,0,0,0,0,0,174,0,0,0,0,0,0,0,0,0,74,0,0,0,0,0,0,0,0,0,0,0,0,0,0,0,0,0,0,0,0,1208,0,0,0,0,0,0,0,0,0,0,0,0,0,0,0,0,0,0,0,0,0,0,0,0,0,2079,0,0
contig_544,0,0,0,0,0,0,0,0,0,0,0,0,0,0,0,0,0,0,0,0,0,0,0,0,0,0,0,0,0,0,0,0,10,0,0,0,0,0,0,0,0,0,0,0,0,0,0,0,0,0,0,0,0,17,0,0,0,0,0,0,0,0,0,0,0,0,0,0,0,0,0,0,0,0,0,0,0,0,0,0,0,0,72,0,0,0,0,0,0,0,0,0
contig_545,0,0,0,0,0,0,0,0,0,0,0,0,0,0,0,0,0,0,0,0,0,0,0,0,0,0,0,0,0,0,0,0,14,0,0,0,0,0,0,0,0,0,34,0,15,0,0,0,0,0,0,10,0,35,0,0,0,0,0,0,0,0,0,0,0,0,0,0,0,0,0,0,0,52,0,0,0,0,0,0,0,0,54,0,0,0,0,0,0,0,0,0
contig_5520,0,0,0,0,0,0,0,0,0,0,0,0,0,0,0,0,0,0,0,0,0,0,0,0,0,0,0,0,0,0,0,0,0,0,0,0,0,0,0,944,0,260,653,0,0,0,0,0,0,0,0,0,0,0,0,0,0,0,0,0,0,0,0,0,0,0,0,0,0,0,0,0,0,0,0,0,0,0,0,0,0,0,0,0,0,0,0,0,0,0,0,0
contig_554,0,0,0,0,0,0,0,0,0,0,0,0,0,0,0,0,0,0,0,0,0,0,0,0,0,0,0,0,0,0,0,0,0,0,0,0,0,131,0,0,0,0,0,0,0,0,0,0,0,0,0,0,0,0,0,0,0,0,0,0,0,0,0,0,0,0,0,0,0,0,0,0,0,0,0,0,0,0,0,0,0,0,0,0,0,0,0,0,0,582,269,0
contig_557,0,0,0,0,0,0,0,0,0,0,0,0,0,0,0,0,0,0,0,0,0,0,0,0,0,0,0,0,0,0,0,0,0,0,0,0,0,1757,0,0,0,0,0,0,0,0,0,0,0,0,0,0,0,0,0,0,0,0,0,0,0,0,0,0,0,0,0,0,0,0,0,0,0,0,0,0,0,0,0,0,0,0,0,0,0,0,0,0,251,15864,2107,0
contig_558,0,0,0,0,0,0,0,0,0,0,0,0,0,0,0,0,0,0,0,0,0,0,0,0,0,0,0,0,0,0,0,0,0,0,0,0,0,53,0,0,0,0,0,0,0,0,0,0,0,0,0,0,0,0,0,0,0,0,0,0,0,0,0,0,0,0,0,0,0,0,0,0,0,0,0,0,0,0,0,0,0,0,0,0,0,0,0,0,0,750,163,0
contig_559,0,0,0,0,0,0,0,0,0,0,0,0,0,0,0,0,0,0,0,0,0,0,0,0,0,0,0,0,0,0,0,0,295,277,0,0,0,1017,0,0,0,0,0,0,0,0,0,0,0,0,0,0,0,0,0,0,0,0,0,0,0,0,0,0,0,0,0,0,0,0,0,0,0,0,0,0,0,1307,0,0,0,0,0,0,0,0,0,0,0,0,0,0
contig_563,0,0,0,0,0,0,0,0,0,0,0,0,0,0,0,0,0,0,0,0,0,0,0,0,0,0,0,0,0,0,0,0,0,0,0,0,0,663,0,0,0,0,0,0,0,0,0,0,0,0,0,0,0,0,0,0,0,0,0,0,0,0,0,0,0,0,0,0,0,0,0,0,0,0,0,0,0,0,0,0,0,0,0,0,0,0,0,0,0,844,273,0
contig_5692,0,0,0,0,0,0,0,0,0,0,0,0,0,0,0,0,0,0,0,0,0,0,0,0,0,0,0,0,0,0,0,0,0,0,0,0,0,0,0,0,0,0,0,0,0,0,0,628,0,0,1027,0,0,0,0,0,0,0,0,0,9162,928,0,0,0,0,0,1080,0,0,0,0,0,0,0,0,0,0,0,0,0,0,0,0,0,0,0,0,0,0,0,0
contig_570,0,0,0,0,0,0,0,0,0,0,13,16,0,0,0,0,0,0,0,0,0,0,0,0,0,0,0,0,0,0,0,0,0,0,0,0,0,0,0,0,0,0,0,0,0,0,0,0,0,0,0,0,0,0,0,0,0,0,0,0,0,0,0,0,0,0,0,0,0,0,0,0,0,130,0,0,0,54,0,0,0,0,0,0,0,0,0,0,0,0,0,0
contig_5703,0,0,0,636,0,0,0,0,0,0,0,0,0,0,0,0,0,0,0,0,0,0,0,0,0,0,0,0,0,0,0,0,0,0,0,0,0,0,0,771,0,0,0,0,0,0,0,0,3698,0,4645,0,0,1527,0,0,0,0,0,0,0,1787,0,0,0,0,0,80,0,0,0,0,0,0,0,0,0,0,0,0,0,0,0,0,0,0,9620,0,187,2129,0,0
contig_5704,0,0,0,0,0,0,0,0,0,0,0,0,0,0,0,0,1958,29,0,55,0,0,0,0,0,0,0,0,0,198,124,0,0,0,1445,0,0,12,0,0,0,0,0,0,95,0,0,0,468,40,27,0,0,0,0,19,0,0,0,0,0,0,216,0,0,0,0,0,262,0,0,0,0,22,0,0,26,0,0,0,0,0,0,0,0,0,5732,0,55,9550,0,0
contig_5705,0,0,0,0,0,0,211,0,0,0,0,0,0,0,0,0,0,0,0,0,0,0,0,0,0,0,0,414,412,0,0,0,0,0,0,0,0,0,0,0,0,0,0,0,0,0,0,0,0,0,0,0,0,0,0,0,0,0,284,0,0,0,0,0,0,0,0,0,0,0,0,0,0,0,0,0,0,0,0,0,0,0,0,0,0,0,0,0,0,0,0,0
contig_5719,0,0,0,0,0,0,0,0,0,0,0,0,0,0,0,0,0,0,0,0,0,185,0,0,0,0,0,0,0,0,0,0,0,0,0,0,0,78,0,0,0,0,0,0,0,0,0,0,0,0,0,0,0,0,0,0,0,0,0,0,0,0,0,0,0,0,0,0,0,0,0,0,0,0,0,0,0,0,0,0,0,0,0,0,0,0,0,0,0,0,47,0
contig_5769,0,0,0,0,0,0,0,0,0,0,0,0,0,0,0,0,496,0,0,0,0,0,0,0,0,0,0,0,0,0,0,0,0,0,0,0,0,0,0,0,0,0,0,0,0,0,0,0,372,0,0,0,0,0,0,0,0,0,0,0,0,754,0,0,0,0,0,0,0,0,0,0,0,0,0,0,0,0,0,0,0,0,0,0,0,0,0,0,0,0,0,0
contig_5788,0,0,0,2225,0,0,0,0,0,0,0,0,0,0,0,0,0,0,0,0,0,0,0,0,0,0,0,0,0,0,0,0,0,0,0,0,0,0,0,0,0,0,0,0,81,0,0,0,0,0,0,0,0,0,0,0,0,0,0,0,0,2310,0,0,0,0,0,0,0,0,0,0,0,0,0,0,0,0,0,0,0,0,0,0,0,0,0,0,0,0,0,0
contig_579,0,0,0,0,0,0,0,0,0,0,0,0,0,0,0,0,0,0,0,0,0,0,0,0,0,0,0,0,0,0,0,0,0,261227,0,0,18366,5258,0,0,0,0,0,0,0,0,0,0,0,0,0,0,0,0,0,0,0,0,0,0,0,0,0,0,0,0,0,0,0,0,0,0,0,0,0,0,0,0,0,0,0,0,0,0,0,0,0,0,0,0,0,0
contig_584,0,0,0,0,0,0,0,0,0,0,0,0,0,0,0,0,0,0,0,0,0,0,0,0,0,0,0,0,0,0,0,0,0,55809,0,0,8520,3388,0,0,0,0,0,0,0,0,0,0,0,0,0,0,0,0,0,0,0,0,0,0,0,0,0,0,0,0,0,0,0,0,0,0,0,0,0,0,0,0,0,0,0,0,0,0,0,0,0,0,0,0,0,0
contig_59,0,0,0,0,0,0,0,0,0,0,0,0,0,0,0,0,0,0,0,0,0,0,0,0,0,0,0,0,0,0,0,0,0,0,0,0,0,0,0,0,0,0,0,0,0,0,0,0,0,0,0,0,0,0,0,0,0,0,0,0,0,0,0,0,0,0,0,0,0,0,0,0,0,0,0,48151,152,8775,0,0,0,0,0,0,0,0,0,0,0,0,0,0
contig_5943,0,0,0,0,0,0,0,0,0,0,0,0,0,0,0,0,0,0,0,0,0,0,0,0,0,0,0,0,0,0,0,0,0,0,0,0,0,0,0,0,0,0,0,0,0,0,61,73,0,0,0,0,0,0,0,0,0,0,0,0,0,19,0,0,0,0,0,130,20,0,0,0,0,0,0,0,0,0,0,0,0,0,0,0,0,0,0,0,0,0,0,0
contig_5944,0,0,0,495,0,556,339,0,0,0,0,0,0,0,0,0,0,0,0,0,0,38,0,0,0,0,0,0,0,0,160,0,0,0,0,0,0,367,0,0,0,0,0,15,0,133,207,331,71,0,0,0,0,202,0,0,0,0,0,0,0,145,130,0,885,0,0,690,12888,0,0,0,0,0,0,0,0,0,0,0,149,0,0,0,0,0,0,0,0,0,0,0
contig_5946,0,0,0,0,0,0,0,0,0,0,0,0,0,0,0,0,0,0,0,0,0,0,0,0,0,0,0,0,0,0,0,0,0,0,0,0,0,0,0,0,0,0,0,0,0,0,0,0,0,0,0,0,0,0,0,0,0,0,0,0,0,15,0,0,0,0,0,207,0,0,0,0,0,0,0,0,0,0,0,0,172,0,0,0,0,0,0,0,0,0,0,0
contig_5947,0,0,0,37,0,0,0,0,0,0,0,0,0,0,0,0,0,0,0,0,0,0,0,0,0,0,0,0,0,0,169,0,0,0,0,0,0,0,0,0,0,0,0,0,0,0,20,192,108,62,0,0,0,0,0,0,0,0,0,0,0,0,169,0,0,0,0,111,198,0,0,0,0,0,0,0,0,0,0,0,145,0,0,0,0,0,0,0,0,0,0,0
contig_5948,0,0,0,37,0,0,14,0,0,0,0,0,0,0,0,0,0,0,0,0,0,18,0,0,0,0,0,0,0,0,0,57,267,0,0,0,0,0,0,0,0,0,0,0,0,58,39,147,144,66,0,0,0,0,0,0,0,0,0,0,0,30,0,0,72,0,0,106,218,0,0,0,0,0,0,0,0,0,0,0,280,0,0,0,0,0,0,0,0,0,0,0
contig_5949,0,1766,0,0,0,0,0,0,0,0,0,0,0,0,5332,3246,0,0,0,0,0,0,0,0,0,0,0,0,4451,1668,0,0,0,0,0,0,0,0,0,0,0,0,0,0,0,991,0,1125,760,449,347,0,0,0,0,0,177,0,0,1520,7136,326,0,0,437,0,0,254,0,0,0,0,0,0,0,0,0,0,0,0,211,0,0,0,0,0,0,0,0,1265,0,0
contig_5950,0,3902,0,0,0,0,0,0,0,0,0,0,0,0,9653,24920,10786,0,0,0,0,0,0,0,0,0,0,5888,0,1208,0,0,0,0,0,0,0,0,0,0,0,0,0,0,0,0,0,0,211,0,0,0,0,0,0,0,266,0,3065,4015,7710,0,0,0,0,0,37,182,0,0,0,0,0,0,0,0,0,0,0,0,0,0,0,0,0,0,0,0,0,0,0,0
contig_5952,0,0,0,0,0,0,0,0,0,0,0,0,0,0,0,0,0,0,0,0,0,0,0,0,0,0,0,0,0,0,0,0,65,0,0,0,0,0,0,0,0,0,0,0,0,0,0,0,2420,0,1238,0,0,0,0,0,0,0,0,0,0,0,0,0,0,0,0,0,0,0,0,0,0,0,0,0,0,0,0,0,0,0,0,0,0,0,0,0,0,0,0,0
contig_6,0,0,0,0,0,0,0,0,0,0,0,0,0,0,0,0,0,0,0,0,0,0,0,0,0,0,0,0,0,0,0,37,0,0,0,0,0,44,0,0,0,0,0,0,0,0,0,0,0,0,0,0,0,0,0,0,0,0,0,0,0,0,0,0,0,0,0,0,0,0,0,0,0,0,0,0,0,0,0,0,0,0,0,0,0,0,0,0,0,409,140,0
contig_6029,0,4635,0,0,0,0,0,0,0,0,0,0,0,0,0,0,522,0,0,0,0,0,0,0,0,0,0,0,451,1985,0,324,0,0,0,0,0,0,0,0,0,0,0,0,0,1361,0,0,1740,0,0,0,0,0,0,0,0,0,0,0,7614,226,0,0,0,0,0,0,0,0,0,0,0,0,0,0,0,0,0,0,0,0,0,0,0,0,0,0,0,0,0,0
contig_6030,0,573,36,0,0,0,48,0,0,0,0,0,0,0,0,4753,48,0,0,0,0,0,0,0,0,0,0,0,91,148,0,0,0,0,0,0,0,0,0,621,0,0,0,0,0,0,36,0,57,0,125,0,0,0,0,0,45,0,46,0,0,0,0,0,0,0,0,0,0,0,0,0,0,116,0,0,0,0,0,0,0,0,0,0,0,0,0,0,0,0,0,0
contig_6031,0,0,0,0,0,0,0,0,0,0,0,0,0,0,0,0,0,0,0,0,0,0,0,0,0,0,0,0,67,75,0,0,0,0,0,0,0,0,0,144,0,0,0,0,0,0,0,0,0,0,0,0,0,0,0,0,0,0,0,0,0,0,0,0,0,0,0,0,0,0,0,0,0,0,0,0,0,0,0,0,0,0,0,0,0,0,0,0,0,62,0,0
contig_6038,0,0,0,0,0,0,0,0,0,0,0,0,0,0,0,0,0,0,0,0,0,0,0,0,0,0,0,0,0,0,0,0,0,0,0,0,0,144,0,0,0,0,0,0,0,0,0,0,0,0,0,0,0,0,0,0,0,0,0,0,0,0,0,0,0,0,0,0,0,0,0,0,0,0,0,0,0,0,0,0,0,0,0,0,0,0,0,0,0,208,40,0
contig_6070,0,0,0,0,0,0,0,0,0,0,0,0,0,0,0,0,0,0,0,0,0,0,0,0,0,0,0,0,0,0,0,0,0,0,0,0,0,0,0,0,0,0,0,0,0,0,0,0,295,0,0,0,0,0,0,0,0,0,0,0,0,937,0,0,0,0,0,4568,0,0,0,0,0,0,0,0,0,0,0,0,0,0,0,0,0,0,0,0,0,0,0,0
contig_6174,0,0,0,0,0,0,0,0,0,0,0,0,0,0,0,0,911,735,0,257,0,0,0,0,463,0,0,0,0,0,0,0,0,0,0,0,0,0,0,0,0,0,0,0,0,0,0,0,0,0,0,0,0,0,0,0,0,0,0,0,0,875037,0,0,0,0,0,0,0,2585,0,0,0,0,0,0,0,0,0,0,0,0,0,0,0,0,0,0,0,0,0,0
contig_6194,0,0,0,0,0,0,0,0,0,0,0,0,0,0,0,0,0,0,0,0,0,0,0,0,0,0,0,0,0,1453,0,0,0,0,0,0,0,0,0,0,0,0,0,0,0,0,0,131,0,0,0,0,0,0,0,0,625,0,0,0,3437,1570,0,0,0,0,0,180,0,0,0,0,0,2482,0,0,0,0,0,0,0,0,0,0,0,0,0,0,0,0,0,0
contig_6206,0,0,0,0,0,0,0,0,0,0,0,0,0,26,0,0,0,0,0,0,0,0,0,0,0,0,40,0,0,0,0,121,404,0,0,0,0,465,0,0,0,0,0,0,219,0,0,0,0,0,0,0,0,0,0,0,0,0,0,0,0,0,0,0,0,0,0,0,0,0,0,0,0,0,0,0,0,0,0,0,0,0,0,0,0,0,0,0,0,0,0,0
contig_6259,0,0,0,0,0,0,0,0,0,0,0,0,0,0,0,0,0,0,0,0,0,0,0,0,0,0,0,251,0,0,0,0,0,0,0,0,0,0,0,0,0,0,0,0,0,0,0,0,0,0,0,0,0,0,0,0,0,0,0,0,0,0,0,0,0,0,0,410,21952,0,0,0,0,0,0,0,0,0,0,0,0,0,0,0,0,0,0,0,0,0,0,0
contig_6261,0,0,0,0,0,0,0,0,0,0,0,0,0,0,0,0,0,0,0,0,0,0,0,0,0,0,0,27,0,0,0,0,0,0,0,0,0,0,0,0,0,0,0,0,0,214,0,0,0,0,0,0,0,0,0,0,0,0,0,80,0,0,0,0,0,0,0,33,0,0,0,0,0,0,0,0,0,0,0,0,0,0,0,0,0,0,369,0,0,38,0,0
contig_631,0,0,0,0,0,0,0,0,0,0,0,0,0,0,0,0,0,0,0,0,0,0,0,0,0,0,0,0,0,0,0,599,0,0,0,0,0,753,0,0,0,0,0,0,0,0,0,0,0,0,0,0,0,0,0,0,0,0,0,0,0,0,0,0,0,0,0,0,0,0,0,0,0,0,0,0,0,0,0,0,0,0,0,0,0,0,0,0,346,10065,1893,0
contig_632,0,0,0,0,0,0,0,0,0,0,0,0,0,0,0,0,0,0,0,0,0,0,0,0,0,0,0,0,0,0,0,51,0,0,0,0,0,51,0,0,0,0,0,0,0,0,0,0,0,0,0,0,0,0,0,0,0,0,0,0,0,0,0,0,0,0,0,0,0,0,0,0,0,0,0,0,0,0,0,0,0,0,0,0,0,0,0,0,0,311,45,0
contig_6340,0,0,0,0,0,0,0,0,0,0,0,0,0,0,0,0,0,0,0,0,0,0,0,0,0,0,0,0,0,0,0,125,0,0,0,0,0,230,0,0,0,0,0,0,0,0,0,0,0,0,0,0,0,0,0,0,0,0,0,0,0,0,0,0,0,0,0,0,0,0,0,0,0,0,0,0,0,0,0,0,0,0,0,0,0,0,0,0,0,3561,950,0
contig_6353,0,0,0,0,0,0,0,0,0,0,0,0,0,0,0,0,0,0,0,0,0,0,0,0,0,0,0,0,0,0,0,0,0,0,0,0,0,111,0,0,0,0,0,0,0,0,0,0,0,0,0,0,0,0,0,0,0,0,0,0,0,0,0,0,0,0,0,0,0,0,0,0,0,0,0,0,0,0,0,0,0,0,0,0,0,0,0,0,0,1220,217,0
contig_64,0,0,0,0,0,0,0,0,0,0,0,0,0,0,0,0,0,0,0,0,0,0,0,6244,0,0,0,0,0,0,0,0,0,0,0,0,0,0,0,0,0,0,0,0,0,0,0,0,0,0,0,0,0,0,0,0,0,0,0,0,0,0,0,0,0,0,0,0,0,0,0,0,0,0,0,141884,0,65296,0,0,0,0,0,0,0,0,0,0,0,0,0,0
contig_6408,0,0,1769,0,0,0,0,0,0,0,0,0,0,0,0,0,1763,0,0,0,0,0,0,0,0,0,0,0,0,2702,0,0,2256,0,0,0,0,0,0,2767,5365,0,0,0,0,0,0,0,1395,420,0,0,0,3353,0,0,0,0,0,0,0,0,0,3086,641,0,0,2544,960,0,0,0,0,0,0,0,0,0,0,0,0,0,0,0,0,0,7313,0,0,3740,0,0
contig_6460,0,0,0,0,0,0,0,0,0,0,0,0,0,0,0,0,0,0,0,0,0,0,0,0,0,0,0,0,0,0,0,223,0,0,0,0,0,138,0,0,0,0,0,0,0,0,0,0,0,0,0,0,0,0,0,0,0,0,0,0,0,0,0,0,0,0,0,0,0,0,0,0,0,0,0,0,0,0,0,0,0,0,0,0,0,0,0,0,0,137,0,0
contig_65,0,0,0,0,0,0,0,0,0,0,0,0,0,0,0,0,0,0,0,0,0,0,0,547,0,0,0,0,0,0,0,0,0,0,0,0,0,0,0,0,0,0,0,0,0,0,0,0,0,0,0,0,0,0,0,0,0,0,0,0,0,0,0,0,0,0,0,0,0,0,0,0,0,0,0,55495,149,11005,0,0,0,0,0,0,0,0,0,0,0,0,0,0
contig_6502,0,0,0,0,0,0,0,0,0,0,0,0,0,0,0,0,0,0,0,0,0,0,0,0,0,0,0,0,0,0,0,0,0,0,0,0,0,0,0,0,0,0,88,0,67,0,0,0,0,0,0,0,0,0,0,0,0,0,0,0,0,0,0,0,0,0,0,0,0,0,0,0,0,0,0,0,0,0,0,0,0,0,0,0,0,0,784,0,118,0,0,0
contig_6534,0,0,0,0,0,0,0,0,0,0,0,0,0,0,0,0,0,0,0,0,0,0,0,0,0,0,0,0,0,0,0,0,0,0,0,0,0,0,0,0,0,0,0,0,0,0,0,0,0,0,0,0,0,0,0,0,0,0,0,0,0,0,0,0,5771,0,0,4412,3583,0,0,0,0,0,0,0,0,0,0,0,0,0,0,0,0,0,0,0,0,0,0,0
contig_6570,0,0,0,0,0,0,0,0,0,0,0,0,0,0,0,0,0,0,0,0,0,0,0,0,0,0,0,0,0,0,0,47,0,0,0,0,0,110,0,0,0,0,0,0,0,0,0,0,0,0,0,0,0,0,0,0,0,0,0,0,0,0,0,0,0,0,0,0,0,0,0,0,0,0,0,0,0,0,0,0,0,0,0,0,0,0,0,0,0,153,0,0
contig_6581,0,0,0,0,0,0,0,0,0,0,0,0,0,0,0,0,0,0,0,0,0,0,0,0,0,0,0,0,0,140,0,0,0,0,0,0,0,0,0,0,0,0,0,0,0,0,0,0,0,0,0,0,0,0,0,0,0,0,0,0,0,0,0,0,0,0,0,0,0,0,0,0,0,0,0,0,0,0,0,0,0,0,0,0,0,0,0,0,1116,4991,0,0
contig_66,0,0,0,0,0,0,0,0,0,0,0,0,0,0,0,0,0,0,0,0,0,0,0,374,0,0,0,0,0,0,0,0,0,0,0,0,0,0,0,0,0,0,0,0,0,0,0,0,0,0,0,0,0,0,0,0,0,0,0,0,0,0,0,0,0,0,0,0,0,0,0,0,0,0,0,11339,154,8010,0,0,0,0,0,0,0,0,0,0,0,0,0,0
contig_6650,0,0,0,136,0,0,0,0,0,0,0,0,0,0,0,0,0,0,0,0,0,335,0,0,0,0,0,0,0,7713,0,0,2009,0,0,0,0,0,23320,761,0,0,0,0,0,0,0,0,0,0,0,0,0,0,0,0,11688,0,0,0,0,0,0,2548,0,0,0,46268,5870,0,0,0,0,0,0,0,0,0,0,0,0,0,0,0,0,0,0,0,0,17962,0,0
contig_6666,0,0,0,0,0,0,0,0,0,0,0,0,0,0,0,0,0,0,0,0,0,0,0,0,0,0,0,0,0,0,0,76,0,0,0,0,0,0,0,0,0,0,0,0,0,0,0,0,0,0,0,0,0,0,0,0,0,0,0,0,0,0,0,0,0,0,0,0,0,0,0,0,0,0,0,0,0,0,0,0,0,0,0,0,0,0,0,0,0,707,151,0
contig_6681,0,0,0,0,0,0,0,0,0,0,0,0,0,0,0,0,0,0,0,0,0,0,0,0,0,0,0,0,0,0,0,0,0,0,0,0,0,0,0,0,0,0,0,0,0,0,0,0,0,0,0,0,0,0,0,0,0,0,0,0,5017,3234,0,0,0,0,0,0,0,0,0,0,0,0,0,0,0,0,0,0,0,0,0,0,0,0,7665,0,0,1442,0,0
contig_6682,0,0,0,0,0,0,0,0,0,0,0,0,0,0,0,0,0,0,0,0,0,0,0,0,0,0,0,0,0,0,0,0,0,0,0,0,0,538,0,0,0,0,462,0,408,0,0,0,0,0,0,0,0,0,0,0,0,0,0,0,0,0,0,0,0,0,0,0,0,0,0,0,0,0,0,0,0,0,0,0,0,0,0,0,0,0,0,0,49,0,0,0
contig_6710,0,0,0,0,0,0,0,0,0,0,0,0,0,0,0,0,0,0,0,0,0,0,0,0,0,0,0,0,0,0,0,0,0,0,0,0,0,0,0,0,0,0,0,0,0,0,0,0,0,0,0,0,0,0,0,0,0,0,0,0,0,0,0,0,0,0,486,0,0,0,0,131,42,0,0,0,0,0,0,0,0,0,0,0,0,0,0,0,0,0,0,0
contig_6752,0,0,0,0,0,0,0,0,0,0,0,0,0,0,0,0,0,0,0,0,0,0,0,0,0,0,0,0,0,0,0,0,0,0,0,0,0,0,0,0,0,0,0,0,0,0,0,1267,0,0,0,0,0,0,0,0,0,0,0,0,0,0,0,0,0,0,0,485,0,0,0,0,0,655,0,0,0,0,0,0,609,0,0,0,0,0,0,0,1854,592,0,0
contig_68,0,0,0,0,0,0,0,0,0,0,0,0,0,0,0,0,0,0,0,0,0,0,0,221,0,0,0,0,0,0,0,0,0,0,0,0,0,0,0,0,0,0,0,0,0,0,0,0,0,0,0,0,0,0,0,0,0,0,0,0,0,0,0,0,0,0,0,0,0,0,0,0,0,0,0,12434,0,3062,0,0,0,0,0,0,0,0,0,0,0,0,0,0
contig_6839,19242,6764,0,0,0,0,1236,0,0,0,0,0,0,0,6847,54454,4880,0,0,0,0,0,0,0,0,0,0,4721,0,14443,0,0,0,0,0,0,0,0,0,300,0,0,0,0,0,1472,401,0,0,0,0,0,0,2841,0,0,575,0,1691,5179,6134,4794,0,0,1830,0,0,0,0,0,0,0,0,3735,0,0,0,0,0,0,32003,0,0,0,0,0,532,0,0,739,0,0
contig_6900,0,0,0,0,0,0,0,0,0,0,0,0,0,0,0,0,0,0,0,0,0,0,0,0,0,0,0,0,0,0,0,71,0,0,0,0,0,99,0,0,0,0,0,0,0,0,0,0,0,0,0,0,0,0,0,0,0,0,0,0,0,0,0,0,0,0,0,0,0,0,0,0,0,0,0,0,0,0,0,0,0,0,0,0,0,0,0,0,0,301,0,0
contig_6915,0,0,0,0,0,0,0,0,0,0,0,0,0,0,11925,0,0,0,0,0,0,0,0,0,0,0,0,0,0,0,0,0,0,0,0,0,0,0,0,0,0,0,0,0,0,1185,0,0,0,0,0,0,0,0,0,0,2624,0,0,1528,0,0,0,0,0,0,0,0,8483,0,0,0,0,0,0,0,0,0,0,0,6785,0,0,0,0,0,6984,0,0,0,0,0
contig_6931,0,0,0,0,0,0,0,0,0,0,0,0,0,0,0,0,0,0,0,0,0,0,0,0,0,0,0,0,0,0,0,0,471,0,0,0,0,190,0,0,0,0,0,0,0,0,0,1109,893,306,2373,0,0,0,0,0,0,0,0,0,0,0,0,0,0,0,0,0,0,0,0,0,0,0,0,0,0,0,0,0,0,0,0,0,0,0,0,0,0,0,0,0
contig_6960,0,0,0,0,0,0,0,0,0,0,0,0,0,0,0,0,0,0,0,0,0,0,0,0,0,0,0,2487,0,0,0,0,0,0,0,0,0,0,0,0,0,0,0,0,0,1258,0,0,0,0,0,0,0,0,0,0,0,0,0,266,0,0,0,0,0,0,0,0,0,0,0,0,0,0,0,0,0,0,0,0,0,0,0,0,0,0,0,0,0,0,0,0
contig_6968,0,0,0,0,0,0,0,0,0,0,0,0,0,0,0,0,0,0,0,0,0,0,0,0,0,0,0,0,0,0,0,0,0,0,0,0,0,95,0,0,0,0,0,0,0,0,0,0,0,0,0,0,0,0,0,0,0,0,0,0,0,0,50,0,0,0,0,0,0,0,0,0,0,0,0,0,0,0,0,0,0,0,0,37,0,0,0,0,0,305,0,0
contig_6973,0,4817,0,0,0,0,0,0,0,0,0,0,0,0,0,0,0,0,0,0,0,0,0,0,0,0,0,0,0,0,0,0,0,0,0,0,0,0,0,0,0,0,0,0,0,5369,0,0,0,0,0,0,0,0,0,0,0,0,0,0,4949,853,0,0,0,0,0,244,0,0,0,0,0,0,0,0,0,0,0,0,0,0,0,0,0,0,0,0,0,0,0,0
contig_6996,0,0,0,0,0,0,0,0,0,0,0,0,0,0,0,0,0,0,0,210,0,0,0,0,0,0,0,0,0,0,0,0,0,0,0,0,0,0,0,0,0,0,0,0,0,0,0,0,4072,0,1401,1305,0,13511,0,0,0,771,0,0,0,0,0,0,0,0,0,1973,0,0,0,0,0,0,0,0,0,0,0,0,0,0,0,0,0,0,33217,0,0,8609,0,0
contig_70,0,0,0,0,0,0,0,0,0,0,0,0,0,0,0,0,0,0,0,0,0,0,0,26545,0,0,0,0,0,0,0,0,0,0,0,0,0,0,0,0,0,0,0,0,0,0,0,0,0,0,0,0,0,0,0,0,0,0,0,0,0,0,0,0,0,0,0,0,0,0,0,0,0,0,0,890776,7619,442157,0,0,0,0,0,0,0,0,0,0,0,0,0,0
contig_7000,0,0,0,0,0,0,0,0,0,0,0,0,0,0,0,0,0,0,0,0,0,0,0,0,0,0,0,0,0,0,0,0,0,0,0,0,0,0,0,0,0,0,0,0,0,0,0,0,0,0,0,0,0,0,0,0,0,0,0,0,0,0,0,0,0,0,396,0,0,0,0,58,53,0,0,0,0,0,0,0,0,0,0,0,0,0,0,0,0,0,0,0
contig_7005,0,0,0,0,0,0,0,0,0,0,0,0,0,0,0,0,0,0,0,0,0,0,0,0,0,0,0,0,0,0,0,0,0,0,0,0,0,0,0,0,0,0,0,0,0,0,0,0,120,0,54,0,0,0,0,0,0,0,0,0,70,77,0,0,0,0,0,312,0,0,0,0,0,0,0,0,0,0,0,0,0,0,0,0,0,0,0,0,0,0,0,0
contig_701,0,0,0,0,0,0,0,0,0,0,0,0,0,0,0,0,0,74,0,84,0,0,0,0,0,0,0,0,0,0,0,0,0,0,0,0,0,0,0,0,0,0,0,0,0,0,0,0,0,0,0,0,0,0,0,0,0,0,0,0,0,0,0,0,0,0,0,0,0,0,0,0,0,0,0,0,0,0,0,0,0,0,0,0,0,0,0,0,65,785,0,0
contig_7021,0,0,0,0,0,0,0,0,0,0,0,0,0,0,0,0,0,0,0,0,0,0,0,0,0,0,0,0,0,0,0,0,0,0,0,0,0,447,0,0,0,0,0,0,0,0,0,0,0,0,0,0,0,0,0,0,0,0,0,0,0,0,0,0,0,0,0,0,0,0,0,0,0,0,0,0,0,0,0,0,0,0,0,0,0,0,0,0,80,3132,353,0
contig_703,0,0,0,0,0,0,0,0,0,0,0,0,0,0,0,0,0,26,0,24,0,0,0,0,0,0,0,0,0,13,0,0,0,0,0,0,0,0,0,0,0,0,0,0,23,0,0,0,0,0,0,0,0,0,0,0,0,141,0,0,0,0,0,0,0,0,0,0,183,0,0,0,0,0,0,0,19,0,0,0,0,0,0,0,0,0,0,0,35,253,0,0
contig_7035,0,0,0,0,0,0,0,0,0,0,0,0,0,0,0,0,0,0,0,0,0,0,0,0,0,0,0,0,0,0,0,0,0,0,0,0,0,0,0,0,0,0,0,0,0,0,0,0,0,0,0,0,0,0,0,0,0,0,0,53,30,153,0,0,0,0,0,0,0,0,0,0,0,0,0,0,0,0,0,0,0,0,0,0,0,0,0,0,0,0,0,0
contig_704,0,0,0,0,0,0,0,0,0,0,0,0,0,0,0,0,0,0,0,25,0,0,0,0,0,0,0,0,0,0,0,0,0,0,0,0,0,0,0,0,0,0,0,0,0,0,0,0,0,0,0,0,0,0,0,0,0,0,0,0,0,0,0,0,0,0,0,0,85,0,0,0,0,0,0,0,0,0,0,0,0,0,0,0,0,0,0,0,0,577,18,0
contig_705,0,0,0,0,0,0,0,0,0,0,0,0,0,0,0,0,0,0,0,0,0,0,0,0,0,0,0,0,0,0,0,0,0,0,0,0,0,0,0,0,0,0,0,0,56,0,0,0,0,0,0,0,0,0,0,0,0,0,0,0,0,0,0,0,0,0,0,0,103,0,0,0,26,0,0,0,0,0,0,0,0,0,0,0,0,0,0,0,53,934,22,0
contig_708,0,0,0,0,0,0,0,0,0,0,0,0,0,0,0,0,0,9,0,0,0,0,0,0,0,0,0,0,0,0,0,0,0,0,0,0,0,0,0,0,0,0,0,0,9,0,0,0,0,0,0,0,0,0,0,0,0,32,0,0,0,0,0,0,0,0,0,0,24,0,0,0,0,0,0,0,0,0,0,0,0,0,0,0,0,0,0,0,9,51,8,0
contig_71,0,0,0,0,0,0,0,0,0,0,0,0,0,0,0,0,0,0,0,0,0,0,0,0,0,0,0,0,0,0,0,0,0,0,0,0,0,0,0,0,0,0,0,0,0,0,0,0,0,0,0,0,0,0,0,0,0,0,0,0,0,0,0,0,0,0,0,0,0,0,0,0,0,0,0,4384,60,4022,0,0,0,0,0,0,0,0,0,0,0,0,0,0
contig_7135,0,0,0,0,0,0,0,0,0,0,0,0,0,0,0,0,4278,0,0,0,0,0,0,0,0,0,0,0,0,2103,0,0,0,0,0,0,0,0,0,0,0,0,0,0,0,0,0,0,6342,0,5543,0,0,0,0,0,0,0,0,0,0,0,0,0,0,0,0,0,0,0,0,0,0,0,0,0,0,0,0,0,0,0,0,0,0,0,0,0,0,0,0,0
contig_7155,0,0,0,0,0,0,0,0,0,0,0,0,0,0,0,0,0,0,0,0,0,0,0,0,0,0,0,0,0,0,0,0,0,0,0,0,0,0,0,0,0,0,56,0,0,0,0,0,0,0,0,0,0,0,0,0,0,0,0,0,0,130,0,0,0,0,0,0,0,0,0,0,0,0,0,0,0,0,0,0,0,0,0,0,0,0,94,0,0,0,0,0
contig_716,0,0,0,0,0,0,0,0,0,0,0,0,0,0,0,0,0,0,0,0,0,0,0,0,0,0,0,0,0,0,0,0,0,0,0,0,0,0,0,0,0,0,0,0,0,0,0,0,0,0,0,0,0,0,0,0,0,0,0,0,0,0,0,0,0,0,26228,7390,3911,1465,443,184,1478,0,0,0,0,0,0,0,0,0,0,0,0,0,0,0,0,0,0,0
contig_7163,0,0,0,0,0,0,0,0,0,0,0,0,0,0,2372,138086,0,0,0,0,0,0,0,0,0,0,0,0,0,0,0,0,0,0,0,0,0,0,0,0,0,0,0,0,0,0,0,0,0,0,0,0,0,0,0,0,0,0,0,0,1677,0,0,0,0,0,0,0,0,0,0,0,0,0,0,0,0,0,0,0,0,0,0,0,0,0,0,0,0,0,0,0
contig_7192,0,0,0,0,0,0,0,0,0,0,0,0,0,0,0,0,0,0,0,0,0,0,0,0,0,0,0,0,0,0,0,0,0,0,0,0,0,0,0,0,0,0,0,0,0,0,0,7155,460,419,0,0,0,0,0,0,0,0,0,0,8325,952,0,0,0,0,0,0,0,0,0,0,0,0,0,0,0,0,0,0,0,0,0,0,0,0,0,0,0,0,0,0
contig_721,0,0,0,0,0,0,0,0,0,0,0,0,0,0,0,0,0,0,0,0,0,0,0,0,0,0,0,0,0,0,0,0,0,0,0,0,0,0,0,0,0,0,0,0,0,0,0,0,0,0,0,0,0,0,0,0,0,0,0,0,0,0,0,0,0,0,5896,2689,1880,352,185,77,872,0,0,0,0,0,0,0,0,0,0,0,0,0,0,0,0,0,0,0
contig_7215,0,0,0,0,0,0,0,0,0,0,0,0,0,0,0,0,0,0,0,0,0,0,0,0,0,0,0,0,0,0,0,0,0,0,0,0,0,0,0,0,0,0,0,0,0,0,0,0,441,0,3431,0,0,0,0,0,0,0,0,0,0,428,0,0,0,0,0,0,0,0,0,0,0,0,0,0,0,0,0,0,0,0,0,0,0,0,0,0,0,0,0,0
contig_7222,0,0,0,0,0,0,0,0,0,0,0,0,0,0,0,0,0,0,0,0,0,0,0,0,0,0,0,0,0,0,0,0,0,0,0,0,0,50,0,0,0,0,0,0,0,0,0,0,0,0,0,0,0,0,0,0,0,0,0,0,0,0,0,0,0,0,0,0,0,0,0,0,0,0,0,0,0,0,0,0,0,0,0,0,0,0,0,0,0,175,60,0
contig_723,0,0,0,0,0,0,0,0,0,0,0,0,0,0,0,0,0,0,0,0,0,0,0,0,0,0,0,0,0,0,0,0,0,0,0,0,0,0,0,0,0,0,0,0,0,0,0,0,0,0,0,0,0,0,0,0,0,0,0,0,0,0,0,0,0,0,12525,4617,2078,1010,420,176,2401,0,0,0,0,0,0,0,0,0,0,0,0,0,0,0,0,0,0,0
contig_7268,0,0,0,0,0,0,0,0,0,0,0,0,0,0,0,0,0,0,0,0,0,0,0,0,0,0,0,0,0,0,0,0,0,0,0,0,0,0,0,0,0,0,0,0,0,0,0,516,1745,623,939,0,0,887,0,0,354,0,0,0,920,551,0,0,0,0,0,101,0,331,0,0,0,1320,0,0,0,0,0,0,0,0,0,0,0,0,1887,0,0,410,0,0
contig_728,0,0,0,0,0,0,0,0,0,0,0,0,0,0,0,0,0,0,0,0,0,0,0,0,0,0,0,0,0,0,0,0,0,0,0,0,0,0,0,0,0,0,0,0,0,0,0,0,0,0,0,0,0,0,0,0,0,0,0,0,0,0,0,0,0,0,113303,33472,17800,4415,2463,696,9315,0,0,0,0,0,0,0,0,0,0,0,0,0,0,0,0,0,0,0
contig_7282,0,0,0,0,0,0,0,0,0,0,0,0,0,0,0,0,0,0,0,0,0,0,0,0,0,0,0,0,0,0,0,0,0,0,0,0,0,63,0,0,0,0,0,0,0,0,0,0,0,0,0,0,0,0,0,0,0,0,0,0,0,73,0,0,0,0,0,0,0,0,0,0,0,0,0,0,0,0,0,0,0,0,0,0,0,0,0,0,0,182,0,0
contig_7285,0,0,0,0,0,0,0,0,0,0,0,0,0,0,0,0,0,0,0,0,0,0,0,0,0,0,0,0,0,0,0,0,0,0,0,0,0,0,0,0,0,0,0,0,0,0,0,0,0,0,0,0,0,0,0,0,0,0,0,0,0,0,0,0,0,0,484,0,32,0,0,99,0,0,0,0,0,0,0,0,0,0,0,0,0,0,0,0,0,0,0,0
contig_730,0,0,0,0,0,0,0,0,0,0,0,0,0,0,0,0,0,0,0,0,0,0,0,0,0,0,0,0,0,0,0,0,0,0,0,0,0,0,0,0,0,0,0,0,0,0,0,0,0,0,0,0,0,0,0,0,0,0,0,0,0,0,0,0,0,0,63972,28880,13799,4281,2472,691,8536,0,0,0,0,0,0,0,0,0,0,0,0,0,0,0,0,0,0,0
contig_7341,0,0,0,0,50,0,0,0,0,0,0,0,0,0,0,0,0,0,0,0,0,0,0,0,0,0,0,0,0,0,0,0,0,0,0,0,0,0,0,0,0,0,0,0,0,0,0,0,0,0,0,19,0,0,0,0,0,0,0,0,0,435,0,0,0,0,0,0,0,0,0,0,0,0,0,0,0,0,0,0,0,0,0,0,0,0,0,0,51,0,0,0
contig_75,0,0,0,0,0,0,0,0,0,0,0,0,0,0,0,0,0,0,0,0,0,0,0,0,0,0,0,0,0,0,0,0,0,0,0,0,0,0,0,0,0,0,0,0,0,0,0,0,0,0,0,0,0,0,0,0,0,0,0,0,0,0,0,0,0,0,0,0,0,0,0,0,0,0,0,82717,445,45788,21,0,0,0,0,0,0,0,0,0,0,0,0,0
contig_7558,0,0,0,0,0,0,0,0,0,0,0,0,0,0,0,0,4267,0,0,0,0,0,0,0,0,0,0,0,0,987,0,0,0,0,0,0,0,0,0,1712,0,0,0,0,0,0,0,0,0,0,0,0,0,0,0,0,0,0,0,0,139,0,0,0,0,0,0,0,0,0,0,0,0,0,0,0,0,0,0,0,0,0,0,0,0,0,0,0,0,0,0,0
contig_7572,0,0,0,0,0,0,0,0,0,0,0,0,0,0,0,0,0,0,0,0,0,0,0,0,0,0,0,0,0,3620,0,0,0,0,0,0,0,0,0,3577,0,0,0,0,0,0,0,0,497,0,799,0,0,0,0,0,0,0,0,0,0,17615,0,0,0,0,0,0,0,0,0,0,0,0,0,0,0,0,0,0,0,0,0,0,0,0,0,0,0,0,0,0
contig_7654,0,0,0,0,0,4498,5041,0,0,0,0,0,0,0,0,20732,0,0,0,0,0,0,0,0,0,0,0,0,0,5038,0,0,0,0,0,0,0,0,0,0,0,0,0,0,0,7475,9323,0,0,0,0,0,0,0,0,0,462,0,0,0,0,0,0,1289,0,0,0,1333,0,0,0,0,0,0,0,0,0,0,0,0,0,0,0,0,0,0,0,0,0,0,0,0
contig_7691,0,14849,0,0,0,0,0,0,0,0,0,0,0,0,8744,41224,0,0,0,0,0,0,0,0,0,0,0,9125,0,0,0,0,0,0,0,0,0,0,0,0,0,0,0,0,0,0,0,0,0,0,0,0,0,4377,0,0,0,0,966,5654,0,7642,0,0,0,0,0,0,0,0,0,0,0,0,0,0,0,0,0,0,22767,0,0,0,0,0,0,0,0,0,0,0
contig_77,0,0,0,0,0,0,0,0,0,0,0,0,0,0,0,0,0,0,0,0,0,0,0,4461,0,0,0,0,0,0,0,0,0,0,0,0,0,0,0,0,0,0,0,0,0,0,0,0,0,0,0,0,0,0,0,0,0,0,0,0,0,0,0,0,0,0,0,0,0,0,0,0,0,0,0,79591,832,49287,0,0,0,0,0,0,0,0,0,0,0,0,0,0
contig_779,0,0,0,0,0,0,0,0,0,0,0,0,0,0,0,0,0,0,0,0,0,0,0,0,0,0,0,0,0,0,74071,61,0,165,0,0,659,3087,0,0,0,215,0,0,0,0,326,639,0,0,0,0,0,0,0,0,0,0,0,0,0,0,0,0,0,0,0,0,0,0,0,0,0,0,0,0,0,0,0,0,6129,0,0,0,0,0,0,0,728,0,0,0
contig_780,0,0,0,0,0,0,0,0,0,0,0,0,0,0,0,0,0,0,0,0,0,0,0,0,0,0,0,0,0,0,95618,129,0,398,0,0,643,2541,0,0,68,381,0,0,0,0,354,1542,0,0,0,0,0,0,0,0,0,0,0,0,0,0,0,0,0,0,0,0,0,0,0,0,24,1566,0,0,0,0,0,123,11878,0,0,0,0,0,0,0,603,26,11,0
contig_7803,0,0,0,0,0,0,0,0,0,0,0,0,0,0,50198,0,0,0,0,0,0,0,0,0,0,0,0,0,0,0,0,0,0,0,0,0,0,0,0,0,0,0,0,0,0,0,0,665,0,0,0,0,0,0,0,0,0,0,0,0,2978,0,0,0,0,0,0,0,0,0,0,0,0,0,0,0,0,0,0,0,0,0,0,0,0,0,0,0,0,0,0,0
contig_781,0,0,0,0,0,0,0,0,0,0,0,0,0,0,0,0,0,0,0,0,0,0,0,0,0,0,0,0,0,0,275084,131,0,576,1964,754,4690,7583,0,0,43,669,0,0,0,0,494,2557,0,0,0,0,0,0,0,0,0,0,0,0,0,29,0,0,0,0,0,0,0,0,0,0,150,10906,0,0,0,0,0,1962,22485,0,0,0,0,0,0,0,1517,0,76,0
contig_782,0,0,0,0,0,0,0,0,0,0,0,0,0,0,0,0,0,0,0,0,0,0,0,0,0,0,0,0,0,0,41826,26,0,94,2027,113,677,3248,0,0,0,174,0,0,0,0,115,407,0,0,0,0,0,0,0,0,0,0,0,0,0,0,0,0,0,0,0,0,0,0,0,0,38,4126,0,0,0,0,0,584,3566,0,0,0,0,0,0,0,280,0,31,0
contig_783,0,0,0,0,0,0,0,0,0,0,0,0,0,0,0,0,0,0,0,0,0,0,0,0,0,0,0,0,0,0,160216,69,0,371,7432,296,2825,11022,0,0,0,264,0,0,0,0,1169,2256,0,0,0,0,0,0,0,0,0,0,0,0,0,119,0,0,0,0,0,0,0,0,0,0,112,7627,0,0,0,0,0,1177,15895,0,0,0,0,0,0,0,850,0,0,0
contig_7843,0,0,0,0,0,0,0,0,0,0,0,0,0,0,8531,0,0,0,0,0,0,0,0,0,0,0,0,2093,0,0,0,0,0,0,0,0,0,0,0,0,0,0,0,0,0,0,0,0,0,0,0,0,0,0,0,0,0,0,0,0,7157,447,0,0,0,0,0,0,0,0,0,0,0,0,0,0,0,0,0,0,0,0,0,0,0,0,0,0,0,0,0,0
contig_7979,0,0,0,0,0,0,0,0,0,0,0,0,0,0,0,0,25505,0,0,0,0,0,0,0,0,0,0,0,0,0,0,0,0,0,0,0,0,0,0,0,0,0,0,0,0,0,0,0,0,0,0,0,0,0,0,0,0,0,0,0,11408,14203,0,0,0,0,0,0,0,0,0,0,0,25,0,0,0,0,0,0,0,0,0,0,0,0,0,0,0,0,0,0
contig_7983,0,0,0,0,0,0,0,0,0,0,0,0,0,0,0,0,915,0,0,0,0,0,0,0,0,0,0,0,0,0,0,0,0,0,0,0,0,0,0,0,0,0,166,0,0,0,0,0,0,0,0,0,0,0,0,0,0,0,0,0,0,4207,30,0,0,0,0,0,0,0,0,0,0,0,0,0,0,0,0,0,0,0,0,0,0,0,0,0,0,0,0,0
contig_80,0,0,0,0,0,0,0,0,0,0,0,0,0,0,0,0,0,0,0,0,0,0,0,1439,0,0,0,0,0,0,0,0,0,0,0,0,0,0,0,0,0,0,0,0,0,0,0,0,0,0,0,0,0,0,0,0,0,0,0,0,0,0,0,0,0,0,0,0,0,0,0,0,0,0,0,25007,841,21404,17,0,0,0,0,0,0,0,0,0,0,0,0,0
contig_8010,0,2987,0,0,0,0,0,0,0,0,0,0,0,0,4760,9502,0,0,0,0,0,0,0,0,0,0,0,1585,0,9321,0,0,0,0,0,0,0,0,0,0,0,0,0,0,0,979,0,0,0,0,0,0,0,4255,0,0,0,0,0,1878,0,3733,0,282,0,0,0,0,0,0,0,0,0,0,0,0,0,0,0,0,1031,0,0,0,0,0,0,0,0,845,0,0
contig_803,0,0,0,0,0,0,0,0,0,44,485,0,164,8331,0,0,0,0,0,0,0,8814,0,2329,148,0,0,0,0,0,0,420,19225,4313,0,0,97,376,0,912,59,1740,962,55,632,0,16567,0,8019,425,209,92749,0,0,0,0,0,0,0,0,0,0,0,0,0,0,0,0,0,0,0,0,0,0,0,0,0,0,0,0,0,0,0,0,0,0,2202,0,19757,2338,2045,113
contig_8052,0,0,0,0,0,0,0,0,0,0,0,0,0,0,0,0,0,0,0,0,0,0,0,0,0,0,0,0,0,0,0,0,0,0,0,0,0,168,0,0,0,0,0,0,0,0,0,0,0,0,0,0,0,0,0,0,0,0,0,0,0,0,0,0,0,0,0,0,0,0,0,0,0,0,0,0,0,0,0,0,0,0,0,0,0,0,0,0,0,373,161,0
contig_8087,0,0,0,0,0,0,0,0,0,0,0,0,0,0,0,0,0,0,0,0,0,0,0,0,0,0,0,0,0,0,0,0,0,0,0,0,0,82,0,0,0,0,0,0,0,0,0,0,0,0,0,0,0,0,0,0,0,0,0,0,0,0,0,0,0,0,0,0,0,0,0,0,0,0,0,0,0,0,0,0,0,0,0,0,0,0,0,0,34,731,138,0
contig_81,0,0,0,0,0,0,0,0,0,0,0,0,0,0,0,0,0,0,0,0,0,0,0,27503,0,0,0,0,0,0,0,0,0,0,0,0,0,0,0,0,0,0,0,0,0,0,0,0,0,0,0,0,0,0,0,0,0,0,0,0,0,0,0,0,0,0,0,0,0,0,0,0,0,0,0,749048,7810,440918,0,0,0,0,0,0,0,0,0,0,0,0,0,0
contig_8169,0,0,0,0,0,0,0,0,0,0,0,0,0,0,0,0,0,0,0,0,0,0,0,0,0,0,0,0,0,0,0,0,0,0,0,0,0,0,0,0,0,0,0,0,0,0,0,0,327,0,2234,0,0,0,0,0,0,0,0,0,7742,376,0,0,0,0,0,0,0,0,0,0,0,320,0,0,0,0,0,0,0,0,0,0,0,0,0,0,0,0,0,0
contig_82,0,0,0,0,0,0,0,0,0,0,0,0,0,0,0,0,0,0,0,0,0,0,0,963,0,0,0,0,0,0,0,0,0,0,0,0,0,0,0,0,0,0,0,0,0,0,0,0,0,0,0,0,0,0,0,0,0,0,0,0,0,0,0,0,0,0,0,0,0,0,0,0,0,0,0,46743,477,23578,0,0,0,0,0,0,0,0,0,0,0,0,0,0
contig_8225,0,0,0,0,0,0,0,0,0,0,0,0,0,0,0,0,0,0,0,0,0,0,0,0,0,0,0,0,0,397,434,0,0,0,0,0,0,327,0,0,0,0,0,0,0,0,0,0,0,0,0,0,0,0,0,0,0,0,0,0,0,0,0,0,0,0,0,0,320,0,0,0,0,0,0,0,54,0,0,0,0,0,0,0,0,0,0,0,0,0,0,0
contig_8298,0,0,0,0,0,0,0,0,0,0,0,0,0,0,0,0,0,0,0,0,0,0,0,0,0,0,0,0,0,0,0,0,0,0,0,0,0,0,0,0,0,0,0,0,0,0,0,0,0,0,0,0,0,421,0,0,669,0,0,0,0,0,0,0,0,0,0,0,0,0,0,0,0,4056,0,0,0,0,0,0,0,0,0,0,0,0,0,0,0,0,0,0
contig_8323,0,0,0,0,0,0,0,0,0,0,0,0,0,0,0,0,4818,0,0,0,0,0,0,0,0,0,0,0,0,0,0,0,0,0,0,0,0,0,0,0,0,0,0,0,0,0,0,0,0,0,0,0,0,0,0,0,0,0,0,0,1448,368,0,0,0,0,0,0,0,0,0,0,0,0,0,0,0,0,0,0,0,0,0,0,0,0,0,0,0,0,0,0
contig_8346,0,0,0,0,0,0,0,0,0,0,0,0,0,0,0,0,0,0,0,0,0,0,0,0,0,0,0,0,0,0,0,0,0,0,0,0,0,0,0,0,0,0,0,0,0,0,0,117,358,0,154,0,0,0,0,0,0,0,0,0,0,253,0,0,0,0,0,0,0,0,0,0,0,0,0,0,0,0,0,0,0,0,0,0,0,0,0,0,0,0,0,0
contig_8359,0,0,0,0,0,0,0,0,0,0,0,0,0,0,0,0,0,0,0,0,0,0,0,0,0,0,0,0,0,0,0,0,0,0,0,0,0,0,0,0,0,0,0,0,0,0,0,923,0,0,0,0,0,0,0,0,0,0,0,0,0,0,0,0,0,0,0,333,0,0,0,0,0,686,0,0,0,0,0,0,943,0,0,0,0,0,0,0,1547,910,0,0
contig_8377,0,0,0,0,0,0,0,0,0,0,0,0,0,0,0,0,0,0,0,0,0,0,0,0,0,0,0,0,0,0,0,0,0,0,0,0,0,0,0,0,0,0,0,0,0,0,0,0,0,0,0,0,0,0,0,0,0,0,0,0,0,0,0,0,0,0,2512,46,72,0,0,188,197,0,0,0,0,0,0,0,0,0,0,0,0,0,0,0,0,0,0,0
contig_8391,0,0,0,278,0,0,0,0,0,0,0,0,0,0,641,0,0,0,0,0,0,0,0,0,0,0,0,0,0,127,0,0,0,0,0,0,0,0,0,0,0,0,0,0,0,0,0,511,1551,605,0,0,0,0,0,0,347,0,0,0,1971,415,0,0,0,0,0,86,0,0,0,0,0,1361,0,0,0,0,0,0,0,0,0,0,0,0,2307,0,0,175,0,0
contig_85,0,0,0,0,0,0,0,0,0,0,0,0,0,0,0,0,0,0,0,0,0,0,0,230,0,0,0,0,0,0,0,0,0,0,0,0,0,0,0,0,0,0,0,0,0,0,0,0,0,0,0,0,0,0,0,0,0,0,0,0,0,0,0,0,0,0,0,0,0,0,0,0,0,0,0,7997,213,12967,0,0,0,0,0,0,0,0,0,0,0,0,0,0
contig_8513,0,0,0,0,0,0,0,0,0,0,0,0,0,0,0,0,0,0,0,0,0,0,0,0,0,0,0,0,0,0,0,0,0,0,0,0,0,0,0,0,0,0,0,0,0,0,0,144,176,0,258,0,0,0,0,0,0,0,0,0,0,0,0,0,0,0,0,87,0,0,0,0,0,0,0,0,0,0,0,0,0,0,0,0,0,0,0,0,0,0,0,0
contig_8571,0,0,0,0,0,0,0,0,0,0,594,0,0,3628,0,0,12323,203,0,1941,0,0,0,0,0,0,0,0,0,0,0,0,0,0,0,0,0,0,0,0,0,0,0,0,0,0,0,0,25,0,3321,2936,0,0,0,0,0,0,0,0,0,54,0,0,0,0,0,0,0,0,0,0,0,0,0,0,0,0,0,0,0,0,0,0,0,0,0,0,0,0,0,0
contig_8578,0,0,0,0,0,0,0,0,0,0,0,0,0,0,0,0,0,0,0,0,0,0,0,0,0,0,0,0,0,0,0,0,0,0,0,0,0,0,0,0,0,0,0,0,0,3517,0,700,0,0,0,0,0,0,0,0,0,0,0,0,14175,0,0,0,0,0,0,238,0,0,0,0,0,0,0,0,0,0,0,0,0,0,0,0,0,0,0,0,0,0,0,0
contig_8602,0,0,0,0,0,0,0,0,0,0,0,0,0,0,0,0,0,0,0,0,0,0,0,0,0,0,0,0,0,0,0,0,0,0,0,0,0,0,0,0,0,0,0,0,0,0,0,0,0,0,0,0,0,0,0,0,0,0,0,0,0,0,0,0,0,0,273,0,0,0,0,120,42,0,0,0,0,0,0,0,0,0,0,0,0,0,0,0,0,0,0,0
contig_8606,0,0,0,0,0,0,0,0,0,0,0,0,0,0,0,0,0,0,0,0,0,0,0,0,0,0,0,0,0,0,0,0,0,0,0,0,0,0,0,0,0,0,0,0,0,0,0,0,0,0,0,0,0,0,0,0,0,0,0,0,12620,938,0,0,0,0,0,0,0,0,0,0,0,0,0,0,0,0,0,0,0,0,0,0,0,0,0,0,116,0,0,0
contig_8610,0,9595,0,0,0,0,0,0,0,0,0,0,0,0,0,0,1973,0,0,0,0,0,0,0,0,0,0,0,0,244,0,0,0,0,0,0,0,0,0,0,0,0,0,0,0,0,0,0,0,0,0,0,0,0,0,1234,1531,0,0,0,10087,2949,0,0,0,0,0,3807,0,0,0,0,0,563,0,0,0,0,0,0,0,0,0,0,0,0,882,0,0,221,0,0
contig_8614,0,0,0,0,0,0,0,0,0,0,0,0,0,0,4358,0,0,0,0,0,0,0,0,0,0,0,0,0,0,0,0,0,0,0,0,0,0,0,0,0,0,0,0,0,0,1235,0,469,158,0,0,0,0,0,0,0,0,0,0,0,0,0,0,0,0,0,0,0,0,0,0,0,0,0,0,0,0,0,0,0,0,0,0,0,0,0,0,0,0,0,0,0
contig_8631,0,436,0,0,0,0,0,0,0,0,0,0,0,0,0,3267,0,0,0,0,0,0,0,0,0,0,0,0,0,0,0,0,0,0,0,0,0,0,0,0,0,0,0,0,0,0,0,0,0,0,0,0,0,0,0,0,20540,0,0,0,289,0,0,0,0,0,0,0,0,0,0,0,0,3643,0,0,0,0,0,0,0,0,0,0,0,0,0,0,0,233,0,0
contig_8744,0,0,0,0,0,0,0,0,0,0,0,0,0,0,0,0,0,0,0,0,0,0,0,0,0,0,0,0,0,0,0,0,0,0,0,0,0,380,0,0,0,0,0,0,0,0,0,0,0,0,0,0,0,0,0,0,0,0,0,0,0,0,0,0,0,0,0,0,0,0,0,0,0,0,0,0,0,0,0,0,0,0,0,0,0,0,0,0,0,254,80,0
contig_8753,0,0,665,0,0,0,0,0,0,0,0,0,0,0,0,0,0,0,0,0,0,0,0,0,0,0,0,0,0,9277,0,0,2662,0,0,0,0,0,0,0,0,0,0,0,0,0,828,0,0,0,0,0,0,23536,0,0,0,0,0,0,0,0,0,1898,1254,0,0,7641,0,0,0,0,0,2279,0,0,0,0,0,0,0,0,0,0,0,0,8782,0,0,4995,0,0
contig_8760,0,0,0,0,0,0,0,0,0,0,0,0,0,0,0,0,0,0,0,0,0,0,0,0,0,0,0,0,0,0,0,0,0,0,0,0,0,0,0,0,0,0,0,0,0,3102,0,525,0,0,193,0,0,0,0,0,0,0,0,0,0,652,0,0,0,0,0,845,1519,0,0,0,0,0,0,0,0,0,0,0,0,0,0,0,0,0,0,0,0,267,0,0
contig_88,0,0,0,0,0,0,0,0,0,0,0,0,0,0,0,0,0,0,0,0,0,0,0,1554,0,0,0,0,0,0,0,0,0,0,0,0,0,0,0,0,0,0,0,0,0,0,0,0,0,0,0,0,0,0,0,0,0,0,0,0,0,0,0,0,0,0,0,0,0,0,0,0,0,0,0,47509,561,26608,0,0,0,0,0,0,0,0,0,0,0,0,0,0
contig_8818,0,5335,0,871,0,0,0,0,0,0,0,0,0,0,0,0,725,0,0,0,0,0,0,0,0,0,0,0,1611,6541,0,458,1919,0,0,0,0,0,0,0,0,0,0,0,0,0,0,0,4298,3224,6843,419,0,1948,0,3574,4759,278,2411,4244,12385,5582,0,715,0,0,0,2889,0,0,0,0,0,25587,0,0,0,0,0,0,0,0,0,0,0,0,0,0,0,1959,0,0
contig_8855,0,4432,0,0,0,0,0,0,0,0,0,0,0,0,0,46502,0,0,0,0,0,0,0,0,0,0,0,0,0,6768,0,0,0,0,0,0,0,0,0,0,0,0,0,0,0,5469,0,2595,117,0,0,0,0,0,0,0,0,0,0,10692,8381,717,0,0,0,0,0,3209,0,0,0,0,0,0,0,0,0,0,0,0,0,0,0,0,0,0,0,0,0,2248,0,0
contig_8921,0,0,0,0,0,0,0,0,0,0,0,0,0,0,0,0,0,0,0,0,0,0,0,0,0,0,0,0,0,0,0,0,0,0,0,0,0,99,0,0,0,0,0,0,0,0,0,0,0,0,0,0,0,0,0,0,0,0,0,0,0,0,0,0,0,0,0,0,0,0,0,0,0,0,0,0,0,0,0,0,0,0,0,0,0,0,0,0,0,331,31,0
contig_8947,0,0,0,0,0,0,0,0,0,0,0,0,0,0,0,0,0,0,0,0,0,0,0,0,0,0,0,0,0,0,0,0,0,0,0,0,0,0,0,0,0,0,0,0,0,0,0,0,872,226,2777,59,0,1062,0,929,0,0,0,0,0,0,0,0,0,0,0,8033,2358,457,412,0,0,0,0,0,0,0,0,0,0,0,0,0,0,0,0,0,296,5551,0,0
contig_8964,0,0,0,0,0,0,0,0,0,0,0,0,0,0,0,0,1432,0,0,0,0,0,0,0,0,0,0,0,0,138,0,0,0,0,0,0,0,0,0,0,0,0,0,0,0,0,0,0,725,1356,0,0,0,0,0,0,0,0,2336,0,4412,495,0,0,0,0,253,271,0,0,0,0,0,371,0,0,0,0,0,0,0,0,0,0,0,0,0,0,0,0,0,0
contig_90,0,0,0,0,0,0,0,0,0,0,0,0,0,0,0,0,0,0,0,0,0,0,0,8,0,0,0,0,0,0,0,0,0,0,0,0,0,0,0,0,0,0,0,0,0,0,0,0,0,0,0,0,0,0,0,0,0,138,0,0,0,0,0,0,0,0,0,0,107,0,0,0,63,56,0,0,0,0,0,0,0,0,0,0,0,0,0,0,55,424,0,0
contig_91,0,0,0,0,0,0,0,0,0,0,0,0,0,0,0,0,0,0,0,0,0,0,0,0,0,0,0,0,0,0,77,0,0,0,0,0,0,0,0,0,0,0,0,0,0,0,0,0,0,0,0,0,0,0,0,0,0,0,0,0,0,0,0,0,0,0,0,0,123,0,0,0,15,12,0,0,0,0,0,0,0,0,0,0,0,0,0,0,30,319,0,0
contig_9162,0,0,0,0,0,0,0,0,0,0,0,0,0,0,0,0,0,0,0,0,0,0,0,0,0,0,0,0,0,0,0,0,0,0,0,0,0,0,0,0,0,0,0,0,0,0,0,0,0,0,0,0,0,0,0,0,0,64,0,0,0,163,0,0,0,0,0,0,0,0,0,0,26,0,0,0,0,0,0,0,0,0,0,0,0,0,0,0,0,0,0,0
contig_9165,0,0,0,0,0,0,0,0,0,0,0,0,0,0,0,0,0,0,0,0,0,0,0,0,0,0,0,0,0,0,0,0,0,0,0,0,0,0,0,0,0,0,0,0,0,0,0,0,0,0,0,0,0,0,0,0,0,0,0,0,0,828,0,0,0,0,0,0,0,0,0,0,0,0,0,0,0,0,0,0,0,0,0,0,0,0,0,0,127,97,0,0
contig_9180,0,3802,0,786,0,0,0,0,0,0,0,0,0,0,0,0,6842,0,0,0,0,0,0,0,0,0,0,0,0,0,0,0,0,0,0,0,0,0,0,1592,0,0,0,0,0,0,0,0,0,0,0,0,0,0,0,0,0,0,0,0,3205,1277,0,0,0,0,0,0,0,0,0,0,0,0,0,0,0,0,0,0,0,0,0,0,0,0,0,0,641,0,0,0
contig_9268,0,0,0,0,0,0,0,0,0,0,0,0,0,0,0,22526,0,0,0,0,0,0,0,0,0,0,0,0,0,0,0,0,0,0,0,0,0,0,0,0,0,0,0,0,0,0,0,0,0,0,0,0,0,0,0,0,0,0,0,0,0,452,0,0,0,0,0,0,0,0,0,0,0,0,0,0,0,0,0,0,256,0,0,0,0,0,0,0,0,0,0,0
contig_9303,0,0,0,0,0,0,0,0,0,0,0,0,0,0,0,0,0,0,0,0,0,0,0,0,0,0,0,0,0,0,0,0,0,0,0,0,0,0,0,0,0,0,0,0,0,0,0,0,0,0,0,0,0,0,0,0,0,0,0,0,0,248,0,0,0,0,0,740,0,0,0,0,0,205,0,0,0,0,0,0,0,0,0,0,0,0,0,0,0,0,0,0
contig_9310,0,0,0,0,0,0,0,0,0,0,0,0,0,0,0,0,0,0,0,0,0,0,0,0,0,0,0,0,0,0,0,0,0,0,0,0,0,0,0,0,0,0,0,0,0,1907,0,0,0,0,0,0,0,0,0,0,0,0,0,2258,0,0,0,0,0,0,0,189,0,0,0,0,0,0,0,0,0,0,0,0,0,0,0,0,0,0,0,0,0,0,0,0
contig_9365,0,0,0,0,0,0,0,0,0,0,0,0,0,0,0,0,0,0,0,0,0,0,0,0,0,0,0,0,0,0,0,0,0,0,0,0,0,0,0,161,0,28,232,0,0,0,0,0,0,0,0,0,0,0,0,0,0,0,0,0,0,0,0,0,0,0,0,0,0,0,0,0,0,0,0,0,0,0,0,0,0,0,0,0,0,0,0,0,0,0,0,0
contig_9377,0,0,0,0,0,0,0,0,0,0,0,0,0,0,4248,0,3294,0,0,0,0,0,0,0,0,0,0,0,0,0,0,2573,10326,0,0,0,0,2911,0,868,0,0,0,0,0,0,0,0,0,0,0,0,0,0,0,0,0,0,0,0,0,0,0,0,0,0,0,0,0,0,0,0,0,0,0,0,0,0,0,0,0,0,0,0,0,0,0,0,0,3836,0,0
contig_9477,0,1666,0,0,0,0,0,0,0,0,0,0,0,0,0,0,0,0,0,0,0,0,0,0,0,0,0,3316,0,0,0,0,0,0,0,0,0,0,0,0,0,0,0,0,0,6274,0,328,0,0,0,0,0,0,0,0,0,0,1846,10152,3467,0,0,0,0,0,0,394,0,0,0,0,0,0,0,0,0,0,0,0,0,0,0,0,0,0,0,0,0,0,0,0
contig_9485,0,0,0,0,0,0,0,0,0,0,0,0,0,0,0,0,0,0,0,0,0,0,0,0,0,0,0,0,0,0,0,106,0,0,0,0,0,0,0,0,0,0,0,0,0,0,0,0,0,0,0,0,0,0,0,0,0,0,0,0,0,0,0,0,0,0,0,0,0,0,0,0,0,0,0,0,0,0,0,0,0,0,0,0,0,0,0,0,0,904,250,0
contig_9578,0,0,0,0,0,1550,2765,0,0,0,0,0,0,0,4876,0,0,0,0,0,0,0,0,0,0,0,0,0,0,0,0,0,0,0,0,0,0,0,0,0,0,0,0,0,0,0,0,3547,0,0,768,0,0,0,0,0,0,0,0,83484,19106,1608,0,0,4119,0,0,2133,0,0,0,0,0,0,0,0,0,0,0,0,18634,0,0,0,0,0,0,0,0,0,0,0
contig_9604,0,0,0,0,0,0,0,0,0,0,0,0,0,0,0,0,0,0,0,0,0,0,0,0,0,0,0,0,0,606,0,0,0,0,0,0,0,0,0,0,0,0,0,0,0,0,0,0,0,0,0,0,0,0,0,0,0,0,0,0,0,755,0,0,0,0,0,1222,0,0,0,0,0,0,0,0,0,0,0,0,0,0,0,0,0,0,0,0,0,0,0,0
contig_9668,0,0,0,0,0,0,0,0,0,0,0,0,0,0,0,0,0,0,0,0,0,0,0,0,0,0,0,0,0,0,0,0,0,0,0,0,0,0,0,410,0,43,121,0,0,0,0,0,0,0,0,0,0,0,0,0,0,0,0,0,0,0,0,0,0,0,0,0,0,0,0,0,0,0,0,0,0,0,0,0,0,0,0,0,0,0,0,0,0,0,0,0
contig_9670,0,0,0,0,0,0,0,0,0,0,0,0,0,0,0,0,0,0,0,0,0,0,0,0,0,0,0,0,0,0,0,0,0,0,0,0,0,0,0,0,0,0,0,0,0,23443,0,0,0,0,0,0,17964,0,0,0,0,0,27934,0,0,0,0,0,0,0,0,0,0,0,0,0,0,0,0,0,0,0,0,0,0,0,0,0,0,0,0,0,0,0,0,0
contig_9676,0,0,0,0,0,0,0,0,0,0,0,0,0,0,0,2951,4039,0,0,0,0,0,0,0,0,0,0,0,408093,4266,0,138,0,0,0,0,0,0,0,3196,0,0,0,0,0,0,0,0,131,94,1861,0,0,536,0,0,10147,0,0,0,0,0,0,0,0,0,0,0,0,0,0,0,0,3442,0,0,0,0,0,0,0,0,0,0,0,0,1999,0,0,1074,0,0
contig_9752,0,0,0,0,0,0,0,0,0,0,0,0,0,0,0,0,0,0,0,0,0,0,0,0,0,0,0,0,0,0,0,0,0,0,0,0,0,0,0,0,0,0,0,0,0,0,0,0,1731,0,1476,0,0,0,0,0,3499,0,0,0,0,583,0,0,0,0,0,1442,2601,0,0,0,0,0,0,0,0,0,0,0,0,0,0,0,0,0,0,0,0,0,0,0
contig_9760,0,0,0,0,0,0,0,0,0,0,0,0,0,0,0,0,0,0,0,0,0,0,0,0,0,0,0,0,0,0,0,0,0,0,0,0,0,0,0,0,0,0,0,0,0,0,0,0,0,0,0,0,0,3245,0,0,0,0,0,0,0,0,0,0,0,0,0,655,1727,0,0,0,0,0,0,0,0,0,0,0,0,0,0,0,0,0,7275,0,0,8127,0,0
contig_9768,0,0,0,0,0,0,0,0,0,0,0,0,0,0,0,0,0,0,0,0,0,0,0,0,0,0,0,0,0,0,0,0,0,0,0,0,0,0,0,0,0,0,0,0,0,0,0,0,1629,0,2793,0,0,487,0,0,0,0,0,0,0,0,0,0,0,0,0,0,0,0,0,0,0,1106,0,0,0,0,0,0,0,0,0,0,0,0,0,0,0,0,0,0
contig_9789,0,0,0,0,0,0,0,0,0,0,0,0,0,0,0,0,5360,0,0,0,0,0,0,0,0,0,0,0,0,0,0,0,0,0,0,0,0,0,0,0,0,0,0,0,0,0,0,0,0,0,0,0,0,0,0,0,0,0,660,0,0,807,0,0,0,0,0,0,0,0,0,0,0,0,0,0,0,0,0,0,0,0,0,0,0,0,0,0,0,0,0,0
contig_99,0,0,0,0,0,0,0,0,0,0,0,0,0,0,0,0,0,0,0,0,52,117,0,830,0,782,2676,0,0,0,0,0,0,0,0,0,0,0,0,0,0,0,0,0,0,0,0,0,0,0,0,0,0,0,0,0,0,0,0,0,0,0,0,0,0,0,0,0,0,0,0,0,0,0,0,0,0,0,0,0,0,0,0,0,0,0,0,0,0,0,0,0
contig_9915,0,0,0,0,0,110,0,0,0,0,0,0,0,0,0,0,0,0,0,0,0,101,0,0,0,0,0,0,0,0,0,32,0,0,0,0,0,492,0,0,0,0,0,0,0,0,0,0,0,0,0,0,0,0,0,0,0,0,0,0,254,694,0,0,0,0,59,0,0,0,0,0,0,0,0,0,0,0,0,0,0,0,0,0,0,0,0,0,76,35,0,0
contig_993,0,0,0,1092,754,4361,0,0,0,0,0,0,0,0,0,0,0,0,0,0,0,0,0,0,0,0,0,0,0,0,0,0,0,0,0,0,0,0,0,0,0,0,0,0,0,0,0,7073,905,1628,4332,0,0,162,0,0,0,0,0,0,11359,382,0,0,1695,0,0,2077,0,0,0,0,0,0,0,0,0,0,0,0,0,0,0,0,0,0,0,0,0,483,0,0
contig_9981,0,0,0,0,0,0,0,0,0,0,0,0,0,0,0,0,0,0,0,0,0,0,0,0,0,0,0,0,0,0,0,0,0,0,0,0,0,126,0,0,0,0,0,0,0,0,0,0,0,0,0,0,0,0,0,0,0,0,0,0,0,0,0,0,0,0,0,0,0,0,0,0,0,0,0,0,0,0,0,0,0,0,0,0,0,0,0,0,0,306,65,0
