"","term","estimate","conf.low","conf.high","p.value","comparison"
"1","Dx Status: Case",1.66025022269479,0.341031294743274,8.08263301475934,0.530139264909074,"Dx Status: Case"
"2","Country: USA",0.844121591769118,0.110605966335142,6.44215936355362,0.870183550060567,"Country: USA"
"3","Sex:Male",1.49155126650608e-14,0,Inf,0.999995661012542,"Sex:Male"
"4","Delivery Mode: Vaginal",0.352000421837928,0.0448291351681217,2.7639234285784,0.320687583975095,"Delivery Mode: Vaginal"
