"","term","estimate","conf.low","conf.high","p.value","comparison"
"1","Dx Status: Case",1.03879126104661,0.324886904646433,3.32142437443316,0.948831578178004,"Dx Status: Case"
"2","Country: USA",0.653636081054538,0.161828834283026,2.64007417682515,0.550523317221917,"Country: USA"
"3","Sex:Male",1.6532271308784,0.46770163330114,5.84381099330613,0.435175962713957,"Sex:Male"
"4","Delivery Mode: Vaginal",0.960362077642417,0.212488533518089,4.34044748158209,0.958088894877744,"Delivery Mode: Vaginal"
