"","term","estimate","conf.low","conf.high","p.value","comparison"
"1","Dx Status: Case",1.60857332560684,0.450546339647066,5.74304553418585,0.464125242692427,"Dx Status: Case"
"2","Country: USA",0.604380051764635,0.131466705520036,2.77846201078914,0.517641276459998,"Country: USA"
"3","Sex:Male",0.57493909507236,0.118696662717005,2.78487158337996,0.491704271862088,"Sex:Male"
"4","Delivery Mode: Vaginal",0.57011155052397,0.116676635331063,2.78570923063218,0.487536020123846,"Delivery Mode: Vaginal"
