"","term","estimate","conf.low","conf.high","p.value","comparison"
"1","Dx Status: Case",0.70191606038276,0.353402486552934,1.39412192774557,0.312045721185438,"Dx Status: Case"
"2","Country: USA",0.771063918330279,0.338772137365857,1.75498366180206,0.535542575904057,"Country: USA"
"3","Sex:Male",1.44125875548805,0.662559809100705,3.13515364460513,0.35662445181251,"Sex:Male"
"4","Delivery Mode: Vaginal",0.515316686666389,0.219935054983129,1.20740773942196,0.126982732437254,"Delivery Mode: Vaginal"
