"","baseMean","log2FoldChange","lfcSE","stat","pvalue","padj"
"Viruses;Cossaviricota;Papovaviricetes;Sepolyvirales;Polyomaviridae;Deltapolyomavirus",2.83749370898881,-1.59977227121938,0.594283129413898,-2.69193620353506,0.00710385327211839,0.0301913764065032
"Viruses;Cossaviricota;Quintoviricetes;Piccovirales;Parvoviridae;Protoparvovirus",2.60921923775901,1.71889765588729,0.492446219155371,3.49052868927594,0.000482065851734414,0.0023414627084243
"Viruses;Pisuviricota;Pisoniviricetes;Picornavirales;Picornaviridae;unclassified Picornaviridae genus",5879.71634217732,-13.384841014841,1.29667209680872,-10.3224562692317,5.57776497533439e-25,1.89644009161369e-23
"Viruses;Pisuviricota;Pisoniviricetes;Picornavirales;unclassified Picornavirales family;unclassified Picornavirales genus",2998.1521131508,-11.0598281339601,1.1948438824176,-9.25629556857427,2.11647870276327e-20,3.59801379469756e-19
"Viruses;unclassified Viruses phylum;unclassified Viruses class;unclassified Viruses order;Anelloviridae;Betatorquevirus",2328998.19492767,-5.90045661325115,1.42032614436804,-4.15429698076599,3.26289169895185e-05,0.000184897196273938
"Viruses;unclassified Viruses phylum;unclassified Viruses class;unclassified Viruses order;Anelloviridae;Gammatorquevirus",5745.7774821986,-7.18311973773721,1.23130608150467,-5.83374016065881,5.41985025127937e-09,6.14249695144996e-08
"Viruses;unclassified Viruses phylum;unclassified Viruses class;unclassified Viruses order;Anelloviridae;Gyrovirus",322.276610376108,-4.58561050308089,1.0273616031015,-4.46348246735852,8.0638199509776e-06,5.48339756666477e-05
"Viruses;unclassified Viruses phylum;unclassified Viruses class;unclassified Viruses order;Anelloviridae;unclassified Anelloviridae genus",1735869.32876419,-6.09222827097787,1.33522526546011,-4.56269696849881,5.05006785520366e-06,4.29255767692312e-05
