"","term","estimate","std.error","statistic","p.value"
"1","get(i)1",0.82657180458728,0.299692418965675,2.75806711240818,0.00581442591768338
"2","CountryUSA",-0.883480617716718,0.210275956442591,-4.20152942192383,2.65117783011127e-05
"3","SexMale",0.133432597322521,0.194431988249408,0.686268748902369,0.492543651956189
"4","Delivery.ModeVaginal",0.647808882198965,0.232143103322076,2.79055837941562,0.00526172102946135
"5","HLA.CategoryLow/No Risk",-0.409202502297161,0.271925588861101,-1.50483264194081,0.132367109324658
"6","HLA.CategoryStandard Risk",-0.371146143220881,0.191212113673425,-1.94101794123132,0.0522561012324124
