"","term","estimate","std.error","statistic","p.value"
"1","get(i)1",0.303641400097379,0.477043733487332,0.636506422330864,0.524446396329088
"2","CountryUSA",-0.889007134033852,0.20940730558585,-4.24534918467488,2.1825326775564e-05
"3","SexMale",0.103360209345259,0.19900601030501,0.519382350245815,0.603494136835991
"4","Delivery.ModeVaginal",0.588605616677284,0.230967122518257,2.54843897373643,0.0108206216891447
"5","HLA.CategoryLow/No Risk",-0.440316100726121,0.27370808929225,-1.60870693250128,0.107680439221726
"6","HLA.CategoryStandard Risk",-0.36495478512531,0.192122006157751,-1.89959907469239,0.0574857537567283
