"","term","coef","exp_coef","se","z_value","p_value","ci_lower","ci_upper"
"get(i)1","get(i)1",0.746676417783616,2.10997567246405,2.10997567246405,0.381565871762819,1.9568742202598,2.715080888385,86.2499183807036
"CountryUSA","CountryUSA",-0.864645577088917,0.421200809392765,0.421200809392765,0.209686164293641,-4.12352231250737,1.32214704292211,1.8875759859536
"SexMale","SexMale",0.0878051791170932,1.0917754006601,1.0917754006601,0.196904475325221,0.445927798096351,2.10057663923039,4.98271386522769
"Delivery.ModeVaginal","Delivery.ModeVaginal",0.593248503150351,1.80985820630372,1.80985820630372,0.231038760596022,2.56774448417192,3.16058771896399,17.2266930515079
"HLA.CategoryLow/No Risk","HLA.CategoryLow/No Risk",-0.405219718552304,0.66683027977756,0.66683027977756,0.27524739759136,-1.47220181588748,1.47520689990249,3.13831090864246
"HLA.CategoryStandard Risk","HLA.CategoryStandard Risk",-0.32008327514817,0.726088569422796,0.726088569422796,0.193559193794585,-1.65367125618357,1.64354804362458,2.88948540461351
