"","term","estimate","std.error","statistic","p.value"
"1","get(i)1",0.77337298021788,0.399034910837907,1.93810856948312,0.0526099781822715
"2","CountryUSA",-0.824964343197775,0.214687254245164,-3.84263307152692,0.000121721378658495
"3","SexMale",0.0503792354469303,0.202693361312039,0.248549015719233,0.80370965050208
"4","Delivery.ModeVaginal",0.553188540525146,0.232024162295881,2.38418505663954,0.0171169923905058
"5","HLA.CategoryLow/No Risk",-0.454174412461691,0.273060990963212,-1.66327094492556,0.0962582119918797
"6","HLA.CategoryStandard Risk",-0.352856238277594,0.189798350742216,-1.85911119299895,0.063011379059179
