"","term","estimate","std.error","statistic","p.value"
"1","get(i)1",1.46575509059712,0.369347638185998,3.96849726126849,7.23272884526986e-05
"2","CountryUSA",-0.920180315067639,0.211109209932197,-4.35878811428065,1.30784660349529e-05
"3","SexMale",0.121894817834861,0.194053559525441,0.628150383496986,0.529905429984176
"4","Delivery.ModeVaginal",0.598053694511911,0.230897373289203,2.5901277523969,0.00959403203116582
"5","HLA.CategoryLow/No Risk",-0.421185818408567,0.272011105700673,-1.54841405215289,0.121522640128416
"6","HLA.CategoryStandard Risk",-0.363022862279939,0.191085405827756,-1.89979376346076,0.057460189692276
