"","term","coef","exp_coef","se","z_value","p_value","ci_lower","ci_upper"
"get(i)1","get(i)1",0.799543256260339,2.22452465871112,2.22452465871112,0.237521143043241,3.36619825088489,4.04126445235895,34.5830101461329
"CountryUSA","CountryUSA",-0.794819654208817,0.45166268304188,0.45166268304188,0.212891219817554,-3.73345436645987,1.3465934559567,1.98482689658505
"SexMale","SexMale",0.0147210921255209,1.01482998106746,1.01482998106746,0.200417172411269,0.0734522493676953,1.98410767614937,4.49561663314791
"Delivery.ModeVaginal","Delivery.ModeVaginal",0.619875856129297,1.8586972816479,1.8586972816479,0.23056408969665,2.68851865416188,3.26386223913424,18.5515537131407
"HLA.CategoryLow/No Risk","HLA.CategoryLow/No Risk",-0.439570646959609,0.644312999449288,0.644312999449288,0.270778745166011,-1.62335727898478,1.46078529984604,2.99046490504969
"HLA.CategoryStandard Risk","HLA.CategoryStandard Risk",-0.381781600336235,0.682644126173682,0.682644126173682,0.191393313116261,-1.99474889754547,1.59858012743872,2.70030441505314
