"metric","max_divergence_time","divergence"
"richness",-39,96.7389705882353
"shannon",-57,2.08221539090635
"simpson",-57,0.531547045253098
"evenness",-57,0.391879988250919
