"logFC","AveExpr","t","P.Value","adj.P.Val","B","metric"
0.0225359970479751,0.757083202374694,0.413299675093565,0.682427348435,0.682427348435,-5.26388484839476,"1"
