    628 OOAT01000079|768|39
    592 MT774411_1_97886|330|57
    591 OFMV01000048|494|31
    588 OIWL01000160|816|72
    542 OLQG01000039|6186|16
    488 MT774389_1_101082|737|113
    447 QWBY01000007|303|156
    381 MT774384_1_92668|400|79
    328 NG-15813_44_lib254059_NODE_1_length_93391_cov_9.27449|112|40
    302 MZ130474_1_92367|352|33
    301 NG-14253_14_lib223986_5684_NODE_3_length_83015_cov_1213.7|249|34
    300 3300007921_____Ga0111562_100099|246|57
    291 OMGY01000095|232|30
    286 MZ130500_1_98182|244|70
    283 OLQG01000044|451|99
    261 MT774379_1_92600|84|75
    251 OFMV01000048|309|3
    249 MT774403_1_98557|327|29
    240 MT774394_1_92815|106|40
    229 phage_2|187|196
    229 OBKV01000026|144|201
    226 MT074136_1_99494|1019|24
    225 OJMP01000070|2018|25
    224 OKWR01000042|405|170
    218 sample-1_1_194036|85|41
    213 MT774408_1_94826|251|28
    212 MT774376_1_98340|187|66
    211 MT774409_1_96717|337|60
    210 MT774375_1_98826|234|8
    208 NG-14253_56xxx_lib223972_5684_NODE_1_length_101680_cov_95.3006|85|104
    207 MT774409_1_96717|198|65
    206 sample-1_21_95604|234|93
    206 MT774380_1_99882|153|96
    206 MT774379_1_92600|134|60
    205 OLPB01000025|199|6
    205 OGZD01000102|182|6
    203 MT774409_1_96717|131|62
    202 OHQS01000030|799|66
    201 MT774394_1_92815|365|21
    200 ERR589443_NODE_109_length_97897_cov_28.0204|199|67
    198 Rampelli_20005_NODE_59_length_93393_cov_174.533984|283|72
    198 NG-15813_44_lib254059_NODE_1_length_93391_cov_9.27449|197|71
    198 HvCF_B1_ms_8|434|74
    196 MT774406_1_101532|2069|2
    196 MH616963_1_94878|134|66
    195 UMIU01010253|1048|69
    186 MT774407_1_98095|77|13
    186 MT774394_1_92815|412|46
    184 OCLC01000020|123|36
    181 MT774395_1_103665|127|82
    179 sample-1_30_80291|93|83
    177 sample-1_1_194036|57|156
    177 MZ130480_1_93391|165|19
    175 3300008497_____Ga0111011_100059|181|86
    170 OLPB01000025|172|67
    170 MT774394_1_92815|181|5
    170 ERR843949_ms_3|1482|69
    170 3300006746_____Ga0101796_100038|79|92
    169 MT774379_1_92600|73|67
    168 3300014788_____Ga0134381_1000049|615|19
    167 UMIU01010253|109|85
    167 C12_NODE_4_length_93683_cov_7.991701|167|17
    166 MZ130480_1_93391|182|86
    165 MT774408_1_94826|68|22
    164 UMIU01010253|145|4
    164 NG-15813_44_lib254059_NODE_1_length_93391_cov_9.27449|119|79
    163 NG-15813_44_lib254059_NODE_1_length_93391_cov_9.27449|93|80
    161 phage_2|175|42
    161 MH552500_1_90023|315|81
    158 sample-1_3596_1751|54|1
    151 sample-1_11_101626|179|63
    150 3300007991_____Ga0105643_100224|598|16
    148 MT774409_1_96717|513|54
    147 OJNQ01000029|118|4
    146 MT774408_1_94826|260|9
    145 OLOK01000029|160|88
    144 OMEJ01000024|3178|27
    144 MT774375_1_98826|61|38
    142 sample-1_3_171347|470|36
    142 OJNS01000048|188|55
    140 MZ130480_1_93391|169|27
    139 Rampelli_20005_NODE_59_length_93393_cov_174.533984|202|62
    139 MH675552_1_102679|116|63
    139 3300007524_____Ga0105481_1000141|152|12
    137 3300008523_____Ga0115231_1000091|127|51
    133 MT774396_1_101153|142|71
    132 QWBY01000010|347|70
    127 NG-15813_44_lib254059_NODE_1_length_93391_cov_9.27449|184|13
    126 MZ130481_1_98001|94|12
    126 F3T1.2.NODE_1_length_93869_cov_36.327307|222|76
    126 ERR589737_NODE_227_length_97168_cov_1455.68|144|1
    126 3300007298_____Ga0104838_100088|54|1
    125 OLOS01000113|74|91
    125 OLOF01000050|259|70
    125 OGPZ01000054|171|45
    125 Minot_Diet_SRR5088943_NODE_15_length_93463_cov_32.895405|1011|77
    125 ERR844006_ms_1|46|25
    125 ERR589741_NODE_169_length_97150_cov_107.747|60|3
    125 3300013899_____Ga0117808_100015|55|1
    125 3300006312_____Ga0099626_100158|41|1
    124 OGRG01000096|131|27
    124 OGPZ01000054|49|1
    124 OBCT01000057|39|80
    124 NG-15813_53_lib254058_NODE_2_length_98001_cov_18.457|111|60
    124 EM195_T0_ms_1|89|17
    123 OJML01000021|88|9
    123 3300013946_____Ga0117818_1000018|1005|48
    122 OGPL01000016|144|139
    121 OKRW01000064|92|40
    121 JQ995537_1_97065|4071|46
    120 ERR589741_NODE_169_length_97150_cov_107.747|189|39
    118 OGPX01000026|65|8
    116 OOAT01000079|123|6
    116 OLHG01000007|728|154
    115 3300007222_____Ga0104061_100253|1400|24
    114 MT774385_1_101437|171|107
    112 OLJW01000056|827|109
    111 OFRZ01000076|45|60
    109 MN099_S58_106|75|41
    108 OLQG01000044|214|10
    107 ERR589852_NODE_269_length_93435_cov_9.78746|338|83
    106 Sib1_ms_4|347|79
    106 OJPT01000035|59|1
    106 MT774408_1_94826|218|26
    106 HvCF_F2_ms_2|29|3
    105 MT774393_1_83412|440|70
    105 MT774393_1_83412|275|33
    105 Long_crAss_ms_3|287|74
    105 Long_crAss_ms_3|197|76
    105 Long_crAss_ms_3|123|13
    104 OHFV01000001|296|178
    104 OBJF01000128|182|74
    104 F7_NODE_3_length_95675_cov_221.603744|105|7
    104 ERR589742_NODE_186_length_98834_cov_12.9141|60|99
    104 3300006476_____Ga0100233_100198|323|43
    102 MT774404_1_98308|128|59
    101 F2T1.2.NODE_1_length_97120_cov_58.884747|54|42
    100 MT774387_1_102434|664|46
     96 AP017903_1_99517|320|37
     94 OIWL01000160|35|37
     94 Long_crAss_ms_2|486|41
     91 ERR589750_NODE_148_length_99248_cov_188.387|191|82
     89 3300013899_____Ga0117808_100015|216|75
     88 phage_2|3252|204
     88 MT774387_1_102434|120|92
     87 OLXR01000011|1666|31
     87 OHTA01000010|89|245
     86 OMBT01000004|195|169
     86 OLZQ01000009|410|19
     86 OIML01000001|355|36
     86 OGOC01000003|78|166
     85 QWBY01000010|310|150
     85 OLZR01000008|229|60
     85 OLZR01000008|221|59
     85 OLYV01000018|376|191
     85 OLRX01000007|610|6
     85 OLHG01000007|101|68
     85 OKSC01000019|146|86
     85 OBKV01000026|279|22
     85 ERR589440_NODE_121_length_98649_cov_14.7648|65|89
     85 EM200_T3_ms_2|116|6
     84 OMFR01000011|198|132
     84 OMAN01000017|199|24
     84 OJOH01000017|222|103
     84 ERR843983_ms_1|94|79
     83 QWBY01000010|68|20
     83 OWII01000011|131|163
     83 OMAN01000017|159|123
     83 OLRU01000124|46|3
     81 QWBY01000010|164|79
     81 QRFC01000022|203|113
     81 OLFV01000031|175|65
     81 OGOT01000012|1232|8
     80 OKWR01000042|153|96
     80 MT774378_1_101662|850|75
     79 OMEW01000010|203|158
     78 OMBT01000004|182|208
     78 MH675552_1_102679|69|103
     76 sample-1_11_101626|152|54
     76 OMGY01000095|42|52
     76 MZ130478_1_100314|230|107
     76 MT774385_1_101437|213|81
     76 3300007991_____Ga0105643_100224|155|71
     75 OLXR01000011|763|5
     75 OLPS01000138|61|1
     75 OLPO01000062|464|21
     75 ERR844025_ms_1|94|71
     75 3300007312_____Ga0104941_100072|61|41
     74 OLRV01000041|98|29
     74 OLPO01000062|127|22
     74 OCPX01000081|47|89
     74 OBZD01000096|154|43
     74 MZ130479_1_96466|164|82
     74 ERR844035_ms_1|125|69
     74 3300008737_____Ga0113999_100109|121|56
     74 3300007210_____Ga0103359_100138|158|36
     73 sample-1_3635_1721|54|2
     73 OCRP01000110|1294|50
     73 MT774379_1_92600|185|85
     73 MH616963_1_94878|102|7
     72 OKSB01000078|42|73
     72 MT774397_1_97290|64|63
     71 sample-1_1_194036|263|286
     71 OJQF01000018|109|63
     71 MT774377_1_93787|252|65
     71 ERR589512_NODE_279_length_97295_cov_607.21|64|67
     70 OBKV01000026|1676|173
     70 MT774387_1_102434|115|11
     70 HvCF_B1_ms_5|55|4
     70 4_lib200738_4|256|28
     69 OGYC01000074|314|31
     69 Long_crAss_ms_1|54|5
     69 KC821624_1_100418|225|36
     68 OLZO01000021|458|46
     68 OLVR01000187|86|39
     68 F6_NODE_4_length_91062_cov_72.306460|793|22
     67 OLTF01000001|31|83
     67 3300008326_____Ga0115311_100028|351|51
     66 ERR589532_NODE_103_length_94606_cov_18.1916|222|85
     65 OKWR01000042|160|62
     65 OGOI01000071|102|43
     65 ERR589848_NODE_158_length_99263_cov_37.5295|246|94
     65 ERR589587_NODE_208_length_94701_cov_61.0326|44|12
     64 sample-1_12_101623|113|81
     64 sample-1_11_101626|106|12
     63 OINJ01000001|191|35
     62 OOCN01000077|116|13
     62 OJQL01000115|1341|38
     62 OBXZ01000146|264|33
     62 OBKV01000026|32|16
     62 MT774382_1_99985|82|33
     62 3300008479_____Ga0114883_1000181|71|1
     61 NG-14253_14_lib223986_5684_NODE_3_length_83015_cov_1213.7|161|52
     61 ERR589773_NODE_178_length_95143_cov_627.55|128|12
     61 ERR589548_NODE_125_length_99181_cov_12.0749|253|88
     60 sample-1_11_101626|174|82
     60 QRFC01000022|61|71
     60 MT774407_1_98095|98|41
     60 MT774379_1_92600|158|90
     60 3300006312_____Ga0099626_100158|79|47
     59 OLYV01000018|80|39
     59 OLVT01000100|4416|67
     59 OKSB01000078|192|35
     59 OKSB01000078|132|34
     59 OJQL01000115|1024|40
     59 ERR589503_NODE_260_length_95985_cov_44.2112|334|11
     59 3300007298_____Ga0104838_100096|107|59
     58 sample-1_19_96211|68|35
     58 sample-1_19_96211|49|42
     58 sample-1_19_96211|171|78
     58 sample-1_13_99291|64|57
     58 OMGY01000095|55|66
     58 OMGY01000095|109|61
     58 OLPO01000070|99|2
     58 OLFT01000163|86|59
     58 OJMP01000008|48|146
     58 OHEN01000023|745|173
     58 OGRD01000043|158|83
     58 OATI01000137|88|75
     58 MZ130487_1_94533|181|2
     58 ERR589804_NODE_183_length_96082_cov_14.9851|336|56
     58 ERR589589_NODE_144_length_94594_cov_10.8503|326|2
     58 ERR589589_NODE_144_length_94594_cov_10.8503|115|66
     58 ERR589589_NODE_144_length_94594_cov_10.8503|112|38
     58 ERR589589_NODE_144_length_94594_cov_10.8503|103|81
     58 ERR589532_NODE_103_length_94606_cov_18.1916|378|20
     58 3300007921_____Ga0111562_100099|76|27
     58 3300007796_____Ga0105889_100147|171|24
     58 16T1_lib200772_4|81|40
     57 OLRV01000041|89|58
     57 OKUM01000038|83|75
     57 MT774388_1_102301|82|39
     57 Minot_Diet_SRR5088943_NODE_15_length_93463_cov_32.895405|98|56
     57 ERR589511_NODE_212_length_96153_cov_11.9872|67|61
     56 OJOH01000017|651|213
     56 OGZA01000030|236|74
     56 MZ130487_1_94533|126|88
     56 3300007921_____Ga0111562_100099|227|61
     55 OLWB01000021|252|129
     55 OGOG01000008|529|16
     55 MZ130487_1_94533|62|3
     55 3300008737_____Ga0113999_100109|429|69
     55 3300008737_____Ga0113999_100109|137|96
     54 OMEV01000014|455|145
     54 OCHL01000028|295|197
     54 OBJQ01000077|431|99
     54 MZ130482_1_99704|61|58
     54 MT774411_1_97886|471|43
     54 ERR844025_ms_1|63|60
     54 ERR589848_NODE_206_length_90462_cov_52.7397|114|57
     53 QWBY01000010|715|126
     53 OMAV01000002|214|27
     53 OLWC01000038|4067|15
     53 OFMT01000022|40|142
     53 OBJQ01000077|156|90
     53 MT774375_1_98826|59|55
     53 MT774375_1_98826|139|47
     53 MT774375_1_98826|122|59
     53 HvCF_D1_ms_1|461|10
     53 ERR843949_ms_1|144|8
     53 ERR589532_NODE_107_length_92376_cov_180.077|85|40
     53 3300014921_____Ga0169822_100099|88|99
     52 sample-1_21_95604|71|73
     52 OLVO01000096|43|16
     52 OKSB01000084|127|82
     52 MT774387_1_102434|75|96
     51 sample-1_7_152939|354|20
     51 OGOT01000012|105|121
     51 HvCF_D10_ms_2|87|63
     51 ERR589786_NODE_135_length_99040_cov_1290.66|458|52
     50 OMDY01000016|231|58
     50 OLWB01000021|1047|66
     50 OLSO01000074|114|38
     50 OGZB01000001|203|20
     50 NG-14571_96_NODE_2_length_96466_cov_151.499|1556|14
     50 ERR589804_NODE_183_length_96082_cov_14.9851|111|60
     49 sample-1_16_98401|574|18
     49 OJOU01000011|135|112
     49 OBKV01000026|358|159
     49 3300014944_____Ga0134440_100138|40|1
     48 phage_2|171|97
     48 OIMM01000002|820|182
     48 OBHU01000008|77|191
     48 OBAQ01000124|4392|6
     48 ERR589532_NODE_107_length_92376_cov_180.077|212|3
     48 ERR589532_NODE_103_length_94606_cov_18.1916|23|94
     47 sample-1_10_102032|35|105
     47 OMFR01000011|377|117
     47 OLOE01000004|133|63
     47 OLHG01000007|205|24
     47 OLFY01000217|327|52
     47 OLBP01000001|200|177
     47 OLAR01000001|1506|8
     47 OJMH01000169|1338|63
     47 OGTB01000008|1143|44
     47 OGOL01000109|333|12
     47 MT774389_1_101082|238|40
     47 ERR589848_NODE_206_length_90462_cov_52.7397|298|25
     47 ERR589836_NODE_132_length_97990_cov_15.6475|51|32
     47 ERR589746_NODE_110_length_100335_cov_36.0815|168|24
     47 3300008523_____Ga0115231_1000091|350|19
     46 QWBY01000010|226|144
     46 OLXR01000011|73|195
     46 OLSE01000042|173|25
     46 OJPG01000010|67|52
     46 OHAD01000101|325|6
     46 OGYG01000098|94|17
     46 OBAQ01000124|110|66
     46 NG-14253_14_lib223986_5684_NODE_3_length_83015_cov_1213.7|99|42
     46 MZ130487_1_94533|139|33
     46 MT774397_1_97290|93|3
     46 MT774393_1_83412|86|39
     46 MT774393_1_83412|78|40
     46 MT774393_1_83412|198|19
     46 MT774380_1_99882|135|2
     46 KJ003983_1_99915|90|10
     46 KC821624_1_100418|375|94
     46 KC821624_1_100418|127|100
     46 F7_NODE_3_length_95675_cov_221.603744|78|82
     46 3300007105_____Ga0102630_100105|93|80
     46 16T1_lib200772_4|39|68
     45 phage_1|275|94
     45 OWII01000011|118|103
     45 OLPO01000062|54|40
     45 OLPH01000160|78|37
     45 OLFY01000217|44|86
     45 OLAR01000001|766|165
     45 OJPU01000022|252|151
     45 OJOU01000011|123|130
     45 OIOX01000001|89|56
     45 OICR01000007|306|129
     45 OHTD01000013|31|1
     45 OFLY01000012|662|142
     45 OCPV01000032|1450|12
     45 NG-16262_31_lib261986_NODE_2_length_99704_cov_87.7682|717|11
     45 MZ130477_1_100971|188|1
     45 MH675552_1_102679|331|33
     45 Long_crAss_ms_5|72|23
     45 3300014936_____Ga0169833_100099|31|89
     45 3300014712_____Ga0134412_100037|60|34
     44 sample-1_23_92914|343|29
     44 sample-1_2370_3154|144|4
     44 sample-1_21_95604|143|32
     44 sample-1_21_95604|127|59
     44 sample-1_11_101626|83|30
     44 sample-1_11_101626|79|47
     44 sample-1_11_101626|50|66
     44 sample-1_11_101626|390|60
     44 sample-1_11_101626|104|56
     44 QWCY01000259|107|19
     44 OMAV01000002|169|103
     44 OLPR01000090|40|1
     44 OLOE01000004|241|99
     44 OLGB01000200|140|58
     44 OLFZ01000118|427|59
     44 OIWV01000065|48|1
     44 OHJX01000034|92|20
     44 OGPZ01000072|155|51
     44 OBJF01000128|54|65
     44 OBJF01000128|35|1
     44 NG-14253_9_lib223974_5684_NODE_4_length_59928_cov_398.525|164|36
     44 MZ130490_1_92132|97|16
     44 MZ130490_1_92132|112|81
     44 MH675552_1_102679|334|36
     44 ERR589742_NODE_219_length_92594_cov_6.88142|50|48
     44 ERR589512_NODE_313_length_91996_cov_59.3944|1024|85
     44 3300014944_____Ga0134440_100138|183|69
     44 3300014712_____Ga0134412_100037|77|66
     44 3300007991_____Ga0105643_100224|52|98
     44 3300007921_____Ga0111562_100099|53|25
     43 sample-1_4_157545|581|12
     43 QWBY01000007|63|72
     43 phage_2|580|33
     43 OMAL01000015|98|15
     43 OLRZ01000056|92|31
     43 OLPO01000063|1371|77
     43 OLNQ01000088|249|24
     43 OLFY01000217|52|71
     43 OIWV01000065|104|51
     43 OHJU01000015|1392|89
     43 OBAQ01000124|149|65
     43 MZ130490_1_92132|209|48
     43 MZ130488_1_91714|207|17
     43 MZ130485_1_104564|536|105
     43 MT774404_1_98308|82|26
     43 MT774392_1_95150|298|31
     43 MT774391_1_99212|136|89
     43 MT774390_1_98164|207|87
     43 MT774387_1_102434|212|62
     43 ERR589742_NODE_219_length_92594_cov_6.88142|71|80
     43 EM210_T0_ms_1|251|90
     43 3300014538_____Ga0134452_100100|131|27
     43 3300008299_____Ga0114868_1000151|55|4
     42 SRS143876_NODE_156_length_99405_cov_8.65265|134|25
     42 sample-1_24_92306|71|76
     42 sample-1_21_95604|142|30
     42 sample-1_11_101626|729|96
     42 QWCY01000259|74|51
     42 QRFC01000022|164|110
     42 OMGY01000027|949|86
     42 OMGY01000027|86|122
     42 OMAV01000002|88|66
     42 OLYV01000018|113|72
     42 OLRZ01000056|167|32
     42 OLHG01000007|86|38
     42 OJQQ01000027|1268|111
     42 OIWS01000145|1453|60
     42 OICG01000006|322|26
     42 OHFX01000006|402|138
     42 OHFX01000006|173|127
     42 OHAD01000101|63|33
     42 OGZB01000001|567|200
     42 OGPZ01000072|1424|8
     42 OFLY01000012|378|106
     42 OCPX01000081|53|40
     42 MZ130495_1_101130|143|7
     42 MT774398_1_100198|233|48
     42 MT774375_1_98826|145|50
     42 MN045_S8_84|83|49
     42 KC821624_1_100418|226|76
     42 G3_WGS_contig_51_2_length_97737_read_count_6388982|1420|100
     42 ERR589811_NODE_183_length_95797_cov_1140.66|253|35
     42 ERR589534_NODE_206_length_99607_cov_6.90286|587|8
     42 3300014919_____Ga0169798_100120|247|50
     41 sample-1_5_155540|75|155
     41 sample-1_5_155540|67|30
     41 sample-1_5_155540|113|48
     41 sample-1_4_157545|208|9
     41 sample-1_24_92306|75|71
     41 sample-1_24_92306|176|47
     41 sample-1_24_92306|155|51
     41 sample-1_24_92306|115|44
     41 sample-1_23_92914|296|35
     41 QRFC01000022|102|2
     41 OMGK01000003|37|62
     41 OMAV01000002|266|105
     41 OLYV01000018|156|10
     41 OKWR01000042|758|80
     41 OJUG01000072|82|179
     41 OJSE01000052|230|173
     41 OJNH01000048|39|25
     41 OHQS01000030|137|51
     41 OGZF01000022|232|136
     41 OFPS01000054|178|2
     41 OCPZ01000017|339|67
     41 OBWI01000023|476|40
     41 OBKV01000026|254|144
     41 MZ130491_1_98573|717|67
     41 MZ130483_1_93564|88|66
     41 MT774385_1_101437|162|101
     41 MT774384_1_92668|1064|24
     41 MT774378_1_101662|148|28
     41 MH675552_1_102679|125|82
     41 ERR589777_NODE_213_length_102559_cov_114.718|663|1
     40 sample-1_7_152939|267|38
     40 sample-1_5_155540|62|15
     40 sample-1_4_157545|70|26
     40 OLZR01000008|111|145
     40 OLYV01000018|343|190
     40 OLQV01000028|109|121
     40 OLQV01000028|104|152
     40 OLGN01000078|66|35
     40 OKWR01000042|102|105
     40 OJSE01000052|84|13
     40 OJQQ01000027|1503|123
     40 OJOU01000011|1006|134
     40 OHTD01000013|31|6
     40 OHQS01000030|80|84
     40 OHFV01000001|229|171
     40 OGYC01000074|79|86
     40 OGPZ01000072|116|52
     40 OFMU01000028|82|28
     40 OFMU01000028|231|64
     40 OFMU01000028|2172|72
     40 OFMU01000028|155|66
     40 OFMU01000028|139|59
     40 OFMT01000022|366|189
     40 OFLY01000012|298|109
     40 OBWI01000023|2213|8
     40 OBWI01000023|108|160
     40 OBKV01000026|119|24
     40 MT074136_1_99494|395|76
     40 HvCF_E8_ms_1|43|36
     40 ERR844065_ms_1|124|10
     39 sample-1_20_95736|232|88
     39 sample-1_10_102032|384|23
     39 QRFC01000022|175|50
     39 PPYF01266999|122|33
     39 OMBK01000012|104|137
     39 OLZQ01000035|188|61
     39 OLJW01000056|168|179
     39 OJPG01000010|52|139
     39 OIZE01000030|97|88
     39 OHXK01000005|160|125
     39 OHEN01000023|80|140
     39 OHEN01000023|182|136
     39 OGZD01000102|388|21
     39 OGYM01000002|81|141
     39 OGPL01000016|101|122
     39 OCPX01000081|55|6
     39 MT774395_1_103665|141|14
     39 MT774378_1_101662|469|89
     39 EM245_T3_ms_3|913|89
     39 E11_NODE_1_length_96694_cov_1258.521291|395|89
     39 3300014547_____Ga0134415_100047|719|86
     38 QWCH01000269|144|79
     38 OMEJ01000024|72|92
     38 OMAN01000017|86|177
     38 OKSC01000019|469|150
     38 OIWT01000163|2432|56
     38 OIRC01000027|867|8
     38 OGZF01000022|335|82
     38 OGYG01000098|553|65
     38 OCPV01000032|520|111
     38 MZ130494_1_100255|126|34
     38 MZ130490_1_92132|118|27
     38 MZ130484_1_97536|490|63
     38 MZ130475_1_99984|75|95
     38 HvCF_B1_ms_5|270|1
     38 ERR589856_NODE_160_length_99420_cov_996.622|120|31
     38 ERR589851_NODE_110_length_101537_cov_76.3839|114|6
     38 3300014788_____Ga0134381_1000049|194|64
     38 3300007806_____Ga0105890_100137|209|42
     37 sample-1_516_11797|94|6
     37 sample-1_3_171347|69|1
     37 QRFC01000022|56|44
     37 OLVX01000015|65|140
     37 OLJW01000056|137|51
     37 OKWR01000042|1395|112
     37 OKRV01000012|232|66
     37 OJOU01000011|219|120
     37 OGZA01000030|46|36
     37 OGXT01000133|93|19
     37 OBHU01000008|41|115
     37 MZ130478_1_100314|159|97
     37 MZ130475_1_99984|65|6
     37 MT774400_1_96055|172|38
     37 MT774387_1_102434|71|102
     37 Long_crAss_ms_9|96|36
     37 HvCF_E4_ms_4|190|55
     37 ERR589818_NODE_123_length_100672_cov_68.5318|269|94
     37 CF1_ms_1|79|6
     36 sample-1_21_95604|92|29
     36 OLWW01000036|1204|33
     36 OLNL01000026|105|96
     36 OLHG01000007|566|113
     36 OKSX01000010|206|165
     36 OKRW01000064|232|75
     36 OBZD01000096|75|32
     36 MZ130492_1_96892|309|5
     36 MT774400_1_96055|177|84
     36 MT774388_1_102301|181|46
     36 A1_NODE_2_length_99974_cov_261.284550|439|76
     36 3300014547_____Ga0134415_100047|93|50
     36 3300007714_____Ga0105661_1000061|1370|89
     35 sample-1_24_92306|99|11
     35 sample-1_13_99291|106|27
     35 QRFC01000022|91|147
     35 OLYB01000074|213|20
     35 OLXR01000011|62|189
     35 OKVF01000023|1349|14
     35 OICB01000025|59|11
     35 OHQS01000030|335|116
     35 OHFV01000001|192|52
     35 OGTB01000054|115|33
     35 OBWI01000023|50|75
     35 MT774401_1_97422|94|7
     35 MT774399_1_99168|92|50
     35 MT774392_1_95150|131|59
     35 MT774388_1_102301|100|37
     35 MT774385_1_101437|90|69
     35 G3_WGS_contig_51_2_length_97737_read_count_6388982|62|65
     35 F4_NODE_1_length_100650_cov_839.811104|99|90
     35 3300014963_____Ga0134523_1000562|619|44
     34 sample-1_3_171347|156|176
     34 QWBY01000010|86|46
     34 QWBY01000007|92|32
     34 OLXR01000011|373|38
     34 OLSE01000042|115|208
     34 OLQG01000044|181|27
     34 OLOE01000004|300|118
     34 OIZB01000074|109|83
     34 OINS01000001|120|113
     34 OGTB01000008|100|102
     34 OFMT01000022|920|173
     34 ERR589843_NODE_134_length_102073_cov_9.78706|269|93
     34 ERR589534_NODE_206_length_99607_cov_6.90286|39|68
     33 Sib2_ms_2|1921|1
     33 sample-1_2_180874|73|60
     33 phage_2|242|155
     33 OLVT01000100|52|31
     33 OLGL01000107|257|1
     33 OLGL01000107|211|68
     33 OLGL01000107|179|55
     33 OKUM01000038|91|74
     33 OJPC01000037|579|80
     33 OIHW01000011|130|97
     33 OIAT01000008|154|79
     33 OHJU01000015|108|25
     33 OGZF01000022|80|170
     33 OFMU01000028|154|160
     33 MT774389_1_101082|77|3
     33 MT774385_1_101437|344|66
     33 ERR589836_NODE_124_length_100491_cov_5.94573|2518|25
     33 ERR589817_NODE_85_length_101984_cov_21.9381|130|36
     33 ERR589531_NODE_142_length_100626_cov_28.4295|79|69
     33 3300008716_____Ga0113874_100156|132|59
     33 3300007796_____Ga0105889_100147|98|21
     33 3300006746_____Ga0101796_100038|68|36
     32 sample-1_16_98401|46|80
     32 sample-1_10_102032|59|74
     32 QWCH01000269|156|43
     32 OLNQ01000088|72|65
     32 OJPW01000082|121|77
     32 OJPI01000006|181|202
     32 OIXA01000142|67|56
     32 OINJ01000001|30|1
     32 OIHW01000011|86|79
     32 OHFV01000001|302|5
     32 OGPX01000023|115|84
     32 OFMT01000022|64|64
     32 OCHV01000088|51|41
     32 OCHL01000028|737|58
     32 OBKV01000026|341|187
     32 OBJP01000067|45|25
     32 MZ130499_1_97706|86|37
     32 MZ130499_1_97706|56|36
     32 MZ130493_1_100650|83|7
     32 MZ130492_1_96892|149|41
     32 MT774397_1_97290|216|23
     32 MT774396_1_101153|166|79
     32 MT774396_1_101153|134|74
     32 Long_crAss_ms_1|54|87
     32 F10_NODE_1_length_96892_cov_1695.602518|109|98
     32 ERR843949_ms_1|132|13
     32 ERR589811_NODE_183_length_95797_cov_1140.66|49|8
     32 ERR589777_NODE_213_length_102559_cov_114.718|129|55
     32 ERR589773_NODE_168_length_99796_cov_16.6781|107|84
     32 ERR589503_NODE_243_length_99288_cov_256.502|400|21
     32 3300008725_____Ga0115670_1000139|254|57
     31 sample-1_9_104613|48|64
     31 sample-1_3_171347|87|128
     31 sample-1_273_20403|226|8
     31 sample-1_13_99291|112|47
     31 OLSE01000042|156|27
     31 OLNL01000026|100|146
     31 OLHG01000007|50|69
     31 OIWS01000145|568|83
     31 OHMY01000035|86|113
     31 OGYM01000002|83|96
     31 OGOI01000071|152|36
     31 NG-16262_31_lib261986_NODE_2_length_99704_cov_87.7682|330|27
     31 NG-15813_44_lib254059_NODE_1_length_93391_cov_9.27449|463|22
     31 MZ130492_1_96892|93|72
     31 MZ130483_1_93564|97|29
     31 MZ130483_1_93564|113|18
     31 MT774396_1_101153|46|17
     31 MT774388_1_102301|48|52
     31 ERR589835_NODE_174_length_96977_cov_65.8124|100|99
     31 EM195_T0_ms_1|86|82
     31 3300013752_____Ga0117817_1000004|112|39
     31 3300007806_____Ga0105890_100137|185|5
     31 3300007714_____Ga0105661_1000061|419|101
     30 SRR4295175_ms_5|217|5
     30 sample-1_13_99291|100|76
     30 phage_16|290|140
     30 phage_15|387|40
     30 OOAG01000060|179|76
     30 OLYV01000018|67|66
     30 OLYB01000074|125|97
     30 OLRF01000054|97|110
     30 OKRV01000012|164|27
     30 OJPG01000010|204|134
     30 OIXA01000019|165|2
     30 OHPI01000007|22|245
     30 MT774397_1_97290|103|92
     30 MT774379_1_92600|267|55
     30 MT074136_1_99494|176|71
     30 MN917146_1_93030|161|55
     30 ERR589797_NODE_176_length_100385_cov_85.2729|74|88
     30 ERR589590_NODE_72_length_96711_cov_28.1345|70|101
     29 OMAV01000002|1669|63
     29 OMAV01000002|130|39
     29 OLWC01000038|88|27
     29 OLWC01000038|207|57
     29 OKSX01000010|349|11
     29 OJMP01000008|105|20
     29 OICR01000007|74|85
     29 OICG01000006|205|126
     29 OHYE01000011|78|93
     29 OGZD01000102|56|30
     29 OFMT01000022|343|21
     29 MZ130490_1_92132|145|80
     29 MT774404_1_98308|115|36
     29 ERR844065_ms_1|89|44
     29 ERR589797_NODE_176_length_100385_cov_85.2729|214|106
     29 ERR589777_NODE_213_length_102559_cov_114.718|490|21
     29 E11_NODE_1_length_96694_cov_1258.521291|42|58
     28 Sib2_ms_1|34|98
     28 sample-1_2_180874|48|220
     28 sample-1_17_96846|100|55
     28 sample-1_1_194036|104|79
     28 QWBY01000010|266|4
     28 OWII01000011|58|194
     28 OMFN01000011|133|168
     28 OMBP01000015|145|132
     28 OLVX01000015|302|64
     28 OLRZ01000056|76|76
     28 OLRF01000054|52|70
     28 OLRF01000054|260|86
     28 OLPB01000029|217|1
     28 OLNL01000026|318|72
     28 OLND01000017|162|154
     28 OLAR01000001|102|188
     28 OJPW01000082|198|11
     28 OJNQ01000029|48|24
     28 OJMP01000008|82|182
     28 OIRC01000027|110|50
     28 OIPU01000001|77|34
     28 OIJI01000001|51|102
     28 OHIN01000009|56|113
     28 OGZF01000025|298|163
     28 OGYM01000002|93|74
     28 OGYM01000002|120|150
     28 MT774410_1_98667|1566|52
     28 MT774399_1_99168|63|95
     28 MT074136_1_99494|177|90
     28 ERR844047_ms_3|48|101
     28 ERR844030_ms_1|203|42
     28 ERR589814_NODE_185_length_102005_cov_6.51113|128|21
     28 C12_NODE_4_length_93683_cov_7.991701|119|79
     28 3300014547_____Ga0134415_100047|67|63
     27 SRS143417_NODE_148_length_97094_cov_7.69295|71|5
     27 sample-1_30_80291|54|68
     27 sample-1_241_22966|33|26
     27 sample-1_12_101623|211|45
     27 sample-1_1_194036|101|145
     27 QWCH01000269|94|14
     27 QRFC01000022|60|109
     27 OMBT01000004|532|66
     27 OLHG01000007|234|166
     27 OINS01000001|144|48
     27 OINJ01000001|62|67
     27 OIML01000001|261|64
     27 OIML01000001|129|99
     27 OHYE01000011|178|166
     27 OHAY01000006|228|145
     27 OGXF01000053|41|94
     27 OGOC01000003|1067|198
     27 OFMU01000028|69|70
     27 NG-14253_56xxx_lib223972_5684_NODE_1_length_101680_cov_95.3006|64|22
     27 MZ130490_1_92132|48|52
     27 MT774388_1_102301|79|2
     27 HvCF_E4_ms_4|153|64
     27 F6_NODE_4_length_91062_cov_72.306460|222|25
     27 ERR843949_ms_3|223|49
     27 EM195_T0_ms_1|299|87
     27 B7_NODE_1_length_96266_cov_47.336375|98|62
     26 sample-1_5_155540|131|191
     26 sample-1_1_194036|47|51
     26 OLYV01000018|60|6
     26 OLXR01000011|68|150
     26 OLXR01000011|62|168
     26 OLWZ01000040|79|67
     26 OLFT01000163|44|91
     26 OJQQ01000027|318|110
     26 OJMP01000070|304|51
     26 OJMP01000008|91|22
     26 OIWL01000160|1279|48
     26 OIMM01000002|648|82
     26 OIMM01000002|45|79
     26 OIJI01000001|29|213
     26 OIHW01000011|88|42
     26 OHAY01000006|175|166
     26 OGXI01000029|111|43
     26 OGQH01000028|58|164
     26 OGOO01000044|141|80
     26 OGOC01000003|252|71
     26 OBKV01000026|220|137
     26 OBKI01000059|126|8
     26 MT774394_1_92815|119|67
     26 MT774389_1_101082|132|94
     26 MH552500_1_90023|108|17
     26 HvCF_E4_ms_4|388|75
     26 3300007298_____Ga0104838_100088|486|13
     25 sample-1_3_171347|105|168
     25 sample-1_24_92306|96|48
     25 sample-1_24_92306|486|17
     25 PPYF01266999|387|173
     25 phage_16|71|79
     25 phage_16|149|175
     25 OMEJ01000024|81|60
     25 OLSE01000042|97|186
     25 OLOZ01000027|92|9
     25 OLND01000017|121|64
     25 OLGB01000200|57|65
     25 OLFZ01000108|45|57
     25 OKVF01000023|98|209
     25 OKSC01000019|105|183
     25 OJOE01000015|149|57
     25 OJMP01000008|54|21
     25 OIXH01000029|192|112
     25 OIXH01000029|185|144
     25 OIXA01000019|141|130
     25 OINS01000001|95|80
     25 OINS01000001|54|79
     25 OINS01000001|102|78
     25 OINJ01000001|100|75
     25 OIMM01000002|80|15
     25 OIMM01000002|391|81
     25 OIML01000001|86|133
     25 OIML01000001|55|194
     25 OIKE01000002|63|56
     25 OGYG01000098|94|13
     25 OGOC01000003|96|70
     25 OGOC01000003|88|72
     25 OFPS01000054|265|150
     25 OFMU01000028|106|30
     25 OBHU01000008|75|63
     25 MZ130500_1_98182|72|2
     25 MT774409_1_96717|522|27
     25 ERR589821_NODE_65_length_97126_cov_5571.81|4070|81
     25 ERR589750_NODE_144_length_100756_cov_12.0751|107|49
     25 ERR589531_NODE_142_length_100626_cov_28.4295|175|68
     25 3300014963_____Ga0134523_1000562|103|15
     25 2_lib200757_5|203|66
     24 sample-1_3_171347|135|157
     24 sample-1_13_99291|188|22
     24 phage_16|93|46
     24 phage_15|87|117
     24 OWII01000011|132|191
     24 OMDY01000016|33|142
     24 OMAN01000017|284|53
     24 OMAN01000017|148|11
     24 OLNL01000026|62|174
     24 OKUZ01000024|63|87
     24 OJUG01000072|243|46
     24 OJPI01000006|90|137
     24 OJOU01000011|51|191
     24 OJMP01000008|56|189
     24 OJMP01000008|162|187
     24 OINS01000001|87|47
     24 OHAY01000006|120|104
     24 OGRL01000078|166|54
     24 OGOT01000012|83|127
     24 OGOG01000008|75|17
     24 OGOC01000003|74|167
     24 OFPS01000054|281|55
     24 OFMU01000028|146|26
     24 OFMT01000010|67|32
     24 OCHF01000011|85|29
     24 OBHU01000008|76|166
     24 OATI01000137|113|20
     24 NG-15813_44_lib254059_NODE_1_length_93391_cov_9.27449|90|43
     24 NG-14253_56xxx_lib223972_5684_NODE_1_length_101680_cov_95.3006|112|56
     24 MZ130484_1_97536|56|29
     24 MT774411_1_97886|389|2
     24 MT774400_1_96055|153|60
     24 MT774395_1_103665|177|17
     24 MT774388_1_102301|475|65
     24 MN917146_1_93030|65|40
     24 ERR589835_NODE_174_length_96977_cov_65.8124|44|16
     24 ERR589534_NODE_206_length_99607_cov_6.90286|103|30
     24 3300007853_____Ga0114093_100213|96|21
     23 sample-1_24_92306|89|56
     23 sample-1_24_92306|84|103
     23 sample-1_24_92306|82|92
     23 sample-1_24_92306|226|55
     23 sample-1_24_92306|183|97
     23 sample-1_24_92306|129|72
     23 sample-1_24_92306|112|41
     23 PPYF01266999|119|161
     23 OWII01000011|670|134
     23 OMFK01000016|136|23
     23 OMDY01000016|168|50
     23 OMDY01000016|139|120
     23 OLZO01000021|80|172
     23 OLSE01000042|102|154
     23 OLND01000017|302|52
     23 OLFZ01000108|56|47
     23 OJOU01000011|199|14
     23 OJOH01000017|84|136
     23 OIXH01000029|94|81
     23 OIXH01000029|102|113
     23 OIKE01000002|185|13
     23 OHQS01000030|199|150
     23 OHQM01000028|41|15
     23 OHPI01000007|186|120
     23 OHKV01000027|195|116
     23 OHBE01000017|173|96
     23 OGZF01000022|97|141
     23 OGZF01000022|122|147
     23 OGYM01000002|188|84
     23 OGOI01000071|29|101
     23 OGOC01000003|110|84
     23 OGCO01000213|184|92
     23 OFPS01000054|186|32
     23 OFMT01000022|101|201
     23 OFMT01000010|108|205
     23 MT774403_1_98557|233|48
     23 MT774391_1_99212|77|8
     23 MH675552_1_102679|64|48
     23 MH675552_1_102679|247|100
     23 ERR589777_NODE_213_length_102559_cov_114.718|57|20
     23 3300007098_____Ga0102540_100090|61|40
     22 sample-1_7_152939|342|60
     22 sample-1_3_171347|55|133
     22 sample-1_24_92306|81|31
     22 sample-1_24_92306|69|81
     22 sample-1_24_92306|32|34
     22 OMAL01000015|230|182
     22 OLXR01000011|256|129
     22 OLXR01000011|116|125
     22 OLVR01000187|133|15
     22 OLQG01000039|305|29
     22 OLOG01000029|349|68
     22 OLNZ01000083|132|49
     22 OLNE01000081|156|85
     22 OLFT01000163|79|32
     22 OKWR01000042|105|126
     22 OJPW01000082|85|21
     22 OJOU01000011|155|155
     22 OJOH01000017|163|33
     22 OIXH01000029|84|118
     22 OIJI01000001|41|141
     22 OIJI01000001|40|112
     22 OHQS01000030|101|19
     22 OHFV01000001|88|6
     22 OHFV01000001|40|46
     22 OHEN01000023|86|141
     22 OHEN01000023|38|13
     22 OHEN01000023|118|85
     22 OGZB01000001|332|131
     22 OGXI01000029|37|97
     22 OGOO01000044|219|175
     22 OGOC01000003|41|118
     22 OFMV01000048|116|63
     22 OFMT01000022|33|66
     22 OFMT01000022|204|94
     22 OFMT01000022|142|67
     22 OBWI01000023|136|65
     22 OAWA01000024|121|231
     22 MZ130497_1_104085|221|62
     22 MZ130493_1_100650|79|69
     22 MT774411_1_97886|339|75
     22 MT774411_1_97886|208|46
     22 MT774411_1_97886|146|54
     22 MT774410_1_98667|136|17
     22 MT774410_1_98667|114|29
     22 MT774409_1_96717|151|84
     22 MT774409_1_96717|127|90
     22 MT774408_1_94826|69|49
     22 MT774408_1_94826|160|76
     22 MT774408_1_94826|121|54
     22 MT774379_1_92600|129|68
     22 MH616963_1_94878|163|75
     22 ERR844070_ms_2|242|59
     22 ERR589843_NODE_134_length_102073_cov_9.78706|1345|1
     22 3300008725_____Ga0115670_1000139|413|87
     21 sample-1_4_157545|201|108
     21 sample-1_24_92306|73|30
     21 sample-1_24_92306|242|33
     21 sample-1_24_92306|158|70
     21 sample-1_24_92306|148|6
     21 QWCY01000236|162|56
     21 PPYF01266999|75|1
     21 phage_2|275|76
     21 OMFN01000011|114|111
     21 OMEJ01000024|130|124
     21 OLSE01000042|104|98
     21 OLRX01000007|124|112
     21 OLQG01000044|206|44
     21 OLPO01000062|50|64
     21 OLOE01000004|68|206
     21 OLGF01000091|141|72
     21 OKSC01000019|85|210
     21 OKSB01000078|113|37
     21 OJOU01000011|80|27
     21 OIXH01000029|62|142
     21 OIXH01000029|177|78
     21 OIOX01000001|49|88
     21 OINS01000001|288|179
     21 OICR01000007|74|32
     21 OHYE01000011|197|45
     21 OHYE01000011|1091|185
     21 OHJU01000015|144|84
     21 OHEN01000023|76|12
     21 OHEN01000023|172|159
     21 OHAB01000087|77|48
     21 OGZF01000022|92|8
     21 OGXI01000029|142|19
     21 OGPX01000023|392|56
     21 OFPS01000054|109|119
     21 OCPY01000015|242|115
     21 OCPV01000032|135|73
     21 NG-16262_31_lib261986_NODE_2_length_99704_cov_87.7682|245|90
     21 MZ130482_1_99704|82|39
     21 MZ130482_1_99704|65|75
     21 MZ130482_1_99704|105|73
     21 MZ130476_1_92241|1064|80
     21 Long_crAss_ms_1|129|85
     21 ERR589843_NODE_134_length_102073_cov_9.78706|128|77
     21 ERR589817_NODE_85_length_101984_cov_21.9381|437|71
     21 ERR589742_NODE_186_length_98834_cov_12.9141|168|13
     21 ERR589737_NODE_250_length_92638_cov_199.421|86|2
     21 3300014744_____Ga0134393_100057|40|50
     21 3300013752_____Ga0117817_1000004|89|13
     21 3300008101_____Ga0114024_100210|88|89
     21 3300008101_____Ga0114024_100210|117|27
     20 sample-1_6_155389|70|91
     20 sample-1_4_157545|104|206
     20 sample-1_3_171347|101|33
     20 QWCH01000269|61|70
     20 OMEJ01000024|205|192
     20 OMBT01000004|34|1
     20 OLRV01000041|252|46
     20 OLRG01000090|45|2
     20 OLRA01000126|235|93
     20 OLOE01000004|233|117
     20 OLNL01000026|106|213
     20 OLND01000017|53|109
     20 OJQQ01000027|190|187
     20 OJOE01000015|79|107
     20 OIXG01000120|379|98
     20 OIJI01000001|36|48
     20 OHTA01000010|223|132
     20 OHPI01000007|338|75
     20 OHKV01000027|133|76
     20 OHFX01000006|389|45
     20 OHBE01000017|92|109
     20 OHBE01000017|57|97
     20 OGZF01000022|69|195
     20 OGOT01000012|123|102
     20 OGOO01000044|74|81
     20 NG-14253_14_lib223986_5684_NODE_3_length_83015_cov_1213.7|1000|37
     20 MZ130499_1_97706|67|35
     20 MZ130492_1_96892|98|74
     20 MZ130488_1_91714|57|19
     20 MZ130482_1_99704|41|70
     20 MT774410_1_98667|92|47
     20 MT774405_1_99848|92|19
     20 MT774392_1_95150|104|54
     20 MT774387_1_102434|179|29
     20 MT774385_1_101437|66|49
     20 MT774380_1_99882|220|17
     20 Monaco_MBA4038_NODE_5_length_99783_cov_26.247343|78|84
     20 Long_crAss_ms_9|317|28
     20 HvCF_D5_ms_2|372|10
     20 ERR589742_NODE_219_length_92594_cov_6.88142|202|15
     20 EM245_T3_ms_3|49|26
     20 E11_NODE_1_length_96694_cov_1258.521291|31|43
     20 3300014944_____Ga0134440_100138|35|31
     19 Zuo_N1_NODE_2_length_100997_cov_2297.472945|140|38
     19 sample-1_3_171347|107|16
     19 sample-1_24_92306|60|36
     19 sample-1_24_92306|208|67
     19 sample-1_20_95736|74|65
     19 OWII01000011|74|198
     19 OMGK01000003|98|35
     19 OMEV01000014|52|1
     19 OMBQ01000121|107|17
     19 OLPB01000029|58|33
     19 OKWR01000042|199|183
     19 OJUG01000072|88|52
     19 OJUG01000072|24|1
     19 OJQQ01000027|40|74
     19 OJPU01000022|65|142
     19 OJNH01000048|128|90
     19 OJMP01000008|29|213
     19 OIZE01000030|138|57
     19 OICG01000006|96|65
     19 OHYE01000011|64|91
     19 OHMA01000001|79|197
     19 OHFX01000006|99|142
     19 OHAY01000006|68|137
     19 OGCO01000213|63|11
     19 OFPS01000054|148|95
     19 OFMT01000022|54|20
     19 OFLY01000012|157|12
     19 OFLY01000012|117|44
     19 OCHL01000028|95|198
     19 MZ130479_1_96466|118|62
     19 MZ130478_1_100314|85|41
     19 MZ130477_1_100971|81|99
     19 MT774408_1_94826|166|81
     19 MT774387_1_102434|434|111
     19 KC821624_1_100418|136|62
     19 ERR844025_ms_1|113|62
     19 3300014547_____Ga0134415_100047|276|24
     19 3300007298_____Ga0104838_100096|119|5
     18 UMIU01010253|212|17
     18 sample-1_9_104613|52|71
     18 sample-1_7_152939|90|178
     18 sample-1_7_152939|62|182
     18 sample-1_7_152939|35|201
     18 sample-1_6_155389|73|175
     18 sample-1_6_155389|68|7
     18 sample-1_6_155389|36|191
     18 sample-1_6_155389|141|23
     18 sample-1_6_155389|137|41
     18 sample-1_516_11797|25|19
     18 sample-1_5_155540|93|210
     18 sample-1_5_155540|92|153
     18 sample-1_5_155540|71|32
     18 sample-1_5_155540|70|43
     18 sample-1_5_155540|42|16
     18 sample-1_5_155540|260|27
     18 sample-1_5_155540|158|92
     18 sample-1_5_155540|119|137
     18 sample-1_5_155540|107|140
     18 sample-1_4_157545|95|13
     18 sample-1_4_157545|44|30
     18 sample-1_4_157545|37|189
     18 QWBY01000010|169|128
     18 QWBY01000010|106|112
     18 phage_1|396|192
     18 phage_1|131|100
     18 OMGY01000027|125|116
     18 OMGK01000003|116|102
     18 OMFN01000011|64|232
     18 OMBP01000015|113|44
     18 OLSP01000004|126|64
     18 OLSE01000042|101|44
     18 OLRJ01000083|75|9
     18 OLQO01000079|54|39
     18 OLQO01000079|132|92
     18 OLQG01000039|111|89
     18 OLQG01000039|100|64
     18 OLOZ01000027|61|2
     18 OLOZ01000027|173|154
     18 OLOZ01000027|127|36
     18 OLNE01000081|451|4
     18 OLJW01000056|84|175
     18 OLJW01000056|71|173
     18 OJSE01000052|245|78
     18 OIZE01000030|57|119
     18 OIXH01000029|48|80
     18 OIWQ01000029|68|183
     18 OIWQ01000029|131|122
     18 OIOX01000001|50|91
     18 OICG01000006|63|121
     18 OGZF01000025|155|47
     18 OGZB01000001|58|164
     18 OGOT01000012|57|5
     18 OFLY01000012|72|83
     18 OFLY01000012|103|7
     18 OCPZ01000017|118|133
     18 OCPY01000015|83|62
     18 OCPY01000015|75|94
     18 OCPY01000015|40|126
     18 OCPY01000015|119|65
     18 OCHF01000011|97|8
     18 OBWI01000023|82|128
     18 OBWI01000023|101|38
     18 NG-15813_95_lib254056_NODE_1_length_102100_cov_1588.91|88|50
     18 MZ130498_1_104752|179|30
     18 MZ130496_1_102100|1238|4
     18 MT774402_1_103832|128|10
     18 Monaco_MBA4038_NODE_3_length_106353_cov_62.035654|141|72
     18 MH552500_1_90023|185|39
     18 ERR844070_ms_2|890|70
     17 QWCN01000029|36|205
     17 QWCN01000029|100|166
     17 QWBY01000010|293|21
     17 PPYE01511035|141|206
     17 PPYE01511035|107|130
     17 phage_1|145|13
     17 phage_1|140|191
     17 OMGY01000027|30|161
     17 OMGK01000003|93|126
     17 OMGK01000003|174|66
     17 OMGK01000003|152|23
     17 OMGK01000003|107|235
     17 OMFN01000011|81|126
     17 OMFN01000011|107|27
     17 OMEV01000014|88|102
     17 OMEV01000014|87|164
     17 OMEV01000014|70|8
     17 OMEV01000014|100|99
     17 OMBP01000015|74|74
     17 OMBP01000015|73|226
     17 OMBP01000015|71|46
     17 OMBP01000015|217|41
     17 OMBP01000015|133|198
     17 OMBP01000015|104|201
     17 OMAN01000017|50|10
     17 OMAL01000015|95|180
     17 OMAL01000015|53|184
     17 OMAL01000015|243|13
     17 OMAL01000015|147|179
     17 OLSE01000042|65|59
     17 OLRX01000007|124|166
     17 OLOE01000004|175|73
     17 OKSX01000010|76|200
     17 OKSX01000010|72|232
     17 OKSX01000010|54|46
     17 OKSX01000010|212|234
     17 OJPC01000037|48|55
     17 OJNQ01000029|95|3
     17 OICR01000007|33|176
     17 OICR01000007|175|15
     17 OHTA01000010|58|26
     17 OHTA01000010|54|147
     17 OHTA01000010|48|29
     17 OHPI01000007|55|58
     17 OHPI01000007|54|88
     17 OHPI01000007|163|22
     17 OHMA01000001|69|195
     17 OHMA01000001|2171|4
     17 OHIN01000009|99|77
     17 OHIN01000009|66|236
     17 OHIN01000009|184|172
     17 OHAY01000006|157|168
     17 OGZF01000025|118|96
     17 OGQH01000028|59|134
     17 OGOG01000008|622|15
     17 OGOG01000008|123|47
     17 OGOG01000008|103|141
     17 OFMT01000069|77|22
     17 OFMT01000069|162|19
     17 OFMT01000022|51|110
     17 OFMT01000022|164|100
     17 OFMT01000010|82|159
     17 OFMT01000010|80|18
     17 OFMT01000010|124|191
     17 OFLY01000041|113|40
     17 OCPZ01000017|104|4
     17 OCPV01000032|96|10
     17 OCPV01000032|82|150
     17 OCPV01000032|54|98
     17 OCPV01000032|170|78
     17 OCLC01000020|134|7
     17 OBWI01000023|83|96
     17 OBWI01000023|100|129
     17 NG-14253_9_lib223974_5684_NODE_4_length_59928_cov_398.525|74|37
     17 NG-14253_56xxx_lib223972_5684_NODE_1_length_101680_cov_95.3006|93|57
     17 MZ130491_1_98573|136|42
     17 MT774402_1_103832|379|84
     17 MT774400_1_96055|70|69
     17 MT774399_1_99168|239|10
     17 MT774384_1_92668|1183|9
     17 HvCF_C7_ms_2|152|84
     17 HvCF_C7_ms_2|138|88
     17 HvCF_C7_ms_2|104|54
     17 HvCF_B1_ms_5|90|65
     17 HvCF_B1_ms_5|139|62
     17 G10_NODE_3_length_100255_cov_4594.188553|31|1
     17 ERR844070_ms_2|85|6
     17 ERR844070_ms_2|81|12
     17 3300014547_____Ga0134415_100047|32|20
     16 UMIU01010253|51|18
     16 sample-1_7_152939|87|168
     16 sample-1_3_171347|248|67
     16 sample-1_241_22966|33|27
     16 sample-1_13_99291|67|1
     16 sample-1_12_101623|511|94
     16 sample-1_1_194036|30|93
     16 PPYF01266999|69|108
     16 PPYF01266999|131|68
     16 OMEW01000010|204|111
     16 OMEV01000014|74|74
     16 OLYV01000018|199|185
     16 OLSP01000004|103|143
     16 OLRX01000007|118|107
     16 OLRX01000007|107|108
     16 OLNQ01000088|82|56
     16 OLNL01000026|104|63
     16 OLJW01000056|37|149
     16 OJPU01000022|158|22
     16 OJPU01000022|156|88
     16 OJOU01000011|98|28
     16 OJOH01000017|83|72
     16 OJNL01000044|43|85
     16 OIAT01000008|33|33
     16 OHPI01000007|127|103
     16 OCHL01000028|113|6
     16 NG-15813_53_lib254058_NODE_2_length_98001_cov_18.457|284|31
     16 MT774410_1_98667|119|21
     16 MT774397_1_97290|33|9
     16 MT774384_1_92668|166|43
     16 MN019_S19_74|61|2
     16 ERR589797_NODE_176_length_100385_cov_85.2729|50|84
     16 3300008737_____Ga0113999_100109|246|94
     16 3300007806_____Ga0105890_100137|93|55
     16 3300007806_____Ga0105890_100137|55|2
     15 sample-1_3_171347|59|193
     15 sample-1_24_92306|42|21
     15 sample-1_17_96846|91|69
     15 QWBY01000007|60|102
     15 OODC01000039|62|83
     15 OMGK01000003|70|192
     15 OMGK01000003|102|97
     15 OMFK01000016|314|141
     15 OMAN01000017|599|135
     15 OLZO01000021|41|129
     15 OLZJ01000019|61|69
     15 OLWW01000036|190|47
     15 OLWC01000038|117|43
     15 OLRZ01000056|162|1
     15 OLNV01000049|78|70
     15 OLNL01000026|164|65
     15 OLJW01000056|71|150
     15 OLJW01000056|65|155
     15 OLFZ01000108|179|20
     15 OJOE01000015|82|90
     15 OJNS01000048|47|47
     15 OIZE01000030|127|147
     15 OIMM01000002|366|206
     15 OHMA01000001|46|226
     15 OHAB01000087|326|80
     15 OGZF01000025|106|97
     15 OGQX01000099|120|51
     15 OGOI01000071|59|42
     15 OGOG01000008|186|176
     15 OCPZ01000017|220|36
     15 OCPV01000032|64|174
     15 OCLC01000020|95|1
     15 OCHF01000011|83|40
     15 OCHF01000011|176|103
     15 OBZD01000096|139|2
     15 NG-14253_26_lib223959_5684_NODE_2_length_90827_cov_49.5933|55|1
     15 MZ130495_1_101130|49|45
     15 MT074136_1_99494|102|7
     15 MN037_S1_79|30|23
     15 ERR589814_NODE_185_length_102005_cov_6.51113|139|70
     15 ERR589736_NODE_224_length_101034_cov_15.6328|64|103
     15 ERR589587_NODE_208_length_94701_cov_61.0326|68|31
     15 AP017903_1_99517|242|3
     14 Sib1_ms_4|4416|13
     14 sample-1_6_155389|79|111
     14 sample-1_2_180874|398|61
     14 sample-1_1_194036|82|202
     14 sample-1_1_194036|40|198
     14 sample-1_1_194036|38|182
     14 QRFC01000022|231|184
     14 OWII01000011|104|195
     14 OMDY01000016|75|122
     14 OMAL01000015|37|160
     14 OLXR01000011|458|97
     14 OLRX01000007|84|165
     14 OLHG01000007|42|20
     14 OLHG01000007|198|159
     14 OKSX01000010|196|8
     14 OJQQ01000027|370|36
     14 OJPI01000006|62|73
     14 OJMP01000070|106|59
     14 OJMP01000008|101|175
     14 OJMH01000169|68|3
     14 OIPU01000001|105|128
     14 OHXK01000005|35|102
     14 OHTA01000010|76|91
     14 OHPI01000007|130|118
     14 OHIN01000009|56|109
     14 OHIN01000009|141|111
     14 OGOI01000071|76|37
     14 OFLY01000012|55|108
     14 OCPV01000032|148|115
     14 OCHL01000028|324|62
     14 OCHF01000011|248|41
     14 OBHU01000008|68|160
     14 NG-14571_96_NODE_2_length_96466_cov_151.499|127|41
     14 NC_021803|71|78
     14 MT774409_1_96717|155|59
     14 MT774408_1_94826|62|70
     14 MT774406_1_101532|47|38
     14 MT074136_1_99494|70|105
     14 MN917146_1_93030|80|65
     14 Long_crAss_ms_29|1198|41
     14 Long_crAss_ms_16|80|80
     14 Long_crAss_ms_15|69|102
     14 HvCF_D5_ms_2|84|7
     14 HvCF_D1_ms_1|339|33
     14 G10_NODE_3_length_100255_cov_4594.188553|121|12
     14 ERR589503_NODE_260_length_95985_cov_44.2112|38|15
     14 3300013899_____Ga0117808_100015|36|4
     14 3300007105_____Ga0102630_100105|220|76
     14 3300006746_____Ga0101796_100038|70|61
     14 30T1_lib200751_4|36|60
     13 UMIU01010253|68|11
     13 sample-1_4_157545|99|128
     13 sample-1_10_102032|148|93
     13 QWCN01000029|71|200
     13 OMGY01000027|217|96
     13 OLVX01000015|69|171
     13 OLRX01000007|463|202
     13 OLPO01000071|53|84
     13 OLOE01000004|74|29
     13 OLJW01000056|124|169
     13 OIXG01000120|50|23
     13 OIPU01000001|82|2
     13 OICG01000006|62|57
     13 OHPI01000007|102|216
     13 OHIN01000009|69|206
     13 OHBE01000017|157|27
     13 OHBE01000017|110|77
     13 OHBE01000017|101|21
     13 OGZF01000022|137|175
     13 OGXI01000029|93|86
     13 OGXI01000029|30|83
     13 OGXF01000053|209|1
     13 OGOL01000109|27|79
     13 OGOG01000008|85|77
     13 OGOG01000008|34|48
     13 OFMT01000010|87|132
     13 OFLY01000012|67|82
     13 OFLY01000012|1310|117
     13 OCPZ01000017|84|35
     13 OCHL01000028|1610|74
     13 OCHF01000011|99|33
     13 OBJP01000075|64|51
     13 OBAR01000155|276|11
     13 OAWA01000024|154|5
     13 NG-15813_44_lib254059_NODE_1_length_93391_cov_9.27449|117|31
     13 MT774407_1_98095|65|84
     13 MT774386_1_89781|53|45
     13 MT774383_1_93559|70|21
     13 MT774382_1_99985|62|23
     13 MH616963_1_94878|4408|50
     13 Long_crAss_ms_16|81|22
     13 Long_crAss_ms_1|126|86
     13 Fferm_ms_11|142|48
     13 F3T1.2.NODE_1_length_93869_cov_36.327307|458|66
     13 ERR844040_ms_1|80|30
     13 ERR589856_NODE_160_length_99420_cov_996.622|1312|95
     13 ERR589843_NODE_134_length_102073_cov_9.78706|33|69
     13 ERR589836_NODE_124_length_100491_cov_5.94573|195|12
     13 ERR589548_NODE_125_length_99181_cov_12.0749|61|11
     13 CS_crAss_ms_9|30|56
     13 A1_NODE_2_length_99974_cov_261.284550|57|40
     13 3300008132_____Ga0111230_1000069|75|45
     13 3300007524_____Ga0105481_1000141|90|14
     12 UMIU01010253|325|91
     12 UMIU01010253|197|46
     12 SRS145497_NODE_97_length_94933_cov_72.765|257|29
     12 SRS105153_NODE_241_length_90160_cov_456.992|129|48
     12 Sib2_ms_2|60|22
     12 sample-1_5_155540|169|96
     12 sample-1_5_155540|143|126
     12 sample-1_17_96846|131|87
     12 QWCY01000236|158|90
     12 QWCN01000029|73|103
     12 OWII01000011|116|188
     12 OMGK01000003|100|29
     12 OMFN01000011|109|136
     12 OMEJ01000024|194|44
     12 OMAV01000002|411|10
     12 OLWC01000038|34|37
     12 OLOZ01000027|153|114
     12 OLOE01000004|141|172
     12 OKWR01000042|118|66
     12 OKVF01000023|275|222
     12 OJPW01000082|108|105
     12 OJPG01000010|100|46
     12 OJOU01000011|110|47
     12 OJOE01000015|66|28
     12 OJNQ01000029|85|26
     12 OJNQ01000029|303|32
     12 OJNQ01000029|109|25
     12 OIXA01000142|113|24
     12 OIWQ01000029|56|182
     12 OIWL01000160|152|5
     12 OINI01000001|150|156
     12 OIML01000001|53|168
     12 OHQS01000030|61|178
     12 OHMA01000001|64|229
     12 OHIN01000009|61|110
     12 OGZF01000025|266|167
     12 OGZB01000001|69|60
     12 OGXX01000055|79|46
     12 OGXI01000029|63|85
     12 OGPZ01000054|40|79
     12 OCPV01000032|78|44
     12 OCPV01000032|148|50
     12 OCHL01000028|52|185
     12 OBAR01000155|60|12
     12 NG-14253_56xxx_lib223972_5684_NODE_1_length_101680_cov_95.3006|104|15
     12 MT774398_1_100198|62|43
     12 MT774388_1_102301|66|61
     12 MH675552_1_102679|29|1
     12 MH675552_1_102679|127|95
     12 Long_crAss_ms_9|333|62
     12 Long_crAss_ms_1|74|89
     12 F4_NODE_1_length_100650_cov_839.811104|68|26
     12 ERR844070_ms_2|48|14
     12 ERR589736_NODE_224_length_101034_cov_15.6328|35|6
     11 Sib2_ms_2|51|64
     11 sample-1_7_152939|33|93
     11 sample-1_2_180874|85|147
     11 sample-1_1_194036|76|151
     11 sample-1_1_194036|45|86
     11 sample-1_10_102032|158|50
     11 QRFC01000022|70|92
     11 QRFC01000022|55|102
     11 OMGY01000095|133|70
     11 OMGK01000003|39|63
     11 OMDY01000016|167|118
     11 OMBP01000015|140|73
     11 OLXR01000011|65|91
     11 OLXR01000011|165|65
     11 OLXR01000011|152|139
     11 OLSP01000004|1563|47
     11 OLSP01000004|104|176
     11 OLSB01000088|75|23
     11 OLRX01000007|36|168
     11 OLRA01000126|48|28
     11 OLRA01000126|109|63
     11 OLJW01000056|58|178
     11 OLFZ01000108|50|51
     11 OKSB01000078|131|58
     11 OKRW01000057|813|102
     11 OJUG01000072|106|51
     11 OJPU01000022|79|183
     11 OJPG01000010|88|51
     11 OJPG01000010|130|115
     11 OJOH01000017|101|171
     11 OJOE01000015|179|117
     11 OIZB01000074|170|97
     11 OIXH01000029|75|210
     11 OIWQ01000029|56|87
     11 OIKE01000002|211|29
     11 OHQS01000030|337|121
     11 OHFV01000001|191|58
     11 OGZF01000022|105|160
     11 OGZB01000001|148|170
     11 OGOO01000044|65|141
     11 OEIM01000003|181|6
     11 OCHL01000028|65|123
     11 OCHF01000011|46|42
     11 NODE_14_length_91830_cov_15.741215|47|28
     11 NG-16262_31_lib261986_NODE_2_length_99704_cov_87.7682|1374|5
     11 MZ130486_1_92361|100|33
     11 MZ130477_1_100971|47|100
     11 MZ130477_1_100971|40|91
     11 MT774390_1_98164|89|64
     11 MT774380_1_99882|160|54
     11 Monaco_MBA4038_NODE_5_length_99783_cov_26.247343|60|36
     11 KC821624_1_100418|88|1
     11 ERR844029_ms_3|57|87
     11 ERR843949_ms_1|73|16
     11 ERR843936_ms_1|90|57
     11 ERR589835_NODE_174_length_96977_cov_65.8124|91|15
     11 ERR589797_NODE_176_length_100385_cov_85.2729|100|20
     11 ERR589530_NODE_125_length_100283_cov_10.4903|89|24
     11 A1_NODE_2_length_99974_cov_261.284550|57|36
     11 3300014547_____Ga0134415_100047|62|52
     11 3300008360_____Ga0114875_1000146|104|86
     10 sample-1_347_16656|52|1
     10 sample-1_18_96565|93|77
     10 QWCN01000029|64|52
     10 PPYF01266999|132|65
     10 OMEV01000014|64|44
     10 OMBP01000015|81|92
     10 OMBK01000012|111|175
     10 OMAL01000015|72|50
     10 OMAL01000015|67|142
     10 OLRX01000007|69|37
     10 OLRX01000007|135|36
     10 OLRA01000126|40|57
     10 OLPH01000160|63|78
     10 OLOX01000006|38|95
     10 OLOE01000004|71|184
     10 OLNQ01000088|76|84
     10 OLJW01000056|581|92
     10 OKVF01000023|165|213
     10 OKSX01000010|66|235
     10 OJRV01000117|61|28
     10 OJQQ01000027|78|39
     10 OJPW01000082|207|13
     10 OIZE01000030|134|189
     10 OICR01000007|70|14
     10 OHQS01000030|69|8
     10 OHPI01000007|152|137
     10 OHKV01000027|93|149
     10 OGYM01000002|122|64
     10 OGRL01000078|33|16
     10 OGQQ01000082|91|66
     10 OGQI01000045|76|58
     10 OFMT01000022|104|109
     10 OEIM01000003|104|84
     10 NG-14253_26_lib223959_5684_NODE_2_length_90827_cov_49.5933|92|58
     10 NG-14253_26_lib223959_5684_NODE_2_length_90827_cov_49.5933|77|94
     10 NG-14253_26_lib223959_5684_NODE_2_length_90827_cov_49.5933|73|2
     10 MZ130494_1_100255|104|97
     10 MZ130482_1_99704|47|44
     10 MZ130474_1_92367|106|70
     10 MT774389_1_101082|60|16
     10 MT074136_1_99494|118|100
     10 MH616963_1_94878|152|12
     10 MH552500_1_90023|209|40
     10 KJ003983_1_99915|78|2
     10 F7_NODE_3_length_95675_cov_221.603744|65|78
     10 ERR844018_ms_3|93|42
     10 ERR843949_ms_3|32|33
     10 ERR843949_ms_3|152|32
     10 ERR589826_NODE_133_length_91808_cov_9.52867|138|7
     10 ERR589440_NODE_121_length_98649_cov_14.7648|51|50
     10 C12_NODE_4_length_93683_cov_7.991701|67|88
     10 A2_NODE_3_length_92367_cov_12.069243|75|28
     10 3300014547_____Ga0134415_100047|28|111
     10 3300007098_____Ga0102540_100090|57|31
     10 3300006463_____Ga0100176_1000099|93|50
      9 UMIU01010253|228|73
      9 Sib2_ms_2|63|60
      9 sample-1_7_152939|97|150
      9 sample-1_7_152939|157|151
      9 sample-1_7_152939|117|116
      9 sample-1_5_155540|95|203
      9 sample-1_3_171347|63|224
      9 sample-1_241_22966|60|18
      9 phage_2|129|91
      9 OWII01000011|86|189
      9 OMFN01000011|63|224
      9 OMEJ01000024|58|151
      9 OMBT01000004|124|12
      9 OMBK01000012|333|77
      9 OMAV01000002|148|99
      9 OMAL01000015|53|78
      9 OLZR01000008|89|89
      9 OLZQ01000009|160|90
      9 OLYV01000018|263|119
      9 OLSP01000004|688|111
      9 OLRF01000054|82|114
      9 OLRF01000054|300|179
      9 OLQG01000039|97|61
      9 OLQG01000039|80|60
      9 OLQG01000039|228|62
      9 OLPB01000025|88|48
      9 OLOZ01000027|46|159
      9 OLOG01000029|335|132
      9 OLFZ01000126|33|1
      9 OKSC01000115|69|13
      9 OKRV01000014|92|1
      9 OJPC01000037|178|88
      9 OIWT01000163|275|39
      9 OIWS01000145|178|41
      9 OICR01000007|71|16
      9 OIAT01000008|44|90
      9 OHTD01000013|51|72
      9 OHLF01000025|71|7
      9 OGZF01000025|77|131
      9 OGYM01000002|361|21
      9 OGYM01000002|136|185
      9 OGTB01000008|80|201
      9 OGPL01000016|71|83
      9 OFPS01000054|121|160
      9 OFMT01000010|113|1
      9 OFMB01000041|95|34
      9 OFMB01000041|161|59
      9 OCHL01000028|73|157
      9 OCHL01000028|57|182
      9 OBJP01000075|43|82
      9 MZ130497_1_104085|72|89
      9 MZ130497_1_104085|114|1
      9 MZ130483_1_93564|243|61
      9 MT774406_1_101532|68|33
      9 MT774391_1_99212|118|90
      9 MT774390_1_98164|74|62
      9 MT774389_1_101082|53|17
      9 MT774386_1_89781|41|43
      9 MT774383_1_93559|149|12
      9 MT774376_1_98340|148|36
      9 Monaco_MBA4038_NODE_3_length_106353_cov_62.035654|107|91
      9 MN037_S1_78|122|50
      9 Long_crAss_ms_15|123|4
      9 KJ003983_1_99915|48|55
      9 HvCF_D1_ms_1|479|62
      9 ERR844040_ms_1|154|78
      9 ERR589777_NODE_213_length_102559_cov_114.718|43|56
      9 ERR589556_NODE_251_length_91714_cov_17.3214|68|20
      9 A2_NODE_3_length_92367_cov_12.069243|112|26
      9 3300008716_____Ga0113874_100156|124|65
      9 3300007362_____Ga0104788_100129|35|36
      9 3300007312_____Ga0104941_100072|42|14
      9 3300006746_____Ga0101796_100038|472|91
      9 2_lib200757_5|214|89
      9 2_lib200757_5|211|3
      8 SRS050299_NODE_72_length_100548_cov_36.2955|73|35
      8 Sib2_ms_2|89|32
      8 sample-1_6_155389|373|22
      8 sample-1_6_155389|232|48
      8 sample-1_3_171347|79|222
      8 sample-1_2_180874|71|129
      8 sample-1_2_180874|132|56
      8 sample-1_2_180874|113|34
      8 QWBY01000007|65|96
      8 QWBY01000007|135|131
      8 QWBY01000007|125|4
      8 OWII01000011|83|129
      8 OMFR01000011|78|197
      8 OMFR01000011|76|97
      8 OMFR01000011|76|5
      8 OMFR01000011|173|4
      8 OMFR01000011|153|164
      8 OMFR01000011|119|165
      8 OMFR01000011|113|7
      8 OMEW01000010|92|79
      8 OMEW01000010|832|114
      8 OMEW01000010|51|100
      8 OMEW01000010|326|31
      8 OMBK01000012|94|8
      8 OMBK01000012|72|173
      8 OMBK01000012|69|103
      8 OMBK01000012|286|11
      8 OMBK01000012|141|172
      8 OMBK01000012|110|174
      8 OMAN01000017|448|188
      8 OMAL01000015|108|55
      8 OLZR01000008|94|189
      8 OLZR01000008|79|155
      8 OLZR01000008|74|191
      8 OLZR01000008|69|86
      8 OLZR01000008|61|90
      8 OLZR01000008|232|18
      8 OLZR01000008|206|149
      8 OLZR01000008|180|87
      8 OLZR01000008|106|146
      8 OLZQ01000009|109|52
      8 OLYV01000018|209|120
      8 OLWB01000021|75|191
      8 OLWB01000021|54|32
      8 OLSP01000004|97|169
      8 OLSP01000004|48|195
      8 OLSP01000004|102|174
      8 OLRX01000007|70|35
      8 OLRX01000007|65|163
      8 OLRX01000007|60|14
      8 OLRX01000007|160|164
      8 OLRX01000007|132|70
      8 OLRA01000126|71|65
      8 OLPB01000025|58|39
      8 OLOZ01000027|81|6
      8 OLOG01000029|60|119
      8 OLOE01000004|74|7
      8 OLNV01000049|155|20
      8 OLNL01000026|79|145
      8 OLFZ01000126|63|47
      8 OLFZ01000126|48|41
      8 OKVF01000023|98|86
      8 OKVF01000023|231|212
      8 OKVF01000023|163|180
      8 OKSC01000115|251|50
      8 OJPU01000022|95|214
      8 OJPU01000022|63|221
      8 OJPU01000022|107|219
      8 OJPG01000010|61|49
      8 OJPG01000010|60|23
      8 OJPG01000010|55|186
      8 OJPG01000010|174|117
      8 OJPG01000010|146|11
      8 OJPC01000037|174|16
      8 OJOE01000015|68|189
      8 OJNL01000044|141|78
      8 OIWQ01000029|102|76
      8 OHTA01000010|139|154
      8 OHPI01000007|62|138
      8 OHIN01000009|153|204
      8 OGYM01000002|401|116
      8 OGTB01000008|95|76
      8 OGTB01000008|53|200
      8 OGTB01000008|112|192
      8 OGTB01000008|105|207
      8 OGPL01000016|79|84
      8 OGPL01000016|65|108
      8 OGPL01000016|64|116
      8 OGPL01000016|61|81
      8 OGPL01000016|61|80
      8 OGPL01000016|42|107
      8 OGPL01000016|130|47
      8 OGPL01000016|116|165
      8 OGPL01000016|112|171
      8 OGOT01000012|79|35
      8 OGOT01000012|57|41
      8 OGOT01000012|50|67
      8 OGOT01000012|145|56
      8 OGOO01000044|102|79
      8 OFPS01000054|64|3
      8 OFMV01000048|90|94
      8 OFMV01000048|36|96
      8 OFMU01000028|43|170
      8 OFMU01000028|352|49
      8 OFMU01000028|193|50
      8 OCHL01000028|95|168
      8 OCHL01000028|79|206
      8 OCHL01000028|73|20
      8 OCHL01000028|73|152
      8 OCHL01000028|70|127
      8 OCHL01000028|650|51
      8 OCHL01000028|113|10
      8 OCHL01000028|110|103
      8 OCHL01000028|105|119
      8 OBKN01000015|67|74
      8 OBJF01000120|164|8
      8 OAWB01000083|461|63
      8 OAWA01000024|80|148
      8 OAWA01000024|72|19
      8 OAWA01000024|135|161
      8 NG-16262_31_lib261986_NODE_2_length_99704_cov_87.7682|90|59
      8 NG-16262_31_lib261986_NODE_2_length_99704_cov_87.7682|129|62
      8 MZ130496_1_102100|41|74
      8 MZ130488_1_91714|80|78
      8 MZ130486_1_92361|84|29
      8 MZ130486_1_92361|369|63
      8 MZ130486_1_92361|33|60
      8 MZ130483_1_93564|103|91
      8 MZ130482_1_99704|99|71
      8 MT774401_1_97422|248|76
      8 MT774385_1_101437|90|16
      8 MT774383_1_93559|55|33
      8 MT774382_1_99985|77|22
      8 MT074136_1_99494|250|73
      8 Monaco_MBA4038_NODE_3_length_106353_cov_62.035654|206|24
      8 MN037_S1_78|57|19
      8 MN037_S1_78|159|17
      8 HvCF_B5_ms_2|110|52
      8 HvCF_B1_ms_8|76|24
      8 HvCF_B1_ms_8|46|41
      8 HvCF_B1_ms_8|101|40
      8 Fferm_ms_11|66|46
      8 ERR844077_ms_2|78|31
      8 ERR844018_ms_3|71|49
      8 ERR589874_NODE_149_length_91639_cov_83.8167|145|26
      8 ERR589777_NODE_213_length_102559_cov_114.718|43|87
      8 ERR589532_NODE_107_length_92376_cov_180.077|91|30
      8 3300008737_____Ga0113999_100109|1337|90
      8 2_lib200757_5|275|46
      7 UMIU01010253|158|59
      7 SRS065504_NODE_131_length_90103_cov_73.092|54|7
      7 SRS011302_NODE_90_length_100096_cov_55.6308|128|24
      7 SRR4295175_ms_5|32|14
      7 sample-1_19_96211|89|21
      7 sample-1_15_98423|54|61
      7 sample-1_15_98423|39|4
      7 Rampelli_20005_NODE_59_length_93393_cov_174.533984|95|34
      7 OWII01000011|84|192
      7 OWII01000011|245|3
      7 OMFR01000011|48|44
      7 OMFR01000011|41|198
      7 OMEJ01000024|66|161
      7 OMDY01000016|143|181
      7 OMBQ01000121|54|92
      7 OLZQ01000009|140|147
      7 OLZQ01000009|130|149
      7 OLXR01000011|458|50
      7 OLWB01000065|85|31
      7 OLWB01000021|163|65
      7 OLSP01000004|134|182
      7 OLRX01000007|86|111
      7 OLOX01000006|55|38
      7 OLOG01000029|161|139
      7 OLNL01000026|301|167
      7 OLJW01000056|63|156
      7 OLGJ01000028|479|34
      7 OKWR01000042|114|140
      7 OKVF01000023|93|214
      7 OKVF01000023|81|78
      7 OKVF01000023|58|181
      7 OKVF01000023|284|12
      7 OKVF01000023|152|186
      7 OKVF01000023|123|21
      7 OKUZ01000024|253|9
      7 OKTS01000039|347|61
      7 OKTS01000039|130|95
      7 OKTS01000039|104|83
      7 OJSE01000052|35|179
      7 OJQQ01000027|88|139
      7 OJPU01000022|70|90
      7 OJPU01000022|54|184
      7 OJPU01000022|105|215
      7 OJOU01000011|44|52
      7 OJOH01000017|84|56
      7 OHYE01000011|174|158
      7 OHFX01000006|57|139
      7 OHFX01000006|118|58
      7 OHFV01000001|74|56
      7 OHBE01000017|114|82
      7 OHAU01000141|552|75
      7 OGZF01000025|76|134
      7 OGYM01000002|65|61
      7 OGTB01000008|58|166
      7 OGTB01000008|207|199
      7 OGQX01000099|102|88
      7 OGPL01000016|52|113
      7 OGPL01000016|51|74
      7 OGPL01000016|48|114
      7 OGOC01000003|105|73
      7 OFMT01000069|48|82
      7 OFMT01000069|130|81
      7 OBWI01000023|83|68
      7 OBKV01000026|534|28
      7 OBHU01000008|69|98
      7 OBAG01000123|45|79
      7 OAWA01000024|83|149
      7 OAWA01000024|68|72
      7 OAWA01000024|48|30
      7 OAWA01000024|35|29
      7 OAWA01000024|143|67
      7 OAWA01000024|121|227
      7 NG-14571_115xxx_NODE_1_length_101130_cov_1132.63|187|8
      7 NG-14253_26_lib223959_5684_NODE_2_length_90827_cov_49.5933|49|3
      7 NC_021803|242|36
      7 MZ130495_1_101130|75|42
      7 MZ130493_1_100650|62|5
      7 MZ130474_1_92367|58|92
      7 MT774400_1_96055|47|87
      7 MT774397_1_97290|97|64
      7 MT774383_1_93559|82|78
      7 MT774376_1_98340|62|35
      7 MT074136_1_99494|43|93
      7 Monaco_MBA4038_NODE_3_length_106353_cov_62.035654|69|86
      7 Monaco_MBA4038_NODE_3_length_106353_cov_62.035654|36|58
      7 Long_crAss_ms_9|91|64
      7 Long_crAss_ms_29|31|54
      7 KJ003983_1_99915|101|86
      7 Fferm_ms_11|164|4
      7 ERR844070_ms_2|104|85
      7 ERR844040_ms_1|173|3
      7 ERR844018_ms_3|32|79
      7 ERR844006_ms_1|39|38
      7 ERR843936_ms_1|43|58
      7 ERR589827_NODE_122_length_98326_cov_41.0203|33|41
      7 ERR589813_NODE_172_length_99988_cov_9.80768|92|73
      7 ERR589813_NODE_172_length_99988_cov_9.80768|54|82
      7 ERR589811_NODE_183_length_95797_cov_1140.66|72|7
      7 ERR589737_NODE_227_length_97168_cov_1455.68|49|44
      7 ERR589736_NODE_271_length_93891_cov_9.13972|85|88
      7 ERR589736_NODE_224_length_101034_cov_15.6328|43|71
      7 ERR589736_NODE_224_length_101034_cov_15.6328|32|39
      7 3300014547_____Ga0134415_100047|121|56
      7 3300008513_____Ga0111022_100109|71|27
      7 3300007312_____Ga0104941_100072|78|47
      7 3300007222_____Ga0104061_100253|151|2
      7 3300006463_____Ga0100176_1000099|170|49
      6 SRS143417_NODE_177_length_89824_cov_37.2496|216|61
      6 Sib1_ms_4|83|55
      6 sample-1_9_104613|62|49
      6 sample-1_516_11797|107|18
      6 sample-1_24_92306|96|78
      6 sample-1_15_98423|89|47
      6 sample-1_12_101623|45|88
      6 sample-1_10_102032|153|104
      6 QWCY01000259|64|22
      6 QWBY01000010|221|27
      6 QWBY01000007|97|46
      6 QWBY01000007|70|31
      6 QWBY01000007|69|127
      6 QWBY01000007|52|30
      6 PPYE01511035|1366|201
      6 OODS01000049|260|75
      6 OODC01000039|51|92
      6 OODC01000039|123|3
      6 OMGY01000095|78|63
      6 OMFN01000011|71|219
      6 OMEW01000010|93|26
      6 OMEW01000010|144|145
      6 OMEJ01000024|58|48
      6 OMEJ01000024|54|35
      6 OMBT01000004|571|155
      6 OMBT01000004|173|193
      6 OMBP01000015|81|42
      6 OMBK01000012|105|80
      6 OLZR01000008|207|182
      6 OLZQ01000009|192|191
      6 OLZQ01000009|117|133
      6 OLZO01000021|312|79
      6 OLWB01000021|93|64
      6 OLWB01000021|158|63
      6 OLSP01000004|139|15
      6 OLRX01000007|103|167
      6 OLRJ01000083|170|45
      6 OLQV01000028|80|59
      6 OLQV01000028|57|54
      6 OLPO01000063|69|79
      6 OLOG01000029|66|173
      6 OLNW01000116|67|42
      6 OLNP01000086|81|45
      6 OLNL01000026|201|42
      6 OLHG01000007|491|137
      6 OLFV01000031|72|192
      6 OKWR01000042|174|187
      6 OKWR01000042|131|3
      6 OKSB01000084|62|53
      6 OJSE01000052|82|45
      6 OJPU01000022|84|194
      6 OJPU01000022|482|144
      6 OJPI01000006|30|105
      6 OJPG01000010|85|53
      6 OJPG01000010|78|54
      6 OJOU01000011|62|113
      6 OJOE01000015|61|92
      6 OJMP01000008|91|200
      6 OIZE01000030|87|190
      6 OIZE01000030|174|112
      6 OIWL01000160|56|82
      6 OHKV01000027|203|50
      6 OGTB01000008|52|106
      6 OGPX01000023|34|81
      6 OGOT01000012|55|148
      6 OGOI01000071|53|44
      6 OGOI01000071|48|66
      6 OGOG01000008|304|29
      6 OGOC01000003|313|163
      6 OFMN01000076|30|52
      6 OBWI01000023|30|110
      6 OBWI01000023|151|67
      6 OBHU01000008|153|135
      6 OAWA01000024|268|53
      6 MZ130498_1_104752|146|35
      6 MZ130488_1_91714|97|44
      6 MZ130488_1_91714|96|16
      6 MZ130483_1_93564|95|17
      6 MZ130478_1_100314|67|102
      6 MT774400_1_96055|77|62
      6 MT774392_1_95150|94|56
      6 MT774391_1_99212|159|70
      6 MT074136_1_99494|93|81
      6 MN019_S19_74|179|56
      6 Long_crAss_ms_16|38|52
      6 HvCF_D5_ms_2|58|1
      6 HvCF_D5_ms_2|37|17
      6 HvCF_D10_ms_2|216|19
      6 HvCF_B5_ms_2|252|16
      6 F4_NODE_1_length_100650_cov_839.811104|48|51
      6 ERR844077_ms_2|61|74
      6 ERR589836_NODE_124_length_100491_cov_5.94573|71|81
      6 ERR589826_NODE_133_length_91808_cov_9.52867|121|37
      6 ERR589826_NODE_120_length_94996_cov_27.1679|139|5
      6 ERR589742_NODE_186_length_98834_cov_12.9141|38|43
      6 ERR589556_NODE_251_length_91714_cov_17.3214|83|41
      6 ERR589530_NODE_123_length_101106_cov_84.032|357|65
      6 A2_NODE_3_length_92367_cov_12.069243|49|78
      6 3300014971_____Ga0134442_1000062|52|1
      6 3300007806_____Ga0105890_100137|77|57
      6 3300007806_____Ga0105890_100137|75|10
      6 3300007806_____Ga0105890_100137|72|9
      6 3300007806_____Ga0105890_100137|128|8
      6 3300007796_____Ga0105889_100147|120|31
      6 3300007222_____Ga0104061_100253|73|27
      6 3300007222_____Ga0104061_100253|64|51
      5 SRS065504_NODE_131_length_90103_cov_73.092|44|77
      5 SRS045739_NODE_78_length_98134_cov_152.188|65|1
      5 SRS019030_NODE_87_length_93563_cov_510.146|116|56
      5 sample-1_9_104613|70|46
      5 sample-1_30_80291|61|64
      5 sample-1_21_95604|69|66
      5 sample-1_17_96846|81|47
      5 sample-1_10_102032|87|45
      5 Rampelli_20005_NODE_59_length_93393_cov_174.533984|60|82
      5 QWCH01000269|65|66
      5 QRFC01000022|508|151
      5 PPYE01511035|108|28
      5 phage_16|153|80
      5 phage_1|58|33
      5 phage_15|149|193
      5 OMGK01000003|65|92
      5 OMFN01000011|70|35
      5 OMFK01000016|66|61
      5 OMEV01000014|68|171
      5 OMDY01000016|72|161
      5 OMDY01000016|71|115
      5 OMDY01000016|245|145
      5 OMBT01000004|65|183
      5 OMBP01000015|89|71
      5 OMAV01000002|77|17
      5 OMAN01000017|99|85
      5 OLZQ01000009|58|139
      5 OLZQ01000009|46|116
      5 OLZO01000021|70|185
      5 OLZO01000021|56|78
      5 OLYV01000018|95|112
      5 OLYV01000018|80|158
      5 OLYV01000018|137|43
      5 OLYB01000074|554|18
      5 OLXR01000011|155|113
      5 OLWW01000036|116|46
      5 OLSP01000004|126|187
      5 OLRX01000007|173|39
      5 OLRO01000069|94|87
      5 OLRF01000054|61|118
      5 OLRF01000054|247|83
      5 OLRA01000126|40|64
      5 OLRA01000126|396|88
      5 OLQV01000028|36|167
      5 OLQO01000079|104|90
      5 OLPO01000071|96|57
      5 OLPO01000062|169|55
      5 OLOG01000029|305|131
      5 OLNZ01000083|35|20
      5 OLNW01000116|54|70
      5 OLNW01000116|49|29
      5 OLNI01000077|92|7
      5 OLNE01000081|44|79
      5 OLNE01000081|39|84
      5 OLJW01000056|72|129
      5 OLHG01000007|64|171
      5 OLHG01000007|52|45
      5 OLHG01000007|144|128
      5 OLHG01000007|118|33
      5 OKVF01000023|71|19
      5 OKTS01000039|83|15
      5 OKSC01000115|39|22
      5 OKRV01000012|90|52
      5 OJOH01000017|173|170
      5 OJOH01000017|101|168
      5 OJOE01000015|74|6
      5 OJOE01000015|58|137
      5 OJOE01000015|185|22
      5 OJNL01000044|40|88
      5 OIZE01000030|58|89
      5 OIXA01000019|55|6
      5 OICR01000007|88|95
      5 OIAT01000008|253|31
      5 OHPI01000007|72|136
      5 OHIN01000009|80|80
      5 OHIN01000009|311|239
      5 OHFV01000001|119|43
      5 OGXT01000133|89|21
      5 OGRL01000078|70|55
      5 OGQI01000045|30|31
      5 OGPZ01000072|35|55
      5 OGPX01000026|69|30
      5 OGOT01000012|80|51
      5 OGOT01000012|243|118
      5 OGOG01000008|147|147
      5 OGCO01000246|78|57
      5 OFMT01000069|67|16
      5 OFLY01000012|158|22
      5 OCPV01000032|87|201
      5 OCPV01000032|228|139
      5 OCHL01000028|73|9
      5 OBWI01000023|192|10
      5 OBJF01000120|55|77
      5 OAWA01000024|170|52
      5 MZ130497_1_104085|330|26
      5 MZ130495_1_101130|89|81
      5 MZ130488_1_91714|75|20
      5 MZ130486_1_92361|735|48
      5 MZ130485_1_104564|131|1
      5 MZ130481_1_98001|4071|21
      5 MZ130478_1_100314|62|70
      5 MT774404_1_98308|77|38
      5 MT774396_1_101153|67|82
      5 MT774395_1_103665|100|95
      5 MT774389_1_101082|162|107
      5 MT774387_1_102434|95|43
      5 MN037_S1_79|152|70
      5 MH552500_1_90023|91|33
      5 KJ003983_1_99915|152|93
      5 HvCF_D5_ms_2|84|77
      5 HvCF_C7_ms_2|125|91
      5 F7_NODE_3_length_95675_cov_221.603744|128|84
      5 ERR844040_ms_1|69|2
      5 ERR844018_ms_3|80|71
      5 ERR844018_ms_3|121|70
      5 ERR589874_NODE_149_length_91639_cov_83.8167|71|25
      5 ERR589750_NODE_144_length_100756_cov_12.0751|66|27
      5 ERR589736_NODE_224_length_101034_cov_15.6328|61|73
      5 ERR589534_NODE_206_length_99607_cov_6.90286|80|35
      5 CS_crAss_ms_9|35|9
      5 3300014788_____Ga0134381_1000049|75|44
      5 3300014547_____Ga0134415_100047|44|48
      5 3300007921_____Ga0111562_100099|32|2
      5 3300007806_____Ga0105890_100137|39|84
      5 3300007796_____Ga0105889_100147|202|86
      5 3300007524_____Ga0105481_1000141|142|1
      5 3300007296_____Ga0104830_100137|84|10
      5 17T1_lib200766_3|80|59
      4 UMIU01010253|29|66
      4 UMIU01010253|168|9
      4 Sib1_ms_4|65|86
      4 sample-1_7_152939|88|127
      4 sample-1_7_152939|52|133
      4 sample-1_6_155389|219|21
      4 sample-1_5_155540|76|216
      4 sample-1_5_155540|163|73
      4 sample-1_5_155540|120|193
      4 sample-1_3_171347|132|225
      4 sample-1_30_80291|47|60
      4 sample-1_20_95736|31|1
      4 sample-1_1_194036|52|242
      4 sample-1_11_101626|353|119
      4 sample-1_11_101626|239|38
      4 sample-1_11_101626|153|88
      4 sample-1_10_102032|1595|94
      4 Rampelli_20005_NODE_59_length_93393_cov_174.533984|107|65
      4 QWCN01000029|155|124
      4 QRFC01000022|128|138
      4 phage_2|74|193
      4 phage_2|55|102
      4 phage_2|389|67
      4 phage_2|109|95
      4 OWII01000011|42|64
      4 OMGY01000027|117|80
      4 OMFN01000011|61|121
      4 OMEV01000014|96|43
      4 OMEV01000014|73|68
      4 OMBP01000015|272|134
      4 OMBK01000012|43|168
      4 OMAN01000017|204|163
      4 OMAN01000017|162|200
      4 OMAL01000015|96|176
      4 OMAL01000015|135|178
      4 OLZQ01000009|158|77
      4 OLZJ01000019|102|83
      4 OLYV01000018|149|153
      4 OLYV01000018|120|11
      4 OLSE01000042|64|47
      4 OLRX01000007|47|104
      4 OLRX01000007|29|184
      4 OLRF01000054|98|28
      4 OLQL01000089|226|13
      4 OLQG01000039|106|58
      4 OLPO01000071|38|77
      4 OLPO01000071|130|88
      4 OLPO01000063|106|22
      4 OLOG01000029|49|94
      4 OLOE01000004|52|92
      4 OLNN01000114|2199|1
      4 OLJW01000056|156|26
      4 OLHG01000007|87|48
      4 OLHG01000007|44|15
      4 OLHG01000007|209|134
      4 OLGM01000006|489|188
      4 OLFY01000217|68|58
      4 OLFV01000031|48|165
      4 OKWR01000042|255|9
      4 OKWR01000042|120|135
      4 OJPG01000010|51|21
      4 OJOH01000017|93|176
      4 OJOH01000017|60|167
      4 OJMP01000008|211|190
      4 OIZE01000030|61|61
      4 OIWT01000163|76|8
      4 OICR01000007|53|96
      4 OICR01000007|395|135
      4 OICR01000007|38|20
      4 OICB01000025|61|42
      4 OHTA01000010|37|174
      4 OHTA01000010|247|59
      4 OHQS01000030|111|117
      4 OHPI01000007|84|133
      4 OHPI01000007|34|106
      4 OHMA01000001|36|34
      4 OHFX01000006|67|157
      4 OHFX01000006|66|71
      4 OHFX01000006|106|137
      4 OGZB01000001|63|29
      4 OGRL01000078|41|57
      4 OGQH01000028|29|1
      4 OGPL01000016|84|28
      4 OGOO01000044|106|10
      4 OFMU01000028|34|115
      4 OFMT01000069|45|17
      4 OFMQ01000046|106|100
      4 OFMB01000041|41|87
      4 OCRP01000110|244|92
      4 OCPV01000032|92|160
      4 OCHF01000011|56|183
      4 OCHF01000011|34|108
      4 OCHF01000011|101|23
      4 OBKV01000026|338|114
      4 OBKV01000026|153|126
      4 OBJF01000128|32|29
      4 OAVV01000098|87|79
      4 NG-15813_95_lib254056_NODE_1_length_102100_cov_1588.91|85|39
      4 NG-14253_14_lib223986_5684_NODE_3_length_83015_cov_1213.7|786|24
      4 MZ130499_1_97706|108|42
      4 MZ130497_1_104085|161|67
      4 MZ130488_1_91714|91|41
      4 MZ130488_1_91714|66|38
      4 MZ130488_1_91714|46|54
      4 MZ130476_1_92241|92|58
      4 MZ130476_1_92241|64|33
      4 MZ130476_1_92241|175|26
      4 MT774411_1_97886|160|37
      4 MT774408_1_94826|70|46
      4 MT774408_1_94826|125|48
      4 MT774396_1_101153|45|56
      4 MT774394_1_92815|49|89
      4 MT774394_1_92815|104|12
      4 MT774391_1_99212|98|55
      4 MT774389_1_101082|115|106
      4 MT774389_1_101082|106|50
      4 MT774388_1_102301|151|41
      4 MT774379_1_92600|49|31
      4 MN019_S19_74|73|37
      4 MH675552_1_102679|783|25
      4 MH552500_1_90023|90|5
      4 Long_crAss_ms_16|97|81
      4 Long_crAss_ms_16|157|78
      4 KJ003983_1_99915|49|1
      4 HvCF_E6_ms_1|216|9
      4 HvCF_E4_ms_4|43|59
      4 HvCF_D5_ms_2|29|101
      4 HvCF_C7_ms_2|117|75
      4 HvCF_B5_ms_2|39|7
      4 F2T1.2.NODE_1_length_97120_cov_58.884747|335|86
      4 ERR844077_ms_2|34|46
      4 ERR589826_NODE_120_length_94996_cov_27.1679|39|25
      4 ERR589587_NODE_208_length_94701_cov_61.0326|4415|73
      4 ERR589532_NODE_107_length_92376_cov_180.077|88|29
      4 ERR589532_NODE_103_length_94606_cov_18.1916|115|70
      4 ERR589511_NODE_212_length_96153_cov_11.9872|74|75
      4 AP017903_1_99517|2326|45
      4 A2_NODE_3_length_92367_cov_12.069243|155|1
      4 3300008716_____Ga0113874_100160|1301|40
      4 3300007362_____Ga0104788_100129|228|79
      4 3300007222_____Ga0104061_100253|39|1
      4 3300006746_____Ga0101796_100038|65|73
      4 3300006746_____Ga0101796_100038|35|69
      4 3300006463_____Ga0100176_1000099|107|59
      3 SRS065504_NODE_131_length_90103_cov_73.092|32|49
      3 SRS065504_NODE_131_length_90103_cov_73.092|26|1
      3 SRS045739_NODE_78_length_98134_cov_152.188|128|33
      3 Sib1_ms_4|153|34
      3 sample-1_4_157545|229|148
      3 sample-1_309_18290|111|23
      3 sample-1_30_80291|53|11
      3 sample-1_23_92914|137|53
      3 sample-1_23_92914|115|85
      3 sample-1_21_95604|400|19
      3 sample-1_13_99291|64|67
      3 sample-1_1_194036|59|163
      3 sample-1_1_194036|34|219
      3 sample-1_1_194036|210|297
      3 sample-1_1_194036|163|265
      3 sample-1_11_101626|94|20
      3 Rampelli_20005_NODE_59_length_93393_cov_174.533984|74|74
      3 Rampelli_20005_NODE_59_length_93393_cov_174.533984|191|5
      3 Rampelli_20005_NODE_59_length_93393_cov_174.533984|166|33
      3 QWCN01000029|30|135
      3 QWBY01000010|198|155
      3 QWBY01000007|37|62
      3 QWBY01000007|273|58
      3 QWBY01000007|120|29
      3 QRFC01000100|47|90
      3 QRFC01000022|95|45
      3 QRFC01000022|68|162
      3 QRFC01000022|65|62
      3 QRFC01000022|63|63
      3 QRFC01000022|49|132
      3 QRFC01000022|214|174
      3 QRFC01000022|190|58
      3 QRFC01000022|137|101
      3 QRFC01000022|100|57
      3 PPYF01266999|44|67
      3 PPYE01511035|205|29
      3 phage_2|478|47
      3 phage_2|288|75
      3 phage_15|97|96
      3 OMGY01000095|52|71
      3 OMFK01000016|89|199
      3 OMFK01000016|71|78
      3 OMFK01000016|69|28
      3 OMFK01000016|370|153
      3 OMFK01000016|293|156
      3 OMFK01000016|107|12
      3 OMEJ01000024|333|26
      3 OMCC01000013|44|64
      3 OMBT01000004|42|112
      3 OMBT01000004|37|199
      3 OMBP01000015|104|136
      3 OMAN01000017|96|89
      3 OMAN01000017|84|167
      3 OMAN01000017|72|71
      3 OMAN01000017|68|40
      3 OMAN01000017|65|75
      3 OMAN01000017|65|165
      3 OMAN01000017|58|18
      3 OMAN01000017|57|173
      3 OMAN01000017|56|159
      3 OMAN01000017|33|172
      3 OMAN01000017|294|201
      3 OMAN01000017|263|107
      3 OMAN01000017|221|52
      3 OMAN01000017|165|174
      3 OMAN01000017|141|59
      3 OMAN01000017|136|168
      3 OMAN01000017|131|158
      3 OMAN01000017|128|169
      3 OMAN01000017|126|73
      3 OMAN01000017|108|7
      3 OMAN01000017|101|160
      3 OLZO01000021|95|70
      3 OLZO01000021|30|96
      3 OLYV01000018|97|155
      3 OLYV01000018|90|136
      3 OLYV01000018|87|149
      3 OLYV01000018|82|97
      3 OLYV01000018|79|33
      3 OLYV01000018|79|142
      3 OLYV01000018|77|125
      3 OLYV01000018|71|59
      3 OLYV01000018|66|40
      3 OLYV01000018|63|145
      3 OLYV01000018|63|144
      3 OLYV01000018|61|7
      3 OLYV01000018|55|56
      3 OLYV01000018|41|36
      3 OLYV01000018|390|98
      3 OLYV01000018|336|109
      3 OLYV01000018|253|121
      3 OLYV01000018|252|107
      3 OLYV01000018|189|34
      3 OLYV01000018|150|27
      3 OLYV01000018|124|37
      3 OLYV01000018|115|35
      3 OLXR01000011|92|202
      3 OLXR01000011|87|119
      3 OLXR01000011|84|114
      3 OLXR01000011|72|153
      3 OLXR01000011|66|124
      3 OLXR01000011|65|179
      3 OLXR01000011|60|110
      3 OLXR01000011|37|167
      3 OLXR01000011|365|71
      3 OLXR01000011|344|164
      3 OLXR01000011|168|76
      3 OLWB01000021|77|193
      3 OLWB01000021|33|159
      3 OLVX01000015|73|183
      3 OLVX01000015|66|177
      3 OLVX01000015|54|84
      3 OLVX01000015|49|87
      3 OLVX01000015|349|159
      3 OLVX01000015|1218|107
      3 OLVX01000015|120|59
      3 OLVX01000015|106|28
      3 OLVO01000096|263|3
      3 OLSP01000004|57|191
      3 OLRZ01000056|60|74
      3 OLRX01000007|71|154
      3 OLRX01000007|249|75
      3 OLRF01000054|94|94
      3 OLRF01000054|85|111
      3 OLRF01000054|79|26
      3 OLRF01000054|75|128
      3 OLRF01000054|74|148
      3 OLRF01000054|69|132
      3 OLRF01000054|60|127
      3 OLRF01000054|59|95
      3 OLRF01000054|44|21
      3 OLRF01000054|38|100
      3 OLRF01000054|292|101
      3 OLRF01000054|232|82
      3 OLRF01000054|226|102
      3 OLRF01000054|162|160
      3 OLRF01000054|147|129
      3 OLRF01000054|108|98
      3 OLRB01000064|32|64
      3 OLQV01000028|41|171
      3 OLQG01000044|51|43
      3 OLPO01000071|59|47
      3 OLPO01000071|35|15
      3 OLPO01000071|34|87
      3 OLPO01000071|130|28
      3 OLPO01000063|36|83
      3 OLOE01000004|88|93
      3 OLOE01000004|85|64
      3 OLOE01000004|83|95
      3 OLOE01000004|78|94
      3 OLOE01000004|35|85
      3 OLOE01000004|156|36
      3 OLOE01000004|153|212
      3 OLOE01000004|151|203
      3 OLOE01000004|128|18
      3 OLOE01000004|106|182
      3 OLOE01000004|104|55
      3 OLNL01000026|97|149
      3 OLNL01000026|86|32
      3 OLNL01000026|86|102
      3 OLNL01000026|83|165
      3 OLNL01000026|81|39
      3 OLNL01000026|77|94
      3 OLNL01000026|72|187
      3 OLNL01000026|68|185
      3 OLNL01000026|66|109
      3 OLNL01000026|51|54
      3 OLNL01000026|36|107
      3 OLNL01000026|215|4
      3 OLNL01000026|210|43
      3 OLNL01000026|185|27
      3 OLNL01000026|184|40
      3 OLNL01000026|147|51
      3 OLNL01000026|127|64
      3 OLNL01000026|1127|190
      3 OLNL01000026|104|61
      3 OLJW01000056|39|81
      3 OLJW01000056|287|1
      3 OLHG01000007|119|44
      3 OLFT01000163|85|3
      3 OKWR01000042|59|116
      3 OKVF01000023|96|223
      3 OKRV01000012|145|73
      3 OJUG01000072|63|19
      3 OJUG01000072|108|38
      3 OJSE01000052|123|126
      3 OJRV01000117|102|81
      3 OJQQ01000027|93|28
      3 OJQQ01000027|85|188
      3 OJPW01000082|73|71
      3 OJPU01000022|57|178
      3 OJPU01000022|195|51
      3 OJPG01000010|46|20
      3 OJOU01000011|78|109
      3 OJOH01000017|95|169
      3 OJOH01000017|78|43
      3 OJOH01000017|51|41
      3 OJOH01000017|296|166
      3 OJOH01000017|184|93
      3 OJOE01000015|80|15
      3 OIZE01000030|149|103
      3 OIWS01000145|2445|55
      3 OICG01000006|65|80
      3 OICG01000006|103|79
      3 OHFX01000006|98|153
      3 OHFX01000006|95|67
      3 OHFX01000006|87|132
      3 OHFX01000006|83|123
      3 OHFX01000006|80|49
      3 OHFX01000006|76|94
      3 OHFX01000006|62|84
      3 OHFX01000006|57|105
      3 OHFX01000006|35|166
      3 OHFX01000006|150|42
      3 OHFX01000006|126|186
      3 OHFX01000006|101|98
      3 OHFV01000001|59|182
      3 OHFV01000001|55|91
      3 OHFV01000001|39|41
      3 OHFV01000001|37|175
      3 OHFV01000001|29|176
      3 OHFV01000001|207|82
      3 OHFV01000001|173|184
      3 OHFV01000001|111|87
      3 OHFV01000001|104|38
      3 OHCF01000051|40|11
      3 OHBE01000017|77|84
      3 OGZB01000001|35|34
      3 OGYM01000002|77|193
      3 OGYM01000002|72|60
      3 OGYM01000002|65|100
      3 OGYM01000002|35|70
      3 OGYM01000002|210|166
      3 OGYM01000002|180|110
      3 OGYM01000002|168|173
      3 OGYM01000002|122|129
      3 OGTL01000065|152|33
      3 OGTB01000008|247|227
      3 OGTB01000008|243|40
      3 OGTB01000008|117|197
      3 OGOO01000044|74|90
      3 OFPS01000054|71|158
      3 OFPS01000054|62|159
      3 OFMT01000069|29|35
      3 OFMT01000010|157|22
      3 OFLY01000012|69|4
      3 OFLY01000012|42|21
      3 OCPY01000015|124|95
      3 OCPV01000032|82|84
      3 OCHL01000028|273|12
      3 OCHL01000028|111|110
      3 OCHG01000105|45|6
      3 OCHG01000105|4070|91
      3 OCHF01000011|50|45
      3 OBKV01000026|68|46
      3 OBKV01000026|61|52
      3 OBHU01000008|113|133
      3 OBCT01000057|46|90
      3 NG-15813_53_lib254058_NODE_2_length_98001_cov_18.457|31|23
      3 NG-14571_115xxx_NODE_1_length_101130_cov_1132.63|76|56
      3 NG-14571_115xxx_NODE_1_length_101130_cov_1132.63|42|1
      3 NG-14253_56xxx_lib223972_5684_NODE_1_length_101680_cov_95.3006|71|51
      3 NG-14253_14_lib223986_5684_NODE_3_length_83015_cov_1213.7|96|13
      3 NG-14253_14_lib223986_5684_NODE_3_length_83015_cov_1213.7|96|12
      3 NG-14253_14_lib223986_5684_NODE_3_length_83015_cov_1213.7|53|14
      3 NG-14253_14_lib223986_5684_NODE_3_length_83015_cov_1213.7|199|4
      3 NG-14253_14_lib223986_5684_NODE_3_length_83015_cov_1213.7|133|6
      3 NG-14253_14_lib223986_5684_NODE_3_length_83015_cov_1213.7|126|3
      3 NG-14253_14_lib223986_5684_NODE_3_length_83015_cov_1213.7|106|30
      3 NG-14253_14_lib223986_5684_NODE_3_length_83015_cov_1213.7|102|45
      3 MZ130495_1_101130|76|28
      3 MZ130495_1_101130|56|57
      3 MZ130495_1_101130|33|59
      3 MZ130490_1_92132|63|78
      3 MZ130488_1_91714|84|57
      3 MZ130488_1_91714|106|40
      3 MZ130479_1_96466|60|81
      3 MZ130477_1_100971|77|70
      3 MT774410_1_98667|195|38
      3 MT774409_1_96717|78|63
      3 MT774408_1_94826|1774|16
      3 MT774407_1_98095|53|76
      3 MT774406_1_101532|49|48
      3 MT774404_1_98308|137|39
      3 MT774403_1_98557|54|1
      3 MT774400_1_96055|93|34
      3 MT774400_1_96055|78|14
      3 MT774399_1_99168|121|11
      3 MT774393_1_83412|85|26
      3 MT774393_1_83412|54|29
      3 MT774393_1_83412|51|23
      3 MT774393_1_83412|30|7
      3 MT774393_1_83412|239|61
      3 MT774393_1_83412|147|65
      3 MT774393_1_83412|135|83
      3 MT774393_1_83412|131|37
      3 MT774393_1_83412|116|10
      3 MT774392_1_95150|76|5
      3 MT774390_1_98164|59|99
      3 MT774389_1_101082|839|75
      3 MT774389_1_101082|109|22
      3 MT774385_1_101437|311|54
      3 MT774382_1_99985|1435|76
      3 MT774380_1_99882|62|56
      3 Monaco_MBA4038_NODE_5_length_99783_cov_26.247343|87|26
      3 MN037_S1_79|207|3
      3 MH675552_1_102679|57|105
      3 MH675552_1_102679|107|17
      3 MH616963_1_94878|976|33
      3 MH552500_1_90023|154|2
      3 Long_crAss_ms_9|90|39
      3 Long_crAss_ms_9|71|42
      3 Long_crAss_ms_3|87|33
      3 Long_crAss_ms_3|70|82
      3 Long_crAss_ms_3|68|31
      3 Long_crAss_ms_3|66|46
      3 Long_crAss_ms_3|57|32
      3 Long_crAss_ms_3|53|12
      3 Long_crAss_ms_3|33|23
      3 Long_crAss_ms_3|127|30
      3 Long_crAss_ms_3|110|67
      3 Long_crAss_ms_3|110|28
      3 Long_crAss_ms_29|56|88
      3 Long_crAss_ms_16|64|89
      3 HvCF_D5_ms_2|134|8
      3 HvCF_B5_ms_2|43|5
      3 HvCF_B5_ms_2|33|88
      3 G10_NODE_3_length_100255_cov_4594.188553|64|74
      3 Fferm_ms_11|36|38
      3 ERR843949_ms_3|66|26
      3 ERR589836_NODE_132_length_97990_cov_15.6475|335|38
      3 ERR589821_NODE_65_length_97126_cov_5571.81|190|25
      3 ERR589814_NODE_185_length_102005_cov_6.51113|55|8
      3 ERR589742_NODE_210_length_93989_cov_9.62045|76|57
      3 ERR589534_NODE_206_length_99607_cov_6.90286|533|96
      3 ERR589503_NODE_236_length_100385_cov_32.3335|92|65
      3 CS_crAss_ms_9|21|102
      3 C12_NODE_4_length_93683_cov_7.991701|45|14
      3 3300014788_____Ga0134381_1000049|82|38
      3 3300008737_____Ga0113999_100109|91|38
      3 3300007362_____Ga0104788_100129|34|28
      3 3300007298_____Ga0104838_100096|131|1
      3 3300007105_____Ga0102630_100105|115|77
      3 16T1_lib200772_4|60|57
      2 UMIU01010253|58|93
      2 SRS105153_NODE_241_length_90160_cov_456.992|118|11
      2 SRS050752_NODE_138_length_97080_cov_254.851|49|57
      2 SRS050752_NODE_138_length_97080_cov_254.851|29|60
      2 SRS050752_NODE_138_length_97080_cov_254.851|225|87
      2 SRS050299_NODE_72_length_100548_cov_36.2955|147|100
      2 SRR4295175_ms_5|60|72
      2 Sib1_ms_4|39|35
      2 sample-1_7_152939|44|16
      2 sample-1_7_152939|117|23
      2 sample-1_6_155389|347|10
      2 sample-1_6_155389|32|143
      2 sample-1_5_155540|35|31
      2 sample-1_4954_1063|51|2
      2 sample-1_41_65330|81|58
      2 sample-1_41_65330|31|19
      2 sample-1_41_65330|214|13
      2 sample-1_4_157545|59|161
      2 sample-1_4_157545|229|27
      2 sample-1_3983_1483|373|2
      2 sample-1_30_80291|44|9
      2 sample-1_30_80291|43|8
      2 sample-1_30_80291|39|63
      2 sample-1_30_80291|224|10
      2 sample-1_30_80291|136|73
      2 sample-1_30_80291|133|86
      2 sample-1_30_80291|108|36
      2 sample-1_24_92306|217|85
      2 sample-1_24_92306|154|63
      2 sample-1_2475_2996|697|2
      2 sample-1_21_95604|71|1
      2 sample-1_2_180874|32|12
      2 sample-1_20_95736|103|101
      2 sample-1_19_96211|72|23
      2 sample-1_1_194036|60|196
      2 sample-1_1_194036|42|233
      2 sample-1_11_101626|34|2
      2 sample-1_10_102032|77|26
      2 sample-1_10_102032|41|59
      2 Rampelli_20005_NODE_59_length_93393_cov_174.533984|95|3
      2 Rampelli_20005_NODE_59_length_93393_cov_174.533984|95|10
      2 Rampelli_20005_NODE_59_length_93393_cov_174.533984|93|6
      2 Rampelli_20005_NODE_59_length_93393_cov_174.533984|85|39
      2 Rampelli_20005_NODE_59_length_93393_cov_174.533984|85|1
      2 Rampelli_20005_NODE_59_length_93393_cov_174.533984|83|9
      2 Rampelli_20005_NODE_59_length_93393_cov_174.533984|70|14
      2 Rampelli_20005_NODE_59_length_93393_cov_174.533984|58|37
      2 Rampelli_20005_NODE_59_length_93393_cov_174.533984|56|41
      2 Rampelli_20005_NODE_59_length_93393_cov_174.533984|44|40
      2 Rampelli_20005_NODE_59_length_93393_cov_174.533984|40|60
      2 Rampelli_20005_NODE_59_length_93393_cov_174.533984|35|50
      2 Rampelli_20005_NODE_59_length_93393_cov_174.533984|189|29
      2 Rampelli_20005_NODE_59_length_93393_cov_174.533984|181|53
      2 Rampelli_20005_NODE_59_length_93393_cov_174.533984|140|42
      2 Rampelli_20005_NODE_59_length_93393_cov_174.533984|113|36
      2 Rampelli_20005_NODE_59_length_93393_cov_174.533984|105|31
      2 Rampelli_20005_NODE_59_length_93393_cov_174.533984|103|46
      2 Rampelli_20005_NODE_59_length_93393_cov_174.533984|102|35
      2 QWBY01000010|246|39
      2 QWBY01000010|221|22
      2 QWBY01000010|182|160
      2 QWBY01000010|138|33
      2 QWBY01000010|107|89
      2 QWBY01000010|106|41
      2 QWBY01000007|143|51
      2 QRFC01000022|95|140
      2 QRFC01000022|64|123
      2 QRFC01000022|603|26
      2 QRFC01000022|45|139
      2 QRFC01000022|278|149
      2 QRFC01000022|273|150
      2 QRFC01000022|199|152
      2 QRFC01000022|153|32
      2 QRFC01000022|137|128
      2 QRFC01000022|111|51
      2 PPYF01266999|80|76
      2 PPYF01266999|58|144
      2 PPYF01266999|38|119
      2 PPYF01266999|1492|10
      2 PPYE01511035|66|96
      2 PPYE01511035|116|150
      2 phage_2|99|107
      2 phage_2|160|143
      2 phage_2|137|174
      2 phage_15|89|95
      2 OWII01000011|67|101
      2 OODH01000049|46|91
      2 OMGK01000003|79|114
      2 OMFN01000011|397|236
      2 OMFK01000016|33|126
      2 OMEJ01000024|76|147
      2 OMEJ01000024|69|168
      2 OMEJ01000024|50|163
      2 OMEJ01000024|142|76
      2 OMAV01000002|257|16
      2 OMAL01000015|187|42
      2 OLZQ01000009|56|134
      2 OLZO01000021|45|117
      2 OLZO01000021|38|93
      2 OLZJ01000019|68|68
      2 OLXR01000011|78|177
      2 OLXR01000011|53|174
      2 OLXR01000011|209|182
      2 OLXR01000011|188|183
      2 OLXR01000011|139|166
      2 OLXR01000011|112|190
      2 OLWZ01000040|33|78
      2 OLWZ01000040|149|91
      2 OLWC01000038|57|18
      2 OLVX01000015|66|60
      2 OLVX01000015|47|187
      2 OLVX01000015|111|77
      2 OLSC01000138|63|57
      2 OLRZ01000056|71|106
      2 OLRZ01000056|63|19
      2 OLRZ01000056|581|56
      2 OLRZ01000056|289|52
      2 OLRZ01000056|121|86
      2 OLRZ01000056|109|55
      2 OLRX01000007|86|181
      2 OLRX01000007|61|66
      2 OLRF01000054|98|115
      2 OLRF01000054|69|89
      2 OLRF01000054|65|59
      2 OLRF01000054|63|121
      2 OLRF01000054|61|30
      2 OLRF01000054|54|124
      2 OLRF01000054|43|50
      2 OLRA01000126|66|68
      2 OLPR01000090|1424|6
      2 OLPO01000071|73|86
      2 OLPO01000071|70|51
      2 OLOG01000029|92|130
      2 OLOG01000029|74|200
      2 OLOG01000029|57|93
      2 OLOG01000029|44|175
      2 OLOE01000004|166|59
      2 OLNW01000116|45|68
      2 OLNO01000079|120|79
      2 OLNN01000114|85|39
      2 OLNL01000026|98|25
      2 OLNL01000026|95|49
      2 OLNL01000026|53|177
      2 OLNL01000026|52|11
      2 OLNL01000026|43|56
      2 OLNL01000026|29|44
      2 OLNL01000026|188|41
      2 OLNL01000026|144|135
      2 OLHG01000007|98|120
      2 OLHG01000007|87|95
      2 OLHG01000007|86|25
      2 OLHG01000007|85|125
      2 OLHG01000007|85|118
      2 OLHG01000007|813|139
      2 OLHG01000007|80|86
      2 OLHG01000007|77|83
      2 OLHG01000007|77|112
      2 OLHG01000007|74|92
      2 OLHG01000007|73|96
      2 OLHG01000007|73|106
      2 OLHG01000007|71|56
      2 OLHG01000007|71|39
      2 OLHG01000007|66|116
      2 OLHG01000007|66|100
      2 OLHG01000007|63|90
      2 OLHG01000007|63|85
      2 OLHG01000007|57|11
      2 OLHG01000007|55|91
      2 OLHG01000007|52|111
      2 OLHG01000007|50|130
      2 OLHG01000007|49|117
      2 OLHG01000007|488|115
      2 OLHG01000007|47|193
      2 OLHG01000007|47|104
      2 OLHG01000007|34|93
      2 OLHG01000007|341|131
      2 OLHG01000007|265|41
      2 OLHG01000007|254|97
      2 OLHG01000007|226|140
      2 OLHG01000007|209|98
      2 OLHG01000007|191|34
      2 OLHG01000007|179|87
      2 OLHG01000007|171|126
      2 OLHG01000007|162|84
      2 OLHG01000007|157|167
      2 OLHG01000007|154|119
      2 OLHG01000007|143|77
      2 OLHG01000007|136|12
      2 OLHG01000007|126|110
      2 OLHG01000007|124|13
      2 OLHG01000007|121|122
      2 OLHG01000007|119|89
      2 OLHG01000007|116|32
      2 OLHG01000007|116|123
      2 OLHG01000007|106|114
      2 OLHG01000007|105|121
      2 OLHG01000007|104|99
      2 OLHG01000007|104|70
      2 OLHG01000007|103|94
      2 OLHG01000007|103|30
      2 OLHG01000007|103|124
      2 OLGM01000006|76|98
      2 OLGM01000006|59|74
      2 OLGM01000006|164|42
      2 OLGF01000091|129|100
      2 OLFZ01000108|20|1
      2 OKWR01000042|545|69
      2 OKWR01000042|38|201
      2 OKVF01000023|95|226
      2 OKVF01000023|92|205
      2 OKVF01000023|41|191
      2 OKVF01000023|122|126
      2 OKSC01000115|102|1
      2 OJSE01000052|41|3
      2 OJQQ01000027|43|84
      2 OJQF01000018|139|6
      2 OJPU01000022|44|83
      2 OJPG01000010|65|34
      2 OJOU01000011|65|24
      2 OJOU01000011|41|169
      2 OJOH01000017|71|76
      2 OJOE01000015|70|23
      2 OJOE01000015|53|29
      2 OJNS01000048|39|54
      2 OJMP01000008|78|210
      2 OJMP01000008|117|173
      2 OJMP01000008|112|211
      2 OIZE01000030|37|104
      2 OIZE01000030|34|175
      2 OIWQ01000029|91|22
      2 OHYE01000011|104|167
      2 OHMA01000001|222|27
      2 OHJX01000034|24|81
      2 OHFX01000006|97|195
      2 OHFX01000006|91|144
      2 OHFX01000006|73|194
      2 OHFX01000006|44|124
      2 OHFX01000006|142|62
      2 OHFV01000001|96|163
      2 OHFV01000001|72|32
      2 OHFV01000001|56|45
      2 OHFV01000001|47|85
      2 OHFV01000001|31|118
      2 OHFV01000001|187|93
      2 OHFV01000001|112|47
      2 OHEN01000023|83|77
      2 OHBE01000017|55|121
      2 OHAY01000006|74|149
      2 OHAY01000006|60|126
      2 OHAU01000141|116|66
      2 OHAT01000070|534|89
      2 OGZF01000025|55|186
      2 OGZF01000025|50|117
      2 OGZF01000025|120|166
      2 OGZF01000022|99|196
      2 OGZF01000022|44|153
      2 OGZB01000001|97|142
      2 OGYM01000002|77|80
      2 OGYM01000002|73|86
      2 OGYM01000002|50|94
      2 OGYM01000002|41|52
      2 OGYM01000002|115|152
      2 OGTB01000008|81|226
      2 OGTB01000008|47|186
      2 OGTB01000008|38|157
      2 OGRL01000078|130|83
      2 OGQH01000028|86|156
      2 OGPL01000016|48|99
      2 OGOT01000012|82|10
      2 OGOT01000012|72|142
      2 OGOT01000012|50|47
      2 OGOT01000012|44|146
      2 OGOT01000012|251|37
      2 OGOT01000012|147|78
      2 OGOT01000012|133|59
      2 OGOO01000044|71|31
      2 OGCO01000213|38|41
      2 OFSC01000046|28|1
      2 OFMT01000022|63|143
      2 OFMT01000022|32|4
      2 OFMT01000022|117|106
      2 OFMT01000010|49|23
      2 OFMN01000076|128|69
      2 OCPV01000032|75|53
      2 OCPV01000032|394|56
      2 OCPV01000032|161|57
      2 OBXZ01000146|344|17
      2 OBKV01000026|86|81
      2 OBKV01000026|471|87
      2 OBKV01000026|152|112
      2 OBKV01000026|125|66
      2 OBKV01000026|119|56
      2 OBKV01000026|113|172
      2 OBJP01000075|56|2
      2 OBHU01000008|85|201
      2 OBHU01000008|72|167
      2 OBHU01000008|61|152
      2 OBHU01000008|57|145
      2 OBHU01000008|461|137
      2 OBHU01000008|124|176
      2 OBHU01000008|106|144
      2 OAWA01000024|74|75
      2 OAWA01000024|113|74
      2 NG-15813_95_lib254056_NODE_1_length_102100_cov_1588.91|60|26
      2 NG-15813_95_lib254056_NODE_1_length_102100_cov_1588.91|49|93
      2 NG-15813_53_lib254058_NODE_2_length_98001_cov_18.457|351|74
      2 NG-15813_44_lib254059_NODE_1_length_93391_cov_9.27449|85|14
      2 NG-15813_44_lib254059_NODE_1_length_93391_cov_9.27449|83|70
      2 NG-15813_44_lib254059_NODE_1_length_93391_cov_9.27449|83|35
      2 NG-15813_44_lib254059_NODE_1_length_93391_cov_9.27449|78|45
      2 NG-15813_44_lib254059_NODE_1_length_93391_cov_9.27449|77|44
      2 NG-15813_44_lib254059_NODE_1_length_93391_cov_9.27449|53|15
      2 NG-15813_44_lib254059_NODE_1_length_93391_cov_9.27449|53|1
      2 NG-15813_44_lib254059_NODE_1_length_93391_cov_9.27449|385|67
      2 NG-15813_44_lib254059_NODE_1_length_93391_cov_9.27449|189|5
      2 NG-15813_44_lib254059_NODE_1_length_93391_cov_9.27449|179|69
      2 NG-15813_44_lib254059_NODE_1_length_93391_cov_9.27449|168|10
      2 NG-15813_44_lib254059_NODE_1_length_93391_cov_9.27449|160|3
      2 NG-15813_44_lib254059_NODE_1_length_93391_cov_9.27449|117|6
      2 NG-14571_115xxx_NODE_1_length_101130_cov_1132.63|29|52
      2 NG-14571_115xxx_NODE_1_length_101130_cov_1132.63|232|55
      2 NG-14253_26_lib223959_5684_NODE_2_length_90827_cov_49.5933|84|4
      2 NG-14253_26_lib223959_5684_NODE_2_length_90827_cov_49.5933|77|57
      2 NG-14253_26_lib223959_5684_NODE_2_length_90827_cov_49.5933|65|87
      2 NG-14253_14_lib223986_5684_NODE_3_length_83015_cov_1213.7|33|79
      2 NG-14253_14_lib223986_5684_NODE_3_length_83015_cov_1213.7|120|82
      2 NC_021803|465|77
      2 MZ130498_1_104752|37|58
      2 MZ130495_1_101130|48|58
      2 MZ130493_1_100650|547|63
      2 MZ130491_1_98573|107|23
      2 MZ130489_1_95815|77|70
      2 MZ130489_1_95815|128|63
      2 MZ130487_1_94533|82|81
      2 MZ130487_1_94533|65|89
      2 MZ130486_1_92361|50|44
      2 MZ130485_1_104564|55|60
      2 MZ130485_1_104564|31|97
      2 MZ130484_1_97536|74|39
      2 MZ130484_1_97536|65|82
      2 MZ130484_1_97536|167|40
      2 MZ130481_1_98001|24|1
      2 MZ130480_1_93391|95|81
      2 MZ130480_1_93391|88|82
      2 MZ130480_1_93391|84|9
      2 MZ130480_1_93391|71|89
      2 MZ130480_1_93391|50|52
      2 MZ130480_1_93391|48|88
      2 MZ130480_1_93391|335|84
      2 MZ130480_1_93391|117|18
      2 MZ130478_1_100314|41|74
      2 MZ130474_1_92367|82|85
      2 MZ130474_1_92367|71|86
      2 MT774411_1_97886|86|33
      2 MT774411_1_97886|62|32
      2 MT774411_1_97886|326|5
      2 MT774411_1_97886|2179|16
      2 MT774411_1_97886|174|38
      2 MT774411_1_97886|174|36
      2 MT774411_1_97886|141|44
      2 MT774411_1_97886|139|34
      2 MT774411_1_97886|126|45
      2 MT774410_1_98667|64|25
      2 MT774410_1_98667|598|24
      2 MT774410_1_98667|259|23
      2 MT774410_1_98667|214|70
      2 MT774410_1_98667|112|30
      2 MT774409_1_96717|84|3
      2 MT774409_1_96717|74|91
      2 MT774409_1_96717|145|12
      2 MT774409_1_96717|107|6
      2 MT774409_1_96717|103|25
      2 MT774408_1_94826|55|58
      2 MT774408_1_94826|276|85
      2 MT774408_1_94826|243|31
      2 MT774408_1_94826|207|61
      2 MT774408_1_94826|152|77
      2 MT774406_1_101532|211|45
      2 MT774405_1_99848|76|45
      2 MT774404_1_98308|54|17
      2 MT774404_1_98308|39|16
      2 MT774404_1_98308|133|98
      2 MT774403_1_98557|44|2
      2 MT774400_1_96055|93|92
      2 MT774400_1_96055|64|44
      2 MT774395_1_103665|56|74
      2 MT774395_1_103665|156|67
      2 MT774394_1_92815|96|33
      2 MT774394_1_92815|82|2
      2 MT774392_1_95150|96|52
      2 MT774392_1_95150|79|97
      2 MT774392_1_95150|68|80
      2 MT774392_1_95150|65|99
      2 MT774392_1_95150|58|94
      2 MT774392_1_95150|472|100
      2 MT774392_1_95150|356|103
      2 MT774391_1_99212|1823|107
      2 MT774389_1_101082|58|104
      2 MT774389_1_101082|321|42
      2 MT774389_1_101082|126|39
      2 MT774389_1_101082|109|31
      2 MT774388_1_102301|53|70
      2 MT774388_1_102301|50|59
      2 MT774387_1_102434|124|2
      2 MT774385_1_101437|94|38
      2 MT774385_1_101437|587|39
      2 MT774385_1_101437|301|86
      2 MT774384_1_92668|82|51
      2 MT774384_1_92668|66|89
      2 MT774384_1_92668|66|55
      2 MT774384_1_92668|65|83
      2 MT774384_1_92668|62|88
      2 MT774384_1_92668|60|52
      2 MT774384_1_92668|60|37
      2 MT774384_1_92668|56|50
      2 MT774384_1_92668|49|15
      2 MT774384_1_92668|39|40
      2 MT774384_1_92668|127|69
      2 MT774381_1_91101|68|72
      2 MT774379_1_92600|164|24
      2 MT774379_1_92600|149|37
      2 MT774379_1_92600|112|94
      2 MT774378_1_101662|95|8
      2 MT774378_1_101662|86|38
      2 MT774378_1_101662|170|7
      2 MT774378_1_101662|143|34
      2 MT774378_1_101662|1379|95
      2 MT774378_1_101662|102|87
      2 MT774375_1_98826|131|52
      2 MT774375_1_98826|107|94
      2 MT074136_1_99494|64|110
      2 MT074136_1_99494|51|109
      2 MT074136_1_99494|163|67
      2 Monaco_MBA4038_NODE_5_length_99783_cov_26.247343|29|85
      2 Monaco_MBA4038_NODE_3_length_106353_cov_62.035654|155|79
      2 MN917146_1_93030|72|34
      2 MN917146_1_93030|68|78
      2 MH675552_1_102679|50|3
      2 MH675552_1_102679|162|59
      2 MH616963_1_94878|91|86
      2 MH552500_1_90023|642|84
      2 MH552500_1_90023|503|18
      2 MH552500_1_90023|159|19
      2 MH552500_1_90023|139|49
      2 Long_crAss_ms_3|64|21
      2 Long_crAss_ms_3|52|35
      2 Long_crAss_ms_3|161|25
      2 Long_crAss_ms_16|47|47
      2 KJ003983_1_99915|77|60
      2 KJ003983_1_99915|126|21
      2 KJ003983_1_99915|101|91
      2 KC821624_1_100418|62|102
      2 KC821624_1_100418|244|82
      2 KC821624_1_100418|1798|69
      2 JQ995537_1_97065|52|92
      2 JQ995537_1_97065|42|90
      2 HvCF_D5_ms_2|44|92
      2 HvCF_B5_ms_2|111|87
      2 HvCF_B1_ms_8|80|2
      2 HvCF_B1_ms_8|41|1
      2 G10_NODE_3_length_100255_cov_4594.188553|86|75
      2 F6_NODE_4_length_91062_cov_72.306460|78|82
      2 F3T1.2.NODE_1_length_93869_cov_36.327307|40|86
      2 ERR844077_ms_2|90|71
      2 ERR844040_ms_1|24|1
      2 ERR844006_ms_1|89|71
      2 ERR844006_ms_1|67|35
      2 ERR844006_ms_1|41|31
      2 ERR589874_NODE_149_length_91639_cov_83.8167|38|22
      2 ERR589851_NODE_110_length_101537_cov_76.3839|29|13
      2 ERR589836_NODE_124_length_100491_cov_5.94573|192|47
      2 ERR589826_NODE_104_length_99479_cov_523.136|48|24
      2 ERR589814_NODE_185_length_102005_cov_6.51113|31|12
      2 ERR589811_NODE_183_length_95797_cov_1140.66|37|1
      2 ERR589773_NODE_168_length_99796_cov_16.6781|140|70
      2 ERR589741_NODE_169_length_97150_cov_107.747|458|30
      2 ERR589589_NODE_144_length_94594_cov_10.8503|37|84
      2 ERR589531_NODE_143_length_100354_cov_37.9907|42|25
      2 ERR589530_NODE_125_length_100283_cov_10.4903|69|58
      2 ERR589503_NODE_243_length_99288_cov_256.502|34|89
      2 EM200_T3_ms_2|68|1
      2 EM195_T0_ms_1|40|71
      2 AP017903_1_99517|998|30
      2 AP017903_1_99517|81|61
      2 AP017903_1_99517|474|27
      2 AP017903_1_99517|261|41
      2 A1_NODE_2_length_99974_cov_261.284550|166|20
      2 3300014788_____Ga0134381_1000061|99|34
      2 3300014788_____Ga0134381_1000049|184|1
      2 3300014538_____Ga0134452_100100|32|41
      2 3300014538_____Ga0134452_100100|129|20
      2 3300008520_____Ga0111044_100220|63|45
      2 3300008326_____Ga0115311_100028|114|1
      2 3300007705_____Ga0105636_100113|91|65
      2 3300007362_____Ga0104788_100129|60|24
      2 3300007362_____Ga0104788_100129|374|78
      2 3300007312_____Ga0104941_100072|48|72
      2 3300007098_____Ga0102540_100090|55|16
      2 3300006463_____Ga0100176_1000099|91|47
      2 2_lib200757_5|55|43
      1 Zuo_N1_NODE_2_length_100997_cov_2297.472945|39|107
      1 UMIU01010253|91|45
      1 SRS143417_NODE_177_length_89824_cov_37.2496|19|1
      1 SRS065504_NODE_131_length_90103_cov_73.092|80|8
      1 SRS065504_NODE_131_length_90103_cov_73.092|41|83
      1 SRS011084_NODE_220_length_95221_cov_30.7473|26|1
      1 sample-1_9_104613|100|57
      1 sample-1_7_152939|87|126
      1 sample-1_7_152939|156|149
      1 sample-1_7_152939|154|181
      1 sample-1_7_152939|131|167
      1 sample-1_6_155389|223|8
      1 sample-1_516_11797|33|9
      1 sample-1_5_155540|95|198
      1 sample-1_5_155540|74|42
      1 sample-1_5_155540|62|168
      1 sample-1_5_155540|584|114
      1 sample-1_5_155540|37|6
      1 sample-1_5_155540|346|115
      1 sample-1_5_155540|345|108
      1 sample-1_5_155540|32|18
      1 sample-1_5_155540|302|35
      1 sample-1_5_155540|271|156
      1 sample-1_5_155540|199|49
      1 sample-1_5_155540|172|36
      1 sample-1_5_155540|135|180
      1 sample-1_5_155540|134|97
      1 sample-1_4798_1110|77|2
      1 sample-1_4798_1110|47|1
      1 sample-1_4798_1110|241|3
      1 sample-1_4409_1266|37|2
      1 sample-1_41_65330|99|85
      1 sample-1_41_65330|98|51
      1 sample-1_41_65330|97|26
      1 sample-1_41_65330|96|24
      1 sample-1_41_65330|91|88
      1 sample-1_41_65330|863|7
      1 sample-1_41_65330|85|83
      1 sample-1_41_65330|84|80
      1 sample-1_41_65330|83|81
      1 sample-1_41_65330|80|27
      1 sample-1_41_65330|79|84
      1 sample-1_41_65330|79|77
      1 sample-1_41_65330|79|64
      1 sample-1_41_65330|77|67
      1 sample-1_41_65330|77|42
      1 sample-1_41_65330|77|28
      1 sample-1_41_65330|74|79
      1 sample-1_41_65330|73|20
      1 sample-1_41_65330|71|35
      1 sample-1_41_65330|70|29
      1 sample-1_41_65330|69|43
      1 sample-1_41_65330|69|17
      1 sample-1_41_65330|67|65
      1 sample-1_41_65330|67|22
      1 sample-1_41_65330|66|21
      1 sample-1_41_65330|63|82
      1 sample-1_41_65330|635|2
      1 sample-1_41_65330|61|30
      1 sample-1_41_65330|61|10
      1 sample-1_41_65330|60|63
      1 sample-1_41_65330|59|61
      1 sample-1_41_65330|59|44
      1 sample-1_41_65330|58|1
      1 sample-1_41_65330|558|49
      1 sample-1_41_65330|533|52
      1 sample-1_41_65330|48|59
      1 sample-1_41_65330|472|74
      1 sample-1_41_65330|403|32
      1 sample-1_41_65330|399|48
      1 sample-1_41_65330|359|36
      1 sample-1_41_65330|35|57
      1 sample-1_41_65330|35|55
      1 sample-1_41_65330|312|6
      1 sample-1_41_65330|306|14
      1 sample-1_41_65330|30|15
      1 sample-1_41_65330|287|40
      1 sample-1_41_65330|269|60
      1 sample-1_41_65330|253|73
      1 sample-1_41_65330|251|5
      1 sample-1_41_65330|235|4
      1 sample-1_41_65330|187|76
      1 sample-1_41_65330|186|16
      1 sample-1_41_65330|183|46
      1 sample-1_41_65330|182|75
      1 sample-1_41_65330|1736|50
      1 sample-1_41_65330|169|47
      1 sample-1_41_65330|164|9
      1 sample-1_41_65330|163|45
      1 sample-1_41_65330|162|69
      1 sample-1_41_65330|158|41
      1 sample-1_41_65330|155|86
      1 sample-1_41_65330|155|25
      1 sample-1_41_65330|153|8
      1 sample-1_41_65330|153|12
      1 sample-1_41_65330|150|18
      1 sample-1_41_65330|149|3
      1 sample-1_41_65330|147|11
      1 sample-1_41_65330|140|71
      1 sample-1_41_65330|139|33
      1 sample-1_41_65330|137|37
      1 sample-1_41_65330|134|54
      1 sample-1_41_65330|132|72
      1 sample-1_41_65330|125|62
      1 sample-1_41_65330|119|23
      1 sample-1_41_65330|116|39
      1 sample-1_41_65330|107|31
      1 sample-1_41_65330|1063|53
      1 sample-1_4_157545|75|149
      1 sample-1_4_157545|59|145
      1 sample-1_4_157545|41|167
      1 sample-1_4_157545|147|213
      1 sample-1_4_157545|132|147
      1 sample-1_4_157545|115|150
      1 sample-1_3983_1483|52|1
      1 sample-1_3596_1751|76|3
      1 sample-1_3596_1751|44|2
      1 sample-1_3596_1751|38|4
      1 sample-1_3596_1751|229|5
      1 sample-1_3596_1751|157|6
      1 sample-1_3_171347|89|25
      1 sample-1_3_171347|84|75
      1 sample-1_3_171347|83|223
      1 sample-1_3_171347|73|220
      1 sample-1_3_171347|520|55
      1 sample-1_3_171347|51|56
      1 sample-1_3_171347|51|15
      1 sample-1_3_171347|332|57
      1 sample-1_3_171347|304|178
      1 sample-1_3_171347|199|89
      1 sample-1_309_18290|30|22
      1 sample-1_30_80291|71|28
      1 sample-1_30_80291|66|16
      1 sample-1_30_80291|48|40
      1 sample-1_30_80291|48|27
      1 sample-1_30_80291|45|29
      1 sample-1_30_80291|188|51
      1 sample-1_30_80291|162|21
      1 sample-1_273_20403|139|14
      1 sample-1_24_92306|93|77
      1 sample-1_24_92306|92|87
      1 sample-1_24_92306|92|57
      1 sample-1_24_92306|92|19
      1 sample-1_24_92306|82|26
      1 sample-1_24_92306|81|60
      1 sample-1_24_92306|76|80
      1 sample-1_24_92306|75|132
      1 sample-1_24_92306|72|13
      1 sample-1_24_92306|69|12
      1 sample-1_24_92306|67|8
      1 sample-1_24_92306|61|83
      1 sample-1_24_92306|43|52
      1 sample-1_24_92306|39|32
      1 sample-1_24_92306|35|20
      1 sample-1_24_92306|177|65
      1 sample-1_24_92306|149|15
      1 sample-1_24_92306|123|79
      1 sample-1_24_92306|117|1
      1 sample-1_24_92306|110|2
      1 sample-1_24_92306|102|108
      1 sample-1_2475_2996|74|3
      1 sample-1_2475_2996|196|1
      1 sample-1_241_22966|43|21
      1 sample-1_23_92914|88|78
      1 sample-1_23_92914|86|21
      1 sample-1_23_92914|83|72
      1 sample-1_23_92914|79|56
      1 sample-1_23_92914|79|19
      1 sample-1_23_92914|73|30
      1 sample-1_23_92914|68|51
      1 sample-1_23_92914|62|48
      1 sample-1_23_92914|51|43
      1 sample-1_23_92914|43|22
      1 sample-1_23_92914|41|1
      1 sample-1_23_92914|37|79
      1 sample-1_23_92914|374|6
      1 sample-1_23_92914|370|71
      1 sample-1_23_92914|224|49
      1 sample-1_23_92914|218|24
      1 sample-1_23_92914|216|18
      1 sample-1_23_92914|191|33
      1 sample-1_23_92914|189|3
      1 sample-1_23_92914|187|8
      1 sample-1_23_92914|182|27
      1 sample-1_23_92914|178|46
      1 sample-1_23_92914|164|10
      1 sample-1_23_92914|155|5
      1 sample-1_23_92914|149|75
      1 sample-1_23_92914|131|73
      1 sample-1_23_92914|131|40
      1 sample-1_23_92914|129|50
      1 sample-1_23_92914|127|58
      1 sample-1_23_92914|124|47
      1 sample-1_23_92914|117|60
      1 sample-1_23_92914|107|65
      1 sample-1_23_92914|101|20
      1 sample-1_2370_3154|109|2
      1 sample-1_20_95736|35|102
      1 sample-1_2023_3705|163|4
      1 sample-1_19_96211|85|41
      1 sample-1_19_96211|71|46
      1 sample-1_19_96211|654|79
      1 sample-1_19_96211|59|84
      1 sample-1_19_96211|57|66
      1 sample-1_19_96211|40|67
      1 sample-1_19_96211|380|80
      1 sample-1_19_96211|33|68
      1 sample-1_19_96211|202|85
      1 sample-1_19_96211|109|48
      1 sample-1_19_96211|1088|77
      1 sample-1_19_96211|106|115
      1 sample-1_1971_3823|98|3
      1 sample-1_18_96565|76|37
      1 sample-1_18_96565|55|39
      1 sample-1_17_96846|48|1
      1 sample-1_17_96846|121|89
      1 sample-1_15_98423|66|91
      1 sample-1_15_98423|45|63
      1 sample-1_15_98423|313|45
      1 sample-1_15_98423|106|9
      1 sample-1_13_99291|85|61
      1 sample-1_13_99291|84|99
      1 sample-1_13_99291|56|64
      1 sample-1_13_99291|130|73
      1 sample-1_12_101623|76|70
      1 sample-1_12_101623|31|47
      1 sample-1_1_194036|72|110
      1 sample-1_1_194036|70|44
      1 sample-1_1_194036|65|98
      1 sample-1_1_194036|63|199
      1 sample-1_1_194036|60|10
      1 sample-1_1_194036|58|281
      1 sample-1_1_194036|57|13
      1 sample-1_1_194036|56|288
      1 sample-1_1_194036|54|97
      1 sample-1_1_194036|53|115
      1 sample-1_1_194036|51|117
      1 sample-1_1_194036|49|11
      1 sample-1_1_194036|46|116
      1 sample-1_1_194036|40|153
      1 sample-1_1_194036|38|143
      1 sample-1_1_194036|33|187
      1 sample-1_1_194036|33|144
      1 sample-1_1_194036|31|39
      1 sample-1_1_194036|245|150
      1 sample-1_1_194036|186|188
      1 sample-1_11_101626|97|43
      1 sample-1_11_101626|90|90
      1 sample-1_11_101626|90|86
      1 sample-1_11_101626|87|117
      1 sample-1_11_101626|75|51
      1 sample-1_11_101626|73|55
      1 sample-1_11_101626|72|37
      1 sample-1_11_101626|71|45
      1 sample-1_11_101626|68|41
      1 sample-1_11_101626|66|44
      1 sample-1_11_101626|63|27
      1 sample-1_11_101626|61|62
      1 sample-1_11_101626|61|116
      1 sample-1_11_101626|57|5
      1 sample-1_11_101626|573|100
      1 sample-1_11_101626|56|115
      1 sample-1_11_101626|524|95
      1 sample-1_11_101626|50|39
      1 sample-1_11_101626|49|83
      1 sample-1_11_101626|46|49
      1 sample-1_11_101626|335|125
      1 sample-1_11_101626|330|97
      1 sample-1_11_101626|319|118
      1 sample-1_11_101626|192|78
      1 sample-1_11_101626|189|126
      1 sample-1_11_101626|163|120
      1 sample-1_11_101626|162|48
      1 sample-1_11_101626|158|50
      1 sample-1_11_101626|148|29
      1 sample-1_11_101626|141|28
      1 sample-1_11_101626|133|67
      1 sample-1_11_101626|130|42
      1 sample-1_11_101626|122|59
      1 sample-1_11_101626|106|24
      1 sample-1_11_101626|104|114
      1 sample-1_10_102032|62|115
      1 sample-1_10_102032|35|73
      1 sample-1_10_102032|253|114
      1 sample-1_10_102032|100|62
      1 Rampelli_20005_NODE_59_length_93393_cov_174.533984|87|52
      1 Rampelli_20005_NODE_59_length_93393_cov_174.533984|79|51
      1 Rampelli_20005_NODE_59_length_93393_cov_174.533984|50|8
      1 Rampelli_20005_NODE_59_length_93393_cov_174.533984|44|76
      1 Rampelli_20005_NODE_59_length_93393_cov_174.533984|41|78
      1 Rampelli_20005_NODE_59_length_93393_cov_174.533984|41|61
      1 Rampelli_20005_NODE_59_length_93393_cov_174.533984|177|85
      1 Rampelli_20005_NODE_59_length_93393_cov_174.533984|136|80
      1 QWCY01000236|30|100
      1 QWCN01000029|40|178
      1 QWCH01000269|41|1
      1 QWBY01000010|99|117
      1 QWBY01000010|96|60
      1 QWBY01000010|95|56
      1 QWBY01000010|94|95
      1 QWBY01000010|82|127
      1 QWBY01000010|81|97
      1 QWBY01000010|81|53
      1 QWBY01000010|80|68
      1 QWBY01000010|80|107
      1 QWBY01000010|79|96
      1 QWBY01000010|78|16
      1 QWBY01000010|78|110
      1 QWBY01000010|76|69
      1 QWBY01000010|76|67
      1 QWBY01000010|72|123
      1 QWBY01000010|68|37
      1 QWBY01000010|63|85
      1 QWBY01000010|606|32
      1 QWBY01000010|58|48
      1 QWBY01000010|58|10
      1 QWBY01000010|55|44
      1 QWBY01000010|55|105
      1 QWBY01000010|508|158
      1 QWBY01000010|50|47
      1 QWBY01000010|50|124
      1 QWBY01000010|470|139
      1 QWBY01000010|45|111
      1 QWBY01000010|344|159
      1 QWBY01000010|326|28
      1 QWBY01000010|322|84
      1 QWBY01000010|321|24
      1 QWBY01000010|270|26
      1 QWBY01000010|265|120
      1 QWBY01000010|240|34
      1 QWBY01000010|239|65
      1 QWBY01000010|231|108
      1 QWBY01000010|203|100
      1 QWBY01000010|199|7
      1 QWBY01000010|199|122
      1 QWBY01000010|192|63
      1 QWBY01000010|192|106
      1 QWBY01000010|191|157
      1 QWBY01000010|189|61
      1 QWBY01000010|186|125
      1 QWBY01000010|186|118
      1 QWBY01000010|184|93
      1 QWBY01000010|179|130
      1 QWBY01000010|166|29
      1 QWBY01000010|160|119
      1 QWBY01000010|156|90
      1 QWBY01000010|153|145
      1 QWBY01000010|149|59
      1 QWBY01000010|147|87
      1 QWBY01000010|145|50
      1 QWBY01000010|143|58
      1 QWBY01000010|138|42
      1 QWBY01000010|137|43
      1 QWBY01000010|133|77
      1 QWBY01000010|130|45
      1 QWBY01000010|127|51
      1 QWBY01000010|120|40
      1 QWBY01000010|119|113
      1 QWBY01000010|1170|137
      1 QWBY01000010|116|49
      1 QWBY01000010|116|35
      1 QWBY01000010|110|57
      1 QWBY01000010|110|121
      1 QWBY01000010|108|103
      1 QWBY01000010|107|73
      1 QWBY01000010|106|98
      1 QWBY01000010|105|13
      1 QWBY01000010|104|72
      1 QWBY01000010|101|30
      1 QWBY01000007|227|1
      1 QWBY01000007|104|94
      1 QWBY01000007|101|45
      1 QRFC01000022|48|175
      1 QRFC01000022|48|145
      1 QRFC01000022|40|153
      1 QRFC01000022|211|186
      1 QRFC01000022|182|90
      1 QRFC01000022|168|115
      1 QRFC01000022|111|165
      1 phage_2|98|74
      1 phage_2|98|64
      1 phage_2|95|158
      1 phage_2|94|195
      1 phage_2|94|109
      1 phage_2|93|104
      1 phage_2|92|145
      1 phage_2|89|61
      1 phage_2|85|166
      1 phage_2|85|161
      1 phage_2|84|88
      1 phage_2|84|112
      1 phage_2|83|45
      1 phage_2|82|129
      1 phage_2|782|26
      1 phage_2|77|92
      1 phage_2|77|57
      1 phage_2|75|80
      1 phage_2|75|78
      1 phage_2|72|50
      1 phage_2|72|178
      1 phage_2|71|73
      1 phage_2|67|198
      1 phage_2|66|150
      1 phage_2|66|117
      1 phage_2|65|60
      1 phage_2|65|177
      1 phage_2|60|152
      1 phage_2|59|93
      1 phage_2|58|185
      1 phage_2|564|25
      1 phage_2|55|49
      1 phage_2|55|188
      1 phage_2|55|151
      1 phage_2|53|142
      1 phage_2|49|28
      1 phage_2|479|46
      1 phage_2|46|144
      1 phage_2|441|23
      1 phage_2|417|24
      1 phage_2|40|56
      1 phage_2|40|187
      1 phage_2|37|96
      1 phage_2|368|27
      1 phage_2|363|192
      1 phage_2|36|106
      1 phage_2|358|66
      1 phage_2|35|86
      1 phage_2|35|100
      1 phage_2|30|94
      1 phage_2|282|206
      1 phage_2|245|48
      1 phage_2|242|126
      1 phage_2|240|17
      1 phage_2|223|89
      1 phage_2|212|70
      1 phage_2|207|44
      1 phage_2|181|71
      1 phage_2|174|53
      1 phage_2|161|62
      1 phage_2|160|68
      1 phage_2|156|59
      1 phage_2|155|54
      1 phage_2|149|110
      1 phage_2|147|55
      1 phage_2|147|181
      1 phage_2|144|81
      1 phage_2|137|175
      1 phage_2|135|154
      1 phage_2|131|51
      1 phage_2|122|179
      1 phage_2|120|63
      1 phage_2|119|135
      1 phage_2|118|148
      1 phage_2|117|164
      1 phage_2|1164|1
      1 phage_2|116|105
      1 phage_2|113|190
      1 phage_2|112|84
      1 phage_2|111|87
      1 phage_2|111|85
      1 phage_2|111|180
      1 phage_2|107|83
      1 phage_2|104|79
      1 phage_2|104|171
      1 phage_2|102|191
      1 phage_2|101|147
      1 phage_16|29|209
      1 phage_16|128|44
      1 OWIQ01000031|33|87
      1 OWII01000011|78|95
      1 OWII01000011|54|121
      1 OODH01000049|351|41
      1 OODH01000049|32|36
      1 OODC01000039|128|33
      1 OOCN01000077|33|80
      1 OOAT01000079|45|56
      1 OOAT01000079|41|85
      1 OOAG01000060|113|103
      1 OMGY01000095|51|1
      1 OMGY01000027|86|176
      1 OMGY01000027|61|93
      1 OMGY01000027|238|113
      1 OMGY01000027|185|154
      1 OMGK01000003|56|98
      1 OMGK01000003|134|189
      1 OMFN01000011|85|225
      1 OMFN01000011|50|93
      1 OMFN01000011|46|218
      1 OMFN01000011|187|137
      1 OMEW01000010|65|164
      1 OMEW01000010|139|163
      1 OMEW01000010|104|124
      1 OMEJ01000024|133|133
      1 OMBT01000004|133|18
      1 OMBQ01000121|39|93
      1 OMBP01000015|141|1
      1 OMAV01000002|90|122
      1 OMAV01000002|81|86
      1 OMAV01000002|81|7
      1 OMAV01000002|81|32
      1 OMAV01000002|80|2
      1 OMAV01000002|77|94
      1 OMAV01000002|76|140
      1 OMAV01000002|63|85
      1 OMAV01000002|619|38
      1 OMAV01000002|59|125
      1 OMAV01000002|59|12
      1 OMAV01000002|55|84
      1 OMAV01000002|55|101
      1 OMAV01000002|500|24
      1 OMAV01000002|49|141
      1 OMAV01000002|47|15
      1 OMAV01000002|467|107
      1 OMAV01000002|363|143
      1 OMAV01000002|341|5
      1 OMAV01000002|337|75
      1 OMAV01000002|336|42
      1 OMAV01000002|328|97
      1 OMAV01000002|309|137
      1 OMAV01000002|303|139
      1 OMAV01000002|302|104
      1 OMAV01000002|294|115
      1 OMAV01000002|286|129
      1 OMAV01000002|286|126
      1 OMAV01000002|277|90
      1 OMAV01000002|271|93
      1 OMAV01000002|271|92
      1 OMAV01000002|237|49
      1 OMAV01000002|234|3
      1 OMAV01000002|229|11
      1 OMAV01000002|224|110
      1 OMAV01000002|210|6
      1 OMAV01000002|202|61
      1 OMAV01000002|202|144
      1 OMAV01000002|200|111
      1 OMAV01000002|193|138
      1 OMAV01000002|186|136
      1 OMAV01000002|183|4
      1 OMAV01000002|182|127
      1 OMAV01000002|181|8
      1 OMAV01000002|178|83
      1 OMAV01000002|176|130
      1 OMAV01000002|172|145
      1 OMAV01000002|168|131
      1 OMAV01000002|167|80
      1 OMAV01000002|163|96
      1 OMAV01000002|160|74
      1 OMAV01000002|156|47
      1 OMAV01000002|153|48
      1 OMAV01000002|148|142
      1 OMAV01000002|142|133
      1 OMAV01000002|141|100
      1 OMAV01000002|141|1
      1 OMAV01000002|140|46
      1 OMAV01000002|139|135
      1 OMAV01000002|138|95
      1 OMAV01000002|131|76
      1 OMAV01000002|131|60
      1 OMAV01000002|131|147
      1 OMAV01000002|126|89
      1 OMAV01000002|115|123
      1 OMAV01000002|114|98
      1 OMAV01000002|110|29
      1 OMAV01000002|108|88
      1 OMAV01000002|1075|35
      1 OMAV01000002|103|73
      1 OMAV01000002|102|81
      1 OMAN01000017|33|88
      1 OMAN01000017|104|166
      1 OLYR01000006|4070|42
      1 OLYR01000006|24|1
      1 OLXR01000011|98|171
      1 OLXR01000011|93|111
      1 OLXR01000011|90|173
      1 OLXR01000011|58|169
      1 OLXR01000011|53|1
      1 OLXR01000011|29|191
      1 OLXR01000011|182|135
      1 OLXR01000011|169|68
      1 OLXR01000011|166|109
      1 OLXR01000011|159|140
      1 OLXR01000011|122|159
      1 OLXR01000011|107|101
      1 OLWW01000036|218|26
      1 OLWB01000021|107|101
      1 OLVX01000015|97|69
      1 OLVX01000015|85|182
      1 OLVX01000015|68|32
      1 OLVX01000015|51|189
      1 OLVX01000015|45|175
      1 OLVX01000015|44|196
      1 OLVX01000015|41|78
      1 OLVX01000015|38|165
      1 OLVX01000015|157|1
      1 OLVX01000015|146|201
      1 OLVX01000015|142|2
      1 OLVX01000015|123|191
      1 OLVX01000015|111|193
      1 OLVX01000015|110|102
      1 OLVX01000015|108|199
      1 OLVX01000015|100|81
      1 OLVT01000100|57|1
      1 OLVR01000187|44|1
      1 OLVR01000187|38|4
      1 OLSP01000004|73|104
      1 OLSP01000004|45|172
      1 OLSP01000004|133|161
      1 OLSE01000042|136|99
      1 OLRZ01000056|93|75
      1 OLRZ01000056|54|72
      1 OLRZ01000056|51|13
      1 OLRZ01000056|34|80
      1 OLRZ01000056|34|77
      1 OLRU01000124|63|38
      1 OLRJ01000083|33|85
      1 OLRF01000054|38|36
      1 OLRA01000126|213|1
      1 OLQV01000028|79|55
      1 OLQO01000079|96|89
      1 OLQO01000079|164|91
      1 OLQL01000089|44|14
      1 OLQG01000039|31|71
      1 OLPR01000090|67|38
      1 OLPR01000090|63|49
      1 OLPR01000090|191|14
      1 OLPO01000071|81|13
      1 OLPO01000063|58|32
      1 OLPO01000063|37|33
      1 OLPH01000160|80|79
      1 OLPH01000160|25|1
      1 OLPB01000029|1621|58
      1 OLOZ01000027|61|158
      1 OLOZ01000027|57|69
      1 OLOZ01000027|45|138
      1 OLOZ01000027|147|187
      1 OLOG01000029|83|29
      1 OLOG01000029|57|201
      1 OLOG01000029|29|90
      1 OLOG01000029|160|128
      1 OLOE01000004|82|100
      1 OLOE01000004|72|96
      1 OLOE01000004|68|208
      1 OLOE01000004|65|91
      1 OLOE01000004|64|101
      1 OLOE01000004|62|108
      1 OLOE01000004|50|183
      1 OLOE01000004|415|113
      1 OLOE01000004|200|81
      1 OLOE01000004|137|60
      1 OLOE01000004|118|98
      1 OLNW01000116|51|6
      1 OLNQ01000088|42|48
      1 OLNQ01000088|40|44
      1 OLNL01000026|89|74
      1 OLNL01000026|54|5
      1 OLNL01000026|49|14
      1 OLNL01000026|183|119
      1 OLNL01000026|140|76
      1 OLNL01000026|140|24
      1 OLNI01000077|68|102
      1 OLNI01000077|44|67
      1 OLNI01000077|170|1
      1 OLHG01000007|142|81
      1 OLGM01000006|62|97
      1 OLGM01000006|142|77
      1 OLGL01000107|30|69
      1 OLFZ01000126|94|57
      1 OLFZ01000126|68|39
      1 OLFZ01000126|62|38
      1 OLFZ01000118|63|2
      1 OLFZ01000108|63|16
      1 OLFZ01000108|57|15
      1 OLFY01000217|63|69
      1 OLFY01000196|227|30
      1 OLFV01000031|50|93
      1 OLFV01000031|40|97
      1 OLFT01000163|49|35
      1 OLAR01000001|73|213
      1 OKWR01000042|98|186
      1 OKWR01000042|96|87
      1 OKWR01000042|95|6
      1 OKWR01000042|95|128
      1 OKWR01000042|94|137
      1 OKWR01000042|94|129
      1 OKWR01000042|93|196
      1 OKWR01000042|93|148
      1 OKWR01000042|93|141
      1 OKWR01000042|91|47
      1 OKWR01000042|91|198
      1 OKWR01000042|89|30
      1 OKWR01000042|87|85
      1 OKWR01000042|86|146
      1 OKWR01000042|83|29
      1 OKWR01000042|83|123
      1 OKWR01000042|83|10
      1 OKWR01000042|806|152
      1 OKWR01000042|78|49
      1 OKWR01000042|77|37
      1 OKWR01000042|77|171
      1 OKWR01000042|77|124
      1 OKWR01000042|76|115
      1 OKWR01000042|75|71
      1 OKWR01000042|73|46
      1 OKWR01000042|72|34
      1 OKWR01000042|71|41
      1 OKWR01000042|71|33
      1 OKWR01000042|70|51
      1 OKWR01000042|70|142
      1 OKWR01000042|69|127
      1 OKWR01000042|67|151
      1 OKWR01000042|66|74
      1 OKWR01000042|65|177
      1 OKWR01000042|65|168
      1 OKWR01000042|65|149
      1 OKWR01000042|64|56
      1 OKWR01000042|63|40
      1 OKWR01000042|62|118
      1 OKWR01000042|61|119
      1 OKWR01000042|610|26
      1 OKWR01000042|58|28
      1 OKWR01000042|58|139
      1 OKWR01000042|57|94
      1 OKWR01000042|56|44
      1 OKWR01000042|50|36
      1 OKWR01000042|494|101
      1 OKWR01000042|483|25
      1 OKWR01000042|48|176
      1 OKWR01000042|46|21
      1 OKWR01000042|344|136
      1 OKWR01000042|324|48
      1 OKWR01000042|285|50
      1 OKWR01000042|257|131
      1 OKWR01000042|225|57
      1 OKWR01000042|210|86
      1 OKWR01000042|207|184
      1 OKWR01000042|198|31
      1 OKWR01000042|189|77
      1 OKWR01000042|175|38
      1 OKWR01000042|172|39
      1 OKWR01000042|166|154
      1 OKWR01000042|163|53
      1 OKWR01000042|163|18
      1 OKWR01000042|154|12
      1 OKWR01000042|151|19
      1 OKWR01000042|150|70
      1 OKWR01000042|148|27
      1 OKWR01000042|146|117
      1 OKWR01000042|144|14
      1 OKWR01000042|143|133
      1 OKWR01000042|141|76
      1 OKWR01000042|138|195
      1 OKWR01000042|135|5
      1 OKWR01000042|135|22
      1 OKWR01000042|134|159
      1 OKWR01000042|133|103
      1 OKWR01000042|132|157
      1 OKWR01000042|131|42
      1 OKWR01000042|130|24
      1 OKWR01000042|126|32
      1 OKWR01000042|121|189
      1 OKWR01000042|121|120
      1 OKWR01000042|119|190
      1 OKWR01000042|118|23
      1 OKWR01000042|118|180
      1 OKWR01000042|117|138
      1 OKWR01000042|111|193
      1 OKWR01000042|110|199
      1 OKWR01000042|107|7
      1 OKWR01000042|106|83
      1 OKWR01000042|106|15
      1 OKWR01000042|106|102
      1 OKWR01000042|105|45
      1 OKWR01000042|101|20
      1 OKWR01000042|100|13
      1 OKVF01000023|54|187
      1 OKVF01000023|31|224
      1 OKTS01000039|74|28
      1 OKSC01000115|136|20
      1 OKSC01000019|56|153
      1 OKSB01000084|38|25
      1 OKSB01000084|20|83
      1 OKRW01000057|46|38
      1 OJUG01000072|82|18
      1 OJUG01000072|60|109
      1 OJUG01000072|32|123
      1 OJSE01000155|112|101
      1 OJSE01000052|82|10
      1 OJRV01000117|73|1
      1 OJQQ01000027|230|137
      1 OJQQ01000027|201|148
      1 OJQQ01000027|197|89
      1 OJQQ01000027|102|27
      1 OJQL01000115|22|90
      1 OJQF01000018|29|1
      1 OJPW01000082|29|59
      1 OJPW01000082|103|57
      1 OJPU01000022|92|175
      1 OJPU01000022|75|174
      1 OJPU01000022|60|177
      1 OJPU01000022|54|236
      1 OJPU01000022|31|206
      1 OJPU01000022|238|238
      1 OJPI01000006|91|108
      1 OJPI01000006|48|174
      1 OJPG01000010|92|135
      1 OJPG01000010|44|27
      1 OJPG01000010|104|30
      1 OJPC01000037|37|100
      1 OJOU01000011|95|117
      1 OJOU01000011|156|58
      1 OJOU01000011|104|57
      1 OJOH01000017|38|165
      1 OJOH01000017|38|153
      1 OJOE01000015|73|20
      1 OJOE01000015|57|209
      1 OJOE01000015|43|17
      1 OJOE01000015|132|206
      1 OJOE01000015|121|4
      1 OJOE01000015|102|170
      1 OIZE01000030|86|191
      1 OIZE01000030|82|141
      1 OIZE01000030|81|185
      1 OIZE01000030|41|1
      1 OIXH01000029|151|109
      1 OIXH01000029|101|158
      1 OIXG01000120|77|3
      1 OIWV01000065|63|41
      1 OIWT01000163|215|79
      1 OIWQ01000029|86|1
      1 OIWQ01000029|157|168
      1 OIWM01000114|63|86
      1 OIWM01000114|22|94
      1 OIWL01000154|76|71
      1 OICG01000006|178|125
      1 OIAT01000008|69|133
      1 OIAT01000008|61|115
      1 OIAT01000008|43|84
      1 OIAT01000008|223|1
      1 OHYE01000011|62|74
      1 OHYE01000011|44|180
      1 OHYE01000011|42|186
      1 OHYE01000011|40|178
      1 OHYE01000011|34|49
      1 OHYE01000011|320|75
      1 OHYE01000011|30|48
      1 OHXQ01000012|114|1
      1 OHXK01000005|95|69
      1 OHXK01000005|93|70
      1 OHXK01000005|75|163
      1 OHXK01000005|43|57
      1 OHQM01000028|134|14
      1 OHLF01000025|163|8
      1 OHKK01000062|88|39
      1 OHJU01000015|62|67
      1 OHFX01000006|62|190
      1 OHFX01000006|38|143
      1 OHFX01000006|200|164
      1 OHFX01000006|183|104
      1 OHFX01000006|142|151
      1 OHFX01000006|127|44
      1 OHFV01000001|90|98
      1 OHFV01000001|82|57
      1 OHFV01000001|76|92
      1 OHFV01000001|57|99
      1 OHFV01000001|53|95
      1 OHFV01000001|52|101
      1 OHFV01000001|51|67
      1 OHFV01000001|459|151
      1 OHFV01000001|45|64
      1 OHFV01000001|150|71
      1 OHFV01000001|120|162
      1 OHFV01000001|113|161
      1 OHFV01000001|110|69
      1 OHEN01000023|40|73
      1 OHEN01000023|35|150
      1 OHEN01000023|130|72
      1 OHBE01000089|64|7
      1 OHBE01000017|74|3
      1 OHBE01000017|334|22
      1 OHAY01000006|60|179
      1 OHAY01000006|57|147
      1 OHAU01000141|34|58
      1 OHAB01000087|44|38
      1 OGZF01000025|69|156
      1 OGZF01000022|42|169
      1 OGZF01000022|347|96
      1 OGZB01000001|53|25
      1 OGZB01000001|50|187
      1 OGYM01000002|96|90
      1 OGYM01000002|63|89
      1 OGYM01000002|46|108
      1 OGYM01000002|105|93
      1 OGXT01000133|72|20
      1 OGXF01000053|54|93
      1 OGWT01000016|62|46
      1 OGUN01000050|42|42
      1 OGTL01000065|36|93
      1 OGTB01000008|90|229
      1 OGTB01000008|86|225
      1 OGTB01000008|58|170
      1 OGTB01000008|120|228
      1 OGSS01000127|40|80
      1 OGRL01000078|37|1
      1 OGQX01000099|243|16
      1 OGQX01000099|215|45
      1 OGQI01000045|75|60
      1 OGQI01000045|40|61
      1 OGQH01000028|70|149
      1 OGQH01000028|36|175
      1 OGQH01000028|121|174
      1 OGPX01000026|141|32
      1 OGPL01000016|72|103
      1 OGPL01000016|66|164
      1 OGPL01000016|50|110
      1 OGPL01000016|214|77
      1 OGPL01000016|136|78
      1 OGOT01000012|99|166
      1 OGOT01000012|83|48
      1 OGOT01000012|54|70
      1 OGOT01000012|49|152
      1 OGOT01000012|403|211
      1 OGOT01000012|193|131
      1 OGOT01000012|193|130
      1 OGOT01000012|189|6
      1 OGOT01000012|149|52
      1 OGOT01000012|111|36
      1 OGOT01000012|102|101
      1 OGOQ01000098|35|39
      1 OGOO01000044|93|98
      1 OGOO01000044|48|40
      1 OGOO01000044|34|67
      1 OGOO01000044|213|26
      1 OGOO01000044|128|32
      1 OGOO01000044|108|82
      1 OGOI01000071|65|49
      1 OGCO01000246|90|60
      1 OGCO01000246|63|48
      1 OGCO01000246|19|86
      1 OGCO01000213|79|1
      1 OGCO01000213|55|109
      1 OFSC01000046|33|84
      1 OFPS01000054|72|96
      1 OFPS01000054|72|147
      1 OFPS01000054|290|4
      1 OFMV01000048|50|56
      1 OFMU01000028|63|82
      1 OFMT01000069|49|26
      1 OFMT01000069|42|25
      1 OFMT01000022|66|146
      1 OFMT01000022|46|27
      1 OFMT01000022|43|196
      1 OFMT01000022|40|111
      1 OFMO01000072|76|1
      1 OFMN01000076|53|56
      1 OFMN01000076|25|89
      1 OFLY01000012|48|174
      1 OFLY01000012|40|90
      1 OFLY01000012|34|19
      1 OFLY01000012|29|131
      1 OFLY01000012|154|6
      1 OCPZ01000017|53|1
      1 OCPV01000032|22|1
      1 OCMA01000041|230|1
      1 OCLC01000020|87|16
      1 OCLC01000020|84|41
      1 OCHL01000111|21|90
      1 OCHL01000028|95|49
      1 OCHL01000028|81|5
      1 OCHL01000028|78|98
      1 OCHL01000028|73|101
      1 OCHL01000028|71|25
      1 OCHL01000028|71|203
      1 OCHL01000028|71|128
      1 OCHL01000028|69|204
      1 OCHL01000028|68|26
      1 OCHL01000028|67|15
      1 OCHL01000028|66|153
      1 OCHL01000028|55|190
      1 OCHL01000028|49|202
      1 OCHL01000028|29|52
      1 OCHL01000028|217|137
      1 OCHL01000028|217|11
      1 OCHL01000028|201|7
      1 OCHL01000028|162|13
      1 OCHL01000028|142|129
      1 OCHL01000028|129|48
      1 OCHL01000028|119|27
      1 OCHF01000043|87|18
      1 OCHF01000043|48|15
      1 OCHF01000043|35|76
      1 OBXZ01000146|101|19
      1 OBWI01000023|66|4
      1 OBKV01000026|96|94
      1 OBKV01000026|94|178
      1 OBKV01000026|91|78
      1 OBKV01000026|90|37
      1 OBKV01000026|90|31
      1 OBKV01000026|89|97
      1 OBKV01000026|89|9
      1 OBKV01000026|87|29
      1 OBKV01000026|86|68
      1 OBKV01000026|83|106
      1 OBKV01000026|82|84
      1 OBKV01000026|82|71
      1 OBKV01000026|81|36
      1 OBKV01000026|81|30
      1 OBKV01000026|80|103
      1 OBKV01000026|79|93
      1 OBKV01000026|79|109
      1 OBKV01000026|79|100
      1 OBKV01000026|78|96
      1 OBKV01000026|77|48
      1 OBKV01000026|76|49
      1 OBKV01000026|74|69
      1 OBKV01000026|73|90
      1 OBKV01000026|72|77
      1 OBKV01000026|72|107
      1 OBKV01000026|70|86
      1 OBKV01000026|70|70
      1 OBKV01000026|68|89
      1 OBKV01000026|68|40
      1 OBKV01000026|67|98
      1 OBKV01000026|67|72
      1 OBKV01000026|66|83
      1 OBKV01000026|66|38
      1 OBKV01000026|65|39
      1 OBKV01000026|65|182
      1 OBKV01000026|63|57
      1 OBKV01000026|63|204
      1 OBKV01000026|63|203
      1 OBKV01000026|62|73
      1 OBKV01000026|62|208
      1 OBKV01000026|62|207
      1 OBKV01000026|62|199
      1 OBKV01000026|61|146
      1 OBKV01000026|60|206
      1 OBKV01000026|60|200
      1 OBKV01000026|60|180
      1 OBKV01000026|59|45
      1 OBKV01000026|58|88
      1 OBKV01000026|57|50
      1 OBKV01000026|57|205
      1 OBKV01000026|56|190
      1 OBKV01000026|55|74
      1 OBKV01000026|51|181
      1 OBKV01000026|480|147
      1 OBKV01000026|479|152
      1 OBKV01000026|469|149
      1 OBKV01000026|46|35
      1 OBKV01000026|45|179
      1 OBKV01000026|437|1
      1 OBKV01000026|42|210
      1 OBKV01000026|420|151
      1 OBKV01000026|396|148
      1 OBKV01000026|345|127
      1 OBKV01000026|34|101
      1 OBKV01000026|32|183
      1 OBKV01000026|271|116
      1 OBKV01000026|266|104
      1 OBKV01000026|265|64
      1 OBKV01000026|256|61
      1 OBKV01000026|255|191
      1 OBKV01000026|253|162
      1 OBKV01000026|247|156
      1 OBKV01000026|231|55
      1 OBKV01000026|214|80
      1 OBKV01000026|211|54
      1 OBKV01000026|207|95
      1 OBKV01000026|207|60
      1 OBKV01000026|206|195
      1 OBKV01000026|200|153
      1 OBKV01000026|197|65
      1 OBKV01000026|192|5
      1 OBKV01000026|187|192
      1 OBKV01000026|166|108
      1 OBKV01000026|1635|168
      1 OBKV01000026|162|111
      1 OBKV01000026|161|209
      1 OBKV01000026|159|197
      1 OBKV01000026|158|41
      1 OBKV01000026|152|118
      1 OBKV01000026|150|130
      1 OBKV01000026|142|99
      1 OBKV01000026|142|155
      1 OBKV01000026|141|105
      1 OBKV01000026|140|62
      1 OBKV01000026|135|196
      1 OBKV01000026|132|115
      1 OBKV01000026|130|63
      1 OBKV01000026|129|85
      1 OBKV01000026|125|193
      1 OBKV01000026|125|145
      1 OBKV01000026|119|125
      1 OBKV01000026|114|20
      1 OBKV01000026|114|185
      1 OBKV01000026|113|184
      1 OBKV01000026|112|122
      1 OBKV01000026|107|154
      1 OBKV01000026|105|110
      1 OBKV01000026|101|32
      1 OBKV01000026|101|140
      1 OBKN01000015|91|38
      1 OBKI01000059|62|80
      1 OBKI01000059|41|79
      1 OBJP01000075|22|1
      1 OBJP01000067|45|88
      1 OBJF01000120|26|1
      1 OBHU01000008|39|151
      1 OBAR01000155|90|20
      1 OBAQ01000124|22|86
      1 OBAQ01000124|117|48
      1 OAWA01000024|74|76
      1 OAWA01000024|54|17
      1 OAUB01000058|57|1
      1 NODE_14_length_91830_cov_15.741215|63|39
      1 NG-15813_44_lib254059_NODE_1_length_93391_cov_9.27449|71|4
      1 NG-15813_44_lib254059_NODE_1_length_93391_cov_9.27449|36|2
      1 NG-15813_44_lib254059_NODE_1_length_93391_cov_9.27449|36|11
      1 NG-14253_9_lib223974_5684_NODE_4_length_59928_cov_398.525|63|51
      1 NG-14253_9_lib223974_5684_NODE_4_length_59928_cov_398.525|31|73
      1 NG-14253_56xxx_lib223972_5684_NODE_1_length_101680_cov_95.3006|73|111
      1 NG-14253_56xxx_lib223972_5684_NODE_1_length_101680_cov_95.3006|59|112
      1 NG-14253_56xxx_lib223972_5684_NODE_1_length_101680_cov_95.3006|26|1
      1 NG-14253_26_lib223959_5684_NODE_2_length_90827_cov_49.5933|72|83
      1 NG-14253_26_lib223959_5684_NODE_2_length_90827_cov_49.5933|56|88
      1 NG-14253_26_lib223959_5684_NODE_2_length_90827_cov_49.5933|47|67
      1 NG-14253_26_lib223959_5684_NODE_2_length_90827_cov_49.5933|43|86
      1 NG-14253_26_lib223959_5684_NODE_2_length_90827_cov_49.5933|39|82
      1 NG-14253_26_lib223959_5684_NODE_2_length_90827_cov_49.5933|206|49
      1 NG-14253_14_lib223986_5684_NODE_3_length_83015_cov_1213.7|57|2
      1 NG-14253_14_lib223986_5684_NODE_3_length_83015_cov_1213.7|48|1
      1 NG-14253_14_lib223986_5684_NODE_3_length_83015_cov_1213.7|108|9
      1 NC_021803|99|89
      1 NC_021803|99|107
      1 NC_021803|98|95
      1 NC_021803|96|9
      1 NC_021803|95|29
      1 NC_021803|94|66
      1 NC_021803|94|45
      1 NC_021803|94|16
      1 NC_021803|94|15
      1 NC_021803|93|86
      1 NC_021803|93|2
      1 NC_021803|91|81
      1 NC_021803|89|68
      1 NC_021803|89|43
      1 NC_021803|88|39
      1 NC_021803|87|118
      1 NC_021803|85|65
      1 NC_021803|84|60
      1 NC_021803|82|73
      1 NC_021803|82|72
      1 NC_021803|812|91
      1 NC_021803|80|41
      1 NC_021803|79|69
      1 NC_021803|79|3
      1 NC_021803|78|37
      1 NC_021803|78|1
      1 NC_021803|777|79
      1 NC_021803|74|30
      1 NC_021803|72|61
      1 NC_021803|71|31
      1 NC_021803|70|76
      1 NC_021803|69|109
      1 NC_021803|67|115
      1 NC_021803|67|101
      1 NC_021803|670|20
      1 NC_021803|66|108
      1 NC_021803|658|80
      1 NC_021803|65|8
      1 NC_021803|65|21
      1 NC_021803|62|105
      1 NC_021803|61|13
      1 NC_021803|60|47
      1 NC_021803|59|4
      1 NC_021803|59|24
      1 NC_021803|56|58
      1 NC_021803|55|57
      1 NC_021803|55|27
      1 NC_021803|54|42
      1 NC_021803|53|100
      1 NC_021803|52|85
      1 NC_021803|509|117
      1 NC_021803|50|53
      1 NC_021803|50|34
      1 NC_021803|497|92
      1 NC_021803|48|50
      1 NC_021803|47|104
      1 NC_021803|47|102
      1 NC_021803|46|62
      1 NC_021803|45|51
      1 NC_021803|45|48
      1 NC_021803|443|97
      1 NC_021803|428|38
      1 NC_021803|41|11
      1 NC_021803|403|96
      1 NC_021803|39|99
      1 NC_021803|31|5
      1 NC_021803|284|19
      1 NC_021803|283|98
      1 NC_021803|269|111
      1 NC_021803|247|18
      1 NC_021803|241|113
      1 NC_021803|234|110
      1 NC_021803|225|116
      1 NC_021803|222|22
      1 NC_021803|220|7
      1 NC_021803|215|82
      1 NC_021803|208|74
      1 NC_021803|200|88
      1 NC_021803|193|70
      1 NC_021803|188|46
      1 NC_021803|173|10
      1 NC_021803|170|56
      1 NC_021803|168|83
      1 NC_021803|1613|112
      1 NC_021803|155|12
      1 NC_021803|153|106
      1 NC_021803|149|71
      1 NC_021803|149|54
      1 NC_021803|148|94
      1 NC_021803|136|114
      1 NC_021803|130|103
      1 NC_021803|126|23
      1 NC_021803|123|59
      1 NC_021803|119|55
      1 NC_021803|119|14
      1 NC_021803|118|93
      1 NC_021803|118|67
      1 NC_021803|118|49
      1 NC_021803|117|64
      1 NC_021803|116|40
      1 NC_021803|116|17
      1 NC_021803|114|32
      1 NC_021803|113|26
      1 NC_021803|112|25
      1 NC_021803|110|75
      1 NC_021803|106|87
      1 NC_021803|105|35
      1 NC_021803|103|33
      1 NC_021803|101|28
      1 NC_021803|100|52
      1 MZ130499_1_97706|43|30
      1 MZ130492_1_96892|43|50
      1 MZ130491_1_98573|91|37
      1 MZ130491_1_98573|90|28
      1 MZ130491_1_98573|88|29
      1 MZ130491_1_98573|818|6
      1 MZ130491_1_98573|70|62
      1 MZ130491_1_98573|58|24
      1 MZ130491_1_98573|45|36
      1 MZ130491_1_98573|274|27
      1 MZ130491_1_98573|198|22
      1 MZ130491_1_98573|170|34
      1 MZ130491_1_98573|151|32
      1 MZ130491_1_98573|148|45
      1 MZ130491_1_98573|147|40
      1 MZ130491_1_98573|147|35
      1 MZ130491_1_98573|139|25
      1 MZ130491_1_98573|136|63
      1 MZ130491_1_98573|131|26
      1 MZ130491_1_98573|126|30
      1 MZ130491_1_98573|121|11
      1 MZ130491_1_98573|113|44
      1 MZ130491_1_98573|113|21
      1 MZ130491_1_98573|112|10
      1 MZ130488_1_91714|68|49
      1 MZ130488_1_91714|67|51
      1 MZ130487_1_94533|79|83
      1 MZ130486_1_92361|56|5
      1 MZ130480_1_93391|52|4
      1 MZ130480_1_93391|38|2
      1 MZ130478_1_100314|78|68
      1 MZ130478_1_100314|56|52
      1 MZ130477_1_100971|25|102
      1 MZ130476_1_92241|48|18
      1 MZ130476_1_92241|138|23
      1 MZ130474_1_92367|51|84
      1 MT774411_1_97886|93|30
      1 MT774411_1_97886|58|61
      1 MT774411_1_97886|51|31
      1 MT774411_1_97886|498|4
      1 MT774411_1_97886|40|3
      1 MT774411_1_97886|165|29
      1 MT774411_1_97886|103|62
      1 MT774410_1_98667|78|13
      1 MT774410_1_98667|66|11
      1 MT774410_1_98667|46|2
      1 MT774410_1_98667|282|12
      1 MT774410_1_98667|107|10
      1 MT774409_1_96717|98|4
      1 MT774409_1_96717|95|95
      1 MT774409_1_96717|83|2
      1 MT774409_1_96717|80|94
      1 MT774409_1_96717|74|30
      1 MT774409_1_96717|73|5
      1 MT774409_1_96717|68|8
      1 MT774409_1_96717|51|77
      1 MT774409_1_96717|47|61
      1 MT774409_1_96717|44|85
      1 MT774409_1_96717|369|34
      1 MT774409_1_96717|268|26
      1 MT774409_1_96717|159|86
      1 MT774409_1_96717|153|89
      1 MT774409_1_96717|142|28
      1 MT774409_1_96717|133|76
      1 MT774409_1_96717|131|92
      1 MT774409_1_96717|103|7
      1 MT774408_1_94826|84|65
      1 MT774408_1_94826|66|71
      1 MT774408_1_94826|43|53
      1 MT774408_1_94826|41|74
      1 MT774408_1_94826|278|36
      1 MT774408_1_94826|156|73
      1 MT774408_1_94826|151|64
      1 MT774408_1_94826|140|69
      1 MT774408_1_94826|137|67
      1 MT774408_1_94826|107|47
      1 MT774407_1_98095|95|15
      1 MT774407_1_98095|63|36
      1 MT774407_1_98095|124|85
      1 MT774406_1_101532|84|43
      1 MT774406_1_101532|110|44
      1 MT774404_1_98308|78|1
      1 MT774404_1_98308|648|83
      1 MT774404_1_98308|56|86
      1 MT774404_1_98308|143|82
      1 MT774402_1_103832|77|21
      1 MT774402_1_103832|34|19
      1 MT774401_1_97422|645|101
      1 MT774401_1_97422|45|52
      1 MT774400_1_96055|75|71
      1 MT774400_1_96055|69|88
      1 MT774400_1_96055|59|74
      1 MT774400_1_96055|207|13
      1 MT774398_1_100198|68|67
      1 MT774397_1_97290|121|34
      1 MT774395_1_103665|85|92
      1 MT774395_1_103665|77|73
      1 MT774395_1_103665|65|76
      1 MT774395_1_103665|61|75
      1 MT774395_1_103665|46|78
      1 MT774395_1_103665|41|53
      1 MT774395_1_103665|109|64
      1 MT774394_1_92815|95|8
      1 MT774394_1_92815|85|94
      1 MT774394_1_92815|85|3
      1 MT774394_1_92815|84|60
      1 MT774394_1_92815|82|37
      1 MT774394_1_92815|80|51
      1 MT774394_1_92815|798|28
      1 MT774394_1_92815|73|58
      1 MT774394_1_92815|71|68
      1 MT774394_1_92815|69|30
      1 MT774394_1_92815|64|61
      1 MT774394_1_92815|635|47
      1 MT774394_1_92815|52|93
      1 MT774394_1_92815|52|91
      1 MT774394_1_92815|51|9
      1 MT774394_1_92815|49|31
      1 MT774394_1_92815|45|86
      1 MT774394_1_92815|44|1
      1 MT774394_1_92815|41|56
      1 MT774394_1_92815|303|29
      1 MT774394_1_92815|277|16
      1 MT774394_1_92815|233|17
      1 MT774394_1_92815|219|15
      1 MT774394_1_92815|160|84
      1 MT774394_1_92815|140|57
      1 MT774394_1_92815|126|87
      1 MT774394_1_92815|115|50
      1 MT774393_1_83412|87|84
      1 MT774393_1_83412|61|48
      1 MT774393_1_83412|40|5
      1 MT774393_1_83412|38|1
      1 MT774393_1_83412|32|16
      1 MT774392_1_95150|98|58
      1 MT774392_1_95150|75|18
      1 MT774392_1_95150|55|17
      1 MT774392_1_95150|235|37
      1 MT774390_1_98164|54|49
      1 MT774390_1_98164|40|26
      1 MT774389_1_101082|92|10
      1 MT774389_1_101082|90|23
      1 MT774389_1_101082|89|114
      1 MT774389_1_101082|75|95
      1 MT774389_1_101082|60|66
      1 MT774389_1_101082|58|65
      1 MT774389_1_101082|58|21
      1 MT774389_1_101082|579|41
      1 MT774389_1_101082|51|110
      1 MT774389_1_101082|37|56
      1 MT774389_1_101082|217|49
      1 MT774389_1_101082|189|67
      1 MT774389_1_101082|137|97
      1 MT774389_1_101082|119|79
      1 MT774389_1_101082|113|11
      1 MT774389_1_101082|109|12
      1 MT774389_1_101082|100|78
      1 MT774389_1_101082|100|15
      1 MT774388_1_102301|59|62
      1 MT774388_1_102301|51|60
      1 MT774388_1_102301|386|35
      1 MT774388_1_102301|35|63
      1 MT774388_1_102301|102|57
      1 MT774387_1_102434|86|85
      1 MT774387_1_102434|83|83
      1 MT774387_1_102434|78|66
      1 MT774387_1_102434|66|10
      1 MT774387_1_102434|51|82
      1 MT774387_1_102434|50|88
      1 MT774387_1_102434|48|99
      1 MT774387_1_102434|40|95
      1 MT774387_1_102434|225|58
      1 MT774387_1_102434|167|74
      1 MT774387_1_102434|124|94
      1 MT774387_1_102434|121|72
      1 MT774387_1_102434|119|42
      1 MT774387_1_102434|114|108
      1 MT774387_1_102434|113|87
      1 MT774387_1_102434|106|65
      1 MT774387_1_102434|106|38
      1 MT774387_1_102434|100|5
      1 MT774386_1_89781|57|30
      1 MT774386_1_89781|22|84
      1 MT774385_1_101437|99|52
      1 MT774385_1_101437|97|79
      1 MT774385_1_101437|93|27
      1 MT774385_1_101437|92|9
      1 MT774385_1_101437|90|105
      1 MT774385_1_101437|89|42
      1 MT774385_1_101437|88|6
      1 MT774385_1_101437|88|51
      1 MT774385_1_101437|87|92
      1 MT774385_1_101437|86|5
      1 MT774385_1_101437|85|19
      1 MT774385_1_101437|84|117
      1 MT774385_1_101437|83|97
      1 MT774385_1_101437|83|8
      1 MT774385_1_101437|81|89
      1 MT774385_1_101437|793|63
      1 MT774385_1_101437|75|7
      1 MT774385_1_101437|73|22
      1 MT774385_1_101437|71|10
      1 MT774385_1_101437|64|20
      1 MT774385_1_101437|64|100
      1 MT774385_1_101437|61|21
      1 MT774385_1_101437|60|13
      1 MT774385_1_101437|56|12
      1 MT774385_1_101437|56|103
      1 MT774385_1_101437|55|15
      1 MT774385_1_101437|52|109
      1 MT774385_1_101437|48|4
      1 MT774385_1_101437|48|110
      1 MT774385_1_101437|40|14
      1 MT774385_1_101437|186|73
      1 MT774385_1_101437|186|111
      1 MT774385_1_101437|174|108
      1 MT774385_1_101437|1715|64
      1 MT774385_1_101437|158|98
      1 MT774385_1_101437|152|18
      1 MT774385_1_101437|143|104
      1 MT774385_1_101437|142|3
      1 MT774385_1_101437|131|25
      1 MT774385_1_101437|128|53
      1 MT774385_1_101437|127|32
      1 MT774385_1_101437|112|17
      1 MT774385_1_101437|111|99
      1 MT774385_1_101437|111|1
      1 MT774385_1_101437|109|72
      1 MT774385_1_101437|109|65
      1 MT774385_1_101437|108|2
      1 MT774385_1_101437|106|50
      1 MT774385_1_101437|105|29
      1 MT774385_1_101437|101|112
      1 MT774385_1_101437|100|11
      1 MT774384_1_92668|84|23
      1 MT774384_1_92668|79|80
      1 MT774384_1_92668|75|48
      1 MT774384_1_92668|75|16
      1 MT774384_1_92668|73|47
      1 MT774384_1_92668|57|21
      1 MT774384_1_92668|162|84
      1 MT774383_1_93559|63|20
      1 MT774383_1_93559|54|57
      1 MT774383_1_93559|39|16
      1 MT774382_1_99985|130|38
      1 MT774381_1_91101|87|71
      1 MT774381_1_91101|49|69
      1 MT774381_1_91101|44|67
      1 MT774381_1_91101|34|75
      1 MT774380_1_99882|58|39
      1 MT774380_1_99882|56|43
      1 MT774379_1_92600|95|59
      1 MT774379_1_92600|91|6
      1 MT774379_1_92600|87|33
      1 MT774379_1_92600|85|18
      1 MT774379_1_92600|82|56
      1 MT774379_1_92600|79|61
      1 MT774379_1_92600|78|63
      1 MT774379_1_92600|77|36
      1 MT774379_1_92600|76|58
      1 MT774379_1_92600|629|13
      1 MT774379_1_92600|62|52
      1 MT774379_1_92600|61|49
      1 MT774379_1_92600|61|38
      1 MT774379_1_92600|527|5
      1 MT774379_1_92600|52|69
      1 MT774379_1_92600|52|51
      1 MT774379_1_92600|497|76
      1 MT774379_1_92600|481|42
      1 MT774379_1_92600|363|2
      1 MT774379_1_92600|343|34
      1 MT774379_1_92600|199|57
      1 MT774379_1_92600|170|39
      1 MT774379_1_92600|169|47
      1 MT774379_1_92600|157|53
      1 MT774379_1_92600|149|87
      1 MT774379_1_92600|148|48
      1 MT774379_1_92600|143|43
      1 MT774379_1_92600|141|64
      1 MT774379_1_92600|140|86
      1 MT774379_1_92600|137|41
      1 MT774379_1_92600|135|45
      1 MT774379_1_92600|124|54
      1 MT774379_1_92600|121|46
      1 MT774379_1_92600|112|72
      1 MT774379_1_92600|100|93
      1 MT774378_1_101662|79|10
      1 MT774378_1_101662|75|44
      1 MT774378_1_101662|45|31
      1 MT774378_1_101662|33|12
      1 MT774378_1_101662|32|45
      1 MT774378_1_101662|131|65
      1 MT774378_1_101662|123|48
      1 MT774378_1_101662|118|52
      1 MT774377_1_93787|56|6
      1 MT774377_1_93787|41|1
      1 MT774376_1_98340|278|103
      1 MT774375_1_98826|35|39
      1 MT074136_1_99494|99|92
      1 MT074136_1_99494|75|101
      1 MT074136_1_99494|66|56
      1 MT074136_1_99494|54|52
      1 MT074136_1_99494|50|94
      1 MT074136_1_99494|49|103
      1 MT074136_1_99494|127|98
      1 MT074136_1_99494|100|99
      1 Monaco_MBA4038_NODE_3_length_106353_cov_62.035654|69|75
      1 Monaco_MBA4038_NODE_3_length_106353_cov_62.035654|53|39
      1 MN099_S58_106|51|39
      1 MN045_S8_84|35|9
      1 MN038_S2_110|56|83
      1 MN038_S2_110|25|95
      1 MN037_S1_79|206|75
      1 MN037_S1_78|39|22
      1 MN037_S1_78|269|23
      1 MH675552_1_102679|85|90
      1 MH675552_1_102679|45|104
      1 MH675552_1_102679|34|102
      1 MH675552_1_102679|134|2
      1 MH675552_1_102679|101|98
      1 MH616963_1_94878|97|27
      1 MH616963_1_94878|95|85
      1 MH616963_1_94878|84|84
      1 MH616963_1_94878|83|65
      1 MH616963_1_94878|81|81
      1 MH616963_1_94878|81|11
      1 MH616963_1_94878|75|13
      1 MH616963_1_94878|74|23
      1 MH616963_1_94878|70|1
      1 MH616963_1_94878|57|88
      1 MH616963_1_94878|57|82
      1 MH616963_1_94878|56|29
      1 MH616963_1_94878|55|78
      1 MH616963_1_94878|509|26
      1 MH616963_1_94878|39|31
      1 MH616963_1_94878|234|46
      1 MH616963_1_94878|226|30
      1 MH616963_1_94878|223|89
      1 MH616963_1_94878|199|35
      1 MH616963_1_94878|167|2
      1 MH616963_1_94878|162|45
      1 MH616963_1_94878|116|51
      1 MH616963_1_94878|111|77
      1 MH616963_1_94878|101|57
      1 MH552500_1_90023|94|7
      1 MH552500_1_90023|91|14
      1 MH552500_1_90023|85|46
      1 MH552500_1_90023|82|77
      1 MH552500_1_90023|82|13
      1 MH552500_1_90023|78|66
      1 MH552500_1_90023|73|41
      1 MH552500_1_90023|66|48
      1 MH552500_1_90023|64|47
      1 MH552500_1_90023|63|15
      1 MH552500_1_90023|62|22
      1 MH552500_1_90023|611|86
      1 MH552500_1_90023|58|21
      1 MH552500_1_90023|53|4
      1 MH552500_1_90023|52|71
      1 MH552500_1_90023|37|31
      1 MH552500_1_90023|161|3
      1 MH552500_1_90023|134|58
      1 MH552500_1_90023|113|42
      1 MH552500_1_90023|111|6
      1 MH552500_1_90023|107|75
      1 Long_crAss_ms_3|27|85
      1 Long_crAss_ms_3|147|38
      1 Long_crAss_ms_3|118|29
      1 Long_crAss_ms_29|38|7
      1 Long_crAss_ms_16|89|27
      1 Long_crAss_ms_16|68|67
      1 Long_crAss_ms_16|60|91
      1 Long_crAss_ms_16|47|88
      1 Long_crAss_ms_16|24|1
      1 Long_crAss_ms_15|124|80
      1 Long_crAss_ms_1|41|103
      1 Long_crAss_ms_1|29|11
      1 KJ003983_1_99915|92|99
      1 KJ003983_1_99915|75|51
      1 KJ003983_1_99915|69|98
      1 KJ003983_1_99915|64|54
      1 KJ003983_1_99915|62|88
      1 KJ003983_1_99915|62|56
      1 KJ003983_1_99915|60|65
      1 KJ003983_1_99915|58|92
      1 KJ003983_1_99915|200|52
      1 KJ003983_1_99915|181|3
      1 KJ003983_1_99915|135|94
      1 KJ003983_1_99915|126|20
      1 KJ003983_1_99915|102|5
      1 KC821624_1_100418|96|61
      1 KC821624_1_100418|94|64
      1 KC821624_1_100418|89|17
      1 KC821624_1_100418|88|12
      1 KC821624_1_100418|87|86
      1 KC821624_1_100418|87|47
      1 KC821624_1_100418|86|109
      1 KC821624_1_100418|84|115
      1 KC821624_1_100418|81|101
      1 KC821624_1_100418|79|10
      1 KC821624_1_100418|78|110
      1 KC821624_1_100418|77|99
      1 KC821624_1_100418|76|29
      1 KC821624_1_100418|74|113
      1 KC821624_1_100418|72|15
      1 KC821624_1_100418|71|55
      1 KC821624_1_100418|71|117
      1 KC821624_1_100418|70|51
      1 KC821624_1_100418|70|104
      1 KC821624_1_100418|69|53
      1 KC821624_1_100418|69|114
      1 KC821624_1_100418|67|9
      1 KC821624_1_100418|65|26
      1 KC821624_1_100418|64|3
      1 KC821624_1_100418|64|112
      1 KC821624_1_100418|62|45
      1 KC821624_1_100418|594|70
      1 KC821624_1_100418|59|21
      1 KC821624_1_100418|59|14
      1 KC821624_1_100418|53|25
      1 KC821624_1_100418|524|87
      1 KC821624_1_100418|52|111
      1 KC821624_1_100418|51|23
      1 KC821624_1_100418|48|118
      1 KC821624_1_100418|47|106
      1 KC821624_1_100418|45|84
      1 KC821624_1_100418|421|71
      1 KC821624_1_100418|36|6
      1 KC821624_1_100418|359|34
      1 KC821624_1_100418|353|57
      1 KC821624_1_100418|339|90
      1 KC821624_1_100418|332|2
      1 KC821624_1_100418|321|52
      1 KC821624_1_100418|308|77
      1 KC821624_1_100418|280|27
      1 KC821624_1_100418|256|11
      1 KC821624_1_100418|245|8
      1 KC821624_1_100418|223|37
      1 KC821624_1_100418|208|80
      1 KC821624_1_100418|208|32
      1 KC821624_1_100418|205|30
      1 KC821624_1_100418|204|24
      1 KC821624_1_100418|200|49
      1 KC821624_1_100418|196|97
      1 KC821624_1_100418|193|78
      1 KC821624_1_100418|188|79
      1 KC821624_1_100418|187|89
      1 KC821624_1_100418|185|63
      1 KC821624_1_100418|180|28
      1 KC821624_1_100418|168|35
      1 KC821624_1_100418|168|116
      1 KC821624_1_100418|162|39
      1 KC821624_1_100418|146|33
      1 KC821624_1_100418|145|60
      1 KC821624_1_100418|143|54
      1 KC821624_1_100418|134|50
      1 KC821624_1_100418|134|107
      1 KC821624_1_100418|130|98
      1 KC821624_1_100418|130|19
      1 KC821624_1_100418|126|46
      1 KC821624_1_100418|120|66
      1 KC821624_1_100418|119|16
      1 KC821624_1_100418|114|81
      1 KC821624_1_100418|108|13
      1 KC821624_1_100418|107|5
      1 KC821624_1_100418|107|105
      1 KC821624_1_100418|103|18
      1 KC821624_1_100418|100|7
      1 KC821624_1_100418|100|103
      1 HvCF_E6_ms_1|48|36
      1 HvCF_D5_ms_4|60|17
      1 HvCF_D5_ms_2|82|44
      1 HvCF_D5_ms_2|78|97
      1 HvCF_D1_ms_1|4070|72
      1 HvCF_D1_ms_1|104|88
      1 HvCF_D10_ms_2|92|69
      1 HvCF_B1_ms_8|51|43
      1 HvCF_B1_ms_5|81|3
      1 F7_NODE_3_length_95675_cov_221.603744|85|27
      1 F6_NODE_4_length_91062_cov_72.306460|63|68
      1 F2T1.2.NODE_1_length_97120_cov_58.884747|50|1
      1 F2T1.2.NODE_1_length_97120_cov_58.884747|486|57
      1 F10_NODE_1_length_96892_cov_1695.602518|40|1
      1 F10_NODE_1_length_96892_cov_1695.602518|33|100
      1 ERR844077_ms_2|81|67
      1 ERR844065_ms_1|23|103
      1 ERR844065_ms_1|23|1
      1 ERR844047_ms_3|117|61
      1 ERR844025_ms_1|53|101
      1 ERR844025_ms_1|44|39
      1 ERR844025_ms_1|122|40
      1 ERR844018_ms_3|56|78
      1 ERR844018_ms_1|92|26
      1 ERR844016_ms_1|99|92
      1 ERR844016_ms_1|75|2
      1 ERR844016_ms_1|74|1
      1 ERR844016_ms_1|44|78
      1 ERR844006_ms_1|65|41
      1 ERR844006_ms_1|62|34
      1 ERR844006_ms_1|54|21
      1 ERR844006_ms_1|461|49
      1 ERR844006_ms_1|44|86
      1 ERR843949_ms_1|81|103
      1 ERR843936_ms_1|50|27
      1 ERR589874_NODE_149_length_91639_cov_83.8167|147|91
      1 ERR589856_NODE_160_length_99420_cov_996.622|40|21
      1 ERR589836_NODE_124_length_100491_cov_5.94573|67|1
      1 ERR589836_NODE_124_length_100491_cov_5.94573|109|2
      1 ERR589827_NODE_122_length_98326_cov_41.0203|40|40
      1 ERR589826_NODE_120_length_94996_cov_27.1679|56|1
      1 ERR589821_NODE_65_length_97126_cov_5571.81|51|92
      1 ERR589814_NODE_185_length_102005_cov_6.51113|22|97
      1 ERR589813_NODE_172_length_99988_cov_9.80768|42|72
      1 ERR589773_NODE_178_length_95143_cov_627.55|69|17
      1 ERR589773_NODE_178_length_95143_cov_627.55|36|1
      1 ERR589750_NODE_148_length_99248_cov_188.387|376|76
      1 ERR589750_NODE_148_length_99248_cov_188.387|29|1
      1 ERR589750_NODE_144_length_100756_cov_12.0751|45|48
      1 ERR589736_NODE_271_length_93891_cov_9.13972|37|85
      1 ERR589736_NODE_224_length_101034_cov_15.6328|159|104
      1 ERR589590_NODE_72_length_96711_cov_28.1345|159|77
      1 ERR589557_NODE_190_length_93533_cov_205.404|23|1
      1 ERR589532_NODE_107_length_92376_cov_180.077|65|39
      1 ERR589532_NODE_107_length_92376_cov_180.077|249|38
      1 ERR589532_NODE_103_length_94606_cov_18.1916|23|1
      1 ERR589503_NODE_236_length_100385_cov_32.3335|41|99
      1 ERR589503_NODE_236_length_100385_cov_32.3335|40|95
      1 ERR589503_NODE_236_length_100385_cov_32.3335|120|1
      1 EM210_T0_ms_1|47|30
      1 EM210_T0_ms_1|25|1
      1 E11_NODE_1_length_96694_cov_1258.521291|325|96
      1 CS_crAss_ms_9|84|8
      1 C12_NODE_4_length_93683_cov_7.991701|32|13
      1 AP017903_1_99517|98|31
      1 AP017903_1_99517|973|28
      1 AP017903_1_99517|96|7
      1 AP017903_1_99517|96|12
      1 AP017903_1_99517|89|4
      1 AP017903_1_99517|85|60
      1 AP017903_1_99517|72|17
      1 AP017903_1_99517|68|8
      1 AP017903_1_99517|65|26
      1 AP017903_1_99517|59|65
      1 AP017903_1_99517|547|52
      1 AP017903_1_99517|51|14
      1 AP017903_1_99517|507|51
      1 AP017903_1_99517|429|46
      1 AP017903_1_99517|417|58
      1 AP017903_1_99517|41|10
      1 AP017903_1_99517|39|9
      1 AP017903_1_99517|382|35
      1 AP017903_1_99517|350|42
      1 AP017903_1_99517|3482|53
      1 AP017903_1_99517|328|23
      1 AP017903_1_99517|311|62
      1 AP017903_1_99517|230|18
      1 AP017903_1_99517|226|64
      1 AP017903_1_99517|225|33
      1 AP017903_1_99517|207|13
      1 AP017903_1_99517|204|21
      1 AP017903_1_99517|203|55
      1 AP017903_1_99517|202|20
      1 AP017903_1_99517|199|2
      1 AP017903_1_99517|189|6
      1 AP017903_1_99517|175|19
      1 AP017903_1_99517|1552|54
      1 AP017903_1_99517|153|15
      1 AP017903_1_99517|148|1
      1 AP017903_1_99517|136|11
      1 AP017903_1_99517|125|57
      1 AP017903_1_99517|1204|22
      1 AP017903_1_99517|117|16
      1 AP017903_1_99517|114|5
      1 AP017903_1_99517|108|24
      1 A2_NODE_3_length_92367_cov_12.069243|33|84
      1 5_lib200737_3|55|88
      1 5_lib200737_3|36|54
      1 4_lib200738_4|29|58
      1 3300014971_____Ga0134442_1000062|57|38
      1 3300014963_____Ga0134523_1000562|89|76
      1 3300014963_____Ga0134523_1000562|22|1
      1 3300014944_____Ga0134440_100138|71|30
      1 3300014788_____Ga0134381_1000061|4070|6
      1 3300014744_____Ga0134393_100057|44|2
      1 3300014744_____Ga0134393_100057|103|43
      1 3300014553_____Ga0134451_100057|42|31
      1 3300014547_____Ga0134415_100047|215|84
      1 3300014547_____Ga0134415_100047|138|17
      1 3300014538_____Ga0134452_100100|98|71
      1 3300014538_____Ga0134452_100100|209|77
      1 3300014538_____Ga0134452_100100|144|82
      1 3300008523_____Ga0115231_1000091|39|29
      1 3300008513_____Ga0111022_100109|93|68
      1 3300008513_____Ga0111022_100109|77|57
      1 3300008513_____Ga0111022_100109|33|65
      1 3300008497_____Ga0111011_100059|94|67
      1 3300008326_____Ga0115311_100028|35|44
      1 3300008103_____Ga0114180_100162|61|42
      1 3300008101_____Ga0114024_100210|47|44
      1 3300007991_____Ga0105643_100224|78|17
      1 3300007991_____Ga0105643_100224|191|12
      1 3300007853_____Ga0114093_100213|54|39
      1 3300007853_____Ga0114093_100213|36|29
      1 3300007853_____Ga0114093_100213|111|84
      1 3300007806_____Ga0105890_100137|78|83
      1 3300007714_____Ga0105661_1000061|141|30
      1 3300007524_____Ga0105481_1000141|66|10
      1 3300007524_____Ga0105481_1000141|42|57
      1 3300007524_____Ga0105481_1000141|28|88
      1 3300007524_____Ga0105481_1000141|132|56
      1 3300007524_____Ga0105481_1000141|124|84
      1 3300007362_____Ga0104788_100129|99|55
      1 3300007222_____Ga0104061_100253|78|49
      1 3300007222_____Ga0104061_100253|100|50
      1 3300007210_____Ga0103359_100138|51|10
      1 3300007105_____Ga0102630_100105|88|62
      1 3300007105_____Ga0102630_100105|254|64
      1 3300006746_____Ga0101796_100038|41|74
      1 3300006746_____Ga0101796_100038|29|71
      1 3300006463_____Ga0100176_1000099|42|1
      1 3300006312_____Ga0099626_100158|458|88
      1 30T1_lib200751_4|36|68
      1 30T1_lib200751_4|29|28
