	family	subfamily	genus	species	sample-1_1093_6313	sample-1_10_102032	sample-1_11_101626	sample-1_12_101623	sample-1_13_99291	sample-1_15_98423	sample-1_16_98401	sample-1_17_96846	sample-1_18_96565	sample-1_1971_3823	sample-1_19_96211	sample-1_1_194036	sample-1_2023_3705	sample-1_2087_3578	sample-1_20_95736	sample-1_21_95604	sample-1_22_93708	sample-1_2370_3154	sample-1_23_92914	sample-1_241_22966	sample-1_2468_3000	sample-1_2475_2996	sample-1_2496_2968	sample-1_24_92306	sample-1_2557_2904	sample-1_273_20403	sample-1_2809_2618	sample-1_2895_2535	sample-1_2_180874	sample-1_309_18290	sample-1_30_80291	sample-1_3125_2250	sample-1_3157_2206	sample-1_3406_1938	sample-1_3423_1921	sample-1_347_16656	sample-1_352_16508	sample-1_3596_1751	sample-1_3635_1721	sample-1_3643_1714	sample-1_3684_1680	sample-1_3983_1483	sample-1_3_171347	sample-1_4061_1441	sample-1_41_65330	sample-1_4226_1355	sample-1_4390_1275	sample-1_4409_1266	sample-1_4411_1265	sample-1_4677_1147	sample-1_4798_1110	sample-1_4954_1063	sample-1_4981_1057	sample-1_4_157545	sample-1_516_11797	sample-1_5191_1012	sample-1_5_155540	sample-1_6_155389	sample-1_7_152939	sample-1_9_104613
16T1_lib200772_4	Crevaviridae	Coarsevirinae	Junduvirus	Junduvirus communis	0.167	0.103	0.062	0.057	0.077	0.062	0.066	0.135	0.071	0.0	0.765	0.109	0.25	0.167	0.067	0.084	0.07	0.167	0.044	0.185	0.5	0.0	0.2	0.008	0.5	0.182	0.0	0.2	0.031	0.08	0.143	0.0	1.0	1.0	0.25	0.05	0.1	0.0	0.5	0.333	1.0	0.0	0.035	1.0	0.0	1.0	1.0	0.5	1.0	0.5	0.0	0.5	1.0	0.009	0.105	1.0	0.009	0.016	0.01	0.065
17T1_lib200766_3	Intestiviridae	Crudevirinae	Carjivirus	Carjivirus communis	0.0	0.095	0.055	0.048	0.067	0.053	0.057	0.315	0.071	0.0	0.122	0.255	0.25	0.167	0.057	0.075	0.06	0.0	0.033	0.222	0.0	0.0	0.2	0.023	0.0	0.136	0.0	0.2	0.027	0.08	0.295	0.0	1.0	0.0	0.25	0.1	0.65	0.167	0.0	0.333	0.5	0.0	0.035	1.0	0.011	1.0	0.0	0.5	1.0	1.0	0.0	0.5	0.0	0.005	0.053	1.0	0.005	0.016	0.005	0.065
2_lib200757_5	Intestiviridae	Crudevirinae	Dabirmavirus	Dabirmavirus hominis	0.167	0.103	0.07	0.057	0.087	0.062	0.066	0.303	0.071	0.0	0.148	0.268	0.25	0.167	0.067	0.075	0.07	0.167	0.088	0.259	0.5	0.0	0.2	0.015	0.5	0.227	0.0	0.0	0.036	0.08	0.305	0.0	1.0	1.0	0.25	0.05	0.75	0.0	0.5	0.333	1.0	0.0	0.057	1.0	0.011	1.0	1.0	0.5	1.0	1.0	0.0	0.5	1.0	0.005	0.105	1.0	0.005	0.005	0.005	0.065
30T1_lib200751_4	Suoliviridae	Bearivirinae	Afonbuvirus	Afonbuvirus intestinihominis/faecalis	0.167	0.362	0.289	0.314	0.288	0.062	0.368	0.09	0.337	0.0	0.087	0.066	0.5	0.5	0.371	0.383	0.39	0.167	0.077	0.111	0.5	0.0	0.6	0.023	0.5	0.773	0.0	0.2	0.027	0.28	0.076	0.0	1.0	1.0	0.5	0.15	0.1	0.0	0.5	0.667	1.0	0.0	0.022	1.0	0.0	1.0	1.0	0.5	1.0	0.5	0.0	0.5	1.0	0.019	0.105	1.0	0.018	0.026	0.02	0.315
3300006257_____Ga0099346_100106	Intestiviridae	Crudevirinae	Carjivirus	Carjivirus communis	0.0	0.103	0.055	0.057	0.067	0.053	0.066	0.303	0.082	0.0	0.122	0.248	0.25	0.167	0.067	0.084	0.07	0.0	0.033	0.222	0.0	0.0	0.2	0.023	0.0	0.136	0.0	0.2	0.027	0.08	0.286	0.0	1.0	0.0	0.25	0.1	0.65	0.167	0.0	0.333	0.5	0.0	0.031	1.0	0.011	1.0	0.0	0.5	1.0	1.0	0.0	0.5	0.0	0.009	0.053	1.0	0.009	0.021	0.01	0.083
3300006312_____Ga0099626_100158	Intestiviridae	Crudevirinae	Carjivirus	Carjivirus communis	0.0	0.095	0.055	0.048	0.067	0.053	0.057	0.303	0.071	0.0	0.122	0.248	0.25	0.167	0.057	0.075	0.06	0.0	0.033	0.222	0.0	0.0	0.2	0.023	0.0	0.136	0.0	0.2	0.027	0.08	0.286	0.0	1.0	0.0	0.25	0.1	0.65	0.167	0.0	0.333	0.5	0.0	0.031	1.0	0.011	1.0	0.0	0.5	1.0	1.0	0.0	0.5	0.0	0.005	0.053	1.0	0.005	0.016	0.005	0.065
3300006463_____Ga0100176_1000099	Suoliviridae	Oafivirinae	Burzaovirus	Burzaovirus coli	0.167	0.259	0.242	0.229	0.26	0.08	0.226	0.101	0.265	0.0	0.07	0.113	0.75	0.5	0.229	0.243	0.24	0.167	0.11	0.111	0.5	0.0	0.6	0.023	0.5	0.318	0.333	0.2	0.031	0.24	0.114	0.0	1.0	1.0	0.5	0.15	0.1	0.0	1.0	0.667	1.0	0.0	0.031	1.0	0.0	1.0	1.0	0.5	1.0	0.5	0.0	0.5	1.0	0.014	0.105	1.0	0.014	0.016	0.015	0.231
3300006476_____Ga0100233_100198	Crevaviridae	Doltivirinae	Kingevirus	Kingevirus communis	0.167	0.095	0.062	0.038	0.067	0.062	0.047	0.146	0.071	0.0	0.243	0.116	0.25	0.167	0.048	0.065	0.05	0.167	0.044	0.185	0.5	0.0	0.2	0.008	0.5	0.227	0.0	0.0	0.027	0.08	0.152	0.0	1.0	1.0	0.25	0.05	0.1	0.0	0.5	0.333	1.0	0.0	0.035	1.0	0.0	1.0	1.0	0.5	1.0	0.5	0.0	0.5	1.0	0.005	0.105	1.0	0.005	0.005	0.005	0.065
3300006746_____Ga0101796_100038	Intestiviridae	Crudevirinae	Delmidovirus	Delmidovirus intestinihominis	0.0	0.086	0.055	0.048	0.087	0.044	0.066	0.303	0.061	0.0	0.113	0.262	0.25	0.167	0.076	0.093	0.07	0.0	0.044	0.222	0.0	0.0	0.2	0.015	0.0	0.136	0.0	0.2	0.027	0.08	0.314	0.0	1.0	0.0	0.25	0.05	0.65	0.167	0.0	0.333	0.5	0.0	0.035	1.0	0.0	1.0	0.0	0.5	1.0	1.0	0.0	0.5	0.0	0.0	0.053	1.0	0.0	0.01	0.0	0.056
3300007098_____Ga0102540_100090	Suoliviridae	Loutivirinae	Buchavirus	Buchavirus hiberniae	0.167	0.578	0.312	0.648	0.519	0.062	0.33	0.124	0.602	0.0	0.078	0.129	0.5	0.667	0.333	0.336	0.35	0.167	0.088	0.148	0.5	0.0	0.8	0.015	0.5	0.409	0.333	0.6	0.027	0.28	0.143	0.0	1.0	1.0	0.5	0.15	0.1	0.0	0.5	0.667	1.0	0.0	0.018	1.0	0.0	1.0	1.0	0.5	1.0	0.5	0.0	0.5	1.0	0.014	0.105	1.0	0.014	0.021	0.015	0.565
3300007105_____Ga0102630_100105	Crevaviridae	Coarsevirinae	Junduvirus	Junduvirus communis	0.167	0.103	0.062	0.057	0.077	0.062	0.066	0.135	0.071	0.0	0.791	0.109	0.25	0.167	0.067	0.084	0.07	0.167	0.044	0.185	0.5	0.0	0.2	0.008	0.5	0.182	0.0	0.2	0.031	0.08	0.143	0.0	1.0	1.0	0.25	0.05	0.1	0.0	0.5	0.333	1.0	0.0	0.035	1.0	0.0	1.0	1.0	0.5	1.0	0.5	0.0	0.5	1.0	0.009	0.105	1.0	0.009	0.016	0.01	0.065
3300007210_____Ga0103359_100138	Suoliviridae	Boorivirinae	Canhaevirus	Canhaevirus hiberniae	0.167	0.328	0.281	0.305	0.298	0.071	0.283	0.09	0.296	0.0	0.061	0.07	0.5	0.833	0.286	0.308	0.3	0.167	0.132	0.111	0.5	0.0	0.8	0.023	0.5	0.364	0.333	0.2	0.022	0.56	0.086	0.0	1.0	1.0	1.0	0.2	0.1	0.0	0.5	0.667	1.0	0.0	0.018	1.0	0.0	1.0	1.0	0.5	1.0	0.5	0.0	0.5	1.0	0.023	0.158	1.0	0.023	0.021	0.02	0.278
3300007222_____Ga0104061_100253	Intestiviridae	Crudevirinae	Endlipuvirus	Endlipuvirus intestinihominis	0.0	0.103	0.055	0.057	0.087	0.071	0.085	0.281	0.082	0.0	0.122	0.255	0.25	0.167	0.086	0.093	0.08	0.0	0.055	0.222	0.0	0.0	0.2	0.015	0.0	0.136	0.0	0.2	0.031	0.08	0.295	0.0	1.0	0.0	0.25	0.15	0.95	0.167	0.0	0.333	0.5	0.0	0.039	1.0	0.034	1.0	0.0	0.5	1.0	1.0	0.0	0.5	0.0	0.0	0.053	1.0	0.0	0.01	0.0	0.074
3300007296_____Ga0104830_100137	Crevaviridae	Coarsevirinae	Junduvirus	Junduvirus communis	0.167	0.103	0.062	0.057	0.077	0.053	0.066	0.135	0.071	0.0	0.748	0.109	0.25	0.167	0.067	0.084	0.07	0.167	0.044	0.185	0.5	0.0	0.2	0.008	0.5	0.182	0.0	0.2	0.027	0.08	0.143	0.0	1.0	1.0	0.25	0.05	0.1	0.0	0.5	0.333	1.0	0.0	0.031	1.0	0.0	1.0	1.0	0.5	1.0	0.5	0.0	0.5	1.0	0.009	0.105	1.0	0.009	0.016	0.01	0.065
3300007298_____Ga0104838_100088	Intestiviridae	Crudevirinae	Carjivirus	Carjivirus communis	0.0	0.103	0.055	0.057	0.067	0.053	0.066	0.292	0.082	0.0	0.122	0.248	0.25	0.167	0.067	0.084	0.07	0.0	0.033	0.222	0.0	0.0	0.2	0.023	0.0	0.136	0.0	0.2	0.027	0.08	0.286	0.0	1.0	0.0	0.25	0.1	0.65	0.167	0.0	0.333	0.5	0.0	0.031	1.0	0.011	1.0	0.0	0.5	1.0	1.0	0.0	0.5	0.0	0.009	0.053	1.0	0.009	0.021	0.01	0.083
3300007298_____Ga0104838_100096	Crevaviridae	Coarsevirinae	Junduvirus	Junduvirus communis	0.167	0.103	0.062	0.057	0.077	0.062	0.066	0.135	0.071	0.0	0.73	0.109	0.25	0.167	0.067	0.084	0.07	0.167	0.044	0.185	0.5	0.0	0.2	0.008	0.5	0.182	0.0	0.2	0.031	0.08	0.143	0.0	1.0	1.0	0.25	0.05	0.1	0.0	0.5	0.333	1.0	0.0	0.035	1.0	0.0	1.0	1.0	0.5	1.0	0.5	0.0	0.5	1.0	0.009	0.105	1.0	0.009	0.016	0.01	0.065
3300007312_____Ga0104941_100072	Suoliviridae	Uncouvirinae	Birpovirus	Birpovirus hominis	0.167	0.586	0.438	0.381	0.404	0.088	0.594	0.101	0.551	0.0	0.07	0.076	0.5	0.667	0.6	0.589	0.62	0.167	0.121	0.111	0.5	0.0	0.8	0.038	0.5	0.455	0.0	0.4	0.022	0.28	0.086	0.0	1.0	1.0	0.5	0.15	0.1	0.0	0.5	0.667	1.0	0.0	0.022	1.0	0.023	1.0	1.0	0.5	1.0	0.5	0.0	0.5	1.0	0.028	0.105	1.0	0.027	0.031	0.03	0.574
3300007362_____Ga0104788_100129	Intestiviridae	Crudevirinae	Delmidovirus	Delmidovirus intestinihominis	0.0	0.086	0.055	0.048	0.096	0.044	0.066	0.303	0.061	0.0	0.122	0.258	0.25	0.167	0.076	0.093	0.07	0.0	0.033	0.222	0.0	0.0	0.2	0.015	0.0	0.136	0.0	0.2	0.027	0.08	0.305	0.0	1.0	0.0	0.25	0.05	0.65	0.167	0.0	0.333	0.5	0.0	0.031	1.0	0.0	1.0	0.0	0.5	1.0	1.0	0.0	0.5	0.0	0.0	0.053	1.0	0.0	0.01	0.0	0.056
3300007524_____Ga0105481_1000141	Intestiviridae	Crudevirinae	Delmidovirus	Delmidovirus intestinihominis	0.0	0.086	0.055	0.048	0.087	0.044	0.057	0.315	0.061	0.0	0.122	0.262	0.25	0.167	0.067	0.084	0.06	0.0	0.044	0.222	0.0	0.0	0.2	0.015	0.0	0.136	0.0	0.2	0.027	0.08	0.314	0.0	1.0	0.0	0.25	0.05	0.65	0.167	0.0	0.333	0.5	0.0	0.035	1.0	0.0	1.0	0.0	0.5	1.0	1.0	0.0	0.5	0.0	0.0	0.053	1.0	0.0	0.01	0.0	0.056
3300007705_____Ga0105636_100113	Intestiviridae	Crudevirinae	Carjivirus	Carjivirus communis	0.0	0.103	0.055	0.057	0.067	0.053	0.066	0.303	0.082	0.0	0.122	0.248	0.25	0.167	0.067	0.084	0.07	0.0	0.033	0.222	0.0	0.0	0.2	0.023	0.0	0.136	0.0	0.2	0.027	0.08	0.286	0.0	1.0	0.0	0.25	0.1	0.65	0.167	0.0	0.333	0.5	0.0	0.031	1.0	0.011	1.0	0.0	0.5	1.0	1.0	0.0	0.5	0.0	0.009	0.053	1.0	0.009	0.021	0.01	0.083
3300007714_____Ga0105661_1000061	Suoliviridae	Uncouvirinae	Aurodevirus	Aurodevirus hiberniae	0.167	0.405	0.422	0.352	0.51	0.071	0.887	0.09	0.378	0.0	0.07	0.076	0.5	0.667	0.848	0.888	0.89	0.167	0.121	0.111	0.5	0.0	0.6	0.023	0.5	0.409	0.0	0.4	0.027	0.28	0.086	0.0	1.0	1.0	0.75	0.15	0.1	0.0	0.5	1.0	1.0	0.0	0.018	1.0	0.023	1.0	1.0	0.5	1.0	0.5	0.0	0.5	1.0	0.014	0.158	1.0	0.014	0.021	0.015	0.38
3300007714_____Ga0105661_1000069	Intestiviridae	Crudevirinae	Carjivirus	Carjivirus communis	0.0	0.095	0.055	0.048	0.067	0.053	0.057	0.303	0.071	0.0	0.122	0.248	0.25	0.167	0.057	0.075	0.06	0.0	0.033	0.222	0.0	0.0	0.2	0.023	0.0	0.136	0.0	0.2	0.027	0.08	0.295	0.0	1.0	0.0	0.25	0.1	0.65	0.167	0.0	0.333	0.5	0.0	0.031	1.0	0.011	1.0	0.0	0.5	1.0	1.0	0.0	0.5	0.0	0.005	0.053	1.0	0.005	0.016	0.005	0.065
3300007796_____Ga0105889_100147	Crevaviridae	Coarsevirinae	Junduvirus	Junduvirus communis	0.167	0.103	0.062	0.057	0.077	0.062	0.066	0.135	0.071	0.0	0.739	0.116	0.25	0.167	0.067	0.084	0.07	0.167	0.044	0.185	0.5	0.0	0.2	0.008	0.5	0.182	0.0	0.2	0.031	0.08	0.152	0.0	1.0	1.0	0.25	0.05	0.1	0.0	0.5	0.333	1.0	0.0	0.039	1.0	0.0	1.0	1.0	0.5	1.0	0.5	0.0	0.5	1.0	0.009	0.105	1.0	0.009	0.016	0.01	0.065
3300007806_____Ga0105890_100137	Intestiviridae	Crudevirinae	Endlipuvirus	Endlipuvirus intestinihominis	0.0	0.103	0.055	0.057	0.087	0.071	0.085	0.303	0.082	0.0	0.139	0.262	0.25	0.167	0.086	0.093	0.08	0.0	0.077	0.222	0.0	0.0	0.2	0.015	0.0	0.136	0.0	0.2	0.031	0.08	0.305	0.0	1.0	0.0	0.25	0.15	0.95	0.167	0.0	0.333	0.5	0.0	0.048	1.0	0.034	1.0	0.0	0.5	1.0	1.0	0.0	0.5	0.0	0.0	0.053	1.0	0.0	0.01	0.0	0.074
3300007853_____Ga0114093_100213	Crevaviridae	Coarsevirinae	Junduvirus	Junduvirus copri	0.167	0.103	0.062	0.057	0.077	0.053	0.066	0.135	0.071	0.0	0.67	0.109	0.25	0.167	0.067	0.084	0.07	0.167	0.044	0.185	0.5	0.0	0.2	0.008	0.5	0.182	0.0	0.2	0.027	0.08	0.143	0.0	1.0	1.0	0.25	0.05	0.1	0.0	0.5	0.333	1.0	0.0	0.031	1.0	0.0	1.0	1.0	0.5	1.0	0.5	0.0	0.5	1.0	0.009	0.105	1.0	0.009	0.016	0.01	0.065
3300007921_____Ga0111562_100099	Crevaviridae	Coarsevirinae	Junduvirus	Junduvirus communis	0.167	0.103	0.062	0.057	0.077	0.062	0.066	0.135	0.071	0.0	0.73	0.113	0.25	0.167	0.067	0.084	0.07	0.167	0.044	0.185	0.5	0.0	0.2	0.008	0.5	0.182	0.0	0.2	0.031	0.08	0.143	0.0	1.0	1.0	0.25	0.05	0.1	0.0	0.5	0.333	1.0	0.0	0.035	1.0	0.0	1.0	1.0	0.5	1.0	0.5	0.0	0.5	1.0	0.009	0.105	1.0	0.009	0.016	0.01	0.065
3300007991_____Ga0105643_100224	Suoliviridae	Uncouvirinae	Aurodevirus	Aurodevirus hiberniae	0.167	0.405	0.43	0.362	0.519	0.071	0.849	0.09	0.357	0.0	0.07	0.076	0.5	0.667	0.867	0.86	0.86	0.167	0.121	0.111	0.5	0.0	0.6	0.023	0.5	0.364	0.0	0.4	0.022	0.28	0.086	0.0	1.0	1.0	0.75	0.2	0.1	0.0	0.5	1.0	1.0	0.0	0.018	1.0	0.045	1.0	1.0	0.5	1.0	0.5	0.0	0.5	1.0	0.014	0.158	1.0	0.014	0.021	0.015	0.398
3300008101_____Ga0114024_100210	Suoliviridae	Boorivirinae	Canhaevirus	Canhaevirus hiberniae	0.167	0.328	0.273	0.314	0.288	0.062	0.283	0.067	0.296	0.0	0.07	0.063	0.5	0.833	0.286	0.308	0.3	0.167	0.11	0.111	0.5	0.0	0.8	0.015	0.5	0.364	0.333	0.2	0.022	0.56	0.076	0.0	1.0	1.0	1.0	0.15	0.1	0.0	0.5	0.667	1.0	0.0	0.018	1.0	0.0	1.0	1.0	0.5	1.0	0.5	0.0	0.5	1.0	0.023	0.158	1.0	0.023	0.021	0.02	0.278
3300008103_____Ga0114180_100162	Suoliviridae	Oafivirinae	Burzaovirus	Burzaovirus intestinihominis	0.167	0.259	0.227	0.238	0.25	0.071	0.236	0.079	0.265	0.0	0.078	0.106	0.75	0.5	0.238	0.252	0.25	0.167	0.088	0.111	0.5	0.0	0.6	0.015	0.5	0.318	0.333	0.4	0.031	0.24	0.105	0.0	1.0	1.0	0.5	0.15	0.1	0.0	1.0	0.667	1.0	0.0	0.026	1.0	0.0	1.0	1.0	0.5	1.0	0.5	0.0	0.5	1.0	0.014	0.105	1.0	0.014	0.021	0.015	0.231
3300008103_____Ga0114180_100183	Suoliviridae	Boorivirinae	Cohcovirus	Cohcovirus splanchnicus	0.167	0.353	0.273	0.333	0.317	0.062	0.292	0.079	0.327	0.0	0.07	0.066	0.5	0.667	0.295	0.318	0.31	0.167	0.11	0.111	0.5	0.0	0.6	0.015	0.5	0.364	0.333	0.2	0.031	0.6	0.076	0.0	1.0	1.0	1.0	0.2	0.1	0.0	1.0	0.667	1.0	0.0	0.022	1.0	0.0	1.0	1.0	0.5	1.0	0.5	0.0	0.5	1.0	0.019	0.158	1.0	0.018	0.021	0.02	0.315
3300008132_____Ga0111230_1000069	Crevaviridae	Coarsevirinae	Junduvirus	Junduvirus communis	0.167	0.103	0.062	0.057	0.077	0.062	0.066	0.135	0.071	0.0	0.739	0.109	0.25	0.167	0.067	0.084	0.07	0.167	0.044	0.185	0.5	0.0	0.2	0.008	0.5	0.182	0.0	0.2	0.031	0.08	0.143	0.0	1.0	1.0	0.25	0.05	0.1	0.0	0.5	0.333	1.0	0.0	0.035	1.0	0.0	1.0	1.0	0.5	1.0	0.5	0.0	0.5	1.0	0.009	0.105	1.0	0.009	0.016	0.01	0.065
3300008299_____Ga0114868_1000151	Crevaviridae	Doltivirinae	Kingevirus	Kingevirus communis	0.167	0.095	0.062	0.038	0.077	0.062	0.057	0.169	0.071	0.0	0.243	0.126	0.25	0.167	0.057	0.065	0.06	0.167	0.066	0.185	0.5	0.0	0.2	0.008	0.5	0.227	0.0	0.0	0.027	0.08	0.162	0.0	1.0	1.0	0.25	0.05	0.1	0.0	0.5	0.333	1.0	0.0	0.039	1.0	0.011	1.0	1.0	0.5	1.0	0.5	0.0	0.5	1.0	0.005	0.105	1.0	0.005	0.005	0.005	0.065
3300008326_____Ga0115311_100028	Intestiviridae	Crudevirinae	Carjivirus	Carjivirus communis	0.0	0.095	0.055	0.048	0.067	0.053	0.057	0.292	0.071	0.0	0.122	0.255	0.25	0.167	0.057	0.075	0.06	0.0	0.033	0.222	0.0	0.0	0.2	0.023	0.0	0.136	0.0	0.2	0.027	0.08	0.295	0.0	1.0	0.0	0.25	0.1	0.65	0.167	0.0	0.333	0.5	0.0	0.035	1.0	0.011	1.0	0.0	0.5	1.0	1.0	0.0	0.5	0.0	0.005	0.053	1.0	0.005	0.016	0.005	0.065
3300008360_____Ga0114875_1000146	Suoliviridae	Uncouvirinae	Aurodevirus	Aurodevirus hiberniae	0.167	0.414	0.422	0.362	0.51	0.062	0.953	0.079	0.367	0.0	0.078	0.073	0.5	0.667	0.914	0.935	0.95	0.167	0.099	0.111	0.5	0.0	0.6	0.015	0.5	0.409	0.0	0.4	0.031	0.28	0.076	0.0	1.0	1.0	0.75	0.15	0.1	0.0	0.5	1.0	1.0	0.0	0.022	1.0	0.023	1.0	1.0	0.5	1.0	0.5	0.0	0.5	1.0	0.014	0.158	1.0	0.014	0.021	0.015	0.389
3300008479_____Ga0114883_1000181	Crevaviridae	Coarsevirinae	Junduvirus	Junduvirus communis	0.167	0.103	0.062	0.057	0.077	0.062	0.066	0.135	0.071	0.0	0.757	0.109	0.25	0.167	0.067	0.084	0.07	0.167	0.044	0.185	0.5	0.0	0.2	0.008	0.5	0.182	0.0	0.2	0.031	0.08	0.143	0.0	1.0	1.0	0.25	0.05	0.1	0.0	0.5	0.333	1.0	0.0	0.035	1.0	0.0	1.0	1.0	0.5	1.0	0.5	0.0	0.5	1.0	0.009	0.105	1.0	0.009	0.016	0.01	0.065
3300008497_____Ga0111011_100059	Suoliviridae	Boorivirinae	Cohcovirus	Cohcovirus splanchnicus	0.167	0.336	0.273	0.314	0.317	0.062	0.283	0.079	0.306	0.0	0.078	0.066	0.5	0.667	0.286	0.308	0.3	0.167	0.11	0.111	0.5	0.0	0.6	0.015	0.5	0.364	0.333	0.2	0.036	0.52	0.076	0.0	1.0	1.0	1.0	0.15	0.1	0.0	1.0	0.667	1.0	0.0	0.026	1.0	0.0	1.0	1.0	0.5	1.0	0.5	0.0	0.5	1.0	0.014	0.158	1.0	0.014	0.016	0.015	0.287
3300008513_____Ga0111022_100109	Intestiviridae	Churivirinae	Jahgtovirus	Jahgtovirus gastrointestinalis	0.167	0.086	0.078	0.048	0.087	0.044	0.066	0.674	0.061	0.0	0.13	0.623	0.25	0.167	0.067	0.075	0.07	0.167	0.099	0.926	0.5	0.0	0.2	0.023	0.5	0.182	0.0	0.0	0.018	0.08	0.714	0.0	1.0	1.0	0.25	0.05	0.35	0.0	0.5	0.333	1.0	0.0	0.035	1.0	0.011	1.0	1.0	0.5	1.0	1.0	0.0	0.5	1.0	0.005	0.105	1.0	0.005	0.005	0.005	0.056
3300008520_____Ga0111044_100220	Suoliviridae	Boorivirinae	Cohcovirus	Cohcovirus splanchnicus	0.167	0.362	0.266	0.333	0.327	0.062	0.302	0.079	0.337	0.0	0.078	0.066	0.5	0.667	0.305	0.327	0.32	0.167	0.11	0.111	0.5	0.0	0.6	0.015	0.5	0.364	0.333	0.2	0.031	0.56	0.076	0.0	1.0	1.0	1.0	0.15	0.1	0.0	1.0	0.667	1.0	0.0	0.022	1.0	0.0	1.0	1.0	0.5	1.0	0.5	0.0	0.5	1.0	0.019	0.158	1.0	0.018	0.021	0.02	0.324
3300008523_____Ga0115231_1000091	Intestiviridae	Crudevirinae	Carjivirus	Carjivirus communis	0.0	0.095	0.055	0.048	0.067	0.053	0.057	0.303	0.071	0.0	0.122	0.248	0.25	0.167	0.057	0.075	0.06	0.0	0.033	0.222	0.0	0.0	0.2	0.023	0.0	0.136	0.0	0.2	0.027	0.08	0.286	0.0	1.0	0.0	0.25	0.1	0.65	0.167	0.0	0.333	0.5	0.0	0.031	1.0	0.011	1.0	0.0	0.5	1.0	1.0	0.0	0.5	0.0	0.005	0.053	1.0	0.005	0.016	0.005	0.065
3300008716_____Ga0113874_100156	Suoliviridae	Uncouvirinae	Aurodevirus	Aurodevirus hiberniae	0.167	0.397	0.414	0.324	0.481	0.062	0.915	0.079	0.367	0.0	0.07	0.07	0.5	0.5	0.895	0.907	0.91	0.167	0.088	0.111	0.5	0.0	0.6	0.023	0.5	0.409	0.0	0.2	0.022	0.28	0.086	0.0	1.0	1.0	0.5	0.15	0.1	0.0	0.5	1.0	1.0	0.0	0.013	1.0	0.011	1.0	1.0	0.5	1.0	0.5	0.0	0.5	1.0	0.014	0.105	1.0	0.014	0.021	0.015	0.361
3300008716_____Ga0113874_100160	Intestiviridae	Crudevirinae	Carjivirus	Carjivirus communis	0.0	0.095	0.055	0.048	0.067	0.053	0.057	0.303	0.071	0.0	0.122	0.252	0.25	0.167	0.057	0.075	0.06	0.0	0.033	0.222	0.0	0.0	0.2	0.023	0.0	0.136	0.0	0.2	0.027	0.08	0.286	0.0	1.0	0.0	0.25	0.1	0.65	0.167	0.0	0.333	0.5	0.0	0.031	1.0	0.011	1.0	0.0	0.5	1.0	1.0	0.0	0.5	0.0	0.005	0.053	1.0	0.005	0.016	0.005	0.065
3300008725_____Ga0115670_1000139	Suoliviridae	Loutivirinae	Buchavirus	Buchavirus hiberniae	0.167	0.586	0.312	0.629	0.548	0.062	0.358	0.124	0.622	0.0	0.078	0.129	0.5	0.667	0.362	0.364	0.38	0.167	0.088	0.148	0.5	0.0	0.8	0.015	0.5	0.455	0.333	0.4	0.027	0.28	0.143	0.0	1.0	1.0	0.5	0.15	0.1	0.0	0.5	0.667	1.0	0.0	0.018	1.0	0.0	1.0	1.0	0.5	1.0	0.5	0.0	0.5	1.0	0.014	0.105	1.0	0.014	0.021	0.015	0.565
3300008737_____Ga0113999_100109	Suoliviridae	Boorivirinae	Cohcovirus	Cohcovirus splanchnicus	0.167	0.362	0.266	0.333	0.327	0.062	0.302	0.079	0.337	0.0	0.078	0.066	0.5	0.667	0.305	0.327	0.32	0.167	0.11	0.111	0.5	0.0	0.6	0.015	0.5	0.364	0.333	0.2	0.031	0.56	0.076	0.0	1.0	1.0	1.0	0.2	0.1	0.0	1.0	0.667	1.0	0.0	0.022	1.0	0.0	1.0	1.0	0.5	1.0	0.5	0.0	0.5	1.0	0.019	0.158	1.0	0.018	0.021	0.02	0.324
3300013752_____Ga0117817_1000004	Suoliviridae	Bearivirinae	Afonbuvirus	Afonbuvirus coli	0.167	0.371	0.305	0.352	0.308	0.053	0.368	0.079	0.347	0.0	0.087	0.066	0.5	0.667	0.371	0.393	0.39	0.167	0.088	0.111	0.5	0.0	0.6	0.015	0.5	0.955	0.0	0.0	0.022	0.28	0.076	0.0	1.0	1.0	0.75	0.1	0.1	0.0	0.5	0.667	1.0	0.0	0.026	1.0	0.0	1.0	1.0	0.5	1.0	0.5	0.0	0.5	1.0	0.014	0.158	1.0	0.014	0.016	0.015	0.343
3300013899_____Ga0117808_100015	Intestiviridae	Crudevirinae	Carjivirus	Carjivirus communis	0.0	0.103	0.07	0.057	0.077	0.062	0.066	0.326	0.082	0.0	0.122	0.258	0.25	0.167	0.067	0.084	0.07	0.0	0.055	0.222	0.0	0.0	0.2	0.03	0.0	0.136	0.0	0.2	0.027	0.08	0.295	0.0	1.0	0.0	0.25	0.1	0.65	0.167	0.0	0.333	0.5	0.0	0.031	1.0	0.011	1.0	0.0	0.5	1.0	1.0	0.0	0.5	0.0	0.009	0.053	1.0	0.009	0.021	0.01	0.083
3300013946_____Ga0117818_1000018	Crevaviridae	Doltivirinae	Kingevirus	Kingevirus communis	0.167	0.095	0.062	0.038	0.067	0.062	0.047	0.146	0.071	0.0	0.243	0.116	0.25	0.167	0.048	0.065	0.05	0.167	0.044	0.185	0.5	0.0	0.2	0.008	0.5	0.227	0.0	0.0	0.027	0.08	0.152	0.0	1.0	1.0	0.25	0.05	0.1	0.0	0.5	0.333	1.0	0.0	0.035	1.0	0.0	1.0	1.0	0.5	1.0	0.5	0.0	0.5	1.0	0.005	0.105	1.0	0.005	0.005	0.005	0.065
3300014538_____Ga0134452_100100	Suoliviridae	Uncouvirinae	Aurodevirus	Aurodevirus intestinalis	0.167	0.371	0.422	0.362	0.519	0.08	0.679	0.067	0.378	0.0	0.078	0.066	0.5	0.667	0.686	0.71	0.69	0.167	0.077	0.111	0.5	0.0	0.6	0.015	0.5	0.409	0.0	0.2	0.027	0.32	0.076	0.0	1.0	1.0	0.75	0.1	0.1	0.0	0.5	1.0	1.0	0.0	0.031	1.0	0.011	1.0	1.0	0.5	1.0	0.5	0.0	0.5	1.0	0.009	0.158	1.0	0.009	0.01	0.01	0.343
3300014547_____Ga0134415_100047	Steigviridae	Asinivirinae	Kahnovirus	Kahnovirus copri	0.167	0.147	0.07	0.095	0.115	0.584	0.057	0.079	0.082	0.0	0.07	0.06	0.25	0.333	0.057	0.075	0.06	0.833	0.44	0.111	0.5	0.0	0.2	0.008	0.5	0.273	1.0	0.2	0.049	0.12	0.057	0.0	1.0	1.0	0.5	0.65	0.1	0.0	0.5	0.333	1.0	0.0	0.048	1.0	0.011	1.0	1.0	0.5	1.0	0.5	0.0	0.5	1.0	0.005	0.632	1.0	0.005	0.005	0.005	0.074
3300014553_____Ga0134451_100057	Suoliviridae	Bearivirinae	Afonbuvirus	Afonbuvirus coli	0.167	0.371	0.305	0.324	0.298	0.053	0.34	0.079	0.327	0.0	0.096	0.066	0.5	0.667	0.343	0.364	0.36	0.167	0.088	0.111	0.5	0.0	0.6	0.023	0.5	0.818	0.0	0.0	0.022	0.28	0.076	0.0	1.0	1.0	0.75	0.1	0.1	0.0	0.5	0.667	1.0	0.0	0.026	1.0	0.0	1.0	1.0	0.5	1.0	0.5	0.0	0.5	1.0	0.019	0.158	1.0	0.018	0.021	0.02	0.343
3300014712_____Ga0134412_100037	Crevaviridae	Doltivirinae	Kingevirus	Kingevirus communis	0.167	0.095	0.062	0.038	0.067	0.062	0.047	0.146	0.071	0.0	0.243	0.116	0.25	0.167	0.048	0.065	0.05	0.167	0.044	0.185	0.5	0.0	0.2	0.008	0.5	0.227	0.0	0.0	0.027	0.08	0.152	0.0	1.0	1.0	0.25	0.05	0.1	0.0	0.5	0.333	1.0	0.0	0.035	1.0	0.0	1.0	1.0	0.5	1.0	0.5	0.0	0.5	1.0	0.005	0.105	1.0	0.005	0.005	0.005	0.065
3300014744_____Ga0134393_100057	Crevaviridae	Doltivirinae	Kingevirus	Kingevirus communis	0.167	0.095	0.062	0.038	0.067	0.062	0.047	0.146	0.071	0.0	0.243	0.116	0.25	0.167	0.048	0.065	0.05	0.167	0.044	0.185	0.5	0.0	0.2	0.008	0.5	0.227	0.0	0.0	0.027	0.08	0.152	0.0	1.0	1.0	0.25	0.05	0.1	0.0	0.5	0.333	1.0	0.0	0.035	1.0	0.0	1.0	1.0	0.5	1.0	0.5	0.0	0.5	1.0	0.005	0.105	1.0	0.005	0.005	0.005	0.065
3300014788_____Ga0134381_1000049	Suoliviridae	Uncouvirinae	Birpovirus	Birpovirus hominis	0.167	0.517	0.414	0.4	0.375	0.08	0.575	0.101	0.5	0.0	0.07	0.076	0.5	0.833	0.581	0.589	0.6	0.167	0.121	0.111	0.5	0.0	0.8	0.038	0.5	0.5	0.0	0.0	0.018	0.28	0.086	0.0	1.0	1.0	0.75	0.15	0.1	0.0	0.5	0.667	1.0	0.0	0.039	1.0	0.023	1.0	1.0	0.5	1.0	0.5	0.0	0.5	1.0	0.028	0.158	1.0	0.027	0.031	0.03	0.472
3300014788_____Ga0134381_1000061	Intestiviridae	Crudevirinae	Carjivirus	Carjivirus communis	0.0	0.095	0.055	0.048	0.067	0.053	0.057	0.292	0.071	0.0	0.122	0.248	0.25	0.167	0.057	0.075	0.06	0.0	0.033	0.222	0.0	0.0	0.2	0.023	0.0	0.136	0.0	0.2	0.027	0.08	0.286	0.0	1.0	0.0	0.25	0.1	0.65	0.167	0.0	0.333	0.5	0.0	0.031	1.0	0.011	1.0	0.0	0.5	1.0	1.0	0.0	0.5	0.0	0.005	0.053	1.0	0.005	0.016	0.005	0.065
3300014919_____Ga0169798_100120	Suoliviridae	Boorivirinae	Cohcovirus	Cohcovirus splanchnicus	0.167	0.362	0.258	0.305	0.308	0.062	0.302	0.079	0.337	0.0	0.07	0.066	0.5	0.5	0.305	0.318	0.32	0.167	0.099	0.111	0.5	0.0	0.6	0.015	0.5	0.364	0.333	0.2	0.031	0.6	0.076	0.0	1.0	1.0	0.75	0.15	0.1	0.0	1.0	0.667	1.0	0.0	0.018	1.0	0.0	1.0	1.0	0.5	1.0	0.5	0.0	0.5	1.0	0.019	0.105	1.0	0.018	0.021	0.02	0.315
3300014921_____Ga0169822_100099	Suoliviridae	Boorivirinae	Cohcovirus	Cohcovirus splanchnicus	0.167	0.362	0.258	0.305	0.317	0.062	0.302	0.079	0.337	0.0	0.078	0.066	0.5	0.5	0.305	0.318	0.32	0.167	0.099	0.111	0.5	0.0	0.6	0.015	0.5	0.364	0.333	0.2	0.036	0.56	0.076	0.0	1.0	1.0	0.75	0.15	0.1	0.0	1.0	0.667	1.0	0.0	0.022	1.0	0.0	1.0	1.0	0.5	1.0	0.5	0.0	0.5	1.0	0.019	0.105	1.0	0.018	0.021	0.02	0.315
3300014936_____Ga0169833_100099	Crevaviridae	Doltivirinae	Kingevirus	Kingevirus communis	0.167	0.095	0.062	0.038	0.077	0.062	0.057	0.169	0.071	0.0	0.243	0.126	0.25	0.167	0.057	0.065	0.06	0.167	0.066	0.185	0.5	0.0	0.2	0.008	0.5	0.227	0.0	0.0	0.027	0.08	0.162	0.0	1.0	1.0	0.25	0.05	0.1	0.0	0.5	0.333	1.0	0.0	0.039	1.0	0.011	1.0	1.0	0.5	1.0	0.5	0.0	0.5	1.0	0.005	0.105	1.0	0.005	0.005	0.005	0.065
3300014944_____Ga0134440_100138	Crevaviridae	Doltivirinae	Kingevirus	Kingevirus communis	0.167	0.095	0.062	0.038	0.077	0.062	0.057	0.169	0.071	0.0	0.243	0.126	0.25	0.167	0.057	0.065	0.06	0.167	0.066	0.185	0.5	0.0	0.2	0.008	0.5	0.227	0.0	0.0	0.027	0.08	0.162	0.0	1.0	1.0	0.25	0.05	0.1	0.0	0.5	0.333	1.0	0.0	0.039	1.0	0.011	1.0	1.0	0.5	1.0	0.5	0.0	0.5	1.0	0.005	0.105	1.0	0.005	0.005	0.005	0.065
3300014963_____Ga0134523_1000562	Intestiviridae	Crudevirinae	Endlipuvirus	Endlipuvirus intestinihominis	0.0	0.103	0.055	0.057	0.077	0.071	0.075	0.292	0.082	0.0	0.13	0.248	0.25	0.167	0.076	0.093	0.07	0.0	0.044	0.222	0.0	0.0	0.2	0.015	0.0	0.136	0.0	0.2	0.031	0.08	0.295	0.0	1.0	0.0	0.25	0.15	1.0	0.167	0.0	0.333	0.5	0.0	0.039	1.0	0.023	1.0	0.0	0.5	1.0	1.0	0.0	0.5	0.0	0.0	0.053	1.0	0.0	0.01	0.0	0.074
3300014971_____Ga0134442_1000062	Intestiviridae	Crudevirinae	Carjivirus	Carjivirus communis	0.0	0.095	0.055	0.048	0.067	0.053	0.057	0.303	0.071	0.0	0.122	0.258	0.25	0.167	0.057	0.075	0.06	0.0	0.033	0.222	0.0	0.0	0.2	0.023	0.0	0.136	0.0	0.2	0.027	0.08	0.295	0.0	1.0	0.0	0.25	0.1	0.65	0.167	0.0	0.333	0.5	0.0	0.035	1.0	0.011	1.0	0.0	0.5	1.0	1.0	0.0	0.5	0.0	0.005	0.053	1.0	0.005	0.016	0.005	0.065
4_lib200738_4	Intestiviridae	Crudevirinae	Carjivirus	Carjivirus communis	0.0	0.095	0.062	0.048	0.067	0.053	0.057	0.303	0.071	0.0	0.122	0.252	0.25	0.167	0.057	0.075	0.06	0.0	0.033	0.222	0.0	0.0	0.2	0.023	0.0	0.136	0.0	0.2	0.027	0.08	0.286	0.0	1.0	0.0	0.25	0.1	0.65	0.167	0.0	0.333	0.5	0.0	0.031	1.0	0.011	1.0	0.0	0.5	1.0	1.0	0.0	0.5	0.0	0.005	0.053	1.0	0.005	0.016	0.005	0.065
5_lib200737_3	Intestiviridae	Crudevirinae	Carjivirus	Carjivirus communis	0.0	0.095	0.055	0.048	0.067	0.053	0.057	0.315	0.071	0.0	0.122	0.248	0.25	0.167	0.057	0.075	0.06	0.0	0.033	0.222	0.0	0.0	0.2	0.023	0.0	0.136	0.0	0.2	0.027	0.08	0.286	0.0	1.0	0.0	0.25	0.1	0.65	0.167	0.0	0.333	0.5	0.0	0.031	1.0	0.011	1.0	0.0	0.5	1.0	1.0	0.0	0.5	0.0	0.005	0.053	1.0	0.005	0.016	0.005	0.065
A1_NODE_2_length_99974_cov_261.284550	Suoliviridae	Boorivirinae	Canhaevirus	Canhaevirus hiberniae	0.167	0.328	0.266	0.295	0.269	0.062	0.283	0.067	0.296	0.0	0.07	0.063	0.5	0.667	0.286	0.299	0.3	0.167	0.099	0.111	0.5	0.0	0.8	0.015	0.5	0.364	0.333	0.2	0.022	0.56	0.076	0.0	1.0	1.0	0.75	0.15	0.1	0.0	0.5	0.667	1.0	0.0	0.013	1.0	0.0	1.0	1.0	0.5	1.0	0.5	0.0	0.5	1.0	0.023	0.105	1.0	0.023	0.021	0.02	0.269
A2_NODE_3_length_92367_cov_12.069243	Intestiviridae	Crudevirinae	Diorhovirus	Diorhovirus copri	0.0	0.103	0.055	0.048	0.087	0.053	0.085	0.337	0.082	0.0	0.13	0.275	0.25	0.167	0.086	0.093	0.08	0.0	0.066	0.259	0.0	0.0	0.2	0.015	0.0	0.136	0.0	0.2	0.027	0.08	0.324	0.0	1.0	0.0	0.25	0.1	0.8	0.167	0.0	0.333	0.5	0.0	0.035	1.0	0.023	1.0	0.0	0.5	1.0	1.0	0.0	0.5	0.0	0.0	0.053	1.0	0.0	0.01	0.0	0.074
AP017903_1_99517	Suoliviridae		Dechshavirus	Dechshavirus japanensis	0.167	0.095	0.07	0.086	0.087	0.044	0.094	0.034	0.092	0.0	0.035	0.04	0.5	0.333	0.095	0.112	0.1	0.167	0.055	0.111	0.5	0.0	0.4	0.008	0.5	0.318	0.0	0.0	0.009	0.12	0.038	0.0	1.0	1.0	0.5	0.1	0.1	0.0	0.5	0.667	1.0	0.0	0.009	1.0	0.0	1.0	1.0	0.5	1.0	0.5	0.0	0.5	1.0	0.005	0.105	1.0	0.005	0.005	0.005	0.074
B7_NODE_1_length_96266_cov_47.336375	Intestiviridae	Churivirinae	Jahgtovirus	Jahgtovirus intestinalis	0.167	0.129	0.078	0.057	0.087	0.044	0.066	0.888	0.071	0.0	0.13	0.662	0.25	0.167	0.067	0.075	0.07	0.167	0.099	0.704	0.5	0.0	0.2	0.023	0.5	0.273	0.0	0.0	0.018	0.08	0.629	0.0	1.0	1.0	0.25	0.05	0.35	0.0	0.5	0.333	1.0	0.0	0.026	1.0	0.011	1.0	1.0	0.5	1.0	1.0	0.0	0.5	1.0	0.005	0.105	1.0	0.005	0.005	0.005	0.065
C12_NODE_4_length_93683_cov_7.991701	Suoliviridae	Boorivirinae	Culoivirus	Culoivirus americanus	0.167	0.353	0.258	0.276	0.288	0.062	0.321	0.079	0.296	0.0	0.078	0.066	0.5	0.667	0.324	0.336	0.34	0.167	0.088	0.111	0.5	0.0	0.8	0.015	0.5	0.364	0.333	0.0	0.027	0.88	0.076	0.0	1.0	1.0	0.5	0.15	0.1	0.0	0.5	0.667	1.0	0.0	0.022	1.0	0.0	1.0	1.0	0.5	1.0	0.5	0.0	0.5	1.0	0.032	0.105	1.0	0.027	0.021	0.03	0.306
CF1_ms_1	Intestiviridae	Crudevirinae	Carjivirus	Carjivirus communis	0.0	0.095	0.055	0.048	0.067	0.053	0.057	0.315	0.071	0.0	0.122	0.252	0.25	0.167	0.057	0.075	0.06	0.0	0.033	0.222	0.0	0.0	0.2	0.023	0.0	0.136	0.0	0.2	0.027	0.08	0.286	0.0	1.0	0.0	0.25	0.1	0.65	0.167	0.0	0.333	0.5	0.0	0.031	1.0	0.011	1.0	0.0	0.5	1.0	1.0	0.0	0.5	0.0	0.005	0.053	1.0	0.005	0.016	0.005	0.065
CS_crAss_ms_9	Steigviridae	Asinivirinae	Kahnovirus	Kahnovirus copri	0.167	0.147	0.055	0.067	0.067	0.54	0.047	0.056	0.082	0.0	0.061	0.046	0.25	0.167	0.048	0.065	0.05	0.667	0.407	0.111	0.5	0.0	0.2	0.008	0.5	0.273	1.0	0.2	0.04	0.08	0.048	0.0	1.0	1.0	0.25	0.65	0.1	0.0	0.5	0.333	1.0	0.0	0.039	1.0	0.0	1.0	1.0	0.5	1.0	0.5	0.0	0.5	1.0	0.005	0.632	1.0	0.005	0.005	0.005	0.065
E11_NODE_1_length_96694_cov_1258.521291	Suoliviridae	Boorivirinae	Cohcovirus	Cohcovirus splanchnicus	0.167	0.362	0.266	0.324	0.337	0.062	0.311	0.09	0.337	0.0	0.07	0.073	0.5	0.667	0.314	0.327	0.33	0.167	0.121	0.111	0.5	0.0	0.6	0.015	0.5	0.364	0.333	0.2	0.031	0.56	0.076	0.0	1.0	1.0	1.0	0.15	0.1	0.0	1.0	0.667	1.0	0.0	0.022	1.0	0.011	1.0	1.0	0.5	1.0	0.5	0.0	0.5	1.0	0.019	0.158	1.0	0.018	0.021	0.02	0.324
E12_NODE_1_length_99984_cov_69.391838	Suoliviridae	Boorivirinae	Cohcovirus	Cohcovirus splanchnicus	0.167	0.353	0.258	0.295	0.308	0.062	0.311	0.09	0.327	0.0	0.07	0.073	0.5	0.5	0.314	0.318	0.33	0.167	0.11	0.111	0.5	0.0	0.6	0.015	0.5	0.364	0.333	0.2	0.031	0.56	0.076	0.0	1.0	1.0	0.75	0.15	0.1	0.0	1.0	0.667	1.0	0.0	0.018	1.0	0.011	1.0	1.0	0.5	1.0	0.5	0.0	0.5	1.0	0.019	0.105	1.0	0.018	0.021	0.02	0.306
EM181_T3_ms_1	Intestiviridae	Churivirinae	Jahgtovirus	Jahgtovirus intestinalis	0.167	0.129	0.078	0.057	0.087	0.044	0.066	0.899	0.071	0.0	0.13	0.662	0.25	0.167	0.067	0.075	0.07	0.167	0.11	0.704	0.5	0.0	0.2	0.023	0.5	0.273	0.0	0.0	0.018	0.08	0.629	0.0	1.0	1.0	0.25	0.05	0.35	0.0	0.5	0.333	1.0	0.0	0.031	1.0	0.011	1.0	1.0	0.5	1.0	1.0	0.0	0.5	1.0	0.005	0.105	1.0	0.005	0.005	0.005	0.065
EM195_T0_ms_1	Intestiviridae	Crudevirinae	Carjivirus	Carjivirus communis	0.0	0.095	0.062	0.048	0.067	0.053	0.057	0.303	0.071	0.0	0.122	0.248	0.25	0.167	0.057	0.075	0.06	0.0	0.033	0.222	0.0	0.0	0.2	0.023	0.0	0.136	0.0	0.2	0.027	0.08	0.286	0.0	1.0	0.0	0.25	0.1	0.65	0.167	0.0	0.333	0.5	0.0	0.031	1.0	0.011	1.0	0.0	0.5	1.0	1.0	0.0	0.5	0.0	0.005	0.053	1.0	0.005	0.016	0.005	0.065
EM200_T3_ms_2	Crevaviridae	Doltivirinae	Kingevirus	Kingevirus communis	0.167	0.078	0.031	0.029	0.038	0.053	0.028	0.124	0.051	0.0	0.183	0.096	0.25	0.167	0.029	0.047	0.03	0.167	0.044	0.185	0.5	0.0	0.2	0.008	0.5	0.227	0.0	0.0	0.018	0.08	0.124	0.0	1.0	1.0	0.25	0.05	0.1	0.0	0.5	0.333	1.0	0.0	0.022	1.0	0.0	1.0	1.0	0.5	1.0	0.5	0.0	0.5	1.0	0.005	0.105	1.0	0.005	0.005	0.005	0.046
EM210_T0_ms_1	Intestiviridae	Crudevirinae	Carjivirus	Carjivirus communis	0.0	0.103	0.055	0.057	0.067	0.053	0.066	0.315	0.082	0.0	0.122	0.252	0.25	0.167	0.067	0.084	0.07	0.0	0.033	0.222	0.0	0.0	0.2	0.023	0.0	0.136	0.0	0.2	0.027	0.08	0.286	0.0	1.0	0.0	0.25	0.1	0.65	0.167	0.0	0.333	0.5	0.0	0.031	1.0	0.011	1.0	0.0	0.5	1.0	1.0	0.0	0.5	0.0	0.009	0.053	1.0	0.009	0.021	0.01	0.083
EM245_T3_ms_3	Suoliviridae	Boorivirinae	Cohcovirus	Cohcovirus splanchnicus	0.167	0.362	0.258	0.305	0.308	0.062	0.302	0.079	0.337	0.0	0.078	0.066	0.5	0.5	0.305	0.318	0.32	0.167	0.099	0.111	0.5	0.0	0.6	0.015	0.5	0.364	0.333	0.2	0.031	0.56	0.076	0.0	1.0	1.0	0.75	0.15	0.1	0.0	1.0	0.667	1.0	0.0	0.018	1.0	0.0	1.0	1.0	0.5	1.0	0.5	0.0	0.5	1.0	0.019	0.105	1.0	0.018	0.021	0.02	0.315
ERR589440_NODE_121_length_98649_cov_14.7648	Intestiviridae	Crudevirinae	Carjivirus	Carjivirus communis	0.0	0.103	0.055	0.057	0.067	0.053	0.066	0.303	0.082	0.0	0.122	0.248	0.25	0.167	0.067	0.084	0.07	0.0	0.033	0.222	0.0	0.0	0.2	0.023	0.0	0.136	0.0	0.2	0.027	0.08	0.286	0.0	1.0	0.0	0.25	0.1	0.65	0.167	0.0	0.333	0.5	0.0	0.031	1.0	0.011	1.0	0.0	0.5	1.0	1.0	0.0	0.5	0.0	0.009	0.053	1.0	0.009	0.021	0.01	0.083
ERR589443_NODE_109_length_97897_cov_28.0204	Intestiviridae	Crudevirinae	Carjivirus	Carjivirus communis	0.0	0.103	0.055	0.057	0.067	0.053	0.066	0.292	0.082	0.0	0.122	0.248	0.25	0.167	0.067	0.084	0.07	0.0	0.033	0.222	0.0	0.0	0.2	0.023	0.0	0.136	0.0	0.2	0.027	0.08	0.286	0.0	1.0	0.0	0.25	0.1	0.65	0.167	0.0	0.333	0.5	0.0	0.031	1.0	0.011	1.0	0.0	0.5	1.0	1.0	0.0	0.5	0.0	0.009	0.053	1.0	0.009	0.021	0.01	0.083
ERR589503_NODE_236_length_100385_cov_32.3335	Suoliviridae	Uncouvirinae	Aurodevirus	Aurodevirus hiberniae	0.167	0.422	0.422	0.381	0.529	0.062	0.915	0.067	0.388	0.0	0.07	0.07	0.5	0.667	0.895	0.897	0.91	0.167	0.099	0.111	0.5	0.0	0.6	0.015	0.5	0.409	0.0	0.4	0.027	0.28	0.076	0.0	1.0	1.0	0.75	0.15	0.1	0.0	0.5	1.0	1.0	0.0	0.018	1.0	0.023	1.0	1.0	0.5	1.0	0.5	0.0	0.5	1.0	0.014	0.158	1.0	0.014	0.021	0.015	0.389
ERR589503_NODE_243_length_99288_cov_256.502	Suoliviridae	Boorivirinae	Canhaevirus	Canhaevirus hiberniae	0.167	0.328	0.258	0.286	0.269	0.062	0.283	0.067	0.296	0.0	0.07	0.063	0.5	0.667	0.286	0.299	0.3	0.167	0.099	0.111	0.5	0.0	0.8	0.015	0.5	0.364	0.333	0.2	0.022	0.52	0.076	0.0	1.0	1.0	0.75	0.15	0.1	0.0	0.5	0.667	1.0	0.0	0.013	1.0	0.0	1.0	1.0	0.5	1.0	0.5	0.0	0.5	1.0	0.023	0.105	1.0	0.023	0.021	0.02	0.269
ERR589503_NODE_260_length_95985_cov_44.2112	Crevaviridae	Coarsevirinae	Junduvirus	Junduvirus communis	0.167	0.103	0.062	0.057	0.077	0.062	0.066	0.135	0.071	0.0	0.739	0.109	0.25	0.167	0.067	0.084	0.07	0.167	0.044	0.185	0.5	0.0	0.2	0.008	0.5	0.182	0.0	0.2	0.031	0.08	0.143	0.0	1.0	1.0	0.25	0.05	0.1	0.0	0.5	0.333	1.0	0.0	0.035	1.0	0.0	1.0	1.0	0.5	1.0	0.5	0.0	0.5	1.0	0.009	0.105	1.0	0.009	0.016	0.01	0.065
ERR589509_NODE_117_length_99450_cov_1258.73	Intestiviridae	Crudevirinae	Carjivirus	Carjivirus communis	0.0	0.103	0.055	0.057	0.067	0.053	0.066	0.303	0.082	0.0	0.122	0.248	0.25	0.167	0.067	0.084	0.07	0.0	0.033	0.222	0.0	0.0	0.2	0.023	0.0	0.136	0.0	0.2	0.027	0.08	0.286	0.0	1.0	0.0	0.25	0.1	0.65	0.167	0.0	0.333	0.5	0.0	0.031	1.0	0.011	1.0	0.0	0.5	1.0	1.0	0.0	0.5	0.0	0.009	0.053	1.0	0.009	0.021	0.01	0.083
ERR589511_NODE_212_length_96153_cov_11.9872	Crevaviridae	Coarsevirinae	Junduvirus	Junduvirus communis	0.167	0.103	0.062	0.057	0.077	0.062	0.066	0.135	0.071	0.0	0.739	0.109	0.25	0.167	0.067	0.084	0.07	0.167	0.044	0.185	0.5	0.0	0.2	0.008	0.5	0.182	0.0	0.2	0.031	0.08	0.143	0.0	1.0	1.0	0.25	0.05	0.1	0.0	0.5	0.333	1.0	0.0	0.035	1.0	0.0	1.0	1.0	0.5	1.0	0.5	0.0	0.5	1.0	0.009	0.105	1.0	0.009	0.016	0.01	0.065
ERR589512_NODE_245_length_104299_cov_30.5927	Suoliviridae	Loutivirinae	Buchavirus	Buchavirus hiberniae	0.167	0.595	0.32	0.619	0.558	0.08	0.34	0.135	0.612	0.0	0.07	0.106	0.5	0.667	0.343	0.346	0.36	0.167	0.121	0.148	0.5	0.0	0.8	0.023	0.5	0.409	0.333	0.4	0.022	0.32	0.124	0.0	1.0	1.0	0.5	0.15	0.1	0.0	0.5	0.667	1.0	0.0	0.022	1.0	0.0	1.0	1.0	0.5	1.0	0.5	0.0	0.5	1.0	0.014	0.105	1.0	0.014	0.016	0.015	0.583
ERR589512_NODE_279_length_97295_cov_607.21	Intestiviridae	Crudevirinae	Carjivirus	Carjivirus communis	0.0	0.103	0.055	0.057	0.067	0.053	0.066	0.315	0.082	0.0	0.122	0.248	0.25	0.167	0.067	0.084	0.07	0.0	0.033	0.222	0.0	0.0	0.2	0.023	0.0	0.136	0.0	0.2	0.027	0.08	0.286	0.0	1.0	0.0	0.25	0.1	0.65	0.167	0.0	0.333	0.5	0.0	0.031	1.0	0.011	1.0	0.0	0.5	1.0	1.0	0.0	0.5	0.0	0.009	0.053	1.0	0.009	0.021	0.01	0.083
ERR589512_NODE_313_length_91996_cov_59.3944	Crevaviridae	Doltivirinae	Kingevirus	Kingevirus communis	0.167	0.095	0.055	0.038	0.077	0.053	0.057	0.169	0.071	0.0	0.243	0.126	0.25	0.167	0.057	0.065	0.06	0.167	0.055	0.185	0.5	0.0	0.2	0.008	0.5	0.182	0.0	0.0	0.022	0.08	0.162	0.0	1.0	1.0	0.25	0.05	0.1	0.0	0.5	0.333	1.0	0.0	0.035	1.0	0.011	1.0	1.0	0.5	1.0	0.5	0.0	0.5	1.0	0.005	0.105	1.0	0.005	0.005	0.005	0.065
ERR589530_NODE_123_length_101106_cov_84.032	Suoliviridae	Uncouvirinae	Aurodevirus	Aurodevirus hiberniae	0.167	0.405	0.398	0.333	0.481	0.062	0.896	0.067	0.357	0.0	0.07	0.07	0.5	0.5	0.857	0.897	0.9	0.167	0.088	0.111	0.5	0.0	0.6	0.015	0.5	0.409	0.0	0.4	0.027	0.28	0.076	0.0	1.0	1.0	0.5	0.15	0.1	0.0	0.5	1.0	1.0	0.0	0.013	1.0	0.034	1.0	1.0	0.5	1.0	0.5	0.0	0.5	1.0	0.014	0.105	1.0	0.014	0.021	0.015	0.38
ERR589530_NODE_125_length_100283_cov_10.4903	Suoliviridae	Bearivirinae	Afonbuvirus	Afonbuvirus intestinihominis/faecalis	0.167	0.379	0.336	0.381	0.288	0.053	0.349	0.09	0.357	0.0	0.078	0.066	0.5	0.667	0.352	0.374	0.37	0.167	0.088	0.111	0.5	0.0	0.6	0.023	0.5	0.727	0.0	0.0	0.022	0.28	0.076	0.0	1.0	1.0	0.75	0.1	0.1	0.0	0.5	0.667	1.0	0.0	0.026	1.0	0.0	1.0	1.0	0.5	1.0	0.5	0.0	0.5	1.0	0.019	0.158	1.0	0.018	0.021	0.02	0.343
ERR589531_NODE_142_length_100626_cov_28.4295	Suoliviridae	Bearivirinae	Afonbuvirus	Afonbuvirus intestinihominis/faecalis	0.167	0.371	0.32	0.343	0.288	0.053	0.377	0.09	0.347	0.0	0.078	0.066	0.5	0.5	0.381	0.393	0.4	0.167	0.077	0.111	0.5	0.0	0.6	0.023	0.5	0.727	0.0	0.2	0.027	0.28	0.076	0.0	1.0	1.0	0.5	0.1	0.1	0.0	0.5	0.667	1.0	0.0	0.022	1.0	0.0	1.0	1.0	0.5	1.0	0.5	0.0	0.5	1.0	0.019	0.105	1.0	0.018	0.026	0.02	0.324
ERR589531_NODE_143_length_100354_cov_37.9907	Suoliviridae	Boorivirinae	Cohcovirus	Cohcovirus splanchnicus	0.167	0.362	0.273	0.333	0.337	0.062	0.311	0.09	0.337	0.0	0.07	0.073	0.5	0.667	0.314	0.327	0.33	0.167	0.11	0.111	0.5	0.0	0.6	0.015	0.5	0.364	0.333	0.2	0.031	0.56	0.076	0.0	1.0	1.0	1.0	0.15	0.1	0.0	1.0	0.667	1.0	0.0	0.022	1.0	0.011	1.0	1.0	0.5	1.0	0.5	0.0	0.5	1.0	0.019	0.158	1.0	0.018	0.021	0.02	0.324
ERR589532_NODE_103_length_94606_cov_18.1916	Crevaviridae	Coarsevirinae	Junduvirus	Junduvirus communis	0.167	0.103	0.062	0.057	0.077	0.062	0.066	0.135	0.071	0.0	0.757	0.109	0.25	0.167	0.067	0.084	0.07	0.167	0.044	0.185	0.5	0.0	0.2	0.008	0.5	0.182	0.0	0.2	0.031	0.08	0.143	0.0	1.0	1.0	0.25	0.05	0.1	0.0	0.5	0.333	1.0	0.0	0.035	1.0	0.0	1.0	1.0	0.5	1.0	0.5	0.0	0.5	1.0	0.009	0.105	1.0	0.009	0.016	0.01	0.065
ERR589532_NODE_107_length_92376_cov_180.077	Crevaviridae	Doltivirinae	Kingevirus	Kingevirus communis	0.167	0.095	0.062	0.038	0.077	0.062	0.057	0.169	0.071	0.0	0.243	0.126	0.25	0.167	0.057	0.065	0.06	0.167	0.066	0.185	0.5	0.0	0.2	0.008	0.5	0.227	0.0	0.0	0.027	0.08	0.162	0.0	1.0	1.0	0.25	0.05	0.1	0.0	0.5	0.333	1.0	0.0	0.039	1.0	0.011	1.0	1.0	0.5	1.0	0.5	0.0	0.5	1.0	0.005	0.105	1.0	0.005	0.005	0.005	0.065
ERR589534_NODE_206_length_99607_cov_6.90286	Suoliviridae	Boorivirinae	Cohcovirus	Cohcovirus splanchnicus	0.167	0.362	0.281	0.324	0.308	0.062	0.311	0.079	0.337	0.0	0.078	0.066	0.5	0.5	0.314	0.327	0.33	0.167	0.099	0.111	0.5	0.0	0.6	0.015	0.5	0.409	0.333	0.2	0.036	0.52	0.076	0.0	1.0	1.0	0.75	0.15	0.1	0.0	1.0	0.667	1.0	0.0	0.018	1.0	0.0	1.0	1.0	0.5	1.0	0.5	0.0	0.5	1.0	0.019	0.105	1.0	0.018	0.021	0.02	0.315
ERR589535_NODE_102_length_100207_cov_5.55539	Suoliviridae	Boorivirinae	Canhaevirus	Canhaevirus hiberniae	0.167	0.328	0.258	0.305	0.288	0.062	0.283	0.067	0.296	0.0	0.07	0.063	0.5	0.833	0.286	0.308	0.3	0.167	0.11	0.111	0.5	0.0	0.8	0.015	0.5	0.364	0.333	0.2	0.018	0.52	0.076	0.0	1.0	1.0	1.0	0.15	0.1	0.0	0.5	0.667	1.0	0.0	0.018	1.0	0.0	1.0	1.0	0.5	1.0	0.5	0.0	0.5	1.0	0.019	0.158	1.0	0.018	0.021	0.02	0.278
ERR589544_NODE_118_length_99073_cov_42.2977	Suoliviridae	Boorivirinae	Cohcovirus	Cohcovirus splanchnicus	0.167	0.362	0.273	0.343	0.327	0.062	0.302	0.079	0.337	0.0	0.078	0.066	0.5	0.667	0.305	0.327	0.32	0.167	0.11	0.111	0.5	0.0	0.6	0.015	0.5	0.364	0.333	0.2	0.036	0.6	0.076	0.0	1.0	1.0	1.0	0.15	0.1	0.0	1.0	0.667	1.0	0.0	0.022	1.0	0.0	1.0	1.0	0.5	1.0	0.5	0.0	0.5	1.0	0.023	0.158	1.0	0.023	0.021	0.02	0.324
ERR589548_NODE_125_length_99181_cov_12.0749	Suoliviridae	Boorivirinae	Cohcovirus	Cohcovirus splanchnicus	0.167	0.362	0.266	0.314	0.308	0.062	0.302	0.079	0.337	0.0	0.078	0.066	0.5	0.5	0.305	0.318	0.32	0.167	0.099	0.111	0.5	0.0	0.6	0.015	0.5	0.364	0.333	0.2	0.036	0.52	0.076	0.0	1.0	1.0	0.75	0.15	0.1	0.0	1.0	0.667	1.0	0.0	0.018	1.0	0.0	1.0	1.0	0.5	1.0	0.5	0.0	0.5	1.0	0.023	0.105	1.0	0.023	0.021	0.02	0.315
ERR589548_NODE_133_length_97812_cov_182.454	Intestiviridae	Crudevirinae	Carjivirus	Carjivirus communis	0.0	0.103	0.055	0.057	0.067	0.053	0.066	0.315	0.082	0.0	0.122	0.248	0.25	0.167	0.067	0.084	0.07	0.0	0.033	0.222	0.0	0.0	0.2	0.023	0.0	0.136	0.0	0.2	0.027	0.08	0.286	0.0	1.0	0.0	0.25	0.1	0.65	0.167	0.0	0.333	0.5	0.0	0.031	1.0	0.011	1.0	0.0	0.5	1.0	1.0	0.0	0.5	0.0	0.009	0.053	1.0	0.009	0.021	0.01	0.083
ERR589556_NODE_251_length_91714_cov_17.3214	Crevaviridae	Doltivirinae	Kingevirus	Kingevirus communis	0.167	0.095	0.062	0.038	0.077	0.062	0.057	0.169	0.071	0.0	0.243	0.126	0.25	0.167	0.057	0.065	0.06	0.167	0.066	0.185	0.5	0.0	0.2	0.008	0.5	0.227	0.0	0.0	0.027	0.08	0.162	0.0	1.0	1.0	0.25	0.05	0.1	0.0	0.5	0.333	1.0	0.0	0.039	1.0	0.011	1.0	1.0	0.5	1.0	0.5	0.0	0.5	1.0	0.005	0.105	1.0	0.005	0.005	0.005	0.065
ERR589557_NODE_190_length_93533_cov_205.404	Intestiviridae	Crudevirinae	Carjivirus	Carjivirus communis	0.0	0.095	0.055	0.048	0.067	0.044	0.057	0.315	0.071	0.0	0.122	0.248	0.25	0.167	0.057	0.075	0.06	0.0	0.033	0.222	0.0	0.0	0.2	0.023	0.0	0.136	0.0	0.2	0.027	0.08	0.286	0.0	1.0	0.0	0.25	0.1	0.65	0.167	0.0	0.333	0.5	0.0	0.031	1.0	0.011	1.0	0.0	0.5	1.0	1.0	0.0	0.5	0.0	0.005	0.053	1.0	0.005	0.016	0.005	0.065
ERR589574_NODE_223_length_98544_cov_57.8223	Intestiviridae	Crudevirinae	Carjivirus	Carjivirus communis	0.0	0.103	0.055	0.057	0.067	0.053	0.066	0.303	0.082	0.0	0.122	0.248	0.25	0.167	0.067	0.084	0.07	0.0	0.033	0.222	0.0	0.0	0.2	0.023	0.0	0.136	0.0	0.2	0.027	0.08	0.286	0.0	1.0	0.0	0.25	0.1	0.65	0.167	0.0	0.333	0.5	0.0	0.031	1.0	0.011	1.0	0.0	0.5	1.0	1.0	0.0	0.5	0.0	0.009	0.053	1.0	0.009	0.021	0.01	0.083
ERR589587_NODE_208_length_94701_cov_61.0326	Crevaviridae	Coarsevirinae	Junduvirus	Junduvirus communis	0.167	0.103	0.062	0.057	0.077	0.062	0.066	0.135	0.071	0.0	0.73	0.109	0.25	0.167	0.067	0.084	0.07	0.167	0.044	0.185	0.5	0.0	0.2	0.008	0.5	0.182	0.0	0.2	0.031	0.08	0.143	0.0	1.0	1.0	0.25	0.05	0.1	0.0	0.5	0.333	1.0	0.0	0.035	1.0	0.0	1.0	1.0	0.5	1.0	0.5	0.0	0.5	1.0	0.009	0.105	1.0	0.009	0.016	0.01	0.065
ERR589589_NODE_144_length_94594_cov_10.8503	Crevaviridae	Coarsevirinae	Junduvirus	Junduvirus copri	0.167	0.103	0.062	0.057	0.077	0.062	0.066	0.135	0.071	0.0	0.678	0.109	0.25	0.167	0.067	0.084	0.07	0.167	0.044	0.185	0.5	0.0	0.2	0.008	0.5	0.182	0.0	0.2	0.031	0.08	0.143	0.0	1.0	1.0	0.25	0.05	0.1	0.0	0.5	0.333	1.0	0.0	0.035	1.0	0.0	1.0	1.0	0.5	1.0	0.5	0.0	0.5	1.0	0.009	0.105	1.0	0.009	0.016	0.01	0.065
ERR589590_NODE_72_length_96711_cov_28.1345	Suoliviridae	Bearivirinae	Afonbuvirus	Afonbuvirus intestinihominis/faecalis	0.167	0.371	0.312	0.371	0.317	0.053	0.377	0.079	0.347	0.0	0.078	0.066	0.5	0.667	0.381	0.402	0.4	0.167	0.088	0.111	0.5	0.0	0.6	0.023	0.5	0.727	0.0	0.2	0.027	0.28	0.076	0.0	1.0	1.0	0.75	0.1	0.1	0.0	0.5	0.667	1.0	0.0	0.026	1.0	0.0	1.0	1.0	0.5	1.0	0.5	0.0	0.5	1.0	0.019	0.158	1.0	0.018	0.026	0.02	0.333
ERR589736_NODE_224_length_101034_cov_15.6328	Steigviridae	Asinivirinae	Kahnovirus	Kahnovirus oralis	0.167	0.155	0.094	0.105	0.125	0.558	0.066	0.124	0.092	0.0	0.052	0.079	0.25	0.333	0.067	0.084	0.07	0.667	0.527	0.111	0.5	0.0	0.2	0.015	0.5	0.318	1.0	0.2	0.045	0.12	0.095	0.0	1.0	1.0	0.5	0.65	0.1	0.0	0.5	0.333	1.0	0.0	0.07	1.0	0.011	1.0	1.0	0.5	1.0	0.5	0.0	0.5	1.0	0.009	0.684	1.0	0.009	0.01	0.01	0.093
ERR589736_NODE_271_length_93891_cov_9.13972	Crevaviridae	Coarsevirinae	Junduvirus	Junduvirus communis	0.167	0.103	0.062	0.057	0.077	0.062	0.066	0.135	0.071	0.0	0.739	0.109	0.25	0.167	0.067	0.084	0.07	0.167	0.044	0.185	0.5	0.0	0.2	0.008	0.5	0.182	0.0	0.2	0.031	0.08	0.143	0.0	1.0	1.0	0.25	0.05	0.1	0.0	0.5	0.333	1.0	0.0	0.035	1.0	0.0	1.0	1.0	0.5	1.0	0.5	0.0	0.5	1.0	0.009	0.105	1.0	0.009	0.016	0.01	0.065
ERR589737_NODE_227_length_97168_cov_1455.68	Intestiviridae	Crudevirinae	Carjivirus	Carjivirus communis	0.0	0.103	0.055	0.057	0.067	0.053	0.066	0.292	0.082	0.0	0.122	0.248	0.25	0.167	0.067	0.084	0.07	0.0	0.033	0.222	0.0	0.0	0.2	0.023	0.0	0.136	0.0	0.2	0.027	0.08	0.286	0.0	1.0	0.0	0.25	0.1	0.65	0.167	0.0	0.333	0.5	0.0	0.031	1.0	0.011	1.0	0.0	0.5	1.0	1.0	0.0	0.5	0.0	0.009	0.053	1.0	0.009	0.021	0.01	0.083
ERR589737_NODE_250_length_92638_cov_199.421	Crevaviridae	Doltivirinae	Kingevirus	Kingevirus communis	0.167	0.095	0.062	0.038	0.077	0.062	0.057	0.169	0.071	0.0	0.243	0.126	0.25	0.167	0.057	0.065	0.06	0.167	0.066	0.185	0.5	0.0	0.2	0.008	0.5	0.227	0.0	0.0	0.027	0.08	0.162	0.0	1.0	1.0	0.25	0.05	0.1	0.0	0.5	0.333	1.0	0.0	0.039	1.0	0.011	1.0	1.0	0.5	1.0	0.5	0.0	0.5	1.0	0.005	0.105	1.0	0.005	0.005	0.005	0.065
ERR589741_NODE_169_length_97150_cov_107.747	Intestiviridae	Crudevirinae	Carjivirus	Carjivirus communis	0.0	0.095	0.055	0.048	0.067	0.053	0.057	0.315	0.071	0.0	0.122	0.248	0.25	0.167	0.057	0.075	0.06	0.0	0.033	0.222	0.0	0.0	0.2	0.023	0.0	0.136	0.0	0.2	0.027	0.08	0.286	0.0	1.0	0.0	0.25	0.1	0.65	0.167	0.0	0.333	0.5	0.0	0.031	1.0	0.011	1.0	0.0	0.5	1.0	1.0	0.0	0.5	0.0	0.005	0.053	1.0	0.005	0.016	0.005	0.065
ERR589742_NODE_186_length_98834_cov_12.9141	Suoliviridae	Boorivirinae	Canhaevirus	Canhaevirus hiberniae	0.167	0.328	0.258	0.286	0.269	0.062	0.283	0.067	0.296	0.0	0.07	0.063	0.5	0.667	0.286	0.299	0.3	0.167	0.099	0.111	0.5	0.0	0.8	0.015	0.5	0.364	0.333	0.2	0.022	0.56	0.076	0.0	1.0	1.0	0.75	0.15	0.1	0.0	0.5	0.667	1.0	0.0	0.013	1.0	0.0	1.0	1.0	0.5	1.0	0.5	0.0	0.5	1.0	0.023	0.105	1.0	0.023	0.021	0.02	0.269
ERR589742_NODE_210_length_93989_cov_9.62045	Crevaviridae	Coarsevirinae	Junduvirus	Junduvirus communis	0.167	0.103	0.062	0.057	0.077	0.062	0.066	0.135	0.071	0.0	0.73	0.109	0.25	0.167	0.067	0.084	0.07	0.167	0.044	0.185	0.5	0.0	0.2	0.008	0.5	0.182	0.0	0.2	0.031	0.08	0.143	0.0	1.0	1.0	0.25	0.05	0.1	0.0	0.5	0.333	1.0	0.0	0.035	1.0	0.0	1.0	1.0	0.5	1.0	0.5	0.0	0.5	1.0	0.009	0.105	1.0	0.009	0.016	0.01	0.065
ERR589742_NODE_219_length_92594_cov_6.88142	Crevaviridae	Doltivirinae	Kingevirus	Kingevirus communis	0.167	0.095	0.055	0.038	0.077	0.053	0.057	0.169	0.071	0.0	0.243	0.126	0.25	0.167	0.057	0.065	0.06	0.167	0.055	0.185	0.5	0.0	0.2	0.008	0.5	0.182	0.0	0.0	0.022	0.08	0.162	0.0	1.0	1.0	0.25	0.05	0.1	0.0	0.5	0.333	1.0	0.0	0.035	1.0	0.011	1.0	1.0	0.5	1.0	0.5	0.0	0.5	1.0	0.005	0.105	1.0	0.005	0.005	0.005	0.065
ERR589746_NODE_110_length_100335_cov_36.0815	Suoliviridae	Boorivirinae	Cohcovirus	Cohcovirus splanchnicus	0.167	0.362	0.273	0.314	0.317	0.062	0.311	0.09	0.337	0.0	0.07	0.073	0.5	0.5	0.314	0.318	0.33	0.167	0.11	0.111	0.5	0.0	0.6	0.015	0.5	0.364	0.333	0.2	0.036	0.48	0.076	0.0	1.0	1.0	0.75	0.15	0.1	0.0	1.0	0.667	1.0	0.0	0.018	1.0	0.011	1.0	1.0	0.5	1.0	0.5	0.0	0.5	1.0	0.037	0.105	1.0	0.032	0.026	0.035	0.315
ERR589750_NODE_144_length_100756_cov_12.0751	Suoliviridae	Uncouvirinae	Aurodevirus	Aurodevirus hiberniae	0.167	0.414	0.422	0.381	0.5	0.062	0.906	0.067	0.367	0.0	0.07	0.07	0.5	0.667	0.895	0.888	0.9	0.167	0.099	0.111	0.5	0.0	0.6	0.015	0.5	0.409	0.0	0.4	0.027	0.28	0.076	0.0	1.0	1.0	0.75	0.15	0.1	0.0	0.5	1.0	1.0	0.0	0.018	1.0	0.023	1.0	1.0	0.5	1.0	0.5	0.0	0.5	1.0	0.014	0.158	1.0	0.014	0.021	0.015	0.398
ERR589750_NODE_148_length_99248_cov_188.387	Intestiviridae	Crudevirinae	Carjivirus	Carjivirus communis	0.0	0.103	0.055	0.057	0.067	0.053	0.066	0.303	0.082	0.0	0.122	0.248	0.25	0.167	0.067	0.084	0.07	0.0	0.033	0.222	0.0	0.0	0.2	0.023	0.0	0.136	0.0	0.2	0.027	0.08	0.286	0.0	1.0	0.0	0.25	0.1	0.65	0.167	0.0	0.333	0.5	0.0	0.031	1.0	0.011	1.0	0.0	0.5	1.0	1.0	0.0	0.5	0.0	0.009	0.053	1.0	0.009	0.021	0.01	0.083
ERR589773_NODE_168_length_99796_cov_16.6781	Suoliviridae	Bearivirinae	Afonbuvirus	Afonbuvirus intestinihominis/faecalis	0.167	0.353	0.32	0.352	0.308	0.053	0.368	0.09	0.327	0.0	0.087	0.066	0.5	0.667	0.371	0.393	0.39	0.167	0.088	0.111	0.5	0.0	0.6	0.023	0.5	0.773	0.0	0.2	0.027	0.28	0.076	0.0	1.0	1.0	0.75	0.1	0.1	0.0	0.5	0.667	1.0	0.0	0.026	1.0	0.0	1.0	1.0	0.5	1.0	0.5	0.0	0.5	1.0	0.014	0.158	1.0	0.014	0.021	0.015	0.306
ERR589773_NODE_178_length_95143_cov_627.55	Intestiviridae	Crudevirinae	Carjivirus	Carjivirus communis	0.0	0.095	0.055	0.048	0.067	0.053	0.057	0.315	0.071	0.0	0.122	0.248	0.25	0.167	0.057	0.075	0.06	0.0	0.033	0.222	0.0	0.0	0.2	0.023	0.0	0.136	0.0	0.2	0.027	0.08	0.286	0.0	1.0	0.0	0.25	0.1	0.65	0.167	0.0	0.333	0.5	0.0	0.031	1.0	0.011	1.0	0.0	0.5	1.0	1.0	0.0	0.5	0.0	0.005	0.053	1.0	0.005	0.016	0.005	0.065
ERR589774_NODE_217_length_97586_cov_21.2143	Intestiviridae	Crudevirinae	Carjivirus	Carjivirus communis	0.0	0.103	0.055	0.057	0.067	0.053	0.066	0.303	0.082	0.0	0.122	0.252	0.25	0.167	0.067	0.084	0.07	0.0	0.033	0.222	0.0	0.0	0.2	0.023	0.0	0.136	0.0	0.2	0.027	0.08	0.286	0.0	1.0	0.0	0.25	0.1	0.65	0.167	0.0	0.333	0.5	0.0	0.031	1.0	0.011	1.0	0.0	0.5	1.0	1.0	0.0	0.5	0.0	0.009	0.053	1.0	0.009	0.021	0.01	0.083
ERR589777_NODE_213_length_102559_cov_114.718	Suoliviridae	Bearivirinae	Afonbuvirus	Afonbuvirus intestinihominis/faecalis	0.167	0.353	0.328	0.343	0.308	0.053	0.349	0.09	0.347	0.0	0.078	0.066	0.5	0.667	0.352	0.374	0.37	0.167	0.088	0.111	0.5	0.0	0.6	0.015	0.5	0.773	0.0	0.0	0.022	0.28	0.076	0.0	1.0	1.0	0.75	0.1	0.1	0.0	0.5	0.667	1.0	0.0	0.026	1.0	0.0	1.0	1.0	0.5	1.0	0.5	0.0	0.5	1.0	0.009	0.158	1.0	0.009	0.01	0.01	0.306
ERR589786_NODE_135_length_99040_cov_1290.66	Intestiviridae	Crudevirinae	Carjivirus	Carjivirus communis	0.0	0.103	0.055	0.057	0.067	0.053	0.066	0.315	0.082	0.0	0.122	0.252	0.25	0.167	0.067	0.084	0.07	0.0	0.033	0.222	0.0	0.0	0.2	0.023	0.0	0.136	0.0	0.2	0.027	0.08	0.286	0.0	1.0	0.0	0.25	0.1	0.65	0.167	0.0	0.333	0.5	0.0	0.031	1.0	0.011	1.0	0.0	0.5	1.0	1.0	0.0	0.5	0.0	0.009	0.053	1.0	0.009	0.021	0.01	0.083
ERR589788_NODE_122_length_95274_cov_10.0565	Crevaviridae	Coarsevirinae	Junduvirus	Junduvirus communis	0.167	0.103	0.062	0.057	0.077	0.062	0.066	0.135	0.071	0.0	0.757	0.109	0.25	0.167	0.067	0.084	0.07	0.167	0.044	0.185	0.5	0.0	0.2	0.008	0.5	0.182	0.0	0.2	0.031	0.08	0.143	0.0	1.0	1.0	0.25	0.05	0.1	0.0	0.5	0.333	1.0	0.0	0.035	1.0	0.0	1.0	1.0	0.5	1.0	0.5	0.0	0.5	1.0	0.009	0.105	1.0	0.009	0.016	0.01	0.065
ERR589797_NODE_176_length_100385_cov_85.2729	Steigviridae	Asinivirinae	Kahnovirus	Kahnovirus oralis	0.167	0.147	0.094	0.095	0.125	0.566	0.057	0.124	0.082	0.0	0.061	0.079	0.25	0.333	0.057	0.075	0.06	0.667	0.516	0.111	0.5	0.0	0.2	0.015	0.5	0.318	1.0	0.2	0.054	0.12	0.095	0.0	1.0	1.0	0.5	0.65	0.1	0.0	0.5	0.333	1.0	0.0	0.07	1.0	0.011	1.0	1.0	0.5	1.0	0.5	0.0	0.5	1.0	0.005	0.684	1.0	0.005	0.005	0.005	0.074
ERR589800_NODE_173_length_93705_cov_28.9131	Crevaviridae	Coarsevirinae	Junduvirus	Junduvirus communis	0.167	0.103	0.062	0.057	0.077	0.062	0.066	0.135	0.071	0.0	0.739	0.109	0.25	0.167	0.067	0.084	0.07	0.167	0.044	0.185	0.5	0.0	0.2	0.008	0.5	0.182	0.0	0.2	0.031	0.08	0.143	0.0	1.0	1.0	0.25	0.05	0.1	0.0	0.5	0.333	1.0	0.0	0.035	1.0	0.0	1.0	1.0	0.5	1.0	0.5	0.0	0.5	1.0	0.009	0.105	1.0	0.009	0.016	0.01	0.065
ERR589801_NODE_173_length_98624_cov_58.2029	Intestiviridae	Crudevirinae	Carjivirus	Carjivirus communis	0.0	0.103	0.055	0.057	0.067	0.053	0.066	0.303	0.082	0.0	0.122	0.248	0.25	0.167	0.067	0.084	0.07	0.0	0.033	0.222	0.0	0.0	0.2	0.023	0.0	0.136	0.0	0.2	0.027	0.08	0.286	0.0	1.0	0.0	0.25	0.1	0.65	0.167	0.0	0.333	0.5	0.0	0.031	1.0	0.011	1.0	0.0	0.5	1.0	1.0	0.0	0.5	0.0	0.009	0.053	1.0	0.009	0.021	0.01	0.083
ERR589804_NODE_183_length_96082_cov_14.9851	Crevaviridae	Coarsevirinae	Junduvirus	Junduvirus communis	0.167	0.103	0.062	0.057	0.077	0.062	0.066	0.135	0.071	0.0	0.713	0.109	0.25	0.167	0.067	0.084	0.07	0.167	0.044	0.185	0.5	0.0	0.2	0.008	0.5	0.182	0.0	0.2	0.031	0.08	0.143	0.0	1.0	1.0	0.25	0.05	0.1	0.0	0.5	0.333	1.0	0.0	0.035	1.0	0.0	1.0	1.0	0.5	1.0	0.5	0.0	0.5	1.0	0.009	0.105	1.0	0.009	0.016	0.01	0.065
ERR589807_NODE_175_length_98624_cov_2094.64	Intestiviridae	Crudevirinae	Carjivirus	Carjivirus communis	0.0	0.103	0.055	0.057	0.067	0.053	0.066	0.303	0.082	0.0	0.122	0.248	0.25	0.167	0.067	0.084	0.07	0.0	0.033	0.222	0.0	0.0	0.2	0.023	0.0	0.136	0.0	0.2	0.027	0.08	0.286	0.0	1.0	0.0	0.25	0.1	0.65	0.167	0.0	0.333	0.5	0.0	0.031	1.0	0.011	1.0	0.0	0.5	1.0	1.0	0.0	0.5	0.0	0.009	0.053	1.0	0.009	0.021	0.01	0.083
ERR589811_NODE_183_length_95797_cov_1140.66	Intestiviridae	Crudevirinae	Carjivirus	Carjivirus communis	0.0	0.095	0.055	0.048	0.067	0.053	0.057	0.303	0.071	0.0	0.122	0.248	0.25	0.167	0.057	0.075	0.06	0.0	0.033	0.222	0.0	0.0	0.2	0.023	0.0	0.136	0.0	0.2	0.027	0.08	0.286	0.0	1.0	0.0	0.25	0.1	0.65	0.167	0.0	0.333	0.5	0.0	0.031	1.0	0.011	1.0	0.0	0.5	1.0	1.0	0.0	0.5	0.0	0.005	0.053	1.0	0.005	0.016	0.005	0.065
ERR589813_NODE_172_length_99988_cov_9.80768	Suoliviridae	Bearivirinae	Afonbuvirus	Afonbuvirus coli	0.167	0.362	0.305	0.371	0.288	0.053	0.349	0.079	0.316	0.0	0.104	0.066	0.5	0.667	0.352	0.374	0.37	0.167	0.088	0.111	0.5	0.0	0.6	0.023	0.5	0.773	0.0	0.2	0.027	0.28	0.076	0.0	1.0	1.0	0.75	0.1	0.1	0.0	0.5	0.667	1.0	0.0	0.026	1.0	0.0	1.0	1.0	0.5	1.0	0.5	0.0	0.5	1.0	0.019	0.158	1.0	0.018	0.026	0.02	0.333
ERR589813_NODE_178_length_98616_cov_51.5115	Intestiviridae	Crudevirinae	Carjivirus	Carjivirus communis	0.0	0.103	0.055	0.057	0.067	0.044	0.066	0.315	0.082	0.0	0.122	0.248	0.25	0.167	0.067	0.084	0.07	0.0	0.033	0.222	0.0	0.0	0.2	0.023	0.0	0.136	0.0	0.2	0.027	0.08	0.286	0.0	1.0	0.0	0.25	0.1	0.65	0.167	0.0	0.333	0.5	0.0	0.031	1.0	0.011	1.0	0.0	0.5	1.0	1.0	0.0	0.5	0.0	0.009	0.053	1.0	0.009	0.021	0.01	0.083
ERR589814_NODE_185_length_102005_cov_6.51113	Suoliviridae	Loutivirinae	Buchavirus	Buchavirus hiberniae	0.167	0.569	0.312	0.676	0.558	0.071	0.34	0.135	0.612	0.0	0.078	0.106	0.5	0.833	0.343	0.355	0.36	0.167	0.121	0.148	0.5	0.0	0.8	0.023	0.5	0.409	0.333	0.6	0.027	0.28	0.124	0.0	1.0	1.0	0.75	0.15	0.1	0.0	0.5	0.667	1.0	0.0	0.022	1.0	0.0	1.0	1.0	0.5	1.0	0.5	0.0	0.5	1.0	0.014	0.158	1.0	0.014	0.021	0.015	0.556
ERR589817_NODE_85_length_101984_cov_21.9381	Suoliviridae	Boorivirinae	Canhaevirus	Canhaevirus faecalis	0.167	0.31	0.25	0.286	0.279	0.062	0.274	0.067	0.276	0.0	0.07	0.063	0.5	0.833	0.276	0.299	0.29	0.167	0.099	0.111	0.5	0.0	0.8	0.015	0.5	0.364	0.333	0.0	0.013	0.76	0.076	0.0	1.0	1.0	0.75	0.15	0.1	0.0	0.5	0.667	1.0	0.0	0.022	1.0	0.0	1.0	1.0	0.5	1.0	0.5	0.0	0.5	1.0	0.042	0.158	1.0	0.036	0.031	0.04	0.269
ERR589818_NODE_123_length_100672_cov_68.5318	Suoliviridae	Uncouvirinae	Aurodevirus	Aurodevirus hiberniae	0.167	0.414	0.414	0.381	0.51	0.062	0.934	0.067	0.367	0.0	0.07	0.07	0.5	0.667	0.914	0.907	0.92	0.167	0.099	0.111	0.5	0.0	0.6	0.015	0.5	0.409	0.0	0.4	0.027	0.28	0.076	0.0	1.0	1.0	0.75	0.15	0.1	0.0	0.5	1.0	1.0	0.0	0.018	1.0	0.023	1.0	1.0	0.5	1.0	0.5	0.0	0.5	1.0	0.014	0.158	1.0	0.014	0.021	0.015	0.389
ERR589821_NODE_65_length_97126_cov_5571.81	Intestiviridae	Crudevirinae	Carjivirus	Carjivirus communis	0.0	0.103	0.055	0.057	0.067	0.053	0.066	0.303	0.082	0.0	0.122	0.252	0.25	0.167	0.067	0.084	0.07	0.0	0.033	0.222	0.0	0.0	0.2	0.023	0.0	0.136	0.0	0.2	0.027	0.08	0.286	0.0	1.0	0.0	0.25	0.1	0.65	0.167	0.0	0.333	0.5	0.0	0.031	1.0	0.011	1.0	0.0	0.5	1.0	1.0	0.0	0.5	0.0	0.009	0.053	1.0	0.009	0.021	0.01	0.083
ERR589826_NODE_104_length_99479_cov_523.136	Intestiviridae	Crudevirinae	Carjivirus	Carjivirus communis	0.0	0.103	0.055	0.057	0.067	0.053	0.066	0.303	0.082	0.0	0.122	0.248	0.25	0.167	0.067	0.084	0.07	0.0	0.033	0.222	0.0	0.0	0.2	0.023	0.0	0.136	0.0	0.2	0.027	0.08	0.286	0.0	1.0	0.0	0.25	0.1	0.65	0.167	0.0	0.333	0.5	0.0	0.031	1.0	0.011	1.0	0.0	0.5	1.0	1.0	0.0	0.5	0.0	0.009	0.053	1.0	0.009	0.021	0.01	0.083
ERR589826_NODE_120_length_94996_cov_27.1679	Crevaviridae	Coarsevirinae	Junduvirus	Junduvirus communis	0.167	0.103	0.062	0.057	0.077	0.053	0.066	0.135	0.071	0.0	0.713	0.109	0.25	0.167	0.067	0.084	0.07	0.167	0.044	0.185	0.5	0.0	0.2	0.008	0.5	0.182	0.0	0.2	0.027	0.08	0.143	0.0	1.0	1.0	0.25	0.05	0.1	0.0	0.5	0.333	1.0	0.0	0.031	1.0	0.0	1.0	1.0	0.5	1.0	0.5	0.0	0.5	1.0	0.009	0.105	1.0	0.009	0.016	0.01	0.065
ERR589826_NODE_133_length_91808_cov_9.52867	Crevaviridae	Doltivirinae	Kingevirus	Kingevirus communis	0.167	0.095	0.062	0.038	0.077	0.062	0.057	0.169	0.071	0.0	0.243	0.132	0.25	0.167	0.057	0.065	0.06	0.167	0.066	0.185	0.5	0.0	0.2	0.008	0.5	0.227	0.0	0.0	0.027	0.08	0.171	0.0	1.0	1.0	0.25	0.05	0.1	0.0	0.5	0.333	1.0	0.0	0.044	1.0	0.011	1.0	1.0	0.5	1.0	0.5	0.0	0.5	1.0	0.005	0.105	1.0	0.005	0.005	0.005	0.065
ERR589827_NODE_122_length_98326_cov_41.0203	Intestiviridae	Crudevirinae	Carjivirus	Carjivirus communis	0.0	0.103	0.055	0.057	0.067	0.053	0.066	0.315	0.082	0.0	0.122	0.248	0.25	0.167	0.067	0.084	0.07	0.0	0.033	0.222	0.0	0.0	0.2	0.023	0.0	0.136	0.0	0.2	0.027	0.08	0.286	0.0	1.0	0.0	0.25	0.1	0.65	0.167	0.0	0.333	0.5	0.0	0.031	1.0	0.011	1.0	0.0	0.5	1.0	1.0	0.0	0.5	0.0	0.009	0.053	1.0	0.009	0.021	0.01	0.083
ERR589835_NODE_174_length_96977_cov_65.8124	Suoliviridae	Bearivirinae	Afonbuvirus	Afonbuvirus intestinihominis/faecalis	0.167	0.371	0.32	0.305	0.298	0.053	0.349	0.079	0.357	0.0	0.078	0.066	0.5	0.5	0.352	0.364	0.37	0.167	0.077	0.111	0.5	0.0	0.6	0.023	0.5	0.727	0.0	0.0	0.022	0.28	0.076	0.0	1.0	1.0	0.5	0.1	0.1	0.0	0.5	0.667	1.0	0.0	0.022	1.0	0.0	1.0	1.0	0.5	1.0	0.5	0.0	0.5	1.0	0.019	0.105	1.0	0.018	0.021	0.02	0.333
ERR589835_NODE_192_length_92466_cov_11.6977	Crevaviridae	Doltivirinae	Kingevirus	Kingevirus communis	0.167	0.095	0.062	0.038	0.077	0.062	0.057	0.169	0.071	0.0	0.243	0.126	0.25	0.167	0.057	0.065	0.06	0.167	0.066	0.185	0.5	0.0	0.2	0.008	0.5	0.227	0.0	0.0	0.027	0.08	0.162	0.0	1.0	1.0	0.25	0.05	0.1	0.0	0.5	0.333	1.0	0.0	0.039	1.0	0.011	1.0	1.0	0.5	1.0	0.5	0.0	0.5	1.0	0.005	0.105	1.0	0.005	0.005	0.005	0.065
ERR589836_NODE_124_length_100491_cov_5.94573	Steigviridae	Asinivirinae	Kahnovirus	Kahnovirus oralis	0.167	0.147	0.094	0.067	0.106	0.558	0.057	0.124	0.082	0.0	0.061	0.079	0.25	0.167	0.057	0.065	0.06	0.667	0.495	0.111	0.5	0.0	0.2	0.015	0.5	0.318	1.0	0.2	0.054	0.12	0.095	0.0	1.0	1.0	0.25	0.65	0.1	0.0	0.5	0.333	1.0	0.0	0.057	1.0	0.011	1.0	1.0	0.5	1.0	0.5	0.0	0.5	1.0	0.005	0.632	1.0	0.005	0.005	0.005	0.065
ERR589836_NODE_132_length_97990_cov_15.6475	Intestiviridae	Crudevirinae	Carjivirus	Carjivirus communis	0.0	0.103	0.055	0.057	0.067	0.044	0.066	0.303	0.082	0.0	0.122	0.258	0.25	0.167	0.067	0.084	0.07	0.0	0.033	0.222	0.0	0.0	0.2	0.023	0.0	0.136	0.0	0.2	0.027	0.08	0.295	0.0	1.0	0.0	0.25	0.1	0.65	0.167	0.0	0.333	0.5	0.0	0.031	1.0	0.011	1.0	0.0	0.5	1.0	1.0	0.0	0.5	0.0	0.009	0.053	1.0	0.009	0.021	0.01	0.083
ERR589843_NODE_134_length_102073_cov_9.78706	Suoliviridae	Boorivirinae	Canhaevirus	Canhaevirus hiberniae	0.167	0.336	0.273	0.305	0.298	0.062	0.292	0.079	0.306	0.0	0.078	0.066	0.5	0.833	0.295	0.318	0.31	0.167	0.11	0.111	0.5	0.0	0.8	0.015	0.5	0.364	0.333	0.2	0.022	0.56	0.076	0.0	1.0	1.0	1.0	0.2	0.1	0.0	0.5	0.667	1.0	0.0	0.022	1.0	0.0	1.0	1.0	0.5	1.0	0.5	0.0	0.5	1.0	0.019	0.158	1.0	0.018	0.021	0.02	0.287
ERR589848_NODE_158_length_99263_cov_37.5295	Suoliviridae	Uncouvirinae	Aurodevirus	Aurodevirus hiberniae	0.167	0.414	0.406	0.333	0.49	0.062	0.925	0.067	0.378	0.0	0.07	0.07	0.5	0.5	0.905	0.897	0.92	0.167	0.088	0.111	0.5	0.0	0.6	0.015	0.5	0.409	0.0	0.4	0.027	0.28	0.076	0.0	1.0	1.0	0.5	0.15	0.1	0.0	0.5	1.0	1.0	0.0	0.013	1.0	0.023	1.0	1.0	0.5	1.0	0.5	0.0	0.5	1.0	0.014	0.105	1.0	0.014	0.021	0.015	0.37
ERR589848_NODE_206_length_90462_cov_52.7397	Crevaviridae	Doltivirinae	Kingevirus	Kingevirus communis	0.167	0.095	0.062	0.038	0.077	0.062	0.057	0.157	0.071	0.0	0.243	0.123	0.25	0.167	0.057	0.065	0.06	0.167	0.055	0.185	0.5	0.0	0.2	0.008	0.5	0.227	0.0	0.0	0.027	0.08	0.152	0.0	1.0	1.0	0.25	0.05	0.1	0.0	0.5	0.333	1.0	0.0	0.035	1.0	0.011	1.0	1.0	0.5	1.0	0.5	0.0	0.5	1.0	0.005	0.105	1.0	0.005	0.005	0.005	0.065
ERR589851_NODE_110_length_101537_cov_76.3839	Steigviridae	Asinivirinae	Kahnovirus	Kahnovirus oralis	0.167	0.155	0.094	0.105	0.115	0.549	0.066	0.124	0.092	0.0	0.052	0.079	0.25	0.333	0.067	0.084	0.07	0.667	0.527	0.111	0.5	0.0	0.2	0.015	0.5	0.318	1.0	0.2	0.049	0.12	0.095	0.0	1.0	1.0	0.5	0.65	0.1	0.0	0.5	0.333	1.0	0.0	0.066	1.0	0.011	1.0	1.0	0.5	1.0	0.5	0.0	0.5	1.0	0.009	0.684	1.0	0.009	0.01	0.01	0.093
ERR589852_NODE_269_length_93435_cov_9.78746	Crevaviridae	Coarsevirinae	Junduvirus	Junduvirus communis	0.167	0.103	0.062	0.057	0.077	0.062	0.066	0.135	0.071	0.0	0.765	0.109	0.25	0.167	0.067	0.084	0.07	0.167	0.044	0.185	0.5	0.0	0.2	0.008	0.5	0.182	0.0	0.2	0.031	0.08	0.143	0.0	1.0	1.0	0.25	0.05	0.1	0.0	0.5	0.333	1.0	0.0	0.035	1.0	0.0	1.0	1.0	0.5	1.0	0.5	0.0	0.5	1.0	0.009	0.105	1.0	0.009	0.016	0.01	0.065
ERR589853_NODE_110_length_92253_cov_12.0089	Crevaviridae	Doltivirinae	Kingevirus	Kingevirus communis	0.167	0.095	0.062	0.038	0.077	0.062	0.057	0.169	0.071	0.0	0.243	0.126	0.25	0.167	0.057	0.065	0.06	0.167	0.066	0.185	0.5	0.0	0.2	0.008	0.5	0.227	0.0	0.0	0.027	0.08	0.162	0.0	1.0	1.0	0.25	0.05	0.1	0.0	0.5	0.333	1.0	0.0	0.039	1.0	0.011	1.0	1.0	0.5	1.0	0.5	0.0	0.5	1.0	0.005	0.105	1.0	0.005	0.005	0.005	0.065
ERR589856_NODE_160_length_99420_cov_996.622	Suoliviridae	Bearivirinae	Afonbuvirus	Afonbuvirus intestinihominis/faecalis	0.167	0.353	0.328	0.352	0.308	0.053	0.349	0.09	0.327	0.0	0.078	0.066	0.5	0.667	0.352	0.374	0.37	0.167	0.088	0.111	0.5	0.0	0.6	0.023	0.5	0.773	0.0	0.0	0.022	0.28	0.076	0.0	1.0	1.0	0.75	0.1	0.1	0.0	0.5	0.667	1.0	0.0	0.026	1.0	0.0	1.0	1.0	0.5	1.0	0.5	0.0	0.5	1.0	0.014	0.158	1.0	0.014	0.016	0.015	0.306
ERR589874_NODE_149_length_91639_cov_83.8167	Intestiviridae	Crudevirinae	Dabirmavirus	Dabirmavirus hominis	0.167	0.103	0.062	0.057	0.096	0.053	0.085	0.303	0.071	0.0	0.148	0.268	0.25	0.167	0.105	0.084	0.08	0.167	0.077	0.259	0.5	0.0	0.2	0.015	0.5	0.182	0.0	0.0	0.027	0.08	0.305	0.0	1.0	1.0	0.25	0.05	0.75	0.0	0.5	0.333	1.0	0.0	0.048	1.0	0.011	1.0	1.0	0.5	1.0	1.0	0.0	0.5	1.0	0.005	0.105	1.0	0.005	0.005	0.005	0.065
ERR843936_ms_1	Intestiviridae	Crudevirinae	Carjivirus	Carjivirus communis	0.0	0.095	0.07	0.048	0.077	0.062	0.057	0.315	0.071	0.0	0.122	0.255	0.25	0.167	0.057	0.075	0.06	0.0	0.055	0.222	0.0	0.0	0.2	0.03	0.0	0.136	0.0	0.2	0.027	0.08	0.295	0.0	1.0	0.0	0.25	0.1	0.65	0.167	0.0	0.333	0.5	0.0	0.031	1.0	0.011	1.0	0.0	0.5	1.0	1.0	0.0	0.5	0.0	0.005	0.053	1.0	0.005	0.016	0.005	0.065
ERR843949_ms_1	Suoliviridae	Boorivirinae	Culoivirus	Culoivirus intestinalis	0.167	0.353	0.258	0.295	0.298	0.071	0.321	0.079	0.306	0.0	0.078	0.066	0.5	0.5	0.324	0.336	0.34	0.167	0.099	0.111	0.5	0.0	0.6	0.015	0.5	0.364	0.333	0.2	0.031	0.88	0.076	0.0	1.0	1.0	0.5	0.15	0.1	0.0	0.5	0.667	1.0	0.0	0.022	1.0	0.0	1.0	1.0	0.5	1.0	0.5	0.0	0.5	1.0	0.037	0.105	1.0	0.027	0.021	0.03	0.306
ERR843949_ms_3	Intestiviridae	Crudevirinae	Diorhovirus	Diorhovirus copri	0.0	0.103	0.055	0.048	0.087	0.053	0.085	0.337	0.082	0.0	0.13	0.281	0.25	0.167	0.086	0.093	0.08	0.0	0.077	0.259	0.0	0.0	0.2	0.015	0.0	0.136	0.0	0.2	0.027	0.08	0.333	0.0	1.0	0.0	0.25	0.1	0.75	0.167	0.0	0.333	0.5	0.0	0.039	1.0	0.023	1.0	0.0	0.5	1.0	1.0	0.0	0.5	0.0	0.0	0.053	1.0	0.0	0.01	0.0	0.074
ERR843983_ms_1	Intestiviridae	Crudevirinae	Carjivirus	Carjivirus communis	0.0	0.103	0.055	0.057	0.067	0.053	0.066	0.303	0.082	0.0	0.122	0.248	0.25	0.167	0.067	0.084	0.07	0.0	0.033	0.222	0.0	0.0	0.2	0.023	0.0	0.136	0.0	0.2	0.027	0.08	0.286	0.0	1.0	0.0	0.25	0.1	0.65	0.167	0.0	0.333	0.5	0.0	0.031	1.0	0.011	1.0	0.0	0.5	1.0	1.0	0.0	0.5	0.0	0.009	0.053	1.0	0.009	0.021	0.01	0.083
ERR844006_ms_1	Intestiviridae	Crudevirinae	Carjivirus	Carjivirus hominis	0.0	0.095	0.055	0.048	0.067	0.053	0.057	0.292	0.071	0.0	0.122	0.248	0.25	0.167	0.057	0.075	0.06	0.0	0.033	0.222	0.0	0.0	0.2	0.023	0.0	0.136	0.0	0.2	0.027	0.08	0.286	0.0	1.0	0.0	0.25	0.1	0.65	0.167	0.0	0.333	0.5	0.0	0.031	1.0	0.011	1.0	0.0	0.5	1.0	1.0	0.0	0.5	0.0	0.005	0.053	1.0	0.005	0.016	0.005	0.065
ERR844016_ms_1	Suoliviridae	Loutivirinae	Blohavirus	Blohavirus americanus	0.167	0.793	0.297	0.571	0.654	0.08	0.368	0.09	0.898	0.0	0.078	0.073	0.5	0.833	0.371	0.364	0.38	0.167	0.11	0.111	0.5	0.0	0.8	0.023	0.5	0.455	0.0	0.4	0.027	0.28	0.076	0.0	1.0	1.0	0.75	0.15	0.1	0.0	1.0	0.667	1.0	0.0	0.048	1.0	0.023	1.0	1.0	0.5	1.0	0.5	0.0	0.5	1.0	0.023	0.158	1.0	0.023	0.026	0.025	0.778
ERR844018_ms_1	Intestiviridae	Crudevirinae	Carjivirus	Carjivirus communis	0.0	0.095	0.055	0.048	0.067	0.053	0.057	0.303	0.071	0.0	0.122	0.248	0.25	0.167	0.057	0.075	0.06	0.0	0.033	0.222	0.0	0.0	0.2	0.023	0.0	0.136	0.0	0.2	0.027	0.08	0.286	0.0	1.0	0.0	0.25	0.1	0.65	0.167	0.0	0.333	0.5	0.0	0.031	1.0	0.011	1.0	0.0	0.5	1.0	1.0	0.0	0.5	0.0	0.005	0.053	1.0	0.005	0.016	0.005	0.065
ERR844018_ms_3	Intestiviridae	Crudevirinae	Dabirmavirus	Dabirmavirus hominis	0.167	0.103	0.062	0.057	0.087	0.053	0.066	0.326	0.071	0.0	0.139	0.288	0.25	0.167	0.067	0.075	0.07	0.167	0.077	0.296	0.5	0.0	0.2	0.015	0.5	0.182	0.0	0.0	0.031	0.08	0.324	0.0	1.0	1.0	0.25	0.05	0.7	0.0	0.5	0.333	1.0	0.0	0.053	1.0	0.011	1.0	1.0	0.5	1.0	1.0	0.0	0.5	1.0	0.005	0.105	1.0	0.005	0.005	0.005	0.065
ERR844025_ms_1	Suoliviridae	Boorivirinae	Culoivirus	Culoivirus americanus	0.167	0.353	0.266	0.267	0.298	0.062	0.321	0.079	0.296	0.0	0.078	0.066	0.5	0.667	0.324	0.327	0.34	0.167	0.088	0.111	0.5	0.0	0.8	0.015	0.5	0.364	0.333	0.0	0.031	0.84	0.076	0.0	1.0	1.0	0.5	0.15	0.1	0.0	0.5	0.667	1.0	0.0	0.026	1.0	0.0	1.0	1.0	0.5	1.0	0.5	0.0	0.5	1.0	0.028	0.105	1.0	0.023	0.016	0.025	0.296
ERR844029_ms_3	Steigviridae	Asinivirinae	Kahnovirus	Kahnovirus oralis	0.167	0.147	0.086	0.067	0.096	0.54	0.057	0.124	0.082	0.0	0.052	0.079	0.25	0.167	0.057	0.065	0.06	0.667	0.505	0.111	0.5	0.0	0.2	0.015	0.5	0.318	1.0	0.2	0.049	0.12	0.095	0.0	1.0	1.0	0.25	0.65	0.1	0.0	0.5	0.333	1.0	0.0	0.053	1.0	0.011	1.0	1.0	0.5	1.0	0.5	0.0	0.5	1.0	0.005	0.632	1.0	0.005	0.005	0.005	0.065
ERR844030_ms_1	Suoliviridae	Boorivirinae	Cohcovirus	Cohcovirus splanchnicus	0.167	0.362	0.258	0.305	0.308	0.062	0.302	0.079	0.337	0.0	0.078	0.066	0.5	0.5	0.305	0.318	0.32	0.167	0.099	0.111	0.5	0.0	0.6	0.015	0.5	0.364	0.333	0.2	0.031	0.56	0.076	0.0	1.0	1.0	0.75	0.15	0.1	0.0	1.0	0.667	1.0	0.0	0.018	1.0	0.0	1.0	1.0	0.5	1.0	0.5	0.0	0.5	1.0	0.019	0.105	1.0	0.018	0.021	0.02	0.315
ERR844035_ms_1	Suoliviridae	Boorivirinae	Cohcovirus	Cohcovirus splanchnicus	0.167	0.353	0.273	0.324	0.317	0.062	0.302	0.079	0.327	0.0	0.078	0.066	0.5	0.667	0.305	0.327	0.32	0.167	0.11	0.111	0.5	0.0	0.6	0.015	0.5	0.364	0.333	0.2	0.031	0.56	0.076	0.0	1.0	1.0	1.0	0.2	0.1	0.0	1.0	0.667	1.0	0.0	0.022	1.0	0.0	1.0	1.0	0.5	1.0	0.5	0.0	0.5	1.0	0.019	0.158	1.0	0.018	0.021	0.02	0.315
ERR844040_ms_1	Intestiviridae	Crudevirinae	Delmidovirus	Delmidovirus intestinihominis	0.0	0.086	0.055	0.048	0.077	0.044	0.057	0.326	0.061	0.0	0.122	0.265	0.25	0.167	0.067	0.084	0.06	0.0	0.055	0.222	0.0	0.0	0.2	0.015	0.0	0.136	0.0	0.2	0.027	0.08	0.324	0.0	1.0	0.0	0.25	0.05	0.65	0.167	0.0	0.333	0.5	0.0	0.039	1.0	0.0	1.0	0.0	0.5	1.0	1.0	0.0	0.5	0.0	0.0	0.053	1.0	0.0	0.01	0.0	0.056
ERR844045_ms_1	Intestiviridae	Crudevirinae	Carjivirus	Carjivirus communis	0.0	0.103	0.07	0.057	0.077	0.062	0.066	0.337	0.082	0.0	0.122	0.255	0.25	0.167	0.067	0.084	0.07	0.0	0.055	0.222	0.0	0.0	0.2	0.03	0.0	0.136	0.0	0.2	0.027	0.08	0.295	0.0	1.0	0.0	0.25	0.1	0.65	0.167	0.0	0.333	0.5	0.0	0.031	1.0	0.011	1.0	0.0	0.5	1.0	1.0	0.0	0.5	0.0	0.009	0.053	1.0	0.009	0.021	0.01	0.083
ERR844047_ms_3	Suoliviridae	Uncouvirinae	Aurodevirus	Aurodevirus hiberniae	0.167	0.379	0.406	0.362	0.49	0.071	0.906	0.079	0.337	0.0	0.07	0.07	0.5	0.667	0.886	0.916	0.89	0.167	0.11	0.111	0.5	0.0	0.6	0.023	0.5	0.409	0.0	0.4	0.022	0.28	0.086	0.0	1.0	1.0	0.75	0.15	0.1	0.0	0.5	1.0	1.0	0.0	0.018	1.0	0.023	1.0	1.0	0.5	1.0	0.5	0.0	0.5	1.0	0.014	0.158	1.0	0.014	0.021	0.015	0.352
ERR844065_ms_1	Steigviridae	Asinivirinae	Kolpuevirus	Kolpuevirus hominis	0.167	0.121	0.086	0.057	0.096	0.912	0.066	0.067	0.092	0.0	0.061	0.053	0.25	0.167	0.067	0.084	0.06	0.667	0.451	0.111	0.5	0.0	0.2	0.015	0.5	0.227	1.0	0.2	0.049	0.12	0.057	0.0	1.0	1.0	0.25	0.9	0.1	0.0	0.5	0.333	1.0	0.0	0.061	1.0	0.011	1.0	1.0	0.5	1.0	0.5	0.0	0.5	1.0	0.005	0.842	1.0	0.005	0.005	0.005	0.074
ERR844070_ms_2	Suoliviridae	Oafivirinae	Burzaovirus	Burzaovirus coli	0.167	0.259	0.227	0.238	0.24	0.071	0.236	0.079	0.265	0.0	0.078	0.106	0.75	0.5	0.238	0.252	0.25	0.167	0.088	0.111	0.5	0.0	0.6	0.015	0.5	0.318	0.333	0.4	0.031	0.24	0.105	0.0	1.0	1.0	0.5	0.15	0.1	0.0	1.0	0.667	1.0	0.0	0.026	1.0	0.0	1.0	1.0	0.5	1.0	0.5	0.0	0.5	1.0	0.014	0.105	1.0	0.014	0.021	0.015	0.231
ERR844077_ms_2	Suoliviridae	Loutivirinae	Buchavirus	Buchavirus intestinalis	0.167	0.5	0.297	0.876	0.548	0.053	0.33	0.079	0.582	0.0	0.078	0.096	0.5	0.833	0.333	0.355	0.35	0.167	0.088	0.111	0.5	0.0	0.8	0.023	0.5	0.318	0.0	0.4	0.036	0.24	0.105	0.0	1.0	1.0	0.75	0.1	0.1	0.0	0.5	0.667	1.0	0.0	0.026	1.0	0.0	1.0	1.0	0.5	1.0	0.5	0.0	0.5	1.0	0.023	0.158	1.0	0.023	0.031	0.025	0.556
F10_NODE_1_length_96892_cov_1695.602518	Suoliviridae	Bearivirinae	Afonbuvirus	Afonbuvirus intestinihominis/faecalis	0.167	0.353	0.312	0.362	0.308	0.053	0.368	0.09	0.327	0.0	0.087	0.066	0.5	0.667	0.371	0.393	0.39	0.167	0.088	0.111	0.5	0.0	0.6	0.023	0.5	0.818	0.0	0.2	0.027	0.28	0.076	0.0	1.0	1.0	0.75	0.1	0.1	0.0	0.5	0.667	1.0	0.0	0.026	1.0	0.0	1.0	1.0	0.5	1.0	0.5	0.0	0.5	1.0	0.019	0.158	1.0	0.018	0.026	0.02	0.315
F2M.1.NODE_1_length_97876_cov_8.385428	Intestiviridae	Crudevirinae	Carjivirus	Carjivirus communis	0.0	0.095	0.055	0.048	0.067	0.053	0.057	0.292	0.071	0.0	0.122	0.252	0.25	0.167	0.057	0.075	0.06	0.0	0.033	0.222	0.0	0.0	0.2	0.023	0.0	0.136	0.0	0.2	0.027	0.08	0.286	0.0	1.0	0.0	0.25	0.1	0.65	0.167	0.0	0.333	0.5	0.0	0.031	1.0	0.011	1.0	0.0	0.5	1.0	1.0	0.0	0.5	0.0	0.005	0.053	1.0	0.005	0.016	0.005	0.065
F2T1.2.NODE_1_length_97120_cov_58.884747	Intestiviridae	Crudevirinae	Carjivirus	Carjivirus communis	0.0	0.095	0.055	0.048	0.067	0.053	0.057	0.315	0.071	0.0	0.122	0.252	0.25	0.167	0.057	0.075	0.06	0.0	0.033	0.222	0.0	0.0	0.2	0.023	0.0	0.136	0.0	0.2	0.027	0.08	0.286	0.0	1.0	0.0	0.25	0.1	0.65	0.167	0.0	0.333	0.5	0.0	0.031	1.0	0.011	1.0	0.0	0.5	1.0	1.0	0.0	0.5	0.0	0.005	0.053	1.0	0.005	0.016	0.005	0.065
F3T1.2.NODE_1_length_93869_cov_36.327307	Intestiviridae	Crudevirinae	Carjivirus	Carjivirus communis	0.0	0.095	0.055	0.048	0.067	0.053	0.057	0.292	0.071	0.0	0.122	0.242	0.25	0.167	0.057	0.075	0.06	0.0	0.033	0.222	0.0	0.0	0.2	0.023	0.0	0.136	0.0	0.2	0.027	0.08	0.276	0.0	1.0	0.0	0.25	0.1	0.65	0.167	0.0	0.333	0.5	0.0	0.031	1.0	0.011	1.0	0.0	0.5	1.0	1.0	0.0	0.5	0.0	0.005	0.053	1.0	0.005	0.016	0.005	0.065
F4T2.1.NODE_1_length_94988_cov_32.078160	Intestiviridae	Crudevirinae	Carjivirus	Carjivirus communis	0.0	0.095	0.055	0.048	0.067	0.053	0.057	0.303	0.071	0.0	0.122	0.248	0.25	0.167	0.057	0.075	0.06	0.0	0.033	0.222	0.0	0.0	0.2	0.023	0.0	0.136	0.0	0.2	0.027	0.08	0.286	0.0	1.0	0.0	0.25	0.1	0.65	0.167	0.0	0.333	0.5	0.0	0.031	1.0	0.011	1.0	0.0	0.5	1.0	1.0	0.0	0.5	0.0	0.005	0.053	1.0	0.005	0.016	0.005	0.065
F4_NODE_1_length_100650_cov_839.811104	Suoliviridae	Loutivirinae	Buchavirus	Buchavirus intestinalis	0.167	0.5	0.305	0.848	0.548	0.053	0.302	0.067	0.582	0.0	0.078	0.066	0.5	0.833	0.305	0.336	0.32	0.167	0.088	0.111	0.5	0.0	0.8	0.023	0.5	0.318	0.0	0.6	0.036	0.24	0.076	0.0	1.0	1.0	0.75	0.1	0.1	0.0	0.5	0.667	1.0	0.0	0.026	1.0	0.0	1.0	1.0	0.5	1.0	0.5	0.0	0.5	1.0	0.023	0.158	1.0	0.023	0.031	0.025	0.556
F6_NODE_4_length_91062_cov_72.306460	Crevaviridae	Doltivirinae	Kingevirus	Kingevirus communis	0.167	0.095	0.062	0.038	0.067	0.062	0.047	0.146	0.071	0.0	0.243	0.116	0.25	0.167	0.048	0.065	0.05	0.167	0.044	0.185	0.5	0.0	0.2	0.008	0.5	0.227	0.0	0.0	0.027	0.08	0.152	0.0	1.0	1.0	0.25	0.05	0.1	0.0	0.5	0.333	1.0	0.0	0.035	1.0	0.0	1.0	1.0	0.5	1.0	0.5	0.0	0.5	1.0	0.005	0.105	1.0	0.005	0.005	0.005	0.065
F7_NODE_3_length_95675_cov_221.603744	Crevaviridae	Coarsevirinae	Junduvirus	Junduvirus communis	0.167	0.103	0.062	0.057	0.077	0.062	0.066	0.135	0.071	0.0	0.757	0.109	0.25	0.167	0.067	0.084	0.07	0.167	0.044	0.185	0.5	0.0	0.2	0.008	0.5	0.182	0.0	0.2	0.031	0.08	0.143	0.0	1.0	1.0	0.25	0.05	0.1	0.0	0.5	0.333	1.0	0.0	0.035	1.0	0.0	1.0	1.0	0.5	1.0	0.5	0.0	0.5	1.0	0.009	0.105	1.0	0.009	0.016	0.01	0.065
Fferm_ms_11	Steigviridae	Asinivirinae	Lebriduvirus	Lebriduvirus gastrointestinalis	0.167	0.103	0.102	0.057	0.096	0.575	0.057	0.101	0.071	0.0	0.052	0.073	0.25	0.167	0.057	0.065	0.06	0.667	0.505	0.111	0.5	0.0	0.2	0.015	0.5	0.227	1.0	0.2	0.058	0.12	0.086	0.0	1.0	1.0	0.25	0.7	0.1	0.0	0.5	0.333	1.0	0.0	0.075	1.0	0.011	1.0	1.0	0.5	1.0	0.5	0.0	0.5	1.0	0.009	0.632	1.0	0.009	0.005	0.01	0.056
G10_NODE_3_length_100255_cov_4594.188553	Suoliviridae	Uncouvirinae	Birpovirus	Birpovirus hominis	0.167	0.526	0.414	0.371	0.356	0.08	0.585	0.079	0.5	0.0	0.07	0.07	0.5	0.667	0.59	0.57	0.61	0.167	0.099	0.111	0.5	0.0	0.8	0.03	0.5	0.5	0.0	0.2	0.022	0.28	0.076	0.0	1.0	1.0	0.5	0.15	0.1	0.0	0.5	0.667	1.0	0.0	0.022	1.0	0.023	1.0	1.0	0.5	1.0	0.5	0.0	0.5	1.0	0.028	0.105	1.0	0.027	0.031	0.03	0.491
G3_WGS_contig_51_2_length_97737_read_count_6388982	Suoliviridae	Boorivirinae	Cohcovirus	Cohcovirus splanchnicus	0.167	0.362	0.273	0.324	0.327	0.062	0.302	0.079	0.337	0.0	0.07	0.066	0.5	0.667	0.305	0.327	0.32	0.167	0.11	0.111	0.5	0.0	0.6	0.015	0.5	0.364	0.333	0.2	0.031	0.56	0.076	0.0	1.0	1.0	1.0	0.15	0.1	0.0	1.0	0.667	1.0	0.0	0.022	1.0	0.0	1.0	1.0	0.5	1.0	0.5	0.0	0.5	1.0	0.019	0.158	1.0	0.018	0.021	0.02	0.324
HvCF_A11_ms_1	Intestiviridae	Crudevirinae	Carjivirus	Carjivirus communis	0.0	0.095	0.055	0.048	0.067	0.053	0.057	0.303	0.071	0.0	0.122	0.252	0.25	0.167	0.057	0.075	0.06	0.0	0.033	0.222	0.0	0.0	0.2	0.023	0.0	0.136	0.0	0.2	0.027	0.08	0.286	0.0	1.0	0.0	0.25	0.1	0.65	0.167	0.0	0.333	0.5	0.0	0.031	1.0	0.011	1.0	0.0	0.5	1.0	1.0	0.0	0.5	0.0	0.005	0.053	1.0	0.005	0.016	0.005	0.065
HvCF_B1_ms_5	Suoliviridae	Oafivirinae	Burzaovirus	Burzaovirus coli	0.167	0.259	0.227	0.238	0.24	0.071	0.236	0.079	0.265	0.0	0.078	0.106	0.75	0.5	0.238	0.252	0.25	0.167	0.088	0.111	0.5	0.0	0.6	0.015	0.5	0.318	0.333	0.4	0.031	0.24	0.105	0.0	1.0	1.0	0.5	0.15	0.1	0.0	1.0	0.667	1.0	0.0	0.026	1.0	0.0	1.0	1.0	0.5	1.0	0.5	0.0	0.5	1.0	0.014	0.105	1.0	0.014	0.021	0.015	0.231
HvCF_B1_ms_8	Intestiviridae	Crudevirinae	Dabirmavirus	Dabirmavirus hominis	0.167	0.103	0.062	0.057	0.087	0.053	0.066	0.326	0.071	0.0	0.148	0.281	0.25	0.167	0.067	0.075	0.07	0.167	0.077	0.296	0.5	0.0	0.2	0.015	0.5	0.182	0.0	0.0	0.031	0.08	0.314	0.0	1.0	1.0	0.25	0.05	0.65	0.0	0.5	0.333	1.0	0.0	0.057	1.0	0.011	1.0	1.0	0.5	1.0	1.0	0.0	0.5	1.0	0.005	0.105	1.0	0.005	0.005	0.005	0.065
HvCF_B5_ms_2	Crevaviridae	Coarsevirinae	Junduvirus	Junduvirus copri	0.167	0.103	0.07	0.057	0.077	0.062	0.066	0.135	0.071	0.0	0.678	0.109	0.25	0.167	0.067	0.084	0.07	0.167	0.044	0.185	0.5	0.0	0.2	0.008	0.5	0.182	0.0	0.2	0.031	0.08	0.143	0.0	1.0	1.0	0.25	0.05	0.1	0.0	0.5	0.333	1.0	0.0	0.035	1.0	0.0	1.0	1.0	0.5	1.0	0.5	0.0	0.5	1.0	0.009	0.105	1.0	0.009	0.016	0.01	0.065
HvCF_C7_ms_2	Suoliviridae	Oafivirinae	Burzaovirus	Burzaovirus intestinihominis	0.167	0.259	0.227	0.238	0.25	0.071	0.236	0.079	0.265	0.0	0.078	0.106	0.75	0.5	0.238	0.252	0.25	0.167	0.088	0.111	0.5	0.0	0.6	0.015	0.5	0.318	0.333	0.4	0.031	0.24	0.105	0.0	1.0	1.0	0.5	0.15	0.1	0.0	1.0	0.667	1.0	0.0	0.026	1.0	0.0	1.0	1.0	0.5	1.0	0.5	0.0	0.5	1.0	0.014	0.105	1.0	0.014	0.021	0.015	0.231
HvCF_D10_ms_2	Intestiviridae	Crudevirinae	Carjivirus	Carjivirus communis	0.0	0.103	0.055	0.057	0.067	0.053	0.066	0.315	0.082	0.0	0.122	0.248	0.25	0.167	0.067	0.084	0.07	0.0	0.033	0.222	0.0	0.0	0.2	0.023	0.0	0.136	0.0	0.2	0.027	0.08	0.286	0.0	1.0	0.0	0.25	0.1	0.65	0.167	0.0	0.333	0.5	0.0	0.031	1.0	0.011	1.0	0.0	0.5	1.0	1.0	0.0	0.5	0.0	0.009	0.053	1.0	0.009	0.021	0.01	0.083
HvCF_D1_ms_1	Intestiviridae	Crudevirinae	Carjivirus	Carjivirus communis	0.0	0.095	0.07	0.048	0.077	0.062	0.057	0.326	0.071	0.0	0.122	0.262	0.25	0.167	0.057	0.075	0.06	0.0	0.055	0.222	0.0	0.0	0.2	0.03	0.0	0.136	0.0	0.2	0.027	0.08	0.305	0.0	1.0	0.0	0.25	0.1	0.65	0.167	0.0	0.333	0.5	0.0	0.035	1.0	0.011	1.0	0.0	0.5	1.0	1.0	0.0	0.5	0.0	0.005	0.053	1.0	0.005	0.016	0.005	0.065
HvCF_D5_ms_2	Steigviridae	Asinivirinae	Lebriduvirus	Lebriduvirus gastrointestinalis	0.167	0.147	0.07	0.067	0.087	0.566	0.057	0.09	0.082	0.0	0.061	0.066	0.25	0.167	0.057	0.065	0.06	0.667	0.495	0.111	0.5	0.0	0.2	0.008	0.5	0.318	1.0	0.2	0.071	0.12	0.076	0.0	1.0	1.0	0.25	0.7	0.1	0.0	0.5	0.333	1.0	0.0	0.079	1.0	0.011	1.0	1.0	0.5	1.0	0.5	0.0	0.5	1.0	0.009	0.632	1.0	0.009	0.005	0.01	0.065
HvCF_D5_ms_4	Intestiviridae	Churivirinae	Jahgtovirus	Jahgtovirus gastrointestinalis	0.167	0.086	0.078	0.048	0.087	0.044	0.066	0.685	0.061	0.0	0.13	0.606	0.25	0.167	0.067	0.075	0.07	0.167	0.099	0.926	0.5	0.0	0.2	0.023	0.5	0.182	0.0	0.0	0.018	0.08	0.695	0.0	1.0	1.0	0.25	0.05	0.35	0.0	0.5	0.333	1.0	0.0	0.035	1.0	0.011	1.0	1.0	0.5	1.0	1.0	0.0	0.5	1.0	0.005	0.105	1.0	0.005	0.005	0.005	0.056
HvCF_D6_ms_5	Intestiviridae	Crudevirinae	Carjivirus	Carjivirus communis	0.0	0.103	0.055	0.057	0.067	0.053	0.066	0.303	0.082	0.0	0.122	0.248	0.25	0.167	0.067	0.084	0.07	0.0	0.033	0.222	0.0	0.0	0.2	0.023	0.0	0.136	0.0	0.2	0.027	0.08	0.286	0.0	1.0	0.0	0.25	0.1	0.65	0.167	0.0	0.333	0.5	0.0	0.031	1.0	0.011	1.0	0.0	0.5	1.0	1.0	0.0	0.5	0.0	0.009	0.053	1.0	0.009	0.021	0.01	0.083
HvCF_E10_ms_1	Intestiviridae	Crudevirinae	Carjivirus	Carjivirus communis	0.0	0.095	0.055	0.048	0.067	0.053	0.057	0.303	0.071	0.0	0.122	0.255	0.25	0.167	0.057	0.075	0.06	0.0	0.033	0.222	0.0	0.0	0.2	0.023	0.0	0.136	0.0	0.2	0.027	0.08	0.295	0.0	1.0	0.0	0.25	0.1	0.65	0.167	0.0	0.333	0.5	0.0	0.035	1.0	0.011	1.0	0.0	0.5	1.0	1.0	0.0	0.5	0.0	0.005	0.053	1.0	0.005	0.016	0.005	0.065
HvCF_E4_ms_4	Suoliviridae	Loutivirinae	Buchavirus	Buchavirus hiberniae	0.167	0.569	0.305	0.676	0.529	0.062	0.33	0.112	0.602	0.0	0.078	0.099	0.5	0.833	0.333	0.364	0.35	0.167	0.099	0.148	0.5	0.0	0.8	0.015	0.5	0.409	0.333	0.4	0.027	0.28	0.114	0.0	1.0	1.0	0.75	0.15	0.1	0.0	0.5	0.667	1.0	0.0	0.022	1.0	0.0	1.0	1.0	0.5	1.0	0.5	0.0	0.5	1.0	0.014	0.158	1.0	0.014	0.021	0.015	0.556
HvCF_E5_ms_1	Intestiviridae	Crudevirinae	Carjivirus	Carjivirus communis	0.0	0.095	0.055	0.048	0.067	0.053	0.057	0.303	0.071	0.0	0.122	0.248	0.25	0.167	0.057	0.075	0.06	0.0	0.033	0.222	0.0	0.0	0.2	0.023	0.0	0.136	0.0	0.2	0.027	0.08	0.286	0.0	1.0	0.0	0.25	0.1	0.65	0.167	0.0	0.333	0.5	0.0	0.031	1.0	0.011	1.0	0.0	0.5	1.0	1.0	0.0	0.5	0.0	0.005	0.053	1.0	0.005	0.016	0.005	0.065
HvCF_E6_ms_1	Intestiviridae	Crudevirinae	Carjivirus	Carjivirus communis	0.0	0.095	0.055	0.048	0.067	0.044	0.057	0.315	0.071	0.0	0.122	0.248	0.25	0.167	0.057	0.075	0.06	0.0	0.033	0.222	0.0	0.0	0.2	0.023	0.0	0.136	0.0	0.2	0.027	0.08	0.286	0.0	1.0	0.0	0.25	0.1	0.65	0.167	0.0	0.333	0.5	0.0	0.031	1.0	0.011	1.0	0.0	0.5	1.0	1.0	0.0	0.5	0.0	0.005	0.053	1.0	0.005	0.016	0.005	0.065
HvCF_E8_ms_1	Intestiviridae	Crudevirinae	Carjivirus	Carjivirus communis	0.0	0.103	0.055	0.057	0.067	0.053	0.066	0.292	0.082	0.0	0.113	0.252	0.25	0.167	0.067	0.084	0.07	0.0	0.033	0.222	0.0	0.0	0.2	0.023	0.0	0.136	0.0	0.2	0.027	0.08	0.286	0.0	1.0	0.0	0.25	0.1	0.65	0.167	0.0	0.333	0.5	0.0	0.035	1.0	0.011	1.0	0.0	0.5	1.0	1.0	0.0	0.5	0.0	0.009	0.053	1.0	0.009	0.021	0.01	0.083
HvCF_F2_ms_2	Intestiviridae	Crudevirinae	Carjivirus	Carjivirus communis	0.0	0.103	0.07	0.057	0.077	0.062	0.066	0.326	0.082	0.0	0.122	0.255	0.25	0.167	0.067	0.084	0.07	0.0	0.055	0.222	0.0	0.0	0.2	0.03	0.0	0.136	0.0	0.2	0.027	0.08	0.295	0.0	1.0	0.0	0.25	0.1	0.65	0.167	0.0	0.333	0.5	0.0	0.031	1.0	0.011	1.0	0.0	0.5	1.0	1.0	0.0	0.5	0.0	0.009	0.053	1.0	0.009	0.021	0.01	0.083
JQ995537_1_97065	Intestiviridae	Crudevirinae	Carjivirus	Carjivirus communis	0.0	0.095	0.055	0.048	0.067	0.053	0.057	0.315	0.071	0.0	0.122	0.252	0.25	0.167	0.057	0.075	0.06	0.0	0.033	0.222	0.0	0.0	0.2	0.023	0.0	0.136	0.0	0.2	0.027	0.08	0.286	0.0	1.0	0.0	0.25	0.1	0.65	0.167	0.0	0.333	0.5	0.0	0.031	1.0	0.011	1.0	0.0	0.5	1.0	1.0	0.0	0.5	0.0	0.005	0.053	1.0	0.005	0.016	0.005	0.065
KC821624_1_100418	Steigviridae	Asinivirinae	Akihdevirus	Akihdevirus balticus	0.167	0.095	0.062	0.076	0.077	0.204	0.066	0.056	0.071	0.0	0.07	0.063	0.25	0.167	0.067	0.084	0.07	0.333	0.198	0.111	0.5	0.0	0.2	0.008	0.5	0.182	0.333	0.0	0.027	0.08	0.076	0.0	1.0	1.0	0.25	0.35	0.1	0.0	0.5	0.333	1.0	0.0	0.035	1.0	0.0	1.0	1.0	0.5	1.0	0.5	0.0	0.5	1.0	0.005	0.158	1.0	0.005	0.005	0.005	0.065
KJ003983_1_99915	Steigviridae	Asinivirinae	Paundivirus	Paundivirus hollandii	0.167	0.112	0.094	0.057	0.087	0.434	0.066	0.09	0.082	0.143	0.078	0.103	0.25	0.167	0.067	0.084	0.07	0.667	0.374	0.148	0.5	0.0	0.2	0.008	0.5	0.227	1.0	0.2	0.049	0.08	0.095	0.0	1.0	1.0	0.25	0.6	0.1	0.0	0.5	0.333	1.0	0.0	0.048	1.0	0.0	1.0	1.0	0.5	1.0	0.5	0.0	0.5	1.0	0.005	0.474	1.0	0.005	0.005	0.005	0.065
Long_crAss_ms_1	Suoliviridae	Boorivirinae	Canhaevirus	Canhaevirus hiberniae	0.167	0.319	0.25	0.295	0.279	0.053	0.283	0.079	0.286	0.0	0.061	0.063	0.5	0.833	0.286	0.308	0.3	0.167	0.099	0.111	0.5	0.0	0.8	0.015	0.5	0.364	0.333	0.0	0.013	0.56	0.076	0.0	1.0	1.0	1.0	0.15	0.1	0.0	0.5	0.667	1.0	0.0	0.018	1.0	0.0	1.0	1.0	0.5	1.0	0.5	0.0	0.5	1.0	0.023	0.158	1.0	0.023	0.026	0.025	0.278
Long_crAss_ms_14	Suoliviridae	Bearivirinae	Afonbuvirus	Afonbuvirus coli	0.167	0.371	0.312	0.305	0.298	0.053	0.358	0.079	0.357	0.0	0.087	0.066	0.5	0.5	0.362	0.374	0.38	0.167	0.077	0.111	0.5	0.0	0.6	0.015	0.5	0.818	0.0	0.0	0.022	0.28	0.076	0.0	1.0	1.0	0.5	0.1	0.1	0.0	0.5	0.667	1.0	0.0	0.022	1.0	0.0	1.0	1.0	0.5	1.0	0.5	0.0	0.5	1.0	0.014	0.105	1.0	0.014	0.016	0.015	0.343
Long_crAss_ms_15	Suoliviridae	Boorivirinae	Cohcovirus	Cohcovirus splanchnicus	0.167	0.353	0.266	0.295	0.298	0.062	0.302	0.079	0.327	0.0	0.078	0.066	0.5	0.5	0.305	0.318	0.32	0.167	0.099	0.111	0.5	0.0	0.6	0.015	0.5	0.364	0.333	0.2	0.031	0.52	0.076	0.0	1.0	1.0	0.75	0.2	0.1	0.0	1.0	0.667	1.0	0.0	0.018	1.0	0.0	1.0	1.0	0.5	1.0	0.5	0.0	0.5	1.0	0.019	0.105	1.0	0.018	0.021	0.02	0.306
Long_crAss_ms_16	Intestiviridae	Crudevirinae	Delmidovirus	Delmidovirus copri	0.0	0.086	0.078	0.048	0.087	0.062	0.057	0.315	0.061	0.0	0.113	0.272	0.25	0.167	0.067	0.084	0.06	0.0	0.077	0.222	0.0	0.0	0.2	0.015	0.0	0.182	0.0	0.2	0.031	0.08	0.333	0.0	1.0	0.0	0.25	0.05	0.65	0.167	0.0	0.333	0.5	0.0	0.039	1.0	0.0	1.0	0.0	0.5	1.0	1.0	0.0	0.5	0.0	0.0	0.053	1.0	0.0	0.01	0.0	0.056
Long_crAss_ms_2	Intestiviridae	Crudevirinae	Carjivirus	Carjivirus communis	0.0	0.103	0.055	0.057	0.067	0.053	0.066	0.315	0.082	0.0	0.122	0.248	0.25	0.167	0.067	0.084	0.07	0.0	0.033	0.222	0.0	0.0	0.2	0.023	0.0	0.136	0.0	0.2	0.027	0.08	0.286	0.0	1.0	0.0	0.25	0.1	0.65	0.167	0.0	0.333	0.5	0.0	0.031	1.0	0.011	1.0	0.0	0.5	1.0	1.0	0.0	0.5	0.0	0.009	0.053	1.0	0.009	0.021	0.01	0.083
Long_crAss_ms_29	Steigviridae	Asinivirinae	Lebriduvirus	Lebriduvirus gastrointestinalis	0.167	0.147	0.078	0.067	0.087	0.558	0.057	0.09	0.082	0.0	0.052	0.066	0.25	0.167	0.057	0.065	0.06	0.667	0.505	0.111	0.5	0.0	0.2	0.008	0.5	0.318	1.0	0.2	0.067	0.12	0.076	0.0	1.0	1.0	0.25	0.7	0.1	0.0	0.5	0.333	1.0	0.0	0.061	1.0	0.011	1.0	1.0	0.5	1.0	0.5	0.0	0.5	1.0	0.009	0.632	1.0	0.009	0.005	0.01	0.065
Long_crAss_ms_3	Crevaviridae	Doltivirinae	Kahucivirus	Kahucivirus intestinalis	0.167	0.095	0.07	0.048	0.087	0.08	0.047	0.135	0.071	0.0	0.278	0.166	0.25	0.167	0.048	0.065	0.05	0.167	0.066	0.185	0.5	0.0	0.2	0.008	0.5	0.227	0.0	0.2	0.036	0.12	0.19	0.0	1.0	1.0	0.25	0.05	0.1	0.0	0.5	0.333	1.0	0.0	0.044	1.0	0.0	1.0	1.0	0.5	1.0	0.5	0.0	0.5	1.0	0.005	0.105	1.0	0.005	0.005	0.005	0.056
Long_crAss_ms_5	Crevaviridae	Coarsevirinae	Junduvirus	Junduvirus communis	0.167	0.103	0.062	0.057	0.077	0.062	0.066	0.135	0.071	0.0	0.757	0.113	0.25	0.167	0.067	0.084	0.07	0.167	0.044	0.185	0.5	0.0	0.2	0.008	0.5	0.182	0.0	0.2	0.031	0.08	0.143	0.0	1.0	1.0	0.25	0.05	0.1	0.0	0.5	0.333	1.0	0.0	0.035	1.0	0.0	1.0	1.0	0.5	1.0	0.5	0.0	0.5	1.0	0.009	0.105	1.0	0.009	0.016	0.01	0.065
Long_crAss_ms_9	Intestiviridae	Crudevirinae	Endlipuvirus	Endlipuvirus intestinihominis	0.0	0.103	0.055	0.057	0.087	0.071	0.085	0.303	0.082	0.0	0.13	0.258	0.25	0.167	0.086	0.093	0.08	0.0	0.077	0.222	0.0	0.0	0.2	0.015	0.0	0.136	0.0	0.2	0.031	0.08	0.305	0.0	1.0	0.0	0.25	0.15	1.0	0.167	0.0	0.333	0.5	0.0	0.048	1.0	0.034	1.0	0.0	0.5	1.0	1.0	0.0	0.5	0.0	0.0	0.053	1.0	0.0	0.01	0.0	0.074
MH552500_1_90023	Intestiviridae	Obtuvirinae	Wotdevirus	Wotdevirus murinus	0.167	0.103	0.07	0.057	0.077	0.08	0.057	0.326	0.071	0.0	0.148	0.255	0.25	0.167	0.057	0.075	0.06	0.167	0.066	0.333	0.5	0.0	0.2	0.008	0.5	0.227	0.0	0.0	0.027	0.08	0.295	0.0	1.0	1.0	0.25	0.1	0.5	0.0	0.5	0.333	1.0	0.0	0.039	1.0	0.011	1.0	1.0	0.5	1.0	1.0	0.0	0.5	1.0	0.009	0.105	1.0	0.009	0.01	0.01	0.065
MH616963_1_94878	Intestiviridae	Crudevirinae	Whopevirus	Whopevirus animalis	0.167	0.147	0.07	0.076	0.087	0.071	0.075	0.326	0.082	0.0	0.148	0.278	0.25	0.167	0.076	0.084	0.08	0.167	0.099	0.259	0.5	0.0	0.2	0.008	0.5	0.318	0.0	0.2	0.036	0.08	0.333	0.0	1.0	1.0	0.25	0.05	0.65	0.0	0.5	0.333	1.0	0.0	0.048	1.0	0.011	1.0	1.0	0.5	1.0	1.0	0.0	0.5	1.0	0.009	0.105	1.0	0.005	0.01	0.005	0.074
MH675552_1_102679	Steigviridae	Asinivirinae	Kehishuvirus	Kehishuvirus primarius	0.167	0.112	0.086	0.076	0.106	0.628	0.066	0.067	0.082	0.143	0.052	0.06	0.25	0.333	0.067	0.093	0.06	0.667	0.473	0.111	0.5	0.0	0.2	0.015	0.5	0.227	1.0	0.0	0.054	0.12	0.067	0.0	1.0	1.0	0.5	0.9	0.1	0.0	0.5	0.333	1.0	0.0	0.07	1.0	0.011	1.0	1.0	0.5	1.0	0.5	0.0	0.5	1.0	0.009	0.737	1.0	0.009	0.005	0.01	0.083
MN019_S19_74	Steigviridae	Asinivirinae	Kahnovirus	Kahnovirus copri	0.167	0.155	0.086	0.105	0.106	0.558	0.066	0.124	0.092	0.0	0.061	0.079	0.25	0.333	0.067	0.084	0.07	0.667	0.495	0.111	0.5	0.0	0.2	0.015	0.5	0.273	1.0	0.2	0.045	0.08	0.095	0.0	1.0	1.0	0.5	0.65	0.1	0.0	0.5	0.333	1.0	0.0	0.066	1.0	0.011	1.0	1.0	0.5	1.0	0.5	0.0	0.5	1.0	0.009	0.684	1.0	0.009	0.01	0.01	0.093
MN037_S1_78	Suoliviridae	Boorivirinae	Culoivirus	Culoivirus americanus	0.0	0.328	0.266	0.276	0.298	0.071	0.302	0.09	0.286	0.0	0.061	0.063	0.5	0.5	0.305	0.318	0.32	0.0	0.11	0.074	0.0	0.0	0.6	0.038	0.0	0.318	0.333	0.2	0.027	0.88	0.076	0.0	1.0	0.0	0.5	0.15	0.1	0.0	0.0	0.667	0.5	0.0	0.018	1.0	0.0	1.0	0.0	0.5	1.0	0.5	0.0	0.5	0.0	0.032	0.053	1.0	0.045	0.026	0.03	0.278
MN037_S1_79	Suoliviridae	Uncouvirinae	Aurodevirus	Aurodevirus hominis	0.167	0.371	0.398	0.362	0.452	0.08	0.755	0.067	0.337	0.0	0.078	0.07	0.5	0.667	0.762	0.766	0.77	0.167	0.099	0.111	0.5	0.0	0.6	0.015	0.5	0.409	0.333	0.4	0.031	0.32	0.076	0.0	1.0	1.0	0.75	0.15	0.1	0.0	0.5	1.0	1.0	0.0	0.026	1.0	0.011	1.0	1.0	0.5	1.0	0.5	0.0	0.5	1.0	0.009	0.158	1.0	0.009	0.016	0.01	0.352
MN038_S2_110	Intestiviridae	Crudevirinae	Carjivirus	Carjivirus communis	0.0	0.103	0.055	0.057	0.067	0.053	0.066	0.292	0.082	0.0	0.122	0.248	0.25	0.167	0.067	0.084	0.07	0.0	0.033	0.222	0.0	0.0	0.2	0.023	0.0	0.136	0.0	0.2	0.027	0.08	0.286	0.0	1.0	0.0	0.25	0.1	0.65	0.167	0.0	0.333	0.5	0.0	0.031	1.0	0.011	1.0	0.0	0.5	1.0	1.0	0.0	0.5	0.0	0.009	0.053	1.0	0.009	0.021	0.01	0.083
MN045_S8_84	Intestiviridae	Crudevirinae	Carjivirus	Carjivirus communis	0.0	0.103	0.055	0.057	0.067	0.053	0.066	0.292	0.082	0.0	0.122	0.248	0.25	0.167	0.067	0.084	0.07	0.0	0.033	0.222	0.0	0.0	0.2	0.023	0.0	0.136	0.0	0.2	0.027	0.08	0.286	0.0	1.0	0.0	0.25	0.1	0.65	0.167	0.0	0.333	0.5	0.0	0.031	1.0	0.011	1.0	0.0	0.5	1.0	1.0	0.0	0.5	0.0	0.009	0.053	1.0	0.009	0.021	0.01	0.083
MN099_S58_106	Intestiviridae	Crudevirinae	Carjivirus	Carjivirus communis	0.0	0.103	0.055	0.057	0.067	0.053	0.066	0.303	0.082	0.0	0.122	0.248	0.25	0.167	0.067	0.084	0.07	0.0	0.033	0.222	0.0	0.0	0.2	0.023	0.0	0.136	0.0	0.2	0.027	0.08	0.286	0.0	1.0	0.0	0.25	0.1	0.65	0.167	0.0	0.333	0.5	0.0	0.031	1.0	0.011	1.0	0.0	0.5	1.0	1.0	0.0	0.5	0.0	0.009	0.053	1.0	0.009	0.021	0.01	0.083
MN917146_1_93030	Intestiviridae	Churivirinae	Jahgtovirus	Jahgtovirus secundus	0.167	0.086	0.078	0.048	0.077	0.044	0.057	0.697	0.061	0.0	0.13	0.593	0.25	0.167	0.057	0.075	0.06	0.167	0.066	0.963	0.5	0.0	0.2	0.023	0.5	0.182	0.0	0.0	0.018	0.08	0.667	0.0	1.0	1.0	0.25	0.05	0.35	0.0	0.5	0.333	1.0	0.0	0.022	1.0	0.0	1.0	1.0	0.5	1.0	1.0	0.0	0.5	1.0	0.005	0.105	1.0	0.005	0.005	0.005	0.056
MT074136_1_99494	Steigviridae	Asinivirinae	Wulfhauvirus	Wulfhauvirus bangladeshii	0.167	0.147	0.07	0.067	0.077	0.664	0.047	0.056	0.082	0.0	0.061	0.046	0.25	0.167	0.048	0.065	0.05	0.833	0.44	0.111	0.5	0.0	0.2	0.008	0.5	0.318	1.0	0.2	0.04	0.12	0.048	0.0	1.0	1.0	0.25	0.85	0.1	0.0	0.5	0.333	1.0	0.0	0.044	1.0	0.011	1.0	1.0	0.5	1.0	0.5	0.0	0.5	1.0	0.005	0.737	1.0	0.005	0.005	0.005	0.065
MT774375_1_98826	Suoliviridae	Boorivirinae	Cohcovirus	Cohcovirus hiberniae	0.167	0.379	0.312	0.333	0.365	0.097	0.321	0.101	0.347	0.0	0.087	0.073	0.5	0.667	0.324	0.346	0.34	0.167	0.143	0.111	0.5	0.0	0.6	0.023	0.5	0.455	0.333	0.2	0.045	0.56	0.086	0.0	1.0	1.0	1.0	0.15	0.1	0.0	1.0	0.667	1.0	0.0	0.039	1.0	0.0	1.0	1.0	0.5	1.0	0.5	0.0	0.5	1.0	0.019	0.158	1.0	0.018	0.021	0.02	0.333
MT774376_1_98340	Suoliviridae	Boorivirinae	Culoivirus	Culoivirus intestinalis	0.167	0.362	0.266	0.276	0.298	0.071	0.321	0.079	0.306	0.0	0.078	0.066	0.5	0.667	0.324	0.336	0.34	0.167	0.099	0.111	0.5	0.0	0.8	0.015	0.5	0.364	0.333	0.2	0.031	0.84	0.076	0.0	1.0	1.0	0.5	0.15	0.1	0.0	0.5	0.667	1.0	0.0	0.022	1.0	0.0	1.0	1.0	0.5	1.0	0.5	0.0	0.5	1.0	0.032	0.105	1.0	0.027	0.021	0.03	0.306
MT774377_1_93787	Intestiviridae	Churivirinae	Jahgtovirus	Jahgtovirus intestinihominis	0.167	0.086	0.078	0.048	0.087	0.044	0.066	0.663	0.061	0.0	0.13	0.583	0.25	0.167	0.067	0.075	0.07	0.167	0.088	0.963	0.5	0.0	0.2	0.023	0.5	0.182	0.0	0.0	0.018	0.08	0.657	0.0	1.0	1.0	0.25	0.05	0.35	0.0	0.5	0.333	1.0	0.0	0.026	1.0	0.011	1.0	1.0	0.5	1.0	1.0	0.0	0.5	1.0	0.005	0.105	1.0	0.005	0.005	0.005	0.056
MT774378_1_101662	Steigviridae	Asinivirinae	Mahstovirus	Mahstovirus faecalis	0.167	0.103	0.078	0.057	0.087	0.602	0.057	0.09	0.071	0.0	0.061	0.073	0.25	0.167	0.057	0.065	0.06	0.667	0.473	0.111	0.5	0.0	0.2	0.008	0.5	0.227	1.0	0.2	0.045	0.12	0.086	0.0	1.0	1.0	0.25	0.7	0.1	0.0	0.5	0.333	1.0	0.0	0.075	1.0	0.011	1.0	1.0	0.5	1.0	0.5	0.0	0.5	1.0	0.023	0.526	1.0	0.018	0.005	0.02	0.056
MT774379_1_92600	Suoliviridae	Uncouvirinae	Besingivirus	Besingivirus coli	0.167	0.276	0.273	0.238	0.269	0.071	0.311	0.09	0.276	0.0	0.07	0.083	0.5	0.5	0.305	0.336	0.32	0.167	0.099	0.148	0.5	0.0	0.6	0.015	0.5	0.409	0.333	0.2	0.036	0.32	0.105	0.0	1.0	1.0	0.5	0.15	0.1	0.0	0.5	1.0	1.0	0.0	0.035	1.0	0.0	1.0	1.0	0.5	1.0	0.5	0.0	0.5	1.0	0.009	0.105	1.0	0.009	0.01	0.01	0.25
MT774380_1_99882	Suoliviridae	Boorivirinae	Culoivirus	Culoivirus americanus	0.167	0.353	0.297	0.314	0.317	0.08	0.311	0.079	0.296	0.0	0.078	0.066	0.5	0.833	0.314	0.336	0.33	0.167	0.132	0.111	0.5	0.0	0.8	0.015	0.5	0.409	0.333	0.2	0.04	0.8	0.076	0.0	1.0	1.0	0.75	0.15	0.1	0.0	0.5	0.667	1.0	0.0	0.031	1.0	0.0	1.0	1.0	0.5	1.0	0.5	0.0	0.5	1.0	0.032	0.158	1.0	0.027	0.021	0.03	0.296
MT774381_1_91101	Intestiviridae	Crudevirinae	Diorhovirus	Diorhovirus intestinalis	0.0	0.103	0.055	0.048	0.087	0.053	0.085	0.337	0.082	0.0	0.13	0.275	0.25	0.167	0.086	0.093	0.08	0.0	0.077	0.259	0.0	0.0	0.2	0.015	0.0	0.136	0.0	0.2	0.027	0.08	0.324	0.0	1.0	0.0	0.25	0.1	0.7	0.167	0.0	0.333	0.5	0.0	0.039	1.0	0.023	1.0	0.0	0.5	1.0	1.0	0.0	0.5	0.0	0.0	0.053	1.0	0.0	0.01	0.0	0.074
MT774382_1_99985	Suoliviridae	Boorivirinae	Canhaevirus	Canhaevirus hiberniae	0.167	0.328	0.266	0.286	0.279	0.071	0.292	0.079	0.296	0.0	0.061	0.07	0.5	0.667	0.295	0.299	0.31	0.167	0.121	0.111	0.5	0.0	0.8	0.015	0.5	0.364	0.333	0.2	0.022	0.52	0.076	0.0	1.0	1.0	0.75	0.15	0.1	0.0	0.5	0.667	1.0	0.0	0.013	1.0	0.011	1.0	1.0	0.5	1.0	0.5	0.0	0.5	1.0	0.023	0.105	1.0	0.023	0.021	0.02	0.269
MT774383_1_93559	Intestiviridae	Crudevirinae	Delmidovirus	Delmidovirus splanchnicus	0.0	0.086	0.055	0.048	0.096	0.044	0.066	0.315	0.061	0.0	0.122	0.262	0.25	0.167	0.076	0.093	0.07	0.0	0.044	0.222	0.0	0.0	0.2	0.015	0.0	0.136	0.0	0.2	0.027	0.08	0.314	0.0	1.0	0.0	0.25	0.05	0.65	0.167	0.0	0.333	0.5	0.0	0.035	1.0	0.0	1.0	0.0	0.5	1.0	1.0	0.0	0.5	0.0	0.0	0.053	1.0	0.0	0.01	0.0	0.056
MT774384_1_92668	Intestiviridae	Obtuvirinae	Fohxhuevirus	Fohxhuevirus gastrointestinalis	0.167	0.103	0.07	0.057	0.077	0.053	0.057	0.315	0.071	0.0	0.13	0.401	0.25	0.167	0.057	0.075	0.06	0.167	0.044	0.333	0.5	0.0	0.2	0.015	0.5	0.182	0.0	0.0	0.022	0.08	0.314	0.0	1.0	1.0	0.25	0.1	0.45	0.0	0.5	0.333	1.0	0.0	0.031	1.0	0.011	1.0	1.0	0.5	1.0	1.0	0.0	0.5	1.0	0.005	0.105	1.0	0.005	0.005	0.005	0.065
MT774385_1_101437	Steigviridae	Asinivirinae	Pipoluvirus	Pipoluvirus rarus	0.167	0.164	0.086	0.086	0.106	0.327	0.066	0.09	0.102	0.0	0.061	0.056	0.25	0.167	0.067	0.084	0.07	0.5	0.374	0.111	0.5	0.0	0.2	0.015	0.5	0.318	0.667	0.2	0.062	0.12	0.057	0.0	1.0	1.0	0.25	0.5	0.1	0.0	0.5	0.333	1.0	0.0	0.066	1.0	0.011	1.0	1.0	0.5	1.0	0.5	0.0	0.5	1.0	0.009	0.316	1.0	0.009	0.01	0.01	0.083
MT774386_1_89781	Intestiviridae	Crudevirinae	Delmidovirus	Delmidovirus intestinihominis	0.0	0.086	0.07	0.048	0.077	0.053	0.057	0.337	0.061	0.0	0.122	0.268	0.25	0.167	0.057	0.075	0.06	0.0	0.066	0.222	0.0	0.0	0.2	0.023	0.0	0.136	0.0	0.2	0.027	0.08	0.324	0.0	1.0	0.0	0.25	0.05	0.65	0.167	0.0	0.333	0.5	0.0	0.035	1.0	0.0	1.0	0.0	0.5	1.0	1.0	0.0	0.5	0.0	0.0	0.053	1.0	0.0	0.01	0.0	0.056
MT774387_1_102434	Steigviridae	Asinivirinae	Lahndsivirus	Lahndsivirus rarus	0.167	0.112	0.07	0.095	0.106	0.496	0.066	0.09	0.082	0.0	0.052	0.073	0.25	0.333	0.067	0.084	0.07	0.833	0.527	0.148	0.5	0.0	0.2	0.008	0.5	0.227	1.0	0.2	0.054	0.12	0.086	0.0	1.0	1.0	0.5	0.7	0.1	0.0	0.5	0.333	1.0	0.0	0.092	1.0	0.023	1.0	1.0	0.5	1.0	0.5	0.0	0.5	1.0	0.014	0.526	1.0	0.014	0.01	0.015	0.083
MT774388_1_102301	Steigviridae	Asinivirinae	Kehishuvirus	Kehishuvirus splanchnicus	0.167	0.103	0.109	0.086	0.115	0.575	0.057	0.124	0.071	0.0	0.061	0.073	0.25	0.333	0.057	0.075	0.06	0.667	0.505	0.111	0.5	0.0	0.2	0.015	0.5	0.227	1.0	0.2	0.058	0.12	0.086	0.0	1.0	1.0	0.5	0.7	0.1	0.0	0.5	0.333	1.0	0.0	0.083	1.0	0.011	1.0	1.0	0.5	1.0	0.5	0.0	0.5	1.0	0.023	0.579	1.0	0.018	0.005	0.02	0.065
MT774389_1_101082	Steigviridae	Asinivirinae	Pamirivirus	Pamirivirus faecium	0.167	0.121	0.07	0.076	0.058	0.398	0.047	0.09	0.061	0.0	0.061	0.06	0.25	0.167	0.048	0.065	0.05	0.667	0.407	0.148	0.5	0.0	0.2	0.015	0.5	0.318	1.0	0.0	0.049	0.08	0.067	0.0	1.0	1.0	0.25	0.6	0.1	0.0	0.5	0.333	1.0	0.0	0.061	1.0	0.0	1.0	1.0	0.5	1.0	0.5	0.0	0.5	1.0	0.014	0.421	1.0	0.014	0.01	0.01	0.056
MT774390_1_98164	Steigviridae	Asinivirinae	Kahnovirus	Kahnovirus oralis	0.167	0.155	0.086	0.076	0.106	0.549	0.066	0.112	0.092	0.0	0.052	0.073	0.25	0.167	0.067	0.075	0.07	0.667	0.505	0.111	0.5	0.0	0.2	0.015	0.5	0.318	1.0	0.2	0.045	0.12	0.086	0.0	1.0	1.0	0.25	0.65	0.1	0.0	0.5	0.333	1.0	0.0	0.048	1.0	0.011	1.0	1.0	0.5	1.0	0.5	0.0	0.5	1.0	0.009	0.632	1.0	0.009	0.01	0.01	0.083
MT774391_1_99212	Steigviridae	Asinivirinae	Kolpuevirus	Kolpuevirus hominis	0.167	0.121	0.055	0.057	0.087	0.903	0.066	0.045	0.092	0.0	0.061	0.046	0.25	0.167	0.067	0.084	0.06	0.667	0.418	0.111	0.5	0.0	0.2	0.008	0.5	0.227	1.0	0.2	0.049	0.12	0.048	0.0	1.0	1.0	0.25	0.9	0.1	0.0	0.5	0.333	1.0	0.0	0.07	1.0	0.011	1.0	1.0	0.5	1.0	0.5	0.0	0.5	1.0	0.005	0.842	1.0	0.005	0.005	0.005	0.074
MT774392_1_95150	Steigviridae	Asinivirinae	Mahlunavirus	Mahlunavirus rarus	0.167	0.103	0.078	0.086	0.106	0.504	0.057	0.067	0.071	0.0	0.052	0.066	0.25	0.333	0.057	0.075	0.06	0.833	0.44	0.111	0.5	0.0	0.2	0.008	0.5	0.227	1.0	0.2	0.049	0.08	0.067	0.0	1.0	1.0	0.5	0.65	0.1	0.0	0.5	0.333	1.0	0.0	0.079	1.0	0.011	1.0	1.0	0.5	1.0	0.5	0.0	0.5	1.0	0.005	0.579	1.0	0.005	0.005	0.005	0.065
MT774393_1_83412	Crevaviridae	Doltivirinae	Kahucivirus	Kahucivirus intestinalis	0.167	0.095	0.07	0.048	0.087	0.08	0.047	0.135	0.071	0.0	0.278	0.166	0.25	0.167	0.048	0.065	0.05	0.167	0.066	0.185	0.5	0.0	0.2	0.008	0.5	0.227	0.0	0.2	0.036	0.12	0.19	0.0	1.0	1.0	0.25	0.05	0.1	0.0	0.5	0.333	1.0	0.0	0.044	1.0	0.0	1.0	1.0	0.5	1.0	0.5	0.0	0.5	1.0	0.005	0.105	1.0	0.005	0.005	0.005	0.056
MT774394_1_92815	Intestiviridae	Obtuvirinae	Hacihdavirus	Hacihdavirus animalis	0.167	0.103	0.086	0.057	0.087	0.088	0.057	0.337	0.071	0.0	0.139	0.258	0.25	0.167	0.057	0.075	0.06	0.167	0.088	0.333	0.5	0.0	0.2	0.023	0.5	0.227	0.0	0.0	0.027	0.08	0.305	0.0	1.0	1.0	0.25	0.05	0.5	0.0	0.5	0.333	1.0	0.0	0.039	1.0	0.0	1.0	1.0	0.5	1.0	1.0	0.0	0.5	1.0	0.014	0.105	1.0	0.014	0.016	0.015	0.065
MT774395_1_103665	Suoliviridae	Loutivirinae	Buchavirus	Buchavirus copri	0.167	0.509	0.328	0.724	0.5	0.053	0.311	0.101	0.541	0.0	0.07	0.096	0.5	0.833	0.314	0.355	0.33	0.167	0.088	0.148	0.5	0.0	0.8	0.015	0.5	0.409	0.0	0.6	0.018	0.28	0.114	0.0	1.0	1.0	0.75	0.1	0.1	0.0	0.5	0.667	1.0	0.0	0.018	1.0	0.011	1.0	1.0	0.5	1.0	0.5	0.0	0.5	1.0	0.014	0.158	1.0	0.014	0.021	0.015	0.509
MT774396_1_101153	Suoliviridae	Loutivirinae	Blohavirus	Blohavirus americanus	0.167	0.733	0.266	0.562	0.635	0.08	0.349	0.09	0.867	0.0	0.078	0.073	0.5	0.667	0.352	0.355	0.36	0.167	0.099	0.111	0.5	0.0	0.8	0.023	0.5	0.455	0.0	0.2	0.027	0.28	0.076	0.0	1.0	1.0	0.5	0.15	0.1	0.0	1.0	0.667	1.0	0.0	0.044	1.0	0.023	1.0	1.0	0.5	1.0	0.5	0.0	0.5	1.0	0.019	0.105	1.0	0.018	0.021	0.02	0.694
MT774397_1_97290	Suoliviridae	Loutivirinae	Buchavirus	Buchavirus faecalis	0.167	0.509	0.312	0.724	0.548	0.062	0.33	0.079	0.612	0.0	0.07	0.106	0.5	0.833	0.333	0.355	0.35	0.167	0.088	0.148	0.5	0.0	0.8	0.015	0.5	0.364	0.333	0.4	0.027	0.28	0.124	0.0	1.0	1.0	0.75	0.15	0.1	0.0	0.5	0.667	1.0	0.0	0.026	1.0	0.0	1.0	1.0	0.5	1.0	0.5	0.0	0.5	1.0	0.019	0.158	1.0	0.018	0.026	0.02	0.537
MT774398_1_100198	Suoliviridae	Loutivirinae	Buchavirus	Buchavirus hominis	0.167	0.569	0.281	0.638	0.548	0.071	0.321	0.124	0.602	0.0	0.07	0.129	0.5	0.667	0.324	0.346	0.34	0.167	0.099	0.148	0.5	0.0	0.8	0.015	0.5	0.455	0.333	0.4	0.027	0.32	0.143	0.0	1.0	1.0	0.5	0.15	0.1	0.0	0.5	0.667	1.0	0.0	0.022	1.0	0.0	1.0	1.0	0.5	1.0	0.5	0.0	0.5	1.0	0.014	0.105	1.0	0.014	0.016	0.015	0.565
MT774399_1_99168	Suoliviridae	Loutivirinae	Buchavirus	Buchavirus oralis/coli/splanchnicus	0.167	0.543	0.305	0.638	0.567	0.062	0.34	0.124	0.561	0.0	0.078	0.129	0.5	0.833	0.343	0.355	0.36	0.167	0.099	0.148	0.5	0.0	0.8	0.015	0.5	0.455	0.333	0.6	0.027	0.28	0.143	0.0	1.0	1.0	0.75	0.15	0.1	0.0	0.5	0.667	1.0	0.0	0.022	1.0	0.0	1.0	1.0	0.5	1.0	0.5	0.0	0.5	1.0	0.009	0.158	1.0	0.009	0.016	0.01	0.546
MT774400_1_96055	Suoliviridae	Loutivirinae	Buorbuivirus	Buorbuivirus hominis	0.167	0.517	0.281	0.533	0.712	0.053	0.443	0.079	0.571	0.0	0.078	0.073	0.5	0.667	0.467	0.467	0.46	0.167	0.088	0.111	0.5	0.0	0.6	0.015	0.5	0.409	0.0	0.4	0.027	0.28	0.076	0.0	1.0	1.0	0.75	0.1	0.1	0.0	0.5	1.0	1.0	0.0	0.026	1.0	0.023	1.0	1.0	0.5	1.0	0.5	0.0	0.5	1.0	0.009	0.158	1.0	0.009	0.016	0.01	0.537
MT774401_1_97422	Suoliviridae	Bearivirinae	Afonbuvirus	Afonbuvirus intestinihominis/faecalis	0.167	0.353	0.305	0.324	0.308	0.053	0.349	0.09	0.337	0.0	0.087	0.066	0.5	0.667	0.352	0.374	0.37	0.167	0.088	0.111	0.5	0.0	0.6	0.023	0.5	0.727	0.0	0.2	0.027	0.28	0.076	0.0	1.0	1.0	0.75	0.1	0.1	0.0	0.5	0.667	1.0	0.0	0.026	1.0	0.0	1.0	1.0	0.5	1.0	0.5	0.0	0.5	1.0	0.019	0.158	1.0	0.018	0.026	0.02	0.324
MT774402_1_103832	Suoliviridae	Oafivirinae	Burzaovirus	Burzaovirus coli	0.167	0.259	0.219	0.238	0.231	0.062	0.245	0.079	0.265	0.0	0.078	0.106	0.75	0.5	0.248	0.262	0.26	0.167	0.077	0.111	0.5	0.0	0.6	0.015	0.5	0.318	0.333	0.2	0.027	0.24	0.105	0.0	1.0	1.0	0.5	0.15	0.1	0.0	1.0	0.667	1.0	0.0	0.026	1.0	0.0	1.0	1.0	0.5	1.0	0.5	0.0	0.5	1.0	0.019	0.105	1.0	0.018	0.026	0.02	0.25
MT774403_1_98557	Suoliviridae	Loutivirinae	Buchavirus	Buchavirus oralis/coli/splanchnicus	0.167	0.509	0.281	0.59	0.558	0.044	0.33	0.112	0.531	0.0	0.078	0.099	0.5	0.833	0.333	0.364	0.35	0.167	0.077	0.148	0.5	0.0	0.8	0.015	0.5	0.455	0.0	0.2	0.018	0.28	0.114	0.0	1.0	1.0	0.75	0.1	0.1	0.0	0.5	0.667	1.0	0.0	0.022	1.0	0.011	1.0	1.0	0.5	1.0	0.5	0.0	0.5	1.0	0.009	0.158	1.0	0.009	0.016	0.01	0.5
MT774404_1_98308	Suoliviridae	Uncouvirinae	Aurodevirus	Aurodevirus intestinalis	0.167	0.345	0.414	0.343	0.5	0.071	0.698	0.067	0.357	0.0	0.078	0.066	0.5	0.667	0.705	0.729	0.71	0.167	0.077	0.111	0.5	0.0	0.6	0.015	0.5	0.409	0.0	0.0	0.022	0.32	0.076	0.0	1.0	1.0	0.75	0.1	0.1	0.0	0.5	1.0	1.0	0.0	0.035	1.0	0.011	1.0	1.0	0.5	1.0	0.5	0.0	0.5	1.0	0.009	0.158	1.0	0.009	0.01	0.01	0.333
MT774405_1_99848	Suoliviridae	Uncouvirinae	Birpovirus	Birpovirus hiberniae	0.167	0.526	0.391	0.381	0.375	0.071	0.575	0.09	0.531	0.0	0.078	0.073	0.5	0.833	0.581	0.589	0.6	0.167	0.099	0.111	0.5	0.0	0.8	0.03	0.5	0.5	0.0	0.0	0.022	0.28	0.076	0.0	1.0	1.0	0.75	0.15	0.1	0.0	0.5	0.667	1.0	0.0	0.031	1.0	0.023	1.0	1.0	0.5	1.0	0.5	0.0	0.5	1.0	0.028	0.158	1.0	0.027	0.031	0.03	0.472
MT774406_1_101532	Suoliviridae	Oafivirinae	Burzaovirus	Burzaovirus faecalis	0.167	0.25	0.219	0.229	0.24	0.062	0.236	0.079	0.255	0.0	0.078	0.106	0.75	0.5	0.238	0.252	0.25	0.167	0.077	0.111	0.5	0.0	0.6	0.015	0.5	0.318	0.333	0.2	0.027	0.24	0.105	0.0	1.0	1.0	0.5	0.15	0.1	0.0	1.0	0.667	1.0	0.0	0.026	1.0	0.0	1.0	1.0	0.5	1.0	0.5	0.0	0.5	1.0	0.014	0.105	1.0	0.014	0.021	0.015	0.231
MT774407_1_98095	Suoliviridae	Uncouvirinae	Aurodevirus	Aurodevirus hominis	0.167	0.345	0.43	0.371	0.471	0.08	0.717	0.09	0.337	0.0	0.07	0.076	0.5	0.667	0.724	0.738	0.73	0.167	0.11	0.111	0.5	0.0	0.6	0.023	0.5	0.409	0.0	0.0	0.018	0.32	0.086	0.0	1.0	1.0	0.75	0.1	0.1	0.0	0.5	1.0	1.0	0.0	0.035	1.0	0.023	1.0	1.0	0.5	1.0	0.5	0.0	0.5	1.0	0.009	0.158	1.0	0.009	0.01	0.01	0.333
MT774408_1_94826	Suoliviridae	Oafivirinae	Chuhaivirus	Chuhaivirus simiae	0.167	0.276	0.227	0.219	0.269	0.08	0.255	0.079	0.276	0.0	0.087	0.073	0.75	0.5	0.257	0.271	0.27	0.167	0.077	0.148	0.5	0.0	0.6	0.015	0.5	0.318	0.333	0.0	0.027	0.24	0.086	0.0	1.0	1.0	0.5	0.15	0.1	0.0	1.0	0.667	1.0	0.0	0.031	1.0	0.0	1.0	1.0	0.5	1.0	0.5	0.0	0.5	1.0	0.023	0.105	1.0	0.023	0.026	0.025	0.259
MT774409_1_96717	Suoliviridae	Oafivirinae	Cacepaovirus	Cacepaovirus simiae	0.167	0.284	0.25	0.248	0.298	0.097	0.217	0.101	0.286	0.0	0.087	0.079	0.75	0.667	0.219	0.243	0.23	0.167	0.121	0.148	0.5	0.0	0.6	0.023	0.5	0.318	0.333	0.2	0.04	0.24	0.095	0.0	1.0	1.0	0.75	0.15	0.1	0.0	1.0	0.667	1.0	0.0	0.048	1.0	0.0	1.0	1.0	0.5	1.0	0.5	0.0	0.5	1.0	0.009	0.158	1.0	0.009	0.01	0.01	0.259
MT774410_1_98667	Suoliviridae	Oafivirinae	Buhlduvirus	Buhlduvirus porcinus	0.167	0.25	0.211	0.229	0.25	0.053	0.217	0.067	0.255	0.0	0.07	0.066	0.75	0.5	0.219	0.234	0.23	0.167	0.066	0.111	0.5	0.0	0.6	0.015	0.5	0.318	0.0	0.0	0.018	0.24	0.076	0.0	1.0	1.0	0.5	0.1	0.1	0.0	1.0	0.667	1.0	0.0	0.026	1.0	0.0	1.0	1.0	0.5	1.0	0.5	0.0	0.5	1.0	0.014	0.105	1.0	0.014	0.016	0.015	0.231
MT774411_1_97886	Suoliviridae	Oafivirinae	Buhlduvirus	Buhlduvirus animalis	0.167	0.25	0.211	0.229	0.24	0.053	0.217	0.067	0.255	0.0	0.07	0.066	0.75	0.5	0.219	0.234	0.23	0.167	0.066	0.111	0.5	0.0	0.6	0.015	0.5	0.318	0.0	0.0	0.018	0.24	0.076	0.0	1.0	1.0	0.5	0.1	0.1	0.0	1.0	0.667	1.0	0.0	0.026	1.0	0.0	1.0	1.0	0.5	1.0	0.5	0.0	0.5	1.0	0.014	0.105	1.0	0.014	0.016	0.015	0.231
MZ130474_1_92367	Intestiviridae	Crudevirinae	Diorhovirus	Diorhovirus copri	0.0	0.103	0.055	0.048	0.087	0.053	0.085	0.337	0.082	0.0	0.13	0.275	0.25	0.167	0.086	0.093	0.08	0.0	0.066	0.259	0.0	0.0	0.2	0.015	0.0	0.136	0.0	0.2	0.027	0.08	0.324	0.0	1.0	0.0	0.25	0.1	0.8	0.167	0.0	0.333	0.5	0.0	0.035	1.0	0.023	1.0	0.0	0.5	1.0	1.0	0.0	0.5	0.0	0.0	0.053	1.0	0.0	0.01	0.0	0.074
MZ130475_1_99984	Suoliviridae	Boorivirinae	Cohcovirus	Cohcovirus splanchnicus	0.167	0.353	0.258	0.295	0.298	0.062	0.302	0.079	0.327	0.0	0.078	0.066	0.5	0.5	0.305	0.318	0.32	0.167	0.099	0.111	0.5	0.0	0.6	0.015	0.5	0.364	0.333	0.2	0.031	0.56	0.076	0.0	1.0	1.0	0.75	0.15	0.1	0.0	1.0	0.667	1.0	0.0	0.018	1.0	0.0	1.0	1.0	0.5	1.0	0.5	0.0	0.5	1.0	0.019	0.105	1.0	0.018	0.021	0.02	0.306
MZ130476_1_92241	Intestiviridae	Crudevirinae	Delmidovirus	Delmidovirus copri	0.0	0.086	0.086	0.048	0.077	0.062	0.057	0.348	0.061	0.0	0.122	0.298	0.25	0.167	0.057	0.075	0.06	0.0	0.077	0.259	0.0	0.0	0.2	0.015	0.0	0.182	0.0	0.2	0.031	0.08	0.352	0.0	1.0	0.0	0.25	0.05	0.65	0.167	0.0	0.333	0.5	0.0	0.039	1.0	0.0	1.0	0.0	0.5	1.0	1.0	0.0	0.5	0.0	0.0	0.053	1.0	0.0	0.01	0.0	0.056
MZ130477_1_100971	Suoliviridae	Boorivirinae	Culoivirus	Culoivirus faecalis	0.167	0.353	0.281	0.333	0.327	0.071	0.311	0.079	0.316	0.0	0.078	0.066	0.5	0.833	0.314	0.336	0.33	0.167	0.11	0.111	0.5	0.0	0.8	0.015	0.5	0.364	0.333	0.2	0.031	0.84	0.076	0.0	1.0	1.0	0.75	0.15	0.1	0.0	0.5	0.667	1.0	0.0	0.026	1.0	0.0	1.0	1.0	0.5	1.0	0.5	0.0	0.5	1.0	0.032	0.158	1.0	0.027	0.021	0.03	0.306
MZ130478_1_100314	Steigviridae	Asinivirinae	Kolpuevirus	Kolpuevirus coli	0.167	0.129	0.109	0.086	0.115	0.867	0.066	0.067	0.102	0.0	0.07	0.053	0.25	0.333	0.067	0.093	0.06	0.667	0.484	0.111	0.5	0.0	0.2	0.015	0.5	0.273	1.0	0.2	0.049	0.12	0.057	0.0	1.0	1.0	0.5	0.9	0.1	0.0	0.5	0.333	1.0	0.0	0.075	1.0	0.011	1.0	1.0	0.5	1.0	0.5	0.0	0.5	1.0	0.005	0.789	1.0	0.005	0.005	0.005	0.093
MZ130479_1_96466	Intestiviridae	Churivirinae	Jahgtovirus	Jahgtovirus gastrointestinalis	0.167	0.086	0.078	0.048	0.087	0.044	0.066	0.674	0.061	0.0	0.13	0.732	0.25	0.167	0.067	0.075	0.07	0.167	0.077	0.926	0.5	0.0	0.2	0.023	0.5	0.182	0.0	0.0	0.018	0.08	0.686	0.0	1.0	1.0	0.25	0.05	0.35	0.0	0.5	0.333	1.0	0.0	0.026	1.0	0.011	1.0	1.0	0.5	1.0	1.0	0.0	0.5	1.0	0.005	0.105	1.0	0.005	0.005	0.005	0.056
MZ130480_1_93391	Intestiviridae	Crudevirinae	Drivevirus	Drivevirus gastrointestinalis	0.0	0.103	0.07	0.048	0.096	0.071	0.085	0.36	0.082	0.0	0.122	0.305	0.25	0.167	0.086	0.093	0.08	0.0	0.099	0.222	0.0	0.0	0.2	0.023	0.0	0.136	0.0	0.2	0.027	0.08	0.343	0.0	1.0	0.0	0.25	0.1	0.65	0.167	0.0	0.333	0.5	0.0	0.039	1.0	0.023	1.0	0.0	0.5	1.0	1.0	0.0	0.5	0.0	0.0	0.053	1.0	0.0	0.01	0.0	0.074
MZ130481_1_98001	Intestiviridae	Crudevirinae	Carjivirus	Carjivirus hominis	0.0	0.103	0.055	0.057	0.067	0.053	0.066	0.292	0.082	0.0	0.122	0.248	0.25	0.167	0.067	0.084	0.07	0.0	0.033	0.222	0.0	0.0	0.2	0.023	0.0	0.136	0.0	0.2	0.027	0.08	0.286	0.0	1.0	0.0	0.25	0.1	0.65	0.167	0.0	0.333	0.5	0.0	0.031	1.0	0.011	1.0	0.0	0.5	1.0	1.0	0.0	0.5	0.0	0.009	0.053	1.0	0.009	0.021	0.01	0.083
MZ130482_1_99704	Suoliviridae	Boorivirinae	Canhaevirus	Canhaevirus faecalis	0.167	0.319	0.25	0.295	0.288	0.062	0.283	0.067	0.286	0.0	0.07	0.063	0.5	0.833	0.286	0.308	0.3	0.167	0.099	0.111	0.5	0.0	0.8	0.015	0.5	0.364	0.333	0.0	0.013	0.72	0.076	0.0	1.0	1.0	0.75	0.15	0.1	0.0	0.5	0.667	1.0	0.0	0.022	1.0	0.0	1.0	1.0	0.5	1.0	0.5	0.0	0.5	1.0	0.032	0.158	1.0	0.027	0.021	0.03	0.278
MZ130483_1_93564	Steigviridae	Asinivirinae	Kahnovirus	Kahnovirus copri	0.167	0.147	0.055	0.067	0.077	0.549	0.047	0.056	0.082	0.0	0.061	0.046	0.25	0.167	0.048	0.065	0.05	0.667	0.418	0.111	0.5	0.0	0.2	0.008	0.5	0.273	1.0	0.2	0.04	0.12	0.048	0.0	1.0	1.0	0.25	0.65	0.1	0.0	0.5	0.333	1.0	0.0	0.044	1.0	0.0	1.0	1.0	0.5	1.0	0.5	0.0	0.5	1.0	0.005	0.632	1.0	0.005	0.005	0.005	0.065
MZ130484_1_97536	Intestiviridae	Churivirinae	Jahgtovirus	Jahgtovirus intestinalis	0.167	0.129	0.078	0.057	0.087	0.044	0.066	0.921	0.071	0.0	0.13	0.662	0.25	0.167	0.067	0.075	0.07	0.167	0.11	0.704	0.5	0.0	0.2	0.023	0.5	0.273	0.0	0.0	0.018	0.08	0.629	0.0	1.0	1.0	0.25	0.05	0.35	0.0	0.5	0.333	1.0	0.0	0.031	1.0	0.011	1.0	1.0	0.5	1.0	1.0	0.0	0.5	1.0	0.005	0.105	1.0	0.005	0.005	0.005	0.065
MZ130485_1_104564	Steigviridae	Asinivirinae	Lebriduvirus	Lebriduvirus gastrointestinalis	0.167	0.103	0.102	0.057	0.096	0.575	0.057	0.101	0.071	0.0	0.052	0.073	0.25	0.167	0.057	0.065	0.06	0.667	0.505	0.111	0.5	0.0	0.2	0.015	0.5	0.227	1.0	0.2	0.058	0.12	0.086	0.0	1.0	1.0	0.25	0.7	0.1	0.0	0.5	0.333	1.0	0.0	0.075	1.0	0.011	1.0	1.0	0.5	1.0	0.5	0.0	0.5	1.0	0.009	0.632	1.0	0.009	0.005	0.01	0.056
MZ130486_1_92361	Intestiviridae	Crudevirinae	Dabirmavirus	Dabirmavirus hominis	0.167	0.103	0.062	0.057	0.087	0.053	0.066	0.326	0.071	0.0	0.148	0.281	0.25	0.167	0.067	0.075	0.07	0.167	0.077	0.296	0.5	0.0	0.2	0.015	0.5	0.182	0.0	0.0	0.031	0.08	0.314	0.0	1.0	1.0	0.25	0.05	0.65	0.0	0.5	0.333	1.0	0.0	0.057	1.0	0.011	1.0	1.0	0.5	1.0	1.0	0.0	0.5	1.0	0.005	0.105	1.0	0.005	0.005	0.005	0.065
MZ130487_1_94533	Crevaviridae	Coarsevirinae	Junduvirus	Junduvirus copri	0.167	0.103	0.07	0.057	0.077	0.062	0.066	0.135	0.071	0.0	0.696	0.109	0.25	0.167	0.067	0.084	0.07	0.167	0.044	0.185	0.5	0.0	0.2	0.008	0.5	0.182	0.0	0.2	0.031	0.08	0.143	0.0	1.0	1.0	0.25	0.05	0.1	0.0	0.5	0.333	1.0	0.0	0.035	1.0	0.0	1.0	1.0	0.5	1.0	0.5	0.0	0.5	1.0	0.009	0.105	1.0	0.009	0.016	0.01	0.065
MZ130488_1_91714	Intestiviridae	Crudevirinae	Endlipuvirus	Endlipuvirus intestinihominis	0.0	0.103	0.055	0.057	0.087	0.071	0.085	0.303	0.082	0.0	0.13	0.258	0.25	0.167	0.086	0.093	0.08	0.0	0.077	0.222	0.0	0.0	0.2	0.015	0.0	0.136	0.0	0.2	0.031	0.08	0.305	0.0	1.0	0.0	0.25	0.15	1.0	0.167	0.0	0.333	0.5	0.0	0.048	1.0	0.034	1.0	0.0	0.5	1.0	1.0	0.0	0.5	0.0	0.0	0.053	1.0	0.0	0.01	0.0	0.074
MZ130489_1_95815	Crevaviridae	Coarsevirinae	Junduvirus	Junduvirus communis	0.167	0.103	0.062	0.057	0.077	0.062	0.066	0.135	0.071	0.0	0.783	0.109	0.25	0.167	0.067	0.084	0.07	0.167	0.044	0.185	0.5	0.0	0.2	0.008	0.5	0.182	0.0	0.2	0.031	0.08	0.143	0.0	1.0	1.0	0.25	0.05	0.1	0.0	0.5	0.333	1.0	0.0	0.035	1.0	0.0	1.0	1.0	0.5	1.0	0.5	0.0	0.5	1.0	0.009	0.105	1.0	0.009	0.016	0.01	0.065
MZ130490_1_92132	Crevaviridae	Doltivirinae	Kingevirus	Kingevirus communis	0.167	0.095	0.062	0.038	0.077	0.062	0.057	0.169	0.071	0.0	0.243	0.126	0.25	0.167	0.057	0.065	0.06	0.167	0.066	0.185	0.5	0.0	0.2	0.008	0.5	0.227	0.0	0.0	0.027	0.08	0.162	0.0	1.0	1.0	0.25	0.05	0.1	0.0	0.5	0.333	1.0	0.0	0.039	1.0	0.011	1.0	1.0	0.5	1.0	0.5	0.0	0.5	1.0	0.005	0.105	1.0	0.005	0.005	0.005	0.065
MZ130491_1_98573	Suoliviridae	Oafivirinae	Bohxovirus	Bohxovirus oralis	0.167	0.267	0.227	0.219	0.24	0.08	0.236	0.101	0.265	0.0	0.078	0.093	0.75	0.5	0.238	0.252	0.25	0.167	0.077	0.148	0.5	0.0	0.6	0.015	0.5	0.318	0.333	0.0	0.027	0.24	0.105	0.0	1.0	1.0	0.5	0.15	0.1	0.0	1.0	0.667	1.0	0.0	0.039	1.0	0.0	1.0	1.0	0.5	1.0	0.5	0.0	0.5	1.0	0.009	0.105	1.0	0.009	0.01	0.01	0.241
MZ130492_1_96892	Suoliviridae	Bearivirinae	Afonbuvirus	Afonbuvirus intestinihominis/faecalis	0.167	0.345	0.312	0.362	0.298	0.053	0.368	0.09	0.316	0.0	0.087	0.066	0.5	0.667	0.371	0.393	0.39	0.167	0.088	0.111	0.5	0.0	0.6	0.023	0.5	0.773	0.0	0.2	0.027	0.28	0.076	0.0	1.0	1.0	0.75	0.1	0.1	0.0	0.5	0.667	1.0	0.0	0.026	1.0	0.0	1.0	1.0	0.5	1.0	0.5	0.0	0.5	1.0	0.019	0.158	1.0	0.018	0.026	0.02	0.306
MZ130493_1_100650	Suoliviridae	Loutivirinae	Buchavirus	Buchavirus intestinalis	0.167	0.5	0.305	0.848	0.548	0.053	0.302	0.067	0.582	0.0	0.078	0.066	0.5	0.833	0.305	0.336	0.32	0.167	0.088	0.111	0.5	0.0	0.8	0.023	0.5	0.318	0.0	0.6	0.036	0.24	0.076	0.0	1.0	1.0	0.75	0.1	0.1	0.0	0.5	0.667	1.0	0.0	0.026	1.0	0.0	1.0	1.0	0.5	1.0	0.5	0.0	0.5	1.0	0.023	0.158	1.0	0.023	0.031	0.025	0.556
MZ130494_1_100255	Suoliviridae	Uncouvirinae	Birpovirus	Birpovirus hominis	0.167	0.526	0.414	0.371	0.356	0.08	0.585	0.079	0.5	0.0	0.07	0.07	0.5	0.667	0.59	0.57	0.61	0.167	0.099	0.111	0.5	0.0	0.8	0.03	0.5	0.5	0.0	0.2	0.022	0.28	0.076	0.0	1.0	1.0	0.5	0.15	0.1	0.0	0.5	0.667	1.0	0.0	0.022	1.0	0.023	1.0	1.0	0.5	1.0	0.5	0.0	0.5	1.0	0.028	0.105	1.0	0.027	0.031	0.03	0.491
MZ130495_1_101130	Suoliviridae	Loutivirinae	Blohavirus	Blohavirus faecalis	0.167	0.716	0.297	0.562	0.635	0.08	0.368	0.09	0.806	0.0	0.078	0.073	0.5	0.667	0.371	0.355	0.38	0.167	0.099	0.111	0.5	0.0	0.8	0.03	0.5	0.455	0.0	0.2	0.027	0.28	0.076	0.0	1.0	1.0	0.5	0.15	0.1	0.0	1.0	0.667	1.0	0.0	0.031	1.0	0.023	1.0	1.0	0.5	1.0	0.5	0.0	0.5	1.0	0.023	0.105	1.0	0.023	0.026	0.025	0.713
MZ130496_1_102100	Suoliviridae	Loutivirinae	Buchavirus	Buchavirus oralis/coli/splanchnicus	0.167	0.543	0.281	0.648	0.558	0.062	0.34	0.112	0.571	0.0	0.078	0.099	0.5	0.833	0.343	0.355	0.36	0.167	0.099	0.148	0.5	0.0	0.8	0.015	0.5	0.455	0.333	0.6	0.027	0.24	0.114	0.0	1.0	1.0	0.75	0.15	0.1	0.0	0.5	0.667	1.0	0.0	0.022	1.0	0.0	1.0	1.0	0.5	1.0	0.5	0.0	0.5	1.0	0.014	0.158	1.0	0.014	0.021	0.015	0.565
MZ130497_1_104085	Suoliviridae	Oafivirinae	Burzaovirus	Burzaovirus intestinihominis	0.167	0.259	0.227	0.238	0.25	0.071	0.236	0.079	0.265	0.0	0.078	0.106	0.75	0.5	0.238	0.252	0.25	0.167	0.088	0.111	0.5	0.0	0.6	0.015	0.5	0.318	0.333	0.4	0.031	0.24	0.105	0.0	1.0	1.0	0.5	0.15	0.1	0.0	1.0	0.667	1.0	0.0	0.026	1.0	0.0	1.0	1.0	0.5	1.0	0.5	0.0	0.5	1.0	0.014	0.105	1.0	0.014	0.021	0.015	0.231
MZ130498_1_104752	Suoliviridae	Loutivirinae	Buchavirus	Buchavirus hiberniae	0.167	0.569	0.305	0.676	0.529	0.062	0.33	0.112	0.602	0.0	0.078	0.099	0.5	0.833	0.333	0.364	0.35	0.167	0.099	0.148	0.5	0.0	0.8	0.015	0.5	0.409	0.333	0.4	0.027	0.28	0.114	0.0	1.0	1.0	0.75	0.15	0.1	0.0	0.5	0.667	1.0	0.0	0.022	1.0	0.0	1.0	1.0	0.5	1.0	0.5	0.0	0.5	1.0	0.014	0.158	1.0	0.014	0.021	0.015	0.556
MZ130499_1_97706	Suoliviridae	Bearivirinae	Afonbuvirus	Afonbuvirus coli	0.167	0.362	0.297	0.286	0.288	0.053	0.358	0.079	0.347	0.0	0.087	0.066	0.5	0.5	0.362	0.374	0.38	0.167	0.077	0.111	0.5	0.0	0.6	0.015	0.5	0.864	0.0	0.0	0.022	0.28	0.076	0.0	1.0	1.0	0.5	0.1	0.1	0.0	0.5	0.667	1.0	0.0	0.022	1.0	0.0	1.0	1.0	0.5	1.0	0.5	0.0	0.5	1.0	0.014	0.105	1.0	0.014	0.016	0.015	0.333
MZ130500_1_98182	Suoliviridae	Uncouvirinae	Aurodevirus	Aurodevirus hiberniae	0.167	0.379	0.383	0.362	0.481	0.062	0.896	0.067	0.327	0.0	0.07	0.07	0.5	0.667	0.857	0.916	0.9	0.167	0.099	0.111	0.5	0.0	0.6	0.015	0.5	0.409	0.0	0.6	0.027	0.24	0.076	0.0	1.0	1.0	0.75	0.15	0.1	0.0	0.5	1.0	1.0	0.0	0.018	1.0	0.023	1.0	1.0	0.5	1.0	0.5	0.0	0.5	1.0	0.014	0.158	1.0	0.014	0.021	0.015	0.352
Minot_Diet_SRR5088943_NODE_15_length_93463_cov_32.895405	Crevaviridae	Coarsevirinae	Junduvirus	Junduvirus copri	0.167	0.103	0.062	0.057	0.077	0.062	0.066	0.135	0.071	0.0	0.652	0.109	0.25	0.167	0.067	0.084	0.07	0.167	0.044	0.185	0.5	0.0	0.2	0.008	0.5	0.182	0.0	0.2	0.031	0.08	0.143	0.0	1.0	1.0	0.25	0.05	0.1	0.0	0.5	0.333	1.0	0.0	0.035	1.0	0.0	1.0	1.0	0.5	1.0	0.5	0.0	0.5	1.0	0.009	0.105	1.0	0.009	0.016	0.01	0.065
Monaco_MBA4038_NODE_3_length_106353_cov_62.035654	Steigviridae	Asinivirinae	Lebriduvirus	Lebriduvirus gastrointestinalis	0.167	0.147	0.078	0.067	0.087	0.584	0.057	0.09	0.082	0.0	0.052	0.066	0.25	0.167	0.057	0.065	0.06	0.667	0.495	0.111	0.5	0.0	0.2	0.008	0.5	0.318	1.0	0.2	0.067	0.12	0.076	0.0	1.0	1.0	0.25	0.75	0.1	0.0	0.5	0.333	1.0	0.0	0.061	1.0	0.011	1.0	1.0	0.5	1.0	0.5	0.0	0.5	1.0	0.009	0.579	1.0	0.009	0.005	0.01	0.065
Monaco_MBA4038_NODE_5_length_99783_cov_26.247343	Steigviridae	Asinivirinae	Kahnovirus	Kahnovirus copri	0.167	0.147	0.062	0.095	0.115	0.558	0.057	0.101	0.082	0.0	0.061	0.073	0.25	0.333	0.057	0.075	0.06	0.667	0.484	0.111	0.5	0.0	0.2	0.008	0.5	0.273	1.0	0.2	0.049	0.12	0.086	0.0	1.0	1.0	0.5	0.65	0.1	0.0	0.5	0.333	1.0	0.0	0.066	1.0	0.011	1.0	1.0	0.5	1.0	0.5	0.0	0.5	1.0	0.005	0.684	1.0	0.005	0.005	0.005	0.074
NC_021803	outgroup	outgroup	outgroup	outgroup	0.0	0.0	0.0	0.0	0.0	0.018	0.0	0.0	0.0	0.0	0.0	0.0	0.0	0.0	0.0	0.0	0.0	0.0	0.0	0.0	0.0	0.0	0.0	0.008	0.0	0.0	0.0	0.0	0.0	0.0	0.0	0.0	0.0	0.0	0.0	0.05	0.05	0.0	0.0	0.0	0.0	0.5	0.0	0.0	0.011	0.0	0.0	0.0	0.0	0.0	0.0	0.0	0.0	0.0	0.0	0.0	0.0	0.0	0.0	0.0
NG-14253_14_lib223986_5684_NODE_3_length_83015_cov_1213.7	Crevaviridae	Doltivirinae	Kahucivirus	Kahucivirus intestinalis	0.167	0.095	0.07	0.048	0.087	0.08	0.047	0.135	0.071	0.0	0.27	0.166	0.25	0.167	0.048	0.065	0.05	0.167	0.066	0.185	0.5	0.0	0.2	0.008	0.5	0.227	0.0	0.2	0.036	0.12	0.19	0.0	1.0	1.0	0.25	0.05	0.1	0.0	0.5	0.333	1.0	0.0	0.044	1.0	0.0	1.0	1.0	0.5	1.0	0.5	0.0	0.5	1.0	0.005	0.105	1.0	0.005	0.005	0.005	0.056
NG-14253_26_lib223959_5684_NODE_2_length_90827_cov_49.5933	Intestiviridae	Crudevirinae	Diorhovirus	Diorhovirus intestinalis	0.0	0.103	0.055	0.048	0.087	0.053	0.085	0.337	0.082	0.0	0.13	0.275	0.25	0.167	0.086	0.093	0.08	0.0	0.077	0.259	0.0	0.0	0.2	0.015	0.0	0.136	0.0	0.2	0.027	0.08	0.324	0.0	1.0	0.0	0.25	0.1	0.7	0.167	0.0	0.333	0.5	0.0	0.039	1.0	0.023	1.0	0.0	0.5	1.0	1.0	0.0	0.5	0.0	0.005	0.053	1.0	0.005	0.016	0.005	0.074
NG-14253_56xxx_lib223972_5684_NODE_1_length_101680_cov_95.3006	Steigviridae	Asinivirinae	Kolpuevirus	Kolpuevirus hominis	0.167	0.121	0.078	0.057	0.096	0.938	0.066	0.079	0.092	0.0	0.061	0.06	0.25	0.167	0.067	0.084	0.06	0.667	0.462	0.111	0.5	0.0	0.2	0.015	0.5	0.227	1.0	0.2	0.049	0.12	0.067	0.0	1.0	1.0	0.25	0.9	0.1	0.0	0.5	0.333	1.0	0.0	0.079	1.0	0.011	1.0	1.0	0.5	1.0	0.5	0.0	0.5	1.0	0.005	0.842	1.0	0.005	0.005	0.005	0.074
NG-14253_9_lib223974_5684_NODE_4_length_59928_cov_398.525	Crevaviridae	Doltivirinae	Kingevirus	Kingevirus communis	0.167	0.078	0.062	0.038	0.058	0.035	0.047	0.112	0.061	0.0	0.217	0.089	0.25	0.167	0.048	0.065	0.05	0.167	0.033	0.185	0.5	0.0	0.2	0.008	0.5	0.182	0.0	0.0	0.018	0.08	0.114	0.0	1.0	1.0	0.25	0.05	0.1	0.0	0.5	0.333	1.0	0.0	0.022	1.0	0.0	1.0	1.0	0.5	1.0	0.5	0.0	0.5	1.0	0.005	0.105	1.0	0.005	0.005	0.005	0.056
NG-14571_115xxx_NODE_1_length_101130_cov_1132.63	Suoliviridae	Loutivirinae	Blohavirus	Blohavirus faecalis	0.167	0.716	0.297	0.562	0.635	0.08	0.368	0.09	0.806	0.0	0.078	0.073	0.5	0.667	0.371	0.355	0.38	0.167	0.099	0.111	0.5	0.0	0.8	0.03	0.5	0.455	0.0	0.2	0.027	0.28	0.076	0.0	1.0	1.0	0.5	0.15	0.1	0.0	1.0	0.667	1.0	0.0	0.031	1.0	0.023	1.0	1.0	0.5	1.0	0.5	0.0	0.5	1.0	0.023	0.105	1.0	0.023	0.026	0.025	0.713
NG-14571_65_NODE_5_length_90560_cov_40.8849	Crevaviridae	Doltivirinae	Kingevirus	Kingevirus communis	0.167	0.095	0.062	0.038	0.067	0.062	0.047	0.146	0.071	0.0	0.243	0.116	0.25	0.167	0.048	0.065	0.05	0.167	0.044	0.185	0.5	0.0	0.2	0.008	0.5	0.227	0.0	0.0	0.027	0.08	0.152	0.0	1.0	1.0	0.25	0.05	0.1	0.0	0.5	0.333	1.0	0.0	0.035	1.0	0.0	1.0	1.0	0.5	1.0	0.5	0.0	0.5	1.0	0.005	0.105	1.0	0.005	0.005	0.005	0.065
NG-14571_96_NODE_2_length_96466_cov_151.499	Intestiviridae	Churivirinae	Jahgtovirus	Jahgtovirus gastrointestinalis	0.167	0.086	0.078	0.048	0.087	0.044	0.066	0.674	0.061	0.0	0.13	0.728	0.25	0.167	0.067	0.075	0.07	0.167	0.077	0.926	0.5	0.0	0.2	0.023	0.5	0.182	0.0	0.0	0.018	0.08	0.676	0.0	1.0	1.0	0.25	0.05	0.35	0.0	0.5	0.333	1.0	0.0	0.026	1.0	0.011	1.0	1.0	0.5	1.0	1.0	0.0	0.5	1.0	0.005	0.105	1.0	0.005	0.005	0.005	0.056
NG-15813_44_lib254059_NODE_1_length_93391_cov_9.27449	Intestiviridae	Crudevirinae	Drivevirus	Drivevirus gastrointestinalis	0.0	0.103	0.07	0.048	0.096	0.071	0.085	0.36	0.082	0.0	0.122	0.305	0.25	0.167	0.086	0.093	0.08	0.0	0.099	0.222	0.0	0.0	0.2	0.023	0.0	0.136	0.0	0.2	0.027	0.08	0.343	0.0	1.0	0.0	0.25	0.1	0.65	0.167	0.0	0.333	0.5	0.0	0.039	1.0	0.023	1.0	0.0	0.5	1.0	1.0	0.0	0.5	0.0	0.0	0.053	1.0	0.0	0.01	0.0	0.074
NG-15813_53_lib254058_NODE_2_length_98001_cov_18.457	Intestiviridae	Crudevirinae	Carjivirus	Carjivirus hominis	0.0	0.103	0.055	0.057	0.067	0.053	0.066	0.292	0.082	0.0	0.122	0.248	0.25	0.167	0.067	0.084	0.07	0.0	0.033	0.222	0.0	0.0	0.2	0.023	0.0	0.136	0.0	0.2	0.027	0.08	0.286	0.0	1.0	0.0	0.25	0.1	0.65	0.167	0.0	0.333	0.5	0.0	0.031	1.0	0.011	1.0	0.0	0.5	1.0	1.0	0.0	0.5	0.0	0.009	0.053	1.0	0.009	0.021	0.01	0.083
NG-15813_95_lib254056_NODE_1_length_102100_cov_1588.91	Suoliviridae	Loutivirinae	Buchavirus	Buchavirus oralis/coli/splanchnicus	0.167	0.543	0.281	0.648	0.558	0.062	0.34	0.112	0.571	0.0	0.078	0.099	0.5	0.833	0.343	0.355	0.36	0.167	0.099	0.148	0.5	0.0	0.8	0.015	0.5	0.455	0.333	0.6	0.027	0.24	0.114	0.0	1.0	1.0	0.75	0.15	0.1	0.0	0.5	0.667	1.0	0.0	0.022	1.0	0.0	1.0	1.0	0.5	1.0	0.5	0.0	0.5	1.0	0.014	0.158	1.0	0.014	0.021	0.015	0.565
NG-16262_31_lib261986_NODE_2_length_99704_cov_87.7682	Suoliviridae	Boorivirinae	Canhaevirus	Canhaevirus faecalis	0.167	0.319	0.25	0.295	0.288	0.062	0.283	0.067	0.286	0.0	0.07	0.063	0.5	0.833	0.286	0.308	0.3	0.167	0.099	0.111	0.5	0.0	0.8	0.015	0.5	0.364	0.333	0.0	0.013	0.68	0.076	0.0	1.0	1.0	0.75	0.15	0.1	0.0	0.5	0.667	1.0	0.0	0.022	1.0	0.0	1.0	1.0	0.5	1.0	0.5	0.0	0.5	1.0	0.032	0.158	1.0	0.027	0.021	0.03	0.278
NODE_14_length_91830_cov_15.741215	Crevaviridae	Doltivirinae	Kingevirus	Kingevirus communis	0.167	0.095	0.055	0.038	0.067	0.053	0.047	0.146	0.071	0.0	0.243	0.116	0.25	0.167	0.048	0.065	0.05	0.167	0.033	0.185	0.5	0.0	0.2	0.008	0.5	0.182	0.0	0.0	0.022	0.08	0.152	0.0	1.0	1.0	0.25	0.05	0.1	0.0	0.5	0.333	1.0	0.0	0.031	1.0	0.0	1.0	1.0	0.5	1.0	0.5	0.0	0.5	1.0	0.005	0.105	1.0	0.005	0.005	0.005	0.065
NODE_27_length_98043_cov_23.463220	Intestiviridae	Crudevirinae	Carjivirus	Carjivirus communis	0.0	0.095	0.07	0.048	0.077	0.062	0.057	0.315	0.071	0.0	0.122	0.252	0.25	0.167	0.057	0.075	0.06	0.0	0.055	0.222	0.0	0.0	0.2	0.03	0.0	0.136	0.0	0.2	0.027	0.08	0.286	0.0	1.0	0.0	0.25	0.1	0.65	0.167	0.0	0.333	0.5	0.0	0.031	1.0	0.011	1.0	0.0	0.5	1.0	1.0	0.0	0.5	0.0	0.005	0.053	1.0	0.005	0.016	0.005	0.065
OATI01000137	Crevaviridae	Coarsevirinae	Junduvirus	Junduvirus copri	0.167	0.103	0.062	0.057	0.077	0.053	0.066	0.135	0.071	0.0	0.687	0.113	0.25	0.167	0.067	0.084	0.07	0.167	0.044	0.185	0.5	0.0	0.2	0.008	0.5	0.182	0.0	0.2	0.027	0.08	0.143	0.0	1.0	1.0	0.25	0.05	0.1	0.0	0.5	0.333	1.0	0.0	0.031	1.0	0.0	1.0	1.0	0.5	1.0	0.5	0.0	0.5	1.0	0.009	0.105	1.0	0.009	0.016	0.01	0.065
OAUB01000058	Suoliviridae	Bearivirinae	Afonbuvirus	Afonbuvirus intestinihominis/faecalis	0.167	0.362	0.297	0.324	0.288	0.053	0.368	0.09	0.337	0.0	0.087	0.066	0.5	0.5	0.371	0.383	0.39	0.167	0.077	0.111	0.5	0.0	0.6	0.023	0.5	0.727	0.0	0.2	0.027	0.28	0.076	0.0	1.0	1.0	0.5	0.1	0.1	0.0	0.5	0.667	1.0	0.0	0.022	1.0	0.0	1.0	1.0	0.5	1.0	0.5	0.0	0.5	1.0	0.019	0.105	1.0	0.018	0.026	0.02	0.315
OAUH01000043	Suoliviridae	Boorivirinae	Cohcovirus	Cohcovirus splanchnicus	0.167	0.353	0.289	0.333	0.327	0.071	0.302	0.101	0.327	0.0	0.078	0.073	0.5	0.667	0.305	0.327	0.32	0.167	0.132	0.111	0.5	0.0	0.6	0.023	0.5	0.364	0.333	0.2	0.036	0.52	0.086	0.0	1.0	1.0	1.0	0.15	0.1	0.0	1.0	0.667	1.0	0.0	0.022	1.0	0.0	1.0	1.0	0.5	1.0	0.5	0.0	0.5	1.0	0.023	0.158	1.0	0.023	0.021	0.02	0.315
OAVV01000098	Intestiviridae	Crudevirinae	Carjivirus	Carjivirus communis	0.0	0.103	0.055	0.057	0.067	0.053	0.066	0.315	0.082	0.0	0.122	0.252	0.25	0.167	0.067	0.084	0.07	0.0	0.033	0.222	0.0	0.0	0.2	0.023	0.0	0.136	0.0	0.2	0.027	0.08	0.295	0.0	1.0	0.0	0.25	0.1	0.65	0.167	0.0	0.333	0.5	0.0	0.031	1.0	0.011	1.0	0.0	0.5	1.0	1.0	0.0	0.5	0.0	0.009	0.053	1.0	0.009	0.021	0.01	0.083
OAWA01000024	Zeta	Zeta	Zeta_3	Zeta_3_1	1.0	0.078	0.062	0.095	0.077	0.115	0.057	0.045	0.061	0.143	0.07	0.026	0.0	0.167	0.048	0.065	0.06	0.167	0.121	0.037	0.5	0.0	0.0	0.0	0.5	0.091	0.333	0.4	0.929	0.0	0.029	0.0	0.0	1.0	0.25	0.05	0.0	0.0	0.5	0.0	0.5	0.0	0.254	0.0	0.0	0.0	1.0	0.0	0.0	0.0	0.0	0.0	1.0	0.014	0.105	0.0	0.014	0.016	0.015	0.056
OAWB01000083	Intestiviridae	Crudevirinae	Carjivirus	Carjivirus communis	0.0	0.103	0.055	0.057	0.067	0.053	0.066	0.315	0.082	0.0	0.122	0.255	0.25	0.167	0.067	0.084	0.07	0.0	0.033	0.222	0.0	0.0	0.2	0.023	0.0	0.136	0.0	0.2	0.027	0.08	0.286	0.0	1.0	0.0	0.25	0.1	0.65	0.167	0.0	0.333	0.5	0.0	0.031	1.0	0.011	1.0	0.0	0.5	1.0	1.0	0.0	0.5	0.0	0.009	0.053	1.0	0.009	0.021	0.01	0.083
OBAE01000105	Crevaviridae	Coarsevirinae	Junduvirus	Junduvirus communis	0.167	0.103	0.062	0.057	0.077	0.053	0.066	0.135	0.071	0.0	0.73	0.109	0.25	0.167	0.067	0.084	0.07	0.167	0.044	0.185	0.5	0.0	0.2	0.008	0.5	0.182	0.0	0.2	0.027	0.08	0.143	0.0	1.0	1.0	0.25	0.05	0.1	0.0	0.5	0.333	1.0	0.0	0.031	1.0	0.0	1.0	1.0	0.5	1.0	0.5	0.0	0.5	1.0	0.009	0.105	1.0	0.009	0.016	0.01	0.065
OBAG01000123	Intestiviridae	Crudevirinae	Carjivirus	Carjivirus communis	0.0	0.095	0.07	0.048	0.077	0.062	0.057	0.315	0.071	0.0	0.122	0.258	0.25	0.167	0.057	0.075	0.06	0.0	0.055	0.222	0.0	0.0	0.2	0.03	0.0	0.136	0.0	0.2	0.027	0.08	0.295	0.0	1.0	0.0	0.25	0.1	0.65	0.167	0.0	0.333	0.5	0.0	0.035	1.0	0.011	1.0	0.0	0.5	1.0	1.0	0.0	0.5	0.0	0.005	0.053	1.0	0.005	0.016	0.005	0.065
OBAQ01000124	Crevaviridae	Doltivirinae	Kingevirus	Kingevirus communis	0.167	0.095	0.062	0.038	0.077	0.062	0.057	0.169	0.071	0.0	0.243	0.126	0.25	0.167	0.057	0.065	0.06	0.167	0.066	0.185	0.5	0.0	0.2	0.008	0.5	0.227	0.0	0.0	0.027	0.08	0.162	0.0	1.0	1.0	0.25	0.05	0.1	0.0	0.5	0.333	1.0	0.0	0.039	1.0	0.011	1.0	1.0	0.5	1.0	0.5	0.0	0.5	1.0	0.005	0.105	1.0	0.005	0.005	0.005	0.065
OBAR01000155	Intestiviridae	Churivirinae	Jahgtovirus	Jahgtovirus intestinalis	0.167	0.129	0.078	0.057	0.087	0.044	0.066	0.899	0.071	0.0	0.13	0.662	0.25	0.167	0.067	0.075	0.07	0.167	0.11	0.667	0.5	0.0	0.2	0.023	0.5	0.273	0.0	0.0	0.018	0.08	0.629	0.0	1.0	1.0	0.25	0.05	0.35	0.0	0.5	0.333	1.0	0.0	0.031	1.0	0.011	1.0	1.0	0.5	1.0	1.0	0.0	0.5	1.0	0.005	0.105	1.0	0.005	0.005	0.005	0.065
OBCT01000057	Intestiviridae	Crudevirinae	Carjivirus	Carjivirus communis	0.0	0.103	0.055	0.057	0.067	0.053	0.066	0.303	0.082	0.0	0.122	0.248	0.25	0.167	0.067	0.084	0.07	0.0	0.033	0.222	0.0	0.0	0.2	0.023	0.0	0.136	0.0	0.2	0.027	0.08	0.286	0.0	1.0	0.0	0.25	0.1	0.65	0.167	0.0	0.333	0.5	0.0	0.031	1.0	0.011	1.0	0.0	0.5	1.0	1.0	0.0	0.5	0.0	0.009	0.053	1.0	0.009	0.021	0.01	0.083
OBHU01000008	Zeta	Zeta	Zeta_9	Zeta_9_2	0.667	0.095	0.086	0.086	0.096	0.15	0.038	0.056	0.071	0.286	0.087	0.043	0.0	0.167	0.038	0.047	0.04	0.167	0.099	0.037	0.5	0.0	0.0	0.008	0.5	0.091	0.0	0.2	0.219	0.04	0.057	0.0	0.0	1.0	0.25	0.05	0.0	0.0	0.5	0.0	0.5	0.0	0.816	0.0	0.0	0.0	1.0	0.0	0.0	0.0	0.0	0.0	1.0	0.023	0.105	0.0	0.018	0.021	0.025	0.074
OBJF01000120	Intestiviridae	Crudevirinae	Dabirmavirus	Dabirmavirus hominis	0.167	0.103	0.07	0.057	0.087	0.062	0.066	0.315	0.071	0.0	0.157	0.281	0.25	0.167	0.067	0.075	0.07	0.167	0.088	0.296	0.5	0.0	0.2	0.015	0.5	0.227	0.0	0.0	0.036	0.08	0.314	0.0	1.0	1.0	0.25	0.05	0.7	0.0	0.5	0.333	1.0	0.0	0.061	1.0	0.011	1.0	1.0	0.5	1.0	1.0	0.0	0.5	1.0	0.005	0.105	1.0	0.005	0.005	0.005	0.065
OBJF01000128	Crevaviridae	Doltivirinae	Kingevirus	Kingevirus communis	0.167	0.095	0.062	0.038	0.067	0.062	0.047	0.146	0.071	0.0	0.243	0.116	0.25	0.167	0.048	0.065	0.05	0.167	0.044	0.185	0.5	0.0	0.2	0.008	0.5	0.227	0.0	0.0	0.027	0.08	0.152	0.0	1.0	1.0	0.25	0.05	0.1	0.0	0.5	0.333	1.0	0.0	0.035	1.0	0.0	1.0	1.0	0.5	1.0	0.5	0.0	0.5	1.0	0.005	0.105	1.0	0.005	0.005	0.005	0.065
OBJP01000067	Suoliviridae	Bearivirinae	Afonbuvirus	Afonbuvirus coli	0.167	0.362	0.297	0.343	0.298	0.053	0.349	0.079	0.316	0.0	0.104	0.066	0.5	0.667	0.352	0.374	0.37	0.167	0.088	0.111	0.5	0.0	0.6	0.023	0.5	0.818	0.0	0.2	0.027	0.28	0.076	0.0	1.0	1.0	0.75	0.15	0.1	0.0	0.5	0.667	1.0	0.0	0.026	1.0	0.011	1.0	1.0	0.5	1.0	0.5	0.0	0.5	1.0	0.019	0.158	1.0	0.018	0.026	0.02	0.333
OBJP01000075	Intestiviridae	Crudevirinae	Delmidovirus	Delmidovirus intestinihominis	0.0	0.086	0.055	0.048	0.087	0.044	0.066	0.315	0.061	0.0	0.122	0.262	0.25	0.167	0.076	0.093	0.07	0.0	0.044	0.222	0.0	0.0	0.2	0.015	0.0	0.136	0.0	0.2	0.027	0.08	0.314	0.0	1.0	0.0	0.25	0.05	0.65	0.167	0.0	0.333	0.5	0.0	0.035	1.0	0.0	1.0	0.0	0.5	1.0	1.0	0.0	0.5	0.0	0.0	0.053	1.0	0.0	0.01	0.0	0.056
OBJQ01000077	Suoliviridae	Boorivirinae	Cohcovirus	Cohcovirus splanchnicus	0.167	0.353	0.258	0.295	0.298	0.062	0.302	0.079	0.327	0.0	0.078	0.066	0.5	0.5	0.305	0.318	0.32	0.167	0.099	0.111	0.5	0.0	0.6	0.015	0.5	0.364	0.333	0.2	0.031	0.56	0.076	0.0	1.0	1.0	0.75	0.15	0.1	0.0	1.0	0.667	1.0	0.0	0.018	1.0	0.0	1.0	1.0	0.5	1.0	0.5	0.0	0.5	1.0	0.019	0.105	1.0	0.018	0.021	0.02	0.306
OBKI01000059	Intestiviridae	Churivirinae	Jahgtovirus	Jahgtovirus secundus	0.167	0.086	0.078	0.048	0.087	0.044	0.066	0.674	0.061	0.0	0.13	0.576	0.25	0.167	0.067	0.075	0.07	0.167	0.099	0.926	0.5	0.0	0.2	0.023	0.5	0.182	0.0	0.0	0.018	0.08	0.648	0.0	1.0	1.0	0.25	0.05	0.35	0.0	0.5	0.333	1.0	0.0	0.035	1.0	0.011	1.0	1.0	0.5	1.0	1.0	0.0	0.5	1.0	0.005	0.105	1.0	0.005	0.005	0.005	0.056
OBKN01000015	Suoliviridae	Oafivirinae	Burzaovirus	Burzaovirus intestinihominis	0.167	0.259	0.227	0.238	0.25	0.071	0.236	0.079	0.265	0.0	0.078	0.106	0.75	0.5	0.238	0.252	0.25	0.167	0.088	0.111	0.5	0.0	0.6	0.015	0.5	0.318	0.333	0.4	0.031	0.24	0.105	0.0	1.0	1.0	0.5	0.15	0.1	0.0	1.0	0.667	1.0	0.0	0.026	1.0	0.0	1.0	1.0	0.5	1.0	0.5	0.0	0.5	1.0	0.009	0.105	1.0	0.009	0.016	0.01	0.231
OBKV01000026	Zeta	Zeta	Zeta_13	Zeta_13_1	0.5	0.086	0.055	0.086	0.058	0.044	0.028	0.045	0.051	0.143	0.052	0.03	0.0	0.167	0.029	0.037	0.03	0.0	0.099	0.0	0.0	0.0	0.0	0.0	0.0	0.136	0.0	0.4	0.192	0.0	0.048	0.0	0.0	0.0	0.25	0.0	0.0	0.0	0.0	0.0	0.0	0.0	0.268	0.0	0.0	0.0	0.0	0.0	0.0	0.0	0.0	0.0	0.0	0.014	0.053	0.0	0.009	0.021	0.01	0.046
OBVI01000054	Intestiviridae	Crudevirinae	Carjivirus	Carjivirus communis	0.0	0.103	0.055	0.057	0.067	0.053	0.066	0.303	0.082	0.0	0.122	0.248	0.25	0.167	0.067	0.084	0.07	0.0	0.033	0.222	0.0	0.0	0.2	0.023	0.0	0.136	0.0	0.2	0.027	0.08	0.286	0.0	1.0	0.0	0.25	0.1	0.65	0.167	0.0	0.333	0.5	0.0	0.031	1.0	0.011	1.0	0.0	0.5	1.0	1.0	0.0	0.5	0.0	0.009	0.053	1.0	0.009	0.021	0.01	0.083
OBWI01000023	Epsilon	Epsilon	Epsilon_2	Epsilon_2_3	0.0	0.069	0.023	0.038	0.019	0.009	0.028	0.011	0.051	0.0	0.009	0.023	0.0	0.0	0.029	0.037	0.03	0.0	0.011	0.037	0.0	0.0	0.0	0.338	0.0	0.045	0.0	0.0	0.009	0.08	0.019	0.0	1.0	0.0	0.0	0.0	0.05	0.0	0.0	0.0	0.5	0.0	0.0	0.0	0.0	1.0	0.0	0.5	1.0	0.0	0.0	0.5	0.0	0.792	0.053	0.0	0.778	0.869	0.826	0.065
OBXZ01000146	Intestiviridae	Crudevirinae	Carjivirus	Carjivirus communis	0.0	0.095	0.055	0.048	0.067	0.053	0.057	0.303	0.071	0.0	0.122	0.252	0.25	0.167	0.057	0.075	0.06	0.0	0.033	0.222	0.0	0.0	0.2	0.023	0.0	0.136	0.0	0.2	0.027	0.08	0.286	0.0	1.0	0.0	0.25	0.1	0.65	0.167	0.0	0.333	0.5	0.0	0.031	1.0	0.011	1.0	0.0	0.5	1.0	1.0	0.0	0.5	0.0	0.005	0.053	1.0	0.005	0.016	0.005	0.065
OBZD01000096	Suoliviridae	Boorivirinae	Cohcovirus	Cohcovirus splanchnicus	0.167	0.362	0.273	0.314	0.308	0.062	0.302	0.079	0.337	0.0	0.078	0.066	0.5	0.5	0.305	0.318	0.32	0.167	0.11	0.111	0.5	0.0	0.6	0.015	0.5	0.364	0.333	0.2	0.036	0.56	0.076	0.0	1.0	1.0	0.75	0.2	0.1	0.0	1.0	0.667	1.0	0.0	0.018	1.0	0.0	1.0	1.0	0.5	1.0	0.5	0.0	0.5	1.0	0.019	0.105	1.0	0.018	0.021	0.02	0.315
OCHF01000011	Epsilon	Epsilon	Epsilon_2	Epsilon_2_3	0.0	0.069	0.023	0.048	0.019	0.009	0.038	0.011	0.051	0.0	0.017	0.023	0.0	0.0	0.038	0.047	0.04	0.0	0.011	0.037	0.0	0.0	0.0	0.346	0.0	0.045	0.0	0.2	0.013	0.08	0.019	0.0	1.0	0.0	0.0	0.0	0.05	0.0	0.0	0.0	0.5	0.0	0.0	0.0	0.0	1.0	0.0	0.5	1.0	0.0	0.0	0.5	0.0	0.806	0.105	0.0	0.76	0.859	0.831	0.065
OCHF01000043	Suoliviridae	Oafivirinae	Burzaovirus	Burzaovirus coli	0.167	0.259	0.227	0.238	0.24	0.071	0.236	0.079	0.265	0.0	0.078	0.106	0.75	0.5	0.238	0.252	0.25	0.167	0.088	0.111	0.5	0.0	0.6	0.015	0.5	0.318	0.333	0.4	0.031	0.24	0.105	0.0	1.0	1.0	0.5	0.15	0.1	0.0	1.0	0.667	1.0	0.0	0.026	1.0	0.0	1.0	1.0	0.5	1.0	0.5	0.0	0.5	1.0	0.014	0.105	1.0	0.014	0.021	0.015	0.231
OCHG01000105	Intestiviridae	Crudevirinae	Carjivirus	Carjivirus communis	0.0	0.095	0.055	0.048	0.067	0.053	0.057	0.315	0.071	0.0	0.122	0.252	0.25	0.167	0.057	0.075	0.06	0.0	0.033	0.222	0.0	0.0	0.2	0.023	0.0	0.136	0.0	0.2	0.027	0.08	0.295	0.0	1.0	0.0	0.25	0.1	0.65	0.167	0.0	0.333	0.5	0.0	0.031	1.0	0.011	1.0	0.0	0.5	1.0	1.0	0.0	0.5	0.0	0.005	0.053	1.0	0.005	0.016	0.005	0.065
OCHL01000028	Zeta	Zeta	Zeta_8	Zeta_8_1	1.0	0.095	0.07	0.086	0.087	0.133	0.066	0.045	0.082	0.143	0.07	0.026	0.0	0.167	0.067	0.075	0.06	0.167	0.121	0.037	0.5	0.0	0.0	0.0	0.5	0.091	0.333	0.4	0.737	0.0	0.029	0.0	0.0	1.0	0.25	0.1	0.0	0.0	0.5	0.0	0.5	0.0	0.224	0.0	0.023	0.0	1.0	0.0	0.0	0.0	0.0	0.0	1.0	0.014	0.105	0.0	0.014	0.016	0.015	0.074
OCHL01000111	Crevaviridae	Coarsevirinae	Junduvirus	Junduvirus communis	0.167	0.103	0.062	0.057	0.077	0.062	0.066	0.135	0.071	0.0	0.73	0.109	0.25	0.167	0.067	0.084	0.07	0.167	0.044	0.185	0.5	0.0	0.2	0.008	0.5	0.182	0.0	0.2	0.031	0.08	0.143	0.0	1.0	1.0	0.25	0.05	0.1	0.0	0.5	0.333	1.0	0.0	0.035	1.0	0.0	1.0	1.0	0.5	1.0	0.5	0.0	0.5	1.0	0.009	0.105	1.0	0.009	0.016	0.01	0.065
OCHV01000088	Suoliviridae	Bearivirinae	Afonbuvirus	Afonbuvirus intestinihominis/faecalis	0.167	0.362	0.305	0.333	0.288	0.053	0.368	0.09	0.337	0.0	0.087	0.066	0.5	0.5	0.371	0.383	0.39	0.167	0.077	0.111	0.5	0.0	0.6	0.023	0.5	0.773	0.0	0.2	0.027	0.28	0.076	0.0	1.0	1.0	0.5	0.1	0.1	0.0	0.5	0.667	1.0	0.0	0.022	1.0	0.0	1.0	1.0	0.5	1.0	0.5	0.0	0.5	1.0	0.019	0.105	1.0	0.018	0.026	0.02	0.315
OCLC01000020	Suoliviridae	Uncouvirinae	Birpovirus	Birpovirus hominis	0.167	0.517	0.438	0.381	0.404	0.088	0.594	0.101	0.52	0.0	0.07	0.076	0.5	0.833	0.6	0.589	0.62	0.167	0.132	0.111	0.5	0.0	0.8	0.03	0.5	0.5	0.0	0.2	0.022	0.28	0.086	0.0	1.0	1.0	0.75	0.15	0.1	0.0	0.5	0.667	1.0	0.0	0.026	1.0	0.023	1.0	1.0	0.5	1.0	0.5	0.0	0.5	1.0	0.019	0.158	1.0	0.018	0.021	0.02	0.463
OCMA01000041	Intestiviridae	Crudevirinae	Carjivirus	Carjivirus communis	0.0	0.103	0.055	0.057	0.067	0.053	0.066	0.303	0.082	0.0	0.122	0.248	0.25	0.167	0.067	0.084	0.07	0.0	0.033	0.222	0.0	0.0	0.2	0.023	0.0	0.136	0.0	0.2	0.027	0.08	0.286	0.0	1.0	0.0	0.25	0.1	0.65	0.167	0.0	0.333	0.5	0.0	0.031	1.0	0.011	1.0	0.0	0.5	1.0	1.0	0.0	0.5	0.0	0.009	0.053	1.0	0.009	0.021	0.01	0.083
OCPV01000032	Zeta	Zeta	Zeta_1	Zeta_1_4	1.0	0.078	0.062	0.105	0.077	0.168	0.057	0.045	0.061	0.143	0.061	0.036	0.0	0.167	0.057	0.075	0.06	0.167	0.121	0.037	0.5	0.0	0.0	0.0	0.5	0.091	0.0	0.2	0.339	0.0	0.038	0.0	0.0	1.0	0.25	0.0	0.0	0.0	0.5	0.0	0.5	0.0	0.197	0.0	0.011	0.0	1.0	0.0	0.0	0.0	0.0	0.0	1.0	0.009	0.105	0.0	0.009	0.005	0.01	0.065
OCPX01000081	Suoliviridae	Boorivirinae	Cohcovirus	Cohcovirus splanchnicus	0.167	0.362	0.273	0.333	0.337	0.071	0.302	0.079	0.337	0.0	0.078	0.066	0.5	0.667	0.305	0.327	0.32	0.167	0.121	0.111	0.5	0.0	0.6	0.015	0.5	0.409	0.333	0.2	0.04	0.56	0.076	0.0	1.0	1.0	1.0	0.15	0.1	0.0	1.0	0.667	1.0	0.0	0.031	1.0	0.0	1.0	1.0	0.5	1.0	0.5	0.0	0.5	1.0	0.019	0.158	1.0	0.018	0.021	0.02	0.324
OCPY01000015	Epsilon	Epsilon	Epsilon_2	Epsilon_2_3	0.0	0.069	0.023	0.048	0.019	0.009	0.038	0.011	0.051	0.0	0.017	0.023	0.0	0.0	0.038	0.047	0.04	0.0	0.011	0.037	0.0	0.0	0.0	0.346	0.0	0.045	0.0	0.2	0.013	0.08	0.019	0.0	1.0	0.0	0.0	0.0	0.05	0.0	0.0	0.0	0.5	0.0	0.0	0.0	0.0	1.0	0.0	0.5	1.0	0.0	0.0	0.5	0.0	0.806	0.105	0.0	0.76	0.859	0.831	0.065
OCPZ01000017	Epsilon	Epsilon	Epsilon_2	Epsilon_2_3	0.0	0.069	0.023	0.048	0.019	0.009	0.038	0.011	0.051	0.0	0.017	0.023	0.0	0.0	0.038	0.047	0.04	0.0	0.011	0.037	0.0	0.0	0.0	0.346	0.0	0.045	0.0	0.2	0.013	0.08	0.019	0.0	1.0	0.0	0.0	0.0	0.05	0.0	0.0	0.0	0.5	0.0	0.0	0.0	0.0	1.0	0.0	0.5	1.0	0.0	0.0	0.5	0.0	0.806	0.105	0.0	0.76	0.859	0.831	0.065
OCRP01000110	Intestiviridae	Crudevirinae	Carjivirus	Carjivirus communis	0.0	0.095	0.055	0.048	0.067	0.053	0.057	0.315	0.071	0.0	0.122	0.252	0.25	0.167	0.057	0.075	0.06	0.0	0.033	0.222	0.0	0.0	0.2	0.023	0.0	0.136	0.0	0.2	0.027	0.08	0.286	0.0	1.0	0.0	0.25	0.1	0.65	0.167	0.0	0.333	0.5	0.0	0.031	1.0	0.011	1.0	0.0	0.5	1.0	1.0	0.0	0.5	0.0	0.005	0.053	1.0	0.005	0.016	0.005	0.065
OEIM01000003	Suoliviridae	Uncouvirinae	Birpovirus	Birpovirus hominis	0.167	0.5	0.43	0.4	0.394	0.08	0.575	0.101	0.5	0.0	0.07	0.076	0.5	0.833	0.581	0.589	0.6	0.167	0.121	0.111	0.5	0.0	0.8	0.038	0.5	0.455	0.0	0.0	0.018	0.28	0.086	0.0	1.0	1.0	0.75	0.15	0.1	0.0	0.5	0.667	1.0	0.0	0.026	1.0	0.023	1.0	1.0	0.5	1.0	0.5	0.0	0.5	1.0	0.028	0.158	1.0	0.027	0.031	0.03	0.454
OFLY01000012	Epsilon	Epsilon	Epsilon_2	Epsilon_2_6	0.0	0.043	0.016	0.029	0.01	0.0	0.019	0.0	0.041	0.0	0.0	0.0	0.0	0.0	0.019	0.019	0.02	0.0	0.0	0.0	0.5	0.0	0.0	0.301	0.5	0.0	0.0	0.0	0.009	0.04	0.0	1.0	0.0	0.0	0.0	0.0	0.0	0.0	0.0	0.0	0.0	0.0	0.0	0.0	0.0	0.0	0.0	0.0	0.0	0.0	0.0	0.0	0.0	0.764	0.053	0.0	0.742	0.817	0.801	0.056
OFLY01000041	Intestiviridae	Crudevirinae	Carjivirus	Carjivirus communis	0.0	0.095	0.07	0.048	0.077	0.053	0.057	0.315	0.071	0.0	0.122	0.255	0.25	0.167	0.057	0.075	0.06	0.0	0.055	0.222	0.0	0.0	0.2	0.03	0.0	0.136	0.0	0.2	0.027	0.08	0.295	0.0	1.0	0.0	0.25	0.1	0.65	0.167	0.0	0.333	0.5	0.0	0.031	1.0	0.011	1.0	0.0	0.5	1.0	1.0	0.0	0.5	0.0	0.005	0.053	1.0	0.005	0.016	0.005	0.065
OFMB01000041	Intestiviridae	Crudevirinae	Delmidovirus	Delmidovirus intestinihominis	0.0	0.086	0.055	0.048	0.087	0.044	0.066	0.315	0.061	0.0	0.122	0.262	0.25	0.167	0.076	0.093	0.07	0.0	0.044	0.222	0.0	0.0	0.2	0.015	0.0	0.136	0.0	0.2	0.027	0.08	0.314	0.0	1.0	0.0	0.25	0.05	0.65	0.167	0.0	0.333	0.5	0.0	0.035	1.0	0.0	1.0	0.0	0.5	1.0	1.0	0.0	0.5	0.0	0.0	0.053	1.0	0.0	0.01	0.0	0.056
OFME01000049	Intestiviridae	Crudevirinae	Carjivirus	Carjivirus communis	0.0	0.103	0.055	0.057	0.067	0.053	0.066	0.303	0.082	0.0	0.122	0.252	0.25	0.167	0.067	0.084	0.07	0.0	0.033	0.222	0.0	0.0	0.2	0.023	0.0	0.136	0.0	0.2	0.027	0.08	0.286	0.0	1.0	0.0	0.25	0.1	0.65	0.167	0.0	0.333	0.5	0.0	0.031	1.0	0.011	1.0	0.0	0.5	1.0	1.0	0.0	0.5	0.0	0.009	0.053	1.0	0.009	0.021	0.01	0.083
OFMN01000076	Intestiviridae	Crudevirinae	Carjivirus	Carjivirus communis	0.0	0.095	0.055	0.048	0.067	0.053	0.057	0.292	0.071	0.0	0.122	0.252	0.25	0.167	0.057	0.075	0.06	0.0	0.033	0.222	0.0	0.0	0.2	0.023	0.0	0.136	0.0	0.2	0.027	0.08	0.286	0.0	1.0	0.0	0.25	0.1	0.65	0.167	0.0	0.333	0.5	0.0	0.031	1.0	0.011	1.0	0.0	0.5	1.0	1.0	0.0	0.5	0.0	0.005	0.053	1.0	0.005	0.016	0.005	0.065
OFMO01000072	Intestiviridae	Crudevirinae	Carjivirus	Carjivirus communis	0.0	0.095	0.055	0.048	0.067	0.053	0.057	0.303	0.071	0.0	0.122	0.248	0.25	0.167	0.057	0.075	0.06	0.0	0.033	0.222	0.0	0.0	0.2	0.023	0.0	0.136	0.0	0.2	0.027	0.08	0.286	0.0	1.0	0.0	0.25	0.1	0.65	0.167	0.0	0.333	0.5	0.0	0.031	1.0	0.011	1.0	0.0	0.5	1.0	1.0	0.0	0.5	0.0	0.005	0.053	1.0	0.005	0.016	0.005	0.065
OFMP01000048	Intestiviridae	Crudevirinae	Carjivirus	Carjivirus communis	0.0	0.095	0.055	0.048	0.067	0.053	0.057	0.303	0.071	0.0	0.122	0.248	0.25	0.167	0.057	0.075	0.06	0.0	0.033	0.222	0.0	0.0	0.2	0.023	0.0	0.136	0.0	0.2	0.027	0.08	0.295	0.0	1.0	0.0	0.25	0.1	0.65	0.167	0.0	0.333	0.5	0.0	0.031	1.0	0.011	1.0	0.0	0.5	1.0	1.0	0.0	0.5	0.0	0.005	0.053	1.0	0.005	0.016	0.005	0.065
OFMQ01000046	Steigviridae	Asinivirinae	Kahnovirus	Kahnovirus oralis	0.167	0.155	0.086	0.076	0.087	0.558	0.066	0.09	0.092	0.0	0.052	0.06	0.25	0.167	0.067	0.075	0.07	0.667	0.473	0.111	0.5	0.0	0.2	0.015	0.5	0.318	1.0	0.2	0.045	0.08	0.057	0.0	1.0	1.0	0.25	0.65	0.1	0.0	0.5	0.333	1.0	0.0	0.035	1.0	0.011	1.0	1.0	0.5	1.0	0.5	0.0	0.5	1.0	0.009	0.632	1.0	0.009	0.01	0.01	0.083
OFMT01000010	Zeta	Zeta	Zeta_1	Zeta_1_1	1.0	0.078	0.07	0.114	0.077	0.15	0.066	0.034	0.061	0.0	0.07	0.023	0.0	0.167	0.067	0.084	0.07	0.167	0.11	0.037	0.5	0.0	0.0	0.0	0.5	0.091	0.0	0.4	0.339	0.0	0.029	0.0	0.0	1.0	0.25	0.0	0.0	0.0	0.5	0.0	0.5	0.0	0.202	0.0	0.011	0.0	1.0	0.0	0.0	0.0	0.0	0.0	1.0	0.028	0.105	0.0	0.023	0.031	0.025	0.065
OFMT01000022	Epsilon	Epsilon	Epsilon_1	Epsilon_1_5	0.0	0.026	0.016	0.019	0.01	0.0	0.009	0.011	0.02	0.0	0.0	0.007	0.0	0.0	0.01	0.009	0.01	0.0	0.0	0.0	0.5	0.0	0.0	0.692	0.5	0.0	0.0	0.0	0.0	0.04	0.0	1.0	0.0	0.0	0.0	0.0	0.0	0.0	0.0	0.0	0.0	0.0	0.0	0.0	0.0	0.0	0.0	0.0	0.0	0.0	0.0	0.0	0.0	0.361	0.0	0.0	0.353	0.361	0.358	0.028
OFMT01000069	Suoliviridae	Oafivirinae	Burzaovirus	Burzaovirus coli	0.167	0.259	0.227	0.229	0.24	0.071	0.226	0.079	0.265	0.0	0.07	0.106	0.75	0.5	0.229	0.243	0.24	0.167	0.088	0.111	0.5	0.0	0.6	0.015	0.5	0.318	0.333	0.2	0.027	0.24	0.105	0.0	1.0	1.0	0.5	0.15	0.1	0.0	1.0	0.667	1.0	0.0	0.026	1.0	0.0	1.0	1.0	0.5	1.0	0.5	0.0	0.5	1.0	0.014	0.105	1.0	0.014	0.016	0.015	0.231
OFMU01000028	Epsilon	Epsilon	Epsilon_1	Epsilon_1_7	0.0	0.026	0.016	0.019	0.01	0.0	0.009	0.011	0.02	0.0	0.0	0.007	0.0	0.0	0.01	0.009	0.01	0.0	0.0	0.0	0.5	0.0	0.0	0.722	0.5	0.0	0.0	0.0	0.0	0.04	0.0	1.0	0.0	0.0	0.0	0.0	0.0	0.0	0.0	0.0	0.0	0.0	0.0	0.0	0.0	0.0	0.0	0.0	0.0	0.0	0.0	0.0	0.0	0.352	0.0	0.0	0.335	0.356	0.343	0.028
OFMV01000048	Suoliviridae	Boorivirinae	Canhaevirus	Canhaevirus faecalis	0.167	0.319	0.258	0.276	0.269	0.062	0.283	0.067	0.286	0.0	0.07	0.063	0.5	0.667	0.286	0.299	0.3	0.167	0.099	0.111	0.5	0.0	0.8	0.015	0.5	0.364	0.333	0.0	0.018	0.68	0.076	0.0	1.0	1.0	0.5	0.15	0.1	0.0	0.5	0.667	1.0	0.0	0.018	1.0	0.0	1.0	1.0	0.5	1.0	0.5	0.0	0.5	1.0	0.037	0.105	1.0	0.032	0.026	0.035	0.269
OFPS01000054	Epsilon	Epsilon	Epsilon_1	Epsilon_1_3	0.0	0.026	0.016	0.019	0.01	0.0	0.009	0.011	0.02	0.0	0.0	0.007	0.0	0.0	0.01	0.009	0.01	0.0	0.0	0.0	0.5	0.0	0.0	0.707	0.5	0.0	0.0	0.0	0.0	0.04	0.0	1.0	0.0	0.0	0.0	0.0	0.0	0.0	0.0	0.0	0.0	0.0	0.0	0.0	0.0	0.0	0.0	0.0	0.0	0.0	0.0	0.0	0.0	0.324	0.0	0.0	0.317	0.319	0.313	0.028
OFRY01000048	Intestiviridae	Crudevirinae	Carjivirus	Carjivirus communis	0.0	0.103	0.055	0.057	0.067	0.053	0.066	0.292	0.082	0.0	0.113	0.252	0.25	0.167	0.067	0.084	0.07	0.0	0.033	0.222	0.0	0.0	0.2	0.023	0.0	0.136	0.0	0.2	0.027	0.08	0.286	0.0	1.0	0.0	0.25	0.1	0.65	0.167	0.0	0.333	0.5	0.0	0.031	1.0	0.011	1.0	0.0	0.5	1.0	1.0	0.0	0.5	0.0	0.009	0.053	1.0	0.009	0.021	0.01	0.083
OFRZ01000076	Intestiviridae	Crudevirinae	Carjivirus	Carjivirus communis	0.0	0.095	0.055	0.048	0.067	0.053	0.057	0.292	0.071	0.0	0.122	0.252	0.25	0.167	0.057	0.075	0.06	0.0	0.033	0.222	0.0	0.0	0.2	0.023	0.0	0.136	0.0	0.2	0.027	0.08	0.286	0.0	1.0	0.0	0.25	0.1	0.65	0.167	0.0	0.333	0.5	0.0	0.031	1.0	0.011	1.0	0.0	0.5	1.0	1.0	0.0	0.5	0.0	0.005	0.053	1.0	0.005	0.016	0.005	0.065
OFSC01000046	Intestiviridae	Crudevirinae	Carjivirus	Carjivirus communis	0.0	0.095	0.055	0.048	0.067	0.053	0.057	0.303	0.071	0.0	0.122	0.258	0.25	0.167	0.057	0.075	0.06	0.0	0.033	0.222	0.0	0.0	0.2	0.023	0.0	0.136	0.0	0.2	0.027	0.08	0.295	0.0	1.0	0.0	0.25	0.1	0.65	0.167	0.0	0.333	0.5	0.0	0.035	1.0	0.011	1.0	0.0	0.5	1.0	1.0	0.0	0.5	0.0	0.005	0.053	1.0	0.005	0.016	0.005	0.065
OGCM01000239	Crevaviridae	Coarsevirinae	Junduvirus	Junduvirus communis	0.167	0.103	0.062	0.057	0.077	0.062	0.066	0.135	0.071	0.0	0.704	0.109	0.25	0.167	0.067	0.084	0.07	0.167	0.044	0.185	0.5	0.0	0.2	0.008	0.5	0.182	0.0	0.2	0.031	0.08	0.143	0.0	1.0	1.0	0.25	0.05	0.1	0.0	0.5	0.333	1.0	0.0	0.035	1.0	0.0	1.0	1.0	0.5	1.0	0.5	0.0	0.5	1.0	0.005	0.105	1.0	0.005	0.01	0.005	0.065
OGCO01000213	Steigviridae	Asinivirinae	Kahnovirus	Kahnovirus oralis	0.167	0.147	0.094	0.095	0.115	0.531	0.057	0.112	0.082	0.0	0.052	0.076	0.25	0.333	0.057	0.075	0.06	0.667	0.495	0.111	0.5	0.0	0.2	0.015	0.5	0.318	1.0	0.2	0.049	0.08	0.086	0.0	1.0	1.0	0.5	0.65	0.1	0.0	0.5	0.333	1.0	0.0	0.057	1.0	0.011	1.0	1.0	0.5	1.0	0.5	0.0	0.5	1.0	0.005	0.684	1.0	0.005	0.005	0.005	0.074
OGCO01000246	Crevaviridae	Doltivirinae	Kingevirus	Kingevirus communis	0.167	0.095	0.062	0.038	0.077	0.062	0.057	0.157	0.071	0.0	0.243	0.119	0.25	0.167	0.057	0.065	0.06	0.167	0.066	0.185	0.5	0.0	0.2	0.008	0.5	0.227	0.0	0.0	0.027	0.08	0.152	0.0	1.0	1.0	0.25	0.05	0.1	0.0	0.5	0.333	1.0	0.0	0.039	1.0	0.011	1.0	1.0	0.5	1.0	0.5	0.0	0.5	1.0	0.005	0.105	1.0	0.005	0.005	0.005	0.065
OGOC01000003	Zeta	Zeta	Zeta_9	Zeta_9_1	0.5	0.078	0.078	0.076	0.106	0.133	0.038	0.067	0.061	0.286	0.061	0.046	0.0	0.167	0.038	0.047	0.04	0.0	0.11	0.0	0.0	0.0	0.0	0.008	0.0	0.045	0.0	0.2	0.214	0.04	0.076	0.0	0.0	0.0	0.25	0.05	0.0	0.0	0.0	0.0	0.0	0.0	0.838	0.0	0.0	0.0	0.0	0.0	0.0	0.0	0.0	0.0	0.0	0.005	0.053	0.0	0.005	0.005	0.005	0.065
OGOG01000008	Zeta	Zeta	Zeta_1	Zeta_1_4	1.0	0.078	0.062	0.105	0.077	0.168	0.057	0.045	0.061	0.143	0.061	0.036	0.0	0.167	0.057	0.075	0.06	0.167	0.121	0.037	0.5	0.0	0.0	0.0	0.5	0.091	0.0	0.2	0.344	0.0	0.038	0.0	0.0	1.0	0.25	0.0	0.0	0.0	0.5	0.0	0.5	0.0	0.206	0.0	0.011	0.0	1.0	0.0	0.0	0.0	0.0	0.0	1.0	0.028	0.105	0.0	0.023	0.026	0.025	0.065
OGOI01000071	Suoliviridae	Loutivirinae	Buchavirus	Buchavirus intestinalis	0.167	0.491	0.297	0.829	0.548	0.053	0.33	0.067	0.582	0.0	0.078	0.066	0.5	0.833	0.333	0.346	0.35	0.167	0.088	0.111	0.5	0.0	0.8	0.023	0.5	0.318	0.0	0.4	0.036	0.24	0.076	0.0	1.0	1.0	0.75	0.1	0.1	0.0	0.5	0.667	1.0	0.0	0.026	1.0	0.0	1.0	1.0	0.5	1.0	0.5	0.0	0.5	1.0	0.019	0.158	1.0	0.018	0.026	0.02	0.537
OGOL01000109	Intestiviridae	Churivirinae	Jahgtovirus	Jahgtovirus intestinalis	0.167	0.129	0.078	0.057	0.077	0.044	0.057	0.865	0.071	0.0	0.13	0.652	0.25	0.167	0.057	0.075	0.06	0.167	0.077	0.704	0.5	0.0	0.2	0.023	0.5	0.273	0.0	0.0	0.018	0.08	0.619	0.0	1.0	1.0	0.25	0.05	0.35	0.0	0.5	0.333	1.0	0.0	0.022	1.0	0.0	1.0	1.0	0.5	1.0	1.0	0.0	0.5	1.0	0.005	0.105	1.0	0.005	0.005	0.005	0.065
OGOO01000044	Epsilon	Epsilon	Epsilon_1	Epsilon_1_11	0.0	0.026	0.016	0.019	0.01	0.009	0.009	0.011	0.02	0.0	0.0	0.007	0.0	0.0	0.01	0.009	0.01	0.0	0.0	0.0	0.5	0.0	0.0	0.692	0.5	0.0	0.0	0.0	0.0	0.04	0.0	1.0	0.0	0.0	0.0	0.0	0.0	0.0	0.0	0.0	0.0	0.0	0.004	0.0	0.0	0.0	0.0	0.0	0.0	0.0	0.0	0.0	0.0	0.338	0.0	0.0	0.348	0.351	0.358	0.028
OGOO01000132	Crevaviridae	Coarsevirinae	Junduvirus	Junduvirus communis	0.167	0.103	0.062	0.057	0.077	0.062	0.066	0.135	0.071	0.0	0.739	0.109	0.25	0.167	0.067	0.084	0.07	0.167	0.044	0.185	0.5	0.0	0.2	0.008	0.5	0.182	0.0	0.2	0.031	0.08	0.143	0.0	1.0	1.0	0.25	0.05	0.1	0.0	0.5	0.333	1.0	0.0	0.035	1.0	0.0	1.0	1.0	0.5	1.0	0.5	0.0	0.5	1.0	0.009	0.105	1.0	0.009	0.016	0.01	0.065
OGOQ01000098	Suoliviridae	Boorivirinae	Cohcovirus	Cohcovirus splanchnicus	0.167	0.362	0.266	0.314	0.308	0.062	0.302	0.079	0.337	0.0	0.07	0.066	0.5	0.5	0.305	0.318	0.32	0.167	0.11	0.111	0.5	0.0	0.6	0.015	0.5	0.364	0.333	0.2	0.036	0.56	0.076	0.0	1.0	1.0	0.75	0.15	0.1	0.0	1.0	0.667	1.0	0.0	0.018	1.0	0.0	1.0	1.0	0.5	1.0	0.5	0.0	0.5	1.0	0.019	0.105	1.0	0.018	0.021	0.02	0.315
OGOT01000012	Zeta	Zeta	Zeta_2	Zeta_2_3	1.0	0.086	0.078	0.057	0.058	0.115	0.047	0.09	0.071	0.286	0.061	0.053	0.0	0.0	0.048	0.047	0.05	0.167	0.099	0.037	0.5	0.0	0.0	0.0	0.5	0.091	0.0	0.2	0.518	0.0	0.057	0.0	0.0	1.0	0.0	0.0	0.0	0.0	0.5	0.0	0.5	0.0	0.246	0.0	0.0	0.0	1.0	0.0	0.0	0.0	0.0	0.0	1.0	0.009	0.053	0.0	0.009	0.005	0.01	0.065
OGPL01000016	Zeta	Zeta	Zeta_15	Zeta_15_1	0.667	0.095	0.094	0.076	0.106	0.106	0.066	0.056	0.071	0.143	0.078	0.043	0.0	0.167	0.086	0.065	0.06	0.167	0.088	0.037	0.5	0.0	0.0	0.008	0.5	0.091	0.0	0.2	0.232	0.04	0.057	0.0	0.0	1.0	0.25	0.05	0.0	0.0	0.5	0.0	0.5	0.0	0.368	0.0	0.0	0.0	1.0	0.0	0.0	0.0	0.0	0.0	1.0	0.009	0.105	0.0	0.009	0.005	0.01	0.074
OGPN01000023	Intestiviridae	Crudevirinae	Carjivirus	Carjivirus communis	0.0	0.095	0.07	0.048	0.077	0.062	0.057	0.337	0.071	0.0	0.122	0.258	0.25	0.167	0.057	0.075	0.06	0.0	0.055	0.222	0.0	0.0	0.2	0.03	0.0	0.136	0.0	0.2	0.027	0.08	0.295	0.0	1.0	0.0	0.25	0.1	0.65	0.167	0.0	0.333	0.5	0.0	0.031	1.0	0.011	1.0	0.0	0.5	1.0	1.0	0.0	0.5	0.0	0.005	0.053	1.0	0.005	0.016	0.005	0.065
OGPX01000023	Suoliviridae	Bearivirinae	Afonbuvirus	Afonbuvirus intestinihominis/faecalis	0.167	0.353	0.336	0.333	0.327	0.062	0.349	0.101	0.337	0.0	0.087	0.073	0.5	0.667	0.352	0.374	0.37	0.167	0.11	0.111	0.5	0.0	0.6	0.03	0.5	0.682	0.0	0.2	0.031	0.28	0.086	0.0	1.0	1.0	0.75	0.1	0.1	0.0	0.5	0.667	1.0	0.0	0.026	1.0	0.0	1.0	1.0	0.5	1.0	0.5	0.0	0.5	1.0	0.019	0.158	1.0	0.018	0.026	0.02	0.324
OGPX01000026	Intestiviridae	Crudevirinae	Carjivirus	Carjivirus communis	0.0	0.095	0.055	0.048	0.067	0.053	0.057	0.315	0.071	0.0	0.122	0.252	0.25	0.167	0.057	0.075	0.06	0.0	0.033	0.222	0.0	0.0	0.2	0.023	0.0	0.136	0.0	0.2	0.027	0.08	0.286	0.0	1.0	0.0	0.25	0.1	0.65	0.167	0.0	0.333	0.5	0.0	0.031	1.0	0.011	1.0	0.0	0.5	1.0	1.0	0.0	0.5	0.0	0.005	0.053	1.0	0.005	0.016	0.005	0.065
OGPZ01000054	Intestiviridae	Crudevirinae	Carjivirus	Carjivirus communis	0.0	0.103	0.055	0.057	0.067	0.053	0.066	0.315	0.082	0.0	0.122	0.252	0.25	0.167	0.067	0.084	0.07	0.0	0.033	0.222	0.0	0.0	0.2	0.023	0.0	0.136	0.0	0.2	0.027	0.08	0.286	0.0	1.0	0.0	0.25	0.1	0.65	0.167	0.0	0.333	0.5	0.0	0.031	1.0	0.011	1.0	0.0	0.5	1.0	1.0	0.0	0.5	0.0	0.009	0.053	1.0	0.009	0.021	0.01	0.083
OGPZ01000072	Crevaviridae	Doltivirinae	Kingevirus	Kingevirus communis	0.167	0.095	0.062	0.038	0.067	0.062	0.047	0.146	0.071	0.0	0.243	0.116	0.25	0.167	0.048	0.065	0.05	0.167	0.044	0.185	0.5	0.0	0.2	0.008	0.5	0.227	0.0	0.0	0.027	0.08	0.152	0.0	1.0	1.0	0.25	0.05	0.1	0.0	0.5	0.333	1.0	0.0	0.035	1.0	0.0	1.0	1.0	0.5	1.0	0.5	0.0	0.5	1.0	0.005	0.105	1.0	0.005	0.005	0.005	0.065
OGQH01000028	Zeta	Zeta	Zeta_1	Zeta_1_2	1.0	0.078	0.055	0.086	0.058	0.159	0.066	0.034	0.061	0.0	0.07	0.023	0.0	0.0	0.067	0.075	0.07	0.167	0.099	0.037	0.5	0.0	0.0	0.0	0.5	0.091	0.0	0.4	0.357	0.0	0.029	0.0	0.0	1.0	0.0	0.0	0.0	0.0	0.5	0.0	0.5	0.0	0.206	0.0	0.011	0.0	1.0	0.0	0.0	0.0	0.0	0.0	1.0	0.028	0.053	0.0	0.023	0.031	0.025	0.056
OGQI01000045	Intestiviridae	Crudevirinae	Diorhovirus	Diorhovirus copri	0.0	0.103	0.055	0.048	0.087	0.053	0.085	0.337	0.082	0.0	0.13	0.281	0.25	0.167	0.086	0.093	0.08	0.0	0.077	0.259	0.0	0.0	0.2	0.015	0.0	0.136	0.0	0.2	0.027	0.08	0.333	0.0	1.0	0.0	0.25	0.1	0.7	0.167	0.0	0.333	0.5	0.0	0.044	1.0	0.023	1.0	0.0	0.5	1.0	1.0	0.0	0.5	0.0	0.0	0.053	1.0	0.0	0.01	0.0	0.074
OGQQ01000082	Intestiviridae	Crudevirinae	Carjivirus	Carjivirus communis	0.0	0.103	0.055	0.057	0.067	0.053	0.066	0.315	0.082	0.0	0.122	0.252	0.25	0.167	0.067	0.084	0.07	0.0	0.033	0.222	0.0	0.0	0.2	0.023	0.0	0.136	0.0	0.2	0.027	0.08	0.286	0.0	1.0	0.0	0.25	0.1	0.65	0.167	0.0	0.333	0.5	0.0	0.031	1.0	0.011	1.0	0.0	0.5	1.0	1.0	0.0	0.5	0.0	0.009	0.053	1.0	0.009	0.021	0.01	0.083
OGQX01000099	Steigviridae	Asinivirinae	Kahnovirus	Kahnovirus copri	0.167	0.147	0.07	0.095	0.106	0.531	0.057	0.067	0.082	0.0	0.061	0.053	0.25	0.333	0.057	0.075	0.06	0.833	0.429	0.111	0.5	0.0	0.2	0.008	0.5	0.273	1.0	0.2	0.054	0.12	0.048	0.0	1.0	1.0	0.5	0.65	0.1	0.0	0.5	0.333	1.0	0.0	0.044	1.0	0.011	1.0	1.0	0.5	1.0	0.5	0.0	0.5	1.0	0.005	0.579	1.0	0.005	0.005	0.005	0.074
OGRD01000043	Crevaviridae	Coarsevirinae	Junduvirus	Junduvirus communis	0.167	0.103	0.062	0.057	0.077	0.062	0.066	0.135	0.071	0.0	0.739	0.109	0.25	0.167	0.067	0.084	0.07	0.167	0.044	0.185	0.5	0.0	0.2	0.008	0.5	0.182	0.0	0.2	0.031	0.08	0.143	0.0	1.0	1.0	0.25	0.05	0.1	0.0	0.5	0.333	1.0	0.0	0.035	1.0	0.0	1.0	1.0	0.5	1.0	0.5	0.0	0.5	1.0	0.009	0.105	1.0	0.009	0.016	0.01	0.065
OGRG01000096	Intestiviridae	Crudevirinae	Carjivirus	Carjivirus communis	0.0	0.103	0.055	0.057	0.067	0.053	0.066	0.315	0.082	0.0	0.122	0.252	0.25	0.167	0.067	0.084	0.07	0.0	0.033	0.222	0.0	0.0	0.2	0.023	0.0	0.136	0.0	0.2	0.027	0.08	0.286	0.0	1.0	0.0	0.25	0.1	0.65	0.167	0.0	0.333	0.5	0.0	0.031	1.0	0.011	1.0	0.0	0.5	1.0	1.0	0.0	0.5	0.0	0.009	0.053	1.0	0.009	0.021	0.01	0.083
OGRK01000094	Suoliviridae	Boorivirinae	Cohcovirus	Cohcovirus splanchnicus	0.167	0.353	0.273	0.324	0.327	0.062	0.302	0.079	0.327	0.0	0.078	0.066	0.5	0.667	0.305	0.327	0.32	0.167	0.11	0.111	0.5	0.0	0.6	0.015	0.5	0.364	0.333	0.2	0.036	0.56	0.076	0.0	1.0	1.0	1.0	0.15	0.1	0.0	1.0	0.667	1.0	0.0	0.026	1.0	0.0	1.0	1.0	0.5	1.0	0.5	0.0	0.5	1.0	0.019	0.158	1.0	0.018	0.021	0.02	0.315
OGRL01000078	Intestiviridae	Crudevirinae	Diorhovirus	Diorhovirus copri	0.0	0.103	0.055	0.048	0.087	0.053	0.085	0.326	0.082	0.0	0.13	0.272	0.25	0.167	0.086	0.093	0.08	0.0	0.055	0.259	0.0	0.0	0.2	0.015	0.0	0.136	0.0	0.2	0.027	0.08	0.314	0.0	1.0	0.0	0.25	0.1	0.75	0.167	0.0	0.333	0.5	0.0	0.031	1.0	0.023	1.0	0.0	0.5	1.0	1.0	0.0	0.5	0.0	0.0	0.053	1.0	0.0	0.01	0.0	0.074
OGSS01000127	Intestiviridae	Crudevirinae	Carjivirus	Carjivirus communis	0.0	0.095	0.055	0.048	0.067	0.053	0.057	0.315	0.071	0.0	0.122	0.248	0.25	0.167	0.057	0.075	0.06	0.0	0.033	0.222	0.0	0.0	0.2	0.023	0.0	0.136	0.0	0.2	0.027	0.08	0.286	0.0	1.0	0.0	0.25	0.1	0.65	0.167	0.0	0.333	0.5	0.0	0.031	1.0	0.011	1.0	0.0	0.5	1.0	1.0	0.0	0.5	0.0	0.005	0.053	1.0	0.005	0.016	0.005	0.065
OGTB01000008	Zeta	Zeta	Zeta_3	Zeta_3_1	1.0	0.078	0.055	0.067	0.058	0.115	0.057	0.045	0.061	0.143	0.07	0.026	0.0	0.0	0.048	0.056	0.06	0.167	0.11	0.037	0.5	0.0	0.0	0.0	0.5	0.091	0.333	0.4	0.938	0.0	0.029	0.0	0.0	1.0	0.0	0.05	0.0	0.0	0.5	0.0	0.5	0.0	0.228	0.0	0.0	0.0	1.0	0.0	0.0	0.0	0.0	0.0	1.0	0.014	0.053	0.0	0.014	0.016	0.015	0.046
OGTB01000054	Suoliviridae	Boorivirinae	Cohcovirus	Cohcovirus splanchnicus	0.167	0.371	0.281	0.333	0.337	0.071	0.302	0.101	0.347	0.0	0.07	0.073	0.5	0.667	0.305	0.327	0.32	0.167	0.132	0.111	0.5	0.0	0.6	0.023	0.5	0.364	0.333	0.2	0.031	0.52	0.086	0.0	1.0	1.0	1.0	0.2	0.1	0.0	1.0	0.667	1.0	0.0	0.022	1.0	0.0	1.0	1.0	0.5	1.0	0.5	0.0	0.5	1.0	0.023	0.158	1.0	0.023	0.026	0.025	0.333
OGTL01000065	Crevaviridae	Coarsevirinae	Junduvirus	Junduvirus communis	0.167	0.103	0.062	0.057	0.077	0.062	0.066	0.135	0.071	0.0	0.739	0.109	0.25	0.167	0.067	0.084	0.07	0.167	0.044	0.185	0.5	0.0	0.2	0.008	0.5	0.182	0.0	0.2	0.031	0.08	0.143	0.0	1.0	1.0	0.25	0.05	0.1	0.0	0.5	0.333	1.0	0.0	0.035	1.0	0.0	1.0	1.0	0.5	1.0	0.5	0.0	0.5	1.0	0.009	0.105	1.0	0.009	0.016	0.01	0.065
OGUN01000050	Suoliviridae	Boorivirinae	Cohcovirus	Cohcovirus splanchnicus	0.167	0.362	0.258	0.305	0.308	0.062	0.302	0.079	0.337	0.0	0.078	0.066	0.5	0.5	0.305	0.318	0.32	0.167	0.099	0.111	0.5	0.0	0.6	0.015	0.5	0.364	0.333	0.2	0.031	0.56	0.076	0.0	1.0	1.0	0.75	0.15	0.1	0.0	1.0	0.667	1.0	0.0	0.018	1.0	0.0	1.0	1.0	0.5	1.0	0.5	0.0	0.5	1.0	0.019	0.105	1.0	0.018	0.021	0.02	0.315
OGWT01000016	Suoliviridae	Loutivirinae	Buchavirus	Buchavirus hiberniae	0.167	0.595	0.32	0.638	0.567	0.062	0.34	0.135	0.622	0.0	0.078	0.106	0.5	0.667	0.343	0.364	0.36	0.167	0.099	0.148	0.5	0.0	0.8	0.023	0.5	0.409	0.0	0.6	0.022	0.28	0.124	0.0	1.0	1.0	0.5	0.1	0.1	0.0	0.5	0.667	1.0	0.0	0.018	1.0	0.011	1.0	1.0	0.5	1.0	0.5	0.0	0.5	1.0	0.014	0.105	1.0	0.014	0.021	0.015	0.574
OGXF01000053	Suoliviridae	Uncouvirinae	Aurodevirus	Aurodevirus hiberniae	0.167	0.414	0.422	0.362	0.51	0.062	0.934	0.067	0.378	0.0	0.07	0.07	0.5	0.667	0.914	0.916	0.93	0.167	0.099	0.111	0.5	0.0	0.6	0.015	0.5	0.409	0.0	0.4	0.027	0.28	0.076	0.0	1.0	1.0	0.75	0.15	0.1	0.0	0.5	1.0	1.0	0.0	0.022	1.0	0.023	1.0	1.0	0.5	1.0	0.5	0.0	0.5	1.0	0.014	0.158	1.0	0.014	0.021	0.015	0.389
OGXI01000029	Suoliviridae	Boorivirinae	Canhaevirus	Canhaevirus hiberniae	0.167	0.328	0.258	0.295	0.288	0.062	0.283	0.067	0.296	0.0	0.07	0.063	0.5	0.833	0.286	0.308	0.3	0.167	0.11	0.111	0.5	0.0	0.8	0.015	0.5	0.364	0.333	0.2	0.018	0.56	0.076	0.0	1.0	1.0	1.0	0.15	0.1	0.0	0.5	0.667	1.0	0.0	0.018	1.0	0.0	1.0	1.0	0.5	1.0	0.5	0.0	0.5	1.0	0.019	0.158	1.0	0.018	0.021	0.02	0.278
OGXT01000133	Crevaviridae	Coarsevirinae	Junduvirus	Junduvirus communis	0.167	0.103	0.062	0.057	0.077	0.062	0.066	0.135	0.071	0.0	0.704	0.109	0.25	0.167	0.067	0.084	0.07	0.167	0.044	0.185	0.5	0.0	0.2	0.008	0.5	0.182	0.0	0.2	0.031	0.08	0.143	0.0	1.0	1.0	0.25	0.05	0.1	0.0	0.5	0.333	1.0	0.0	0.035	1.0	0.0	1.0	1.0	0.5	1.0	0.5	0.0	0.5	1.0	0.009	0.105	1.0	0.009	0.016	0.01	0.065
OGXX01000055	Suoliviridae	Boorivirinae	Canhaevirus	Canhaevirus hiberniae	0.167	0.328	0.25	0.276	0.269	0.062	0.283	0.067	0.296	0.0	0.07	0.063	0.5	0.667	0.286	0.299	0.3	0.167	0.099	0.111	0.5	0.0	0.8	0.015	0.5	0.364	0.333	0.2	0.018	0.56	0.076	0.0	1.0	1.0	0.75	0.15	0.1	0.0	0.5	0.667	1.0	0.0	0.013	1.0	0.0	1.0	1.0	0.5	1.0	0.5	0.0	0.5	1.0	0.019	0.105	1.0	0.018	0.021	0.02	0.269
OGYC01000074	Suoliviridae	Boorivirinae	Cohcovirus	Cohcovirus splanchnicus	0.167	0.362	0.258	0.305	0.308	0.062	0.302	0.079	0.337	0.0	0.078	0.066	0.5	0.5	0.305	0.318	0.32	0.167	0.099	0.111	0.5	0.0	0.6	0.015	0.5	0.364	0.333	0.2	0.031	0.56	0.076	0.0	1.0	1.0	0.75	0.15	0.1	0.0	1.0	0.667	1.0	0.0	0.018	1.0	0.0	1.0	1.0	0.5	1.0	0.5	0.0	0.5	1.0	0.037	0.105	1.0	0.032	0.026	0.035	0.315
OGYG01000098	Suoliviridae	Uncouvirinae	Aurodevirus	Aurodevirus hiberniae	0.167	0.414	0.422	0.362	0.519	0.062	0.915	0.067	0.378	0.0	0.07	0.07	0.5	0.667	0.895	0.916	0.9	0.167	0.099	0.111	0.5	0.0	0.6	0.015	0.5	0.409	0.0	0.4	0.027	0.28	0.076	0.0	1.0	1.0	0.75	0.15	0.1	0.0	0.5	1.0	1.0	0.0	0.018	1.0	0.034	1.0	1.0	0.5	1.0	0.5	0.0	0.5	1.0	0.014	0.158	1.0	0.014	0.021	0.015	0.38
OGYM01000002	Zeta	Zeta	Zeta_11	Zeta_11_1	0.667	0.103	0.055	0.038	0.058	0.15	0.047	0.067	0.051	0.286	0.052	0.033	0.0	0.0	0.048	0.056	0.05	0.167	0.132	0.037	0.5	0.0	0.0	0.0	0.5	0.182	0.0	0.0	0.192	0.04	0.048	0.0	0.0	1.0	0.0	0.05	0.0	0.0	0.5	0.0	0.5	0.0	0.474	0.0	0.034	0.0	1.0	0.0	0.0	0.0	0.0	0.0	1.0	0.005	0.053	0.0	0.005	0.0	0.005	0.046
OGZA01000030	Suoliviridae	Boorivirinae	Cohcovirus	Cohcovirus splanchnicus	0.167	0.362	0.258	0.305	0.308	0.062	0.302	0.079	0.337	0.0	0.078	0.066	0.5	0.5	0.305	0.318	0.32	0.167	0.099	0.111	0.5	0.0	0.6	0.015	0.5	0.364	0.333	0.2	0.031	0.56	0.076	0.0	1.0	1.0	0.75	0.15	0.1	0.0	1.0	0.667	1.0	0.0	0.018	1.0	0.0	1.0	1.0	0.5	1.0	0.5	0.0	0.5	1.0	0.019	0.105	1.0	0.018	0.021	0.02	0.315
OGZA01000036	Intestiviridae	Crudevirinae	Carjivirus	Carjivirus communis	0.0	0.103	0.055	0.057	0.067	0.053	0.066	0.315	0.082	0.0	0.122	0.248	0.25	0.167	0.067	0.084	0.07	0.0	0.033	0.222	0.0	0.0	0.2	0.023	0.0	0.136	0.0	0.2	0.027	0.08	0.286	0.0	1.0	0.0	0.25	0.1	0.65	0.167	0.0	0.333	0.5	0.0	0.031	1.0	0.011	1.0	0.0	0.5	1.0	1.0	0.0	0.5	0.0	0.009	0.053	1.0	0.009	0.021	0.01	0.083
OGZB01000001	Epsilon	Epsilon	Epsilon_1	Epsilon_1_5	0.0	0.026	0.031	0.019	0.019	0.009	0.009	0.034	0.02	0.0	0.0	0.013	0.0	0.0	0.01	0.009	0.01	0.0	0.022	0.0	0.5	0.0	0.0	0.699	0.5	0.0	0.0	0.0	0.0	0.04	0.01	1.0	0.0	0.0	0.0	0.0	0.0	0.0	0.0	0.0	0.0	0.0	0.0	0.0	0.0	0.0	0.0	0.0	0.0	0.0	0.0	0.0	0.0	0.347	0.0	0.0	0.348	0.351	0.353	0.028
OGZD01000102	Suoliviridae	Uncouvirinae	Aurodevirus	Aurodevirus hiberniae	0.167	0.405	0.422	0.362	0.519	0.071	0.925	0.09	0.357	0.0	0.07	0.076	0.5	0.667	0.886	0.925	0.93	0.167	0.121	0.111	0.5	0.0	0.6	0.023	0.5	0.409	0.0	0.4	0.027	0.28	0.086	0.0	1.0	1.0	0.75	0.15	0.1	0.0	0.5	1.0	1.0	0.0	0.018	1.0	0.034	1.0	1.0	0.5	1.0	0.5	0.0	0.5	1.0	0.014	0.158	1.0	0.014	0.021	0.015	0.38
OGZF01000022	Epsilon	Epsilon	Epsilon_1	Epsilon_1_3	0.0	0.026	0.016	0.019	0.01	0.0	0.009	0.011	0.02	0.0	0.0	0.007	0.0	0.0	0.01	0.009	0.01	0.0	0.0	0.0	0.5	0.0	0.0	0.699	0.5	0.0	0.0	0.0	0.0	0.04	0.0	1.0	0.0	0.0	0.0	0.0	0.0	0.0	0.0	0.0	0.0	0.0	0.0	0.0	0.0	0.0	0.0	0.0	0.0	0.0	0.0	0.0	0.0	0.356	0.0	0.0	0.344	0.361	0.353	0.028
OGZF01000025	Epsilon	Epsilon	Epsilon_2	Epsilon_2_5	0.0	0.06	0.023	0.038	0.019	0.009	0.028	0.011	0.041	0.0	0.009	0.023	0.0	0.0	0.029	0.037	0.03	0.0	0.011	0.037	0.0	0.0	0.0	0.301	0.0	0.045	0.0	0.0	0.009	0.08	0.019	0.0	1.0	0.0	0.0	0.0	0.05	0.0	0.0	0.0	0.5	0.0	0.013	0.0	0.0	1.0	0.0	0.5	1.0	0.0	0.0	0.5	0.0	0.801	0.105	0.0	0.738	0.832	0.811	0.056
OHAB01000087	Suoliviridae	Bearivirinae	Afonbuvirus	Afonbuvirus intestinihominis/faecalis	0.167	0.371	0.328	0.352	0.308	0.053	0.349	0.079	0.357	0.0	0.078	0.066	0.5	0.667	0.352	0.374	0.37	0.167	0.088	0.111	0.5	0.0	0.6	0.023	0.5	0.773	0.0	0.0	0.022	0.28	0.076	0.0	1.0	1.0	0.75	0.1	0.1	0.0	0.5	0.667	1.0	0.0	0.026	1.0	0.0	1.0	1.0	0.5	1.0	0.5	0.0	0.5	1.0	0.019	0.158	1.0	0.018	0.021	0.02	0.343
OHAD01000101	Suoliviridae	Boorivirinae	Cohcovirus	Cohcovirus splanchnicus	0.167	0.362	0.258	0.305	0.308	0.062	0.302	0.079	0.337	0.0	0.078	0.066	0.5	0.5	0.305	0.318	0.32	0.167	0.099	0.111	0.5	0.0	0.6	0.015	0.5	0.364	0.333	0.2	0.031	0.52	0.076	0.0	1.0	1.0	0.75	0.15	0.1	0.0	1.0	0.667	1.0	0.0	0.018	1.0	0.0	1.0	1.0	0.5	1.0	0.5	0.0	0.5	1.0	0.037	0.105	1.0	0.032	0.026	0.035	0.315
OHAF01000067	Intestiviridae	Crudevirinae	Carjivirus	Carjivirus communis	0.0	0.103	0.055	0.057	0.067	0.053	0.066	0.303	0.082	0.0	0.122	0.248	0.25	0.167	0.067	0.084	0.07	0.0	0.033	0.222	0.0	0.0	0.2	0.023	0.0	0.136	0.0	0.2	0.027	0.08	0.286	0.0	1.0	0.0	0.25	0.1	0.65	0.167	0.0	0.333	0.5	0.0	0.031	1.0	0.011	1.0	0.0	0.5	1.0	1.0	0.0	0.5	0.0	0.009	0.053	1.0	0.009	0.021	0.01	0.083
OHAT01000070	Intestiviridae	Crudevirinae	Carjivirus	Carjivirus communis	0.0	0.103	0.055	0.057	0.067	0.053	0.066	0.303	0.082	0.0	0.122	0.248	0.25	0.167	0.067	0.084	0.07	0.0	0.033	0.222	0.0	0.0	0.2	0.023	0.0	0.136	0.0	0.2	0.027	0.08	0.286	0.0	1.0	0.0	0.25	0.1	0.65	0.167	0.0	0.333	0.5	0.0	0.031	1.0	0.011	1.0	0.0	0.5	1.0	1.0	0.0	0.5	0.0	0.009	0.053	1.0	0.009	0.021	0.01	0.083
OHAU01000141	Suoliviridae	Loutivirinae	Buchavirus	Buchavirus hiberniae	0.167	0.569	0.289	0.6	0.529	0.062	0.33	0.112	0.602	0.0	0.078	0.126	0.5	0.667	0.333	0.336	0.35	0.167	0.088	0.148	0.5	0.0	0.8	0.015	0.5	0.409	0.333	0.6	0.027	0.28	0.133	0.0	1.0	1.0	0.5	0.15	0.1	0.0	0.5	0.667	1.0	0.0	0.018	1.0	0.0	1.0	1.0	0.5	1.0	0.5	0.0	0.5	1.0	0.014	0.105	1.0	0.014	0.021	0.015	0.546
OHAY01000006	Zeta	Zeta	Zeta_9	Zeta_9_1	0.5	0.078	0.086	0.076	0.087	0.133	0.028	0.067	0.061	0.286	0.061	0.046	0.0	0.167	0.029	0.037	0.03	0.0	0.11	0.0	0.0	0.0	0.0	0.023	0.0	0.045	0.0	0.2	0.205	0.08	0.076	0.0	0.0	0.0	0.25	0.05	0.0	0.0	0.0	0.0	0.0	0.0	0.846	0.0	0.011	0.0	0.0	0.0	0.0	0.0	0.0	0.0	0.0	0.014	0.053	0.0	0.032	0.016	0.015	0.074
OHBE01000017	Epsilon	Epsilon	Epsilon_1	Epsilon_1_3	0.0	0.026	0.016	0.019	0.01	0.0	0.009	0.011	0.02	0.0	0.0	0.007	0.0	0.0	0.01	0.009	0.01	0.0	0.0	0.0	0.5	0.0	0.0	0.692	0.5	0.0	0.0	0.0	0.0	0.04	0.0	1.0	0.0	0.0	0.0	0.0	0.0	0.0	0.0	0.0	0.0	0.0	0.0	0.0	0.0	0.0	0.0	0.0	0.0	0.0	0.0	0.0	0.0	0.338	0.0	0.0	0.344	0.356	0.348	0.028
OHBE01000089	Crevaviridae	Coarsevirinae	Junduvirus	Junduvirus communis	0.167	0.103	0.07	0.057	0.077	0.062	0.066	0.135	0.071	0.0	0.739	0.109	0.25	0.167	0.067	0.084	0.07	0.167	0.044	0.185	0.5	0.0	0.2	0.008	0.5	0.182	0.0	0.2	0.031	0.08	0.143	0.0	1.0	1.0	0.25	0.05	0.1	0.0	0.5	0.333	1.0	0.0	0.035	1.0	0.0	1.0	1.0	0.5	1.0	0.5	0.0	0.5	1.0	0.009	0.105	1.0	0.009	0.016	0.01	0.065
OHCF01000051	Suoliviridae	Bearivirinae	Afonbuvirus	Afonbuvirus intestinihominis/faecalis	0.167	0.362	0.297	0.333	0.288	0.053	0.358	0.079	0.327	0.0	0.078	0.066	0.5	0.5	0.362	0.374	0.38	0.167	0.077	0.111	0.5	0.0	0.6	0.023	0.5	0.773	0.0	0.2	0.027	0.28	0.076	0.0	1.0	1.0	0.5	0.1	0.1	0.0	0.5	0.667	1.0	0.0	0.022	1.0	0.0	1.0	1.0	0.5	1.0	0.5	0.0	0.5	1.0	0.014	0.105	1.0	0.014	0.021	0.015	0.296
OHEN01000023	Epsilon	Epsilon	Epsilon_1	Epsilon_1_10	0.0	0.026	0.016	0.019	0.01	0.009	0.009	0.011	0.02	0.0	0.0	0.007	0.0	0.0	0.01	0.009	0.01	0.0	0.0	0.0	0.5	0.0	0.0	0.752	0.5	0.0	0.0	0.0	0.0	0.04	0.0	1.0	0.0	0.0	0.0	0.0	0.0	0.0	0.0	0.0	0.0	0.0	0.004	0.0	0.0	0.0	0.0	0.0	0.0	0.0	0.0	0.0	0.0	0.352	0.0	0.0	0.326	0.351	0.343	0.028
OHFV01000001	Zeta	Zeta	Zeta_7	Zeta_7_3	0.5	0.06	0.062	0.067	0.077	0.159	0.019	0.056	0.041	0.143	0.043	0.03	0.0	0.167	0.019	0.028	0.02	0.0	0.121	0.0	0.0	0.0	0.0	0.015	0.0	0.045	0.0	0.2	0.219	0.04	0.048	0.0	0.0	0.0	0.25	0.05	0.0	0.0	0.0	0.0	0.0	0.0	0.456	0.0	0.011	0.0	0.0	0.0	0.0	0.0	0.0	0.0	0.0	0.005	0.053	0.0	0.005	0.005	0.005	0.046
OHFX01000006	Zeta	Zeta	Zeta_4	Zeta_4_1	1.0	0.086	0.062	0.095	0.077	0.106	0.057	0.101	0.071	0.714	0.07	0.083	0.0	0.167	0.057	0.065	0.06	0.167	0.099	0.037	0.5	0.0	0.0	0.0	0.5	0.091	0.0	0.4	0.424	0.0	0.086	0.0	0.0	1.0	0.25	0.0	0.0	0.0	0.5	0.0	0.5	0.0	0.263	0.0	0.0	0.0	1.0	0.0	0.0	0.0	0.0	0.0	1.0	0.009	0.105	0.0	0.009	0.01	0.01	0.074
OHIN01000009	Zeta	Zeta	Zeta_1	Zeta_1_5	1.0	0.078	0.062	0.114	0.077	0.168	0.066	0.034	0.061	0.0	0.07	0.023	0.0	0.167	0.067	0.084	0.07	0.167	0.11	0.037	0.5	0.0	0.0	0.0	0.5	0.091	0.0	0.4	0.339	0.0	0.029	0.0	0.0	1.0	0.25	0.0	0.0	0.0	0.5	0.0	0.5	0.0	0.206	0.0	0.011	0.0	1.0	0.0	0.0	0.0	0.0	0.0	1.0	0.028	0.105	0.0	0.023	0.031	0.025	0.065
OHJU01000015	Suoliviridae	Bearivirinae	Afonbuvirus	Afonbuvirus intestinihominis/faecalis	0.167	0.379	0.312	0.343	0.298	0.053	0.377	0.079	0.357	0.0	0.07	0.066	0.5	0.5	0.381	0.393	0.4	0.167	0.077	0.111	0.5	0.0	0.6	0.023	0.5	0.864	0.0	0.0	0.022	0.28	0.076	0.0	1.0	1.0	0.5	0.1	0.1	0.0	0.5	0.667	1.0	0.0	0.022	1.0	0.0	1.0	1.0	0.5	1.0	0.5	0.0	0.5	1.0	0.019	0.105	1.0	0.018	0.021	0.02	0.333
OHJX01000034	Crevaviridae	Doltivirinae	Kingevirus	Kingevirus communis	0.167	0.095	0.062	0.038	0.067	0.062	0.047	0.146	0.071	0.0	0.243	0.116	0.25	0.167	0.048	0.065	0.05	0.167	0.044	0.185	0.5	0.0	0.2	0.008	0.5	0.227	0.0	0.0	0.027	0.08	0.152	0.0	1.0	1.0	0.25	0.05	0.1	0.0	0.5	0.333	1.0	0.0	0.035	1.0	0.0	1.0	1.0	0.5	1.0	0.5	0.0	0.5	1.0	0.005	0.105	1.0	0.005	0.005	0.005	0.065
OHKK01000062	Crevaviridae	Doltivirinae	Kingevirus	Kingevirus communis	0.167	0.095	0.062	0.038	0.067	0.062	0.047	0.135	0.071	0.0	0.252	0.109	0.25	0.167	0.048	0.065	0.05	0.167	0.044	0.185	0.5	0.0	0.2	0.008	0.5	0.227	0.0	0.0	0.027	0.08	0.143	0.0	1.0	1.0	0.25	0.05	0.1	0.0	0.5	0.333	1.0	0.0	0.035	1.0	0.0	1.0	1.0	0.5	1.0	0.5	0.0	0.5	1.0	0.005	0.105	1.0	0.005	0.005	0.005	0.065
OHKV01000027	Epsilon	Epsilon	Epsilon_1	Epsilon_1_12	0.0	0.026	0.016	0.019	0.01	0.0	0.009	0.011	0.02	0.0	0.0	0.007	0.0	0.0	0.01	0.009	0.01	0.0	0.0	0.0	0.5	0.0	0.0	0.699	0.5	0.0	0.0	0.0	0.0	0.04	0.0	1.0	0.0	0.0	0.0	0.0	0.0	0.0	0.0	0.0	0.0	0.0	0.0	0.0	0.0	0.0	0.0	0.0	0.0	0.0	0.0	0.0	0.0	0.356	0.0	0.0	0.344	0.346	0.348	0.028
OHLF01000025	Suoliviridae	Oafivirinae	Burzaovirus	Burzaovirus intestinihominis	0.167	0.259	0.227	0.238	0.25	0.071	0.236	0.079	0.265	0.0	0.078	0.106	0.75	0.5	0.238	0.252	0.25	0.167	0.088	0.111	0.5	0.0	0.6	0.015	0.5	0.318	0.333	0.4	0.031	0.24	0.105	0.0	1.0	1.0	0.5	0.15	0.1	0.0	1.0	0.667	1.0	0.0	0.026	1.0	0.0	1.0	1.0	0.5	1.0	0.5	0.0	0.5	1.0	0.014	0.105	1.0	0.014	0.021	0.015	0.231
OHMA01000001	Zeta	Zeta	Zeta_1	Zeta_1_1	1.0	0.078	0.078	0.114	0.077	0.168	0.066	0.034	0.061	0.0	0.07	0.023	0.0	0.167	0.067	0.084	0.07	0.167	0.121	0.037	0.5	0.0	0.0	0.0	0.5	0.091	0.0	0.4	0.357	0.0	0.029	0.0	0.0	1.0	0.25	0.0	0.0	0.0	0.5	0.0	0.5	0.0	0.211	0.0	0.011	0.0	1.0	0.0	0.0	0.0	0.0	0.0	1.0	0.028	0.105	0.0	0.023	0.031	0.025	0.065
OHMY01000035	Epsilon	Epsilon	Epsilon_1	Epsilon_1_12	0.0	0.026	0.016	0.019	0.01	0.0	0.009	0.011	0.02	0.0	0.0	0.007	0.0	0.0	0.01	0.009	0.01	0.0	0.0	0.0	0.5	0.0	0.0	0.699	0.5	0.0	0.0	0.0	0.0	0.04	0.0	1.0	0.0	0.0	0.0	0.0	0.0	0.0	0.0	0.0	0.0	0.0	0.0	0.0	0.0	0.0	0.0	0.0	0.0	0.0	0.0	0.0	0.0	0.356	0.0	0.0	0.344	0.346	0.348	0.028
OHPI01000007	Zeta	Zeta	Zeta_1	Zeta_1_5	1.0	0.078	0.062	0.114	0.077	0.168	0.066	0.034	0.061	0.0	0.07	0.023	0.0	0.167	0.067	0.084	0.07	0.167	0.11	0.037	0.5	0.0	0.0	0.0	0.5	0.091	0.0	0.4	0.339	0.0	0.029	0.0	0.0	1.0	0.25	0.0	0.0	0.0	0.5	0.0	0.5	0.0	0.206	0.0	0.011	0.0	1.0	0.0	0.0	0.0	0.0	0.0	1.0	0.028	0.105	0.0	0.023	0.031	0.025	0.065
OHPM01000044	Intestiviridae	Crudevirinae	Carjivirus	Carjivirus communis	0.0	0.103	0.07	0.057	0.077	0.062	0.066	0.326	0.082	0.0	0.122	0.255	0.25	0.167	0.067	0.084	0.07	0.0	0.055	0.222	0.0	0.0	0.2	0.03	0.0	0.136	0.0	0.2	0.027	0.08	0.295	0.0	1.0	0.0	0.25	0.1	0.65	0.167	0.0	0.333	0.5	0.0	0.031	1.0	0.011	1.0	0.0	0.5	1.0	1.0	0.0	0.5	0.0	0.009	0.053	1.0	0.009	0.021	0.01	0.083
OHQM01000028	Intestiviridae	Crudevirinae	Carjivirus	Carjivirus communis	0.0	0.112	0.055	0.048	0.077	0.062	0.075	0.303	0.092	0.0	0.122	0.252	0.25	0.167	0.076	0.093	0.07	0.0	0.044	0.222	0.0	0.0	0.2	0.023	0.0	0.136	0.0	0.2	0.027	0.08	0.286	0.0	1.0	0.0	0.25	0.15	0.65	0.167	0.0	0.333	0.5	0.0	0.031	1.0	0.023	1.0	0.0	0.5	1.0	1.0	0.0	0.5	0.0	0.005	0.053	1.0	0.005	0.016	0.005	0.083
OHQS01000030	Epsilon	Epsilon	Epsilon_1	Epsilon_1_12	0.0	0.026	0.016	0.019	0.01	0.0	0.009	0.011	0.02	0.0	0.0	0.007	0.0	0.0	0.01	0.009	0.01	0.0	0.0	0.0	0.5	0.0	0.0	0.699	0.5	0.0	0.0	0.0	0.0	0.04	0.0	1.0	0.0	0.0	0.0	0.0	0.0	0.0	0.0	0.0	0.0	0.0	0.0	0.0	0.0	0.0	0.0	0.0	0.0	0.0	0.0	0.0	0.0	0.356	0.0	0.0	0.344	0.346	0.348	0.028
OHTA01000010	Zeta	Zeta	Zeta_1	Zeta_1_5	1.0	0.078	0.062	0.114	0.077	0.168	0.066	0.034	0.061	0.0	0.07	0.023	0.0	0.167	0.067	0.084	0.07	0.167	0.11	0.037	0.5	0.0	0.0	0.0	0.5	0.091	0.0	0.4	0.339	0.0	0.029	0.0	0.0	1.0	0.25	0.0	0.0	0.0	0.5	0.0	0.5	0.0	0.206	0.0	0.011	0.0	1.0	0.0	0.0	0.0	0.0	0.0	1.0	0.028	0.105	0.0	0.023	0.031	0.025	0.065
OHTD01000013	Crevaviridae	Doltivirinae	Kingevirus	Kingevirus communis	0.167	0.095	0.062	0.038	0.067	0.062	0.047	0.135	0.071	0.0	0.243	0.109	0.25	0.167	0.048	0.065	0.05	0.167	0.044	0.185	0.5	0.0	0.2	0.008	0.5	0.227	0.0	0.0	0.027	0.08	0.143	0.0	1.0	1.0	0.25	0.05	0.1	0.0	0.5	0.333	1.0	0.0	0.035	1.0	0.0	1.0	1.0	0.5	1.0	0.5	0.0	0.5	1.0	0.005	0.105	1.0	0.005	0.005	0.005	0.065
OHXK01000005	Epsilon	Epsilon	Epsilon_1	Epsilon_1_14	0.0	0.026	0.016	0.019	0.01	0.0	0.009	0.011	0.02	0.0	0.0	0.007	0.0	0.0	0.01	0.009	0.01	0.0	0.0	0.0	0.5	0.0	0.0	0.699	0.5	0.0	0.0	0.0	0.0	0.04	0.0	1.0	0.0	0.0	0.0	0.0	0.0	0.0	0.0	0.0	0.0	0.0	0.0	0.0	0.011	0.0	0.0	0.0	0.0	0.0	0.0	0.0	0.0	0.352	0.0	0.0	0.335	0.351	0.343	0.028
OHXQ01000012	Intestiviridae	Crudevirinae	Carjivirus	Carjivirus communis	0.0	0.043	0.016	0.029	0.019	0.018	0.028	0.169	0.031	0.0	0.052	0.172	0.25	0.167	0.029	0.047	0.03	0.0	0.022	0.222	0.0	0.0	0.2	0.015	0.0	0.136	0.0	0.2	0.004	0.08	0.181	0.0	1.0	0.0	0.25	0.1	0.65	0.167	0.0	0.333	0.5	0.0	0.0	1.0	0.011	1.0	0.0	0.5	1.0	1.0	0.0	0.5	0.0	0.005	0.053	1.0	0.005	0.016	0.005	0.028
OHYE01000011	Epsilon	Epsilon	Epsilon_1	Epsilon_1_2	0.0	0.06	0.023	0.038	0.019	0.009	0.028	0.022	0.041	0.0	0.009	0.03	0.0	0.0	0.029	0.037	0.03	0.0	0.011	0.037	0.0	0.0	0.0	0.692	0.0	0.045	0.0	0.0	0.0	0.08	0.019	0.0	1.0	0.0	0.0	0.0	0.05	0.0	0.0	0.0	0.5	0.0	0.0	0.0	0.0	1.0	0.0	0.5	1.0	0.0	0.0	0.5	0.0	0.366	0.053	0.0	0.33	0.382	0.358	0.056
OIAT01000008	Epsilon	Epsilon	Epsilon_1	Epsilon_1_9	0.0	0.026	0.016	0.019	0.01	0.0	0.009	0.011	0.02	0.0	0.0	0.007	0.0	0.0	0.01	0.009	0.01	0.0	0.0	0.0	0.5	0.0	0.0	0.714	0.5	0.0	0.0	0.0	0.0	0.04	0.0	1.0	0.0	0.0	0.0	0.0	0.0	0.0	0.0	0.0	0.0	0.0	0.0	0.0	0.0	0.0	0.0	0.0	0.0	0.0	0.0	0.0	0.0	0.356	0.0	0.0	0.339	0.346	0.343	0.028
OICB01000025	Suoliviridae	Boorivirinae	Cohcovirus	Cohcovirus splanchnicus	0.167	0.362	0.273	0.324	0.327	0.062	0.302	0.079	0.337	0.0	0.078	0.066	0.5	0.667	0.305	0.327	0.32	0.167	0.11	0.111	0.5	0.0	0.6	0.015	0.5	0.364	0.333	0.2	0.031	0.56	0.076	0.0	1.0	1.0	1.0	0.15	0.1	0.0	1.0	0.667	1.0	0.0	0.022	1.0	0.0	1.0	1.0	0.5	1.0	0.5	0.0	0.5	1.0	0.037	0.158	1.0	0.032	0.026	0.035	0.324
OICG01000006	Epsilon	Epsilon	Epsilon_2	Epsilon_2_2	0.0	0.069	0.023	0.038	0.019	0.009	0.028	0.011	0.051	0.0	0.009	0.023	0.0	0.0	0.029	0.037	0.03	0.0	0.011	0.037	0.0	0.0	0.0	0.331	0.0	0.045	0.0	0.0	0.009	0.08	0.019	0.0	1.0	0.0	0.0	0.0	0.05	0.0	0.0	0.0	0.5	0.0	0.0	0.0	0.0	1.0	0.0	0.5	1.0	0.0	0.0	0.5	0.0	0.806	0.105	0.0	0.787	0.874	0.841	0.065
OICK01000023	Crevaviridae	Doltivirinae	Kingevirus	Kingevirus communis	0.167	0.095	0.055	0.038	0.067	0.053	0.047	0.146	0.071	0.0	0.243	0.116	0.25	0.167	0.048	0.065	0.05	0.167	0.033	0.185	0.5	0.0	0.2	0.008	0.5	0.182	0.0	0.0	0.022	0.08	0.152	0.0	1.0	1.0	0.25	0.05	0.1	0.0	0.5	0.333	1.0	0.0	0.031	1.0	0.0	1.0	1.0	0.5	1.0	0.5	0.0	0.5	1.0	0.005	0.105	1.0	0.005	0.005	0.005	0.065
OICR01000007	Epsilon	Epsilon	Epsilon_1	Epsilon_1_5	0.0	0.026	0.016	0.019	0.01	0.0	0.009	0.011	0.02	0.0	0.0	0.007	0.0	0.0	0.01	0.009	0.01	0.0	0.0	0.0	0.5	0.0	0.0	0.669	0.5	0.0	0.0	0.0	0.0	0.04	0.0	1.0	0.0	0.0	0.0	0.0	0.0	0.0	0.0	0.0	0.0	0.0	0.0	0.0	0.0	0.0	0.0	0.0	0.0	0.0	0.0	0.0	0.0	0.338	0.0	0.0	0.339	0.34	0.333	0.028
OIHW01000011	Suoliviridae	Bearivirinae	Afonbuvirus	Afonbuvirus intestinihominis/faecalis	0.167	0.362	0.305	0.333	0.317	0.053	0.349	0.079	0.367	0.0	0.078	0.066	0.5	0.667	0.352	0.374	0.37	0.167	0.088	0.111	0.5	0.0	0.6	0.015	0.5	0.864	0.0	0.0	0.022	0.28	0.076	0.0	1.0	1.0	0.75	0.1	0.1	0.0	0.5	0.667	1.0	0.0	0.026	1.0	0.0	1.0	1.0	0.5	1.0	0.5	0.0	0.5	1.0	0.014	0.158	1.0	0.014	0.016	0.015	0.333
OIJI01000001	Zeta	Zeta	Zeta_9	Zeta_9_1	0.5	0.078	0.078	0.076	0.096	0.124	0.028	0.067	0.061	0.286	0.07	0.046	0.0	0.167	0.029	0.037	0.03	0.0	0.11	0.0	0.0	0.0	0.0	0.023	0.0	0.045	0.0	0.2	0.21	0.08	0.076	0.0	0.0	0.0	0.25	0.05	0.0	0.0	0.0	0.0	0.0	0.0	0.846	0.0	0.0	0.0	0.0	0.0	0.0	0.0	0.0	0.0	0.0	0.014	0.053	0.0	0.032	0.016	0.015	0.065
OIKE01000002	Zeta	Zeta	Zeta_9	Zeta_9_1	0.667	0.095	0.086	0.086	0.106	0.133	0.038	0.079	0.071	0.286	0.087	0.056	0.0	0.167	0.038	0.047	0.04	0.167	0.121	0.037	0.5	0.0	0.0	0.023	0.5	0.091	0.0	0.2	0.214	0.08	0.086	0.0	0.0	1.0	0.25	0.05	0.0	0.0	0.5	0.0	0.5	0.0	0.851	0.0	0.0	0.0	1.0	0.0	0.0	0.0	0.0	0.0	1.0	0.019	0.105	0.0	0.036	0.016	0.02	0.074
OIML01000001	Zeta	Zeta	Zeta_9	Zeta_9_1	0.5	0.078	0.078	0.076	0.096	0.124	0.028	0.067	0.061	0.286	0.061	0.046	0.0	0.167	0.029	0.037	0.03	0.0	0.11	0.0	0.0	0.0	0.0	0.023	0.0	0.045	0.0	0.2	0.21	0.08	0.076	0.0	0.0	0.0	0.25	0.05	0.0	0.0	0.0	0.0	0.0	0.0	0.855	0.0	0.0	0.0	0.0	0.0	0.0	0.0	0.0	0.0	0.0	0.014	0.053	0.0	0.032	0.016	0.015	0.065
OIMM01000002	Zeta	Zeta	Zeta_9	Zeta_9_1	0.5	0.078	0.078	0.076	0.096	0.124	0.028	0.067	0.061	0.286	0.07	0.046	0.0	0.167	0.029	0.037	0.03	0.0	0.11	0.0	0.0	0.0	0.0	0.023	0.0	0.045	0.0	0.2	0.21	0.08	0.076	0.0	0.0	0.0	0.25	0.05	0.0	0.0	0.0	0.0	0.0	0.0	0.846	0.0	0.0	0.0	0.0	0.0	0.0	0.0	0.0	0.0	0.0	0.014	0.053	0.0	0.032	0.016	0.015	0.065
OINI01000001	Zeta	Zeta	Zeta_9	Zeta_9_1	0.5	0.078	0.078	0.076	0.096	0.124	0.028	0.067	0.061	0.286	0.061	0.046	0.0	0.167	0.029	0.037	0.03	0.0	0.11	0.0	0.0	0.0	0.0	0.023	0.0	0.045	0.0	0.2	0.21	0.08	0.076	0.0	0.0	0.0	0.25	0.05	0.0	0.0	0.0	0.0	0.0	0.0	0.851	0.0	0.0	0.0	0.0	0.0	0.0	0.0	0.0	0.0	0.0	0.014	0.053	0.0	0.032	0.016	0.015	0.065
OINJ01000001	Zeta	Zeta	Zeta_9	Zeta_9_1	0.5	0.078	0.078	0.076	0.096	0.124	0.028	0.067	0.061	0.286	0.061	0.046	0.0	0.167	0.029	0.037	0.03	0.0	0.11	0.0	0.0	0.0	0.0	0.023	0.0	0.045	0.0	0.2	0.21	0.08	0.076	0.0	0.0	0.0	0.25	0.05	0.0	0.0	0.0	0.0	0.0	0.0	0.851	0.0	0.0	0.0	0.0	0.0	0.0	0.0	0.0	0.0	0.0	0.014	0.053	0.0	0.032	0.016	0.015	0.065
OINS01000001	Zeta	Zeta	Zeta_9	Zeta_9_1	0.5	0.078	0.078	0.076	0.096	0.124	0.028	0.067	0.061	0.286	0.07	0.046	0.0	0.167	0.029	0.037	0.03	0.0	0.11	0.0	0.0	0.0	0.0	0.023	0.0	0.045	0.0	0.2	0.21	0.08	0.076	0.0	0.0	0.0	0.25	0.05	0.0	0.0	0.0	0.0	0.0	0.0	0.846	0.0	0.0	0.0	0.0	0.0	0.0	0.0	0.0	0.0	0.0	0.014	0.053	0.0	0.032	0.016	0.015	0.065
OIOX01000001	Zeta	Zeta	Zeta_9	Zeta_9_1	0.5	0.078	0.078	0.076	0.096	0.124	0.028	0.067	0.061	0.286	0.07	0.046	0.0	0.167	0.029	0.037	0.03	0.0	0.11	0.0	0.0	0.0	0.0	0.023	0.0	0.045	0.0	0.2	0.21	0.08	0.076	0.0	0.0	0.0	0.25	0.05	0.0	0.0	0.0	0.0	0.0	0.0	0.851	0.0	0.0	0.0	0.0	0.0	0.0	0.0	0.0	0.0	0.0	0.014	0.053	0.0	0.032	0.016	0.015	0.065
OIPU01000001	Zeta	Zeta	Zeta_9	Zeta_9_1	0.5	0.078	0.078	0.076	0.096	0.124	0.028	0.067	0.061	0.286	0.07	0.046	0.0	0.167	0.029	0.037	0.03	0.0	0.11	0.0	0.0	0.0	0.0	0.023	0.0	0.045	0.0	0.2	0.21	0.08	0.076	0.0	0.0	0.0	0.25	0.05	0.0	0.0	0.0	0.0	0.0	0.0	0.846	0.0	0.0	0.0	0.0	0.0	0.0	0.0	0.0	0.0	0.0	0.014	0.053	0.0	0.032	0.016	0.015	0.065
OIRC01000027	Suoliviridae	Uncouvirinae	Aurodevirus	Aurodevirus hiberniae	0.167	0.388	0.414	0.352	0.5	0.071	0.877	0.09	0.347	0.0	0.07	0.076	0.5	0.667	0.838	0.879	0.88	0.167	0.121	0.111	0.5	0.0	0.6	0.023	0.5	0.409	0.0	0.4	0.027	0.28	0.086	0.0	1.0	1.0	0.75	0.15	0.1	0.0	0.5	1.0	1.0	0.0	0.018	1.0	0.023	1.0	1.0	0.5	1.0	0.5	0.0	0.5	1.0	0.014	0.158	1.0	0.014	0.021	0.015	0.352
OIWL01000154	Suoliviridae	Uncouvirinae	Birpovirus	Birpovirus hominis	0.167	0.5	0.43	0.4	0.394	0.088	0.585	0.101	0.449	0.0	0.07	0.083	0.5	0.833	0.6	0.598	0.61	0.167	0.132	0.111	0.5	0.0	0.8	0.03	0.5	0.5	0.0	0.2	0.022	0.28	0.095	0.0	1.0	1.0	0.75	0.15	0.1	0.0	0.5	0.667	1.0	0.0	0.026	1.0	0.023	1.0	1.0	0.5	1.0	0.5	0.0	0.5	1.0	0.023	0.158	1.0	0.023	0.026	0.025	0.444
OIWL01000160	Intestiviridae	Churivirinae	Jahgtovirus	Jahgtovirus intestinalis	0.167	0.129	0.078	0.057	0.087	0.044	0.066	0.933	0.071	0.0	0.13	0.666	0.25	0.167	0.067	0.075	0.07	0.167	0.11	0.704	0.5	0.0	0.2	0.023	0.5	0.273	0.0	0.0	0.018	0.08	0.638	0.0	1.0	1.0	0.25	0.05	0.35	0.0	0.5	0.333	1.0	0.0	0.031	1.0	0.011	1.0	1.0	0.5	1.0	1.0	0.0	0.5	1.0	0.005	0.105	1.0	0.005	0.005	0.005	0.065
OIWM01000114	Crevaviridae	Coarsevirinae	Junduvirus	Junduvirus communis	0.167	0.103	0.062	0.057	0.077	0.062	0.066	0.135	0.071	0.0	0.748	0.109	0.25	0.167	0.067	0.084	0.07	0.167	0.044	0.185	0.5	0.0	0.2	0.008	0.5	0.182	0.0	0.2	0.031	0.08	0.143	0.0	1.0	1.0	0.25	0.05	0.1	0.0	0.5	0.333	1.0	0.0	0.035	1.0	0.0	1.0	1.0	0.5	1.0	0.5	0.0	0.5	1.0	0.009	0.105	1.0	0.009	0.016	0.01	0.065
OIWQ01000029	Epsilon	Epsilon	Epsilon_2	Epsilon_2_4	0.0	0.052	0.023	0.038	0.019	0.009	0.028	0.011	0.031	0.0	0.017	0.023	0.0	0.0	0.029	0.037	0.03	0.0	0.011	0.037	0.0	0.0	0.0	0.301	0.0	0.045	0.0	0.2	0.009	0.08	0.019	0.0	1.0	0.0	0.0	0.0	0.05	0.0	0.0	0.0	0.5	0.0	0.0	0.0	0.0	1.0	0.0	0.5	1.0	0.0	0.0	0.5	0.0	0.787	0.105	0.0	0.729	0.806	0.776	0.037
OIWS01000145	Steigviridae	Asinivirinae	Kahnovirus	Kahnovirus copri	0.167	0.147	0.078	0.095	0.115	0.558	0.057	0.101	0.082	0.0	0.061	0.066	0.25	0.333	0.057	0.075	0.06	0.667	0.462	0.111	0.5	0.0	0.2	0.015	0.5	0.273	1.0	0.2	0.045	0.12	0.067	0.0	1.0	1.0	0.5	0.65	0.1	0.0	0.5	0.333	1.0	0.0	0.053	1.0	0.011	1.0	1.0	0.5	1.0	0.5	0.0	0.5	1.0	0.005	0.684	1.0	0.005	0.005	0.005	0.074
OIWT01000163	Steigviridae	Asinivirinae	Kahnovirus	Kahnovirus oralis	0.167	0.147	0.102	0.095	0.115	0.531	0.047	0.09	0.082	0.0	0.052	0.063	0.25	0.333	0.048	0.075	0.05	0.667	0.484	0.111	0.5	0.0	0.2	0.015	0.5	0.318	1.0	0.2	0.045	0.12	0.067	0.0	1.0	1.0	0.5	0.65	0.1	0.0	0.5	0.333	1.0	0.0	0.039	1.0	0.0	1.0	1.0	0.5	1.0	0.5	0.0	0.5	1.0	0.005	0.684	1.0	0.005	0.005	0.005	0.074
OIWV01000054	Intestiviridae	Crudevirinae	Carjivirus	Carjivirus communis	0.0	0.103	0.055	0.057	0.067	0.053	0.066	0.303	0.082	0.0	0.122	0.248	0.25	0.167	0.067	0.084	0.07	0.0	0.033	0.222	0.0	0.0	0.2	0.023	0.0	0.136	0.0	0.2	0.027	0.08	0.286	0.0	1.0	0.0	0.25	0.1	0.65	0.167	0.0	0.333	0.5	0.0	0.031	1.0	0.011	1.0	0.0	0.5	1.0	1.0	0.0	0.5	0.0	0.009	0.053	1.0	0.009	0.021	0.01	0.083
OIWV01000065	Crevaviridae	Doltivirinae	Kingevirus	Kingevirus communis	0.167	0.095	0.062	0.038	0.067	0.062	0.047	0.146	0.071	0.0	0.243	0.116	0.25	0.167	0.048	0.065	0.05	0.167	0.044	0.185	0.5	0.0	0.2	0.008	0.5	0.227	0.0	0.0	0.027	0.08	0.152	0.0	1.0	1.0	0.25	0.05	0.1	0.0	0.5	0.333	1.0	0.0	0.035	1.0	0.0	1.0	1.0	0.5	1.0	0.5	0.0	0.5	1.0	0.009	0.105	1.0	0.009	0.005	0.01	0.065
OIXA01000019	Zeta	Zeta	Zeta_9	Zeta_9_1	0.5	0.078	0.07	0.048	0.067	0.124	0.028	0.045	0.061	0.286	0.061	0.033	0.0	0.0	0.029	0.028	0.03	0.0	0.066	0.0	0.0	0.0	0.0	0.023	0.0	0.045	0.0	0.2	0.201	0.08	0.048	0.0	0.0	0.0	0.0	0.05	0.0	0.0	0.0	0.0	0.0	0.0	0.842	0.0	0.0	0.0	0.0	0.0	0.0	0.0	0.0	0.0	0.0	0.014	0.0	0.0	0.032	0.016	0.015	0.056
OIXA01000142	Suoliviridae	Bearivirinae	Afonbuvirus	Afonbuvirus intestinihominis/faecalis	0.167	0.379	0.297	0.333	0.288	0.053	0.358	0.079	0.357	0.0	0.07	0.066	0.5	0.5	0.362	0.374	0.38	0.167	0.077	0.111	0.5	0.0	0.6	0.023	0.5	0.818	0.0	0.0	0.022	0.28	0.076	0.0	1.0	1.0	0.5	0.1	0.1	0.0	0.5	0.667	1.0	0.0	0.022	1.0	0.0	1.0	1.0	0.5	1.0	0.5	0.0	0.5	1.0	0.019	0.105	1.0	0.018	0.021	0.02	0.333
OIXG01000120	Steigviridae	Asinivirinae	Kahnovirus	Kahnovirus oralis	0.167	0.155	0.102	0.105	0.115	0.513	0.066	0.112	0.092	0.0	0.052	0.07	0.25	0.333	0.067	0.084	0.07	0.667	0.516	0.111	0.5	0.0	0.2	0.015	0.5	0.318	1.0	0.2	0.054	0.12	0.076	0.0	1.0	1.0	0.5	0.65	0.1	0.0	0.5	0.333	1.0	0.0	0.066	1.0	0.011	1.0	1.0	0.5	1.0	0.5	0.0	0.5	1.0	0.009	0.684	1.0	0.009	0.01	0.01	0.093
OIXH01000029	Zeta	Zeta	Zeta_9	Zeta_9_1	0.5	0.069	0.078	0.067	0.106	0.124	0.038	0.079	0.051	0.286	0.061	0.053	0.0	0.167	0.038	0.047	0.04	0.0	0.11	0.0	0.0	0.0	0.0	0.023	0.0	0.045	0.0	0.2	0.21	0.08	0.086	0.0	0.0	0.0	0.25	0.05	0.0	0.0	0.0	0.0	0.0	0.0	0.833	0.0	0.0	0.0	0.0	0.0	0.0	0.0	0.0	0.0	0.0	0.014	0.053	0.0	0.032	0.016	0.015	0.056
OIZB01000074	Suoliviridae	Bearivirinae	Afonbuvirus	Afonbuvirus coli	0.167	0.371	0.281	0.305	0.279	0.053	0.349	0.09	0.327	0.0	0.096	0.066	0.5	0.5	0.352	0.364	0.37	0.167	0.077	0.111	0.5	0.0	0.6	0.023	0.5	0.955	0.0	0.0	0.022	0.28	0.076	0.0	1.0	1.0	0.5	0.1	0.1	0.0	0.5	0.667	1.0	0.0	0.022	1.0	0.0	1.0	1.0	0.5	1.0	0.5	0.0	0.5	1.0	0.032	0.105	1.0	0.027	0.021	0.03	0.333
OIZE01000030	Epsilon	Epsilon	Epsilon_2	Epsilon_2_3	0.0	0.06	0.023	0.048	0.019	0.009	0.038	0.011	0.041	0.0	0.017	0.023	0.0	0.0	0.038	0.047	0.04	0.0	0.011	0.037	0.0	0.0	0.0	0.301	0.0	0.045	0.0	0.2	0.009	0.08	0.019	0.0	1.0	0.0	0.0	0.0	0.05	0.0	0.0	0.0	0.5	0.0	0.0	0.0	0.0	1.0	0.0	0.5	1.0	0.0	0.0	0.5	0.0	0.796	0.105	0.0	0.769	0.859	0.801	0.056
OJMH01000169	Suoliviridae	Boorivirinae	Cohcovirus	Cohcovirus splanchnicus	0.167	0.362	0.258	0.305	0.327	0.062	0.311	0.09	0.337	0.0	0.07	0.073	0.5	0.5	0.314	0.318	0.33	0.167	0.11	0.111	0.5	0.0	0.6	0.015	0.5	0.364	0.333	0.2	0.036	0.56	0.076	0.0	1.0	1.0	0.75	0.15	0.1	0.0	1.0	0.667	1.0	0.0	0.022	1.0	0.011	1.0	1.0	0.5	1.0	0.5	0.0	0.5	1.0	0.019	0.105	1.0	0.018	0.021	0.02	0.315
OJML01000021	Intestiviridae	Crudevirinae	Carjivirus	Carjivirus communis	0.0	0.103	0.055	0.057	0.067	0.053	0.066	0.281	0.082	0.0	0.113	0.248	0.25	0.167	0.067	0.084	0.07	0.0	0.033	0.222	0.0	0.0	0.2	0.023	0.0	0.136	0.0	0.2	0.027	0.08	0.286	0.0	1.0	0.0	0.25	0.1	0.65	0.167	0.0	0.333	0.5	0.0	0.031	1.0	0.011	1.0	0.0	0.5	1.0	1.0	0.0	0.5	0.0	0.009	0.053	1.0	0.009	0.021	0.01	0.083
OJMP01000008	Zeta	Zeta	Zeta_9	Zeta_9_2	0.667	0.095	0.086	0.086	0.096	0.15	0.038	0.056	0.071	0.286	0.087	0.043	0.0	0.167	0.038	0.047	0.04	0.167	0.099	0.037	0.5	0.0	0.0	0.008	0.5	0.091	0.0	0.2	0.219	0.04	0.057	0.0	0.0	1.0	0.25	0.05	0.0	0.0	0.5	0.0	0.5	0.0	0.811	0.0	0.0	0.0	1.0	0.0	0.0	0.0	0.0	0.0	1.0	0.023	0.105	0.0	0.018	0.021	0.025	0.074
OJMP01000070	Intestiviridae	Churivirinae	Jahgtovirus	Jahgtovirus gastrointestinalis	0.167	0.086	0.078	0.048	0.087	0.044	0.066	0.652	0.061	0.0	0.13	0.566	0.25	0.167	0.067	0.075	0.07	0.167	0.088	0.889	0.5	0.0	0.2	0.023	0.5	0.182	0.0	0.0	0.018	0.08	0.648	0.0	1.0	1.0	0.25	0.05	0.35	0.0	0.5	0.333	1.0	0.0	0.026	1.0	0.011	1.0	1.0	0.5	1.0	1.0	0.0	0.5	1.0	0.005	0.105	1.0	0.005	0.005	0.005	0.056
OJNH01000048	Intestiviridae	Crudevirinae	Carjivirus	Carjivirus communis	0.0	0.095	0.055	0.048	0.067	0.053	0.057	0.292	0.071	0.0	0.122	0.252	0.25	0.167	0.057	0.075	0.06	0.0	0.033	0.222	0.0	0.0	0.2	0.023	0.0	0.136	0.0	0.2	0.027	0.08	0.286	0.0	1.0	0.0	0.25	0.1	0.65	0.167	0.0	0.333	0.5	0.0	0.031	1.0	0.011	1.0	0.0	0.5	1.0	1.0	0.0	0.5	0.0	0.005	0.053	1.0	0.005	0.016	0.005	0.065
OJNL01000044	Intestiviridae	Crudevirinae	Diorhovirus	Diorhovirus copri	0.0	0.103	0.055	0.048	0.087	0.053	0.085	0.337	0.082	0.0	0.13	0.275	0.25	0.167	0.086	0.093	0.08	0.0	0.077	0.259	0.0	0.0	0.2	0.015	0.0	0.136	0.0	0.2	0.027	0.08	0.324	0.0	1.0	0.0	0.25	0.1	0.7	0.167	0.0	0.333	0.5	0.0	0.039	1.0	0.023	1.0	0.0	0.5	1.0	1.0	0.0	0.5	0.0	0.0	0.053	1.0	0.0	0.01	0.0	0.074
OJNQ01000029	Intestiviridae	Churivirinae	Jahgtovirus	Jahgtovirus intestinalis	0.167	0.129	0.078	0.057	0.077	0.044	0.057	0.854	0.071	0.0	0.13	0.666	0.25	0.167	0.057	0.075	0.06	0.167	0.077	0.704	0.5	0.0	0.2	0.023	0.5	0.273	0.0	0.0	0.018	0.08	0.638	0.0	1.0	1.0	0.25	0.05	0.35	0.0	0.5	0.333	1.0	0.0	0.026	1.0	0.0	1.0	1.0	0.5	1.0	1.0	0.0	0.5	1.0	0.005	0.105	1.0	0.005	0.005	0.005	0.065
OJNS01000048	Crevaviridae	Doltivirinae	Kingevirus	Kingevirus communis	0.167	0.095	0.062	0.038	0.077	0.062	0.057	0.146	0.071	0.0	0.243	0.116	0.25	0.167	0.057	0.065	0.06	0.167	0.055	0.185	0.5	0.0	0.2	0.008	0.5	0.227	0.0	0.0	0.027	0.08	0.143	0.0	1.0	1.0	0.25	0.05	0.1	0.0	0.5	0.333	1.0	0.0	0.035	1.0	0.011	1.0	1.0	0.5	1.0	0.5	0.0	0.5	1.0	0.005	0.105	1.0	0.005	0.005	0.005	0.065
OJOE01000015	Zeta	Zeta	Zeta_2	Zeta_2_3	1.0	0.086	0.078	0.057	0.058	0.106	0.047	0.09	0.071	0.286	0.061	0.053	0.0	0.0	0.048	0.047	0.05	0.167	0.099	0.037	0.5	0.0	0.0	0.0	0.5	0.091	0.0	0.2	0.504	0.0	0.057	0.0	0.0	1.0	0.0	0.0	0.0	0.0	0.5	0.0	0.5	0.0	0.228	0.0	0.0	0.0	1.0	0.0	0.0	0.0	0.0	0.0	1.0	0.009	0.053	0.0	0.009	0.005	0.01	0.065
OJOH01000017	Zeta	Zeta	Zeta_2	Zeta_2_1	1.0	0.086	0.062	0.086	0.077	0.106	0.047	0.079	0.082	0.286	0.061	0.053	0.0	0.167	0.048	0.056	0.05	0.167	0.11	0.037	0.5	0.0	0.0	0.0	0.5	0.091	0.0	0.2	0.509	0.0	0.057	0.0	0.0	1.0	0.25	0.0	0.0	0.0	0.5	0.0	0.5	0.0	0.237	0.0	0.0	0.0	1.0	0.0	0.0	0.0	0.0	0.0	1.0	0.009	0.105	0.0	0.009	0.005	0.01	0.074
OJOU01000011	Epsilon	Epsilon	Epsilon_1	Epsilon_1_8	0.0	0.034	0.016	0.019	0.01	0.009	0.009	0.011	0.031	0.0	0.0	0.007	0.0	0.0	0.01	0.009	0.01	0.0	0.0	0.0	0.5	0.0	0.0	0.707	0.5	0.0	0.0	0.0	0.004	0.04	0.0	1.0	0.0	0.0	0.0	0.0	0.0	0.0	0.0	0.0	0.0	0.0	0.004	0.0	0.0	0.0	0.0	0.0	0.0	0.0	0.0	0.0	0.0	0.352	0.0	0.0	0.335	0.351	0.348	0.037
OJPC01000037	Steigviridae	Asinivirinae	Kahnovirus	Kahnovirus copri	0.167	0.147	0.062	0.067	0.087	0.558	0.047	0.056	0.082	0.0	0.07	0.046	0.25	0.167	0.048	0.065	0.05	0.833	0.407	0.111	0.5	0.0	0.2	0.008	0.5	0.273	1.0	0.2	0.054	0.12	0.048	0.0	1.0	1.0	0.25	0.65	0.1	0.0	0.5	0.333	1.0	0.0	0.044	1.0	0.0	1.0	1.0	0.5	1.0	0.5	0.0	0.5	1.0	0.005	0.526	1.0	0.005	0.005	0.005	0.065
OJPG01000010	Zeta	Zeta	Zeta_15	Zeta_15_1	0.667	0.086	0.094	0.076	0.096	0.097	0.066	0.056	0.061	0.143	0.087	0.043	0.0	0.167	0.086	0.065	0.06	0.167	0.077	0.037	0.5	0.0	0.0	0.008	0.5	0.091	0.0	0.0	0.232	0.04	0.057	0.0	0.0	1.0	0.25	0.05	0.0	0.0	0.5	0.0	0.5	0.0	0.368	0.0	0.0	0.0	1.0	0.0	0.0	0.0	0.0	0.0	1.0	0.009	0.105	0.0	0.009	0.005	0.01	0.083
OJPI01000006	Zeta	Zeta	Zeta_9	Zeta_9_1	0.5	0.078	0.07	0.076	0.096	0.133	0.028	0.067	0.061	0.286	0.061	0.046	0.0	0.167	0.029	0.037	0.03	0.0	0.11	0.0	0.0	0.0	0.0	0.023	0.0	0.045	0.0	0.2	0.21	0.08	0.076	0.0	0.0	0.0	0.25	0.05	0.0	0.0	0.0	0.0	0.0	0.0	0.882	0.0	0.0	0.0	0.0	0.0	0.0	0.0	0.0	0.0	0.0	0.014	0.053	0.0	0.032	0.016	0.015	0.065
OJPT01000035	Crevaviridae	Coarsevirinae	Junduvirus	Junduvirus communis	0.167	0.103	0.062	0.057	0.077	0.062	0.066	0.135	0.071	0.0	0.765	0.113	0.25	0.167	0.067	0.084	0.07	0.167	0.044	0.185	0.5	0.0	0.2	0.008	0.5	0.182	0.0	0.2	0.031	0.08	0.143	0.0	1.0	1.0	0.25	0.05	0.1	0.0	0.5	0.333	1.0	0.0	0.035	1.0	0.0	1.0	1.0	0.5	1.0	0.5	0.0	0.5	1.0	0.009	0.105	1.0	0.009	0.016	0.01	0.065
OJPU01000022	Zeta	Zeta	Zeta_3	Zeta_3_1	1.0	0.078	0.062	0.086	0.087	0.115	0.057	0.045	0.071	0.143	0.07	0.026	0.0	0.167	0.048	0.065	0.06	0.167	0.11	0.037	0.5	0.0	0.0	0.0	0.5	0.091	0.333	0.4	0.897	0.0	0.029	0.0	0.0	1.0	0.25	0.05	0.0	0.0	0.5	0.0	0.5	0.0	0.259	0.0	0.0	0.0	1.0	0.0	0.0	0.0	0.0	0.0	1.0	0.014	0.105	0.0	0.014	0.016	0.015	0.056
OJPW01000082	Suoliviridae	Loutivirinae	Buchavirus	Buchavirus intestinalis	0.167	0.517	0.32	0.886	0.558	0.053	0.33	0.067	0.612	0.0	0.078	0.066	0.5	0.833	0.333	0.364	0.35	0.167	0.088	0.111	0.5	0.0	0.8	0.023	0.5	0.364	0.0	0.6	0.036	0.28	0.076	0.0	1.0	1.0	0.75	0.1	0.1	0.0	0.5	0.667	1.0	0.0	0.026	1.0	0.0	1.0	1.0	0.5	1.0	0.5	0.0	0.5	1.0	0.023	0.158	1.0	0.023	0.031	0.025	0.565
OJQF01000018	Intestiviridae	Crudevirinae	Carjivirus	Carjivirus hominis	0.0	0.095	0.055	0.048	0.067	0.053	0.057	0.281	0.071	0.0	0.122	0.245	0.25	0.167	0.057	0.075	0.06	0.0	0.033	0.222	0.0	0.0	0.2	0.023	0.0	0.136	0.0	0.2	0.027	0.08	0.276	0.0	1.0	0.0	0.25	0.1	0.65	0.167	0.0	0.333	0.5	0.0	0.031	1.0	0.011	1.0	0.0	0.5	1.0	1.0	0.0	0.5	0.0	0.005	0.053	1.0	0.005	0.016	0.005	0.065
OJQL01000115	Crevaviridae	Coarsevirinae	Junduvirus	Junduvirus communis	0.167	0.103	0.062	0.057	0.077	0.053	0.066	0.135	0.071	0.0	0.722	0.109	0.25	0.167	0.067	0.084	0.07	0.167	0.044	0.185	0.5	0.0	0.2	0.008	0.5	0.182	0.0	0.2	0.027	0.08	0.143	0.0	1.0	1.0	0.25	0.05	0.1	0.0	0.5	0.333	1.0	0.0	0.031	1.0	0.0	1.0	1.0	0.5	1.0	0.5	0.0	0.5	1.0	0.009	0.105	1.0	0.009	0.016	0.01	0.065
OJQQ01000027	Epsilon	Epsilon	Epsilon_1	Epsilon_1_1	0.0	0.026	0.031	0.019	0.019	0.009	0.009	0.034	0.02	0.0	0.0	0.013	0.0	0.0	0.01	0.009	0.01	0.0	0.022	0.0	0.5	0.0	0.0	0.684	0.5	0.0	0.0	0.0	0.004	0.04	0.01	1.0	0.0	0.0	0.0	0.0	0.0	0.0	0.0	0.0	0.0	0.0	0.0	0.0	0.0	0.0	0.0	0.0	0.0	0.0	0.0	0.0	0.0	0.352	0.0	0.0	0.33	0.351	0.343	0.028
OJRV01000117	Suoliviridae	Loutivirinae	Buchavirus	Buchavirus hiberniae	0.167	0.569	0.289	0.619	0.519	0.062	0.349	0.124	0.592	0.0	0.078	0.129	0.5	0.667	0.352	0.355	0.37	0.167	0.088	0.148	0.5	0.0	0.8	0.015	0.5	0.455	0.333	0.6	0.027	0.28	0.143	0.0	1.0	1.0	0.5	0.15	0.1	0.0	0.5	0.667	1.0	0.0	0.018	1.0	0.0	1.0	1.0	0.5	1.0	0.5	0.0	0.5	1.0	0.014	0.105	1.0	0.014	0.021	0.015	0.556
OJSE01000052	Epsilon	Epsilon	Epsilon_2	Epsilon_2_2	0.0	0.052	0.039	0.029	0.029	0.018	0.019	0.034	0.031	0.0	0.009	0.03	0.0	0.0	0.019	0.028	0.02	0.0	0.033	0.037	0.0	0.0	0.0	0.323	0.0	0.045	0.0	0.0	0.004	0.08	0.029	0.0	1.0	0.0	0.0	0.0	0.05	0.0	0.0	0.0	0.5	0.0	0.0	0.0	0.0	1.0	0.0	0.5	1.0	0.0	0.0	0.5	0.0	0.727	0.105	0.0	0.706	0.775	0.746	0.037
OJSE01000155	Suoliviridae	Boorivirinae	Cohcovirus	Cohcovirus splanchnicus	0.167	0.362	0.266	0.314	0.308	0.062	0.302	0.079	0.337	0.0	0.078	0.066	0.5	0.5	0.305	0.318	0.32	0.167	0.11	0.111	0.5	0.0	0.6	0.015	0.5	0.364	0.333	0.2	0.036	0.52	0.076	0.0	1.0	1.0	0.75	0.2	0.1	0.0	1.0	0.667	1.0	0.0	0.018	1.0	0.0	1.0	1.0	0.5	1.0	0.5	0.0	0.5	1.0	0.019	0.105	1.0	0.018	0.021	0.02	0.315
OJUG01000072	Epsilon	Epsilon	Epsilon_2	Epsilon_2_2	0.0	0.052	0.039	0.029	0.029	0.018	0.019	0.034	0.031	0.0	0.009	0.03	0.0	0.0	0.019	0.028	0.02	0.0	0.033	0.037	0.0	0.0	0.0	0.323	0.0	0.045	0.0	0.0	0.004	0.08	0.029	0.0	1.0	0.0	0.0	0.0	0.05	0.0	0.0	0.0	0.5	0.0	0.0	0.0	0.0	1.0	0.0	0.5	1.0	0.0	0.0	0.5	0.0	0.727	0.105	0.0	0.706	0.775	0.746	0.037
OKRV01000012	Suoliviridae	Uncouvirinae	Birpovirus	Birpovirus hominis	0.167	0.534	0.406	0.381	0.375	0.08	0.594	0.079	0.5	0.0	0.07	0.07	0.5	0.667	0.6	0.579	0.62	0.167	0.099	0.111	0.5	0.0	0.8	0.03	0.5	0.5	0.0	0.4	0.022	0.28	0.076	0.0	1.0	1.0	0.5	0.15	0.1	0.0	0.5	0.667	1.0	0.0	0.022	1.0	0.023	1.0	1.0	0.5	1.0	0.5	0.0	0.5	1.0	0.028	0.105	1.0	0.027	0.031	0.03	0.491
OKRV01000014	Intestiviridae	Crudevirinae	Carjivirus	Carjivirus communis	0.0	0.095	0.055	0.048	0.067	0.053	0.057	0.303	0.071	0.0	0.122	0.255	0.25	0.167	0.057	0.075	0.06	0.0	0.033	0.222	0.0	0.0	0.2	0.023	0.0	0.136	0.0	0.2	0.027	0.08	0.286	0.0	1.0	0.0	0.25	0.1	0.65	0.167	0.0	0.333	0.5	0.0	0.031	1.0	0.011	1.0	0.0	0.5	1.0	1.0	0.0	0.5	0.0	0.005	0.053	1.0	0.005	0.016	0.005	0.065
OKRW01000057	Suoliviridae	Boorivirinae	Cohcovirus	Cohcovirus splanchnicus	0.167	0.362	0.281	0.343	0.327	0.062	0.302	0.079	0.337	0.0	0.078	0.066	0.5	0.667	0.305	0.327	0.32	0.167	0.11	0.111	0.5	0.0	0.6	0.015	0.5	0.364	0.333	0.2	0.036	0.56	0.076	0.0	1.0	1.0	1.0	0.2	0.1	0.0	1.0	0.667	1.0	0.0	0.022	1.0	0.0	1.0	1.0	0.5	1.0	0.5	0.0	0.5	1.0	0.023	0.158	1.0	0.023	0.021	0.02	0.324
OKRW01000064	Intestiviridae	Crudevirinae	Carjivirus	Carjivirus communis	0.0	0.095	0.055	0.048	0.067	0.053	0.057	0.303	0.071	0.0	0.122	0.252	0.25	0.167	0.057	0.075	0.06	0.0	0.033	0.222	0.0	0.0	0.2	0.023	0.0	0.136	0.0	0.2	0.027	0.08	0.286	0.0	1.0	0.0	0.25	0.1	0.65	0.167	0.0	0.333	0.5	0.0	0.031	1.0	0.011	1.0	0.0	0.5	1.0	1.0	0.0	0.5	0.0	0.005	0.053	1.0	0.005	0.016	0.005	0.065
OKSB01000078	Crevaviridae	Coarsevirinae	Junduvirus	Junduvirus communis	0.167	0.103	0.062	0.057	0.077	0.062	0.066	0.135	0.071	0.0	0.739	0.109	0.25	0.167	0.067	0.084	0.07	0.167	0.044	0.185	0.5	0.0	0.2	0.008	0.5	0.182	0.0	0.2	0.031	0.08	0.143	0.0	1.0	1.0	0.25	0.05	0.1	0.0	0.5	0.333	1.0	0.0	0.035	1.0	0.0	1.0	1.0	0.5	1.0	0.5	0.0	0.5	1.0	0.009	0.105	1.0	0.009	0.016	0.01	0.065
OKSB01000084	Crevaviridae	Doltivirinae	Kingevirus	Kingevirus communis	0.167	0.095	0.07	0.038	0.067	0.062	0.047	0.146	0.071	0.0	0.243	0.116	0.25	0.167	0.048	0.065	0.05	0.167	0.044	0.185	0.5	0.0	0.2	0.008	0.5	0.227	0.0	0.0	0.027	0.08	0.152	0.0	1.0	1.0	0.25	0.05	0.1	0.0	0.5	0.333	1.0	0.0	0.035	1.0	0.0	1.0	1.0	0.5	1.0	0.5	0.0	0.5	1.0	0.005	0.105	1.0	0.005	0.005	0.005	0.065
OKSC01000019	Zeta	Zeta	Zeta_9	Zeta_9_1	0.5	0.078	0.078	0.086	0.087	0.133	0.028	0.067	0.061	0.286	0.061	0.046	0.0	0.167	0.029	0.037	0.03	0.0	0.11	0.0	0.0	0.0	0.0	0.023	0.0	0.045	0.0	0.2	0.214	0.08	0.076	0.0	0.0	0.0	0.25	0.05	0.0	0.0	0.0	0.0	0.0	0.0	0.829	0.0	0.0	0.0	0.0	0.0	0.0	0.0	0.0	0.0	0.0	0.014	0.053	0.0	0.032	0.016	0.015	0.065
OKSC01000115	Intestiviridae	Crudevirinae	Diorhovirus	Diorhovirus copri	0.0	0.103	0.055	0.048	0.087	0.053	0.085	0.326	0.082	0.0	0.13	0.281	0.25	0.167	0.086	0.093	0.08	0.0	0.077	0.259	0.0	0.0	0.2	0.015	0.0	0.136	0.0	0.2	0.027	0.08	0.333	0.0	1.0	0.0	0.25	0.1	0.75	0.167	0.0	0.333	0.5	0.0	0.044	1.0	0.023	1.0	0.0	0.5	1.0	1.0	0.0	0.5	0.0	0.0	0.053	1.0	0.0	0.01	0.0	0.074
OKSX01000010	Zeta	Zeta	Zeta_1	Zeta_1_5	1.0	0.078	0.062	0.114	0.077	0.168	0.066	0.034	0.061	0.0	0.07	0.023	0.0	0.167	0.067	0.084	0.07	0.167	0.11	0.037	0.5	0.0	0.0	0.0	0.5	0.091	0.0	0.4	0.339	0.0	0.029	0.0	0.0	1.0	0.25	0.0	0.0	0.0	0.5	0.0	0.5	0.0	0.206	0.0	0.011	0.0	1.0	0.0	0.0	0.0	0.0	0.0	1.0	0.028	0.105	0.0	0.023	0.031	0.025	0.065
OKTS01000039	Steigviridae	Asinivirinae	Lebriduvirus	Lebriduvirus gastrointestinalis	0.167	0.147	0.07	0.067	0.087	0.602	0.057	0.09	0.082	0.0	0.052	0.066	0.25	0.167	0.057	0.065	0.06	0.667	0.505	0.111	0.5	0.0	0.2	0.008	0.5	0.318	1.0	0.2	0.067	0.12	0.076	0.0	1.0	1.0	0.25	0.75	0.1	0.0	0.5	0.333	1.0	0.0	0.075	1.0	0.011	1.0	1.0	0.5	1.0	0.5	0.0	0.5	1.0	0.009	0.684	1.0	0.009	0.005	0.01	0.065
OKUM01000038	Intestiviridae	Crudevirinae	Carjivirus	Carjivirus communis	0.0	0.095	0.055	0.048	0.067	0.053	0.057	0.303	0.071	0.0	0.122	0.252	0.25	0.167	0.057	0.075	0.06	0.0	0.033	0.222	0.0	0.0	0.2	0.023	0.0	0.136	0.0	0.2	0.027	0.08	0.286	0.0	1.0	0.0	0.25	0.1	0.65	0.167	0.0	0.333	0.5	0.0	0.031	1.0	0.011	1.0	0.0	0.5	1.0	1.0	0.0	0.5	0.0	0.005	0.053	1.0	0.005	0.016	0.005	0.065
OKUZ01000024	Intestiviridae	Crudevirinae	Carjivirus	Carjivirus communis	0.0	0.103	0.055	0.057	0.067	0.053	0.066	0.292	0.082	0.0	0.122	0.248	0.25	0.167	0.067	0.084	0.07	0.0	0.033	0.222	0.0	0.0	0.2	0.023	0.0	0.136	0.0	0.2	0.027	0.08	0.286	0.0	1.0	0.0	0.25	0.1	0.65	0.167	0.0	0.333	0.5	0.0	0.031	1.0	0.011	1.0	0.0	0.5	1.0	1.0	0.0	0.5	0.0	0.009	0.053	1.0	0.009	0.021	0.01	0.083
OKVF01000023	Zeta	Zeta	Zeta_3	Zeta_3_1	1.0	0.078	0.055	0.095	0.077	0.097	0.057	0.045	0.061	0.143	0.07	0.026	0.0	0.167	0.048	0.065	0.06	0.167	0.11	0.037	0.5	0.0	0.0	0.0	0.5	0.045	0.333	0.4	0.915	0.0	0.029	0.0	0.0	1.0	0.25	0.05	0.0	0.0	0.5	0.0	0.5	0.0	0.25	0.0	0.0	0.0	1.0	0.0	0.0	0.0	0.0	0.0	1.0	0.014	0.105	0.0	0.014	0.016	0.015	0.056
OKWR01000042	Zeta	Zeta	Zeta_5	Zeta_5_1	0.667	0.095	0.07	0.067	0.048	0.088	0.047	0.045	0.071	0.0	0.07	0.026	0.0	0.0	0.048	0.056	0.05	0.167	0.088	0.037	0.5	0.0	0.0	0.0	0.5	0.091	0.0	0.4	0.281	0.0	0.029	0.0	0.0	1.0	0.0	0.0	0.0	0.0	0.5	0.0	0.5	0.0	0.211	0.0	0.0	0.0	1.0	0.0	0.0	0.0	0.0	0.0	1.0	0.023	0.053	0.0	0.018	0.026	0.025	0.083
OLAR01000001	Zeta	Zeta	Zeta_9	Zeta_9_1	0.5	0.078	0.078	0.076	0.096	0.124	0.028	0.067	0.061	0.286	0.07	0.046	0.0	0.167	0.029	0.037	0.03	0.0	0.11	0.0	0.0	0.0	0.0	0.023	0.0	0.045	0.0	0.2	0.21	0.08	0.076	0.0	0.0	0.0	0.25	0.05	0.0	0.0	0.0	0.0	0.0	0.0	0.846	0.0	0.0	0.0	0.0	0.0	0.0	0.0	0.0	0.0	0.0	0.014	0.053	0.0	0.032	0.016	0.015	0.065
OLBP01000001	Zeta	Zeta	Zeta_9	Zeta_9_1	0.5	0.078	0.078	0.076	0.096	0.124	0.028	0.067	0.061	0.286	0.07	0.046	0.0	0.167	0.029	0.037	0.03	0.0	0.11	0.0	0.0	0.0	0.0	0.023	0.0	0.045	0.0	0.2	0.21	0.08	0.076	0.0	0.0	0.0	0.25	0.05	0.0	0.0	0.0	0.0	0.0	0.0	0.846	0.0	0.0	0.0	0.0	0.0	0.0	0.0	0.0	0.0	0.0	0.014	0.053	0.0	0.032	0.016	0.015	0.065
OLFT01000163	Crevaviridae	Coarsevirinae	Junduvirus	Junduvirus communis	0.167	0.103	0.062	0.057	0.077	0.053	0.066	0.135	0.071	0.0	0.722	0.109	0.25	0.167	0.067	0.084	0.07	0.167	0.044	0.185	0.5	0.0	0.2	0.008	0.5	0.182	0.0	0.2	0.027	0.08	0.143	0.0	1.0	1.0	0.25	0.05	0.1	0.0	0.5	0.333	1.0	0.0	0.031	1.0	0.0	1.0	1.0	0.5	1.0	0.5	0.0	0.5	1.0	0.009	0.105	1.0	0.009	0.016	0.01	0.065
OLFV01000031	Zeta	Zeta	Zeta_15	Zeta_15_1	0.667	0.095	0.094	0.057	0.087	0.106	0.066	0.056	0.071	0.143	0.087	0.043	0.0	0.0	0.086	0.056	0.06	0.167	0.077	0.037	0.5	0.0	0.0	0.008	0.5	0.091	0.0	0.2	0.237	0.04	0.057	0.0	0.0	1.0	0.0	0.05	0.0	0.0	0.5	0.0	0.5	0.0	0.386	0.0	0.0	0.0	1.0	0.0	0.0	0.0	0.0	0.0	1.0	0.009	0.053	0.0	0.009	0.005	0.01	0.074
OLFY01000196	Crevaviridae	Coarsevirinae	Junduvirus	Junduvirus communis	0.167	0.103	0.078	0.057	0.087	0.071	0.066	0.157	0.071	0.0	0.739	0.116	0.25	0.167	0.067	0.084	0.07	0.167	0.066	0.185	0.5	0.0	0.2	0.015	0.5	0.182	0.0	0.2	0.031	0.08	0.152	0.0	1.0	1.0	0.25	0.05	0.1	0.0	0.5	0.333	1.0	0.0	0.035	1.0	0.0	1.0	1.0	0.5	1.0	0.5	0.0	0.5	1.0	0.009	0.105	1.0	0.009	0.016	0.01	0.065
OLFY01000217	Crevaviridae	Doltivirinae	Kingevirus	Kingevirus communis	0.167	0.095	0.062	0.038	0.067	0.062	0.047	0.146	0.071	0.0	0.243	0.116	0.25	0.167	0.048	0.065	0.05	0.167	0.044	0.185	0.5	0.0	0.2	0.008	0.5	0.227	0.0	0.0	0.027	0.08	0.152	0.0	1.0	1.0	0.25	0.05	0.1	0.0	0.5	0.333	1.0	0.0	0.035	1.0	0.0	1.0	1.0	0.5	1.0	0.5	0.0	0.5	1.0	0.005	0.105	1.0	0.005	0.005	0.005	0.065
OLFZ01000108	Intestiviridae	Churivirinae	Jahgtovirus	Jahgtovirus secundus	0.167	0.086	0.078	0.048	0.087	0.044	0.066	0.719	0.061	0.0	0.13	0.629	0.25	0.167	0.067	0.075	0.07	0.167	0.099	0.889	0.5	0.0	0.2	0.023	0.5	0.182	0.0	0.0	0.018	0.08	0.695	0.0	1.0	1.0	0.25	0.05	0.35	0.0	0.5	0.333	1.0	0.0	0.035	1.0	0.011	1.0	1.0	0.5	1.0	1.0	0.0	0.5	1.0	0.005	0.105	1.0	0.005	0.005	0.005	0.056
OLFZ01000118	Crevaviridae	Doltivirinae	Kingevirus	Kingevirus communis	0.167	0.095	0.062	0.038	0.067	0.062	0.047	0.146	0.071	0.0	0.243	0.116	0.25	0.167	0.048	0.065	0.05	0.167	0.044	0.185	0.5	0.0	0.2	0.008	0.5	0.227	0.0	0.0	0.027	0.08	0.152	0.0	1.0	1.0	0.25	0.05	0.1	0.0	0.5	0.333	1.0	0.0	0.035	1.0	0.0	1.0	1.0	0.5	1.0	0.5	0.0	0.5	1.0	0.005	0.105	1.0	0.005	0.005	0.005	0.065
OLFZ01000126	Intestiviridae	Crudevirinae	Dabirmavirus	Dabirmavirus hominis	0.167	0.103	0.062	0.057	0.087	0.053	0.066	0.315	0.071	0.0	0.139	0.278	0.25	0.167	0.067	0.075	0.07	0.167	0.077	0.296	0.5	0.0	0.2	0.015	0.5	0.182	0.0	0.0	0.031	0.08	0.314	0.0	1.0	1.0	0.25	0.05	0.65	0.0	0.5	0.333	1.0	0.0	0.053	1.0	0.011	1.0	1.0	0.5	1.0	1.0	0.0	0.5	1.0	0.005	0.105	1.0	0.005	0.005	0.005	0.065
OLGB01000200	Crevaviridae	Doltivirinae	Kingevirus	Kingevirus communis	0.167	0.095	0.062	0.038	0.067	0.062	0.047	0.146	0.071	0.0	0.243	0.116	0.25	0.167	0.048	0.065	0.05	0.167	0.044	0.185	0.5	0.0	0.2	0.008	0.5	0.227	0.0	0.0	0.027	0.08	0.152	0.0	1.0	1.0	0.25	0.05	0.15	0.0	0.5	0.333	1.0	0.0	0.035	1.0	0.0	1.0	1.0	0.5	1.0	0.5	0.0	0.5	1.0	0.005	0.105	1.0	0.005	0.005	0.005	0.065
OLGF01000091	Suoliviridae	Boorivirinae	Canhaevirus	Canhaevirus hiberniae	0.167	0.328	0.266	0.286	0.269	0.062	0.283	0.067	0.296	0.0	0.07	0.063	0.5	0.667	0.286	0.299	0.3	0.167	0.099	0.111	0.5	0.0	0.8	0.015	0.5	0.364	0.333	0.2	0.022	0.52	0.076	0.0	1.0	1.0	0.75	0.15	0.1	0.0	0.5	0.667	1.0	0.0	0.013	1.0	0.0	1.0	1.0	0.5	1.0	0.5	0.0	0.5	1.0	0.023	0.105	1.0	0.023	0.021	0.02	0.269
OLGH01000138	Crevaviridae	Doltivirinae	Kingevirus	Kingevirus communis	0.167	0.095	0.062	0.038	0.077	0.062	0.057	0.169	0.071	0.0	0.243	0.126	0.25	0.167	0.057	0.065	0.06	0.167	0.066	0.185	0.5	0.0	0.2	0.008	0.5	0.227	0.0	0.0	0.027	0.08	0.162	0.0	1.0	1.0	0.25	0.05	0.1	0.0	0.5	0.333	1.0	0.0	0.039	1.0	0.011	1.0	1.0	0.5	1.0	0.5	0.0	0.5	1.0	0.005	0.105	1.0	0.005	0.005	0.005	0.065
OLGJ01000028	Intestiviridae	Crudevirinae	Carjivirus	Carjivirus communis	0.0	0.103	0.055	0.057	0.067	0.053	0.066	0.292	0.082	0.0	0.122	0.248	0.25	0.167	0.067	0.084	0.07	0.0	0.033	0.222	0.0	0.0	0.2	0.023	0.0	0.136	0.0	0.2	0.027	0.08	0.286	0.0	1.0	0.0	0.25	0.1	0.65	0.167	0.0	0.333	0.5	0.0	0.031	1.0	0.011	1.0	0.0	0.5	1.0	1.0	0.0	0.5	0.0	0.009	0.053	1.0	0.009	0.021	0.01	0.083
OLGL01000107	Suoliviridae	Bearivirinae	Afonbuvirus	Afonbuvirus coli	0.167	0.371	0.305	0.343	0.308	0.053	0.368	0.079	0.327	0.0	0.096	0.066	0.5	0.667	0.371	0.393	0.39	0.167	0.088	0.111	0.5	0.0	0.6	0.023	0.5	0.818	0.0	0.2	0.027	0.28	0.076	0.0	1.0	1.0	0.75	0.15	0.1	0.0	0.5	0.667	1.0	0.0	0.026	1.0	0.011	1.0	1.0	0.5	1.0	0.5	0.0	0.5	1.0	0.019	0.158	1.0	0.018	0.026	0.02	0.343
OLGM01000006	Zeta	Zeta	Zeta_12	Zeta_12_1	1.0	0.095	0.062	0.095	0.096	0.124	0.057	0.045	0.082	0.286	0.07	0.04	0.0	0.167	0.057	0.065	0.05	0.167	0.099	0.037	0.5	0.0	0.0	0.0	0.5	0.091	0.0	0.2	0.317	0.0	0.057	0.0	0.0	1.0	0.25	0.05	0.0	0.0	0.5	0.0	0.5	0.0	0.237	0.0	0.011	0.0	1.0	0.0	0.0	0.0	0.0	0.0	1.0	0.023	0.105	0.0	0.018	0.021	0.025	0.074
OLGN01000078	Suoliviridae	Boorivirinae	Cohcovirus	Cohcovirus splanchnicus	0.167	0.362	0.258	0.295	0.308	0.062	0.302	0.079	0.337	0.0	0.078	0.066	0.5	0.5	0.305	0.318	0.32	0.167	0.099	0.111	0.5	0.0	0.6	0.015	0.5	0.364	0.333	0.2	0.031	0.56	0.076	0.0	1.0	1.0	0.75	0.2	0.1	0.0	1.0	0.667	1.0	0.0	0.018	1.0	0.0	1.0	1.0	0.5	1.0	0.5	0.0	0.5	1.0	0.019	0.105	1.0	0.018	0.021	0.02	0.315
OLGO01000101	Intestiviridae	Crudevirinae	Carjivirus	Carjivirus communis	0.0	0.095	0.055	0.048	0.067	0.053	0.057	0.303	0.071	0.0	0.122	0.252	0.25	0.167	0.057	0.075	0.06	0.0	0.033	0.222	0.0	0.0	0.2	0.023	0.0	0.136	0.0	0.2	0.027	0.08	0.295	0.0	1.0	0.0	0.25	0.1	0.65	0.167	0.0	0.333	0.5	0.0	0.031	1.0	0.011	1.0	0.0	0.5	1.0	1.0	0.0	0.5	0.0	0.005	0.053	1.0	0.005	0.016	0.005	0.065
OLHG01000007	Zeta	Zeta	Zeta_12	Zeta_12_1	1.0	0.095	0.062	0.095	0.096	0.124	0.057	0.045	0.082	0.286	0.07	0.04	0.0	0.167	0.057	0.065	0.05	0.167	0.099	0.037	0.5	0.0	0.0	0.0	0.5	0.091	0.0	0.2	0.321	0.0	0.057	0.0	0.0	1.0	0.25	0.05	0.0	0.0	0.5	0.0	0.5	0.0	0.237	0.0	0.011	0.0	1.0	0.0	0.0	0.0	0.0	0.0	1.0	0.023	0.105	0.0	0.018	0.021	0.025	0.074
OLJW01000056	Epsilon	Epsilon	Epsilon_2	Epsilon_2_2	0.0	0.052	0.039	0.029	0.029	0.018	0.019	0.034	0.031	0.0	0.009	0.03	0.0	0.0	0.019	0.028	0.02	0.0	0.033	0.037	0.0	0.0	0.0	0.323	0.0	0.045	0.0	0.0	0.004	0.08	0.029	0.0	1.0	0.0	0.0	0.0	0.05	0.0	0.0	0.0	0.5	0.0	0.0	0.0	0.0	1.0	0.0	0.5	1.0	0.0	0.0	0.5	0.0	0.727	0.105	0.0	0.706	0.775	0.746	0.037
OLND01000017	Zeta	Zeta	Zeta_9	Zeta_9_1	0.5	0.078	0.078	0.076	0.096	0.124	0.028	0.067	0.061	0.286	0.061	0.046	0.0	0.167	0.029	0.037	0.03	0.0	0.11	0.0	0.0	0.0	0.0	0.023	0.0	0.045	0.0	0.2	0.214	0.08	0.076	0.0	0.0	0.0	0.25	0.05	0.0	0.0	0.0	0.0	0.0	0.0	0.838	0.0	0.0	0.0	0.0	0.0	0.0	0.0	0.0	0.0	0.0	0.014	0.053	0.0	0.032	0.016	0.015	0.065
OLND01000117	Crevaviridae	Coarsevirinae	Junduvirus	Junduvirus communis	0.167	0.103	0.062	0.057	0.077	0.062	0.066	0.135	0.071	0.0	0.739	0.113	0.25	0.167	0.067	0.084	0.07	0.167	0.044	0.185	0.5	0.0	0.2	0.008	0.5	0.182	0.0	0.2	0.031	0.08	0.143	0.0	1.0	1.0	0.25	0.05	0.1	0.0	0.5	0.333	1.0	0.0	0.035	1.0	0.0	1.0	1.0	0.5	1.0	0.5	0.0	0.5	1.0	0.009	0.105	1.0	0.009	0.016	0.01	0.065
OLNE01000081	Suoliviridae	Oafivirinae	Burzaovirus	Burzaovirus coli	0.167	0.259	0.25	0.267	0.269	0.08	0.236	0.101	0.265	0.0	0.078	0.113	0.75	0.667	0.238	0.262	0.25	0.167	0.121	0.111	0.5	0.0	0.6	0.023	0.5	0.318	0.333	0.4	0.031	0.24	0.114	0.0	1.0	1.0	0.75	0.15	0.1	0.0	1.0	0.667	1.0	0.0	0.031	1.0	0.0	1.0	1.0	0.5	1.0	0.5	0.0	0.5	1.0	0.014	0.158	1.0	0.014	0.021	0.015	0.241
OLNI01000077	Suoliviridae	Uncouvirinae	Aurodevirus	Aurodevirus intestinalis	0.167	0.379	0.422	0.381	0.519	0.08	0.689	0.112	0.378	0.0	0.087	0.079	0.5	0.667	0.705	0.72	0.7	0.167	0.11	0.111	0.5	0.0	0.6	0.023	0.5	0.364	0.0	0.4	0.031	0.28	0.086	0.0	1.0	1.0	0.75	0.1	0.1	0.0	0.5	1.0	1.0	0.0	0.031	1.0	0.023	1.0	1.0	0.5	1.0	0.5	0.0	0.5	1.0	0.009	0.158	1.0	0.009	0.016	0.01	0.38
OLNL01000026	Zeta	Zeta	Zeta_4	Zeta_4_1	1.0	0.086	0.055	0.095	0.077	0.106	0.057	0.09	0.071	0.857	0.07	0.076	0.0	0.167	0.057	0.065	0.06	0.167	0.099	0.037	0.5	0.0	0.0	0.0	0.5	0.091	0.0	0.4	0.429	0.0	0.076	0.0	0.0	1.0	0.25	0.0	0.0	0.0	0.5	0.0	0.5	0.0	0.263	0.0	0.0	0.0	1.0	0.0	0.0	0.0	0.0	0.0	1.0	0.009	0.105	0.0	0.009	0.01	0.01	0.074
OLNN01000114	Crevaviridae	Doltivirinae	Kingevirus	Kingevirus communis	0.167	0.095	0.055	0.038	0.067	0.053	0.047	0.146	0.071	0.0	0.243	0.116	0.25	0.167	0.048	0.065	0.05	0.167	0.033	0.185	0.5	0.0	0.2	0.008	0.5	0.182	0.0	0.0	0.022	0.08	0.152	0.0	1.0	1.0	0.25	0.05	0.1	0.0	0.5	0.333	1.0	0.0	0.031	1.0	0.0	1.0	1.0	0.5	1.0	0.5	0.0	0.5	1.0	0.005	0.105	1.0	0.005	0.005	0.005	0.065
OLNO01000079	Crevaviridae	Coarsevirinae	Junduvirus	Junduvirus communis	0.167	0.103	0.062	0.057	0.077	0.062	0.066	0.135	0.071	0.0	0.73	0.113	0.25	0.167	0.067	0.084	0.07	0.167	0.044	0.185	0.5	0.0	0.2	0.008	0.5	0.182	0.0	0.2	0.031	0.08	0.143	0.0	1.0	1.0	0.25	0.05	0.1	0.0	0.5	0.333	1.0	0.0	0.035	1.0	0.0	1.0	1.0	0.5	1.0	0.5	0.0	0.5	1.0	0.009	0.105	1.0	0.009	0.016	0.01	0.065
OLNP01000086	Crevaviridae	Coarsevirinae	Junduvirus	Junduvirus communis	0.167	0.103	0.062	0.057	0.077	0.062	0.066	0.135	0.071	0.0	0.722	0.109	0.25	0.167	0.067	0.084	0.07	0.167	0.044	0.185	0.5	0.0	0.2	0.008	0.5	0.182	0.0	0.2	0.031	0.08	0.143	0.0	1.0	1.0	0.25	0.05	0.1	0.0	0.5	0.333	1.0	0.0	0.035	1.0	0.0	1.0	1.0	0.5	1.0	0.5	0.0	0.5	1.0	0.009	0.105	1.0	0.009	0.016	0.01	0.065
OLNQ01000088	Suoliviridae	Bearivirinae	Afonbuvirus	Afonbuvirus coli	0.167	0.397	0.305	0.343	0.298	0.053	0.358	0.079	0.347	0.0	0.087	0.066	0.5	0.5	0.362	0.374	0.38	0.167	0.077	0.111	0.5	0.0	0.6	0.023	0.5	0.955	0.0	0.0	0.022	0.28	0.076	0.0	1.0	1.0	0.5	0.1	0.1	0.0	0.5	0.667	1.0	0.0	0.022	1.0	0.0	1.0	1.0	0.5	1.0	0.5	0.0	0.5	1.0	0.019	0.105	1.0	0.018	0.021	0.02	0.352
OLNV01000049	Intestiviridae	Crudevirinae	Dabirmavirus	Dabirmavirus hominis	0.167	0.103	0.062	0.057	0.087	0.053	0.066	0.315	0.071	0.0	0.148	0.278	0.25	0.167	0.067	0.075	0.07	0.167	0.066	0.296	0.5	0.0	0.2	0.015	0.5	0.182	0.0	0.0	0.031	0.08	0.305	0.0	1.0	1.0	0.25	0.05	0.7	0.0	0.5	0.333	1.0	0.0	0.048	1.0	0.011	1.0	1.0	0.5	1.0	1.0	0.0	0.5	1.0	0.005	0.105	1.0	0.005	0.005	0.005	0.065
OLNW01000116	Suoliviridae	Boorivirinae	Culoivirus	Culoivirus faecalis	0.167	0.345	0.281	0.343	0.327	0.071	0.321	0.079	0.316	0.0	0.078	0.066	0.5	0.667	0.324	0.346	0.34	0.167	0.11	0.111	0.5	0.0	0.6	0.015	0.5	0.364	0.333	0.2	0.031	0.8	0.076	0.0	1.0	1.0	0.75	0.15	0.1	0.0	0.5	0.667	1.0	0.0	0.026	1.0	0.0	1.0	1.0	0.5	1.0	0.5	0.0	0.5	1.0	0.037	0.158	1.0	0.027	0.021	0.03	0.306
OLNZ01000083	Suoliviridae	Oafivirinae	Burzaovirus	Burzaovirus intestinihominis	0.167	0.259	0.242	0.238	0.26	0.08	0.236	0.101	0.265	0.0	0.078	0.113	0.75	0.5	0.238	0.252	0.25	0.167	0.11	0.111	0.5	0.0	0.6	0.023	0.5	0.318	0.333	0.4	0.031	0.24	0.114	0.0	1.0	1.0	0.5	0.15	0.1	0.0	1.0	0.667	1.0	0.0	0.026	1.0	0.0	1.0	1.0	0.5	1.0	0.5	0.0	0.5	1.0	0.014	0.105	1.0	0.014	0.021	0.015	0.231
OLOE01000004	Zeta	Zeta	Zeta_4	Zeta_4_2	1.0	0.086	0.062	0.067	0.058	0.097	0.057	0.101	0.071	0.857	0.07	0.083	0.0	0.0	0.057	0.056	0.06	0.167	0.088	0.037	0.5	0.0	0.0	0.0	0.5	0.091	0.0	0.4	0.42	0.0	0.086	0.0	0.0	1.0	0.0	0.0	0.0	0.0	0.5	0.0	0.5	0.0	0.272	0.0	0.0	0.0	1.0	0.0	0.0	0.0	0.0	0.0	1.0	0.009	0.053	0.0	0.009	0.01	0.01	0.065
OLOF01000050	Intestiviridae	Crudevirinae	Carjivirus	Carjivirus hominis	0.0	0.112	0.055	0.057	0.067	0.053	0.066	0.292	0.082	0.0	0.122	0.255	0.25	0.167	0.067	0.084	0.07	0.0	0.033	0.222	0.0	0.0	0.2	0.023	0.0	0.136	0.0	0.2	0.027	0.08	0.286	0.0	1.0	0.0	0.25	0.1	0.65	0.167	0.0	0.333	0.5	0.0	0.031	1.0	0.011	1.0	0.0	0.5	1.0	1.0	0.0	0.5	0.0	0.009	0.053	1.0	0.009	0.021	0.01	0.093
OLOG01000029	Epsilon	Epsilon	Epsilon_1	Epsilon_1_5	0.0	0.026	0.016	0.019	0.01	0.009	0.009	0.011	0.02	0.0	0.0	0.007	0.0	0.0	0.01	0.009	0.01	0.0	0.0	0.0	0.5	0.0	0.0	0.729	0.5	0.0	0.0	0.0	0.0	0.04	0.0	1.0	0.0	0.0	0.0	0.0	0.0	0.0	0.0	0.0	0.0	0.0	0.004	0.0	0.0	0.0	0.0	0.0	0.0	0.0	0.0	0.0	0.0	0.37	0.0	0.0	0.353	0.366	0.368	0.028
OLOK01000029	Suoliviridae	Boorivirinae	Canhaevirus	Canhaevirus faecalis	0.167	0.319	0.25	0.305	0.288	0.062	0.283	0.067	0.286	0.0	0.07	0.063	0.5	0.833	0.286	0.308	0.3	0.167	0.099	0.111	0.5	0.0	0.8	0.015	0.5	0.364	0.333	0.0	0.013	0.68	0.076	0.0	1.0	1.0	0.75	0.15	0.1	0.0	0.5	0.667	1.0	0.0	0.022	1.0	0.0	1.0	1.0	0.5	1.0	0.5	0.0	0.5	1.0	0.032	0.158	1.0	0.027	0.021	0.03	0.278
OLOS01000113	Intestiviridae	Crudevirinae	Carjivirus	Carjivirus communis	0.0	0.095	0.055	0.048	0.067	0.053	0.057	0.303	0.071	0.0	0.122	0.248	0.25	0.167	0.057	0.075	0.06	0.0	0.033	0.222	0.0	0.0	0.2	0.023	0.0	0.136	0.0	0.2	0.027	0.08	0.286	0.0	1.0	0.0	0.25	0.1	0.65	0.167	0.0	0.333	0.5	0.0	0.031	1.0	0.011	1.0	0.0	0.5	1.0	1.0	0.0	0.5	0.0	0.005	0.053	1.0	0.005	0.016	0.005	0.065
OLOX01000006	Zeta	Zeta	Zeta_9	Zeta_9_1	0.5	0.078	0.07	0.048	0.067	0.124	0.028	0.045	0.061	0.286	0.061	0.033	0.0	0.0	0.029	0.028	0.03	0.0	0.077	0.0	0.0	0.0	0.0	0.023	0.0	0.045	0.0	0.2	0.201	0.08	0.048	0.0	0.0	0.0	0.0	0.05	0.0	0.0	0.0	0.0	0.0	0.0	0.855	0.0	0.0	0.0	0.0	0.0	0.0	0.0	0.0	0.0	0.0	0.028	0.0	0.0	0.041	0.031	0.03	0.056
OLOZ01000027	Epsilon	Epsilon	Epsilon_2	Epsilon_2_1	0.0	0.06	0.023	0.029	0.019	0.009	0.019	0.011	0.041	0.0	0.009	0.023	0.0	0.0	0.019	0.028	0.02	0.0	0.011	0.037	0.0	0.0	0.0	0.346	0.0	0.045	0.0	0.0	0.009	0.08	0.019	0.0	1.0	0.0	0.0	0.0	0.05	0.0	0.0	0.0	0.5	0.0	0.013	0.0	0.0	1.0	0.0	0.5	1.0	0.0	0.0	0.5	0.0	0.782	0.105	0.0	0.742	0.853	0.816	0.046
OLOZ01000092	Suoliviridae	Boorivirinae	Canhaevirus	Canhaevirus hiberniae	0.167	0.328	0.25	0.276	0.269	0.062	0.283	0.067	0.296	0.0	0.07	0.063	0.5	0.667	0.286	0.299	0.3	0.167	0.099	0.111	0.5	0.0	0.8	0.015	0.5	0.364	0.333	0.2	0.018	0.56	0.076	0.0	1.0	1.0	0.75	0.15	0.1	0.0	0.5	0.667	1.0	0.0	0.013	1.0	0.0	1.0	1.0	0.5	1.0	0.5	0.0	0.5	1.0	0.019	0.105	1.0	0.018	0.021	0.02	0.269
OLPB01000025	Suoliviridae	Boorivirinae	Canhaevirus	Canhaevirus faecalis	0.167	0.319	0.25	0.295	0.288	0.062	0.283	0.067	0.286	0.0	0.07	0.063	0.5	0.833	0.286	0.308	0.3	0.167	0.099	0.111	0.5	0.0	0.8	0.015	0.5	0.364	0.333	0.0	0.013	0.68	0.076	0.0	1.0	1.0	0.75	0.15	0.1	0.0	0.5	0.667	1.0	0.0	0.022	1.0	0.0	1.0	1.0	0.5	1.0	0.5	0.0	0.5	1.0	0.032	0.158	1.0	0.027	0.021	0.03	0.278
OLPB01000029	Intestiviridae	Churivirinae	Jahgtovirus	Jahgtovirus intestinalis	0.167	0.129	0.078	0.057	0.087	0.044	0.066	0.888	0.071	0.0	0.13	0.642	0.25	0.167	0.067	0.075	0.07	0.167	0.11	0.704	0.5	0.0	0.2	0.023	0.5	0.273	0.0	0.0	0.018	0.08	0.619	0.0	1.0	1.0	0.25	0.05	0.35	0.0	0.5	0.333	1.0	0.0	0.031	1.0	0.011	1.0	1.0	0.5	1.0	1.0	0.0	0.5	1.0	0.005	0.105	1.0	0.005	0.005	0.005	0.065
OLPH01000160	Intestiviridae	Crudevirinae	Diorhovirus	Diorhovirus copri	0.0	0.103	0.055	0.048	0.087	0.053	0.085	0.337	0.082	0.0	0.13	0.275	0.25	0.167	0.086	0.093	0.08	0.0	0.066	0.259	0.0	0.0	0.2	0.015	0.0	0.136	0.0	0.2	0.027	0.08	0.324	0.0	1.0	0.0	0.25	0.1	0.75	0.167	0.0	0.333	0.5	0.0	0.035	1.0	0.023	1.0	0.0	0.5	1.0	1.0	0.0	0.5	0.0	0.0	0.053	1.0	0.0	0.01	0.0	0.074
OLPO01000062	Suoliviridae	Boorivirinae	Culoivirus	Culoivirus faecalis	0.167	0.345	0.281	0.333	0.327	0.071	0.302	0.079	0.306	0.0	0.078	0.066	0.5	0.833	0.305	0.327	0.32	0.167	0.121	0.111	0.5	0.0	0.8	0.015	0.5	0.364	0.333	0.2	0.036	0.84	0.076	0.0	1.0	1.0	0.75	0.2	0.1	0.0	0.5	0.667	1.0	0.0	0.026	1.0	0.0	1.0	1.0	0.5	1.0	0.5	0.0	0.5	1.0	0.037	0.158	1.0	0.032	0.021	0.03	0.287
OLPO01000063	Steigviridae	Asinivirinae	Kolpuevirus	Kolpuevirus hominis	0.167	0.121	0.062	0.057	0.087	0.912	0.066	0.045	0.092	0.0	0.061	0.046	0.25	0.167	0.067	0.084	0.06	0.667	0.44	0.111	0.5	0.0	0.2	0.008	0.5	0.227	1.0	0.2	0.049	0.12	0.048	0.0	1.0	1.0	0.25	0.9	0.1	0.0	0.5	0.333	1.0	0.0	0.07	1.0	0.011	1.0	1.0	0.5	1.0	0.5	0.0	0.5	1.0	0.005	0.842	1.0	0.005	0.005	0.005	0.074
OLPO01000070	Crevaviridae	Coarsevirinae	Junduvirus	Junduvirus communis	0.167	0.103	0.062	0.057	0.077	0.062	0.066	0.135	0.071	0.0	0.713	0.109	0.25	0.167	0.067	0.084	0.07	0.167	0.044	0.185	0.5	0.0	0.2	0.008	0.5	0.182	0.0	0.2	0.031	0.08	0.143	0.0	1.0	1.0	0.25	0.05	0.1	0.0	0.5	0.333	1.0	0.0	0.035	1.0	0.0	1.0	1.0	0.5	1.0	0.5	0.0	0.5	1.0	0.009	0.105	1.0	0.009	0.016	0.01	0.065
OLPO01000071	Intestiviridae	Crudevirinae	Delmidovirus	Delmidovirus copri	0.0	0.086	0.086	0.048	0.077	0.062	0.057	0.348	0.061	0.0	0.122	0.285	0.25	0.167	0.057	0.075	0.06	0.0	0.077	0.259	0.0	0.0	0.2	0.015	0.0	0.182	0.0	0.2	0.031	0.08	0.352	0.0	1.0	0.0	0.25	0.05	0.6	0.167	0.0	0.333	0.5	0.0	0.039	1.0	0.0	1.0	0.0	0.5	1.0	1.0	0.0	0.5	0.0	0.0	0.053	1.0	0.0	0.01	0.0	0.056
OLPR01000090	Crevaviridae	Doltivirinae	Kingevirus	Kingevirus communis	0.167	0.095	0.062	0.038	0.067	0.062	0.047	0.146	0.071	0.0	0.243	0.116	0.25	0.167	0.048	0.065	0.05	0.167	0.044	0.185	0.5	0.0	0.2	0.008	0.5	0.227	0.0	0.0	0.027	0.08	0.152	0.0	1.0	1.0	0.25	0.05	0.1	0.0	0.5	0.333	1.0	0.0	0.035	1.0	0.0	1.0	1.0	0.5	1.0	0.5	0.0	0.5	1.0	0.005	0.105	1.0	0.005	0.005	0.005	0.065
OLPS01000138	Suoliviridae	Boorivirinae	Cohcovirus	Cohcovirus splanchnicus	0.167	0.362	0.258	0.305	0.308	0.062	0.302	0.079	0.337	0.0	0.078	0.066	0.5	0.5	0.305	0.318	0.32	0.167	0.099	0.111	0.5	0.0	0.6	0.015	0.5	0.364	0.333	0.2	0.031	0.56	0.076	0.0	1.0	1.0	0.75	0.15	0.1	0.0	1.0	0.667	1.0	0.0	0.018	1.0	0.0	1.0	1.0	0.5	1.0	0.5	0.0	0.5	1.0	0.019	0.105	1.0	0.018	0.021	0.02	0.315
OLQG01000039	Suoliviridae	Oafivirinae	Burzaovirus	Burzaovirus intestinihominis	0.167	0.25	0.219	0.229	0.24	0.062	0.236	0.079	0.255	0.0	0.078	0.106	0.75	0.5	0.238	0.252	0.25	0.167	0.077	0.111	0.5	0.0	0.6	0.015	0.5	0.318	0.333	0.2	0.027	0.24	0.105	0.0	1.0	1.0	0.5	0.15	0.1	0.0	1.0	0.667	1.0	0.0	0.026	1.0	0.0	1.0	1.0	0.5	1.0	0.5	0.0	0.5	1.0	0.014	0.105	1.0	0.014	0.021	0.015	0.231
OLQG01000044	Suoliviridae	Boorivirinae	Canhaevirus	Canhaevirus faecalis	0.167	0.31	0.25	0.295	0.269	0.053	0.274	0.067	0.276	0.0	0.07	0.063	0.5	0.833	0.276	0.299	0.29	0.167	0.099	0.111	0.5	0.0	0.8	0.015	0.5	0.364	0.333	0.0	0.018	0.6	0.076	0.0	1.0	1.0	0.75	0.15	0.1	0.0	0.5	0.667	1.0	0.0	0.018	1.0	0.0	1.0	1.0	0.5	1.0	0.5	0.0	0.5	1.0	0.037	0.158	1.0	0.032	0.026	0.035	0.269
OLQL01000074	Suoliviridae	Boorivirinae	Cohcovirus	Cohcovirus splanchnicus	0.167	0.371	0.273	0.333	0.337	0.08	0.302	0.079	0.337	0.0	0.087	0.066	0.5	0.667	0.305	0.327	0.32	0.167	0.11	0.111	0.5	0.0	0.6	0.015	0.5	0.364	0.333	0.2	0.045	0.56	0.076	0.0	1.0	1.0	1.0	0.2	0.1	0.0	1.0	0.667	1.0	0.0	0.035	1.0	0.0	1.0	1.0	0.5	1.0	0.5	0.0	0.5	1.0	0.019	0.158	1.0	0.018	0.021	0.02	0.324
OLQL01000089	Crevaviridae	Coarsevirinae	Junduvirus	Junduvirus communis	0.167	0.103	0.062	0.057	0.077	0.062	0.066	0.135	0.071	0.0	0.748	0.109	0.25	0.167	0.067	0.084	0.07	0.167	0.044	0.185	0.5	0.0	0.2	0.008	0.5	0.182	0.0	0.2	0.031	0.08	0.143	0.0	1.0	1.0	0.25	0.05	0.1	0.0	0.5	0.333	1.0	0.0	0.035	1.0	0.0	1.0	1.0	0.5	1.0	0.5	0.0	0.5	1.0	0.009	0.105	1.0	0.009	0.016	0.01	0.065
OLQO01000079	Suoliviridae	Uncouvirinae	Aurodevirus	Aurodevirus hiberniae	0.167	0.414	0.43	0.362	0.5	0.071	0.887	0.09	0.378	0.0	0.07	0.076	0.5	0.667	0.867	0.879	0.89	0.167	0.121	0.111	0.5	0.0	0.6	0.023	0.5	0.409	0.0	0.4	0.022	0.28	0.086	0.0	1.0	1.0	0.75	0.15	0.1	0.0	0.5	1.0	1.0	0.0	0.018	1.0	0.023	1.0	1.0	0.5	1.0	0.5	0.0	0.5	1.0	0.014	0.158	1.0	0.014	0.021	0.015	0.38
OLQV01000028	Epsilon	Epsilon	Epsilon_1	Epsilon_1_4	0.0	0.034	0.016	0.019	0.01	0.0	0.009	0.011	0.031	0.0	0.0	0.007	0.0	0.0	0.01	0.009	0.01	0.0	0.0	0.0	0.5	0.0	0.0	0.692	0.5	0.0	0.0	0.0	0.0	0.04	0.0	1.0	0.0	0.0	0.0	0.0	0.0	0.0	0.0	0.0	0.0	0.0	0.0	0.0	0.0	0.0	0.0	0.0	0.0	0.0	0.0	0.0	0.0	0.361	0.0	0.0	0.348	0.366	0.363	0.037
OLRA01000126	Suoliviridae	Boorivirinae	Culoivirus	Culoivirus americanus	0.0	0.336	0.273	0.276	0.308	0.071	0.311	0.09	0.296	0.0	0.061	0.063	0.5	0.5	0.314	0.327	0.33	0.0	0.11	0.074	0.0	0.0	0.6	0.038	0.0	0.318	0.333	0.2	0.036	0.84	0.076	0.0	1.0	0.0	0.5	0.15	0.1	0.0	0.0	0.667	0.5	0.0	0.022	1.0	0.0	1.0	0.0	0.5	1.0	0.5	0.0	0.5	0.0	0.051	0.053	1.0	0.063	0.047	0.05	0.296
OLRB01000064	Intestiviridae	Crudevirinae	Carjivirus	Carjivirus communis	0.0	0.095	0.055	0.048	0.067	0.053	0.057	0.292	0.071	0.0	0.122	0.248	0.25	0.167	0.057	0.075	0.06	0.0	0.033	0.222	0.0	0.0	0.2	0.023	0.0	0.136	0.0	0.2	0.027	0.08	0.286	0.0	1.0	0.0	0.25	0.1	0.65	0.167	0.0	0.333	0.5	0.0	0.031	1.0	0.011	1.0	0.0	0.5	1.0	1.0	0.0	0.5	0.0	0.005	0.053	1.0	0.005	0.016	0.005	0.065
OLRF01000054	Zeta	Zeta	Zeta_11	Zeta_11_1	0.667	0.129	0.062	0.048	0.077	0.133	0.038	0.056	0.071	0.286	0.07	0.036	0.0	0.0	0.038	0.047	0.04	0.167	0.077	0.037	0.5	0.0	0.0	0.0	0.5	0.182	0.0	0.0	0.188	0.04	0.048	0.0	0.0	1.0	0.0	0.05	0.0	0.0	0.5	0.0	0.5	0.0	0.456	0.0	0.023	0.0	1.0	0.0	0.0	0.0	0.0	0.0	1.0	0.014	0.053	0.0	0.009	0.01	0.01	0.074
OLRG01000090	Intestiviridae	Crudevirinae	Carjivirus	Carjivirus communis	0.0	0.095	0.055	0.048	0.067	0.053	0.057	0.315	0.071	0.0	0.122	0.248	0.25	0.167	0.057	0.075	0.06	0.0	0.033	0.222	0.0	0.0	0.2	0.023	0.0	0.136	0.0	0.2	0.027	0.08	0.286	0.0	1.0	0.0	0.25	0.1	0.65	0.167	0.0	0.333	0.5	0.0	0.031	1.0	0.011	1.0	0.0	0.5	1.0	1.0	0.0	0.5	0.0	0.005	0.053	1.0	0.005	0.016	0.005	0.065
OLRJ01000083	Crevaviridae	Coarsevirinae	Junduvirus	Junduvirus communis	0.167	0.103	0.062	0.057	0.077	0.053	0.066	0.135	0.071	0.0	0.722	0.109	0.25	0.167	0.067	0.084	0.07	0.167	0.044	0.185	0.5	0.0	0.2	0.008	0.5	0.182	0.0	0.2	0.027	0.08	0.143	0.0	1.0	1.0	0.25	0.05	0.1	0.0	0.5	0.333	1.0	0.0	0.031	1.0	0.0	1.0	1.0	0.5	1.0	0.5	0.0	0.5	1.0	0.009	0.105	1.0	0.009	0.016	0.01	0.065
OLRO01000069	Suoliviridae	Uncouvirinae	Aurodevirus	Aurodevirus hiberniae	0.167	0.405	0.406	0.362	0.519	0.062	0.896	0.067	0.367	0.0	0.07	0.07	0.5	0.667	0.867	0.916	0.89	0.167	0.099	0.111	0.5	0.0	0.6	0.015	0.5	0.409	0.0	0.4	0.022	0.28	0.076	0.0	1.0	1.0	0.75	0.15	0.1	0.0	0.5	1.0	1.0	0.0	0.018	1.0	0.034	1.0	1.0	0.5	1.0	0.5	0.0	0.5	1.0	0.014	0.158	1.0	0.014	0.021	0.015	0.37
OLRU01000124	Crevaviridae	Doltivirinae	Kingevirus	Kingevirus communis	0.167	0.095	0.062	0.038	0.067	0.062	0.047	0.146	0.071	0.0	0.243	0.116	0.25	0.167	0.048	0.065	0.05	0.167	0.044	0.185	0.5	0.0	0.2	0.008	0.5	0.227	0.0	0.0	0.027	0.08	0.152	0.0	1.0	1.0	0.25	0.05	0.1	0.0	0.5	0.333	1.0	0.0	0.035	1.0	0.0	1.0	1.0	0.5	1.0	0.5	0.0	0.5	1.0	0.005	0.105	1.0	0.005	0.005	0.005	0.065
OLRV01000041	Suoliviridae	Boorivirinae	Cohcovirus	Cohcovirus splanchnicus	0.167	0.362	0.273	0.305	0.327	0.071	0.302	0.112	0.337	0.0	0.078	0.073	0.5	0.5	0.305	0.318	0.32	0.167	0.121	0.111	0.5	0.0	0.6	0.023	0.5	0.364	0.333	0.2	0.036	0.48	0.086	0.0	1.0	1.0	0.75	0.2	0.1	0.0	1.0	0.667	1.0	0.0	0.022	1.0	0.0	1.0	1.0	0.5	1.0	0.5	0.0	0.5	1.0	0.032	0.105	1.0	0.027	0.021	0.03	0.315
OLRW01000060	Intestiviridae	Crudevirinae	Carjivirus	Carjivirus communis	0.0	0.095	0.055	0.048	0.067	0.053	0.057	0.303	0.071	0.0	0.122	0.248	0.25	0.167	0.057	0.075	0.06	0.0	0.033	0.222	0.0	0.0	0.2	0.023	0.0	0.136	0.0	0.2	0.027	0.08	0.286	0.0	1.0	0.0	0.25	0.1	0.65	0.167	0.0	0.333	0.5	0.0	0.031	1.0	0.011	1.0	0.0	0.5	1.0	1.0	0.0	0.5	0.0	0.005	0.053	1.0	0.005	0.016	0.005	0.065
OLRW01000062	Crevaviridae	Coarsevirinae	Junduvirus	Junduvirus communis	0.167	0.103	0.062	0.057	0.077	0.053	0.066	0.135	0.071	0.0	0.722	0.109	0.25	0.167	0.067	0.084	0.07	0.167	0.044	0.185	0.5	0.0	0.2	0.008	0.5	0.182	0.0	0.2	0.027	0.08	0.143	0.0	1.0	1.0	0.25	0.05	0.1	0.0	0.5	0.333	1.0	0.0	0.031	1.0	0.0	1.0	1.0	0.5	1.0	0.5	0.0	0.5	1.0	0.009	0.105	1.0	0.009	0.016	0.01	0.065
OLRX01000007	Zeta	Zeta	Zeta_3	Zeta_3_1	1.0	0.078	0.047	0.086	0.077	0.106	0.047	0.045	0.071	0.143	0.07	0.026	0.0	0.167	0.048	0.056	0.05	0.167	0.099	0.037	0.5	0.0	0.0	0.0	0.5	0.045	0.333	0.4	0.924	0.0	0.029	0.0	0.0	1.0	0.25	0.05	0.0	0.0	0.5	0.0	0.5	0.0	0.25	0.0	0.0	0.0	1.0	0.0	0.0	0.0	0.0	0.0	1.0	0.014	0.105	0.0	0.014	0.016	0.015	0.056
OLRZ01000056	Steigviridae	Asinivirinae	Mahlunavirus	Mahlunavirus rarus	0.167	0.112	0.078	0.086	0.115	0.504	0.066	0.079	0.082	0.0	0.061	0.07	0.25	0.333	0.067	0.084	0.07	0.833	0.44	0.111	0.5	0.0	0.2	0.008	0.5	0.227	1.0	0.2	0.045	0.08	0.067	0.0	1.0	1.0	0.5	0.65	0.1	0.0	0.5	0.333	1.0	0.0	0.075	1.0	0.011	1.0	1.0	0.5	1.0	0.5	0.0	0.5	1.0	0.005	0.526	1.0	0.005	0.005	0.005	0.074
OLSB01000088	Suoliviridae	Bearivirinae	Afonbuvirus	Afonbuvirus coli	0.167	0.379	0.32	0.371	0.308	0.053	0.368	0.079	0.337	0.0	0.087	0.066	0.5	0.667	0.371	0.393	0.39	0.167	0.088	0.111	0.5	0.0	0.6	0.023	0.5	0.909	0.0	0.0	0.022	0.28	0.076	0.0	1.0	1.0	0.75	0.1	0.1	0.0	0.5	0.667	1.0	0.0	0.026	1.0	0.0	1.0	1.0	0.5	1.0	0.5	0.0	0.5	1.0	0.019	0.158	1.0	0.018	0.021	0.02	0.352
OLSC01000138	Suoliviridae	Uncouvirinae	Aurodevirus	Aurodevirus hiberniae	0.167	0.397	0.414	0.362	0.5	0.071	0.925	0.09	0.347	0.0	0.07	0.076	0.5	0.667	0.895	0.897	0.94	0.167	0.121	0.111	0.5	0.0	0.6	0.023	0.5	0.409	0.0	0.4	0.027	0.28	0.086	0.0	1.0	1.0	0.75	0.15	0.1	0.0	0.5	1.0	1.0	0.0	0.018	1.0	0.023	1.0	1.0	0.5	1.0	0.5	0.0	0.5	1.0	0.014	0.158	1.0	0.014	0.021	0.015	0.37
OLSC01000143	Intestiviridae	Churivirinae	Jahgtovirus	Jahgtovirus intestinalis	0.167	0.129	0.078	0.057	0.087	0.044	0.066	0.888	0.071	0.0	0.13	0.666	0.25	0.167	0.067	0.075	0.07	0.167	0.099	0.704	0.5	0.0	0.2	0.023	0.5	0.273	0.0	0.0	0.018	0.08	0.629	0.0	1.0	1.0	0.25	0.05	0.35	0.0	0.5	0.333	1.0	0.0	0.026	1.0	0.011	1.0	1.0	0.5	1.0	1.0	0.0	0.5	1.0	0.005	0.105	1.0	0.005	0.005	0.005	0.065
OLSE01000042	Zeta	Zeta	Zeta_9	Zeta_9_1	0.5	0.078	0.078	0.076	0.096	0.124	0.028	0.067	0.061	0.286	0.061	0.046	0.0	0.167	0.029	0.037	0.03	0.0	0.099	0.0	0.0	0.0	0.0	0.008	0.0	0.045	0.0	0.2	0.214	0.04	0.076	0.0	0.0	0.0	0.25	0.05	0.0	0.0	0.0	0.0	0.0	0.0	0.811	0.0	0.0	0.0	0.0	0.0	0.0	0.0	0.0	0.0	0.0	0.005	0.053	0.0	0.005	0.005	0.005	0.065
OLSO01000074	Crevaviridae	Coarsevirinae	Junduvirus	Junduvirus communis	0.167	0.103	0.062	0.057	0.077	0.062	0.066	0.135	0.071	0.0	0.73	0.109	0.25	0.167	0.067	0.084	0.07	0.167	0.044	0.185	0.5	0.0	0.2	0.023	0.5	0.182	0.0	0.2	0.031	0.12	0.143	0.0	1.0	1.0	0.25	0.05	0.1	0.0	0.5	0.333	1.0	0.0	0.035	1.0	0.0	1.0	1.0	0.5	1.0	0.5	0.0	0.5	1.0	0.019	0.105	1.0	0.036	0.026	0.02	0.065
OLSP01000004	Zeta	Zeta	Zeta_2	Zeta_2_2	1.0	0.086	0.055	0.057	0.058	0.115	0.047	0.079	0.082	0.286	0.061	0.053	0.0	0.0	0.048	0.047	0.05	0.167	0.099	0.037	0.5	0.0	0.0	0.0	0.5	0.091	0.0	0.2	0.496	0.0	0.057	0.0	0.0	1.0	0.0	0.0	0.0	0.0	0.5	0.0	0.5	0.0	0.232	0.0	0.0	0.0	1.0	0.0	0.0	0.0	0.0	0.0	1.0	0.009	0.053	0.0	0.009	0.005	0.01	0.065
OLSX01000045	Intestiviridae	Crudevirinae	Carjivirus	Carjivirus communis	0.0	0.095	0.055	0.048	0.067	0.053	0.057	0.303	0.071	0.0	0.122	0.252	0.25	0.167	0.057	0.075	0.06	0.0	0.033	0.222	0.0	0.0	0.2	0.023	0.0	0.136	0.0	0.2	0.027	0.08	0.286	0.0	1.0	0.0	0.25	0.1	0.65	0.167	0.0	0.333	0.5	0.0	0.031	1.0	0.011	1.0	0.0	0.5	1.0	1.0	0.0	0.5	0.0	0.005	0.053	1.0	0.005	0.016	0.005	0.065
OLTF01000001	Intestiviridae	Crudevirinae	Carjivirus	Carjivirus communis	0.0	0.103	0.055	0.057	0.067	0.053	0.066	0.303	0.082	0.0	0.122	0.248	0.25	0.167	0.067	0.084	0.07	0.0	0.033	0.222	0.0	0.0	0.2	0.023	0.0	0.136	0.0	0.2	0.027	0.08	0.276	0.0	1.0	0.0	0.25	0.1	0.65	0.167	0.0	0.333	0.5	0.0	0.031	1.0	0.011	1.0	0.0	0.5	1.0	1.0	0.0	0.5	0.0	0.009	0.053	1.0	0.009	0.021	0.01	0.083
OLVO01000096	Crevaviridae	Coarsevirinae	Junduvirus	Junduvirus communis	0.167	0.103	0.062	0.057	0.077	0.062	0.066	0.135	0.071	0.0	0.739	0.113	0.25	0.167	0.067	0.084	0.07	0.167	0.044	0.185	0.5	0.0	0.2	0.008	0.5	0.182	0.0	0.2	0.031	0.08	0.143	0.0	1.0	1.0	0.25	0.05	0.1	0.0	0.5	0.333	1.0	0.0	0.035	1.0	0.0	1.0	1.0	0.5	1.0	0.5	0.0	0.5	1.0	0.009	0.105	1.0	0.009	0.016	0.01	0.065
OLVR01000187	Steigviridae	Asinivirinae	Kahnovirus	Kahnovirus copri	0.167	0.147	0.062	0.067	0.077	0.513	0.047	0.067	0.082	0.0	0.07	0.053	0.25	0.167	0.048	0.065	0.05	0.833	0.407	0.111	0.5	0.0	0.2	0.008	0.5	0.273	1.0	0.2	0.045	0.12	0.057	0.0	1.0	1.0	0.25	0.65	0.1	0.0	0.5	0.333	1.0	0.0	0.035	1.0	0.0	1.0	1.0	0.5	1.0	0.5	0.0	0.5	1.0	0.005	0.526	1.0	0.005	0.005	0.005	0.065
OLVT01000100	Crevaviridae	Coarsevirinae	Junduvirus	Junduvirus communis	0.167	0.103	0.062	0.057	0.077	0.053	0.066	0.135	0.071	0.0	0.722	0.113	0.25	0.167	0.067	0.084	0.07	0.167	0.044	0.185	0.5	0.0	0.2	0.008	0.5	0.182	0.0	0.2	0.027	0.08	0.143	0.0	1.0	1.0	0.25	0.05	0.1	0.0	0.5	0.333	1.0	0.0	0.031	1.0	0.0	1.0	1.0	0.5	1.0	0.5	0.0	0.5	1.0	0.009	0.105	1.0	0.009	0.016	0.01	0.065
OLVX01000015	Zeta	Zeta	Zeta_11	Zeta_11_2	0.667	0.121	0.062	0.067	0.096	0.088	0.038	0.056	0.061	0.286	0.07	0.036	0.0	0.167	0.038	0.056	0.04	0.167	0.088	0.037	0.5	0.0	0.0	0.0	0.5	0.182	0.0	0.0	0.201	0.04	0.048	0.0	0.0	1.0	0.25	0.05	0.0	0.0	0.5	0.0	0.5	0.0	0.447	0.0	0.023	0.0	1.0	0.0	0.0	0.0	0.0	0.0	1.0	0.014	0.105	0.0	0.009	0.01	0.01	0.074
OLWB01000021	Zeta	Zeta	Zeta_15	Zeta_15_1	0.667	0.095	0.102	0.086	0.106	0.15	0.066	0.056	0.071	0.143	0.078	0.043	0.0	0.167	0.086	0.065	0.06	0.167	0.088	0.037	0.5	0.0	0.0	0.008	0.5	0.091	0.0	0.2	0.237	0.04	0.057	0.0	0.0	1.0	0.25	0.05	0.0	0.0	0.5	0.0	0.5	0.0	0.399	0.0	0.0	0.0	1.0	0.0	0.0	0.0	0.0	0.0	1.0	0.009	0.105	0.0	0.009	0.005	0.01	0.083
OLWB01000065	Intestiviridae	Crudevirinae	Carjivirus	Carjivirus communis	0.0	0.103	0.055	0.057	0.067	0.044	0.066	0.303	0.082	0.0	0.122	0.248	0.25	0.167	0.067	0.084	0.07	0.0	0.033	0.222	0.0	0.0	0.2	0.023	0.0	0.136	0.0	0.2	0.027	0.08	0.286	0.0	1.0	0.0	0.25	0.1	0.65	0.167	0.0	0.333	0.5	0.0	0.031	1.0	0.011	1.0	0.0	0.5	1.0	1.0	0.0	0.5	0.0	0.009	0.053	1.0	0.009	0.021	0.01	0.083
OLWC01000027	Suoliviridae	Boorivirinae	Cohcovirus	Cohcovirus splanchnicus	0.167	0.362	0.273	0.314	0.308	0.062	0.311	0.079	0.337	0.0	0.078	0.066	0.5	0.5	0.314	0.327	0.33	0.167	0.099	0.111	0.5	0.0	0.6	0.015	0.5	0.409	0.333	0.2	0.031	0.56	0.076	0.0	1.0	1.0	0.75	0.15	0.1	0.0	1.0	0.667	1.0	0.0	0.018	1.0	0.0	1.0	1.0	0.5	1.0	0.5	0.0	0.5	1.0	0.019	0.105	1.0	0.018	0.021	0.02	0.315
OLWC01000038	Intestiviridae	Churivirinae	Jahgtovirus	Jahgtovirus intestinalis	0.167	0.129	0.078	0.057	0.077	0.044	0.057	0.843	0.071	0.0	0.13	0.679	0.25	0.167	0.057	0.075	0.06	0.167	0.077	0.704	0.5	0.0	0.2	0.023	0.5	0.273	0.0	0.0	0.018	0.08	0.629	0.0	1.0	1.0	0.25	0.05	0.35	0.0	0.5	0.333	1.0	0.0	0.026	1.0	0.0	1.0	1.0	0.5	1.0	1.0	0.0	0.5	1.0	0.005	0.105	1.0	0.005	0.005	0.005	0.065
OLWW01000036	Suoliviridae	Uncouvirinae	Aurodevirus	Aurodevirus intestinalis	0.167	0.388	0.43	0.371	0.548	0.088	0.689	0.079	0.388	0.0	0.078	0.073	0.5	0.667	0.695	0.701	0.7	0.167	0.099	0.111	0.5	0.0	0.6	0.015	0.5	0.409	0.0	0.2	0.027	0.36	0.076	0.0	1.0	1.0	0.75	0.1	0.1	0.0	0.5	1.0	1.0	0.0	0.035	1.0	0.023	1.0	1.0	0.5	1.0	0.5	0.0	0.5	1.0	0.009	0.158	1.0	0.009	0.01	0.01	0.38
OLWZ01000040	Intestiviridae	Crudevirinae	Carjivirus	Carjivirus communis	0.0	0.095	0.055	0.048	0.067	0.053	0.057	0.303	0.071	0.0	0.122	0.255	0.25	0.167	0.057	0.075	0.06	0.0	0.033	0.222	0.0	0.0	0.2	0.023	0.0	0.136	0.0	0.2	0.027	0.08	0.295	0.0	1.0	0.0	0.25	0.1	0.65	0.167	0.0	0.333	0.5	0.0	0.035	1.0	0.011	1.0	0.0	0.5	1.0	1.0	0.0	0.5	0.0	0.005	0.053	1.0	0.005	0.016	0.005	0.065
OLXR01000011	Zeta	Zeta	Zeta_7	Zeta_7_1	0.5	0.103	0.055	0.076	0.067	0.159	0.019	0.067	0.051	0.143	0.043	0.03	0.0	0.167	0.019	0.028	0.02	0.0	0.132	0.0	0.0	0.0	0.0	0.03	0.0	0.136	0.0	0.2	0.241	0.08	0.048	0.0	0.0	0.0	0.25	0.05	0.0	0.0	0.0	0.0	0.0	0.0	0.421	0.0	0.011	0.0	0.0	0.0	0.0	0.0	0.0	0.0	0.0	0.023	0.053	0.0	0.041	0.026	0.025	0.056
OLYB01000074	Suoliviridae	Uncouvirinae	Aurodevirus	Aurodevirus hiberniae	0.167	0.414	0.43	0.362	0.51	0.071	0.896	0.09	0.378	0.0	0.07	0.076	0.5	0.667	0.848	0.897	0.9	0.167	0.121	0.111	0.5	0.0	0.6	0.023	0.5	0.409	0.0	0.4	0.027	0.28	0.086	0.0	1.0	1.0	0.75	0.15	0.1	0.0	0.5	1.0	1.0	0.0	0.018	1.0	0.034	1.0	1.0	0.5	1.0	0.5	0.0	0.5	1.0	0.014	0.158	1.0	0.014	0.021	0.015	0.389
OLYR01000006	Intestiviridae	Crudevirinae	Carjivirus	Carjivirus communis	0.0	0.095	0.062	0.048	0.067	0.053	0.057	0.292	0.071	0.0	0.122	0.245	0.25	0.167	0.057	0.075	0.06	0.0	0.033	0.222	0.0	0.0	0.2	0.023	0.0	0.136	0.0	0.2	0.027	0.08	0.276	0.0	1.0	0.0	0.25	0.1	0.65	0.167	0.0	0.333	0.5	0.0	0.031	1.0	0.011	1.0	0.0	0.5	1.0	1.0	0.0	0.5	0.0	0.005	0.053	1.0	0.005	0.016	0.005	0.065
OLYV01000018	Zeta	Zeta	Zeta_6	Zeta_6_1	1.0	0.086	0.047	0.086	0.077	0.159	0.057	0.056	0.071	0.286	0.061	0.03	0.0	0.167	0.057	0.065	0.05	0.167	0.132	0.037	0.5	0.0	0.0	0.008	0.5	0.091	0.0	0.0	0.33	0.0	0.038	0.0	0.0	1.0	0.25	0.1	0.0	0.0	0.5	0.0	0.5	0.0	0.219	0.0	0.034	0.0	1.0	0.0	0.0	0.0	0.0	0.0	1.0	0.032	0.105	0.0	0.027	0.026	0.03	0.083
OLZJ01000019	Suoliviridae	Uncouvirinae	Birpovirus	Birpovirus hominis	0.167	0.483	0.406	0.381	0.365	0.08	0.557	0.09	0.48	0.0	0.07	0.07	0.5	0.833	0.562	0.579	0.58	0.167	0.11	0.111	0.5	0.0	0.8	0.03	0.5	0.5	0.0	0.0	0.018	0.28	0.086	0.0	1.0	1.0	0.75	0.15	0.1	0.0	0.5	0.667	1.0	0.0	0.026	1.0	0.011	1.0	1.0	0.5	1.0	0.5	0.0	0.5	1.0	0.019	0.158	1.0	0.018	0.021	0.02	0.426
OLZO01000021	Epsilon	Epsilon	Epsilon_1	Epsilon_1_13	0.0	0.026	0.031	0.019	0.019	0.009	0.009	0.034	0.02	0.0	0.0	0.013	0.0	0.0	0.01	0.009	0.01	0.0	0.022	0.0	0.5	0.0	0.0	0.692	0.5	0.0	0.0	0.0	0.0	0.04	0.01	1.0	0.0	0.0	0.0	0.0	0.0	0.0	0.0	0.0	0.0	0.0	0.0	0.0	0.0	0.0	0.0	0.0	0.0	0.0	0.0	0.0	0.0	0.343	0.0	0.0	0.33	0.346	0.343	0.028
OLZQ01000009	Zeta	Zeta	Zeta_15	Zeta_15_1	0.667	0.095	0.094	0.086	0.106	0.106	0.057	0.056	0.071	0.143	0.087	0.043	0.0	0.167	0.076	0.056	0.05	0.167	0.088	0.037	0.5	0.0	0.0	0.008	0.5	0.091	0.0	0.2	0.237	0.04	0.057	0.0	0.0	1.0	0.25	0.05	0.0	0.0	0.5	0.0	0.5	0.0	0.386	0.0	0.0	0.0	1.0	0.0	0.0	0.0	0.0	0.0	1.0	0.009	0.105	0.0	0.009	0.005	0.01	0.083
OLZQ01000035	Suoliviridae	Uncouvirinae	Aurodevirus	Aurodevirus hiberniae	0.167	0.414	0.414	0.362	0.49	0.062	0.925	0.067	0.378	0.0	0.07	0.07	0.5	0.667	0.886	0.907	0.93	0.167	0.099	0.111	0.5	0.0	0.6	0.015	0.5	0.409	0.0	0.4	0.027	0.28	0.076	0.0	1.0	1.0	0.75	0.15	0.1	0.0	0.5	1.0	1.0	0.0	0.018	1.0	0.023	1.0	1.0	0.5	1.0	0.5	0.0	0.5	1.0	0.014	0.158	1.0	0.014	0.021	0.015	0.38
OLZQ01000040	Intestiviridae	Crudevirinae	Carjivirus	Carjivirus communis	0.0	0.095	0.055	0.048	0.067	0.053	0.057	0.303	0.071	0.0	0.122	0.252	0.25	0.167	0.057	0.075	0.06	0.0	0.033	0.222	0.0	0.0	0.2	0.023	0.0	0.136	0.0	0.2	0.027	0.08	0.286	0.0	1.0	0.0	0.25	0.1	0.65	0.167	0.0	0.333	0.5	0.0	0.031	1.0	0.011	1.0	0.0	0.5	1.0	1.0	0.0	0.5	0.0	0.005	0.053	1.0	0.005	0.016	0.005	0.065
OLZR01000008	Zeta	Zeta	Zeta_15	Zeta_15_1	0.667	0.095	0.102	0.086	0.106	0.106	0.066	0.056	0.071	0.143	0.087	0.043	0.0	0.167	0.086	0.065	0.06	0.167	0.088	0.037	0.5	0.0	0.0	0.008	0.5	0.091	0.0	0.2	0.237	0.04	0.057	0.0	0.0	1.0	0.25	0.05	0.0	0.0	0.5	0.0	0.5	0.0	0.386	0.0	0.0	0.0	1.0	0.0	0.0	0.0	0.0	0.0	1.0	0.009	0.105	0.0	0.009	0.005	0.01	0.083
OMAL01000015	Zeta	Zeta	Zeta_1	Zeta_1_2	1.0	0.078	0.055	0.086	0.058	0.159	0.066	0.034	0.061	0.0	0.07	0.023	0.0	0.0	0.067	0.075	0.07	0.167	0.099	0.037	0.5	0.0	0.0	0.0	0.5	0.091	0.0	0.4	0.353	0.0	0.029	0.0	0.0	1.0	0.0	0.0	0.0	0.0	0.5	0.0	0.5	0.0	0.215	0.0	0.011	0.0	1.0	0.0	0.0	0.0	0.0	0.0	1.0	0.023	0.053	0.0	0.018	0.026	0.02	0.056
OMAN01000017	Zeta	Zeta	Zeta_6	Zeta_6_1	1.0	0.086	0.047	0.086	0.077	0.159	0.057	0.056	0.071	0.286	0.061	0.03	0.0	0.167	0.057	0.065	0.05	0.167	0.132	0.037	0.5	0.0	0.0	0.008	0.5	0.091	0.0	0.0	0.33	0.0	0.038	0.0	0.0	1.0	0.25	0.1	0.0	0.0	0.5	0.0	0.5	0.0	0.219	0.0	0.034	0.0	1.0	0.0	0.0	0.0	0.0	0.0	1.0	0.032	0.105	0.0	0.027	0.026	0.03	0.083
OMAV01000002	Zeta	Zeta	Zeta_14	Zeta_14_1	0.667	0.06	0.039	0.019	0.038	0.097	0.057	0.067	0.051	0.0	0.052	0.04	0.0	0.0	0.057	0.047	0.05	0.167	0.143	0.037	0.5	0.0	0.0	0.083	0.5	0.045	0.333	0.0	0.183	0.04	0.038	0.0	0.0	1.0	0.0	0.1	0.0	0.0	0.5	0.0	0.5	0.0	0.136	0.0	0.011	0.0	1.0	0.0	0.0	0.0	0.0	0.0	1.0	0.037	0.053	0.0	0.054	0.042	0.04	0.046
OMBK01000012	Zeta	Zeta	Zeta_15	Zeta_15_1	0.667	0.095	0.102	0.086	0.106	0.106	0.066	0.056	0.071	0.143	0.087	0.043	0.0	0.167	0.086	0.065	0.06	0.167	0.088	0.037	0.5	0.0	0.0	0.008	0.5	0.091	0.0	0.2	0.237	0.04	0.057	0.0	0.0	1.0	0.25	0.05	0.0	0.0	0.5	0.0	0.5	0.0	0.386	0.0	0.0	0.0	1.0	0.0	0.0	0.0	0.0	0.0	1.0	0.009	0.105	0.0	0.009	0.005	0.01	0.083
OMBP01000015	Zeta	Zeta	Zeta_1	Zeta_1_2	1.0	0.078	0.055	0.086	0.058	0.159	0.066	0.034	0.061	0.0	0.07	0.023	0.0	0.0	0.067	0.075	0.07	0.167	0.099	0.037	0.5	0.0	0.0	0.0	0.5	0.091	0.0	0.4	0.353	0.0	0.029	0.0	0.0	1.0	0.0	0.0	0.0	0.0	0.5	0.0	0.5	0.0	0.215	0.0	0.011	0.0	1.0	0.0	0.0	0.0	0.0	0.0	1.0	0.023	0.053	0.0	0.018	0.026	0.02	0.056
OMBQ01000121	Steigviridae	Asinivirinae	Lebriduvirus	Lebriduvirus gastrointestinalis	0.167	0.147	0.094	0.067	0.087	0.549	0.047	0.079	0.082	0.0	0.052	0.053	0.25	0.167	0.048	0.065	0.05	0.667	0.484	0.111	0.5	0.0	0.2	0.015	0.5	0.318	1.0	0.2	0.054	0.12	0.057	0.0	1.0	1.0	0.25	0.7	0.1	0.0	0.5	0.333	1.0	0.0	0.057	1.0	0.0	1.0	1.0	0.5	1.0	0.5	0.0	0.5	1.0	0.009	0.632	1.0	0.009	0.005	0.01	0.065
OMBT01000004	Zeta	Zeta	Zeta_2	Zeta_2_2	1.0	0.086	0.078	0.057	0.058	0.106	0.047	0.079	0.071	0.286	0.061	0.053	0.0	0.0	0.048	0.047	0.05	0.167	0.099	0.037	0.5	0.0	0.0	0.0	0.5	0.091	0.0	0.2	0.509	0.0	0.057	0.0	0.0	1.0	0.0	0.0	0.0	0.0	0.5	0.0	0.5	0.0	0.228	0.0	0.0	0.0	1.0	0.0	0.0	0.0	0.0	0.0	1.0	0.009	0.053	0.0	0.009	0.005	0.01	0.065
OMCC01000013	Intestiviridae	Crudevirinae	Carjivirus	Carjivirus communis	0.0	0.095	0.055	0.048	0.067	0.053	0.057	0.303	0.071	0.0	0.122	0.248	0.25	0.167	0.057	0.075	0.06	0.0	0.033	0.222	0.0	0.0	0.2	0.023	0.0	0.136	0.0	0.2	0.027	0.08	0.286	0.0	1.0	0.0	0.25	0.1	0.65	0.167	0.0	0.333	0.5	0.0	0.031	1.0	0.011	1.0	0.0	0.5	1.0	1.0	0.0	0.5	0.0	0.005	0.053	1.0	0.005	0.016	0.005	0.065
OMDY01000016	Epsilon	Epsilon	Epsilon_1	Epsilon_1_13	0.0	0.026	0.031	0.019	0.019	0.009	0.009	0.034	0.02	0.0	0.0	0.013	0.0	0.0	0.01	0.009	0.01	0.0	0.022	0.0	0.5	0.0	0.0	0.692	0.5	0.0	0.0	0.0	0.0	0.04	0.01	1.0	0.0	0.0	0.0	0.0	0.0	0.0	0.0	0.0	0.0	0.0	0.0	0.0	0.0	0.0	0.0	0.0	0.0	0.0	0.0	0.0	0.0	0.343	0.0	0.0	0.33	0.346	0.343	0.028
OMEJ01000024	Zeta	Zeta	Zeta_2	Zeta_2_2	1.0	0.086	0.078	0.057	0.058	0.106	0.047	0.079	0.071	0.286	0.061	0.053	0.0	0.0	0.048	0.047	0.05	0.167	0.099	0.037	0.5	0.0	0.0	0.0	0.5	0.091	0.0	0.2	0.509	0.0	0.057	0.0	0.0	1.0	0.0	0.0	0.0	0.0	0.5	0.0	0.5	0.0	0.228	0.0	0.0	0.0	1.0	0.0	0.0	0.0	0.0	0.0	1.0	0.009	0.053	0.0	0.009	0.005	0.01	0.065
OMEV01000014	Zeta	Zeta	Zeta_1	Zeta_1_2	1.0	0.078	0.055	0.086	0.058	0.159	0.066	0.034	0.061	0.0	0.07	0.023	0.0	0.0	0.067	0.075	0.07	0.167	0.099	0.037	0.5	0.0	0.0	0.0	0.5	0.091	0.0	0.4	0.353	0.0	0.029	0.0	0.0	1.0	0.0	0.0	0.0	0.0	0.5	0.0	0.5	0.0	0.215	0.0	0.011	0.0	1.0	0.0	0.0	0.0	0.0	0.0	1.0	0.023	0.053	0.0	0.018	0.026	0.02	0.056
OMEW01000010	Zeta	Zeta	Zeta_2	Zeta_2_1	1.0	0.086	0.078	0.086	0.077	0.106	0.047	0.079	0.071	0.286	0.061	0.053	0.0	0.167	0.048	0.056	0.05	0.167	0.11	0.037	0.5	0.0	0.0	0.0	0.5	0.091	0.0	0.2	0.496	0.0	0.057	0.0	0.0	1.0	0.25	0.0	0.0	0.0	0.5	0.0	0.5	0.0	0.232	0.0	0.0	0.0	1.0	0.0	0.0	0.0	0.0	0.0	1.0	0.009	0.105	0.0	0.009	0.005	0.01	0.074
OMFK01000016	Zeta	Zeta	Zeta_6	Zeta_6_1	1.0	0.086	0.047	0.086	0.077	0.159	0.057	0.056	0.071	0.286	0.061	0.03	0.0	0.167	0.057	0.065	0.05	0.167	0.132	0.037	0.5	0.0	0.0	0.008	0.5	0.091	0.0	0.0	0.33	0.0	0.038	0.0	0.0	1.0	0.25	0.1	0.0	0.0	0.5	0.0	0.5	0.0	0.219	0.0	0.034	0.0	1.0	0.0	0.0	0.0	0.0	0.0	1.0	0.032	0.105	0.0	0.027	0.026	0.03	0.083
OMFN01000011	Zeta	Zeta	Zeta_1	Zeta_1_5	1.0	0.078	0.07	0.114	0.077	0.168	0.066	0.034	0.061	0.0	0.07	0.023	0.0	0.167	0.067	0.084	0.07	0.167	0.121	0.037	0.5	0.0	0.0	0.0	0.5	0.091	0.0	0.4	0.348	0.0	0.029	0.0	0.0	1.0	0.25	0.0	0.0	0.0	0.5	0.0	0.5	0.0	0.215	0.0	0.011	0.0	1.0	0.0	0.0	0.0	0.0	0.0	1.0	0.023	0.105	0.0	0.018	0.026	0.02	0.065
OMFR01000011	Zeta	Zeta	Zeta_15	Zeta_15_1	0.667	0.095	0.102	0.086	0.106	0.106	0.066	0.056	0.071	0.143	0.087	0.043	0.0	0.167	0.086	0.065	0.06	0.167	0.088	0.037	0.5	0.0	0.0	0.008	0.5	0.091	0.0	0.2	0.237	0.04	0.057	0.0	0.0	1.0	0.25	0.05	0.0	0.0	0.5	0.0	0.5	0.0	0.386	0.0	0.0	0.0	1.0	0.0	0.0	0.0	0.0	0.0	1.0	0.009	0.105	0.0	0.009	0.005	0.01	0.083
OMGK01000003	Zeta	Zeta	Zeta_1	Zeta_1_3	1.0	0.078	0.07	0.105	0.067	0.168	0.057	0.034	0.061	0.0	0.061	0.023	0.0	0.167	0.057	0.065	0.06	0.167	0.121	0.037	0.5	0.0	0.0	0.0	0.5	0.091	0.0	0.2	0.353	0.0	0.029	0.0	0.0	1.0	0.25	0.0	0.0	0.0	0.5	0.0	0.5	0.0	0.224	0.0	0.0	0.0	1.0	0.0	0.0	0.0	0.0	0.0	1.0	0.028	0.105	0.0	0.023	0.026	0.025	0.065
OMGY01000027	Epsilon	Epsilon	Epsilon_2	Epsilon_2_6	0.0	0.069	0.023	0.048	0.019	0.009	0.038	0.011	0.051	0.0	0.017	0.023	0.0	0.0	0.038	0.047	0.04	0.0	0.011	0.037	0.0	0.0	0.0	0.323	0.0	0.045	0.0	0.2	0.013	0.08	0.019	0.0	1.0	0.0	0.0	0.0	0.05	0.0	0.0	0.0	0.5	0.0	0.0	0.0	0.0	1.0	0.0	0.5	1.0	0.0	0.0	0.5	0.0	0.713	0.105	0.0	0.67	0.785	0.726	0.065
OMGY01000095	Crevaviridae	Coarsevirinae	Junduvirus	Junduvirus copri	0.167	0.103	0.062	0.057	0.077	0.062	0.066	0.135	0.071	0.0	0.652	0.109	0.25	0.167	0.067	0.084	0.07	0.167	0.044	0.185	0.5	0.0	0.2	0.008	0.5	0.182	0.0	0.2	0.031	0.08	0.143	0.0	1.0	1.0	0.25	0.05	0.1	0.0	0.5	0.333	1.0	0.0	0.035	1.0	0.0	1.0	1.0	0.5	1.0	0.5	0.0	0.5	1.0	0.009	0.105	1.0	0.009	0.016	0.01	0.065
OOAG01000060	Suoliviridae	Uncouvirinae	Aurodevirus	Aurodevirus hiberniae	0.167	0.405	0.414	0.352	0.5	0.053	0.925	0.067	0.367	0.0	0.07	0.07	0.5	0.667	0.905	0.907	0.91	0.167	0.088	0.111	0.5	0.0	0.6	0.015	0.5	0.409	0.0	0.2	0.022	0.28	0.076	0.0	1.0	1.0	0.75	0.15	0.1	0.0	0.5	1.0	1.0	0.0	0.018	1.0	0.023	1.0	1.0	0.5	1.0	0.5	0.0	0.5	1.0	0.014	0.158	1.0	0.014	0.021	0.015	0.38
OOAT01000079	Intestiviridae	Crudevirinae	Delmidovirus	Delmidovirus intestinihominis	0.0	0.086	0.055	0.048	0.087	0.044	0.066	0.315	0.061	0.0	0.122	0.262	0.25	0.167	0.076	0.093	0.07	0.0	0.044	0.222	0.0	0.0	0.2	0.015	0.0	0.136	0.0	0.2	0.027	0.08	0.314	0.0	1.0	0.0	0.25	0.05	0.65	0.167	0.0	0.333	0.5	0.0	0.035	1.0	0.0	1.0	0.0	0.5	1.0	1.0	0.0	0.5	0.0	0.0	0.053	1.0	0.0	0.01	0.0	0.056
OOAW01000092	Intestiviridae	Crudevirinae	Carjivirus	Carjivirus communis	0.0	0.103	0.055	0.057	0.067	0.053	0.066	0.303	0.082	0.0	0.122	0.248	0.25	0.167	0.067	0.084	0.07	0.0	0.033	0.222	0.0	0.0	0.2	0.023	0.0	0.136	0.0	0.2	0.027	0.08	0.286	0.0	1.0	0.0	0.25	0.1	0.65	0.167	0.0	0.333	0.5	0.0	0.031	1.0	0.011	1.0	0.0	0.5	1.0	1.0	0.0	0.5	0.0	0.009	0.053	1.0	0.009	0.021	0.01	0.083
OOCN01000077	Suoliviridae	Bearivirinae	Afonbuvirus	Afonbuvirus intestinihominis/faecalis	0.167	0.388	0.328	0.362	0.298	0.053	0.349	0.09	0.357	0.0	0.078	0.066	0.5	0.667	0.352	0.374	0.37	0.167	0.088	0.111	0.5	0.0	0.6	0.023	0.5	0.727	0.0	0.0	0.022	0.28	0.076	0.0	1.0	1.0	0.75	0.1	0.1	0.0	0.5	0.667	1.0	0.0	0.026	1.0	0.0	1.0	1.0	0.5	1.0	0.5	0.0	0.5	1.0	0.019	0.158	1.0	0.018	0.021	0.02	0.352
OODC01000039	Intestiviridae	Crudevirinae	Carjivirus	Carjivirus communis	0.0	0.103	0.055	0.057	0.067	0.053	0.066	0.303	0.082	0.0	0.122	0.248	0.25	0.167	0.067	0.084	0.07	0.0	0.033	0.222	0.0	0.0	0.2	0.023	0.0	0.136	0.0	0.2	0.027	0.08	0.286	0.0	1.0	0.0	0.25	0.1	0.65	0.167	0.0	0.333	0.5	0.0	0.031	1.0	0.011	1.0	0.0	0.5	1.0	1.0	0.0	0.5	0.0	0.009	0.053	1.0	0.009	0.021	0.01	0.083
OODH01000049	Intestiviridae	Crudevirinae	Carjivirus	Carjivirus communis	0.0	0.103	0.055	0.057	0.067	0.053	0.066	0.303	0.082	0.0	0.122	0.252	0.25	0.167	0.067	0.084	0.07	0.0	0.033	0.222	0.0	0.0	0.2	0.023	0.0	0.136	0.0	0.2	0.027	0.08	0.286	0.0	1.0	0.0	0.25	0.1	0.65	0.167	0.0	0.333	0.5	0.0	0.031	1.0	0.011	1.0	0.0	0.5	1.0	1.0	0.0	0.5	0.0	0.009	0.053	1.0	0.009	0.021	0.01	0.083
OODN01000068	Intestiviridae	Crudevirinae	Carjivirus	Carjivirus communis	0.0	0.103	0.055	0.057	0.067	0.053	0.066	0.292	0.082	0.0	0.122	0.248	0.25	0.167	0.067	0.084	0.07	0.0	0.033	0.222	0.0	0.0	0.2	0.023	0.0	0.136	0.0	0.2	0.027	0.08	0.286	0.0	1.0	0.0	0.25	0.1	0.65	0.167	0.0	0.333	0.5	0.0	0.035	1.0	0.011	1.0	0.0	0.5	1.0	1.0	0.0	0.5	0.0	0.009	0.053	1.0	0.009	0.021	0.01	0.083
OODS01000049	Intestiviridae	Crudevirinae	Carjivirus	Carjivirus communis	0.0	0.103	0.055	0.057	0.067	0.053	0.066	0.292	0.082	0.0	0.122	0.248	0.25	0.167	0.067	0.084	0.07	0.0	0.033	0.222	0.0	0.0	0.2	0.023	0.0	0.136	0.0	0.2	0.027	0.08	0.286	0.0	1.0	0.0	0.25	0.1	0.65	0.167	0.0	0.333	0.5	0.0	0.031	1.0	0.011	1.0	0.0	0.5	1.0	1.0	0.0	0.5	0.0	0.009	0.053	1.0	0.009	0.021	0.01	0.083
OWII01000011	Zeta	Zeta	Zeta_3	Zeta_3_1	1.0	0.078	0.062	0.067	0.067	0.115	0.057	0.045	0.061	0.143	0.07	0.026	0.0	0.0	0.048	0.056	0.06	0.167	0.11	0.037	0.5	0.0	0.0	0.0	0.5	0.091	0.333	0.4	0.938	0.0	0.029	0.0	0.0	1.0	0.0	0.05	0.0	0.0	0.5	0.0	0.5	0.0	0.254	0.0	0.0	0.0	1.0	0.0	0.0	0.0	0.0	0.0	1.0	0.014	0.053	0.0	0.014	0.016	0.015	0.046
OWIQ01000031	Crevaviridae	Coarsevirinae	Junduvirus	Junduvirus communis	0.167	0.103	0.062	0.057	0.077	0.062	0.066	0.135	0.071	0.0	0.722	0.109	0.25	0.167	0.067	0.084	0.07	0.167	0.044	0.185	0.5	0.0	0.2	0.008	0.5	0.182	0.0	0.2	0.031	0.08	0.143	0.0	1.0	1.0	0.25	0.05	0.1	0.0	0.5	0.333	1.0	0.0	0.035	1.0	0.0	1.0	1.0	0.5	1.0	0.5	0.0	0.5	1.0	0.009	0.105	1.0	0.009	0.016	0.01	0.065
PPYE01511035	Zeta	Zeta	Zeta_1	Zeta_1_4	1.0	0.078	0.07	0.105	0.077	0.168	0.057	0.045	0.061	0.143	0.061	0.036	0.0	0.167	0.057	0.075	0.06	0.167	0.11	0.037	0.5	0.0	0.0	0.0	0.5	0.091	0.0	0.2	0.344	0.0	0.038	0.0	0.0	1.0	0.25	0.0	0.0	0.0	0.5	0.0	0.5	0.0	0.202	0.0	0.011	0.0	1.0	0.0	0.0	0.0	0.0	0.0	1.0	0.028	0.105	0.0	0.023	0.026	0.025	0.065
PPYF01266999	Epsilon	Epsilon	Epsilon_1	Epsilon_1_6	0.0	0.026	0.016	0.019	0.01	0.0	0.009	0.011	0.02	0.0	0.0	0.007	0.0	0.0	0.01	0.009	0.01	0.0	0.0	0.0	0.5	0.0	0.0	0.699	0.5	0.0	0.0	0.0	0.0	0.04	0.0	1.0	0.0	0.0	0.0	0.0	0.0	0.0	0.0	0.0	0.0	0.0	0.0	0.0	0.0	0.0	0.0	0.0	0.0	0.0	0.0	0.0	0.0	0.352	0.0	0.0	0.335	0.351	0.353	0.028
QRFC01000022	Zeta	Zeta	Zeta_7	Zeta_7_2	0.5	0.069	0.07	0.076	0.087	0.168	0.028	0.067	0.051	0.143	0.07	0.046	0.0	0.167	0.029	0.037	0.03	0.0	0.099	0.0	0.0	0.0	0.0	0.015	0.0	0.045	0.0	0.2	0.214	0.04	0.076	0.0	0.0	0.0	0.25	0.05	0.0	0.0	0.0	0.0	0.0	0.0	0.447	0.0	0.011	0.0	0.0	0.0	0.0	0.0	0.0	0.0	0.0	0.005	0.053	0.0	0.005	0.005	0.005	0.056
QRFC01000100	Crevaviridae	Doltivirinae	Kingevirus	Kingevirus communis	0.167	0.095	0.062	0.038	0.077	0.062	0.057	0.169	0.071	0.0	0.243	0.126	0.25	0.167	0.057	0.065	0.06	0.167	0.066	0.185	0.5	0.0	0.2	0.008	0.5	0.227	0.0	0.0	0.027	0.08	0.162	0.0	1.0	1.0	0.25	0.05	0.1	0.0	0.5	0.333	1.0	0.0	0.039	1.0	0.011	1.0	1.0	0.5	1.0	0.5	0.0	0.5	1.0	0.005	0.105	1.0	0.005	0.005	0.005	0.065
QWBY01000007	Zeta	Zeta	Zeta_2	Zeta_2_1	1.0	0.086	0.07	0.057	0.058	0.106	0.047	0.079	0.082	0.286	0.061	0.053	0.0	0.0	0.048	0.047	0.05	0.167	0.099	0.037	0.5	0.0	0.0	0.0	0.5	0.091	0.0	0.2	0.496	0.0	0.057	0.0	0.0	1.0	0.0	0.0	0.0	0.0	0.5	0.0	0.5	0.0	0.228	0.0	0.0	0.0	1.0	0.0	0.0	0.0	0.0	0.0	1.0	0.009	0.053	0.0	0.009	0.005	0.01	0.065
QWBY01000010	Zeta	Zeta	Zeta_16	Zeta_16_1	0.667	0.086	0.047	0.038	0.048	0.08	0.047	0.045	0.051	0.143	0.07	0.026	0.0	0.0	0.048	0.047	0.05	0.167	0.099	0.037	0.5	0.0	0.0	0.0	0.5	0.091	0.333	0.2	0.232	0.0	0.029	0.0	0.0	1.0	0.0	0.05	0.0	0.0	0.5	0.0	0.5	0.0	0.193	0.0	0.0	0.0	1.0	0.0	0.0	0.0	0.0	0.0	1.0	0.009	0.053	0.0	0.005	0.01	0.01	0.065
QWCH01000269	Suoliviridae	Bearivirinae	Afonbuvirus	Afonbuvirus intestinihominis/faecalis	0.167	0.362	0.312	0.295	0.298	0.053	0.349	0.079	0.347	0.0	0.078	0.066	0.5	0.5	0.352	0.364	0.37	0.167	0.077	0.111	0.5	0.0	0.6	0.023	0.5	0.773	0.0	0.0	0.022	0.28	0.076	0.0	1.0	1.0	0.5	0.1	0.1	0.0	0.5	0.667	1.0	0.0	0.022	1.0	0.0	1.0	1.0	0.5	1.0	0.5	0.0	0.5	1.0	0.019	0.105	1.0	0.018	0.021	0.02	0.324
QWCN01000029	Zeta	Zeta	Zeta_1	Zeta_1_1	1.0	0.078	0.055	0.105	0.077	0.168	0.047	0.034	0.061	0.0	0.07	0.023	0.0	0.167	0.048	0.065	0.05	0.167	0.11	0.037	0.5	0.0	0.0	0.0	0.5	0.091	0.0	0.4	0.353	0.0	0.029	0.0	0.0	1.0	0.25	0.0	0.0	0.0	0.5	0.0	0.5	0.0	0.224	0.0	0.011	0.0	1.0	0.0	0.0	0.0	0.0	0.0	1.0	0.023	0.105	0.0	0.018	0.026	0.02	0.065
QWCY01000236	Suoliviridae	Boorivirinae	Canhaevirus	Canhaevirus faecalis	0.167	0.319	0.25	0.267	0.269	0.062	0.283	0.067	0.286	0.0	0.07	0.063	0.5	0.667	0.286	0.299	0.3	0.167	0.088	0.111	0.5	0.0	0.8	0.015	0.5	0.364	0.333	0.0	0.013	0.68	0.076	0.0	1.0	1.0	0.5	0.15	0.1	0.0	0.5	0.667	1.0	0.0	0.018	1.0	0.0	1.0	1.0	0.5	1.0	0.5	0.0	0.5	1.0	0.032	0.105	1.0	0.027	0.021	0.03	0.269
QWCY01000259	Suoliviridae	Boorivirinae	Cohcovirus	Cohcovirus splanchnicus	0.167	0.362	0.273	0.343	0.327	0.062	0.302	0.079	0.337	0.0	0.078	0.066	0.5	0.667	0.305	0.327	0.32	0.167	0.11	0.111	0.5	0.0	0.6	0.015	0.5	0.364	0.333	0.2	0.036	0.56	0.076	0.0	1.0	1.0	1.0	0.15	0.1	0.0	1.0	0.667	1.0	0.0	0.022	1.0	0.0	1.0	1.0	0.5	1.0	0.5	0.0	0.5	1.0	0.019	0.158	1.0	0.018	0.021	0.02	0.324
Rampelli_20005_NODE_59_length_93393_cov_174.533984	Intestiviridae	Obtuvirinae	Fohxhuevirus	Fohxhuevirus gastrointestinalis	0.167	0.103	0.07	0.057	0.077	0.062	0.057	0.303	0.071	0.0	0.13	0.272	0.25	0.167	0.057	0.075	0.06	0.167	0.055	0.333	0.5	0.0	0.2	0.008	0.5	0.227	0.0	0.0	0.027	0.08	0.314	0.0	1.0	1.0	0.25	0.1	0.45	0.0	0.5	0.333	1.0	0.0	0.044	1.0	0.011	1.0	1.0	0.5	1.0	1.0	0.0	0.5	1.0	0.005	0.105	1.0	0.005	0.005	0.005	0.065
SRR4295172_ms_8	Intestiviridae	Crudevirinae	Carjivirus	Carjivirus communis	0.0	0.095	0.055	0.048	0.067	0.053	0.057	0.303	0.071	0.0	0.122	0.248	0.25	0.167	0.057	0.075	0.06	0.0	0.033	0.222	0.0	0.0	0.2	0.023	0.0	0.136	0.0	0.2	0.027	0.08	0.286	0.0	1.0	0.0	0.25	0.1	0.65	0.167	0.0	0.333	0.5	0.0	0.031	1.0	0.011	1.0	0.0	0.5	1.0	1.0	0.0	0.5	0.0	0.005	0.053	1.0	0.005	0.016	0.005	0.065
SRR4295175_ms_5	Intestiviridae	Churivirinae	Jahgtovirus	Jahgtovirus secundus	0.167	0.086	0.078	0.048	0.087	0.044	0.066	0.708	0.061	0.0	0.13	0.613	0.25	0.167	0.067	0.075	0.07	0.167	0.099	0.963	0.5	0.0	0.2	0.023	0.5	0.182	0.0	0.0	0.018	0.08	0.686	0.0	1.0	1.0	0.25	0.05	0.35	0.0	0.5	0.333	1.0	0.0	0.035	1.0	0.011	1.0	1.0	0.5	1.0	1.0	0.0	0.5	1.0	0.005	0.105	1.0	0.005	0.005	0.005	0.056
SRS011084_NODE_220_length_95221_cov_30.7473	Crevaviridae	Coarsevirinae	Junduvirus	Junduvirus communis	0.167	0.103	0.062	0.057	0.077	0.053	0.066	0.135	0.071	0.0	0.73	0.109	0.25	0.167	0.067	0.084	0.07	0.167	0.044	0.185	0.5	0.0	0.2	0.008	0.5	0.182	0.0	0.2	0.027	0.08	0.143	0.0	1.0	1.0	0.25	0.05	0.1	0.0	0.5	0.333	1.0	0.0	0.031	1.0	0.0	1.0	1.0	0.5	1.0	0.5	0.0	0.5	1.0	0.009	0.105	1.0	0.009	0.016	0.01	0.065
SRS011302_NODE_90_length_100096_cov_55.6308	Suoliviridae	Loutivirinae	Buchavirus	Buchavirus hiberniae	0.167	0.586	0.305	0.657	0.548	0.062	0.349	0.124	0.602	0.0	0.078	0.129	0.5	0.667	0.352	0.355	0.37	0.167	0.088	0.148	0.5	0.0	0.8	0.015	0.5	0.455	0.333	0.8	0.027	0.28	0.143	0.0	1.0	1.0	0.5	0.15	0.1	0.0	0.5	0.667	1.0	0.0	0.018	1.0	0.0	1.0	1.0	0.5	1.0	0.5	0.0	0.5	1.0	0.014	0.105	1.0	0.014	0.021	0.015	0.574
SRS011586_NODE_119_length_103914_cov_1098.85	Suoliviridae	Oafivirinae	Burzaovirus	Burzaovirus intestinihominis	0.167	0.259	0.227	0.238	0.25	0.071	0.236	0.079	0.265	0.0	0.078	0.106	0.75	0.5	0.238	0.252	0.25	0.167	0.088	0.111	0.5	0.0	0.6	0.015	0.5	0.318	0.333	0.4	0.031	0.24	0.105	0.0	1.0	1.0	0.5	0.15	0.1	0.0	1.0	0.667	1.0	0.0	0.026	1.0	0.0	1.0	1.0	0.5	1.0	0.5	0.0	0.5	1.0	0.014	0.105	1.0	0.014	0.021	0.015	0.231
SRS014683_NODE_81_length_94199_cov_303.827	Intestiviridae	Crudevirinae	Carjivirus	Carjivirus communis	0.0	0.086	0.055	0.048	0.067	0.053	0.057	0.303	0.061	0.0	0.122	0.248	0.25	0.167	0.057	0.075	0.06	0.0	0.033	0.222	0.0	0.0	0.2	0.015	0.0	0.136	0.0	0.2	0.027	0.08	0.286	0.0	1.0	0.0	0.25	0.1	0.65	0.167	0.0	0.333	0.5	0.0	0.031	1.0	0.011	1.0	0.0	0.5	1.0	1.0	0.0	0.5	0.0	0.0	0.053	1.0	0.0	0.01	0.0	0.056
SRS019030_NODE_87_length_93563_cov_510.146	Intestiviridae	Crudevirinae	Carjivirus	Carjivirus communis	0.0	0.086	0.055	0.048	0.067	0.053	0.057	0.303	0.061	0.0	0.122	0.248	0.25	0.167	0.057	0.075	0.06	0.0	0.033	0.222	0.0	0.0	0.2	0.015	0.0	0.136	0.0	0.2	0.027	0.08	0.286	0.0	1.0	0.0	0.25	0.1	0.65	0.167	0.0	0.333	0.5	0.0	0.031	1.0	0.011	1.0	0.0	0.5	1.0	1.0	0.0	0.5	0.0	0.0	0.053	1.0	0.0	0.01	0.0	0.056
SRS045739_NODE_78_length_98134_cov_152.188	Intestiviridae	Crudevirinae	Carjivirus	Carjivirus communis	0.0	0.103	0.055	0.057	0.067	0.053	0.066	0.292	0.082	0.0	0.122	0.248	0.25	0.167	0.067	0.084	0.07	0.0	0.033	0.222	0.0	0.0	0.2	0.023	0.0	0.136	0.0	0.2	0.027	0.08	0.286	0.0	1.0	0.0	0.25	0.1	0.65	0.167	0.0	0.333	0.5	0.0	0.031	1.0	0.011	1.0	0.0	0.5	1.0	1.0	0.0	0.5	0.0	0.009	0.053	1.0	0.009	0.021	0.01	0.083
SRS048164_NODE_142_length_95873_cov_10.9415	Crevaviridae	Coarsevirinae	Junduvirus	Junduvirus communis	0.167	0.103	0.062	0.057	0.077	0.062	0.066	0.135	0.071	0.0	0.722	0.109	0.25	0.167	0.067	0.084	0.07	0.167	0.044	0.185	0.5	0.0	0.2	0.008	0.5	0.182	0.0	0.2	0.031	0.08	0.143	0.0	1.0	1.0	0.25	0.05	0.1	0.0	0.5	0.333	1.0	0.0	0.035	1.0	0.0	1.0	1.0	0.5	1.0	0.5	0.0	0.5	1.0	0.009	0.105	1.0	0.009	0.016	0.01	0.065
SRS050299_NODE_72_length_100548_cov_36.2955	Suoliviridae	Boorivirinae	Culoivirus	Culoivirus americanus	0.167	0.362	0.273	0.295	0.298	0.071	0.33	0.079	0.306	0.0	0.07	0.066	0.5	0.667	0.333	0.346	0.35	0.167	0.121	0.111	0.5	0.0	0.8	0.015	0.5	0.364	0.333	0.2	0.036	0.88	0.076	0.0	1.0	1.0	0.5	0.15	0.1	0.0	0.5	0.667	1.0	0.0	0.022	1.0	0.0	1.0	1.0	0.5	1.0	0.5	0.0	0.5	1.0	0.032	0.105	1.0	0.027	0.021	0.03	0.306
SRS050752_NODE_138_length_97080_cov_254.851	Suoliviridae	Bearivirinae	Afonbuvirus	Afonbuvirus coli	0.167	0.379	0.305	0.333	0.288	0.053	0.368	0.09	0.337	0.0	0.087	0.066	0.5	0.5	0.371	0.383	0.39	0.167	0.077	0.111	0.5	0.0	0.6	0.023	0.5	0.909	0.0	0.0	0.022	0.28	0.076	0.0	1.0	1.0	0.5	0.1	0.1	0.0	0.5	0.667	1.0	0.0	0.022	1.0	0.0	1.0	1.0	0.5	1.0	0.5	0.0	0.5	1.0	0.019	0.105	1.0	0.018	0.021	0.02	0.343
SRS053398_NODE_95_length_96600_cov_69.939	Intestiviridae	Crudevirinae	Carjivirus	Carjivirus communis	0.0	0.095	0.055	0.048	0.067	0.053	0.057	0.303	0.071	0.0	0.122	0.248	0.25	0.167	0.057	0.075	0.06	0.0	0.033	0.222	0.0	0.0	0.2	0.023	0.0	0.136	0.0	0.2	0.027	0.08	0.286	0.0	1.0	0.0	0.25	0.1	0.65	0.167	0.0	0.333	0.5	0.0	0.031	1.0	0.011	1.0	0.0	0.5	1.0	1.0	0.0	0.5	0.0	0.005	0.053	1.0	0.005	0.016	0.005	0.065
SRS065504_NODE_131_length_90103_cov_73.092	Intestiviridae	Crudevirinae	Endlipuvirus	Endlipuvirus intestinihominis	0.0	0.086	0.055	0.057	0.077	0.053	0.085	0.315	0.071	0.0	0.122	0.255	0.25	0.167	0.086	0.093	0.08	0.0	0.077	0.222	0.0	0.0	0.2	0.015	0.0	0.136	0.0	0.2	0.027	0.08	0.295	0.0	1.0	0.0	0.25	0.15	1.0	0.167	0.0	0.333	0.5	0.0	0.039	1.0	0.034	1.0	0.0	0.5	1.0	1.0	0.0	0.5	0.0	0.0	0.053	1.0	0.0	0.01	0.0	0.065
SRS105153_NODE_241_length_90160_cov_456.992	Crevaviridae	Doltivirinae	Kingevirus	Kingevirus communis	0.167	0.095	0.062	0.038	0.067	0.062	0.047	0.146	0.071	0.0	0.252	0.116	0.25	0.167	0.048	0.065	0.05	0.167	0.044	0.185	0.5	0.0	0.2	0.008	0.5	0.227	0.0	0.0	0.027	0.08	0.152	0.0	1.0	1.0	0.25	0.05	0.1	0.0	0.5	0.333	1.0	0.0	0.035	1.0	0.0	1.0	1.0	0.5	1.0	0.5	0.0	0.5	1.0	0.005	0.105	1.0	0.005	0.005	0.005	0.065
SRS143417_NODE_148_length_97094_cov_7.69295	Intestiviridae	Churivirinae	Jahgtovirus	Jahgtovirus intestinalis	0.167	0.129	0.078	0.057	0.087	0.044	0.066	0.899	0.071	0.0	0.13	0.699	0.25	0.167	0.067	0.075	0.07	0.167	0.11	0.704	0.5	0.0	0.2	0.023	0.5	0.273	0.0	0.0	0.018	0.08	0.667	0.0	1.0	1.0	0.25	0.05	0.35	0.0	0.5	0.333	1.0	0.0	0.031	1.0	0.011	1.0	1.0	0.5	1.0	1.0	0.0	0.5	1.0	0.005	0.105	1.0	0.005	0.005	0.005	0.065
SRS143417_NODE_177_length_89824_cov_37.2496	Crevaviridae	Doltivirinae	Kingevirus	Kingevirus communis	0.167	0.095	0.055	0.038	0.067	0.053	0.047	0.146	0.071	0.0	0.243	0.116	0.25	0.167	0.048	0.065	0.05	0.167	0.033	0.185	0.5	0.0	0.2	0.008	0.5	0.182	0.0	0.0	0.022	0.08	0.152	0.0	1.0	1.0	0.25	0.05	0.1	0.0	0.5	0.333	1.0	0.0	0.031	1.0	0.0	1.0	1.0	0.5	1.0	0.5	0.0	0.5	1.0	0.005	0.105	1.0	0.005	0.005	0.005	0.065
SRS143876_NODE_156_length_99405_cov_8.65265	Suoliviridae	Boorivirinae	Cohcovirus	Cohcovirus splanchnicus	0.167	0.362	0.266	0.314	0.308	0.062	0.302	0.079	0.337	0.0	0.078	0.066	0.5	0.5	0.305	0.318	0.32	0.167	0.099	0.111	0.5	0.0	0.6	0.015	0.5	0.364	0.333	0.2	0.036	0.56	0.076	0.0	1.0	1.0	0.75	0.2	0.1	0.0	1.0	0.667	1.0	0.0	0.018	1.0	0.0	1.0	1.0	0.5	1.0	0.5	0.0	0.5	1.0	0.023	0.105	1.0	0.023	0.021	0.02	0.315
SRS145497_NODE_97_length_94933_cov_72.765	Intestiviridae	Churivirinae	Jahgtovirus	Jahgtovirus gastrointestinalis	0.167	0.086	0.078	0.048	0.077	0.044	0.057	0.629	0.061	0.0	0.122	0.589	0.25	0.167	0.057	0.075	0.06	0.167	0.066	0.889	0.5	0.0	0.2	0.023	0.5	0.182	0.0	0.0	0.018	0.08	0.657	0.0	1.0	1.0	0.25	0.05	0.35	0.0	0.5	0.333	1.0	0.0	0.022	1.0	0.0	1.0	1.0	0.5	1.0	1.0	0.0	0.5	1.0	0.005	0.105	1.0	0.005	0.005	0.005	0.056
SRS147652_NODE_155_length_104176_cov_11.0954	Suoliviridae	Oafivirinae	Burzaovirus	Burzaovirus intestinihominis	0.167	0.259	0.227	0.229	0.25	0.071	0.226	0.079	0.265	0.0	0.07	0.106	0.75	0.5	0.229	0.243	0.24	0.167	0.088	0.111	0.5	0.0	0.6	0.015	0.5	0.318	0.333	0.2	0.027	0.24	0.105	0.0	1.0	1.0	0.5	0.15	0.1	0.0	1.0	0.667	1.0	0.0	0.026	1.0	0.0	1.0	1.0	0.5	1.0	0.5	0.0	0.5	1.0	0.014	0.105	1.0	0.014	0.016	0.015	0.231
Sib1_ms_4	Crevaviridae	Coarsevirinae	Junduvirus	Junduvirus communis	0.167	0.103	0.062	0.057	0.077	0.062	0.066	0.135	0.071	0.0	0.739	0.109	0.25	0.167	0.067	0.084	0.07	0.167	0.044	0.185	0.5	0.0	0.2	0.008	0.5	0.182	0.0	0.2	0.031	0.08	0.143	0.0	1.0	1.0	0.25	0.05	0.1	0.0	0.5	0.333	1.0	0.0	0.035	1.0	0.0	1.0	1.0	0.5	1.0	0.5	0.0	0.5	1.0	0.009	0.105	1.0	0.009	0.016	0.01	0.065
Sib1_ms_5	Crevaviridae	Doltivirinae	Kingevirus	Kingevirus communis	0.167	0.095	0.062	0.038	0.077	0.062	0.057	0.169	0.071	0.0	0.243	0.126	0.25	0.167	0.057	0.065	0.06	0.167	0.066	0.185	0.5	0.0	0.2	0.008	0.5	0.227	0.0	0.0	0.027	0.08	0.162	0.0	1.0	1.0	0.25	0.05	0.1	0.0	0.5	0.333	1.0	0.0	0.039	1.0	0.011	1.0	1.0	0.5	1.0	0.5	0.0	0.5	1.0	0.005	0.105	1.0	0.005	0.005	0.005	0.065
Sib2_ms_1	Suoliviridae	Uncouvirinae	Aurodevirus	Aurodevirus hiberniae	0.167	0.388	0.391	0.371	0.49	0.062	0.896	0.067	0.337	0.0	0.07	0.07	0.5	0.667	0.857	0.916	0.9	0.167	0.099	0.111	0.5	0.0	0.6	0.015	0.5	0.409	0.0	0.6	0.027	0.28	0.076	0.0	1.0	1.0	0.75	0.15	0.1	0.0	0.5	1.0	1.0	0.0	0.018	1.0	0.023	1.0	1.0	0.5	1.0	0.5	0.0	0.5	1.0	0.014	0.158	1.0	0.014	0.021	0.015	0.361
Sib2_ms_2	Intestiviridae	Churivirinae	Jahgtovirus	Jahgtovirus secundus	0.167	0.086	0.078	0.048	0.087	0.044	0.066	0.708	0.061	0.0	0.13	0.642	0.25	0.167	0.067	0.075	0.07	0.167	0.099	0.926	0.5	0.0	0.2	0.023	0.5	0.182	0.0	0.0	0.018	0.08	0.714	0.0	1.0	1.0	0.25	0.05	0.35	0.0	0.5	0.333	1.0	0.0	0.035	1.0	0.011	1.0	1.0	0.5	1.0	1.0	0.0	0.5	1.0	0.005	0.105	1.0	0.005	0.005	0.005	0.056
UMIU01010253	Intestiviridae	Crudevirinae	Delmidovirus	Delmidovirus copri	0.0	0.086	0.078	0.048	0.077	0.062	0.057	0.348	0.061	0.0	0.13	0.305	0.25	0.167	0.057	0.075	0.06	0.0	0.077	0.222	0.0	0.0	0.2	0.015	0.0	0.182	0.0	0.2	0.031	0.08	0.362	0.0	1.0	0.0	0.25	0.05	0.65	0.167	0.0	0.333	0.5	0.0	0.044	1.0	0.0	1.0	0.0	0.5	1.0	1.0	0.0	0.5	0.0	0.0	0.053	1.0	0.0	0.01	0.0	0.056
Zuo_N1_NODE_2_length_100997_cov_2297.472945	Suoliviridae	Uncouvirinae	Aurodevirus	Aurodevirus hiberniae	0.167	0.405	0.406	0.362	0.51	0.062	0.925	0.067	0.357	0.0	0.07	0.07	0.5	0.667	0.905	0.925	0.91	0.167	0.099	0.111	0.5	0.0	0.6	0.015	0.5	0.409	0.0	0.4	0.027	0.28	0.076	0.0	1.0	1.0	0.75	0.15	0.1	0.0	0.5	1.0	1.0	0.0	0.018	1.0	0.034	1.0	1.0	0.5	1.0	0.5	0.0	0.5	1.0	0.014	0.158	1.0	0.014	0.021	0.015	0.389
phage_1	Zeta	Zeta	Zeta_1	Zeta_1_4	1.0	0.078	0.07	0.105	0.077	0.168	0.057	0.045	0.061	0.143	0.061	0.036	0.0	0.167	0.057	0.075	0.06	0.167	0.121	0.037	0.5	0.0	0.0	0.0	0.5	0.091	0.0	0.2	0.344	0.0	0.038	0.0	0.0	1.0	0.25	0.0	0.0	0.0	0.5	0.0	0.5	0.0	0.197	0.0	0.011	0.0	1.0	0.0	0.0	0.0	0.0	0.0	1.0	0.023	0.105	0.0	0.018	0.021	0.02	0.065
phage_15	Zeta	Zeta	Zeta_9	Zeta_9_1	0.5	0.078	0.07	0.076	0.096	0.133	0.028	0.045	0.061	0.286	0.061	0.033	0.0	0.167	0.029	0.037	0.03	0.0	0.077	0.0	0.0	0.0	0.0	0.008	0.0	0.045	0.0	0.2	0.219	0.04	0.048	0.0	0.0	0.0	0.25	0.05	0.0	0.0	0.0	0.0	0.0	0.0	0.811	0.0	0.0	0.0	0.0	0.0	0.0	0.0	0.0	0.0	0.0	0.019	0.053	0.0	0.014	0.021	0.02	0.065
phage_16	Zeta	Zeta	Zeta_9	Zeta_9_1	0.5	0.078	0.078	0.076	0.087	0.124	0.028	0.045	0.061	0.286	0.061	0.033	0.0	0.167	0.029	0.037	0.03	0.0	0.088	0.0	0.0	0.0	0.0	0.023	0.0	0.045	0.0	0.2	0.205	0.08	0.048	0.0	0.0	0.0	0.25	0.05	0.0	0.0	0.0	0.0	0.0	0.0	0.816	0.0	0.0	0.0	0.0	0.0	0.0	0.0	0.0	0.0	0.0	0.028	0.053	0.0	0.041	0.031	0.03	0.065
phage_2	Zeta	Zeta	Zeta_10	Zeta_10_1	1.0	0.121	0.086	0.095	0.087	0.124	0.057	0.079	0.071	0.143	0.061	0.033	0.0	0.167	0.057	0.065	0.06	0.167	0.11	0.037	0.5	0.0	0.0	0.008	0.5	0.182	0.0	0.2	0.29	0.0	0.038	0.0	0.0	1.0	0.25	0.05	0.0	0.0	0.5	0.0	0.5	0.0	0.211	0.0	0.011	0.0	1.0	0.0	0.0	0.0	0.0	0.0	1.0	0.014	0.105	0.0	0.014	0.01	0.015	0.065
sample-1_1093_6313					0.0	0.017	0.008	0.01	0.01	0.009	0.009	0.011	0.01	0.0	0.017	0.01	0.0	0.0	0.01	0.009	0.01	0.167	0.011	0.037	0.5	0.0	0.0	0.0	0.5	0.045	0.0	0.0	0.027	0.0	0.01	0.0	0.0	1.0	0.0	0.0	0.0	0.0	0.5	0.0	0.5	0.0	0.022	0.0	0.0	0.0	1.0	0.0	0.0	0.0	0.0	0.0	1.0	0.005	0.053	0.0	0.005	0.0	0.005	0.009
sample-1_10_102032					0.167	0.0	0.297	0.505	0.577	0.08	0.377	0.079	0.837	0.0	0.078	0.066	0.5	0.833	0.381	0.383	0.39	0.167	0.088	0.111	0.5	0.0	1.0	0.03	0.5	0.409	0.0	0.6	0.027	0.28	0.076	0.0	1.0	1.0	0.5	0.15	0.1	0.0	1.0	0.667	1.0	0.0	0.031	1.0	0.011	1.0	1.0	0.5	1.0	0.5	0.0	1.0	1.0	0.028	0.105	1.0	0.027	0.031	0.03	0.861
sample-1_11_101626					0.167	0.371	0.0	0.41	0.385	0.08	0.491	0.09	0.378	0.0	0.07	0.073	0.5	0.667	0.495	0.523	0.52	0.167	0.132	0.111	0.5	0.0	0.6	0.03	0.5	0.364	0.0	0.2	0.027	0.32	0.086	0.0	1.0	1.0	0.75	0.1	0.1	0.0	0.5	1.0	1.0	0.0	0.031	1.0	0.0	1.0	1.0	0.5	1.0	0.5	0.0	0.5	1.0	0.014	0.158	1.0	0.014	0.016	0.015	0.38
sample-1_12_101623					0.167	0.552	0.328	0.0	0.538	0.053	0.33	0.067	0.592	0.0	0.07	0.063	0.5	0.833	0.333	0.364	0.35	0.167	0.099	0.111	0.5	0.0	0.8	0.023	0.5	0.455	0.0	0.8	0.031	0.28	0.076	0.0	1.0	1.0	0.75	0.1	0.1	0.0	0.5	0.667	1.0	0.0	0.022	1.0	0.0	1.0	1.0	0.5	1.0	0.5	0.0	0.5	1.0	0.019	0.158	1.0	0.018	0.026	0.02	0.565
sample-1_13_99291					0.167	0.578	0.328	0.533	0.0	0.097	0.472	0.101	0.663	0.0	0.078	0.079	0.5	0.667	0.495	0.505	0.48	0.167	0.132	0.111	0.5	0.0	0.6	0.023	0.5	0.318	0.0	0.4	0.031	0.32	0.086	0.0	1.0	1.0	0.75	0.15	0.1	0.0	1.0	1.0	1.0	0.0	0.039	1.0	0.034	1.0	1.0	0.5	1.0	0.5	0.0	0.5	1.0	0.009	0.158	1.0	0.009	0.01	0.01	0.602
sample-1_15_98423					0.167	0.121	0.078	0.057	0.096	0.0	0.066	0.067	0.092	0.0	0.061	0.053	0.25	0.167	0.067	0.084	0.06	0.667	0.462	0.111	0.5	0.0	0.2	0.015	0.5	0.227	1.0	0.2	0.049	0.12	0.057	0.0	1.0	1.0	0.25	0.9	0.1	0.0	0.5	0.333	1.0	0.0	0.061	1.0	0.023	1.0	1.0	0.5	1.0	0.5	0.0	0.5	1.0	0.005	0.842	1.0	0.005	0.005	0.005	0.074
sample-1_16_98401					0.167	0.397	0.414	0.314	0.462	0.053	0.0	0.079	0.347	0.0	0.078	0.073	0.5	0.5	0.971	0.944	0.99	0.167	0.077	0.111	0.5	0.0	0.6	0.015	0.5	0.409	0.0	0.2	0.027	0.24	0.076	0.0	1.0	1.0	0.5	0.15	0.1	0.0	0.5	1.0	1.0	0.0	0.018	1.0	0.023	1.0	1.0	0.5	1.0	0.5	0.0	0.5	1.0	0.014	0.105	1.0	0.014	0.021	0.015	0.37
sample-1_17_96846					0.167	0.129	0.078	0.057	0.087	0.044	0.066	0.0	0.071	0.0	0.13	0.669	0.25	0.167	0.067	0.075	0.07	0.167	0.11	0.704	0.5	0.0	0.2	0.023	0.5	0.273	0.0	0.0	0.018	0.08	0.638	0.0	1.0	1.0	0.25	0.05	0.35	0.0	0.5	0.333	1.0	0.0	0.031	1.0	0.011	1.0	1.0	0.5	1.0	1.0	0.0	0.5	1.0	0.005	0.105	1.0	0.005	0.005	0.005	0.065
sample-1_18_96565					0.167	0.793	0.289	0.543	0.606	0.08	0.321	0.079	0.0	0.0	0.078	0.066	0.5	0.667	0.324	0.336	0.33	0.167	0.088	0.111	0.5	0.0	0.8	0.023	0.5	0.409	0.0	0.2	0.027	0.28	0.076	0.0	1.0	1.0	0.5	0.15	0.1	0.0	1.0	0.667	1.0	0.0	0.031	1.0	0.011	1.0	1.0	0.5	1.0	0.5	0.0	0.5	1.0	0.023	0.105	1.0	0.023	0.026	0.025	0.778
sample-1_1971_3823					0.0	0.0	0.0	0.0	0.0	0.0	0.0	0.0	0.0	0.0	0.0	0.0	0.0	0.0	0.0	0.0	0.0	0.0	0.0	0.0	0.0	0.0	0.0	0.0	0.0	0.0	0.0	0.0	0.004	0.0	0.0	0.0	0.0	0.0	0.0	0.0	0.0	0.0	0.0	0.0	0.0	0.0	0.009	0.0	0.0	0.0	0.0	0.0	0.0	0.0	0.0	0.0	0.0	0.0	0.0	0.0	0.0	0.0	0.0	0.0
sample-1_19_96211					0.167	0.103	0.062	0.057	0.077	0.062	0.066	0.146	0.071	0.0	0.0	0.175	0.25	0.167	0.067	0.084	0.07	0.167	0.044	0.185	0.5	0.0	0.2	0.008	0.5	0.182	0.0	0.2	0.031	0.08	0.21	0.0	1.0	1.0	0.25	0.05	0.1	0.0	0.5	0.333	1.0	0.0	0.039	1.0	0.0	1.0	1.0	0.5	1.0	0.5	0.0	0.5	1.0	0.005	0.105	1.0	0.005	0.01	0.005	0.065
sample-1_1_194036					0.167	0.086	0.078	0.048	0.087	0.044	0.066	0.708	0.061	0.0	0.139	0.0	0.25	0.167	0.067	0.075	0.07	0.167	0.099	0.926	0.5	0.0	0.2	0.023	0.5	0.182	0.0	0.0	0.018	0.08	0.914	0.0	1.0	1.0	0.25	0.05	0.35	0.0	0.5	0.333	1.0	0.0	0.039	1.0	0.011	1.0	1.0	0.5	1.0	1.0	0.0	0.5	1.0	0.005	0.105	1.0	0.005	0.005	0.005	0.056
sample-1_2023_3705					0.0	0.017	0.016	0.019	0.019	0.009	0.019	0.011	0.02	0.0	0.009	0.007	0.0	0.333	0.019	0.028	0.02	0.0	0.011	0.037	0.0	0.0	0.4	0.0	0.0	0.136	0.0	0.0	0.0	0.08	0.01	0.0	0.0	0.0	0.5	0.05	0.05	0.0	0.0	0.667	0.0	0.0	0.0	1.0	0.0	0.0	0.0	0.0	0.0	0.5	0.0	0.0	0.0	0.0	0.0	1.0	0.0	0.0	0.0	0.019
sample-1_2087_3578					0.0	0.043	0.031	0.067	0.048	0.009	0.028	0.011	0.041	0.0	0.009	0.007	0.5	0.0	0.029	0.047	0.03	0.0	0.022	0.037	0.0	0.0	1.0	0.0	0.0	0.182	0.0	0.0	0.0	0.12	0.01	0.0	0.0	0.0	0.75	0.05	0.05	0.0	0.0	0.667	0.0	0.0	0.004	1.0	0.0	0.0	0.0	0.0	0.0	0.5	0.0	0.0	0.0	0.0	0.053	1.0	0.0	0.0	0.0	0.046
sample-1_20_95736					0.167	0.397	0.414	0.314	0.462	0.053	0.943	0.079	0.347	0.0	0.078	0.073	0.5	0.5	0.0	0.897	0.98	0.167	0.077	0.111	0.5	0.0	0.6	0.015	0.5	0.409	0.0	0.2	0.022	0.24	0.076	0.0	1.0	1.0	0.5	0.15	0.1	0.0	0.5	1.0	1.0	0.0	0.018	1.0	0.023	1.0	1.0	0.5	1.0	0.5	0.0	0.5	1.0	0.014	0.105	1.0	0.014	0.021	0.015	0.37
sample-1_21_95604					0.167	0.397	0.414	0.352	0.481	0.053	0.934	0.067	0.347	0.0	0.078	0.066	0.5	0.667	0.914	0.0	0.92	0.167	0.077	0.111	0.5	0.0	0.6	0.015	0.5	0.409	0.0	0.2	0.027	0.24	0.076	0.0	1.0	1.0	0.75	0.15	0.1	0.0	0.5	1.0	1.0	0.0	0.022	1.0	0.023	1.0	1.0	0.5	1.0	0.5	0.0	0.5	1.0	0.014	0.158	1.0	0.014	0.021	0.015	0.389
sample-1_22_93708					0.167	0.397	0.414	0.314	0.462	0.053	0.953	0.079	0.347	0.0	0.078	0.073	0.5	0.5	0.971	0.897	0.0	0.167	0.077	0.111	0.5	0.0	0.6	0.015	0.5	0.409	0.0	0.2	0.027	0.24	0.076	0.0	1.0	1.0	0.5	0.15	0.1	0.0	0.5	1.0	1.0	0.0	0.018	1.0	0.023	1.0	1.0	0.5	1.0	0.5	0.0	0.5	1.0	0.014	0.105	1.0	0.014	0.021	0.015	0.37
sample-1_2370_3154					0.167	0.017	0.008	0.01	0.01	0.035	0.009	0.011	0.01	0.0	0.017	0.01	0.0	0.0	0.01	0.009	0.01	0.0	0.044	0.037	0.5	0.0	0.0	0.0	0.5	0.045	0.0	0.0	0.004	0.0	0.01	0.0	0.0	1.0	0.0	0.0	0.0	0.0	0.5	0.0	0.5	0.0	0.004	0.0	0.0	0.0	1.0	0.0	0.0	0.0	0.0	0.0	1.0	0.005	0.211	0.0	0.005	0.0	0.005	0.009
sample-1_23_92914					0.167	0.147	0.094	0.105	0.115	0.363	0.075	0.112	0.092	0.0	0.043	0.066	0.25	0.333	0.076	0.093	0.07	0.667	0.0	0.111	0.5	0.0	0.2	0.015	0.5	0.318	0.667	0.2	0.04	0.12	0.076	0.0	1.0	1.0	0.5	0.6	0.1	0.0	0.5	0.333	1.0	0.0	0.044	1.0	0.023	1.0	1.0	0.5	1.0	0.5	0.0	0.5	1.0	0.005	0.474	1.0	0.005	0.005	0.005	0.083
sample-1_241_22966					0.167	0.052	0.023	0.029	0.029	0.027	0.028	0.202	0.031	0.0	0.043	0.185	0.25	0.167	0.029	0.047	0.03	0.167	0.033	0.0	0.5	0.0	0.2	0.008	0.5	0.182	0.0	0.0	0.004	0.08	0.21	0.0	1.0	1.0	0.25	0.05	0.3	0.0	0.5	0.333	1.0	0.0	0.004	1.0	0.0	1.0	1.0	0.5	1.0	1.0	0.0	0.5	1.0	0.005	0.105	1.0	0.005	0.005	0.005	0.028
sample-1_2468_3000					0.167	0.017	0.008	0.01	0.01	0.009	0.009	0.011	0.01	0.0	0.017	0.01	0.0	0.0	0.01	0.009	0.01	0.167	0.011	0.037	0.0	0.0	0.0	0.008	1.0	0.045	0.0	0.0	0.004	0.0	0.01	1.0	0.0	1.0	0.0	0.0	0.0	0.0	0.5	0.0	0.5	0.0	0.004	0.0	0.0	0.0	1.0	0.0	0.0	0.0	0.0	0.0	1.0	0.014	0.053	0.0	0.023	0.0	0.015	0.009
sample-1_2475_2996					0.0	0.0	0.0	0.0	0.0	0.0	0.0	0.0	0.0	0.0	0.0	0.0	0.0	0.0	0.0	0.0	0.0	0.0	0.0	0.0	0.0	0.0	0.0	0.0	0.0	0.0	0.0	0.0	0.0	0.0	0.0	0.0	0.0	0.0	0.0	0.0	0.0	0.0	0.0	0.0	0.0	0.0	0.0	0.0	0.011	0.0	0.0	0.0	0.0	0.0	0.0	0.0	0.0	0.0	0.0	0.0	0.0	0.0	0.0	0.0
sample-1_2496_2968					0.0	0.043	0.023	0.038	0.029	0.009	0.028	0.011	0.041	0.0	0.009	0.007	0.5	0.833	0.029	0.037	0.03	0.0	0.011	0.037	0.0	0.0	0.0	0.0	0.0	0.182	0.0	0.0	0.0	0.12	0.01	0.0	0.0	0.0	0.5	0.05	0.05	0.0	0.0	0.667	0.0	0.0	0.0	1.0	0.0	0.0	0.0	0.0	0.0	0.5	0.0	0.0	0.0	0.0	0.0	1.0	0.0	0.0	0.0	0.037
sample-1_24_92306					0.0	0.052	0.039	0.029	0.029	0.018	0.019	0.045	0.031	0.0	0.009	0.036	0.0	0.0	0.019	0.028	0.02	0.0	0.033	0.037	0.5	0.0	0.0	0.0	0.5	0.045	0.0	0.0	0.0	0.08	0.029	1.0	1.0	0.0	0.0	0.0	0.05	0.0	0.0	0.0	0.5	0.0	0.0	0.0	0.0	1.0	0.0	0.5	1.0	0.0	0.0	0.5	0.0	0.227	0.053	0.0	0.24	0.23	0.224	0.037
sample-1_2557_2904					0.167	0.017	0.008	0.01	0.01	0.009	0.009	0.011	0.01	0.0	0.017	0.01	0.0	0.0	0.01	0.009	0.01	0.167	0.011	0.037	1.0	0.0	0.0	0.008	0.0	0.045	0.0	0.0	0.004	0.0	0.01	1.0	0.0	1.0	0.0	0.0	0.0	0.0	0.5	0.0	0.5	0.0	0.004	0.0	0.0	0.0	1.0	0.0	0.0	0.0	0.0	0.0	1.0	0.014	0.053	0.0	0.023	0.0	0.015	0.009
sample-1_273_20403					0.167	0.121	0.055	0.076	0.058	0.035	0.075	0.045	0.071	0.0	0.035	0.04	0.5	0.5	0.076	0.093	0.08	0.167	0.055	0.111	0.5	0.0	0.6	0.008	0.5	0.0	0.0	0.0	0.009	0.16	0.038	0.0	1.0	1.0	0.5	0.05	0.1	0.0	0.5	0.667	1.0	0.0	0.009	1.0	0.0	1.0	1.0	0.5	1.0	0.5	0.0	0.5	1.0	0.005	0.105	1.0	0.005	0.005	0.005	0.065
sample-1_2809_2618					0.0	0.0	0.0	0.0	0.0	0.027	0.0	0.0	0.0	0.0	0.0	0.0	0.0	0.0	0.0	0.0	0.0	0.0	0.022	0.0	0.0	0.0	0.0	0.0	0.0	0.0	0.0	0.0	0.004	0.0	0.0	0.0	0.0	0.0	0.0	0.15	0.0	0.0	0.0	0.0	0.0	0.0	0.0	0.0	0.0	0.0	0.0	0.0	0.0	0.0	0.0	0.0	0.0	0.0	0.0	0.0	0.0	0.0	0.0	0.0
sample-1_2895_2535					0.0	0.026	0.008	0.038	0.019	0.009	0.009	0.0	0.01	0.0	0.009	0.0	0.0	0.0	0.01	0.009	0.01	0.0	0.011	0.0	0.0	0.0	0.0	0.0	0.0	0.0	0.0	0.0	0.009	0.0	0.0	0.0	0.0	0.0	0.0	0.0	0.0	0.0	0.0	0.0	0.0	0.0	0.0	0.0	0.0	0.0	0.0	0.0	0.0	0.0	0.0	0.0	0.0	0.0	0.0	0.0	0.0	0.005	0.0	0.009
sample-1_2_180874					1.0	0.078	0.055	0.067	0.067	0.106	0.057	0.045	0.061	0.143	0.07	0.026	0.0	0.0	0.048	0.056	0.06	0.167	0.11	0.037	0.5	0.0	0.0	0.0	0.5	0.091	0.333	0.4	0.0	0.0	0.029	0.0	0.0	1.0	0.0	0.05	0.0	0.0	0.5	0.0	0.5	0.0	0.232	0.0	0.0	0.0	1.0	0.0	0.0	0.0	0.0	0.0	1.0	0.014	0.053	0.0	0.014	0.016	0.015	0.046
sample-1_309_18290					0.0	0.078	0.062	0.067	0.077	0.027	0.057	0.022	0.071	0.0	0.017	0.03	0.5	0.5	0.057	0.075	0.06	0.0	0.033	0.074	0.0	0.0	0.6	0.023	0.0	0.227	0.0	0.0	0.0	0.0	0.029	0.0	1.0	0.0	0.5	0.05	0.1	0.0	0.0	0.667	0.5	0.0	0.004	1.0	0.0	1.0	0.0	0.5	1.0	0.5	0.0	0.5	0.0	0.009	0.053	1.0	0.027	0.016	0.01	0.065
sample-1_30_80291					0.167	0.078	0.062	0.048	0.067	0.044	0.047	0.64	0.051	0.0	0.13	0.682	0.25	0.167	0.048	0.065	0.05	0.167	0.088	0.815	0.5	0.0	0.2	0.015	0.5	0.182	0.0	0.0	0.013	0.08	0.0	0.0	1.0	1.0	0.25	0.05	0.35	0.0	0.5	0.333	1.0	0.0	0.035	1.0	0.0	1.0	1.0	0.5	1.0	1.0	0.0	0.5	1.0	0.005	0.105	1.0	0.005	0.005	0.005	0.046
sample-1_3125_2250					0.0	0.0	0.0	0.0	0.0	0.0	0.0	0.0	0.0	0.0	0.0	0.0	0.0	0.0	0.0	0.0	0.0	0.0	0.0	0.0	0.5	0.0	0.0	0.008	0.5	0.0	0.0	0.0	0.0	0.0	0.0	0.0	0.0	0.0	0.0	0.0	0.0	0.0	0.0	0.0	0.0	0.0	0.0	0.0	0.0	0.0	0.0	0.0	0.0	0.0	0.0	0.0	0.0	0.009	0.0	0.0	0.018	0.0	0.01	0.0
sample-1_3157_2206					0.0	0.026	0.008	0.01	0.01	0.009	0.009	0.011	0.01	0.0	0.009	0.023	0.0	0.0	0.01	0.019	0.01	0.0	0.011	0.037	0.0	0.0	0.0	0.008	0.0	0.045	0.0	0.0	0.0	0.04	0.019	0.0	0.0	0.0	0.0	0.0	0.05	0.0	0.0	0.0	0.5	0.0	0.0	0.0	0.0	1.0	0.0	0.5	1.0	0.0	0.0	0.5	0.0	0.0	0.053	0.0	0.0	0.005	0.0	0.009
sample-1_3406_1938					0.167	0.017	0.008	0.01	0.01	0.009	0.009	0.011	0.01	0.0	0.017	0.01	0.0	0.0	0.01	0.009	0.01	0.167	0.011	0.037	0.5	0.0	0.0	0.0	0.5	0.045	0.0	0.0	0.004	0.0	0.01	0.0	0.0	0.0	0.0	0.0	0.0	0.0	0.5	0.0	0.5	0.0	0.004	0.0	0.0	0.0	1.0	0.0	0.0	0.0	0.0	0.0	1.0	0.005	0.053	0.0	0.005	0.0	0.005	0.009
sample-1_3423_1921					0.0	0.017	0.023	0.048	0.038	0.009	0.019	0.011	0.02	0.0	0.009	0.007	0.5	0.5	0.019	0.037	0.02	0.0	0.022	0.037	0.0	0.0	0.4	0.0	0.0	0.136	0.0	0.0	0.0	0.08	0.01	0.0	0.0	0.0	0.0	0.05	0.05	0.0	0.0	0.667	0.0	0.0	0.004	1.0	0.0	0.0	0.0	0.0	0.0	0.5	0.0	0.0	0.0	0.0	0.053	1.0	0.0	0.0	0.0	0.028
sample-1_347_16656					0.0	0.034	0.016	0.019	0.029	0.159	0.038	0.011	0.041	0.0	0.009	0.007	0.25	0.167	0.038	0.047	0.03	0.0	0.121	0.037	0.0	0.0	0.2	0.0	0.0	0.091	1.0	0.0	0.004	0.04	0.01	0.0	0.0	0.0	0.25	0.0	0.05	0.0	0.0	0.333	0.0	0.0	0.004	1.0	0.023	0.0	0.0	0.0	0.0	0.5	0.0	0.0	0.0	0.0	0.053	1.0	0.0	0.0	0.0	0.037
sample-1_352_16508					0.0	0.034	0.016	0.019	0.019	0.018	0.019	0.079	0.02	0.0	0.017	0.073	0.25	0.167	0.019	0.037	0.02	0.0	0.022	0.222	0.0	0.0	0.2	0.008	0.0	0.136	0.0	0.0	0.0	0.08	0.076	0.0	1.0	0.0	0.25	0.05	0.0	0.167	0.0	0.333	0.5	0.0	0.0	1.0	0.0	1.0	0.0	0.5	1.0	1.0	0.0	0.5	0.0	0.0	0.053	1.0	0.0	0.005	0.0	0.019
sample-1_3596_1751					0.0	0.0	0.0	0.0	0.0	0.0	0.0	0.0	0.0	0.0	0.0	0.0	0.0	0.0	0.0	0.0	0.0	0.0	0.0	0.0	0.0	0.0	0.0	0.0	0.0	0.0	0.0	0.0	0.0	0.0	0.0	0.0	0.0	0.0	0.0	0.0	0.05	0.0	0.0	0.0	0.0	0.0	0.0	0.0	0.0	0.0	0.0	0.0	0.0	0.0	0.0	0.0	0.0	0.0	0.0	0.0	0.0	0.0	0.0	0.0
sample-1_3635_1721					0.167	0.026	0.008	0.01	0.019	0.009	0.009	0.011	0.02	0.0	0.017	0.01	0.0	0.0	0.01	0.009	0.01	0.167	0.011	0.037	0.5	0.0	0.0	0.0	0.5	0.045	0.0	0.0	0.004	0.0	0.01	0.0	0.0	1.0	0.0	0.0	0.0	0.0	0.0	0.0	0.5	0.0	0.004	0.0	0.0	0.0	1.0	0.0	0.0	0.0	0.0	0.0	1.0	0.005	0.053	0.0	0.005	0.0	0.005	0.019
sample-1_3643_1714					0.0	0.017	0.023	0.019	0.029	0.009	0.028	0.011	0.02	0.0	0.009	0.007	0.5	0.333	0.029	0.047	0.03	0.0	0.011	0.037	0.0	0.0	0.4	0.0	0.0	0.136	0.0	0.0	0.0	0.08	0.01	0.0	0.0	0.0	0.5	0.05	0.05	0.0	0.0	0.0	0.0	0.0	0.0	1.0	0.0	0.0	0.0	0.0	0.0	0.5	0.0	0.0	0.0	0.0	0.0	1.0	0.0	0.0	0.0	0.019
sample-1_3684_1680					0.167	0.043	0.016	0.019	0.019	0.018	0.019	0.022	0.02	0.0	0.026	0.033	0.0	0.0	0.019	0.028	0.02	0.167	0.022	0.074	0.5	0.0	0.0	0.008	0.5	0.091	0.0	0.0	0.004	0.04	0.029	0.0	1.0	1.0	0.0	0.0	0.05	0.0	0.5	0.0	0.0	0.0	0.004	0.0	0.0	1.0	1.0	0.5	1.0	0.0	0.0	0.5	1.0	0.005	0.105	0.0	0.005	0.005	0.005	0.019
sample-1_3983_1483					0.0	0.0	0.0	0.0	0.0	0.0	0.0	0.0	0.0	0.0	0.0	0.0	0.0	0.0	0.0	0.0	0.0	0.0	0.0	0.0	0.0	0.0	0.0	0.0	0.0	0.0	0.0	0.0	0.0	0.0	0.0	0.0	0.0	0.0	0.0	0.0	0.0	0.0	0.0	0.0	0.0	0.0	0.0	0.0	0.0	0.0	0.0	0.0	0.0	0.0	0.0	0.0	0.0	0.0	0.0	0.0	0.0	0.0	0.0	0.0
sample-1_3_171347					0.667	0.078	0.07	0.067	0.096	0.133	0.038	0.079	0.061	0.286	0.087	0.06	0.0	0.167	0.038	0.047	0.04	0.167	0.11	0.037	0.5	0.0	0.0	0.0	0.5	0.091	0.0	0.0	0.21	0.04	0.095	0.0	0.0	1.0	0.25	0.05	0.0	0.0	0.5	0.0	0.5	0.0	0.0	0.0	0.0	0.0	1.0	0.0	0.0	0.0	0.0	0.0	1.0	0.005	0.105	0.0	0.005	0.0	0.005	0.074
sample-1_4061_1441					0.0	0.009	0.008	0.01	0.01	0.009	0.009	0.011	0.01	0.0	0.009	0.007	0.25	0.167	0.01	0.019	0.01	0.0	0.011	0.037	0.0	0.0	0.2	0.0	0.0	0.091	0.0	0.0	0.0	0.04	0.01	0.0	0.0	0.0	0.25	0.05	0.05	0.0	0.0	0.333	0.0	0.0	0.0	0.0	0.0	0.0	0.0	0.0	0.0	0.5	0.0	0.0	0.0	0.0	0.0	1.0	0.0	0.0	0.0	0.009
sample-1_41_65330					0.0	0.017	0.0	0.0	0.029	0.018	0.028	0.011	0.02	0.0	0.0	0.007	0.0	0.0	0.029	0.028	0.02	0.0	0.022	0.0	0.0	0.333	0.0	0.0	0.0	0.0	0.0	0.0	0.0	0.0	0.0	0.0	0.0	0.0	0.0	0.1	0.0	0.0	0.0	0.0	0.0	0.0	0.0	0.0	0.0	0.0	0.0	0.0	0.0	0.0	0.0	0.0	0.0	0.0	0.0	0.0	0.0	0.0	0.0	0.019
sample-1_4226_1355					0.0	0.026	0.008	0.01	0.01	0.009	0.009	0.011	0.01	0.0	0.009	0.023	0.0	0.0	0.01	0.019	0.01	0.0	0.011	0.037	0.0	0.0	0.0	0.008	0.0	0.045	0.0	0.0	0.0	0.04	0.019	0.0	1.0	0.0	0.0	0.0	0.05	0.0	0.0	0.0	0.5	0.0	0.0	0.0	0.0	0.0	0.0	0.5	1.0	0.0	0.0	0.5	0.0	0.0	0.053	0.0	0.0	0.005	0.0	0.009
sample-1_4390_1275					0.167	0.017	0.008	0.01	0.01	0.009	0.009	0.011	0.01	0.0	0.017	0.01	0.0	0.0	0.01	0.009	0.01	0.167	0.011	0.037	0.5	0.0	0.0	0.0	0.5	0.045	0.0	0.0	0.004	0.0	0.01	0.0	0.0	1.0	0.0	0.0	0.0	0.0	0.5	0.0	0.5	0.0	0.004	0.0	0.0	0.0	0.0	0.0	0.0	0.0	0.0	0.0	1.0	0.005	0.053	0.0	0.005	0.0	0.005	0.009
sample-1_4409_1266					0.0	0.026	0.008	0.01	0.01	0.009	0.009	0.011	0.01	0.0	0.009	0.023	0.0	0.0	0.01	0.019	0.01	0.0	0.011	0.037	0.0	0.0	0.0	0.008	0.0	0.045	0.0	0.0	0.0	0.04	0.019	0.0	1.0	0.0	0.0	0.0	0.05	0.0	0.0	0.0	0.5	0.0	0.0	0.0	0.0	1.0	0.0	0.0	1.0	0.0	0.0	0.5	0.0	0.0	0.053	0.0	0.0	0.005	0.0	0.009
sample-1_4411_1265					0.0	0.026	0.008	0.01	0.01	0.009	0.009	0.011	0.01	0.0	0.009	0.023	0.0	0.0	0.01	0.019	0.01	0.0	0.011	0.037	0.0	0.0	0.0	0.008	0.0	0.045	0.0	0.0	0.0	0.04	0.019	0.0	1.0	0.0	0.0	0.0	0.05	0.0	0.0	0.0	0.5	0.0	0.0	0.0	0.0	1.0	0.0	0.5	0.0	0.0	0.0	0.5	0.0	0.0	0.053	0.0	0.0	0.005	0.0	0.009
sample-1_4677_1147					0.0	0.009	0.008	0.01	0.01	0.009	0.009	0.022	0.01	0.0	0.009	0.017	0.25	0.167	0.01	0.019	0.01	0.0	0.011	0.074	0.0	0.0	0.2	0.0	0.0	0.091	0.0	0.0	0.0	0.04	0.019	0.0	0.0	0.0	0.25	0.05	0.1	0.0	0.0	0.333	0.0	0.0	0.0	1.0	0.0	0.0	0.0	0.0	0.0	0.0	0.0	0.0	0.0	0.0	0.0	1.0	0.0	0.0	0.0	0.009
sample-1_4798_1110					0.0	0.0	0.0	0.0	0.0	0.0	0.0	0.0	0.0	0.0	0.0	0.0	0.0	0.0	0.0	0.0	0.0	0.0	0.0	0.0	0.0	0.0	0.0	0.0	0.0	0.0	0.0	0.0	0.0	0.0	0.0	0.0	0.0	0.0	0.0	0.0	0.0	0.0	0.0	0.0	0.0	0.0	0.0	0.0	0.0	0.0	0.0	0.0	0.0	0.0	0.0	0.0	0.0	0.0	0.0	0.0	0.0	0.0	0.0	0.0
sample-1_4954_1063					0.0	0.034	0.008	0.01	0.01	0.009	0.009	0.011	0.01	0.0	0.009	0.023	0.0	0.0	0.01	0.019	0.01	0.0	0.011	0.037	0.0	0.0	0.0	0.008	0.0	0.045	0.0	0.0	0.0	0.04	0.019	0.0	1.0	0.0	0.0	0.0	0.05	0.0	0.0	0.0	0.5	0.0	0.0	0.0	0.0	1.0	0.0	0.5	1.0	0.0	0.0	0.0	0.0	0.0	0.053	0.0	0.0	0.005	0.0	0.009
sample-1_4981_1057					0.167	0.017	0.008	0.01	0.01	0.009	0.009	0.011	0.01	0.0	0.017	0.01	0.0	0.0	0.01	0.009	0.01	0.167	0.011	0.037	0.5	0.0	0.0	0.0	0.5	0.045	0.0	0.0	0.004	0.0	0.01	0.0	0.0	1.0	0.0	0.0	0.0	0.0	0.5	0.0	0.5	0.0	0.004	0.0	0.0	0.0	1.0	0.0	0.0	0.0	0.0	0.0	0.0	0.005	0.053	0.0	0.005	0.0	0.005	0.009
sample-1_4_157545					0.167	0.06	0.023	0.038	0.019	0.009	0.028	0.011	0.051	0.0	0.017	0.01	0.0	0.0	0.029	0.028	0.03	0.167	0.011	0.037	1.0	0.0	0.0	0.346	1.0	0.045	0.0	0.0	0.013	0.04	0.01	1.0	0.0	1.0	0.0	0.0	0.0	0.0	0.5	0.0	0.5	0.0	0.004	0.0	0.0	0.0	1.0	0.0	0.0	0.0	0.0	0.0	1.0	0.0	0.105	0.0	0.842	0.901	0.891	0.065
sample-1_516_11797					0.167	0.043	0.023	0.048	0.038	0.142	0.019	0.022	0.02	0.0	0.026	0.033	0.0	0.167	0.019	0.037	0.02	0.667	0.099	0.074	0.5	0.0	0.0	0.008	0.5	0.091	0.0	0.0	0.004	0.04	0.029	0.0	1.0	1.0	0.25	0.05	0.05	0.0	0.5	0.0	1.0	0.0	0.009	0.0	0.0	1.0	1.0	0.5	1.0	0.0	0.0	0.5	1.0	0.009	0.0	0.0	0.009	0.01	0.01	0.028
sample-1_5191_1012					0.0	0.009	0.008	0.01	0.01	0.009	0.009	0.011	0.01	0.0	0.009	0.007	0.25	0.167	0.01	0.019	0.01	0.0	0.011	0.037	0.0	0.0	0.2	0.0	0.0	0.091	0.0	0.0	0.0	0.04	0.01	0.0	0.0	0.0	0.25	0.05	0.05	0.0	0.0	0.333	0.0	0.0	0.0	1.0	0.0	0.0	0.0	0.0	0.0	0.5	0.0	0.0	0.0	0.0	0.0	0.0	0.0	0.0	0.0	0.009
sample-1_5_155540					0.167	0.06	0.023	0.038	0.019	0.009	0.028	0.011	0.051	0.0	0.017	0.01	0.0	0.0	0.029	0.028	0.03	0.167	0.011	0.037	1.0	0.0	0.0	0.286	1.0	0.045	0.0	0.0	0.013	0.04	0.01	1.0	0.0	1.0	0.0	0.0	0.0	0.0	0.5	0.0	0.5	0.0	0.004	0.0	0.0	0.0	1.0	0.0	0.0	0.0	0.0	0.0	1.0	0.819	0.105	0.0	0.0	0.848	0.836	0.065
sample-1_6_155389					0.0	0.069	0.023	0.048	0.019	0.009	0.038	0.011	0.051	0.0	0.017	0.023	0.0	0.0	0.038	0.047	0.04	0.0	0.011	0.037	0.0	0.0	0.0	0.338	0.0	0.045	0.0	0.2	0.013	0.08	0.019	0.0	1.0	0.0	0.0	0.0	0.05	0.0	0.0	0.0	0.5	0.0	0.0	0.0	0.0	1.0	0.0	0.5	1.0	0.0	0.0	0.5	0.0	0.815	0.105	0.0	0.796	0.0	0.866	0.065
sample-1_7_152939					0.167	0.06	0.023	0.038	0.019	0.009	0.028	0.011	0.051	0.0	0.017	0.01	0.0	0.0	0.029	0.028	0.03	0.167	0.011	0.037	1.0	0.0	0.0	0.323	1.0	0.045	0.0	0.0	0.013	0.04	0.01	1.0	0.0	1.0	0.0	0.0	0.0	0.0	0.5	0.0	0.5	0.0	0.004	0.0	0.0	0.0	1.0	0.0	0.0	0.0	0.0	0.0	1.0	0.838	0.105	0.0	0.819	0.89	0.0	0.065
sample-1_9_104613					0.167	0.862	0.305	0.552	0.615	0.071	0.358	0.079	0.816	0.0	0.078	0.066	0.5	0.833	0.362	0.374	0.37	0.167	0.088	0.111	0.5	0.0	0.8	0.03	0.5	0.409	0.0	0.2	0.022	0.28	0.076	0.0	1.0	1.0	0.75	0.15	0.1	0.0	1.0	0.667	1.0	0.0	0.039	1.0	0.011	1.0	1.0	0.5	1.0	0.5	0.0	0.5	1.0	0.028	0.158	1.0	0.027	0.031	0.03	0.0
