"orf_id_short","logFC","AveExpr","t","P.Value","adj.P.Val","B","orf_id_original","taxid","rank","taxonomy","score","matches","aligned","coverage","lineage"
"virus_comp_17889_cycle_1",-0.195460039179973,1.26759265489891,-4.51084436952042,2.50526902776701e-05,0.0384518226827067,1.88353027330513,"virus_comp_17889_cycle_1_15",1,"no rank","root",152,93,93,1,"1"
"virus_comp_17955_cycle_1",-0.246546895813878,1.57265864847386,-4.47319435762505,2.70596922468027e-05,0.0384518226827067,1.8083688855929,"virus_comp_17955_cycle_1_1",1,"no rank","root",30,20,20,1,"1"
