"logFC","AveExpr","t","P.Value","adj.P.Val","B","metric","n_patients","celiac_mean_slope","control_mean_slope"
-2.32530181038162,1.94850296767212,-1.87880789438612,0.0681664072036127,0.0681664072036127,-4.11515093594087,"richness",47,2.87052617078871,1.20379191900103
-0.0348516156724296,0.0384356956376709,-1.91747728242112,0.0629222296408144,0.0629222296408144,-4.5767125693022,"shannon",47,0.0482909705748891,0.030475665880687
-0.00979055804408959,0.0119100320830252,-2.04364146642036,0.0481574240333351,0.0481574240333351,-5.60762903183033,"simpson",47,0.0144153160762119,0.00988653347314357
-0.00811347923098344,0.00653931264441943,-2.13852350347642,0.0391426111272367,0.0391426111272367,-5.65671697177252,"evenness",47,0.008949817673583,0.00459236627471038
-6954.48441784256,-152.441578799113,-0.457376140314556,0.650075118191156,0.650075118191156,-4.59511985015159,"total_abundance",47,1045.96850499336,-1120.38818493918
0.009964173895562,-0.0105032047085005,2.18596193353225,0.0352215479387651,0.0352215479387651,-5.38169208216587,"dominance",47,-0.0134651110757307,-0.00811089571958388
0.398224182475298,-0.446311416869375,2.12718978306329,0.0401347035020425,0.0401347035020425,-3.77849532425712,"viral_load_cv",47,-0.561390441623925,-0.353362973798393
