"logFC","AveExpr","t","P.Value","adj.P.Val","B","metric","n_patients","celiac_mean_stability","control_mean_stability"
-0.041731737568795,0.698308559602062,-0.454196943196472,0.652340405109451,0.652340405109451,-4.92861612048117,"richness",47,0.701582178185155,0.695664483054179
-0.094907765826135,0.596495346675386,-0.791377240666339,0.433767963146806,0.433767963146806,-4.72889790212238,"shannon",47,0.604115872625407,0.590340306484985
-0.104235910916545,0.498276281952314,-0.779770858645001,0.440485468408754,0.440485468408754,-4.70679618576814,"simpson",47,0.505068396017934,0.492790343668544
-0.0974048212540593,0.513477982395423,-0.879205931102392,0.384964151023806,0.384964151023806,-4.7177191532636,"evenness",47,0.530469283775181,0.499754238973311
-0.122203809341386,1.01849568908571,-1.05606856020859,0.297783940032017,0.297783940032017,-4.7061448344223,"total_abundance",47,1.07038173209033,0.976587731274293
-0.0249155252221162,0.575604475723538,-0.279064656293082,0.78174915243105,0.78174915243105,-4.97936437838706,"dominance",47,0.575944857206011,0.575329552218463
-0.0197934674284697,0.428380853609531,-0.313052488349673,0.755998652031589,0.755998652031589,-5.18581593631856,"viral_load_cv",47,0.427842662858034,0.428815546139587
