"contig_id","term","estimate","std.error","statistic","p.value","p.adj","conf.low","conf.high","OR","source"
"edge_187","TP (CELIAC): (t0-12) vs t0",8.83091589218272,NA,NA,NA,NA,NA,NA,6842.55098549044,"model_or_emmeans"
"edge_187","TP (CELIAC): (t0-18) vs t0",-22.4396727557666,NA,NA,NA,NA,NA,NA,1.79710704395938e-10,"model_or_emmeans"
"edge_187","TP (CELIAC): (t0-24) vs t0",-13.6533667217795,NA,NA,NA,NA,NA,NA,1.17602938473616e-06,"model_or_emmeans"
"edge_187","TP (CELIAC): (t0-30) vs t0",-18.34438142042,NA,NA,NA,NA,NA,NA,1.07928558138568e-08,"model_or_emmeans"
"edge_187","TP (CELIAC): (t0-36) vs t0",-8.38063415349766,NA,NA,NA,NA,NA,NA,0.000229264510455114,"model_or_emmeans"
"edge_187","TP (CELIAC): (t0-6) vs t0",-66.0682293481364,NA,NA,NA,NA,NA,NA,2.02736789581721e-29,"model_or_emmeans"
"edge_1980","TP (CELIAC): (t0-12) vs t0",-381.94714239052,NA,NA,NA,NA,NA,NA,1.32575624357594e-166,"model_or_emmeans"
"edge_1980","TP (CELIAC): (t0-18) vs t0",-477.056387071825,NA,NA,NA,NA,NA,NA,6.56211048137413e-208,"model_or_emmeans"
"edge_1980","TP (CELIAC): (t0-24) vs t0",1028.08513681805,NA,NA,NA,NA,NA,NA,Inf,"model_or_emmeans"
"edge_1980","TP (CELIAC): (t0-30) vs t0",-626.401751812247,NA,NA,NA,NA,NA,NA,9.06099171723009e-273,"model_or_emmeans"
"edge_1980","TP (CELIAC): (t0-36) vs t0",-396.213153598961,NA,NA,NA,NA,NA,NA,8.44916389392198e-173,"model_or_emmeans"
"edge_1980","TP (CELIAC): (t0-6) vs t0",240.685105892638,NA,NA,NA,NA,NA,NA,3.37453055979806e+104,"model_or_emmeans"
"edge_1986","TP (CELIAC): (t0-12) vs t0",-160.896831803576,NA,NA,NA,NA,NA,NA,1.32859860464922e-70,"model_or_emmeans"
"edge_1986","TP (CELIAC): (t0-18) vs t0",-187.36077364337,NA,NA,NA,NA,NA,NA,4.26825032000321e-82,"model_or_emmeans"
"edge_1986","TP (CELIAC): (t0-24) vs t0",408.578615378155,NA,NA,NA,NA,NA,NA,2.77611902511892e+177,"model_or_emmeans"
"edge_1986","TP (CELIAC): (t0-30) vs t0",-376.152886241106,NA,NA,NA,NA,NA,NA,4.3538870025641e-164,"model_or_emmeans"
"edge_1986","TP (CELIAC): (t0-36) vs t0",-196.48210439542,NA,NA,NA,NA,NA,NA,4.66558674353506e-86,"model_or_emmeans"
"edge_1986","TP (CELIAC): (t0-6) vs t0",-714.22874423517,NA,NA,NA,NA,NA,NA,6.52225181022043e-311,"model_or_emmeans"
"edge_2104","TP (CELIAC): (t0-12) vs t0",-57.2313602766013,NA,NA,NA,NA,NA,NA,1.39551991986582e-25,"model_or_emmeans"
"edge_2104","TP (CELIAC): (t0-18) vs t0",-20.1640805228863,NA,NA,NA,NA,NA,NA,1.74924683283921e-09,"model_or_emmeans"
"edge_2104","TP (CELIAC): (t0-24) vs t0",-49.5679880263322,NA,NA,NA,NA,NA,NA,2.97095669221601e-22,"model_or_emmeans"
"edge_2104","TP (CELIAC): (t0-30) vs t0",138.266429544827,NA,NA,NA,NA,NA,NA,1.11775696254476e+60,"model_or_emmeans"
"edge_2104","TP (CELIAC): (t0-36) vs t0",-48.1936920129263,NA,NA,NA,NA,NA,NA,1.17420924721451e-21,"model_or_emmeans"
"edge_2104","TP (CELIAC): (t0-6) vs t0",5.02703292876061,NA,NA,NA,NA,NA,NA,152.479922060588,"model_or_emmeans"
"edge_2381","TP (CELIAC): (t0-12) vs t0",-200.412094916614,NA,NA,NA,NA,NA,NA,9.16501269875825e-88,"model_or_emmeans"
"edge_2381","TP (CELIAC): (t0-18) vs t0",-55.880191051781,NA,NA,NA,NA,NA,NA,5.38941191920804e-25,"model_or_emmeans"
"edge_2381","TP (CELIAC): (t0-24) vs t0",17.3785231451989,NA,NA,NA,NA,NA,NA,35269289.069306,"model_or_emmeans"
"edge_2381","TP (CELIAC): (t0-30) vs t0",-101.205880044058,NA,NA,NA,NA,NA,NA,1.11389629830621e-44,"model_or_emmeans"
"edge_2381","TP (CELIAC): (t0-36) vs t0",-89.7655729904067,NA,NA,NA,NA,NA,NA,1.03587412590216e-39,"model_or_emmeans"
"edge_2381","TP (CELIAC): (t0-6) vs t0",-232.662251354488,NA,NA,NA,NA,NA,NA,9.03791160803246e-102,"model_or_emmeans"
"edge_263","TP (CELIAC): (t0-12) vs t0",-90.058545432383,NA,NA,NA,NA,NA,NA,7.72806329620075e-40,"model_or_emmeans"
"edge_263","TP (CELIAC): (t0-18) vs t0",-181.644936800459,NA,NA,NA,NA,NA,NA,1.29600382079587e-79,"model_or_emmeans"
"edge_263","TP (CELIAC): (t0-24) vs t0",-33.4282030096047,NA,NA,NA,NA,NA,NA,3.0360987498515e-15,"model_or_emmeans"
"edge_263","TP (CELIAC): (t0-30) vs t0",57.7423523830849,NA,NA,NA,NA,NA,NA,1.19449685900665e+25,"model_or_emmeans"
"edge_263","TP (CELIAC): (t0-36) vs t0",-39.2139822990362,NA,NA,NA,NA,NA,NA,9.32360517130086e-18,"model_or_emmeans"
"edge_263","TP (CELIAC): (t0-6) vs t0",-100.7109032913,NA,NA,NA,NA,NA,NA,1.82730243562757e-44,"model_or_emmeans"
"edge_2636","TP (CELIAC): (t0-12) vs t0",-200.412094916614,NA,NA,NA,NA,NA,NA,9.16501269875825e-88,"model_or_emmeans"
"edge_2636","TP (CELIAC): (t0-18) vs t0",-55.880191051781,NA,NA,NA,NA,NA,NA,5.38941191920804e-25,"model_or_emmeans"
"edge_2636","TP (CELIAC): (t0-24) vs t0",17.3785231451989,NA,NA,NA,NA,NA,NA,35269289.069306,"model_or_emmeans"
"edge_2636","TP (CELIAC): (t0-30) vs t0",-101.205880044058,NA,NA,NA,NA,NA,NA,1.11389629830621e-44,"model_or_emmeans"
"edge_2636","TP (CELIAC): (t0-36) vs t0",-89.7655729904067,NA,NA,NA,NA,NA,NA,1.03587412590216e-39,"model_or_emmeans"
"edge_2636","TP (CELIAC): (t0-6) vs t0",-232.662251354488,NA,NA,NA,NA,NA,NA,9.03791160803246e-102,"model_or_emmeans"
"edge_300","TP (CELIAC): (t0-12) vs t0",548.14048862348,NA,NA,NA,NA,NA,NA,1.13341646405077e+238,"model_or_emmeans"
"edge_300","TP (CELIAC): (t0-18) vs t0",162.224522812701,NA,NA,NA,NA,NA,NA,2.83932487294093e+70,"model_or_emmeans"
"edge_300","TP (CELIAC): (t0-24) vs t0",-49.6219281447901,NA,NA,NA,NA,NA,NA,2.81494831563108e-22,"model_or_emmeans"
"edge_300","TP (CELIAC): (t0-30) vs t0",566.217377524854,NA,NA,NA,NA,NA,NA,8.03678993230286e+245,"model_or_emmeans"
"edge_300","TP (CELIAC): (t0-36) vs t0",38.0390708273824,NA,NA,NA,NA,NA,NA,33125203658602672,"model_or_emmeans"
"edge_300","TP (CELIAC): (t0-6) vs t0",564.586884277627,NA,NA,NA,NA,NA,NA,1.57386833110586e+245,"model_or_emmeans"
"edge_303","TP (CELIAC): (t0-12) vs t0",21.5384970701334,NA,NA,NA,NA,NA,NA,2259698129.14282,"model_or_emmeans"
"edge_303","TP (CELIAC): (t0-18) vs t0",17.2360498858842,NA,NA,NA,NA,NA,NA,30585906.4068005,"model_or_emmeans"
"edge_303","TP (CELIAC): (t0-24) vs t0",14.820343624234,NA,NA,NA,NA,NA,NA,2731451.26341695,"model_or_emmeans"
"edge_303","TP (CELIAC): (t0-30) vs t0",44.0615489740227,NA,NA,NA,NA,NA,NA,13667452824557643776,"model_or_emmeans"
"edge_303","TP (CELIAC): (t0-36) vs t0",-3.21777673222449,NA,NA,NA,NA,NA,NA,0.0400439878746952,"model_or_emmeans"
"edge_303","TP (CELIAC): (t0-6) vs t0",40.5132341593978,NA,NA,NA,NA,NA,NA,393254806546679552,"model_or_emmeans"
"edge_305","TP (CELIAC): (t0-12) vs t0",-14.1158294924895,NA,NA,NA,NA,NA,NA,7.40581985847985e-07,"model_or_emmeans"
"edge_305","TP (CELIAC): (t0-18) vs t0",-25.7776315452647,NA,NA,NA,NA,NA,NA,6.38141315618177e-12,"model_or_emmeans"
"edge_305","TP (CELIAC): (t0-24) vs t0",-26.2407051669315,NA,NA,NA,NA,NA,NA,4.01611874125173e-12,"model_or_emmeans"
"edge_305","TP (CELIAC): (t0-30) vs t0",27.6258028589454,NA,NA,NA,NA,NA,NA,994795334468.344,"model_or_emmeans"
"edge_305","TP (CELIAC): (t0-36) vs t0",-20.5684649766014,NA,NA,NA,NA,NA,NA,1.16742545725277e-09,"model_or_emmeans"
"edge_305","TP (CELIAC): (t0-6) vs t0",25.8210657241192,NA,NA,NA,NA,NA,NA,163661437280.467,"model_or_emmeans"
"edge_306","TP (CELIAC): (t0-12) vs t0",200.673287427797,NA,NA,NA,NA,NA,NA,1.41677666525315e+87,"model_or_emmeans"
"edge_306","TP (CELIAC): (t0-18) vs t0",190.323573604771,NA,NA,NA,NA,NA,NA,4.53396113097488e+82,"model_or_emmeans"
"edge_306","TP (CELIAC): (t0-24) vs t0",179.365340891854,NA,NA,NA,NA,NA,NA,7.89546647883945e+77,"model_or_emmeans"
"edge_306","TP (CELIAC): (t0-30) vs t0",-3.79132070048162,NA,NA,NA,NA,NA,NA,0.0225657795263888,"model_or_emmeans"
"edge_306","TP (CELIAC): (t0-36) vs t0",-12.9648313594894,NA,NA,NA,NA,NA,NA,2.34123647627372e-06,"model_or_emmeans"
"edge_306","TP (CELIAC): (t0-6) vs t0",219.767893346793,NA,NA,NA,NA,NA,NA,2.77960689314155e+95,"model_or_emmeans"
"edge_311","TP (CELIAC): (t0-12) vs t0",145.312634526639,NA,NA,NA,NA,NA,NA,1.28373483355065e+63,"model_or_emmeans"
"edge_311","TP (CELIAC): (t0-18) vs t0",180.32891856264,NA,NA,NA,NA,NA,NA,2.0694467667256e+78,"model_or_emmeans"
"edge_311","TP (CELIAC): (t0-24) vs t0",280.253976723635,NA,NA,NA,NA,NA,NA,5.16125863548683e+121,"model_or_emmeans"
"edge_311","TP (CELIAC): (t0-30) vs t0",515.335224802818,NA,NA,NA,NA,NA,NA,6.41570611916884e+223,"model_or_emmeans"
"edge_311","TP (CELIAC): (t0-36) vs t0",-42.7544646216708,NA,NA,NA,NA,NA,NA,2.70378365359896e-19,"model_or_emmeans"
"edge_311","TP (CELIAC): (t0-6) vs t0",405.531250428733,NA,NA,NA,NA,NA,NA,1.31820908525656e+176,"model_or_emmeans"
"edge_48666","TP (CELIAC): (t0-12) vs t0",42.1328316715783,NA,NA,NA,NA,NA,NA,1986352411339817728,"model_or_emmeans"
"edge_48666","TP (CELIAC): (t0-18) vs t0",38.6835203757213,NA,NA,NA,NA,NA,NA,63101464647722568,"model_or_emmeans"
"edge_48666","TP (CELIAC): (t0-24) vs t0",35.3305154357104,NA,NA,NA,NA,NA,NA,2207231556296308,"model_or_emmeans"
"edge_48666","TP (CELIAC): (t0-30) vs t0",110.295634471484,NA,NA,NA,NA,NA,NA,7.95766090697302e+47,"model_or_emmeans"
"edge_48666","TP (CELIAC): (t0-36) vs t0",-23.6047508064797,NA,NA,NA,NA,NA,NA,5.60514662832952e-11,"model_or_emmeans"
"edge_48666","TP (CELIAC): (t0-6) vs t0",107.10936767094,NA,NA,NA,NA,NA,NA,3.28857188560145e+46,"model_or_emmeans"
"edge_48806","TP (CELIAC): (t0-12) vs t0",-65.8673481166428,NA,NA,NA,NA,NA,NA,2.47841583579737e-29,"model_or_emmeans"
"edge_48806","TP (CELIAC): (t0-18) vs t0",-43.9110105180766,NA,NA,NA,NA,NA,NA,8.50531567706828e-20,"model_or_emmeans"
"edge_48806","TP (CELIAC): (t0-24) vs t0",-57.0504498384433,NA,NA,NA,NA,NA,NA,1.67226247735842e-25,"model_or_emmeans"
"edge_48806","TP (CELIAC): (t0-30) vs t0",-64.0545960066785,NA,NA,NA,NA,NA,NA,1.51859656699258e-28,"model_or_emmeans"
"edge_48806","TP (CELIAC): (t0-36) vs t0",-58.0286836820388,NA,NA,NA,NA,NA,NA,6.28728120119951e-26,"model_or_emmeans"
"edge_48806","TP (CELIAC): (t0-6) vs t0",-56.4183887491137,NA,NA,NA,NA,NA,NA,3.14633591981769e-25,"model_or_emmeans"
"edge_957","TP (CELIAC): (t0-12) vs t0",-162.957059147228,NA,NA,NA,NA,NA,NA,1.69296673659837e-71,"model_or_emmeans"
"edge_957","TP (CELIAC): (t0-18) vs t0",-179.621571148586,NA,NA,NA,NA,NA,NA,9.80263471432317e-79,"model_or_emmeans"
"edge_957","TP (CELIAC): (t0-24) vs t0",-560.319952089022,NA,NA,NA,NA,NA,NA,4.53040165680153e-244,"model_or_emmeans"
"edge_957","TP (CELIAC): (t0-30) vs t0",-741.624534329085,NA,NA,NA,NA,NA,NA,8.39911597930119e-323,"model_or_emmeans"
"edge_957","TP (CELIAC): (t0-36) vs t0",-600.020327419447,NA,NA,NA,NA,NA,NA,2.59706471627518e-261,"model_or_emmeans"
"edge_957","TP (CELIAC): (t0-6) vs t0",-281.53496224694,NA,NA,NA,NA,NA,NA,5.38169936461681e-123,"model_or_emmeans"
"edge_959","TP (CELIAC): (t0-12) vs t0",-63.8423370302462,NA,NA,NA,NA,NA,NA,1.87769615066341e-28,"model_or_emmeans"
"edge_959","TP (CELIAC): (t0-18) vs t0",-53.669075708802,NA,NA,NA,NA,NA,NA,4.91831761106151e-24,"model_or_emmeans"
"edge_959","TP (CELIAC): (t0-24) vs t0",-86.1178736107342,NA,NA,NA,NA,NA,NA,3.97633254366469e-38,"model_or_emmeans"
"edge_959","TP (CELIAC): (t0-30) vs t0",-160.235411982083,NA,NA,NA,NA,NA,NA,2.5742147277285e-70,"model_or_emmeans"
"edge_959","TP (CELIAC): (t0-36) vs t0",-122.162185748969,NA,NA,NA,NA,NA,NA,8.82341755367775e-54,"model_or_emmeans"
"edge_959","TP (CELIAC): (t0-6) vs t0",-1321.56039353015,NA,NA,NA,NA,NA,NA,0,"model_or_emmeans"
"edge_965","TP (CELIAC): (t0-12) vs t0",-80.040189329305,NA,NA,NA,NA,NA,NA,1.7337538711902e-35,"model_or_emmeans"
"edge_965","TP (CELIAC): (t0-18) vs t0",-77.7085488849326,NA,NA,NA,NA,NA,NA,1.78486766792106e-34,"model_or_emmeans"
"edge_965","TP (CELIAC): (t0-24) vs t0",-9.66131537034222,NA,NA,NA,NA,NA,NA,6.37006768188944e-05,"model_or_emmeans"
"edge_965","TP (CELIAC): (t0-30) vs t0",0.347382257881131,NA,NA,NA,NA,NA,NA,1.41535765359451,"model_or_emmeans"
"edge_965","TP (CELIAC): (t0-36) vs t0",75.5052692872258,NA,NA,NA,NA,NA,NA,6.18759394875279e+32,"model_or_emmeans"
"edge_965","TP (CELIAC): (t0-6) vs t0",16.4185537677921,NA,NA,NA,NA,NA,NA,13504773.4228876,"model_or_emmeans"
"edge_967","TP (CELIAC): (t0-12) vs t0",-63.8423370302462,NA,NA,NA,NA,NA,NA,1.87769615066341e-28,"model_or_emmeans"
"edge_967","TP (CELIAC): (t0-18) vs t0",-53.669075708802,NA,NA,NA,NA,NA,NA,4.91831761106151e-24,"model_or_emmeans"
"edge_967","TP (CELIAC): (t0-24) vs t0",-86.1178736107342,NA,NA,NA,NA,NA,NA,3.97633254366469e-38,"model_or_emmeans"
"edge_967","TP (CELIAC): (t0-30) vs t0",-160.235411982083,NA,NA,NA,NA,NA,NA,2.5742147277285e-70,"model_or_emmeans"
"edge_967","TP (CELIAC): (t0-36) vs t0",-122.162185748969,NA,NA,NA,NA,NA,NA,8.82341755367775e-54,"model_or_emmeans"
"edge_967","TP (CELIAC): (t0-6) vs t0",-1321.56039353015,NA,NA,NA,NA,NA,NA,0,"model_or_emmeans"
"virus_comp_10080_cycle_1","TP (CELIAC): (t0-12) vs t0",-19.3686203194955,NA,NA,NA,NA,NA,NA,3.87538695607105e-09,"model_or_emmeans"
"virus_comp_10080_cycle_1","TP (CELIAC): (t0-18) vs t0",-29.1783752361246,NA,NA,NA,NA,NA,NA,2.12810300049864e-13,"model_or_emmeans"
"virus_comp_10080_cycle_1","TP (CELIAC): (t0-24) vs t0",-0.595298657652691,NA,NA,NA,NA,NA,NA,0.551397862082843,"model_or_emmeans"
"virus_comp_10080_cycle_1","TP (CELIAC): (t0-30) vs t0",-33.0122086911171,NA,NA,NA,NA,NA,NA,4.60235304299532e-15,"model_or_emmeans"
"virus_comp_10080_cycle_1","TP (CELIAC): (t0-36) vs t0",-34.7217751938807,NA,NA,NA,NA,NA,NA,8.3276915591718e-16,"model_or_emmeans"
"virus_comp_10080_cycle_1","TP (CELIAC): (t0-6) vs t0",-49.7382991742171,NA,NA,NA,NA,NA,NA,2.50571186460204e-22,"model_or_emmeans"
"virus_comp_103_cycle_1","TP (CELIAC): (t0-12) vs t0",-1.98847659209042,NA,NA,NA,NA,NA,NA,0.136903827037864,"model_or_emmeans"
"virus_comp_103_cycle_1","TP (CELIAC): (t0-18) vs t0",-125.145496477533,NA,NA,NA,NA,NA,NA,4.46685078132759e-55,"model_or_emmeans"
"virus_comp_103_cycle_1","TP (CELIAC): (t0-24) vs t0",-63.8775337072713,NA,NA,NA,NA,NA,NA,1.81275701044794e-28,"model_or_emmeans"
"virus_comp_103_cycle_1","TP (CELIAC): (t0-30) vs t0",-156.790235148217,NA,NA,NA,NA,NA,NA,8.06986108494506e-69,"model_or_emmeans"
"virus_comp_103_cycle_1","TP (CELIAC): (t0-36) vs t0",-96.0733023471949,NA,NA,NA,NA,NA,NA,1.88753464804936e-42,"model_or_emmeans"
"virus_comp_103_cycle_1","TP (CELIAC): (t0-6) vs t0",-1.98794035599636,NA,NA,NA,NA,NA,NA,0.136977259498145,"model_or_emmeans"
"virus_comp_105_cycle_1","TP (CELIAC): (t0-12) vs t0",-17.4739406743186,NA,NA,NA,NA,NA,NA,2.57729415031856e-08,"model_or_emmeans"
"virus_comp_105_cycle_1","TP (CELIAC): (t0-18) vs t0",-82.2901353876226,NA,NA,NA,NA,NA,NA,1.82746170974617e-36,"model_or_emmeans"
"virus_comp_105_cycle_1","TP (CELIAC): (t0-24) vs t0",-9.33199950792424,NA,NA,NA,NA,NA,NA,8.85450135189874e-05,"model_or_emmeans"
"virus_comp_105_cycle_1","TP (CELIAC): (t0-30) vs t0",-109.812355800627,NA,NA,NA,NA,NA,NA,2.03751038506989e-48,"model_or_emmeans"
"virus_comp_105_cycle_1","TP (CELIAC): (t0-36) vs t0",-39.4035744318089,NA,NA,NA,NA,NA,NA,7.7133858534948e-18,"model_or_emmeans"
"virus_comp_105_cycle_1","TP (CELIAC): (t0-6) vs t0",-221.475426508494,NA,NA,NA,NA,NA,NA,6.52295511613611e-97,"model_or_emmeans"
"virus_comp_1069_cycle_1","TP (CELIAC): (t0-12) vs t0",-34.4859605081982,NA,NA,NA,NA,NA,NA,1.05423552848117e-15,"model_or_emmeans"
"virus_comp_1069_cycle_1","TP (CELIAC): (t0-18) vs t0",-17.0976070705567,NA,NA,NA,NA,NA,NA,3.75494513301518e-08,"model_or_emmeans"
"virus_comp_1069_cycle_1","TP (CELIAC): (t0-24) vs t0",6.97050902482516,NA,NA,NA,NA,NA,NA,1064.76460423441,"model_or_emmeans"
"virus_comp_1069_cycle_1","TP (CELIAC): (t0-30) vs t0",-39.9832119417842,NA,NA,NA,NA,NA,NA,4.32027791390206e-18,"model_or_emmeans"
"virus_comp_1069_cycle_1","TP (CELIAC): (t0-36) vs t0",-38.5833598754055,NA,NA,NA,NA,NA,NA,1.75169993083908e-17,"model_or_emmeans"
"virus_comp_1069_cycle_1","TP (CELIAC): (t0-6) vs t0",-53.8203212618604,NA,NA,NA,NA,NA,NA,4.22796576174679e-24,"model_or_emmeans"
"virus_comp_10904_cycle_1","TP (CELIAC): (t0-12) vs t0",37.3364962249375,NA,NA,NA,NA,NA,NA,16407192898135968,"model_or_emmeans"
"virus_comp_10904_cycle_1","TP (CELIAC): (t0-18) vs t0",-57.6357846202201,NA,NA,NA,NA,NA,NA,9.3131538900802e-26,"model_or_emmeans"
"virus_comp_10904_cycle_1","TP (CELIAC): (t0-24) vs t0",201.048786352678,NA,NA,NA,NA,NA,NA,2.06242662367998e+87,"model_or_emmeans"
"virus_comp_10904_cycle_1","TP (CELIAC): (t0-30) vs t0",286.385160216246,NA,NA,NA,NA,NA,NA,2.3740768922484e+124,"model_or_emmeans"
"virus_comp_10904_cycle_1","TP (CELIAC): (t0-36) vs t0",194.711820448449,NA,NA,NA,NA,NA,NA,3.64980096856984e+84,"model_or_emmeans"
"virus_comp_10904_cycle_1","TP (CELIAC): (t0-6) vs t0",-15.4797847295669,NA,NA,NA,NA,NA,NA,1.89328027781488e-07,"model_or_emmeans"
"virus_comp_1105_cycle_1","TP (CELIAC): (t0-12) vs t0",-5.58155032618927,NA,NA,NA,NA,NA,NA,0.00376672134302761,"model_or_emmeans"
"virus_comp_1105_cycle_1","TP (CELIAC): (t0-18) vs t0",-15.8040581521546,NA,NA,NA,NA,NA,NA,1.36894106923737e-07,"model_or_emmeans"
"virus_comp_1105_cycle_1","TP (CELIAC): (t0-24) vs t0",0.429968855440687,NA,NA,NA,NA,NA,NA,1.53720964708571,"model_or_emmeans"
"virus_comp_1105_cycle_1","TP (CELIAC): (t0-30) vs t0",-33.8954329605366,NA,NA,NA,NA,NA,NA,1.90283225044635e-15,"model_or_emmeans"
"virus_comp_1105_cycle_1","TP (CELIAC): (t0-36) vs t0",-32.1413674080104,NA,NA,NA,NA,NA,NA,1.09946521555172e-14,"model_or_emmeans"
"virus_comp_1105_cycle_1","TP (CELIAC): (t0-6) vs t0",43.2389822024317,NA,NA,NA,NA,NA,NA,6004147788883717120,"model_or_emmeans"
"virus_comp_1133_cycle_1","TP (CELIAC): (t0-12) vs t0",0.295334036332853,NA,NA,NA,NA,NA,NA,1.34357508663124,"model_or_emmeans"
"virus_comp_1133_cycle_1","TP (CELIAC): (t0-18) vs t0",1.39807897003409,NA,NA,NA,NA,NA,NA,4.04741728396753,"model_or_emmeans"
"virus_comp_1133_cycle_1","TP (CELIAC): (t0-24) vs t0",-34.0891637283583,NA,NA,NA,NA,NA,NA,1.56770484335404e-15,"model_or_emmeans"
"virus_comp_1133_cycle_1","TP (CELIAC): (t0-30) vs t0",-29.5857287626379,NA,NA,NA,NA,NA,NA,1.41605869585115e-13,"model_or_emmeans"
"virus_comp_1133_cycle_1","TP (CELIAC): (t0-36) vs t0",-39.6431374893863,NA,NA,NA,NA,NA,NA,6.07021597101342e-18,"model_or_emmeans"
"virus_comp_1133_cycle_1","TP (CELIAC): (t0-6) vs t0",-2.82519601870793,NA,NA,NA,NA,NA,NA,0.0592970323625019,"model_or_emmeans"
"virus_comp_1146_cycle_3","TP (CELIAC): (t0-12) vs t0",-335.178475964694,NA,NA,NA,NA,NA,NA,2.71542264721603e-146,"model_or_emmeans"
"virus_comp_1146_cycle_3","TP (CELIAC): (t0-18) vs t0",-2308.51806741424,NA,NA,NA,NA,NA,NA,0,"model_or_emmeans"
"virus_comp_1146_cycle_3","TP (CELIAC): (t0-24) vs t0",-299.379209184671,NA,NA,NA,NA,NA,NA,9.57770496027172e-131,"model_or_emmeans"
"virus_comp_1146_cycle_3","TP (CELIAC): (t0-30) vs t0",-865.294946869804,NA,NA,NA,NA,NA,NA,0,"model_or_emmeans"
"virus_comp_1146_cycle_3","TP (CELIAC): (t0-36) vs t0",-370.897122682676,NA,NA,NA,NA,NA,NA,8.3449985416741e-162,"model_or_emmeans"
"virus_comp_1146_cycle_3","TP (CELIAC): (t0-6) vs t0",-259.030647226571,NA,NA,NA,NA,NA,NA,3.19462043714467e-113,"model_or_emmeans"
"virus_comp_1147_cycle_1","TP (CELIAC): (t0-12) vs t0",-1218.95588868041,NA,NA,NA,NA,NA,NA,0,"model_or_emmeans"
"virus_comp_1147_cycle_1","TP (CELIAC): (t0-18) vs t0",-2566.17822336897,NA,NA,NA,NA,NA,NA,0,"model_or_emmeans"
"virus_comp_1147_cycle_1","TP (CELIAC): (t0-24) vs t0",-1778.88024621419,NA,NA,NA,NA,NA,NA,0,"model_or_emmeans"
"virus_comp_1147_cycle_1","TP (CELIAC): (t0-30) vs t0",-1882.42846694675,NA,NA,NA,NA,NA,NA,0,"model_or_emmeans"
"virus_comp_1147_cycle_1","TP (CELIAC): (t0-36) vs t0",-1783.81544647554,NA,NA,NA,NA,NA,NA,0,"model_or_emmeans"
"virus_comp_1147_cycle_1","TP (CELIAC): (t0-6) vs t0",-480.128965698363,NA,NA,NA,NA,NA,NA,3.03836255595092e-209,"model_or_emmeans"
"virus_comp_12586_cycle_1","TP (CELIAC): (t0-12) vs t0",-39.5317050656524,NA,NA,NA,NA,NA,NA,6.78576209975669e-18,"model_or_emmeans"
"virus_comp_12586_cycle_1","TP (CELIAC): (t0-18) vs t0",-166.349149782793,NA,NA,NA,NA,NA,NA,5.69484856554668e-73,"model_or_emmeans"
"virus_comp_12586_cycle_1","TP (CELIAC): (t0-24) vs t0",-42.3929161564487,NA,NA,NA,NA,NA,NA,3.88141823153085e-19,"model_or_emmeans"
"virus_comp_12586_cycle_1","TP (CELIAC): (t0-30) vs t0",184.99783031389,NA,NA,NA,NA,NA,NA,2.20565137704903e+80,"model_or_emmeans"
"virus_comp_12586_cycle_1","TP (CELIAC): (t0-36) vs t0",-148.008926957629,NA,NA,NA,NA,NA,NA,5.25460106949522e-65,"model_or_emmeans"
"virus_comp_12586_cycle_1","TP (CELIAC): (t0-6) vs t0",-26.6259386183798,NA,NA,NA,NA,NA,NA,2.73213265777613e-12,"model_or_emmeans"
"virus_comp_12691_cycle_1","TP (CELIAC): (t0-12) vs t0",33.1848793629309,NA,NA,NA,NA,NA,NA,258231959027599,"model_or_emmeans"
"virus_comp_12691_cycle_1","TP (CELIAC): (t0-18) vs t0",-22.4677012510684,NA,NA,NA,NA,NA,NA,1.74743618901158e-10,"model_or_emmeans"
"virus_comp_12691_cycle_1","TP (CELIAC): (t0-24) vs t0",-2.37292318560346,NA,NA,NA,NA,NA,NA,0.0932078637729757,"model_or_emmeans"
"virus_comp_12691_cycle_1","TP (CELIAC): (t0-30) vs t0",65.6596939175041,NA,NA,NA,NA,NA,NA,3.27825514764804e+28,"model_or_emmeans"
"virus_comp_12691_cycle_1","TP (CELIAC): (t0-36) vs t0",57.3714455805876,NA,NA,NA,NA,NA,NA,8.24332142885845e+24,"model_or_emmeans"
"virus_comp_12691_cycle_1","TP (CELIAC): (t0-6) vs t0",-69.2001287992969,NA,NA,NA,NA,NA,NA,8.84638661467224e-31,"model_or_emmeans"
"virus_comp_13158_cycle_1","TP (CELIAC): (t0-12) vs t0",-125.350267330749,NA,NA,NA,NA,NA,NA,3.63974194142713e-55,"model_or_emmeans"
"virus_comp_13158_cycle_1","TP (CELIAC): (t0-18) vs t0",11.7792724020559,NA,NA,NA,NA,NA,NA,130518.779819734,"model_or_emmeans"
"virus_comp_13158_cycle_1","TP (CELIAC): (t0-24) vs t0",-18.690320767866,NA,NA,NA,NA,NA,NA,7.6365434216602e-09,"model_or_emmeans"
"virus_comp_13158_cycle_1","TP (CELIAC): (t0-30) vs t0",544.493822926876,NA,NA,NA,NA,NA,NA,2.9557161702157e+236,"model_or_emmeans"
"virus_comp_13158_cycle_1","TP (CELIAC): (t0-36) vs t0",107.998713619593,NA,NA,NA,NA,NA,NA,8.00286291364026e+46,"model_or_emmeans"
"virus_comp_13158_cycle_1","TP (CELIAC): (t0-6) vs t0",102.421142005287,NA,NA,NA,NA,NA,NA,3.02647299526479e+44,"model_or_emmeans"
"virus_comp_13180_cycle_1","TP (CELIAC): (t0-12) vs t0",-1.88199014122211,NA,NA,NA,NA,NA,NA,0.152286731875895,"model_or_emmeans"
"virus_comp_13180_cycle_1","TP (CELIAC): (t0-18) vs t0",-1.74124471985789,NA,NA,NA,NA,NA,NA,0.17530206280178,"model_or_emmeans"
"virus_comp_13180_cycle_1","TP (CELIAC): (t0-24) vs t0",-173.071104025331,NA,NA,NA,NA,NA,NA,6.85763782607299e-76,"model_or_emmeans"
"virus_comp_13180_cycle_1","TP (CELIAC): (t0-30) vs t0",-431.786403974023,NA,NA,NA,NA,NA,NA,3.00294510523045e-188,"model_or_emmeans"
"virus_comp_13180_cycle_1","TP (CELIAC): (t0-36) vs t0",-168.991353375837,NA,NA,NA,NA,NA,NA,4.05497087772263e-74,"model_or_emmeans"
"virus_comp_13180_cycle_1","TP (CELIAC): (t0-6) vs t0",-2.42171081916067,NA,NA,NA,NA,NA,NA,0.088769618710699,"model_or_emmeans"
"virus_comp_13210_cycle_1","TP (CELIAC): (t0-12) vs t0",-162.019205248673,NA,NA,NA,NA,NA,NA,4.32467223589795e-71,"model_or_emmeans"
"virus_comp_13210_cycle_1","TP (CELIAC): (t0-18) vs t0",-71.7586253633659,NA,NA,NA,NA,NA,NA,6.84896545529151e-32,"model_or_emmeans"
"virus_comp_13210_cycle_1","TP (CELIAC): (t0-24) vs t0",-99.4319211126383,NA,NA,NA,NA,NA,NA,6.56546266068125e-44,"model_or_emmeans"
"virus_comp_13210_cycle_1","TP (CELIAC): (t0-30) vs t0",247.407807441602,NA,NA,NA,NA,NA,NA,2.80443611778815e+107,"model_or_emmeans"
"virus_comp_13210_cycle_1","TP (CELIAC): (t0-36) vs t0",-20.4188580878054,NA,NA,NA,NA,NA,NA,1.35582177856152e-09,"model_or_emmeans"
"virus_comp_13210_cycle_1","TP (CELIAC): (t0-6) vs t0",-97.0373420040783,NA,NA,NA,NA,NA,NA,7.19809922517776e-43,"model_or_emmeans"
"virus_comp_13432_cycle_1","(Intercept)",-724.288546098809,2.26245455563641,-320.133964368214,0,0,-728.722875544515,-719.854216653103,NA,"model_or_emmeans"
"virus_comp_13432_cycle_1","Age.at.Gluten.Introduction..months.",103.374255842688,0.256299148660822,403.334370725864,0,0,102.871918742044,103.876592943331,NA,"model_or_emmeans"
"virus_comp_13432_cycle_1","CONTROL vs CELIAC @ t0",175.863806041883,55266728100.5576,-3.18209186767668e-09,0.999999997461058,0.999999997461058,NA,NA,2.38056766591866e+76,"between_groups"
"virus_comp_13432_cycle_1","CONTROL vs CELIAC @ t0-12",273.064281161217,60173246021.5053,-4.53796827021142e-09,0.999999996379225,0.999999996379225,NA,NA,3.89323405143586e+118,"between_groups"
"virus_comp_13432_cycle_1","CONTROL vs CELIAC @ t0-18",284.473999578289,6829569092650.36,-4.16532867182536e-11,0.999999999966765,0.999999999966765,NA,NA,3.51146433529506e+123,"between_groups"
"virus_comp_13432_cycle_1","CONTROL vs CELIAC @ t0-24",287.013668818061,15502727481000.6,-1.85137530908552e-11,0.999999999985228,0.999999999985228,NA,NA,4.45094879939815e+124,"between_groups"
"virus_comp_13432_cycle_1","CONTROL vs CELIAC @ t0-30",155.74126280328,2.01467352439962e+84,-7.73034741942574e-83,1,1,NA,NA,4.34081263068922e+67,"between_groups"
"virus_comp_13432_cycle_1","CONTROL vs CELIAC @ t0-36",166.82798304109,5.29420780952531e+128,-3.15114156911132e-127,1,1,NA,NA,2.83447389646171e+72,"between_groups"
"virus_comp_13432_cycle_1","CONTROL vs CELIAC @ t0-6",86.6545340425211,55188068827.7424,-1.57016789830053e-09,0.999999998747187,0.999999998747187,NA,NA,4.30116364730235e+37,"between_groups"
"virus_comp_13432_cycle_1","Delivery.ModeC-Section",-104.279401790205,1.59231663197539,-65.4891117106766,0,0,-107.400285040861,-101.158518539549,NA,"model_or_emmeans"
"virus_comp_13432_cycle_1","Dx.StatusCELIAC",-175.863806041883,55266728100.5576,-3.18209186767668e-09,0.999999997461058,0.999999997461058,-108320796796.324,108320796444.597,NA,"model_or_emmeans"
"virus_comp_13432_cycle_1","Dx.StatusCELIAC:onset_timeline_combinedt0-12",-97.2004751193343,91444317.048522,-1.06294713828699e-06,0.999999151890889,0.999999151890889,-179227665.20644,179227470.80549,NA,"model_or_emmeans"
"virus_comp_13432_cycle_1","Dx.StatusCELIAC:onset_timeline_combinedt0-18",-108.610193536406,6829304004077.35,-1.59035523197623e-11,0.999999999987311,0.999999999987311,-13385189887575.4,13385189887358.2,NA,"model_or_emmeans"
"virus_comp_13432_cycle_1","Dx.StatusCELIAC:onset_timeline_combinedt0-24",-111.149862776178,15502610700749.2,-7.16975127104279e-12,0.999999999994279,0.999999999994279,-30384558639924.9,30384558639702.6,NA,"model_or_emmeans"
"virus_comp_13432_cycle_1","Dx.StatusCELIAC:onset_timeline_combinedt0-30",20.1225432386025,2.01467352439962e+84,9.98799209643607e-84,1,1,-3.94868754842964e+84,3.94868754842964e+84,NA,"model_or_emmeans"
"virus_comp_13432_cycle_1","Dx.StatusCELIAC:onset_timeline_combinedt0-36",9.0358230007929,5.29420780952531e+128,1.70673749990238e-128,1,1,-1.03764566333403e+129,1.03764566333403e+129,NA,"model_or_emmeans"
"virus_comp_13432_cycle_1","Dx.StatusCELIAC:onset_timeline_combinedt0-6",89.2092719993614,114156618.234201,7.81463864112912e-07,0.999999376482048,0.999999376482048,-223742771.126651,223742949.545195,NA,"model_or_emmeans"
"virus_comp_13432_cycle_1","HLA.CategoryHigh Risk",-187.366673723887,46030633833.7849,-4.07047781267714e-09,0.999999996752229,0.999999996752229,-90218384687.1359,90218384312.4026,NA,"model_or_emmeans"
"virus_comp_13432_cycle_1","HLA.CategoryLow/No Risk",-115.210747554257,Inf,0,1,1,-Inf,Inf,NA,"model_or_emmeans"
"virus_comp_13432_cycle_1","SexMale",-608.344119357917,2.18588382880095e+42,-2.78305787042498e-40,1,1,-4.28425357883837e+42,4.28425357883837e+42,NA,"model_or_emmeans"
"virus_comp_13432_cycle_1","TP (CELIAC): (t0-12) vs t0",6.08168708157064,91444317.173096,6.65069986805035e-08,1,1,-235999895.68699,235999907.850364,437.767120914447,"model_or_emmeans"
"virus_comp_13432_cycle_1","TP (CELIAC): (t0-18) vs t0",-5.32803158204189,6829304004077.35,-7.8017197343402e-13,1,1,-17625098244873.4,17625098244862.7,0.00485361455739664,"model_or_emmeans"
"virus_comp_13432_cycle_1","TP (CELIAC): (t0-24) vs t0",-6.9675939965209,15502610700749.2,-4.49446492014675e-13,1,1,-40009206866404.5,40009206866390.6,0.00094191643593539,"model_or_emmeans"
"virus_comp_13432_cycle_1","TP (CELIAC): (t0-30) vs t0",-276.227035998529,NA,NA,NA,NA,NA,NA,1.08673214470229e-120,"model_or_emmeans"
"virus_comp_13432_cycle_1","TP (CELIAC): (t0-36) vs t0",-311.98304765467,5.29420780952531e+128,-5.89291276200665e-127,1,1,-1.36633151366407e+129,1.36633151366407e+129,3.21724367852444e-136,"model_or_emmeans"
"virus_comp_13432_cycle_1","TP (CELIAC): (t0-6) vs t0",41.4791546468433,NA,NA,NA,NA,NA,NA,1033160936181059456,"model_or_emmeans"
"virus_comp_13432_cycle_1","feeding_first_yearBreastmilk_and_formula",0.626756360667789,1.44304715419658,0.434328399349318,0.664049983870644,0.664049983870644,-2.20156408955053,3.4550768108861,NA,"model_or_emmeans"
"virus_comp_13432_cycle_1","feeding_first_yearFormula",-550.983538446991,6.68769395822933e+81,-8.23876723259735e-80,1,1,-1.31076392977556e+82,1.31076392977556e+82,NA,"model_or_emmeans"
"virus_comp_13432_cycle_1","onset_timeline_combinedt0-12",103.282162200905,1.87240335559353,55.1602099474798,0,0,99.6123190594097,106.9520053424,NA,"model_or_emmeans"
"virus_comp_13432_cycle_1","onset_timeline_combinedt0-18",103.282161954364,1.87240339111023,55.1602087695024,0,0,99.6123187432577,106.952005165471,NA,"model_or_emmeans"
"virus_comp_13432_cycle_1","onset_timeline_combinedt0-24",104.182268779658,1.95963776680263,53.1640441639594,0,0,100.34144933398,108.023088225335,NA,"model_or_emmeans"
"virus_comp_13432_cycle_1","onset_timeline_combinedt0-30",-296.349579237132,2.01467352442828e+84,-1.47095584293852e-82,1,1,-3.9486875484858e+84,3.9486875484858e+84,NA,"model_or_emmeans"
"virus_comp_13432_cycle_1","onset_timeline_combinedt0-36",-321.018870655463,1.50878966090189e+92,-2.12765820825926e-90,1,1,-2.95717339561411e+92,2.95717339561411e+92,NA,"model_or_emmeans"
"virus_comp_138_cycle_1","TP (CELIAC): (t0-12) vs t0",-30.924791942476,NA,NA,NA,NA,NA,NA,3.71136361180373e-14,"model_or_emmeans"
"virus_comp_138_cycle_1","TP (CELIAC): (t0-18) vs t0",-46.1502777761683,NA,NA,NA,NA,NA,NA,9.06126900212937e-21,"model_or_emmeans"
"virus_comp_138_cycle_1","TP (CELIAC): (t0-24) vs t0",-45.9863969366087,NA,NA,NA,NA,NA,NA,1.0674844756222e-20,"model_or_emmeans"
"virus_comp_138_cycle_1","TP (CELIAC): (t0-30) vs t0",-46.8371511824457,NA,NA,NA,NA,NA,NA,4.55914802947649e-21,"model_or_emmeans"
"virus_comp_138_cycle_1","TP (CELIAC): (t0-36) vs t0",-40.1329699700063,NA,NA,NA,NA,NA,NA,3.71939754122729e-18,"model_or_emmeans"
"virus_comp_138_cycle_1","TP (CELIAC): (t0-6) vs t0",0.562461985375858,NA,NA,NA,NA,NA,NA,1.75498794048527,"model_or_emmeans"
"virus_comp_13909_cycle_1","TP (CELIAC): (t0-12) vs t0",-87.917714719381,NA,NA,NA,NA,NA,NA,6.57387793605269e-39,"model_or_emmeans"
"virus_comp_13909_cycle_1","TP (CELIAC): (t0-18) vs t0",23.0958583139253,NA,NA,NA,NA,NA,NA,10725161006.6758,"model_or_emmeans"
"virus_comp_13909_cycle_1","TP (CELIAC): (t0-24) vs t0",-116.928524538586,NA,NA,NA,NA,NA,NA,1.65419618845363e-51,"model_or_emmeans"
"virus_comp_13909_cycle_1","TP (CELIAC): (t0-30) vs t0",231.428994871712,NA,NA,NA,NA,NA,NA,3.22355752883112e+100,"model_or_emmeans"
"virus_comp_13909_cycle_1","TP (CELIAC): (t0-36) vs t0",63.6820814493742,NA,NA,NA,NA,NA,NA,4.5370813847696e+27,"model_or_emmeans"
"virus_comp_13909_cycle_1","TP (CELIAC): (t0-6) vs t0",-38.1706264119487,NA,NA,NA,NA,NA,NA,2.64671743646424e-17,"model_or_emmeans"
"virus_comp_14513_cycle_1","TP (CELIAC): (t0-12) vs t0",36.2608322389514,NA,NA,NA,NA,NA,NA,5596021193421158,"model_or_emmeans"
"virus_comp_14513_cycle_1","TP (CELIAC): (t0-18) vs t0",40.6010440967977,NA,NA,NA,NA,NA,NA,429347966933162944,"model_or_emmeans"
"virus_comp_14513_cycle_1","TP (CELIAC): (t0-24) vs t0",38.6337528838461,NA,NA,NA,NA,NA,NA,60037927585263408,"model_or_emmeans"
"virus_comp_14513_cycle_1","TP (CELIAC): (t0-30) vs t0",109.731830291401,NA,NA,NA,NA,NA,NA,4.52822903103736e+47,"model_or_emmeans"
"virus_comp_14513_cycle_1","TP (CELIAC): (t0-36) vs t0",-26.8820163029476,NA,NA,NA,NA,NA,NA,2.11489425366452e-12,"model_or_emmeans"
"virus_comp_14513_cycle_1","TP (CELIAC): (t0-6) vs t0",108.720256117743,NA,NA,NA,NA,NA,NA,1.6466727667402e+47,"model_or_emmeans"
"virus_comp_14666_cycle_1","TP (CELIAC): (t0-12) vs t0",97.6479466426984,NA,NA,NA,NA,NA,NA,2.55837614009151e+42,"model_or_emmeans"
"virus_comp_14666_cycle_1","TP (CELIAC): (t0-18) vs t0",-98.3643863643718,NA,NA,NA,NA,NA,NA,1.90936864369041e-43,"model_or_emmeans"
"virus_comp_14666_cycle_1","TP (CELIAC): (t0-24) vs t0",104.050183542159,NA,NA,NA,NA,NA,NA,1.54319409698917e+45,"model_or_emmeans"
"virus_comp_14666_cycle_1","TP (CELIAC): (t0-30) vs t0",101.447307407564,NA,NA,NA,NA,NA,NA,1.14289362709876e+44,"model_or_emmeans"
"virus_comp_14666_cycle_1","TP (CELIAC): (t0-36) vs t0",70.0945704735914,NA,NA,NA,NA,NA,NA,2.76493654064837e+30,"model_or_emmeans"
"virus_comp_14666_cycle_1","TP (CELIAC): (t0-6) vs t0",-110.6037377164,NA,NA,NA,NA,NA,NA,9.23436490001782e-49,"model_or_emmeans"
"virus_comp_14703_cycle_1","TP (CELIAC): (t0-12) vs t0",-139.855150290196,NA,NA,NA,NA,NA,NA,1.82675356353967e-61,"model_or_emmeans"
"virus_comp_14703_cycle_1","TP (CELIAC): (t0-18) vs t0",-394.060089379393,NA,NA,NA,NA,NA,NA,7.27574792681205e-172,"model_or_emmeans"
"virus_comp_14703_cycle_1","TP (CELIAC): (t0-24) vs t0",-129.226577913818,NA,NA,NA,NA,NA,NA,7.54414968584882e-57,"model_or_emmeans"
"virus_comp_14703_cycle_1","TP (CELIAC): (t0-30) vs t0",392.934884899811,NA,NA,NA,NA,NA,NA,4.46120581154426e+170,"model_or_emmeans"
"virus_comp_14703_cycle_1","TP (CELIAC): (t0-36) vs t0",-169.554927132622,NA,NA,NA,NA,NA,NA,2.30797322802793e-74,"model_or_emmeans"
"virus_comp_14703_cycle_1","TP (CELIAC): (t0-6) vs t0",-109.592041675451,NA,NA,NA,NA,NA,NA,2.53969193505382e-48,"model_or_emmeans"
"virus_comp_15056_cycle_1","TP (CELIAC): (t0-12) vs t0",1.18944131837888,NA,NA,NA,NA,NA,NA,3.28524528842028,"model_or_emmeans"
"virus_comp_15056_cycle_1","TP (CELIAC): (t0-18) vs t0",-19.1303553059083,NA,NA,NA,NA,NA,NA,4.9180422322478e-09,"model_or_emmeans"
"virus_comp_15056_cycle_1","TP (CELIAC): (t0-24) vs t0",-23.2962503001902,NA,NA,NA,NA,NA,NA,7.63074684147629e-11,"model_or_emmeans"
"virus_comp_15056_cycle_1","TP (CELIAC): (t0-30) vs t0",2.74449734832496,NA,NA,NA,NA,NA,NA,15.5567923188584,"model_or_emmeans"
"virus_comp_15056_cycle_1","TP (CELIAC): (t0-36) vs t0",-26.833526852924,NA,NA,NA,NA,NA,NA,2.21997128919291e-12,"model_or_emmeans"
"virus_comp_15056_cycle_1","TP (CELIAC): (t0-6) vs t0",-21.9818790551294,NA,NA,NA,NA,NA,NA,2.84047665628756e-10,"model_or_emmeans"
"virus_comp_15100_cycle_1","TP (CELIAC): (t0-12) vs t0",-189.398913290329,NA,NA,NA,NA,NA,NA,5.56028534604428e-83,"model_or_emmeans"
"virus_comp_15100_cycle_1","TP (CELIAC): (t0-18) vs t0",-197.769229331572,NA,NA,NA,NA,NA,NA,1.28799747324738e-86,"model_or_emmeans"
"virus_comp_15100_cycle_1","TP (CELIAC): (t0-24) vs t0",-5.22043811792646,NA,NA,NA,NA,NA,NA,0.00540496059750178,"model_or_emmeans"
"virus_comp_15100_cycle_1","TP (CELIAC): (t0-30) vs t0",-5.45181208446981,NA,NA,NA,NA,NA,NA,0.00428852647326661,"model_or_emmeans"
"virus_comp_15100_cycle_1","TP (CELIAC): (t0-36) vs t0",-7.69592637370813,NA,NA,NA,NA,NA,NA,0.000454675593916453,"model_or_emmeans"
"virus_comp_15100_cycle_1","TP (CELIAC): (t0-6) vs t0",-83.561529038521,NA,NA,NA,NA,NA,NA,5.12494299614231e-37,"model_or_emmeans"
"virus_comp_15228_cycle_1","TP (CELIAC): (t0-12) vs t0",-1.57622721073493,NA,NA,NA,NA,NA,NA,0.206753666608011,"model_or_emmeans"
"virus_comp_15228_cycle_1","TP (CELIAC): (t0-18) vs t0",-65.4969483687393,NA,NA,NA,NA,NA,NA,3.58952301255066e-29,"model_or_emmeans"
"virus_comp_15228_cycle_1","TP (CELIAC): (t0-24) vs t0",-3.53959522965573,NA,NA,NA,NA,NA,NA,0.0290250731936668,"model_or_emmeans"
"virus_comp_15228_cycle_1","TP (CELIAC): (t0-30) vs t0",-63.5075486685031,NA,NA,NA,NA,NA,NA,2.62435180816958e-28,"model_or_emmeans"
"virus_comp_15228_cycle_1","TP (CELIAC): (t0-36) vs t0",-54.4529110269715,NA,NA,NA,NA,NA,NA,2.24595586332046e-24,"model_or_emmeans"
"virus_comp_15228_cycle_1","TP (CELIAC): (t0-6) vs t0",-1.62346226996624,NA,NA,NA,NA,NA,NA,0.197214705130551,"model_or_emmeans"
"virus_comp_1533_cycle_1","TP (CELIAC): (t0-12) vs t0",-6.92772131112,NA,NA,NA,NA,NA,NA,0.000980231969125645,"model_or_emmeans"
"virus_comp_1533_cycle_1","TP (CELIAC): (t0-18) vs t0",-41.0482470512223,NA,NA,NA,NA,NA,NA,1.48926784898239e-18,"model_or_emmeans"
"virus_comp_1533_cycle_1","TP (CELIAC): (t0-24) vs t0",-135.229696759914,NA,NA,NA,NA,NA,NA,1.86418456465544e-59,"model_or_emmeans"
"virus_comp_1533_cycle_1","TP (CELIAC): (t0-30) vs t0",-121.866998933885,NA,NA,NA,NA,NA,NA,1.18531788358119e-53,"model_or_emmeans"
"virus_comp_1533_cycle_1","TP (CELIAC): (t0-36) vs t0",-139.661832574491,NA,NA,NA,NA,NA,NA,2.21634202003286e-61,"model_or_emmeans"
"virus_comp_1533_cycle_1","TP (CELIAC): (t0-6) vs t0",28.3625840154798,NA,NA,NA,NA,NA,NA,2078326285898.46,"model_or_emmeans"
"virus_comp_16041_cycle_1","TP (CELIAC): (t0-12) vs t0",-200.412094916614,NA,NA,NA,NA,NA,NA,9.16501269875825e-88,"model_or_emmeans"
"virus_comp_16041_cycle_1","TP (CELIAC): (t0-18) vs t0",-55.880191051781,NA,NA,NA,NA,NA,NA,5.38941191920804e-25,"model_or_emmeans"
"virus_comp_16041_cycle_1","TP (CELIAC): (t0-24) vs t0",17.3785231451989,NA,NA,NA,NA,NA,NA,35269289.069306,"model_or_emmeans"
"virus_comp_16041_cycle_1","TP (CELIAC): (t0-30) vs t0",-101.205880044058,NA,NA,NA,NA,NA,NA,1.11389629830621e-44,"model_or_emmeans"
"virus_comp_16041_cycle_1","TP (CELIAC): (t0-36) vs t0",-89.7655729904067,NA,NA,NA,NA,NA,NA,1.03587412590216e-39,"model_or_emmeans"
"virus_comp_16041_cycle_1","TP (CELIAC): (t0-6) vs t0",-232.662251354488,NA,NA,NA,NA,NA,NA,9.03791160803246e-102,"model_or_emmeans"
"virus_comp_16189_cycle_1","TP (CELIAC): (t0-12) vs t0",45.2941702557804,NA,NA,NA,NA,NA,NA,46882223881438298112,"model_or_emmeans"
"virus_comp_16189_cycle_1","TP (CELIAC): (t0-18) vs t0",-87.322355107525,NA,NA,NA,NA,NA,NA,1.19229309829461e-38,"model_or_emmeans"
"virus_comp_16189_cycle_1","TP (CELIAC): (t0-24) vs t0",-18.0374777444834,NA,NA,NA,NA,NA,NA,1.46697579515167e-08,"model_or_emmeans"
"virus_comp_16189_cycle_1","TP (CELIAC): (t0-30) vs t0",45.7352436662943,NA,NA,NA,NA,NA,NA,72872547632147849216,"model_or_emmeans"
"virus_comp_16189_cycle_1","TP (CELIAC): (t0-36) vs t0",-24.0812046830289,NA,NA,NA,NA,NA,NA,3.48069274943704e-11,"model_or_emmeans"
"virus_comp_16189_cycle_1","TP (CELIAC): (t0-6) vs t0",-72.8703076556006,NA,NA,NA,NA,NA,NA,2.25334396643755e-32,"model_or_emmeans"
"virus_comp_16215_cycle_1","TP (CELIAC): (t0-12) vs t0",-81.7888265614537,NA,NA,NA,NA,NA,NA,3.01692103454324e-36,"model_or_emmeans"
"virus_comp_16215_cycle_1","TP (CELIAC): (t0-18) vs t0",-239.59381901256,NA,NA,NA,NA,NA,NA,8.82523959314129e-105,"model_or_emmeans"
"virus_comp_16215_cycle_1","TP (CELIAC): (t0-24) vs t0",-120.571934119324,NA,NA,NA,NA,NA,NA,4.32787132102148e-53,"model_or_emmeans"
"virus_comp_16215_cycle_1","TP (CELIAC): (t0-30) vs t0",128.255853930737,NA,NA,NA,NA,NA,NA,5.02122443875507e+55,"model_or_emmeans"
"virus_comp_16215_cycle_1","TP (CELIAC): (t0-36) vs t0",-103.293307293412,NA,NA,NA,NA,NA,NA,1.38129558895831e-45,"model_or_emmeans"
"virus_comp_16215_cycle_1","TP (CELIAC): (t0-6) vs t0",-109.015017540885,NA,NA,NA,NA,NA,NA,4.52250897510137e-48,"model_or_emmeans"
"virus_comp_16477_cycle_1","TP (CELIAC): (t0-12) vs t0",152.094888788446,NA,NA,NA,NA,NA,NA,1.13232455815619e+66,"model_or_emmeans"
"virus_comp_16477_cycle_1","TP (CELIAC): (t0-18) vs t0",-144.893081769074,NA,NA,NA,NA,NA,NA,1.18504303401404e-63,"model_or_emmeans"
"virus_comp_16477_cycle_1","TP (CELIAC): (t0-24) vs t0",299.733307606457,NA,NA,NA,NA,NA,NA,1.48772114639273e+130,"model_or_emmeans"
"virus_comp_16477_cycle_1","TP (CELIAC): (t0-30) vs t0",-164.284149413899,NA,NA,NA,NA,NA,NA,4.49055939867811e-72,"model_or_emmeans"
"virus_comp_16477_cycle_1","TP (CELIAC): (t0-36) vs t0",294.513749201332,NA,NA,NA,NA,NA,NA,8.04815112459709e+127,"model_or_emmeans"
"virus_comp_16477_cycle_1","TP (CELIAC): (t0-6) vs t0",1.82898840184689,NA,NA,NA,NA,NA,NA,6.22758365888313,"model_or_emmeans"
"virus_comp_16559_cycle_1","TP (CELIAC): (t0-12) vs t0",-3.4099239582157,NA,NA,NA,NA,NA,NA,0.0330437129832492,"model_or_emmeans"
"virus_comp_16559_cycle_1","TP (CELIAC): (t0-18) vs t0",-3.34472053545403,NA,NA,NA,NA,NA,NA,0.0352700705146811,"model_or_emmeans"
"virus_comp_16559_cycle_1","TP (CELIAC): (t0-24) vs t0",-87.5939840044746,NA,NA,NA,NA,NA,NA,9.08690732742983e-39,"model_or_emmeans"
"virus_comp_16559_cycle_1","TP (CELIAC): (t0-30) vs t0",-217.227690941907,NA,NA,NA,NA,NA,NA,4.56260116825637e-95,"model_or_emmeans"
"virus_comp_16559_cycle_1","TP (CELIAC): (t0-36) vs t0",-90.6903609993894,NA,NA,NA,NA,NA,NA,4.10843723074798e-40,"model_or_emmeans"
"virus_comp_16559_cycle_1","TP (CELIAC): (t0-6) vs t0",-2.26346203641276,NA,NA,NA,NA,NA,NA,0.10398984421241,"model_or_emmeans"
"virus_comp_16586_cycle_1","TP (CELIAC): (t0-12) vs t0",-88.244437586626,NA,NA,NA,NA,NA,NA,4.74163038735369e-39,"model_or_emmeans"
"virus_comp_16586_cycle_1","TP (CELIAC): (t0-18) vs t0",-3.87687581836481,NA,NA,NA,NA,NA,NA,0.0207154429968338,"model_or_emmeans"
"virus_comp_16586_cycle_1","TP (CELIAC): (t0-24) vs t0",-5.47649252737881,NA,NA,NA,NA,NA,NA,0.0041839791839853,"model_or_emmeans"
"virus_comp_16586_cycle_1","TP (CELIAC): (t0-30) vs t0",-9.6664698014582,NA,NA,NA,NA,NA,NA,6.3373180821051e-05,"model_or_emmeans"
"virus_comp_16586_cycle_1","TP (CELIAC): (t0-36) vs t0",-7.78383068697319,NA,NA,NA,NA,NA,NA,0.000416413963895947,"model_or_emmeans"
"virus_comp_16586_cycle_1","TP (CELIAC): (t0-6) vs t0",-21.7748104148984,NA,NA,NA,NA,NA,NA,3.49397660191395e-10,"model_or_emmeans"
"virus_comp_16658_cycle_1","TP (CELIAC): (t0-12) vs t0",-55.5170240411728,NA,NA,NA,NA,NA,NA,7.74930594350677e-25,"model_or_emmeans"
"virus_comp_16658_cycle_1","TP (CELIAC): (t0-18) vs t0",-55.3424300287481,NA,NA,NA,NA,NA,NA,9.22758434140588e-25,"model_or_emmeans"
"virus_comp_16658_cycle_1","TP (CELIAC): (t0-24) vs t0",-17.2596919621509,NA,NA,NA,NA,NA,NA,3.19308898398379e-08,"model_or_emmeans"
"virus_comp_16658_cycle_1","TP (CELIAC): (t0-30) vs t0",-56.6971930826934,NA,NA,NA,NA,NA,NA,2.38079446822022e-25,"model_or_emmeans"
"virus_comp_16658_cycle_1","TP (CELIAC): (t0-36) vs t0",-46.5716756097209,NA,NA,NA,NA,NA,NA,5.94536154434559e-21,"model_or_emmeans"
"virus_comp_16658_cycle_1","TP (CELIAC): (t0-6) vs t0",-89.766020175582,NA,NA,NA,NA,NA,NA,1.0354110019084e-39,"model_or_emmeans"
"virus_comp_16682_cycle_1","TP (CELIAC): (t0-12) vs t0",49.99943038231,NA,NA,NA,NA,NA,NA,5.1817530695668e+21,"model_or_emmeans"
"virus_comp_16682_cycle_1","TP (CELIAC): (t0-18) vs t0",90.0400373982356,NA,NA,NA,NA,NA,NA,1.27025640204584e+39,"model_or_emmeans"
"virus_comp_16682_cycle_1","TP (CELIAC): (t0-24) vs t0",59.8948585781681,NA,NA,NA,NA,NA,NA,1.02803186159584e+26,"model_or_emmeans"
"virus_comp_16682_cycle_1","TP (CELIAC): (t0-30) vs t0",-132.622533017117,NA,NA,NA,NA,NA,NA,2.52793402070083e-58,"model_or_emmeans"
"virus_comp_16682_cycle_1","TP (CELIAC): (t0-36) vs t0",-87.7120371856622,NA,NA,NA,NA,NA,NA,8.07506921917101e-39,"model_or_emmeans"
"virus_comp_16682_cycle_1","TP (CELIAC): (t0-6) vs t0",41.0763817512706,NA,NA,NA,NA,NA,NA,690630781697636096,"model_or_emmeans"
"virus_comp_16865_cycle_1","TP (CELIAC): (t0-12) vs t0",-522.759684219518,NA,NA,NA,NA,NA,NA,9.29723443286316e-228,"model_or_emmeans"
"virus_comp_16865_cycle_1","TP (CELIAC): (t0-18) vs t0",-218.0371649738,NA,NA,NA,NA,NA,NA,2.03077777615035e-95,"model_or_emmeans"
"virus_comp_16865_cycle_1","TP (CELIAC): (t0-24) vs t0",-225.537164965228,NA,NA,NA,NA,NA,NA,1.12319145685997e-98,"model_or_emmeans"
"virus_comp_16865_cycle_1","TP (CELIAC): (t0-30) vs t0",51.2218921126699,NA,NA,NA,NA,NA,NA,1.75948308956443e+22,"model_or_emmeans"
"virus_comp_16865_cycle_1","TP (CELIAC): (t0-36) vs t0",-121.28247818939,NA,NA,NA,NA,NA,NA,2.12661547970514e-53,"model_or_emmeans"
"virus_comp_16865_cycle_1","TP (CELIAC): (t0-6) vs t0",-813.051460681674,NA,NA,NA,NA,NA,NA,0,"model_or_emmeans"
"virus_comp_16893_cycle_1","TP (CELIAC): (t0-12) vs t0",-18.180779905218,NA,NA,NA,NA,NA,NA,1.27112309789659e-08,"model_or_emmeans"
"virus_comp_16893_cycle_1","TP (CELIAC): (t0-18) vs t0",-17.6052587047314,NA,NA,NA,NA,NA,NA,2.26012933431764e-08,"model_or_emmeans"
"virus_comp_16893_cycle_1","TP (CELIAC): (t0-24) vs t0",20.3433498776635,NA,NA,NA,NA,NA,NA,683918883.830667,"model_or_emmeans"
"virus_comp_16893_cycle_1","TP (CELIAC): (t0-30) vs t0",46.9149421679451,NA,NA,NA,NA,NA,NA,2.37083048188608e+20,"model_or_emmeans"
"virus_comp_16893_cycle_1","TP (CELIAC): (t0-36) vs t0",-36.1669365267662,NA,NA,NA,NA,NA,NA,1.96290390534427e-16,"model_or_emmeans"
"virus_comp_16893_cycle_1","TP (CELIAC): (t0-6) vs t0",-18.5381093285007,NA,NA,NA,NA,NA,NA,8.89204012385154e-09,"model_or_emmeans"
"virus_comp_169_cycle_1","TP (CELIAC): (t0-12) vs t0",-30.924791942476,NA,NA,NA,NA,NA,NA,3.71136361180373e-14,"model_or_emmeans"
"virus_comp_169_cycle_1","TP (CELIAC): (t0-18) vs t0",-46.1502777761683,NA,NA,NA,NA,NA,NA,9.06126900212937e-21,"model_or_emmeans"
"virus_comp_169_cycle_1","TP (CELIAC): (t0-24) vs t0",-45.9863969366087,NA,NA,NA,NA,NA,NA,1.0674844756222e-20,"model_or_emmeans"
"virus_comp_169_cycle_1","TP (CELIAC): (t0-30) vs t0",-46.8371511824457,NA,NA,NA,NA,NA,NA,4.55914802947649e-21,"model_or_emmeans"
"virus_comp_169_cycle_1","TP (CELIAC): (t0-36) vs t0",-40.1329699700063,NA,NA,NA,NA,NA,NA,3.71939754122729e-18,"model_or_emmeans"
"virus_comp_169_cycle_1","TP (CELIAC): (t0-6) vs t0",0.562461985375858,NA,NA,NA,NA,NA,NA,1.75498794048527,"model_or_emmeans"
"virus_comp_17302_cycle_1","TP (CELIAC): (t0-12) vs t0",75.7410712808362,NA,NA,NA,NA,NA,NA,7.83302135781313e+32,"model_or_emmeans"
"virus_comp_17302_cycle_1","TP (CELIAC): (t0-18) vs t0",7.27817342728605,NA,NA,NA,NA,NA,NA,1448.34010902135,"model_or_emmeans"
"virus_comp_17302_cycle_1","TP (CELIAC): (t0-24) vs t0",42.0324492861175,NA,NA,NA,NA,NA,NA,1796638847244893184,"model_or_emmeans"
"virus_comp_17302_cycle_1","TP (CELIAC): (t0-30) vs t0",-24.6526204203683,NA,NA,NA,NA,NA,NA,1.96563549972748e-11,"model_or_emmeans"
"virus_comp_17302_cycle_1","TP (CELIAC): (t0-36) vs t0",-64.341354861377,NA,NA,NA,NA,NA,NA,1.13999940725698e-28,"model_or_emmeans"
"virus_comp_17302_cycle_1","TP (CELIAC): (t0-6) vs t0",3.34576169117745,NA,NA,NA,NA,NA,NA,28.382185896042,"model_or_emmeans"
"virus_comp_174_cycle_1","TP (CELIAC): (t0-12) vs t0",-30.924791942476,NA,NA,NA,NA,NA,NA,3.71136361180373e-14,"model_or_emmeans"
"virus_comp_174_cycle_1","TP (CELIAC): (t0-18) vs t0",-46.1502777761683,NA,NA,NA,NA,NA,NA,9.06126900212937e-21,"model_or_emmeans"
"virus_comp_174_cycle_1","TP (CELIAC): (t0-24) vs t0",-45.9863969366087,NA,NA,NA,NA,NA,NA,1.0674844756222e-20,"model_or_emmeans"
"virus_comp_174_cycle_1","TP (CELIAC): (t0-30) vs t0",-46.8371511824457,NA,NA,NA,NA,NA,NA,4.55914802947649e-21,"model_or_emmeans"
"virus_comp_174_cycle_1","TP (CELIAC): (t0-36) vs t0",-40.1329699700063,NA,NA,NA,NA,NA,NA,3.71939754122729e-18,"model_or_emmeans"
"virus_comp_174_cycle_1","TP (CELIAC): (t0-6) vs t0",0.562461985375858,NA,NA,NA,NA,NA,NA,1.75498794048527,"model_or_emmeans"
"virus_comp_17782_cycle_1","TP (CELIAC): (t0-12) vs t0",-1.20972102540777,NA,NA,NA,NA,NA,NA,0.298280480499272,"model_or_emmeans"
"virus_comp_17782_cycle_1","TP (CELIAC): (t0-18) vs t0",-13.8516194357834,NA,NA,NA,NA,NA,NA,9.64535271269147e-07,"model_or_emmeans"
"virus_comp_17782_cycle_1","TP (CELIAC): (t0-24) vs t0",-27.4396511702365,NA,NA,NA,NA,NA,NA,1.21090733918284e-12,"model_or_emmeans"
"virus_comp_17782_cycle_1","TP (CELIAC): (t0-30) vs t0",-11.4933865572104,NA,NA,NA,NA,NA,NA,1.01973104153925e-05,"model_or_emmeans"
"virus_comp_17782_cycle_1","TP (CELIAC): (t0-36) vs t0",19.2026799757277,NA,NA,NA,NA,NA,NA,218583789.666847,"model_or_emmeans"
"virus_comp_17782_cycle_1","TP (CELIAC): (t0-6) vs t0",42.3490533268055,NA,NA,NA,NA,NA,NA,2465813203063699456,"model_or_emmeans"
"virus_comp_17808_cycle_1","TP (CELIAC): (t0-12) vs t0",0.000157596592545994,NA,NA,NA,NA,NA,NA,1.00015760901154,"model_or_emmeans"
"virus_comp_17808_cycle_1","TP (CELIAC): (t0-18) vs t0",-66.7550033042925,NA,NA,NA,NA,NA,NA,1.02016501388981e-29,"model_or_emmeans"
"virus_comp_17808_cycle_1","TP (CELIAC): (t0-24) vs t0",-86.1092848053561,NA,NA,NA,NA,NA,NA,4.01063157299846e-38,"model_or_emmeans"
"virus_comp_17808_cycle_1","TP (CELIAC): (t0-30) vs t0",-106.246677386909,NA,NA,NA,NA,NA,NA,7.20533687303962e-47,"model_or_emmeans"
"virus_comp_17808_cycle_1","TP (CELIAC): (t0-36) vs t0",-86.249893015287,NA,NA,NA,NA,NA,NA,3.48455560118235e-38,"model_or_emmeans"
"virus_comp_17808_cycle_1","TP (CELIAC): (t0-6) vs t0",-8.53841694378673,NA,NA,NA,NA,NA,NA,0.000195799977303087,"model_or_emmeans"
"virus_comp_17809_cycle_1","TP (CELIAC): (t0-12) vs t0",2.85248978973499,NA,NA,NA,NA,NA,NA,17.3308784107709,"model_or_emmeans"
"virus_comp_17809_cycle_1","TP (CELIAC): (t0-18) vs t0",-80.3554715174662,NA,NA,NA,NA,NA,NA,1.26491729086352e-35,"model_or_emmeans"
"virus_comp_17809_cycle_1","TP (CELIAC): (t0-24) vs t0",-582.216427733932,NA,NA,NA,NA,NA,NA,1.40158087160043e-253,"model_or_emmeans"
"virus_comp_17809_cycle_1","TP (CELIAC): (t0-30) vs t0",-562.338173592171,NA,NA,NA,NA,NA,NA,6.02052335368646e-245,"model_or_emmeans"
"virus_comp_17809_cycle_1","TP (CELIAC): (t0-36) vs t0",-581.367348451024,NA,NA,NA,NA,NA,NA,3.27618644403401e-253,"model_or_emmeans"
"virus_comp_17809_cycle_1","TP (CELIAC): (t0-6) vs t0",-229.068514232829,NA,NA,NA,NA,NA,NA,3.28706499085605e-100,"model_or_emmeans"
"virus_comp_17896_cycle_1","TP (CELIAC): (t0-12) vs t0",-200.412094916614,NA,NA,NA,NA,NA,NA,9.16501269875825e-88,"model_or_emmeans"
"virus_comp_17896_cycle_1","TP (CELIAC): (t0-18) vs t0",-55.880191051781,NA,NA,NA,NA,NA,NA,5.38941191920804e-25,"model_or_emmeans"
"virus_comp_17896_cycle_1","TP (CELIAC): (t0-24) vs t0",17.3785231451989,NA,NA,NA,NA,NA,NA,35269289.069306,"model_or_emmeans"
"virus_comp_17896_cycle_1","TP (CELIAC): (t0-30) vs t0",-101.205880044058,NA,NA,NA,NA,NA,NA,1.11389629830621e-44,"model_or_emmeans"
"virus_comp_17896_cycle_1","TP (CELIAC): (t0-36) vs t0",-89.7655729904067,NA,NA,NA,NA,NA,NA,1.03587412590216e-39,"model_or_emmeans"
"virus_comp_17896_cycle_1","TP (CELIAC): (t0-6) vs t0",-232.662251354488,NA,NA,NA,NA,NA,NA,9.03791160803246e-102,"model_or_emmeans"
"virus_comp_178_cycle_1","TP (CELIAC): (t0-12) vs t0",-451.054156721678,NA,NA,NA,NA,NA,NA,1.28726717873677e-196,"model_or_emmeans"
"virus_comp_178_cycle_1","TP (CELIAC): (t0-18) vs t0",77.8480850766435,NA,NA,NA,NA,NA,NA,6.44160033094779e+33,"model_or_emmeans"
"virus_comp_178_cycle_1","TP (CELIAC): (t0-24) vs t0",253.884626743447,NA,NA,NA,NA,NA,NA,1.82260448546401e+110,"model_or_emmeans"
"virus_comp_178_cycle_1","TP (CELIAC): (t0-30) vs t0",76.0240334534273,NA,NA,NA,NA,NA,NA,1.03948498589046e+33,"model_or_emmeans"
"virus_comp_178_cycle_1","TP (CELIAC): (t0-36) vs t0",-601.941610981546,NA,NA,NA,NA,NA,NA,3.80259368616935e-262,"model_or_emmeans"
"virus_comp_178_cycle_1","TP (CELIAC): (t0-6) vs t0",-8.14896197769469,NA,NA,NA,NA,NA,NA,0.000289035228980442,"model_or_emmeans"
"virus_comp_17903_cycle_1","TP (CELIAC): (t0-12) vs t0",-75.7341048599485,NA,NA,NA,NA,NA,NA,1.28557129726121e-33,"model_or_emmeans"
"virus_comp_17903_cycle_1","TP (CELIAC): (t0-18) vs t0",-65.5542388613729,NA,NA,NA,NA,NA,NA,3.38965733599002e-29,"model_or_emmeans"
"virus_comp_17903_cycle_1","TP (CELIAC): (t0-24) vs t0",-67.195061239508,NA,NA,NA,NA,NA,NA,6.56985360768755e-30,"model_or_emmeans"
"virus_comp_17903_cycle_1","TP (CELIAC): (t0-30) vs t0",-105.766401396801,NA,NA,NA,NA,NA,NA,1.16475746515184e-46,"model_or_emmeans"
"virus_comp_17903_cycle_1","TP (CELIAC): (t0-36) vs t0",-107.542573088991,NA,NA,NA,NA,NA,NA,1.97175948105083e-47,"model_or_emmeans"
"virus_comp_17903_cycle_1","TP (CELIAC): (t0-6) vs t0",-17.9861949076185,NA,NA,NA,NA,NA,NA,1.54416889926236e-08,"model_or_emmeans"
"virus_comp_18095_cycle_1","TP (CELIAC): (t0-12) vs t0",-189.398913290329,NA,NA,NA,NA,NA,NA,5.56028534604428e-83,"model_or_emmeans"
"virus_comp_18095_cycle_1","TP (CELIAC): (t0-18) vs t0",-197.769229331572,NA,NA,NA,NA,NA,NA,1.28799747324738e-86,"model_or_emmeans"
"virus_comp_18095_cycle_1","TP (CELIAC): (t0-24) vs t0",-5.22043811792646,NA,NA,NA,NA,NA,NA,0.00540496059750178,"model_or_emmeans"
"virus_comp_18095_cycle_1","TP (CELIAC): (t0-30) vs t0",-5.45181208446981,NA,NA,NA,NA,NA,NA,0.00428852647326661,"model_or_emmeans"
"virus_comp_18095_cycle_1","TP (CELIAC): (t0-36) vs t0",-7.69592637370813,NA,NA,NA,NA,NA,NA,0.000454675593916453,"model_or_emmeans"
"virus_comp_18095_cycle_1","TP (CELIAC): (t0-6) vs t0",-83.561529038521,NA,NA,NA,NA,NA,NA,5.12494299614231e-37,"model_or_emmeans"
"virus_comp_18166_cycle_1","TP (CELIAC): (t0-12) vs t0",-28.190914390867,NA,NA,NA,NA,NA,NA,5.7127002942452e-13,"model_or_emmeans"
"virus_comp_18166_cycle_1","TP (CELIAC): (t0-18) vs t0",-8.17141551027148,NA,NA,NA,NA,NA,NA,0.000282617684938547,"model_or_emmeans"
"virus_comp_18166_cycle_1","TP (CELIAC): (t0-24) vs t0",-39.4529835845272,NA,NA,NA,NA,NA,NA,7.34153603176527e-18,"model_or_emmeans"
"virus_comp_18166_cycle_1","TP (CELIAC): (t0-30) vs t0",42.3411215174658,NA,NA,NA,NA,NA,NA,2446332204786640384,"model_or_emmeans"
"virus_comp_18166_cycle_1","TP (CELIAC): (t0-36) vs t0",-47.0428766494168,NA,NA,NA,NA,NA,NA,3.71140422925443e-21,"model_or_emmeans"
"virus_comp_18166_cycle_1","TP (CELIAC): (t0-6) vs t0",-9.93140500356825,NA,NA,NA,NA,NA,NA,4.86234319885239e-05,"model_or_emmeans"
"virus_comp_18182_cycle_1","TP (CELIAC): (t0-12) vs t0",1.28066967340075,NA,NA,NA,NA,NA,NA,3.59904910618458,"model_or_emmeans"
"virus_comp_18182_cycle_1","TP (CELIAC): (t0-18) vs t0",-27.9464680730049,NA,NA,NA,NA,NA,NA,7.2946276285177e-13,"model_or_emmeans"
"virus_comp_18182_cycle_1","TP (CELIAC): (t0-24) vs t0",-72.5988183417509,NA,NA,NA,NA,NA,NA,2.95619992391552e-32,"model_or_emmeans"
"virus_comp_18182_cycle_1","TP (CELIAC): (t0-30) vs t0",-98.3121769716138,NA,NA,NA,NA,NA,NA,2.01170380488837e-43,"model_or_emmeans"
"virus_comp_18182_cycle_1","TP (CELIAC): (t0-36) vs t0",-100.002666366637,NA,NA,NA,NA,NA,NA,3.71017010176503e-44,"model_or_emmeans"
"virus_comp_18182_cycle_1","TP (CELIAC): (t0-6) vs t0",-14.3300783344641,NA,NA,NA,NA,NA,NA,5.97758904236327e-07,"model_or_emmeans"
"virus_comp_18240_cycle_1","TP (CELIAC): (t0-12) vs t0",1.07885932747759,NA,NA,NA,NA,NA,NA,2.9413225509972,"model_or_emmeans"
"virus_comp_18240_cycle_1","TP (CELIAC): (t0-18) vs t0",-31.1980789157604,NA,NA,NA,NA,NA,NA,2.82388158235004e-14,"model_or_emmeans"
"virus_comp_18240_cycle_1","TP (CELIAC): (t0-24) vs t0",-6.49858291718976,NA,NA,NA,NA,NA,NA,0.00150557120107341,"model_or_emmeans"
"virus_comp_18240_cycle_1","TP (CELIAC): (t0-30) vs t0",-50.462671678544,NA,NA,NA,NA,NA,NA,1.21433957255354e-22,"model_or_emmeans"
"virus_comp_18240_cycle_1","TP (CELIAC): (t0-36) vs t0",-53.3360810027999,NA,NA,NA,NA,NA,NA,6.861741201949e-24,"model_or_emmeans"
"virus_comp_18240_cycle_1","TP (CELIAC): (t0-6) vs t0",-19.2789514856603,NA,NA,NA,NA,NA,NA,4.23894471920372e-09,"model_or_emmeans"
"virus_comp_18253_cycle_1","TP (CELIAC): (t0-12) vs t0",-4.99711826353216,NA,NA,NA,NA,NA,NA,0.00675739199088548,"model_or_emmeans"
"virus_comp_18253_cycle_1","TP (CELIAC): (t0-18) vs t0",-2.71962819064176,NA,NA,NA,NA,NA,NA,0.06589925183047,"model_or_emmeans"
"virus_comp_18253_cycle_1","TP (CELIAC): (t0-24) vs t0",-11.9921732904864,NA,NA,NA,NA,NA,NA,6.19248999971842e-06,"model_or_emmeans"
"virus_comp_18253_cycle_1","TP (CELIAC): (t0-30) vs t0",-21.667408815047,NA,NA,NA,NA,NA,NA,3.8901282058663e-10,"model_or_emmeans"
"virus_comp_18253_cycle_1","TP (CELIAC): (t0-36) vs t0",-13.7282348154565,NA,NA,NA,NA,NA,NA,1.09119752778086e-06,"model_or_emmeans"
"virus_comp_18253_cycle_1","TP (CELIAC): (t0-6) vs t0",-16.3830039360661,NA,NA,NA,NA,NA,NA,7.67276317413676e-08,"model_or_emmeans"
"virus_comp_18276_cycle_1","TP (CELIAC): (t0-12) vs t0",44.9876548509796,NA,NA,NA,NA,NA,NA,3.4505653393357e+19,"model_or_emmeans"
"virus_comp_18276_cycle_1","TP (CELIAC): (t0-18) vs t0",-680.191436398132,NA,NA,NA,NA,NA,NA,3.95014042180471e-296,"model_or_emmeans"
"virus_comp_18276_cycle_1","TP (CELIAC): (t0-24) vs t0",805.146223069983,NA,NA,NA,NA,NA,NA,Inf,"model_or_emmeans"
"virus_comp_18276_cycle_1","TP (CELIAC): (t0-30) vs t0",-148.404469082707,NA,NA,NA,NA,NA,NA,3.53800129550502e-65,"model_or_emmeans"
"virus_comp_18276_cycle_1","TP (CELIAC): (t0-36) vs t0",-96.6791553885762,NA,NA,NA,NA,NA,NA,1.02985551651484e-42,"model_or_emmeans"
"virus_comp_18276_cycle_1","TP (CELIAC): (t0-6) vs t0",-2.32733956977427e-05,NA,NA,NA,NA,NA,NA,0.999976726875126,"model_or_emmeans"
"virus_comp_18547_cycle_1","TP (CELIAC): (t0-12) vs t0",-20.4672949264688,NA,NA,NA,NA,NA,NA,1.29171515201632e-09,"model_or_emmeans"
"virus_comp_18547_cycle_1","TP (CELIAC): (t0-18) vs t0",-24.542704138134,NA,NA,NA,NA,NA,NA,2.1940121173801e-11,"model_or_emmeans"
"virus_comp_18547_cycle_1","TP (CELIAC): (t0-24) vs t0",-34.5758923928444,NA,NA,NA,NA,NA,NA,9.63564357391726e-16,"model_or_emmeans"
"virus_comp_18547_cycle_1","TP (CELIAC): (t0-30) vs t0",-29.3990652540936,NA,NA,NA,NA,NA,NA,1.70666462625517e-13,"model_or_emmeans"
"virus_comp_18547_cycle_1","TP (CELIAC): (t0-36) vs t0",-31.5694470599838,NA,NA,NA,NA,NA,NA,1.94788514290215e-14,"model_or_emmeans"
"virus_comp_18547_cycle_1","TP (CELIAC): (t0-6) vs t0",-26.3083519794303,NA,NA,NA,NA,NA,NA,3.75342642636812e-12,"model_or_emmeans"
"virus_comp_1888_cycle_1","TP (CELIAC): (t0-12) vs t0",-189.398913290329,NA,NA,NA,NA,NA,NA,5.56028534604428e-83,"model_or_emmeans"
"virus_comp_1888_cycle_1","TP (CELIAC): (t0-18) vs t0",-197.769229331572,NA,NA,NA,NA,NA,NA,1.28799747324738e-86,"model_or_emmeans"
"virus_comp_1888_cycle_1","TP (CELIAC): (t0-24) vs t0",-5.22043811792646,NA,NA,NA,NA,NA,NA,0.00540496059750178,"model_or_emmeans"
"virus_comp_1888_cycle_1","TP (CELIAC): (t0-30) vs t0",-5.45181208446981,NA,NA,NA,NA,NA,NA,0.00428852647326661,"model_or_emmeans"
"virus_comp_1888_cycle_1","TP (CELIAC): (t0-36) vs t0",-7.69592637370813,NA,NA,NA,NA,NA,NA,0.000454675593916453,"model_or_emmeans"
"virus_comp_1888_cycle_1","TP (CELIAC): (t0-6) vs t0",-83.561529038521,NA,NA,NA,NA,NA,NA,5.12494299614231e-37,"model_or_emmeans"
"virus_comp_2033_cycle_1","TP (CELIAC): (t0-12) vs t0",-1.49933564543262,NA,NA,NA,NA,NA,NA,0.223278446941494,"model_or_emmeans"
"virus_comp_2033_cycle_1","TP (CELIAC): (t0-18) vs t0",12.9186062291287,NA,NA,NA,NA,NA,NA,407830.215839499,"model_or_emmeans"
"virus_comp_2033_cycle_1","TP (CELIAC): (t0-24) vs t0",-44.1793224476994,NA,NA,NA,NA,NA,NA,6.50375311242965e-20,"model_or_emmeans"
"virus_comp_2033_cycle_1","TP (CELIAC): (t0-30) vs t0",4.02573423321031,NA,NA,NA,NA,NA,NA,56.0214264766165,"model_or_emmeans"
"virus_comp_2033_cycle_1","TP (CELIAC): (t0-36) vs t0",-58.7954580899654,NA,NA,NA,NA,NA,NA,2.92049852042118e-26,"model_or_emmeans"
"virus_comp_2033_cycle_1","TP (CELIAC): (t0-6) vs t0",-97.5524342045377,NA,NA,NA,NA,NA,NA,4.30047204338692e-43,"model_or_emmeans"
"virus_comp_2097_cycle_1","TP (CELIAC): (t0-12) vs t0",-4.99711826353216,NA,NA,NA,NA,NA,NA,0.00675739199088548,"model_or_emmeans"
"virus_comp_2097_cycle_1","TP (CELIAC): (t0-18) vs t0",-2.71962819064176,NA,NA,NA,NA,NA,NA,0.06589925183047,"model_or_emmeans"
"virus_comp_2097_cycle_1","TP (CELIAC): (t0-24) vs t0",-11.9921732904864,NA,NA,NA,NA,NA,NA,6.19248999971842e-06,"model_or_emmeans"
"virus_comp_2097_cycle_1","TP (CELIAC): (t0-30) vs t0",-21.667408815047,NA,NA,NA,NA,NA,NA,3.8901282058663e-10,"model_or_emmeans"
"virus_comp_2097_cycle_1","TP (CELIAC): (t0-36) vs t0",-13.7282348154565,NA,NA,NA,NA,NA,NA,1.09119752778086e-06,"model_or_emmeans"
"virus_comp_2097_cycle_1","TP (CELIAC): (t0-6) vs t0",-16.3830039360661,NA,NA,NA,NA,NA,NA,7.67276317413676e-08,"model_or_emmeans"
"virus_comp_2195_cycle_1","TP (CELIAC): (t0-12) vs t0",-204.717388375665,NA,NA,NA,NA,NA,NA,1.23699481375825e-89,"model_or_emmeans"
"virus_comp_2195_cycle_1","TP (CELIAC): (t0-18) vs t0",-185.315562106234,NA,NA,NA,NA,NA,NA,3.29969627475437e-81,"model_or_emmeans"
"virus_comp_2195_cycle_1","TP (CELIAC): (t0-24) vs t0",21.3575393481353,NA,NA,NA,NA,NA,NA,1885651738.83797,"model_or_emmeans"
"virus_comp_2195_cycle_1","TP (CELIAC): (t0-30) vs t0",-128.208030779627,NA,NA,NA,NA,NA,NA,2.08910224957915e-56,"model_or_emmeans"
"virus_comp_2195_cycle_1","TP (CELIAC): (t0-36) vs t0",31.9322914564498,NA,NA,NA,NA,NA,NA,73793477026206.5,"model_or_emmeans"
"virus_comp_2195_cycle_1","TP (CELIAC): (t0-6) vs t0",-215.343541072149,NA,NA,NA,NA,NA,NA,3.00253721417385e-94,"model_or_emmeans"
"virus_comp_2270_cycle_1","TP (CELIAC): (t0-12) vs t0",13.5510550331311,NA,NA,NA,NA,NA,NA,767623.788304416,"model_or_emmeans"
"virus_comp_2270_cycle_1","TP (CELIAC): (t0-18) vs t0",-20.7275442309226,NA,NA,NA,NA,NA,NA,9.95730745312875e-10,"model_or_emmeans"
"virus_comp_2270_cycle_1","TP (CELIAC): (t0-24) vs t0",-7.86552768607338,NA,NA,NA,NA,NA,NA,0.000383746766148341,"model_or_emmeans"
"virus_comp_2270_cycle_1","TP (CELIAC): (t0-30) vs t0",15.0351602860666,NA,NA,NA,NA,NA,NA,3386001.50470962,"model_or_emmeans"
"virus_comp_2270_cycle_1","TP (CELIAC): (t0-36) vs t0",19.8377824812979,NA,NA,NA,NA,NA,NA,412514733.756159,"model_or_emmeans"
"virus_comp_2270_cycle_1","TP (CELIAC): (t0-6) vs t0",-16.5242999602677,NA,NA,NA,NA,NA,NA,6.66174047960485e-08,"model_or_emmeans"
"virus_comp_2383_cycle_1","TP (CELIAC): (t0-12) vs t0",-28.190914390867,NA,NA,NA,NA,NA,NA,5.7127002942452e-13,"model_or_emmeans"
"virus_comp_2383_cycle_1","TP (CELIAC): (t0-18) vs t0",-8.17141551027148,NA,NA,NA,NA,NA,NA,0.000282617684938547,"model_or_emmeans"
"virus_comp_2383_cycle_1","TP (CELIAC): (t0-24) vs t0",-39.4529835845272,NA,NA,NA,NA,NA,NA,7.34153603176527e-18,"model_or_emmeans"
"virus_comp_2383_cycle_1","TP (CELIAC): (t0-30) vs t0",42.3411215174658,NA,NA,NA,NA,NA,NA,2446332204786640384,"model_or_emmeans"
"virus_comp_2383_cycle_1","TP (CELIAC): (t0-36) vs t0",-47.0428766494168,NA,NA,NA,NA,NA,NA,3.71140422925443e-21,"model_or_emmeans"
"virus_comp_2383_cycle_1","TP (CELIAC): (t0-6) vs t0",-9.93140500356825,NA,NA,NA,NA,NA,NA,4.86234319885239e-05,"model_or_emmeans"
"virus_comp_2394_cycle_1","TP (CELIAC): (t0-12) vs t0",-373.528796125783,NA,NA,NA,NA,NA,NA,6.0048893691876e-163,"model_or_emmeans"
"virus_comp_2394_cycle_1","TP (CELIAC): (t0-18) vs t0",-362.813697851043,NA,NA,NA,NA,NA,NA,2.70403970538178e-158,"model_or_emmeans"
"virus_comp_2394_cycle_1","TP (CELIAC): (t0-24) vs t0",20.4287368362417,NA,NA,NA,NA,NA,NA,744882343.91546,"model_or_emmeans"
"virus_comp_2394_cycle_1","TP (CELIAC): (t0-30) vs t0",-150.345179817932,NA,NA,NA,NA,NA,NA,5.08063533479605e-66,"model_or_emmeans"
"virus_comp_2394_cycle_1","TP (CELIAC): (t0-36) vs t0",-3803.05061048516,NA,NA,NA,NA,NA,NA,0,"model_or_emmeans"
"virus_comp_2394_cycle_1","TP (CELIAC): (t0-6) vs t0",-786.5890799479,NA,NA,NA,NA,NA,NA,0,"model_or_emmeans"
"virus_comp_2438_cycle_1","TP (CELIAC): (t0-12) vs t0",-76.3274737540695,NA,NA,NA,NA,NA,NA,7.10230520227503e-34,"model_or_emmeans"
"virus_comp_2438_cycle_1","TP (CELIAC): (t0-18) vs t0",-17.020379381869,NA,NA,NA,NA,NA,NA,4.05642223451847e-08,"model_or_emmeans"
"virus_comp_2438_cycle_1","TP (CELIAC): (t0-24) vs t0",-58.6588259554352,NA,NA,NA,NA,NA,NA,3.34807804206232e-26,"model_or_emmeans"
"virus_comp_2438_cycle_1","TP (CELIAC): (t0-30) vs t0",0.863817387613871,NA,NA,NA,NA,NA,NA,2.37219903451677,"model_or_emmeans"
"virus_comp_2438_cycle_1","TP (CELIAC): (t0-36) vs t0",-91.1600488240968,NA,NA,NA,NA,NA,NA,2.56858431172806e-40,"model_or_emmeans"
"virus_comp_2438_cycle_1","TP (CELIAC): (t0-6) vs t0",-14.8768787208971,NA,NA,NA,NA,NA,NA,3.45982126444759e-07,"model_or_emmeans"
"virus_comp_2475_cycle_5","TP (CELIAC): (t0-12) vs t0",0.38895660308651,NA,NA,NA,NA,NA,NA,1.47544052037907,"model_or_emmeans"
"virus_comp_2475_cycle_5","TP (CELIAC): (t0-18) vs t0",-29.5407532553669,NA,NA,NA,NA,NA,NA,1.48120056803791e-13,"model_or_emmeans"
"virus_comp_2475_cycle_5","TP (CELIAC): (t0-24) vs t0",-30.2319959275226,NA,NA,NA,NA,NA,NA,7.42012107472111e-14,"model_or_emmeans"
"virus_comp_2475_cycle_5","TP (CELIAC): (t0-30) vs t0",-43.6107601001052,NA,NA,NA,NA,NA,NA,1.14838506804547e-19,"model_or_emmeans"
"virus_comp_2475_cycle_5","TP (CELIAC): (t0-36) vs t0",-43.5465563266686,NA,NA,NA,NA,NA,NA,1.2245340939932e-19,"model_or_emmeans"
"virus_comp_2475_cycle_5","TP (CELIAC): (t0-6) vs t0",-2.73999945300893,NA,NA,NA,NA,NA,NA,0.0645703822125815,"model_or_emmeans"
"virus_comp_2476_cycle_1","TP (CELIAC): (t0-12) vs t0",0.38895660308651,NA,NA,NA,NA,NA,NA,1.47544052037907,"model_or_emmeans"
"virus_comp_2476_cycle_1","TP (CELIAC): (t0-18) vs t0",-29.5407532553669,NA,NA,NA,NA,NA,NA,1.48120056803791e-13,"model_or_emmeans"
"virus_comp_2476_cycle_1","TP (CELIAC): (t0-24) vs t0",-30.2319959275226,NA,NA,NA,NA,NA,NA,7.42012107472111e-14,"model_or_emmeans"
"virus_comp_2476_cycle_1","TP (CELIAC): (t0-30) vs t0",-43.6107601001052,NA,NA,NA,NA,NA,NA,1.14838506804547e-19,"model_or_emmeans"
"virus_comp_2476_cycle_1","TP (CELIAC): (t0-36) vs t0",-43.5465563266686,NA,NA,NA,NA,NA,NA,1.2245340939932e-19,"model_or_emmeans"
"virus_comp_2476_cycle_1","TP (CELIAC): (t0-6) vs t0",-2.73999945300893,NA,NA,NA,NA,NA,NA,0.0645703822125815,"model_or_emmeans"
"virus_comp_2477_cycle_1","TP (CELIAC): (t0-12) vs t0",0.103416686560203,NA,NA,NA,NA,NA,NA,1.10895339879404,"model_or_emmeans"
"virus_comp_2477_cycle_1","TP (CELIAC): (t0-18) vs t0",-36.519925272544,NA,NA,NA,NA,NA,NA,1.3791070373757e-16,"model_or_emmeans"
"virus_comp_2477_cycle_1","TP (CELIAC): (t0-24) vs t0",-38.221600419827,NA,NA,NA,NA,NA,NA,2.51518450093008e-17,"model_or_emmeans"
"virus_comp_2477_cycle_1","TP (CELIAC): (t0-30) vs t0",-43.9315165348487,NA,NA,NA,NA,NA,NA,8.33268159908812e-20,"model_or_emmeans"
"virus_comp_2477_cycle_1","TP (CELIAC): (t0-36) vs t0",-42.3220161459845,NA,NA,NA,NA,NA,NA,4.16660110577518e-19,"model_or_emmeans"
"virus_comp_2477_cycle_1","TP (CELIAC): (t0-6) vs t0",0.56490876555235,NA,NA,NA,NA,NA,NA,1.75928726779755,"model_or_emmeans"
"virus_comp_254_cycle_1","TP (CELIAC): (t0-12) vs t0",6.52964731063207,NA,NA,NA,NA,NA,NA,685.156521453078,"model_or_emmeans"
"virus_comp_254_cycle_1","TP (CELIAC): (t0-18) vs t0",15.8860953177624,NA,NA,NA,NA,NA,NA,7929458.59100324,"model_or_emmeans"
"virus_comp_254_cycle_1","TP (CELIAC): (t0-24) vs t0",-54.4650562174214,NA,NA,NA,NA,NA,NA,2.21884327864136e-24,"model_or_emmeans"
"virus_comp_254_cycle_1","TP (CELIAC): (t0-30) vs t0",-63.4229366552641,NA,NA,NA,NA,NA,NA,2.85606827090237e-28,"model_or_emmeans"
"virus_comp_254_cycle_1","TP (CELIAC): (t0-36) vs t0",-57.4979995714987,NA,NA,NA,NA,NA,NA,1.0688975105932e-25,"model_or_emmeans"
"virus_comp_254_cycle_1","TP (CELIAC): (t0-6) vs t0",19.1819969758675,NA,NA,NA,NA,NA,NA,214109254.096043,"model_or_emmeans"
"virus_comp_2664_cycle_1","TP (CELIAC): (t0-12) vs t0",-41.8093598557901,NA,NA,NA,NA,NA,NA,6.95705958108331e-19,"model_or_emmeans"
"virus_comp_2664_cycle_1","TP (CELIAC): (t0-18) vs t0",-46.2162693727408,NA,NA,NA,NA,NA,NA,8.48260486519769e-21,"model_or_emmeans"
"virus_comp_2664_cycle_1","TP (CELIAC): (t0-24) vs t0",-19.2600479096268,NA,NA,NA,NA,NA,NA,4.31983811130814e-09,"model_or_emmeans"
"virus_comp_2664_cycle_1","TP (CELIAC): (t0-30) vs t0",-17.0685229091637,NA,NA,NA,NA,NA,NA,3.86575820473538e-08,"model_or_emmeans"
"virus_comp_2664_cycle_1","TP (CELIAC): (t0-36) vs t0",-18.7815203897768,NA,NA,NA,NA,NA,NA,6.97090770920883e-09,"model_or_emmeans"
"virus_comp_2664_cycle_1","TP (CELIAC): (t0-6) vs t0",-24.7281225997679,NA,NA,NA,NA,NA,NA,1.82268998414136e-11,"model_or_emmeans"
"virus_comp_280_cycle_1","TP (CELIAC): (t0-12) vs t0",-153.5496969238,NA,NA,NA,NA,NA,NA,2.06164520405477e-67,"model_or_emmeans"
"virus_comp_280_cycle_1","TP (CELIAC): (t0-18) vs t0",-53.1380623444763,NA,NA,NA,NA,NA,NA,8.36436054480254e-24,"model_or_emmeans"
"virus_comp_280_cycle_1","TP (CELIAC): (t0-24) vs t0",-9.96188615883117,NA,NA,NA,NA,NA,NA,4.7163693879216e-05,"model_or_emmeans"
"virus_comp_280_cycle_1","TP (CELIAC): (t0-30) vs t0",0.000178348781965099,NA,NA,NA,NA,NA,NA,1.00017836468705,"model_or_emmeans"
"virus_comp_280_cycle_1","TP (CELIAC): (t0-36) vs t0",108.597040040388,NA,NA,NA,NA,NA,NA,1.45577829704515e+47,"model_or_emmeans"
"virus_comp_280_cycle_1","TP (CELIAC): (t0-6) vs t0",31.2517771942611,NA,NA,NA,NA,NA,NA,37365808622859.2,"model_or_emmeans"
"virus_comp_315_cycle_1","TP (CELIAC): (t0-12) vs t0",1.6232957857909e-06,NA,NA,NA,NA,NA,NA,1.0000016232971,"model_or_emmeans"
"virus_comp_315_cycle_1","TP (CELIAC): (t0-18) vs t0",-45.2507064293921,NA,NA,NA,NA,NA,NA,2.22775740277683e-20,"model_or_emmeans"
"virus_comp_315_cycle_1","TP (CELIAC): (t0-24) vs t0",-5.62767979491793,NA,NA,NA,NA,NA,NA,0.00359691122480006,"model_or_emmeans"
"virus_comp_315_cycle_1","TP (CELIAC): (t0-30) vs t0",-2.92595326811806e-06,NA,NA,NA,NA,NA,NA,0.999997074051012,"model_or_emmeans"
"virus_comp_315_cycle_1","TP (CELIAC): (t0-36) vs t0",16.5580969983625,NA,NA,NA,NA,NA,NA,15527093.10637,"model_or_emmeans"
"virus_comp_315_cycle_1","TP (CELIAC): (t0-6) vs t0",-6.3686309994664,NA,NA,NA,NA,NA,NA,0.00171450477762362,"model_or_emmeans"
"virus_comp_3464_cycle_1","TP (CELIAC): (t0-12) vs t0",-72.9345306304743,NA,NA,NA,NA,NA,NA,2.11317666834501e-32,"model_or_emmeans"
"virus_comp_3464_cycle_1","TP (CELIAC): (t0-18) vs t0",-45.051401342304,NA,NA,NA,NA,NA,NA,2.71909884268497e-20,"model_or_emmeans"
"virus_comp_3464_cycle_1","TP (CELIAC): (t0-24) vs t0",-49.198479028396,NA,NA,NA,NA,NA,NA,4.29904548348371e-22,"model_or_emmeans"
"virus_comp_3464_cycle_1","TP (CELIAC): (t0-30) vs t0",32.6332007851055,NA,NA,NA,NA,NA,NA,148737003499536,"model_or_emmeans"
"virus_comp_3464_cycle_1","TP (CELIAC): (t0-36) vs t0",52.432568206136,NA,NA,NA,NA,NA,NA,5.90439010769581e+22,"model_or_emmeans"
"virus_comp_3464_cycle_1","TP (CELIAC): (t0-6) vs t0",99.9162326838583,NA,NA,NA,NA,NA,NA,2.47211407435458e+43,"model_or_emmeans"
"virus_comp_3571_cycle_1","TP (CELIAC): (t0-12) vs t0",-204.717388375665,NA,NA,NA,NA,NA,NA,1.23699481375825e-89,"model_or_emmeans"
"virus_comp_3571_cycle_1","TP (CELIAC): (t0-18) vs t0",-185.315562106234,NA,NA,NA,NA,NA,NA,3.29969627475437e-81,"model_or_emmeans"
"virus_comp_3571_cycle_1","TP (CELIAC): (t0-24) vs t0",21.3575393481353,NA,NA,NA,NA,NA,NA,1885651738.83797,"model_or_emmeans"
"virus_comp_3571_cycle_1","TP (CELIAC): (t0-30) vs t0",-128.208030779627,NA,NA,NA,NA,NA,NA,2.08910224957915e-56,"model_or_emmeans"
"virus_comp_3571_cycle_1","TP (CELIAC): (t0-36) vs t0",31.9322914564498,NA,NA,NA,NA,NA,NA,73793477026206.5,"model_or_emmeans"
"virus_comp_3571_cycle_1","TP (CELIAC): (t0-6) vs t0",-215.343541072149,NA,NA,NA,NA,NA,NA,3.00253721417385e-94,"model_or_emmeans"
"virus_comp_3629_cycle_1","TP (CELIAC): (t0-12) vs t0",-20.6967274493002,NA,NA,NA,NA,NA,NA,1.02689366653587e-09,"model_or_emmeans"
"virus_comp_3629_cycle_1","TP (CELIAC): (t0-18) vs t0",-39.5887956419774,NA,NA,NA,NA,NA,NA,6.4092100865752e-18,"model_or_emmeans"
"virus_comp_3629_cycle_1","TP (CELIAC): (t0-24) vs t0",-6.40455612174669,NA,NA,NA,NA,NA,NA,0.00165400423529398,"model_or_emmeans"
"virus_comp_3629_cycle_1","TP (CELIAC): (t0-30) vs t0",-14.0565086022935,NA,NA,NA,NA,NA,NA,7.85843163237352e-07,"model_or_emmeans"
"virus_comp_3629_cycle_1","TP (CELIAC): (t0-36) vs t0",-9.93940316792075,NA,NA,NA,NA,NA,NA,4.82360848858927e-05,"model_or_emmeans"
"virus_comp_3629_cycle_1","TP (CELIAC): (t0-6) vs t0",-191.718602989862,NA,NA,NA,NA,NA,NA,5.46598761478147e-84,"model_or_emmeans"
"virus_comp_4251_cycle_1","TP (CELIAC): (t0-12) vs t0",-79.4782809711287,NA,NA,NA,NA,NA,NA,3.04103307095652e-35,"model_or_emmeans"
"virus_comp_4251_cycle_1","TP (CELIAC): (t0-18) vs t0",-147.909873042093,NA,NA,NA,NA,NA,NA,5.80174075398631e-65,"model_or_emmeans"
"virus_comp_4251_cycle_1","TP (CELIAC): (t0-24) vs t0",-14.54338516721,NA,NA,NA,NA,NA,NA,4.82934324234037e-07,"model_or_emmeans"
"virus_comp_4251_cycle_1","TP (CELIAC): (t0-30) vs t0",-31.9409918930245,NA,NA,NA,NA,NA,NA,1.34339421673122e-14,"model_or_emmeans"
"virus_comp_4251_cycle_1","TP (CELIAC): (t0-36) vs t0",-14.3871993198152,NA,NA,NA,NA,NA,NA,5.64571206874877e-07,"model_or_emmeans"
"virus_comp_4251_cycle_1","TP (CELIAC): (t0-6) vs t0",-66.7397623300711,NA,NA,NA,NA,NA,NA,1.03583241250029e-29,"model_or_emmeans"
"virus_comp_4442_cycle_1","TP (CELIAC): (t0-12) vs t0",-16.2683400955415,NA,NA,NA,NA,NA,NA,8.604976067354e-08,"model_or_emmeans"
"virus_comp_4442_cycle_1","TP (CELIAC): (t0-18) vs t0",-60.7743887721484,NA,NA,NA,NA,NA,NA,4.03662415995875e-27,"model_or_emmeans"
"virus_comp_4442_cycle_1","TP (CELIAC): (t0-24) vs t0",-29.8577782425416,NA,NA,NA,NA,NA,NA,1.07877697228617e-13,"model_or_emmeans"
"virus_comp_4442_cycle_1","TP (CELIAC): (t0-30) vs t0",-30.1287553894001,NA,NA,NA,NA,NA,NA,8.22711916344358e-14,"model_or_emmeans"
"virus_comp_4442_cycle_1","TP (CELIAC): (t0-36) vs t0",-45.7018823394528,NA,NA,NA,NA,NA,NA,1.41881145899983e-20,"model_or_emmeans"
"virus_comp_4442_cycle_1","TP (CELIAC): (t0-6) vs t0",-200.606358383381,NA,NA,NA,NA,NA,NA,7.54684654683845e-88,"model_or_emmeans"
"virus_comp_491_cycle_1","TP (CELIAC): (t0-12) vs t0",-69.2936783228038,NA,NA,NA,NA,NA,NA,8.05634161866335e-31,"model_or_emmeans"
"virus_comp_491_cycle_1","TP (CELIAC): (t0-18) vs t0",-182.486808501382,NA,NA,NA,NA,NA,NA,5.58452253430247e-80,"model_or_emmeans"
"virus_comp_491_cycle_1","TP (CELIAC): (t0-24) vs t0",-72.4612402710409,NA,NA,NA,NA,NA,NA,3.3922136580862e-32,"model_or_emmeans"
"virus_comp_491_cycle_1","TP (CELIAC): (t0-30) vs t0",-46.2093965870699,NA,NA,NA,NA,NA,NA,8.54110478881431e-21,"model_or_emmeans"
"virus_comp_491_cycle_1","TP (CELIAC): (t0-36) vs t0",-76.8400284152565,NA,NA,NA,NA,NA,NA,4.25402139666565e-34,"model_or_emmeans"
"virus_comp_491_cycle_1","TP (CELIAC): (t0-6) vs t0",-165.226040876073,NA,NA,NA,NA,NA,NA,1.75082274857961e-72,"model_or_emmeans"
"virus_comp_5023_cycle_1","TP (CELIAC): (t0-12) vs t0",13.630269627242,NA,NA,NA,NA,NA,NA,830904.069416594,"model_or_emmeans"
"virus_comp_5023_cycle_1","TP (CELIAC): (t0-18) vs t0",-245.516654039917,NA,NA,NA,NA,NA,NA,2.36304469004862e-107,"model_or_emmeans"
"virus_comp_5023_cycle_1","TP (CELIAC): (t0-24) vs t0",-129.982340900919,NA,NA,NA,NA,NA,NA,3.54312604042045e-57,"model_or_emmeans"
"virus_comp_5023_cycle_1","TP (CELIAC): (t0-30) vs t0",-60.1303022180326,NA,NA,NA,NA,NA,NA,7.68672867244183e-27,"model_or_emmeans"
"virus_comp_5023_cycle_1","TP (CELIAC): (t0-36) vs t0",-340.102375512831,NA,NA,NA,NA,NA,NA,1.97430857862825e-148,"model_or_emmeans"
"virus_comp_5023_cycle_1","TP (CELIAC): (t0-6) vs t0",-84.0812624745109,NA,NA,NA,NA,NA,NA,3.0476962162382e-37,"model_or_emmeans"
"virus_comp_5117_cycle_1","TP (CELIAC): (t0-12) vs t0",-20.1427725352829,NA,NA,NA,NA,NA,NA,1.78691970382791e-09,"model_or_emmeans"
"virus_comp_5117_cycle_1","TP (CELIAC): (t0-18) vs t0",-20.142034984124,NA,NA,NA,NA,NA,NA,1.78823813467168e-09,"model_or_emmeans"
"virus_comp_5117_cycle_1","TP (CELIAC): (t0-24) vs t0",-16.3109960628459,NA,NA,NA,NA,NA,NA,8.24564086831262e-08,"model_or_emmeans"
"virus_comp_5117_cycle_1","TP (CELIAC): (t0-30) vs t0",-59.9919428619296,NA,NA,NA,NA,NA,NA,8.82734816909353e-27,"model_or_emmeans"
"virus_comp_5117_cycle_1","TP (CELIAC): (t0-36) vs t0",-43.8782117967447,NA,NA,NA,NA,NA,NA,8.78890440743324e-20,"model_or_emmeans"
"virus_comp_5117_cycle_1","TP (CELIAC): (t0-6) vs t0",-19.5359132943011,NA,NA,NA,NA,NA,NA,3.27839030953202e-09,"model_or_emmeans"
"virus_comp_5225_cycle_1","TP (CELIAC): (t0-12) vs t0",-5.6917751703315,NA,NA,NA,NA,NA,NA,0.00337359893799233,"model_or_emmeans"
"virus_comp_5225_cycle_1","TP (CELIAC): (t0-18) vs t0",-17.3850378102417,NA,NA,NA,NA,NA,NA,2.81691674427834e-08,"model_or_emmeans"
"virus_comp_5225_cycle_1","TP (CELIAC): (t0-24) vs t0",2.00989386100562,NA,NA,NA,NA,NA,NA,7.46252524035867,"model_or_emmeans"
"virus_comp_5225_cycle_1","TP (CELIAC): (t0-30) vs t0",-26.2488296649763,NA,NA,NA,NA,NA,NA,3.983621981075e-12,"model_or_emmeans"
"virus_comp_5225_cycle_1","TP (CELIAC): (t0-36) vs t0",-24.8670496462293,NA,NA,NA,NA,NA,NA,1.58627163129743e-11,"model_or_emmeans"
"virus_comp_5225_cycle_1","TP (CELIAC): (t0-6) vs t0",43.115572659049,NA,NA,NA,NA,NA,NA,5307075791455335424,"model_or_emmeans"
"virus_comp_545_cycle_1","TP (CELIAC): (t0-12) vs t0",-30.924791942476,NA,NA,NA,NA,NA,NA,3.71136361180373e-14,"model_or_emmeans"
"virus_comp_545_cycle_1","TP (CELIAC): (t0-18) vs t0",-46.1502777761683,NA,NA,NA,NA,NA,NA,9.06126900212937e-21,"model_or_emmeans"
"virus_comp_545_cycle_1","TP (CELIAC): (t0-24) vs t0",-45.9863969366087,NA,NA,NA,NA,NA,NA,1.0674844756222e-20,"model_or_emmeans"
"virus_comp_545_cycle_1","TP (CELIAC): (t0-30) vs t0",-46.8371511824457,NA,NA,NA,NA,NA,NA,4.55914802947649e-21,"model_or_emmeans"
"virus_comp_545_cycle_1","TP (CELIAC): (t0-36) vs t0",-40.1329699700063,NA,NA,NA,NA,NA,NA,3.71939754122729e-18,"model_or_emmeans"
"virus_comp_545_cycle_1","TP (CELIAC): (t0-6) vs t0",0.562461985375858,NA,NA,NA,NA,NA,NA,1.75498794048527,"model_or_emmeans"
"virus_comp_54_cycle_1","TP (CELIAC): (t0-12) vs t0",34.85330708865,NA,NA,NA,NA,NA,NA,1369616390558665,"model_or_emmeans"
"virus_comp_54_cycle_1","TP (CELIAC): (t0-18) vs t0",34.8528222741481,NA,NA,NA,NA,NA,NA,1368952541605301,"model_or_emmeans"
"virus_comp_54_cycle_1","TP (CELIAC): (t0-24) vs t0",43.098627612791,NA,NA,NA,NA,NA,NA,5217904783762794496,"model_or_emmeans"
"virus_comp_54_cycle_1","TP (CELIAC): (t0-30) vs t0",71.0322949281965,NA,NA,NA,NA,NA,NA,7.0620977448927e+30,"model_or_emmeans"
"virus_comp_54_cycle_1","TP (CELIAC): (t0-36) vs t0",61.4538077819483,NA,NA,NA,NA,NA,NA,4.88708183748372e+26,"model_or_emmeans"
"virus_comp_54_cycle_1","TP (CELIAC): (t0-6) vs t0",-145.608718657979,NA,NA,NA,NA,NA,NA,5.79344608701126e-64,"model_or_emmeans"
"virus_comp_5552_cycle_1","TP (CELIAC): (t0-12) vs t0",-29.0791464979648,NA,NA,NA,NA,NA,NA,2.35010430189873e-13,"model_or_emmeans"
"virus_comp_5552_cycle_1","TP (CELIAC): (t0-18) vs t0",-44.5620599764338,NA,NA,NA,NA,NA,NA,4.43550680614083e-20,"model_or_emmeans"
"virus_comp_5552_cycle_1","TP (CELIAC): (t0-24) vs t0",1.51953334279789,NA,NA,NA,NA,NA,NA,4.57009203109208,"model_or_emmeans"
"virus_comp_5552_cycle_1","TP (CELIAC): (t0-30) vs t0",-43.5924106776106,NA,NA,NA,NA,NA,NA,1.16965179017247e-19,"model_or_emmeans"
"virus_comp_5552_cycle_1","TP (CELIAC): (t0-36) vs t0",-48.2117751781562,NA,NA,NA,NA,NA,NA,1.15316665909054e-21,"model_or_emmeans"
"virus_comp_5552_cycle_1","TP (CELIAC): (t0-6) vs t0",-52.3974288560572,NA,NA,NA,NA,NA,NA,1.75422696273608e-23,"model_or_emmeans"
"virus_comp_586_cycle_1","TP (CELIAC): (t0-12) vs t0",-111.089524111355,NA,NA,NA,NA,NA,NA,5.68110323480954e-49,"model_or_emmeans"
"virus_comp_586_cycle_1","TP (CELIAC): (t0-18) vs t0",-254.006037257702,NA,NA,NA,NA,NA,NA,4.85936642718345e-111,"model_or_emmeans"
"virus_comp_586_cycle_1","TP (CELIAC): (t0-24) vs t0",-283.315594920071,NA,NA,NA,NA,NA,NA,9.069858028979e-124,"model_or_emmeans"
"virus_comp_586_cycle_1","TP (CELIAC): (t0-30) vs t0",-267.394238536691,NA,NA,NA,NA,NA,NA,7.45002466863654e-117,"model_or_emmeans"
"virus_comp_586_cycle_1","TP (CELIAC): (t0-36) vs t0",-283.614708750877,NA,NA,NA,NA,NA,NA,6.72507299957721e-124,"model_or_emmeans"
"virus_comp_586_cycle_1","TP (CELIAC): (t0-6) vs t0",-343.973175055397,NA,NA,NA,NA,NA,NA,4.11479450030646e-150,"model_or_emmeans"
"virus_comp_6059_cycle_1","TP (CELIAC): (t0-12) vs t0",-30.924791942476,NA,NA,NA,NA,NA,NA,3.71136361180373e-14,"model_or_emmeans"
"virus_comp_6059_cycle_1","TP (CELIAC): (t0-18) vs t0",-46.1502777761683,NA,NA,NA,NA,NA,NA,9.06126900212937e-21,"model_or_emmeans"
"virus_comp_6059_cycle_1","TP (CELIAC): (t0-24) vs t0",-45.9863969366087,NA,NA,NA,NA,NA,NA,1.0674844756222e-20,"model_or_emmeans"
"virus_comp_6059_cycle_1","TP (CELIAC): (t0-30) vs t0",-46.8371511824457,NA,NA,NA,NA,NA,NA,4.55914802947649e-21,"model_or_emmeans"
"virus_comp_6059_cycle_1","TP (CELIAC): (t0-36) vs t0",-40.1329699700063,NA,NA,NA,NA,NA,NA,3.71939754122729e-18,"model_or_emmeans"
"virus_comp_6059_cycle_1","TP (CELIAC): (t0-6) vs t0",0.562461985375858,NA,NA,NA,NA,NA,NA,1.75498794048527,"model_or_emmeans"
"virus_comp_637_cycle_1","TP (CELIAC): (t0-12) vs t0",-193.994599694227,NA,NA,NA,NA,NA,NA,5.61326872491877e-85,"model_or_emmeans"
"virus_comp_637_cycle_1","TP (CELIAC): (t0-18) vs t0",-194.034178117592,NA,NA,NA,NA,NA,NA,5.39544342351434e-85,"model_or_emmeans"
"virus_comp_637_cycle_1","TP (CELIAC): (t0-24) vs t0",19.8304935646586,NA,NA,NA,NA,NA,NA,409518879.77801,"model_or_emmeans"
"virus_comp_637_cycle_1","TP (CELIAC): (t0-30) vs t0",-1246.08192808912,NA,NA,NA,NA,NA,NA,0,"model_or_emmeans"
"virus_comp_637_cycle_1","TP (CELIAC): (t0-36) vs t0",-1220.37228278449,NA,NA,NA,NA,NA,NA,0,"model_or_emmeans"
"virus_comp_637_cycle_1","TP (CELIAC): (t0-6) vs t0",-126.241105594613,NA,NA,NA,NA,NA,NA,1.49342855473745e-55,"model_or_emmeans"
"virus_comp_6408_cycle_1","TP (CELIAC): (t0-12) vs t0",-31.7103587062357,NA,NA,NA,NA,NA,NA,1.69186690320382e-14,"model_or_emmeans"
"virus_comp_6408_cycle_1","TP (CELIAC): (t0-18) vs t0",-59.4926328203371,NA,NA,NA,NA,NA,NA,1.45437986116009e-26,"model_or_emmeans"
"virus_comp_6408_cycle_1","TP (CELIAC): (t0-24) vs t0",83.4178113391371,NA,NA,NA,NA,NA,NA,1.69003289180387e+36,"model_or_emmeans"
"virus_comp_6408_cycle_1","TP (CELIAC): (t0-30) vs t0",-165.19850783922,NA,NA,NA,NA,NA,NA,1.79969796995137e-72,"model_or_emmeans"
"virus_comp_6408_cycle_1","TP (CELIAC): (t0-36) vs t0",-78.8787214890696,NA,NA,NA,NA,NA,NA,5.53868310443615e-35,"model_or_emmeans"
"virus_comp_6408_cycle_1","TP (CELIAC): (t0-6) vs t0",-13.4737634685101,NA,NA,NA,NA,NA,NA,1.40740430510784e-06,"model_or_emmeans"
"virus_comp_6559_cycle_1","TP (CELIAC): (t0-12) vs t0",38.6048483012655,NA,NA,NA,NA,NA,NA,58327396532923232,"model_or_emmeans"
"virus_comp_6559_cycle_1","TP (CELIAC): (t0-18) vs t0",-37.2822973258036,NA,NA,NA,NA,NA,NA,6.43433989325262e-17,"model_or_emmeans"
"virus_comp_6559_cycle_1","TP (CELIAC): (t0-24) vs t0",2.24235777581997,NA,NA,NA,NA,NA,NA,9.41550478661934,"model_or_emmeans"
"virus_comp_6559_cycle_1","TP (CELIAC): (t0-30) vs t0",-22.8097945958967,NA,NA,NA,NA,NA,NA,1.24117229728583e-10,"model_or_emmeans"
"virus_comp_6559_cycle_1","TP (CELIAC): (t0-36) vs t0",-20.0712554564324,NA,NA,NA,NA,NA,NA,1.91939566851917e-09,"model_or_emmeans"
"virus_comp_6559_cycle_1","TP (CELIAC): (t0-6) vs t0",41.1325709704723,NA,NA,NA,NA,NA,NA,730547735622488192,"model_or_emmeans"
"virus_comp_684_cycle_1","TP (CELIAC): (t0-12) vs t0",-682.092779058184,NA,NA,NA,NA,NA,NA,5.90024314480928e-297,"model_or_emmeans"
"virus_comp_684_cycle_1","TP (CELIAC): (t0-18) vs t0",29.205268045069,NA,NA,NA,NA,NA,NA,4827105096818.66,"model_or_emmeans"
"virus_comp_684_cycle_1","TP (CELIAC): (t0-24) vs t0",146.467496967486,NA,NA,NA,NA,NA,NA,4.07404396300072e+63,"model_or_emmeans"
"virus_comp_684_cycle_1","TP (CELIAC): (t0-30) vs t0",455.583473969465,NA,NA,NA,NA,NA,NA,7.20093335052507e+197,"model_or_emmeans"
"virus_comp_684_cycle_1","TP (CELIAC): (t0-36) vs t0",-836.4871363221,NA,NA,NA,NA,NA,NA,0,"model_or_emmeans"
"virus_comp_684_cycle_1","TP (CELIAC): (t0-6) vs t0",-120.816821411191,NA,NA,NA,NA,NA,NA,3.38782633795579e-53,"model_or_emmeans"
"virus_comp_6916_cycle_1","TP (CELIAC): (t0-12) vs t0",-53.6566798979677,NA,NA,NA,NA,NA,NA,4.97966357677104e-24,"model_or_emmeans"
"virus_comp_6916_cycle_1","TP (CELIAC): (t0-18) vs t0",-36.4845153413304,NA,NA,NA,NA,NA,NA,1.42881602470223e-16,"model_or_emmeans"
"virus_comp_6916_cycle_1","TP (CELIAC): (t0-24) vs t0",-59.3652183164266,NA,NA,NA,NA,NA,NA,1.65201226832583e-26,"model_or_emmeans"
"virus_comp_6916_cycle_1","TP (CELIAC): (t0-30) vs t0",30.7793617023474,NA,NA,NA,NA,NA,NA,23297372510399.3,"model_or_emmeans"
"virus_comp_6916_cycle_1","TP (CELIAC): (t0-36) vs t0",67.5513789678937,NA,NA,NA,NA,NA,NA,2.17365758363558e+29,"model_or_emmeans"
"virus_comp_6916_cycle_1","TP (CELIAC): (t0-6) vs t0",109.913455847803,NA,NA,NA,NA,NA,NA,5.4300941740511e+47,"model_or_emmeans"
"virus_comp_7041_cycle_1","TP (CELIAC): (t0-12) vs t0",-75.1010217776078,NA,NA,NA,NA,NA,NA,2.42125570315604e-33,"model_or_emmeans"
"virus_comp_7041_cycle_1","TP (CELIAC): (t0-18) vs t0",-95.1879006706787,NA,NA,NA,NA,NA,NA,4.57530441389983e-42,"model_or_emmeans"
"virus_comp_7041_cycle_1","TP (CELIAC): (t0-24) vs t0",219.16556436879,NA,NA,NA,NA,NA,NA,1.52193192994472e+95,"model_or_emmeans"
"virus_comp_7041_cycle_1","TP (CELIAC): (t0-30) vs t0",293.641113993073,NA,NA,NA,NA,NA,NA,3.36291172264694e+127,"model_or_emmeans"
"virus_comp_7041_cycle_1","TP (CELIAC): (t0-36) vs t0",-66.6058953193983,NA,NA,NA,NA,NA,NA,1.18420584559691e-29,"model_or_emmeans"
"virus_comp_7041_cycle_1","TP (CELIAC): (t0-6) vs t0",404.445181221717,NA,NA,NA,NA,NA,NA,4.44949206852367e+175,"model_or_emmeans"
"virus_comp_7214_cycle_1","TP (CELIAC): (t0-12) vs t0",-39.1019745383005,NA,NA,NA,NA,NA,NA,1.04286532253842e-17,"model_or_emmeans"
"virus_comp_7214_cycle_1","TP (CELIAC): (t0-18) vs t0",-34.7237580499888,NA,NA,NA,NA,NA,NA,8.31119530535127e-16,"model_or_emmeans"
"virus_comp_7214_cycle_1","TP (CELIAC): (t0-24) vs t0",-56.4398150574747,NA,NA,NA,NA,NA,NA,3.07963864600319e-25,"model_or_emmeans"
"virus_comp_7214_cycle_1","TP (CELIAC): (t0-30) vs t0",-61.9278253382958,NA,NA,NA,NA,NA,NA,1.27375874685682e-27,"model_or_emmeans"
"virus_comp_7214_cycle_1","TP (CELIAC): (t0-36) vs t0",-67.6543867429382,NA,NA,NA,NA,NA,NA,4.15023951436971e-30,"model_or_emmeans"
"virus_comp_7214_cycle_1","TP (CELIAC): (t0-6) vs t0",-108.176389852555,NA,NA,NA,NA,NA,NA,1.04614242523398e-47,"model_or_emmeans"
"virus_comp_73_cycle_1","TP (CELIAC): (t0-12) vs t0",-28.1445587328697,NA,NA,NA,NA,NA,NA,5.98375008573684e-13,"model_or_emmeans"
"virus_comp_73_cycle_1","TP (CELIAC): (t0-18) vs t0",-38.827454735359,NA,NA,NA,NA,NA,NA,1.37230505178363e-17,"model_or_emmeans"
"virus_comp_73_cycle_1","TP (CELIAC): (t0-24) vs t0",0.811393940750233,NA,NA,NA,NA,NA,NA,2.25104362215918,"model_or_emmeans"
"virus_comp_73_cycle_1","TP (CELIAC): (t0-30) vs t0",51.0942318524625,NA,NA,NA,NA,NA,NA,1.54861317805833e+22,"model_or_emmeans"
"virus_comp_73_cycle_1","TP (CELIAC): (t0-36) vs t0",-58.2289619865095,NA,NA,NA,NA,NA,NA,5.14615807456024e-26,"model_or_emmeans"
"virus_comp_73_cycle_1","TP (CELIAC): (t0-6) vs t0",-25.2458722091477,NA,NA,NA,NA,NA,NA,1.08606797733814e-11,"model_or_emmeans"
"virus_comp_7718_cycle_1","TP (CELIAC): (t0-12) vs t0",-119.465268411084,NA,NA,NA,NA,NA,NA,1.30885986292348e-52,"model_or_emmeans"
"virus_comp_7718_cycle_1","TP (CELIAC): (t0-18) vs t0",-128.242585746752,NA,NA,NA,NA,NA,NA,2.01814638897654e-56,"model_or_emmeans"
"virus_comp_7718_cycle_1","TP (CELIAC): (t0-24) vs t0",10.9974882024602,NA,NA,NA,NA,NA,NA,59723.9387120786,"model_or_emmeans"
"virus_comp_7718_cycle_1","TP (CELIAC): (t0-30) vs t0",26.9728217222421,NA,NA,NA,NA,NA,NA,517782818634.212,"model_or_emmeans"
"virus_comp_7718_cycle_1","TP (CELIAC): (t0-36) vs t0",4.7497329504203,NA,NA,NA,NA,NA,NA,115.553421913693,"model_or_emmeans"
"virus_comp_7718_cycle_1","TP (CELIAC): (t0-6) vs t0",-83.2630001164258,NA,NA,NA,NA,NA,NA,6.9077800808925e-37,"model_or_emmeans"
"virus_comp_778_cycle_1","TP (CELIAC): (t0-12) vs t0",-13.0358835340316,NA,NA,NA,NA,NA,NA,2.18065878026637e-06,"model_or_emmeans"
"virus_comp_778_cycle_1","TP (CELIAC): (t0-18) vs t0",-2.69773612619179,NA,NA,NA,NA,NA,NA,0.0673578298881564,"model_or_emmeans"
"virus_comp_778_cycle_1","TP (CELIAC): (t0-24) vs t0",-35.9083452502175,NA,NA,NA,NA,NA,NA,2.54216540040738e-16,"model_or_emmeans"
"virus_comp_778_cycle_1","TP (CELIAC): (t0-30) vs t0",-29.8181471606906,NA,NA,NA,NA,NA,NA,1.12238854981161e-13,"model_or_emmeans"
"virus_comp_778_cycle_1","TP (CELIAC): (t0-36) vs t0",-34.8345136544591,NA,NA,NA,NA,NA,NA,7.43982876739929e-16,"model_or_emmeans"
"virus_comp_778_cycle_1","TP (CELIAC): (t0-6) vs t0",8.33473440833032,NA,NA,NA,NA,NA,NA,4166.09492967974,"model_or_emmeans"
"virus_comp_7974_cycle_1","TP (CELIAC): (t0-12) vs t0",62.6862214156243,NA,NA,NA,NA,NA,NA,1.67602330112937e+27,"model_or_emmeans"
"virus_comp_7974_cycle_1","TP (CELIAC): (t0-18) vs t0",-26.690603332958,NA,NA,NA,NA,NA,NA,2.56105115841474e-12,"model_or_emmeans"
"virus_comp_7974_cycle_1","TP (CELIAC): (t0-24) vs t0",262.195194083146,NA,NA,NA,NA,NA,NA,7.41183891227493e+113,"model_or_emmeans"
"virus_comp_7974_cycle_1","TP (CELIAC): (t0-30) vs t0",378.534695610481,NA,NA,NA,NA,NA,NA,2.48616250610385e+164,"model_or_emmeans"
"virus_comp_7974_cycle_1","TP (CELIAC): (t0-36) vs t0",190.552044710628,NA,NA,NA,NA,NA,NA,5.69772564243603e+82,"model_or_emmeans"
"virus_comp_7974_cycle_1","TP (CELIAC): (t0-6) vs t0",51.6312393786492,NA,NA,NA,NA,NA,NA,2.64949043487062e+22,"model_or_emmeans"
"virus_comp_808_cycle_4","TP (CELIAC): (t0-12) vs t0",-72.9345306304743,NA,NA,NA,NA,NA,NA,2.11317666834501e-32,"model_or_emmeans"
"virus_comp_808_cycle_4","TP (CELIAC): (t0-18) vs t0",-45.051401342304,NA,NA,NA,NA,NA,NA,2.71909884268497e-20,"model_or_emmeans"
"virus_comp_808_cycle_4","TP (CELIAC): (t0-24) vs t0",-49.198479028396,NA,NA,NA,NA,NA,NA,4.29904548348371e-22,"model_or_emmeans"
"virus_comp_808_cycle_4","TP (CELIAC): (t0-30) vs t0",32.6332007851055,NA,NA,NA,NA,NA,NA,148737003499536,"model_or_emmeans"
"virus_comp_808_cycle_4","TP (CELIAC): (t0-36) vs t0",52.432568206136,NA,NA,NA,NA,NA,NA,5.90439010769581e+22,"model_or_emmeans"
"virus_comp_808_cycle_4","TP (CELIAC): (t0-6) vs t0",99.9162326838583,NA,NA,NA,NA,NA,NA,2.47211407435458e+43,"model_or_emmeans"
"virus_comp_809_cycle_1","TP (CELIAC): (t0-12) vs t0",-32.2808163938276,NA,NA,NA,NA,NA,NA,9.56355960216185e-15,"model_or_emmeans"
"virus_comp_809_cycle_1","TP (CELIAC): (t0-18) vs t0",-22.5016556744991,NA,NA,NA,NA,NA,NA,1.68909900805465e-10,"model_or_emmeans"
"virus_comp_809_cycle_1","TP (CELIAC): (t0-24) vs t0",-26.7579118206654,NA,NA,NA,NA,NA,NA,2.39434401409173e-12,"model_or_emmeans"
"virus_comp_809_cycle_1","TP (CELIAC): (t0-30) vs t0",34.6593809385129,NA,NA,NA,NA,NA,NA,1128178678663862,"model_or_emmeans"
"virus_comp_809_cycle_1","TP (CELIAC): (t0-36) vs t0",50.2370889331568,NA,NA,NA,NA,NA,NA,6.57189340372682e+21,"model_or_emmeans"
"virus_comp_809_cycle_1","TP (CELIAC): (t0-6) vs t0",11.0874396691029,NA,NA,NA,NA,NA,NA,65345.2263601585,"model_or_emmeans"
"virus_comp_810_cycle_1","TP (CELIAC): (t0-12) vs t0",-15.6701175863548,NA,NA,NA,NA,NA,NA,1.56514436321481e-07,"model_or_emmeans"
"virus_comp_810_cycle_1","TP (CELIAC): (t0-18) vs t0",-5.03831182321946,NA,NA,NA,NA,NA,NA,0.00648468637997652,"model_or_emmeans"
"virus_comp_810_cycle_1","TP (CELIAC): (t0-24) vs t0",-9.99563574971505,NA,NA,NA,NA,NA,NA,4.5598499407528e-05,"model_or_emmeans"
"virus_comp_810_cycle_1","TP (CELIAC): (t0-30) vs t0",21.9275084338893,NA,NA,NA,NA,NA,NA,3334232763.38068,"model_or_emmeans"
"virus_comp_810_cycle_1","TP (CELIAC): (t0-36) vs t0",103.400702461143,NA,NA,NA,NA,NA,NA,8.06036119995737e+44,"model_or_emmeans"
"virus_comp_810_cycle_1","TP (CELIAC): (t0-6) vs t0",43.5666990566451,NA,NA,NA,NA,NA,NA,8332532093123347456,"model_or_emmeans"
"virus_comp_8200_cycle_1","TP (CELIAC): (t0-12) vs t0",-2.8554265571488,NA,NA,NA,NA,NA,NA,0.0575312755093611,"model_or_emmeans"
"virus_comp_8200_cycle_1","TP (CELIAC): (t0-18) vs t0",-192.850316448351,NA,NA,NA,NA,NA,NA,1.76267292285313e-84,"model_or_emmeans"
"virus_comp_8200_cycle_1","TP (CELIAC): (t0-24) vs t0",-1.55941787157667,NA,NA,NA,NA,NA,NA,0.21025843299226,"model_or_emmeans"
"virus_comp_8200_cycle_1","TP (CELIAC): (t0-30) vs t0",-203.166921671574,NA,NA,NA,NA,NA,NA,5.83078479725094e-89,"model_or_emmeans"
"virus_comp_8200_cycle_1","TP (CELIAC): (t0-36) vs t0",-120.594635072916,NA,NA,NA,NA,NA,NA,4.23073127246936e-53,"model_or_emmeans"
"virus_comp_8200_cycle_1","TP (CELIAC): (t0-6) vs t0",-266.837501492282,NA,NA,NA,NA,NA,NA,1.30000653974368e-116,"model_or_emmeans"
"virus_comp_8241_cycle_1","TP (CELIAC): (t0-12) vs t0",62.6862214156243,NA,NA,NA,NA,NA,NA,1.67602330112937e+27,"model_or_emmeans"
"virus_comp_8241_cycle_1","TP (CELIAC): (t0-18) vs t0",-26.690603332958,NA,NA,NA,NA,NA,NA,2.56105115841474e-12,"model_or_emmeans"
"virus_comp_8241_cycle_1","TP (CELIAC): (t0-24) vs t0",262.195194083146,NA,NA,NA,NA,NA,NA,7.41183891227493e+113,"model_or_emmeans"
"virus_comp_8241_cycle_1","TP (CELIAC): (t0-30) vs t0",378.534695610481,NA,NA,NA,NA,NA,NA,2.48616250610385e+164,"model_or_emmeans"
"virus_comp_8241_cycle_1","TP (CELIAC): (t0-36) vs t0",190.552044710628,NA,NA,NA,NA,NA,NA,5.69772564243603e+82,"model_or_emmeans"
"virus_comp_8241_cycle_1","TP (CELIAC): (t0-6) vs t0",51.6312393786492,NA,NA,NA,NA,NA,NA,2.64949043487062e+22,"model_or_emmeans"
"virus_comp_8506_cycle_1","TP (CELIAC): (t0-12) vs t0",2.4035581966075,NA,NA,NA,NA,NA,NA,11.0624688731938,"model_or_emmeans"
"virus_comp_8506_cycle_1","TP (CELIAC): (t0-18) vs t0",11.9752502912577,NA,NA,NA,NA,NA,NA,158776.096597066,"model_or_emmeans"
"virus_comp_8506_cycle_1","TP (CELIAC): (t0-24) vs t0",-0.81622843861284,NA,NA,NA,NA,NA,NA,0.442095905968308,"model_or_emmeans"
"virus_comp_8506_cycle_1","TP (CELIAC): (t0-30) vs t0",-2.39623896966291,NA,NA,NA,NA,NA,NA,0.0910597886875558,"model_or_emmeans"
"virus_comp_8506_cycle_1","TP (CELIAC): (t0-36) vs t0",-1.45849366259618,NA,NA,NA,NA,NA,NA,0.232586364527389,"model_or_emmeans"
"virus_comp_8506_cycle_1","TP (CELIAC): (t0-6) vs t0",15.1330773419167,NA,NA,NA,NA,NA,NA,3734323.89684916,"model_or_emmeans"
"virus_comp_86_cycle_1","TP (CELIAC): (t0-12) vs t0",60.175015758573,NA,NA,NA,NA,NA,NA,1.3604334207818e+26,"model_or_emmeans"
"virus_comp_86_cycle_1","TP (CELIAC): (t0-18) vs t0",70.6828620640593,NA,NA,NA,NA,NA,NA,4.97939936456715e+30,"model_or_emmeans"
"virus_comp_86_cycle_1","TP (CELIAC): (t0-24) vs t0",68.4067532792719,NA,NA,NA,NA,NA,NA,5.11299624883203e+29,"model_or_emmeans"
"virus_comp_86_cycle_1","TP (CELIAC): (t0-30) vs t0",153.881089235697,NA,NA,NA,NA,NA,NA,6.75628442780915e+66,"model_or_emmeans"
"virus_comp_86_cycle_1","TP (CELIAC): (t0-36) vs t0",-11.5175817657073,NA,NA,NA,NA,NA,NA,9.95354523025164e-06,"model_or_emmeans"
"virus_comp_86_cycle_1","TP (CELIAC): (t0-6) vs t0",118.295963577809,NA,NA,NA,NA,NA,NA,2.3729261003756e+51,"model_or_emmeans"
"virus_comp_873_cycle_1","TP (CELIAC): (t0-12) vs t0",-134.126998995527,NA,NA,NA,NA,NA,NA,5.61544867288566e-59,"model_or_emmeans"
"virus_comp_873_cycle_1","TP (CELIAC): (t0-18) vs t0",-0.886864892905976,NA,NA,NA,NA,NA,NA,0.411945222773134,"model_or_emmeans"
"virus_comp_873_cycle_1","TP (CELIAC): (t0-24) vs t0",60.3857866194747,NA,NA,NA,NA,NA,NA,1.67963112630234e+26,"model_or_emmeans"
"virus_comp_873_cycle_1","TP (CELIAC): (t0-30) vs t0",-37.0075731031367,NA,NA,NA,NA,NA,NA,8.46867005268475e-17,"model_or_emmeans"
"virus_comp_873_cycle_1","TP (CELIAC): (t0-36) vs t0",-41.7131319238087,NA,NA,NA,NA,NA,NA,7.65979210525581e-19,"model_or_emmeans"
"virus_comp_873_cycle_1","TP (CELIAC): (t0-6) vs t0",-108.095358342674,NA,NA,NA,NA,NA,NA,1.13444214516081e-47,"model_or_emmeans"
"virus_comp_876_cycle_1","TP (CELIAC): (t0-12) vs t0",-1032.07112326398,NA,NA,NA,NA,NA,NA,0,"model_or_emmeans"
"virus_comp_876_cycle_1","TP (CELIAC): (t0-18) vs t0",-21.3430476968975,NA,NA,NA,NA,NA,NA,5.38061797620591e-10,"model_or_emmeans"
"virus_comp_876_cycle_1","TP (CELIAC): (t0-24) vs t0",121.926552366499,NA,NA,NA,NA,NA,NA,8.95424329234984e+52,"model_or_emmeans"
"virus_comp_876_cycle_1","TP (CELIAC): (t0-30) vs t0",-128.677769439516,NA,NA,NA,NA,NA,NA,1.30603491937626e-56,"model_or_emmeans"
"virus_comp_876_cycle_1","TP (CELIAC): (t0-36) vs t0",-118.006126719865,NA,NA,NA,NA,NA,NA,5.63106233299642e-52,"model_or_emmeans"
"virus_comp_876_cycle_1","TP (CELIAC): (t0-6) vs t0",-299.965920205862,NA,NA,NA,NA,NA,NA,5.32667372284163e-131,"model_or_emmeans"
"virus_comp_88_cycle_1","TP (CELIAC): (t0-12) vs t0",83.371040409818,NA,NA,NA,NA,NA,NA,1.61280848841046e+36,"model_or_emmeans"
"virus_comp_88_cycle_1","TP (CELIAC): (t0-18) vs t0",213.94216646591,NA,NA,NA,NA,NA,NA,8.20167097096889e+92,"model_or_emmeans"
"virus_comp_88_cycle_1","TP (CELIAC): (t0-24) vs t0",301.424341002234,NA,NA,NA,NA,NA,NA,8.07101228944594e+130,"model_or_emmeans"
"virus_comp_88_cycle_1","TP (CELIAC): (t0-30) vs t0",504.515940260381,NA,NA,NA,NA,NA,NA,1.2837749209413e+219,"model_or_emmeans"
"virus_comp_88_cycle_1","TP (CELIAC): (t0-36) vs t0",-81.6729067322185,NA,NA,NA,NA,NA,NA,3.38771826149281e-36,"model_or_emmeans"
"virus_comp_88_cycle_1","TP (CELIAC): (t0-6) vs t0",182.368221647738,NA,NA,NA,NA,NA,NA,1.59042185906554e+79,"model_or_emmeans"
"virus_comp_911_cycle_1","TP (CELIAC): (t0-12) vs t0",62.6862214156243,NA,NA,NA,NA,NA,NA,1.67602330112937e+27,"model_or_emmeans"
"virus_comp_911_cycle_1","TP (CELIAC): (t0-18) vs t0",-26.690603332958,NA,NA,NA,NA,NA,NA,2.56105115841474e-12,"model_or_emmeans"
"virus_comp_911_cycle_1","TP (CELIAC): (t0-24) vs t0",262.195194083146,NA,NA,NA,NA,NA,NA,7.41183891227493e+113,"model_or_emmeans"
"virus_comp_911_cycle_1","TP (CELIAC): (t0-30) vs t0",378.534695610481,NA,NA,NA,NA,NA,NA,2.48616250610385e+164,"model_or_emmeans"
"virus_comp_911_cycle_1","TP (CELIAC): (t0-36) vs t0",190.552044710628,NA,NA,NA,NA,NA,NA,5.69772564243603e+82,"model_or_emmeans"
"virus_comp_911_cycle_1","TP (CELIAC): (t0-6) vs t0",51.6312393786492,NA,NA,NA,NA,NA,NA,2.64949043487062e+22,"model_or_emmeans"
"virus_comp_9132_cycle_1","TP (CELIAC): (t0-12) vs t0",62.6862214156243,NA,NA,NA,NA,NA,NA,1.67602330112937e+27,"model_or_emmeans"
"virus_comp_9132_cycle_1","TP (CELIAC): (t0-18) vs t0",-26.690603332958,NA,NA,NA,NA,NA,NA,2.56105115841474e-12,"model_or_emmeans"
"virus_comp_9132_cycle_1","TP (CELIAC): (t0-24) vs t0",262.195194083146,NA,NA,NA,NA,NA,NA,7.41183891227493e+113,"model_or_emmeans"
"virus_comp_9132_cycle_1","TP (CELIAC): (t0-30) vs t0",378.534695610481,NA,NA,NA,NA,NA,NA,2.48616250610385e+164,"model_or_emmeans"
"virus_comp_9132_cycle_1","TP (CELIAC): (t0-36) vs t0",190.552044710628,NA,NA,NA,NA,NA,NA,5.69772564243603e+82,"model_or_emmeans"
"virus_comp_9132_cycle_1","TP (CELIAC): (t0-6) vs t0",51.6312393786492,NA,NA,NA,NA,NA,NA,2.64949043487062e+22,"model_or_emmeans"
"virus_comp_936_cycle_1","TP (CELIAC): (t0-12) vs t0",-200.412094916614,NA,NA,NA,NA,NA,NA,9.16501269875825e-88,"model_or_emmeans"
"virus_comp_936_cycle_1","TP (CELIAC): (t0-18) vs t0",-55.880191051781,NA,NA,NA,NA,NA,NA,5.38941191920804e-25,"model_or_emmeans"
"virus_comp_936_cycle_1","TP (CELIAC): (t0-24) vs t0",17.3785231451989,NA,NA,NA,NA,NA,NA,35269289.069306,"model_or_emmeans"
"virus_comp_936_cycle_1","TP (CELIAC): (t0-30) vs t0",-101.205880044058,NA,NA,NA,NA,NA,NA,1.11389629830621e-44,"model_or_emmeans"
"virus_comp_936_cycle_1","TP (CELIAC): (t0-36) vs t0",-89.7655729904067,NA,NA,NA,NA,NA,NA,1.03587412590216e-39,"model_or_emmeans"
"virus_comp_936_cycle_1","TP (CELIAC): (t0-6) vs t0",-232.662251354488,NA,NA,NA,NA,NA,NA,9.03791160803246e-102,"model_or_emmeans"
"virus_comp_9749_cycle_1","TP (CELIAC): (t0-12) vs t0",62.6862214156243,NA,NA,NA,NA,NA,NA,1.67602330112937e+27,"model_or_emmeans"
"virus_comp_9749_cycle_1","TP (CELIAC): (t0-18) vs t0",-26.690603332958,NA,NA,NA,NA,NA,NA,2.56105115841474e-12,"model_or_emmeans"
"virus_comp_9749_cycle_1","TP (CELIAC): (t0-24) vs t0",262.195194083146,NA,NA,NA,NA,NA,NA,7.41183891227493e+113,"model_or_emmeans"
"virus_comp_9749_cycle_1","TP (CELIAC): (t0-30) vs t0",378.534695610481,NA,NA,NA,NA,NA,NA,2.48616250610385e+164,"model_or_emmeans"
"virus_comp_9749_cycle_1","TP (CELIAC): (t0-36) vs t0",190.552044710628,NA,NA,NA,NA,NA,NA,5.69772564243603e+82,"model_or_emmeans"
"virus_comp_9749_cycle_1","TP (CELIAC): (t0-6) vs t0",51.6312393786492,NA,NA,NA,NA,NA,NA,2.64949043487062e+22,"model_or_emmeans"
"virus_comp_9845_cycle_1","TP (CELIAC): (t0-12) vs t0",-204.717388375665,NA,NA,NA,NA,NA,NA,1.23699481375825e-89,"model_or_emmeans"
"virus_comp_9845_cycle_1","TP (CELIAC): (t0-18) vs t0",-185.315562106234,NA,NA,NA,NA,NA,NA,3.29969627475437e-81,"model_or_emmeans"
"virus_comp_9845_cycle_1","TP (CELIAC): (t0-24) vs t0",21.3575393481353,NA,NA,NA,NA,NA,NA,1885651738.83797,"model_or_emmeans"
"virus_comp_9845_cycle_1","TP (CELIAC): (t0-30) vs t0",-128.208030779627,NA,NA,NA,NA,NA,NA,2.08910224957915e-56,"model_or_emmeans"
"virus_comp_9845_cycle_1","TP (CELIAC): (t0-36) vs t0",31.9322914564498,NA,NA,NA,NA,NA,NA,73793477026206.5,"model_or_emmeans"
"virus_comp_9845_cycle_1","TP (CELIAC): (t0-6) vs t0",-215.343541072149,NA,NA,NA,NA,NA,NA,3.00253721417385e-94,"model_or_emmeans"
"virus_comp_9930_cycle_1","TP (CELIAC): (t0-12) vs t0",-25.351334439951,NA,NA,NA,NA,NA,NA,9.77361762054406e-12,"model_or_emmeans"
"virus_comp_9930_cycle_1","TP (CELIAC): (t0-18) vs t0",-44.1515841530785,NA,NA,NA,NA,NA,NA,6.68668146385317e-20,"model_or_emmeans"
"virus_comp_9930_cycle_1","TP (CELIAC): (t0-24) vs t0",11.4950461136505,NA,NA,NA,NA,NA,NA,98227.9535939183,"model_or_emmeans"
"virus_comp_9930_cycle_1","TP (CELIAC): (t0-30) vs t0",102.567214016841,NA,NA,NA,NA,NA,NA,3.50247522296087e+44,"model_or_emmeans"
"virus_comp_9930_cycle_1","TP (CELIAC): (t0-36) vs t0",12.4156597962438,NA,NA,NA,NA,NA,NA,246633.76839449,"model_or_emmeans"
"virus_comp_9930_cycle_1","TP (CELIAC): (t0-6) vs t0",12.9832360683838,NA,NA,NA,NA,NA,NA,435058.623816063,"model_or_emmeans"
"virus_comp_99_cycle_1","TP (CELIAC): (t0-12) vs t0",-2.21257193787221,NA,NA,NA,NA,NA,NA,0.10941886777959,"model_or_emmeans"
"virus_comp_99_cycle_1","TP (CELIAC): (t0-18) vs t0",-2.12948973503041,NA,NA,NA,NA,NA,NA,0.118897947834028,"model_or_emmeans"
"virus_comp_99_cycle_1","TP (CELIAC): (t0-24) vs t0",-48.008551434891,NA,NA,NA,NA,NA,NA,1.41302884567436e-21,"model_or_emmeans"
"virus_comp_99_cycle_1","TP (CELIAC): (t0-30) vs t0",-161.485837722078,NA,NA,NA,NA,NA,NA,7.37210940639266e-71,"model_or_emmeans"
"virus_comp_99_cycle_1","TP (CELIAC): (t0-36) vs t0",-77.3196810734473,NA,NA,NA,NA,NA,NA,2.63323226147586e-34,"model_or_emmeans"
"virus_comp_99_cycle_1","TP (CELIAC): (t0-6) vs t0",-91.3651891840967,NA,NA,NA,NA,NA,NA,2.09219663519608e-40,"model_or_emmeans"
