"contig_id","term","estimate","std.error","statistic","p.value","p.adj","conf.low","conf.high","OR","source"
"edge_187","TP (CELIAC): (t0-12) vs t0",16.9816584141711,NA,NA,NA,NA,NA,NA,23715950.9165081,"model_or_emmeans"
"edge_187","TP (CELIAC): (t0-18) vs t0",-44.4049682517372,NA,NA,NA,NA,NA,NA,5.1899995379129e-20,"model_or_emmeans"
"edge_187","TP (CELIAC): (t0-24) vs t0",-26.7531131845518,NA,NA,NA,NA,NA,NA,2.40586121106441e-12,"model_or_emmeans"
"edge_187","TP (CELIAC): (t0-30) vs t0",-21.1584140063808,NA,NA,NA,NA,NA,NA,6.47168769343131e-10,"model_or_emmeans"
"edge_187","TP (CELIAC): (t0-36) vs t0",-27.814426641796,NA,NA,NA,NA,NA,NA,8.32430515173929e-13,"model_or_emmeans"
"edge_187","TP (CELIAC): (t0-6) vs t0",-46.0865821127349,NA,NA,NA,NA,NA,NA,9.65721051673663e-21,"model_or_emmeans"
"edge_1980","TP (CELIAC): (t0-12) vs t0",-57.4847534103452,NA,NA,NA,NA,NA,NA,1.08315048950023e-25,"model_or_emmeans"
"edge_1980","TP (CELIAC): (t0-18) vs t0",-43.0390722923989,NA,NA,NA,NA,NA,NA,2.03408172137805e-19,"model_or_emmeans"
"edge_1980","TP (CELIAC): (t0-24) vs t0",76.4857075943624,NA,NA,NA,NA,NA,NA,1.64938010858976e+33,"model_or_emmeans"
"edge_1980","TP (CELIAC): (t0-30) vs t0",-23.7908134355815,NA,NA,NA,NA,NA,NA,4.65351378698841e-11,"model_or_emmeans"
"edge_1980","TP (CELIAC): (t0-36) vs t0",-25.7405925705675,NA,NA,NA,NA,NA,NA,6.62220598869831e-12,"model_or_emmeans"
"edge_1980","TP (CELIAC): (t0-6) vs t0",-1.10668884787962,NA,NA,NA,NA,NA,NA,0.330651989521031,"model_or_emmeans"
"edge_1986","TP (CELIAC): (t0-12) vs t0",-119.905995082566,NA,NA,NA,NA,NA,NA,8.42341094111723e-53,"model_or_emmeans"
"edge_1986","TP (CELIAC): (t0-18) vs t0",-79.9828648499336,NA,NA,NA,NA,NA,NA,1.83604427137695e-35,"model_or_emmeans"
"edge_1986","TP (CELIAC): (t0-24) vs t0",101.906062664493,NA,NA,NA,NA,NA,NA,1.80817594646034e+44,"model_or_emmeans"
"edge_1986","TP (CELIAC): (t0-30) vs t0",-53.1843170568975,NA,NA,NA,NA,NA,NA,7.98628084315777e-24,"model_or_emmeans"
"edge_1986","TP (CELIAC): (t0-36) vs t0",-45.1673031416846,NA,NA,NA,NA,NA,NA,2.42152793297532e-20,"model_or_emmeans"
"edge_1986","TP (CELIAC): (t0-6) vs t0",-248.103796483269,NA,NA,NA,NA,NA,NA,1.77783007220764e-108,"model_or_emmeans"
"edge_2104","TP (CELIAC): (t0-12) vs t0",-66.2931092974607,NA,NA,NA,NA,NA,NA,1.61908050624404e-29,"model_or_emmeans"
"edge_2104","TP (CELIAC): (t0-18) vs t0",-25.8275171360208,NA,NA,NA,NA,NA,NA,6.07088248940075e-12,"model_or_emmeans"
"edge_2104","TP (CELIAC): (t0-24) vs t0",-34.9064748542688,NA,NA,NA,NA,NA,NA,6.9232591461708e-16,"model_or_emmeans"
"edge_2104","TP (CELIAC): (t0-30) vs t0",100.342554537803,NA,NA,NA,NA,NA,NA,3.78632366486064e+43,"model_or_emmeans"
"edge_2104","TP (CELIAC): (t0-36) vs t0",-28.8579839752006,NA,NA,NA,NA,NA,NA,2.93181660824909e-13,"model_or_emmeans"
"edge_2104","TP (CELIAC): (t0-6) vs t0",-141.80396103822,NA,NA,NA,NA,NA,NA,2.60208937326212e-62,"model_or_emmeans"
"edge_2381","TP (CELIAC): (t0-12) vs t0",-10.3457391520933,NA,NA,NA,NA,NA,NA,3.21293970136988e-05,"model_or_emmeans"
"edge_2381","TP (CELIAC): (t0-18) vs t0",-8.02638165789114,NA,NA,NA,NA,NA,NA,0.000326728287389543,"model_or_emmeans"
"edge_2381","TP (CELIAC): (t0-24) vs t0",-7.99439717549038,NA,NA,NA,NA,NA,NA,0.000337347441345047,"model_or_emmeans"
"edge_2381","TP (CELIAC): (t0-30) vs t0",-7.07829581459829,NA,NA,NA,NA,NA,NA,0.000843208908943182,"model_or_emmeans"
"edge_2381","TP (CELIAC): (t0-36) vs t0",-9.88625558200459,NA,NA,NA,NA,NA,NA,5.08690648717444e-05,"model_or_emmeans"
"edge_2381","TP (CELIAC): (t0-6) vs t0",-8.89202707028238,NA,NA,NA,NA,NA,NA,0.000137480692309815,"model_or_emmeans"
"edge_263","TP (CELIAC): (t0-12) vs t0",-62.0160063663144,NA,NA,NA,NA,NA,NA,1.16624728420976e-27,"model_or_emmeans"
"edge_263","TP (CELIAC): (t0-18) vs t0",-36.2246904939306,NA,NA,NA,NA,NA,NA,1.85274994835415e-16,"model_or_emmeans"
"edge_263","TP (CELIAC): (t0-24) vs t0",-3.48714654944803,NA,NA,NA,NA,NA,NA,0.0305880291917367,"model_or_emmeans"
"edge_263","TP (CELIAC): (t0-30) vs t0",13.1074376390195,NA,NA,NA,NA,NA,NA,492592.549161623,"model_or_emmeans"
"edge_263","TP (CELIAC): (t0-36) vs t0",-0.912515143728298,NA,NA,NA,NA,NA,NA,0.401513089862985,"model_or_emmeans"
"edge_263","TP (CELIAC): (t0-6) vs t0",-64.2293867566569,NA,NA,NA,NA,NA,NA,1.27506332899433e-28,"model_or_emmeans"
"edge_2636","TP (CELIAC): (t0-12) vs t0",-7.35749746450312,NA,NA,NA,NA,NA,NA,0.000637792562584342,"model_or_emmeans"
"edge_2636","TP (CELIAC): (t0-18) vs t0",-4.76361104592333,NA,NA,NA,NA,NA,NA,0.00853473436772752,"model_or_emmeans"
"edge_2636","TP (CELIAC): (t0-24) vs t0",-4.6953769126524,NA,NA,NA,NA,NA,NA,0.00913742270853386,"model_or_emmeans"
"edge_2636","TP (CELIAC): (t0-30) vs t0",-11.3689932567942,NA,NA,NA,NA,NA,NA,1.15480581947842e-05,"model_or_emmeans"
"edge_2636","TP (CELIAC): (t0-36) vs t0",-8.60263572928294,NA,NA,NA,NA,NA,NA,0.000183621179572386,"model_or_emmeans"
"edge_2636","TP (CELIAC): (t0-6) vs t0",-6.60389758668259,NA,NA,NA,NA,NA,NA,0.00135507620458926,"model_or_emmeans"
"edge_300","TP (CELIAC): (t0-12) vs t0",-49.9608986339258,NA,NA,NA,NA,NA,NA,2.00566045788057e-22,"model_or_emmeans"
"edge_300","TP (CELIAC): (t0-18) vs t0",28.6648407079223,NA,NA,NA,NA,NA,NA,2811785222146.1,"model_or_emmeans"
"edge_300","TP (CELIAC): (t0-24) vs t0",20.0423854563964,NA,NA,NA,NA,NA,NA,506171172.893402,"model_or_emmeans"
"edge_300","TP (CELIAC): (t0-30) vs t0",100.979773830322,NA,NA,NA,NA,NA,NA,7.16075076969381e+43,"model_or_emmeans"
"edge_300","TP (CELIAC): (t0-36) vs t0",-34.6064363062285,NA,NA,NA,NA,NA,NA,9.34578259025088e-16,"model_or_emmeans"
"edge_300","TP (CELIAC): (t0-6) vs t0",83.1852653386752,NA,NA,NA,NA,NA,NA,1.33937353156876e+36,"model_or_emmeans"
"edge_303","TP (CELIAC): (t0-12) vs t0",8.25173980643947,NA,NA,NA,NA,NA,NA,3834.29094582386,"model_or_emmeans"
"edge_303","TP (CELIAC): (t0-18) vs t0",18.8656557006598,NA,NA,NA,NA,NA,NA,156045111.650943,"model_or_emmeans"
"edge_303","TP (CELIAC): (t0-24) vs t0",18.0876942696031,NA,NA,NA,NA,NA,NA,71677988.9004545,"model_or_emmeans"
"edge_303","TP (CELIAC): (t0-30) vs t0",71.811256498146,NA,NA,NA,NA,NA,NA,1.53897808552519e+31,"model_or_emmeans"
"edge_303","TP (CELIAC): (t0-36) vs t0",-19.2029651830326,NA,NA,NA,NA,NA,NA,4.57360005921076e-09,"model_or_emmeans"
"edge_303","TP (CELIAC): (t0-6) vs t0",64.942847023196,NA,NA,NA,NA,NA,NA,1.60073743407538e+28,"model_or_emmeans"
"edge_305","TP (CELIAC): (t0-12) vs t0",-28.0430734286727,NA,NA,NA,NA,NA,NA,6.62289628957951e-13,"model_or_emmeans"
"edge_305","TP (CELIAC): (t0-18) vs t0",-25.6768903172895,NA,NA,NA,NA,NA,NA,7.05778172333316e-12,"model_or_emmeans"
"edge_305","TP (CELIAC): (t0-24) vs t0",-70.1513920276415,NA,NA,NA,NA,NA,NA,3.41694150843374e-31,"model_or_emmeans"
"edge_305","TP (CELIAC): (t0-30) vs t0",98.6640528825101,NA,NA,NA,NA,NA,NA,7.06730328717628e+42,"model_or_emmeans"
"edge_305","TP (CELIAC): (t0-36) vs t0",-59.0280544801025,NA,NA,NA,NA,NA,NA,2.31441727257727e-26,"model_or_emmeans"
"edge_305","TP (CELIAC): (t0-6) vs t0",86.3544371370819,NA,NA,NA,NA,NA,NA,3.18607163742382e+37,"model_or_emmeans"
"edge_306","TP (CELIAC): (t0-12) vs t0",27.9362661314859,NA,NA,NA,NA,NA,NA,1356957437961.72,"model_or_emmeans"
"edge_306","TP (CELIAC): (t0-18) vs t0",52.1944760584092,NA,NA,NA,NA,NA,NA,4.65342734964386e+22,"model_or_emmeans"
"edge_306","TP (CELIAC): (t0-24) vs t0",62.2986257878971,NA,NA,NA,NA,NA,NA,1.13749477344395e+27,"model_or_emmeans"
"edge_306","TP (CELIAC): (t0-30) vs t0",-45.7370130373706,NA,NA,NA,NA,NA,NA,1.36983298343962e-20,"model_or_emmeans"
"edge_306","TP (CELIAC): (t0-36) vs t0",-26.3896136409762,NA,NA,NA,NA,NA,NA,3.46048057852614e-12,"model_or_emmeans"
"edge_306","TP (CELIAC): (t0-6) vs t0",71.8248334147165,NA,NA,NA,NA,NA,NA,1.56001514867144e+31,"model_or_emmeans"
"edge_311","TP (CELIAC): (t0-12) vs t0",1.80513886978672,NA,NA,NA,NA,NA,NA,6.08081583148694,"model_or_emmeans"
"edge_311","TP (CELIAC): (t0-18) vs t0",11.6156811719471,NA,NA,NA,NA,NA,NA,110822.064543278,"model_or_emmeans"
"edge_311","TP (CELIAC): (t0-24) vs t0",42.0257394762469,NA,NA,NA,NA,NA,NA,1784624095600208128,"model_or_emmeans"
"edge_311","TP (CELIAC): (t0-30) vs t0",74.5396038055257,NA,NA,NA,NA,NA,NA,2.35580107701003e+32,"model_or_emmeans"
"edge_311","TP (CELIAC): (t0-36) vs t0",-12.330970812084,NA,NA,NA,NA,NA,NA,4.41293387430695e-06,"model_or_emmeans"
"edge_311","TP (CELIAC): (t0-6) vs t0",55.6869573443564,NA,NA,NA,NA,NA,NA,1.5294605820665e+24,"model_or_emmeans"
"edge_48666","TP (CELIAC): (t0-12) vs t0",37.6276599595262,NA,NA,NA,NA,NA,NA,21952555679589868,"model_or_emmeans"
"edge_48666","TP (CELIAC): (t0-18) vs t0",38.0856254788823,NA,NA,NA,NA,NA,NA,34703796284198944,"model_or_emmeans"
"edge_48666","TP (CELIAC): (t0-24) vs t0",57.7692010585713,NA,NA,NA,NA,NA,NA,1.22700192392697e+25,"model_or_emmeans"
"edge_48666","TP (CELIAC): (t0-30) vs t0",112.792141000441,NA,NA,NA,NA,NA,NA,9.66060752203991e+48,"model_or_emmeans"
"edge_48666","TP (CELIAC): (t0-36) vs t0",-47.9450963356726,NA,NA,NA,NA,NA,NA,1.50559868614378e-21,"model_or_emmeans"
"edge_48666","TP (CELIAC): (t0-6) vs t0",91.9477478668906,NA,NA,NA,NA,NA,NA,8.55853679280737e+39,"model_or_emmeans"
"edge_48806","TP (CELIAC): (t0-12) vs t0",-45.5675063826195,NA,NA,NA,NA,NA,NA,1.62286884860649e-20,"model_or_emmeans"
"edge_48806","TP (CELIAC): (t0-18) vs t0",-50.8231177009398,NA,NA,NA,NA,NA,NA,8.46838178542742e-23,"model_or_emmeans"
"edge_48806","TP (CELIAC): (t0-24) vs t0",-38.287380935308,NA,NA,NA,NA,NA,NA,2.35505868290934e-17,"model_or_emmeans"
"edge_48806","TP (CELIAC): (t0-30) vs t0",-57.3876160576989,NA,NA,NA,NA,NA,NA,1.19364454202614e-25,"model_or_emmeans"
"edge_48806","TP (CELIAC): (t0-36) vs t0",-34.3630207364964,NA,NA,NA,NA,NA,NA,1.19214673203764e-15,"model_or_emmeans"
"edge_48806","TP (CELIAC): (t0-6) vs t0",-57.6412105304559,NA,NA,NA,NA,NA,NA,9.26275839740904e-26,"model_or_emmeans"
"edge_957","TP (CELIAC): (t0-12) vs t0",-4.11570274764096,NA,NA,NA,NA,NA,NA,0.0163144714237052,"model_or_emmeans"
"edge_957","TP (CELIAC): (t0-18) vs t0",-0.916503223552725,NA,NA,NA,NA,NA,NA,0.399915012358475,"model_or_emmeans"
"edge_957","TP (CELIAC): (t0-24) vs t0",-28.8780969542978,NA,NA,NA,NA,NA,NA,2.87343809300336e-13,"model_or_emmeans"
"edge_957","TP (CELIAC): (t0-30) vs t0",-5.0155590655083,NA,NA,NA,NA,NA,NA,0.00663392220319968,"model_or_emmeans"
"edge_957","TP (CELIAC): (t0-36) vs t0",-3.51970566844454,NA,NA,NA,NA,NA,NA,0.0296081484979268,"model_or_emmeans"
"edge_957","TP (CELIAC): (t0-6) vs t0",-17.111067371363,NA,NA,NA,NA,NA,NA,3.70474108082948e-08,"model_or_emmeans"
"edge_959","TP (CELIAC): (t0-12) vs t0",-4.93611623808533,NA,NA,NA,NA,NA,NA,0.00718243915748335,"model_or_emmeans"
"edge_959","TP (CELIAC): (t0-18) vs t0",-0.981424282691242,NA,NA,NA,NA,NA,NA,0.374776930243326,"model_or_emmeans"
"edge_959","TP (CELIAC): (t0-24) vs t0",-4.70725573394415,NA,NA,NA,NA,NA,NA,0.0090295230264077,"model_or_emmeans"
"edge_959","TP (CELIAC): (t0-30) vs t0",-4.95141581580078,NA,NA,NA,NA,NA,NA,0.00707338722288603,"model_or_emmeans"
"edge_959","TP (CELIAC): (t0-36) vs t0",-3.06886972592886,NA,NA,NA,NA,NA,NA,0.0464736531482583,"model_or_emmeans"
"edge_959","TP (CELIAC): (t0-6) vs t0",-51.6008667788581,NA,NA,NA,NA,NA,NA,3.89070494110381e-23,"model_or_emmeans"
"edge_965","TP (CELIAC): (t0-12) vs t0",-41.8157459654476,NA,NA,NA,NA,NA,NA,6.91277259698372e-19,"model_or_emmeans"
"edge_965","TP (CELIAC): (t0-18) vs t0",-38.4671833397763,NA,NA,NA,NA,NA,NA,1.9674990945824e-17,"model_or_emmeans"
"edge_965","TP (CELIAC): (t0-24) vs t0",-2.79834956248695,NA,NA,NA,NA,NA,NA,0.0609105087009304,"model_or_emmeans"
"edge_965","TP (CELIAC): (t0-30) vs t0",1.03329097597213,NA,NA,NA,NA,NA,NA,2.81029926021463,"model_or_emmeans"
"edge_965","TP (CELIAC): (t0-36) vs t0",4.08055434298612,NA,NA,NA,NA,NA,NA,59.1782658155214,"model_or_emmeans"
"edge_965","TP (CELIAC): (t0-6) vs t0",-25.5222167179995,NA,NA,NA,NA,NA,NA,8.23838556319969e-12,"model_or_emmeans"
"edge_967","TP (CELIAC): (t0-12) vs t0",-6.91749280252268,NA,NA,NA,NA,NA,NA,0.000990309732631392,"model_or_emmeans"
"edge_967","TP (CELIAC): (t0-18) vs t0",-0.236203427106161,NA,NA,NA,NA,NA,NA,0.789620027476279,"model_or_emmeans"
"edge_967","TP (CELIAC): (t0-24) vs t0",-6.15857123525973,NA,NA,NA,NA,NA,NA,0.00211527334170088,"model_or_emmeans"
"edge_967","TP (CELIAC): (t0-30) vs t0",-4.9194483332862,NA,NA,NA,NA,NA,NA,0.00730315864521547,"model_or_emmeans"
"edge_967","TP (CELIAC): (t0-36) vs t0",-4.67543022540269,NA,NA,NA,NA,NA,NA,0.00932151392284579,"model_or_emmeans"
"edge_967","TP (CELIAC): (t0-6) vs t0",-60.3831773087098,NA,NA,NA,NA,NA,NA,5.96924349804261e-27,"model_or_emmeans"
"virus_comp_10080_cycle_1","TP (CELIAC): (t0-12) vs t0",-24.7017735989047,NA,NA,NA,NA,NA,NA,1.87135435742892e-11,"model_or_emmeans"
"virus_comp_10080_cycle_1","TP (CELIAC): (t0-18) vs t0",1.2054685244246,NA,NA,NA,NA,NA,NA,3.33832279748626,"model_or_emmeans"
"virus_comp_10080_cycle_1","TP (CELIAC): (t0-24) vs t0",4.432347157374,NA,NA,NA,NA,NA,NA,84.1286485306579,"model_or_emmeans"
"virus_comp_10080_cycle_1","TP (CELIAC): (t0-30) vs t0",-19.3934286831031,NA,NA,NA,NA,NA,NA,3.78042770931674e-09,"model_or_emmeans"
"virus_comp_10080_cycle_1","TP (CELIAC): (t0-36) vs t0",-14.836315546201,NA,NA,NA,NA,NA,NA,3.60304782290528e-07,"model_or_emmeans"
"virus_comp_10080_cycle_1","TP (CELIAC): (t0-6) vs t0",-58.8907917024093,NA,NA,NA,NA,NA,NA,2.65493644203073e-26,"model_or_emmeans"
"virus_comp_103_cycle_1","TP (CELIAC): (t0-12) vs t0",-9.3735142371796,NA,NA,NA,NA,NA,NA,8.49443486910246e-05,"model_or_emmeans"
"virus_comp_103_cycle_1","TP (CELIAC): (t0-18) vs t0",-52.9339184708298,NA,NA,NA,NA,NA,NA,1.02586757378494e-23,"model_or_emmeans"
"virus_comp_103_cycle_1","TP (CELIAC): (t0-24) vs t0",-13.9589192669731,NA,NA,NA,NA,NA,NA,8.66399891081851e-07,"model_or_emmeans"
"virus_comp_103_cycle_1","TP (CELIAC): (t0-30) vs t0",-73.6826193548074,NA,NA,NA,NA,NA,NA,1.00010362637093e-32,"model_or_emmeans"
"virus_comp_103_cycle_1","TP (CELIAC): (t0-36) vs t0",-64.0100937931353,NA,NA,NA,NA,NA,NA,1.58770378285328e-28,"model_or_emmeans"
"virus_comp_103_cycle_1","TP (CELIAC): (t0-6) vs t0",-2.26311240370151,NA,NA,NA,NA,NA,NA,0.104026208820343,"model_or_emmeans"
"virus_comp_105_cycle_1","TP (CELIAC): (t0-12) vs t0",-130.760954041487,NA,NA,NA,NA,NA,NA,1.62644436203301e-57,"model_or_emmeans"
"virus_comp_105_cycle_1","TP (CELIAC): (t0-18) vs t0",-49.5646085940837,NA,NA,NA,NA,NA,NA,2.9810138231954e-22,"model_or_emmeans"
"virus_comp_105_cycle_1","TP (CELIAC): (t0-24) vs t0",48.3978566460831,NA,NA,NA,NA,NA,NA,1.0445327886164e+21,"model_or_emmeans"
"virus_comp_105_cycle_1","TP (CELIAC): (t0-30) vs t0",-68.0486285977678,NA,NA,NA,NA,NA,NA,2.79805404615913e-30,"model_or_emmeans"
"virus_comp_105_cycle_1","TP (CELIAC): (t0-36) vs t0",-94.6868383892341,NA,NA,NA,NA,NA,NA,7.55141918044023e-42,"model_or_emmeans"
"virus_comp_105_cycle_1","TP (CELIAC): (t0-6) vs t0",-159.874306199309,NA,NA,NA,NA,NA,NA,3.69377994942211e-70,"model_or_emmeans"
"virus_comp_1069_cycle_1","TP (CELIAC): (t0-12) vs t0",-16.2262750393129,NA,NA,NA,NA,NA,NA,8.97466586934945e-08,"model_or_emmeans"
"virus_comp_1069_cycle_1","TP (CELIAC): (t0-18) vs t0",-6.51555495094204,NA,NA,NA,NA,NA,NA,0.00148023421412139,"model_or_emmeans"
"virus_comp_1069_cycle_1","TP (CELIAC): (t0-24) vs t0",-12.2805242739716,NA,NA,NA,NA,NA,NA,4.64126186993549e-06,"model_or_emmeans"
"virus_comp_1069_cycle_1","TP (CELIAC): (t0-30) vs t0",-14.5263940613075,NA,NA,NA,NA,NA,NA,4.91210019995675e-07,"model_or_emmeans"
"virus_comp_1069_cycle_1","TP (CELIAC): (t0-36) vs t0",-13.5986328492218,NA,NA,NA,NA,NA,NA,1.2421921836046e-06,"model_or_emmeans"
"virus_comp_1069_cycle_1","TP (CELIAC): (t0-6) vs t0",-53.83603218964,NA,NA,NA,NA,NA,NA,4.16205957631689e-24,"model_or_emmeans"
"virus_comp_10904_cycle_1","TP (CELIAC): (t0-12) vs t0",10.9048013549407,NA,NA,NA,NA,NA,NA,54437.1092134158,"model_or_emmeans"
"virus_comp_10904_cycle_1","TP (CELIAC): (t0-18) vs t0",-167.721816256746,NA,NA,NA,NA,NA,NA,1.44324713783637e-73,"model_or_emmeans"
"virus_comp_10904_cycle_1","TP (CELIAC): (t0-24) vs t0",117.199164254231,NA,NA,NA,NA,NA,NA,7.9241067821079e+50,"model_or_emmeans"
"virus_comp_10904_cycle_1","TP (CELIAC): (t0-30) vs t0",165.49318097688,NA,NA,NA,NA,NA,NA,7.46062636854458e+71,"model_or_emmeans"
"virus_comp_10904_cycle_1","TP (CELIAC): (t0-36) vs t0",108.97991972411,NA,NA,NA,NA,NA,NA,2.13490116611225e+47,"model_or_emmeans"
"virus_comp_10904_cycle_1","TP (CELIAC): (t0-6) vs t0",-3.04722765508176,NA,NA,NA,NA,NA,NA,0.0474904018307054,"model_or_emmeans"
"virus_comp_1105_cycle_1","TP (CELIAC): (t0-12) vs t0",-6.74266016891325,NA,NA,NA,NA,NA,NA,0.00117950529620667,"model_or_emmeans"
"virus_comp_1105_cycle_1","TP (CELIAC): (t0-18) vs t0",-1.73021818646976,NA,NA,NA,NA,NA,NA,0.177245733129859,"model_or_emmeans"
"virus_comp_1105_cycle_1","TP (CELIAC): (t0-24) vs t0",0.408381073078033,NA,NA,NA,NA,NA,NA,1.50438033079661,"model_or_emmeans"
"virus_comp_1105_cycle_1","TP (CELIAC): (t0-30) vs t0",-40.2301015910083,NA,NA,NA,NA,NA,NA,3.37511731217882e-18,"model_or_emmeans"
"virus_comp_1105_cycle_1","TP (CELIAC): (t0-36) vs t0",-30.8785319192936,NA,NA,NA,NA,NA,NA,3.8870844683544e-14,"model_or_emmeans"
"virus_comp_1105_cycle_1","TP (CELIAC): (t0-6) vs t0",38.0215844095604,NA,NA,NA,NA,NA,NA,32550997542427780,"model_or_emmeans"
"virus_comp_1133_cycle_1","TP (CELIAC): (t0-12) vs t0",4.53230030758713,NA,NA,NA,NA,NA,NA,92.9721799042438,"model_or_emmeans"
"virus_comp_1133_cycle_1","TP (CELIAC): (t0-18) vs t0",8.32298785780522,NA,NA,NA,NA,NA,NA,4117.44398489575,"model_or_emmeans"
"virus_comp_1133_cycle_1","TP (CELIAC): (t0-24) vs t0",-25.732336100272,NA,NA,NA,NA,NA,NA,6.67710837380269e-12,"model_or_emmeans"
"virus_comp_1133_cycle_1","TP (CELIAC): (t0-30) vs t0",-45.6969873731266,NA,NA,NA,NA,NA,NA,1.42577351893803e-20,"model_or_emmeans"
"virus_comp_1133_cycle_1","TP (CELIAC): (t0-36) vs t0",-46.5293406058897,NA,NA,NA,NA,NA,NA,6.2024622293802e-21,"model_or_emmeans"
"virus_comp_1133_cycle_1","TP (CELIAC): (t0-6) vs t0",-1.36215733974514,NA,NA,NA,NA,NA,NA,0.256107669293504,"model_or_emmeans"
"virus_comp_1146_cycle_3","TP (CELIAC): (t0-12) vs t0",-93.3989675221534,NA,NA,NA,NA,NA,NA,2.73743483584708e-41,"model_or_emmeans"
"virus_comp_1146_cycle_3","TP (CELIAC): (t0-18) vs t0",-610.207653098482,NA,NA,NA,NA,NA,NA,9.7765008911325e-266,"model_or_emmeans"
"virus_comp_1146_cycle_3","TP (CELIAC): (t0-24) vs t0",-11.8758043702508,NA,NA,NA,NA,NA,NA,6.95670670443341e-06,"model_or_emmeans"
"virus_comp_1146_cycle_3","TP (CELIAC): (t0-30) vs t0",-399.659692465844,NA,NA,NA,NA,NA,NA,2.69154052380022e-174,"model_or_emmeans"
"virus_comp_1146_cycle_3","TP (CELIAC): (t0-36) vs t0",-26.0968836498173,NA,NA,NA,NA,NA,NA,4.63732395539056e-12,"model_or_emmeans"
"virus_comp_1146_cycle_3","TP (CELIAC): (t0-6) vs t0",18.655109146494,NA,NA,NA,NA,NA,NA,126418595.669406,"model_or_emmeans"
"virus_comp_1147_cycle_1","TP (CELIAC): (t0-12) vs t0",-105.466445321568,NA,NA,NA,NA,NA,NA,1.57218906347047e-46,"model_or_emmeans"
"virus_comp_1147_cycle_1","TP (CELIAC): (t0-18) vs t0",-502.133726977743,NA,NA,NA,NA,NA,NA,8.43515749941401e-219,"model_or_emmeans"
"virus_comp_1147_cycle_1","TP (CELIAC): (t0-24) vs t0",-374.668308950829,NA,NA,NA,NA,NA,NA,1.92141368081446e-163,"model_or_emmeans"
"virus_comp_1147_cycle_1","TP (CELIAC): (t0-30) vs t0",-346.756827636518,NA,NA,NA,NA,NA,NA,2.54344994518011e-151,"model_or_emmeans"
"virus_comp_1147_cycle_1","TP (CELIAC): (t0-36) vs t0",-254.280011386721,NA,NA,NA,NA,NA,NA,3.69482774761503e-111,"model_or_emmeans"
"virus_comp_1147_cycle_1","TP (CELIAC): (t0-6) vs t0",-3.75720164945203,NA,NA,NA,NA,NA,NA,0.0233489876923892,"model_or_emmeans"
"virus_comp_12586_cycle_1","TP (CELIAC): (t0-12) vs t0",-84.257429778536,NA,NA,NA,NA,NA,NA,2.55542528598329e-37,"model_or_emmeans"
"virus_comp_12586_cycle_1","TP (CELIAC): (t0-18) vs t0",-26.6303369836611,NA,NA,NA,NA,NA,NA,2.72014212904306e-12,"model_or_emmeans"
"virus_comp_12586_cycle_1","TP (CELIAC): (t0-24) vs t0",-1.66535685876149,NA,NA,NA,NA,NA,NA,0.1891231556832,"model_or_emmeans"
"virus_comp_12586_cycle_1","TP (CELIAC): (t0-30) vs t0",38.1910775955567,NA,NA,NA,NA,NA,NA,38563305925353160,"model_or_emmeans"
"virus_comp_12586_cycle_1","TP (CELIAC): (t0-36) vs t0",-33.3969945409926,NA,NA,NA,NA,NA,NA,3.13234477634833e-15,"model_or_emmeans"
"virus_comp_12586_cycle_1","TP (CELIAC): (t0-6) vs t0",-23.5176910348966,NA,NA,NA,NA,NA,NA,6.11500133856636e-11,"model_or_emmeans"
"virus_comp_12691_cycle_1","TP (CELIAC): (t0-12) vs t0",14.0593636720813,NA,NA,NA,NA,NA,NA,1276156.86729372,"model_or_emmeans"
"virus_comp_12691_cycle_1","TP (CELIAC): (t0-18) vs t0",-25.2247655961603,NA,NA,NA,NA,NA,NA,1.10923482056925e-11,"model_or_emmeans"
"virus_comp_12691_cycle_1","TP (CELIAC): (t0-24) vs t0",7.71023195991105,NA,NA,NA,NA,NA,NA,2231.05971458171,"model_or_emmeans"
"virus_comp_12691_cycle_1","TP (CELIAC): (t0-30) vs t0",20.8348168212647,NA,NA,NA,NA,NA,NA,1118010743.56811,"model_or_emmeans"
"virus_comp_12691_cycle_1","TP (CELIAC): (t0-36) vs t0",11.4771540301846,NA,NA,NA,NA,NA,NA,96486.080189792,"model_or_emmeans"
"virus_comp_12691_cycle_1","TP (CELIAC): (t0-6) vs t0",-9.56119904579201,NA,NA,NA,NA,NA,NA,7.04083252223967e-05,"model_or_emmeans"
"virus_comp_13158_cycle_1","TP (CELIAC): (t0-12) vs t0",41.2178115052379,NA,NA,NA,NA,NA,NA,795551122500660096,"model_or_emmeans"
"virus_comp_13158_cycle_1","TP (CELIAC): (t0-18) vs t0",-30.2382337870035,NA,NA,NA,NA,NA,NA,7.3739794641846e-14,"model_or_emmeans"
"virus_comp_13158_cycle_1","TP (CELIAC): (t0-24) vs t0",-18.8102518199583,NA,NA,NA,NA,NA,NA,6.77347342726947e-09,"model_or_emmeans"
"virus_comp_13158_cycle_1","TP (CELIAC): (t0-30) vs t0",78.4756925042034,NA,NA,NA,NA,NA,NA,1.20659137933389e+34,"model_or_emmeans"
"virus_comp_13158_cycle_1","TP (CELIAC): (t0-36) vs t0",69.9303777135659,NA,NA,NA,NA,NA,NA,2.34626552008672e+30,"model_or_emmeans"
"virus_comp_13158_cycle_1","TP (CELIAC): (t0-6) vs t0",-45.7082121468412,NA,NA,NA,NA,NA,NA,1.4098590192445e-20,"model_or_emmeans"
"virus_comp_13180_cycle_1","TP (CELIAC): (t0-12) vs t0",-1.6685248416255,NA,NA,NA,NA,NA,NA,0.18852496479634,"model_or_emmeans"
"virus_comp_13180_cycle_1","TP (CELIAC): (t0-18) vs t0",-0.78694515006038,NA,NA,NA,NA,NA,NA,0.455233342850208,"model_or_emmeans"
"virus_comp_13180_cycle_1","TP (CELIAC): (t0-24) vs t0",-6.17849675460908,NA,NA,NA,NA,NA,NA,0.00207354255626387,"model_or_emmeans"
"virus_comp_13180_cycle_1","TP (CELIAC): (t0-30) vs t0",-52.919512721862,NA,NA,NA,NA,NA,NA,1.04075292441602e-23,"model_or_emmeans"
"virus_comp_13180_cycle_1","TP (CELIAC): (t0-36) vs t0",-79.9992234321375,NA,NA,NA,NA,NA,NA,1.8062535217855e-35,"model_or_emmeans"
"virus_comp_13180_cycle_1","TP (CELIAC): (t0-6) vs t0",-2.0932644715848,NA,NA,NA,NA,NA,NA,0.123284021013576,"model_or_emmeans"
"virus_comp_13210_cycle_1","TP (CELIAC): (t0-12) vs t0",-89.5578261555123,NA,NA,NA,NA,NA,NA,1.27505902448873e-39,"model_or_emmeans"
"virus_comp_13210_cycle_1","TP (CELIAC): (t0-18) vs t0",-246.088121254899,NA,NA,NA,NA,NA,NA,1.33440259252964e-107,"model_or_emmeans"
"virus_comp_13210_cycle_1","TP (CELIAC): (t0-24) vs t0",-201.664838597492,NA,NA,NA,NA,NA,NA,2.61862556334945e-88,"model_or_emmeans"
"virus_comp_13210_cycle_1","TP (CELIAC): (t0-30) vs t0",325.491055922889,NA,NA,NA,NA,NA,NA,2.28543827390903e+141,"model_or_emmeans"
"virus_comp_13210_cycle_1","TP (CELIAC): (t0-36) vs t0",-37.7867937567896,NA,NA,NA,NA,NA,NA,3.8851159312545e-17,"model_or_emmeans"
"virus_comp_13210_cycle_1","TP (CELIAC): (t0-6) vs t0",-88.7441898488187,NA,NA,NA,NA,NA,NA,2.87665677532811e-39,"model_or_emmeans"
"virus_comp_13432_cycle_1","TP (CELIAC): (t0-12) vs t0",-7.10507759851608,NA,NA,NA,NA,NA,NA,0.00082092599018257,"model_or_emmeans"
"virus_comp_13432_cycle_1","TP (CELIAC): (t0-18) vs t0",3.91023587448693,NA,NA,NA,NA,NA,NA,49.9107232513204,"model_or_emmeans"
"virus_comp_13432_cycle_1","TP (CELIAC): (t0-24) vs t0",14.3301531599075,NA,NA,NA,NA,NA,NA,1673040.45352627,"model_or_emmeans"
"virus_comp_13432_cycle_1","TP (CELIAC): (t0-30) vs t0",-122.711935965894,NA,NA,NA,NA,NA,NA,5.09194080630077e-54,"model_or_emmeans"
"virus_comp_13432_cycle_1","TP (CELIAC): (t0-36) vs t0",-116.43950810976,NA,NA,NA,NA,NA,NA,2.69751676443846e-51,"model_or_emmeans"
"virus_comp_13432_cycle_1","TP (CELIAC): (t0-6) vs t0",-108.544111840812,NA,NA,NA,NA,NA,NA,7.24254470259526e-48,"model_or_emmeans"
"virus_comp_138_cycle_1","TP (CELIAC): (t0-12) vs t0",-59.3570157558653,NA,NA,NA,NA,NA,NA,1.66561872661475e-26,"model_or_emmeans"
"virus_comp_138_cycle_1","TP (CELIAC): (t0-18) vs t0",-26.2043089321826,NA,NA,NA,NA,NA,NA,4.16498295738452e-12,"model_or_emmeans"
"virus_comp_138_cycle_1","TP (CELIAC): (t0-24) vs t0",-15.0709881471804,NA,NA,NA,NA,NA,NA,2.84939731580073e-07,"model_or_emmeans"
"virus_comp_138_cycle_1","TP (CELIAC): (t0-30) vs t0",-42.1877138535916,NA,NA,NA,NA,NA,NA,4.76550214399754e-19,"model_or_emmeans"
"virus_comp_138_cycle_1","TP (CELIAC): (t0-36) vs t0",-61.9161862119602,NA,NA,NA,NA,NA,NA,1.28867079911937e-27,"model_or_emmeans"
"virus_comp_138_cycle_1","TP (CELIAC): (t0-6) vs t0",7.43358678582303,NA,NA,NA,NA,NA,NA,1691.86506103247,"model_or_emmeans"
"virus_comp_13909_cycle_1","TP (CELIAC): (t0-12) vs t0",-63.0043343647906,NA,NA,NA,NA,NA,NA,4.34075475225813e-28,"model_or_emmeans"
"virus_comp_13909_cycle_1","TP (CELIAC): (t0-18) vs t0",-11.6748785427782,NA,NA,NA,NA,NA,NA,8.5048111004194e-06,"model_or_emmeans"
"virus_comp_13909_cycle_1","TP (CELIAC): (t0-24) vs t0",-71.6094830209461,NA,NA,NA,NA,NA,NA,7.95054082666209e-32,"model_or_emmeans"
"virus_comp_13909_cycle_1","TP (CELIAC): (t0-30) vs t0",37.5261215721987,NA,NA,NA,NA,NA,NA,19832959546046632,"model_or_emmeans"
"virus_comp_13909_cycle_1","TP (CELIAC): (t0-36) vs t0",-48.7511108571804,NA,NA,NA,NA,NA,NA,6.7245243118493e-22,"model_or_emmeans"
"virus_comp_13909_cycle_1","TP (CELIAC): (t0-6) vs t0",-25.2805895022458,NA,NA,NA,NA,NA,NA,1.04900964169127e-11,"model_or_emmeans"
"virus_comp_14513_cycle_1","TP (CELIAC): (t0-12) vs t0",17.9381349990591,NA,NA,NA,NA,NA,NA,61721013.0556989,"model_or_emmeans"
"virus_comp_14513_cycle_1","TP (CELIAC): (t0-18) vs t0",31.066904961369,NA,NA,NA,NA,NA,NA,31058851662207.3,"model_or_emmeans"
"virus_comp_14513_cycle_1","TP (CELIAC): (t0-24) vs t0",31.5701495430287,NA,NA,NA,NA,NA,NA,51373805765209.7,"model_or_emmeans"
"virus_comp_14513_cycle_1","TP (CELIAC): (t0-30) vs t0",96.5111217752277,NA,NA,NA,NA,NA,NA,8.20819431884807e+41,"model_or_emmeans"
"virus_comp_14513_cycle_1","TP (CELIAC): (t0-36) vs t0",-38.3782080584406,NA,NA,NA,NA,NA,NA,2.15058204145493e-17,"model_or_emmeans"
"virus_comp_14513_cycle_1","TP (CELIAC): (t0-6) vs t0",78.5251521080482,NA,NA,NA,NA,NA,NA,1.26776935939723e+34,"model_or_emmeans"
"virus_comp_14666_cycle_1","TP (CELIAC): (t0-12) vs t0",12.2168372087148,NA,NA,NA,NA,NA,NA,202164.541909544,"model_or_emmeans"
"virus_comp_14666_cycle_1","TP (CELIAC): (t0-18) vs t0",-68.1999392338593,NA,NA,NA,NA,NA,NA,2.40515308890471e-30,"model_or_emmeans"
"virus_comp_14666_cycle_1","TP (CELIAC): (t0-24) vs t0",-359.569867501393,NA,NA,NA,NA,NA,NA,6.93091679894594e-157,"model_or_emmeans"
"virus_comp_14666_cycle_1","TP (CELIAC): (t0-30) vs t0",-312.193266411806,NA,NA,NA,NA,NA,NA,2.60727661850268e-136,"model_or_emmeans"
"virus_comp_14666_cycle_1","TP (CELIAC): (t0-36) vs t0",-225.03974942406,NA,NA,NA,NA,NA,NA,1.84704984776554e-98,"model_or_emmeans"
"virus_comp_14666_cycle_1","TP (CELIAC): (t0-6) vs t0",-46.4358788463214,NA,NA,NA,NA,NA,NA,6.81010886820095e-21,"model_or_emmeans"
"virus_comp_14703_cycle_1","TP (CELIAC): (t0-12) vs t0",-104.489971176777,NA,NA,NA,NA,NA,NA,4.17428506176989e-46,"model_or_emmeans"
"virus_comp_14703_cycle_1","TP (CELIAC): (t0-18) vs t0",-18.3912671299673,NA,NA,NA,NA,NA,NA,1.02985046695127e-08,"model_or_emmeans"
"virus_comp_14703_cycle_1","TP (CELIAC): (t0-24) vs t0",-4.92843921792297,NA,NA,NA,NA,NA,NA,0.00723779108478682,"model_or_emmeans"
"virus_comp_14703_cycle_1","TP (CELIAC): (t0-30) vs t0",33.9145709342244,NA,NA,NA,NA,NA,NA,535686883765134,"model_or_emmeans"
"virus_comp_14703_cycle_1","TP (CELIAC): (t0-36) vs t0",-48.4091366816474,NA,NA,NA,NA,NA,NA,9.46627388125599e-22,"model_or_emmeans"
"virus_comp_14703_cycle_1","TP (CELIAC): (t0-6) vs t0",-26.7060334783287,NA,NA,NA,NA,NA,NA,2.52183708420626e-12,"model_or_emmeans"
"virus_comp_15056_cycle_1","TP (CELIAC): (t0-12) vs t0",2.699822415453,NA,NA,NA,NA,NA,NA,14.8770895490667,"model_or_emmeans"
"virus_comp_15056_cycle_1","TP (CELIAC): (t0-18) vs t0",-38.8601350656103,NA,NA,NA,NA,NA,NA,1.32818256505088e-17,"model_or_emmeans"
"virus_comp_15056_cycle_1","TP (CELIAC): (t0-24) vs t0",-19.9628778784853,NA,NA,NA,NA,NA,NA,2.13910594378751e-09,"model_or_emmeans"
"virus_comp_15056_cycle_1","TP (CELIAC): (t0-30) vs t0",17.9855446461485,NA,NA,NA,NA,NA,NA,64717658.1772545,"model_or_emmeans"
"virus_comp_15056_cycle_1","TP (CELIAC): (t0-36) vs t0",-70.8353524813104,NA,NA,NA,NA,NA,NA,1.72423832372159e-31,"model_or_emmeans"
"virus_comp_15056_cycle_1","TP (CELIAC): (t0-6) vs t0",-20.1876773323628,NA,NA,NA,NA,NA,NA,1.70845337910581e-09,"model_or_emmeans"
"virus_comp_15100_cycle_1","TP (CELIAC): (t0-12) vs t0",-40.7103429179313,NA,NA,NA,NA,NA,NA,2.08796259578002e-18,"model_or_emmeans"
"virus_comp_15100_cycle_1","TP (CELIAC): (t0-18) vs t0",11.7941337381482,NA,NA,NA,NA,NA,NA,132472.94808243,"model_or_emmeans"
"virus_comp_15100_cycle_1","TP (CELIAC): (t0-24) vs t0",-42.3023627787164,NA,NA,NA,NA,NA,NA,4.24929883009156e-19,"model_or_emmeans"
"virus_comp_15100_cycle_1","TP (CELIAC): (t0-30) vs t0",-58.1264540389769,NA,NA,NA,NA,NA,NA,5.70166580632432e-26,"model_or_emmeans"
"virus_comp_15100_cycle_1","TP (CELIAC): (t0-36) vs t0",-47.4574376872031,NA,NA,NA,NA,NA,NA,2.45186575078521e-21,"model_or_emmeans"
"virus_comp_15100_cycle_1","TP (CELIAC): (t0-6) vs t0",-86.9787136132485,NA,NA,NA,NA,NA,NA,1.68122033655104e-38,"model_or_emmeans"
"virus_comp_15228_cycle_1","TP (CELIAC): (t0-12) vs t0",-2.20938145066264,NA,NA,NA,NA,NA,NA,0.1097685247692,"model_or_emmeans"
"virus_comp_15228_cycle_1","TP (CELIAC): (t0-18) vs t0",-34.6870793353847,NA,NA,NA,NA,NA,NA,8.62169889221167e-16,"model_or_emmeans"
"virus_comp_15228_cycle_1","TP (CELIAC): (t0-24) vs t0",-8.64613937194394,NA,NA,NA,NA,NA,NA,0.000175804254546717,"model_or_emmeans"
"virus_comp_15228_cycle_1","TP (CELIAC): (t0-30) vs t0",-32.6971220747604,NA,NA,NA,NA,NA,NA,6.30696337200698e-15,"model_or_emmeans"
"virus_comp_15228_cycle_1","TP (CELIAC): (t0-36) vs t0",-62.093548063857,NA,NA,NA,NA,NA,NA,1.07923175168668e-27,"model_or_emmeans"
"virus_comp_15228_cycle_1","TP (CELIAC): (t0-6) vs t0",-3.43116166043456,NA,NA,NA,NA,NA,NA,0.0323493399891145,"model_or_emmeans"
"virus_comp_1533_cycle_1","TP (CELIAC): (t0-12) vs t0",-31.1639257647801,NA,NA,NA,NA,NA,NA,2.92199188797834e-14,"model_or_emmeans"
"virus_comp_1533_cycle_1","TP (CELIAC): (t0-18) vs t0",-122.975544846735,NA,NA,NA,NA,NA,NA,3.91200556588552e-54,"model_or_emmeans"
"virus_comp_1533_cycle_1","TP (CELIAC): (t0-24) vs t0",-36.6222482977082,NA,NA,NA,NA,NA,NA,1.24497218735907e-16,"model_or_emmeans"
"virus_comp_1533_cycle_1","TP (CELIAC): (t0-30) vs t0",-33.2700352259432,NA,NA,NA,NA,NA,NA,3.5563728708268e-15,"model_or_emmeans"
"virus_comp_1533_cycle_1","TP (CELIAC): (t0-36) vs t0",-43.3336904476719,NA,NA,NA,NA,NA,NA,1.5150164836739e-19,"model_or_emmeans"
"virus_comp_1533_cycle_1","TP (CELIAC): (t0-6) vs t0",-2.73902347156376,NA,NA,NA,NA,NA,NA,0.0646334324704642,"model_or_emmeans"
"virus_comp_16041_cycle_1","TP (CELIAC): (t0-12) vs t0",-2.64566516230023,NA,NA,NA,NA,NA,NA,0.0709581393595685,"model_or_emmeans"
"virus_comp_16041_cycle_1","TP (CELIAC): (t0-18) vs t0",-1.86942894074516,NA,NA,NA,NA,NA,NA,0.154211700693916,"model_or_emmeans"
"virus_comp_16041_cycle_1","TP (CELIAC): (t0-24) vs t0",-2.1008650145004,NA,NA,NA,NA,NA,NA,0.122350547467685,"model_or_emmeans"
"virus_comp_16041_cycle_1","TP (CELIAC): (t0-30) vs t0",-5.01968472809339,NA,NA,NA,NA,NA,NA,0.00660660925931023,"model_or_emmeans"
"virus_comp_16041_cycle_1","TP (CELIAC): (t0-36) vs t0",-1.8490804809869,NA,NA,NA,NA,NA,NA,0.157381815371207,"model_or_emmeans"
"virus_comp_16041_cycle_1","TP (CELIAC): (t0-6) vs t0",-0.490577762903816,NA,NA,NA,NA,NA,NA,0.612272543610668,"model_or_emmeans"
"virus_comp_16189_cycle_1","TP (CELIAC): (t0-12) vs t0",74.6515399942086,NA,NA,NA,NA,NA,NA,2.63482566469668e+32,"model_or_emmeans"
"virus_comp_16189_cycle_1","TP (CELIAC): (t0-18) vs t0",-59.7478207198807,NA,NA,NA,NA,NA,NA,1.12681120151184e-26,"model_or_emmeans"
"virus_comp_16189_cycle_1","TP (CELIAC): (t0-24) vs t0",-15.0392437498579,NA,NA,NA,NA,NA,NA,2.94130070770766e-07,"model_or_emmeans"
"virus_comp_16189_cycle_1","TP (CELIAC): (t0-30) vs t0",78.4779514789936,NA,NA,NA,NA,NA,NA,1.20932011975947e+34,"model_or_emmeans"
"virus_comp_16189_cycle_1","TP (CELIAC): (t0-36) vs t0",-31.1680233366407,NA,NA,NA,NA,NA,NA,2.91004331303152e-14,"model_or_emmeans"
"virus_comp_16189_cycle_1","TP (CELIAC): (t0-6) vs t0",-48.4472379174558,NA,NA,NA,NA,NA,NA,9.1123818214683e-22,"model_or_emmeans"
"virus_comp_16215_cycle_1","TP (CELIAC): (t0-12) vs t0",-71.7258547703229,NA,NA,NA,NA,NA,NA,7.07712821087373e-32,"model_or_emmeans"
"virus_comp_16215_cycle_1","TP (CELIAC): (t0-18) vs t0",-14.5997520587534,NA,NA,NA,NA,NA,NA,4.5646579946031e-07,"model_or_emmeans"
"virus_comp_16215_cycle_1","TP (CELIAC): (t0-24) vs t0",-80.6297515888911,NA,NA,NA,NA,NA,NA,9.61487865806001e-36,"model_or_emmeans"
"virus_comp_16215_cycle_1","TP (CELIAC): (t0-30) vs t0",30.8493358087309,NA,NA,NA,NA,NA,NA,24985975633483,"model_or_emmeans"
"virus_comp_16215_cycle_1","TP (CELIAC): (t0-36) vs t0",-54.3501877929475,NA,NA,NA,NA,NA,NA,2.488933832119e-24,"model_or_emmeans"
"virus_comp_16215_cycle_1","TP (CELIAC): (t0-6) vs t0",-29.4814339526343,NA,NA,NA,NA,NA,NA,1.57172266437307e-13,"model_or_emmeans"
"virus_comp_16477_cycle_1","TP (CELIAC): (t0-12) vs t0",40.2457984089684,NA,NA,NA,NA,NA,NA,300973437714057792,"model_or_emmeans"
"virus_comp_16477_cycle_1","TP (CELIAC): (t0-18) vs t0",-66.9511259789133,NA,NA,NA,NA,NA,NA,8.38485255637824e-30,"model_or_emmeans"
"virus_comp_16477_cycle_1","TP (CELIAC): (t0-24) vs t0",88.609423167632,NA,NA,NA,NA,NA,NA,3.0379703179269e+38,"model_or_emmeans"
"virus_comp_16477_cycle_1","TP (CELIAC): (t0-30) vs t0",-84.8851719380879,NA,NA,NA,NA,NA,NA,1.36407494467985e-37,"model_or_emmeans"
"virus_comp_16477_cycle_1","TP (CELIAC): (t0-36) vs t0",83.8078599019296,NA,NA,NA,NA,NA,NA,2.49626734499392e+36,"model_or_emmeans"
"virus_comp_16477_cycle_1","TP (CELIAC): (t0-6) vs t0",1.80273873937716,NA,NA,NA,NA,NA,NA,6.0662385811436,"model_or_emmeans"
"virus_comp_16559_cycle_1","TP (CELIAC): (t0-12) vs t0",-8.94628249491875,NA,NA,NA,NA,NA,NA,0.000130220356183024,"model_or_emmeans"
"virus_comp_16559_cycle_1","TP (CELIAC): (t0-18) vs t0",-8.37478726966927,NA,NA,NA,NA,NA,NA,0.000230608919886597,"model_or_emmeans"
"virus_comp_16559_cycle_1","TP (CELIAC): (t0-24) vs t0",-13.1916128506701,NA,NA,NA,NA,NA,NA,1.86618773812915e-06,"model_or_emmeans"
"virus_comp_16559_cycle_1","TP (CELIAC): (t0-30) vs t0",-173.895069769292,NA,NA,NA,NA,NA,NA,3.00836667398896e-76,"model_or_emmeans"
"virus_comp_16559_cycle_1","TP (CELIAC): (t0-36) vs t0",-131.966060807923,NA,NA,NA,NA,NA,NA,4.87380324316759e-58,"model_or_emmeans"
"virus_comp_16559_cycle_1","TP (CELIAC): (t0-6) vs t0",-1.64888130289437,NA,NA,NA,NA,NA,NA,0.192264874516109,"model_or_emmeans"
"virus_comp_16586_cycle_1","TP (CELIAC): (t0-12) vs t0",-124.671938514701,NA,NA,NA,NA,NA,NA,7.17240913287777e-55,"model_or_emmeans"
"virus_comp_16586_cycle_1","TP (CELIAC): (t0-18) vs t0",-5.34957470843536,NA,NA,NA,NA,NA,NA,0.00475017077744601,"model_or_emmeans"
"virus_comp_16586_cycle_1","TP (CELIAC): (t0-24) vs t0",-5.2430156010291,NA,NA,NA,NA,NA,NA,0.00528429745156387,"model_or_emmeans"
"virus_comp_16586_cycle_1","TP (CELIAC): (t0-30) vs t0",-7.9599839302443,NA,NA,NA,NA,NA,NA,0.000349158728310209,"model_or_emmeans"
"virus_comp_16586_cycle_1","TP (CELIAC): (t0-36) vs t0",-6.72502966473693,NA,NA,NA,NA,NA,NA,0.00120048496691215,"model_or_emmeans"
"virus_comp_16586_cycle_1","TP (CELIAC): (t0-6) vs t0",-37.0493242578704,NA,NA,NA,NA,NA,NA,8.12237275770666e-17,"model_or_emmeans"
"virus_comp_16658_cycle_1","TP (CELIAC): (t0-12) vs t0",-24.313730839146,NA,NA,NA,NA,NA,NA,2.75855001221867e-11,"model_or_emmeans"
"virus_comp_16658_cycle_1","TP (CELIAC): (t0-18) vs t0",-19.4711643855907,NA,NA,NA,NA,NA,NA,3.49768545565112e-09,"model_or_emmeans"
"virus_comp_16658_cycle_1","TP (CELIAC): (t0-24) vs t0",-9.37605524426861,NA,NA,NA,NA,NA,NA,8.4728778497514e-05,"model_or_emmeans"
"virus_comp_16658_cycle_1","TP (CELIAC): (t0-30) vs t0",-16.2738408473652,NA,NA,NA,NA,NA,NA,8.55777217702721e-08,"model_or_emmeans"
"virus_comp_16658_cycle_1","TP (CELIAC): (t0-36) vs t0",-14.8387451885509,NA,NA,NA,NA,NA,NA,3.59430433140587e-07,"model_or_emmeans"
"virus_comp_16658_cycle_1","TP (CELIAC): (t0-6) vs t0",-68.6549272306306,NA,NA,NA,NA,NA,NA,1.52596280623052e-30,"model_or_emmeans"
"virus_comp_16682_cycle_1","TP (CELIAC): (t0-12) vs t0",-1.14821796829415,NA,NA,NA,NA,NA,NA,0.317201529201823,"model_or_emmeans"
"virus_comp_16682_cycle_1","TP (CELIAC): (t0-18) vs t0",-0.387871333903254,NA,NA,NA,NA,NA,NA,0.678499637548083,"model_or_emmeans"
"virus_comp_16682_cycle_1","TP (CELIAC): (t0-24) vs t0",-0.877564761613129,NA,NA,NA,NA,NA,NA,0.415794237860697,"model_or_emmeans"
"virus_comp_16682_cycle_1","TP (CELIAC): (t0-30) vs t0",-2.92048269937032,NA,NA,NA,NA,NA,NA,0.0539076598256851,"model_or_emmeans"
"virus_comp_16682_cycle_1","TP (CELIAC): (t0-36) vs t0",-1.6948045420546,NA,NA,NA,NA,NA,NA,0.183635118463124,"model_or_emmeans"
"virus_comp_16682_cycle_1","TP (CELIAC): (t0-6) vs t0",0.910592681385049,NA,NA,NA,NA,NA,NA,2.48579538152653,"model_or_emmeans"
"virus_comp_16865_cycle_1","TP (CELIAC): (t0-12) vs t0",-70.5886264734193,NA,NA,NA,NA,NA,NA,2.2067291782599e-31,"model_or_emmeans"
"virus_comp_16865_cycle_1","TP (CELIAC): (t0-18) vs t0",-1.94476344224377,NA,NA,NA,NA,NA,NA,0.143021052075882,"model_or_emmeans"
"virus_comp_16865_cycle_1","TP (CELIAC): (t0-24) vs t0",-4.62549580198636,NA,NA,NA,NA,NA,NA,0.00979879556894772,"model_or_emmeans"
"virus_comp_16865_cycle_1","TP (CELIAC): (t0-30) vs t0",-7.65386477707787,NA,NA,NA,NA,NA,NA,0.000474207875225759,"model_or_emmeans"
"virus_comp_16865_cycle_1","TP (CELIAC): (t0-36) vs t0",-1.77528294895931,NA,NA,NA,NA,NA,NA,0.169435501117606,"model_or_emmeans"
"virus_comp_16865_cycle_1","TP (CELIAC): (t0-6) vs t0",-54.1827419041157,NA,NA,NA,NA,NA,NA,2.94261996107619e-24,"model_or_emmeans"
"virus_comp_16893_cycle_1","TP (CELIAC): (t0-12) vs t0",-7.6151403217819,NA,NA,NA,NA,NA,NA,0.000492931508393014,"model_or_emmeans"
"virus_comp_16893_cycle_1","TP (CELIAC): (t0-18) vs t0",-31.5012050181716,NA,NA,NA,NA,NA,NA,2.08545338769855e-14,"model_or_emmeans"
"virus_comp_16893_cycle_1","TP (CELIAC): (t0-24) vs t0",3.41211545114542,NA,NA,NA,NA,NA,NA,30.3293366733184,"model_or_emmeans"
"virus_comp_16893_cycle_1","TP (CELIAC): (t0-30) vs t0",30.3061522543342,NA,NA,NA,NA,NA,NA,14514253090802.7,"model_or_emmeans"
"virus_comp_16893_cycle_1","TP (CELIAC): (t0-36) vs t0",-13.418613174806,NA,NA,NA,NA,NA,NA,1.4872033101141e-06,"model_or_emmeans"
"virus_comp_16893_cycle_1","TP (CELIAC): (t0-6) vs t0",-27.9850299527748,NA,NA,NA,NA,NA,NA,7.0186876502162e-13,"model_or_emmeans"
"virus_comp_169_cycle_1","TP (CELIAC): (t0-12) vs t0",-62.9682469716042,NA,NA,NA,NA,NA,NA,4.50026206716821e-28,"model_or_emmeans"
"virus_comp_169_cycle_1","TP (CELIAC): (t0-18) vs t0",-28.4268996330551,NA,NA,NA,NA,NA,NA,4.51184687286129e-13,"model_or_emmeans"
"virus_comp_169_cycle_1","TP (CELIAC): (t0-24) vs t0",-14.6258926124675,NA,NA,NA,NA,NA,NA,4.44688138658306e-07,"model_or_emmeans"
"virus_comp_169_cycle_1","TP (CELIAC): (t0-30) vs t0",-45.3036524443322,NA,NA,NA,NA,NA,NA,2.11287465403904e-20,"model_or_emmeans"
"virus_comp_169_cycle_1","TP (CELIAC): (t0-36) vs t0",-67.5815575423824,NA,NA,NA,NA,NA,NA,4.46377690538979e-30,"model_or_emmeans"
"virus_comp_169_cycle_1","TP (CELIAC): (t0-6) vs t0",8.18924163785149,NA,NA,NA,NA,NA,NA,3601.98959785538,"model_or_emmeans"
"virus_comp_17302_cycle_1","TP (CELIAC): (t0-12) vs t0",40.3293406672426,NA,NA,NA,NA,NA,NA,327197600848611392,"model_or_emmeans"
"virus_comp_17302_cycle_1","TP (CELIAC): (t0-18) vs t0",11.9541991301536,NA,NA,NA,NA,NA,NA,155468.610758908,"model_or_emmeans"
"virus_comp_17302_cycle_1","TP (CELIAC): (t0-24) vs t0",9.60603048531769,NA,NA,NA,NA,NA,NA,14854.0893781006,"model_or_emmeans"
"virus_comp_17302_cycle_1","TP (CELIAC): (t0-30) vs t0",-6.63572013742395,NA,NA,NA,NA,NA,NA,0.00131263312847408,"model_or_emmeans"
"virus_comp_17302_cycle_1","TP (CELIAC): (t0-36) vs t0",-52.3023657051129,NA,NA,NA,NA,NA,NA,1.92917303872604e-23,"model_or_emmeans"
"virus_comp_17302_cycle_1","TP (CELIAC): (t0-6) vs t0",-1.94359800510385,NA,NA,NA,NA,NA,NA,0.143187831288229,"model_or_emmeans"
"virus_comp_174_cycle_1","TP (CELIAC): (t0-12) vs t0",-56.9968229357444,NA,NA,NA,NA,NA,NA,1.76438888406459e-25,"model_or_emmeans"
"virus_comp_174_cycle_1","TP (CELIAC): (t0-18) vs t0",-25.9162602997327,NA,NA,NA,NA,NA,NA,5.55534660450706e-12,"model_or_emmeans"
"virus_comp_174_cycle_1","TP (CELIAC): (t0-24) vs t0",-14.7592351661782,NA,NA,NA,NA,NA,NA,3.89175605886121e-07,"model_or_emmeans"
"virus_comp_174_cycle_1","TP (CELIAC): (t0-30) vs t0",-37.9825974238983,NA,NA,NA,NA,NA,NA,3.19423990143017e-17,"model_or_emmeans"
"virus_comp_174_cycle_1","TP (CELIAC): (t0-36) vs t0",-56.7173326336796,NA,NA,NA,NA,NA,NA,2.33332593850858e-25,"model_or_emmeans"
"virus_comp_174_cycle_1","TP (CELIAC): (t0-6) vs t0",8.42915077580237,NA,NA,NA,NA,NA,NA,4578.61017493669,"model_or_emmeans"
"virus_comp_17782_cycle_1","TP (CELIAC): (t0-12) vs t0",-21.8694829253142,NA,NA,NA,NA,NA,NA,3.17836846759329e-10,"model_or_emmeans"
"virus_comp_17782_cycle_1","TP (CELIAC): (t0-18) vs t0",-16.6107272530697,NA,NA,NA,NA,NA,NA,6.11016324732242e-08,"model_or_emmeans"
"virus_comp_17782_cycle_1","TP (CELIAC): (t0-24) vs t0",-18.1680156709741,NA,NA,NA,NA,NA,NA,1.28745200215112e-08,"model_or_emmeans"
"virus_comp_17782_cycle_1","TP (CELIAC): (t0-30) vs t0",-15.5733609145251,NA,NA,NA,NA,NA,NA,1.72415096727615e-07,"model_or_emmeans"
"virus_comp_17782_cycle_1","TP (CELIAC): (t0-36) vs t0",7.3346469509912,NA,NA,NA,NA,NA,NA,1532.48664153285,"model_or_emmeans"
"virus_comp_17782_cycle_1","TP (CELIAC): (t0-6) vs t0",51.8365191299969,NA,NA,NA,NA,NA,NA,3.25322588522125e+22,"model_or_emmeans"
"virus_comp_17808_cycle_1","TP (CELIAC): (t0-12) vs t0",5.13141414607779,NA,NA,NA,NA,NA,NA,169.256302020131,"model_or_emmeans"
"virus_comp_17808_cycle_1","TP (CELIAC): (t0-18) vs t0",-32.05863911095,NA,NA,NA,NA,NA,NA,1.19429038744575e-14,"model_or_emmeans"
"virus_comp_17808_cycle_1","TP (CELIAC): (t0-24) vs t0",-81.7876824031815,NA,NA,NA,NA,NA,NA,3.02037484517748e-36,"model_or_emmeans"
"virus_comp_17808_cycle_1","TP (CELIAC): (t0-30) vs t0",-111.604319873674,NA,NA,NA,NA,NA,NA,3.39515590885129e-49,"model_or_emmeans"
"virus_comp_17808_cycle_1","TP (CELIAC): (t0-36) vs t0",-72.1423738891293,NA,NA,NA,NA,NA,NA,4.66621890157041e-32,"model_or_emmeans"
"virus_comp_17808_cycle_1","TP (CELIAC): (t0-6) vs t0",-21.6865293206025,NA,NA,NA,NA,NA,NA,3.81645358050427e-10,"model_or_emmeans"
"virus_comp_17809_cycle_1","TP (CELIAC): (t0-12) vs t0",-14.1651579681702,NA,NA,NA,NA,NA,NA,7.04936599355586e-07,"model_or_emmeans"
"virus_comp_17809_cycle_1","TP (CELIAC): (t0-18) vs t0",-3.00581027573488,NA,NA,NA,NA,NA,NA,0.0494986305357386,"model_or_emmeans"
"virus_comp_17809_cycle_1","TP (CELIAC): (t0-24) vs t0",-60.0010273898327,NA,NA,NA,NA,NA,NA,8.74751903236645e-27,"model_or_emmeans"
"virus_comp_17809_cycle_1","TP (CELIAC): (t0-30) vs t0",-52.8825738664674,NA,NA,NA,NA,NA,NA,1.07991601302615e-23,"model_or_emmeans"
"virus_comp_17809_cycle_1","TP (CELIAC): (t0-36) vs t0",-47.1438900772798,NA,NA,NA,NA,NA,NA,3.35481583290548e-21,"model_or_emmeans"
"virus_comp_17809_cycle_1","TP (CELIAC): (t0-6) vs t0",-2.90238852178205,NA,NA,NA,NA,NA,NA,0.0548919527266294,"model_or_emmeans"
"virus_comp_17896_cycle_1","TP (CELIAC): (t0-12) vs t0",-6.97007455678842,NA,NA,NA,NA,NA,NA,0.000939582850944772,"model_or_emmeans"
"virus_comp_17896_cycle_1","TP (CELIAC): (t0-18) vs t0",-4.74088543462067,NA,NA,NA,NA,NA,NA,0.00873091211011726,"model_or_emmeans"
"virus_comp_17896_cycle_1","TP (CELIAC): (t0-24) vs t0",-5.02523140746854,NA,NA,NA,NA,NA,NA,0.00657006595667329,"model_or_emmeans"
"virus_comp_17896_cycle_1","TP (CELIAC): (t0-30) vs t0",-13.1356330698322,NA,NA,NA,NA,NA,NA,1.97363592359488e-06,"model_or_emmeans"
"virus_comp_17896_cycle_1","TP (CELIAC): (t0-36) vs t0",-9.47444569177462,NA,NA,NA,NA,NA,NA,7.67892661097432e-05,"model_or_emmeans"
"virus_comp_17896_cycle_1","TP (CELIAC): (t0-6) vs t0",-5.81885637492773,NA,NA,NA,NA,NA,NA,0.0029710009138023,"model_or_emmeans"
"virus_comp_178_cycle_1","TP (CELIAC): (t0-12) vs t0",-49.1536901540558,NA,NA,NA,NA,NA,NA,4.49597203146807e-22,"model_or_emmeans"
"virus_comp_178_cycle_1","TP (CELIAC): (t0-18) vs t0",-9.34039172171926,NA,NA,NA,NA,NA,NA,8.78050342103445e-05,"model_or_emmeans"
"virus_comp_178_cycle_1","TP (CELIAC): (t0-24) vs t0",14.192463023215,NA,NA,NA,NA,NA,NA,1457835.00990247,"model_or_emmeans"
"virus_comp_178_cycle_1","TP (CELIAC): (t0-30) vs t0",-4.0395874129919,NA,NA,NA,NA,NA,NA,0.0176047344021151,"model_or_emmeans"
"virus_comp_178_cycle_1","TP (CELIAC): (t0-36) vs t0",-53.0757765522722,NA,NA,NA,NA,NA,NA,8.90190838991151e-24,"model_or_emmeans"
"virus_comp_178_cycle_1","TP (CELIAC): (t0-6) vs t0",1.54729284426091,NA,NA,NA,NA,NA,NA,4.69873274793512,"model_or_emmeans"
"virus_comp_17903_cycle_1","TP (CELIAC): (t0-12) vs t0",-34.1239286989581,NA,NA,NA,NA,NA,NA,1.51414011346219e-15,"model_or_emmeans"
"virus_comp_17903_cycle_1","TP (CELIAC): (t0-18) vs t0",-41.5640483290754,NA,NA,NA,NA,NA,NA,8.89125703072204e-19,"model_or_emmeans"
"virus_comp_17903_cycle_1","TP (CELIAC): (t0-24) vs t0",-40.9437600732777,NA,NA,NA,NA,NA,NA,1.65329720599148e-18,"model_or_emmeans"
"virus_comp_17903_cycle_1","TP (CELIAC): (t0-30) vs t0",-66.1274331230127,NA,NA,NA,NA,NA,NA,1.91082402135457e-29,"model_or_emmeans"
"virus_comp_17903_cycle_1","TP (CELIAC): (t0-36) vs t0",-60.5970067361444,NA,NA,NA,NA,NA,NA,4.82008120145189e-27,"model_or_emmeans"
"virus_comp_17903_cycle_1","TP (CELIAC): (t0-6) vs t0",-23.8870897546239,NA,NA,NA,NA,NA,NA,4.22638183261627e-11,"model_or_emmeans"
"virus_comp_18095_cycle_1","TP (CELIAC): (t0-12) vs t0",-49.2052775612668,NA,NA,NA,NA,NA,NA,4.26991740773301e-22,"model_or_emmeans"
"virus_comp_18095_cycle_1","TP (CELIAC): (t0-18) vs t0",43.3398657510506,NA,NA,NA,NA,NA,NA,6641474998567911424,"model_or_emmeans"
"virus_comp_18095_cycle_1","TP (CELIAC): (t0-24) vs t0",-75.8863499198642,NA,NA,NA,NA,NA,NA,1.10402009418e-33,"model_or_emmeans"
"virus_comp_18095_cycle_1","TP (CELIAC): (t0-30) vs t0",-78.5639907667971,NA,NA,NA,NA,NA,NA,7.58738870439841e-35,"model_or_emmeans"
"virus_comp_18095_cycle_1","TP (CELIAC): (t0-36) vs t0",-76.6887178599491,NA,NA,NA,NA,NA,NA,4.9489493515927e-34,"model_or_emmeans"
"virus_comp_18095_cycle_1","TP (CELIAC): (t0-6) vs t0",-264.976836036324,NA,NA,NA,NA,NA,NA,8.35645881791798e-116,"model_or_emmeans"
"virus_comp_18166_cycle_1","TP (CELIAC): (t0-12) vs t0",-17.4288922427086,NA,NA,NA,NA,NA,NA,2.69605205539288e-08,"model_or_emmeans"
"virus_comp_18166_cycle_1","TP (CELIAC): (t0-18) vs t0",-0.759960747262824,NA,NA,NA,NA,NA,NA,0.467684784557544,"model_or_emmeans"
"virus_comp_18166_cycle_1","TP (CELIAC): (t0-24) vs t0",-45.1664118189837,NA,NA,NA,NA,NA,NA,2.42368725797742e-20,"model_or_emmeans"
"virus_comp_18166_cycle_1","TP (CELIAC): (t0-30) vs t0",27.7456613615604,NA,NA,NA,NA,NA,NA,1121469911291.8,"model_or_emmeans"
"virus_comp_18166_cycle_1","TP (CELIAC): (t0-36) vs t0",-49.5621402128231,NA,NA,NA,NA,NA,NA,2.98838119084956e-22,"model_or_emmeans"
"virus_comp_18166_cycle_1","TP (CELIAC): (t0-6) vs t0",-12.6019378090353,NA,NA,NA,NA,NA,NA,3.36548723959737e-06,"model_or_emmeans"
"virus_comp_18182_cycle_1","TP (CELIAC): (t0-12) vs t0",2.01023405200674,NA,NA,NA,NA,NA,NA,7.46506435615875,"model_or_emmeans"
"virus_comp_18182_cycle_1","TP (CELIAC): (t0-18) vs t0",-33.8569698429363,NA,NA,NA,NA,NA,NA,1.97744686788857e-15,"model_or_emmeans"
"virus_comp_18182_cycle_1","TP (CELIAC): (t0-24) vs t0",-47.3559618376672,NA,NA,NA,NA,NA,NA,2.71373283015113e-21,"model_or_emmeans"
"virus_comp_18182_cycle_1","TP (CELIAC): (t0-30) vs t0",-56.3659909721052,NA,NA,NA,NA,NA,NA,3.31559253994377e-25,"model_or_emmeans"
"virus_comp_18182_cycle_1","TP (CELIAC): (t0-36) vs t0",-59.9822769997563,NA,NA,NA,NA,NA,NA,8.91308579636562e-27,"model_or_emmeans"
"virus_comp_18182_cycle_1","TP (CELIAC): (t0-6) vs t0",-20.6136190549303,NA,NA,NA,NA,NA,NA,1.11588385059619e-09,"model_or_emmeans"
"virus_comp_18240_cycle_1","TP (CELIAC): (t0-12) vs t0",5.05060027697272,NA,NA,NA,NA,NA,NA,156.116149294656,"model_or_emmeans"
"virus_comp_18240_cycle_1","TP (CELIAC): (t0-18) vs t0",-17.6403033341834,NA,NA,NA,NA,NA,NA,2.18229572982397e-08,"model_or_emmeans"
"virus_comp_18240_cycle_1","TP (CELIAC): (t0-24) vs t0",1.46528339938458,NA,NA,NA,NA,NA,NA,4.32876983719202,"model_or_emmeans"
"virus_comp_18240_cycle_1","TP (CELIAC): (t0-30) vs t0",-38.6747870424057,NA,NA,NA,NA,NA,NA,1.59865002462673e-17,"model_or_emmeans"
"virus_comp_18240_cycle_1","TP (CELIAC): (t0-36) vs t0",-55.7535638279026,NA,NA,NA,NA,NA,NA,6.11694933119099e-25,"model_or_emmeans"
"virus_comp_18240_cycle_1","TP (CELIAC): (t0-6) vs t0",-14.8839337118805,NA,NA,NA,NA,NA,NA,3.43549815715986e-07,"model_or_emmeans"
"virus_comp_18253_cycle_1","TP (CELIAC): (t0-12) vs t0",-8.3206896425465,NA,NA,NA,NA,NA,NA,0.000243427928068112,"model_or_emmeans"
"virus_comp_18253_cycle_1","TP (CELIAC): (t0-18) vs t0",-8.10928877267122,NA,NA,NA,NA,NA,NA,0.000300732686452679,"model_or_emmeans"
"virus_comp_18253_cycle_1","TP (CELIAC): (t0-24) vs t0",-3.57317320693638,NA,NA,NA,NA,NA,NA,0.0280666509343386,"model_or_emmeans"
"virus_comp_18253_cycle_1","TP (CELIAC): (t0-30) vs t0",-2.72585144700462,NA,NA,NA,NA,NA,NA,0.0654904173525672,"model_or_emmeans"
"virus_comp_18253_cycle_1","TP (CELIAC): (t0-36) vs t0",-0.21402898895704,NA,NA,NA,NA,NA,NA,0.80732498117426,"model_or_emmeans"
"virus_comp_18253_cycle_1","TP (CELIAC): (t0-6) vs t0",-2.9170688652761,NA,NA,NA,NA,NA,NA,0.054092006117531,"model_or_emmeans"
"virus_comp_18276_cycle_1","TP (CELIAC): (t0-12) vs t0",-2.7336390727352,NA,NA,NA,NA,NA,NA,0.0649823832505725,"model_or_emmeans"
"virus_comp_18276_cycle_1","TP (CELIAC): (t0-18) vs t0",-433.010178575908,NA,NA,NA,NA,NA,NA,8.83219881437356e-189,"model_or_emmeans"
"virus_comp_18276_cycle_1","TP (CELIAC): (t0-24) vs t0",-3.02196781441826,NA,NA,NA,NA,NA,NA,0.0487052810452672,"model_or_emmeans"
"virus_comp_18276_cycle_1","TP (CELIAC): (t0-30) vs t0",-49.9659473527465,NA,NA,NA,NA,NA,NA,1.99555996091836e-22,"model_or_emmeans"
"virus_comp_18276_cycle_1","TP (CELIAC): (t0-36) vs t0",-39.2193257371237,NA,NA,NA,NA,NA,NA,9.27391793288059e-18,"model_or_emmeans"
"virus_comp_18276_cycle_1","TP (CELIAC): (t0-6) vs t0",-0.998388236375977,NA,NA,NA,NA,NA,NA,0.368472853964863,"model_or_emmeans"
"virus_comp_18547_cycle_1","TP (CELIAC): (t0-12) vs t0",-15.8338391850248,NA,NA,NA,NA,NA,NA,1.32877367223693e-07,"model_or_emmeans"
"virus_comp_18547_cycle_1","TP (CELIAC): (t0-18) vs t0",-49.2584584070959,NA,NA,NA,NA,NA,NA,4.04877205469316e-22,"model_or_emmeans"
"virus_comp_18547_cycle_1","TP (CELIAC): (t0-24) vs t0",-36.6630152977354,NA,NA,NA,NA,NA,NA,1.19523902962188e-16,"model_or_emmeans"
"virus_comp_18547_cycle_1","TP (CELIAC): (t0-30) vs t0",-27.4070686092846,NA,NA,NA,NA,NA,NA,1.25101160327796e-12,"model_or_emmeans"
"virus_comp_18547_cycle_1","TP (CELIAC): (t0-36) vs t0",-28.6988369651029,NA,NA,NA,NA,NA,NA,3.43758518514822e-13,"model_or_emmeans"
"virus_comp_18547_cycle_1","TP (CELIAC): (t0-6) vs t0",-38.1857971200594,NA,NA,NA,NA,NA,NA,2.60686789593717e-17,"model_or_emmeans"
"virus_comp_1888_cycle_1","TP (CELIAC): (t0-12) vs t0",-38.9648629879435,NA,NA,NA,NA,NA,NA,1.1961207272553e-17,"model_or_emmeans"
"virus_comp_1888_cycle_1","TP (CELIAC): (t0-18) vs t0",2.00566240564397,NA,NA,NA,NA,NA,NA,7.4310146128428,"model_or_emmeans"
"virus_comp_1888_cycle_1","TP (CELIAC): (t0-24) vs t0",-39.8316213220845,NA,NA,NA,NA,NA,NA,5.02743720261212e-18,"model_or_emmeans"
"virus_comp_1888_cycle_1","TP (CELIAC): (t0-30) vs t0",-36.3463357145343,NA,NA,NA,NA,NA,NA,1.64054052077064e-16,"model_or_emmeans"
"virus_comp_1888_cycle_1","TP (CELIAC): (t0-36) vs t0",-32.7977310507715,NA,NA,NA,NA,NA,NA,5.7033022211828e-15,"model_or_emmeans"
"virus_comp_1888_cycle_1","TP (CELIAC): (t0-6) vs t0",-152.498047755387,NA,NA,NA,NA,NA,NA,5.90118675272296e-67,"model_or_emmeans"
"virus_comp_2033_cycle_1","CONTROL vs CELIAC @ t0",2.78000755913842,56.5865695531376,-0.0491283988602252,0.960816971709516,0.960816971709516,NA,NA,16.1191427943986,"between_groups"
"virus_comp_2033_cycle_1","CONTROL vs CELIAC @ t0-12",2.68556482901819,56.3195575962819,-0.0476844091757476,0.961967759643143,0.999982231589079,NA,NA,14.6664830964134,"between_groups"
"virus_comp_2033_cycle_1","CONTROL vs CELIAC @ t0-18",2.42941743346771,57.9994590592656,-0.0418868981344336,0.966588861006203,0.998659570844936,NA,NA,11.3522667025933,"between_groups"
"virus_comp_2033_cycle_1","CONTROL vs CELIAC @ t0-24",3.09115349164019,70447.3183402249,-4.38789376866197e-05,0.999964989673087,0.999964989673087,NA,NA,22.0024429778308,"between_groups"
"virus_comp_2033_cycle_1","CONTROL vs CELIAC @ t0-30",-0.605131937982812,53.8335213835481,0.0112408016869531,0.991031326757046,0.991031326757046,NA,NA,0.546002383434115,"between_groups"
"virus_comp_2033_cycle_1","CONTROL vs CELIAC @ t0-36",2.87761750449737,487.583343057435,-0.0059017961656627,0.995291075294676,0.995291075294676,NA,NA,17.7718812731948,"between_groups"
"virus_comp_2033_cycle_1","CONTROL vs CELIAC @ t0-6",4.28671721648604,32349.1203343769,-0.000132514181905917,0.999894268980479,0.999894268980479,NA,NA,72.7273281175834,"between_groups"
"virus_comp_2033_cycle_1","Delivery.ModeC-Section",-4.20887801228802,73.449458883335,-0.0573030499649191,0.954303790826713,0.954303790826713,-148.16717210758,139.749416083004,NA,"model_or_emmeans"
"virus_comp_2033_cycle_1","Dx.StatusCELIAC",-2.78000755913842,56.5865695531376,-0.0491283988602252,0.960816971709516,0.960816971709516,-113.687645891959,108.127630773682,NA,"model_or_emmeans"
"virus_comp_2033_cycle_1","Dx.StatusCELIAC:onset_timeline_combinedt0-12",0.0944427301202332,17.9281956727486,0.00526783240456198,0.995796897294903,0.999929908683097,-35.0441750962539,35.2330605564944,NA,"model_or_emmeans"
"virus_comp_2033_cycle_1","Dx.StatusCELIAC:onset_timeline_combinedt0-18",0.350590125670712,23.468865188718,0.0149385205825482,0.988081228365246,0.999894796591433,-45.6475404022423,46.3487206535837,NA,"model_or_emmeans"
"virus_comp_2033_cycle_1","Dx.StatusCELIAC:onset_timeline_combinedt0-24",-0.31114593250177,70447.3495840034,-4.41671594941624e-06,0.999996475970535,0.999996475970535,-138074.579136882,138073.956845017,NA,"model_or_emmeans"
"virus_comp_2033_cycle_1","Dx.StatusCELIAC:onset_timeline_combinedt0-30",3.38513949712123,33.7806193903344,0.100209515343873,0.920177991890665,0.996121074484982,-62.8236578833895,69.5939368776319,NA,"model_or_emmeans"
"virus_comp_2033_cycle_1","Dx.StatusCELIAC:onset_timeline_combinedt0-36",-0.097609945358951,484.730238254373,-0.000201369623051509,0.999839330287838,0.999839330287838,-950.151419141449,949.956199250731,NA,"model_or_emmeans"
"virus_comp_2033_cycle_1","Dx.StatusCELIAC:onset_timeline_combinedt0-6",-1.50670965734762,32349.0145555987,-4.65766787040147e-05,0.999962837187182,0.999962837187182,-63404.4101739928,63401.396754678,NA,"model_or_emmeans"
"virus_comp_2033_cycle_1","HLA.CategoryHigh Risk",-4.03867200291268,969.397010736886,-0.00416616923528853,0.996675887505559,0.996675887505559,-1904.021899768,1895.94455576217,NA,"model_or_emmeans"
"virus_comp_2033_cycle_1","HLA.CategoryLow/No Risk",-0.0189017765349517,411.007913385142,-4.59888384612182e-05,0.999963306215836,0.999999136095899,-805.57960937237,805.541805819301,NA,"model_or_emmeans"
"virus_comp_2033_cycle_1","SexMale",-2.22076844767219,253.185429245985,-0.00877131221289427,0.993001595145582,0.993001595145582,-498.455091180116,494.013554284772,NA,"model_or_emmeans"
"virus_comp_2033_cycle_1","TP (CELIAC): (t0-12) vs t0",-0.892175146811085,0.0160951165675689,-55.4314187825632,0,0,-0.933713495462227,-0.850636798159943,0.409763486957637,"model_or_emmeans"
"virus_comp_2033_cycle_1","TP (CELIAC): (t0-18) vs t0",-0.00479147145910502,0.0484542182473639,-0.098886570301146,0.999711594237161,0.999999979103865,-0.129842334106044,0.120259391187834,0.995219989328282,"model_or_emmeans"
"virus_comp_2033_cycle_1","TP (CELIAC): (t0-24) vs t0",-1.19469685745527,70447.3467647593,-1.69587204106445e-05,1,1,-181812.021550935,181809.63215722,0.302795730539068,"model_or_emmeans"
"virus_comp_2033_cycle_1","TP (CELIAC): (t0-30) vs t0",5.54029611432243,0.00163442813622848,3389.74592490003,0,0,5.53607797489592,5.54451425374893,254.753424428457,"model_or_emmeans"
"virus_comp_2033_cycle_1","TP (CELIAC): (t0-36) vs t0",-0.960608904219641,472.777049490385,-0.00203184335038069,0.999999997489306,0.999999997489306,-1221.10572767648,1219.18450986804,0.382659811848282,"model_or_emmeans"
"virus_comp_2033_cycle_1","TP (CELIAC): (t0-6) vs t0",-5.03526092952975,32317.0737151216,-0.000155808071421197,0.999999999998915,0.999999999998915,-83409.0832979758,83399.0127761167,0.00650450067902372,"model_or_emmeans"
"virus_comp_2033_cycle_1","feeding_first_yearBreastmilk_and_formula",-0.916146101365234,47.3609950395396,-0.0193438947091459,0.984566767555706,0.984566767555706,-93.741990650843,91.9096984481126,NA,"model_or_emmeans"
"virus_comp_2033_cycle_1","feeding_first_yearFormula",-3.9174843434785,82.7888765059948,-0.0473189697554941,0.96225900933799,0.96225900933799,-166.180700615762,158.345731928805,NA,"model_or_emmeans"
"virus_comp_2033_cycle_1","onset_timeline_combinedt0-12",-0.986617876931318,17.9281884481298,-0.0550316547478191,0.956113245153837,0.999829282380885,-36.1252215433128,34.1519857894501,NA,"model_or_emmeans"
"virus_comp_2033_cycle_1","onset_timeline_combinedt0-18",-0.355381597129817,23.4688151689249,-0.0151427157515979,0.987918322620081,0.997539674129517,-46.3534140880498,45.6426508937902,NA,"model_or_emmeans"
"virus_comp_2033_cycle_1","onset_timeline_combinedt0-24",-0.883550924953505,19.1488412385129,-0.0461412214947226,0.963197690977447,0.994364405492433,-38.4145900981142,36.6474882482072,NA,"model_or_emmeans"
"virus_comp_2033_cycle_1","onset_timeline_combinedt0-30",2.15515661720119,33.7806193520135,0.0637986117052272,0.949130583707504,0.999997743983352,-64.053640688202,68.3639539226044,NA,"model_or_emmeans"
"virus_comp_2033_cycle_1","onset_timeline_combinedt0-36",-0.86299895886069,107.23134265507,-0.00804801038103842,0.993578686090451,0.996971816371932,-211.032568576671,209.30657065895,NA,"model_or_emmeans"
"virus_comp_2033_cycle_1","onset_timeline_combinedt0-6",-3.52855127218213,1437.91362067669,-0.00245393827657156,0.998042042501036,0.998042042501036,-2821.78746067809,2814.73035813372,NA,"model_or_emmeans"
"virus_comp_2097_cycle_1","TP (CELIAC): (t0-12) vs t0",-3.71503514107257,NA,NA,NA,NA,NA,NA,0.0243545852537379,"model_or_emmeans"
"virus_comp_2097_cycle_1","TP (CELIAC): (t0-18) vs t0",-1.89470613217037,NA,NA,NA,NA,NA,NA,0.150362515260528,"model_or_emmeans"
"virus_comp_2097_cycle_1","TP (CELIAC): (t0-24) vs t0",5.37326214088583,NA,NA,NA,NA,NA,NA,215.564925132459,"model_or_emmeans"
"virus_comp_2097_cycle_1","TP (CELIAC): (t0-30) vs t0",-0.354292455196278,NA,NA,NA,NA,NA,NA,0.701669730386826,"model_or_emmeans"
"virus_comp_2097_cycle_1","TP (CELIAC): (t0-36) vs t0",12.2665449163294,NA,NA,NA,NA,NA,NA,212467.627874872,"model_or_emmeans"
"virus_comp_2097_cycle_1","TP (CELIAC): (t0-6) vs t0",-4.47466976596341,NA,NA,NA,NA,NA,NA,0.0113939841846892,"model_or_emmeans"
"virus_comp_2195_cycle_1","TP (CELIAC): (t0-12) vs t0",-20.037405717567,NA,NA,NA,NA,NA,NA,1.9854788501501e-09,"model_or_emmeans"
"virus_comp_2195_cycle_1","TP (CELIAC): (t0-18) vs t0",-6.50664899618185,NA,NA,NA,NA,NA,NA,0.00149347599087555,"model_or_emmeans"
"virus_comp_2195_cycle_1","TP (CELIAC): (t0-24) vs t0",-0.755101800318366,NA,NA,NA,NA,NA,NA,0.469962769935672,"model_or_emmeans"
"virus_comp_2195_cycle_1","TP (CELIAC): (t0-30) vs t0",-85.8081370899782,NA,NA,NA,NA,NA,NA,5.42000340562551e-38,"model_or_emmeans"
"virus_comp_2195_cycle_1","TP (CELIAC): (t0-36) vs t0",-2.29264653144704,NA,NA,NA,NA,NA,NA,0.100998811307073,"model_or_emmeans"
"virus_comp_2195_cycle_1","TP (CELIAC): (t0-6) vs t0",-6.08752589285213,NA,NA,NA,NA,NA,NA,0.00227102071844246,"model_or_emmeans"
"virus_comp_2270_cycle_1","TP (CELIAC): (t0-12) vs t0",11.6309531213642,NA,NA,NA,NA,NA,NA,112527.523199213,"model_or_emmeans"
"virus_comp_2270_cycle_1","TP (CELIAC): (t0-18) vs t0",-4.67660523557224,NA,NA,NA,NA,NA,NA,0.00931056748154021,"model_or_emmeans"
"virus_comp_2270_cycle_1","TP (CELIAC): (t0-24) vs t0",-2.31718252198769,NA,NA,NA,NA,NA,NA,0.0985508596943974,"model_or_emmeans"
"virus_comp_2270_cycle_1","TP (CELIAC): (t0-30) vs t0",5.4423145148068,NA,NA,NA,NA,NA,NA,230.976163019796,"model_or_emmeans"
"virus_comp_2270_cycle_1","TP (CELIAC): (t0-36) vs t0",6.56570465720115,NA,NA,NA,NA,NA,NA,710.312246528076,"model_or_emmeans"
"virus_comp_2270_cycle_1","TP (CELIAC): (t0-6) vs t0",0.494451175451915,NA,NA,NA,NA,NA,NA,1.63959814037308,"model_or_emmeans"
"virus_comp_2383_cycle_1","TP (CELIAC): (t0-12) vs t0",-13.3663560329938,NA,NA,NA,NA,NA,NA,1.56698677707767e-06,"model_or_emmeans"
"virus_comp_2383_cycle_1","TP (CELIAC): (t0-18) vs t0",-0.955699802609484,NA,NA,NA,NA,NA,NA,0.384542946213895,"model_or_emmeans"
"virus_comp_2383_cycle_1","TP (CELIAC): (t0-24) vs t0",-32.8727976058799,NA,NA,NA,NA,NA,NA,5.29084934149575e-15,"model_or_emmeans"
"virus_comp_2383_cycle_1","TP (CELIAC): (t0-30) vs t0",21.9840192511441,NA,NA,NA,NA,NA,NA,3528078590.79096,"model_or_emmeans"
"virus_comp_2383_cycle_1","TP (CELIAC): (t0-36) vs t0",-36.7272890531014,NA,NA,NA,NA,NA,NA,1.12083330928414e-16,"model_or_emmeans"
"virus_comp_2383_cycle_1","TP (CELIAC): (t0-6) vs t0",-1.78589810608351,NA,NA,NA,NA,NA,NA,0.167646429090748,"model_or_emmeans"
"virus_comp_2394_cycle_1","TP (CELIAC): (t0-12) vs t0",-7.04472519508457,NA,NA,NA,NA,NA,NA,0.000871996458789665,"model_or_emmeans"
"virus_comp_2394_cycle_1","TP (CELIAC): (t0-18) vs t0",-1.26615153976467,NA,NA,NA,NA,NA,NA,0.281914473426894,"model_or_emmeans"
"virus_comp_2394_cycle_1","TP (CELIAC): (t0-24) vs t0",-4.60830155420917,NA,NA,NA,NA,NA,NA,0.0099687352939897,"model_or_emmeans"
"virus_comp_2394_cycle_1","TP (CELIAC): (t0-30) vs t0",-5.35477310594867,NA,NA,NA,NA,NA,NA,0.0047255415731495,"model_or_emmeans"
"virus_comp_2394_cycle_1","TP (CELIAC): (t0-36) vs t0",-65.03174561223,NA,NA,NA,NA,NA,NA,5.71573035137242e-29,"model_or_emmeans"
"virus_comp_2394_cycle_1","TP (CELIAC): (t0-6) vs t0",-9.1412680973403,NA,NA,NA,NA,NA,NA,0.000107151364960869,"model_or_emmeans"
"virus_comp_2438_cycle_1","TP (CELIAC): (t0-12) vs t0",-58.5937231728772,NA,NA,NA,NA,NA,NA,3.57329895086199e-26,"model_or_emmeans"
"virus_comp_2438_cycle_1","TP (CELIAC): (t0-18) vs t0",-8.9171472019976,NA,NA,NA,NA,NA,NA,0.000134070174874748,"model_or_emmeans"
"virus_comp_2438_cycle_1","TP (CELIAC): (t0-24) vs t0",-65.0448926406242,NA,NA,NA,NA,NA,NA,5.64107729038236e-29,"model_or_emmeans"
"virus_comp_2438_cycle_1","TP (CELIAC): (t0-30) vs t0",3.31604312754452,NA,NA,NA,NA,NA,NA,27.5511183307988,"model_or_emmeans"
"virus_comp_2438_cycle_1","TP (CELIAC): (t0-36) vs t0",-105.135366964395,NA,NA,NA,NA,NA,NA,2.18922437259425e-46,"model_or_emmeans"
"virus_comp_2438_cycle_1","TP (CELIAC): (t0-6) vs t0",-58.0514875675755,NA,NA,NA,NA,NA,NA,6.145529151843e-26,"model_or_emmeans"
"virus_comp_2475_cycle_5","TP (CELIAC): (t0-12) vs t0",10.8127193710624,NA,NA,NA,NA,NA,NA,49648.2971131027,"model_or_emmeans"
"virus_comp_2475_cycle_5","TP (CELIAC): (t0-18) vs t0",-161.59359169106,NA,NA,NA,NA,NA,NA,6.61903713521375e-71,"model_or_emmeans"
"virus_comp_2475_cycle_5","TP (CELIAC): (t0-24) vs t0",-375.480440765619,NA,NA,NA,NA,NA,NA,8.5293613307885e-164,"model_or_emmeans"
"virus_comp_2475_cycle_5","TP (CELIAC): (t0-30) vs t0",-155.10408136034,NA,NA,NA,NA,NA,NA,4.35665675215713e-68,"model_or_emmeans"
"virus_comp_2475_cycle_5","TP (CELIAC): (t0-36) vs t0",-166.372463836338,NA,NA,NA,NA,NA,NA,5.56361430668757e-73,"model_or_emmeans"
"virus_comp_2475_cycle_5","TP (CELIAC): (t0-6) vs t0",-5.27300367708595,NA,NA,NA,NA,NA,NA,0.00512818400762195,"model_or_emmeans"
"virus_comp_2476_cycle_1","TP (CELIAC): (t0-12) vs t0",9.8133258680376,NA,NA,NA,NA,NA,NA,18275.6685742229,"model_or_emmeans"
"virus_comp_2476_cycle_1","TP (CELIAC): (t0-18) vs t0",-106.676139450826,NA,NA,NA,NA,NA,NA,4.68965922495613e-47,"model_or_emmeans"
"virus_comp_2476_cycle_1","TP (CELIAC): (t0-24) vs t0",-288.863339510691,NA,NA,NA,NA,NA,NA,3.53382978072564e-126,"model_or_emmeans"
"virus_comp_2476_cycle_1","TP (CELIAC): (t0-30) vs t0",-99.7330794939565,NA,NA,NA,NA,NA,NA,4.85818347652952e-44,"model_or_emmeans"
"virus_comp_2476_cycle_1","TP (CELIAC): (t0-36) vs t0",-106.755580023047,NA,NA,NA,NA,NA,NA,4.331523586491e-47,"model_or_emmeans"
"virus_comp_2476_cycle_1","TP (CELIAC): (t0-6) vs t0",-4.93136590495636,NA,NA,NA,NA,NA,NA,0.00721663930288945,"model_or_emmeans"
"virus_comp_2477_cycle_1","TP (CELIAC): (t0-12) vs t0",1.0137903373061,NA,NA,NA,NA,NA,NA,2.7560275164677,"model_or_emmeans"
"virus_comp_2477_cycle_1","TP (CELIAC): (t0-18) vs t0",-47.0751907388958,NA,NA,NA,NA,NA,NA,3.59339060134111e-21,"model_or_emmeans"
"virus_comp_2477_cycle_1","TP (CELIAC): (t0-24) vs t0",-40.4833347207233,NA,NA,NA,NA,NA,NA,2.62005930541019e-18,"model_or_emmeans"
"virus_comp_2477_cycle_1","TP (CELIAC): (t0-30) vs t0",-33.9758947139457,NA,NA,NA,NA,NA,NA,1.7557246557702e-15,"model_or_emmeans"
"virus_comp_2477_cycle_1","TP (CELIAC): (t0-36) vs t0",-34.8768438487528,NA,NA,NA,NA,NA,NA,7.13147181758401e-16,"model_or_emmeans"
"virus_comp_2477_cycle_1","TP (CELIAC): (t0-6) vs t0",-5.23668923624366,NA,NA,NA,NA,NA,NA,0.00531783381465875,"model_or_emmeans"
"virus_comp_254_cycle_1","TP (CELIAC): (t0-12) vs t0",-2.14803205152996,NA,NA,NA,NA,NA,NA,0.116713618302765,"model_or_emmeans"
"virus_comp_254_cycle_1","TP (CELIAC): (t0-18) vs t0",-1.02550805200853,NA,NA,NA,NA,NA,NA,0.358614224438915,"model_or_emmeans"
"virus_comp_254_cycle_1","TP (CELIAC): (t0-24) vs t0",-3.19356485767625,NA,NA,NA,NA,NA,NA,0.04102536037871,"model_or_emmeans"
"virus_comp_254_cycle_1","TP (CELIAC): (t0-30) vs t0",-2.02037338759602,NA,NA,NA,NA,NA,NA,0.132605942421066,"model_or_emmeans"
"virus_comp_254_cycle_1","TP (CELIAC): (t0-36) vs t0",-1.23432869144164,NA,NA,NA,NA,NA,NA,0.291030067780662,"model_or_emmeans"
"virus_comp_254_cycle_1","TP (CELIAC): (t0-6) vs t0",0.408510086948779,NA,NA,NA,NA,NA,NA,1.50457442924658,"model_or_emmeans"
"virus_comp_2664_cycle_1","TP (CELIAC): (t0-12) vs t0",-124.528842317554,NA,NA,NA,NA,NA,NA,8.2758182381514e-55,"model_or_emmeans"
"virus_comp_2664_cycle_1","TP (CELIAC): (t0-18) vs t0",-126.11354292295,NA,NA,NA,NA,NA,NA,1.69661856655766e-55,"model_or_emmeans"
"virus_comp_2664_cycle_1","TP (CELIAC): (t0-24) vs t0",-22.5074900349466,NA,NA,NA,NA,NA,NA,1.67927288804635e-10,"model_or_emmeans"
"virus_comp_2664_cycle_1","TP (CELIAC): (t0-30) vs t0",-22.8422179108729,NA,NA,NA,NA,NA,NA,1.20157478713958e-10,"model_or_emmeans"
"virus_comp_2664_cycle_1","TP (CELIAC): (t0-36) vs t0",-23.6233298503056,NA,NA,NA,NA,NA,NA,5.50196979479905e-11,"model_or_emmeans"
"virus_comp_2664_cycle_1","TP (CELIAC): (t0-6) vs t0",-82.4112980623729,NA,NA,NA,NA,NA,NA,1.61892975427522e-36,"model_or_emmeans"
"virus_comp_280_cycle_1","(Intercept)",-28.4546640819092,62.9607410577397,-0.451942966424334,0.651310070176428,0.651310070176428,-151.855448995031,94.9461208312128,NA,"model_or_emmeans"
"virus_comp_280_cycle_1","Age.at.Gluten.Introduction..months.",-0.265412702950325,1.39125853800172,-0.190771661557269,0.848704491704533,0.848704491704533,-2.99222933061754,2.46140392471689,NA,"model_or_emmeans"
"virus_comp_280_cycle_1","CONTROL vs CELIAC @ t0",-6.0568435366154,41.8843338022183,0.144608806844496,0.885019743473171,0.960816971709516,NA,NA,0.00234178097982367,"between_groups"
"virus_comp_280_cycle_1","CONTROL vs CELIAC @ t0-12",2.05685193700442,92362.2495882597,-2.22694006065642e-05,0.999982231589079,0.999982231589079,NA,NA,7.82130904028926,"between_groups"
"virus_comp_280_cycle_1","CONTROL vs CELIAC @ t0-18",-5.61603634955043,3342.91937138237,0.00167997960035395,0.998659570844936,0.998659570844936,NA,NA,0.00363903642948966,"between_groups"
"virus_comp_280_cycle_1","CONTROL vs CELIAC @ t0-24",-5.83447987090737,13915.2107435259,0.0004192879273224,0.999665456646061,0.999964989673087,NA,NA,0.00292494421315053,"between_groups"
"virus_comp_280_cycle_1","CONTROL vs CELIAC @ t0-30",-7.21408763792317,234.366878539239,0.0307811738710141,0.975444054380096,0.991031326757046,NA,NA,0.000736141915446099,"between_groups"
"virus_comp_280_cycle_1","CONTROL vs CELIAC @ t0-36",-9.72101610030853,278.973643341675,0.0348456434230335,0.972202824524468,0.995291075294676,NA,NA,6.00089944001114e-05,"between_groups"
"virus_comp_280_cycle_1","CONTROL vs CELIAC @ t0-6",0.373532455680808,144.600076661916,-0.0025832106337962,0.997938898410273,0.999894268980479,NA,NA,1.4528577162646,"between_groups"
"virus_comp_280_cycle_1","Delivery.ModeC-Section",5.68656182154777,46.5654489362172,0.122119768013767,0.902804166440746,0.954303790826713,-85.5800410173768,96.9531646604723,NA,"model_or_emmeans"
"virus_comp_280_cycle_1","Dx.StatusCELIAC",6.0568435366154,41.8843338022183,0.144608806844496,0.885019743473171,0.960816971709516,-76.0349422321861,88.1486293054169,NA,"model_or_emmeans"
"virus_comp_280_cycle_1","Dx.StatusCELIAC:onset_timeline_combinedt0-12",-8.11369547361982,92362.2586530475,-8.78464384906216e-05,0.999929908683097,0.999929908683097,-181034.81418622,181018.586795272,NA,"model_or_emmeans"
"virus_comp_280_cycle_1","Dx.StatusCELIAC:onset_timeline_combinedt0-18",-0.440807187064964,3343.17350191341,-0.000131852919632402,0.999894796591433,0.999894796591433,-6552.94046500599,6552.05885063186,NA,"model_or_emmeans"
"virus_comp_280_cycle_1","Dx.StatusCELIAC:onset_timeline_combinedt0-24",-0.222363665708031,13915.2789539309,-1.59798209180144e-05,0.999987249947606,0.999996475970535,-27273.6679481985,27273.2232208671,NA,"model_or_emmeans"
"virus_comp_280_cycle_1","Dx.StatusCELIAC:onset_timeline_combinedt0-30",1.15724410130778,238.041065963267,0.00486153133546443,0.996121074484982,0.996121074484982,-465.394672028219,467.709160230834,NA,"model_or_emmeans"
"virus_comp_280_cycle_1","Dx.StatusCELIAC:onset_timeline_combinedt0-36",3.66417256369314,282.063613324764,0.0129905893231051,0.989635300860694,0.999839330287838,-549.170350902076,556.498696029462,NA,"model_or_emmeans"
"virus_comp_280_cycle_1","Dx.StatusCELIAC:onset_timeline_combinedt0-6",-6.4303759922962,150.341361252362,-0.0427718356327917,0.965883415345226,0.999962837187182,-301.094029433652,288.23327744906,NA,"model_or_emmeans"
"virus_comp_280_cycle_1","HLA.CategoryHigh Risk",-5.21181223459097,162.853085145565,-0.0320031532097315,0.974469536289199,0.996675887505559,-324.397993891134,313.974369421952,NA,"model_or_emmeans"
"virus_comp_280_cycle_1","HLA.CategoryLow/No Risk",-0.262058024034789,242031.55328069,-1.08274322286762e-06,0.999999136095899,0.999999136095899,-474373.389610464,474372.865494415,NA,"model_or_emmeans"
"virus_comp_280_cycle_1","SexMale",-8.40157945990152,149.304618857492,-0.0562713968542438,0.955125604722483,0.993001595145582,-301.033255146065,284.230096226262,NA,"model_or_emmeans"
"virus_comp_280_cycle_1","TP (CELIAC): (t0-12) vs t0",-24.4093525848068,52251.9229145522,-0.000467147450721067,0.999999999969489,0.999999999969489,-134876.405149289,134827.586444119,2.50699152372593e-11,"model_or_emmeans"
"virus_comp_280_cycle_1","TP (CELIAC): (t0-18) vs t0",-8.53131344924769,2071.89451117815,-0.00411763890643085,0.999999979103865,0.999999979103865,-5355.68591232426,5338.62328542577,0.00019719579308815,"model_or_emmeans"
"virus_comp_280_cycle_1","TP (CELIAC): (t0-24) vs t0",-4.51227932696989,13902.0138873601,-0.000324577385947838,0.999999999989772,1,-35882.8917481502,35873.8671894963,0.0109734196375292,"model_or_emmeans"
"virus_comp_280_cycle_1","TP (CELIAC): (t0-30) vs t0",1.15657104078904,0.0461847956407631,25.0422465822981,0,0,1.03737711413098,1.2757649674471,3.17901385684733,"model_or_emmeans"
"virus_comp_280_cycle_1","TP (CELIAC): (t0-36) vs t0",4.73468137988257,0.0342866934077716,138.090930016873,0,0,4.64619412855464,4.8231686312105,113.827185308648,"model_or_emmeans"
"virus_comp_280_cycle_1","TP (CELIAC): (t0-6) vs t0",4.38154742092422,144.508523023478,0.0303203391000845,0.999991659768122,0.999999999998915,-368.566693569508,377.329788411357,79.9616720843924,"model_or_emmeans"
"virus_comp_280_cycle_1","feeding_first_yearBreastmilk_and_formula",-2.64515099700569,7.59185889273265,-0.348419410104918,0.727525227523651,0.984566767555706,-17.5249210024718,12.2346190084604,NA,"model_or_emmeans"
"virus_comp_280_cycle_1","feeding_first_yearFormula",-8.22460681970395,138.263716216553,-0.0594849252194432,0.952565872146754,0.96225900933799,-279.216510972814,262.767297333406,NA,"model_or_emmeans"
"virus_comp_280_cycle_1","onset_timeline_combinedt0-12",-16.295657111187,76161.167109389,-0.000213962807158427,0.999829282380885,0.999829282380885,-149289.44021205,149256.848897828,NA,"model_or_emmeans"
"virus_comp_280_cycle_1","onset_timeline_combinedt0-18",-8.09050626218272,2623.74991997742,-0.00308356608249171,0.997539674129517,0.997539674129517,-5150.54585385778,5134.36484133342,NA,"model_or_emmeans"
"virus_comp_280_cycle_1","onset_timeline_combinedt0-24",-4.28991566126186,607.35899438445,-0.00706322899788391,0.994364405492433,0.994364405492433,-1194.69167034125,1186.11183901872,NA,"model_or_emmeans"
"virus_comp_280_cycle_1","onset_timeline_combinedt0-30",-0.000673060518738727,238.041060935314,-2.8274975590099e-06,0.999997743983352,0.999997743983352,-466.552579335438,466.551233214401,NA,"model_or_emmeans"
"virus_comp_280_cycle_1","onset_timeline_combinedt0-36",1.07050881618944,282.063610080229,0.00379527446268218,0.996971816371932,0.996971816371932,-551.764008290408,553.905025922787,NA,"model_or_emmeans"
"virus_comp_280_cycle_1","onset_timeline_combinedt0-6",10.8119234132204,41.4917357193047,0.260580166767765,0.794416286025327,0.998042042501036,-70.5103842526708,92.1342310791116,NA,"model_or_emmeans"
"virus_comp_315_cycle_1","TP (CELIAC): (t0-12) vs t0",5.54604338628337,NA,NA,NA,NA,NA,NA,256.221777110952,"model_or_emmeans"
"virus_comp_315_cycle_1","TP (CELIAC): (t0-18) vs t0",-4.45958058085516,NA,NA,NA,NA,NA,NA,0.0115672137811147,"model_or_emmeans"
"virus_comp_315_cycle_1","TP (CELIAC): (t0-24) vs t0",-2.88168945616611,NA,NA,NA,NA,NA,NA,0.0560400056794988,"model_or_emmeans"
"virus_comp_315_cycle_1","TP (CELIAC): (t0-30) vs t0",3.01551273119156,NA,NA,NA,NA,NA,NA,20.3995477439776,"model_or_emmeans"
"virus_comp_315_cycle_1","TP (CELIAC): (t0-36) vs t0",-2.53784420821637,NA,NA,NA,NA,NA,NA,0.0790366027224715,"model_or_emmeans"
"virus_comp_315_cycle_1","TP (CELIAC): (t0-6) vs t0",-3.74371776223898,NA,NA,NA,NA,NA,NA,0.0236659549821229,"model_or_emmeans"
"virus_comp_3464_cycle_1","TP (CELIAC): (t0-12) vs t0",-67.56592119448,NA,NA,NA,NA,NA,NA,4.53412261578063e-30,"model_or_emmeans"
"virus_comp_3464_cycle_1","TP (CELIAC): (t0-18) vs t0",-86.9781713500704,NA,NA,NA,NA,NA,NA,1.68213224765942e-38,"model_or_emmeans"
"virus_comp_3464_cycle_1","TP (CELIAC): (t0-24) vs t0",-88.3402028710649,NA,NA,NA,NA,NA,NA,4.30861176396195e-39,"model_or_emmeans"
"virus_comp_3464_cycle_1","TP (CELIAC): (t0-30) vs t0",27.1616676023701,NA,NA,NA,NA,NA,NA,625406454411.412,"model_or_emmeans"
"virus_comp_3464_cycle_1","TP (CELIAC): (t0-36) vs t0",27.0851899403295,NA,NA,NA,NA,NA,NA,579360033235.414,"model_or_emmeans"
"virus_comp_3464_cycle_1","TP (CELIAC): (t0-6) vs t0",42.3530432141195,NA,NA,NA,NA,NA,NA,2475671172898177024,"model_or_emmeans"
"virus_comp_3571_cycle_1","TP (CELIAC): (t0-12) vs t0",2.10405598868687,NA,NA,NA,NA,NA,NA,8.19935906726641,"model_or_emmeans"
"virus_comp_3571_cycle_1","TP (CELIAC): (t0-18) vs t0",0.95706281902445,NA,NA,NA,NA,NA,NA,2.6040367028005,"model_or_emmeans"
"virus_comp_3571_cycle_1","TP (CELIAC): (t0-24) vs t0",-1.84990064153249,NA,NA,NA,NA,NA,NA,0.157252789933665,"model_or_emmeans"
"virus_comp_3571_cycle_1","TP (CELIAC): (t0-30) vs t0",2.73495306344576,NA,NA,NA,NA,NA,NA,15.4090201726445,"model_or_emmeans"
"virus_comp_3571_cycle_1","TP (CELIAC): (t0-36) vs t0",2.08759680381348,NA,NA,NA,NA,NA,NA,8.06550885493801,"model_or_emmeans"
"virus_comp_3571_cycle_1","TP (CELIAC): (t0-6) vs t0",-0.437628189252822,NA,NA,NA,NA,NA,NA,0.645565766530282,"model_or_emmeans"
"virus_comp_3629_cycle_1","TP (CELIAC): (t0-12) vs t0",-12.7836496988939,NA,NA,NA,NA,NA,NA,2.80628307623442e-06,"model_or_emmeans"
"virus_comp_3629_cycle_1","TP (CELIAC): (t0-18) vs t0",-6.33627404295822,NA,NA,NA,NA,NA,NA,0.00177088821309051,"model_or_emmeans"
"virus_comp_3629_cycle_1","TP (CELIAC): (t0-24) vs t0",-6.02371535305145,NA,NA,NA,NA,NA,NA,0.00242065926332716,"model_or_emmeans"
"virus_comp_3629_cycle_1","TP (CELIAC): (t0-30) vs t0",-10.0686521845317,NA,NA,NA,NA,NA,NA,4.2387706257265e-05,"model_or_emmeans"
"virus_comp_3629_cycle_1","TP (CELIAC): (t0-36) vs t0",-3.3601072118342,NA,NA,NA,NA,NA,NA,0.0347315351135386,"model_or_emmeans"
"virus_comp_3629_cycle_1","TP (CELIAC): (t0-6) vs t0",-112.752292324198,NA,NA,NA,NA,NA,NA,1.07721308865723e-49,"model_or_emmeans"
"virus_comp_4251_cycle_1","TP (CELIAC): (t0-12) vs t0",4.84409517048604,NA,NA,NA,NA,NA,NA,126.988327207953,"model_or_emmeans"
"virus_comp_4251_cycle_1","TP (CELIAC): (t0-18) vs t0",-52.0282289805024,NA,NA,NA,NA,NA,NA,2.53762386852983e-23,"model_or_emmeans"
"virus_comp_4251_cycle_1","TP (CELIAC): (t0-24) vs t0",-43.2005927877995,NA,NA,NA,NA,NA,NA,1.73069658730274e-19,"model_or_emmeans"
"virus_comp_4251_cycle_1","TP (CELIAC): (t0-30) vs t0",-45.0800550119537,NA,NA,NA,NA,NA,NA,2.64229233187904e-20,"model_or_emmeans"
"virus_comp_4251_cycle_1","TP (CELIAC): (t0-36) vs t0",-29.6860637526085,NA,NA,NA,NA,NA,NA,1.2808737424072e-13,"model_or_emmeans"
"virus_comp_4251_cycle_1","TP (CELIAC): (t0-6) vs t0",5.87482083633217,NA,NA,NA,NA,NA,NA,355.960879700522,"model_or_emmeans"
"virus_comp_4442_cycle_1","TP (CELIAC): (t0-12) vs t0",-145.071517549424,NA,NA,NA,NA,NA,NA,9.91380670462888e-64,"model_or_emmeans"
"virus_comp_4442_cycle_1","TP (CELIAC): (t0-18) vs t0",-13.0126988785759,NA,NA,NA,NA,NA,NA,2.23180724135218e-06,"model_or_emmeans"
"virus_comp_4442_cycle_1","TP (CELIAC): (t0-24) vs t0",-5.4535679345306,NA,NA,NA,NA,NA,NA,0.00428100307071413,"model_or_emmeans"
"virus_comp_4442_cycle_1","TP (CELIAC): (t0-30) vs t0",-5.45680115354639,NA,NA,NA,NA,NA,NA,0.0042671840022551,"model_or_emmeans"
"virus_comp_4442_cycle_1","TP (CELIAC): (t0-36) vs t0",-16.0378216931544,NA,NA,NA,NA,NA,NA,1.08358388327668e-07,"model_or_emmeans"
"virus_comp_4442_cycle_1","TP (CELIAC): (t0-6) vs t0",-55.4790204374412,NA,NA,NA,NA,NA,NA,8.04947512474708e-25,"model_or_emmeans"
"virus_comp_491_cycle_1","TP (CELIAC): (t0-12) vs t0",-28.9430235567861,NA,NA,NA,NA,NA,NA,2.69280298276807e-13,"model_or_emmeans"
"virus_comp_491_cycle_1","TP (CELIAC): (t0-18) vs t0",-242.913583844568,NA,NA,NA,NA,NA,NA,3.19132443111708e-106,"model_or_emmeans"
"virus_comp_491_cycle_1","TP (CELIAC): (t0-24) vs t0",-80.0722420659382,NA,NA,NA,NA,NA,NA,1.67906348546286e-35,"model_or_emmeans"
"virus_comp_491_cycle_1","TP (CELIAC): (t0-30) vs t0",-33.5814262219962,NA,NA,NA,NA,NA,NA,2.60478509039771e-15,"model_or_emmeans"
"virus_comp_491_cycle_1","TP (CELIAC): (t0-36) vs t0",-103.2533388356,NA,NA,NA,NA,NA,NA,1.43762198487379e-45,"model_or_emmeans"
"virus_comp_491_cycle_1","TP (CELIAC): (t0-6) vs t0",-163.976038311073,NA,NA,NA,NA,NA,NA,6.11098752492907e-72,"model_or_emmeans"
"virus_comp_5023_cycle_1","TP (CELIAC): (t0-12) vs t0",-6.07527867816298,NA,NA,NA,NA,NA,NA,0.002299005414239,"model_or_emmeans"
"virus_comp_5023_cycle_1","TP (CELIAC): (t0-18) vs t0",-109.561673191217,NA,NA,NA,NA,NA,NA,2.61800158391405e-48,"model_or_emmeans"
"virus_comp_5023_cycle_1","TP (CELIAC): (t0-24) vs t0",22.7999167630731,NA,NA,NA,NA,NA,NA,7977706196.75932,"model_or_emmeans"
"virus_comp_5023_cycle_1","TP (CELIAC): (t0-30) vs t0",4.65388009733181,NA,NA,NA,NA,NA,NA,104.991573791419,"model_or_emmeans"
"virus_comp_5023_cycle_1","TP (CELIAC): (t0-36) vs t0",-88.3765140096587,NA,NA,NA,NA,NA,NA,4.15496754459785e-39,"model_or_emmeans"
"virus_comp_5023_cycle_1","TP (CELIAC): (t0-6) vs t0",-100.670233702572,NA,NA,NA,NA,NA,NA,1.9031499639302e-44,"model_or_emmeans"
"virus_comp_5117_cycle_1","TP (CELIAC): (t0-12) vs t0",-12.5897549587096,NA,NA,NA,NA,NA,NA,3.40673924016139e-06,"model_or_emmeans"
"virus_comp_5117_cycle_1","TP (CELIAC): (t0-18) vs t0",-12.1275391236653,NA,NA,NA,NA,NA,NA,5.40849807571437e-06,"model_or_emmeans"
"virus_comp_5117_cycle_1","TP (CELIAC): (t0-24) vs t0",-10.5450860508196,NA,NA,NA,NA,NA,NA,2.63225110658733e-05,"model_or_emmeans"
"virus_comp_5117_cycle_1","TP (CELIAC): (t0-30) vs t0",-135.411585278201,NA,NA,NA,NA,NA,NA,1.55416000264106e-59,"model_or_emmeans"
"virus_comp_5117_cycle_1","TP (CELIAC): (t0-36) vs t0",-133.507423704135,NA,NA,NA,NA,NA,NA,1.04342825347732e-58,"model_or_emmeans"
"virus_comp_5117_cycle_1","TP (CELIAC): (t0-6) vs t0",-1.96940672671862,NA,NA,NA,NA,NA,NA,0.13953961678914,"model_or_emmeans"
"virus_comp_5225_cycle_1","TP (CELIAC): (t0-12) vs t0",-6.15697888281952,NA,NA,NA,NA,NA,NA,0.00211864428552127,"model_or_emmeans"
"virus_comp_5225_cycle_1","TP (CELIAC): (t0-18) vs t0",0.468338068702376,NA,NA,NA,NA,NA,NA,1.59733732117257,"model_or_emmeans"
"virus_comp_5225_cycle_1","TP (CELIAC): (t0-24) vs t0",6.32577711830946,NA,NA,NA,NA,NA,NA,558.791892388631,"model_or_emmeans"
"virus_comp_5225_cycle_1","TP (CELIAC): (t0-30) vs t0",-46.3580099775527,NA,NA,NA,NA,NA,NA,7.36159760676775e-21,"model_or_emmeans"
"virus_comp_5225_cycle_1","TP (CELIAC): (t0-36) vs t0",-37.1788243176391,NA,NA,NA,NA,NA,NA,7.13578498115848e-17,"model_or_emmeans"
"virus_comp_5225_cycle_1","TP (CELIAC): (t0-6) vs t0",38.2020266773321,NA,NA,NA,NA,NA,NA,38987858705656536,"model_or_emmeans"
"virus_comp_545_cycle_1","TP (CELIAC): (t0-12) vs t0",-62.381656502291,NA,NA,NA,NA,NA,NA,8.09078776546976e-28,"model_or_emmeans"
"virus_comp_545_cycle_1","TP (CELIAC): (t0-18) vs t0",-28.7094892992197,NA,NA,NA,NA,NA,NA,3.40116122372967e-13,"model_or_emmeans"
"virus_comp_545_cycle_1","TP (CELIAC): (t0-24) vs t0",-14.6372640646727,NA,NA,NA,NA,NA,NA,4.39660031366126e-07,"model_or_emmeans"
"virus_comp_545_cycle_1","TP (CELIAC): (t0-30) vs t0",-43.0239345767982,NA,NA,NA,NA,NA,NA,2.0651073077783e-19,"model_or_emmeans"
"virus_comp_545_cycle_1","TP (CELIAC): (t0-36) vs t0",-69.527529075179,NA,NA,NA,NA,NA,NA,6.37643272924622e-31,"model_or_emmeans"
"virus_comp_545_cycle_1","TP (CELIAC): (t0-6) vs t0",7.83446351094035,NA,NA,NA,NA,NA,NA,2526.17987788786,"model_or_emmeans"
"virus_comp_54_cycle_1","TP (CELIAC): (t0-12) vs t0",13.089079440772,NA,NA,NA,NA,NA,NA,483631.939473286,"model_or_emmeans"
"virus_comp_54_cycle_1","TP (CELIAC): (t0-18) vs t0",15.134466264045,NA,NA,NA,NA,NA,NA,3739514.18556261,"model_or_emmeans"
"virus_comp_54_cycle_1","TP (CELIAC): (t0-24) vs t0",-0.932020545856565,NA,NA,NA,NA,NA,NA,0.393757301368325,"model_or_emmeans"
"virus_comp_54_cycle_1","TP (CELIAC): (t0-30) vs t0",20.5623893367805,NA,NA,NA,NA,NA,NA,851397212.028966,"model_or_emmeans"
"virus_comp_54_cycle_1","TP (CELIAC): (t0-36) vs t0",-3.33865708140763,NA,NA,NA,NA,NA,NA,0.0354845786393313,"model_or_emmeans"
"virus_comp_54_cycle_1","TP (CELIAC): (t0-6) vs t0",-33.3073294367291,NA,NA,NA,NA,NA,NA,3.42618349558004e-15,"model_or_emmeans"
"virus_comp_5552_cycle_1","TP (CELIAC): (t0-12) vs t0",-22.3782236969319,NA,NA,NA,NA,NA,NA,1.91100108497142e-10,"model_or_emmeans"
"virus_comp_5552_cycle_1","TP (CELIAC): (t0-18) vs t0",-31.018933931679,NA,NA,NA,NA,NA,NA,3.37791065933775e-14,"model_or_emmeans"
"virus_comp_5552_cycle_1","TP (CELIAC): (t0-24) vs t0",15.2358660976889,NA,NA,NA,NA,NA,NA,4138591.61242798,"model_or_emmeans"
"virus_comp_5552_cycle_1","TP (CELIAC): (t0-30) vs t0",-37.2672842793011,NA,NA,NA,NA,NA,NA,6.53166770268158e-17,"model_or_emmeans"
"virus_comp_5552_cycle_1","TP (CELIAC): (t0-36) vs t0",-107.635218581769,NA,NA,NA,NA,NA,NA,1.79729146315965e-47,"model_or_emmeans"
"virus_comp_5552_cycle_1","TP (CELIAC): (t0-6) vs t0",-39.9721096915456,NA,NA,NA,NA,NA,NA,4.36850996714261e-18,"model_or_emmeans"
"virus_comp_586_cycle_1","TP (CELIAC): (t0-12) vs t0",-81.7913872756136,NA,NA,NA,NA,NA,NA,3.00920544505646e-36,"model_or_emmeans"
"virus_comp_586_cycle_1","TP (CELIAC): (t0-18) vs t0",-552.641584841145,NA,NA,NA,NA,NA,NA,9.79059832314431e-241,"model_or_emmeans"
"virus_comp_586_cycle_1","TP (CELIAC): (t0-24) vs t0",-453.812177762736,NA,NA,NA,NA,NA,NA,8.16348082805261e-198,"model_or_emmeans"
"virus_comp_586_cycle_1","TP (CELIAC): (t0-30) vs t0",-316.751753856855,NA,NA,NA,NA,NA,NA,2.73187715732914e-138,"model_or_emmeans"
"virus_comp_586_cycle_1","TP (CELIAC): (t0-36) vs t0",-321.420126159925,NA,NA,NA,NA,NA,NA,2.56455983405972e-140,"model_or_emmeans"
"virus_comp_586_cycle_1","TP (CELIAC): (t0-6) vs t0",-334.757222169287,NA,NA,NA,NA,NA,NA,4.13795377267463e-146,"model_or_emmeans"
"virus_comp_6059_cycle_1","TP (CELIAC): (t0-12) vs t0",-63.3836443639613,NA,NA,NA,NA,NA,NA,2.97052361871261e-28,"model_or_emmeans"
"virus_comp_6059_cycle_1","TP (CELIAC): (t0-18) vs t0",-28.5231868020036,NA,NA,NA,NA,NA,NA,4.09767363640173e-13,"model_or_emmeans"
"virus_comp_6059_cycle_1","TP (CELIAC): (t0-24) vs t0",-14.4089575296456,NA,NA,NA,NA,NA,NA,5.52419823652627e-07,"model_or_emmeans"
"virus_comp_6059_cycle_1","TP (CELIAC): (t0-30) vs t0",-43.2703009814707,NA,NA,NA,NA,NA,NA,1.61416175603258e-19,"model_or_emmeans"
"virus_comp_6059_cycle_1","TP (CELIAC): (t0-36) vs t0",-72.7798585401572,NA,NA,NA,NA,NA,NA,2.46665858615186e-32,"model_or_emmeans"
"virus_comp_6059_cycle_1","TP (CELIAC): (t0-6) vs t0",7.98875258328036,NA,NA,NA,NA,NA,NA,2947.61775753812,"model_or_emmeans"
"virus_comp_637_cycle_1","TP (CELIAC): (t0-12) vs t0",-4.46932080719759,NA,NA,NA,NA,NA,NA,0.011455093425976,"model_or_emmeans"
"virus_comp_637_cycle_1","TP (CELIAC): (t0-18) vs t0",-4.38591362405754,NA,NA,NA,NA,NA,NA,0.0124515069397649,"model_or_emmeans"
"virus_comp_637_cycle_1","TP (CELIAC): (t0-24) vs t0",-0.102186496714086,NA,NA,NA,NA,NA,NA,0.902861155327938,"model_or_emmeans"
"virus_comp_637_cycle_1","TP (CELIAC): (t0-30) vs t0",-47.2155548149628,NA,NA,NA,NA,NA,NA,3.12280656615671e-21,"model_or_emmeans"
"virus_comp_637_cycle_1","TP (CELIAC): (t0-36) vs t0",-46.9485000043792,NA,NA,NA,NA,NA,NA,4.07873523319925e-21,"model_or_emmeans"
"virus_comp_637_cycle_1","TP (CELIAC): (t0-6) vs t0",-6.69708357547466,NA,NA,NA,NA,NA,NA,0.00123450700420793,"model_or_emmeans"
"virus_comp_6408_cycle_1","TP (CELIAC): (t0-12) vs t0",-72.7045782582657,NA,NA,NA,NA,NA,NA,2.6595175058003e-32,"model_or_emmeans"
"virus_comp_6408_cycle_1","TP (CELIAC): (t0-18) vs t0",-12.6335269380901,NA,NA,NA,NA,NA,NA,3.26083605104284e-06,"model_or_emmeans"
"virus_comp_6408_cycle_1","TP (CELIAC): (t0-24) vs t0",29.6463280418138,NA,NA,NA,NA,NA,NA,7503029901928.07,"model_or_emmeans"
"virus_comp_6408_cycle_1","TP (CELIAC): (t0-30) vs t0",-65.5022818520075,NA,NA,NA,NA,NA,NA,3.57042931484263e-29,"model_or_emmeans"
"virus_comp_6408_cycle_1","TP (CELIAC): (t0-36) vs t0",-75.0401211508425,NA,NA,NA,NA,NA,NA,2.57329432856692e-33,"model_or_emmeans"
"virus_comp_6408_cycle_1","TP (CELIAC): (t0-6) vs t0",-18.2550155076724,NA,NA,NA,NA,NA,NA,1.18017795482407e-08,"model_or_emmeans"
"virus_comp_6559_cycle_1","TP (CELIAC): (t0-12) vs t0",36.103706852666,NA,NA,NA,NA,NA,NA,4782342349508928,"model_or_emmeans"
"virus_comp_6559_cycle_1","TP (CELIAC): (t0-18) vs t0",4.97014869288158,NA,NA,NA,NA,NA,NA,144.048304736093,"model_or_emmeans"
"virus_comp_6559_cycle_1","TP (CELIAC): (t0-24) vs t0",13.0114074553508,NA,NA,NA,NA,NA,NA,447489.098430359,"model_or_emmeans"
"virus_comp_6559_cycle_1","TP (CELIAC): (t0-30) vs t0",-31.028883075667,NA,NA,NA,NA,NA,NA,3.34446996877669e-14,"model_or_emmeans"
"virus_comp_6559_cycle_1","TP (CELIAC): (t0-36) vs t0",-24.3036215714967,NA,NA,NA,NA,NA,NA,2.78657836698489e-11,"model_or_emmeans"
"virus_comp_6559_cycle_1","TP (CELIAC): (t0-6) vs t0",36.3386010712251,NA,NA,NA,NA,NA,NA,6048586910895782,"model_or_emmeans"
"virus_comp_684_cycle_1","TP (CELIAC): (t0-12) vs t0",-98.7970852677929,NA,NA,NA,NA,NA,NA,1.23871398298661e-43,"model_or_emmeans"
"virus_comp_684_cycle_1","TP (CELIAC): (t0-18) vs t0",1.27745438303784,NA,NA,NA,NA,NA,NA,3.58749570200574,"model_or_emmeans"
"virus_comp_684_cycle_1","TP (CELIAC): (t0-24) vs t0",1.47235893635553,NA,NA,NA,NA,NA,NA,4.35950682031144,"model_or_emmeans"
"virus_comp_684_cycle_1","TP (CELIAC): (t0-30) vs t0",-7.04471884986337,NA,NA,NA,NA,NA,NA,0.000872001991817632,"model_or_emmeans"
"virus_comp_684_cycle_1","TP (CELIAC): (t0-36) vs t0",-69.7482259826617,NA,NA,NA,NA,NA,NA,5.11364215159899e-31,"model_or_emmeans"
"virus_comp_684_cycle_1","TP (CELIAC): (t0-6) vs t0",2.22144151206852,NA,NA,NA,NA,NA,NA,9.22061291526152,"model_or_emmeans"
"virus_comp_6916_cycle_1","TP (CELIAC): (t0-12) vs t0",-26.692522457261,NA,NA,NA,NA,NA,NA,2.55614089610432e-12,"model_or_emmeans"
"virus_comp_6916_cycle_1","TP (CELIAC): (t0-18) vs t0",-40.8176897864689,NA,NA,NA,NA,NA,NA,1.87543735350244e-18,"model_or_emmeans"
"virus_comp_6916_cycle_1","TP (CELIAC): (t0-24) vs t0",-46.5585441615824,NA,NA,NA,NA,NA,NA,6.02394759621692e-21,"model_or_emmeans"
"virus_comp_6916_cycle_1","TP (CELIAC): (t0-30) vs t0",24.3702467789179,NA,NA,NA,NA,NA,NA,38358683966.0176,"model_or_emmeans"
"virus_comp_6916_cycle_1","TP (CELIAC): (t0-36) vs t0",24.1769354582801,NA,NA,NA,NA,NA,NA,31616199174.0997,"model_or_emmeans"
"virus_comp_6916_cycle_1","TP (CELIAC): (t0-6) vs t0",46.434634274305,NA,NA,NA,NA,NA,NA,1.4665789071387e+20,"model_or_emmeans"
"virus_comp_7041_cycle_1","TP (CELIAC): (t0-12) vs t0",-46.5104991739217,NA,NA,NA,NA,NA,NA,6.32043338227961e-21,"model_or_emmeans"
"virus_comp_7041_cycle_1","TP (CELIAC): (t0-18) vs t0",-40.3307836552135,NA,NA,NA,NA,NA,NA,3.0518501665229e-18,"model_or_emmeans"
"virus_comp_7041_cycle_1","TP (CELIAC): (t0-24) vs t0",35.0713377873825,NA,NA,NA,NA,NA,NA,1703289518924655,"model_or_emmeans"
"virus_comp_7041_cycle_1","TP (CELIAC): (t0-30) vs t0",61.8170442035267,NA,NA,NA,NA,NA,NA,7.02750535413435e+26,"model_or_emmeans"
"virus_comp_7041_cycle_1","TP (CELIAC): (t0-36) vs t0",-14.2070854992865,NA,NA,NA,NA,NA,NA,6.75991388907888e-07,"model_or_emmeans"
"virus_comp_7041_cycle_1","TP (CELIAC): (t0-6) vs t0",59.1086978454622,NA,NA,NA,NA,NA,NA,4.6836162784355e+25,"model_or_emmeans"
"virus_comp_7214_cycle_1","TP (CELIAC): (t0-12) vs t0",-42.0574109955043,NA,NA,NA,NA,NA,NA,5.42873298912358e-19,"model_or_emmeans"
"virus_comp_7214_cycle_1","TP (CELIAC): (t0-18) vs t0",-37.2041249897473,NA,NA,NA,NA,NA,NA,6.9575095786301e-17,"model_or_emmeans"
"virus_comp_7214_cycle_1","TP (CELIAC): (t0-24) vs t0",-36.0833180574256,NA,NA,NA,NA,NA,NA,2.13409662458485e-16,"model_or_emmeans"
"virus_comp_7214_cycle_1","TP (CELIAC): (t0-30) vs t0",-28.8701320076928,NA,NA,NA,NA,NA,NA,2.89641626245482e-13,"model_or_emmeans"
"virus_comp_7214_cycle_1","TP (CELIAC): (t0-36) vs t0",-23.8011556638795,NA,NA,NA,NA,NA,NA,4.60563410309997e-11,"model_or_emmeans"
"virus_comp_7214_cycle_1","TP (CELIAC): (t0-6) vs t0",-72.1521572001759,NA,NA,NA,NA,NA,NA,4.62079041350074e-32,"model_or_emmeans"
"virus_comp_73_cycle_1","TP (CELIAC): (t0-12) vs t0",-17.8648338482991,NA,NA,NA,NA,NA,NA,1.74341685188677e-08,"model_or_emmeans"
"virus_comp_73_cycle_1","TP (CELIAC): (t0-18) vs t0",-29.6848120630183,NA,NA,NA,NA,NA,NA,1.2824780025454e-13,"model_or_emmeans"
"virus_comp_73_cycle_1","TP (CELIAC): (t0-24) vs t0",-5.51089248139423,NA,NA,NA,NA,NA,NA,0.00404249791859323,"model_or_emmeans"
"virus_comp_73_cycle_1","TP (CELIAC): (t0-30) vs t0",38.9825897700503,NA,NA,NA,NA,NA,NA,85098837504521984,"model_or_emmeans"
"virus_comp_73_cycle_1","TP (CELIAC): (t0-36) vs t0",-20.8119592693501,NA,NA,NA,NA,NA,NA,9.15126078577652e-10,"model_or_emmeans"
"virus_comp_73_cycle_1","TP (CELIAC): (t0-6) vs t0",-29.1361656090346,NA,NA,NA,NA,NA,NA,2.21985216181113e-13,"model_or_emmeans"
"virus_comp_7718_cycle_1","TP (CELIAC): (t0-12) vs t0",29.6754728550599,NA,NA,NA,NA,NA,NA,7724922104177.57,"model_or_emmeans"
"virus_comp_7718_cycle_1","TP (CELIAC): (t0-18) vs t0",40.8877549404108,NA,NA,NA,NA,NA,NA,571908232318912128,"model_or_emmeans"
"virus_comp_7718_cycle_1","TP (CELIAC): (t0-24) vs t0",-18.5210790520457,NA,NA,NA,NA,NA,NA,9.04477085735572e-09,"model_or_emmeans"
"virus_comp_7718_cycle_1","TP (CELIAC): (t0-30) vs t0",-27.3878592242365,NA,NA,NA,NA,NA,NA,1.27527506384543e-12,"model_or_emmeans"
"virus_comp_7718_cycle_1","TP (CELIAC): (t0-36) vs t0",-18.7356823534438,NA,NA,NA,NA,NA,NA,7.29787699681066e-09,"model_or_emmeans"
"virus_comp_7718_cycle_1","TP (CELIAC): (t0-6) vs t0",-262.808182829276,NA,NA,NA,NA,NA,NA,7.30897368429e-115,"model_or_emmeans"
"virus_comp_778_cycle_1","TP (CELIAC): (t0-12) vs t0",-2.71060263001976,NA,NA,NA,NA,NA,NA,0.0664967217172957,"model_or_emmeans"
"virus_comp_778_cycle_1","TP (CELIAC): (t0-18) vs t0",10.0937654113952,NA,NA,NA,NA,NA,NA,24191.7129011108,"model_or_emmeans"
"virus_comp_778_cycle_1","TP (CELIAC): (t0-24) vs t0",-9.33579064289578,NA,NA,NA,NA,NA,NA,8.8209962933973e-05,"model_or_emmeans"
"virus_comp_778_cycle_1","TP (CELIAC): (t0-30) vs t0",-10.1609452374479,NA,NA,NA,NA,NA,NA,3.86507167895616e-05,"model_or_emmeans"
"virus_comp_778_cycle_1","TP (CELIAC): (t0-36) vs t0",-5.92208860286956,NA,NA,NA,NA,NA,NA,0.0026795977128568,"model_or_emmeans"
"virus_comp_778_cycle_1","TP (CELIAC): (t0-6) vs t0",5.78308878623651,NA,NA,NA,NA,NA,NA,324.760759368444,"model_or_emmeans"
"virus_comp_7974_cycle_1","TP (CELIAC): (t0-12) vs t0",-117.990311792328,NA,NA,NA,NA,NA,NA,5.72082510069858e-52,"model_or_emmeans"
"virus_comp_7974_cycle_1","TP (CELIAC): (t0-18) vs t0",-110.350781204284,NA,NA,NA,NA,NA,NA,1.1892266946144e-48,"model_or_emmeans"
"virus_comp_7974_cycle_1","TP (CELIAC): (t0-24) vs t0",88.5707928087942,NA,NA,NA,NA,NA,NA,2.92285031376212e+38,"model_or_emmeans"
"virus_comp_7974_cycle_1","TP (CELIAC): (t0-30) vs t0",101.614660203834,NA,NA,NA,NA,NA,NA,1.35109599617295e+44,"model_or_emmeans"
"virus_comp_7974_cycle_1","TP (CELIAC): (t0-36) vs t0",85.3454911188448,NA,NA,NA,NA,NA,NA,1.16165147509421e+37,"model_or_emmeans"
"virus_comp_7974_cycle_1","TP (CELIAC): (t0-6) vs t0",-7.55302773582544,NA,NA,NA,NA,NA,NA,0.000524519613678371,"model_or_emmeans"
"virus_comp_808_cycle_4","TP (CELIAC): (t0-12) vs t0",-77.2659134291833,NA,NA,NA,NA,NA,NA,2.77869038622057e-34,"model_or_emmeans"
"virus_comp_808_cycle_4","TP (CELIAC): (t0-18) vs t0",-75.413310677939,NA,NA,NA,NA,NA,NA,1.77180250155081e-33,"model_or_emmeans"
"virus_comp_808_cycle_4","TP (CELIAC): (t0-24) vs t0",-85.9115485876082,NA,NA,NA,NA,NA,NA,4.88751965196385e-38,"model_or_emmeans"
"virus_comp_808_cycle_4","TP (CELIAC): (t0-30) vs t0",30.4973196324645,NA,NA,NA,NA,NA,NA,17571855741894.1,"model_or_emmeans"
"virus_comp_808_cycle_4","TP (CELIAC): (t0-36) vs t0",29.6719691683749,NA,NA,NA,NA,NA,NA,7697903757009.19,"model_or_emmeans"
"virus_comp_808_cycle_4","TP (CELIAC): (t0-6) vs t0",52.068484879017,NA,NA,NA,NA,NA,NA,4.10256682684723e+22,"model_or_emmeans"
"virus_comp_809_cycle_1","TP (CELIAC): (t0-12) vs t0",-86.1353024610476,NA,NA,NA,NA,NA,NA,3.90763008054514e-38,"model_or_emmeans"
"virus_comp_809_cycle_1","TP (CELIAC): (t0-18) vs t0",-68.9923388310045,NA,NA,NA,NA,NA,NA,1.08895003223557e-30,"model_or_emmeans"
"virus_comp_809_cycle_1","TP (CELIAC): (t0-24) vs t0",-89.3239285155283,NA,NA,NA,NA,NA,NA,1.6110563973361e-39,"model_or_emmeans"
"virus_comp_809_cycle_1","TP (CELIAC): (t0-30) vs t0",50.2285979636124,NA,NA,NA,NA,NA,NA,6.51632789335465e+21,"model_or_emmeans"
"virus_comp_809_cycle_1","TP (CELIAC): (t0-36) vs t0",49.716989057871,NA,NA,NA,NA,NA,NA,3.90673546177875e+21,"model_or_emmeans"
"virus_comp_809_cycle_1","TP (CELIAC): (t0-6) vs t0",0.372203012980888,NA,NA,NA,NA,NA,NA,1.45092750851428,"model_or_emmeans"
"virus_comp_810_cycle_1","TP (CELIAC): (t0-12) vs t0",-32.9391232471476,NA,NA,NA,NA,NA,NA,4.95131475192545e-15,"model_or_emmeans"
"virus_comp_810_cycle_1","TP (CELIAC): (t0-18) vs t0",-72.6294884776876,NA,NA,NA,NA,NA,NA,2.86690914970897e-32,"model_or_emmeans"
"virus_comp_810_cycle_1","TP (CELIAC): (t0-24) vs t0",-79.640538634835,NA,NA,NA,NA,NA,NA,2.58555353876766e-35,"model_or_emmeans"
"virus_comp_810_cycle_1","TP (CELIAC): (t0-30) vs t0",71.4481484233014,NA,NA,NA,NA,NA,NA,1.07037659070874e+31,"model_or_emmeans"
"virus_comp_810_cycle_1","TP (CELIAC): (t0-36) vs t0",69.4637895182556,NA,NA,NA,NA,NA,NA,1.47143295960882e+30,"model_or_emmeans"
"virus_comp_810_cycle_1","TP (CELIAC): (t0-6) vs t0",194.393955851704,NA,NA,NA,NA,NA,NA,2.65596496384551e+84,"model_or_emmeans"
"virus_comp_8200_cycle_1","TP (CELIAC): (t0-12) vs t0",-8.0295259699979,NA,NA,NA,NA,NA,NA,0.000325702565120441,"model_or_emmeans"
"virus_comp_8200_cycle_1","TP (CELIAC): (t0-18) vs t0",-58.6973572309264,NA,NA,NA,NA,NA,NA,3.22152608562921e-26,"model_or_emmeans"
"virus_comp_8200_cycle_1","TP (CELIAC): (t0-24) vs t0",10.6451637369771,NA,NA,NA,NA,NA,NA,41989.0327000596,"model_or_emmeans"
"virus_comp_8200_cycle_1","TP (CELIAC): (t0-30) vs t0",-62.1271862500035,NA,NA,NA,NA,NA,NA,1.04353215417462e-27,"model_or_emmeans"
"virus_comp_8200_cycle_1","TP (CELIAC): (t0-36) vs t0",-52.8529183300239,NA,NA,NA,NA,NA,NA,1.11242109737944e-23,"model_or_emmeans"
"virus_comp_8200_cycle_1","TP (CELIAC): (t0-6) vs t0",-71.972548410625,NA,NA,NA,NA,NA,NA,5.52992672605095e-32,"model_or_emmeans"
"virus_comp_8241_cycle_1","TP (CELIAC): (t0-12) vs t0",-99.3067340695384,NA,NA,NA,NA,NA,NA,7.4410355218153e-44,"model_or_emmeans"
"virus_comp_8241_cycle_1","TP (CELIAC): (t0-18) vs t0",-92.9204593976951,NA,NA,NA,NA,NA,NA,4.4173033807841e-41,"model_or_emmeans"
"virus_comp_8241_cycle_1","TP (CELIAC): (t0-24) vs t0",71.1743958033808,NA,NA,NA,NA,NA,NA,8.14043007641765e+30,"model_or_emmeans"
"virus_comp_8241_cycle_1","TP (CELIAC): (t0-30) vs t0",81.2174100552133,NA,NA,NA,NA,NA,NA,1.87185852401606e+35,"model_or_emmeans"
"virus_comp_8241_cycle_1","TP (CELIAC): (t0-36) vs t0",67.2956607178476,NA,NA,NA,NA,NA,NA,1.68319373423075e+29,"model_or_emmeans"
"virus_comp_8241_cycle_1","TP (CELIAC): (t0-6) vs t0",-5.84686236651329,NA,NA,NA,NA,NA,NA,0.00288894941689777,"model_or_emmeans"
"virus_comp_8506_cycle_1","TP (CELIAC): (t0-12) vs t0",34.8919945428385,NA,NA,NA,NA,NA,NA,1423641674042734,"model_or_emmeans"
"virus_comp_8506_cycle_1","TP (CELIAC): (t0-18) vs t0",81.560318943393,NA,NA,NA,NA,NA,NA,2.63752423820692e+35,"model_or_emmeans"
"virus_comp_8506_cycle_1","TP (CELIAC): (t0-24) vs t0",-6.9199537034524,NA,NA,NA,NA,NA,NA,0.000987875674705749,"model_or_emmeans"
"virus_comp_8506_cycle_1","TP (CELIAC): (t0-30) vs t0",-12.4953238327901,NA,NA,NA,NA,NA,NA,3.74412043353335e-06,"model_or_emmeans"
"virus_comp_8506_cycle_1","TP (CELIAC): (t0-36) vs t0",-2.09557857694113,NA,NA,NA,NA,NA,NA,0.122999058643839,"model_or_emmeans"
"virus_comp_8506_cycle_1","TP (CELIAC): (t0-6) vs t0",79.6860984892862,NA,NA,NA,NA,NA,NA,4.04792873762523e+34,"model_or_emmeans"
"virus_comp_86_cycle_1","TP (CELIAC): (t0-12) vs t0",26.3922632798475,NA,NA,NA,NA,NA,NA,289743903921.524,"model_or_emmeans"
"virus_comp_86_cycle_1","TP (CELIAC): (t0-18) vs t0",24.0405228023169,NA,NA,NA,NA,NA,NA,27584581225.5324,"model_or_emmeans"
"virus_comp_86_cycle_1","TP (CELIAC): (t0-24) vs t0",9.86502841566444,NA,NA,NA,NA,NA,NA,19245.4205068162,"model_or_emmeans"
"virus_comp_86_cycle_1","TP (CELIAC): (t0-30) vs t0",117.081898667089,NA,NA,NA,NA,NA,NA,7.04729614259619e+50,"model_or_emmeans"
"virus_comp_86_cycle_1","TP (CELIAC): (t0-36) vs t0",-40.2664270679798,NA,NA,NA,NA,NA,NA,3.25471464748039e-18,"model_or_emmeans"
"virus_comp_86_cycle_1","TP (CELIAC): (t0-6) vs t0",94.434560941388,NA,NA,NA,NA,NA,NA,1.02898422738274e+41,"model_or_emmeans"
"virus_comp_873_cycle_1","TP (CELIAC): (t0-12) vs t0",-56.1242131771461,NA,NA,NA,NA,NA,NA,4.2224441704962e-25,"model_or_emmeans"
"virus_comp_873_cycle_1","TP (CELIAC): (t0-18) vs t0",-1.25344144026938,NA,NA,NA,NA,NA,NA,0.28552050238169,"model_or_emmeans"
"virus_comp_873_cycle_1","TP (CELIAC): (t0-24) vs t0",-0.59642116778802,NA,NA,NA,NA,NA,NA,0.550779259652759,"model_or_emmeans"
"virus_comp_873_cycle_1","TP (CELIAC): (t0-30) vs t0",-4.61637144074265,NA,NA,NA,NA,NA,NA,0.00988861245720562,"model_or_emmeans"
"virus_comp_873_cycle_1","TP (CELIAC): (t0-36) vs t0",0.810468930822585,NA,NA,NA,NA,NA,NA,2.24896234720951,"model_or_emmeans"
"virus_comp_873_cycle_1","TP (CELIAC): (t0-6) vs t0",-58.57841203626,NA,NA,NA,NA,NA,NA,3.62843121100149e-26,"model_or_emmeans"
"virus_comp_876_cycle_1","TP (CELIAC): (t0-12) vs t0",-168.290208310671,NA,NA,NA,NA,NA,NA,8.17506420756193e-74,"model_or_emmeans"
"virus_comp_876_cycle_1","TP (CELIAC): (t0-18) vs t0",-2.47182720313691,NA,NA,NA,NA,NA,NA,0.084430446396421,"model_or_emmeans"
"virus_comp_876_cycle_1","TP (CELIAC): (t0-24) vs t0",-2.51737184737775,NA,NA,NA,NA,NA,NA,0.080671344994332,"model_or_emmeans"
"virus_comp_876_cycle_1","TP (CELIAC): (t0-30) vs t0",-14.7869572086405,NA,NA,NA,NA,NA,NA,3.78535033850912e-07,"model_or_emmeans"
"virus_comp_876_cycle_1","TP (CELIAC): (t0-36) vs t0",-8.81385569160937,NA,NA,NA,NA,NA,NA,0.000148658966379199,"model_or_emmeans"
"virus_comp_876_cycle_1","TP (CELIAC): (t0-6) vs t0",-3.24139038967878,NA,NA,NA,NA,NA,NA,0.0391094798614191,"model_or_emmeans"
"virus_comp_88_cycle_1","TP (CELIAC): (t0-12) vs t0",16.3604070229391,NA,NA,NA,NA,NA,NA,12741908.7839232,"model_or_emmeans"
"virus_comp_88_cycle_1","TP (CELIAC): (t0-18) vs t0",23.9522637756689,NA,NA,NA,NA,NA,NA,25254337893.3567,"model_or_emmeans"
"virus_comp_88_cycle_1","TP (CELIAC): (t0-24) vs t0",40.1931942183535,NA,NA,NA,NA,NA,NA,285550193697740992,"model_or_emmeans"
"virus_comp_88_cycle_1","TP (CELIAC): (t0-30) vs t0",83.6736946186091,NA,NA,NA,NA,NA,NA,2.1828498000445e+36,"model_or_emmeans"
"virus_comp_88_cycle_1","TP (CELIAC): (t0-36) vs t0",-32.1974372286749,NA,NA,NA,NA,NA,NA,1.03951480770585e-14,"model_or_emmeans"
"virus_comp_88_cycle_1","TP (CELIAC): (t0-6) vs t0",60.2150870744579,NA,NA,NA,NA,NA,NA,1.41605474551731e+26,"model_or_emmeans"
"virus_comp_911_cycle_1","TP (CELIAC): (t0-12) vs t0",-103.212878318157,NA,NA,NA,NA,NA,NA,1.49698167853565e-45,"model_or_emmeans"
"virus_comp_911_cycle_1","TP (CELIAC): (t0-18) vs t0",-96.4022145527547,NA,NA,NA,NA,NA,NA,1.358470389249e-42,"model_or_emmeans"
"virus_comp_911_cycle_1","TP (CELIAC): (t0-24) vs t0",73.9820879561482,NA,NA,NA,NA,NA,NA,1.34900189280088e+32,"model_or_emmeans"
"virus_comp_911_cycle_1","TP (CELIAC): (t0-30) vs t0",84.5867778436448,NA,NA,NA,NA,NA,NA,5.43964877769136e+36,"model_or_emmeans"
"virus_comp_911_cycle_1","TP (CELIAC): (t0-36) vs t0",72.3778082249188,NA,NA,NA,NA,NA,NA,2.71195653248066e+31,"model_or_emmeans"
"virus_comp_911_cycle_1","TP (CELIAC): (t0-6) vs t0",-6.03462767784143,NA,NA,NA,NA,NA,NA,0.00239438784506124,"model_or_emmeans"
"virus_comp_9132_cycle_1","TP (CELIAC): (t0-12) vs t0",-152.864761581602,NA,NA,NA,NA,NA,NA,4.08956925956379e-67,"model_or_emmeans"
"virus_comp_9132_cycle_1","TP (CELIAC): (t0-18) vs t0",-136.870512669572,NA,NA,NA,NA,NA,NA,3.61319676176814e-60,"model_or_emmeans"
"virus_comp_9132_cycle_1","TP (CELIAC): (t0-24) vs t0",113.751591373393,NA,NA,NA,NA,NA,NA,2.52167110004441e+49,"model_or_emmeans"
"virus_comp_9132_cycle_1","TP (CELIAC): (t0-30) vs t0",117.276953094922,NA,NA,NA,NA,NA,NA,8.56512259552629e+50,"model_or_emmeans"
"virus_comp_9132_cycle_1","TP (CELIAC): (t0-36) vs t0",105.229561149685,NA,NA,NA,NA,NA,NA,5.01900629523771e+45,"model_or_emmeans"
"virus_comp_9132_cycle_1","TP (CELIAC): (t0-6) vs t0",-9.46149140360668,NA,NA,NA,NA,NA,NA,7.7790487444473e-05,"model_or_emmeans"
"virus_comp_936_cycle_1","TP (CELIAC): (t0-12) vs t0",-6.12744071913263,NA,NA,NA,NA,NA,NA,0.00218215857702311,"model_or_emmeans"
"virus_comp_936_cycle_1","TP (CELIAC): (t0-18) vs t0",-4.83592447153075,NA,NA,NA,NA,NA,NA,0.00793934523260622,"model_or_emmeans"
"virus_comp_936_cycle_1","TP (CELIAC): (t0-24) vs t0",-4.05378719053572,NA,NA,NA,NA,NA,NA,0.0173565175724941,"model_or_emmeans"
"virus_comp_936_cycle_1","TP (CELIAC): (t0-30) vs t0",-15.647025182461,NA,NA,NA,NA,NA,NA,1.60170785364325e-07,"model_or_emmeans"
"virus_comp_936_cycle_1","TP (CELIAC): (t0-36) vs t0",-11.5449558893214,NA,NA,NA,NA,NA,NA,9.68477116343091e-06,"model_or_emmeans"
"virus_comp_936_cycle_1","TP (CELIAC): (t0-6) vs t0",-5.14814099897056,NA,NA,NA,NA,NA,NA,0.00581019585344945,"model_or_emmeans"
"virus_comp_9749_cycle_1","TP (CELIAC): (t0-12) vs t0",-122.560722578302,NA,NA,NA,NA,NA,NA,5.92317393785291e-54,"model_or_emmeans"
"virus_comp_9749_cycle_1","TP (CELIAC): (t0-18) vs t0",-113.429248589133,NA,NA,NA,NA,NA,NA,5.47398056706502e-50,"model_or_emmeans"
"virus_comp_9749_cycle_1","TP (CELIAC): (t0-24) vs t0",101.506575539243,NA,NA,NA,NA,NA,NA,1.21267837632612e+44,"model_or_emmeans"
"virus_comp_9749_cycle_1","TP (CELIAC): (t0-30) vs t0",107.416945029488,NA,NA,NA,NA,NA,NA,4.47287219619003e+46,"model_or_emmeans"
"virus_comp_9749_cycle_1","TP (CELIAC): (t0-36) vs t0",97.4596444467027,NA,NA,NA,NA,NA,NA,2.11926756536277e+42,"model_or_emmeans"
"virus_comp_9749_cycle_1","TP (CELIAC): (t0-6) vs t0",-13.2903254118226,NA,NA,NA,NA,NA,NA,1.69077185928807e-06,"model_or_emmeans"
"virus_comp_9845_cycle_1","TP (CELIAC): (t0-12) vs t0",-31.4770609532379,NA,NA,NA,NA,NA,NA,2.13641747410423e-14,"model_or_emmeans"
"virus_comp_9845_cycle_1","TP (CELIAC): (t0-18) vs t0",-1.84972694766882,NA,NA,NA,NA,NA,NA,0.157280106150582,"model_or_emmeans"
"virus_comp_9845_cycle_1","TP (CELIAC): (t0-24) vs t0",-0.584788366147873,NA,NA,NA,NA,NA,NA,0.557223776748708,"model_or_emmeans"
"virus_comp_9845_cycle_1","TP (CELIAC): (t0-30) vs t0",-158.671708540602,NA,NA,NA,NA,NA,NA,1.22956798500828e-69,"model_or_emmeans"
"virus_comp_9845_cycle_1","TP (CELIAC): (t0-36) vs t0",4.28332601424309,NA,NA,NA,NA,NA,NA,72.4811127583479,"model_or_emmeans"
"virus_comp_9845_cycle_1","TP (CELIAC): (t0-6) vs t0",-20.6463340170641,NA,NA,NA,NA,NA,NA,1.07996844150696e-09,"model_or_emmeans"
"virus_comp_9930_cycle_1","TP (CELIAC): (t0-12) vs t0",76.6414095523595,NA,NA,NA,NA,NA,NA,1.92726419848606e+33,"model_or_emmeans"
"virus_comp_9930_cycle_1","TP (CELIAC): (t0-18) vs t0",109.67307427468,NA,NA,NA,NA,NA,NA,4.26983380082714e+47,"model_or_emmeans"
"virus_comp_9930_cycle_1","TP (CELIAC): (t0-24) vs t0",-47.4272483629606,NA,NA,NA,NA,NA,NA,2.5270145593735e-21,"model_or_emmeans"
"virus_comp_9930_cycle_1","TP (CELIAC): (t0-30) vs t0",178.285419249411,NA,NA,NA,NA,NA,NA,2.68147519470887e+77,"model_or_emmeans"
"virus_comp_9930_cycle_1","TP (CELIAC): (t0-36) vs t0",-27.6668817832936,NA,NA,NA,NA,NA,NA,9.6477470872096e-13,"model_or_emmeans"
"virus_comp_9930_cycle_1","TP (CELIAC): (t0-6) vs t0",-45.9777194970522,NA,NA,NA,NA,NA,NA,1.07678781383765e-20,"model_or_emmeans"
"virus_comp_99_cycle_1","TP (CELIAC): (t0-12) vs t0",-7.7851045360407,NA,NA,NA,NA,NA,NA,0.000415883853068612,"model_or_emmeans"
"virus_comp_99_cycle_1","TP (CELIAC): (t0-18) vs t0",-7.02167517390512,NA,NA,NA,NA,NA,NA,0.000892329433137494,"model_or_emmeans"
"virus_comp_99_cycle_1","TP (CELIAC): (t0-24) vs t0",-6.14274832214981,NA,NA,NA,NA,NA,NA,0.00214900932490077,"model_or_emmeans"
"virus_comp_99_cycle_1","TP (CELIAC): (t0-30) vs t0",-75.6825083901219,NA,NA,NA,NA,NA,NA,1.35364327367528e-33,"model_or_emmeans"
"virus_comp_99_cycle_1","TP (CELIAC): (t0-36) vs t0",-66.0013194281074,NA,NA,NA,NA,NA,NA,2.16766005204418e-29,"model_or_emmeans"
"virus_comp_99_cycle_1","TP (CELIAC): (t0-6) vs t0",-75.5181386550895,NA,NA,NA,NA,NA,NA,1.59547167530462e-33,"model_or_emmeans"
