"contig_id","term","estimate","std.error","statistic","p.value","p.adj","conf.low","conf.high","OR","source"
"edge_187","TP (CELIAC): (t0-12) vs t0",1.50178539794942,NA,NA,NA,NA,NA,NA,4.48969781608588,"model_or_emmeans"
"edge_187","TP (CELIAC): (t0-18) vs t0",15.4991384987704,NA,NA,NA,NA,NA,NA,5385057.24391908,"model_or_emmeans"
"edge_187","TP (CELIAC): (t0-24) vs t0",-41.1735084954372,NA,NA,NA,NA,NA,NA,1.31393069935625e-18,"model_or_emmeans"
"edge_187","TP (CELIAC): (t0-30) vs t0",-60.2904142918531,NA,NA,NA,NA,NA,NA,6.54946403109971e-27,"model_or_emmeans"
"edge_187","TP (CELIAC): (t0-36) vs t0",-77.0481637045581,NA,NA,NA,NA,NA,NA,3.45467870000913e-34,"model_or_emmeans"
"edge_187","TP (CELIAC): (t0-6) vs t0",-82.4242692910554,NA,NA,NA,NA,NA,NA,1.59806585395596e-36,"model_or_emmeans"
"edge_187","TP (CELIAC): (t0-over42) vs t0",8.14919037018041,NA,NA,NA,NA,NA,NA,3460.57614532846,"model_or_emmeans"
"edge_1980","TP (CELIAC): (t0-12) vs t0",19.5227821126902,NA,NA,NA,NA,NA,NA,301048552.19849,"model_or_emmeans"
"edge_1980","TP (CELIAC): (t0-18) vs t0",-67.0585746271124,NA,NA,NA,NA,NA,NA,7.53062592636894e-30,"model_or_emmeans"
"edge_1980","TP (CELIAC): (t0-24) vs t0",-32.6732285360687,NA,NA,NA,NA,NA,NA,6.45947379659898e-15,"model_or_emmeans"
"edge_1980","TP (CELIAC): (t0-30) vs t0",-66.3954732219015,NA,NA,NA,NA,NA,NA,1.46154555472465e-29,"model_or_emmeans"
"edge_1980","TP (CELIAC): (t0-36) vs t0",-43.6784338412566,NA,NA,NA,NA,NA,NA,1.07324087473902e-19,"model_or_emmeans"
"edge_1980","TP (CELIAC): (t0-6) vs t0",-0.278478984041961,NA,NA,NA,NA,NA,NA,0.756934175279616,"model_or_emmeans"
"edge_1980","TP (CELIAC): (t0-over42) vs t0",-40.1025760723521,NA,NA,NA,NA,NA,NA,3.83418003704763e-18,"model_or_emmeans"
"edge_209","TP (CELIAC): (t0-12) vs t0",33.9337170651195,NA,NA,NA,NA,NA,NA,546042029119089,"model_or_emmeans"
"edge_209","TP (CELIAC): (t0-18) vs t0",46.4343102998516,NA,NA,NA,NA,NA,NA,1.46610384999623e+20,"model_or_emmeans"
"edge_209","TP (CELIAC): (t0-24) vs t0",-64.3969420275179,NA,NA,NA,NA,NA,NA,1.07835914574027e-28,"model_or_emmeans"
"edge_209","TP (CELIAC): (t0-30) vs t0",-16.9632904794445,NA,NA,NA,NA,NA,NA,4.29473676352994e-08,"model_or_emmeans"
"edge_209","TP (CELIAC): (t0-36) vs t0",-44.735215642984,NA,NA,NA,NA,NA,NA,3.73029088883152e-20,"model_or_emmeans"
"edge_209","TP (CELIAC): (t0-6) vs t0",-4.93972450701072,NA,NA,NA,NA,NA,NA,0.00715656968553626,"model_or_emmeans"
"edge_209","TP (CELIAC): (t0-over42) vs t0",40.7478662581188,NA,NA,NA,NA,NA,NA,497248481139263808,"model_or_emmeans"
"edge_2658","TP (CELIAC): (t0-12) vs t0",35.9290985746778,NA,NA,NA,NA,NA,NA,4016143764842156,"model_or_emmeans"
"edge_2658","TP (CELIAC): (t0-18) vs t0",-61.0352698990498,NA,NA,NA,NA,NA,NA,3.10970420827808e-27,"model_or_emmeans"
"edge_2658","TP (CELIAC): (t0-24) vs t0",-37.1821097058266,NA,NA,NA,NA,NA,NA,7.11237962636365e-17,"model_or_emmeans"
"edge_2658","TP (CELIAC): (t0-30) vs t0",35.3822963608672,NA,NA,NA,NA,NA,NA,2324534876613467,"model_or_emmeans"
"edge_2658","TP (CELIAC): (t0-36) vs t0",-36.5874858547617,NA,NA,NA,NA,NA,NA,1.28901148399194e-16,"model_or_emmeans"
"edge_2658","TP (CELIAC): (t0-6) vs t0",-50.140708474211,NA,NA,NA,NA,NA,NA,1.67558703353227e-22,"model_or_emmeans"
"edge_2658","TP (CELIAC): (t0-over42) vs t0",40.015254249788,NA,NA,NA,NA,NA,NA,239003418428499168,"model_or_emmeans"
"edge_305","TP (CELIAC): (t0-12) vs t0",-32.6316224323617,NA,NA,NA,NA,NA,NA,6.73389657874369e-15,"model_or_emmeans"
"edge_305","TP (CELIAC): (t0-18) vs t0",-22.4169018775533,NA,NA,NA,NA,NA,NA,1.8384982178103e-10,"model_or_emmeans"
"edge_305","TP (CELIAC): (t0-24) vs t0",-32.7114973207601,NA,NA,NA,NA,NA,NA,6.21694777035295e-15,"model_or_emmeans"
"edge_305","TP (CELIAC): (t0-30) vs t0",88.0952389926913,NA,NA,NA,NA,NA,NA,1.81667055235828e+38,"model_or_emmeans"
"edge_305","TP (CELIAC): (t0-36) vs t0",-59.9267776773816,NA,NA,NA,NA,NA,NA,9.42174045743512e-27,"model_or_emmeans"
"edge_305","TP (CELIAC): (t0-6) vs t0",78.5095034396982,NA,NA,NA,NA,NA,NA,1.24808487681196e+34,"model_or_emmeans"
"edge_305","TP (CELIAC): (t0-over42) vs t0",-13.658021911139,NA,NA,NA,NA,NA,NA,1.17056746824923e-06,"model_or_emmeans"
"edge_329","TP (CELIAC): (t0-12) vs t0",-711.533095777628,NA,NA,NA,NA,NA,NA,9.66279603080876e-310,"model_or_emmeans"
"edge_329","TP (CELIAC): (t0-18) vs t0",309.80220783102,NA,NA,NA,NA,NA,NA,3.5106646194303e+134,"model_or_emmeans"
"edge_329","TP (CELIAC): (t0-24) vs t0",-714.573104654603,NA,NA,NA,NA,NA,NA,4.62214677252217e-311,"model_or_emmeans"
"edge_329","TP (CELIAC): (t0-30) vs t0",-114.307025546015,NA,NA,NA,NA,NA,NA,2.27556666223186e-50,"model_or_emmeans"
"edge_329","TP (CELIAC): (t0-36) vs t0",-339.063998465279,NA,NA,NA,NA,NA,NA,5.576689372161e-148,"model_or_emmeans"
"edge_329","TP (CELIAC): (t0-6) vs t0",305.932137006375,NA,NA,NA,NA,NA,NA,7.32215534858785e+132,"model_or_emmeans"
"edge_329","TP (CELIAC): (t0-over42) vs t0",-194.078132241255,NA,NA,NA,NA,NA,NA,5.16342781017823e-85,"model_or_emmeans"
"edge_4","TP (CELIAC): (t0-12) vs t0",-122.057869409418,NA,NA,NA,NA,NA,NA,9.79356573368572e-54,"model_or_emmeans"
"edge_4","TP (CELIAC): (t0-18) vs t0",10.541998964813,NA,NA,NA,NA,NA,NA,37873.1980261691,"model_or_emmeans"
"edge_4","TP (CELIAC): (t0-24) vs t0",-59.3196824998552,NA,NA,NA,NA,NA,NA,1.72897702397102e-26,"model_or_emmeans"
"edge_4","TP (CELIAC): (t0-30) vs t0",-51.1490272228357,NA,NA,NA,NA,NA,NA,6.11307497628724e-23,"model_or_emmeans"
"edge_4","TP (CELIAC): (t0-36) vs t0",-1.93029479978983,NA,NA,NA,NA,NA,NA,0.145105415131788,"model_or_emmeans"
"edge_4","TP (CELIAC): (t0-6) vs t0",-56.7394583225054,NA,NA,NA,NA,NA,NA,2.28226644112052e-25,"model_or_emmeans"
"edge_4","TP (CELIAC): (t0-over42) vs t0",1.69997505752526,NA,NA,NA,NA,NA,NA,5.47381085963541,"model_or_emmeans"
"edge_48666","TP (CELIAC): (t0-12) vs t0",6.2158374363393,NA,NA,NA,NA,NA,NA,500.615046931352,"model_or_emmeans"
"edge_48666","TP (CELIAC): (t0-18) vs t0",94.481486191663,NA,NA,NA,NA,NA,NA,1.07842040107431e+41,"model_or_emmeans"
"edge_48666","TP (CELIAC): (t0-24) vs t0",15.0902118569334,NA,NA,NA,NA,NA,NA,3577632.60793514,"model_or_emmeans"
"edge_48666","TP (CELIAC): (t0-30) vs t0",89.969495396983,NA,NA,NA,NA,NA,NA,1.18373745787655e+39,"model_or_emmeans"
"edge_48666","TP (CELIAC): (t0-36) vs t0",-25.9120033745434,NA,NA,NA,NA,NA,NA,5.57904570626607e-12,"model_or_emmeans"
"edge_48666","TP (CELIAC): (t0-6) vs t0",63.4133751765851,NA,NA,NA,NA,NA,NA,3.46799863647835e+27,"model_or_emmeans"
"edge_48666","TP (CELIAC): (t0-over42) vs t0",92.4317405993012,NA,NA,NA,NA,NA,NA,1.38865670353101e+40,"model_or_emmeans"
"edge_48806","TP (CELIAC): (t0-12) vs t0",-4.7863827620768,NA,NA,NA,NA,NA,NA,0.00834257996543102,"model_or_emmeans"
"edge_48806","TP (CELIAC): (t0-18) vs t0",-42.8211932100804,NA,NA,NA,NA,NA,NA,2.52925187342284e-19,"model_or_emmeans"
"edge_48806","TP (CELIAC): (t0-24) vs t0",-4.40979605496392,NA,NA,NA,NA,NA,NA,0.0121576575710038,"model_or_emmeans"
"edge_48806","TP (CELIAC): (t0-30) vs t0",-5.91231905850708,NA,NA,NA,NA,NA,NA,0.00270590445479263,"model_or_emmeans"
"edge_48806","TP (CELIAC): (t0-36) vs t0",-70.7358651086502,NA,NA,NA,NA,NA,NA,1.90460145013909e-31,"model_or_emmeans"
"edge_48806","TP (CELIAC): (t0-6) vs t0",-49.7374840456664,NA,NA,NA,NA,NA,NA,2.50775517454962e-22,"model_or_emmeans"
"edge_48806","TP (CELIAC): (t0-over42) vs t0",-92.085528047062,NA,NA,NA,NA,NA,NA,1.01803639880448e-40,"model_or_emmeans"
"edge_61","TP (CELIAC): (t0-12) vs t0",-112.431929987863,NA,NA,NA,NA,NA,NA,1.48399766136587e-49,"model_or_emmeans"
"edge_61","TP (CELIAC): (t0-18) vs t0",-35.6039909637495,NA,NA,NA,NA,NA,NA,3.44653894846763e-16,"model_or_emmeans"
"edge_61","TP (CELIAC): (t0-24) vs t0",-10.366917478998,NA,NA,NA,NA,NA,NA,3.14561049059816e-05,"model_or_emmeans"
"edge_61","TP (CELIAC): (t0-30) vs t0",-41.6924726732131,NA,NA,NA,NA,NA,NA,7.81968360229234e-19,"model_or_emmeans"
"edge_61","TP (CELIAC): (t0-36) vs t0",-36.153568901148,NA,NA,NA,NA,NA,NA,1.98931943296168e-16,"model_or_emmeans"
"edge_61","TP (CELIAC): (t0-6) vs t0",-60.0752495642268,NA,NA,NA,NA,NA,NA,8.12176866719732e-27,"model_or_emmeans"
"edge_61","TP (CELIAC): (t0-over42) vs t0",-108.625659761397,NA,NA,NA,NA,NA,NA,6.67537045963353e-48,"model_or_emmeans"
"virus_comp_103_cycle_1","(Intercept)",-18.6799036007044,4.9545419699605,-3.77025842428243,0.000163078592885636,0.000265002713439158,-28.3906274217191,-8.96917977968972,NA,"model_or_emmeans"
"virus_comp_103_cycle_1","Age.at.Gluten.Introduction..months.",0.299265171306329,0.27194628069475,1.10045693782532,0.271133082125694,0.567216173070841,-0.233739744585001,0.832270087197658,NA,"model_or_emmeans"
"virus_comp_103_cycle_1","CONTROL vs CELIAC @ t0",-3.20874479941054,3.62229924201521,0.885830955706853,0.375708626156912,0.851166642770787,NA,NA,0.0404073007216021,"between_groups"
"virus_comp_103_cycle_1","CONTROL vs CELIAC @ t0-12",-7.05396107511615,3.38876348774006,2.08157373644875,0.0373814224270054,0.212258287553295,NA,NA,0.000863979881168317,"between_groups"
"virus_comp_103_cycle_1","CONTROL vs CELIAC @ t0-18",-3.58443652021684,3.3786648370353,1.06090325412748,0.288733870272411,0.622211714490398,NA,NA,0.0277523010857967,"between_groups"
"virus_comp_103_cycle_1","CONTROL vs CELIAC @ t0-24",-1.4118882787035,3.24359709627565,0.435284727663819,0.663355769001765,0.999996070643485,NA,NA,0.243682707575635,"between_groups"
"virus_comp_103_cycle_1","CONTROL vs CELIAC @ t0-30",-2.53661592754346,3.39317482587434,0.747564171524771,0.454723082426923,0.999999713555549,NA,NA,0.0791337414986766,"between_groups"
"virus_comp_103_cycle_1","CONTROL vs CELIAC @ t0-36",-25.7971688310774,2606.65381883788,0.00989666086253774,0.992103735992967,0.999999607574504,NA,NA,6.25794768086345e-12,"between_groups"
"virus_comp_103_cycle_1","CONTROL vs CELIAC @ t0-6",-1.13270518164284,4.1818787892713,0.270860356964151,0.786498436158454,0.99998893637738,NA,NA,0.322160573701783,"between_groups"
"virus_comp_103_cycle_1","CONTROL vs CELIAC @ t0-over42",-3.49769066457205,3.65506334171636,0.95694392615631,0.338595558363935,0.999999030800758,NA,NA,0.0302671998934844,"between_groups"
"virus_comp_103_cycle_1","CountryUSA",1.11617768539146,2.9990101601945,0.372182028659441,0.709757325596283,0.864230098678408,-4.76177421785945,6.99412958864237,NA,"model_or_emmeans"
"virus_comp_103_cycle_1","Delivery.ModeC-Section",3.10985261019292,3.58564048143142,0.867307424237758,0.385773589917036,0.642059367522889,-3.91787359492152,10.1375788153074,NA,"model_or_emmeans"
"virus_comp_103_cycle_1","Dx.StatusCELIAC",3.20874479941054,3.62229924201521,0.885830955706853,0.375708626156912,0.851166642770787,-3.890831256166,10.3083208549871,NA,"model_or_emmeans"
"virus_comp_103_cycle_1","Dx.StatusCELIAC:onset_timeline_combinedt0-12",3.84521627570561,2.58327277851702,1.48850570783045,0.136617578002399,0.278395159970465,-1.21790533243046,8.90833788384168,NA,"model_or_emmeans"
"virus_comp_103_cycle_1","Dx.StatusCELIAC:onset_timeline_combinedt0-18",0.3756917208063,2.97229611625717,0.12639781034986,0.899417035340217,0.999986080473642,-5.44990161844604,6.20128506005864,NA,"model_or_emmeans"
"virus_comp_103_cycle_1","Dx.StatusCELIAC:onset_timeline_combinedt0-24",-1.79685652070704,3.56110661825278,-0.504578130712819,0.613855173227051,0.99999002810088,-8.77649723758971,5.18278419617564,NA,"model_or_emmeans"
"virus_comp_103_cycle_1","Dx.StatusCELIAC:onset_timeline_combinedt0-30",-0.672128871867082,3.74505627735488,-0.179470967080314,0.857567912107433,0.999998285985936,-8.01230429555828,6.66804655182412,NA,"model_or_emmeans"
"virus_comp_103_cycle_1","Dx.StatusCELIAC:onset_timeline_combinedt0-36",22.5884240316669,2606.65361405232,0.00866567921026944,0.993085874884245,0.99999758284016,-5086.35877968204,5131.53562774538,NA,"model_or_emmeans"
"virus_comp_103_cycle_1","Dx.StatusCELIAC:onset_timeline_combinedt0-6",-2.0760396177677,3.72773701223773,-0.556916866976481,0.577584229928197,0.999988545527813,-9.3822699055906,5.23019067005519,NA,"model_or_emmeans"
"virus_comp_103_cycle_1","Dx.StatusCELIAC:onset_timeline_combinedt0-over42",0.288945865161511,3.37515814199445,0.0856095782791284,0.931776784051098,0.999999580890402,-6.32624253527473,6.90413426559775,NA,"model_or_emmeans"
"virus_comp_103_cycle_1","HLA.CategoryHigh Risk",4.23936315705945,3.12117774484052,1.35825752444485,0.174381983141322,0.479162436515061,-1.87803281217592,10.3567591262948,NA,"model_or_emmeans"
"virus_comp_103_cycle_1","HLA.CategoryLow/No Risk",-2.8809765164655,5.28357798405624,-0.545269990366217,0.585567840567714,0.999860236857033,-13.2365990747245,7.47464604179347,NA,"model_or_emmeans"
"virus_comp_103_cycle_1","SexMale",0.0619544810963953,2.82347822854749,0.0219426098172067,0.982493735228326,0.982493735228326,-5.47196115798963,5.59587012018242,NA,"model_or_emmeans"
"virus_comp_103_cycle_1","TP (CELIAC): (t0-12) vs t0",0.400370967930979,1.46540646247242,0.273214959933694,0.996228987723483,0.999999999999433,-3.45117961576625,4.25192155162821,1.4923782194258,"model_or_emmeans"
"virus_comp_103_cycle_1","TP (CELIAC): (t0-18) vs t0",-1.30346881376766,1.81828772288831,-0.716866091851038,0.923680620266743,1,-6.08250269942707,3.47556507189174,0.271588068746404,"model_or_emmeans"
"virus_comp_103_cycle_1","TP (CELIAC): (t0-24) vs t0",-3.67305298187228,2.10172376873077,-1.74763831314066,0.345398743769341,1,-9.19704623256924,1.85094026882467,0.0253988093542754,"model_or_emmeans"
"virus_comp_103_cycle_1","TP (CELIAC): (t0-30) vs t0",-3.77701509286547,2.22722280512835,-1.6958407053702,0.375268438394581,1,-9.63085941169202,2.07682922596109,0.0228909168121238,"model_or_emmeans"
"virus_comp_103_cycle_1","TP (CELIAC): (t0-36) vs t0",-4.93387267188881,2.13745220887983,-2.30829613471194,0.112626110242872,1,-10.5517715371949,0.684026193417296,0.00719857152543639,"model_or_emmeans"
"virus_comp_103_cycle_1","TP (CELIAC): (t0-6) vs t0",-4.28470898061195,2.44454891615403,-1.75276058183897,0.342510379531097,0.999999999997682,-10.7097548951796,2.14033693395571,0.0137776304955172,"model_or_emmeans"
"virus_comp_103_cycle_1","TP (CELIAC): (t0-over42) vs t0",-5.61908950389426,2.20350009199546,-2.55007454926207,0.0616550799338342,0.801516039139845,-11.4105830470461,0.172404039257588,0.00362794283345573,"model_or_emmeans"
"virus_comp_103_cycle_1","feeding_first_yearBreastmilk_and_formula",3.2418242817738,3.28402030219453,0.987151108538355,0.323568565831045,0.631701424123959,-3.19473723502583,9.67838579857342,NA,"model_or_emmeans"
"virus_comp_103_cycle_1","feeding_first_yearFormula",0.967452336398573,3.62388097826651,0.266965814330182,0.789495482305031,0.945205760501774,-6.13522386526356,8.07012853806071,NA,"model_or_emmeans"
"virus_comp_103_cycle_1","onset_timeline_combinedt0-12",-3.44484530777463,2.12021870054639,-1.62475942075545,0.10421383064355,0.338694949591536,-7.60039760019387,0.710706984644601,NA,"model_or_emmeans"
"virus_comp_103_cycle_1","onset_timeline_combinedt0-18",-1.67916053457397,2.3164591404628,-0.724882431657519,0.468524159597342,0.746119071393838,-6.21933702153967,2.86101595239174,NA,"model_or_emmeans"
"virus_comp_103_cycle_1","onset_timeline_combinedt0-24",-1.87619646116525,2.71177195792063,-0.691871031295677,0.489018324283352,0.994836741479855,-7.19117183297535,3.43877891064486,NA,"model_or_emmeans"
"virus_comp_103_cycle_1","onset_timeline_combinedt0-30",-3.10488622099838,2.78371894559576,-1.11537345604187,0.264690419418985,0.721410570658124,-8.56087509744788,2.35110265545112,NA,"model_or_emmeans"
"virus_comp_103_cycle_1","onset_timeline_combinedt0-36",-27.5222967035557,2606.65265149305,-0.0105584826147785,0.991575706262015,0.99999748493375,-5136.46761383577,5081.42302042866,NA,"model_or_emmeans"
"virus_comp_103_cycle_1","onset_timeline_combinedt0-6",-2.20866936284425,2.79512916351496,-0.790185080415666,0.429419687867714,0.93040932371338,-7.68702185547114,3.26968312978265,NA,"model_or_emmeans"
"virus_comp_103_cycle_1","onset_timeline_combinedt0-over42",-5.90803536905577,2.53861393453998,-2.32726815553636,0.0199509975336308,0.1296814839686,-10.8836272514057,-0.93244348670588,NA,"model_or_emmeans"
"virus_comp_1044_cycle_1","TP (CELIAC): (t0-12) vs t0",22.2026040790097,NA,NA,NA,NA,NA,NA,4390039575.92396,"model_or_emmeans"
"virus_comp_1044_cycle_1","TP (CELIAC): (t0-18) vs t0",-57.2963875543068,NA,NA,NA,NA,NA,NA,1.30766064093293e-25,"model_or_emmeans"
"virus_comp_1044_cycle_1","TP (CELIAC): (t0-24) vs t0",19.8875537760831,NA,NA,NA,NA,NA,NA,433565646.362885,"model_or_emmeans"
"virus_comp_1044_cycle_1","TP (CELIAC): (t0-30) vs t0",21.5175077839578,NA,NA,NA,NA,NA,NA,2212762969.28554,"model_or_emmeans"
"virus_comp_1044_cycle_1","TP (CELIAC): (t0-36) vs t0",-41.7706663240779,NA,NA,NA,NA,NA,NA,7.23152863157029e-19,"model_or_emmeans"
"virus_comp_1044_cycle_1","TP (CELIAC): (t0-6) vs t0",-39.4226813061085,NA,NA,NA,NA,NA,NA,7.56740620800699e-18,"model_or_emmeans"
"virus_comp_1044_cycle_1","TP (CELIAC): (t0-over42) vs t0",29.4114976077049,NA,NA,NA,NA,NA,NA,5932682619686.92,"model_or_emmeans"
"virus_comp_1068_cycle_1","TP (CELIAC): (t0-12) vs t0",-46.3920394176062,NA,NA,NA,NA,NA,NA,7.11530099738382e-21,"model_or_emmeans"
"virus_comp_1068_cycle_1","TP (CELIAC): (t0-18) vs t0",-18.4239392025915,NA,NA,NA,NA,NA,NA,9.96746844375728e-09,"model_or_emmeans"
"virus_comp_1068_cycle_1","TP (CELIAC): (t0-24) vs t0",-51.5843528918515,NA,NA,NA,NA,NA,NA,3.955489049341e-23,"model_or_emmeans"
"virus_comp_1068_cycle_1","TP (CELIAC): (t0-30) vs t0",-103.399805303167,NA,NA,NA,NA,NA,NA,1.241752739999e-45,"model_or_emmeans"
"virus_comp_1068_cycle_1","TP (CELIAC): (t0-36) vs t0",0.181779473294625,NA,NA,NA,NA,NA,NA,1.19934967608166,"model_or_emmeans"
"virus_comp_1068_cycle_1","TP (CELIAC): (t0-6) vs t0",-50.5747929877809,NA,NA,NA,NA,NA,NA,1.08554162728281e-22,"model_or_emmeans"
"virus_comp_1068_cycle_1","TP (CELIAC): (t0-over42) vs t0",-9.4104493636615,NA,NA,NA,NA,NA,NA,8.18641523096135e-05,"model_or_emmeans"
"virus_comp_1069_cycle_1","TP (CELIAC): (t0-12) vs t0",-36.5305032303909,NA,NA,NA,NA,NA,NA,1.36459578627818e-16,"model_or_emmeans"
"virus_comp_1069_cycle_1","TP (CELIAC): (t0-18) vs t0",-17.4185621216882,NA,NA,NA,NA,NA,NA,2.72404694575762e-08,"model_or_emmeans"
"virus_comp_1069_cycle_1","TP (CELIAC): (t0-24) vs t0",-38.7619932788103,NA,NA,NA,NA,NA,NA,1.46514366438615e-17,"model_or_emmeans"
"virus_comp_1069_cycle_1","TP (CELIAC): (t0-30) vs t0",-4.76724249793827,NA,NA,NA,NA,NA,NA,0.00850379709701656,"model_or_emmeans"
"virus_comp_1069_cycle_1","TP (CELIAC): (t0-36) vs t0",1.63909250521627,NA,NA,NA,NA,NA,NA,5.15049334491272,"model_or_emmeans"
"virus_comp_1069_cycle_1","TP (CELIAC): (t0-6) vs t0",-55.6554751266327,NA,NA,NA,NA,NA,NA,6.74736594408308e-25,"model_or_emmeans"
"virus_comp_1069_cycle_1","TP (CELIAC): (t0-over42) vs t0",-0.525044308741712,NA,NA,NA,NA,NA,NA,0.591529153873648,"model_or_emmeans"
"virus_comp_1105_cycle_1","(Intercept)",-24.802794040128,6.29618225539939,-3.93933863951572,8.1706533904852e-05,0.000177030823460513,-37.143084500811,-12.4625035794451,NA,"model_or_emmeans"
"virus_comp_1105_cycle_1","Age.at.Gluten.Introduction..months.",0.481605897633571,0.564990490835717,0.85241416527417,0.393984260815336,0.569088376733264,-0.625755116012041,1.58896691127918,NA,"model_or_emmeans"
"virus_comp_1105_cycle_1","CONTROL vs CELIAC @ t0",1.48237732954546,6.40962031785773,-0.231273812805328,0.817102089593036,0.885193930392456,NA,NA,4.40340158411692,"between_groups"
"virus_comp_1105_cycle_1","CONTROL vs CELIAC @ t0-12",11.687818873343,6.79118880641922,-1.72102693747748,0.0852459358895403,0.212258287553295,NA,NA,119111.924650682,"between_groups"
"virus_comp_1105_cycle_1","CONTROL vs CELIAC @ t0-18",43.4095127736314,2403315.543031,-1.80623442891251e-05,0.999985588334361,0.999985588334361,NA,NA,7120522444287669248,"between_groups"
"virus_comp_1105_cycle_1","CONTROL vs CELIAC @ t0-24",1.14914081189543,6.61667347474439,-0.173673495644248,0.862122068356413,0.999996070643485,NA,NA,3.15548059327169,"between_groups"
"virus_comp_1105_cycle_1","CONTROL vs CELIAC @ t0-30",35.8731209633192,2051090.90776417,-1.74897762100771e-05,0.999986045177591,0.999999713555549,NA,NA,3797506125071559,"between_groups"
"virus_comp_1105_cycle_1","CONTROL vs CELIAC @ t0-36",10.0340322729329,1164286.06014109,-8.6181846682223e-06,0.999993123683511,0.999999607574504,NA,NA,22788.9779072179,"between_groups"
"virus_comp_1105_cycle_1","CONTROL vs CELIAC @ t0-6",-1.90684565826818,4.60162453770747,0.414385320367352,0.678591937891963,0.99998893637738,NA,NA,0.148548220204196,"between_groups"
"virus_comp_1105_cycle_1","CONTROL vs CELIAC @ t0-over42",14.7675880070288,1911773.56143083,-7.72454871484689e-06,0.999993836701841,0.999999030800758,NA,NA,2591086.92299046,"between_groups"
"virus_comp_1105_cycle_1","CountryUSA",-2.59919119968608,4.87787660243582,-0.532853003782045,0.594135339602528,0.864230098678408,-12.1596536614909,6.96127126211873,NA,"model_or_emmeans"
"virus_comp_1105_cycle_1","Delivery.ModeC-Section",-1.82926553519467,5.35727624376973,-0.341454398085598,0.732761529217573,0.865990898166222,-12.3293340282154,8.67080295782603,NA,"model_or_emmeans"
"virus_comp_1105_cycle_1","Dx.StatusCELIAC",-1.48237732954546,6.40962031785773,-0.231273812805328,0.817102089593036,0.885193930392456,-14.0450023071228,11.0802476480319,NA,"model_or_emmeans"
"virus_comp_1105_cycle_1","Dx.StatusCELIAC:onset_timeline_combinedt0-12",-10.2054415437976,3.72403785230733,-2.74042368755047,0.00613600292437159,0.0569834439692036,-17.5044216113838,-2.90646147621131,NA,"model_or_emmeans"
"virus_comp_1105_cycle_1","Dx.StatusCELIAC:onset_timeline_combinedt0-18",-41.927135444086,2403315.5430222,-1.74455391701757e-05,0.999986080473642,0.999986080473642,-4710453.83494429,4710369.9806734,NA,"model_or_emmeans"
"virus_comp_1105_cycle_1","Dx.StatusCELIAC:onset_timeline_combinedt0-24",0.333236517650021,5.28671286246,0.0630328384233374,0.949740355023589,0.99999002810088,-10.0285302893762,10.6950033246763,NA,"model_or_emmeans"
"virus_comp_1105_cycle_1","Dx.StatusCELIAC:onset_timeline_combinedt0-30",-34.3907436337738,2051090.90774626,-1.67670499166526e-05,0.999986621829742,0.999998285985936,-4020098.69894387,4020029.9174566,NA,"model_or_emmeans"
"virus_comp_1105_cycle_1","Dx.StatusCELIAC:onset_timeline_combinedt0-36",-8.55165494338746,1164286.06013103,-7.34497752418772e-06,0.999994139555834,0.99999758284016,-2281967.29721379,2281950.1939039,NA,"model_or_emmeans"
"virus_comp_1105_cycle_1","Dx.StatusCELIAC:onset_timeline_combinedt0-6",3.38922298781363,7.35599390836618,0.460743038946643,0.644982972758822,0.999988545527813,-11.0282601430801,17.8067061187074,NA,"model_or_emmeans"
"virus_comp_1105_cycle_1","Dx.StatusCELIAC:onset_timeline_combinedt0-over42",-13.2852106774833,1911773.56141441,-6.94915493425611e-06,0.999994455376567,0.999999580890402,-3747020.61217879,3746994.04175744,NA,"model_or_emmeans"
"virus_comp_1105_cycle_1","HLA.CategoryHigh Risk",-1.87945403685263,3.74292395599338,-0.502135244784535,0.615572389582902,0.727494642234339,-9.21545018747184,5.45654211376657,NA,"model_or_emmeans"
"virus_comp_1105_cycle_1","HLA.CategoryLow/No Risk",-2.56802653303446,11.6576476574523,-0.220286854474694,0.825647757334419,0.999860236857033,-25.4165960860987,20.2805430200298,NA,"model_or_emmeans"
"virus_comp_1105_cycle_1","SexMale",-0.708291246023158,4.47787776574677,-0.158175654422991,0.874318387188848,0.947178252787919,-9.48477039405951,8.0681879020132,NA,"model_or_emmeans"
"virus_comp_1105_cycle_1","TP (CELIAC): (t0-12) vs t0",-9.08765305780451,2.94752955757979,-3.08314229943342,0.0129086420786825,0.167812347022872,-16.8346908105979,-1.34061530501112,0.000113053086469448,"model_or_emmeans"
"virus_comp_1105_cycle_1","TP (CELIAC): (t0-18) vs t0",-36.1135242568671,2403315.54302261,-1.50265429613323e-05,1,1,-6316707.71255617,6316635.48550766,2.07059753741159e-16,"model_or_emmeans"
"virus_comp_1105_cycle_1","TP (CELIAC): (t0-24) vs t0",0.816603169893922,4.72353497401357,0.172879670498143,0.99914295807622,1,-11.5983372252653,13.2315435650532,2.26280041953913,"model_or_emmeans"
"virus_comp_1105_cycle_1","TP (CELIAC): (t0-30) vs t0",-33.844040883736,2051090.90774402,-1.65005074889444e-05,1,1,-5390947.9591656,5390880.27108384,2.00317918535984e-15,"model_or_emmeans"
"virus_comp_1105_cycle_1","TP (CELIAC): (t0-36) vs t0",-33.1148796169202,1164281.08199062,-2.84423410541913e-05,1,1,-3060131.18034247,3060064.95058324,4.1532733318031e-15,"model_or_emmeans"
"virus_comp_1105_cycle_1","TP (CELIAC): (t0-6) vs t0",5.02131327999299,6.73874294315013,0.74514094429097,0.914518049540333,0.999999999997682,-12.690229544982,22.732856104968,151.610279857082,"model_or_emmeans"
"virus_comp_1105_cycle_1","TP (CELIAC): (t0-over42) vs t0",-35.6665174211541,1911771.72031162,-1.86562637380892e-05,1,1,-5024774.99572634,5024703.66269149,3.23763804905283e-16,"model_or_emmeans"
"virus_comp_1105_cycle_1","feeding_first_yearBreastmilk_and_formula",0.782085571981746,4.3479229732793,0.179875673232518,0.857250173630953,0.857250173630953,-7.73968686319999,9.30385800716348,NA,"model_or_emmeans"
"virus_comp_1105_cycle_1","feeding_first_yearFormula",-3.79341445928973,5.27133398654428,-0.71963083139351,0.471752323805751,0.945205760501774,-14.1250392233985,6.53821030481901,NA,"model_or_emmeans"
"virus_comp_1105_cycle_1","onset_timeline_combinedt0-12",1.11778848599305,2.27909078556677,0.490453690160956,0.623812892145684,0.737233417990354,-3.34914737121492,5.58472434320103,NA,"model_or_emmeans"
"virus_comp_1105_cycle_1","onset_timeline_combinedt0-18",5.81361118721891,3.53153603918127,1.64619902578333,0.0997227897875436,0.641642303360673,-1.10807225968161,12.7352946341194,NA,"model_or_emmeans"
"virus_comp_1105_cycle_1","onset_timeline_combinedt0-24",0.483366652243901,2.33450659472102,0.207053024967644,0.835968447705692,0.994836741479855,-4.09218219508053,5.05891549956834,NA,"model_or_emmeans"
"virus_comp_1105_cycle_1","onset_timeline_combinedt0-30",0.546702750037798,3.34452900337115,0.163461805679288,0.870154843285423,0.999996321428976,-6.0084536418193,7.1018591418949,NA,"model_or_emmeans"
"virus_comp_1105_cycle_1","onset_timeline_combinedt0-36",-24.5632246735327,3404.69290207291,-0.00721451989357915,0.994243695898615,0.99999748493375,-6697.63869115559,6648.51224180853,NA,"model_or_emmeans"
"virus_comp_1105_cycle_1","onset_timeline_combinedt0-6",1.63209029217936,2.96629438006911,0.550211841125941,0.582174082817284,0.999946273725307,-4.18173986029967,7.44592044465839,NA,"model_or_emmeans"
"virus_comp_1105_cycle_1","onset_timeline_combinedt0-over42",-22.3813067436708,2653.21304828085,-0.00843554827162211,0.993269486094444,0.99990166004125,-5222.58332468587,5177.82071119852,NA,"model_or_emmeans"
"virus_comp_1133_cycle_1","(Intercept)",-31.0093535715312,7.45284943278279,-4.16073796354058,3.17220890559004e-05,0.000103096789431676,-45.6166700419852,-16.4020371010772,NA,"model_or_emmeans"
"virus_comp_1133_cycle_1","Age.at.Gluten.Introduction..months.",0.164593525053154,0.572199785240412,0.287650448844541,0.773614323562334,0.838082183859195,-0.956897445979606,1.28608449608592,NA,"model_or_emmeans"
"virus_comp_1133_cycle_1","CONTROL vs CELIAC @ t0",-6.45486068962133,5.48813005933272,1.17614936596567,0.239535193951006,0.851166642770787,NA,NA,0.00157285838176815,"between_groups"
"virus_comp_1133_cycle_1","CONTROL vs CELIAC @ t0-12",-10.1065180681194,6.17544429060823,1.63656533724863,0.101721323251391,0.212258287553295,NA,NA,4.08126666299504e-05,"between_groups"
"virus_comp_1133_cycle_1","CONTROL vs CELIAC @ t0-18",-28.3839078732213,725.617383650183,0.0391169072196665,0.968797181273396,0.999985588334361,NA,NA,4.71004911459553e-13,"between_groups"
"virus_comp_1133_cycle_1","CONTROL vs CELIAC @ t0-24",-1.82454373711424,370486.941714026,4.9247180715011e-06,0.999996070643485,0.999996070643485,NA,NA,0.161291218540683,"between_groups"
"virus_comp_1133_cycle_1","CONTROL vs CELIAC @ t0-30",10.9677630774571,2125259.5569521,-5.16066992456502e-06,0.999995882381144,0.999999713555549,NA,NA,57974.7631919342,"between_groups"
"virus_comp_1133_cycle_1","CONTROL vs CELIAC @ t0-36",2.75525943580036,245608.098216409,-1.12181131477703e-05,0.999991049240718,0.999999607574504,NA,NA,15.725120032746,"between_groups"
"virus_comp_1133_cycle_1","CONTROL vs CELIAC @ t0-6",4.63205110980521,4.91943119617786,-0.941582659679045,0.346406351030943,0.99998893637738,NA,NA,102.724547501043,"between_groups"
"virus_comp_1133_cycle_1","CONTROL vs CELIAC @ t0-over42",-4.50623514652534,3709717.56324836,1.21471111201779e-06,0.999999030800758,0.999999030800758,NA,NA,0.0110399458114836,"between_groups"
"virus_comp_1133_cycle_1","CountryUSA",-5.29201526508051,5.12705643115867,-1.03217417949983,0.301990528609641,0.864230098678408,-15.340861216856,4.75683068669495,NA,"model_or_emmeans"
"virus_comp_1133_cycle_1","Delivery.ModeC-Section",9.37050729291834,5.07686797178828,1.84572601552561,0.0649319977933399,0.211028992828355,-0.579971086051589,19.3209856718883,NA,"model_or_emmeans"
"virus_comp_1133_cycle_1","Dx.StatusCELIAC",6.45486068962133,5.48813005933272,1.17614936596567,0.239535193951006,0.851166642770787,-4.30167656914246,17.2113979483851,NA,"model_or_emmeans"
"virus_comp_1133_cycle_1","Dx.StatusCELIAC:onset_timeline_combinedt0-12",3.65165737849808,4.75401273489725,0.768121076263168,0.442415256523652,0.575139833480747,-5.66603636394529,12.9693511209415,NA,"model_or_emmeans"
"virus_comp_1133_cycle_1","Dx.StatusCELIAC:onset_timeline_combinedt0-18",21.9290471836,725.606600153465,0.0302216754629327,0.975890261905932,0.999986080473642,-1400.23375606175,1444.09185042895,NA,"model_or_emmeans"
"virus_comp_1133_cycle_1","Dx.StatusCELIAC:onset_timeline_combinedt0-24",-4.63031695250709,370486.941712442,-1.24979221429644e-05,0.99999002810088,0.99999002810088,-726145.692815728,726136.432181823,NA,"model_or_emmeans"
"virus_comp_1133_cycle_1","Dx.StatusCELIAC:onset_timeline_combinedt0-30",-17.4226237670784,2125259.55695703,-8.19788044714139e-06,0.99999345903776,0.999998285985936,-4165449.61205909,4165414.76681156,NA,"model_or_emmeans"
"virus_comp_1133_cycle_1","Dx.StatusCELIAC:onset_timeline_combinedt0-36",-9.21012012542169,245608.098175086,-3.74992526462059e-05,0.999970079925279,0.99999758284016,-481392.236854671,481373.81661442,NA,"model_or_emmeans"
"virus_comp_1133_cycle_1","Dx.StatusCELIAC:onset_timeline_combinedt0-6",-11.0869117994265,3.58712278497218,-3.09075335973271,0.00199649395501595,0.0259544214152074,-18.117543266095,-4.05628033275805,NA,"model_or_emmeans"
"virus_comp_1133_cycle_1","Dx.StatusCELIAC:onset_timeline_combinedt0-over42",-1.94862554309599,3709717.56325981,-5.25275983917139e-07,0.999999580890402,0.999999580890402,-7270914.76543046,7270910.86817937,NA,"model_or_emmeans"
"virus_comp_1133_cycle_1","HLA.CategoryHigh Risk",-1.19141772019372,5.40337615824503,-0.220495054444012,0.825485623591527,0.873002665521694,-11.7818403852764,9.39900494488895,NA,"model_or_emmeans"
"virus_comp_1133_cycle_1","HLA.CategoryLow/No Risk",7.74261897700113,6.7015670576729,1.15534455006852,0.247949359238603,0.923361778616436,-5.39221109601781,20.8774490500201,NA,"model_or_emmeans"
"virus_comp_1133_cycle_1","SexMale",11.5183760236767,5.92413964931336,1.94431203609655,0.0518578340940017,0.571119912496027,-0.092724328363186,23.1294763757167,NA,"model_or_emmeans"
"virus_comp_1133_cycle_1","TP (CELIAC): (t0-12) vs t0",-2.65431641754407,1.97850215517486,-1.34157873449953,0.600213483395224,0.999999999999433,-7.85444438596661,2.54581155087846,0.0703469101465507,"model_or_emmeans"
"virus_comp_1133_cycle_1","TP (CELIAC): (t0-18) vs t0",3.88315024789925,2.69334964241703,1.44175497556807,0.534767448309206,1,-3.19582248288142,10.9621229786799,48.5770038881138,"model_or_emmeans"
"virus_comp_1133_cycle_1","TP (CELIAC): (t0-24) vs t0",-22.0520557046589,370480.718277137,-5.95228162135092e-05,1,1,-973762.282681807,973718.178570398,2.64797507504093e-10,"model_or_emmeans"
"virus_comp_1133_cycle_1","TP (CELIAC): (t0-30) vs t0",-34.8802681416787,2105653.07482968,-1.65650593436434e-05,1,1,-5534355.58726226,5534285.82672597,7.1070933324464e-16,"model_or_emmeans"
"virus_comp_1133_cycle_1","TP (CELIAC): (t0-36) vs t0",-29.7447285412084,245607.074986701,-0.000121106969507369,1,1,-645562.637649709,645503.148192627,1.20789317911076e-13,"model_or_emmeans"
"virus_comp_1133_cycle_1","TP (CELIAC): (t0-6) vs t0",-4.90459633818687,2.80958345443194,-1.74566672168082,0.346513732311401,0.999999999997682,-12.2890682038328,2.47987552745912,0.007412434595883,"model_or_emmeans"
"virus_comp_1133_cycle_1","TP (CELIAC): (t0-over42) vs t0",-27.6267903856043,3709677.25898612,-7.44722207806155e-06,1,1,-9750230.03006743,9750174.77648666,1.00423969249821e-12,"model_or_emmeans"
"virus_comp_1133_cycle_1","feeding_first_yearBreastmilk_and_formula",-7.52909923559485,5.79156649876398,-1.30001084114318,0.193597253534516,0.631701424123959,-18.880360987241,3.82216251605128,NA,"model_or_emmeans"
"virus_comp_1133_cycle_1","feeding_first_yearFormula",3.1550124727879,4.19412776364728,0.752245198664205,0.451903617035383,0.945205760501774,-5.06532689052028,11.3753518360961,NA,"model_or_emmeans"
"virus_comp_1133_cycle_1","onset_timeline_combinedt0-12",-6.30597379604215,4.32446138847508,-1.45821022077984,0.144782607435919,0.347514821757354,-14.7817623699874,2.16981477790307,NA,"model_or_emmeans"
"virus_comp_1133_cycle_1","onset_timeline_combinedt0-18",-18.0458969357008,725.60172683302,-0.0248702508116461,0.98015845630478,0.98015845630478,-1440.19914864849,1404.10735477709,NA,"model_or_emmeans"
"virus_comp_1133_cycle_1","onset_timeline_combinedt0-24",-17.4217387521518,2147.41185165672,-0.00811290053126556,0.993526912931705,0.994836741479855,-4226.2716279738,4191.4281504695,NA,"model_or_emmeans"
"virus_comp_1133_cycle_1","onset_timeline_combinedt0-30",-17.4576443746003,288016.167725318,-6.06134180330104e-05,0.999951637489604,0.999996321428976,-564518.773351245,564483.858062496,NA,"model_or_emmeans"
"virus_comp_1133_cycle_1","onset_timeline_combinedt0-36",-20.5346084157867,708.946946783049,-0.0289649437224682,0.976892549712912,0.99999748493375,-1410.0450910602,1368.97587422862,NA,"model_or_emmeans"
"virus_comp_1133_cycle_1","onset_timeline_combinedt0-6",6.18231546123967,2.28579546763732,2.7046669523892,0.00683729020265428,0.0888847726345056,1.70223866864563,10.6623922538337,NA,"model_or_emmeans"
"virus_comp_1133_cycle_1","onset_timeline_combinedt0-over42",-25.6781648425083,17292.5804582157,-0.00148492383219235,0.998815202635738,0.99990166004125,-33918.5130627065,33867.1567330214,NA,"model_or_emmeans"
"virus_comp_11746_cycle_1","TP (CELIAC): (t0-12) vs t0",3.96349345677766,NA,NA,NA,NA,NA,NA,52.6409038239568,"model_or_emmeans"
"virus_comp_11746_cycle_1","TP (CELIAC): (t0-18) vs t0",-481.465104834954,NA,NA,NA,NA,NA,NA,7.98659645791606e-210,"model_or_emmeans"
"virus_comp_11746_cycle_1","TP (CELIAC): (t0-24) vs t0",2.12710752826808,NA,NA,NA,NA,NA,NA,8.3905622141856,"model_or_emmeans"
"virus_comp_11746_cycle_1","TP (CELIAC): (t0-30) vs t0",2.61932781593066,NA,NA,NA,NA,NA,NA,13.7264937529238,"model_or_emmeans"
"virus_comp_11746_cycle_1","TP (CELIAC): (t0-36) vs t0",0.450389155705523,NA,NA,NA,NA,NA,NA,1.56892262189489,"model_or_emmeans"
"virus_comp_11746_cycle_1","TP (CELIAC): (t0-6) vs t0",-450.897433427353,NA,NA,NA,NA,NA,NA,1.50568026511999e-196,"model_or_emmeans"
"virus_comp_11746_cycle_1","TP (CELIAC): (t0-over42) vs t0",2.12764088825293,NA,NA,NA,NA,NA,NA,8.39503859797686,"model_or_emmeans"
"virus_comp_11_cycle_1","TP (CELIAC): (t0-12) vs t0",-29.2055303675512,NA,NA,NA,NA,NA,NA,2.07109166233037e-13,"model_or_emmeans"
"virus_comp_11_cycle_1","TP (CELIAC): (t0-18) vs t0",24.9944654654654,NA,NA,NA,NA,NA,NA,71607486497.3186,"model_or_emmeans"
"virus_comp_11_cycle_1","TP (CELIAC): (t0-24) vs t0",-22.438571236602,NA,NA,NA,NA,NA,NA,1.79908768246452e-10,"model_or_emmeans"
"virus_comp_11_cycle_1","TP (CELIAC): (t0-30) vs t0",-79.0834433756292,NA,NA,NA,NA,NA,NA,4.51332837023259e-35,"model_or_emmeans"
"virus_comp_11_cycle_1","TP (CELIAC): (t0-36) vs t0",-23.5287293698183,NA,NA,NA,NA,NA,NA,6.04787307944893e-11,"model_or_emmeans"
"virus_comp_11_cycle_1","TP (CELIAC): (t0-6) vs t0",-143.268326887538,NA,NA,NA,NA,NA,NA,6.01667012610653e-63,"model_or_emmeans"
"virus_comp_11_cycle_1","TP (CELIAC): (t0-over42) vs t0",-19.092253592841,NA,NA,NA,NA,NA,NA,5.10904370133019e-09,"model_or_emmeans"
"virus_comp_12035_cycle_1","TP (CELIAC): (t0-12) vs t0",-17.1005564146781,NA,NA,NA,NA,NA,NA,3.74388682305756e-08,"model_or_emmeans"
"virus_comp_12035_cycle_1","TP (CELIAC): (t0-18) vs t0",3.97729694485097,NA,NA,NA,NA,NA,NA,53.3725700678178,"model_or_emmeans"
"virus_comp_12035_cycle_1","TP (CELIAC): (t0-24) vs t0",1.05637147784361,NA,NA,NA,NA,NA,NA,2.8759167064505,"model_or_emmeans"
"virus_comp_12035_cycle_1","TP (CELIAC): (t0-30) vs t0",-92.3417557668368,NA,NA,NA,NA,NA,NA,7.87925255479951e-41,"model_or_emmeans"
"virus_comp_12035_cycle_1","TP (CELIAC): (t0-36) vs t0",-72.258057124648,NA,NA,NA,NA,NA,NA,4.15646873148479e-32,"model_or_emmeans"
"virus_comp_12035_cycle_1","TP (CELIAC): (t0-6) vs t0",-31.6959643453706,NA,NA,NA,NA,NA,NA,1.71639636537378e-14,"model_or_emmeans"
"virus_comp_12035_cycle_1","TP (CELIAC): (t0-over42) vs t0",1.42045390230088,NA,NA,NA,NA,NA,NA,4.13899871498262,"model_or_emmeans"
"virus_comp_12451_cycle_1","TP (CELIAC): (t0-12) vs t0",5.24836837674777,NA,NA,NA,NA,NA,NA,190.255589628247,"model_or_emmeans"
"virus_comp_12451_cycle_1","TP (CELIAC): (t0-18) vs t0",-1.74812306796691,NA,NA,NA,NA,NA,NA,0.174100411614859,"model_or_emmeans"
"virus_comp_12451_cycle_1","TP (CELIAC): (t0-24) vs t0",-2.24789248606939,NA,NA,NA,NA,NA,NA,0.105621589131813,"model_or_emmeans"
"virus_comp_12451_cycle_1","TP (CELIAC): (t0-30) vs t0",-4.07788512839054,NA,NA,NA,NA,NA,NA,0.0169432606093292,"model_or_emmeans"
"virus_comp_12451_cycle_1","TP (CELIAC): (t0-36) vs t0",-3.97632155724912,NA,NA,NA,NA,NA,NA,0.0187544999645913,"model_or_emmeans"
"virus_comp_12451_cycle_1","TP (CELIAC): (t0-6) vs t0",5.31798546580298,NA,NA,NA,NA,NA,NA,203.972558125479,"model_or_emmeans"
"virus_comp_12451_cycle_1","TP (CELIAC): (t0-over42) vs t0",-30.1587765328419,NA,NA,NA,NA,NA,NA,7.98380223929291e-14,"model_or_emmeans"
"virus_comp_12586_cycle_1","TP (CELIAC): (t0-12) vs t0",-87.6376508863095,NA,NA,NA,NA,NA,NA,8.69864912362875e-39,"model_or_emmeans"
"virus_comp_12586_cycle_1","TP (CELIAC): (t0-18) vs t0",-52.4965634964432,NA,NA,NA,NA,NA,NA,1.5886643669326e-23,"model_or_emmeans"
"virus_comp_12586_cycle_1","TP (CELIAC): (t0-24) vs t0",-42.9869857081687,NA,NA,NA,NA,NA,NA,2.14283787152503e-19,"model_or_emmeans"
"virus_comp_12586_cycle_1","TP (CELIAC): (t0-30) vs t0",0.588376370803452,NA,NA,NA,NA,NA,NA,1.80106178366168,"model_or_emmeans"
"virus_comp_12586_cycle_1","TP (CELIAC): (t0-36) vs t0",-53.1571570193542,NA,NA,NA,NA,NA,NA,8.20616099084987e-24,"model_or_emmeans"
"virus_comp_12586_cycle_1","TP (CELIAC): (t0-6) vs t0",-20.9730639300184,NA,NA,NA,NA,NA,NA,7.7895804422055e-10,"model_or_emmeans"
"virus_comp_12586_cycle_1","TP (CELIAC): (t0-over42) vs t0",-14.993490260296,NA,NA,NA,NA,NA,NA,3.07900160637614e-07,"model_or_emmeans"
"virus_comp_1260_cycle_2","TP (CELIAC): (t0-12) vs t0",-70.414943645505,NA,NA,NA,NA,NA,NA,2.62529753768663e-31,"model_or_emmeans"
"virus_comp_1260_cycle_2","TP (CELIAC): (t0-18) vs t0",-4.20962785996424,NA,NA,NA,NA,NA,NA,0.014851894294282,"model_or_emmeans"
"virus_comp_1260_cycle_2","TP (CELIAC): (t0-24) vs t0",11.979659443204,NA,NA,NA,NA,NA,NA,159477.710156146,"model_or_emmeans"
"virus_comp_1260_cycle_2","TP (CELIAC): (t0-30) vs t0",12.1905247542622,NA,NA,NA,NA,NA,NA,196914.470640843,"model_or_emmeans"
"virus_comp_1260_cycle_2","TP (CELIAC): (t0-36) vs t0",-63.6549042324593,NA,NA,NA,NA,NA,NA,2.26478169269561e-28,"model_or_emmeans"
"virus_comp_1260_cycle_2","TP (CELIAC): (t0-6) vs t0",-20.8502382653311,NA,NA,NA,NA,NA,NA,8.80757956181943e-10,"model_or_emmeans"
"virus_comp_1260_cycle_2","TP (CELIAC): (t0-over42) vs t0",1.92052284943011,NA,NA,NA,NA,NA,NA,6.82452573602967,"model_or_emmeans"
"virus_comp_12691_cycle_1","TP (CELIAC): (t0-12) vs t0",15.5736805351372,NA,NA,NA,NA,NA,NA,5801810.22823391,"model_or_emmeans"
"virus_comp_12691_cycle_1","TP (CELIAC): (t0-18) vs t0",18.2638085447354,NA,NA,NA,NA,NA,NA,85481329.7645954,"model_or_emmeans"
"virus_comp_12691_cycle_1","TP (CELIAC): (t0-24) vs t0",-28.2041813636562,NA,NA,NA,NA,NA,NA,5.63741059242586e-13,"model_or_emmeans"
"virus_comp_12691_cycle_1","TP (CELIAC): (t0-30) vs t0",6.20036016939089,NA,NA,NA,NA,NA,NA,492.926546179279,"model_or_emmeans"
"virus_comp_12691_cycle_1","TP (CELIAC): (t0-36) vs t0",18.004028434545,NA,NA,NA,NA,NA,NA,65925009.5157053,"model_or_emmeans"
"virus_comp_12691_cycle_1","TP (CELIAC): (t0-6) vs t0",-29.2931247684695,NA,NA,NA,NA,NA,NA,1.89739414174195e-13,"model_or_emmeans"
"virus_comp_12691_cycle_1","TP (CELIAC): (t0-over42) vs t0",16.9697590377857,NA,NA,NA,NA,NA,NA,23435418.2820817,"model_or_emmeans"
"virus_comp_12_cycle_1","TP (CELIAC): (t0-12) vs t0",-54.9737396863099,NA,NA,NA,NA,NA,NA,1.33416088750483e-24,"model_or_emmeans"
"virus_comp_12_cycle_1","TP (CELIAC): (t0-18) vs t0",21.2402841452805,NA,NA,NA,NA,NA,NA,1677019831.46913,"model_or_emmeans"
"virus_comp_12_cycle_1","TP (CELIAC): (t0-24) vs t0",-29.3181375609075,NA,NA,NA,NA,NA,NA,1.85052364060496e-13,"model_or_emmeans"
"virus_comp_12_cycle_1","TP (CELIAC): (t0-30) vs t0",-34.4980101201107,NA,NA,NA,NA,NA,NA,1.04160862690837e-15,"model_or_emmeans"
"virus_comp_12_cycle_1","TP (CELIAC): (t0-36) vs t0",-26.4849283461353,NA,NA,NA,NA,NA,NA,3.14587719878122e-12,"model_or_emmeans"
"virus_comp_12_cycle_1","TP (CELIAC): (t0-6) vs t0",-47.2369170195557,NA,NA,NA,NA,NA,NA,3.05680402326718e-21,"model_or_emmeans"
"virus_comp_12_cycle_1","TP (CELIAC): (t0-over42) vs t0",-32.6097920444949,NA,NA,NA,NA,NA,NA,6.88251646558326e-15,"model_or_emmeans"
"virus_comp_13180_cycle_1","(Intercept)",-27.5002019937823,9.77737790507988,-2.81263568420471,0.00491372878428875,0.00709760824397264,-46.6635105509766,-8.3368934365881,NA,"model_or_emmeans"
"virus_comp_13180_cycle_1","Age.at.Gluten.Introduction..months.",0.528499177248949,0.804522948121289,0.656910009196249,0.511238781953547,0.664610416539612,-1.04833682580476,2.10533518030266,NA,"model_or_emmeans"
"virus_comp_13180_cycle_1","CONTROL vs CELIAC @ t0",0.955397612594777,3.57748308264639,-0.267058596930677,0.789424045014054,0.885193930392456,NA,NA,2.59970405251962,"between_groups"
"virus_comp_13180_cycle_1","CONTROL vs CELIAC @ t0-12",-4.33789770417017,4.93681916272348,0.878682722860177,0.379573328950163,0.616806659544016,NA,NA,0.0130639636709452,"between_groups"
"virus_comp_13180_cycle_1","CONTROL vs CELIAC @ t0-18",-0.509835343100243,4.37835455129138,0.116444508348432,0.907300262727743,0.999985588334361,NA,NA,0.600594462693324,"between_groups"
"virus_comp_13180_cycle_1","CONTROL vs CELIAC @ t0-24",10.1284608689757,5.06030438006456,-2.00155170682568,0.0453329673904211,0.589328576075475,NA,NA,25045.7860041762,"between_groups"
"virus_comp_13180_cycle_1","CONTROL vs CELIAC @ t0-30",8.3031267642573,4.79639094604593,-1.73111968095559,0.0834304208207903,0.999999713555549,NA,NA,4036.47378472194,"between_groups"
"virus_comp_13180_cycle_1","CONTROL vs CELIAC @ t0-36",7.0992027716518,5.04421313495281,-1.40739548106312,0.159310150451499,0.999999607574504,NA,NA,1211.00124502818,"between_groups"
"virus_comp_13180_cycle_1","CONTROL vs CELIAC @ t0-6",-21.9306009313616,10830.8639129503,0.00202482471459544,0.998384424725846,0.99998893637738,NA,NA,2.98993006823479e-10,"between_groups"
"virus_comp_13180_cycle_1","CONTROL vs CELIAC @ t0-over42",-19.5109607123633,3567.08483070938,0.00546972153406378,0.995635815397263,0.999999030800758,NA,NA,3.36122376884734e-09,"between_groups"
"virus_comp_13180_cycle_1","CountryUSA",-1.20863767602054,4.71646933993582,-0.256258991399908,0.797750860318531,0.864230098678408,-10.4527477164821,8.03547236444106,NA,"model_or_emmeans"
"virus_comp_13180_cycle_1","Delivery.ModeC-Section",5.01024969777095,5.8917725150849,0.850380710548997,0.395113456937162,0.642059367522889,-6.53741223689842,16.5579116324403,NA,"model_or_emmeans"
"virus_comp_13180_cycle_1","Dx.StatusCELIAC",-0.955397612594777,3.57748308264639,-0.267058596930677,0.789424045014054,0.885193930392456,-7.96713560988302,6.05634038469347,NA,"model_or_emmeans"
"virus_comp_13180_cycle_1","Dx.StatusCELIAC:onset_timeline_combinedt0-12",5.29329531676494,4.79087328001641,1.10487065872609,0.269215637890228,0.43747541157162,-4.0966437665625,14.6832344000924,NA,"model_or_emmeans"
"virus_comp_13180_cycle_1","Dx.StatusCELIAC:onset_timeline_combinedt0-18",1.46523295569502,4.73914384650904,0.309176721186537,0.757187100787383,0.999986080473642,-7.82331830101731,10.7537842124074,NA,"model_or_emmeans"
"virus_comp_13180_cycle_1","Dx.StatusCELIAC:onset_timeline_combinedt0-24",-9.17306325638092,5.26047768772039,-1.74377001499193,0.0811992010265247,0.99999002810088,-19.4834100657894,1.13728355302759,NA,"model_or_emmeans"
"virus_comp_13180_cycle_1","Dx.StatusCELIAC:onset_timeline_combinedt0-30",-7.34772915166252,5.03233184542149,-1.46010425730323,0.144261422756865,0.999998285985936,-17.2109183269426,2.51546002361758,NA,"model_or_emmeans"
"virus_comp_13180_cycle_1","Dx.StatusCELIAC:onset_timeline_combinedt0-36",-6.14380515905702,5.31345244108165,-1.15627367087271,0.247569234264956,0.99999758284016,-16.5579805771435,4.27037025902945,NA,"model_or_emmeans"
"virus_comp_13180_cycle_1","Dx.StatusCELIAC:onset_timeline_combinedt0-6",22.8859985439564,10830.8635411389,0.00211303544329854,0.998314042897973,0.999988545527813,-21205.2164635562,21250.9884606441,NA,"model_or_emmeans"
"virus_comp_13180_cycle_1","Dx.StatusCELIAC:onset_timeline_combinedt0-over42",20.4663583249581,3567.08395390124,0.00573756003207452,0.995422114550764,0.999999580890402,-6970.8897211522,7011.82243780212,NA,"model_or_emmeans"
"virus_comp_13180_cycle_1","HLA.CategoryHigh Risk",2.60430287159752,3.58774646019633,0.725888214368135,0.467907302105436,0.727494642234339,-4.42755097604836,9.6361567192434,NA,"model_or_emmeans"
"virus_comp_13180_cycle_1","HLA.CategoryLow/No Risk",-1.86201924122307,12.6659787795549,-0.147009502670941,0.883124519770378,0.999860236857033,-26.6868814780993,22.9628429956532,NA,"model_or_emmeans"
"virus_comp_13180_cycle_1","SexMale",-3.30960902003801,4.18797266745235,-0.79026519102173,0.429372910989747,0.797406834695245,-11.5178846164828,4.89866657640673,NA,"model_or_emmeans"
"virus_comp_13180_cycle_1","TP (CELIAC): (t0-12) vs t0",0.705141374639894,1.7537359776728,0.402079551093896,0.987056428637745,0.999999999999433,-3.90423015567272,5.31451290495251,2.02413282574468,"model_or_emmeans"
"virus_comp_13180_cycle_1","TP (CELIAC): (t0-18) vs t0",1.82232043305424,2.16733093710756,0.840813187249679,0.879003851930514,1,-3.87410915808985,7.51875002419833,6.18619646300307,"model_or_emmeans"
"virus_comp_13180_cycle_1","TP (CELIAC): (t0-24) vs t0",-8.20058803368442,3.03630520545732,-2.70084444045514,0.0409154360528063,0.531900668686482,-16.1809562017292,-0.220219865639584,0.000274492111897499,"model_or_emmeans"
"virus_comp_13180_cycle_1","TP (CELIAC): (t0-30) vs t0",-7.04901665705045,3.00345762135211,-2.34696724433125,0.102755270090176,1,-14.9430510092064,0.845017695105491,0.000868262337303386,"model_or_emmeans"
"virus_comp_13180_cycle_1","TP (CELIAC): (t0-36) vs t0",-6.59143628385608,3.1693314445111,-2.07975606188859,0.186597883612112,1,-14.9214393837751,1.73856681606298,0.00137206786878686,"model_or_emmeans"
"virus_comp_13180_cycle_1","TP (CELIAC): (t0-6) vs t0",-2.05767017209196,4.02677592502748,-0.5109969390904,0.97260070546845,0.999999999997682,-12.6413079283294,8.52596758414553,0.127751261895996,"model_or_emmeans"
"virus_comp_13180_cycle_1","TP (CELIAC): (t0-over42) vs t0",-6.49560304188257,3.10706672281317,-2.09059013576682,0.18245110786129,1,-14.6619548059158,1.67074872215064,0.00151006430664111,"model_or_emmeans"
"virus_comp_13180_cycle_1","feeding_first_yearBreastmilk_and_formula",3.2520514742468,3.77309369880203,0.861905834800588,0.388739337922436,0.631701424123959,-4.14307628570019,10.6471792341938,NA,"model_or_emmeans"
"virus_comp_13180_cycle_1","feeding_first_yearFormula",1.1618259864736,5.49379101181483,0.211479829497519,0.832512870018449,0.945205760501774,-9.60580653527333,11.9294585082205,NA,"model_or_emmeans"
"virus_comp_13180_cycle_1","onset_timeline_combinedt0-12",-4.58815394212505,4.42665248520567,-1.03648387973963,0.299976456128274,0.433299325518617,-13.2642333852029,4.08792550095279,NA,"model_or_emmeans"
"virus_comp_13180_cycle_1","onset_timeline_combinedt0-18",0.35708747735922,4.23570607258395,0.084304121022586,0.932814635966591,0.98015845630478,-7.94474387400293,8.65891882872137,NA,"model_or_emmeans"
"virus_comp_13180_cycle_1","onset_timeline_combinedt0-24",0.9724752226965,4.34231237214416,0.223953308595417,0.822793634764247,0.994836741479855,-7.53830063632873,9.48325108172173,NA,"model_or_emmeans"
"virus_comp_13180_cycle_1","onset_timeline_combinedt0-30",0.298712494612074,4.09344917595688,0.0729732999658526,0.941827364390163,0.999996321428976,-7.72430046280857,8.32172545203271,NA,"model_or_emmeans"
"virus_comp_13180_cycle_1","onset_timeline_combinedt0-36",-0.447631124799058,4.27959111551471,-0.104596703917874,0.916695830252471,0.99999748493375,-8.83547557976548,7.94021333016737,NA,"model_or_emmeans"
"virus_comp_13180_cycle_1","onset_timeline_combinedt0-6",-24.9436687160484,10830.8627894126,-0.00230301770053179,0.998162459357843,0.999946273725307,-21253.0446574598,21203.1573200277,NA,"model_or_emmeans"
"virus_comp_13180_cycle_1","onset_timeline_combinedt0-over42",-26.9619613668407,3567.08265457044,-0.00755854685124685,0.993969209590155,0.99990166004125,-7018.31549420243,6964.39157146875,NA,"model_or_emmeans"
"virus_comp_138_cycle_1","TP (CELIAC): (t0-12) vs t0",-40.589908220119,NA,NA,NA,NA,NA,NA,2.35519482850792e-18,"model_or_emmeans"
"virus_comp_138_cycle_1","TP (CELIAC): (t0-18) vs t0",-18.5928416114331,NA,NA,NA,NA,NA,NA,8.41843736994004e-09,"model_or_emmeans"
"virus_comp_138_cycle_1","TP (CELIAC): (t0-24) vs t0",1.9263917453818,NA,NA,NA,NA,NA,NA,6.8646959295355,"model_or_emmeans"
"virus_comp_138_cycle_1","TP (CELIAC): (t0-30) vs t0",-26.8340426778585,NA,NA,NA,NA,NA,NA,2.21882646793706e-12,"model_or_emmeans"
"virus_comp_138_cycle_1","TP (CELIAC): (t0-36) vs t0",1.97229531177017,NA,NA,NA,NA,NA,NA,7.18715433014815,"model_or_emmeans"
"virus_comp_138_cycle_1","TP (CELIAC): (t0-6) vs t0",11.9674326843585,NA,NA,NA,NA,NA,NA,157539.686669189,"model_or_emmeans"
"virus_comp_138_cycle_1","TP (CELIAC): (t0-over42) vs t0",3.75252301941283,NA,NA,NA,NA,NA,NA,42.6284989659671,"model_or_emmeans"
"virus_comp_14463_cycle_1","TP (CELIAC): (t0-12) vs t0",-7.47180915632404,NA,NA,NA,NA,NA,NA,0.000568898139633839,"model_or_emmeans"
"virus_comp_14463_cycle_1","TP (CELIAC): (t0-18) vs t0",6.2112375137227,NA,NA,NA,NA,NA,NA,498.317544672188,"model_or_emmeans"
"virus_comp_14463_cycle_1","TP (CELIAC): (t0-24) vs t0",15.5263544510178,NA,NA,NA,NA,NA,NA,5533629.29910211,"model_or_emmeans"
"virus_comp_14463_cycle_1","TP (CELIAC): (t0-30) vs t0",-2.72655255178508,NA,NA,NA,NA,NA,NA,0.065444517799965,"model_or_emmeans"
"virus_comp_14463_cycle_1","TP (CELIAC): (t0-36) vs t0",-5.68577672979374,NA,NA,NA,NA,NA,NA,0.00339389608537618,"model_or_emmeans"
"virus_comp_14463_cycle_1","TP (CELIAC): (t0-6) vs t0",4.4683124003929,NA,NA,NA,NA,NA,NA,87.2094241677019,"model_or_emmeans"
"virus_comp_14463_cycle_1","TP (CELIAC): (t0-over42) vs t0",-33.849674008651,NA,NA,NA,NA,NA,NA,1.9919267497245e-15,"model_or_emmeans"
"virus_comp_14513_cycle_1","TP (CELIAC): (t0-12) vs t0",4.77862880122798,NA,NA,NA,NA,NA,NA,118.941146224301,"model_or_emmeans"
"virus_comp_14513_cycle_1","TP (CELIAC): (t0-18) vs t0",89.3655116491368,NA,NA,NA,NA,NA,NA,6.47066001798398e+38,"model_or_emmeans"
"virus_comp_14513_cycle_1","TP (CELIAC): (t0-24) vs t0",2.69015820286776,NA,NA,NA,NA,NA,NA,14.7340066981832,"model_or_emmeans"
"virus_comp_14513_cycle_1","TP (CELIAC): (t0-30) vs t0",73.7490034895459,NA,NA,NA,NA,NA,NA,1.06852641146605e+32,"model_or_emmeans"
"virus_comp_14513_cycle_1","TP (CELIAC): (t0-36) vs t0",85.7439135311306,NA,NA,NA,NA,NA,NA,1.73024858744364e+37,"model_or_emmeans"
"virus_comp_14513_cycle_1","TP (CELIAC): (t0-6) vs t0",54.1240162172112,NA,NA,NA,NA,NA,NA,3.2045096339785e+23,"model_or_emmeans"
"virus_comp_14513_cycle_1","TP (CELIAC): (t0-over42) vs t0",80.387700190667,NA,NA,NA,NA,NA,NA,8.16459422956327e+34,"model_or_emmeans"
"virus_comp_14666_cycle_1","TP (CELIAC): (t0-12) vs t0",17.7025400227891,NA,NA,NA,NA,NA,NA,48765810.5981144,"model_or_emmeans"
"virus_comp_14666_cycle_1","TP (CELIAC): (t0-18) vs t0",17.9819112866898,NA,NA,NA,NA,NA,NA,64482942.323518,"model_or_emmeans"
"virus_comp_14666_cycle_1","TP (CELIAC): (t0-24) vs t0",-11.8263380320862,NA,NA,NA,NA,NA,NA,7.30948285126453e-06,"model_or_emmeans"
"virus_comp_14666_cycle_1","TP (CELIAC): (t0-30) vs t0",-29.3155156294191,NA,NA,NA,NA,NA,NA,1.85538195310643e-13,"model_or_emmeans"
"virus_comp_14666_cycle_1","TP (CELIAC): (t0-36) vs t0",16.9516669280277,NA,NA,NA,NA,NA,NA,23015234.5883542,"model_or_emmeans"
"virus_comp_14666_cycle_1","TP (CELIAC): (t0-6) vs t0",-24.2349359547505,NA,NA,NA,NA,NA,NA,2.98470247402707e-11,"model_or_emmeans"
"virus_comp_14666_cycle_1","TP (CELIAC): (t0-over42) vs t0",19.0422215173585,NA,NA,NA,NA,NA,NA,186179443.640237,"model_or_emmeans"
"virus_comp_14703_cycle_1","(Intercept)",4.044989162273,11.3064877819974,0.357758239363562,0.72052424496472,0.780567932045113,-18.115319682084,26.20529800663,NA,"model_or_emmeans"
"virus_comp_14703_cycle_1","Age.at.Gluten.Introduction..months.",-2.87306475724798,1.42070535389787,-2.0222805167626,0.0431473802462383,0.560915943201097,-5.65759608353104,-0.0885334309649215,NA,"model_or_emmeans"
"virus_comp_14703_cycle_1","CONTROL vs CELIAC @ t0",8.49061970835343,7.19235710523593,-1.1805058597789,0.237799081247547,0.851166642770787,NA,NA,4868.88242563888,"between_groups"
"virus_comp_14703_cycle_1","CONTROL vs CELIAC @ t0-12",-13.3248587473831,2341.22569419327,0.00569140291789532,0.995458941998225,0.999726821182976,NA,NA,1.63338052776528e-06,"between_groups"
"virus_comp_14703_cycle_1","CONTROL vs CELIAC @ t0-18",46.7170330223755,2154710.7579373,-2.16813476473741e-05,0.999982700787456,0.999985588334361,NA,NA,1.9451345703051e+20,"between_groups"
"virus_comp_14703_cycle_1","CONTROL vs CELIAC @ t0-24",33.5615702449283,1910.11368736808,-0.0175704569140973,0.985981525005202,0.999996070643485,NA,NA,376361127900384,"between_groups"
"virus_comp_14703_cycle_1","CONTROL vs CELIAC @ t0-30",-19.7210151998722,4440.50786267777,0.00444116209445912,0.996456476981507,0.999999713555549,NA,NA,2.72440658403588e-09,"between_groups"
"virus_comp_14703_cycle_1","CONTROL vs CELIAC @ t0-36",46.571429939125,22868.2808518216,-0.00203650769556713,0.998375103074924,0.999999607574504,NA,NA,1.68157033364861e+20,"between_groups"
"virus_comp_14703_cycle_1","CONTROL vs CELIAC @ t0-6",8.82809585095223,23507.5871479262,-0.000375542406602586,0.999700360518888,0.99998893637738,NA,NA,6823.28189217846,"between_groups"
"virus_comp_14703_cycle_1","CONTROL vs CELIAC @ t0-over42",16.321526766908,10045.0480720166,-0.0016248331167649,0.998703571312699,0.999999030800758,NA,NA,12256007.3039102,"between_groups"
"virus_comp_14703_cycle_1","CountryUSA",-6.82896384630106,5.25656183786888,-1.29913126810464,0.193898884050947,0.864230098678408,-17.1316357310317,3.47370803842961,NA,"model_or_emmeans"
"virus_comp_14703_cycle_1","Delivery.ModeC-Section",0.0355703800839455,5.32971911330714,0.00667396898931016,0.994674982715213,0.999851733003512,-10.4104871297128,10.4816278898807,NA,"model_or_emmeans"
"virus_comp_14703_cycle_1","Dx.StatusCELIAC",-8.49061970835343,7.19235710523593,-1.1805058597789,0.237799081247547,0.851166642770787,-22.5873805985666,5.60614118185974,NA,"model_or_emmeans"
"virus_comp_14703_cycle_1","Dx.StatusCELIAC:onset_timeline_combinedt0-12",21.8154784557365,2341.22217650828,0.00931798727802598,0.992565429397553,0.999739573515735,-4566.89566730698,4610.52662421845,NA,"model_or_emmeans"
"virus_comp_14703_cycle_1","Dx.StatusCELIAC:onset_timeline_combinedt0-18",-38.2264133140221,2154710.75791794,-1.77408560167767e-05,0.99998584484489,0.999986080473642,-4223193.70903348,4223117.25620685,NA,"model_or_emmeans"
"virus_comp_14703_cycle_1","Dx.StatusCELIAC:onset_timeline_combinedt0-24",-25.0709505365749,1910.1025066977,-0.0131254476912441,0.989527708624209,0.99999002810088,-3768.80307044375,3718.6611693706,NA,"model_or_emmeans"
"virus_comp_14703_cycle_1","Dx.StatusCELIAC:onset_timeline_combinedt0-30",28.2116349082257,4440.51425523437,0.0063532359737322,0.994930885206738,0.999998285985936,-8675.03637818784,8731.4596480043,NA,"model_or_emmeans"
"virus_comp_14703_cycle_1","Dx.StatusCELIAC:onset_timeline_combinedt0-36",-38.0808102307716,22868.2798731148,-0.00166522407640907,0.99867134403321,0.99999758284016,-44859.0857499179,44782.9241294563,NA,"model_or_emmeans"
"virus_comp_14703_cycle_1","Dx.StatusCELIAC:onset_timeline_combinedt0-6",-0.3374761425988,23507.5872042601,-1.4356051927679e-05,0.999988545527813,0.999988545527813,-46074.3617599269,46073.6868076417,NA,"model_or_emmeans"
"virus_comp_14703_cycle_1","Dx.StatusCELIAC:onset_timeline_combinedt0-over42",-7.83090705855457,10045.0467559988,-0.00077957895555618,0.999377986050439,0.999999580890402,-19695.7607718372,19680.0989577201,NA,"model_or_emmeans"
"virus_comp_14703_cycle_1","HLA.CategoryHigh Risk",15.1643735136386,7.11606039487525,2.1310068594358,0.0330885770838902,0.170265994446916,1.2171514278712,29.1115955994059,NA,"model_or_emmeans"
"virus_comp_14703_cycle_1","HLA.CategoryLow/No Risk",16.7753221769076,8.51402080168789,1.97031726462095,0.0488020209919428,0.591988501359358,0.0881480419744705,33.4624963118406,NA,"model_or_emmeans"
"virus_comp_14703_cycle_1","SexMale",-9.90258743046159,5.80194221884654,-1.70677112196927,0.0878646019224657,0.571119912496027,-21.2741852197832,1.46901035886004,NA,"model_or_emmeans"
"virus_comp_14703_cycle_1","TP (CELIAC): (t0-12) vs t0",-1.64606439399758,5.32384608460796,-0.309187074126091,0.994390122707656,0.999999999999433,-15.6388118124101,12.3466830244149,0.192807230676988,"model_or_emmeans"
"virus_comp_14703_cycle_1","TP (CELIAC): (t0-18) vs t0",-40.1533506262817,2154710.75791583,-1.86351464941497e-05,1,1,-5663299.93135613,5663219.62465488,3.64436102245238e-18,"model_or_emmeans"
"virus_comp_14703_cycle_1","TP (CELIAC): (t0-24) vs t0",-26.1988684120268,1910.09570474134,-0.0137159977623082,0.999999784227567,1,-5046.53309984548,4994.13536302143,4.18770438325546e-12,"model_or_emmeans"
"virus_comp_14703_cycle_1","TP (CELIAC): (t0-30) vs t0",5.28451487921589,8.83140196977412,0.598377799731276,0.955544365471755,1,-17.9271961938739,28.4962259523056,197.258466051063,"model_or_emmeans"
"virus_comp_14703_cycle_1","TP (CELIAC): (t0-36) vs t0",-30.4643840797188,22868.2792243509,-0.00133216774995817,0.999999999895862,1,-60135.5181355794,60074.58936742,5.88147289093192e-14,"model_or_emmeans"
"virus_comp_14703_cycle_1","TP (CELIAC): (t0-6) vs t0",-13.4520129825689,23502.6536555611,-0.000572361452443304,0.999999999993484,0.999999999997682,-61785.8419427929,61758.9379168277,1.43835136946765e-06,"model_or_emmeans"
"virus_comp_14703_cycle_1","TP (CELIAC): (t0-over42) vs t0",-15.5845372897998,375.159022794233,-0.041541150133413,0.999991875692225,1,-1001.62082839808,970.451753818481,1.70498849201017e-07,"model_or_emmeans"
"virus_comp_14703_cycle_1","feeding_first_yearBreastmilk_and_formula",-4.36354840812852,3.72901078284862,-1.17016245386,0.241935599221554,0.631701424123959,-11.6722752404733,2.94517842421628,NA,"model_or_emmeans"
"virus_comp_14703_cycle_1","feeding_first_yearFormula",-31.7397113695481,536.217458161111,-0.0591918649541837,0.952799289109183,0.952799289109183,-1082.70661724694,1019.22719450784,NA,"model_or_emmeans"
"virus_comp_14703_cycle_1","onset_timeline_combinedt0-12",-23.4615428497341,2341.21607419122,-0.0100210925033218,0.992004458831212,0.992004458831212,-4612.16072829079,4565.23764259132,NA,"model_or_emmeans"
"virus_comp_14703_cycle_1","onset_timeline_combinedt0-18",-1.92693731225962,3.42711837534312,-0.56226167328308,0.573937747226029,0.746119071393838,-8.64396589868756,4.79009127416832,NA,"model_or_emmeans"
"virus_comp_14703_cycle_1","onset_timeline_combinedt0-24",-1.12791787545191,5.05624678658999,-0.223074134443623,0.823477808871414,0.994836741479855,-11.0379794741147,8.78214372321084,NA,"model_or_emmeans"
"virus_comp_14703_cycle_1","onset_timeline_combinedt0-30",-22.9271200290098,4440.50555161776,-0.00516317787749573,0.995880398390544,0.999996321428976,-8726.15807434997,8680.30383429196,NA,"model_or_emmeans"
"virus_comp_14703_cycle_1","onset_timeline_combinedt0-36",7.61642615105277,5.36886383531073,1.41862904046103,0.156007194746189,0.507023382925116,-2.90635360405585,18.1392059061614,NA,"model_or_emmeans"
"virus_comp_14703_cycle_1","onset_timeline_combinedt0-6",-13.1145368399701,481.588293354138,-0.0272318430928433,0.978274818002934,0.999946273725307,-957.010247190191,930.781173510251,NA,"model_or_emmeans"
"virus_comp_14703_cycle_1","onset_timeline_combinedt0-over42",-7.7536302312452,10038.0386581727,-0.000772424822744872,0.999383694220836,0.99990166004125,-19681.9478756704,19666.440615208,NA,"model_or_emmeans"
"virus_comp_14963_cycle_1","TP (CELIAC): (t0-12) vs t0",-2.25322560606127,NA,NA,NA,NA,NA,NA,0.105059795910122,"model_or_emmeans"
"virus_comp_14963_cycle_1","TP (CELIAC): (t0-18) vs t0",-48.9860792196448,NA,NA,NA,NA,NA,NA,5.31638109310297e-22,"model_or_emmeans"
"virus_comp_14963_cycle_1","TP (CELIAC): (t0-24) vs t0",-33.2365525998979,NA,NA,NA,NA,NA,NA,3.67746551079902e-15,"model_or_emmeans"
"virus_comp_14963_cycle_1","TP (CELIAC): (t0-30) vs t0",2.0768903392911,NA,NA,NA,NA,NA,NA,7.97961639329896,"model_or_emmeans"
"virus_comp_14963_cycle_1","TP (CELIAC): (t0-36) vs t0",3.20483440703518,NA,NA,NA,NA,NA,NA,24.6514175771304,"model_or_emmeans"
"virus_comp_14963_cycle_1","TP (CELIAC): (t0-6) vs t0",-17.4783432863044,NA,NA,NA,NA,NA,NA,2.5659722654223e-08,"model_or_emmeans"
"virus_comp_14963_cycle_1","TP (CELIAC): (t0-over42) vs t0",6.89435497655397,NA,NA,NA,NA,NA,NA,986.689081919868,"model_or_emmeans"
"virus_comp_15056_cycle_1","TP (CELIAC): (t0-12) vs t0",-3.53351795859052,NA,NA,NA,NA,NA,NA,0.0292020035133583,"model_or_emmeans"
"virus_comp_15056_cycle_1","TP (CELIAC): (t0-18) vs t0",-51.8237640783455,NA,NA,NA,NA,NA,NA,3.11333052182294e-23,"model_or_emmeans"
"virus_comp_15056_cycle_1","TP (CELIAC): (t0-24) vs t0",-50.2317970446308,NA,NA,NA,NA,NA,NA,1.52970514514103e-22,"model_or_emmeans"
"virus_comp_15056_cycle_1","TP (CELIAC): (t0-30) vs t0",4.68073857999704,NA,NA,NA,NA,NA,NA,107.849698792829,"model_or_emmeans"
"virus_comp_15056_cycle_1","TP (CELIAC): (t0-36) vs t0",0.30896043895055,NA,NA,NA,NA,NA,NA,1.36200848695248,"model_or_emmeans"
"virus_comp_15056_cycle_1","TP (CELIAC): (t0-6) vs t0",-120.951243659754,NA,NA,NA,NA,NA,NA,2.96170841459135e-53,"model_or_emmeans"
"virus_comp_15056_cycle_1","TP (CELIAC): (t0-over42) vs t0",-36.2815672721986,NA,NA,NA,NA,NA,NA,1.75031227645726e-16,"model_or_emmeans"
"virus_comp_15100_cycle_1","TP (CELIAC): (t0-12) vs t0",6.57066864096938,NA,NA,NA,NA,NA,NA,713.846990938814,"model_or_emmeans"
"virus_comp_15100_cycle_1","TP (CELIAC): (t0-18) vs t0",4.95255073497579,NA,NA,NA,NA,NA,NA,141.535523490118,"model_or_emmeans"
"virus_comp_15100_cycle_1","TP (CELIAC): (t0-24) vs t0",3.6745794883859,NA,NA,NA,NA,NA,NA,39.4320717261958,"model_or_emmeans"
"virus_comp_15100_cycle_1","TP (CELIAC): (t0-30) vs t0",5.53230693910785,NA,NA,NA,NA,NA,NA,252.726263139825,"model_or_emmeans"
"virus_comp_15100_cycle_1","TP (CELIAC): (t0-36) vs t0",-44.869700820098,NA,NA,NA,NA,NA,NA,3.26089285500405e-20,"model_or_emmeans"
"virus_comp_15100_cycle_1","TP (CELIAC): (t0-6) vs t0",-31.624646042573,NA,NA,NA,NA,NA,NA,1.84327754104461e-14,"model_or_emmeans"
"virus_comp_15100_cycle_1","TP (CELIAC): (t0-over42) vs t0",-15.1393482671613,NA,NA,NA,NA,NA,NA,2.66112079032505e-07,"model_or_emmeans"
"virus_comp_15228_cycle_1","(Intercept)",-16.4557646102871,3.02846005339725,-5.43370700624809,5.51951836855371e-08,3.58768693955991e-07,-22.391437243564,-10.5200919770102,NA,"model_or_emmeans"
"virus_comp_15228_cycle_1","Age.at.Gluten.Introduction..months.",0.199416928213845,0.178618214408476,1.11644228935021,0.264232860145712,0.567216173070841,-0.150668339009621,0.549502195437311,NA,"model_or_emmeans"
"virus_comp_15228_cycle_1","CONTROL vs CELIAC @ t0",0.960070176929621,2.07806963576433,-0.462000964937107,0.644080628473944,0.885193930392456,NA,NA,2.61187976069392,"between_groups"
"virus_comp_15228_cycle_1","CONTROL vs CELIAC @ t0-12",-4.22904770060093,2.55563440269644,1.65479369668012,0.0979663530378939,0.212258287553295,NA,NA,0.0145662553818789,"between_groups"
"virus_comp_15228_cycle_1","CONTROL vs CELIAC @ t0-18",-2.10208062678524,3.18310777997421,0.660386255222019,0.509005990301261,0.82713473423955,NA,NA,0.122201907002018,"between_groups"
"virus_comp_15228_cycle_1","CONTROL vs CELIAC @ t0-24",-2.22612461433479,2.90641338932845,0.765935301051291,0.443714799957408,0.999996070643485,NA,NA,0.107945952780632,"between_groups"
"virus_comp_15228_cycle_1","CONTROL vs CELIAC @ t0-30",-1.25666317821174,3.18083742248105,0.395073061367451,0.692788969051604,0.999999713555549,NA,NA,0.284602110349452,"between_groups"
"virus_comp_15228_cycle_1","CONTROL vs CELIAC @ t0-36",-2.70327686807102,2.75323053597623,0.981856343937615,0.326170625571112,0.999999607574504,NA,NA,0.0669856495688972,"between_groups"
"virus_comp_15228_cycle_1","CONTROL vs CELIAC @ t0-6",-1.09318776508545,3.19592144795983,0.342057144672097,0.732307887832954,0.99998893637738,NA,NA,0.335146420983334,"between_groups"
"virus_comp_15228_cycle_1","CONTROL vs CELIAC @ t0-over42",-3.36659868960927,3.16661657341715,1.06315324623477,0.287712460931307,0.999999030800758,NA,NA,0.0345068063253806,"between_groups"
"virus_comp_15228_cycle_1","CountryUSA",1.29413446243803,2.18527902743183,0.592205593058252,0.553712924583953,0.864230098678408,-2.98893372749908,5.57720265237514,NA,"model_or_emmeans"
"virus_comp_15228_cycle_1","Delivery.ModeC-Section",4.89406532274572,2.40105925274184,2.03829427247872,0.0415205123362018,0.179922220123541,0.188075662625068,9.60005498286637,NA,"model_or_emmeans"
"virus_comp_15228_cycle_1","Dx.StatusCELIAC",-0.960070176929621,2.07806963576433,-0.462000964937107,0.644080628473944,0.885193930392456,-5.03301182039397,3.11287146653472,NA,"model_or_emmeans"
"virus_comp_15228_cycle_1","Dx.StatusCELIAC:onset_timeline_combinedt0-12",5.18911787753055,2.72265962178509,1.90590033216431,0.0566631379617638,0.178751213211149,-0.147196923329669,10.5254326783908,NA,"model_or_emmeans"
"virus_comp_15228_cycle_1","Dx.StatusCELIAC:onset_timeline_combinedt0-18",3.06215080371487,3.38479927933871,0.904677220420917,0.365636412554305,0.792212227200994,-3.57193387868613,9.69623548611586,NA,"model_or_emmeans"
"virus_comp_15228_cycle_1","Dx.StatusCELIAC:onset_timeline_combinedt0-24",3.18619479126441,3.18238709805524,1.00119648964499,0.316731823332533,0.99999002810088,-3.05116930578879,9.42355888831761,NA,"model_or_emmeans"
"virus_comp_15228_cycle_1","Dx.StatusCELIAC:onset_timeline_combinedt0-30",2.21673335514136,3.39648095052608,0.65265590693156,0.513978134544071,0.999998285985936,-4.44024698206612,8.87371369234884,NA,"model_or_emmeans"
"virus_comp_15228_cycle_1","Dx.StatusCELIAC:onset_timeline_combinedt0-36",3.66334704500064,2.9826297139937,1.22822723444791,0.219361677790285,0.99999758284016,-2.18249977364601,9.50919386364729,NA,"model_or_emmeans"
"virus_comp_15228_cycle_1","Dx.StatusCELIAC:onset_timeline_combinedt0-6",2.05325794201507,3.35079345846038,0.612767682481541,0.540029962544236,0.999988545527813,-4.51417655619968,8.62069244022983,NA,"model_or_emmeans"
"virus_comp_15228_cycle_1","Dx.StatusCELIAC:onset_timeline_combinedt0-over42",4.32666886653889,3.34966915350063,1.29167051080768,0.196471274008039,0.999999580890402,-2.23856203444712,10.8918997675249,NA,"model_or_emmeans"
"virus_comp_15228_cycle_1","HLA.CategoryHigh Risk",2.53671832177808,1.91068079093541,1.32765155425893,0.184293244813485,0.479162436515061,-1.20814721440783,6.28158385796399,NA,"model_or_emmeans"
"virus_comp_15228_cycle_1","HLA.CategoryLow/No Risk",-1.14525048605738,3.15771113111942,-0.362683741008122,0.716841146717473,0.999860236857033,-7.33425057663268,5.04374960451792,NA,"model_or_emmeans"
"virus_comp_15228_cycle_1","SexMale",0.395714481152989,2.08670225623824,0.189636293328381,0.849594145263278,0.947178252787919,-3.69414678753243,4.48557574983841,NA,"model_or_emmeans"
"virus_comp_15228_cycle_1","TP (CELIAC): (t0-12) vs t0",3.03610612657425,1.73227365116482,1.75267119287573,0.342560679867163,0.999999999999433,-1.51685563736555,7.58906789051404,20.8239991437584,"model_or_emmeans"
"virus_comp_15228_cycle_1","TP (CELIAC): (t0-18) vs t0",1.98187232136548,2.20654968941471,0.898177063889814,0.854424476192828,1,-3.81763652608652,7.78138116881749,7.25631643055748,"model_or_emmeans"
"virus_comp_15228_cycle_1","TP (CELIAC): (t0-24) vs t0",0.629533833450974,1.93650240395382,0.325088072271759,0.993413612458861,1,-4.46020553599021,5.71927320289216,1.87673550400145,"model_or_emmeans"
"virus_comp_15228_cycle_1","TP (CELIAC): (t0-30) vs t0",-0.45582838111467,1.75120508904273,-0.260294116301273,0.996773815925114,1,-5.05854793750056,4.14689117527122,0.633922620857185,"model_or_emmeans"
"virus_comp_15228_cycle_1","TP (CELIAC): (t0-36) vs t0",0.0467161707171431,1.9790185578275,0.0236057264508052,0.99999872319552,1,-5.15476906682433,5.24820140825861,1.04782456357534,"model_or_emmeans"
"virus_comp_15228_cycle_1","TP (CELIAC): (t0-6) vs t0",-0.0213040486652423,2.22456751873679,-0.00957671479323752,0.99999993345888,0.999999999997682,-5.86816943699488,5.82556133966439,0.978921279607953,"model_or_emmeans"
"virus_comp_15228_cycle_1","TP (CELIAC): (t0-over42) vs t0",0.194288770335005,2.01295737029025,0.0965190685121118,0.999871904369567,1,-5.09639837554959,5.4849759162196,1.21444692857218,"model_or_emmeans"
"virus_comp_15228_cycle_1","feeding_first_yearBreastmilk_and_formula",1.80191074497112,1.91633252823182,0.940291269090825,0.347068176808919,0.631701424123959,-1.95403199276582,5.55785348270807,NA,"model_or_emmeans"
"virus_comp_15228_cycle_1","feeding_first_yearFormula",2.25187298913242,2.32848258891584,0.967098916630037,0.333494587043904,0.945205760501774,-2.31186902377122,6.81561500203606,NA,"model_or_emmeans"
"virus_comp_15228_cycle_1","onset_timeline_combinedt0-12",-2.15301175095631,2.05959942650427,-1.04535460791547,0.295859107693975,0.433299325518617,-6.18975244948403,1.88372894757142,NA,"model_or_emmeans"
"virus_comp_15228_cycle_1","onset_timeline_combinedt0-18",-1.08027848234939,2.5543975558251,-0.422909300036675,0.67236143721852,0.794608971258251,-6.08680569396371,3.92624872926494,NA,"model_or_emmeans"
"virus_comp_15228_cycle_1","onset_timeline_combinedt0-24",-2.55666095781343,2.49240320885378,-1.02578144207622,0.304994615469986,0.991232500277455,-7.4416814821189,2.32835956649204,NA,"model_or_emmeans"
"virus_comp_15228_cycle_1","onset_timeline_combinedt0-30",-2.67256173625603,2.91109072110746,-0.91806198854542,0.358586413673463,0.721410570658124,-8.37819470535538,3.03307123284332,NA,"model_or_emmeans"
"virus_comp_15228_cycle_1","onset_timeline_combinedt0-36",-3.6166308742835,2.24486949803106,-1.61106508750534,0.10716553683215,0.464383992939315,-8.01649424041689,0.7832324918499,NA,"model_or_emmeans"
"virus_comp_15228_cycle_1","onset_timeline_combinedt0-6",-2.07456199068032,2.5177692696486,-0.823968270519826,0.409957586931807,0.93040932371338,-7.00929908057328,2.86017509921264,NA,"model_or_emmeans"
"virus_comp_15228_cycle_1","onset_timeline_combinedt0-over42",-4.13238009620388,2.69631798057042,-1.5326011716651,0.125374152639035,0.407465996076863,-9.41706622898966,1.1523060365819,NA,"model_or_emmeans"
"virus_comp_15234_cycle_1","TP (CELIAC): (t0-12) vs t0",27.0665014315042,NA,NA,NA,NA,NA,NA,568633204560.288,"model_or_emmeans"
"virus_comp_15234_cycle_1","TP (CELIAC): (t0-18) vs t0",23.5390950822609,NA,NA,NA,NA,NA,NA,16707024259.2306,"model_or_emmeans"
"virus_comp_15234_cycle_1","TP (CELIAC): (t0-24) vs t0",-23.9949813012194,NA,NA,NA,NA,NA,NA,3.79412842984116e-11,"model_or_emmeans"
"virus_comp_15234_cycle_1","TP (CELIAC): (t0-30) vs t0",-45.1213947338798,NA,NA,NA,NA,NA,NA,2.53528771083406e-20,"model_or_emmeans"
"virus_comp_15234_cycle_1","TP (CELIAC): (t0-36) vs t0",-36.2392181870494,NA,NA,NA,NA,NA,NA,1.82602833733427e-16,"model_or_emmeans"
"virus_comp_15234_cycle_1","TP (CELIAC): (t0-6) vs t0",24.2147692730468,NA,NA,NA,NA,NA,NA,32835276355.5424,"model_or_emmeans"
"virus_comp_15234_cycle_1","TP (CELIAC): (t0-over42) vs t0",-5.67631695842918,NA,NA,NA,NA,NA,NA,0.00342615390160706,"model_or_emmeans"
"virus_comp_155_cycle_1","TP (CELIAC): (t0-12) vs t0",-1.98513155254855,NA,NA,NA,NA,NA,NA,0.137362542535753,"model_or_emmeans"
"virus_comp_155_cycle_1","TP (CELIAC): (t0-18) vs t0",-4.85446645878271,NA,NA,NA,NA,NA,NA,0.00779349039258798,"model_or_emmeans"
"virus_comp_155_cycle_1","TP (CELIAC): (t0-24) vs t0",3.3163315240982,NA,NA,NA,NA,NA,NA,27.559065124234,"model_or_emmeans"
"virus_comp_155_cycle_1","TP (CELIAC): (t0-30) vs t0",2.59869776959495,NA,NA,NA,NA,NA,NA,13.4462165569437,"model_or_emmeans"
"virus_comp_155_cycle_1","TP (CELIAC): (t0-36) vs t0",-43.9143499893994,NA,NA,NA,NA,NA,NA,8.47695979245723e-20,"model_or_emmeans"
"virus_comp_155_cycle_1","TP (CELIAC): (t0-6) vs t0",-9.03738336031704,NA,NA,NA,NA,NA,NA,0.000118881499880117,"model_or_emmeans"
"virus_comp_155_cycle_1","TP (CELIAC): (t0-over42) vs t0",-62.9572359948498,NA,NA,NA,NA,NA,NA,4.55008816174814e-28,"model_or_emmeans"
"virus_comp_159_cycle_1","TP (CELIAC): (t0-12) vs t0",-1.68082738123989,NA,NA,NA,NA,NA,NA,0.1862198374825,"model_or_emmeans"
"virus_comp_159_cycle_1","TP (CELIAC): (t0-18) vs t0",-32.3241415960379,NA,NA,NA,NA,NA,NA,9.15806396553746e-15,"model_or_emmeans"
"virus_comp_159_cycle_1","TP (CELIAC): (t0-24) vs t0",3.4528289942414,NA,NA,NA,NA,NA,NA,31.5896329082446,"model_or_emmeans"
"virus_comp_159_cycle_1","TP (CELIAC): (t0-30) vs t0",2.77981739362671,NA,NA,NA,NA,NA,NA,16.1160777808,"model_or_emmeans"
"virus_comp_159_cycle_1","TP (CELIAC): (t0-36) vs t0",-32.2522206168483,NA,NA,NA,NA,NA,NA,9.84098470852992e-15,"model_or_emmeans"
"virus_comp_159_cycle_1","TP (CELIAC): (t0-6) vs t0",-36.8504831874934,NA,NA,NA,NA,NA,NA,9.90919776905227e-17,"model_or_emmeans"
"virus_comp_159_cycle_1","TP (CELIAC): (t0-over42) vs t0",-62.3045562009675,NA,NA,NA,NA,NA,NA,8.73926773403139e-28,"model_or_emmeans"
"virus_comp_160_cycle_1","TP (CELIAC): (t0-12) vs t0",-38.2715455955803,NA,NA,NA,NA,NA,NA,2.39264867689858e-17,"model_or_emmeans"
"virus_comp_160_cycle_1","TP (CELIAC): (t0-18) vs t0",-9.1569539717933,NA,NA,NA,NA,NA,NA,0.000105483715565307,"model_or_emmeans"
"virus_comp_160_cycle_1","TP (CELIAC): (t0-24) vs t0",2.82178931280089,NA,NA,NA,NA,NA,NA,16.8068965785523,"model_or_emmeans"
"virus_comp_160_cycle_1","TP (CELIAC): (t0-30) vs t0",2.19904289836335,NA,NA,NA,NA,NA,NA,9.01637977657723,"model_or_emmeans"
"virus_comp_160_cycle_1","TP (CELIAC): (t0-36) vs t0",-28.7075690928209,NA,NA,NA,NA,NA,NA,3.40769842965856e-13,"model_or_emmeans"
"virus_comp_160_cycle_1","TP (CELIAC): (t0-6) vs t0",-3.09740493696067,NA,NA,NA,NA,NA,NA,0.0451662597335368,"model_or_emmeans"
"virus_comp_160_cycle_1","TP (CELIAC): (t0-over42) vs t0",-43.1649037420149,NA,NA,NA,NA,NA,NA,1.79357892807913e-19,"model_or_emmeans"
"virus_comp_164_cycle_1","TP (CELIAC): (t0-12) vs t0",-1.90295667082183,NA,NA,NA,NA,NA,NA,0.149127047163611,"model_or_emmeans"
"virus_comp_164_cycle_1","TP (CELIAC): (t0-18) vs t0",-28.74521132343,NA,NA,NA,NA,NA,NA,3.28180929779145e-13,"model_or_emmeans"
"virus_comp_164_cycle_1","TP (CELIAC): (t0-24) vs t0",3.39300210462744,NA,NA,NA,NA,NA,NA,29.7551463809938,"model_or_emmeans"
"virus_comp_164_cycle_1","TP (CELIAC): (t0-30) vs t0",2.66411582532992,NA,NA,NA,NA,NA,NA,14.3552513834712,"model_or_emmeans"
"virus_comp_164_cycle_1","TP (CELIAC): (t0-36) vs t0",-47.455333602887,NA,NA,NA,NA,NA,NA,2.45703011427948e-21,"model_or_emmeans"
"virus_comp_164_cycle_1","TP (CELIAC): (t0-6) vs t0",-21.4732351133991,NA,NA,NA,NA,NA,NA,4.72381065740076e-10,"model_or_emmeans"
"virus_comp_164_cycle_1","TP (CELIAC): (t0-over42) vs t0",-81.328028154622,NA,NA,NA,NA,NA,NA,4.78284325631898e-36,"model_or_emmeans"
"virus_comp_16559_cycle_1","(Intercept)",-17.3971336011125,3.07347212999621,-5.66041690481637,1.51005693700941e-08,1.96307401811224e-07,-23.4210282833927,-11.3732389188324,NA,"model_or_emmeans"
"virus_comp_16559_cycle_1","Age.at.Gluten.Introduction..months.",0.250629876127641,0.200806958513476,1.24811350155887,0.211989494524903,0.567216173070841,-0.1429445304038,0.644204282659082,NA,"model_or_emmeans"
"virus_comp_16559_cycle_1","CONTROL vs CELIAC @ t0",-2.44809995430435,2.26361747990309,1.08149896174559,0.279475222280725,0.851166642770787,NA,NA,0.0864577041230783,"between_groups"
"virus_comp_16559_cycle_1","CONTROL vs CELIAC @ t0-12",-6.9250513079735,2.54362404526844,2.72251369885233,0.00647873473554423,0.084223551562075,NA,NA,0.000982852688675333,"between_groups"
"virus_comp_16559_cycle_1","CONTROL vs CELIAC @ t0-18",-5.59644296208306,2.99339675753171,1.86959611952602,0.0615399245597673,0.622211714490398,NA,NA,0.00371104057934118,"between_groups"
"virus_comp_16559_cycle_1","CONTROL vs CELIAC @ t0-24",-3.1909233321627,2.88679572294394,1.10535127470281,0.269007408129041,0.999996070643485,NA,NA,0.0411338731714111,"between_groups"
"virus_comp_16559_cycle_1","CONTROL vs CELIAC @ t0-30",-2.08180745650402,2.73890499824378,0.76008750133316,0.447202283146443,0.999999713555549,NA,NA,0.124704610218297,"between_groups"
"virus_comp_16559_cycle_1","CONTROL vs CELIAC @ t0-36",-2.8303312252875,2.76312966675378,1.02432081249834,0.305683770728517,0.999999607574504,NA,NA,0.0589933103568232,"between_groups"
"virus_comp_16559_cycle_1","CONTROL vs CELIAC @ t0-6",-3.14918321846232,3.2214145361114,0.977577763793084,0.328283199502053,0.99998893637738,NA,NA,0.0428871419910222,"between_groups"
"virus_comp_16559_cycle_1","CONTROL vs CELIAC @ t0-over42",-1.65323847024685,2.82660312674477,0.584885247810076,0.558624878573805,0.999999030800758,NA,NA,0.191428966699431,"between_groups"
"virus_comp_16559_cycle_1","CountryUSA",1.3697346731073,2.33471220150842,0.586682449435242,0.557416997068832,0.864230098678408,-3.20621715611541,5.94568650233002,NA,"model_or_emmeans"
"virus_comp_16559_cycle_1","Delivery.ModeC-Section",6.31830313095913,2.54179340708821,2.48576580352263,0.0129273007772361,0.16805491010407,1.33647959692489,11.3001266649934,NA,"model_or_emmeans"
"virus_comp_16559_cycle_1","Dx.StatusCELIAC",2.44809995430435,2.26361747990309,1.08149896174559,0.279475222280725,0.851166642770787,-1.98850878108102,6.88470868968973,NA,"model_or_emmeans"
"virus_comp_16559_cycle_1","Dx.StatusCELIAC:onset_timeline_combinedt0-12",4.47695135366914,2.45978760074793,1.82005607000697,0.0687504666196727,0.178751213211149,-0.344143753414984,9.29804646075326,NA,"model_or_emmeans"
"virus_comp_16559_cycle_1","Dx.StatusCELIAC:onset_timeline_combinedt0-18",3.1483430077787,3.0253594984895,1.04065087449958,0.298037610612922,0.792212227200994,-2.78125264954688,9.07793866510429,NA,"model_or_emmeans"
"virus_comp_16559_cycle_1","Dx.StatusCELIAC:onset_timeline_combinedt0-24",0.742823377858349,3.10671789808923,0.239102294519634,0.811026262604604,0.99999002810088,-5.34623181252252,6.83187856823922,NA,"model_or_emmeans"
"virus_comp_16559_cycle_1","Dx.StatusCELIAC:onset_timeline_combinedt0-30",-0.366292497800338,3.00493069764791,-0.121897153264483,0.902980470181777,0.999998285985936,-6.25584844122905,5.52326344562838,NA,"model_or_emmeans"
"virus_comp_16559_cycle_1","Dx.StatusCELIAC:onset_timeline_combinedt0-36",0.382231270983148,3.01200284161013,0.12690269268764,0.8990174154178,0.99999758284016,-5.52118581990501,6.28564836187131,NA,"model_or_emmeans"
"virus_comp_16559_cycle_1","Dx.StatusCELIAC:onset_timeline_combinedt0-6",0.701083264157967,3.23105147761106,0.216983006620596,0.828221588213457,0.999988545527813,-5.63166126415464,7.03382779247057,NA,"model_or_emmeans"
"virus_comp_16559_cycle_1","Dx.StatusCELIAC:onset_timeline_combinedt0-over42",-0.794861484057506,2.92617351355771,-0.271638534206775,0.785899967109301,0.999999580890402,-6.53005618314565,4.94033321503063,NA,"model_or_emmeans"
"virus_comp_16559_cycle_1","HLA.CategoryHigh Risk",2.36479611791005,2.02738604791092,1.16642615763624,0.243442187797077,0.527458073560333,-1.60880751875435,6.33839975457445,NA,"model_or_emmeans"
"virus_comp_16559_cycle_1","HLA.CategoryLow/No Risk",-1.7942121925378,3.24537245478038,-0.552852474573436,0.580364432891806,0.999860236857033,-8.15502532032569,4.56660093525009,NA,"model_or_emmeans"
"virus_comp_16559_cycle_1","SexMale",1.8179922734167,2.16846324307041,0.838378182902716,0.401818338578307,0.797406834695245,-2.43211758480022,6.06810213163362,NA,"model_or_emmeans"
"virus_comp_16559_cycle_1","TP (CELIAC): (t0-12) vs t0",1.09031876821918,1.36751251674821,0.797300759492742,0.896016544632413,0.999999999999433,-2.50393563626075,4.68457317269911,2.97522232774132,"model_or_emmeans"
"virus_comp_16559_cycle_1","TP (CELIAC): (t0-18) vs t0",1.15001227752408,1.90315588526572,0.604265938711329,0.95420438779509,1,-3.85208191850855,6.15210647355671,3.1582316847173,"model_or_emmeans"
"virus_comp_16559_cycle_1","TP (CELIAC): (t0-24) vs t0",-1.96426785431079,2.03914033055736,-0.96328233269453,0.823681919126347,1,-7.32377208165522,3.39523637303363,0.14025853871758,"model_or_emmeans"
"virus_comp_16559_cycle_1","TP (CELIAC): (t0-30) vs t0",-3.26872812652455,1.87062728312342,-1.7473967989319,0.345535230125213,1,-8.1853268919197,1.6478706388706,0.0380547971954838,"model_or_emmeans"
"virus_comp_16559_cycle_1","TP (CELIAC): (t0-36) vs t0",-3.57999580894826,1.97659402528938,-1.81119428832845,0.3104520138792,1,-8.77510860993266,1.61511699203615,0.0278758150839856,"model_or_emmeans"
"virus_comp_16559_cycle_1","TP (CELIAC): (t0-6) vs t0",-1.8379410805677,2.18954432541642,-0.839417160562921,0.879571760607809,0.999999999997682,-7.59275446549043,3.91687230435502,0.159144755248251,"model_or_emmeans"
"virus_comp_16559_cycle_1","TP (CELIAC): (t0-over42) vs t0",-3.02265005012789,2.07301135230855,-1.45809623606827,0.52411005522946,1,-8.47117801043449,2.42587791017871,0.0486720638955419,"model_or_emmeans"
"virus_comp_16559_cycle_1","feeding_first_yearBreastmilk_and_formula",1.61714459194633,2.0886058952818,0.774269858952085,0.438771223981183,0.633780656861709,-2.47644774070403,5.7107369245967,NA,"model_or_emmeans"
"virus_comp_16559_cycle_1","feeding_first_yearFormula",2.37902644060235,2.50052548179946,0.951410596659996,0.341395983173234,0.945205760501774,-2.52191344614926,7.27996632735396,NA,"model_or_emmeans"
"virus_comp_16559_cycle_1","onset_timeline_combinedt0-12",-3.38663258544996,2.07073527197448,-1.63547346263182,0.101949833331149,0.338694949591536,-7.4451991400367,0.671933969136785,NA,"model_or_emmeans"
"virus_comp_16559_cycle_1","onset_timeline_combinedt0-18",-1.99833073025462,2.43149169608372,-0.821853816516515,0.41116010039526,0.746119071393838,-6.76396688328692,2.76730542277768,NA,"model_or_emmeans"
"virus_comp_16559_cycle_1","onset_timeline_combinedt0-24",-2.70709123216914,2.40940481958903,-1.12355184573379,0.261203194346852,0.991232500277455,-7.42943790274086,2.01525543840257,NA,"model_or_emmeans"
"virus_comp_16559_cycle_1","onset_timeline_combinedt0-30",-2.90243562872421,2.39875330090023,-1.20997671066672,0.226287829604043,0.721410570658124,-7.60390570628523,1.79903444883681,NA,"model_or_emmeans"
"virus_comp_16559_cycle_1","onset_timeline_combinedt0-36",-3.9622270799314,2.30748253959763,-1.71712115343777,0.0859570379210937,0.464383992939315,-8.48480975249778,0.560355592634969,NA,"model_or_emmeans"
"virus_comp_16559_cycle_1","onset_timeline_combinedt0-6",-2.53902434472567,2.35386975308349,-1.07865965880212,0.280739475521879,0.93040932371338,-7.1525242850675,2.07447559561616,NA,"model_or_emmeans"
"virus_comp_16559_cycle_1","onset_timeline_combinedt0-over42",-2.22778856607038,2.15018290646859,-1.03609258513233,0.300158951122749,0.780413272919148,-6.44206962292248,1.98649249078171,NA,"model_or_emmeans"
"virus_comp_16658_cycle_1","TP (CELIAC): (t0-12) vs t0",-47.7513864561582,NA,NA,NA,NA,NA,NA,1.82741152203884e-21,"model_or_emmeans"
"virus_comp_16658_cycle_1","TP (CELIAC): (t0-18) vs t0",-47.0125084035413,NA,NA,NA,NA,NA,NA,3.8258419065018e-21,"model_or_emmeans"
"virus_comp_16658_cycle_1","TP (CELIAC): (t0-24) vs t0",-49.9651940769191,NA,NA,NA,NA,NA,NA,1.99706373430599e-22,"model_or_emmeans"
"virus_comp_16658_cycle_1","TP (CELIAC): (t0-30) vs t0",-10.3910034772326,NA,NA,NA,NA,NA,NA,3.07075047995985e-05,"model_or_emmeans"
"virus_comp_16658_cycle_1","TP (CELIAC): (t0-36) vs t0",4.49898522996874,NA,NA,NA,NA,NA,NA,89.9258309456447,"model_or_emmeans"
"virus_comp_16658_cycle_1","TP (CELIAC): (t0-6) vs t0",-52.5267477148691,NA,NA,NA,NA,NA,NA,1.54142825355397e-23,"model_or_emmeans"
"virus_comp_16658_cycle_1","TP (CELIAC): (t0-over42) vs t0",0.156705122802414,NA,NA,NA,NA,NA,NA,1.16965065973516,"model_or_emmeans"
"virus_comp_16826_cycle_1","TP (CELIAC): (t0-12) vs t0",-92.6986320718127,NA,NA,NA,NA,NA,NA,5.51436629804174e-41,"model_or_emmeans"
"virus_comp_16826_cycle_1","TP (CELIAC): (t0-18) vs t0",-114.645138476688,NA,NA,NA,NA,NA,NA,1.6227401533176e-50,"model_or_emmeans"
"virus_comp_16826_cycle_1","TP (CELIAC): (t0-24) vs t0",-2.74231886780227,NA,NA,NA,NA,NA,NA,0.0644207902628197,"model_or_emmeans"
"virus_comp_16826_cycle_1","TP (CELIAC): (t0-30) vs t0",-2.79587756714886,NA,NA,NA,NA,NA,NA,0.0610612654527035,"model_or_emmeans"
"virus_comp_16826_cycle_1","TP (CELIAC): (t0-36) vs t0",-113.936684018183,NA,NA,NA,NA,NA,NA,3.2955419520107e-50,"model_or_emmeans"
"virus_comp_16826_cycle_1","TP (CELIAC): (t0-6) vs t0",-4.70046249390425,NA,NA,NA,NA,NA,NA,0.00909107156407156,"model_or_emmeans"
"virus_comp_16826_cycle_1","TP (CELIAC): (t0-over42) vs t0",-6.48435708397822,NA,NA,NA,NA,NA,NA,0.00152714227533556,"model_or_emmeans"
"virus_comp_16893_cycle_1","TP (CELIAC): (t0-12) vs t0",59.7753610476661,NA,NA,NA,NA,NA,NA,9.12240725645199e+25,"model_or_emmeans"
"virus_comp_16893_cycle_1","TP (CELIAC): (t0-18) vs t0",-17.5100477558256,NA,NA,NA,NA,NA,NA,2.48589557785831e-08,"model_or_emmeans"
"virus_comp_16893_cycle_1","TP (CELIAC): (t0-24) vs t0",-15.0198826913352,NA,NA,NA,NA,NA,NA,2.99880225202878e-07,"model_or_emmeans"
"virus_comp_16893_cycle_1","TP (CELIAC): (t0-30) vs t0",61.3458379869426,NA,NA,NA,NA,NA,NA,4.38691202799082e+26,"model_or_emmeans"
"virus_comp_16893_cycle_1","TP (CELIAC): (t0-36) vs t0",-13.0830518157289,NA,NA,NA,NA,NA,NA,2.08018897350982e-06,"model_or_emmeans"
"virus_comp_16893_cycle_1","TP (CELIAC): (t0-6) vs t0",-57.0254040677176,NA,NA,NA,NA,NA,NA,1.71467448362063e-25,"model_or_emmeans"
"virus_comp_16893_cycle_1","TP (CELIAC): (t0-over42) vs t0",-46.5367253977135,NA,NA,NA,NA,NA,NA,6.15682704757293e-21,"model_or_emmeans"
"virus_comp_16955_cycle_1","TP (CELIAC): (t0-12) vs t0",9.25353463050088,NA,NA,NA,NA,NA,NA,10441.4070838443,"model_or_emmeans"
"virus_comp_16955_cycle_1","TP (CELIAC): (t0-18) vs t0",0.230592917389842,NA,NA,NA,NA,NA,NA,1.25934647703702,"model_or_emmeans"
"virus_comp_16955_cycle_1","TP (CELIAC): (t0-24) vs t0",-2.31830341798398,NA,NA,NA,NA,NA,NA,0.0984404563172467,"model_or_emmeans"
"virus_comp_16955_cycle_1","TP (CELIAC): (t0-30) vs t0",-3.03875940533016,NA,NA,NA,NA,NA,NA,0.0478942700291088,"model_or_emmeans"
"virus_comp_16955_cycle_1","TP (CELIAC): (t0-36) vs t0",-5.94876542704961,NA,NA,NA,NA,NA,NA,0.0026090596053155,"model_or_emmeans"
"virus_comp_16955_cycle_1","TP (CELIAC): (t0-6) vs t0",0.859102321675358,NA,NA,NA,NA,NA,NA,2.36104028743717,"model_or_emmeans"
"virus_comp_16955_cycle_1","TP (CELIAC): (t0-over42) vs t0",-45.1797592723412,NA,NA,NA,NA,NA,NA,2.3915521434032e-20,"model_or_emmeans"
"virus_comp_169_cycle_1","TP (CELIAC): (t0-12) vs t0",-32.5106303857521,NA,NA,NA,NA,NA,NA,7.59998299020296e-15,"model_or_emmeans"
"virus_comp_169_cycle_1","TP (CELIAC): (t0-18) vs t0",-40.7423488433635,NA,NA,NA,NA,NA,NA,2.02219353474199e-18,"model_or_emmeans"
"virus_comp_169_cycle_1","TP (CELIAC): (t0-24) vs t0",0.338004054222173,NA,NA,NA,NA,NA,NA,1.40214618800596,"model_or_emmeans"
"virus_comp_169_cycle_1","TP (CELIAC): (t0-30) vs t0",-22.2496676819165,NA,NA,NA,NA,NA,NA,2.17316199612507e-10,"model_or_emmeans"
"virus_comp_169_cycle_1","TP (CELIAC): (t0-36) vs t0",-0.0990506771106716,NA,NA,NA,NA,NA,NA,0.905696808763125,"model_or_emmeans"
"virus_comp_169_cycle_1","TP (CELIAC): (t0-6) vs t0",9.85358845910006,NA,NA,NA,NA,NA,NA,19026.5082927277,"model_or_emmeans"
"virus_comp_169_cycle_1","TP (CELIAC): (t0-over42) vs t0",2.34814177105113,NA,NA,NA,NA,NA,NA,10.4661032277253,"model_or_emmeans"
"virus_comp_17138_cycle_1","TP (CELIAC): (t0-12) vs t0",6.27504040860475,NA,NA,NA,NA,NA,NA,531.147844267687,"model_or_emmeans"
"virus_comp_17138_cycle_1","TP (CELIAC): (t0-18) vs t0",-47.8279215354403,NA,NA,NA,NA,NA,NA,1.6927686068966e-21,"model_or_emmeans"
"virus_comp_17138_cycle_1","TP (CELIAC): (t0-24) vs t0",-44.1909279158276,NA,NA,NA,NA,NA,NA,6.42871030867514e-20,"model_or_emmeans"
"virus_comp_17138_cycle_1","TP (CELIAC): (t0-30) vs t0",-30.0810829784415,NA,NA,NA,NA,NA,NA,8.6288248326373e-14,"model_or_emmeans"
"virus_comp_17138_cycle_1","TP (CELIAC): (t0-36) vs t0",-28.2389291236424,NA,NA,NA,NA,NA,NA,5.44488744699807e-13,"model_or_emmeans"
"virus_comp_17138_cycle_1","TP (CELIAC): (t0-6) vs t0",10.8662584223839,NA,NA,NA,NA,NA,NA,52378.8635927221,"model_or_emmeans"
"virus_comp_17138_cycle_1","TP (CELIAC): (t0-over42) vs t0",-31.3635463780072,NA,NA,NA,NA,NA,NA,2.39323240743968e-14,"model_or_emmeans"
"virus_comp_17169_cycle_1","(Intercept)",-42.8700189355414,31.9061430199277,-1.34362899673476,0.179068387991282,0.21162627671697,-105.404910140184,19.664872269101,NA,"model_or_emmeans"
"virus_comp_17169_cycle_1","Age.at.Gluten.Introduction..months.",0.774352835103532,0.755561322984106,1.0248709291328,0.305424093191992,0.567216173070841,-0.706520146056752,2.25522581626382,NA,"model_or_emmeans"
"virus_comp_17169_cycle_1","CONTROL vs CELIAC @ t0",-4.61291128740223,5.39858167425994,0.854467259316697,0.392846142817287,0.851166642770787,NA,NA,0.00992288783747001,"between_groups"
"virus_comp_17169_cycle_1","CONTROL vs CELIAC @ t0-12",1.75353738118672,6.17905226848925,-0.283787432925446,0.776573285838019,0.917768428717659,NA,NA,5.77499494560012,"between_groups"
"virus_comp_17169_cycle_1","CONTROL vs CELIAC @ t0-18",19.8776472157856,199.142352528983,-0.0998162719449274,0.920490189424091,0.999985588334361,NA,NA,429291707.116322,"between_groups"
"virus_comp_17169_cycle_1","CONTROL vs CELIAC @ t0-24",21.2421242113944,188.866634133139,-0.112471555968007,0.910449521669862,0.999996070643485,NA,NA,1680108499.63869,"between_groups"
"virus_comp_17169_cycle_1","CONTROL vs CELIAC @ t0-30",-21.7191763807108,205.195905481129,0.105846051507633,0.915704498166855,0.999999713555549,NA,NA,3.69386948387554e-10,"between_groups"
"virus_comp_17169_cycle_1","CONTROL vs CELIAC @ t0-36",-2.13067748891536,6.21195632871214,0.342996211848304,0.731601309995721,0.999999607574504,NA,NA,0.118756810169573,"between_groups"
"virus_comp_17169_cycle_1","CONTROL vs CELIAC @ t0-6",-4.27482566055867,1355.41266305687,0.00315389237320363,0.997483562140838,0.99998893637738,NA,NA,0.0139144743491744,"between_groups"
"virus_comp_17169_cycle_1","CONTROL vs CELIAC @ t0-over42",-4.26714925018366,8.30828805704572,0.513601505013414,0.607530627135674,0.999999030800758,NA,NA,0.0140216985865197,"between_groups"
"virus_comp_17169_cycle_1","CountryUSA",10.7088454972562,25.0613087597805,0.42730591605983,0.669156524337956,0.864230098678408,-38.4104170773517,59.8281080718642,NA,"model_or_emmeans"
"virus_comp_17169_cycle_1","Delivery.ModeC-Section",12.5632660502926,26.1288958235975,0.48081886563865,0.63064524077205,0.865990898166222,-38.6484287197575,63.7749608203427,NA,"model_or_emmeans"
"virus_comp_17169_cycle_1","Dx.StatusCELIAC",4.61291128740223,5.39858167425994,0.854467259316697,0.392846142817287,0.851166642770787,-5.96811436174518,15.1939369365497,NA,"model_or_emmeans"
"virus_comp_17169_cycle_1","Dx.StatusCELIAC:onset_timeline_combinedt0-12",-6.36644866858895,7.18476534462398,-0.886103910596421,0.375561535951294,0.542477774151869,-20.4483299814235,7.71543264424556,NA,"model_or_emmeans"
"virus_comp_17169_cycle_1","Dx.StatusCELIAC:onset_timeline_combinedt0-18",-24.4905585031878,199.164610540011,-0.122966416758402,0.902133691641796,0.999986080473642,-414.846022156557,365.864905150181,NA,"model_or_emmeans"
"virus_comp_17169_cycle_1","Dx.StatusCELIAC:onset_timeline_combinedt0-24",-25.8550354987967,188.900958477818,-0.136870853949811,0.89113287716409,0.99999002810088,-396.094110760417,344.384039762823,NA,"model_or_emmeans"
"virus_comp_17169_cycle_1","Dx.StatusCELIAC:onset_timeline_combinedt0-30",17.1062650933086,205.211893663374,0.0833590333773217,0.933566061725098,0.999998285985936,-385.101655686168,419.314185872785,NA,"model_or_emmeans"
"virus_comp_17169_cycle_1","Dx.StatusCELIAC:onset_timeline_combinedt0-36",-2.48223379848687,6.89966535421287,-0.35976147697819,0.71902551379578,0.99999758284016,-16.0053293981229,11.0408618011491,NA,"model_or_emmeans"
"virus_comp_17169_cycle_1","Dx.StatusCELIAC:onset_timeline_combinedt0-6",-0.338085626843563,1355.42104495393,-0.000249432180577552,0.999800981916213,0.999988545527813,-2656.91451762419,2656.2383463705,NA,"model_or_emmeans"
"virus_comp_17169_cycle_1","Dx.StatusCELIAC:onset_timeline_combinedt0-over42",-0.345762037218575,8.37655290021472,-0.0412773656822142,0.967074777257472,0.999999580890402,-16.763504036234,16.0719799617968,NA,"model_or_emmeans"
"virus_comp_17169_cycle_1","HLA.CategoryHigh Risk",2.5561163870534,3.97566878172376,0.642939974980795,0.520263049343419,0.727494642234339,-5.2360512395854,10.3482840136922,NA,"model_or_emmeans"
"virus_comp_17169_cycle_1","HLA.CategoryLow/No Risk",-7.96807825265625,26.5790088720621,-0.29978838906336,0.764338572410175,0.999860236857033,-60.0619783866686,44.1258218813561,NA,"model_or_emmeans"
"virus_comp_17169_cycle_1","SexMale",-0.814867011675776,4.7097212220934,-0.173018098789631,0.862637201389697,0.947178252787919,-10.0457509842028,8.41601696085125,NA,"model_or_emmeans"
"virus_comp_17169_cycle_1","TP (CELIAC): (t0-12) vs t0",-2.10866316338419,5.58546507322295,-0.377526873007093,0.989396378768279,0.999999999999433,-16.7890278361974,12.5717015094291,0.12140015016856,"model_or_emmeans"
"virus_comp_17169_cycle_1","TP (CELIAC): (t0-18) vs t0",-21.4976545584849,199.103465026689,-0.10797227740664,0.99981523623239,1,-544.804386566374,501.809077449405,4.60985485388581e-10,"model_or_emmeans"
"virus_comp_17169_cycle_1","TP (CELIAC): (t0-24) vs t0",-19.2033280879002,188.854400889973,-0.101683243797364,0.999848123725947,1,-515.572285513086,477.165629337285,4.57194057862153e-09,"model_or_emmeans"
"virus_comp_17169_cycle_1","TP (CELIAC): (t0-30) vs t0",-0.1917356148364,6.11943193512039,-0.0313322571227566,0.999996773131101,1,-16.2755336907931,15.8920624611203,0.825525096229946,"model_or_emmeans"
"virus_comp_17169_cycle_1","TP (CELIAC): (t0-36) vs t0",1.14972174805159,5.65242981202452,0.2034031003102,0.998546826295708,1,-13.7066473886584,16.0060908847616,3.15731425860804,"model_or_emmeans"
"virus_comp_17169_cycle_1","TP (CELIAC): (t0-6) vs t0",-9.62821655122187,616.359212602986,-0.0156211124200778,0.999999669654441,0.999999999997682,-1629.61471576654,1610.35828266409,6.58443752379636e-05,"model_or_emmeans"
"virus_comp_17169_cycle_1","TP (CELIAC): (t0-over42) vs t0",0.200709310990585,5.9053715767427,0.0339875837417317,0.999995788377283,1,-15.3204705976728,15.7218892196539,1.22226941989047,"model_or_emmeans"
"virus_comp_17169_cycle_1","feeding_first_yearBreastmilk_and_formula",-1.14893613079921,4.80733513054479,-0.238996470934408,0.811108319246247,0.857250173630953,-10.5711398482812,8.27326758668274,NA,"model_or_emmeans"
"virus_comp_17169_cycle_1","feeding_first_yearFormula",-5.51706864188253,7.79241194785314,-0.708005259321861,0.478941991444207,0.945205760501774,-20.7899154123743,9.75577812860923,NA,"model_or_emmeans"
"virus_comp_17169_cycle_1","onset_timeline_combinedt0-12",4.25778550520476,4.46747908746416,0.953062212904856,0.340558550239595,0.442726115311474,-4.49831260791086,13.0138836183204,NA,"model_or_emmeans"
"virus_comp_17169_cycle_1","onset_timeline_combinedt0-18",2.99290394470294,5.00746505482751,0.597688433555336,0.550047844561308,0.746119071393838,-6.82154721660186,12.8073551060077,NA,"model_or_emmeans"
"virus_comp_17169_cycle_1","onset_timeline_combinedt0-24",6.65170741089644,4.15667375222913,1.6002476517021,0.109543654815908,0.712033756303401,-1.49522343895563,14.7986382607485,NA,"model_or_emmeans"
"virus_comp_17169_cycle_1","onset_timeline_combinedt0-30",-17.298000708145,205.130968035288,-0.0843266176424873,0.932796749950602,0.999996321428976,-419.347310171146,384.751308754856,NA,"model_or_emmeans"
"virus_comp_17169_cycle_1","onset_timeline_combinedt0-36",3.63195554653846,4.00759078473281,0.906269063292251,0.364793455944382,0.790385821212828,-4.22277805631246,11.4866891493894,NA,"model_or_emmeans"
"virus_comp_17169_cycle_1","onset_timeline_combinedt0-6",-9.29013092437831,1207.17250810211,-0.00769577741542842,0.993859718626598,0.999946273725307,-2375.3047699314,2356.72450808265,NA,"model_or_emmeans"
"virus_comp_17169_cycle_1","onset_timeline_combinedt0-over42",0.54647134820916,5.68330824129687,0.0961537409212316,0.923398469909349,0.99990166004125,-10.5926081177724,11.6855508141907,NA,"model_or_emmeans"
"virus_comp_17296_cycle_1","TP (CELIAC): (t0-12) vs t0",5.67315410595701,NA,NA,NA,NA,NA,NA,290.95077824991,"model_or_emmeans"
"virus_comp_17296_cycle_1","TP (CELIAC): (t0-18) vs t0",-31.0425203894394,NA,NA,NA,NA,NA,NA,3.29916996961977e-14,"model_or_emmeans"
"virus_comp_17296_cycle_1","TP (CELIAC): (t0-24) vs t0",-31.624388794279,NA,NA,NA,NA,NA,NA,1.84375178204366e-14,"model_or_emmeans"
"virus_comp_17296_cycle_1","TP (CELIAC): (t0-30) vs t0",-17.1113095066033,NA,NA,NA,NA,NA,NA,3.70384414105265e-08,"model_or_emmeans"
"virus_comp_17296_cycle_1","TP (CELIAC): (t0-36) vs t0",-23.0480816655824,NA,NA,NA,NA,NA,NA,9.78014546200845e-11,"model_or_emmeans"
"virus_comp_17296_cycle_1","TP (CELIAC): (t0-6) vs t0",9.02859273845007,NA,NA,NA,NA,NA,NA,8338.11739994426,"model_or_emmeans"
"virus_comp_17296_cycle_1","TP (CELIAC): (t0-over42) vs t0",-26.7934050006858,NA,NA,NA,NA,NA,NA,2.31085160147447e-12,"model_or_emmeans"
"virus_comp_17302_cycle_1","TP (CELIAC): (t0-12) vs t0",47.7536646313961,NA,NA,NA,NA,NA,NA,5.48470205075999e+20,"model_or_emmeans"
"virus_comp_17302_cycle_1","TP (CELIAC): (t0-18) vs t0",27.7855644941758,NA,NA,NA,NA,NA,NA,1167124904792.1,"model_or_emmeans"
"virus_comp_17302_cycle_1","TP (CELIAC): (t0-24) vs t0",8.1919376952819,NA,NA,NA,NA,NA,NA,3611.71387138464,"model_or_emmeans"
"virus_comp_17302_cycle_1","TP (CELIAC): (t0-30) vs t0",53.4410642116978,NA,NA,NA,NA,NA,NA,1.61867363948603e+23,"model_or_emmeans"
"virus_comp_17302_cycle_1","TP (CELIAC): (t0-36) vs t0",-38.5058874753804,NA,NA,NA,NA,NA,NA,1.89280357981133e-17,"model_or_emmeans"
"virus_comp_17302_cycle_1","TP (CELIAC): (t0-6) vs t0",0.574067037093925,NA,NA,NA,NA,NA,NA,1.77547330323749,"model_or_emmeans"
"virus_comp_17302_cycle_1","TP (CELIAC): (t0-over42) vs t0",47.7500605679527,NA,NA,NA,NA,NA,NA,5.46497041499279e+20,"model_or_emmeans"
"virus_comp_174_cycle_1","TP (CELIAC): (t0-12) vs t0",-32.1980303844221,NA,NA,NA,NA,NA,NA,1.03889839635539e-14,"model_or_emmeans"
"virus_comp_174_cycle_1","TP (CELIAC): (t0-18) vs t0",-36.5586074608826,NA,NA,NA,NA,NA,NA,1.32677876995194e-16,"model_or_emmeans"
"virus_comp_174_cycle_1","TP (CELIAC): (t0-24) vs t0",0.39457742907403,NA,NA,NA,NA,NA,NA,1.48375706583061,"model_or_emmeans"
"virus_comp_174_cycle_1","TP (CELIAC): (t0-30) vs t0",-19.0963691095412,NA,NA,NA,NA,NA,NA,5.08806055451771e-09,"model_or_emmeans"
"virus_comp_174_cycle_1","TP (CELIAC): (t0-36) vs t0",1.17654489553455,NA,NA,NA,NA,NA,NA,3.24314940264431,"model_or_emmeans"
"virus_comp_174_cycle_1","TP (CELIAC): (t0-6) vs t0",10.4708395496482,NA,NA,NA,NA,NA,NA,35271.8173835862,"model_or_emmeans"
"virus_comp_174_cycle_1","TP (CELIAC): (t0-over42) vs t0",3.01276582192767,NA,NA,NA,NA,NA,NA,20.34358892938,"model_or_emmeans"
"virus_comp_17776_cycle_1","TP (CELIAC): (t0-12) vs t0",-5.06984646416549,NA,NA,NA,NA,NA,NA,0.00628338479147253,"model_or_emmeans"
"virus_comp_17776_cycle_1","TP (CELIAC): (t0-18) vs t0",-30.2413191307363,NA,NA,NA,NA,NA,NA,7.3512632645214e-14,"model_or_emmeans"
"virus_comp_17776_cycle_1","TP (CELIAC): (t0-24) vs t0",-48.3908699997747,NA,NA,NA,NA,NA,NA,9.64078026880491e-22,"model_or_emmeans"
"virus_comp_17776_cycle_1","TP (CELIAC): (t0-30) vs t0",3.26531086031994,NA,NA,NA,NA,NA,NA,26.1882506135789,"model_or_emmeans"
"virus_comp_17776_cycle_1","TP (CELIAC): (t0-36) vs t0",0.697904030841348,NA,NA,NA,NA,NA,NA,2.00953636410885,"model_or_emmeans"
"virus_comp_17776_cycle_1","TP (CELIAC): (t0-6) vs t0",-46.3732930297623,NA,NA,NA,NA,NA,NA,7.2499452934906e-21,"model_or_emmeans"
"virus_comp_17776_cycle_1","TP (CELIAC): (t0-over42) vs t0",-6.07690923541357,NA,NA,NA,NA,NA,NA,0.00229525980883357,"model_or_emmeans"
"virus_comp_17782_cycle_1","TP (CELIAC): (t0-12) vs t0",2.9581497343397,NA,NA,NA,NA,NA,NA,19.2622983938254,"model_or_emmeans"
"virus_comp_17782_cycle_1","TP (CELIAC): (t0-18) vs t0",1.43864138447545,NA,NA,NA,NA,NA,NA,4.21496540772812,"model_or_emmeans"
"virus_comp_17782_cycle_1","TP (CELIAC): (t0-24) vs t0",-70.9400249768828,NA,NA,NA,NA,NA,NA,1.552882538265e-31,"model_or_emmeans"
"virus_comp_17782_cycle_1","TP (CELIAC): (t0-30) vs t0",-49.1569259528654,NA,NA,NA,NA,NA,NA,4.48144748245304e-22,"model_or_emmeans"
"virus_comp_17782_cycle_1","TP (CELIAC): (t0-36) vs t0",-68.0663402334631,NA,NA,NA,NA,NA,NA,2.74893223021986e-30,"model_or_emmeans"
"virus_comp_17782_cycle_1","TP (CELIAC): (t0-6) vs t0",24.4599107334441,NA,NA,NA,NA,NA,NA,41956983728.6195,"model_or_emmeans"
"virus_comp_17782_cycle_1","TP (CELIAC): (t0-over42) vs t0",-48.3763287178754,NA,NA,NA,NA,NA,NA,9.781993797005e-22,"model_or_emmeans"
"virus_comp_17783_cycle_1","(Intercept)",-48.5655493226333,207422.453704862,-0.000234138341607589,0.999813184633846,0.999813184633846,-406589.104395778,406491.973297133,NA,"model_or_emmeans"
"virus_comp_17783_cycle_1","Age.at.Gluten.Introduction..months.",-0.88108768081228,0.970514452734633,-0.907856321283652,0.363954137205479,0.569088376733264,-2.78326105464776,1.0210856930232,NA,"model_or_emmeans"
"virus_comp_17783_cycle_1","CONTROL vs CELIAC @ t0",1.76381480193206,6.07242028456762,-0.290463228708757,0.77146187795584,0.885193930392456,NA,NA,5.83465303900523,"between_groups"
"virus_comp_17783_cycle_1","CONTROL vs CELIAC @ t0-12",37.7842116977093,110357.892662156,-0.000342378880080467,0.999726821182976,0.999726821182976,NA,NA,25672883106086700,"between_groups"
"virus_comp_17783_cycle_1","CONTROL vs CELIAC @ t0-18",-5.67174475611541,4.67226779588125,1.21391688231467,0.22477946545333,0.622211714490398,NA,NA,0.00344185483697748,"between_groups"
"virus_comp_17783_cycle_1","CONTROL vs CELIAC @ t0-24",39.5307356371453,5728.95003977865,-0.00690017112431873,0.994494503681323,0.999996070643485,NA,NA,147224589743967104,"between_groups"
"virus_comp_17783_cycle_1","CONTROL vs CELIAC @ t0-30",56.0108335391325,1133251.51304967,-4.94248919098311e-05,0.999960564641842,0.999999713555549,NA,NA,2.11444275987472e+24,"between_groups"
"virus_comp_17783_cycle_1","CONTROL vs CELIAC @ t0-36",37.9636700137925,58531.0918210097,-0.000648606899900088,0.999482486604825,0.999999607574504,NA,NA,30719376716027748,"between_groups"
"virus_comp_17783_cycle_1","CONTROL vs CELIAC @ t0-6",40.2940776396279,40549.9819105801,-0.00099368916436223,0.999207150887997,0.99998893637738,NA,NA,315860684556306752,"between_groups"
"virus_comp_17783_cycle_1","CONTROL vs CELIAC @ t0-over42",40.8022268076762,613616.467025972,-6.64946737909972e-05,0.999946944926446,0.999999030800758,NA,NA,525027379555232640,"between_groups"
"virus_comp_17783_cycle_1","CountryUSA",46.3567247362869,207422.453766494,0.000223489424093271,0.999821681240498,0.999821681240498,-406494.182242517,406586.895691989,NA,"model_or_emmeans"
"virus_comp_17783_cycle_1","Delivery.ModeC-Section",38.5443031496258,207422.453690869,0.000185825123865665,0.999851733003512,0.999851733003512,-406501.994515881,406579.08312218,NA,"model_or_emmeans"
"virus_comp_17783_cycle_1","Dx.StatusCELIAC",-1.76381480193206,6.07242028456762,-0.290463228708757,0.77146187795584,0.885193930392456,-13.6655398586751,10.1379102548109,NA,"model_or_emmeans"
"virus_comp_17783_cycle_1","Dx.StatusCELIAC:onset_timeline_combinedt0-12",-36.0203968957772,110357.892853878,-0.000326396200256115,0.999739573515735,0.999739573515735,-216333.515800226,216261.475006435,NA,"model_or_emmeans"
"virus_comp_17783_cycle_1","Dx.StatusCELIAC:onset_timeline_combinedt0-18",7.43555955804747,6.47121392912906,1.14902082352394,0.250547394261118,0.792212227200994,-5.24778667929941,20.1189057953944,NA,"model_or_emmeans"
"virus_comp_17783_cycle_1","Dx.StatusCELIAC:onset_timeline_combinedt0-24",-37.7669208352132,5728.9500831749,-0.00659229357681597,0.994740148832202,0.99999002810088,-11266.3027530858,11190.7689114153,NA,"model_or_emmeans"
"virus_comp_17783_cycle_1","Dx.StatusCELIAC:onset_timeline_combinedt0-30",-54.2470187372004,1133251.51304258,-4.78684723672301e-05,0.999961806484964,0.999998285985936,-2221186.39800771,2221077.90397024,NA,"model_or_emmeans"
"virus_comp_17783_cycle_1","Dx.StatusCELIAC:onset_timeline_combinedt0-36",-36.1998552118605,58531.0916984734,-0.000618472236915489,0.999506530582339,0.99999758284016,-114755.031560031,114682.631849607,NA,"model_or_emmeans"
"virus_comp_17783_cycle_1","Dx.StatusCELIAC:onset_timeline_combinedt0-6",-38.5302628376958,40549.9815711556,-0.000950191870496522,0.999241856690814,0.999988545527813,-79515.0337160655,79437.9731903901,NA,"model_or_emmeans"
"virus_comp_17783_cycle_1","Dx.StatusCELIAC:onset_timeline_combinedt0-over42",-39.0384120057442,613616.467018611,-6.36202157276202e-05,0.99994923841215,0.999999580890402,-1202705.21408919,1202627.13726518,NA,"model_or_emmeans"
"virus_comp_17783_cycle_1","HLA.CategoryHigh Risk",-10.9571514679155,3.6173886418742,-3.02902246694691,0.00245346436552344,0.0318950367518047,-18.0471029240732,-3.86720001175784,NA,"model_or_emmeans"
"virus_comp_17783_cycle_1","HLA.CategoryLow/No Risk",-36.3335946150796,207422.453574346,-0.000175167123852658,0.999860236857033,0.999860236857033,-406576.872185264,406504.204996034,NA,"model_or_emmeans"
"virus_comp_17783_cycle_1","SexMale",4.7028213240212,4.49576767521323,1.04605523767376,0.295535530132721,0.797406834695245,-4.1087214022561,13.5143640502985,NA,"model_or_emmeans"
"virus_comp_17783_cycle_1","TP (CELIAC): (t0-12) vs t0",-30.2482731939962,110357.892734955,-0.000274092522468176,0.999999999999433,0.999999999999433,-290085.613159311,290025.116612923,7.30031945328231e-14,"model_or_emmeans"
"virus_comp_17783_cycle_1","TP (CELIAC): (t0-18) vs t0",13.0753265905974,6.24924292007863,2.09230570131731,0.181800515999699,1,-3.34965571491611,29.5003088961109,477026.150203514,"model_or_emmeans"
"virus_comp_17783_cycle_1","TP (CELIAC): (t0-24) vs t0",-35.6084966678449,5728.94718375143,-0.0062155393522982,0.999999983846234,1,-15093.0894308791,15021.8724375434,3.431044796058e-16,"model_or_emmeans"
"virus_comp_17783_cycle_1","TP (CELIAC): (t0-30) vs t0",-47.2743310824328,1133251.51301702,-4.17156567094059e-05,1,1,-2978589.84133482,2978495.29267265,2.94454960652606e-21,"model_or_emmeans"
"virus_comp_17783_cycle_1","TP (CELIAC): (t0-36) vs t0",-37.8025289883388,58531.091518306,-0.000645853819017124,0.999999999990279,1,-153875.980177949,153800.375119972,3.82446119215491e-17,"model_or_emmeans"
"virus_comp_17783_cycle_1","TP (CELIAC): (t0-6) vs t0",-37.075093442259,40549.9813999704,-0.000914306052980979,0.999999999969655,0.999999999997682,-106615.221518743,106541.071331859,7.91573965416115e-17,"model_or_emmeans"
"virus_comp_17783_cycle_1","TP (CELIAC): (t0-over42) vs t0",-36.505675051504,613616.466978771,-5.94926587144001e-05,1,1,-1612814.20393281,1612741.19258271,1.39890031181554e-16,"model_or_emmeans"
"virus_comp_17783_cycle_1","feeding_first_yearBreastmilk_and_formula",6.11404918391478,3.60708058062118,1.69501319620142,0.0900729174717518,0.631701424123959,-0.955698843436561,13.1837972112661,NA,"model_or_emmeans"
"virus_comp_17783_cycle_1","feeding_first_yearFormula",3.04706157924897,5.53484738670684,0.55052314298081,0.581960607867988,0.945205760501774,-7.80103995862206,13.89516311712,NA,"model_or_emmeans"
"virus_comp_17783_cycle_1","onset_timeline_combinedt0-12",5.77212370178105,5.11773238034427,1.12786743674798,0.25937590792085,0.433299325518617,-4.25844744620816,15.8026948497703,NA,"model_or_emmeans"
"virus_comp_17783_cycle_1","onset_timeline_combinedt0-18",5.63976703254991,5.61967296840395,1.00357566432405,0.315583189368608,0.746119071393838,-5.37458959041511,16.6541236555149,NA,"model_or_emmeans"
"virus_comp_17783_cycle_1","onset_timeline_combinedt0-24",2.15842416736827,5.18362150497445,0.41639308836437,0.677122385192154,0.994836741479855,-8.00128729186896,12.3181356266055,NA,"model_or_emmeans"
"virus_comp_17783_cycle_1","onset_timeline_combinedt0-30",6.97268765476758,4.91358450000991,1.41906334464249,0.155880549281778,0.721410570658124,-2.65776100024609,16.6031363097812,NA,"model_or_emmeans"
"virus_comp_17783_cycle_1","onset_timeline_combinedt0-36",-1.6026737764783,4.21103041701533,-0.380589456205883,0.703507906263332,0.99999748493375,-9.85614173163102,6.65079417867443,NA,"model_or_emmeans"
"virus_comp_17783_cycle_1","onset_timeline_combinedt0-6",1.45516939543676,3.74916051881245,0.388132059999845,0.697918307628152,0.999946273725307,-5.89305019369514,8.80338898456866,NA,"model_or_emmeans"
"virus_comp_17783_cycle_1","onset_timeline_combinedt0-over42",2.53273695424019,6.15072583347486,0.411778548225311,0.68050174605551,0.99990166004125,-9.52246415815063,14.587938066631,NA,"model_or_emmeans"
"virus_comp_17808_cycle_1","TP (CELIAC): (t0-12) vs t0",2.35160543267136,NA,NA,NA,NA,NA,NA,10.5024171210031,"model_or_emmeans"
"virus_comp_17808_cycle_1","TP (CELIAC): (t0-18) vs t0",6.20416683936025,NA,NA,NA,NA,NA,NA,494.806530830081,"model_or_emmeans"
"virus_comp_17808_cycle_1","TP (CELIAC): (t0-24) vs t0",-59.1493770917811,NA,NA,NA,NA,NA,NA,2.04999084249375e-26,"model_or_emmeans"
"virus_comp_17808_cycle_1","TP (CELIAC): (t0-30) vs t0",-79.7787936667974,NA,NA,NA,NA,NA,NA,2.25169797687267e-35,"model_or_emmeans"
"virus_comp_17808_cycle_1","TP (CELIAC): (t0-36) vs t0",-50.1931883547944,NA,NA,NA,NA,NA,NA,1.58991998501293e-22,"model_or_emmeans"
"virus_comp_17808_cycle_1","TP (CELIAC): (t0-6) vs t0",-14.8952484737406,NA,NA,NA,NA,NA,NA,3.39684539938745e-07,"model_or_emmeans"
"virus_comp_17808_cycle_1","TP (CELIAC): (t0-over42) vs t0",-19.6893880988172,NA,NA,NA,NA,NA,NA,2.81194872134389e-09,"model_or_emmeans"
"virus_comp_17896_cycle_1","TP (CELIAC): (t0-12) vs t0",3.6578247554332,NA,NA,NA,NA,NA,NA,38.7769018196584,"model_or_emmeans"
"virus_comp_17896_cycle_1","TP (CELIAC): (t0-18) vs t0",1.65965944069022,NA,NA,NA,NA,NA,NA,5.25752004213028,"model_or_emmeans"
"virus_comp_17896_cycle_1","TP (CELIAC): (t0-24) vs t0",1.52586192517953,NA,NA,NA,NA,NA,NA,4.59910594664372,"model_or_emmeans"
"virus_comp_17896_cycle_1","TP (CELIAC): (t0-30) vs t0",-34.6653135380871,NA,NA,NA,NA,NA,NA,8.81141420544418e-16,"model_or_emmeans"
"virus_comp_17896_cycle_1","TP (CELIAC): (t0-36) vs t0",-35.5980002575068,NA,NA,NA,NA,NA,NA,3.4672481202088e-16,"model_or_emmeans"
"virus_comp_17896_cycle_1","TP (CELIAC): (t0-6) vs t0",1.05506092955445,NA,NA,NA,NA,NA,NA,2.87215014739894,"model_or_emmeans"
"virus_comp_17896_cycle_1","TP (CELIAC): (t0-over42) vs t0",-77.864793229772,NA,NA,NA,NA,NA,NA,1.52668685325334e-34,"model_or_emmeans"
"virus_comp_17937_cycle_1","TP (CELIAC): (t0-12) vs t0",20.1049701577561,NA,NA,NA,NA,NA,NA,538862049.224295,"model_or_emmeans"
"virus_comp_17937_cycle_1","TP (CELIAC): (t0-18) vs t0",-22.0100937870178,NA,NA,NA,NA,NA,NA,2.7614534209672e-10,"model_or_emmeans"
"virus_comp_17937_cycle_1","TP (CELIAC): (t0-24) vs t0",-11.3957770397164,NA,NA,NA,NA,NA,NA,1.12428628978506e-05,"model_or_emmeans"
"virus_comp_17937_cycle_1","TP (CELIAC): (t0-30) vs t0",-10.2260329627584,NA,NA,NA,NA,NA,NA,3.62151520149035e-05,"model_or_emmeans"
"virus_comp_17937_cycle_1","TP (CELIAC): (t0-36) vs t0",-1.74412911998587,NA,NA,NA,NA,NA,NA,0.174797150044674,"model_or_emmeans"
"virus_comp_17937_cycle_1","TP (CELIAC): (t0-6) vs t0",-35.9487006215934,NA,NA,NA,NA,NA,NA,2.44161783400796e-16,"model_or_emmeans"
"virus_comp_17937_cycle_1","TP (CELIAC): (t0-over42) vs t0",26.796546450831,NA,NA,NA,NA,NA,NA,434102470721.48,"model_or_emmeans"
"virus_comp_18095_cycle_1","(Intercept)",-36.5454971184856,14.5034235071197,-2.51978418064849,0.0117426808483474,0.0152654851028516,-64.9716848449717,-8.11930939199947,NA,"model_or_emmeans"
"virus_comp_18095_cycle_1","Age.at.Gluten.Introduction..months.",-0.0532136179590805,1.42974903600574,-0.0372188521334782,0.970310507196875,0.970310507196875,-2.85547023546119,2.74904299954303,NA,"model_or_emmeans"
"virus_comp_18095_cycle_1","CONTROL vs CELIAC @ t0",-11.9469310613995,7.1585848038709,1.66889565308208,0.0951380612444805,0.851166642770787,NA,NA,6.47908629500354e-06,"between_groups"
"virus_comp_18095_cycle_1","CONTROL vs CELIAC @ t0-12",2.58163646325746,5.80185432376789,-0.444967474050758,0.656343259793396,0.853246237731415,NA,NA,13.2187524720507,"between_groups"
"virus_comp_18095_cycle_1","CONTROL vs CELIAC @ t0-18",7.26417198306794,6.31576739383092,-1.15016458493443,0.250076089674844,0.622211714490398,NA,NA,1428.20256212587,"between_groups"
"virus_comp_18095_cycle_1","CONTROL vs CELIAC @ t0-24",-16.3632355953177,1012.34618211077,0.0161636759089662,0.987103814101279,0.999996070643485,NA,NA,7.82595010820695e-08,"between_groups"
"virus_comp_18095_cycle_1","CONTROL vs CELIAC @ t0-30",2.39717354959191,6677272.87000803,-3.59004880624121e-07,0.999999713555549,0.999999713555549,NA,NA,10.992063908904,"between_groups"
"virus_comp_18095_cycle_1","CONTROL vs CELIAC @ t0-36",2.31550394076035,4707912.35965803,-4.9183242249831e-07,0.999999607574504,0.999999607574504,NA,NA,10.1300265659573,"between_groups"
"virus_comp_18095_cycle_1","CONTROL vs CELIAC @ t0-6",-3.41559355836776,246325.22815765,1.3866194639965e-05,0.99998893637738,0.99998893637738,NA,NA,0.0328568984254368,"between_groups"
"virus_comp_18095_cycle_1","CONTROL vs CELIAC @ t0-over42",-9.89187004094516,15944.3849416983,0.000620398345694452,0.999504993770177,0.999999030800758,NA,NA,5.05842628484407e-05,"between_groups"
"virus_comp_18095_cycle_1","CountryUSA",-2.03815761519435,6.88133410589297,-0.296186405692602,0.767087730018041,0.864230098678408,-15.5253246283317,11.449009397943,NA,"model_or_emmeans"
"virus_comp_18095_cycle_1","Delivery.ModeC-Section",3.50398569586111,8.69964138748225,0.402773578794055,0.687114799676623,0.865990898166222,-13.5469981020182,20.5549694937404,NA,"model_or_emmeans"
"virus_comp_18095_cycle_1","Dx.StatusCELIAC",11.9469310613995,7.1585848038709,1.66889565308208,0.0951380612444805,0.851166642770787,-2.08363733446314,25.9774994572622,NA,"model_or_emmeans"
"virus_comp_18095_cycle_1","Dx.StatusCELIAC:onset_timeline_combinedt0-12",-14.528567524657,5.54309446279193,-2.62102109610077,0.00876668368756979,0.0569834439692036,-25.3928330346326,-3.66430201468143,NA,"model_or_emmeans"
"virus_comp_18095_cycle_1","Dx.StatusCELIAC:onset_timeline_combinedt0-18",-19.2111030444675,5.73840862577773,-3.34781022009631,0.000814527687422373,0.0105888599364908,-30.4581772795658,-7.96402880936915,NA,"model_or_emmeans"
"virus_comp_18095_cycle_1","Dx.StatusCELIAC:onset_timeline_combinedt0-24",4.4163045339182,1012.34446981875,0.00436245237227294,0.996519277645195,0.99999002810088,-1979.74239625913,1988.57500532696,NA,"model_or_emmeans"
"virus_comp_18095_cycle_1","Dx.StatusCELIAC:onset_timeline_combinedt0-30",-14.3441046109915,6677272.87003615,-2.14819805782683e-06,0.999998285985936,0.999998285985936,-13087228.6843219,13087199.9961127,NA,"model_or_emmeans"
"virus_comp_18095_cycle_1","Dx.StatusCELIAC:onset_timeline_combinedt0-36",-14.2624350021599,4707912.35968658,-3.02946060005021e-06,0.99999758284016,0.99999758284016,-9227352.92979167,9227324.40492166,NA,"model_or_emmeans"
"virus_comp_18095_cycle_1","Dx.StatusCELIAC:onset_timeline_combinedt0-6",-8.53133750303179,246325.228137987,-3.46344447441359e-05,0.999972365711272,0.999988545527813,-482797.10697157,482780.044296564,NA,"model_or_emmeans"
"virus_comp_18095_cycle_1","Dx.StatusCELIAC:onset_timeline_combinedt0-over42",-2.05506102045439,15944.3859965496,-0.000128889316960785,0.999897161204229,0.999999580890402,-31252.4773698625,31248.3672478216,NA,"model_or_emmeans"
"virus_comp_18095_cycle_1","HLA.CategoryHigh Risk",-0.872378708424833,5.45763195131116,-0.159845646648131,0.873002665521694,0.873002665521694,-11.5691407738698,9.8243833570201,NA,"model_or_emmeans"
"virus_comp_18095_cycle_1","HLA.CategoryLow/No Risk",-8.22970834768718,156.105803440765,-0.0527187853769318,0.957955971271872,0.999860236857033,-314.191460869275,297.732044173901,NA,"model_or_emmeans"
"virus_comp_18095_cycle_1","SexMale",7.02319828578252,8.51057580061988,0.825231858609492,0.409239969475797,0.797406834695245,-9.65722377113059,23.7036203426956,NA,"model_or_emmeans"
"virus_comp_18095_cycle_1","TP (CELIAC): (t0-12) vs t0",-0.319031108628666,2.4292826144613,-0.131327292563452,0.999649921114583,0.999999999999433,-6.70395236515687,6.06589014789954,0.726852937556501,"model_or_emmeans"
"virus_comp_18095_cycle_1","TP (CELIAC): (t0-18) vs t0",-3.5146464686352,2.49925369432046,-1.40627839287473,0.557956168777939,1,-10.0834738019926,3.05418086472221,0.0297583215947009,"model_or_emmeans"
"virus_comp_18095_cycle_1","TP (CELIAC): (t0-24) vs t0",-2.13478369577564,2.81147142245314,-0.75931189580186,0.909696645579179,1,-9.52421773711846,5.25465034556717,0.118270169947426,"model_or_emmeans"
"virus_comp_18095_cycle_1","TP (CELIAC): (t0-30) vs t0",-35.7227018976231,4804571.18873974,-7.4351488393688e-06,1,1,-12627964.8606585,12627893.4152547,3.06074879501292e-16,"model_or_emmeans"
"virus_comp_18095_cycle_1","TP (CELIAC): (t0-36) vs t0",-29.1024117781921,21470.2266857502,-0.0013554776204346,0.999999999889775,1,-56459.6329446469,56401.4281210905,2.29605958719231e-13,"model_or_emmeans"
"virus_comp_18095_cycle_1","TP (CELIAC): (t0-6) vs t0",-25.1171150668168,2347.58075533285,-0.0106991484786029,0.999999904343029,0.999999999997682,-6195.30010526827,6145.06587513463,1.23530877134932e-11,"model_or_emmeans"
"virus_comp_18095_cycle_1","TP (CELIAC): (t0-over42) vs t0",-4.01993927768927,269.682594906092,-0.0149061873239876,0.999999716637209,1,-712.830895434566,704.791016879187,0.0179540551181173,"model_or_emmeans"
"virus_comp_18095_cycle_1","feeding_first_yearBreastmilk_and_formula",-3.20875754279734,6.91309707473395,-0.464156297547843,0.64253576947816,0.759360454837825,-16.7581788309051,10.3406637453104,NA,"model_or_emmeans"
"virus_comp_18095_cycle_1","feeding_first_yearFormula",-3.40396683004526,7.34476339322676,-0.463454933508729,0.643038310801979,0.945205760501774,-17.7994385557379,10.9915048956474,NA,"model_or_emmeans"
"virus_comp_18095_cycle_1","onset_timeline_combinedt0-12",14.2095364160283,4.98795470558826,2.8487701382109,0.00438885767357132,0.0570551497564272,4.43332483655827,23.9857479954984,NA,"model_or_emmeans"
"virus_comp_18095_cycle_1","onset_timeline_combinedt0-18",15.6964565758323,5.1484084939929,3.04879781667417,0.00229759053873464,0.0298686770035503,5.60576134990612,25.7871518017585,NA,"model_or_emmeans"
"virus_comp_18095_cycle_1","onset_timeline_combinedt0-24",-6.55108822969384,1012.34049253836,-0.00647123006338266,0.994836741479855,0.994836741479855,-1990.70199369642,1977.59981723703,NA,"model_or_emmeans"
"virus_comp_18095_cycle_1","onset_timeline_combinedt0-30",-21.3785972866316,4637032.31321509,-4.61040507000667e-06,0.999996321428976,0.999996321428976,-9088437.70764731,9088394.95045273,NA,"model_or_emmeans"
"virus_comp_18095_cycle_1","onset_timeline_combinedt0-36",-14.8399767760323,4707863.4024302,-3.15216808719893e-06,0.99999748493375,0.99999748493375,-9227257.55287416,9227227.87292061,NA,"model_or_emmeans"
"virus_comp_18095_cycle_1","onset_timeline_combinedt0-6",-16.585777563785,246314.041178355,-6.73358996687293e-05,0.999946273725307,0.999946273725307,-482783.235373656,482750.063818529,NA,"model_or_emmeans"
"virus_comp_18095_cycle_1","onset_timeline_combinedt0-over42",-1.96487825723487,15942.1057448687,-0.000123250860876225,0.99990166004125,0.99990166004125,-31247.9179759289,31243.9882194145,NA,"model_or_emmeans"
"virus_comp_18116_cycle_1","TP (CELIAC): (t0-12) vs t0",-7.56530912660131,NA,NA,NA,NA,NA,NA,0.000518117179207433,"model_or_emmeans"
"virus_comp_18116_cycle_1","TP (CELIAC): (t0-18) vs t0",-92.5984949540903,NA,NA,NA,NA,NA,NA,6.09515296040784e-41,"model_or_emmeans"
"virus_comp_18116_cycle_1","TP (CELIAC): (t0-24) vs t0",-17.5413027317329,NA,NA,NA,NA,NA,NA,2.4094006225139e-08,"model_or_emmeans"
"virus_comp_18116_cycle_1","TP (CELIAC): (t0-30) vs t0",-8.07659101975892,NA,NA,NA,NA,NA,NA,0.000310728499272218,"model_or_emmeans"
"virus_comp_18116_cycle_1","TP (CELIAC): (t0-36) vs t0",-90.7672545084556,NA,NA,NA,NA,NA,NA,3.80436545498797e-40,"model_or_emmeans"
"virus_comp_18116_cycle_1","TP (CELIAC): (t0-6) vs t0",-70.8313708949181,NA,NA,NA,NA,NA,NA,1.73111721292667e-31,"model_or_emmeans"
"virus_comp_18116_cycle_1","TP (CELIAC): (t0-over42) vs t0",-18.757023313268,NA,NA,NA,NA,NA,NA,7.14378339794789e-09,"model_or_emmeans"
"virus_comp_18120_cycle_1","TP (CELIAC): (t0-12) vs t0",-17.6976619246517,NA,NA,NA,NA,NA,NA,2.06064454400149e-08,"model_or_emmeans"
"virus_comp_18120_cycle_1","TP (CELIAC): (t0-18) vs t0",0.333780197896239,NA,NA,NA,NA,NA,NA,1.39623621418665,"model_or_emmeans"
"virus_comp_18120_cycle_1","TP (CELIAC): (t0-24) vs t0",-1.61596279124547,NA,NA,NA,NA,NA,NA,0.198699272397479,"model_or_emmeans"
"virus_comp_18120_cycle_1","TP (CELIAC): (t0-30) vs t0",-2.47274465226492,NA,NA,NA,NA,NA,NA,0.0843530212792312,"model_or_emmeans"
"virus_comp_18120_cycle_1","TP (CELIAC): (t0-36) vs t0",-5.15612363798428,NA,NA,NA,NA,NA,NA,0.00576399978592838,"model_or_emmeans"
"virus_comp_18120_cycle_1","TP (CELIAC): (t0-6) vs t0",0.934745077815009,NA,NA,NA,NA,NA,NA,2.54656419927743,"model_or_emmeans"
"virus_comp_18120_cycle_1","TP (CELIAC): (t0-over42) vs t0",-62.6014768826678,NA,NA,NA,NA,NA,NA,6.49417564874208e-28,"model_or_emmeans"
"virus_comp_18139_cycle_1","TP (CELIAC): (t0-12) vs t0",-0.808665112093469,NA,NA,NA,NA,NA,NA,0.445452298404101,"model_or_emmeans"
"virus_comp_18139_cycle_1","TP (CELIAC): (t0-18) vs t0",-1.54466061974553,NA,NA,NA,NA,NA,NA,0.213384277345962,"model_or_emmeans"
"virus_comp_18139_cycle_1","TP (CELIAC): (t0-24) vs t0",-1.94396990689909,NA,NA,NA,NA,NA,NA,0.143134589377712,"model_or_emmeans"
"virus_comp_18139_cycle_1","TP (CELIAC): (t0-30) vs t0",-85.6707826069984,NA,NA,NA,NA,NA,NA,6.21801626095424e-38,"model_or_emmeans"
"virus_comp_18139_cycle_1","TP (CELIAC): (t0-36) vs t0",-0.217269580880109,NA,NA,NA,NA,NA,NA,0.804713004821502,"model_or_emmeans"
"virus_comp_18139_cycle_1","TP (CELIAC): (t0-6) vs t0",2.06627869244447,NA,NA,NA,NA,NA,NA,7.895387217693,"model_or_emmeans"
"virus_comp_18139_cycle_1","TP (CELIAC): (t0-over42) vs t0",-2.91498889672708,NA,NA,NA,NA,NA,NA,0.0542046328784647,"model_or_emmeans"
"virus_comp_18166_cycle_1","TP (CELIAC): (t0-12) vs t0",-40.7331991775781,NA,NA,NA,NA,NA,NA,2.04078083385397e-18,"model_or_emmeans"
"virus_comp_18166_cycle_1","TP (CELIAC): (t0-18) vs t0",-5.1345077706957,NA,NA,NA,NA,NA,NA,0.00588994999778138,"model_or_emmeans"
"virus_comp_18166_cycle_1","TP (CELIAC): (t0-24) vs t0",-92.8636186136591,NA,NA,NA,NA,NA,NA,4.67565939146287e-41,"model_or_emmeans"
"virus_comp_18166_cycle_1","TP (CELIAC): (t0-30) vs t0",30.7679390954615,NA,NA,NA,NA,NA,NA,23032769885638,"model_or_emmeans"
"virus_comp_18166_cycle_1","TP (CELIAC): (t0-36) vs t0",-50.0091119492045,NA,NA,NA,NA,NA,NA,1.91125500443007e-22,"model_or_emmeans"
"virus_comp_18166_cycle_1","TP (CELIAC): (t0-6) vs t0",9.27528812861766,NA,NA,NA,NA,NA,NA,10671.0327386899,"model_or_emmeans"
"virus_comp_18166_cycle_1","TP (CELIAC): (t0-over42) vs t0",6.3172018496905,NA,NA,NA,NA,NA,NA,554.020588653105,"model_or_emmeans"
"virus_comp_18196_cycle_1","TP (CELIAC): (t0-12) vs t0",38.1973660898224,NA,NA,NA,NA,NA,NA,38806575150417728,"model_or_emmeans"
"virus_comp_18196_cycle_1","TP (CELIAC): (t0-18) vs t0",-42.747630330495,NA,NA,NA,NA,NA,NA,2.72232538599324e-19,"model_or_emmeans"
"virus_comp_18196_cycle_1","TP (CELIAC): (t0-24) vs t0",41.1237065752183,NA,NA,NA,NA,NA,NA,724100489428657792,"model_or_emmeans"
"virus_comp_18196_cycle_1","TP (CELIAC): (t0-30) vs t0",40.7220476243878,NA,NA,NA,NA,NA,NA,484574520932332544,"model_or_emmeans"
"virus_comp_18196_cycle_1","TP (CELIAC): (t0-36) vs t0",39.9299051235238,NA,NA,NA,NA,NA,NA,219450946375524896,"model_or_emmeans"
"virus_comp_18196_cycle_1","TP (CELIAC): (t0-6) vs t0",4.6605458539761,NA,NA,NA,NA,NA,NA,105.69375977247,"model_or_emmeans"
"virus_comp_18196_cycle_1","TP (CELIAC): (t0-over42) vs t0",41.6611659353895,NA,NA,NA,NA,NA,NA,1239408514646337536,"model_or_emmeans"
"virus_comp_18294_cycle_1","TP (CELIAC): (t0-12) vs t0",127.090957491766,NA,NA,NA,NA,NA,NA,1.56639590277205e+55,"model_or_emmeans"
"virus_comp_18294_cycle_1","TP (CELIAC): (t0-18) vs t0",-52.3733527311728,NA,NA,NA,NA,NA,NA,1.7969744825814e-23,"model_or_emmeans"
"virus_comp_18294_cycle_1","TP (CELIAC): (t0-24) vs t0",-18.0335325898944,NA,NA,NA,NA,NA,NA,1.47277467265478e-08,"model_or_emmeans"
"virus_comp_18294_cycle_1","TP (CELIAC): (t0-30) vs t0",-32.5778716115447,NA,NA,NA,NA,NA,NA,7.10575332494265e-15,"model_or_emmeans"
"virus_comp_18294_cycle_1","TP (CELIAC): (t0-36) vs t0",-86.3001197459418,NA,NA,NA,NA,NA,NA,3.31386038023565e-38,"model_or_emmeans"
"virus_comp_18294_cycle_1","TP (CELIAC): (t0-6) vs t0",1.98409372263497,NA,NA,NA,NA,NA,NA,7.27245353794769,"model_or_emmeans"
"virus_comp_18294_cycle_1","TP (CELIAC): (t0-over42) vs t0",2.90553123288645,NA,NA,NA,NA,NA,NA,18.2749493280751,"model_or_emmeans"
"virus_comp_1888_cycle_1","TP (CELIAC): (t0-12) vs t0",4.24183906473579,NA,NA,NA,NA,NA,NA,69.5356148176439,"model_or_emmeans"
"virus_comp_1888_cycle_1","TP (CELIAC): (t0-18) vs t0",-1.96331239883218,NA,NA,NA,NA,NA,NA,0.140392613547886,"model_or_emmeans"
"virus_comp_1888_cycle_1","TP (CELIAC): (t0-24) vs t0",-1.1248933243777,NA,NA,NA,NA,NA,NA,0.324687101709624,"model_or_emmeans"
"virus_comp_1888_cycle_1","TP (CELIAC): (t0-30) vs t0",-76.9396425089136,NA,NA,NA,NA,NA,NA,3.85068345330563e-34,"model_or_emmeans"
"virus_comp_1888_cycle_1","TP (CELIAC): (t0-36) vs t0",-55.9226152521105,NA,NA,NA,NA,NA,NA,5.16555253047454e-25,"model_or_emmeans"
"virus_comp_1888_cycle_1","TP (CELIAC): (t0-6) vs t0",-61.1968703415934,NA,NA,NA,NA,NA,NA,2.64567748165879e-27,"model_or_emmeans"
"virus_comp_1888_cycle_1","TP (CELIAC): (t0-over42) vs t0",-8.30529503385258,NA,NA,NA,NA,NA,NA,0.000247204399835316,"model_or_emmeans"
"virus_comp_1935_cycle_1","TP (CELIAC): (t0-12) vs t0",-29.7239165080236,NA,NA,NA,NA,NA,NA,1.2332953101503e-13,"model_or_emmeans"
"virus_comp_1935_cycle_1","TP (CELIAC): (t0-18) vs t0",54.1805179014843,NA,NA,NA,NA,NA,NA,3.39078264209547e+23,"model_or_emmeans"
"virus_comp_1935_cycle_1","TP (CELIAC): (t0-24) vs t0",-67.2117513265164,NA,NA,NA,NA,NA,NA,6.46111215572109e-30,"model_or_emmeans"
"virus_comp_1935_cycle_1","TP (CELIAC): (t0-30) vs t0",-36.3346326210341,NA,NA,NA,NA,NA,NA,1.65985270560877e-16,"model_or_emmeans"
"virus_comp_1935_cycle_1","TP (CELIAC): (t0-36) vs t0",-33.6706368515568,NA,NA,NA,NA,NA,NA,2.38247423770853e-15,"model_or_emmeans"
"virus_comp_1935_cycle_1","TP (CELIAC): (t0-6) vs t0",-67.2164058354716,NA,NA,NA,NA,NA,NA,6.4311087311036e-30,"model_or_emmeans"
"virus_comp_1935_cycle_1","TP (CELIAC): (t0-over42) vs t0",49.3756696205176,NA,NA,NA,NA,NA,NA,2.77703182270824e+21,"model_or_emmeans"
"virus_comp_2136_cycle_1","TP (CELIAC): (t0-12) vs t0",-50.9433127070506,NA,NA,NA,NA,NA,NA,7.50931636605094e-23,"model_or_emmeans"
"virus_comp_2136_cycle_1","TP (CELIAC): (t0-18) vs t0",13.9826243849035,NA,NA,NA,NA,NA,NA,1181888.78843534,"model_or_emmeans"
"virus_comp_2136_cycle_1","TP (CELIAC): (t0-24) vs t0",23.9427225143287,NA,NA,NA,NA,NA,NA,25014525531.0399,"model_or_emmeans"
"virus_comp_2136_cycle_1","TP (CELIAC): (t0-30) vs t0",23.739220625715,NA,NA,NA,NA,NA,NA,20408567512.1062,"model_or_emmeans"
"virus_comp_2136_cycle_1","TP (CELIAC): (t0-36) vs t0",-23.5754332513048,NA,NA,NA,NA,NA,NA,5.77190840323157e-11,"model_or_emmeans"
"virus_comp_2136_cycle_1","TP (CELIAC): (t0-6) vs t0",9.87925918525452,NA,NA,NA,NA,NA,NA,19521.2556699961,"model_or_emmeans"
"virus_comp_2136_cycle_1","TP (CELIAC): (t0-over42) vs t0",-79.756167327772,NA,NA,NA,NA,NA,NA,2.3032264102636e-35,"model_or_emmeans"
"virus_comp_2239_cycle_1","TP (CELIAC): (t0-12) vs t0",1.0285295497031,NA,NA,NA,NA,NA,NA,2.79695003339305,"model_or_emmeans"
"virus_comp_2239_cycle_1","TP (CELIAC): (t0-18) vs t0",-3.99682674818553,NA,NA,NA,NA,NA,NA,0.0183738513355998,"model_or_emmeans"
"virus_comp_2239_cycle_1","TP (CELIAC): (t0-24) vs t0",-3.39652821225514,NA,NA,NA,NA,NA,NA,0.0334893362321285,"model_or_emmeans"
"virus_comp_2239_cycle_1","TP (CELIAC): (t0-30) vs t0",-3.74844322117925,NA,NA,NA,NA,NA,NA,0.0235543862978015,"model_or_emmeans"
"virus_comp_2239_cycle_1","TP (CELIAC): (t0-36) vs t0",9.76233302026283,NA,NA,NA,NA,NA,NA,17367.1022487864,"model_or_emmeans"
"virus_comp_2239_cycle_1","TP (CELIAC): (t0-6) vs t0",-118.989982852081,NA,NA,NA,NA,NA,NA,2.10526633402705e-52,"model_or_emmeans"
"virus_comp_2239_cycle_1","TP (CELIAC): (t0-over42) vs t0",13.14055935988,NA,NA,NA,NA,NA,NA,509181.269022585,"model_or_emmeans"
"virus_comp_230_cycle_1","TP (CELIAC): (t0-12) vs t0",0.631143317806012,NA,NA,NA,NA,NA,NA,1.87975851252357,"model_or_emmeans"
"virus_comp_230_cycle_1","TP (CELIAC): (t0-18) vs t0",0.654786857192005,NA,NA,NA,NA,NA,NA,1.92473223082079,"model_or_emmeans"
"virus_comp_230_cycle_1","TP (CELIAC): (t0-24) vs t0",-13.0945175948008,NA,NA,NA,NA,NA,NA,2.05647420028998e-06,"model_or_emmeans"
"virus_comp_230_cycle_1","TP (CELIAC): (t0-30) vs t0",-7.55110809183573,NA,NA,NA,NA,NA,NA,0.000525527471657007,"model_or_emmeans"
"virus_comp_230_cycle_1","TP (CELIAC): (t0-36) vs t0",2.69780519778024,NA,NA,NA,NA,NA,NA,14.8471094694485,"model_or_emmeans"
"virus_comp_230_cycle_1","TP (CELIAC): (t0-6) vs t0",38.2371910931974,NA,NA,NA,NA,NA,NA,40383233978031024,"model_or_emmeans"
"virus_comp_230_cycle_1","TP (CELIAC): (t0-over42) vs t0",-7.52582266628318,NA,NA,NA,NA,NA,NA,0.000538985081102635,"model_or_emmeans"
"virus_comp_2332_cycle_1","TP (CELIAC): (t0-12) vs t0",6.9528967258398,NA,NA,NA,NA,NA,NA,1046.17582772708,"model_or_emmeans"
"virus_comp_2332_cycle_1","TP (CELIAC): (t0-18) vs t0",-102.137861260817,NA,NA,NA,NA,NA,NA,4.38622050695112e-45,"model_or_emmeans"
"virus_comp_2332_cycle_1","TP (CELIAC): (t0-24) vs t0",13.1005793797749,NA,NA,NA,NA,NA,NA,489225.78004174,"model_or_emmeans"
"virus_comp_2332_cycle_1","TP (CELIAC): (t0-30) vs t0",16.2143209314437,NA,NA,NA,NA,NA,NA,11010070.7146472,"model_or_emmeans"
"virus_comp_2332_cycle_1","TP (CELIAC): (t0-36) vs t0",16.3410487783848,NA,NA,NA,NA,NA,NA,12497619.928022,"model_or_emmeans"
"virus_comp_2332_cycle_1","TP (CELIAC): (t0-6) vs t0",7.1746464213175,NA,NA,NA,NA,NA,NA,1305.89828155575,"model_or_emmeans"
"virus_comp_2332_cycle_1","TP (CELIAC): (t0-over42) vs t0",18.9482301825744,NA,NA,NA,NA,NA,NA,169477406.781241,"model_or_emmeans"
"virus_comp_2475_cycle_5","TP (CELIAC): (t0-12) vs t0",5.87758285344459,NA,NA,NA,NA,NA,NA,356.945408758767,"model_or_emmeans"
"virus_comp_2475_cycle_5","TP (CELIAC): (t0-18) vs t0",-4.34329886542088,NA,NA,NA,NA,NA,NA,0.0129935933084959,"model_or_emmeans"
"virus_comp_2475_cycle_5","TP (CELIAC): (t0-24) vs t0",-3.00448126571654,NA,NA,NA,NA,NA,NA,0.0495644584449007,"model_or_emmeans"
"virus_comp_2475_cycle_5","TP (CELIAC): (t0-30) vs t0",-83.885299859905,NA,NA,NA,NA,NA,NA,3.7074658386769e-37,"model_or_emmeans"
"virus_comp_2475_cycle_5","TP (CELIAC): (t0-36) vs t0",-92.3070620673576,NA,NA,NA,NA,NA,NA,8.15741023465349e-41,"model_or_emmeans"
"virus_comp_2475_cycle_5","TP (CELIAC): (t0-6) vs t0",-4.83996383577338,NA,NA,NA,NA,NA,NA,0.00790734000925873,"model_or_emmeans"
"virus_comp_2475_cycle_5","TP (CELIAC): (t0-over42) vs t0",19.3686694522633,NA,NA,NA,NA,NA,NA,258051426.944127,"model_or_emmeans"
"virus_comp_2476_cycle_1","TP (CELIAC): (t0-12) vs t0",5.21272822981564,NA,NA,NA,NA,NA,NA,183.594262888769,"model_or_emmeans"
"virus_comp_2476_cycle_1","TP (CELIAC): (t0-18) vs t0",-3.78131322418587,NA,NA,NA,NA,NA,NA,0.02279273978564,"model_or_emmeans"
"virus_comp_2476_cycle_1","TP (CELIAC): (t0-24) vs t0",-2.44271754259428,NA,NA,NA,NA,NA,NA,0.0869243096873265,"model_or_emmeans"
"virus_comp_2476_cycle_1","TP (CELIAC): (t0-30) vs t0",-63.9421244072718,NA,NA,NA,NA,NA,NA,1.69937102373382e-28,"model_or_emmeans"
"virus_comp_2476_cycle_1","TP (CELIAC): (t0-36) vs t0",-63.8655202861034,NA,NA,NA,NA,NA,NA,1.83466575991405e-28,"model_or_emmeans"
"virus_comp_2476_cycle_1","TP (CELIAC): (t0-6) vs t0",-4.4251430258389,NA,NA,NA,NA,NA,NA,0.0119724988016558,"model_or_emmeans"
"virus_comp_2476_cycle_1","TP (CELIAC): (t0-over42) vs t0",17.430436358836,NA,NA,NA,NA,NA,NA,37148589.4304326,"model_or_emmeans"
"virus_comp_2477_cycle_1","TP (CELIAC): (t0-12) vs t0",0.544933223099314,NA,NA,NA,NA,NA,NA,1.72449322221882,"model_or_emmeans"
"virus_comp_2477_cycle_1","TP (CELIAC): (t0-18) vs t0",-5.43013329788075,NA,NA,NA,NA,NA,NA,0.00438251158422556,"model_or_emmeans"
"virus_comp_2477_cycle_1","TP (CELIAC): (t0-24) vs t0",-3.81187964725014,NA,NA,NA,NA,NA,NA,0.0221065872944377,"model_or_emmeans"
"virus_comp_2477_cycle_1","TP (CELIAC): (t0-30) vs t0",-70.0032042109729,NA,NA,NA,NA,NA,NA,3.96273194237061e-31,"model_or_emmeans"
"virus_comp_2477_cycle_1","TP (CELIAC): (t0-36) vs t0",-72.9915109104376,NA,NA,NA,NA,NA,NA,1.99613351188043e-32,"model_or_emmeans"
"virus_comp_2477_cycle_1","TP (CELIAC): (t0-6) vs t0",-0.0426083901804866,NA,NA,NA,NA,NA,NA,0.958286591035001,"model_or_emmeans"
"virus_comp_2477_cycle_1","TP (CELIAC): (t0-over42) vs t0",14.4071261153741,NA,NA,NA,NA,NA,NA,1806905.21774594,"model_or_emmeans"
"virus_comp_2551_cycle_1","TP (CELIAC): (t0-12) vs t0",-7.99763866414792,NA,NA,NA,NA,NA,NA,0.000336255703823605,"model_or_emmeans"
"virus_comp_2551_cycle_1","TP (CELIAC): (t0-18) vs t0",-0.812601886034049,NA,NA,NA,NA,NA,NA,0.443702100730676,"model_or_emmeans"
"virus_comp_2551_cycle_1","TP (CELIAC): (t0-24) vs t0",-3.04826872428,NA,NA,NA,NA,NA,NA,0.0474409867628632,"model_or_emmeans"
"virus_comp_2551_cycle_1","TP (CELIAC): (t0-30) vs t0",-3.24309846989559,NA,NA,NA,NA,NA,NA,0.0390427347518066,"model_or_emmeans"
"virus_comp_2551_cycle_1","TP (CELIAC): (t0-36) vs t0",10.3440147516142,NA,NA,NA,NA,NA,NA,31070.5204028432,"model_or_emmeans"
"virus_comp_2551_cycle_1","TP (CELIAC): (t0-6) vs t0",-76.7314623502085,NA,NA,NA,NA,NA,NA,4.74186639103366e-34,"model_or_emmeans"
"virus_comp_2551_cycle_1","TP (CELIAC): (t0-over42) vs t0",-4.56469508392656,NA,NA,NA,NA,NA,NA,0.0104130538302241,"model_or_emmeans"
"virus_comp_2554_cycle_1","TP (CELIAC): (t0-12) vs t0",-45.9074422659942,NA,NA,NA,NA,NA,NA,1.15518394829593e-20,"model_or_emmeans"
"virus_comp_2554_cycle_1","TP (CELIAC): (t0-18) vs t0",4.55649412079208,NA,NA,NA,NA,NA,NA,95.2489624269483,"model_or_emmeans"
"virus_comp_2554_cycle_1","TP (CELIAC): (t0-24) vs t0",-51.8753284511997,NA,NA,NA,NA,NA,NA,2.95686234537097e-23,"model_or_emmeans"
"virus_comp_2554_cycle_1","TP (CELIAC): (t0-30) vs t0",-53.3173439555102,NA,NA,NA,NA,NA,NA,6.99152202918927e-24,"model_or_emmeans"
"virus_comp_2554_cycle_1","TP (CELIAC): (t0-36) vs t0",-98.1810580796452,NA,NA,NA,NA,NA,NA,2.29355019160334e-43,"model_or_emmeans"
"virus_comp_2554_cycle_1","TP (CELIAC): (t0-6) vs t0",-124.124435166631,NA,NA,NA,NA,NA,NA,1.24006011099071e-54,"model_or_emmeans"
"virus_comp_2554_cycle_1","TP (CELIAC): (t0-over42) vs t0",-48.4935135410807,NA,NA,NA,NA,NA,NA,8.7003086738877e-22,"model_or_emmeans"
"virus_comp_2590_cycle_1","TP (CELIAC): (t0-12) vs t0",1.10097703048998,NA,NA,NA,NA,NA,NA,3.00710262008717,"model_or_emmeans"
"virus_comp_2590_cycle_1","TP (CELIAC): (t0-18) vs t0",-4.11346773857409,NA,NA,NA,NA,NA,NA,0.0163509751931907,"model_or_emmeans"
"virus_comp_2590_cycle_1","TP (CELIAC): (t0-24) vs t0",-6.7202303225893,NA,NA,NA,NA,NA,NA,0.00120626035295257,"model_or_emmeans"
"virus_comp_2590_cycle_1","TP (CELIAC): (t0-30) vs t0",-4.09804145881462,NA,NA,NA,NA,NA,NA,0.0166051654752754,"model_or_emmeans"
"virus_comp_2590_cycle_1","TP (CELIAC): (t0-36) vs t0",-8.00048371417116,NA,NA,NA,NA,NA,NA,0.000335300399114847,"model_or_emmeans"
"virus_comp_2590_cycle_1","TP (CELIAC): (t0-6) vs t0",-7.1724770547534,NA,NA,NA,NA,NA,NA,0.000767419434956544,"model_or_emmeans"
"virus_comp_2590_cycle_1","TP (CELIAC): (t0-over42) vs t0",-75.3141939824879,NA,NA,NA,NA,NA,NA,1.9564157229311e-33,"model_or_emmeans"
"virus_comp_2591_cycle_1","TP (CELIAC): (t0-12) vs t0",0.793464589105857,NA,NA,NA,NA,NA,NA,2.21104352889522,"model_or_emmeans"
"virus_comp_2591_cycle_1","TP (CELIAC): (t0-18) vs t0",-6.70008430933057,NA,NA,NA,NA,NA,NA,0.00123080812968955,"model_or_emmeans"
"virus_comp_2591_cycle_1","TP (CELIAC): (t0-24) vs t0",-9.12345383017962,NA,NA,NA,NA,NA,NA,0.000109077291556203,"model_or_emmeans"
"virus_comp_2591_cycle_1","TP (CELIAC): (t0-30) vs t0",-6.39925386951161,NA,NA,NA,NA,NA,NA,0.00166279747433206,"model_or_emmeans"
"virus_comp_2591_cycle_1","TP (CELIAC): (t0-36) vs t0",-87.0145552354721,NA,NA,NA,NA,NA,NA,1.62202975198376e-38,"model_or_emmeans"
"virus_comp_2591_cycle_1","TP (CELIAC): (t0-6) vs t0",-9.38751618906847,NA,NA,NA,NA,NA,NA,8.3763250146512e-05,"model_or_emmeans"
"virus_comp_2591_cycle_1","TP (CELIAC): (t0-over42) vs t0",-164.465875810098,NA,NA,NA,NA,NA,NA,3.74436066512642e-72,"model_or_emmeans"
"virus_comp_2640_cycle_1","TP (CELIAC): (t0-12) vs t0",0.701736167821601,NA,NA,NA,NA,NA,NA,2.01725195688499,"model_or_emmeans"
"virus_comp_2640_cycle_1","TP (CELIAC): (t0-18) vs t0",-3.58015492619158,NA,NA,NA,NA,NA,NA,0.0278713799139996,"model_or_emmeans"
"virus_comp_2640_cycle_1","TP (CELIAC): (t0-24) vs t0",-6.17207032828933,NA,NA,NA,NA,NA,NA,0.00208691093416206,"model_or_emmeans"
"virus_comp_2640_cycle_1","TP (CELIAC): (t0-30) vs t0",-4.33854602320765,NA,NA,NA,NA,NA,NA,0.0130554967995059,"model_or_emmeans"
"virus_comp_2640_cycle_1","TP (CELIAC): (t0-36) vs t0",-6.322217587306,NA,NA,NA,NA,NA,NA,0.00179595639687515,"model_or_emmeans"
"virus_comp_2640_cycle_1","TP (CELIAC): (t0-6) vs t0",-73.9893159781219,NA,NA,NA,NA,NA,NA,7.35950069938138e-33,"model_or_emmeans"
"virus_comp_2640_cycle_1","TP (CELIAC): (t0-over42) vs t0",-101.724494150013,NA,NA,NA,NA,NA,NA,6.63152660408178e-45,"model_or_emmeans"
"virus_comp_289_cycle_1","TP (CELIAC): (t0-12) vs t0",-3.61385600419002,NA,NA,NA,NA,NA,NA,0.0269477356870582,"model_or_emmeans"
"virus_comp_289_cycle_1","TP (CELIAC): (t0-18) vs t0",-2.74048329762818,NA,NA,NA,NA,NA,NA,0.0645391477375105,"model_or_emmeans"
"virus_comp_289_cycle_1","TP (CELIAC): (t0-24) vs t0",-2.73108896037909,NA,NA,NA,NA,NA,NA,0.0651483071013427,"model_or_emmeans"
"virus_comp_289_cycle_1","TP (CELIAC): (t0-30) vs t0",-2.07673836142759,NA,NA,NA,NA,NA,NA,0.125338354642289,"model_or_emmeans"
"virus_comp_289_cycle_1","TP (CELIAC): (t0-36) vs t0",-4.81967748833107,NA,NA,NA,NA,NA,NA,0.00806938919165637,"model_or_emmeans"
"virus_comp_289_cycle_1","TP (CELIAC): (t0-6) vs t0",0.489508086188108,NA,NA,NA,NA,NA,NA,1.63151345852231,"model_or_emmeans"
"virus_comp_289_cycle_1","TP (CELIAC): (t0-over42) vs t0",-38.1960322173215,NA,NA,NA,NA,NA,NA,2.58032242892663e-17,"model_or_emmeans"
"virus_comp_2915_cycle_1","TP (CELIAC): (t0-12) vs t0",-32.1592925194728,NA,NA,NA,NA,NA,NA,1.07993276270542e-14,"model_or_emmeans"
"virus_comp_2915_cycle_1","TP (CELIAC): (t0-18) vs t0",-64.9725006262746,NA,NA,NA,NA,NA,NA,6.06459079707556e-29,"model_or_emmeans"
"virus_comp_2915_cycle_1","TP (CELIAC): (t0-24) vs t0",-10.5039966306645,NA,NA,NA,NA,NA,NA,2.74266159598301e-05,"model_or_emmeans"
"virus_comp_2915_cycle_1","TP (CELIAC): (t0-30) vs t0",-34.775411783575,NA,NA,NA,NA,NA,NA,7.89279015636203e-16,"model_or_emmeans"
"virus_comp_2915_cycle_1","TP (CELIAC): (t0-36) vs t0",-35.7457736198712,NA,NA,NA,NA,NA,NA,2.9909404449546e-16,"model_or_emmeans"
"virus_comp_2915_cycle_1","TP (CELIAC): (t0-6) vs t0",-15.0657581192484,NA,NA,NA,NA,NA,NA,2.86433878143495e-07,"model_or_emmeans"
"virus_comp_2915_cycle_1","TP (CELIAC): (t0-over42) vs t0",-12.4905501982546,NA,NA,NA,NA,NA,NA,3.76203622383582e-06,"model_or_emmeans"
"virus_comp_315_cycle_1","TP (CELIAC): (t0-12) vs t0",6.64542608019035,NA,NA,NA,NA,NA,NA,769.25774330039,"model_or_emmeans"
"virus_comp_315_cycle_1","TP (CELIAC): (t0-18) vs t0",17.5406259786573,NA,NA,NA,NA,NA,NA,41476019.6595041,"model_or_emmeans"
"virus_comp_315_cycle_1","TP (CELIAC): (t0-24) vs t0",14.8203352543915,NA,NA,NA,NA,NA,NA,2731428.40169565,"model_or_emmeans"
"virus_comp_315_cycle_1","TP (CELIAC): (t0-30) vs t0",3.78044025792732,NA,NA,NA,NA,NA,NA,43.8353363422822,"model_or_emmeans"
"virus_comp_315_cycle_1","TP (CELIAC): (t0-36) vs t0",0.998468126529886,NA,NA,NA,NA,NA,NA,2.71412095242321,"model_or_emmeans"
"virus_comp_315_cycle_1","TP (CELIAC): (t0-6) vs t0",-11.1971679199592,NA,NA,NA,NA,NA,NA,1.37129773733956e-05,"model_or_emmeans"
"virus_comp_315_cycle_1","TP (CELIAC): (t0-over42) vs t0",-50.079529807591,NA,NA,NA,NA,NA,NA,1.78129786860755e-22,"model_or_emmeans"
"virus_comp_3464_cycle_1","TP (CELIAC): (t0-12) vs t0",46.7614076892883,NA,NA,NA,NA,NA,NA,2.03339300623131e+20,"model_or_emmeans"
"virus_comp_3464_cycle_1","TP (CELIAC): (t0-18) vs t0",47.7581525775533,NA,NA,NA,NA,NA,NA,5.50937241647974e+20,"model_or_emmeans"
"virus_comp_3464_cycle_1","TP (CELIAC): (t0-24) vs t0",51.8732903451363,NA,NA,NA,NA,NA,NA,3.37507754132272e+22,"model_or_emmeans"
"virus_comp_3464_cycle_1","TP (CELIAC): (t0-30) vs t0",52.6481963946841,NA,NA,NA,NA,NA,NA,7.32522849896895e+22,"model_or_emmeans"
"virus_comp_3464_cycle_1","TP (CELIAC): (t0-36) vs t0",54.0030439776366,NA,NA,NA,NA,NA,NA,2.8393831809382e+23,"model_or_emmeans"
"virus_comp_3464_cycle_1","TP (CELIAC): (t0-6) vs t0",53.4340124577371,NA,NA,NA,NA,NA,NA,1.6072993028837e+23,"model_or_emmeans"
"virus_comp_3464_cycle_1","TP (CELIAC): (t0-over42) vs t0",-37.3079436334175,NA,NA,NA,NA,NA,NA,6.27142089806092e-17,"model_or_emmeans"
"virus_comp_347_cycle_1","TP (CELIAC): (t0-12) vs t0",31.860355965372,NA,NA,NA,NA,NA,NA,68671540066373.8,"model_or_emmeans"
"virus_comp_347_cycle_1","TP (CELIAC): (t0-18) vs t0",26.1291780453276,NA,NA,NA,NA,NA,NA,222719294253.812,"model_or_emmeans"
"virus_comp_347_cycle_1","TP (CELIAC): (t0-24) vs t0",31.6751751595508,NA,NA,NA,NA,NA,NA,57062892891902.9,"model_or_emmeans"
"virus_comp_347_cycle_1","TP (CELIAC): (t0-30) vs t0",36.2190324486241,NA,NA,NA,NA,NA,NA,5366930017560321,"model_or_emmeans"
"virus_comp_347_cycle_1","TP (CELIAC): (t0-36) vs t0",-43.9655094817004,NA,NA,NA,NA,NA,NA,8.05418939808719e-20,"model_or_emmeans"
"virus_comp_347_cycle_1","TP (CELIAC): (t0-6) vs t0",-34.8717925077494,NA,NA,NA,NA,NA,NA,7.16758645046201e-16,"model_or_emmeans"
"virus_comp_347_cycle_1","TP (CELIAC): (t0-over42) vs t0",-40.405328509401,NA,NA,NA,NA,NA,NA,2.83262307641832e-18,"model_or_emmeans"
"virus_comp_36_cycle_2","TP (CELIAC): (t0-12) vs t0",-6.92642800894321,NA,NA,NA,NA,NA,NA,0.000981500525401553,"model_or_emmeans"
"virus_comp_36_cycle_2","TP (CELIAC): (t0-18) vs t0",-36.6567525103635,NA,NA,NA,NA,NA,NA,1.20274804666798e-16,"model_or_emmeans"
"virus_comp_36_cycle_2","TP (CELIAC): (t0-24) vs t0",-74.0138900190161,NA,NA,NA,NA,NA,NA,7.18085207765776e-33,"model_or_emmeans"
"virus_comp_36_cycle_2","TP (CELIAC): (t0-30) vs t0",1.60797853914956,NA,NA,NA,NA,NA,NA,4.99270845541411,"model_or_emmeans"
"virus_comp_36_cycle_2","TP (CELIAC): (t0-36) vs t0",-57.8826230619561,NA,NA,NA,NA,NA,NA,7.27605890115539e-26,"model_or_emmeans"
"virus_comp_36_cycle_2","TP (CELIAC): (t0-6) vs t0",-101.614300212841,NA,NA,NA,NA,NA,NA,7.40406350571414e-45,"model_or_emmeans"
"virus_comp_36_cycle_2","TP (CELIAC): (t0-over42) vs t0",-11.8684375004303,NA,NA,NA,NA,NA,NA,7.00814509443256e-06,"model_or_emmeans"
"virus_comp_37_cycle_1","TP (CELIAC): (t0-12) vs t0",-44.6067521126927,NA,NA,NA,NA,NA,NA,4.24163898317889e-20,"model_or_emmeans"
"virus_comp_37_cycle_1","TP (CELIAC): (t0-18) vs t0",-48.4180829326215,NA,NA,NA,NA,NA,NA,9.38196391071683e-22,"model_or_emmeans"
"virus_comp_37_cycle_1","TP (CELIAC): (t0-24) vs t0",-34.4691289458511,NA,NA,NA,NA,NA,NA,1.07213013413062e-15,"model_or_emmeans"
"virus_comp_37_cycle_1","TP (CELIAC): (t0-30) vs t0",5.84882838568574,NA,NA,NA,NA,NA,NA,346.827793935978,"model_or_emmeans"
"virus_comp_37_cycle_1","TP (CELIAC): (t0-36) vs t0",-34.754509390797,NA,NA,NA,NA,NA,NA,8.05950465237097e-16,"model_or_emmeans"
"virus_comp_37_cycle_1","TP (CELIAC): (t0-6) vs t0",-23.49002412513,NA,NA,NA,NA,NA,NA,6.28654665073944e-11,"model_or_emmeans"
"virus_comp_37_cycle_1","TP (CELIAC): (t0-over42) vs t0",5.20305961398532,NA,NA,NA,NA,NA,NA,181.827714293807,"model_or_emmeans"
"virus_comp_384_cycle_1","TP (CELIAC): (t0-12) vs t0",-22.4688171893875,NA,NA,NA,NA,NA,NA,1.74548724566059e-10,"model_or_emmeans"
"virus_comp_384_cycle_1","TP (CELIAC): (t0-18) vs t0",-34.6681199035872,NA,NA,NA,NA,NA,NA,8.78672082214724e-16,"model_or_emmeans"
"virus_comp_384_cycle_1","TP (CELIAC): (t0-24) vs t0",-38.3277639543075,NA,NA,NA,NA,NA,NA,2.26184901404503e-17,"model_or_emmeans"
"virus_comp_384_cycle_1","TP (CELIAC): (t0-30) vs t0",-49.3106387659771,NA,NA,NA,NA,NA,NA,3.84292301898321e-22,"model_or_emmeans"
"virus_comp_384_cycle_1","TP (CELIAC): (t0-36) vs t0",-24.6229060650688,NA,NA,NA,NA,NA,NA,2.02491952264622e-11,"model_or_emmeans"
"virus_comp_384_cycle_1","TP (CELIAC): (t0-6) vs t0",2.86730740521055,NA,NA,NA,NA,NA,NA,17.5895927339652,"model_or_emmeans"
"virus_comp_384_cycle_1","TP (CELIAC): (t0-over42) vs t0",37.0557719792124,NA,NA,NA,NA,NA,NA,12391312029969056,"model_or_emmeans"
"virus_comp_4028_cycle_1","TP (CELIAC): (t0-12) vs t0",-3.60396813522308,NA,NA,NA,NA,NA,NA,0.0272155130585568,"model_or_emmeans"
"virus_comp_4028_cycle_1","TP (CELIAC): (t0-18) vs t0",-6.39697110734116,NA,NA,NA,NA,NA,NA,0.00166659758122352,"model_or_emmeans"
"virus_comp_4028_cycle_1","TP (CELIAC): (t0-24) vs t0",-7.795463426371,NA,NA,NA,NA,NA,NA,0.000411597994538783,"model_or_emmeans"
"virus_comp_4028_cycle_1","TP (CELIAC): (t0-30) vs t0",-12.8366996500307,NA,NA,NA,NA,NA,NA,2.66128984109483e-06,"model_or_emmeans"
"virus_comp_4028_cycle_1","TP (CELIAC): (t0-36) vs t0",-6.31506082899084,NA,NA,NA,NA,NA,NA,0.0018088557263863,"model_or_emmeans"
"virus_comp_4028_cycle_1","TP (CELIAC): (t0-6) vs t0",3.26864736153545,NA,NA,NA,NA,NA,NA,26.2757736727859,"model_or_emmeans"
"virus_comp_4028_cycle_1","TP (CELIAC): (t0-over42) vs t0",-23.2256572283346,NA,NA,NA,NA,NA,NA,8.1888935790014e-11,"model_or_emmeans"
"virus_comp_42_cycle_1","TP (CELIAC): (t0-12) vs t0",-11.3071200773516,NA,NA,NA,NA,NA,NA,1.22851409667557e-05,"model_or_emmeans"
"virus_comp_42_cycle_1","TP (CELIAC): (t0-18) vs t0",-40.7736091744395,NA,NA,NA,NA,NA,NA,1.95995693184648e-18,"model_or_emmeans"
"virus_comp_42_cycle_1","TP (CELIAC): (t0-24) vs t0",-59.9538382780884,NA,NA,NA,NA,NA,NA,9.17020125145275e-27,"model_or_emmeans"
"virus_comp_42_cycle_1","TP (CELIAC): (t0-30) vs t0",-0.663023455798485,NA,NA,NA,NA,NA,NA,0.515291017291128,"model_or_emmeans"
"virus_comp_42_cycle_1","TP (CELIAC): (t0-36) vs t0",-4.23073950711688,NA,NA,NA,NA,NA,NA,0.0145416329301958,"model_or_emmeans"
"virus_comp_42_cycle_1","TP (CELIAC): (t0-6) vs t0",-61.2188453456745,NA,NA,NA,NA,NA,NA,2.58817285447773e-27,"model_or_emmeans"
"virus_comp_42_cycle_1","TP (CELIAC): (t0-over42) vs t0",-11.9888369902295,NA,NA,NA,NA,NA,NA,6.21318450804616e-06,"model_or_emmeans"
"virus_comp_4442_cycle_1","TP (CELIAC): (t0-12) vs t0",-1.67949934995843,NA,NA,NA,NA,NA,NA,0.186467307539522,"model_or_emmeans"
"virus_comp_4442_cycle_1","TP (CELIAC): (t0-18) vs t0",-2.81322159300657,NA,NA,NA,NA,NA,NA,0.0600113484983093,"model_or_emmeans"
"virus_comp_4442_cycle_1","TP (CELIAC): (t0-24) vs t0",-1.74823954868201,NA,NA,NA,NA,NA,NA,0.174080133455445,"model_or_emmeans"
"virus_comp_4442_cycle_1","TP (CELIAC): (t0-30) vs t0",-27.4348491433686,NA,NA,NA,NA,NA,NA,1.21673613257057e-12,"model_or_emmeans"
"virus_comp_4442_cycle_1","TP (CELIAC): (t0-36) vs t0",-46.8925129866625,NA,NA,NA,NA,NA,NA,4.31360493440188e-21,"model_or_emmeans"
"virus_comp_4442_cycle_1","TP (CELIAC): (t0-6) vs t0",-58.969873129245,NA,NA,NA,NA,NA,NA,2.45306751564242e-26,"model_or_emmeans"
"virus_comp_4442_cycle_1","TP (CELIAC): (t0-over42) vs t0",-5.66935005314789,NA,NA,NA,NA,NA,NA,0.00345010693368608,"model_or_emmeans"
"virus_comp_491_cycle_1","TP (CELIAC): (t0-12) vs t0",7.75794874208535,NA,NA,NA,NA,NA,NA,2340.09953105333,"model_or_emmeans"
"virus_comp_491_cycle_1","TP (CELIAC): (t0-18) vs t0",-41.4970925423529,NA,NA,NA,NA,NA,NA,9.50696059505968e-19,"model_or_emmeans"
"virus_comp_491_cycle_1","TP (CELIAC): (t0-24) vs t0",-25.2981042304857,NA,NA,NA,NA,NA,NA,1.0307964877124e-11,"model_or_emmeans"
"virus_comp_491_cycle_1","TP (CELIAC): (t0-30) vs t0",-26.9511189038862,NA,NA,NA,NA,NA,NA,1.97368472019559e-12,"model_or_emmeans"
"virus_comp_491_cycle_1","TP (CELIAC): (t0-36) vs t0",7.56039683723968,NA,NA,NA,NA,NA,NA,1920.60753075613,"model_or_emmeans"
"virus_comp_491_cycle_1","TP (CELIAC): (t0-6) vs t0",-29.1205693261058,NA,NA,NA,NA,NA,NA,2.25474499615859e-13,"model_or_emmeans"
"virus_comp_491_cycle_1","TP (CELIAC): (t0-over42) vs t0",-61.9359371723842,NA,NA,NA,NA,NA,NA,1.26346802198905e-27,"model_or_emmeans"
"virus_comp_5117_cycle_1","(Intercept)",-27.6818523860348,7.23606603527174,-3.82553893940456,0.000130486306001876,0.00024233171114634,-41.864281204921,-13.4994235671487,NA,"model_or_emmeans"
"virus_comp_5117_cycle_1","Age.at.Gluten.Introduction..months.",0.244373793121762,0.602918311385876,0.405318247110527,0.685243595467514,0.809833340097971,-0.93732438281426,1.42607196905778,NA,"model_or_emmeans"
"virus_comp_5117_cycle_1","CONTROL vs CELIAC @ t0",0.357030082479597,4.05074478426328,-0.0881393673248983,0.929765907516575,0.929765907516575,NA,NA,1.42907885944289,"between_groups"
"virus_comp_5117_cycle_1","CONTROL vs CELIAC @ t0-12",-7.26560359895937,4.60084755418659,1.5791880764117,0.114292924067159,0.212258287553295,NA,NA,0.000699179118468591,"between_groups"
"virus_comp_5117_cycle_1","CONTROL vs CELIAC @ t0-18",-5.79394685446885,5.20150877351108,1.11389735300934,0.26532322512583,0.622211714490398,NA,NA,0.0030459365526036,"between_groups"
"virus_comp_5117_cycle_1","CONTROL vs CELIAC @ t0-24",-1.3754501930341,5.51754755535938,0.249286513479721,0.803139162778189,0.999996070643485,NA,NA,0.252725794798103,"between_groups"
"virus_comp_5117_cycle_1","CONTROL vs CELIAC @ t0-30",-0.287816319132298,5.72736719876245,0.0502528141018248,0.959920925118183,0.999999713555549,NA,NA,0.749899321747624,"between_groups"
"virus_comp_5117_cycle_1","CONTROL vs CELIAC @ t0-36",-1.83681497542224,5.27817003261744,0.348002236394678,0.727838503952061,0.999999607574504,NA,NA,0.159324069920649,"between_groups"
"virus_comp_5117_cycle_1","CONTROL vs CELIAC @ t0-6",3.74407701309929,6.05792402879243,-0.618046214396919,0.536544875283955,0.99998893637738,NA,NA,42.2699745754732,"between_groups"
"virus_comp_5117_cycle_1","CONTROL vs CELIAC @ t0-over42",-0.826672286848027,5.06724251987021,0.163140462215178,0.870407842287853,0.999999030800758,NA,NA,0.437502750280838,"between_groups"
"virus_comp_5117_cycle_1","CountryUSA",3.14217712497863,5.13773958856937,0.6115874638663,0.540810734321069,0.864230098678408,-6.92760743056296,13.2119616805202,NA,"model_or_emmeans"
"virus_comp_5117_cycle_1","Delivery.ModeC-Section",5.9880662306625,5.1706382766498,1.15809033822848,0.24682717242907,0.534792206929651,-4.14619856865535,16.1223310299804,NA,"model_or_emmeans"
"virus_comp_5117_cycle_1","Dx.StatusCELIAC",-0.357030082479597,4.05074478426328,-0.0881393673248983,0.929765907516575,0.929765907516575,-8.29634397019909,7.58228380523989,NA,"model_or_emmeans"
"virus_comp_5117_cycle_1","Dx.StatusCELIAC:onset_timeline_combinedt0-12",7.62263368143897,3.68177079080753,2.07037159957671,0.0384175592932183,0.166476090270613,0.406495532124667,14.8387718307533,NA,"model_or_emmeans"
"virus_comp_5117_cycle_1","Dx.StatusCELIAC:onset_timeline_combinedt0-18",6.15097693694845,4.4010331087415,1.39762114598301,0.162226864897707,0.792212227200994,-2.47488945095324,14.7768433248501,NA,"model_or_emmeans"
"virus_comp_5117_cycle_1","Dx.StatusCELIAC:onset_timeline_combinedt0-24",1.7324802755137,4.60207147539331,0.376456620627699,0.706577459251067,0.99999002810088,-7.2874140705363,10.7523746215637,NA,"model_or_emmeans"
"virus_comp_5117_cycle_1","Dx.StatusCELIAC:onset_timeline_combinedt0-30",0.644846401611895,4.8705717802125,0.132396447626886,0.894670724326691,0.999998285985936,-8.90129887172173,10.1909916749455,NA,"model_or_emmeans"
"virus_comp_5117_cycle_1","Dx.StatusCELIAC:onset_timeline_combinedt0-36",2.19384505790184,4.32193458650989,0.507607187010537,0.611728849388164,0.99999758284016,-6.27699107519556,10.6646811909992,NA,"model_or_emmeans"
"virus_comp_5117_cycle_1","Dx.StatusCELIAC:onset_timeline_combinedt0-6",-3.3870469306197,4.90242777556292,-0.690891755204039,0.489633567785401,0.999988545527813,-12.9956288075318,6.22153494629243,NA,"model_or_emmeans"
"virus_comp_5117_cycle_1","Dx.StatusCELIAC:onset_timeline_combinedt0-over42",1.18370236932762,3.5878819376504,0.329916755873745,0.741462862357002,0.999999580890402,-5.84841700924893,8.21582174790418,NA,"model_or_emmeans"
"virus_comp_5117_cycle_1","HLA.CategoryHigh Risk",1.96792758049161,3.60902119280274,0.545280139783088,0.585560861171214,0.727494642234339,-5.10562397684355,9.04147913782676,NA,"model_or_emmeans"
"virus_comp_5117_cycle_1","HLA.CategoryLow/No Risk",3.40039635938592,6.2334956240153,0.545503929815155,0.585406978464808,0.999860236857033,-8.8170305614721,15.6178232802439,NA,"model_or_emmeans"
"virus_comp_5117_cycle_1","SexMale",0.700403231224951,4.12563586978077,0.169768552856355,0.865192159064729,0.947178252787919,-7.38569448687193,8.78650094932183,NA,"model_or_emmeans"
"virus_comp_5117_cycle_1","TP (CELIAC): (t0-12) vs t0",-0.146010269034612,1.66360203707369,-0.0877675464328278,0.999906108435043,0.999999999999433,-4.51848136222229,4.22646082415306,0.864148829164842,"model_or_emmeans"
"virus_comp_5117_cycle_1","TP (CELIAC): (t0-18) vs t0",0.632028799977321,2.10477326907406,0.300283555128655,0.994891682957852,1,-4.89997949987355,6.16403709982819,1.88142374232962,"model_or_emmeans"
"virus_comp_5117_cycle_1","TP (CELIAC): (t0-24) vs t0",-5.75421523232441,3.05406365064743,-1.88411765128228,0.272885347027216,1,-13.7812581979009,2.2728277332521,0.0031693928724431,"model_or_emmeans"
"virus_comp_5117_cycle_1","TP (CELIAC): (t0-30) vs t0",-5.02545158825129,3.06784673210678,-1.63810386472604,0.409867466777034,1,-13.0887208410726,3.03781766457003,0.00656861951365356,"model_or_emmeans"
"virus_comp_5117_cycle_1","TP (CELIAC): (t0-36) vs t0",-4.7195084640549,2.95811232586659,-1.59544599533498,0.436195989683572,1,-12.4943610712358,3.055344143126,0.00891956175631693,"model_or_emmeans"
"virus_comp_5117_cycle_1","TP (CELIAC): (t0-6) vs t0",-3.5258435428262,4.392147733271,-0.80276068951815,0.893960201268301,0.999999999997682,-15.0697937020352,8.01810661638277,0.0294269739837669,"model_or_emmeans"
"virus_comp_5117_cycle_1","TP (CELIAC): (t0-over42) vs t0",-3.26890000967806,3.26653111610956,-1.00072520159285,0.804708138806419,1,-11.8543745173379,5.31657449798176,0.0380482567790456,"model_or_emmeans"
"virus_comp_5117_cycle_1","feeding_first_yearBreastmilk_and_formula",2.2447760758123,3.72457261495513,0.602693599474728,0.546712540278787,0.710726302362423,-5.05525210730391,9.54480425892852,NA,"model_or_emmeans"
"virus_comp_5117_cycle_1","feeding_first_yearFormula",2.57200263910684,4.40558786761551,0.583804640014799,0.559351756132794,0.945205760501774,-6.06279091214618,11.2067961903599,NA,"model_or_emmeans"
"virus_comp_5117_cycle_1","onset_timeline_combinedt0-12",-7.76864395047358,3.2265615795775,-2.40771600320451,0.0160526629465023,0.104342309152265,-14.0925884403461,-1.44469946060102,NA,"model_or_emmeans"
"virus_comp_5117_cycle_1","onset_timeline_combinedt0-18",-5.51894813697113,3.8157033545201,-1.4463776725288,0.14807130077554,0.641642303360673,-12.9975892875192,1.95969301357693,NA,"model_or_emmeans"
"virus_comp_5117_cycle_1","onset_timeline_combinedt0-24",-7.48669550783811,3.58886937312911,-2.08608749147939,0.0369706985494364,0.480619081142674,-14.52075022439,-0.452640791286219,NA,"model_or_emmeans"
"virus_comp_5117_cycle_1","onset_timeline_combinedt0-30",-5.67029798986318,3.92485395902819,-1.44471566306818,0.148537768511555,0.721410570658124,-13.3628703941379,2.02227441441151,NA,"model_or_emmeans"
"virus_comp_5117_cycle_1","onset_timeline_combinedt0-36",-6.91335352195674,3.30796222096854,-2.08991308248151,0.03662560817363,0.464383992939315,-13.3968403372742,-0.42986670663927,NA,"model_or_emmeans"
"virus_comp_5117_cycle_1","onset_timeline_combinedt0-6",-0.138796612206509,2.12828343616029,-0.0652152856373853,0.948002590858294,0.999946273725307,-4.31015549597383,4.03256227156081,NA,"model_or_emmeans"
"virus_comp_5117_cycle_1","onset_timeline_combinedt0-over42",-4.45260237900568,1.58632375164305,-2.80686863220314,0.0050025638021293,0.0650333294276808,-7.56173980004651,-1.34346495796485,NA,"model_or_emmeans"
"virus_comp_5225_cycle_1","TP (CELIAC): (t0-12) vs t0",-16.1546663216453,NA,NA,NA,NA,NA,NA,9.64089958589093e-08,"model_or_emmeans"
"virus_comp_5225_cycle_1","TP (CELIAC): (t0-18) vs t0",-6.78823479473887,NA,NA,NA,NA,NA,NA,0.00112695632867835,"model_or_emmeans"
"virus_comp_5225_cycle_1","TP (CELIAC): (t0-24) vs t0",39.6918119703064,NA,NA,NA,NA,NA,NA,172955714364569728,"model_or_emmeans"
"virus_comp_5225_cycle_1","TP (CELIAC): (t0-30) vs t0",-1.40592486525799,NA,NA,NA,NA,NA,NA,0.245140229895127,"model_or_emmeans"
"virus_comp_5225_cycle_1","TP (CELIAC): (t0-36) vs t0",-35.269146801111,NA,NA,NA,NA,NA,NA,4.8173052106735e-16,"model_or_emmeans"
"virus_comp_5225_cycle_1","TP (CELIAC): (t0-6) vs t0",43.6958830905604,NA,NA,NA,NA,NA,NA,9481584244158705664,"model_or_emmeans"
"virus_comp_5225_cycle_1","TP (CELIAC): (t0-over42) vs t0",42.6684810641569,NA,NA,NA,NA,NA,NA,3393797124459846656,"model_or_emmeans"
"virus_comp_545_cycle_1","TP (CELIAC): (t0-12) vs t0",-28.2030139738642,NA,NA,NA,NA,NA,NA,5.64399549082846e-13,"model_or_emmeans"
"virus_comp_545_cycle_1","TP (CELIAC): (t0-18) vs t0",-18.0748189093175,NA,NA,NA,NA,NA,NA,1.41320734601922e-08,"model_or_emmeans"
"virus_comp_545_cycle_1","TP (CELIAC): (t0-24) vs t0",1.90670646888505,NA,NA,NA,NA,NA,NA,6.73088387682361,"model_or_emmeans"
"virus_comp_545_cycle_1","TP (CELIAC): (t0-30) vs t0",-40.9933402149945,NA,NA,NA,NA,NA,NA,1.57332538482453e-18,"model_or_emmeans"
"virus_comp_545_cycle_1","TP (CELIAC): (t0-36) vs t0",1.80902498989855,NA,NA,NA,NA,NA,NA,6.10449258774831,"model_or_emmeans"
"virus_comp_545_cycle_1","TP (CELIAC): (t0-6) vs t0",13.3486678524517,NA,NA,NA,NA,NA,NA,626978.702950258,"model_or_emmeans"
"virus_comp_545_cycle_1","TP (CELIAC): (t0-over42) vs t0",-46.1289236963878,NA,NA,NA,NA,NA,NA,9.25684480216109e-21,"model_or_emmeans"
"virus_comp_54_cycle_1","TP (CELIAC): (t0-12) vs t0",1.68791292305789,NA,NA,NA,NA,NA,NA,5.40818162703748,"model_or_emmeans"
"virus_comp_54_cycle_1","TP (CELIAC): (t0-18) vs t0",5.10298990302833,NA,NA,NA,NA,NA,NA,164.513050767038,"model_or_emmeans"
"virus_comp_54_cycle_1","TP (CELIAC): (t0-24) vs t0",-39.8073621541149,NA,NA,NA,NA,NA,NA,5.1508900231748e-18,"model_or_emmeans"
"virus_comp_54_cycle_1","TP (CELIAC): (t0-30) vs t0",3.19520258087298,NA,NA,NA,NA,NA,NA,24.4151192275098,"model_or_emmeans"
"virus_comp_54_cycle_1","TP (CELIAC): (t0-36) vs t0",4.35055400644495,NA,NA,NA,NA,NA,NA,77.5213983852286,"model_or_emmeans"
"virus_comp_54_cycle_1","TP (CELIAC): (t0-6) vs t0",-2.13896458375711,NA,NA,NA,NA,NA,NA,0.117776727847173,"model_or_emmeans"
"virus_comp_54_cycle_1","TP (CELIAC): (t0-over42) vs t0",8.10455086642786,NA,NA,NA,NA,NA,NA,3309.49492610647,"model_or_emmeans"
"virus_comp_5552_cycle_1","TP (CELIAC): (t0-12) vs t0",-0.25453293454814,NA,NA,NA,NA,NA,NA,0.775278519222586,"model_or_emmeans"
"virus_comp_5552_cycle_1","TP (CELIAC): (t0-18) vs t0",7.79670917163471,NA,NA,NA,NA,NA,NA,2432.58357623583,"model_or_emmeans"
"virus_comp_5552_cycle_1","TP (CELIAC): (t0-24) vs t0",-7.90633914208928,NA,NA,NA,NA,NA,NA,0.000368400777875151,"model_or_emmeans"
"virus_comp_5552_cycle_1","TP (CELIAC): (t0-30) vs t0",-7.17332023775491,NA,NA,NA,NA,NA,NA,0.000766772632658628,"model_or_emmeans"
"virus_comp_5552_cycle_1","TP (CELIAC): (t0-36) vs t0",-6.25435451325634,NA,NA,NA,NA,NA,NA,0.0019220662239924,"model_or_emmeans"
"virus_comp_5552_cycle_1","TP (CELIAC): (t0-6) vs t0",-6.56542451322184,NA,NA,NA,NA,NA,NA,0.00140822601343642,"model_or_emmeans"
"virus_comp_5552_cycle_1","TP (CELIAC): (t0-over42) vs t0",-41.980674909258,NA,NA,NA,NA,NA,NA,5.86171285895688e-19,"model_or_emmeans"
"virus_comp_5629_cycle_1","TP (CELIAC): (t0-12) vs t0",68.0540147850746,NA,NA,NA,NA,NA,NA,3.59321407773373e+29,"model_or_emmeans"
"virus_comp_5629_cycle_1","TP (CELIAC): (t0-18) vs t0",0.446928026456259,NA,NA,NA,NA,NA,NA,1.56350176447407,"model_or_emmeans"
"virus_comp_5629_cycle_1","TP (CELIAC): (t0-24) vs t0",-1.12921141843168,NA,NA,NA,NA,NA,NA,0.323288094961503,"model_or_emmeans"
"virus_comp_5629_cycle_1","TP (CELIAC): (t0-30) vs t0",-2.11108975511354,NA,NA,NA,NA,NA,NA,0.121105918702418,"model_or_emmeans"
"virus_comp_5629_cycle_1","TP (CELIAC): (t0-36) vs t0",-142.064484643642,NA,NA,NA,NA,NA,NA,2.00529487944934e-62,"model_or_emmeans"
"virus_comp_5629_cycle_1","TP (CELIAC): (t0-6) vs t0",1.22867259830136,NA,NA,NA,NA,NA,NA,3.4166912031537,"model_or_emmeans"
"virus_comp_5629_cycle_1","TP (CELIAC): (t0-over42) vs t0",-102.9278248964,NA,NA,NA,NA,NA,NA,1.99073573866956e-45,"model_or_emmeans"
"virus_comp_586_cycle_1","TP (CELIAC): (t0-12) vs t0",-5.35880278290274,NA,NA,NA,NA,NA,NA,0.00470653748306476,"model_or_emmeans"
"virus_comp_586_cycle_1","TP (CELIAC): (t0-18) vs t0",-2.65558766622494,NA,NA,NA,NA,NA,NA,0.0702575385486229,"model_or_emmeans"
"virus_comp_586_cycle_1","TP (CELIAC): (t0-24) vs t0",-6.97078498898216,NA,NA,NA,NA,NA,NA,0.0009389155780929,"model_or_emmeans"
"virus_comp_586_cycle_1","TP (CELIAC): (t0-30) vs t0",-6.85958733832838,NA,NA,NA,NA,NA,NA,0.0010493468685265,"model_or_emmeans"
"virus_comp_586_cycle_1","TP (CELIAC): (t0-36) vs t0",-8.16309623800928,NA,NA,NA,NA,NA,NA,0.000284978665609167,"model_or_emmeans"
"virus_comp_586_cycle_1","TP (CELIAC): (t0-6) vs t0",-8.21354833227636,NA,NA,NA,NA,NA,NA,0.000270957566025592,"model_or_emmeans"
"virus_comp_586_cycle_1","TP (CELIAC): (t0-over42) vs t0",-5.26110349196396,NA,NA,NA,NA,NA,NA,0.00518957490368167,"model_or_emmeans"
"virus_comp_6059_cycle_1","TP (CELIAC): (t0-12) vs t0",-43.5268803829234,NA,NA,NA,NA,NA,NA,1.24886655500145e-19,"model_or_emmeans"
"virus_comp_6059_cycle_1","TP (CELIAC): (t0-18) vs t0",-22.1084794379687,NA,NA,NA,NA,NA,NA,2.50270336082313e-10,"model_or_emmeans"
"virus_comp_6059_cycle_1","TP (CELIAC): (t0-24) vs t0",1.41538550867358,NA,NA,NA,NA,NA,NA,4.1180737131397,"model_or_emmeans"
"virus_comp_6059_cycle_1","TP (CELIAC): (t0-30) vs t0",-27.670923649621,NA,NA,NA,NA,NA,NA,9.60883088315082e-13,"model_or_emmeans"
"virus_comp_6059_cycle_1","TP (CELIAC): (t0-36) vs t0",1.84377136457968,NA,NA,NA,NA,NA,NA,6.32032963717642,"model_or_emmeans"
"virus_comp_6059_cycle_1","TP (CELIAC): (t0-6) vs t0",13.5918318473753,NA,NA,NA,NA,NA,NA,799571.987117938,"model_or_emmeans"
"virus_comp_6059_cycle_1","TP (CELIAC): (t0-over42) vs t0",4.39236516232721,NA,NA,NA,NA,NA,NA,80.8313723903897,"model_or_emmeans"
"virus_comp_6408_cycle_1","TP (CELIAC): (t0-12) vs t0",-76.8455630385527,NA,NA,NA,NA,NA,NA,4.23054202541372e-34,"model_or_emmeans"
"virus_comp_6408_cycle_1","TP (CELIAC): (t0-18) vs t0",-11.8741139439176,NA,NA,NA,NA,NA,NA,6.9684764497796e-06,"model_or_emmeans"
"virus_comp_6408_cycle_1","TP (CELIAC): (t0-24) vs t0",-75.4122085643933,NA,NA,NA,NA,NA,NA,1.77375630554726e-33,"model_or_emmeans"
"virus_comp_6408_cycle_1","TP (CELIAC): (t0-30) vs t0",-62.986698227818,NA,NA,NA,NA,NA,NA,4.41798794337095e-28,"model_or_emmeans"
"virus_comp_6408_cycle_1","TP (CELIAC): (t0-36) vs t0",-61.3112530205102,NA,NA,NA,NA,NA,NA,2.35972359243589e-27,"model_or_emmeans"
"virus_comp_6408_cycle_1","TP (CELIAC): (t0-6) vs t0",-19.4029859994983,NA,NA,NA,NA,NA,NA,3.74446907333188e-09,"model_or_emmeans"
"virus_comp_6408_cycle_1","TP (CELIAC): (t0-over42) vs t0",-55.2727280621825,NA,NA,NA,NA,NA,NA,9.893710603378e-25,"model_or_emmeans"
"virus_comp_6559_cycle_1","TP (CELIAC): (t0-12) vs t0",24.9225272239954,NA,NA,NA,NA,NA,NA,66637093839.018,"model_or_emmeans"
"virus_comp_6559_cycle_1","TP (CELIAC): (t0-18) vs t0",2.47159648368856,NA,NA,NA,NA,NA,NA,11.8413362695156,"model_or_emmeans"
"virus_comp_6559_cycle_1","TP (CELIAC): (t0-24) vs t0",-9.12946811835785,NA,NA,NA,NA,NA,NA,0.000108423238095597,"model_or_emmeans"
"virus_comp_6559_cycle_1","TP (CELIAC): (t0-30) vs t0",-3.43992650941377,NA,NA,NA,NA,NA,NA,0.0320670418669733,"model_or_emmeans"
"virus_comp_6559_cycle_1","TP (CELIAC): (t0-36) vs t0",-27.2189632751948,NA,NA,NA,NA,NA,NA,1.50992176878609e-12,"model_or_emmeans"
"virus_comp_6559_cycle_1","TP (CELIAC): (t0-6) vs t0",25.4717243317986,NA,NA,NA,NA,NA,NA,115406248014.94,"model_or_emmeans"
"virus_comp_6559_cycle_1","TP (CELIAC): (t0-over42) vs t0",29.1384233493529,NA,NA,NA,NA,NA,NA,4514986665217.39,"model_or_emmeans"
"virus_comp_6916_cycle_1","TP (CELIAC): (t0-12) vs t0",-52.244673019987,NA,NA,NA,NA,NA,NA,2.04374542857085e-23,"model_or_emmeans"
"virus_comp_6916_cycle_1","TP (CELIAC): (t0-18) vs t0",30.4734429810921,NA,NA,NA,NA,NA,NA,17157267849664.4,"model_or_emmeans"
"virus_comp_6916_cycle_1","TP (CELIAC): (t0-24) vs t0",32.8671231443318,NA,NA,NA,NA,NA,NA,187936103188754,"model_or_emmeans"
"virus_comp_6916_cycle_1","TP (CELIAC): (t0-30) vs t0",35.1922752140712,NA,NA,NA,NA,NA,NA,1922254698427586,"model_or_emmeans"
"virus_comp_6916_cycle_1","TP (CELIAC): (t0-36) vs t0",34.5111848760441,NA,NA,NA,NA,NA,NA,972785650239340,"model_or_emmeans"
"virus_comp_6916_cycle_1","TP (CELIAC): (t0-6) vs t0",34.19261189461,NA,NA,NA,NA,NA,NA,707396110661859,"model_or_emmeans"
"virus_comp_6916_cycle_1","TP (CELIAC): (t0-over42) vs t0",-42.7417184613496,NA,NA,NA,NA,NA,NA,2.73846708423736e-19,"model_or_emmeans"
"virus_comp_73_cycle_1","TP (CELIAC): (t0-12) vs t0",21.6420076457226,NA,NA,NA,NA,NA,NA,2506135208.11688,"model_or_emmeans"
"virus_comp_73_cycle_1","TP (CELIAC): (t0-18) vs t0",-1.98441288384283,NA,NA,NA,NA,NA,NA,0.137461296177737,"model_or_emmeans"
"virus_comp_73_cycle_1","TP (CELIAC): (t0-24) vs t0",7.21438400083084,NA,NA,NA,NA,NA,NA,1358.83636814963,"model_or_emmeans"
"virus_comp_73_cycle_1","TP (CELIAC): (t0-30) vs t0",36.3613333196428,NA,NA,NA,NA,NA,NA,6187659619989774,"model_or_emmeans"
"virus_comp_73_cycle_1","TP (CELIAC): (t0-36) vs t0",6.3162854713115,NA,NA,NA,NA,NA,NA,553.513128712318,"model_or_emmeans"
"virus_comp_73_cycle_1","TP (CELIAC): (t0-6) vs t0",-24.6381565017596,NA,NA,NA,NA,NA,NA,1.99427289684509e-11,"model_or_emmeans"
"virus_comp_73_cycle_1","TP (CELIAC): (t0-over42) vs t0",-14.1578499913189,NA,NA,NA,NA,NA,NA,7.10107129751866e-07,"model_or_emmeans"
"virus_comp_808_cycle_4","TP (CELIAC): (t0-12) vs t0",36.4856650216317,NA,NA,NA,NA,NA,NA,7006852695717750,"model_or_emmeans"
"virus_comp_808_cycle_4","TP (CELIAC): (t0-18) vs t0",37.5163428709466,NA,NA,NA,NA,NA,NA,19639964119905532,"model_or_emmeans"
"virus_comp_808_cycle_4","TP (CELIAC): (t0-24) vs t0",41.3718689483717,NA,NA,NA,NA,NA,NA,928056443302668672,"model_or_emmeans"
"virus_comp_808_cycle_4","TP (CELIAC): (t0-30) vs t0",42.9147105145636,NA,NA,NA,NA,NA,NA,4341321698917458432,"model_or_emmeans"
"virus_comp_808_cycle_4","TP (CELIAC): (t0-36) vs t0",43.7380686504572,NA,NA,NA,NA,NA,NA,9890126898709067776,"model_or_emmeans"
"virus_comp_808_cycle_4","TP (CELIAC): (t0-6) vs t0",43.765108149333,NA,NA,NA,NA,NA,NA,10161199289001584640,"model_or_emmeans"
"virus_comp_808_cycle_4","TP (CELIAC): (t0-over42) vs t0",-44.5217466266626,NA,NA,NA,NA,NA,NA,4.61797008601386e-20,"model_or_emmeans"
"virus_comp_809_cycle_1","TP (CELIAC): (t0-12) vs t0",40.4041707830743,NA,NA,NA,NA,NA,NA,352621198314468480,"model_or_emmeans"
"virus_comp_809_cycle_1","TP (CELIAC): (t0-18) vs t0",41.1920691237085,NA,NA,NA,NA,NA,NA,775333088628308608,"model_or_emmeans"
"virus_comp_809_cycle_1","TP (CELIAC): (t0-24) vs t0",45.5805034234079,NA,NA,NA,NA,NA,NA,62425369141919399936,"model_or_emmeans"
"virus_comp_809_cycle_1","TP (CELIAC): (t0-30) vs t0",46.1434021645563,NA,NA,NA,NA,NA,NA,1.09603629590088e+20,"model_or_emmeans"
"virus_comp_809_cycle_1","TP (CELIAC): (t0-36) vs t0",47.1829956425227,NA,NA,NA,NA,NA,NA,3.09966419875597e+20,"model_or_emmeans"
"virus_comp_809_cycle_1","TP (CELIAC): (t0-6) vs t0",-3.48329998905587,NA,NA,NA,NA,NA,NA,0.0307059144743767,"model_or_emmeans"
"virus_comp_809_cycle_1","TP (CELIAC): (t0-over42) vs t0",-28.8033332846026,NA,NA,NA,NA,NA,NA,3.09650149537453e-13,"model_or_emmeans"
"virus_comp_810_cycle_1","TP (CELIAC): (t0-12) vs t0",-18.2005191952111,NA,NA,NA,NA,NA,NA,1.24627804897568e-08,"model_or_emmeans"
"virus_comp_810_cycle_1","TP (CELIAC): (t0-18) vs t0",40.3959567974496,NA,NA,NA,NA,NA,NA,349736635955748416,"model_or_emmeans"
"virus_comp_810_cycle_1","TP (CELIAC): (t0-24) vs t0",43.7969510856126,NA,NA,NA,NA,NA,NA,10489968417926281216,"model_or_emmeans"
"virus_comp_810_cycle_1","TP (CELIAC): (t0-30) vs t0",46.3238909065907,NA,NA,NA,NA,NA,NA,1.31283516502159e+20,"model_or_emmeans"
"virus_comp_810_cycle_1","TP (CELIAC): (t0-36) vs t0",43.9552593398795,NA,NA,NA,NA,NA,NA,12289284035058530304,"model_or_emmeans"
"virus_comp_810_cycle_1","TP (CELIAC): (t0-6) vs t0",46.0565672420276,NA,NA,NA,NA,NA,NA,1.00487723733725e+20,"model_or_emmeans"
"virus_comp_810_cycle_1","TP (CELIAC): (t0-over42) vs t0",-24.9638625657066,NA,NA,NA,NA,NA,NA,1.43989969833498e-11,"model_or_emmeans"
"virus_comp_8200_cycle_1","(Intercept)",-13.6077744299481,3.43814143873691,-3.95788674562127,7.56157933990618e-05,0.000177030823460513,-20.3464078236271,-6.86914103626899,NA,"model_or_emmeans"
"virus_comp_8200_cycle_1","Age.at.Gluten.Introduction..months.",0.245318833358707,0.180865547869673,1.35636021480153,0.174984585339445,0.567216173070841,-0.109171126509957,0.599808793227371,NA,"model_or_emmeans"
"virus_comp_8200_cycle_1","CONTROL vs CELIAC @ t0",-0.887675097056799,2.77128999078217,0.320311154736377,0.748732468012833,0.885193930392456,NA,NA,0.411611598213983,"between_groups"
"virus_comp_8200_cycle_1","CONTROL vs CELIAC @ t0-12",-1.63956422551371,2.07815864665544,0.788950462541639,0.430140960198087,0.621314720286126,NA,NA,0.194064592265194,"between_groups"
"virus_comp_8200_cycle_1","CONTROL vs CELIAC @ t0-18",-3.15367984733008,3.27139222754565,0.964017649970427,0.335037077033291,0.622211714490398,NA,NA,0.0426947273630884,"between_groups"
"virus_comp_8200_cycle_1","CONTROL vs CELIAC @ t0-24",-2.24688592862524,3.2125954612389,0.699398961286821,0.484302736799881,0.999996070643485,NA,NA,0.105727956852247,"between_groups"
"virus_comp_8200_cycle_1","CONTROL vs CELIAC @ t0-30",-2.49540886558338,2.88399819734124,0.865260202965416,0.386895988713678,0.999999713555549,NA,NA,0.0824627283265902,"between_groups"
"virus_comp_8200_cycle_1","CONTROL vs CELIAC @ t0-36",-2.86529211725694,3.14995125720704,0.909630620696496,0.363017344333378,0.999999607574504,NA,NA,0.0569664878070952,"between_groups"
"virus_comp_8200_cycle_1","CONTROL vs CELIAC @ t0-6",26.607043075259,76245.8756330447,-0.00034896370268358,0.999721567254999,0.99998893637738,NA,NA,359163328229.02,"between_groups"
"virus_comp_8200_cycle_1","CONTROL vs CELIAC @ t0-over42",-31.8349853124212,100847.19071514,0.000315675479769631,0.999748127412651,0.999999030800758,NA,NA,1.4936249078548e-14,"between_groups"
"virus_comp_8200_cycle_1","CountryUSA",4.8083886162451,2.39032238263322,2.01160674023732,0.0442614083317024,0.575398308312131,0.12344283484403,9.49333439764618,NA,"model_or_emmeans"
"virus_comp_8200_cycle_1","Delivery.ModeC-Section",4.54239434896827,3.01593392950739,1.50613191639454,0.13203331281155,0.343286613310031,-1.36872753261857,10.4535162305551,NA,"model_or_emmeans"
"virus_comp_8200_cycle_1","Dx.StatusCELIAC",0.887675097056799,2.77128999078217,0.320311154736377,0.748732468012833,0.885193930392456,-4.54395347559259,6.31930366970618,NA,"model_or_emmeans"
"virus_comp_8200_cycle_1","Dx.StatusCELIAC:onset_timeline_combinedt0-12",0.751889128456916,3.46411265993744,0.217051003321149,0.828168597343187,0.978744705951039,-6.03764692340972,7.54142518032355,NA,"model_or_emmeans"
"virus_comp_8200_cycle_1","Dx.StatusCELIAC:onset_timeline_combinedt0-18",2.26600475027328,4.60228295658905,0.492365369893013,0.62246107575161,0.999986080473642,-6.75430409130377,11.2863135918503,NA,"model_or_emmeans"
"virus_comp_8200_cycle_1","Dx.StatusCELIAC:onset_timeline_combinedt0-24",1.35921083156845,4.67092472991111,0.290993948770892,0.771055947532948,0.99999002810088,-7.79563341355482,10.5140550766917,NA,"model_or_emmeans"
"virus_comp_8200_cycle_1","Dx.StatusCELIAC:onset_timeline_combinedt0-30",1.60773376852658,4.53372347240009,0.354616636483007,0.722876811050986,0.999998285985936,-7.27820095324146,10.4936684902946,NA,"model_or_emmeans"
"virus_comp_8200_cycle_1","Dx.StatusCELIAC:onset_timeline_combinedt0-36",1.97761702020015,4.33694473083778,0.455993134092378,0.648394915475112,0.99999758284016,-6.52263845518266,10.477872495583,NA,"model_or_emmeans"
"virus_comp_8200_cycle_1","Dx.StatusCELIAC:onset_timeline_combinedt0-6",-27.4947181723158,76245.8756894118,-0.000360605972765212,0.999712278068033,0.999988545527813,-149466.665039137,149411.675602793,NA,"model_or_emmeans"
"virus_comp_8200_cycle_1","Dx.StatusCELIAC:onset_timeline_combinedt0-over42",30.9473102153644,100847.190751003,0.00030687329993926,0.999755150535699,0.999999580890402,-197625.914503792,197687.809124223,NA,"model_or_emmeans"
"virus_comp_8200_cycle_1","HLA.CategoryHigh Risk",3.09594560845611,1.50207383234295,2.06111413553289,0.039292152564673,0.170265994446916,0.151934994943876,6.03995622196834,NA,"model_or_emmeans"
"virus_comp_8200_cycle_1","HLA.CategoryLow/No Risk",-7.62100321109718,4.51012762311579,-1.68975333913772,0.0910751540552859,0.591988501359358,-16.4606909180834,1.218684495889,NA,"model_or_emmeans"
"virus_comp_8200_cycle_1","SexMale",-2.38090040336083,2.98870611449361,-0.796632493176478,0.425664500500142,0.797406834695245,-8.23865674814295,3.47685594142129,NA,"model_or_emmeans"
"virus_comp_8200_cycle_1","TP (CELIAC): (t0-12) vs t0",1.28079582378791,2.68480289530825,0.477053949109682,0.977866301733875,0.999999999999433,-5.77571335871551,8.33730500629133,3.59950315626143,"model_or_emmeans"
"virus_comp_8200_cycle_1","TP (CELIAC): (t0-18) vs t0",-0.221536287157682,2.8765821046407,-0.0770137194416542,0.999938760853345,1,-7.78210174657909,7.33902917226372,0.801286845198278,"model_or_emmeans"
"virus_comp_8200_cycle_1","TP (CELIAC): (t0-24) vs t0",1.28261194171215,2.87602668613689,0.445966634417767,0.982068819737282,1,-6.27649370262222,8.84171758604652,3.60604621814947,"model_or_emmeans"
"virus_comp_8200_cycle_1","TP (CELIAC): (t0-30) vs t0",-0.729545396392674,2.89697638692641,-0.251829942309849,0.997100066732472,1,-8.34371346495578,6.88462267217043,0.482128117459773,"model_or_emmeans"
"virus_comp_8200_cycle_1","TP (CELIAC): (t0-36) vs t0",-0.869143669695811,2.93824757891358,-0.295803415591404,0.99513219334805,1,-8.59178545368108,6.85349811428946,0.419310463808021,"model_or_emmeans"
"virus_comp_8200_cycle_1","TP (CELIAC): (t0-6) vs t0",-31.828029623909,76245.8756113299,-0.000417439361391234,0.999999999997682,0.999999999997682,-200430.048070127,200366.39201088,1.50405031337145e-14,"model_or_emmeans"
"virus_comp_8200_cycle_1","TP (CELIAC): (t0-over42) vs t0",-1.30908646680827,2.72209750644512,-0.480910938608462,0.977304243788584,1,-8.46361765547278,5.84544472185624,0.270066658584485,"model_or_emmeans"
"virus_comp_8200_cycle_1","feeding_first_yearBreastmilk_and_formula",2.98597931513038,2.96115899250069,1.00838196216162,0.313271128957192,0.631701424123959,-2.81778566266789,8.78974429292865,NA,"model_or_emmeans"
"virus_comp_8200_cycle_1","feeding_first_yearFormula",0.363903325423085,2.26749703481,0.160486792192686,0.872497625078561,0.945205760501774,-4.08030919785588,4.80811584870205,NA,"model_or_emmeans"
"virus_comp_8200_cycle_1","onset_timeline_combinedt0-12",0.528906695330992,1.79267608860214,0.295037513298575,0.767965223040312,0.831962324960338,-2.98467387427534,4.04248726493732,NA,"model_or_emmeans"
"virus_comp_8200_cycle_1","onset_timeline_combinedt0-18",-2.48754103743096,2.98683286988593,-0.832835697809218,0.404937398828969,0.746119071393838,-8.34162589024779,3.36654381538587,NA,"model_or_emmeans"
"virus_comp_8200_cycle_1","onset_timeline_combinedt0-24",-0.0765988898562938,2.99878835103525,-0.0255432797815992,0.979621627463331,0.994836741479855,-5.95411605514363,5.80091827543104,NA,"model_or_emmeans"
"virus_comp_8200_cycle_1","onset_timeline_combinedt0-30",-2.33727916491925,2.71011402435119,-0.862428349478324,0.38845184573899,0.721410570658124,-7.64900504664449,2.97444671680598,NA,"model_or_emmeans"
"virus_comp_8200_cycle_1","onset_timeline_combinedt0-36",-2.84676068989596,2.93329512072665,-0.970499241546054,0.331797702785065,0.790385821212828,-8.59591348254726,2.90239210275535,NA,"model_or_emmeans"
"virus_comp_8200_cycle_1","onset_timeline_combinedt0-6",-4.3333114515932,3.29240109131428,-1.31615539279979,0.188121892131083,0.93040932371338,-10.7862990132296,2.11967611004316,NA,"model_or_emmeans"
"virus_comp_8200_cycle_1","onset_timeline_combinedt0-over42",-32.2563966821727,100847.190711866,-0.000319854191817139,0.999744793282993,0.99990166004125,-197689.118133981,197624.605340617,NA,"model_or_emmeans"
"virus_comp_88_cycle_1","TP (CELIAC): (t0-12) vs t0",9.91074943366563,NA,NA,NA,NA,NA,NA,20145.7662506019,"model_or_emmeans"
"virus_comp_88_cycle_1","TP (CELIAC): (t0-18) vs t0",61.4631588465599,NA,NA,NA,NA,NA,NA,4.93299559218456e+26,"model_or_emmeans"
"virus_comp_88_cycle_1","TP (CELIAC): (t0-24) vs t0",15.6698786354795,NA,NA,NA,NA,NA,NA,6387660.46869753,"model_or_emmeans"
"virus_comp_88_cycle_1","TP (CELIAC): (t0-30) vs t0",59.8873328666718,NA,NA,NA,NA,NA,NA,1.02032422948184e+26,"model_or_emmeans"
"virus_comp_88_cycle_1","TP (CELIAC): (t0-36) vs t0",-12.7330239256211,NA,NA,NA,NA,NA,NA,2.95201099800635e-06,"model_or_emmeans"
"virus_comp_88_cycle_1","TP (CELIAC): (t0-6) vs t0",56.778755823243,NA,NA,NA,NA,NA,NA,4.5572236589663e+24,"model_or_emmeans"
"virus_comp_88_cycle_1","TP (CELIAC): (t0-over42) vs t0",-4.76607725545307,NA,NA,NA,NA,NA,NA,0.0085137118581081,"model_or_emmeans"
"virus_comp_95_cycle_1","TP (CELIAC): (t0-12) vs t0",-59.4754018216126,NA,NA,NA,NA,NA,NA,1.47965743216799e-26,"model_or_emmeans"
"virus_comp_95_cycle_1","TP (CELIAC): (t0-18) vs t0",5.09750975065176,NA,NA,NA,NA,NA,NA,163.613960008207,"model_or_emmeans"
"virus_comp_95_cycle_1","TP (CELIAC): (t0-24) vs t0",-6.97907376893305,NA,NA,NA,NA,NA,NA,0.000931165278112094,"model_or_emmeans"
"virus_comp_95_cycle_1","TP (CELIAC): (t0-30) vs t0",-48.1513832884527,NA,NA,NA,NA,NA,NA,1.22495445586803e-21,"model_or_emmeans"
"virus_comp_95_cycle_1","TP (CELIAC): (t0-36) vs t0",-59.1468487223195,NA,NA,NA,NA,NA,NA,2.05518053470136e-26,"model_or_emmeans"
"virus_comp_95_cycle_1","TP (CELIAC): (t0-6) vs t0",7.44084217255946,NA,NA,NA,NA,NA,NA,1704.18483467389,"model_or_emmeans"
"virus_comp_95_cycle_1","TP (CELIAC): (t0-over42) vs t0",8.44971506409869,NA,NA,NA,NA,NA,NA,4673.74082921117,"model_or_emmeans"
"virus_comp_9749_cycle_1","TP (CELIAC): (t0-12) vs t0",-73.2531818415546,NA,NA,NA,NA,NA,NA,1.53655229054522e-32,"model_or_emmeans"
"virus_comp_9749_cycle_1","TP (CELIAC): (t0-18) vs t0",-73.6230847757421,NA,NA,NA,NA,NA,NA,1.06145244364271e-32,"model_or_emmeans"
"virus_comp_9749_cycle_1","TP (CELIAC): (t0-24) vs t0",-45.6786741083856,NA,NA,NA,NA,NA,NA,1.45212463790367e-20,"model_or_emmeans"
"virus_comp_9749_cycle_1","TP (CELIAC): (t0-30) vs t0",2.98225148882162,NA,NA,NA,NA,NA,NA,19.7321934820906,"model_or_emmeans"
"virus_comp_9749_cycle_1","TP (CELIAC): (t0-36) vs t0",-64.994142748553,NA,NA,NA,NA,NA,NA,5.93475026171716e-29,"model_or_emmeans"
"virus_comp_9749_cycle_1","TP (CELIAC): (t0-6) vs t0",14.2528166269141,NA,NA,NA,NA,NA,NA,1548529.96147107,"model_or_emmeans"
"virus_comp_9749_cycle_1","TP (CELIAC): (t0-over42) vs t0",-33.3299101883254,NA,NA,NA,NA,NA,NA,3.3496846483507e-15,"model_or_emmeans"
"virus_comp_99_cycle_1","(Intercept)",-17.3731554673182,3.49099191717553,-4.97656708451344,6.47218520703777e-07,2.80461358971637e-06,-24.2153738953027,-10.5309370393338,NA,"model_or_emmeans"
"virus_comp_99_cycle_1","Age.at.Gluten.Introduction..months.",0.272577964192958,0.21526718854968,1.26623089208066,0.205430430594542,0.567216173070841,-0.149337972417608,0.694493900803525,NA,"model_or_emmeans"
"virus_comp_99_cycle_1","CONTROL vs CELIAC @ t0",-0.626548264603266,2.2063950483951,0.283969212611771,0.776433974588623,0.885193930392456,NA,NA,0.534433343408572,"between_groups"
"virus_comp_99_cycle_1","CONTROL vs CELIAC @ t0-12",-4.46232895465865,2.36341682204054,1.88808377474691,0.0590147047099871,0.212258287553295,NA,NA,0.0115354664005977,"between_groups"
"virus_comp_99_cycle_1","CONTROL vs CELIAC @ t0-18",-3.27861101213061,2.63711575140395,1.24325639114822,0.213773368504255,0.622211714490398,NA,NA,0.0376805583140983,"between_groups"
"virus_comp_99_cycle_1","CONTROL vs CELIAC @ t0-24",-0.362022294991962,2.85515258807452,0.126796128691709,0.899101759864112,0.999996070643485,NA,NA,0.696266844405025,"between_groups"
"virus_comp_99_cycle_1","CONTROL vs CELIAC @ t0-30",-1.18342773460807,3.05089268030831,0.38789556323839,0.698093321598373,0.999999713555549,NA,NA,0.306227271738685,"between_groups"
"virus_comp_99_cycle_1","CONTROL vs CELIAC @ t0-36",-22.783091710961,2291.49748755355,0.00994244673394109,0.992067205950352,0.999999607574504,NA,NA,1.27476164875229e-10,"between_groups"
"virus_comp_99_cycle_1","CONTROL vs CELIAC @ t0-6",0.827551830145085,3.1065341650266,-0.26639070622872,0.78993832207563,0.99998893637738,NA,NA,2.2877111733954,"between_groups"
"virus_comp_99_cycle_1","CONTROL vs CELIAC @ t0-over42",-1.63085092387078,2.74399384256842,0.594334760731195,0.552288233633921,0.999999030800758,NA,NA,0.195762923888682,"between_groups"
"virus_comp_99_cycle_1","CountryUSA",2.45539278306851,2.35905365409926,1.04083804062779,0.297950721673641,0.864230098678408,-2.16826741656365,7.07905298270066,NA,"model_or_emmeans"
"virus_comp_99_cycle_1","Delivery.ModeC-Section",5.77107845191083,2.77484223325347,2.07978615243444,0.0375451517917086,0.179922220123541,0.332487611953333,11.2096692918683,NA,"model_or_emmeans"
"virus_comp_99_cycle_1","Dx.StatusCELIAC",0.626548264603266,2.2063950483951,0.283969212611771,0.776433974588623,0.885193930392456,-3.69790656591863,4.95100309512516,NA,"model_or_emmeans"
"virus_comp_99_cycle_1","Dx.StatusCELIAC:onset_timeline_combinedt0-12",3.83578069005538,2.66398299906986,1.43986680522911,0.149905086137943,0.278395159970465,-1.38553004354855,9.05709142365931,NA,"model_or_emmeans"
"virus_comp_99_cycle_1","Dx.StatusCELIAC:onset_timeline_combinedt0-18",2.65206274752734,2.81635647052861,0.941664443148266,0.346364464834738,0.792212227200994,-2.86789450233508,8.17201999738976,NA,"model_or_emmeans"
"virus_comp_99_cycle_1","Dx.StatusCELIAC:onset_timeline_combinedt0-24",-0.264525969611304,3.19065256695789,-0.0829065415491212,0.933925852547056,0.99999002810088,-6.51809008802904,5.98903814880643,NA,"model_or_emmeans"
"virus_comp_99_cycle_1","Dx.StatusCELIAC:onset_timeline_combinedt0-30",0.556879470004808,3.38744142141403,0.164395306287643,0.86941995834673,0.999998285985936,-6.08238371570585,7.19614265571547,NA,"model_or_emmeans"
"virus_comp_99_cycle_1","Dx.StatusCELIAC:onset_timeline_combinedt0-36",22.1565434463577,2291.4978594926,0.00966902210035833,0.992285356755234,0.99999758284016,-4469.09673180976,4513.40981870247,NA,"model_or_emmeans"
"virus_comp_99_cycle_1","Dx.StatusCELIAC:onset_timeline_combinedt0-6",-1.45410009474835,3.32016779428577,-0.437959821564125,0.661415409272519,0.999988545527813,-7.96150939417825,5.05330920468155,NA,"model_or_emmeans"
"virus_comp_99_cycle_1","Dx.StatusCELIAC:onset_timeline_combinedt0-over42",1.00430265926751,3.05448376413495,0.328796201525051,0.742309734348606,0.999999580890402,-4.98237550979932,6.99098082833434,NA,"model_or_emmeans"
"virus_comp_99_cycle_1","HLA.CategoryHigh Risk",1.80147222167911,2.09228303094396,0.861007901434038,0.389233691267232,0.722862569496287,-2.29932716443536,5.90227160779357,NA,"model_or_emmeans"
"virus_comp_99_cycle_1","HLA.CategoryLow/No Risk",-4.56928582530641,4.26585849635705,-1.07112925316404,0.284111316497365,0.923361778616436,-12.9302148413104,3.79164319069761,NA,"model_or_emmeans"
"virus_comp_99_cycle_1","SexMale",1.64641099680916,2.45007143704764,0.671984894772332,0.501593312649119,0.815089133054819,-3.15564077935452,6.44846277297283,NA,"model_or_emmeans"
"virus_comp_99_cycle_1","TP (CELIAC): (t0-12) vs t0",1.22357515904538,1.89598016116942,0.645352300675282,0.944156141800184,0.999999999999433,-3.75965896980499,6.20680928789575,3.39931914142002,"model_or_emmeans"
"virus_comp_99_cycle_1","TP (CELIAC): (t0-18) vs t0",0.898326965583484,1.98599389764381,0.452331181203155,0.981255100386209,1,-4.32149166602237,6.11814559718934,2.455491550851,"model_or_emmeans"
"virus_comp_99_cycle_1","TP (CELIAC): (t0-24) vs t0",-1.99564672855347,2.17273108106271,-0.918496884380818,0.845146489494394,1,-7.70626960199512,3.71497614488817,0.135925718691294,"model_or_emmeans"
"virus_comp_99_cycle_1","TP (CELIAC): (t0-30) vs t0",-2.18448184536198,2.06875143900791,-1.05594215146966,0.77513589739996,1,-7.62181340932413,3.25284971860017,0.112536029615513,"model_or_emmeans"
"virus_comp_99_cycle_1","TP (CELIAC): (t0-36) vs t0",-2.48021412032442,2.17783784684666,-1.13884241837177,0.727580477649808,1,-8.20425918565593,3.24383094500709,0.0837252963851366,"model_or_emmeans"
"virus_comp_99_cycle_1","TP (CELIAC): (t0-6) vs t0",-3.51504464711335,2.22104876109416,-1.5826057980743,0.44423204303958,0.999999999997682,-9.35266163003504,2.32257233580835,0.0297464748302158,"model_or_emmeans"
"virus_comp_99_cycle_1","TP (CELIAC): (t0-over42) vs t0",-2.86494910973649,2.15830497410926,-1.3274069902558,0.609426804959139,1,-8.53765562203196,2.80775740255897,0.0569860310923822,"model_or_emmeans"
"virus_comp_99_cycle_1","feeding_first_yearBreastmilk_and_formula",1.92752529479247,2.12893404968995,0.905394554177564,0.365256399772851,0.631701424123959,-2.24510876806084,6.10015935764577,NA,"model_or_emmeans"
"virus_comp_99_cycle_1","feeding_first_yearFormula",-0.653822794652626,2.49168214319895,-0.262402167321878,0.793011401928203,0.945205760501774,-5.53743005624413,4.22978446693888,NA,"model_or_emmeans"
"virus_comp_99_cycle_1","onset_timeline_combinedt0-12",-2.61220553101,1.8608683630963,-1.40375621554635,0.160391456195702,0.347514821757354,-6.25944050264875,1.03502944062875,NA,"model_or_emmeans"
"virus_comp_99_cycle_1","onset_timeline_combinedt0-18",-1.75373578194386,1.9834252194458,-0.88419556469786,0.376590652207871,0.746119071393838,-5.64117777808608,2.13370621419836,NA,"model_or_emmeans"
"virus_comp_99_cycle_1","onset_timeline_combinedt0-24",-1.73112075894217,2.36497975357081,-0.731981217314187,0.464180032086745,0.994836741479855,-6.36639590010736,2.90415438222303,NA,"model_or_emmeans"
"virus_comp_99_cycle_1","onset_timeline_combinedt0-30",-2.74136131536679,2.68565993624395,-1.02074029491639,0.307377498143094,0.721410570658124,-8.00515806512707,2.52243543439349,NA,"model_or_emmeans"
"virus_comp_99_cycle_1","onset_timeline_combinedt0-36",-24.6367575666821,2291.49683825375,-0.0107513818720591,0.991421803659422,0.99999748493375,-4515.88803123144,4466.61451609808,NA,"model_or_emmeans"
"virus_comp_99_cycle_1","onset_timeline_combinedt0-6",-2.060944552365,2.47720251189568,-0.831964501274407,0.405428982061376,0.93040932371338,-6.91617225809268,2.79428315336269,NA,"model_or_emmeans"
"virus_comp_99_cycle_1","onset_timeline_combinedt0-over42",-3.869251769004,2.25041638572497,-1.71934926956086,0.0855507936426355,0.370720105784754,-8.27998683524373,0.54148329723573,NA,"model_or_emmeans"
