"contig_id","effect","component","group","term","estimate","std.error","statistic","p.value","conf.low","conf.high","p.adj","OR"
"virus_comp_103_cycle_1","fixed","cond",NA,"(Intercept)",-10.3381567658568,5.27251621633408,-1.96076338918211,0.0499066306545811,-20.672098657775,-0.00421487393864162,0.0665421742061082,NA
"virus_comp_103_cycle_1","fixed","cond",NA,"Dx.StatusCELIAC",-1.30092608588373,3.72450762892224,-0.349288071202091,0.726873052993093,-8.60082689871599,5.99897472694854,0.897141310429395,NA
"virus_comp_103_cycle_1","fixed","cond",NA,"onset_timeline_combinedt0-6",1.03894809099544,3.82830033039508,0.2713862553433,0.786093972167403,-6.4643826785817,8.54227886057258,0.99936446030488,NA
"virus_comp_103_cycle_1","fixed","cond",NA,"onset_timeline_combinedt0-12",-7.00322079646642,3.67225912342769,-1.90706062973291,0.0565127367213541,-14.2007164202833,0.194274827350478,0.150700631256944,NA
"virus_comp_103_cycle_1","fixed","cond",NA,"onset_timeline_combinedt0-18",-3.02210779699402,9.37500892615751,-0.322357858088214,0.747181605965329,-21.3967876470043,15.3525720530162,0.999989488589519,NA
"virus_comp_103_cycle_1","fixed","cond",NA,"onset_timeline_combinedt0-24",-31.0859206115033,19168.8277497234,-0.00162169126966837,0.998706078140687,-37601.2979359214,37539.1260946984,0.999094900925549,NA
"virus_comp_103_cycle_1","fixed","cond",NA,"onset_timeline_combinedt0-30",-31.195687002322,25130.4574148383,-0.00124134974892667,0.999009546455148,-49285.9871351029,49223.5957610983,0.999862345843037,NA
"virus_comp_103_cycle_1","fixed","cond",NA,"onset_timeline_combinedt0-36",-31.3288324268361,21644.4324634719,-0.00144743145747564,0.998845117190517,-42453.6369266412,42390.9792617876,0.999044101053875,NA
"virus_comp_103_cycle_1","fixed","cond",NA,"onset_timeline_combinedt0-over42",-9.82057098780482,4.82082651619895,-2.03711354366429,0.0416386649809591,-19.2692173352705,-0.371924640339182,0.145005773841401,NA
"virus_comp_103_cycle_1","fixed","cond",NA,"SexMale",0.65290264365665,3.31350117115799,0.197043130492837,0.84379378610428,-5.84144031454429,7.1472456018576,0.936200741372379,NA
"virus_comp_103_cycle_1","fixed","cond",NA,"Age.at.Gluten.Introduction..months.",0.159897811939085,0.377652676840852,0.423399122380556,0.672004085087241,-0.58028783333413,0.900083457212299,0.672004085087241,NA
"virus_comp_103_cycle_1","fixed","cond",NA,"HLA.CategoryHigh Risk",2.12668415788035,3.32500455683338,0.639603381447914,0.522430483556742,-4.39020502194463,8.64357333770533,0.730260788088232,NA
"virus_comp_103_cycle_1","fixed","cond",NA,"HLA.CategoryLow/No Risk",-0.0461609604442471,5.10335825968483,-0.00904521260224006,0.992783062925626,-10.0485593496315,9.95623742874303,0.99501547131841,NA
"virus_comp_103_cycle_1","fixed","cond",NA,"feeding_first_yearFormula",-1.79601237376339,4.74914449470687,-0.378175980066542,0.705299867899462,-11.1041645407655,7.51213979323874,0.983835508340325,NA
"virus_comp_103_cycle_1","fixed","cond",NA,"feeding_first_yearBreastmilk_and_formula",0.815994008636611,3.47957837917899,0.234509449052602,0.814589498412074,-6.00385429593847,7.63584231321169,0.970865301500554,NA
"virus_comp_103_cycle_1","fixed","cond",NA,"Delivery.ModeC-Section",4.10749215604886,8.43042868694441,0.487222217110957,0.626100862530365,-12.4158444445955,20.6308287566932,0.73164901453653,NA
"virus_comp_103_cycle_1","fixed","cond",NA,"Dx.StatusCELIAC:onset_timeline_combinedt0-6",0.217441731111169,7.26854510195651,0.0299154408566081,0.976134491338254,-14.0286448887286,14.463528350951,0.999993904043189,NA
"virus_comp_103_cycle_1","fixed","cond",NA,"Dx.StatusCELIAC:onset_timeline_combinedt0-12",9.7771897071836,4.49566410238303,2.17480431912184,0.0296447832977886,0.965849979923279,18.5885294344439,0.0592895665955771,NA
"virus_comp_103_cycle_1","fixed","cond",NA,"Dx.StatusCELIAC:onset_timeline_combinedt0-18",6.275001090613,9.91990642449057,0.632566560821692,0.527016729564697,-13.167658231396,25.717660412622,0.945149993220193,NA
"virus_comp_103_cycle_1","fixed","cond",NA,"Dx.StatusCELIAC:onset_timeline_combinedt0-24",31.1243853988957,19168.8278006988,0.00162369789757102,0.998704477085372,-37539.0877298209,37601.3365006187,0.999962894735302,NA
"virus_comp_103_cycle_1","fixed","cond",NA,"Dx.StatusCELIAC:onset_timeline_combinedt0-30",29.3306464490066,25130.4574513358,0.00116713539758694,0.999068760897322,-49225.4608731855,49284.1221660835,0.999934249453664,NA
"virus_comp_103_cycle_1","fixed","cond",NA,"Dx.StatusCELIAC:onset_timeline_combinedt0-36",28.1126509894019,21644.4324989829,0.00129883982824326,0.998963676045466,-42394.1955128253,42450.4208148042,0.999043822666991,NA
"virus_comp_103_cycle_1","fixed","cond",NA,"Dx.StatusCELIAC:onset_timeline_combinedt0-over42",7.14587883642325,4.95984978769892,1.44074501089649,0.1496567336799,-2.57524811619526,16.8670057890418,0.415860815964008,NA
"virus_comp_13180_cycle_1","fixed","cond",NA,"(Intercept)",-12.4898000311133,5.26355265052199,-2.37288403106876,0.0176498045292576,-22.8061736568667,-2.17342640535986,0.0624224080882976,NA
"virus_comp_13180_cycle_1","fixed","cond",NA,"Dx.StatusCELIAC",-1.07446307689423,3.93849152180948,-0.272810813720017,0.78499864662572,-8.79376461305716,6.64483845926869,0.897141310429395,NA
"virus_comp_13180_cycle_1","fixed","cond",NA,"onset_timeline_combinedt0-6",-14.2068120859836,10297.6765644212,-0.00137961335230402,0.998899228155508,-20197.2820027936,20168.8683786216,0.99936446030488,NA
"virus_comp_13180_cycle_1","fixed","cond",NA,"onset_timeline_combinedt0-12",0.0648751987555377,1.97678439715208,0.0328185505961106,0.973819284943994,-3.80955102486326,3.93930142237434,0.999759515226721,NA
"virus_comp_13180_cycle_1","fixed","cond",NA,"onset_timeline_combinedt0-18",-39.8736367900487,3026668.8978833,-1.31740993598389e-05,0.999989488589519,-5932201.9066156,5932122.15934202,0.999989488589519,NA
"virus_comp_13180_cycle_1","fixed","cond",NA,"onset_timeline_combinedt0-24",0.0613232968129881,1.97495515731134,0.0310504755442003,0.975229285394872,-3.80951768259888,3.93216427622486,0.999094900925549,NA
"virus_comp_13180_cycle_1","fixed","cond",NA,"onset_timeline_combinedt0-30",1.81026815731146,2.57556060408165,0.702863739429237,0.482140670444848,-3.23773786668881,6.85827418131172,0.999862345843037,NA
"virus_comp_13180_cycle_1","fixed","cond",NA,"onset_timeline_combinedt0-36",0.0559379909057091,1.97227051303846,0.0283622305033256,0.977373247766163,-3.80964118242001,3.92151716423142,0.999044101053875,NA
"virus_comp_13180_cycle_1","fixed","cond",NA,"onset_timeline_combinedt0-over42",-30.0005287304239,2803266.52822304,-1.07019894214058e-05,0.999991461047871,-5494331.43491253,5494271.43385507,0.999991461047871,NA
"virus_comp_13180_cycle_1","fixed","cond",NA,"SexMale",-0.679638074000617,3.09934814823403,-0.219284198320175,0.826428670281983,-6.75424882009021,5.39497267208898,0.936200741372379,NA
"virus_comp_13180_cycle_1","fixed","cond",NA,"Age.at.Gluten.Introduction..months.",0.399194136009934,0.291085361362653,1.37139887124929,0.170250649151201,-0.171322688687692,0.969710960707561,0.672004085087241,NA
"virus_comp_13180_cycle_1","fixed","cond",NA,"HLA.CategoryHigh Risk",0.949009522986096,2.74106407592624,0.346219386595482,0.729177846245908,-4.4233773451459,6.32139639111809,0.730260788088232,NA
"virus_comp_13180_cycle_1","fixed","cond",NA,"HLA.CategoryLow/No Risk",0.214126813699126,5.28838249435711,0.0404900390483492,0.967702448218657,-10.1509124117129,10.5791660391111,0.99501547131841,NA
"virus_comp_13180_cycle_1","fixed","cond",NA,"feeding_first_yearFormula",0.0770237382877978,3.8016566573268,0.020260571963897,0.983835508340325,-7.37408639165967,7.52813386823526,0.983835508340325,NA
"virus_comp_13180_cycle_1","fixed","cond",NA,"feeding_first_yearBreastmilk_and_formula",-0.303167145142335,2.90081035102952,-0.104511191169302,0.916763687646336,-5.98865095914118,5.38231666885652,0.970865301500554,NA
"virus_comp_13180_cycle_1","fixed","cond",NA,"Delivery.ModeC-Section",1.44231689883952,7.02394889327959,0.205342738216605,0.837304355150124,-12.3243699612384,15.2090037589175,0.837304355150124,NA
"virus_comp_13180_cycle_1","fixed","cond",NA,"Dx.StatusCELIAC:onset_timeline_combinedt0-6",-2.13394286087174,128056.324066388,-1.66640958689822e-05,0.999986703975187,-250987.917105571,250983.649219849,0.999993904043189,NA
"virus_comp_13180_cycle_1","fixed","cond",NA,"Dx.StatusCELIAC:onset_timeline_combinedt0-12",4.00247050264954,3.5901842175436,1.11483708359345,0.264920241984085,-3.03416126160003,11.0391022668991,0.302765990838954,NA
"virus_comp_13180_cycle_1","fixed","cond",NA,"Dx.StatusCELIAC:onset_timeline_combinedt0-18",44.7018604053263,3026668.89786539,1.47693262506689e-05,0.999988215782612,-5932117.3310833,5932206.73480411,0.999988215782612,NA
"virus_comp_13180_cycle_1","fixed","cond",NA,"Dx.StatusCELIAC:onset_timeline_combinedt0-24",-0.05777906328232,2.86182362790218,-0.0201895961438665,0.983892127270021,-5.66685030407635,5.55129217751171,0.999962894735302,NA
"virus_comp_13180_cycle_1","fixed","cond",NA,"Dx.StatusCELIAC:onset_timeline_combinedt0-30",-1.92197788326526,3.35167127343945,-0.573438659839974,0.566347720539507,-8.49113286722408,4.64717710069356,0.999934249453664,NA
"virus_comp_13180_cycle_1","fixed","cond",NA,"Dx.StatusCELIAC:onset_timeline_combinedt0-36",-2.45560705245919,3.0689874305224,-0.800135910638513,0.423632057119942,-8.4707118852892,3.55949778037083,0.819217186974376,NA
"virus_comp_13180_cycle_1","fixed","cond",NA,"Dx.StatusCELIAC:onset_timeline_combinedt0-over42",28.808839311484,2803266.52805126,1.02768819957733e-05,0.999991800234522,-5494272.62520779,5494330.24288641,0.999991800234522,NA
"virus_comp_15228_cycle_1","fixed","cond",NA,"(Intercept)",-8.23709662050526,4.67586626534856,-1.76161937768578,0.0781336277041632,-17.4016260971143,0.927432856103726,0.0892955745190437,NA
"virus_comp_15228_cycle_1","fixed","cond",NA,"Dx.StatusCELIAC",-3.7071564317675,3.96667146913653,-0.934576120208532,0.350006790288433,-11.4816896497777,4.06737678624269,0.897141310429395,NA
"virus_comp_15228_cycle_1","fixed","cond",NA,"onset_timeline_combinedt0-6",1.32084283104355,3.09760101620697,0.426408315381085,0.669810343244776,-4.75034359919678,7.39202926128388,0.99936446030488,NA
"virus_comp_15228_cycle_1","fixed","cond",NA,"onset_timeline_combinedt0-12",-4.06677237097693,2.11432992590293,-1.92343319798597,0.0544256684413143,-8.21078287718191,0.077238135228062,0.150700631256944,NA
"virus_comp_15228_cycle_1","fixed","cond",NA,"onset_timeline_combinedt0-18",-0.615865471200692,2.94022271170098,-0.209462184190939,0.834087453221927,-6.37859609266131,5.14686515025992,0.999989488589519,NA
"virus_comp_15228_cycle_1","fixed","cond",NA,"onset_timeline_combinedt0-24",-24.5253246008071,21620.1454661236,-0.00113437370896674,0.999094900925549,-42399.2317787199,42350.1811295183,0.999094900925549,NA
"virus_comp_15228_cycle_1","fixed","cond",NA,"onset_timeline_combinedt0-30",-28.2207186698942,163575.703826062,-0.000172523901837541,0.999862345843037,-320630.708963543,320574.267526203,0.999862345843037,NA
"virus_comp_15228_cycle_1","fixed","cond",NA,"onset_timeline_combinedt0-36",-3.56906446308153,2.16475805838229,-1.64871286620763,0.0992064730219132,-7.81191229275368,0.673783366590625,0.292588583424352,NA
"virus_comp_15228_cycle_1","fixed","cond",NA,"onset_timeline_combinedt0-over42",-4.08130833733849,1.99254412041322,-2.04829007073234,0.0405315853280187,-7.98662305095544,-0.175993623721548,0.145005773841401,NA
"virus_comp_15228_cycle_1","fixed","cond",NA,"SexMale",-0.21754452584789,2.7177468911617,-0.080045911028492,0.936200741372379,-5.54423055162051,5.10914149992473,0.936200741372379,NA
"virus_comp_15228_cycle_1","fixed","cond",NA,"Age.at.Gluten.Introduction..months.",0.178401052804978,0.272454742759845,0.654791511418942,0.512601996670326,-0.355600430421443,0.712402536031399,0.672004085087241,NA
"virus_comp_15228_cycle_1","fixed","cond",NA,"HLA.CategoryHigh Risk",1.01728670083421,2.95055019639467,0.344778645717415,0.730260788088232,-4.76568541867693,6.80025882034534,0.730260788088232,NA
"virus_comp_15228_cycle_1","fixed","cond",NA,"HLA.CategoryLow/No Risk",0.135060408546557,4.71258301211724,0.0286595287975369,0.977136134438905,-9.10143256935851,9.37155338645162,0.99501547131841,NA
"virus_comp_15228_cycle_1","fixed","cond",NA,"feeding_first_yearFormula",-1.08750687939048,3.52634699031593,-0.308394744583276,0.757781980446131,-7.99901997740092,5.82400621861995,0.983835508340325,NA
"virus_comp_15228_cycle_1","fixed","cond",NA,"feeding_first_yearBreastmilk_and_formula",-0.707765503973662,3.13860309423741,-0.225503347420113,0.82158772156647,-6.85931453044496,5.44378352249764,0.970865301500554,NA
"virus_comp_15228_cycle_1","fixed","cond",NA,"Delivery.ModeC-Section",7.34209867004013,7.24028200233628,1.01406252790582,0.310552917004259,-6.84859329245253,21.5327906325328,0.73164901453653,NA
"virus_comp_15228_cycle_1","fixed","cond",NA,"Dx.StatusCELIAC:onset_timeline_combinedt0-6",2.56789015788508,7.09032833845326,0.362168017517403,0.71722647788113,-11.328898024047,16.4646783398172,0.999993904043189,NA
"virus_comp_15228_cycle_1","fixed","cond",NA,"Dx.StatusCELIAC:onset_timeline_combinedt0-12",9.83689078545579,4.03044311275332,2.44064746983512,0.0146609587009821,1.93736744272178,17.7364141281898,0.0569480708242082,NA
"virus_comp_15228_cycle_1","fixed","cond",NA,"Dx.StatusCELIAC:onset_timeline_combinedt0-18",7.79744174867447,4.48840191437928,1.73724231862886,0.0823444081283345,-0.999664351649557,16.5945478489985,0.658755265026676,NA
"virus_comp_15228_cycle_1","fixed","cond",NA,"Dx.StatusCELIAC:onset_timeline_combinedt0-24",28.8318981183516,21620.1456373057,0.00133356632291145,0.998935968335521,-42345.8748915115,42403.5386877482,0.999962894735302,NA
"virus_comp_15228_cycle_1","fixed","cond",NA,"Dx.StatusCELIAC:onset_timeline_combinedt0-30",30.077189692256,163575.703840698,0.00018387320968857,0.999853290405671,-320572.411083865,320632.56546325,0.999934249453664,NA
"virus_comp_15228_cycle_1","fixed","cond",NA,"Dx.StatusCELIAC:onset_timeline_combinedt0-36",3.57130384749976,2.71383360787382,1.31596271677751,0.188186556676561,-1.74771228396733,8.89031997896685,0.819217186974376,NA
"virus_comp_15228_cycle_1","fixed","cond",NA,"Dx.StatusCELIAC:onset_timeline_combinedt0-over42",3.47266552204598,2.44755114480076,1.41883266849105,0.155947805986503,-1.32444657208329,8.26977761617525,0.415860815964008,NA
"virus_comp_16559_cycle_1","fixed","cond",NA,"(Intercept)",-8.72936989547972,4.10106434421565,-2.12856204214208,0.0332905117676102,-16.7673083084238,-0.69143148253567,0.0665421742061082,NA
"virus_comp_16559_cycle_1","fixed","cond",NA,"Dx.StatusCELIAC",-0.15357820499055,3.12718888935094,-0.0491106263243426,0.960831135045065,-6.2827558009722,5.9755993909911,0.960831135045065,NA
"virus_comp_16559_cycle_1","fixed","cond",NA,"onset_timeline_combinedt0-6",1.34935408841508,3.02642360267009,0.445857641086527,0.655700081754725,-4.58232717478026,7.28103535161042,0.99936446030488,NA
"virus_comp_16559_cycle_1","fixed","cond",NA,"onset_timeline_combinedt0-12",-3.03678840770368,2.20616400211834,-1.37650165843871,0.168666374223914,-7.36079039584438,1.28721358043702,0.224888498965218,NA
"virus_comp_16559_cycle_1","fixed","cond",NA,"onset_timeline_combinedt0-18",-2.83877249455009,6.98541670021457,-0.406385562433647,0.684459326169196,-16.5299376439753,10.8523926548751,0.999989488589519,NA
"virus_comp_16559_cycle_1","fixed","cond",NA,"onset_timeline_combinedt0-24",-5.67307288675388,3.54867844416577,-1.59864382643086,0.109899765761636,-12.6283548300324,1.28220905652465,0.439599063046543,NA
"virus_comp_16559_cycle_1","fixed","cond",NA,"onset_timeline_combinedt0-30",-3.14176556915925,6.11403495180213,-0.513861237942909,0.607349009678183,-15.1250538749105,8.841522736592,0.999862345843037,NA
"virus_comp_16559_cycle_1","fixed","cond",NA,"onset_timeline_combinedt0-36",-5.67372534523245,3.54729841129032,-1.59944969026969,0.109720718784132,-12.6263024737776,1.27885178331272,0.292588583424352,NA
"virus_comp_16559_cycle_1","fixed","cond",NA,"onset_timeline_combinedt0-over42",-2.85181418289303,1.96873544111478,-1.4485512493635,0.147462943958127,-6.71046474256558,1.00683637677952,0.235940710333003,NA
"virus_comp_16559_cycle_1","fixed","cond",NA,"SexMale",0.522152608127871,3.05160219675032,0.171107691783653,0.864139087899819,-5.45887779264607,6.50318300890181,0.936200741372379,NA
"virus_comp_16559_cycle_1","fixed","cond",NA,"Age.at.Gluten.Introduction..months.",0.174372477262908,0.275887026743344,0.63204304791441,0.527358748343193,-0.366356158955886,0.715101113481701,0.672004085087241,NA
"virus_comp_16559_cycle_1","fixed","cond",NA,"HLA.CategoryHigh Risk",1.96717755308704,2.72501503050671,0.72189603766011,0.470358397560714,-3.37375376403642,7.3081088702105,0.730260788088232,NA
"virus_comp_16559_cycle_1","fixed","cond",NA,"HLA.CategoryLow/No Risk",0.0338628982859486,4.5550526425255,0.00743413983184476,0.994068469241132,-8.89387622874804,8.96160202531994,0.99501547131841,NA
"virus_comp_16559_cycle_1","fixed","cond",NA,"feeding_first_yearFormula",-0.453509833790624,4.0813941363531,-0.111116402542749,0.911524041940161,-8.45289534775565,7.5458756801744,0.983835508340325,NA
"virus_comp_16559_cycle_1","fixed","cond",NA,"feeding_first_yearBreastmilk_and_formula",0.113948738655478,2.86512822266733,0.0397709037082451,0.968275773348306,-5.50159938886175,5.72949686617271,0.970865301500554,NA
"virus_comp_16559_cycle_1","fixed","cond",NA,"Delivery.ModeC-Section",6.68084819420044,7.36863453807014,0.906660271951846,0.364586478334356,-7.76141011565496,21.1231065040558,0.73164901453653,NA
"virus_comp_16559_cycle_1","fixed","cond",NA,"Dx.StatusCELIAC:onset_timeline_combinedt0-6",-0.530462231132104,5.35955364505612,-0.0989750763333481,0.921158059124406,-11.0349943486525,9.97406988638826,0.999993904043189,NA
"virus_comp_16559_cycle_1","fixed","cond",NA,"Dx.StatusCELIAC:onset_timeline_combinedt0-12",5.21083992133781,2.87718556319188,1.81108927696586,0.0701270331336714,-0.428340159356875,10.8500200020325,0.0935027108448953,NA
"virus_comp_16559_cycle_1","fixed","cond",NA,"Dx.StatusCELIAC:onset_timeline_combinedt0-18",5.59712027123555,7.48487362765883,0.747790884611936,0.454586301155875,-9.07296246780942,20.2672030102805,0.945149993220193,NA
"virus_comp_16559_cycle_1","fixed","cond",NA,"Dx.StatusCELIAC:onset_timeline_combinedt0-24",5.76301632336772,3.78050736933102,1.52440288044923,0.127408101005548,-1.64664196380933,13.1726746105448,0.339754936014796,NA
"virus_comp_16559_cycle_1","fixed","cond",NA,"Dx.StatusCELIAC:onset_timeline_combinedt0-30",1.43077133399496,6.28712883072942,0.227571499251266,0.819979378899397,-10.8917747403981,13.753317408388,0.999934249453664,NA
"virus_comp_16559_cycle_1","fixed","cond",NA,"Dx.StatusCELIAC:onset_timeline_combinedt0-36",2.69295352464143,3.75486080036987,0.717191306899091,0.473256062449324,-4.66643841104475,10.0523454603276,0.819217186974376,NA
"virus_comp_16559_cycle_1","fixed","cond",NA,"Dx.StatusCELIAC:onset_timeline_combinedt0-over42",0.412306781356084,2.37047489527548,0.173934253502469,0.861917132510864,-4.23373863964021,5.05835220235238,0.999991800234522,NA
"virus_comp_17776_cycle_1","fixed","cond",NA,"(Intercept)",-4.61089650461252,1.83280552097061,-2.51575873809607,0.0118776458943115,-8.20312931638108,-1.01866369284396,0.0624224080882976,NA
"virus_comp_17776_cycle_1","fixed","cond",NA,"Dx.StatusCELIAC",-1.24377956929373,1.4542871273341,-0.855250346314857,0.392412569611831,-4.09412996204878,1.60657082346133,0.897141310429395,NA
"virus_comp_17776_cycle_1","fixed","cond",NA,"onset_timeline_combinedt0-6",-19.0394550621958,23902.9690049179,-0.000796530968946933,0.99936446030488,-46867.9978282784,46829.918918154,0.99936446030488,NA
"virus_comp_17776_cycle_1","fixed","cond",NA,"onset_timeline_combinedt0-12",-23.1067447933226,76663.9583474131,-0.000301402970723364,0.999759515226721,-150281.704018002,150235.490528415,0.999759515226721,NA
"virus_comp_17776_cycle_1","fixed","cond",NA,"onset_timeline_combinedt0-18",1.40191820355136,1.28374073575197,1.09205711442206,0.274807997809054,-1.11416740400946,3.91800381111217,0.999989488589519,NA
"virus_comp_17776_cycle_1","fixed","cond",NA,"onset_timeline_combinedt0-24",1.08484736780747,1.09886124789219,0.9872469066394,0.323521611729122,-1.06888110206795,3.2385758376829,0.647043223458243,NA
"virus_comp_17776_cycle_1","fixed","cond",NA,"onset_timeline_combinedt0-30",-0.166325258773817,1.36656793988975,-0.121710201094894,0.903128533999933,-2.84474920338482,2.51209868583719,0.999862345843037,NA
"virus_comp_17776_cycle_1","fixed","cond",NA,"onset_timeline_combinedt0-36",0.965043062591551,1.09083566949463,0.884682349119222,0.376327978168511,-1.17295556266957,3.10304168785267,0.602124765069618,NA
"virus_comp_17776_cycle_1","fixed","cond",NA,"onset_timeline_combinedt0-over42",0.720621195732361,1.15353201512309,0.624708448733834,0.532162427021514,-1.54026000892281,2.98150240038754,0.709549902695352,NA
"virus_comp_17776_cycle_1","fixed","cond",NA,"SexMale",-0.897585250680196,0.952884323981452,-0.941966645993084,0.34620971670119,-2.76520420711664,0.970033705756246,0.936200741372379,NA
"virus_comp_17776_cycle_1","fixed","cond",NA,"Age.at.Gluten.Introduction..months.",0.223106321059656,0.153731405488434,1.45127354004736,0.146703706200418,-0.0782016969903971,0.524414339109709,0.672004085087241,NA
"virus_comp_17776_cycle_1","fixed","cond",NA,"HLA.CategoryHigh Risk",1.81050894786532,0.811108080366343,2.23214265976439,0.0256055357250641,0.220766322777863,3.40025157295277,0.204844285800513,NA
"virus_comp_17776_cycle_1","fixed","cond",NA,"HLA.CategoryLow/No Risk",-2.77932098337757,4.24273422755368,-0.655077795193432,0.512417667619026,-11.0949272653581,5.536285298603,0.99501547131841,NA
"virus_comp_17776_cycle_1","fixed","cond",NA,"feeding_first_yearFormula",-0.657609684692835,1.01538043510267,-0.647648567924534,0.517212276697125,-2.64771876810068,1.33249939871501,0.983835508340325,NA
"virus_comp_17776_cycle_1","fixed","cond",NA,"feeding_first_yearBreastmilk_and_formula",0.0303550781144549,0.83112116770273,0.03652304777456,0.970865301500554,-1.59861247737177,1.65932263360068,0.970865301500554,NA
"virus_comp_17776_cycle_1","fixed","cond",NA,"Delivery.ModeC-Section",2.61978032803197,3.63133640154235,0.721436969298483,0.470640707772182,-4.49750823474031,9.73706889080426,0.73164901453653,NA
"virus_comp_17776_cycle_1","fixed","cond",NA,"Dx.StatusCELIAC:onset_timeline_combinedt0-6",-0.906312193205337,118624.939228494,-7.64014885149583e-06,0.999993904043189,-232501.514868293,232499.702243907,0.999993904043189,NA
"virus_comp_17776_cycle_1","fixed","cond",NA,"Dx.StatusCELIAC:onset_timeline_combinedt0-12",23.1990072697181,76663.9583637473,0.000302606436777577,0.99975855499978,-150235.398297953,150281.796312493,0.99975855499978,NA
"virus_comp_17776_cycle_1","fixed","cond",NA,"Dx.StatusCELIAC:onset_timeline_combinedt0-18",-24.5451932686575,226977.538936823,-0.0001081393048124,0.999913717318442,-444892.34680898,444843.256422442,0.999988215782612,NA
"virus_comp_17776_cycle_1","fixed","cond",NA,"Dx.StatusCELIAC:onset_timeline_combinedt0-24",-27.8392258713734,598634.416985057,-4.65045528313958e-05,0.999962894735302,-1173329.73642272,1173274.05797097,0.999962894735302,NA
"virus_comp_17776_cycle_1","fixed","cond",NA,"Dx.StatusCELIAC:onset_timeline_combinedt0-30",-24.3958527069486,296044.295980078,-8.24060893528928e-05,0.999934249453664,-580260.553802176,580211.762096762,0.999934249453664,NA
"virus_comp_17776_cycle_1","fixed","cond",NA,"Dx.StatusCELIAC:onset_timeline_combinedt0-36",-0.433243879375637,1.96161880667557,-0.220860382201307,0.825201146072778,-4.27794609185618,3.41145833310491,0.999043822666991,NA
"virus_comp_17776_cycle_1","fixed","cond",NA,"Dx.StatusCELIAC:onset_timeline_combinedt0-over42",-1.87833512990852,2.00362403606485,-0.937468854485098,0.348517437393296,-5.80536607915441,2.04869581933736,0.557627899829273,NA
"virus_comp_5117_cycle_1","fixed","cond",NA,"(Intercept)",-9.12852079504459,4.0272248457546,-2.26670254199183,0.0234084030331116,-17.0217364503685,-1.23530513972071,0.0624224080882976,NA
"virus_comp_5117_cycle_1","fixed","cond",NA,"Dx.StatusCELIAC",-1.16194785255297,2.81199245708595,-0.413211582280376,0.679451602997768,-6.67335179323971,4.34945608813378,0.897141310429395,NA
"virus_comp_5117_cycle_1","fixed","cond",NA,"onset_timeline_combinedt0-6",0.698521009078846,2.93184869768081,0.238252748046446,0.811685067734861,-5.0477968464962,6.44483886465389,0.99936446030488,NA
"virus_comp_5117_cycle_1","fixed","cond",NA,"onset_timeline_combinedt0-12",-5.03012046174616,2.59220375079416,-1.94048035776706,0.0523213390340287,-10.1107464538923,0.0505055304000273,0.150700631256944,NA
"virus_comp_5117_cycle_1","fixed","cond",NA,"onset_timeline_combinedt0-18",-3.276432099179,9.57664029646895,-0.342127510039932,0.732254935280551,-22.0463021731531,15.4934379747951,0.999989488589519,NA
"virus_comp_5117_cycle_1","fixed","cond",NA,"onset_timeline_combinedt0-24",-7.52636944614309,3.53843856075758,-2.12703126447155,0.0334174855794871,-14.4615815867357,-0.591157305550497,0.267339884635896,NA
"virus_comp_5117_cycle_1","fixed","cond",NA,"onset_timeline_combinedt0-30",-3.7167649677476,7.80899182006971,-0.475959644136805,0.634103128741913,-19.0221076906521,11.5885777551569,0.999862345843037,NA
"virus_comp_5117_cycle_1","fixed","cond",NA,"onset_timeline_combinedt0-36",-4.52291055532743,2.76623779111204,-1.63504040392319,0.102040577965527,-9.94463699858066,0.898815887925803,0.292588583424352,NA
"virus_comp_5117_cycle_1","fixed","cond",NA,"onset_timeline_combinedt0-over42",-4.42554205129996,2.40655351540087,-1.83895434819066,0.0659219010001341,-9.14230026835393,0.291216165754003,0.145005773841401,NA
"virus_comp_5117_cycle_1","fixed","cond",NA,"SexMale",0.840650665392035,2.89194665238097,0.290686781756474,0.771290881904532,-4.82746061848585,6.50876194926992,0.936200741372379,NA
"virus_comp_5117_cycle_1","fixed","cond",NA,"Age.at.Gluten.Introduction..months.",0.198097819042014,0.290033693022685,0.683016572928031,0.494596370286447,-0.370357773585593,0.766553411669622,0.672004085087241,NA
"virus_comp_5117_cycle_1","fixed","cond",NA,"HLA.CategoryHigh Risk",0.999116406779157,2.68018847263275,0.372778413526166,0.709313370205917,-4.25395647136045,6.25218928491877,0.730260788088232,NA
"virus_comp_5117_cycle_1","fixed","cond",NA,"HLA.CategoryLow/No Risk",-0.172695396075222,4.41759129921273,-0.0390926603160412,0.968816512717125,-8.83101524094968,8.48562444879923,0.99501547131841,NA
"virus_comp_5117_cycle_1","fixed","cond",NA,"feeding_first_yearFormula",0.87720656321593,3.38379381918049,0.259237592504492,0.7954519276144,-5.75490745348707,7.50932057991893,0.983835508340325,NA
"virus_comp_5117_cycle_1","fixed","cond",NA,"feeding_first_yearBreastmilk_and_formula",0.978320613237464,2.76730662694654,0.353528085290985,0.723692577333334,-4.44550070975677,6.4021419362317,0.970865301500554,NA
"virus_comp_5117_cycle_1","fixed","cond",NA,"Delivery.ModeC-Section",8.45588987858784,7.86933134441334,1.0745372775021,0.282581946532075,-6.96771613887447,23.8794958960501,0.73164901453653,NA
"virus_comp_5117_cycle_1","fixed","cond",NA,"Dx.StatusCELIAC:onset_timeline_combinedt0-6",0.271009488082735,5.3130487912686,0.051008281446259,0.959318921500669,-10.1423747909078,10.6843937670733,0.999993904043189,NA
"virus_comp_5117_cycle_1","fixed","cond",NA,"Dx.StatusCELIAC:onset_timeline_combinedt0-12",6.1953208272864,3.09122222158047,2.00416546699087,0.0450523384261821,0.136636604778777,12.254005049794,0.0720837414818913,NA
"virus_comp_5117_cycle_1","fixed","cond",NA,"Dx.StatusCELIAC:onset_timeline_combinedt0-18",5.34993164733673,9.94790575257352,0.537794766094633,0.590718745762621,-14.1476053493062,24.8474686439796,0.945149993220193,NA
"virus_comp_5117_cycle_1","fixed","cond",NA,"Dx.StatusCELIAC:onset_timeline_combinedt0-24",6.37869326545713,3.81616522517643,1.67149294883118,0.0946243503037612,-1.10085313494285,13.8582396658571,0.339754936014796,NA
"virus_comp_5117_cycle_1","fixed","cond",NA,"Dx.StatusCELIAC:onset_timeline_combinedt0-30",2.56340225692992,7.97521456479781,0.321421102354368,0.747891293481082,-13.0677310590531,18.1945355729129,0.999934249453664,NA
"virus_comp_5117_cycle_1","fixed","cond",NA,"Dx.StatusCELIAC:onset_timeline_combinedt0-36",2.08165995925774,3.17466563085752,0.655709986911426,0.512010741858985,-4.14057034018013,8.30389025869562,0.819217186974376,NA
"virus_comp_5117_cycle_1","fixed","cond",NA,"Dx.StatusCELIAC:onset_timeline_combinedt0-over42",2.64402332446453,2.78524112500466,0.949297818679923,0.342469162664097,-2.81494896880441,8.10299561773348,0.557627899829273,NA
"virus_comp_8200_cycle_1","fixed","cond",NA,"(Intercept)",-6.72576581707864,4.22421354492034,-1.59219361084774,0.111341208388645,-15.0050722281288,1.55354059397149,0.111341208388645,NA
"virus_comp_8200_cycle_1","fixed","cond",NA,"Dx.StatusCELIAC",-1.73930627976707,2.51324745827194,-0.692055322305183,0.488902587534086,-6.66518078221691,3.18656822268277,0.897141310429395,NA
"virus_comp_8200_cycle_1","fixed","cond",NA,"onset_timeline_combinedt0-6",0.877260985014102,2.9309346428909,0.299311002086632,0.764702760717834,-4.86726535609283,6.62178732612104,0.99936446030488,NA
"virus_comp_8200_cycle_1","fixed","cond",NA,"onset_timeline_combinedt0-12",-4.37582480795509,2.69367348082782,-1.62448226895351,0.104272921581907,-9.65532781648826,0.90367820057809,0.17638817362311,NA
"virus_comp_8200_cycle_1","fixed","cond",NA,"onset_timeline_combinedt0-18",-32.0336205700674,824550.327019976,-3.88498063979196e-05,0.999969002339293,-1616120.97802045,1616056.91077931,0.999989488589519,NA
"virus_comp_8200_cycle_1","fixed","cond",NA,"onset_timeline_combinedt0-24",-3.90404739085513,2.85241129241292,-1.36868319138949,0.171098326698702,-9.4946707930798,1.68657601136954,0.456262204529871,NA
"virus_comp_8200_cycle_1","fixed","cond",NA,"onset_timeline_combinedt0-30",-1.86911521304286,2.65020094461769,-0.705273015934453,0.480640349749298,-7.06341361628756,3.32518319020185,0.999862345843037,NA
"virus_comp_8200_cycle_1","fixed","cond",NA,"onset_timeline_combinedt0-36",-3.91065876180906,2.83550063848557,-1.37917752820459,0.167840024816443,-9.4681378913811,1.64682036776298,0.335680049632886,NA
"virus_comp_8200_cycle_1","fixed","cond",NA,"onset_timeline_combinedt0-over42",-30.5989748497535,494267.646314511,-6.19077034030322e-05,0.999950604799292,-968777.384474672,968716.186524972,0.999991461047871,NA
"virus_comp_8200_cycle_1","fixed","cond",NA,"SexMale",1.08229513566327,2.60643952427475,0.415238920981456,0.677967009235285,-4.02623245979695,6.19082273112348,0.936200741372379,NA
"virus_comp_8200_cycle_1","fixed","cond",NA,"Age.at.Gluten.Introduction..months.",0.15725170729236,0.204849898545849,0.767643569309184,0.442698970253347,-0.244246716094188,0.558750130678907,0.672004085087241,NA
"virus_comp_8200_cycle_1","fixed","cond",NA,"HLA.CategoryHigh Risk",1.62625120582811,2.51715747296358,0.646066534690591,0.518236267062273,-3.30728678459637,6.55978919625259,0.730260788088232,NA
"virus_comp_8200_cycle_1","fixed","cond",NA,"HLA.CategoryLow/No Risk",-1.6738608509785,3.97535389233479,-0.421059582696778,0.673711574036511,-9.46541130575579,6.1176896037988,0.99501547131841,NA
"virus_comp_8200_cycle_1","fixed","cond",NA,"feeding_first_yearFormula",-1.28165309276795,3.30975227237652,-0.387235353976409,0.698581979173072,-7.76864834437553,5.20534215883963,0.983835508340325,NA
"virus_comp_8200_cycle_1","fixed","cond",NA,"feeding_first_yearBreastmilk_and_formula",0.851574447917743,2.59351423322433,0.328347705599071,0.742648777867461,-4.23162004259396,5.93476893842944,0.970865301500554,NA
"virus_comp_8200_cycle_1","fixed","cond",NA,"Delivery.ModeC-Section",3.94827335171279,5.30744462126821,0.743912303086708,0.456929531742316,-6.45412695591372,14.3506736593393,0.73164901453653,NA
"virus_comp_8200_cycle_1","fixed","cond",NA,"Dx.StatusCELIAC:onset_timeline_combinedt0-6",-20.3734671061799,8799.59564031325,-0.00231527310332803,0.998152680987235,-17267.2640006358,17226.5170664235,0.999993904043189,NA
"virus_comp_8200_cycle_1","fixed","cond",NA,"Dx.StatusCELIAC:onset_timeline_combinedt0-12",7.85879268280613,3.41443290583392,2.30163921785622,0.0213555265590781,1.16662715974321,14.5509582058691,0.0569480708242082,NA
"virus_comp_8200_cycle_1","fixed","cond",NA,"Dx.StatusCELIAC:onset_timeline_combinedt0-18",37.2637047167684,824550.327027432,4.51927596112986e-05,0.999963941394858,-1616051.68070977,1616126.20811921,0.999988215782612,NA
"virus_comp_8200_cycle_1","fixed","cond",NA,"Dx.StatusCELIAC:onset_timeline_combinedt0-24",6.70183288613571,3.3773422255578,1.98435113724042,0.0472167091478903,0.0823637605760759,13.3213020116954,0.339754936014796,NA
"virus_comp_8200_cycle_1","fixed","cond",NA,"Dx.StatusCELIAC:onset_timeline_combinedt0-30",2.89914795804613,3.09382579613834,0.93707537175002,0.348719788902803,-3.16463917682596,8.96293509291823,0.999934249453664,NA
"virus_comp_8200_cycle_1","fixed","cond",NA,"Dx.StatusCELIAC:onset_timeline_combinedt0-36",3.99585188559783,3.15609389001613,1.26607509942532,0.20548619651478,-2.1899784706607,10.1816822418564,0.819217186974376,NA
"virus_comp_8200_cycle_1","fixed","cond",NA,"Dx.StatusCELIAC:onset_timeline_combinedt0-over42",29.8748171024752,494267.646315599,6.04425908213292e-05,0.999951773789998,-968716.910684852,968776.660319057,0.999991800234522,NA
"virus_comp_99_cycle_1","fixed","cond",NA,"(Intercept)",-9.87968400005863,4.97496677290299,-1.98587939398309,0.0470467172790478,-19.6304396992319,-0.128928300885306,0.0665421742061082,NA
"virus_comp_99_cycle_1","fixed","cond",NA,"Dx.StatusCELIAC",-3.75231507185447,3.76726708551153,-0.99603107151214,0.319235048474473,-11.1360228796002,3.63139273589131,0.897141310429395,NA
"virus_comp_99_cycle_1","fixed","cond",NA,"onset_timeline_combinedt0-6",1.15622077912173,3.68151689318407,0.314060973416242,0.753474729639505,-6.05941973999485,8.37186129823831,0.99936446030488,NA
"virus_comp_99_cycle_1","fixed","cond",NA,"onset_timeline_combinedt0-12",-6.26400263700628,3.92210155168501,-1.59710363295289,0.110242608514443,-13.9511804220176,1.423175148005,0.17638817362311,NA
"virus_comp_99_cycle_1","fixed","cond",NA,"onset_timeline_combinedt0-18",-2.64580886007169,7.44646737056311,-0.355310609502022,0.722356908118818,-17.2406167184281,11.9489989982847,0.999989488589519,NA
"virus_comp_99_cycle_1","fixed","cond",NA,"onset_timeline_combinedt0-24",-29.673537489672,15789.5840016495,-0.00187931091069734,0.998500527722048,-30976.6895115924,30917.3424366131,0.999094900925549,NA
"virus_comp_99_cycle_1","fixed","cond",NA,"onset_timeline_combinedt0-30",-31.1329483063879,41370.286644194,-0.000752543693355268,0.999399557062416,-81115.404801025,81053.1389044122,0.999862345843037,NA
"virus_comp_99_cycle_1","fixed","cond",NA,"onset_timeline_combinedt0-36",-30.6379052236917,25573.3158872475,-0.00119804194961553,0.999044101053875,-50153.4160094948,50092.1401990474,0.999044101053875,NA
"virus_comp_99_cycle_1","fixed","cond",NA,"onset_timeline_combinedt0-over42",-8.90210593365682,4.9567743787996,-1.79594737491616,0.0725028869207003,-18.6172051955949,0.812993328281301,0.145005773841401,NA
"virus_comp_99_cycle_1","fixed","cond",NA,"SexMale",0.586235147503732,3.10565791456595,0.188763593296676,0.850278107152105,-5.50074251334731,6.67321280835477,0.936200741372379,NA
"virus_comp_99_cycle_1","fixed","cond",NA,"Age.at.Gluten.Introduction..months.",0.148776968138328,0.338503675501223,0.439513597357646,0.660289431735075,-0.514678044478502,0.812231980755158,0.672004085087241,NA
"virus_comp_99_cycle_1","fixed","cond",NA,"HLA.CategoryHigh Risk",2.31658720407248,3.31525529299038,0.698765856424561,0.484698369635839,-4.18119376974445,8.81436817788942,0.730260788088232,NA
"virus_comp_99_cycle_1","fixed","cond",NA,"HLA.CategoryLow/No Risk",-0.0317240979316837,5.07811368270423,-0.00624722090010199,0.99501547131841,-9.98464402543202,9.92119582956866,0.99501547131841,NA
"virus_comp_99_cycle_1","fixed","cond",NA,"feeding_first_yearFormula",-1.3653037507683,4.3185404518959,-0.316149348599691,0.75188915135054,-9.82948750226359,7.09888000072698,0.983835508340325,NA
"virus_comp_99_cycle_1","fixed","cond",NA,"feeding_first_yearBreastmilk_and_formula",1.12926018242344,3.50298462957368,0.32237086423096,0.747171753999405,-5.73646352993835,7.99498389478522,0.970865301500554,NA
"virus_comp_99_cycle_1","fixed","cond",NA,"Delivery.ModeC-Section",3.68935852155677,7.89287254510348,0.467429126781675,0.640192887719464,-11.780387401411,19.1591044445246,0.73164901453653,NA
"virus_comp_99_cycle_1","fixed","cond",NA,"Dx.StatusCELIAC:onset_timeline_combinedt0-6",2.45286674663102,6.99986363554991,0.350416361566496,0.726026249107057,-11.2666138757384,16.1723473690004,0.999993904043189,NA
"virus_comp_99_cycle_1","fixed","cond",NA,"Dx.StatusCELIAC:onset_timeline_combinedt0-12",10.9791844033587,4.74955750627725,2.311622585651,0.0207984908776236,1.67022274855344,20.288146058164,0.0569480708242082,NA
"virus_comp_99_cycle_1","fixed","cond",NA,"Dx.StatusCELIAC:onset_timeline_combinedt0-18",9.27340239572404,8.17467091912105,1.13440681435053,0.256623941990448,-6.74865819122015,25.2954629826682,0.945149993220193,NA
"virus_comp_99_cycle_1","fixed","cond",NA,"Dx.StatusCELIAC:onset_timeline_combinedt0-24",33.2083492423023,15789.5841618225,0.00210318073623474,0.998321905799119,-30913.8079387939,30980.2246372785,0.999962894735302,NA
"virus_comp_99_cycle_1","fixed","cond",NA,"Dx.StatusCELIAC:onset_timeline_combinedt0-30",32.9317666829872,41370.2867004912,0.000796024618378973,0.999364864314053,-81051.3401963762,81117.2037297422,0.999934249453664,NA
"virus_comp_99_cycle_1","fixed","cond",NA,"Dx.StatusCELIAC:onset_timeline_combinedt0-36",30.6468279792819,25573.3159375412,0.00119839085608342,0.999043822666991,-50092.1313748656,50153.4250308242,0.999043822666991,NA
"virus_comp_99_cycle_1","fixed","cond",NA,"Dx.StatusCELIAC:onset_timeline_combinedt0-over42",8.6176546827053,5.13191274731481,1.67922860481491,0.0931074991544942,-1.44070947383373,18.6760188392443,0.415860815964008,NA
"edge_16",NA,NA,NA,"TP (CELIAC): (t0-6) vs t0",-8.64815512393698,NA,NA,NA,NA,NA,NA,0.000175450233699217
"edge_16",NA,NA,NA,"TP (CELIAC): (t0-12) vs t0",30.4177246755725,NA,NA,NA,NA,NA,NA,16227438752962.6
"edge_16",NA,NA,NA,"TP (CELIAC): (t0-18) vs t0",75.2983801581415,NA,NA,NA,NA,NA,NA,5.03119324856125e+32
"edge_16",NA,NA,NA,"TP (CELIAC): (t0-24) vs t0",13.4404320682806,NA,NA,NA,NA,NA,NA,687235.335789933
"edge_16",NA,NA,NA,"TP (CELIAC): (t0-30) vs t0",4.14933169426253,NA,NA,NA,NA,NA,NA,63.3916211544633
"edge_16",NA,NA,NA,"TP (CELIAC): (t0-36) vs t0",4.17402381361318,NA,NA,NA,NA,NA,NA,64.9763796343851
"edge_16",NA,NA,NA,"TP (CELIAC): (t0-over42) vs t0",-7.34636175908112,NA,NA,NA,NA,NA,NA,0.000644934524269897
"edge_1732",NA,NA,NA,"TP (CELIAC): (t0-6) vs t0",-257.111376611077,NA,NA,NA,NA,NA,NA,2.17744855610684e-112
"edge_1732",NA,NA,NA,"TP (CELIAC): (t0-12) vs t0",-95.8830402695202,NA,NA,NA,NA,NA,NA,2.28309878453828e-42
"edge_1732",NA,NA,NA,"TP (CELIAC): (t0-18) vs t0",-20.596949256856,NA,NA,NA,NA,NA,NA,1.13464131628101e-09
"edge_1732",NA,NA,NA,"TP (CELIAC): (t0-24) vs t0",-28.779593210457,NA,NA,NA,NA,NA,NA,3.17089219705826e-13
"edge_1732",NA,NA,NA,"TP (CELIAC): (t0-30) vs t0",3.56208507447071,NA,NA,NA,NA,NA,NA,35.2365915195601
"edge_1732",NA,NA,NA,"TP (CELIAC): (t0-36) vs t0",-16.3232394224909,NA,NA,NA,NA,NA,NA,8.14530201737296e-08
"edge_1732",NA,NA,NA,"TP (CELIAC): (t0-over42) vs t0",-41.4059103421631,NA,NA,NA,NA,NA,NA,1.04145766389673e-18
"edge_1847",NA,NA,NA,"TP (CELIAC): (t0-6) vs t0",-501.794852229328,NA,NA,NA,NA,NA,NA,1.18376263997963e-218
"edge_1847",NA,NA,NA,"TP (CELIAC): (t0-12) vs t0",-25.330789487335,NA,NA,NA,NA,NA,NA,9.97649302825524e-12
"edge_1847",NA,NA,NA,"TP (CELIAC): (t0-18) vs t0",-388.917783089857,NA,NA,NA,NA,NA,NA,1.24495281068775e-169
"edge_1847",NA,NA,NA,"TP (CELIAC): (t0-24) vs t0",97.6174593427015,NA,NA,NA,NA,NA,NA,2.48155514179139e+42
"edge_1847",NA,NA,NA,"TP (CELIAC): (t0-30) vs t0",106.020609797147,NA,NA,NA,NA,NA,NA,1.10704634629343e+46
"edge_1847",NA,NA,NA,"TP (CELIAC): (t0-36) vs t0",114.369620016952,NA,NA,NA,NA,NA,NA,4.67837328224849e+49
"edge_1847",NA,NA,NA,"TP (CELIAC): (t0-over42) vs t0",79.2348779394139,NA,NA,NA,NA,NA,NA,2.57792491194362e+34
"edge_187",NA,NA,NA,"TP (CELIAC): (t0-6) vs t0",-17.2926576147805,NA,NA,NA,NA,NA,NA,3.08954283205268e-08
"edge_187",NA,NA,NA,"TP (CELIAC): (t0-12) vs t0",0.211071877003747,NA,NA,NA,NA,NA,NA,1.23500112005141
"edge_187",NA,NA,NA,"TP (CELIAC): (t0-18) vs t0",4.21524340070406,NA,NA,NA,NA,NA,NA,67.7106446839617
"edge_187",NA,NA,NA,"TP (CELIAC): (t0-24) vs t0",-35.8180857540372,NA,NA,NA,NA,NA,NA,2.78229390702284e-16
"edge_187",NA,NA,NA,"TP (CELIAC): (t0-30) vs t0",-34.879162212902,NA,NA,NA,NA,NA,NA,7.11495761935051e-16
"edge_187",NA,NA,NA,"TP (CELIAC): (t0-36) vs t0",-20.1144162289897,NA,NA,NA,NA,NA,NA,1.83831539849249e-09
"edge_187",NA,NA,NA,"TP (CELIAC): (t0-over42) vs t0",2.39074398965318,NA,NA,NA,NA,NA,NA,10.9216164907868
"edge_209",NA,NA,NA,"TP (CELIAC): (t0-6) vs t0",-17.3030588913419,NA,NA,NA,NA,NA,NA,3.05757418817568e-08
"edge_209",NA,NA,NA,"TP (CELIAC): (t0-12) vs t0",65.5625576640556,NA,NA,NA,NA,NA,NA,2.97479479522109e+28
"edge_209",NA,NA,NA,"TP (CELIAC): (t0-18) vs t0",84.9113695287184,NA,NA,NA,NA,NA,NA,7.52556718286546e+36
"edge_209",NA,NA,NA,"TP (CELIAC): (t0-24) vs t0",8.65810952271134,NA,NA,NA,NA,NA,NA,5756.641569029
"edge_209",NA,NA,NA,"TP (CELIAC): (t0-30) vs t0",-0.148099546387471,NA,NA,NA,NA,NA,NA,0.862345267313092
"edge_209",NA,NA,NA,"TP (CELIAC): (t0-36) vs t0",11.1272871940053,NA,NA,NA,NA,NA,NA,68001.6462895312
"edge_209",NA,NA,NA,"TP (CELIAC): (t0-over42) vs t0",83.4258383920751,NA,NA,NA,NA,NA,NA,1.70365346870411e+36
"edge_2199",NA,NA,NA,"TP (CELIAC): (t0-6) vs t0",-81.1622448413823,NA,NA,NA,NA,NA,NA,5.64527270977261e-36
"edge_2199",NA,NA,NA,"TP (CELIAC): (t0-12) vs t0",-64.9699220770487,NA,NA,NA,NA,NA,NA,6.08024882179897e-29
"edge_2199",NA,NA,NA,"TP (CELIAC): (t0-18) vs t0",-42.4096198607906,NA,NA,NA,NA,NA,NA,3.8171226510862e-19
"edge_2199",NA,NA,NA,"TP (CELIAC): (t0-24) vs t0",29.6926482269316,NA,NA,NA,NA,NA,NA,7858746465826.3
"edge_2199",NA,NA,NA,"TP (CELIAC): (t0-30) vs t0",-218.410997291122,NA,NA,NA,NA,NA,NA,1.39736251689082e-95
"edge_2199",NA,NA,NA,"TP (CELIAC): (t0-36) vs t0",-90.0927794579424,NA,NA,NA,NA,NA,NA,7.46797786592628e-40
"edge_2199",NA,NA,NA,"TP (CELIAC): (t0-over42) vs t0",-21.30315883454,NA,NA,NA,NA,NA,NA,5.59958280243363e-10
"edge_2654",NA,NA,NA,"TP (CELIAC): (t0-6) vs t0",-49.16283716992,NA,NA,NA,NA,NA,NA,4.4550348160779e-22
"edge_2654",NA,NA,NA,"TP (CELIAC): (t0-12) vs t0",-15.8059392510111,NA,NA,NA,NA,NA,NA,1.36636837626093e-07
"edge_2654",NA,NA,NA,"TP (CELIAC): (t0-18) vs t0",-34.3744929194835,NA,NA,NA,NA,NA,NA,1.17854835724309e-15
"edge_2654",NA,NA,NA,"TP (CELIAC): (t0-24) vs t0",-22.6185998440972,NA,NA,NA,NA,NA,NA,1.50268136031487e-10
"edge_2654",NA,NA,NA,"TP (CELIAC): (t0-30) vs t0",-12.1571669951772,NA,NA,NA,NA,NA,NA,5.25060633747479e-06
"edge_2654",NA,NA,NA,"TP (CELIAC): (t0-36) vs t0",-11.360411794035,NA,NA,NA,NA,NA,NA,1.16475838532218e-05
"edge_2654",NA,NA,NA,"TP (CELIAC): (t0-over42) vs t0",26.0635369768834,NA,NA,NA,NA,NA,NA,208569254077.527
"edge_2658",NA,NA,NA,"TP (CELIAC): (t0-6) vs t0",-22.6675404027744,NA,NA,NA,NA,NA,NA,1.4309098878901e-10
"edge_2658",NA,NA,NA,"TP (CELIAC): (t0-12) vs t0",20.6352403071676,NA,NA,NA,NA,NA,NA,915737497.849109
"edge_2658",NA,NA,NA,"TP (CELIAC): (t0-18) vs t0",-21.1818046999424,NA,NA,NA,NA,NA,NA,6.32206711600171e-10
"edge_2658",NA,NA,NA,"TP (CELIAC): (t0-24) vs t0",-18.0677999131141,NA,NA,NA,NA,NA,NA,1.42316153636048e-08
"edge_2658",NA,NA,NA,"TP (CELIAC): (t0-30) vs t0",21.2271722571424,NA,NA,NA,NA,NA,NA,1655174465.0075
"edge_2658",NA,NA,NA,"TP (CELIAC): (t0-36) vs t0",-16.107480768585,NA,NA,NA,NA,NA,NA,1.01067142010723e-07
"edge_2658",NA,NA,NA,"TP (CELIAC): (t0-over42) vs t0",20.8580225977651,NA,NA,NA,NA,NA,NA,1144258422.01657
"edge_329",NA,NA,NA,"TP (CELIAC): (t0-6) vs t0",44.1183055011097,NA,NA,NA,NA,NA,NA,14465605934020356096
"edge_329",NA,NA,NA,"TP (CELIAC): (t0-12) vs t0",-83.623680516826,NA,NA,NA,NA,NA,NA,4.81611662541367e-37
"edge_329",NA,NA,NA,"TP (CELIAC): (t0-18) vs t0",43.6779565055558,NA,NA,NA,NA,NA,NA,9313126267659511808
"edge_329",NA,NA,NA,"TP (CELIAC): (t0-24) vs t0",-101.152512509432,NA,NA,NA,NA,NA,NA,1.17495703656956e-44
"edge_329",NA,NA,NA,"TP (CELIAC): (t0-30) vs t0",-43.8844140092858,NA,NA,NA,NA,NA,NA,8.73456244868385e-20
"edge_329",NA,NA,NA,"TP (CELIAC): (t0-36) vs t0",-100.263790149899,NA,NA,NA,NA,NA,NA,2.85751950293869e-44
"edge_329",NA,NA,NA,"TP (CELIAC): (t0-over42) vs t0",-108.620595762295,NA,NA,NA,NA,NA,NA,6.70926026620324e-48
"edge_4",NA,NA,NA,"TP (CELIAC): (t0-6) vs t0",-32.9346356387136,NA,NA,NA,NA,NA,NA,4.97358424477456e-15
"edge_4",NA,NA,NA,"TP (CELIAC): (t0-12) vs t0",-22.0146357154637,NA,NA,NA,NA,NA,NA,2.74893953721719e-10
"edge_4",NA,NA,NA,"TP (CELIAC): (t0-18) vs t0",1.79608825013648,NA,NA,NA,NA,NA,NA,6.02602898168506
"edge_4",NA,NA,NA,"TP (CELIAC): (t0-24) vs t0",-29.25607822142,NA,NA,NA,NA,NA,NA,1.96900430787281e-13
"edge_4",NA,NA,NA,"TP (CELIAC): (t0-30) vs t0",-31.7425776216396,NA,NA,NA,NA,NA,NA,1.63822555968685e-14
"edge_4",NA,NA,NA,"TP (CELIAC): (t0-36) vs t0",0.391705409405615,NA,NA,NA,NA,NA,NA,1.4795017998831
"edge_4",NA,NA,NA,"TP (CELIAC): (t0-over42) vs t0",-0.34265171989594,NA,NA,NA,NA,NA,NA,0.709885407474586
"edge_48806",NA,NA,NA,"TP (CELIAC): (t0-6) vs t0",-13.5050308771979,NA,NA,NA,NA,NA,NA,1.36407927981857e-06
"edge_48806",NA,NA,NA,"TP (CELIAC): (t0-12) vs t0",0.168158189758664,NA,NA,NA,NA,NA,NA,1.18312375390645
"edge_48806",NA,NA,NA,"TP (CELIAC): (t0-18) vs t0",-27.8517061604952,NA,NA,NA,NA,NA,NA,8.01969225082756e-13
"edge_48806",NA,NA,NA,"TP (CELIAC): (t0-24) vs t0",4.1740909528089,NA,NA,NA,NA,NA,NA,64.9807422427045
"edge_48806",NA,NA,NA,"TP (CELIAC): (t0-30) vs t0",3.74222484935287,NA,NA,NA,NA,NA,NA,42.1917561200566
"edge_48806",NA,NA,NA,"TP (CELIAC): (t0-36) vs t0",-52.4121447352878,NA,NA,NA,NA,NA,NA,1.72860098744378e-23
"edge_48806",NA,NA,NA,"TP (CELIAC): (t0-over42) vs t0",-52.6007980451185,NA,NA,NA,NA,NA,NA,1.43140874219082e-23
"edge_61",NA,NA,NA,"TP (CELIAC): (t0-6) vs t0",-56.2424359116315,NA,NA,NA,NA,NA,NA,3.75163375542419e-25
"edge_61",NA,NA,NA,"TP (CELIAC): (t0-12) vs t0",-50.5822675619091,NA,NA,NA,NA,NA,NA,1.07745791471073e-22
"edge_61",NA,NA,NA,"TP (CELIAC): (t0-18) vs t0",-45.828015874256,NA,NA,NA,NA,NA,NA,1.25067822681847e-20
"edge_61",NA,NA,NA,"TP (CELIAC): (t0-24) vs t0",-2.33897509346604,NA,NA,NA,NA,NA,NA,0.0964264156664896
"edge_61",NA,NA,NA,"TP (CELIAC): (t0-30) vs t0",-26.9791219915484,NA,NA,NA,NA,NA,NA,1.91918213585628e-12
"edge_61",NA,NA,NA,"TP (CELIAC): (t0-36) vs t0",-47.364334875281,NA,NA,NA,NA,NA,NA,2.69110550500842e-21
"edge_61",NA,NA,NA,"TP (CELIAC): (t0-over42) vs t0",-54.9884816499392,NA,NA,NA,NA,NA,NA,1.3146370000304e-24
"virus_comp_103_cycle_1",NA,NA,NA,"TP (CELIAC): (t0-6) vs t0",1.25638982210661,6.210364229924,0.2023053359822,0.998572107255625,-15.0664070177404,17.5791866619536,1,3.51271703511164
"virus_comp_103_cycle_1",NA,NA,NA,"TP (CELIAC): (t0-12) vs t0",2.77396891071718,1.98648997176047,1.39641727375992,0.564406537195124,-2.4471535602005,7.99509138163486,0.814338491784312,16.0220982620137
"virus_comp_103_cycle_1",NA,NA,NA,"TP (CELIAC): (t0-18) vs t0",3.25289329361898,2.99607915302393,1.08571674093986,0.758462456888542,-4.62174811553858,11.1275347027765,1,25.8650669946658
"virus_comp_103_cycle_1",NA,NA,NA,"TP (CELIAC): (t0-24) vs t0",0.0384647873924031,1.49702585929471,0.0256941369139241,0.999998314696866,-3.89619154846697,3.97312112325178,1,1.03921413427418
"virus_comp_103_cycle_1",NA,NA,NA,"TP (CELIAC): (t0-30) vs t0",-1.86504055331537,1.63492083069097,-1.14075282319765,0.726445050839356,-6.16212838594466,2.43204727931392,1,0.154889928457425
"virus_comp_103_cycle_1",NA,NA,NA,"TP (CELIAC): (t0-36) vs t0",-3.21618143743424,1.65852004258929,-1.939187561709,0.246420397154851,-7.57529544552368,1.14293257065521,0.999999999886977,0.0401079208223227
"virus_comp_103_cycle_1",NA,NA,NA,"TP (CELIAC): (t0-over42) vs t0",-2.67469215138158,1.55525801475116,-1.71977390633124,0.361320618484686,-6.76240096659185,1.4130166638287,0.998763188277087,0.0689280445320957
"virus_comp_1044_cycle_1",NA,NA,NA,"TP (CELIAC): (t0-6) vs t0",-29.106010668956,NA,NA,NA,NA,NA,NA,2.28781117102794e-13
"virus_comp_1044_cycle_1",NA,NA,NA,"TP (CELIAC): (t0-12) vs t0",21.1700305143289,NA,NA,NA,NA,NA,NA,1563246388.76723
"virus_comp_1044_cycle_1",NA,NA,NA,"TP (CELIAC): (t0-18) vs t0",-19.2360888223229,NA,NA,NA,NA,NA,NA,4.42458732676794e-09
"virus_comp_1044_cycle_1",NA,NA,NA,"TP (CELIAC): (t0-24) vs t0",20.2024570374179,NA,NA,NA,NA,NA,NA,594039894.433685
"virus_comp_1044_cycle_1",NA,NA,NA,"TP (CELIAC): (t0-30) vs t0",21.8496769544276,NA,NA,NA,NA,NA,NA,3084566464.94709
"virus_comp_1044_cycle_1",NA,NA,NA,"TP (CELIAC): (t0-36) vs t0",-21.5728427810826,NA,NA,NA,NA,NA,NA,4.27595790595907e-10
"virus_comp_1044_cycle_1",NA,NA,NA,"TP (CELIAC): (t0-over42) vs t0",21.6345937579206,NA,NA,NA,NA,NA,NA,2487623708.74842
"virus_comp_1045_cycle_1",NA,NA,NA,"TP (CELIAC): (t0-6) vs t0",-5.42216849809181,NA,NA,NA,NA,NA,NA,0.00441755679032529
"virus_comp_1045_cycle_1",NA,NA,NA,"TP (CELIAC): (t0-12) vs t0",3.54425574291992,NA,NA,NA,NA,NA,NA,34.6139141025965
"virus_comp_1045_cycle_1",NA,NA,NA,"TP (CELIAC): (t0-18) vs t0",-6.99602237044632,NA,NA,NA,NA,NA,NA,0.000915516317471222
"virus_comp_1045_cycle_1",NA,NA,NA,"TP (CELIAC): (t0-24) vs t0",-0.111068479601524,NA,NA,NA,NA,NA,NA,0.894877465978456
"virus_comp_1045_cycle_1",NA,NA,NA,"TP (CELIAC): (t0-30) vs t0",46.9821100745909,NA,NA,NA,NA,NA,NA,2.53554401274993e+20
"virus_comp_1045_cycle_1",NA,NA,NA,"TP (CELIAC): (t0-36) vs t0",0.439240521396236,NA,NA,NA,NA,NA,NA,1.5515284182944
"virus_comp_1045_cycle_1",NA,NA,NA,"TP (CELIAC): (t0-over42) vs t0",44.3407439079453,NA,NA,NA,NA,NA,NA,18069261484222541824
"virus_comp_1068_cycle_1",NA,NA,NA,"TP (CELIAC): (t0-6) vs t0",-37.9236558751323,NA,NA,NA,NA,NA,NA,3.38817255176682e-17
"virus_comp_1068_cycle_1",NA,NA,NA,"TP (CELIAC): (t0-12) vs t0",-19.8068095963773,NA,NA,NA,NA,NA,NA,2.50041380598057e-09
"virus_comp_1068_cycle_1",NA,NA,NA,"TP (CELIAC): (t0-18) vs t0",-63.1064599875506,NA,NA,NA,NA,NA,NA,3.91933742892418e-28
"virus_comp_1068_cycle_1",NA,NA,NA,"TP (CELIAC): (t0-24) vs t0",-23.6433272774362,NA,NA,NA,NA,NA,NA,5.39303736899878e-11
"virus_comp_1068_cycle_1",NA,NA,NA,"TP (CELIAC): (t0-30) vs t0",-43.2167913636189,NA,NA,NA,NA,NA,NA,1.70288760841218e-19
"virus_comp_1068_cycle_1",NA,NA,NA,"TP (CELIAC): (t0-36) vs t0",-0.605487466157744,NA,NA,NA,NA,NA,NA,0.545808298706564
"virus_comp_1068_cycle_1",NA,NA,NA,"TP (CELIAC): (t0-over42) vs t0",-1.22947153692839,NA,NA,NA,NA,NA,NA,0.292447084336204
"virus_comp_1069_cycle_1",NA,NA,NA,"TP (CELIAC): (t0-6) vs t0",-61.9316890189307,NA,NA,NA,NA,NA,NA,1.26884684497351e-27
"virus_comp_1069_cycle_1",NA,NA,NA,"TP (CELIAC): (t0-12) vs t0",-31.1206707508947,NA,NA,NA,NA,NA,NA,3.05115604826255e-14
"virus_comp_1069_cycle_1",NA,NA,NA,"TP (CELIAC): (t0-18) vs t0",-78.6439699990181,NA,NA,NA,NA,NA,NA,7.00418799933754e-35
"virus_comp_1069_cycle_1",NA,NA,NA,"TP (CELIAC): (t0-24) vs t0",-22.0139931645862,NA,NA,NA,NA,NA,NA,2.75070643833003e-10
"virus_comp_1069_cycle_1",NA,NA,NA,"TP (CELIAC): (t0-30) vs t0",0.135530937488873,NA,NA,NA,NA,NA,NA,1.14514462318545
"virus_comp_1069_cycle_1",NA,NA,NA,"TP (CELIAC): (t0-36) vs t0",0.184661741511164,NA,NA,NA,NA,NA,NA,1.20281151010405
"virus_comp_1069_cycle_1",NA,NA,NA,"TP (CELIAC): (t0-over42) vs t0",-0.0354011040128768,NA,NA,NA,NA,NA,NA,0.965218185715304
"virus_comp_11_cycle_1",NA,NA,NA,"TP (CELIAC): (t0-6) vs t0",-60.2480484513416,NA,NA,NA,NA,NA,NA,6.83289917093942e-27
"virus_comp_11_cycle_1",NA,NA,NA,"TP (CELIAC): (t0-12) vs t0",-18.991362506635,NA,NA,NA,NA,NA,NA,5.65140015957695e-09
"virus_comp_11_cycle_1",NA,NA,NA,"TP (CELIAC): (t0-18) vs t0",2.01576162252876,NA,NA,NA,NA,NA,NA,7.50644228018025
"virus_comp_11_cycle_1",NA,NA,NA,"TP (CELIAC): (t0-24) vs t0",-17.8064132346953,NA,NA,NA,NA,NA,NA,1.84830223931035e-08
"virus_comp_11_cycle_1",NA,NA,NA,"TP (CELIAC): (t0-30) vs t0",-55.6000430679154,NA,NA,NA,NA,NA,NA,7.13194691625673e-25
"virus_comp_11_cycle_1",NA,NA,NA,"TP (CELIAC): (t0-36) vs t0",-56.8362630994563,NA,NA,NA,NA,NA,NA,2.07168901820656e-25
"virus_comp_11_cycle_1",NA,NA,NA,"TP (CELIAC): (t0-over42) vs t0",-61.9362281103316,NA,NA,NA,NA,NA,NA,1.26310048466405e-27
"virus_comp_1105_cycle_1",NA,NA,NA,"TP (CELIAC): (t0-6) vs t0",-33.8754116752576,NA,NA,NA,NA,NA,NA,1.94131333270767e-15
"virus_comp_1105_cycle_1",NA,NA,NA,"TP (CELIAC): (t0-12) vs t0",-1.60346989754609,NA,NA,NA,NA,NA,NA,0.201197171793824
"virus_comp_1105_cycle_1",NA,NA,NA,"TP (CELIAC): (t0-18) vs t0",-35.7180978643541,NA,NA,NA,NA,NA,NA,3.07487307366806e-16
"virus_comp_1105_cycle_1",NA,NA,NA,"TP (CELIAC): (t0-24) vs t0",-1.47354268766047,NA,NA,NA,NA,NA,NA,0.229112372160692
"virus_comp_1105_cycle_1",NA,NA,NA,"TP (CELIAC): (t0-30) vs t0",-35.6721650965857,NA,NA,NA,NA,NA,NA,3.2194044573558e-16
"virus_comp_1105_cycle_1",NA,NA,NA,"TP (CELIAC): (t0-36) vs t0",-42.6075875715599,NA,NA,NA,NA,NA,NA,3.13155346250052e-19
"virus_comp_1105_cycle_1",NA,NA,NA,"TP (CELIAC): (t0-over42) vs t0",-43.9934681574085,NA,NA,NA,NA,NA,NA,7.83212372499386e-20
"virus_comp_1111_cycle_2",NA,NA,NA,"TP (CELIAC): (t0-6) vs t0",-28.9730889873028,NA,NA,NA,NA,NA,NA,2.61304764870196e-13
"virus_comp_1111_cycle_2",NA,NA,NA,"TP (CELIAC): (t0-12) vs t0",-0.215198747428044,NA,NA,NA,NA,NA,NA,0.806381158068837
"virus_comp_1111_cycle_2",NA,NA,NA,"TP (CELIAC): (t0-18) vs t0",-27.5371421440346,NA,NA,NA,NA,NA,NA,1.09842679735712e-12
"virus_comp_1111_cycle_2",NA,NA,NA,"TP (CELIAC): (t0-24) vs t0",-46.6907027296403,NA,NA,NA,NA,NA,NA,5.27819521125033e-21
"virus_comp_1111_cycle_2",NA,NA,NA,"TP (CELIAC): (t0-30) vs t0",-19.6398000196254,NA,NA,NA,NA,NA,NA,2.95490297849085e-09
"virus_comp_1111_cycle_2",NA,NA,NA,"TP (CELIAC): (t0-36) vs t0",-47.7009392243106,NA,NA,NA,NA,NA,NA,1.92196428575914e-21
"virus_comp_1111_cycle_2",NA,NA,NA,"TP (CELIAC): (t0-over42) vs t0",-42.5132668741211,NA,NA,NA,NA,NA,NA,3.44130201588869e-19
"virus_comp_11746_cycle_1",NA,NA,NA,"TP (CELIAC): (t0-6) vs t0",-359.556703677797,NA,NA,NA,NA,NA,NA,7.02275732506594e-157
"virus_comp_11746_cycle_1",NA,NA,NA,"TP (CELIAC): (t0-12) vs t0",-18.4915673847692,NA,NA,NA,NA,NA,NA,9.3156748787185e-09
"virus_comp_11746_cycle_1",NA,NA,NA,"TP (CELIAC): (t0-18) vs t0",-334.933203831323,NA,NA,NA,NA,NA,NA,3.4702260842821e-146
"virus_comp_11746_cycle_1",NA,NA,NA,"TP (CELIAC): (t0-24) vs t0",11.2567573079712,NA,NA,NA,NA,NA,NA,77401.1802346449
"virus_comp_11746_cycle_1",NA,NA,NA,"TP (CELIAC): (t0-30) vs t0",3.48619030212936,NA,NA,NA,NA,NA,NA,32.661280773525
"virus_comp_11746_cycle_1",NA,NA,NA,"TP (CELIAC): (t0-36) vs t0",13.6218651741713,NA,NA,NA,NA,NA,NA,823950.038505174
"virus_comp_11746_cycle_1",NA,NA,NA,"TP (CELIAC): (t0-over42) vs t0",12.9631829663974,NA,NA,NA,NA,NA,NA,426421.241458993
"virus_comp_12_cycle_1",NA,NA,NA,"TP (CELIAC): (t0-6) vs t0",-29.8753408038279,NA,NA,NA,NA,NA,NA,1.05999628679543e-13
"virus_comp_12_cycle_1",NA,NA,NA,"TP (CELIAC): (t0-12) vs t0",-21.1212358131752,NA,NA,NA,NA,NA,NA,6.71682193791801e-10
"virus_comp_12_cycle_1",NA,NA,NA,"TP (CELIAC): (t0-18) vs t0",2.65117680959246,NA,NA,NA,NA,NA,NA,14.1707050584997
"virus_comp_12_cycle_1",NA,NA,NA,"TP (CELIAC): (t0-24) vs t0",-25.4665357749538,NA,NA,NA,NA,NA,NA,8.71011802226041e-12
"virus_comp_12_cycle_1",NA,NA,NA,"TP (CELIAC): (t0-30) vs t0",-39.4713216488899,NA,NA,NA,NA,NA,NA,7.20813338308917e-18
"virus_comp_12_cycle_1",NA,NA,NA,"TP (CELIAC): (t0-36) vs t0",-34.1581476404447,NA,NA,NA,NA,NA,NA,1.46320429650506e-15
"virus_comp_12_cycle_1",NA,NA,NA,"TP (CELIAC): (t0-over42) vs t0",-37.676909598465,NA,NA,NA,NA,NA,NA,4.33636735409372e-17
"virus_comp_12035_cycle_1",NA,NA,NA,"TP (CELIAC): (t0-6) vs t0",-38.227142892724,NA,NA,NA,NA,NA,NA,2.50128271971293e-17
"virus_comp_12035_cycle_1",NA,NA,NA,"TP (CELIAC): (t0-12) vs t0",-33.4726134992586,NA,NA,NA,NA,NA,NA,2.90421431930252e-15
"virus_comp_12035_cycle_1",NA,NA,NA,"TP (CELIAC): (t0-18) vs t0",5.10185458652479,NA,NA,NA,NA,NA,NA,164.326382369361
"virus_comp_12035_cycle_1",NA,NA,NA,"TP (CELIAC): (t0-24) vs t0",4.53478014321718e-05,NA,NA,NA,NA,NA,NA,1.00004534882966
"virus_comp_12035_cycle_1",NA,NA,NA,"TP (CELIAC): (t0-30) vs t0",-63.5285596987785,NA,NA,NA,NA,NA,NA,2.56978671465036e-28
"virus_comp_12035_cycle_1",NA,NA,NA,"TP (CELIAC): (t0-36) vs t0",-37.4778336799807,NA,NA,NA,NA,NA,NA,5.29155895486899e-17
"virus_comp_12035_cycle_1",NA,NA,NA,"TP (CELIAC): (t0-over42) vs t0",-1.15312006763968,NA,NA,NA,NA,NA,NA,0.315650380841054
"virus_comp_12451_cycle_1",NA,NA,NA,"TP (CELIAC): (t0-6) vs t0",-91.1755712154052,NA,NA,NA,NA,NA,NA,2.52902158932758e-40
"virus_comp_12451_cycle_1",NA,NA,NA,"TP (CELIAC): (t0-12) vs t0",-125.370436097069,NA,NA,NA,NA,NA,NA,3.56706817039613e-55
"virus_comp_12451_cycle_1",NA,NA,NA,"TP (CELIAC): (t0-18) vs t0",-27.3806110618734,NA,NA,NA,NA,NA,NA,1.28455204448229e-12
"virus_comp_12451_cycle_1",NA,NA,NA,"TP (CELIAC): (t0-24) vs t0",-51.7464748733728,NA,NA,NA,NA,NA,NA,3.36350056172711e-23
"virus_comp_12451_cycle_1",NA,NA,NA,"TP (CELIAC): (t0-30) vs t0",-67.112689136626,NA,NA,NA,NA,NA,NA,7.13393983394325e-30
"virus_comp_12451_cycle_1",NA,NA,NA,"TP (CELIAC): (t0-36) vs t0",-75.1326779021825,NA,NA,NA,NA,NA,NA,2.34580861265742e-33
"virus_comp_12451_cycle_1",NA,NA,NA,"TP (CELIAC): (t0-over42) vs t0",-148.76139329312,NA,NA,NA,NA,NA,NA,2.47598365021122e-65
"virus_comp_1260_cycle_2",NA,NA,NA,"TP (CELIAC): (t0-6) vs t0",-14.8301874989228,NA,NA,NA,NA,NA,NA,3.62519526127594e-07
"virus_comp_1260_cycle_2",NA,NA,NA,"TP (CELIAC): (t0-12) vs t0",-59.9571025828471,NA,NA,NA,NA,NA,NA,9.14031572414125e-27
"virus_comp_1260_cycle_2",NA,NA,NA,"TP (CELIAC): (t0-18) vs t0",-108.721680659516,NA,NA,NA,NA,NA,NA,6.06420712465997e-48
"virus_comp_1260_cycle_2",NA,NA,NA,"TP (CELIAC): (t0-24) vs t0",0.0191234715512962,NA,NA,NA,NA,NA,NA,1.01930749632576
"virus_comp_1260_cycle_2",NA,NA,NA,"TP (CELIAC): (t0-30) vs t0",-40.2780666545865,NA,NA,NA,NA,NA,NA,3.21705073586621e-18
"virus_comp_1260_cycle_2",NA,NA,NA,"TP (CELIAC): (t0-36) vs t0",-73.4041041764715,NA,NA,NA,NA,NA,NA,1.32130356606128e-32
"virus_comp_1260_cycle_2",NA,NA,NA,"TP (CELIAC): (t0-over42) vs t0",-2.03560890441992,NA,NA,NA,NA,NA,NA,0.130600934801562
"virus_comp_12691_cycle_1",NA,NA,NA,"TP (CELIAC): (t0-6) vs t0",-25.0217853091047,NA,NA,NA,NA,NA,NA,1.35886625198197e-11
"virus_comp_12691_cycle_1",NA,NA,NA,"TP (CELIAC): (t0-12) vs t0",25.6932783171225,NA,NA,NA,NA,NA,NA,144028684863.055
"virus_comp_12691_cycle_1",NA,NA,NA,"TP (CELIAC): (t0-18) vs t0",27.8839547252736,NA,NA,NA,NA,NA,NA,1287797776258.62
"virus_comp_12691_cycle_1",NA,NA,NA,"TP (CELIAC): (t0-24) vs t0",-27.7470571173591,NA,NA,NA,NA,NA,NA,8.90443165492625e-13
"virus_comp_12691_cycle_1",NA,NA,NA,"TP (CELIAC): (t0-30) vs t0",-28.6260702763527,NA,NA,NA,NA,NA,NA,3.6970526922947e-13
"virus_comp_12691_cycle_1",NA,NA,NA,"TP (CELIAC): (t0-36) vs t0",26.1098050387049,NA,NA,NA,NA,NA,NA,218446078062.776
"virus_comp_12691_cycle_1",NA,NA,NA,"TP (CELIAC): (t0-over42) vs t0",26.5067366214361,NA,NA,NA,NA,NA,NA,324884841109.209
"virus_comp_1276_cycle_1",NA,NA,NA,"TP (CELIAC): (t0-6) vs t0",-10.38157293852,NA,NA,NA,NA,NA,NA,3.0998462901843e-05
"virus_comp_1276_cycle_1",NA,NA,NA,"TP (CELIAC): (t0-12) vs t0",60.276510467804,NA,NA,NA,NA,NA,NA,1.50576044544976e+26
"virus_comp_1276_cycle_1",NA,NA,NA,"TP (CELIAC): (t0-18) vs t0",-61.2945782945723,NA,NA,NA,NA,NA,NA,2.39940122409793e-27
"virus_comp_1276_cycle_1",NA,NA,NA,"TP (CELIAC): (t0-24) vs t0",87.569091287607,NA,NA,NA,NA,NA,NA,1.07342852391515e+38
"virus_comp_1276_cycle_1",NA,NA,NA,"TP (CELIAC): (t0-30) vs t0",87.5690876468832,NA,NA,NA,NA,NA,NA,1.07342461586552e+38
"virus_comp_1276_cycle_1",NA,NA,NA,"TP (CELIAC): (t0-36) vs t0",-110.417307985913,NA,NA,NA,NA,NA,NA,1.11268551676748e-48
"virus_comp_1276_cycle_1",NA,NA,NA,"TP (CELIAC): (t0-over42) vs t0",-94.3735851196467,NA,NA,NA,NA,NA,NA,1.03293440965215e-41
"virus_comp_13180_cycle_1",NA,NA,NA,"TP (CELIAC): (t0-6) vs t0",-16.3407549468553,127617.18821325,-0.000128045094674471,1,-335434.580226368,335401.898716474,1,8.00387498150234e-08
"virus_comp_13180_cycle_1",NA,NA,NA,"TP (CELIAC): (t0-12) vs t0",4.06734570140508,2.97433328842164,1.36748148475434,0.5833222128353,-3.75014071379904,11.8848321166092,0.814338491784312,58.4017410216915
"virus_comp_13180_cycle_1",NA,NA,NA,"TP (CELIAC): (t0-18) vs t0",4.82822361527758,3.55179312108687,1.35937636305803,0.58861338063233,-4.50700945419675,14.1634566847519,1,124.988735254518
"virus_comp_13180_cycle_1",NA,NA,NA,"TP (CELIAC): (t0-24) vs t0",0.00354423353066815,2.07139308255375,0.00171103860513939,0.999999999763629,-5.44073040322489,5.44781887028622,1,1.00355052175311
"virus_comp_13180_cycle_1",NA,NA,NA,"TP (CELIAC): (t0-30) vs t0",-0.111709725953801,2.14361039773778,-0.0521128867781625,0.999982935852166,-5.74579425475856,5.52237480285096,1,0.894303813013755
"virus_comp_13180_cycle_1",NA,NA,NA,"TP (CELIAC): (t0-36) vs t0",-2.39966906155348,2.3542285971209,-1.01930163642059,0.794964007593653,-8.58732467766097,3.78798655455402,0.999999999886977,0.0907479803162205
"virus_comp_13180_cycle_1",NA,NA,NA,"TP (CELIAC): (t0-over42) vs t0",-1.19168941893995,2.0305287180929,-0.586886266774497,0.958088413109196,-6.52855961138451,4.14518077350462,0.998763188277087,0.303707740801359
"virus_comp_138_cycle_1",NA,NA,NA,"TP (CELIAC): (t0-6) vs t0",121.432282506055,NA,NA,NA,NA,NA,NA,5.4622329445908e+52
"virus_comp_138_cycle_1",NA,NA,NA,"TP (CELIAC): (t0-12) vs t0",-78.7659299144581,NA,NA,NA,NA,NA,NA,6.19999409935385e-35
"virus_comp_138_cycle_1",NA,NA,NA,"TP (CELIAC): (t0-18) vs t0",-48.3464429583508,NA,NA,NA,NA,NA,NA,1.00787483924507e-21
"virus_comp_138_cycle_1",NA,NA,NA,"TP (CELIAC): (t0-24) vs t0",131.366814857706,NA,NA,NA,NA,NA,NA,1.12689330293116e+57
"virus_comp_138_cycle_1",NA,NA,NA,"TP (CELIAC): (t0-30) vs t0",-53.0148840591316,NA,NA,NA,NA,NA,NA,9.46081160501317e-24
"virus_comp_138_cycle_1",NA,NA,NA,"TP (CELIAC): (t0-36) vs t0",131.366731988435,NA,NA,NA,NA,NA,NA,1.12679992197412e+57
"virus_comp_138_cycle_1",NA,NA,NA,"TP (CELIAC): (t0-over42) vs t0",127.830685957402,NA,NA,NA,NA,NA,NA,3.28217345848414e+55
"virus_comp_1390_cycle_1",NA,NA,NA,"TP (CELIAC): (t0-6) vs t0",-9.10926391652287,NA,NA,NA,NA,NA,NA,0.000110636122587897
"virus_comp_1390_cycle_1",NA,NA,NA,"TP (CELIAC): (t0-12) vs t0",-1.95199315515564,NA,NA,NA,NA,NA,NA,0.141990779703341
"virus_comp_1390_cycle_1",NA,NA,NA,"TP (CELIAC): (t0-18) vs t0",-1.43276126298524,NA,NA,NA,NA,NA,NA,0.238649038849798
"virus_comp_1390_cycle_1",NA,NA,NA,"TP (CELIAC): (t0-24) vs t0",-3.5844150286051,NA,NA,NA,NA,NA,NA,0.0277528975338858
"virus_comp_1390_cycle_1",NA,NA,NA,"TP (CELIAC): (t0-30) vs t0",-1.97375298976403,NA,NA,NA,NA,NA,NA,0.138934456953855
"virus_comp_1390_cycle_1",NA,NA,NA,"TP (CELIAC): (t0-36) vs t0",-3.01759910360249,NA,NA,NA,NA,NA,NA,0.0489185257965211
"virus_comp_1390_cycle_1",NA,NA,NA,"TP (CELIAC): (t0-over42) vs t0",-16.79830741571,NA,NA,NA,NA,NA,NA,5.06509720102666e-08
"virus_comp_1414_cycle_1",NA,NA,NA,"TP (CELIAC): (t0-6) vs t0",-46.9956199858887,NA,NA,NA,NA,NA,NA,3.89100300768126e-21
"virus_comp_1414_cycle_1",NA,NA,NA,"TP (CELIAC): (t0-12) vs t0",-35.9935659128029,NA,NA,NA,NA,NA,NA,2.33449495672198e-16
"virus_comp_1414_cycle_1",NA,NA,NA,"TP (CELIAC): (t0-18) vs t0",28.4577467979531,NA,NA,NA,NA,NA,NA,2285821965599.43
"virus_comp_1414_cycle_1",NA,NA,NA,"TP (CELIAC): (t0-24) vs t0",17.5622746136113,NA,NA,NA,NA,NA,NA,42383708.5312082
"virus_comp_1414_cycle_1",NA,NA,NA,"TP (CELIAC): (t0-30) vs t0",-45.9728976134047,NA,NA,NA,NA,NA,NA,1.08199249749422e-20
"virus_comp_1414_cycle_1",NA,NA,NA,"TP (CELIAC): (t0-36) vs t0",-36.9004815594814,NA,NA,NA,NA,NA,NA,9.42593583664288e-17
"virus_comp_1414_cycle_1",NA,NA,NA,"TP (CELIAC): (t0-over42) vs t0",26.1830847783383,NA,NA,NA,NA,NA,NA,235054861806.099
"virus_comp_14463_cycle_1",NA,NA,NA,"TP (CELIAC): (t0-6) vs t0",-16.6859846193779,NA,NA,NA,NA,NA,NA,5.66720541766515e-08
"virus_comp_14463_cycle_1",NA,NA,NA,"TP (CELIAC): (t0-12) vs t0",-7.20658986902351,NA,NA,NA,NA,NA,NA,0.000741682080891508
"virus_comp_14463_cycle_1",NA,NA,NA,"TP (CELIAC): (t0-18) vs t0",-3.14482980204614,NA,NA,NA,NA,NA,NA,0.0430742545729852
"virus_comp_14463_cycle_1",NA,NA,NA,"TP (CELIAC): (t0-24) vs t0",41.3265715530254,NA,NA,NA,NA,NA,NA,886955807040118528
"virus_comp_14463_cycle_1",NA,NA,NA,"TP (CELIAC): (t0-30) vs t0",0.544436530384161,NA,NA,NA,NA,NA,NA,1.72363689168219
"virus_comp_14463_cycle_1",NA,NA,NA,"TP (CELIAC): (t0-36) vs t0",-8.00026077898107,NA,NA,NA,NA,NA,NA,0.000335375157705909
"virus_comp_14463_cycle_1",NA,NA,NA,"TP (CELIAC): (t0-over42) vs t0",-36.5479008013435,NA,NA,NA,NA,NA,NA,1.34106045667567e-16
"virus_comp_14666_cycle_1",NA,NA,NA,"TP (CELIAC): (t0-6) vs t0",-8.85797673209632,NA,NA,NA,NA,NA,NA,0.000142242568038702
"virus_comp_14666_cycle_1",NA,NA,NA,"TP (CELIAC): (t0-12) vs t0",29.863087929571,NA,NA,NA,NA,NA,NA,9319107046466.85
"virus_comp_14666_cycle_1",NA,NA,NA,"TP (CELIAC): (t0-18) vs t0",32.0452938785615,NA,NA,NA,NA,NA,NA,82621733440674
"virus_comp_14666_cycle_1",NA,NA,NA,"TP (CELIAC): (t0-24) vs t0",7.67214993478553,NA,NA,NA,NA,NA,NA,2147.69388704301
"virus_comp_14666_cycle_1",NA,NA,NA,"TP (CELIAC): (t0-30) vs t0",11.0855787246128,NA,NA,NA,NA,NA,NA,65223.735600057
"virus_comp_14666_cycle_1",NA,NA,NA,"TP (CELIAC): (t0-36) vs t0",30.4221596305666,NA,NA,NA,NA,NA,NA,16299566537016.5
"virus_comp_14666_cycle_1",NA,NA,NA,"TP (CELIAC): (t0-over42) vs t0",31.071719885268,NA,NA,NA,NA,NA,NA,31208758274203.2
"virus_comp_14963_cycle_1",NA,NA,NA,"TP (CELIAC): (t0-6) vs t0",-18.2105084485747,NA,NA,NA,NA,NA,NA,1.23389063529636e-08
"virus_comp_14963_cycle_1",NA,NA,NA,"TP (CELIAC): (t0-12) vs t0",0.345753405994138,NA,NA,NA,NA,NA,NA,1.41305412217473
"virus_comp_14963_cycle_1",NA,NA,NA,"TP (CELIAC): (t0-18) vs t0",-82.097923776834,NA,NA,NA,NA,NA,NA,2.21475009001118e-36
"virus_comp_14963_cycle_1",NA,NA,NA,"TP (CELIAC): (t0-24) vs t0",-147.120473491704,NA,NA,NA,NA,NA,NA,1.27758612789036e-64
"virus_comp_14963_cycle_1",NA,NA,NA,"TP (CELIAC): (t0-30) vs t0",-35.6710463371689,NA,NA,NA,NA,NA,NA,3.22300821190031e-16
"virus_comp_14963_cycle_1",NA,NA,NA,"TP (CELIAC): (t0-36) vs t0",-35.6710494301184,NA,NA,NA,NA,NA,NA,3.22299824331418e-16
"virus_comp_14963_cycle_1",NA,NA,NA,"TP (CELIAC): (t0-over42) vs t0",29.002919834246,NA,NA,NA,NA,NA,NA,3942829916141.12
"virus_comp_15056_cycle_1",NA,NA,NA,"TP (CELIAC): (t0-6) vs t0",-38.5717508351102,NA,NA,NA,NA,NA,NA,1.77215398215922e-17
"virus_comp_15056_cycle_1",NA,NA,NA,"TP (CELIAC): (t0-12) vs t0",0.0329125756234419,NA,NA,NA,NA,NA,NA,1.03346018567938
"virus_comp_15056_cycle_1",NA,NA,NA,"TP (CELIAC): (t0-18) vs t0",-71.5518779423509,NA,NA,NA,NA,NA,NA,8.4219806607424e-32
"virus_comp_15056_cycle_1",NA,NA,NA,"TP (CELIAC): (t0-24) vs t0",-80.4225272094743,NA,NA,NA,NA,NA,NA,1.18287870177884e-35
"virus_comp_15056_cycle_1",NA,NA,NA,"TP (CELIAC): (t0-30) vs t0",-17.681270693444,NA,NA,NA,NA,NA,NA,2.09469938306654e-08
"virus_comp_15056_cycle_1",NA,NA,NA,"TP (CELIAC): (t0-36) vs t0",1.00562157982634,NA,NA,NA,NA,NA,NA,2.73360589913538
"virus_comp_15056_cycle_1",NA,NA,NA,"TP (CELIAC): (t0-over42) vs t0",-114.811168277413,NA,NA,NA,NA,NA,NA,1.37449497437801e-50
"virus_comp_15100_cycle_1",NA,NA,NA,"TP (CELIAC): (t0-6) vs t0",-20.0152789118123,NA,NA,NA,NA,NA,NA,2.02990080054712e-09
"virus_comp_15100_cycle_1",NA,NA,NA,"TP (CELIAC): (t0-12) vs t0",81.4411724566819,NA,NA,NA,NA,NA,NA,2.34127160308057e+35
"virus_comp_15100_cycle_1",NA,NA,NA,"TP (CELIAC): (t0-18) vs t0",81.9685788018866,NA,NA,NA,NA,NA,NA,3.9673586550796e+35
"virus_comp_15100_cycle_1",NA,NA,NA,"TP (CELIAC): (t0-24) vs t0",81.1263275004015,NA,NA,NA,NA,NA,NA,1.70889890107374e+35
"virus_comp_15100_cycle_1",NA,NA,NA,"TP (CELIAC): (t0-30) vs t0",81.487650311131,NA,NA,NA,NA,NA,NA,2.45265731791597e+35
"virus_comp_15100_cycle_1",NA,NA,NA,"TP (CELIAC): (t0-36) vs t0",25.7301159892069,NA,NA,NA,NA,NA,NA,149433301917.553
"virus_comp_15100_cycle_1",NA,NA,NA,"TP (CELIAC): (t0-over42) vs t0",-3.28907767261296,NA,NA,NA,NA,NA,NA,0.037288225492357
"virus_comp_15228_cycle_1",NA,NA,NA,"TP (CELIAC): (t0-6) vs t0",3.88873298892863,6.49377265149257,0.598840334829834,0.955440001887982,-13.1789506106474,20.9564165885047,1,48.8489551311608
"virus_comp_15228_cycle_1",NA,NA,NA,"TP (CELIAC): (t0-12) vs t0",5.77011841447886,2.96398878700118,1.94674097276757,0.242921898188443,-2.0201793868462,13.5604162158039,0.647791728502515,320.5756912033
"virus_comp_15228_cycle_1",NA,NA,NA,"TP (CELIAC): (t0-18) vs t0",7.18157627747377,3.40125299583974,2.11145018799188,0.17465215908223,-1.75798984080724,16.1211423957548,0.496741688863641,1314.9793978748
"virus_comp_15228_cycle_1",NA,NA,NA,"TP (CELIAC): (t0-24) vs t0",4.30657351754449,2.35622087809732,1.82774609866886,0.301680710942941,-1.88631844162149,10.4994654767105,0.804481895847843,74.1858564070976
"virus_comp_15228_cycle_1",NA,NA,NA,"TP (CELIAC): (t0-30) vs t0",1.85647102236177,2.0234799178107,0.917464515472123,0.845624916702974,-3.46187269873405,7.17481474345758,1,6.40110750058905
"virus_comp_15228_cycle_1",NA,NA,NA,"TP (CELIAC): (t0-36) vs t0",0.00223938441823446,1.63949987693366,0.00136589483765181,0.999999999886977,-4.30688362662772,4.31136239546419,0.999999999886977,1.00224189371226
"virus_comp_15228_cycle_1",NA,NA,NA,"TP (CELIAC): (t0-over42) vs t0",-0.608642815292513,1.453521304826,-0.418736769300656,0.985288692527053,-4.42895545440393,3.2116698238189,0.998763188277087,0.544088797203925
"virus_comp_15234_cycle_1",NA,NA,NA,"TP (CELIAC): (t0-6) vs t0",81.7149710566381,NA,NA,NA,NA,NA,NA,3.07865496474581e+35
"virus_comp_15234_cycle_1",NA,NA,NA,"TP (CELIAC): (t0-12) vs t0",198.497022664923,NA,NA,NA,NA,NA,NA,1.60753936864761e+86
"virus_comp_15234_cycle_1",NA,NA,NA,"TP (CELIAC): (t0-18) vs t0",146.440795771271,NA,NA,NA,NA,NA,NA,3.96670157823389e+63
"virus_comp_15234_cycle_1",NA,NA,NA,"TP (CELIAC): (t0-24) vs t0",-17.4201402043959,NA,NA,NA,NA,NA,NA,2.71975156450246e-08
"virus_comp_15234_cycle_1",NA,NA,NA,"TP (CELIAC): (t0-30) vs t0",-78.0384957227838,NA,NA,NA,NA,NA,NA,1.28325194612134e-34
"virus_comp_15234_cycle_1",NA,NA,NA,"TP (CELIAC): (t0-36) vs t0",-91.6719869694502,NA,NA,NA,NA,NA,NA,1.53943697713002e-40
"virus_comp_15234_cycle_1",NA,NA,NA,"TP (CELIAC): (t0-over42) vs t0",-20.7607210813948,NA,NA,NA,NA,NA,NA,9.6323752698302e-10
"virus_comp_155_cycle_1",NA,NA,NA,"TP (CELIAC): (t0-6) vs t0",-32.770503456544,NA,NA,NA,NA,NA,NA,5.8607227863691e-15
"virus_comp_155_cycle_1",NA,NA,NA,"TP (CELIAC): (t0-12) vs t0",0.000895074675532666,NA,NA,NA,NA,NA,NA,1.00089547537441
"virus_comp_155_cycle_1",NA,NA,NA,"TP (CELIAC): (t0-18) vs t0",-9.98248360889536,NA,NA,NA,NA,NA,NA,4.62021784266897e-05
"virus_comp_155_cycle_1",NA,NA,NA,"TP (CELIAC): (t0-24) vs t0",0.000410846646275331,NA,NA,NA,NA,NA,NA,1.00041093105532
"virus_comp_155_cycle_1",NA,NA,NA,"TP (CELIAC): (t0-30) vs t0",0.350353428987715,NA,NA,NA,NA,NA,NA,1.41956917684022
"virus_comp_155_cycle_1",NA,NA,NA,"TP (CELIAC): (t0-36) vs t0",-121.020153684435,NA,NA,NA,NA,NA,NA,2.76449020664852e-53
"virus_comp_155_cycle_1",NA,NA,NA,"TP (CELIAC): (t0-over42) vs t0",-141.784061460365,NA,NA,NA,NA,NA,NA,2.6543884927022e-62
"virus_comp_159_cycle_1",NA,NA,NA,"TP (CELIAC): (t0-6) vs t0",-32.770503456544,NA,NA,NA,NA,NA,NA,5.8607227863691e-15
"virus_comp_159_cycle_1",NA,NA,NA,"TP (CELIAC): (t0-12) vs t0",0.000895074675532666,NA,NA,NA,NA,NA,NA,1.00089547537441
"virus_comp_159_cycle_1",NA,NA,NA,"TP (CELIAC): (t0-18) vs t0",-9.98248360889536,NA,NA,NA,NA,NA,NA,4.62021784266897e-05
"virus_comp_159_cycle_1",NA,NA,NA,"TP (CELIAC): (t0-24) vs t0",0.000410846646275331,NA,NA,NA,NA,NA,NA,1.00041093105532
"virus_comp_159_cycle_1",NA,NA,NA,"TP (CELIAC): (t0-30) vs t0",0.350353428987715,NA,NA,NA,NA,NA,NA,1.41956917684022
"virus_comp_159_cycle_1",NA,NA,NA,"TP (CELIAC): (t0-36) vs t0",-121.020153684435,NA,NA,NA,NA,NA,NA,2.76449020664852e-53
"virus_comp_159_cycle_1",NA,NA,NA,"TP (CELIAC): (t0-over42) vs t0",-141.784061460365,NA,NA,NA,NA,NA,NA,2.6543884927022e-62
"virus_comp_160_cycle_1",NA,NA,NA,"TP (CELIAC): (t0-6) vs t0",-34.5723904251699,NA,NA,NA,NA,NA,NA,9.669446439962e-16
"virus_comp_160_cycle_1",NA,NA,NA,"TP (CELIAC): (t0-12) vs t0",-92.4974020712883,NA,NA,NA,NA,NA,NA,6.74355167896176e-41
"virus_comp_160_cycle_1",NA,NA,NA,"TP (CELIAC): (t0-18) vs t0",-10.8669776916583,NA,NA,NA,NA,NA,NA,1.90779432923121e-05
"virus_comp_160_cycle_1",NA,NA,NA,"TP (CELIAC): (t0-24) vs t0",0.0109254492385515,NA,NA,NA,NA,NA,NA,1.01098534990757
"virus_comp_160_cycle_1",NA,NA,NA,"TP (CELIAC): (t0-30) vs t0",0.380497529855756,NA,NA,NA,NA,NA,NA,1.46301230068911
"virus_comp_160_cycle_1",NA,NA,NA,"TP (CELIAC): (t0-36) vs t0",-88.4012076432525,NA,NA,NA,NA,NA,NA,4.05362273401334e-39
"virus_comp_160_cycle_1",NA,NA,NA,"TP (CELIAC): (t0-over42) vs t0",-148.018592365634,NA,NA,NA,NA,NA,NA,5.20405786010549e-65
"virus_comp_16363_cycle_1",NA,NA,NA,"TP (CELIAC): (t0-6) vs t0",-33.9040569434631,NA,NA,NA,NA,NA,NA,1.88649281438309e-15
"virus_comp_16363_cycle_1",NA,NA,NA,"TP (CELIAC): (t0-12) vs t0",-12.8596067202371,NA,NA,NA,NA,NA,NA,2.60102042120906e-06
"virus_comp_16363_cycle_1",NA,NA,NA,"TP (CELIAC): (t0-18) vs t0",-2.80924816896968,NA,NA,NA,NA,NA,NA,0.0602502733935324
"virus_comp_16363_cycle_1",NA,NA,NA,"TP (CELIAC): (t0-24) vs t0",-0.308586870678357,NA,NA,NA,NA,NA,NA,0.734484144291835
"virus_comp_16363_cycle_1",NA,NA,NA,"TP (CELIAC): (t0-30) vs t0",-0.738878693148518,NA,NA,NA,NA,NA,NA,0.477649206680181
"virus_comp_16363_cycle_1",NA,NA,NA,"TP (CELIAC): (t0-36) vs t0",-9.25336403292859,NA,NA,NA,NA,NA,NA,9.57888725239358e-05
"virus_comp_16363_cycle_1",NA,NA,NA,"TP (CELIAC): (t0-over42) vs t0",-13.2862141557341,NA,NA,NA,NA,NA,NA,1.69773736406464e-06
"virus_comp_16393_cycle_1",NA,NA,NA,"TP (CELIAC): (t0-6) vs t0",88.4328348850714,NA,NA,NA,NA,NA,NA,2.5461982167752e+38
"virus_comp_16393_cycle_1",NA,NA,NA,"TP (CELIAC): (t0-12) vs t0",85.1833469994044,NA,NA,NA,NA,NA,NA,9.8777391205291e+36
"virus_comp_16393_cycle_1",NA,NA,NA,"TP (CELIAC): (t0-18) vs t0",86.1260280811102,NA,NA,NA,NA,NA,NA,2.53547156218818e+37
"virus_comp_16393_cycle_1",NA,NA,NA,"TP (CELIAC): (t0-24) vs t0",85.2486060994787,NA,NA,NA,NA,NA,NA,1.05438500014154e+37
"virus_comp_16393_cycle_1",NA,NA,NA,"TP (CELIAC): (t0-30) vs t0",-19.8528798026379,NA,NA,NA,NA,NA,NA,2.38783246087978e-09
"virus_comp_16393_cycle_1",NA,NA,NA,"TP (CELIAC): (t0-36) vs t0",8.59058290853828,NA,NA,NA,NA,NA,NA,5380.74924612465
"virus_comp_16393_cycle_1",NA,NA,NA,"TP (CELIAC): (t0-over42) vs t0",-10.6484254999897,NA,NA,NA,NA,NA,NA,2.37381879663052e-05
"virus_comp_164_cycle_1",NA,NA,NA,"TP (CELIAC): (t0-6) vs t0",-32.770503456544,NA,NA,NA,NA,NA,NA,5.8607227863691e-15
"virus_comp_164_cycle_1",NA,NA,NA,"TP (CELIAC): (t0-12) vs t0",0.000895074675532666,NA,NA,NA,NA,NA,NA,1.00089547537441
"virus_comp_164_cycle_1",NA,NA,NA,"TP (CELIAC): (t0-18) vs t0",-9.98248360889536,NA,NA,NA,NA,NA,NA,4.62021784266897e-05
"virus_comp_164_cycle_1",NA,NA,NA,"TP (CELIAC): (t0-24) vs t0",0.000410846646275331,NA,NA,NA,NA,NA,NA,1.00041093105532
"virus_comp_164_cycle_1",NA,NA,NA,"TP (CELIAC): (t0-30) vs t0",0.350353428987715,NA,NA,NA,NA,NA,NA,1.41956917684022
"virus_comp_164_cycle_1",NA,NA,NA,"TP (CELIAC): (t0-36) vs t0",-121.020153684435,NA,NA,NA,NA,NA,NA,2.76449020664852e-53
"virus_comp_164_cycle_1",NA,NA,NA,"TP (CELIAC): (t0-over42) vs t0",-141.784061460365,NA,NA,NA,NA,NA,NA,2.6543884927022e-62
"virus_comp_16559_cycle_1",NA,NA,NA,"TP (CELIAC): (t0-6) vs t0",0.818891857282972,4.52423685889847,0.18100110202505,0.999005033436459,-11.0722302040154,12.7100139185813,1,2.26798519322315
"virus_comp_16559_cycle_1",NA,NA,NA,"TP (CELIAC): (t0-12) vs t0",2.17405151363413,1.64034473243747,1.3253625720513,0.610753868838234,-2.137292044265,6.48539507153326,0.814338491784312,8.79384032769685
"virus_comp_16559_cycle_1",NA,NA,NA,"TP (CELIAC): (t0-18) vs t0",2.75834777668546,2.54402904801116,1.08424382136747,0.759298517339773,-3.92816331476846,9.44485886813937,1,15.7737596330395
"virus_comp_16559_cycle_1",NA,NA,NA,"TP (CELIAC): (t0-24) vs t0",0.0899434366138445,1.4245814301035,0.0631367464949405,0.999968026775515,-3.65430607992098,3.83419295314867,1,1.09411239525301
"virus_comp_16559_cycle_1",NA,NA,NA,"TP (CELIAC): (t0-30) vs t0",-1.7109942351643,1.57357930655734,-1.08732634449012,0.757547508567694,-5.84685718641622,2.42486871608762,1,0.180686058849705
"virus_comp_16559_cycle_1",NA,NA,NA,"TP (CELIAC): (t0-36) vs t0",-2.98077182059101,1.60090525161475,-1.86192894150636,0.284017643582802,-7.18845597799371,1.22691233681169,0.999999999886977,0.0507536460347782
"virus_comp_16559_cycle_1",NA,NA,NA,"TP (CELIAC): (t0-over42) vs t0",-2.43950740153695,1.49587366193654,-1.63082448980269,0.414317557209408,-6.37113539917002,1.49212059609612,0.998763188277087,0.0872037973401183
"virus_comp_16658_cycle_1",NA,NA,NA,"TP (CELIAC): (t0-6) vs t0",-29.3213723684648,NA,NA,NA,NA,NA,NA,1.8445472242372e-13
"virus_comp_16658_cycle_1",NA,NA,NA,"TP (CELIAC): (t0-12) vs t0",-19.2114710445988,NA,NA,NA,NA,NA,NA,4.53486263140034e-09
"virus_comp_16658_cycle_1",NA,NA,NA,"TP (CELIAC): (t0-18) vs t0",-32.2981782038408,NA,NA,NA,NA,NA,NA,9.39895197529045e-15
"virus_comp_16658_cycle_1",NA,NA,NA,"TP (CELIAC): (t0-24) vs t0",-24.5991919454608,NA,NA,NA,NA,NA,NA,2.07351260021974e-11
"virus_comp_16658_cycle_1",NA,NA,NA,"TP (CELIAC): (t0-30) vs t0",0.505976575209733,NA,NA,NA,NA,NA,NA,1.65860448183312
"virus_comp_16658_cycle_1",NA,NA,NA,"TP (CELIAC): (t0-36) vs t0",0.563529377840869,NA,NA,NA,NA,NA,NA,1.75686220149722
"virus_comp_16658_cycle_1",NA,NA,NA,"TP (CELIAC): (t0-over42) vs t0",0.222553888931227,NA,NA,NA,NA,NA,NA,1.24926313929214
"virus_comp_16692_cycle_1",NA,NA,NA,"TP (CELIAC): (t0-6) vs t0",-73.5302893374653,NA,NA,NA,NA,NA,NA,1.16466517042088e-32
"virus_comp_16692_cycle_1",NA,NA,NA,"TP (CELIAC): (t0-12) vs t0",-18.9927949897179,NA,NA,NA,NA,NA,NA,5.64331042004444e-09
"virus_comp_16692_cycle_1",NA,NA,NA,"TP (CELIAC): (t0-18) vs t0",-50.8759955407499,NA,NA,NA,NA,NA,NA,8.03222518159174e-23
"virus_comp_16692_cycle_1",NA,NA,NA,"TP (CELIAC): (t0-24) vs t0",-0.483087462837869,NA,NA,NA,NA,NA,NA,0.616875867300039
"virus_comp_16692_cycle_1",NA,NA,NA,"TP (CELIAC): (t0-30) vs t0",-60.8203169595034,NA,NA,NA,NA,NA,NA,3.8554223164865e-27
"virus_comp_16692_cycle_1",NA,NA,NA,"TP (CELIAC): (t0-36) vs t0",-0.423856783189571,NA,NA,NA,NA,NA,NA,0.654517613121677
"virus_comp_16692_cycle_1",NA,NA,NA,"TP (CELIAC): (t0-over42) vs t0",-21.137991879714,NA,NA,NA,NA,NA,NA,6.6052121048308e-10
"virus_comp_16826_cycle_1",NA,NA,NA,"TP (CELIAC): (t0-6) vs t0",0.814006354146386,NA,NA,NA,NA,NA,NA,2.25693196671929
"virus_comp_16826_cycle_1",NA,NA,NA,"TP (CELIAC): (t0-12) vs t0",-71.0590899563305,NA,NA,NA,NA,NA,NA,1.37857164940385e-31
"virus_comp_16826_cycle_1",NA,NA,NA,"TP (CELIAC): (t0-18) vs t0",-39.6561097717915,NA,NA,NA,NA,NA,NA,5.99197996210506e-18
"virus_comp_16826_cycle_1",NA,NA,NA,"TP (CELIAC): (t0-24) vs t0",1.98337843144119,NA,NA,NA,NA,NA,NA,7.26725347597581
"virus_comp_16826_cycle_1",NA,NA,NA,"TP (CELIAC): (t0-30) vs t0",0.939728499793279,NA,NA,NA,NA,NA,NA,2.55928647718759
"virus_comp_16826_cycle_1",NA,NA,NA,"TP (CELIAC): (t0-36) vs t0",-30.7356347234149,NA,NA,NA,NA,NA,NA,4.48418417642274e-14
"virus_comp_16826_cycle_1",NA,NA,NA,"TP (CELIAC): (t0-over42) vs t0",0.536784929294329,NA,NA,NA,NA,NA,NA,1.71049863820103
"virus_comp_169_cycle_1",NA,NA,NA,"TP (CELIAC): (t0-6) vs t0",135.239260787603,NA,NA,NA,NA,NA,NA,5.41582592355714e+58
"virus_comp_169_cycle_1",NA,NA,NA,"TP (CELIAC): (t0-12) vs t0",-110.199963963681,NA,NA,NA,NA,NA,NA,1.38281392620507e-48
"virus_comp_169_cycle_1",NA,NA,NA,"TP (CELIAC): (t0-18) vs t0",-181.284174350139,NA,NA,NA,NA,NA,NA,1.85901726582435e-79
"virus_comp_169_cycle_1",NA,NA,NA,"TP (CELIAC): (t0-24) vs t0",114.265280680583,NA,NA,NA,NA,NA,NA,4.21483786227283e+49
"virus_comp_169_cycle_1",NA,NA,NA,"TP (CELIAC): (t0-30) vs t0",-50.003482623761,NA,NA,NA,NA,NA,NA,1.92204442093148e-22
"virus_comp_169_cycle_1",NA,NA,NA,"TP (CELIAC): (t0-36) vs t0",114.265244094504,NA,NA,NA,NA,NA,NA,4.21468366070102e+49
"virus_comp_169_cycle_1",NA,NA,NA,"TP (CELIAC): (t0-over42) vs t0",109.932277664267,NA,NA,NA,NA,NA,NA,5.53326630765353e+47
"virus_comp_16955_cycle_1",NA,NA,NA,"TP (CELIAC): (t0-6) vs t0",3.12382050930692,NA,NA,NA,NA,NA,NA,22.7330658346295
"virus_comp_16955_cycle_1",NA,NA,NA,"TP (CELIAC): (t0-12) vs t0",6.75904313220829,NA,NA,NA,NA,NA,NA,861.817156046246
"virus_comp_16955_cycle_1",NA,NA,NA,"TP (CELIAC): (t0-18) vs t0",0.0079907718255896,NA,NA,NA,NA,NA,NA,1.0080227832513
"virus_comp_16955_cycle_1",NA,NA,NA,"TP (CELIAC): (t0-24) vs t0",0.000329603363560693,NA,NA,NA,NA,NA,NA,1.00032965768872
"virus_comp_16955_cycle_1",NA,NA,NA,"TP (CELIAC): (t0-30) vs t0",0.000291355134578453,NA,NA,NA,NA,NA,NA,1.00029139758261
"virus_comp_16955_cycle_1",NA,NA,NA,"TP (CELIAC): (t0-36) vs t0",0.000344001546004336,NA,NA,NA,NA,NA,NA,1.00034406072132
"virus_comp_16955_cycle_1",NA,NA,NA,"TP (CELIAC): (t0-over42) vs t0",-104.972004834905,NA,NA,NA,NA,NA,NA,2.57773071181369e-46
"virus_comp_17138_cycle_1",NA,NA,NA,"TP (CELIAC): (t0-6) vs t0",-88.2553966745318,NA,NA,NA,NA,NA,NA,4.68995014452286e-39
"virus_comp_17138_cycle_1",NA,NA,NA,"TP (CELIAC): (t0-12) vs t0",1.4139698927983,NA,NA,NA,NA,NA,NA,4.11224822691402
"virus_comp_17138_cycle_1",NA,NA,NA,"TP (CELIAC): (t0-18) vs t0",-34.7558764825858,NA,NA,NA,NA,NA,NA,8.04849409767315e-16
"virus_comp_17138_cycle_1",NA,NA,NA,"TP (CELIAC): (t0-24) vs t0",-19.8504904136482,NA,NA,NA,NA,NA,NA,2.39354474318555e-09
"virus_comp_17138_cycle_1",NA,NA,NA,"TP (CELIAC): (t0-30) vs t0",-24.7490166634892,NA,NA,NA,NA,NA,NA,1.78500168542233e-11
"virus_comp_17138_cycle_1",NA,NA,NA,"TP (CELIAC): (t0-36) vs t0",-39.833966743635,NA,NA,NA,NA,NA,NA,5.01565956022035e-18
"virus_comp_17138_cycle_1",NA,NA,NA,"TP (CELIAC): (t0-over42) vs t0",-22.7657743126376,NA,NA,NA,NA,NA,NA,1.29702945775776e-10
"virus_comp_17169_cycle_1",NA,NA,NA,"TP (CELIAC): (t0-6) vs t0",-26.7050904682801,NA,NA,NA,NA,NA,NA,2.52421632356464e-12
"virus_comp_17169_cycle_1",NA,NA,NA,"TP (CELIAC): (t0-12) vs t0",0.168565004525301,NA,NA,NA,NA,NA,NA,1.18360516403603
"virus_comp_17169_cycle_1",NA,NA,NA,"TP (CELIAC): (t0-18) vs t0",-24.3508011631194,NA,NA,NA,NA,NA,NA,2.65816187586395e-11
"virus_comp_17169_cycle_1",NA,NA,NA,"TP (CELIAC): (t0-24) vs t0",-29.4478355074675,NA,NA,NA,NA,NA,NA,1.62542724537521e-13
"virus_comp_17169_cycle_1",NA,NA,NA,"TP (CELIAC): (t0-30) vs t0",-27.4757281448703,NA,NA,NA,NA,NA,NA,1.1680001012098e-12
"virus_comp_17169_cycle_1",NA,NA,NA,"TP (CELIAC): (t0-36) vs t0",0.636747577200945,NA,NA,NA,NA,NA,NA,1.89032274151753
"virus_comp_17169_cycle_1",NA,NA,NA,"TP (CELIAC): (t0-over42) vs t0",-0.568761840671593,NA,NA,NA,NA,NA,NA,0.56622608296202
"virus_comp_17296_cycle_1",NA,NA,NA,"TP (CELIAC): (t0-6) vs t0",-45.8119420154871,NA,NA,NA,NA,NA,NA,1.27094388936758e-20
"virus_comp_17296_cycle_1",NA,NA,NA,"TP (CELIAC): (t0-12) vs t0",1.11013919883722,NA,NA,NA,NA,NA,NA,3.03478080299461
"virus_comp_17296_cycle_1",NA,NA,NA,"TP (CELIAC): (t0-18) vs t0",-27.8945453067827,NA,NA,NA,NA,NA,NA,7.68339035436891e-13
"virus_comp_17296_cycle_1",NA,NA,NA,"TP (CELIAC): (t0-24) vs t0",-22.0859225975928,NA,NA,NA,NA,NA,NA,2.55979795704522e-10
"virus_comp_17296_cycle_1",NA,NA,NA,"TP (CELIAC): (t0-30) vs t0",-28.479335097004,NA,NA,NA,NA,NA,NA,4.28136169451809e-13
"virus_comp_17296_cycle_1",NA,NA,NA,"TP (CELIAC): (t0-36) vs t0",-31.0415877284787,NA,NA,NA,NA,NA,NA,3.30224841200141e-14
"virus_comp_17296_cycle_1",NA,NA,NA,"TP (CELIAC): (t0-over42) vs t0",-30.845060092174,NA,NA,NA,NA,NA,NA,4.01939426023038e-14
"virus_comp_174_cycle_1",NA,NA,NA,"TP (CELIAC): (t0-6) vs t0",135.239260787603,NA,NA,NA,NA,NA,NA,5.41582592355714e+58
"virus_comp_174_cycle_1",NA,NA,NA,"TP (CELIAC): (t0-12) vs t0",-110.199963963681,NA,NA,NA,NA,NA,NA,1.38281392620507e-48
"virus_comp_174_cycle_1",NA,NA,NA,"TP (CELIAC): (t0-18) vs t0",-181.284174350139,NA,NA,NA,NA,NA,NA,1.85901726582435e-79
"virus_comp_174_cycle_1",NA,NA,NA,"TP (CELIAC): (t0-24) vs t0",114.265280680583,NA,NA,NA,NA,NA,NA,4.21483786227283e+49
"virus_comp_174_cycle_1",NA,NA,NA,"TP (CELIAC): (t0-30) vs t0",-50.003482623761,NA,NA,NA,NA,NA,NA,1.92204442093148e-22
"virus_comp_174_cycle_1",NA,NA,NA,"TP (CELIAC): (t0-36) vs t0",114.265244094504,NA,NA,NA,NA,NA,NA,4.21468366070102e+49
"virus_comp_174_cycle_1",NA,NA,NA,"TP (CELIAC): (t0-over42) vs t0",109.932277664267,NA,NA,NA,NA,NA,NA,5.53326630765353e+47
"virus_comp_17776_cycle_1",NA,NA,NA,"TP (CELIAC): (t0-6) vs t0",-19.9457672554011,116191.756505089,-0.000171662498746436,1,-305408.545482404,305368.653947893,1,2.1760223096667e-09
"virus_comp_17776_cycle_1",NA,NA,NA,"TP (CELIAC): (t0-12) vs t0",0.0922624763955007,1.58121844475061,0.0583489755648863,0.999975298423245,-4.06367854051307,4.24820349330408,0.999975298423245,1.09665262973718
"virus_comp_17776_cycle_1",NA,NA,NA,"TP (CELIAC): (t0-18) vs t0",-23.1432750651061,226977.538933459,-0.000101962842551971,1,-596591.737008681,596545.45045855,1,8.89207968802841e-11
"virus_comp_17776_cycle_1",NA,NA,NA,"TP (CELIAC): (t0-24) vs t0",-26.7543785035659,598634.416984047,-4.4692349361328e-05,1,-1573426.89775309,1573373.38899609,1,2.40281895424724e-12
"virus_comp_17776_cycle_1",NA,NA,NA,"TP (CELIAC): (t0-30) vs t0",-24.5621779657224,296044.295976881,-8.29679149354073e-05,1,-778122.387027329,778073.262671397,1,2.15169963385569e-11
"virus_comp_17776_cycle_1",NA,NA,NA,"TP (CELIAC): (t0-36) vs t0",0.531799183215914,1.64484768255185,0.32331211507127,0.993527947654432,-3.791379548463,4.85497791489483,0.999999999886977,1.70199175053617
"virus_comp_17776_cycle_1",NA,NA,NA,"TP (CELIAC): (t0-over42) vs t0",-1.15771393417616,1.63416783590205,-0.708442492100031,0.926292732021731,-5.45282265889712,3.1373947905448,0.998763188277087,0.314203650706124
"virus_comp_17782_cycle_1",NA,NA,NA,"TP (CELIAC): (t0-6) vs t0",-29.3448605266964,NA,NA,NA,NA,NA,NA,1.80172705919085e-13
"virus_comp_17782_cycle_1",NA,NA,NA,"TP (CELIAC): (t0-12) vs t0",1.17009166505744,NA,NA,NA,NA,NA,NA,3.22228799620557
"virus_comp_17782_cycle_1",NA,NA,NA,"TP (CELIAC): (t0-18) vs t0",0.772976778773646,NA,NA,NA,NA,NA,NA,2.16620497870047
"virus_comp_17782_cycle_1",NA,NA,NA,"TP (CELIAC): (t0-24) vs t0",-28.055391954904,NA,NA,NA,NA,NA,NA,6.54181241020129e-13
"virus_comp_17782_cycle_1",NA,NA,NA,"TP (CELIAC): (t0-30) vs t0",-21.0536859070225,NA,NA,NA,NA,NA,NA,7.186217985059e-10
"virus_comp_17782_cycle_1",NA,NA,NA,"TP (CELIAC): (t0-36) vs t0",-19.8056447799157,NA,NA,NA,NA,NA,NA,2.50332802607907e-09
"virus_comp_17782_cycle_1",NA,NA,NA,"TP (CELIAC): (t0-over42) vs t0",-21.0841878613634,NA,NA,NA,NA,NA,NA,6.9703334792959e-10
"virus_comp_17783_cycle_1",NA,NA,NA,"TP (CELIAC): (t0-6) vs t0",-39.4093613258294,NA,NA,NA,NA,NA,NA,7.66887821173051e-18
"virus_comp_17783_cycle_1",NA,NA,NA,"TP (CELIAC): (t0-12) vs t0",-32.9563746679018,NA,NA,NA,NA,NA,NA,4.86663010335575e-15
"virus_comp_17783_cycle_1",NA,NA,NA,"TP (CELIAC): (t0-18) vs t0",1.08774094999338,NA,NA,NA,NA,NA,NA,2.96756262230486
"virus_comp_17783_cycle_1",NA,NA,NA,"TP (CELIAC): (t0-24) vs t0",-38.2543308085836,NA,NA,NA,NA,NA,NA,2.43419418678896e-17
"virus_comp_17783_cycle_1",NA,NA,NA,"TP (CELIAC): (t0-30) vs t0",-44.6512668962973,NA,NA,NA,NA,NA,NA,4.05696421481869e-20
"virus_comp_17783_cycle_1",NA,NA,NA,"TP (CELIAC): (t0-36) vs t0",-35.8854754756457,NA,NA,NA,NA,NA,NA,2.60097405721581e-16
"virus_comp_17783_cycle_1",NA,NA,NA,"TP (CELIAC): (t0-over42) vs t0",-30.8282317144795,NA,NA,NA,NA,NA,NA,4.08760648572351e-14
"virus_comp_17794_cycle_1",NA,NA,NA,"TP (CELIAC): (t0-6) vs t0",-174.561974425606,NA,NA,NA,NA,NA,NA,1.5441794083058e-76
"virus_comp_17794_cycle_1",NA,NA,NA,"TP (CELIAC): (t0-12) vs t0",-57.1369636423566,NA,NA,NA,NA,NA,NA,1.53367019408774e-25
"virus_comp_17794_cycle_1",NA,NA,NA,"TP (CELIAC): (t0-18) vs t0",-82.6129521014539,NA,NA,NA,NA,NA,NA,1.32327701386309e-36
"virus_comp_17794_cycle_1",NA,NA,NA,"TP (CELIAC): (t0-24) vs t0",2.12879898155546,NA,NA,NA,NA,NA,NA,8.40476646775489
"virus_comp_17794_cycle_1",NA,NA,NA,"TP (CELIAC): (t0-30) vs t0",-161.407643999525,NA,NA,NA,NA,NA,NA,7.97169866968565e-71
"virus_comp_17794_cycle_1",NA,NA,NA,"TP (CELIAC): (t0-36) vs t0",-140.104057538564,NA,NA,NA,NA,NA,NA,1.42423258821527e-61
"virus_comp_17794_cycle_1",NA,NA,NA,"TP (CELIAC): (t0-over42) vs t0",1.30708812097366,NA,NA,NA,NA,NA,NA,3.69539747986645
"virus_comp_17810_cycle_1",NA,NA,NA,"TP (CELIAC): (t0-6) vs t0",-126.734931307077,NA,NA,NA,NA,NA,NA,9.1142024036607e-56
"virus_comp_17810_cycle_1",NA,NA,NA,"TP (CELIAC): (t0-12) vs t0",1.31751142199266,NA,NA,NA,NA,NA,NA,3.73411716308237
"virus_comp_17810_cycle_1",NA,NA,NA,"TP (CELIAC): (t0-18) vs t0",-125.774114939396,NA,NA,NA,NA,NA,NA,2.38229706426763e-55
"virus_comp_17810_cycle_1",NA,NA,NA,"TP (CELIAC): (t0-24) vs t0",1.31512202367475,NA,NA,NA,NA,NA,NA,3.72520552078544
"virus_comp_17810_cycle_1",NA,NA,NA,"TP (CELIAC): (t0-30) vs t0",1.31636498051671,NA,NA,NA,NA,NA,NA,3.72983866928053
"virus_comp_17810_cycle_1",NA,NA,NA,"TP (CELIAC): (t0-36) vs t0",-147.973396560363,NA,NA,NA,NA,NA,NA,5.44465549412255e-65
"virus_comp_17810_cycle_1",NA,NA,NA,"TP (CELIAC): (t0-over42) vs t0",3.14528997960758,NA,NA,NA,NA,NA,NA,23.2264096820107
"virus_comp_17877_cycle_1",NA,NA,NA,"TP (CELIAC): (t0-6) vs t0",-7.66453728949231,NA,NA,NA,NA,NA,NA,0.000469173796705901
"virus_comp_17877_cycle_1",NA,NA,NA,"TP (CELIAC): (t0-12) vs t0",-4.69691068086893,NA,NA,NA,NA,NA,NA,0.00912341876215175
"virus_comp_17877_cycle_1",NA,NA,NA,"TP (CELIAC): (t0-18) vs t0",-41.5418583096781,NA,NA,NA,NA,NA,NA,9.09075949231349e-19
"virus_comp_17877_cycle_1",NA,NA,NA,"TP (CELIAC): (t0-24) vs t0",-5.70272361468075,NA,NA,NA,NA,NA,NA,0.00333686473588529
"virus_comp_17877_cycle_1",NA,NA,NA,"TP (CELIAC): (t0-30) vs t0",-34.7788665801956,NA,NA,NA,NA,NA,NA,7.86556922007684e-16
"virus_comp_17877_cycle_1",NA,NA,NA,"TP (CELIAC): (t0-36) vs t0",-5.20140635847611,NA,NA,NA,NA,NA,NA,0.00550881160652443
"virus_comp_17877_cycle_1",NA,NA,NA,"TP (CELIAC): (t0-over42) vs t0",-4.59468547755815,NA,NA,NA,NA,NA,NA,0.0101053986558572
"virus_comp_17932_cycle_1",NA,NA,NA,"TP (CELIAC): (t0-6) vs t0",-257.111376611077,NA,NA,NA,NA,NA,NA,2.17744855610684e-112
"virus_comp_17932_cycle_1",NA,NA,NA,"TP (CELIAC): (t0-12) vs t0",-95.8830402695202,NA,NA,NA,NA,NA,NA,2.28309878453828e-42
"virus_comp_17932_cycle_1",NA,NA,NA,"TP (CELIAC): (t0-18) vs t0",-20.596949256856,NA,NA,NA,NA,NA,NA,1.13464131628101e-09
"virus_comp_17932_cycle_1",NA,NA,NA,"TP (CELIAC): (t0-24) vs t0",-28.779593210457,NA,NA,NA,NA,NA,NA,3.17089219705826e-13
"virus_comp_17932_cycle_1",NA,NA,NA,"TP (CELIAC): (t0-30) vs t0",3.56208507447071,NA,NA,NA,NA,NA,NA,35.2365915195601
"virus_comp_17932_cycle_1",NA,NA,NA,"TP (CELIAC): (t0-36) vs t0",-16.3232394224909,NA,NA,NA,NA,NA,NA,8.14530201737296e-08
"virus_comp_17932_cycle_1",NA,NA,NA,"TP (CELIAC): (t0-over42) vs t0",-41.4059103421631,NA,NA,NA,NA,NA,NA,1.04145766389673e-18
"virus_comp_17937_cycle_1",NA,NA,NA,"TP (CELIAC): (t0-6) vs t0",-36.1688675346986,NA,NA,NA,NA,NA,NA,1.95911717960802e-16
"virus_comp_17937_cycle_1",NA,NA,NA,"TP (CELIAC): (t0-12) vs t0",19.7073081240248,NA,NA,NA,NA,NA,NA,362055518.489862
"virus_comp_17937_cycle_1",NA,NA,NA,"TP (CELIAC): (t0-18) vs t0",-18.6091077785434,NA,NA,NA,NA,NA,NA,8.28260935631801e-09
"virus_comp_17937_cycle_1",NA,NA,NA,"TP (CELIAC): (t0-24) vs t0",-16.4753036510906,NA,NA,NA,NA,NA,NA,6.99626960098976e-08
"virus_comp_17937_cycle_1",NA,NA,NA,"TP (CELIAC): (t0-30) vs t0",-19.0358381750382,NA,NA,NA,NA,NA,NA,5.40555788325558e-09
"virus_comp_17937_cycle_1",NA,NA,NA,"TP (CELIAC): (t0-36) vs t0",-13.9510598556755,NA,NA,NA,NA,NA,NA,8.7323611332559e-07
"virus_comp_17937_cycle_1",NA,NA,NA,"TP (CELIAC): (t0-over42) vs t0",21.2563360996741,NA,NA,NA,NA,NA,NA,1704156492.86781
"virus_comp_17971_cycle_1",NA,NA,NA,"TP (CELIAC): (t0-6) vs t0",-98.222362762309,NA,NA,NA,NA,NA,NA,2.20074565369039e-43
"virus_comp_17971_cycle_1",NA,NA,NA,"TP (CELIAC): (t0-12) vs t0",-19.1503420334414,NA,NA,NA,NA,NA,NA,4.82072245377035e-09
"virus_comp_17971_cycle_1",NA,NA,NA,"TP (CELIAC): (t0-18) vs t0",-119.041486320868,NA,NA,NA,NA,NA,NA,1.99958271206242e-52
"virus_comp_17971_cycle_1",NA,NA,NA,"TP (CELIAC): (t0-24) vs t0",-1.15269939983999,NA,NA,NA,NA,NA,NA,0.315783192725116
"virus_comp_17971_cycle_1",NA,NA,NA,"TP (CELIAC): (t0-30) vs t0",-0.964558824523124,NA,NA,NA,NA,NA,NA,0.381151317266102
"virus_comp_17971_cycle_1",NA,NA,NA,"TP (CELIAC): (t0-36) vs t0",-123.580894663081,NA,NA,NA,NA,NA,NA,2.13549903325492e-54
"virus_comp_17971_cycle_1",NA,NA,NA,"TP (CELIAC): (t0-over42) vs t0",-93.868703754624,NA,NA,NA,NA,NA,NA,1.71135432185486e-41
"virus_comp_18116_cycle_1",NA,NA,NA,"TP (CELIAC): (t0-6) vs t0",-25.036969174437,NA,NA,NA,NA,NA,NA,1.33838926313993e-11
"virus_comp_18116_cycle_1",NA,NA,NA,"TP (CELIAC): (t0-12) vs t0",1.06155576370118,NA,NA,NA,NA,NA,NA,2.89086499538054
"virus_comp_18116_cycle_1",NA,NA,NA,"TP (CELIAC): (t0-18) vs t0",-35.1826334086374,NA,NA,NA,NA,NA,NA,5.25262567035136e-16
"virus_comp_18116_cycle_1",NA,NA,NA,"TP (CELIAC): (t0-24) vs t0",0.0953806097595304,NA,NA,NA,NA,NA,NA,1.100077475679
"virus_comp_18116_cycle_1",NA,NA,NA,"TP (CELIAC): (t0-30) vs t0",1.37229683100147,NA,NA,NA,NA,NA,NA,3.94439991924011
"virus_comp_18116_cycle_1",NA,NA,NA,"TP (CELIAC): (t0-36) vs t0",-22.089154895128,NA,NA,NA,NA,NA,NA,2.55153728608338e-10
"virus_comp_18116_cycle_1",NA,NA,NA,"TP (CELIAC): (t0-over42) vs t0",0.168973552539441,NA,NA,NA,NA,NA,NA,1.18408882236742
"virus_comp_18120_cycle_1",NA,NA,NA,"TP (CELIAC): (t0-6) vs t0",251.236688181148,NA,NA,NA,NA,NA,NA,1.290349413399e+109
"virus_comp_18120_cycle_1",NA,NA,NA,"TP (CELIAC): (t0-12) vs t0",-60.3330104430042,NA,NA,NA,NA,NA,NA,6.27634037531346e-27
"virus_comp_18120_cycle_1",NA,NA,NA,"TP (CELIAC): (t0-18) vs t0",375.034995434045,NA,NA,NA,NA,NA,NA,7.50981152564747e+162
"virus_comp_18120_cycle_1",NA,NA,NA,"TP (CELIAC): (t0-24) vs t0",327.756126162919,NA,NA,NA,NA,NA,NA,2.20128869156987e+142
"virus_comp_18120_cycle_1",NA,NA,NA,"TP (CELIAC): (t0-30) vs t0",220.073722357476,NA,NA,NA,NA,NA,NA,3.77401160920029e+95
"virus_comp_18120_cycle_1",NA,NA,NA,"TP (CELIAC): (t0-36) vs t0",-44.6986001959872,NA,NA,NA,NA,NA,NA,3.86940854221868e-20
"virus_comp_18120_cycle_1",NA,NA,NA,"TP (CELIAC): (t0-over42) vs t0",-547.328233578904,NA,NA,NA,NA,NA,NA,1.98778022969304e-238
"virus_comp_18132_cycle_1",NA,NA,NA,"TP (CELIAC): (t0-6) vs t0",-38.2298528137742,NA,NA,NA,NA,NA,NA,2.49451361702784e-17
"virus_comp_18132_cycle_1",NA,NA,NA,"TP (CELIAC): (t0-12) vs t0",0.37811753796133,NA,NA,NA,NA,NA,NA,1.45953448350201
"virus_comp_18132_cycle_1",NA,NA,NA,"TP (CELIAC): (t0-18) vs t0",-0.51683773617745,NA,NA,NA,NA,NA,NA,0.596403554503363
"virus_comp_18132_cycle_1",NA,NA,NA,"TP (CELIAC): (t0-24) vs t0",-0.849922641219965,NA,NA,NA,NA,NA,NA,0.427447997525371
"virus_comp_18132_cycle_1",NA,NA,NA,"TP (CELIAC): (t0-30) vs t0",-166.618479461344,NA,NA,NA,NA,NA,NA,4.35024570416518e-73
"virus_comp_18132_cycle_1",NA,NA,NA,"TP (CELIAC): (t0-36) vs t0",-99.2514606995516,NA,NA,NA,NA,NA,NA,7.86390570602745e-44
"virus_comp_18132_cycle_1",NA,NA,NA,"TP (CELIAC): (t0-over42) vs t0",-43.7345817097169,NA,NA,NA,NA,NA,NA,1.01464120477709e-19
"virus_comp_18139_cycle_1",NA,NA,NA,"TP (CELIAC): (t0-6) vs t0",-9.69628158484065,NA,NA,NA,NA,NA,NA,6.15117967273956e-05
"virus_comp_18139_cycle_1",NA,NA,NA,"TP (CELIAC): (t0-12) vs t0",2.46632422541375,NA,NA,NA,NA,NA,NA,11.7790699726165
"virus_comp_18139_cycle_1",NA,NA,NA,"TP (CELIAC): (t0-18) vs t0",-9.82699609664375,NA,NA,NA,NA,NA,NA,5.39746483496836e-05
"virus_comp_18139_cycle_1",NA,NA,NA,"TP (CELIAC): (t0-24) vs t0",2.02521481799565,NA,NA,NA,NA,NA,NA,7.57773860442383
"virus_comp_18139_cycle_1",NA,NA,NA,"TP (CELIAC): (t0-30) vs t0",-128.19693186168,NA,NA,NA,NA,NA,NA,2.11241817545469e-56
"virus_comp_18139_cycle_1",NA,NA,NA,"TP (CELIAC): (t0-36) vs t0",0.741339842585836,NA,NA,NA,NA,NA,NA,2.09874562028317
"virus_comp_18139_cycle_1",NA,NA,NA,"TP (CELIAC): (t0-over42) vs t0",-30.8620474561362,NA,NA,NA,NA,NA,NA,3.95169201641768e-14
"virus_comp_18153_cycle_1",NA,NA,NA,"TP (CELIAC): (t0-6) vs t0",-7.47561701628246,NA,NA,NA,NA,NA,NA,0.000566735974411277
"virus_comp_18153_cycle_1",NA,NA,NA,"TP (CELIAC): (t0-12) vs t0",-14.2219996328017,NA,NA,NA,NA,NA,NA,6.65984371563877e-07
"virus_comp_18153_cycle_1",NA,NA,NA,"TP (CELIAC): (t0-18) vs t0",-10.3059827468675,NA,NA,NA,NA,NA,NA,3.34324776113293e-05
"virus_comp_18153_cycle_1",NA,NA,NA,"TP (CELIAC): (t0-24) vs t0",-13.7151452359001,NA,NA,NA,NA,NA,NA,1.10557473515388e-06
"virus_comp_18153_cycle_1",NA,NA,NA,"TP (CELIAC): (t0-30) vs t0",-9.96816083873916,NA,NA,NA,NA,NA,NA,4.68686833132005e-05
"virus_comp_18153_cycle_1",NA,NA,NA,"TP (CELIAC): (t0-36) vs t0",-13.5518250382118,NA,NA,NA,NA,NA,NA,1.30171876708553e-06
"virus_comp_18153_cycle_1",NA,NA,NA,"TP (CELIAC): (t0-over42) vs t0",-19.4263763842845,NA,NA,NA,NA,NA,NA,3.65790087939486e-09
"virus_comp_18196_cycle_1",NA,NA,NA,"TP (CELIAC): (t0-6) vs t0",-3.25923495004411,NA,NA,NA,NA,NA,NA,0.0384177782970199
"virus_comp_18196_cycle_1",NA,NA,NA,"TP (CELIAC): (t0-12) vs t0",23.2009729819687,NA,NA,NA,NA,NA,NA,11913916195.0236
"virus_comp_18196_cycle_1",NA,NA,NA,"TP (CELIAC): (t0-18) vs t0",-13.4988174250814,NA,NA,NA,NA,NA,NA,1.37258130722384e-06
"virus_comp_18196_cycle_1",NA,NA,NA,"TP (CELIAC): (t0-24) vs t0",24.8940570806517,NA,NA,NA,NA,NA,NA,64766678064.9535
"virus_comp_18196_cycle_1",NA,NA,NA,"TP (CELIAC): (t0-30) vs t0",24.4225129230952,NA,NA,NA,NA,NA,NA,40416862485.8619
"virus_comp_18196_cycle_1",NA,NA,NA,"TP (CELIAC): (t0-36) vs t0",23.2330838572545,NA,NA,NA,NA,NA,NA,12302691016.865
"virus_comp_18196_cycle_1",NA,NA,NA,"TP (CELIAC): (t0-over42) vs t0",24.4640796922852,NA,NA,NA,NA,NA,NA,42132265784.851
"virus_comp_18200_cycle_1",NA,NA,NA,"TP (CELIAC): (t0-6) vs t0",-151.135462349629,NA,NA,NA,NA,NA,NA,2.30516852823602e-66
"virus_comp_18200_cycle_1",NA,NA,NA,"TP (CELIAC): (t0-12) vs t0",-63.929420395779,NA,NA,NA,NA,NA,NA,1.72109756767514e-28
"virus_comp_18200_cycle_1",NA,NA,NA,"TP (CELIAC): (t0-18) vs t0",-142.046174197855,NA,NA,NA,NA,NA,NA,2.04235094383867e-62
"virus_comp_18200_cycle_1",NA,NA,NA,"TP (CELIAC): (t0-24) vs t0",38.0633059409267,NA,NA,NA,NA,NA,NA,33937803685031268
"virus_comp_18200_cycle_1",NA,NA,NA,"TP (CELIAC): (t0-30) vs t0",38.0633109815133,NA,NA,NA,NA,NA,NA,33937974751902360
"virus_comp_18200_cycle_1",NA,NA,NA,"TP (CELIAC): (t0-36) vs t0",-115.787020422613,NA,NA,NA,NA,NA,NA,5.18007388707237e-51
"virus_comp_18200_cycle_1",NA,NA,NA,"TP (CELIAC): (t0-over42) vs t0",-63.6681304621333,NA,NA,NA,NA,NA,NA,2.23502439210603e-28
"virus_comp_18259_cycle_1",NA,NA,NA,"TP (CELIAC): (t0-6) vs t0",3857.90087218361,NA,NA,NA,NA,NA,NA,Inf
"virus_comp_18259_cycle_1",NA,NA,NA,"TP (CELIAC): (t0-12) vs t0",5676.06650618058,NA,NA,NA,NA,NA,NA,Inf
"virus_comp_18259_cycle_1",NA,NA,NA,"TP (CELIAC): (t0-18) vs t0",-1768.95629916346,NA,NA,NA,NA,NA,NA,0
"virus_comp_18259_cycle_1",NA,NA,NA,"TP (CELIAC): (t0-24) vs t0",-3527.91135620522,NA,NA,NA,NA,NA,NA,0
"virus_comp_18259_cycle_1",NA,NA,NA,"TP (CELIAC): (t0-30) vs t0",5762.39182501737,NA,NA,NA,NA,NA,NA,Inf
"virus_comp_18259_cycle_1",NA,NA,NA,"TP (CELIAC): (t0-36) vs t0",-522.740758188186,NA,NA,NA,NA,NA,NA,9.47486984744236e-228
"virus_comp_18259_cycle_1",NA,NA,NA,"TP (CELIAC): (t0-over42) vs t0",-1548.03286814936,NA,NA,NA,NA,NA,NA,0
"virus_comp_18294_cycle_1",NA,NA,NA,"TP (CELIAC): (t0-6) vs t0",-159.893767544405,NA,NA,NA,NA,NA,NA,3.62258900579316e-70
"virus_comp_18294_cycle_1",NA,NA,NA,"TP (CELIAC): (t0-12) vs t0",2383.58663992691,NA,NA,NA,NA,NA,NA,Inf
"virus_comp_18294_cycle_1",NA,NA,NA,"TP (CELIAC): (t0-18) vs t0",-839.8862998692,NA,NA,NA,NA,NA,NA,0
"virus_comp_18294_cycle_1",NA,NA,NA,"TP (CELIAC): (t0-24) vs t0",43.9101502589739,NA,NA,NA,NA,NA,NA,11747243121239066624
"virus_comp_18294_cycle_1",NA,NA,NA,"TP (CELIAC): (t0-30) vs t0",-721.419794017018,NA,NA,NA,NA,NA,NA,4.91319863613436e-314
"virus_comp_18294_cycle_1",NA,NA,NA,"TP (CELIAC): (t0-36) vs t0",24.9916416600012,NA,NA,NA,NA,NA,NA,71405566111.7887
"virus_comp_18294_cycle_1",NA,NA,NA,"TP (CELIAC): (t0-over42) vs t0",-211.64017050654,NA,NA,NA,NA,NA,NA,1.21854563956395e-92
"virus_comp_1888_cycle_1",NA,NA,NA,"TP (CELIAC): (t0-6) vs t0",-22.7240490540044,NA,NA,NA,NA,NA,NA,1.35229327832686e-10
"virus_comp_1888_cycle_1",NA,NA,NA,"TP (CELIAC): (t0-12) vs t0",0.246400291052886,NA,NA,NA,NA,NA,NA,1.27941160807315
"virus_comp_1888_cycle_1",NA,NA,NA,"TP (CELIAC): (t0-18) vs t0",0.572132277775999,NA,NA,NA,NA,NA,NA,1.7720415106372
"virus_comp_1888_cycle_1",NA,NA,NA,"TP (CELIAC): (t0-24) vs t0",0.249565720729422,NA,NA,NA,NA,NA,NA,1.28346791213148
"virus_comp_1888_cycle_1",NA,NA,NA,"TP (CELIAC): (t0-30) vs t0",-24.7376203617784,NA,NA,NA,NA,NA,NA,1.80546045893706e-11
"virus_comp_1888_cycle_1",NA,NA,NA,"TP (CELIAC): (t0-36) vs t0",-51.2170702451313,NA,NA,NA,NA,NA,NA,5.71095861852385e-23
"virus_comp_1888_cycle_1",NA,NA,NA,"TP (CELIAC): (t0-over42) vs t0",-17.5014061774979,NA,NA,NA,NA,NA,NA,2.50747072661427e-08
"virus_comp_1898_cycle_1",NA,NA,NA,"TP (CELIAC): (t0-6) vs t0",557.014995682538,NA,NA,NA,NA,NA,NA,8.1010061577704e+241
"virus_comp_1898_cycle_1",NA,NA,NA,"TP (CELIAC): (t0-12) vs t0",-284.044910403737,NA,NA,NA,NA,NA,NA,4.37383906281025e-124
"virus_comp_1898_cycle_1",NA,NA,NA,"TP (CELIAC): (t0-18) vs t0",320.300197208622,NA,NA,NA,NA,NA,NA,1.2723547053474e+139
"virus_comp_1898_cycle_1",NA,NA,NA,"TP (CELIAC): (t0-24) vs t0",-187.552447462301,NA,NA,NA,NA,NA,NA,3.52376550370401e-82
"virus_comp_1898_cycle_1",NA,NA,NA,"TP (CELIAC): (t0-30) vs t0",-273.989976998309,NA,NA,NA,NA,NA,NA,1.01780573309009e-119
"virus_comp_1898_cycle_1",NA,NA,NA,"TP (CELIAC): (t0-36) vs t0",-186.29016073016,NA,NA,NA,NA,NA,NA,1.24511986495921e-81
"virus_comp_1898_cycle_1",NA,NA,NA,"TP (CELIAC): (t0-over42) vs t0",-172.561766124626,NA,NA,NA,NA,NA,NA,1.14124052424156e-75
"virus_comp_1933_cycle_1",NA,NA,NA,"TP (CELIAC): (t0-6) vs t0",-26.101447347685,NA,NA,NA,NA,NA,NA,4.6162088281216e-12
"virus_comp_1933_cycle_1",NA,NA,NA,"TP (CELIAC): (t0-12) vs t0",-28.1784936474177,NA,NA,NA,NA,NA,NA,5.78409877217781e-13
"virus_comp_1933_cycle_1",NA,NA,NA,"TP (CELIAC): (t0-18) vs t0",1.47266730057204,NA,NA,NA,NA,NA,NA,4.3608513435072
"virus_comp_1933_cycle_1",NA,NA,NA,"TP (CELIAC): (t0-24) vs t0",-26.0611262077473,NA,NA,NA,NA,NA,NA,4.80614308091656e-12
"virus_comp_1933_cycle_1",NA,NA,NA,"TP (CELIAC): (t0-30) vs t0",-25.8454126679078,NA,NA,NA,NA,NA,NA,5.96320714557476e-12
"virus_comp_1933_cycle_1",NA,NA,NA,"TP (CELIAC): (t0-36) vs t0",-26.6515914860947,NA,NA,NA,NA,NA,NA,2.66293694890082e-12
"virus_comp_1933_cycle_1",NA,NA,NA,"TP (CELIAC): (t0-over42) vs t0",-25.4797767965529,NA,NA,NA,NA,NA,NA,8.59554735167611e-12
"virus_comp_1935_cycle_1",NA,NA,NA,"TP (CELIAC): (t0-6) vs t0",-34.2731434357051,NA,NA,NA,NA,NA,NA,1.30425625556999e-15
"virus_comp_1935_cycle_1",NA,NA,NA,"TP (CELIAC): (t0-12) vs t0",-10.5924155698694,NA,NA,NA,NA,NA,NA,2.51057019106718e-05
"virus_comp_1935_cycle_1",NA,NA,NA,"TP (CELIAC): (t0-18) vs t0",22.1508315720826,NA,NA,NA,NA,NA,NA,4168539502.0089
"virus_comp_1935_cycle_1",NA,NA,NA,"TP (CELIAC): (t0-24) vs t0",-31.7532941223191,NA,NA,NA,NA,NA,NA,1.6207632489149e-14
"virus_comp_1935_cycle_1",NA,NA,NA,"TP (CELIAC): (t0-30) vs t0",-12.6022383895569,NA,NA,NA,NA,NA,NA,3.36447579170601e-06
"virus_comp_1935_cycle_1",NA,NA,NA,"TP (CELIAC): (t0-36) vs t0",-15.8586796291155,NA,NA,NA,NA,NA,NA,1.29617292892703e-07
"virus_comp_1935_cycle_1",NA,NA,NA,"TP (CELIAC): (t0-over42) vs t0",21.4326738101716,NA,NA,NA,NA,NA,NA,2032787437.74407
"virus_comp_1965_cycle_1",NA,NA,NA,"TP (CELIAC): (t0-6) vs t0",-2521.33010794604,NA,NA,NA,NA,NA,NA,0
"virus_comp_1965_cycle_1",NA,NA,NA,"TP (CELIAC): (t0-12) vs t0",-141.331631113017,NA,NA,NA,NA,NA,NA,4.17303943922586e-62
"virus_comp_1965_cycle_1",NA,NA,NA,"TP (CELIAC): (t0-18) vs t0",-2041.41006401448,NA,NA,NA,NA,NA,NA,0
"virus_comp_1965_cycle_1",NA,NA,NA,"TP (CELIAC): (t0-24) vs t0",920.286497447475,NA,NA,NA,NA,NA,NA,Inf
"virus_comp_1965_cycle_1",NA,NA,NA,"TP (CELIAC): (t0-30) vs t0",1122.01257829547,NA,NA,NA,NA,NA,NA,Inf
"virus_comp_1965_cycle_1",NA,NA,NA,"TP (CELIAC): (t0-36) vs t0",814.848907105716,NA,NA,NA,NA,NA,NA,Inf
"virus_comp_1965_cycle_1",NA,NA,NA,"TP (CELIAC): (t0-over42) vs t0",329.214270227222,NA,NA,NA,NA,NA,NA,9.46108454713508e+142
"virus_comp_1968_cycle_1",NA,NA,NA,"TP (CELIAC): (t0-6) vs t0",-4.50664909143432,NA,NA,NA,NA,NA,NA,0.0110353768278385
"virus_comp_1968_cycle_1",NA,NA,NA,"TP (CELIAC): (t0-12) vs t0",22.2412739060206,NA,NA,NA,NA,NA,NA,4563126703.16818
"virus_comp_1968_cycle_1",NA,NA,NA,"TP (CELIAC): (t0-18) vs t0",24.5444244868872,NA,NA,NA,NA,NA,NA,45657078257.0773
"virus_comp_1968_cycle_1",NA,NA,NA,"TP (CELIAC): (t0-24) vs t0",23.1126551172103,NA,NA,NA,NA,NA,NA,10906830891.7366
"virus_comp_1968_cycle_1",NA,NA,NA,"TP (CELIAC): (t0-30) vs t0",24.2742658595476,NA,NA,NA,NA,NA,NA,34848149005.1615
"virus_comp_1968_cycle_1",NA,NA,NA,"TP (CELIAC): (t0-36) vs t0",8.73159495817788e-06,NA,NA,NA,NA,NA,NA,1.00000873163308
"virus_comp_1968_cycle_1",NA,NA,NA,"TP (CELIAC): (t0-over42) vs t0",-39.6282615297387,NA,NA,NA,NA,NA,NA,6.16119125348016e-18
"virus_comp_2060_cycle_1",NA,NA,NA,"TP (CELIAC): (t0-6) vs t0",-23.0524769267153,NA,NA,NA,NA,NA,NA,9.73725349852492e-11
"virus_comp_2060_cycle_1",NA,NA,NA,"TP (CELIAC): (t0-12) vs t0",-8.62889812935919e-08,NA,NA,NA,NA,NA,NA,0.999999913711022
"virus_comp_2060_cycle_1",NA,NA,NA,"TP (CELIAC): (t0-18) vs t0",33.8282476977527,NA,NA,NA,NA,NA,NA,491384335271303
"virus_comp_2060_cycle_1",NA,NA,NA,"TP (CELIAC): (t0-24) vs t0",9.03769354465567e-07,NA,NA,NA,NA,NA,NA,1.00000090376976
"virus_comp_2060_cycle_1",NA,NA,NA,"TP (CELIAC): (t0-30) vs t0",34.2144329318406,NA,NA,NA,NA,NA,NA,723001875286057
"virus_comp_2060_cycle_1",NA,NA,NA,"TP (CELIAC): (t0-36) vs t0",1.65346714098291e-07,NA,NA,NA,NA,NA,NA,1.00000016534673
"virus_comp_2060_cycle_1",NA,NA,NA,"TP (CELIAC): (t0-over42) vs t0",-66.7259229545323,NA,NA,NA,NA,NA,NA,1.05026734105998e-29
"virus_comp_2063_cycle_1",NA,NA,NA,"TP (CELIAC): (t0-6) vs t0",-501.794852229328,NA,NA,NA,NA,NA,NA,1.18376263997963e-218
"virus_comp_2063_cycle_1",NA,NA,NA,"TP (CELIAC): (t0-12) vs t0",-25.330789487335,NA,NA,NA,NA,NA,NA,9.97649302825524e-12
"virus_comp_2063_cycle_1",NA,NA,NA,"TP (CELIAC): (t0-18) vs t0",-388.917783089857,NA,NA,NA,NA,NA,NA,1.24495281068775e-169
"virus_comp_2063_cycle_1",NA,NA,NA,"TP (CELIAC): (t0-24) vs t0",97.6174593427015,NA,NA,NA,NA,NA,NA,2.48155514179139e+42
"virus_comp_2063_cycle_1",NA,NA,NA,"TP (CELIAC): (t0-30) vs t0",106.020609797147,NA,NA,NA,NA,NA,NA,1.10704634629343e+46
"virus_comp_2063_cycle_1",NA,NA,NA,"TP (CELIAC): (t0-36) vs t0",114.369620016952,NA,NA,NA,NA,NA,NA,4.67837328224849e+49
"virus_comp_2063_cycle_1",NA,NA,NA,"TP (CELIAC): (t0-over42) vs t0",79.2348779394139,NA,NA,NA,NA,NA,NA,2.57792491194362e+34
"virus_comp_2073_cycle_1",NA,NA,NA,"TP (CELIAC): (t0-6) vs t0",-4043.2131023478,NA,NA,NA,NA,NA,NA,0
"virus_comp_2073_cycle_1",NA,NA,NA,"TP (CELIAC): (t0-12) vs t0",-26147.7411995239,NA,NA,NA,NA,NA,NA,0
"virus_comp_2073_cycle_1",NA,NA,NA,"TP (CELIAC): (t0-18) vs t0",-4645.04567609363,NA,NA,NA,NA,NA,NA,0
"virus_comp_2073_cycle_1",NA,NA,NA,"TP (CELIAC): (t0-24) vs t0",348.5935805191,NA,NA,NA,NA,NA,NA,2.467564118014e+151
"virus_comp_2073_cycle_1",NA,NA,NA,"TP (CELIAC): (t0-30) vs t0",1222.28388226123,NA,NA,NA,NA,NA,NA,Inf
"virus_comp_2073_cycle_1",NA,NA,NA,"TP (CELIAC): (t0-36) vs t0",1214.06841249762,NA,NA,NA,NA,NA,NA,Inf
"virus_comp_2073_cycle_1",NA,NA,NA,"TP (CELIAC): (t0-over42) vs t0",1461.73210481101,NA,NA,NA,NA,NA,NA,Inf
"virus_comp_2088_cycle_1",NA,NA,NA,"TP (CELIAC): (t0-6) vs t0",-16.5513566993046,NA,NA,NA,NA,NA,NA,6.48391208257674e-08
"virus_comp_2088_cycle_1",NA,NA,NA,"TP (CELIAC): (t0-12) vs t0",45.6314024559774,NA,NA,NA,NA,NA,NA,65685012687918538752
"virus_comp_2088_cycle_1",NA,NA,NA,"TP (CELIAC): (t0-18) vs t0",-16.8273527159432,NA,NA,NA,NA,NA,NA,4.92009592865962e-08
"virus_comp_2088_cycle_1",NA,NA,NA,"TP (CELIAC): (t0-24) vs t0",57.8854056120564,NA,NA,NA,NA,NA,NA,1.37819998244766e+25
"virus_comp_2088_cycle_1",NA,NA,NA,"TP (CELIAC): (t0-30) vs t0",-1.73770367779924,NA,NA,NA,NA,NA,NA,0.175923915131974
"virus_comp_2088_cycle_1",NA,NA,NA,"TP (CELIAC): (t0-36) vs t0",-595.618175297308,NA,NA,NA,NA,NA,NA,2.11988912576817e-259
"virus_comp_2088_cycle_1",NA,NA,NA,"TP (CELIAC): (t0-over42) vs t0",-357.805788129701,NA,NA,NA,NA,NA,NA,4.04501952469265e-156
"virus_comp_2103_cycle_1",NA,NA,NA,"TP (CELIAC): (t0-6) vs t0",-8.12485360974864,NA,NA,NA,NA,NA,NA,0.000296088071291592
"virus_comp_2103_cycle_1",NA,NA,NA,"TP (CELIAC): (t0-12) vs t0",-16.7936233395261,NA,NA,NA,NA,NA,NA,5.08887815461348e-08
"virus_comp_2103_cycle_1",NA,NA,NA,"TP (CELIAC): (t0-18) vs t0",3.76445289404646,NA,NA,NA,NA,NA,NA,43.1400971982156
"virus_comp_2103_cycle_1",NA,NA,NA,"TP (CELIAC): (t0-24) vs t0",103.699447373684,NA,NA,NA,NA,NA,NA,1.08667023337522e+45
"virus_comp_2103_cycle_1",NA,NA,NA,"TP (CELIAC): (t0-30) vs t0",26.7832963431486,NA,NA,NA,NA,NA,NA,428388505166.312
"virus_comp_2103_cycle_1",NA,NA,NA,"TP (CELIAC): (t0-36) vs t0",105.979619686361,NA,NA,NA,NA,NA,NA,1.06258583946224e+46
"virus_comp_2103_cycle_1",NA,NA,NA,"TP (CELIAC): (t0-over42) vs t0",102.847598621542,NA,NA,NA,NA,NA,NA,4.63601207367445e+44
"virus_comp_2106_cycle_1",NA,NA,NA,"TP (CELIAC): (t0-6) vs t0",-7.93399253841662,NA,NA,NA,NA,NA,NA,0.000358352815605613
"virus_comp_2106_cycle_1",NA,NA,NA,"TP (CELIAC): (t0-12) vs t0",-49.7676027684425,NA,NA,NA,NA,NA,NA,2.43335089705129e-22
"virus_comp_2106_cycle_1",NA,NA,NA,"TP (CELIAC): (t0-18) vs t0",36.619049880796,NA,NA,NA,NA,NA,NA,8006658322936601
"virus_comp_2106_cycle_1",NA,NA,NA,"TP (CELIAC): (t0-24) vs t0",2.13876905412747e-05,NA,NA,NA,NA,NA,NA,1.00002138791926
"virus_comp_2106_cycle_1",NA,NA,NA,"TP (CELIAC): (t0-30) vs t0",48.8656468476789,NA,NA,NA,NA,NA,NA,1.66755735631024e+21
"virus_comp_2106_cycle_1",NA,NA,NA,"TP (CELIAC): (t0-36) vs t0",-58.9076937176941,NA,NA,NA,NA,NA,NA,2.61043976675558e-26
"virus_comp_2106_cycle_1",NA,NA,NA,"TP (CELIAC): (t0-over42) vs t0",0.237532288195862,NA,NA,NA,NA,NA,NA,1.26811594130559
"virus_comp_2136_cycle_1",NA,NA,NA,"TP (CELIAC): (t0-6) vs t0",107.035107835945,NA,NA,NA,NA,NA,NA,3.05321018939024e+46
"virus_comp_2136_cycle_1",NA,NA,NA,"TP (CELIAC): (t0-12) vs t0",18.6763326814547,NA,NA,NA,NA,NA,NA,129130319.549604
"virus_comp_2136_cycle_1",NA,NA,NA,"TP (CELIAC): (t0-18) vs t0",128.305500193558,NA,NA,NA,NA,NA,NA,5.27680118993288e+55
"virus_comp_2136_cycle_1",NA,NA,NA,"TP (CELIAC): (t0-24) vs t0",244.6666715131,NA,NA,NA,NA,NA,NA,1.80877831939963e+106
"virus_comp_2136_cycle_1",NA,NA,NA,"TP (CELIAC): (t0-30) vs t0",251.37049102059,NA,NA,NA,NA,NA,NA,1.47508539678196e+109
"virus_comp_2136_cycle_1",NA,NA,NA,"TP (CELIAC): (t0-36) vs t0",51.7977169331594,NA,NA,NA,NA,NA,NA,3.12941124834974e+22
"virus_comp_2136_cycle_1",NA,NA,NA,"TP (CELIAC): (t0-over42) vs t0",-229.844646128488,NA,NA,NA,NA,NA,NA,1.51265013819168e-100
"virus_comp_2188_cycle_1",NA,NA,NA,"TP (CELIAC): (t0-6) vs t0",-2521.33010794604,NA,NA,NA,NA,NA,NA,0
"virus_comp_2188_cycle_1",NA,NA,NA,"TP (CELIAC): (t0-12) vs t0",-141.331631113017,NA,NA,NA,NA,NA,NA,4.17303943922586e-62
"virus_comp_2188_cycle_1",NA,NA,NA,"TP (CELIAC): (t0-18) vs t0",-2041.41006401448,NA,NA,NA,NA,NA,NA,0
"virus_comp_2188_cycle_1",NA,NA,NA,"TP (CELIAC): (t0-24) vs t0",920.286497447475,NA,NA,NA,NA,NA,NA,Inf
"virus_comp_2188_cycle_1",NA,NA,NA,"TP (CELIAC): (t0-30) vs t0",1122.01257829547,NA,NA,NA,NA,NA,NA,Inf
"virus_comp_2188_cycle_1",NA,NA,NA,"TP (CELIAC): (t0-36) vs t0",814.848907105716,NA,NA,NA,NA,NA,NA,Inf
"virus_comp_2188_cycle_1",NA,NA,NA,"TP (CELIAC): (t0-over42) vs t0",329.214270227222,NA,NA,NA,NA,NA,NA,9.46108454713508e+142
"virus_comp_2204_cycle_1",NA,NA,NA,"TP (CELIAC): (t0-6) vs t0",-37.3912975324099,NA,NA,NA,NA,NA,NA,5.7698671067109e-17
"virus_comp_2204_cycle_1",NA,NA,NA,"TP (CELIAC): (t0-12) vs t0",-100.243167517564,NA,NA,NA,NA,NA,NA,2.9170609171894e-44
"virus_comp_2204_cycle_1",NA,NA,NA,"TP (CELIAC): (t0-18) vs t0",-45.0461791503507,NA,NA,NA,NA,NA,NA,2.73333564007113e-20
"virus_comp_2204_cycle_1",NA,NA,NA,"TP (CELIAC): (t0-24) vs t0",6.46859703742879,NA,NA,NA,NA,NA,NA,644.57877241292
"virus_comp_2204_cycle_1",NA,NA,NA,"TP (CELIAC): (t0-30) vs t0",38.788656724215,NA,NA,NA,NA,NA,NA,70097023285196096
"virus_comp_2204_cycle_1",NA,NA,NA,"TP (CELIAC): (t0-36) vs t0",35.5774768716492,NA,NA,NA,NA,NA,NA,2825542768930402
"virus_comp_2204_cycle_1",NA,NA,NA,"TP (CELIAC): (t0-over42) vs t0",-11.8925111219034,NA,NA,NA,NA,NA,NA,6.84144821156764e-06
"virus_comp_2216_cycle_1",NA,NA,NA,"TP (CELIAC): (t0-6) vs t0",-247.6096393951,NA,NA,NA,NA,NA,NA,2.91406976340662e-108
"virus_comp_2216_cycle_1",NA,NA,NA,"TP (CELIAC): (t0-12) vs t0",931.609273045126,NA,NA,NA,NA,NA,NA,Inf
"virus_comp_2216_cycle_1",NA,NA,NA,"TP (CELIAC): (t0-18) vs t0",947.678119575008,NA,NA,NA,NA,NA,NA,Inf
"virus_comp_2216_cycle_1",NA,NA,NA,"TP (CELIAC): (t0-24) vs t0",494.721556859329,NA,NA,NA,NA,NA,NA,7.15883285497507e+214
"virus_comp_2216_cycle_1",NA,NA,NA,"TP (CELIAC): (t0-30) vs t0",884.296238267909,NA,NA,NA,NA,NA,NA,Inf
"virus_comp_2216_cycle_1",NA,NA,NA,"TP (CELIAC): (t0-36) vs t0",904.55277757058,NA,NA,NA,NA,NA,NA,Inf
"virus_comp_2216_cycle_1",NA,NA,NA,"TP (CELIAC): (t0-over42) vs t0",904.511906369356,NA,NA,NA,NA,NA,NA,Inf
"virus_comp_2239_cycle_1",NA,NA,NA,"TP (CELIAC): (t0-6) vs t0",-34.0450118087209,NA,NA,NA,NA,NA,NA,1.63847279626455e-15
"virus_comp_2239_cycle_1",NA,NA,NA,"TP (CELIAC): (t0-12) vs t0",5.14523829045253,NA,NA,NA,NA,NA,NA,171.612373389288
"virus_comp_2239_cycle_1",NA,NA,NA,"TP (CELIAC): (t0-18) vs t0",-4.95611266815041,NA,NA,NA,NA,NA,NA,0.00704024246643423
"virus_comp_2239_cycle_1",NA,NA,NA,"TP (CELIAC): (t0-24) vs t0",-1.64576772159197e-05,NA,NA,NA,NA,NA,NA,0.999983542458211
"virus_comp_2239_cycle_1",NA,NA,NA,"TP (CELIAC): (t0-30) vs t0",0.000449372720294106,NA,NA,NA,NA,NA,NA,1.00044947370334
"virus_comp_2239_cycle_1",NA,NA,NA,"TP (CELIAC): (t0-36) vs t0",10.9507009238418,NA,NA,NA,NA,NA,NA,56993.9798083736
"virus_comp_2239_cycle_1",NA,NA,NA,"TP (CELIAC): (t0-over42) vs t0",7.99468596466373,NA,NA,NA,NA,NA,NA,2965.15908610031
"virus_comp_2265_cycle_1",NA,NA,NA,"TP (CELIAC): (t0-6) vs t0",-17.9536082592854,NA,NA,NA,NA,NA,NA,1.59531703525012e-08
"virus_comp_2265_cycle_1",NA,NA,NA,"TP (CELIAC): (t0-12) vs t0",51.2428771138685,NA,NA,NA,NA,NA,NA,1.79679598055826e+22
"virus_comp_2265_cycle_1",NA,NA,NA,"TP (CELIAC): (t0-18) vs t0",-8.727959393989,NA,NA,NA,NA,NA,NA,0.000161992682421622
"virus_comp_2265_cycle_1",NA,NA,NA,"TP (CELIAC): (t0-24) vs t0",4.1231201988795,NA,NA,NA,NA,NA,NA,61.7516193144169
"virus_comp_2265_cycle_1",NA,NA,NA,"TP (CELIAC): (t0-30) vs t0",51.4796980360729,NA,NA,NA,NA,NA,NA,2.27692532273413e+22
"virus_comp_2265_cycle_1",NA,NA,NA,"TP (CELIAC): (t0-36) vs t0",51.4390406081603,NA,NA,NA,NA,NA,NA,2.18620805706634e+22
"virus_comp_2265_cycle_1",NA,NA,NA,"TP (CELIAC): (t0-over42) vs t0",50.2400954261082,NA,NA,NA,NA,NA,NA,6.59168148638257e+21
"virus_comp_2273_cycle_1",NA,NA,NA,"TP (CELIAC): (t0-6) vs t0",42.0533391541386,NA,NA,NA,NA,NA,NA,1834565154218044160
"virus_comp_2273_cycle_1",NA,NA,NA,"TP (CELIAC): (t0-12) vs t0",40.4804818342387,NA,NA,NA,NA,NA,NA,380583438348089152
"virus_comp_2273_cycle_1",NA,NA,NA,"TP (CELIAC): (t0-18) vs t0",-45.1971328801655,NA,NA,NA,NA,NA,NA,2.3503611089062e-20
"virus_comp_2273_cycle_1",NA,NA,NA,"TP (CELIAC): (t0-24) vs t0",21.1770788121611,NA,NA,NA,NA,NA,NA,1574303536.15919
"virus_comp_2273_cycle_1",NA,NA,NA,"TP (CELIAC): (t0-30) vs t0",22.14184278266,NA,NA,NA,NA,NA,NA,4131237280.29627
"virus_comp_2273_cycle_1",NA,NA,NA,"TP (CELIAC): (t0-36) vs t0",-16.9304766331256,NA,NA,NA,NA,NA,NA,4.43800127067239e-08
"virus_comp_2273_cycle_1",NA,NA,NA,"TP (CELIAC): (t0-over42) vs t0",43.7979733277855,NA,NA,NA,NA,NA,NA,10500697188801712128
"virus_comp_2298_cycle_1",NA,NA,NA,"TP (CELIAC): (t0-6) vs t0",-56.8374883354939,NA,NA,NA,NA,NA,NA,2.06915226454125e-25
"virus_comp_2298_cycle_1",NA,NA,NA,"TP (CELIAC): (t0-12) vs t0",40.7398393312449,NA,NA,NA,NA,NA,NA,493273080413579392
"virus_comp_2298_cycle_1",NA,NA,NA,"TP (CELIAC): (t0-18) vs t0",-62.5123630865824,NA,NA,NA,NA,NA,NA,7.09946562585632e-28
"virus_comp_2298_cycle_1",NA,NA,NA,"TP (CELIAC): (t0-24) vs t0",12.8527561927385,NA,NA,NA,NA,NA,NA,381839.710205965
"virus_comp_2298_cycle_1",NA,NA,NA,"TP (CELIAC): (t0-30) vs t0",41.1282572049625,NA,NA,NA,NA,NA,NA,727403111459379840
"virus_comp_2298_cycle_1",NA,NA,NA,"TP (CELIAC): (t0-36) vs t0",48.3990900409143,NA,NA,NA,NA,NA,NA,1.04582190479011e+21
"virus_comp_2298_cycle_1",NA,NA,NA,"TP (CELIAC): (t0-over42) vs t0",14.033222547381,NA,NA,NA,NA,NA,NA,1243228.95295528
"virus_comp_230_cycle_1",NA,NA,NA,"TP (CELIAC): (t0-6) vs t0",33.1535309725869,NA,NA,NA,NA,NA,NA,250262372281207
"virus_comp_230_cycle_1",NA,NA,NA,"TP (CELIAC): (t0-12) vs t0",-409.415770130727,NA,NA,NA,NA,NA,NA,1.55951741214508e-178
"virus_comp_230_cycle_1",NA,NA,NA,"TP (CELIAC): (t0-18) vs t0",-101.324660657488,NA,NA,NA,NA,NA,NA,9.8914280372087e-45
"virus_comp_230_cycle_1",NA,NA,NA,"TP (CELIAC): (t0-24) vs t0",-23.4287173713093,NA,NA,NA,NA,NA,NA,6.68401364133668e-11
"virus_comp_230_cycle_1",NA,NA,NA,"TP (CELIAC): (t0-30) vs t0",-56.3380275813286,NA,NA,NA,NA,NA,NA,3.40961623369083e-25
"virus_comp_230_cycle_1",NA,NA,NA,"TP (CELIAC): (t0-36) vs t0",117.122269730021,NA,NA,NA,NA,NA,NA,7.33762396931397e+50
"virus_comp_230_cycle_1",NA,NA,NA,"TP (CELIAC): (t0-over42) vs t0",-56.7236644197775,NA,NA,NA,NA,NA,NA,2.31859849249202e-25
"virus_comp_2310_cycle_1",NA,NA,NA,"TP (CELIAC): (t0-6) vs t0",-51.2917694114238,NA,NA,NA,NA,NA,NA,5.29989880743634e-23
"virus_comp_2310_cycle_1",NA,NA,NA,"TP (CELIAC): (t0-12) vs t0",18.6877901526053,NA,NA,NA,NA,NA,NA,130618334.627369
"virus_comp_2310_cycle_1",NA,NA,NA,"TP (CELIAC): (t0-18) vs t0",-32.7574705138893,NA,NA,NA,NA,NA,NA,5.93760516391652e-15
"virus_comp_2310_cycle_1",NA,NA,NA,"TP (CELIAC): (t0-24) vs t0",23.6272127507656,NA,NA,NA,NA,NA,NA,18246018900.9659
"virus_comp_2310_cycle_1",NA,NA,NA,"TP (CELIAC): (t0-30) vs t0",2.16042352109255,NA,NA,NA,NA,NA,NA,8.67481084593947
"virus_comp_2310_cycle_1",NA,NA,NA,"TP (CELIAC): (t0-36) vs t0",-0.951892710158566,NA,NA,NA,NA,NA,NA,0.386009727075031
"virus_comp_2310_cycle_1",NA,NA,NA,"TP (CELIAC): (t0-over42) vs t0",-87.7029946931096,NA,NA,NA,NA,NA,NA,8.14841910555062e-39
"virus_comp_2332_cycle_1",NA,NA,NA,"TP (CELIAC): (t0-6) vs t0",56.5675619205936,NA,NA,NA,NA,NA,NA,3.68960604225574e+24
"virus_comp_2332_cycle_1",NA,NA,NA,"TP (CELIAC): (t0-12) vs t0",37.4635969071568,NA,NA,NA,NA,NA,NA,18630881734659888
"virus_comp_2332_cycle_1",NA,NA,NA,"TP (CELIAC): (t0-18) vs t0",-97.0269146268083,NA,NA,NA,NA,NA,NA,7.27354921051664e-43
"virus_comp_2332_cycle_1",NA,NA,NA,"TP (CELIAC): (t0-24) vs t0",44.3749946946568,NA,NA,NA,NA,NA,NA,18698868626321059840
"virus_comp_2332_cycle_1",NA,NA,NA,"TP (CELIAC): (t0-30) vs t0",44.4331879964827,NA,NA,NA,NA,NA,NA,19819302223180455936
"virus_comp_2332_cycle_1",NA,NA,NA,"TP (CELIAC): (t0-36) vs t0",44.374990810961,NA,NA,NA,NA,NA,NA,18698796005743521792
"virus_comp_2332_cycle_1",NA,NA,NA,"TP (CELIAC): (t0-over42) vs t0",40.3643976687562,NA,NA,NA,NA,NA,NA,338871599754336640
"virus_comp_2365_cycle_1",NA,NA,NA,"TP (CELIAC): (t0-6) vs t0",-3.94608504474193,NA,NA,NA,NA,NA,NA,0.0193302308212941
"virus_comp_2365_cycle_1",NA,NA,NA,"TP (CELIAC): (t0-12) vs t0",115.713680587564,NA,NA,NA,NA,NA,NA,1.7939608449874e+50
"virus_comp_2365_cycle_1",NA,NA,NA,"TP (CELIAC): (t0-18) vs t0",-0.961858915277845,NA,NA,NA,NA,NA,NA,0.382181781685681
"virus_comp_2365_cycle_1",NA,NA,NA,"TP (CELIAC): (t0-24) vs t0",156.512697234444,NA,NA,NA,NA,NA,NA,9.38859827738159e+67
"virus_comp_2365_cycle_1",NA,NA,NA,"TP (CELIAC): (t0-30) vs t0",-0.172872006247512,NA,NA,NA,NA,NA,NA,0.841245282094527
"virus_comp_2365_cycle_1",NA,NA,NA,"TP (CELIAC): (t0-36) vs t0",155.528616452845,NA,NA,NA,NA,NA,NA,3.50929520929916e+67
"virus_comp_2365_cycle_1",NA,NA,NA,"TP (CELIAC): (t0-over42) vs t0",101.952745245237,NA,NA,NA,NA,NA,NA,1.89458753175354e+44
"virus_comp_2375_cycle_1",NA,NA,NA,"TP (CELIAC): (t0-6) vs t0",-153.057561592257,NA,NA,NA,NA,NA,NA,3.37245052323995e-67
"virus_comp_2375_cycle_1",NA,NA,NA,"TP (CELIAC): (t0-12) vs t0",59.0492959382382,NA,NA,NA,NA,NA,NA,4.41350259473667e+25
"virus_comp_2375_cycle_1",NA,NA,NA,"TP (CELIAC): (t0-18) vs t0",-170.0254074417,NA,NA,NA,NA,NA,NA,1.44179582869307e-74
"virus_comp_2375_cycle_1",NA,NA,NA,"TP (CELIAC): (t0-24) vs t0",-102.481933156608,NA,NA,NA,NA,NA,NA,3.10929504892072e-45
"virus_comp_2375_cycle_1",NA,NA,NA,"TP (CELIAC): (t0-30) vs t0",66.2019417834161,NA,NA,NA,NA,NA,NA,5.6381679409922e+28
"virus_comp_2375_cycle_1",NA,NA,NA,"TP (CELIAC): (t0-36) vs t0",66.416883574664,NA,NA,NA,NA,NA,NA,6.99014269940602e+28
"virus_comp_2375_cycle_1",NA,NA,NA,"TP (CELIAC): (t0-over42) vs t0",62.337271244774,NA,NA,NA,NA,NA,NA,1.18231423503421e+27
"virus_comp_2391_cycle_1",NA,NA,NA,"TP (CELIAC): (t0-6) vs t0",-501.794852229328,NA,NA,NA,NA,NA,NA,1.18376263997963e-218
"virus_comp_2391_cycle_1",NA,NA,NA,"TP (CELIAC): (t0-12) vs t0",-25.330789487335,NA,NA,NA,NA,NA,NA,9.97649302825524e-12
"virus_comp_2391_cycle_1",NA,NA,NA,"TP (CELIAC): (t0-18) vs t0",-388.917783089857,NA,NA,NA,NA,NA,NA,1.24495281068775e-169
"virus_comp_2391_cycle_1",NA,NA,NA,"TP (CELIAC): (t0-24) vs t0",97.6174593427015,NA,NA,NA,NA,NA,NA,2.48155514179139e+42
"virus_comp_2391_cycle_1",NA,NA,NA,"TP (CELIAC): (t0-30) vs t0",106.020609797147,NA,NA,NA,NA,NA,NA,1.10704634629343e+46
"virus_comp_2391_cycle_1",NA,NA,NA,"TP (CELIAC): (t0-36) vs t0",114.369620016952,NA,NA,NA,NA,NA,NA,4.67837328224849e+49
"virus_comp_2391_cycle_1",NA,NA,NA,"TP (CELIAC): (t0-over42) vs t0",79.2348779394139,NA,NA,NA,NA,NA,NA,2.57792491194362e+34
"virus_comp_2471_cycle_1",NA,NA,NA,"TP (CELIAC): (t0-6) vs t0",-14.8837983655825,NA,NA,NA,NA,NA,NA,3.43596317058559e-07
"virus_comp_2471_cycle_1",NA,NA,NA,"TP (CELIAC): (t0-12) vs t0",-7.83618148503251e-06,NA,NA,NA,NA,NA,NA,0.999992163849218
"virus_comp_2471_cycle_1",NA,NA,NA,"TP (CELIAC): (t0-18) vs t0",-28.9685599521071,NA,NA,NA,NA,NA,NA,2.62490907360104e-13
"virus_comp_2471_cycle_1",NA,NA,NA,"TP (CELIAC): (t0-24) vs t0",-2.61621423902625e-06,NA,NA,NA,NA,NA,NA,0.999997383789183
"virus_comp_2471_cycle_1",NA,NA,NA,"TP (CELIAC): (t0-30) vs t0",-28.8462656043591,NA,NA,NA,NA,NA,NA,2.96637480995464e-13
"virus_comp_2471_cycle_1",NA,NA,NA,"TP (CELIAC): (t0-36) vs t0",2.20328978990381e-05,NA,NA,NA,NA,NA,NA,1.00002203314063
"virus_comp_2471_cycle_1",NA,NA,NA,"TP (CELIAC): (t0-over42) vs t0",-3.25384252572217,NA,NA,NA,NA,NA,NA,0.0386255028251475
"virus_comp_2475_cycle_5",NA,NA,NA,"TP (CELIAC): (t0-6) vs t0",-230.388226727621,NA,NA,NA,NA,NA,NA,8.7834359097228e-101
"virus_comp_2475_cycle_5",NA,NA,NA,"TP (CELIAC): (t0-12) vs t0",-4.32278955031506e-06,NA,NA,NA,NA,NA,NA,0.999995677219793
"virus_comp_2475_cycle_5",NA,NA,NA,"TP (CELIAC): (t0-18) vs t0",41.3824764089652,NA,NA,NA,NA,NA,NA,937953162184731136
"virus_comp_2475_cycle_5",NA,NA,NA,"TP (CELIAC): (t0-24) vs t0",3.07859158965584e-06,NA,NA,NA,NA,NA,NA,1.00000307859633
"virus_comp_2475_cycle_5",NA,NA,NA,"TP (CELIAC): (t0-30) vs t0",-1011.55011866761,NA,NA,NA,NA,NA,NA,0
"virus_comp_2475_cycle_5",NA,NA,NA,"TP (CELIAC): (t0-36) vs t0",-1005.05784955492,NA,NA,NA,NA,NA,NA,0
"virus_comp_2475_cycle_5",NA,NA,NA,"TP (CELIAC): (t0-over42) vs t0",2.70635554723447,NA,NA,NA,NA,NA,NA,14.97460171871
"virus_comp_2476_cycle_1",NA,NA,NA,"TP (CELIAC): (t0-6) vs t0",-230.388226727621,NA,NA,NA,NA,NA,NA,8.7834359097228e-101
"virus_comp_2476_cycle_1",NA,NA,NA,"TP (CELIAC): (t0-12) vs t0",-4.32278955031506e-06,NA,NA,NA,NA,NA,NA,0.999995677219793
"virus_comp_2476_cycle_1",NA,NA,NA,"TP (CELIAC): (t0-18) vs t0",41.3824764089652,NA,NA,NA,NA,NA,NA,937953162184731136
"virus_comp_2476_cycle_1",NA,NA,NA,"TP (CELIAC): (t0-24) vs t0",3.07859158965584e-06,NA,NA,NA,NA,NA,NA,1.00000307859633
"virus_comp_2476_cycle_1",NA,NA,NA,"TP (CELIAC): (t0-30) vs t0",-1011.55011866761,NA,NA,NA,NA,NA,NA,0
"virus_comp_2476_cycle_1",NA,NA,NA,"TP (CELIAC): (t0-36) vs t0",-1005.05784955492,NA,NA,NA,NA,NA,NA,0
"virus_comp_2476_cycle_1",NA,NA,NA,"TP (CELIAC): (t0-over42) vs t0",2.70635554723447,NA,NA,NA,NA,NA,NA,14.97460171871
"virus_comp_2477_cycle_1",NA,NA,NA,"TP (CELIAC): (t0-6) vs t0",-230.388226727621,NA,NA,NA,NA,NA,NA,8.7834359097228e-101
"virus_comp_2477_cycle_1",NA,NA,NA,"TP (CELIAC): (t0-12) vs t0",-4.32278955031506e-06,NA,NA,NA,NA,NA,NA,0.999995677219793
"virus_comp_2477_cycle_1",NA,NA,NA,"TP (CELIAC): (t0-18) vs t0",41.3824764089652,NA,NA,NA,NA,NA,NA,937953162184731136
"virus_comp_2477_cycle_1",NA,NA,NA,"TP (CELIAC): (t0-24) vs t0",3.07859158965584e-06,NA,NA,NA,NA,NA,NA,1.00000307859633
"virus_comp_2477_cycle_1",NA,NA,NA,"TP (CELIAC): (t0-30) vs t0",-1011.55011866761,NA,NA,NA,NA,NA,NA,0
"virus_comp_2477_cycle_1",NA,NA,NA,"TP (CELIAC): (t0-36) vs t0",-1005.05784955492,NA,NA,NA,NA,NA,NA,0
"virus_comp_2477_cycle_1",NA,NA,NA,"TP (CELIAC): (t0-over42) vs t0",2.70635554723447,NA,NA,NA,NA,NA,NA,14.97460171871
"virus_comp_2551_cycle_1",NA,NA,NA,"TP (CELIAC): (t0-6) vs t0",-33.8194520170485,NA,NA,NA,NA,NA,NA,2.05304565886918e-15
"virus_comp_2551_cycle_1",NA,NA,NA,"TP (CELIAC): (t0-12) vs t0",-1.03277188805397,NA,NA,NA,NA,NA,NA,0.356018747480723
"virus_comp_2551_cycle_1",NA,NA,NA,"TP (CELIAC): (t0-18) vs t0",1.19864975966827,NA,NA,NA,NA,NA,NA,3.31563699213355
"virus_comp_2551_cycle_1",NA,NA,NA,"TP (CELIAC): (t0-24) vs t0",0.581317087178284,NA,NA,NA,NA,NA,NA,1.78839234888455
"virus_comp_2551_cycle_1",NA,NA,NA,"TP (CELIAC): (t0-30) vs t0",-1.13042519915895,NA,NA,NA,NA,NA,NA,0.32289593215046
"virus_comp_2551_cycle_1",NA,NA,NA,"TP (CELIAC): (t0-36) vs t0",-0.961597950588299,NA,NA,NA,NA,NA,NA,0.382281530650601
"virus_comp_2551_cycle_1",NA,NA,NA,"TP (CELIAC): (t0-over42) vs t0",-0.0558921596664845,NA,NA,NA,NA,NA,NA,0.945641108644452
"virus_comp_2554_cycle_1",NA,NA,NA,"TP (CELIAC): (t0-6) vs t0",-50.0941378454922,NA,NA,NA,NA,NA,NA,1.75546573955816e-22
"virus_comp_2554_cycle_1",NA,NA,NA,"TP (CELIAC): (t0-12) vs t0",-19.5458085186867,NA,NA,NA,NA,NA,NA,3.24610987625657e-09
"virus_comp_2554_cycle_1",NA,NA,NA,"TP (CELIAC): (t0-18) vs t0",2.00430272654501,NA,NA,NA,NA,NA,NA,7.42091768343717
"virus_comp_2554_cycle_1",NA,NA,NA,"TP (CELIAC): (t0-24) vs t0",-27.9992474142007,NA,NA,NA,NA,NA,NA,6.91960574487058e-13
"virus_comp_2554_cycle_1",NA,NA,NA,"TP (CELIAC): (t0-30) vs t0",-30.0892647943127,NA,NA,NA,NA,NA,NA,8.5585134064757e-14
"virus_comp_2554_cycle_1",NA,NA,NA,"TP (CELIAC): (t0-36) vs t0",-23.130479149754,NA,NA,NA,NA,NA,NA,9.00659307634491e-11
"virus_comp_2554_cycle_1",NA,NA,NA,"TP (CELIAC): (t0-over42) vs t0",-44.3771262731747,NA,NA,NA,NA,NA,NA,5.33652977420089e-20
"virus_comp_2589_cycle_1",NA,NA,NA,"TP (CELIAC): (t0-6) vs t0",-32.3516035231493,NA,NA,NA,NA,NA,NA,8.90998779579172e-15
"virus_comp_2589_cycle_1",NA,NA,NA,"TP (CELIAC): (t0-12) vs t0",-13.2094668459701,NA,NA,NA,NA,NA,NA,1.833164506551e-06
"virus_comp_2589_cycle_1",NA,NA,NA,"TP (CELIAC): (t0-18) vs t0",-48.8079097442945,NA,NA,NA,NA,NA,NA,6.35322337089683e-22
"virus_comp_2589_cycle_1",NA,NA,NA,"TP (CELIAC): (t0-24) vs t0",22.1117094943454,NA,NA,NA,NA,NA,NA,4008606430.68787
"virus_comp_2589_cycle_1",NA,NA,NA,"TP (CELIAC): (t0-30) vs t0",-36.5861058269576,NA,NA,NA,NA,NA,NA,1.29079158369058e-16
"virus_comp_2589_cycle_1",NA,NA,NA,"TP (CELIAC): (t0-36) vs t0",-6.58146606187516,NA,NA,NA,NA,NA,NA,0.00138581611264592
"virus_comp_2589_cycle_1",NA,NA,NA,"TP (CELIAC): (t0-over42) vs t0",21.7346260103997,NA,NA,NA,NA,NA,NA,2749338049.56236
"virus_comp_2590_cycle_1",NA,NA,NA,"TP (CELIAC): (t0-6) vs t0",-22.8340072158603,NA,NA,NA,NA,NA,NA,1.21148116472051e-10
"virus_comp_2590_cycle_1",NA,NA,NA,"TP (CELIAC): (t0-12) vs t0",0.539793063918943,NA,NA,NA,NA,NA,NA,1.71565179518908
"virus_comp_2590_cycle_1",NA,NA,NA,"TP (CELIAC): (t0-18) vs t0",69.4172513790939,NA,NA,NA,NA,NA,NA,1.40452418810053e+30
"virus_comp_2590_cycle_1",NA,NA,NA,"TP (CELIAC): (t0-24) vs t0",-36.4639382506728,NA,NA,NA,NA,NA,NA,1.45852147935097e-16
"virus_comp_2590_cycle_1",NA,NA,NA,"TP (CELIAC): (t0-30) vs t0",11.3970550800755,NA,NA,NA,NA,NA,NA,89059.0649817612
"virus_comp_2590_cycle_1",NA,NA,NA,"TP (CELIAC): (t0-36) vs t0",-74.829180418359,NA,NA,NA,NA,NA,NA,3.17760462524113e-33
"virus_comp_2590_cycle_1",NA,NA,NA,"TP (CELIAC): (t0-over42) vs t0",-170.946883442428,NA,NA,NA,NA,NA,NA,5.7373563160891e-75
"virus_comp_2591_cycle_1",NA,NA,NA,"TP (CELIAC): (t0-6) vs t0",-4.22127187060045,NA,NA,NA,NA,NA,NA,0.0146799616147175
"virus_comp_2591_cycle_1",NA,NA,NA,"TP (CELIAC): (t0-12) vs t0",1.54519598314787,NA,NA,NA,NA,NA,NA,4.68889048049556
"virus_comp_2591_cycle_1",NA,NA,NA,"TP (CELIAC): (t0-18) vs t0",-0.928633899244476,NA,NA,NA,NA,NA,NA,0.395093078825378
"virus_comp_2591_cycle_1",NA,NA,NA,"TP (CELIAC): (t0-24) vs t0",-8.07384622618227,NA,NA,NA,NA,NA,NA,0.000311582556430204
"virus_comp_2591_cycle_1",NA,NA,NA,"TP (CELIAC): (t0-30) vs t0",-7.30443614241447,NA,NA,NA,NA,NA,NA,0.000672548626247552
"virus_comp_2591_cycle_1",NA,NA,NA,"TP (CELIAC): (t0-36) vs t0",-256.160640345046,NA,NA,NA,NA,NA,NA,5.63439665225217e-112
"virus_comp_2591_cycle_1",NA,NA,NA,"TP (CELIAC): (t0-over42) vs t0",-292.793183121446,NA,NA,NA,NA,NA,NA,6.94282520537953e-128
"virus_comp_2640_cycle_1",NA,NA,NA,"TP (CELIAC): (t0-6) vs t0",-72.3036209795519,NA,NA,NA,NA,NA,NA,3.97133375317963e-32
"virus_comp_2640_cycle_1",NA,NA,NA,"TP (CELIAC): (t0-12) vs t0",0.792431601190863,NA,NA,NA,NA,NA,NA,2.20876072690677
"virus_comp_2640_cycle_1",NA,NA,NA,"TP (CELIAC): (t0-18) vs t0",-1.8912493737486,NA,NA,NA,NA,NA,NA,0.150883181541788
"virus_comp_2640_cycle_1",NA,NA,NA,"TP (CELIAC): (t0-24) vs t0",-6.89052674998289,NA,NA,NA,NA,NA,NA,0.00101737779609033
"virus_comp_2640_cycle_1",NA,NA,NA,"TP (CELIAC): (t0-30) vs t0",-6.8895356575874,NA,NA,NA,NA,NA,NA,0.00101838661131935
"virus_comp_2640_cycle_1",NA,NA,NA,"TP (CELIAC): (t0-36) vs t0",-14.3013676225134,NA,NA,NA,NA,NA,NA,6.15169730592529e-07
"virus_comp_2640_cycle_1",NA,NA,NA,"TP (CELIAC): (t0-over42) vs t0",-94.1772438291182,NA,NA,NA,NA,NA,NA,1.25702143709792e-41
"virus_comp_2709_cycle_1",NA,NA,NA,"TP (CELIAC): (t0-6) vs t0",-24.3171974835625,NA,NA,NA,NA,NA,NA,2.74900365669179e-11
"virus_comp_2709_cycle_1",NA,NA,NA,"TP (CELIAC): (t0-12) vs t0",1.65613402267438,NA,NA,NA,NA,NA,NA,5.23901771962882
"virus_comp_2709_cycle_1",NA,NA,NA,"TP (CELIAC): (t0-18) vs t0",5.01605397561089,NA,NA,NA,NA,NA,NA,150.815008368389
"virus_comp_2709_cycle_1",NA,NA,NA,"TP (CELIAC): (t0-24) vs t0",-2.54009414275044,NA,NA,NA,NA,NA,NA,0.0788589754403611
"virus_comp_2709_cycle_1",NA,NA,NA,"TP (CELIAC): (t0-30) vs t0",1.37284349409537,NA,NA,NA,NA,NA,NA,3.94655676658424
"virus_comp_2709_cycle_1",NA,NA,NA,"TP (CELIAC): (t0-36) vs t0",1.69247255689923,NA,NA,NA,NA,NA,NA,5.43289725930049
"virus_comp_2709_cycle_1",NA,NA,NA,"TP (CELIAC): (t0-over42) vs t0",-15.8020511146536,NA,NA,NA,NA,NA,NA,1.37169134432945e-07
"virus_comp_2739_cycle_1",NA,NA,NA,"TP (CELIAC): (t0-6) vs t0",-165.13526840318,NA,NA,NA,NA,NA,NA,1.91718562889179e-72
"virus_comp_2739_cycle_1",NA,NA,NA,"TP (CELIAC): (t0-12) vs t0",915.301904140402,NA,NA,NA,NA,NA,NA,Inf
"virus_comp_2739_cycle_1",NA,NA,NA,"TP (CELIAC): (t0-18) vs t0",-104.616681054727,NA,NA,NA,NA,NA,NA,3.67750018205588e-46
"virus_comp_2739_cycle_1",NA,NA,NA,"TP (CELIAC): (t0-24) vs t0",823.123315560015,NA,NA,NA,NA,NA,NA,Inf
"virus_comp_2739_cycle_1",NA,NA,NA,"TP (CELIAC): (t0-30) vs t0",857.507684475963,NA,NA,NA,NA,NA,NA,Inf
"virus_comp_2739_cycle_1",NA,NA,NA,"TP (CELIAC): (t0-36) vs t0",859.79186349343,NA,NA,NA,NA,NA,NA,Inf
"virus_comp_2739_cycle_1",NA,NA,NA,"TP (CELIAC): (t0-over42) vs t0",825.418943682981,NA,NA,NA,NA,NA,NA,Inf
"virus_comp_288_cycle_1",NA,NA,NA,"TP (CELIAC): (t0-6) vs t0",-8.18258586793359,NA,NA,NA,NA,NA,NA,0.000279478310924805
"virus_comp_288_cycle_1",NA,NA,NA,"TP (CELIAC): (t0-12) vs t0",-6.23442978097981,NA,NA,NA,NA,NA,NA,0.00196074695082376
"virus_comp_288_cycle_1",NA,NA,NA,"TP (CELIAC): (t0-18) vs t0",-31.340956798688,NA,NA,NA,NA,NA,NA,2.44790976490351e-14
"virus_comp_288_cycle_1",NA,NA,NA,"TP (CELIAC): (t0-24) vs t0",-6.81295993909786,NA,NA,NA,NA,NA,NA,0.00109943382184601
"virus_comp_288_cycle_1",NA,NA,NA,"TP (CELIAC): (t0-30) vs t0",-5.3999621394317,NA,NA,NA,NA,NA,NA,0.00451675194617103
"virus_comp_288_cycle_1",NA,NA,NA,"TP (CELIAC): (t0-36) vs t0",-6.30418477896335,NA,NA,NA,NA,NA,NA,0.00182863630405098
"virus_comp_288_cycle_1",NA,NA,NA,"TP (CELIAC): (t0-over42) vs t0",-36.7434132674947,NA,NA,NA,NA,NA,NA,1.10290567562635e-16
"virus_comp_289_cycle_1",NA,NA,NA,"TP (CELIAC): (t0-6) vs t0",-42.2425516618091,NA,NA,NA,NA,NA,NA,4.51120862346914e-19
"virus_comp_289_cycle_1",NA,NA,NA,"TP (CELIAC): (t0-12) vs t0",-36.3103959461911,NA,NA,NA,NA,NA,NA,1.70057349081852e-16
"virus_comp_289_cycle_1",NA,NA,NA,"TP (CELIAC): (t0-18) vs t0",-14.3072928318108,NA,NA,NA,NA,NA,NA,6.11535498610491e-07
"virus_comp_289_cycle_1",NA,NA,NA,"TP (CELIAC): (t0-24) vs t0",-26.5040053629432,NA,NA,NA,NA,NA,NA,3.08643206729473e-12
"virus_comp_289_cycle_1",NA,NA,NA,"TP (CELIAC): (t0-30) vs t0",-37.0290415123518,NA,NA,NA,NA,NA,NA,8.28879886104884e-17
"virus_comp_289_cycle_1",NA,NA,NA,"TP (CELIAC): (t0-36) vs t0",-39.8610501042456,NA,NA,NA,NA,NA,NA,4.88164166300775e-18
"virus_comp_289_cycle_1",NA,NA,NA,"TP (CELIAC): (t0-over42) vs t0",-108.447687527521,NA,NA,NA,NA,NA,NA,7.97568019699689e-48
"virus_comp_2915_cycle_1",NA,NA,NA,"TP (CELIAC): (t0-6) vs t0",-25.0435773471757,NA,NA,NA,NA,NA,NA,1.32957411379065e-11
"virus_comp_2915_cycle_1",NA,NA,NA,"TP (CELIAC): (t0-12) vs t0",-36.4882144254515,NA,NA,NA,NA,NA,NA,1.42354047739558e-16
"virus_comp_2915_cycle_1",NA,NA,NA,"TP (CELIAC): (t0-18) vs t0",-30.4447153561122,NA,NA,NA,NA,NA,NA,5.99829910059234e-14
"virus_comp_2915_cycle_1",NA,NA,NA,"TP (CELIAC): (t0-24) vs t0",1.14325104476791,NA,NA,NA,NA,NA,NA,3.13695017090551
"virus_comp_2915_cycle_1",NA,NA,NA,"TP (CELIAC): (t0-30) vs t0",-27.7635782114347,NA,NA,NA,NA,NA,NA,8.75852925412523e-13
"virus_comp_2915_cycle_1",NA,NA,NA,"TP (CELIAC): (t0-36) vs t0",-29.4708958644367,NA,NA,NA,NA,NA,NA,1.58837319472279e-13
"virus_comp_2915_cycle_1",NA,NA,NA,"TP (CELIAC): (t0-over42) vs t0",0.462809119263339,NA,NA,NA,NA,NA,NA,1.58853009368034
"virus_comp_3_cycle_1",NA,NA,NA,"TP (CELIAC): (t0-6) vs t0",-59.4065292003747,NA,NA,NA,NA,NA,NA,1.58515662181168e-26
"virus_comp_3_cycle_1",NA,NA,NA,"TP (CELIAC): (t0-12) vs t0",-20.8947359225192,NA,NA,NA,NA,NA,NA,8.42425468318428e-10
"virus_comp_3_cycle_1",NA,NA,NA,"TP (CELIAC): (t0-18) vs t0",-78.3266656149264,NA,NA,NA,NA,NA,NA,9.61969577411473e-35
"virus_comp_3_cycle_1",NA,NA,NA,"TP (CELIAC): (t0-24) vs t0",-29.6711932546604,NA,NA,NA,NA,NA,NA,1.30006329827413e-13
"virus_comp_3_cycle_1",NA,NA,NA,"TP (CELIAC): (t0-30) vs t0",-23.8988801440839,NA,NA,NA,NA,NA,NA,4.17684375528477e-11
"virus_comp_3_cycle_1",NA,NA,NA,"TP (CELIAC): (t0-36) vs t0",4.25431431919643e-05,NA,NA,NA,NA,NA,NA,1.00004254404816
"virus_comp_3_cycle_1",NA,NA,NA,"TP (CELIAC): (t0-over42) vs t0",-28.0631294015772,NA,NA,NA,NA,NA,NA,6.49139080432756e-13
"virus_comp_301_cycle_1",NA,NA,NA,"TP (CELIAC): (t0-6) vs t0",1.84969337816347,NA,NA,NA,NA,NA,NA,6.35786976199468
"virus_comp_301_cycle_1",NA,NA,NA,"TP (CELIAC): (t0-12) vs t0",63.136692613284,NA,NA,NA,NA,NA,NA,2.62976661430673e+27
"virus_comp_301_cycle_1",NA,NA,NA,"TP (CELIAC): (t0-18) vs t0",62.9628349999034,NA,NA,NA,NA,NA,NA,2.21009939374625e+27
"virus_comp_301_cycle_1",NA,NA,NA,"TP (CELIAC): (t0-24) vs t0",40.4135309928599,NA,NA,NA,NA,NA,NA,355937302208325632
"virus_comp_301_cycle_1",NA,NA,NA,"TP (CELIAC): (t0-30) vs t0",-12.1601256613517,NA,NA,NA,NA,NA,NA,5.23509450459156e-06
"virus_comp_301_cycle_1",NA,NA,NA,"TP (CELIAC): (t0-36) vs t0",0.933450101901026,NA,NA,NA,NA,NA,NA,2.54326859430104
"virus_comp_301_cycle_1",NA,NA,NA,"TP (CELIAC): (t0-over42) vs t0",41.5121432815174,NA,NA,NA,NA,NA,NA,1067811906613623808
"virus_comp_303_cycle_1",NA,NA,NA,"TP (CELIAC): (t0-6) vs t0",1.84969337816347,NA,NA,NA,NA,NA,NA,6.35786976199468
"virus_comp_303_cycle_1",NA,NA,NA,"TP (CELIAC): (t0-12) vs t0",63.136692613284,NA,NA,NA,NA,NA,NA,2.62976661430673e+27
"virus_comp_303_cycle_1",NA,NA,NA,"TP (CELIAC): (t0-18) vs t0",62.9628349999034,NA,NA,NA,NA,NA,NA,2.21009939374625e+27
"virus_comp_303_cycle_1",NA,NA,NA,"TP (CELIAC): (t0-24) vs t0",40.4135309928599,NA,NA,NA,NA,NA,NA,355937302208325632
"virus_comp_303_cycle_1",NA,NA,NA,"TP (CELIAC): (t0-30) vs t0",-12.1601256613517,NA,NA,NA,NA,NA,NA,5.23509450459156e-06
"virus_comp_303_cycle_1",NA,NA,NA,"TP (CELIAC): (t0-36) vs t0",0.933450101901026,NA,NA,NA,NA,NA,NA,2.54326859430104
"virus_comp_303_cycle_1",NA,NA,NA,"TP (CELIAC): (t0-over42) vs t0",41.5121432815174,NA,NA,NA,NA,NA,NA,1067811906613623808
"virus_comp_315_cycle_1",NA,NA,NA,"TP (CELIAC): (t0-6) vs t0",-52.0023981368393,NA,NA,NA,NA,NA,NA,2.60402676320958e-23
"virus_comp_315_cycle_1",NA,NA,NA,"TP (CELIAC): (t0-12) vs t0",-13.6247404303647,NA,NA,NA,NA,NA,NA,1.21018123284018e-06
"virus_comp_315_cycle_1",NA,NA,NA,"TP (CELIAC): (t0-18) vs t0",61.66747520027,NA,NA,NA,NA,NA,NA,6.05123741433953e+26
"virus_comp_315_cycle_1",NA,NA,NA,"TP (CELIAC): (t0-24) vs t0",60.3942576163232,NA,NA,NA,NA,NA,NA,1.6939197101112e+26
"virus_comp_315_cycle_1",NA,NA,NA,"TP (CELIAC): (t0-30) vs t0",-57.711406924254,NA,NA,NA,NA,NA,NA,8.63484268893902e-26
"virus_comp_315_cycle_1",NA,NA,NA,"TP (CELIAC): (t0-36) vs t0",-74.4715946932543,NA,NA,NA,NA,NA,NA,4.54357149433395e-33
"virus_comp_315_cycle_1",NA,NA,NA,"TP (CELIAC): (t0-over42) vs t0",-70.9156246361361,NA,NA,NA,NA,NA,NA,1.59123945926049e-31
"virus_comp_316_cycle_1",NA,NA,NA,"TP (CELIAC): (t0-6) vs t0",-297.31690775584,NA,NA,NA,NA,NA,NA,7.53195271870648e-130
"virus_comp_316_cycle_1",NA,NA,NA,"TP (CELIAC): (t0-12) vs t0",0.603390178696145,NA,NA,NA,NA,NA,NA,1.82830659166199
"virus_comp_316_cycle_1",NA,NA,NA,"TP (CELIAC): (t0-18) vs t0",-287.582137863673,NA,NA,NA,NA,NA,NA,1.27251945812494e-125
"virus_comp_316_cycle_1",NA,NA,NA,"TP (CELIAC): (t0-24) vs t0",0.619758761859657,NA,NA,NA,NA,NA,NA,1.85847965158909
"virus_comp_316_cycle_1",NA,NA,NA,"TP (CELIAC): (t0-30) vs t0",0.661191899597952,NA,NA,NA,NA,NA,NA,1.93709978746054
"virus_comp_316_cycle_1",NA,NA,NA,"TP (CELIAC): (t0-36) vs t0",-310.985553277008,NA,NA,NA,NA,NA,NA,8.72348985147307e-136
"virus_comp_316_cycle_1",NA,NA,NA,"TP (CELIAC): (t0-over42) vs t0",1.43693294242166,NA,NA,NA,NA,NA,NA,4.20777053133502
"virus_comp_34_cycle_1",NA,NA,NA,"TP (CELIAC): (t0-6) vs t0",-0.474206236163348,NA,NA,NA,NA,NA,NA,0.622378882298012
"virus_comp_34_cycle_1",NA,NA,NA,"TP (CELIAC): (t0-12) vs t0",-6.5421523966928,NA,NA,NA,NA,NA,NA,0.00144138273037459
"virus_comp_34_cycle_1",NA,NA,NA,"TP (CELIAC): (t0-18) vs t0",84.8541424289888,NA,NA,NA,NA,NA,NA,7.10699195032095e+36
"virus_comp_34_cycle_1",NA,NA,NA,"TP (CELIAC): (t0-24) vs t0",16.0817463325298,NA,NA,NA,NA,NA,NA,9643033.85699212
"virus_comp_34_cycle_1",NA,NA,NA,"TP (CELIAC): (t0-30) vs t0",-14.7770218146771,NA,NA,NA,NA,NA,NA,3.82314673554626e-07
"virus_comp_34_cycle_1",NA,NA,NA,"TP (CELIAC): (t0-36) vs t0",-6.75556999912276,NA,NA,NA,NA,NA,NA,0.00116437595186025
"virus_comp_34_cycle_1",NA,NA,NA,"TP (CELIAC): (t0-over42) vs t0",-19.6425442851405,NA,NA,NA,NA,NA,NA,2.9468050566523e-09
"virus_comp_3464_cycle_1",NA,NA,NA,"TP (CELIAC): (t0-6) vs t0",-14.0599343669529,NA,NA,NA,NA,NA,NA,7.83155655513719e-07
"virus_comp_3464_cycle_1",NA,NA,NA,"TP (CELIAC): (t0-12) vs t0",87.325882006874,NA,NA,NA,NA,NA,NA,8.41683246856236e+37
"virus_comp_3464_cycle_1",NA,NA,NA,"TP (CELIAC): (t0-18) vs t0",87.8412488796031,NA,NA,NA,NA,NA,NA,1.40919038695576e+38
"virus_comp_3464_cycle_1",NA,NA,NA,"TP (CELIAC): (t0-24) vs t0",87.3259351027553,NA,NA,NA,NA,NA,NA,8.41727937956388e+37
"virus_comp_3464_cycle_1",NA,NA,NA,"TP (CELIAC): (t0-30) vs t0",87.7055004858346,NA,NA,NA,NA,NA,NA,1.23031096199341e+38
"virus_comp_3464_cycle_1",NA,NA,NA,"TP (CELIAC): (t0-36) vs t0",-5.44347866176022,NA,NA,NA,NA,NA,NA,0.00432441390204051
"virus_comp_3464_cycle_1",NA,NA,NA,"TP (CELIAC): (t0-over42) vs t0",-12.3065454284973,NA,NA,NA,NA,NA,NA,4.52204863713554e-06
"virus_comp_347_cycle_1",NA,NA,NA,"TP (CELIAC): (t0-6) vs t0",-26.0125005263576,NA,NA,NA,NA,NA,NA,5.04562024906073e-12
"virus_comp_347_cycle_1",NA,NA,NA,"TP (CELIAC): (t0-12) vs t0",30.1515311933482,NA,NA,NA,NA,NA,NA,12434937827198
"virus_comp_347_cycle_1",NA,NA,NA,"TP (CELIAC): (t0-18) vs t0",31.3267265359641,NA,NA,NA,NA,NA,NA,40273972637022.9
"virus_comp_347_cycle_1",NA,NA,NA,"TP (CELIAC): (t0-24) vs t0",30.215154973832,NA,NA,NA,NA,NA,NA,13251806170585.9
"virus_comp_347_cycle_1",NA,NA,NA,"TP (CELIAC): (t0-30) vs t0",30.3560934256681,NA,NA,NA,NA,NA,NA,15257517154063.4
"virus_comp_347_cycle_1",NA,NA,NA,"TP (CELIAC): (t0-36) vs t0",-30.8955937654338,NA,NA,NA,NA,NA,NA,3.82132620512066e-14
"virus_comp_347_cycle_1",NA,NA,NA,"TP (CELIAC): (t0-over42) vs t0",-22.4156709768539,NA,NA,NA,NA,NA,NA,1.84076261989371e-10
"virus_comp_36_cycle_2",NA,NA,NA,"TP (CELIAC): (t0-6) vs t0",-16.9572283028583,NA,NA,NA,NA,NA,NA,4.32085129164638e-08
"virus_comp_36_cycle_2",NA,NA,NA,"TP (CELIAC): (t0-12) vs t0",0.168500398186811,NA,NA,NA,NA,NA,NA,1.18352869811028
"virus_comp_36_cycle_2",NA,NA,NA,"TP (CELIAC): (t0-18) vs t0",-33.1949144787507,NA,NA,NA,NA,NA,NA,3.83382084725696e-15
"virus_comp_36_cycle_2",NA,NA,NA,"TP (CELIAC): (t0-24) vs t0",-45.9780630418937,NA,NA,NA,NA,NA,NA,1.07641795247446e-20
"virus_comp_36_cycle_2",NA,NA,NA,"TP (CELIAC): (t0-30) vs t0",-44.9369447122167,NA,NA,NA,NA,NA,NA,3.04882767434749e-20
"virus_comp_36_cycle_2",NA,NA,NA,"TP (CELIAC): (t0-36) vs t0",-42.7284629826965,NA,NA,NA,NA,NA,NA,2.77500842766562e-19
"virus_comp_36_cycle_2",NA,NA,NA,"TP (CELIAC): (t0-over42) vs t0",-1.65445092009584,NA,NA,NA,NA,NA,NA,0.191197009324422
"virus_comp_37_cycle_1",NA,NA,NA,"TP (CELIAC): (t0-6) vs t0",2.356008094635,NA,NA,NA,NA,NA,NA,10.5487576493757
"virus_comp_37_cycle_1",NA,NA,NA,"TP (CELIAC): (t0-12) vs t0",-4.55837082442282,NA,NA,NA,NA,NA,NA,0.0104791173661543
"virus_comp_37_cycle_1",NA,NA,NA,"TP (CELIAC): (t0-18) vs t0",121.943648694892,NA,NA,NA,NA,NA,NA,9.10864405855947e+52
"virus_comp_37_cycle_1",NA,NA,NA,"TP (CELIAC): (t0-24) vs t0",-142.450440273064,NA,NA,NA,NA,NA,NA,1.36320083901438e-62
"virus_comp_37_cycle_1",NA,NA,NA,"TP (CELIAC): (t0-30) vs t0",-16.8700942148933,NA,NA,NA,NA,NA,NA,4.71423440733341e-08
"virus_comp_37_cycle_1",NA,NA,NA,"TP (CELIAC): (t0-36) vs t0",-62.6616651840644,NA,NA,NA,NA,NA,NA,6.11483276088755e-28
"virus_comp_37_cycle_1",NA,NA,NA,"TP (CELIAC): (t0-over42) vs t0",284.138101127383,NA,NA,NA,NA,NA,NA,2.50962838680013e+123
"virus_comp_384_cycle_1",NA,NA,NA,"TP (CELIAC): (t0-6) vs t0",-25.3686222818463,NA,NA,NA,NA,NA,NA,9.6061050022194e-12
"virus_comp_384_cycle_1",NA,NA,NA,"TP (CELIAC): (t0-12) vs t0",-26.0824092503807,NA,NA,NA,NA,NA,NA,4.70493456571703e-12
"virus_comp_384_cycle_1",NA,NA,NA,"TP (CELIAC): (t0-18) vs t0",-27.4110351151054,NA,NA,NA,NA,NA,NA,1.24605928666099e-12
"virus_comp_384_cycle_1",NA,NA,NA,"TP (CELIAC): (t0-24) vs t0",-55.3514443843853,NA,NA,NA,NA,NA,NA,9.14477740081656e-25
"virus_comp_384_cycle_1",NA,NA,NA,"TP (CELIAC): (t0-30) vs t0",-44.7501186662176,NA,NA,NA,NA,NA,NA,3.67511047583013e-20
"virus_comp_384_cycle_1",NA,NA,NA,"TP (CELIAC): (t0-36) vs t0",-36.1691978803493,NA,NA,NA,NA,NA,NA,1.95847010065416e-16
"virus_comp_384_cycle_1",NA,NA,NA,"TP (CELIAC): (t0-over42) vs t0",33.6305435224624,NA,NA,NA,NA,NA,NA,403236164539752
"virus_comp_4028_cycle_1",NA,NA,NA,"TP (CELIAC): (t0-6) vs t0",-61.2480722502239,NA,NA,NA,NA,NA,NA,2.51362330644888e-27
"virus_comp_4028_cycle_1",NA,NA,NA,"TP (CELIAC): (t0-12) vs t0",-228.551541077622,NA,NA,NA,NA,NA,NA,5.51222427721351e-100
"virus_comp_4028_cycle_1",NA,NA,NA,"TP (CELIAC): (t0-18) vs t0",-73.3002135770595,NA,NA,NA,NA,NA,NA,1.46595865247163e-32
"virus_comp_4028_cycle_1",NA,NA,NA,"TP (CELIAC): (t0-24) vs t0",-95.2791182081346,NA,NA,NA,NA,NA,NA,4.17642533487712e-42
"virus_comp_4028_cycle_1",NA,NA,NA,"TP (CELIAC): (t0-30) vs t0",-92.7658305540807,NA,NA,NA,NA,NA,NA,5.15598542709333e-41
"virus_comp_4028_cycle_1",NA,NA,NA,"TP (CELIAC): (t0-36) vs t0",-95.7064877328012,NA,NA,NA,NA,NA,NA,2.72395855373324e-42
"virus_comp_4028_cycle_1",NA,NA,NA,"TP (CELIAC): (t0-over42) vs t0",-90.3962557048747,NA,NA,NA,NA,NA,NA,5.51321542622504e-40
"virus_comp_42_cycle_1",NA,NA,NA,"TP (CELIAC): (t0-6) vs t0",-22.9289248338741,NA,NA,NA,NA,NA,NA,1.10177894481406e-10
"virus_comp_42_cycle_1",NA,NA,NA,"TP (CELIAC): (t0-12) vs t0",-1.36414074959997,NA,NA,NA,NA,NA,NA,0.255600206238302
"virus_comp_42_cycle_1",NA,NA,NA,"TP (CELIAC): (t0-18) vs t0",-32.924673989039,NA,NA,NA,NA,NA,NA,5.02337694560738e-15
"virus_comp_42_cycle_1",NA,NA,NA,"TP (CELIAC): (t0-24) vs t0",-34.3779007265641,NA,NA,NA,NA,NA,NA,1.17453892736842e-15
"virus_comp_42_cycle_1",NA,NA,NA,"TP (CELIAC): (t0-30) vs t0",-35.4898296432157,NA,NA,NA,NA,NA,NA,3.86333903563869e-16
"virus_comp_42_cycle_1",NA,NA,NA,"TP (CELIAC): (t0-36) vs t0",-0.800424949566778,NA,NA,NA,NA,NA,NA,0.449138062533225
"virus_comp_42_cycle_1",NA,NA,NA,"TP (CELIAC): (t0-over42) vs t0",-1.75947147878614,NA,NA,NA,NA,NA,NA,0.172135817216599
"virus_comp_4442_cycle_1",NA,NA,NA,"TP (CELIAC): (t0-6) vs t0",-22.0248171972673,NA,NA,NA,NA,NA,NA,2.721093258083e-10
"virus_comp_4442_cycle_1",NA,NA,NA,"TP (CELIAC): (t0-12) vs t0",-3.1249245876267,NA,NA,NA,NA,NA,NA,0.0439402471367858
"virus_comp_4442_cycle_1",NA,NA,NA,"TP (CELIAC): (t0-18) vs t0",-3.11129938414289,NA,NA,NA,NA,NA,NA,0.0445430392019524
"virus_comp_4442_cycle_1",NA,NA,NA,"TP (CELIAC): (t0-24) vs t0",-3.12236926184171,NA,NA,NA,NA,NA,NA,0.0440526723636588
"virus_comp_4442_cycle_1",NA,NA,NA,"TP (CELIAC): (t0-30) vs t0",-40.785207457845,NA,NA,NA,NA,NA,NA,1.93735611458516e-18
"virus_comp_4442_cycle_1",NA,NA,NA,"TP (CELIAC): (t0-36) vs t0",-63.5275577148462,NA,NA,NA,NA,NA,NA,2.57236289007549e-28
"virus_comp_4442_cycle_1",NA,NA,NA,"TP (CELIAC): (t0-over42) vs t0",-28.3459645414062,NA,NA,NA,NA,NA,NA,4.89219788389303e-13
"virus_comp_4571_cycle_1",NA,NA,NA,"TP (CELIAC): (t0-6) vs t0",-415.112816913046,NA,NA,NA,NA,NA,NA,5.23352432831581e-181
"virus_comp_4571_cycle_1",NA,NA,NA,"TP (CELIAC): (t0-12) vs t0",-512.841657855496,NA,NA,NA,NA,NA,NA,1.88667851238363e-223
"virus_comp_4571_cycle_1",NA,NA,NA,"TP (CELIAC): (t0-18) vs t0",-731.885774740997,NA,NA,NA,NA,NA,NA,1.39973738123284e-318
"virus_comp_4571_cycle_1",NA,NA,NA,"TP (CELIAC): (t0-24) vs t0",-424.66373752816,NA,NA,NA,NA,NA,NA,3.72290648257255e-185
"virus_comp_4571_cycle_1",NA,NA,NA,"TP (CELIAC): (t0-30) vs t0",-779.83665048772,NA,NA,NA,NA,NA,NA,0
"virus_comp_4571_cycle_1",NA,NA,NA,"TP (CELIAC): (t0-36) vs t0",-573.767470306742,NA,NA,NA,NA,NA,NA,6.54566462880249e-250
"virus_comp_4571_cycle_1",NA,NA,NA,"TP (CELIAC): (t0-over42) vs t0",-629.081176407551,NA,NA,NA,NA,NA,NA,6.21607745030431e-274
"virus_comp_4826_cycle_1",NA,NA,NA,"TP (CELIAC): (t0-6) vs t0",26.2749758124684,NA,NA,NA,NA,NA,NA,257677802127.567
"virus_comp_4826_cycle_1",NA,NA,NA,"TP (CELIAC): (t0-12) vs t0",4.48040252135345,NA,NA,NA,NA,NA,NA,88.2701961645203
"virus_comp_4826_cycle_1",NA,NA,NA,"TP (CELIAC): (t0-18) vs t0",-92.6829019545825,NA,NA,NA,NA,NA,NA,5.60179374563831e-41
"virus_comp_4826_cycle_1",NA,NA,NA,"TP (CELIAC): (t0-24) vs t0",-2.64747285472211e-05,NA,NA,NA,NA,NA,NA,0.999973525621905
"virus_comp_4826_cycle_1",NA,NA,NA,"TP (CELIAC): (t0-30) vs t0",0.0240480474139373,NA,NA,NA,NA,NA,NA,1.02433953357385
"virus_comp_4826_cycle_1",NA,NA,NA,"TP (CELIAC): (t0-36) vs t0",2.42685274205456e-05,NA,NA,NA,NA,NA,NA,1.0000242688219
"virus_comp_4826_cycle_1",NA,NA,NA,"TP (CELIAC): (t0-over42) vs t0",-4.17500280946311,NA,NA,NA,NA,NA,NA,0.0153751484590484
"virus_comp_4980_cycle_1",NA,NA,NA,"TP (CELIAC): (t0-6) vs t0",-415.112816913046,NA,NA,NA,NA,NA,NA,5.23352432831581e-181
"virus_comp_4980_cycle_1",NA,NA,NA,"TP (CELIAC): (t0-12) vs t0",-512.841657855496,NA,NA,NA,NA,NA,NA,1.88667851238363e-223
"virus_comp_4980_cycle_1",NA,NA,NA,"TP (CELIAC): (t0-18) vs t0",-731.885774740997,NA,NA,NA,NA,NA,NA,1.39973738123284e-318
"virus_comp_4980_cycle_1",NA,NA,NA,"TP (CELIAC): (t0-24) vs t0",-424.66373752816,NA,NA,NA,NA,NA,NA,3.72290648257255e-185
"virus_comp_4980_cycle_1",NA,NA,NA,"TP (CELIAC): (t0-30) vs t0",-779.83665048772,NA,NA,NA,NA,NA,NA,0
"virus_comp_4980_cycle_1",NA,NA,NA,"TP (CELIAC): (t0-36) vs t0",-573.767470306742,NA,NA,NA,NA,NA,NA,6.54566462880249e-250
"virus_comp_4980_cycle_1",NA,NA,NA,"TP (CELIAC): (t0-over42) vs t0",-629.081176407551,NA,NA,NA,NA,NA,NA,6.21607745030431e-274
"virus_comp_5098_cycle_1",NA,NA,NA,"TP (CELIAC): (t0-6) vs t0",-40.0412714684728,NA,NA,NA,NA,NA,NA,4.07658735339746e-18
"virus_comp_5098_cycle_1",NA,NA,NA,"TP (CELIAC): (t0-12) vs t0",34.0196300908458,NA,NA,NA,NA,NA,NA,595028304449332
"virus_comp_5098_cycle_1",NA,NA,NA,"TP (CELIAC): (t0-18) vs t0",-19.2019497859618,NA,NA,NA,NA,NA,NA,4.5782464378744e-09
"virus_comp_5098_cycle_1",NA,NA,NA,"TP (CELIAC): (t0-24) vs t0",-0.920399687871201,NA,NA,NA,NA,NA,NA,0.398359789684897
"virus_comp_5098_cycle_1",NA,NA,NA,"TP (CELIAC): (t0-30) vs t0",-0.814403055979677,NA,NA,NA,NA,NA,NA,0.442903637142202
"virus_comp_5098_cycle_1",NA,NA,NA,"TP (CELIAC): (t0-36) vs t0",10.2047076205065,NA,NA,NA,NA,NA,NA,27030.1346431456
"virus_comp_5098_cycle_1",NA,NA,NA,"TP (CELIAC): (t0-over42) vs t0",-3.05414266869448,NA,NA,NA,NA,NA,NA,0.0471631378769952
"virus_comp_5117_cycle_1",NA,NA,NA,"TP (CELIAC): (t0-6) vs t0",0.969530497161581,4.48157250535333,0.216337121848069,0.998225452046144,-10.8094561805363,12.7485171748595,1,2.63670622764229
"virus_comp_5117_cycle_1",NA,NA,NA,"TP (CELIAC): (t0-12) vs t0",1.16520036554024,1.56524307440576,0.74442135192491,0.914758791013498,-2.9487523371687,5.27915306824917,0.999975298423245,3.20656530403062
"virus_comp_5117_cycle_1",NA,NA,NA,"TP (CELIAC): (t0-18) vs t0",2.07349954815773,2.5621756434121,0.809272991681558,0.891477980153251,-4.66070652206043,8.8077056183759,1,7.95260500165871
"virus_comp_5117_cycle_1",NA,NA,NA,"TP (CELIAC): (t0-24) vs t0",-1.14767618068596,1.57468972928383,-0.728826866234734,0.919878990568699,-5.2864576732504,2.99110531187848,1,0.317373431622741
"virus_comp_5117_cycle_1",NA,NA,NA,"TP (CELIAC): (t0-30) vs t0",-1.15336271081768,1.67146453275867,-0.690031220054735,0.931814774662041,-5.54649892362937,3.23977350199401,1,0.315573799720827
"virus_comp_5117_cycle_1",NA,NA,NA,"TP (CELIAC): (t0-36) vs t0",-2.44125059606969,1.69152012510153,-1.44322882113103,0.533805397734137,-6.88709923398165,2.00459804184227,0.999999999886977,0.0870519165746809
"virus_comp_5117_cycle_1",NA,NA,NA,"TP (CELIAC): (t0-over42) vs t0",-1.78151872683543,1.52979534712504,-1.16454709460547,0.712170396358963,-5.80230361693049,2.23926616325963,0.998763188277087,0.168382226375017
"virus_comp_5225_cycle_1",NA,NA,NA,"TP (CELIAC): (t0-6) vs t0",0.768605361123862,NA,NA,NA,NA,NA,NA,2.15675625921961
"virus_comp_5225_cycle_1",NA,NA,NA,"TP (CELIAC): (t0-12) vs t0",-35.4083448445684,NA,NA,NA,NA,NA,NA,4.19132386949616e-16
"virus_comp_5225_cycle_1",NA,NA,NA,"TP (CELIAC): (t0-18) vs t0",-5.50329933653043,NA,NA,NA,NA,NA,NA,0.00407331002324644
"virus_comp_5225_cycle_1",NA,NA,NA,"TP (CELIAC): (t0-24) vs t0",29.2681193929065,NA,NA,NA,NA,NA,NA,5140232320455.98
"virus_comp_5225_cycle_1",NA,NA,NA,"TP (CELIAC): (t0-30) vs t0",-4.14385894783642,NA,NA,NA,NA,NA,NA,0.0158615244561931
"virus_comp_5225_cycle_1",NA,NA,NA,"TP (CELIAC): (t0-36) vs t0",-21.0350728505555,NA,NA,NA,NA,NA,NA,7.32122804333387e-10
"virus_comp_5225_cycle_1",NA,NA,NA,"TP (CELIAC): (t0-over42) vs t0",26.4287990727536,NA,NA,NA,NA,NA,NA,300525688388.417
"virus_comp_54_cycle_1",NA,NA,NA,"TP (CELIAC): (t0-6) vs t0",2.83082483282872,NA,NA,NA,NA,NA,NA,16.9594437629274
"virus_comp_54_cycle_1",NA,NA,NA,"TP (CELIAC): (t0-12) vs t0",0.0352750416341792,NA,NA,NA,NA,NA,NA,1.03590458651154
"virus_comp_54_cycle_1",NA,NA,NA,"TP (CELIAC): (t0-18) vs t0",2.67318619319406,NA,NA,NA,NA,NA,NA,14.4860510983096
"virus_comp_54_cycle_1",NA,NA,NA,"TP (CELIAC): (t0-24) vs t0",-27.415108282126,NA,NA,NA,NA,NA,NA,1.24099420154042e-12
"virus_comp_54_cycle_1",NA,NA,NA,"TP (CELIAC): (t0-30) vs t0",-37.8301354682216,NA,NA,NA,NA,NA,NA,3.72032530736164e-17
"virus_comp_54_cycle_1",NA,NA,NA,"TP (CELIAC): (t0-36) vs t0",1.92232162866645,NA,NA,NA,NA,NA,NA,6.83681259858516
"virus_comp_54_cycle_1",NA,NA,NA,"TP (CELIAC): (t0-over42) vs t0",2.34848147814187,NA,NA,NA,NA,NA,NA,10.4696592411715
"virus_comp_545_cycle_1",NA,NA,NA,"TP (CELIAC): (t0-6) vs t0",-82.9524852074939,NA,NA,NA,NA,NA,NA,9.42309163027372e-37
"virus_comp_545_cycle_1",NA,NA,NA,"TP (CELIAC): (t0-12) vs t0",-177.869314508038,NA,NA,NA,NA,NA,NA,5.65377093976055e-78
"virus_comp_545_cycle_1",NA,NA,NA,"TP (CELIAC): (t0-18) vs t0",-83.7934341916338,NA,NA,NA,NA,NA,NA,4.06418913836764e-37
"virus_comp_545_cycle_1",NA,NA,NA,"TP (CELIAC): (t0-24) vs t0",193.416361581616,NA,NA,NA,NA,NA,NA,9.99214079113552e+83
"virus_comp_545_cycle_1",NA,NA,NA,"TP (CELIAC): (t0-30) vs t0",-109.016785432388,NA,NA,NA,NA,NA,NA,4.51452073316182e-48
"virus_comp_545_cycle_1",NA,NA,NA,"TP (CELIAC): (t0-36) vs t0",193.416328113428,NA,NA,NA,NA,NA,NA,9.99180637789216e+83
"virus_comp_545_cycle_1",NA,NA,NA,"TP (CELIAC): (t0-over42) vs t0",-117.620411862911,NA,NA,NA,NA,NA,NA,8.28140775594764e-52
"virus_comp_5552_cycle_1",NA,NA,NA,"TP (CELIAC): (t0-6) vs t0",-10.162070785839,NA,NA,NA,NA,NA,NA,3.86072380107904e-05
"virus_comp_5552_cycle_1",NA,NA,NA,"TP (CELIAC): (t0-12) vs t0",12.4268396408979,NA,NA,NA,NA,NA,NA,249406.566456705
"virus_comp_5552_cycle_1",NA,NA,NA,"TP (CELIAC): (t0-18) vs t0",45.8803303734096,NA,NA,NA,NA,NA,NA,84250853480778743808
"virus_comp_5552_cycle_1",NA,NA,NA,"TP (CELIAC): (t0-24) vs t0",-34.2816177552473,NA,NA,NA,NA,NA,NA,1.29325027127466e-15
"virus_comp_5552_cycle_1",NA,NA,NA,"TP (CELIAC): (t0-30) vs t0",-34.281686256354,NA,NA,NA,NA,NA,NA,1.29316168523389e-15
"virus_comp_5552_cycle_1",NA,NA,NA,"TP (CELIAC): (t0-36) vs t0",-34.2816808238199,NA,NA,NA,NA,NA,NA,1.29316871039792e-15
"virus_comp_5552_cycle_1",NA,NA,NA,"TP (CELIAC): (t0-over42) vs t0",-104.161095031062,NA,NA,NA,NA,NA,NA,5.79977571318364e-46
"virus_comp_5629_cycle_1",NA,NA,NA,"TP (CELIAC): (t0-6) vs t0",417.685562213301,NA,NA,NA,NA,NA,NA,2.50342646975669e+181
"virus_comp_5629_cycle_1",NA,NA,NA,"TP (CELIAC): (t0-12) vs t0",1083.06580058668,NA,NA,NA,NA,NA,NA,Inf
"virus_comp_5629_cycle_1",NA,NA,NA,"TP (CELIAC): (t0-18) vs t0",375.880685453807,NA,NA,NA,NA,NA,NA,1.74947421772464e+163
"virus_comp_5629_cycle_1",NA,NA,NA,"TP (CELIAC): (t0-24) vs t0",729.56309181605,NA,NA,NA,NA,NA,NA,Inf
"virus_comp_5629_cycle_1",NA,NA,NA,"TP (CELIAC): (t0-30) vs t0",391.371245972967,NA,NA,NA,NA,NA,NA,9.34055112046117e+169
"virus_comp_5629_cycle_1",NA,NA,NA,"TP (CELIAC): (t0-36) vs t0",-590.38372714921,NA,NA,NA,NA,NA,NA,3.97745334033973e-257
"virus_comp_5629_cycle_1",NA,NA,NA,"TP (CELIAC): (t0-over42) vs t0",-1152.10394824574,NA,NA,NA,NA,NA,NA,0
"virus_comp_586_cycle_1",NA,NA,NA,"TP (CELIAC): (t0-6) vs t0",-14.3586678448993,NA,NA,NA,NA,NA,NA,5.80911250427477e-07
"virus_comp_586_cycle_1",NA,NA,NA,"TP (CELIAC): (t0-12) vs t0",-11.0223654366931,NA,NA,NA,NA,NA,NA,1.63323061921655e-05
"virus_comp_586_cycle_1",NA,NA,NA,"TP (CELIAC): (t0-18) vs t0",14.4271500107821,NA,NA,NA,NA,NA,NA,1843451.17393746
"virus_comp_586_cycle_1",NA,NA,NA,"TP (CELIAC): (t0-24) vs t0",-2.19973097529773,NA,NA,NA,NA,NA,NA,0.110832971159033
"virus_comp_586_cycle_1",NA,NA,NA,"TP (CELIAC): (t0-30) vs t0",-2.22614786413202,NA,NA,NA,NA,NA,NA,0.107943443088292
"virus_comp_586_cycle_1",NA,NA,NA,"TP (CELIAC): (t0-36) vs t0",-2.70174057890923,NA,NA,NA,NA,NA,NA,0.0670886379860635
"virus_comp_586_cycle_1",NA,NA,NA,"TP (CELIAC): (t0-over42) vs t0",-7.26474746241269,NA,NA,NA,NA,NA,NA,0.000699777967576314
"virus_comp_595_cycle_1",NA,NA,NA,"TP (CELIAC): (t0-6) vs t0",-501.794852229328,NA,NA,NA,NA,NA,NA,1.18376263997963e-218
"virus_comp_595_cycle_1",NA,NA,NA,"TP (CELIAC): (t0-12) vs t0",-25.330789487335,NA,NA,NA,NA,NA,NA,9.97649302825524e-12
"virus_comp_595_cycle_1",NA,NA,NA,"TP (CELIAC): (t0-18) vs t0",-388.917783089857,NA,NA,NA,NA,NA,NA,1.24495281068775e-169
"virus_comp_595_cycle_1",NA,NA,NA,"TP (CELIAC): (t0-24) vs t0",97.6174593427015,NA,NA,NA,NA,NA,NA,2.48155514179139e+42
"virus_comp_595_cycle_1",NA,NA,NA,"TP (CELIAC): (t0-30) vs t0",106.020609797147,NA,NA,NA,NA,NA,NA,1.10704634629343e+46
"virus_comp_595_cycle_1",NA,NA,NA,"TP (CELIAC): (t0-36) vs t0",114.369620016952,NA,NA,NA,NA,NA,NA,4.67837328224849e+49
"virus_comp_595_cycle_1",NA,NA,NA,"TP (CELIAC): (t0-over42) vs t0",79.2348779394139,NA,NA,NA,NA,NA,NA,2.57792491194362e+34
"virus_comp_597_cycle_1",NA,NA,NA,"TP (CELIAC): (t0-6) vs t0",-501.794852229328,NA,NA,NA,NA,NA,NA,1.18376263997963e-218
"virus_comp_597_cycle_1",NA,NA,NA,"TP (CELIAC): (t0-12) vs t0",-25.330789487335,NA,NA,NA,NA,NA,NA,9.97649302825524e-12
"virus_comp_597_cycle_1",NA,NA,NA,"TP (CELIAC): (t0-18) vs t0",-388.917783089857,NA,NA,NA,NA,NA,NA,1.24495281068775e-169
"virus_comp_597_cycle_1",NA,NA,NA,"TP (CELIAC): (t0-24) vs t0",97.6174593427015,NA,NA,NA,NA,NA,NA,2.48155514179139e+42
"virus_comp_597_cycle_1",NA,NA,NA,"TP (CELIAC): (t0-30) vs t0",106.020609797147,NA,NA,NA,NA,NA,NA,1.10704634629343e+46
"virus_comp_597_cycle_1",NA,NA,NA,"TP (CELIAC): (t0-36) vs t0",114.369620016952,NA,NA,NA,NA,NA,NA,4.67837328224849e+49
"virus_comp_597_cycle_1",NA,NA,NA,"TP (CELIAC): (t0-over42) vs t0",79.2348779394139,NA,NA,NA,NA,NA,NA,2.57792491194362e+34
"virus_comp_6059_cycle_1",NA,NA,NA,"TP (CELIAC): (t0-6) vs t0",121.432282506055,NA,NA,NA,NA,NA,NA,5.4622329445908e+52
"virus_comp_6059_cycle_1",NA,NA,NA,"TP (CELIAC): (t0-12) vs t0",-78.7659299144581,NA,NA,NA,NA,NA,NA,6.19999409935385e-35
"virus_comp_6059_cycle_1",NA,NA,NA,"TP (CELIAC): (t0-18) vs t0",-48.3464429583508,NA,NA,NA,NA,NA,NA,1.00787483924507e-21
"virus_comp_6059_cycle_1",NA,NA,NA,"TP (CELIAC): (t0-24) vs t0",131.366814857706,NA,NA,NA,NA,NA,NA,1.12689330293116e+57
"virus_comp_6059_cycle_1",NA,NA,NA,"TP (CELIAC): (t0-30) vs t0",-53.0148840591316,NA,NA,NA,NA,NA,NA,9.46081160501317e-24
"virus_comp_6059_cycle_1",NA,NA,NA,"TP (CELIAC): (t0-36) vs t0",131.366731988435,NA,NA,NA,NA,NA,NA,1.12679992197412e+57
"virus_comp_6059_cycle_1",NA,NA,NA,"TP (CELIAC): (t0-over42) vs t0",127.830685957402,NA,NA,NA,NA,NA,NA,3.28217345848414e+55
"virus_comp_608_cycle_1",NA,NA,NA,"TP (CELIAC): (t0-6) vs t0",-501.794852229328,NA,NA,NA,NA,NA,NA,1.18376263997963e-218
"virus_comp_608_cycle_1",NA,NA,NA,"TP (CELIAC): (t0-12) vs t0",-25.330789487335,NA,NA,NA,NA,NA,NA,9.97649302825524e-12
"virus_comp_608_cycle_1",NA,NA,NA,"TP (CELIAC): (t0-18) vs t0",-388.917783089857,NA,NA,NA,NA,NA,NA,1.24495281068775e-169
"virus_comp_608_cycle_1",NA,NA,NA,"TP (CELIAC): (t0-24) vs t0",97.6174593427015,NA,NA,NA,NA,NA,NA,2.48155514179139e+42
"virus_comp_608_cycle_1",NA,NA,NA,"TP (CELIAC): (t0-30) vs t0",106.020609797147,NA,NA,NA,NA,NA,NA,1.10704634629343e+46
"virus_comp_608_cycle_1",NA,NA,NA,"TP (CELIAC): (t0-36) vs t0",114.369620016952,NA,NA,NA,NA,NA,NA,4.67837328224849e+49
"virus_comp_608_cycle_1",NA,NA,NA,"TP (CELIAC): (t0-over42) vs t0",79.2348779394139,NA,NA,NA,NA,NA,NA,2.57792491194362e+34
"virus_comp_6164_cycle_1",NA,NA,NA,"TP (CELIAC): (t0-6) vs t0",41.4273798324551,NA,NA,NA,NA,NA,NA,981030389868164864
"virus_comp_6164_cycle_1",NA,NA,NA,"TP (CELIAC): (t0-12) vs t0",112.506424055228,NA,NA,NA,NA,NA,NA,7.25970788291577e+48
"virus_comp_6164_cycle_1",NA,NA,NA,"TP (CELIAC): (t0-18) vs t0",-36.1713427366813,NA,NA,NA,NA,NA,NA,1.95427396532006e-16
"virus_comp_6164_cycle_1",NA,NA,NA,"TP (CELIAC): (t0-24) vs t0",111.390794571466,NA,NA,NA,NA,NA,NA,2.37907107709139e+48
"virus_comp_6164_cycle_1",NA,NA,NA,"TP (CELIAC): (t0-30) vs t0",110.741773988724,NA,NA,NA,NA,NA,NA,1.24320102486809e+48
"virus_comp_6164_cycle_1",NA,NA,NA,"TP (CELIAC): (t0-36) vs t0",-9.32053948559162,NA,NA,NA,NA,NA,NA,8.95655780280067e-05
"virus_comp_6164_cycle_1",NA,NA,NA,"TP (CELIAC): (t0-over42) vs t0",-7.01878547622745,NA,NA,NA,NA,NA,NA,0.000894911724652124
"virus_comp_64_cycle_1",NA,NA,NA,"TP (CELIAC): (t0-6) vs t0",-9.22146872917271,NA,NA,NA,NA,NA,NA,9.8893333391811e-05
"virus_comp_64_cycle_1",NA,NA,NA,"TP (CELIAC): (t0-12) vs t0",37.2423120666213,NA,NA,NA,NA,NA,NA,14932434686676728
"virus_comp_64_cycle_1",NA,NA,NA,"TP (CELIAC): (t0-18) vs t0",2.31772279683612,NA,NA,NA,NA,NA,NA,10.1525285920976
"virus_comp_64_cycle_1",NA,NA,NA,"TP (CELIAC): (t0-24) vs t0",-3.51115376280124,NA,NA,NA,NA,NA,NA,0.0298624403804435
"virus_comp_64_cycle_1",NA,NA,NA,"TP (CELIAC): (t0-30) vs t0",6.73966895355078,NA,NA,NA,NA,NA,NA,845.280862299963
"virus_comp_64_cycle_1",NA,NA,NA,"TP (CELIAC): (t0-36) vs t0",1.39641541316243,NA,NA,NA,NA,NA,NA,4.04068977248276
"virus_comp_64_cycle_1",NA,NA,NA,"TP (CELIAC): (t0-over42) vs t0",-1.10424107598514,NA,NA,NA,NA,NA,NA,0.331462341541679
"virus_comp_6559_cycle_1",NA,NA,NA,"TP (CELIAC): (t0-6) vs t0",-38.7647724919733,NA,NA,NA,NA,NA,NA,1.46107737099388e-17
"virus_comp_6559_cycle_1",NA,NA,NA,"TP (CELIAC): (t0-12) vs t0",-10.5570031607499,NA,NA,NA,NA,NA,NA,2.60106845337853e-05
"virus_comp_6559_cycle_1",NA,NA,NA,"TP (CELIAC): (t0-18) vs t0",-6.6754846349047,NA,NA,NA,NA,NA,NA,0.00126146108960543
"virus_comp_6559_cycle_1",NA,NA,NA,"TP (CELIAC): (t0-24) vs t0",-29.2785063068537,NA,NA,NA,NA,NA,NA,1.9253348527039e-13
"virus_comp_6559_cycle_1",NA,NA,NA,"TP (CELIAC): (t0-30) vs t0",-2.59083819799504,NA,NA,NA,NA,NA,NA,0.074957184784413
"virus_comp_6559_cycle_1",NA,NA,NA,"TP (CELIAC): (t0-36) vs t0",-28.5605658057447,NA,NA,NA,NA,NA,NA,3.94733395597145e-13
"virus_comp_6559_cycle_1",NA,NA,NA,"TP (CELIAC): (t0-over42) vs t0",19.2168063629712,NA,NA,NA,NA,NA,NA,221693501.710109
"virus_comp_808_cycle_4",NA,NA,NA,"TP (CELIAC): (t0-6) vs t0",-137.118448820556,NA,NA,NA,NA,NA,NA,2.81977405411857e-60
"virus_comp_808_cycle_4",NA,NA,NA,"TP (CELIAC): (t0-12) vs t0",291.003411715985,NA,NA,NA,NA,NA,NA,2.40533695250398e+126
"virus_comp_808_cycle_4",NA,NA,NA,"TP (CELIAC): (t0-18) vs t0",291.535851386398,NA,NA,NA,NA,NA,NA,4.0964865575563e+126
"virus_comp_808_cycle_4",NA,NA,NA,"TP (CELIAC): (t0-24) vs t0",291.003491915805,NA,NA,NA,NA,NA,NA,2.40552986783037e+126
"virus_comp_808_cycle_4",NA,NA,NA,"TP (CELIAC): (t0-30) vs t0",291.381404170115,NA,NA,NA,NA,NA,NA,3.51023312575007e+126
"virus_comp_808_cycle_4",NA,NA,NA,"TP (CELIAC): (t0-36) vs t0",3.71912890196535,NA,NA,NA,NA,NA,NA,41.228464427411
"virus_comp_808_cycle_4",NA,NA,NA,"TP (CELIAC): (t0-over42) vs t0",-52.6115499755576,NA,NA,NA,NA,NA,NA,1.41610077752207e-23
"virus_comp_809_cycle_1",NA,NA,NA,"TP (CELIAC): (t0-6) vs t0",-14.0599343669529,NA,NA,NA,NA,NA,NA,7.83155655513719e-07
"virus_comp_809_cycle_1",NA,NA,NA,"TP (CELIAC): (t0-12) vs t0",87.325882006874,NA,NA,NA,NA,NA,NA,8.41683246856236e+37
"virus_comp_809_cycle_1",NA,NA,NA,"TP (CELIAC): (t0-18) vs t0",87.8412488796031,NA,NA,NA,NA,NA,NA,1.40919038695576e+38
"virus_comp_809_cycle_1",NA,NA,NA,"TP (CELIAC): (t0-24) vs t0",87.3259351027553,NA,NA,NA,NA,NA,NA,8.41727937956388e+37
"virus_comp_809_cycle_1",NA,NA,NA,"TP (CELIAC): (t0-30) vs t0",87.7055004858346,NA,NA,NA,NA,NA,NA,1.23031096199341e+38
"virus_comp_809_cycle_1",NA,NA,NA,"TP (CELIAC): (t0-36) vs t0",-5.44347866176022,NA,NA,NA,NA,NA,NA,0.00432441390204051
"virus_comp_809_cycle_1",NA,NA,NA,"TP (CELIAC): (t0-over42) vs t0",-12.3065454284973,NA,NA,NA,NA,NA,NA,4.52204863713554e-06
"virus_comp_8200_cycle_1",NA,NA,NA,"TP (CELIAC): (t0-6) vs t0",-19.4962061211658,8799.5951412219,-0.00221557989978827,0.99999999944901,-23147.6088973196,23108.6164850772,1,3.41118492331828e-09
"virus_comp_8200_cycle_1",NA,NA,NA,"TP (CELIAC): (t0-12) vs t0",3.48296787485105,1.58418178544264,2.19859103725136,0.144668554958051,-0.680761736460768,7.64669748616286,0.578674219832203,32.5562015673948
"virus_comp_8200_cycle_1",NA,NA,NA,"TP (CELIAC): (t0-18) vs t0",5.230084146701,2.51375609925913,2.08058536317125,0.186278133323865,-1.37686008298312,11.8370283763851,0.496741688863641,186.808522179683
"virus_comp_8200_cycle_1",NA,NA,NA,"TP (CELIAC): (t0-24) vs t0",2.79778549528058,1.48179402498204,1.88810688132887,0.270912177823815,-1.09683677369009,6.69240776425125,0.804481895847843,16.4082703159949
"virus_comp_8200_cycle_1",NA,NA,NA,"TP (CELIAC): (t0-30) vs t0",1.03003274500328,1.55980223578605,0.660361115897617,0.940176511448892,-3.0696197169887,5.12968520699526,1,2.80115755711073
"virus_comp_8200_cycle_1",NA,NA,NA,"TP (CELIAC): (t0-36) vs t0",0.0851931237887764,1.44882619131989,0.0588014796386067,0.99997466605053,-3.72277927551335,3.8931655230909,0.999999999886977,1.08892734416736
"virus_comp_8200_cycle_1",NA,NA,NA,"TP (CELIAC): (t0-over42) vs t0",-0.72415774727834,1.36375685650774,-0.53100209456159,0.96915130048627,-4.30854109156999,2.86022559701331,0.998763188277087,0.484732664477389
"virus_comp_95_cycle_1",NA,NA,NA,"TP (CELIAC): (t0-6) vs t0",3.20746884983403,NA,NA,NA,NA,NA,NA,24.716445945797
"virus_comp_95_cycle_1",NA,NA,NA,"TP (CELIAC): (t0-12) vs t0",-21.1553518594153,NA,NA,NA,NA,NA,NA,6.49153532493684e-10
"virus_comp_95_cycle_1",NA,NA,NA,"TP (CELIAC): (t0-18) vs t0",4.16356529367213,NA,NA,NA,NA,NA,NA,64.300364095187
"virus_comp_95_cycle_1",NA,NA,NA,"TP (CELIAC): (t0-24) vs t0",0.272762271400039,NA,NA,NA,NA,NA,NA,1.31358793028357
"virus_comp_95_cycle_1",NA,NA,NA,"TP (CELIAC): (t0-30) vs t0",-18.4174508341873,NA,NA,NA,NA,NA,NA,1.0032351315441e-08
"virus_comp_95_cycle_1",NA,NA,NA,"TP (CELIAC): (t0-36) vs t0",-27.2994081896037,NA,NA,NA,NA,NA,NA,1.39321346787197e-12
"virus_comp_95_cycle_1",NA,NA,NA,"TP (CELIAC): (t0-over42) vs t0",0.139429391939478,NA,NA,NA,NA,NA,NA,1.14961763058105
"virus_comp_99_cycle_1",NA,NA,NA,"TP (CELIAC): (t0-6) vs t0",3.60908752575275,5.94127467906195,0.607460136201374,0.953467086295083,-12.0064570648166,19.2246321163221,1,36.9323376280656
"virus_comp_99_cycle_1",NA,NA,NA,"TP (CELIAC): (t0-12) vs t0",4.71518176635244,1.999582701166,2.35808289579766,0.100048393911183,-0.540352528776107,9.97071606148098,0.578674219832203,111.629099744049
"virus_comp_99_cycle_1",NA,NA,NA,"TP (CELIAC): (t0-18) vs t0",6.62759353565235,2.95129546892115,2.24565571473434,0.13016802213833,-1.12934222045713,14.3845292917618,0.496741688863641,755.661508362243
"virus_comp_99_cycle_1",NA,NA,NA,"TP (CELIAC): (t0-24) vs t0",3.53481175263035,1.77473144548043,1.99174458853039,0.222743644609037,-1.12974249207607,8.19936599733678,0.804481895847843,34.2885593755363
"virus_comp_99_cycle_1",NA,NA,NA,"TP (CELIAC): (t0-30) vs t0",1.79881837659936,1.84489043574671,0.975027211234526,0.817828519211413,-3.0501358327802,6.64777258597892,1,6.04250328110171
"virus_comp_99_cycle_1",NA,NA,NA,"TP (CELIAC): (t0-36) vs t0",0.00892275559011324,1.64390998032807,0.00542776410928082,0.999999989636158,-4.31179139875834,4.32963690993857,0.999999999886977,1.00896268203673
"virus_comp_99_cycle_1",NA,NA,NA,"TP (CELIAC): (t0-over42) vs t0",-0.284451250951516,1.46970532102244,-0.193543050353543,0.998763188277087,-4.14730059139752,3.57839808949448,0.998763188277087,0.752427034671941
