"","term","estimate","conf.low","conf.high","p.value","comparison"
"1","Dx Status: Case",0.900358987338854,0.0547649385527434,14.802286417269,0.941425281860543,"Dx Status: Case"
"2","Country: USA",56839908.0383646,2.93576536084452e-227,1.10048820280378e+242,0.948275304512205,"Country: USA"
"3","Sex:Male",3.22507673315757,0.196147179898538,53.027119432125,0.412387418427937,"Sex:Male"
"4","Delivery Mode: Vaginal",94555599.2527196,2.57982948043496e-208,3.46564043005392e+223,0.942190483699299,"Delivery Mode: Vaginal"
