,02_GEMM_006_12M,02_GEMM_006_18M,02_GEMM_006_24M,02_GEMM_006_30M,02_GEMM_006_36M,02_GEMM_006_48M,02_GEMM_010_12M,02_GEMM_010_18M,02_GEMM_010_24M,02_GEMM_010_30M,02_GEMM_013_12M,02_GEMM_013_18M,02_GEMM_013_24M,02_GEMM_019_12M,02_GEMM_019_18M,02_GEMM_019_24M,02_GEMM_019_30M,02_GEMM_019_36M,02_GEMM_019_48M,02_GEMM_020_12M,02_GEMM_020_18M,02_GEMM_020_24M,02_GEMM_020_30M,02_GEMM_021_12M,02_GEMM_021_18M,02_GEMM_021_24M,02_GEMM_021_30M,02_GEMM_021_36M,02_GEMM_021_48M,02_GEMM_021_60M,02_GEMM_024_12M,02_GEMM_024_18M,02_GEMM_027_12M,02_GEMM_027_18M,02_GEMM_030_12M,02_GEMM_030_18M,02_GEMM_030_24M,02_GEMM_031_12M,02_GEMM_031_18M,02_GEMM_031_24M,02_GEMM_034_12M,02_GEMM_034_18M,02_GEMM_035_12M,02_GEMM_038_12M,02_GEMM_038_18M,02_GEMM_038_24M,02_GEMM_038_30M,02_GEMM_038_36M,02_GEMM_041_12M,02_GEMM_045_12M,02_GEMM_045_18M,02_GEMM_045_24M,02_GEMM_045_30M,02_GEMM_045_36M,02_GEMM_047_12M,02_GEMM_047_18M,02_GEMM_047_24M,02_GEMM_047_30M,02_GEMM_050_12M,02_GEMM_050_18M,02_GEMM_050_24M,02_GEMM_050_30M,02_GEMM_050_36M,02_GEMM_050_48M,02_GEMM_058_12M,02_GEMM_058_18M,02_GEMM_070_12M,02_GEMM_070_18M,02_GEMM_070_24M,02_GEMM_070_30M,02_GEMM_077_18M,02_GEMM_090_12M,02_GEMM_090_18M,02_GEMM_090_24M,02_GEMM_090_30M,02_GEMM_101_12M,02_GEMM_101_18M,02_GEMM_115_12M,02_GEMM_115_18M,02_GEMM_115_24M,02_GEMM_115_30M,02_GEMM_115_36M,02_GEMM_115_48M,02_GEMM_120_12M,02_GEMM_120_18M,02_GEMM_134_12M,02_GEMM_134_18M,02_GEMM_134_30M,02_GEMM_134_36M,02_GEMM_134_48M,02_GEMM_141_12M,02_GEMM_141_18M,02_GEMM_151_12M,02_GEMM_151_18M,02_GEMM_158_12M,02_GEMM_158_18M,02_GEMM_174_12M,02_GEMM_174_18M,02_GEMM_177_12M,02_GEMM_177_18M,02_GEMM_177_24M,02_GEMM_177_30M,02_GEMM_177_36M,02_GEMM_177_48M,02_GEMM_179_18M,02_GEMM_179_24M,02_GEMM_179_30M,02_GEMM_194_12M,02_GEMM_194_18M,02_GEMM_228_12M,02_GEMM_228_30M
1,0,0,0,0,0,0,2922,1593,0,190,0,0,0,0,729,356,0,4321,2053,0,74,0,23,0,0,13426,43,0,5513,4076,45,528,0,401,0,1100,7,0,122,87787,0,0,0,0,15082,2382,1376,7488,0,0,0,34,3,693,1709,433,125087,19296,0,0,746,169,12599,0,90,0,0,402,0,1281,63,0,45,361,0,0,5792,0,14611,27662,2846,1082,3768,0,0,0,2711,1355,119,621,0,0,121,2594,13,0,0,0,0,3694,0,0,588,211,0,0,589,0,0,0,0
10,0,0,3342,0,0,0,653,1863,0,0,73,36,0,0,239,596,0,5723,1594,0,2084,0,21,7,0,55,0,0,0,140,0,0,99,1517,0,0,4028,0,0,702,0,0,513,14,0,58,31,25,0,0,0,0,0,20,2028,233,0,45,122,495,62,148,14309,626,0,0,0,378,0,361,0,852,0,95,0,192,2265,970,316,14096,479,70,872,0,0,40,732,3805,108,1231,0,0,0,343,26,0,0,0,0,3713,0,0,246,93,0,0,0,0,0,0,0
100,0,0,0,0,0,0,0,0,0,43,0,0,0,0,0,0,793,0,0,0,0,0,0,0,0,0,0,0,467,426,0,0,0,0,0,0,0,0,0,0,0,0,0,0,0,0,0,0,0,0,0,0,0,121,0,0,0,0,0,0,0,0,0,0,0,0,0,0,0,0,0,0,0,0,0,0,0,0,0,0,0,0,0,0,0,0,0,0,0,0,0,0,0,0,0,0,0,0,0,0,0,0,0,0,0,0,296,0,0,0,0
10045,0,0,0,0,0,0,0,0,0,0,0,0,0,0,0,0,0,0,0,0,0,0,0,0,0,0,0,0,0,6,0,0,0,0,0,0,0,0,0,0,0,0,0,0,0,0,0,0,0,0,0,0,0,0,0,0,0,0,0,0,31,0,0,0,0,0,0,0,0,27,0,0,0,0,0,0,0,4,57,67,0,0,0,0,0,0,0,0,0,0,0,0,0,0,0,0,0,0,0,0,0,0,0,0,0,0,0,0,0,0,0
1005,0,0,0,0,0,0,0,0,0,0,0,0,0,0,0,0,0,0,0,0,18,0,0,0,0,0,0,0,0,0,0,0,0,23880,0,0,0,0,0,0,0,0,0,0,56,89,0,0,0,0,0,0,0,0,0,0,0,0,0,0,0,0,0,0,0,0,0,0,0,0,0,0,0,0,0,0,0,0,4848,9652,0,0,0,0,0,0,0,0,0,0,0,0,0,0,0,0,0,0,0,0,0,0,0,0,0,0,0,0,0,0,0
10089,0,0,0,0,0,0,21762,245,0,294,3513,0,0,0,0,0,0,1682,95,0,0,0,0,0,0,0,0,0,3529,2165,122,0,0,1502,0,211,2062,0,0,0,0,0,0,0,0,0,0,0,0,0,0,0,0,0,352,0,0,0,20,32,0,0,0,0,0,0,0,0,0,3984,0,0,1085,96,25,0,744,0,742,24348,13842,0,1222,0,0,0,0,0,0,0,0,0,0,0,0,0,0,0,0,0,0,0,0,0,0,0,0,0,0,0,0
1015,0,0,0,0,0,0,0,0,0,0,0,0,0,0,0,0,0,0,0,0,0,0,0,0,0,0,980,0,0,0,0,0,0,0,0,0,0,0,2690,524,0,0,0,0,0,0,0,0,0,0,0,0,0,0,0,0,0,0,0,0,0,0,0,0,0,0,66557,65385,17147,0,0,0,0,960,0,0,0,0,0,0,0,0,0,0,0,0,0,821,0,0,0,0,0,0,0,0,0,0,0,2904,0,0,0,0,0,0,0,0,0,0,0
10156,0,0,0,0,0,0,0,0,0,0,0,0,4,0,0,0,557,77,78,0,0,0,0,0,0,0,0,0,10,334,0,0,0,0,0,38,0,0,0,0,0,0,0,0,0,0,0,0,0,0,0,0,0,0,36,0,0,0,0,0,0,0,0,0,0,0,0,0,0,0,29,0,0,0,0,0,0,0,0,0,0,4,137,0,0,0,0,0,0,0,0,0,0,0,0,0,0,0,0,87,0,0,0,0,0,0,0,0,0,0,0
10250,0,126,139,0,0,0,0,0,0,56,0,0,0,39,0,0,0,0,0,0,0,0,60,0,0,0,0,0,0,0,0,0,817,3,0,0,0,0,0,0,0,0,0,0,0,0,54,0,0,0,0,0,0,0,0,0,0,0,0,0,0,0,0,0,0,0,0,38,0,0,0,0,0,0,0,0,0,0,0,275,0,0,10,0,0,0,0,0,0,0,0,0,0,0,0,0,0,0,0,0,0,0,0,0,0,0,0,0,0,0,0
10285,0,0,0,0,0,0,21546,0,0,0,1563,0,0,0,0,0,0,73530,1103,0,0,0,0,0,0,10795,3223,0,0,0,0,0,149,659,0,0,0,0,0,0,0,0,0,0,402,0,0,0,0,0,0,0,0,0,0,0,0,0,0,0,0,0,0,0,200,0,0,608,0,512,0,0,210,2954,21,0,0,0,0,832,0,0,0,0,0,0,183,0,0,0,0,0,0,0,0,0,0,0,0,0,0,0,0,0,0,0,0,0,0,0,0
1033,0,0,0,0,0,0,0,0,0,0,393,0,0,0,0,0,0,0,0,0,0,0,0,0,0,0,0,0,6852,1806,0,0,0,10556,0,0,0,0,0,0,0,0,0,0,0,0,35,81,0,0,0,45,13,0,0,0,0,0,0,0,0,0,0,0,0,0,0,0,0,0,0,0,0,0,0,0,0,0,33,51,0,0,8,0,0,0,40,0,0,0,0,0,0,0,0,0,0,0,0,0,0,0,0,0,0,0,0,0,0,0,0
1035,0,0,0,0,0,0,0,0,0,0,0,0,0,0,0,0,0,0,0,0,0,0,0,0,0,0,0,0,245,0,0,0,0,0,0,20,0,0,0,0,0,0,0,0,0,0,0,0,0,0,0,0,0,0,0,0,0,0,0,0,0,0,0,0,0,0,0,0,0,0,0,0,0,0,0,0,0,0,9,14,0,0,2,0,0,0,0,0,0,0,0,0,0,0,0,0,0,0,0,10,0,0,0,0,0,0,0,0,0,0,0
10356,0,0,0,0,0,0,0,0,0,0,0,0,0,0,0,0,0,0,0,0,0,0,0,0,0,0,0,0,0,0,0,0,0,2689,0,0,0,0,0,0,0,0,0,0,3892,1559,696,3096,0,0,0,0,0,0,0,0,0,0,0,0,0,0,0,0,0,0,0,210,0,0,0,0,0,0,0,0,0,0,0,0,0,0,0,0,0,0,0,0,0,0,0,0,0,0,0,0,0,0,0,0,0,0,0,0,0,0,0,0,0,0,0
10359,0,0,0,0,0,0,0,0,0,0,0,0,0,0,0,0,0,0,81,0,0,0,0,0,0,0,93,0,54,1926,0,0,0,0,0,136,0,0,49,260,0,0,0,0,0,0,0,0,0,0,0,671,1071,14414,0,0,105,0,0,0,0,0,0,0,0,0,0,168,0,0,109,0,0,55,0,0,0,0,32,781,0,0,39,0,0,0,70,222,0,0,0,0,0,0,0,0,0,0,0,170,0,0,7325,498,0,0,12391,0,0,0,0
104,0,0,518,0,0,0,517,1354,0,0,0,0,0,0,0,0,0,0,0,0,0,0,0,0,0,0,0,0,0,0,0,0,0,309,0,0,0,0,0,0,0,21,0,0,0,0,0,0,0,0,0,0,0,0,40640,0,451,118,0,0,35,0,0,0,0,0,0,0,0,0,0,0,0,0,0,0,0,0,329,0,0,0,0,0,0,0,0,0,0,0,0,51,0,114,0,50,0,0,0,0,0,0,0,0,0,0,0,0,0,0,0
1040,0,0,0,0,0,0,3374,0,0,0,0,0,0,25,0,0,0,3544,506,0,0,0,0,0,0,0,0,0,0,0,0,0,329,84,0,0,0,0,0,0,0,0,0,0,0,0,0,0,0,0,0,0,0,0,0,50,0,0,0,0,0,0,0,0,0,0,0,0,0,0,0,0,0,0,0,0,0,0,0,0,0,0,0,0,0,0,0,0,0,0,0,0,0,0,0,0,0,0,0,0,0,0,0,0,0,0,0,0,0,0,0
10439,0,0,0,0,0,0,0,0,0,0,0,0,0,0,29,0,1355,4,11,0,0,0,0,0,0,0,0,0,0,0,0,0,0,0,0,0,0,0,0,0,0,0,0,0,0,0,0,0,0,0,0,0,0,0,0,0,0,0,0,0,0,0,0,0,0,0,0,0,0,0,0,0,0,0,0,0,0,0,0,0,0,0,0,0,0,0,0,0,0,0,0,0,0,0,0,0,0,0,0,0,0,0,0,0,0,0,0,0,0,0,0
10457,0,0,0,0,0,0,0,0,0,0,0,0,0,0,0,0,0,0,0,0,0,0,0,0,0,1855,0,0,0,11,0,889,0,556,0,0,0,0,0,0,0,0,0,0,12408,4044,8845,6082,0,0,0,0,0,0,0,0,0,0,0,0,0,0,0,0,0,0,0,0,0,0,0,0,7,0,0,0,0,0,0,0,0,0,0,0,0,0,0,0,0,0,0,0,0,0,0,0,0,0,0,0,0,0,0,0,0,0,0,0,0,0,0
10469,0,0,0,0,0,0,0,0,0,0,0,0,0,0,0,0,0,0,0,0,0,0,0,0,0,0,0,0,0,425,0,0,0,0,0,0,0,0,6,14835,0,0,0,0,0,0,0,0,0,0,0,0,0,0,0,0,0,0,0,0,0,0,0,0,0,0,0,0,0,0,0,0,0,31,0,0,0,0,0,0,0,0,134,0,0,0,0,181,42,240,0,0,0,0,0,0,0,0,0,0,0,0,0,0,0,0,0,0,0,0,0
10512,0,0,0,0,0,0,1192,217,0,0,0,0,0,0,0,0,0,0,0,0,0,0,0,0,0,0,0,0,0,0,0,0,0,0,0,0,0,0,0,0,0,0,0,0,0,0,0,0,0,0,0,0,0,0,0,0,0,0,0,0,0,0,0,0,0,0,0,0,0,0,0,0,0,70,0,0,56,0,0,0,0,0,0,0,0,0,0,0,0,0,0,0,0,12,0,0,0,0,0,0,0,0,0,0,0,0,0,0,0,0,0
10528,0,0,25,0,0,0,0,100,0,0,0,0,0,0,0,0,0,14,0,7,0,0,0,0,4,0,0,0,0,0,0,0,0,0,0,56,0,0,401,139,0,0,0,0,357,0,14,20,0,0,0,0,0,18,0,0,0,0,0,0,0,0,0,0,0,0,0,68,0,130,0,0,0,53,0,0,73,0,274,125,12,0,0,0,0,0,0,0,0,0,0,0,0,12,0,0,0,0,0,56,0,0,82,0,0,0,0,0,0,0,0
1067,0,0,380,0,0,0,809,1828,0,22,0,54,0,0,45,575,63,0,41,0,0,0,0,0,4,0,0,0,56,139,0,0,0,145,0,57,1079,0,893,1155,50,0,0,0,0,0,0,92,0,0,0,0,396747,0,49,43,0,0,0,0,0,0,340,0,0,0,0,0,0,411,0,442,244,421,0,61007,194,0,342,695,1053,0,584,0,0,0,0,11279,0,0,9,0,0,4032,0,0,0,0,0,9036,0,0,0,472,2997,3566,26,0,0,0,0
1068,0,0,0,0,0,0,0,0,0,0,0,0,0,0,0,0,0,0,0,0,0,0,0,0,0,0,0,0,0,0,0,0,0,0,0,0,0,0,0,0,0,0,0,0,370,0,0,0,0,0,0,0,0,0,0,0,0,0,0,0,0,0,509,0,0,0,0,0,0,92241,0,0,0,0,0,0,0,0,0,1030,0,0,0,0,0,0,0,0,0,0,0,0,0,0,0,0,0,0,0,0,0,0,0,0,0,0,0,0,0,0,0
107,0,0,0,0,0,0,0,0,0,33,0,0,0,0,20,0,7,21,29,0,0,0,0,0,0,0,0,0,847,390,0,0,0,0,0,0,0,0,0,0,0,0,0,0,0,0,0,0,0,0,0,0,0,0,0,0,0,0,0,0,0,0,0,0,0,0,0,0,0,0,0,0,0,0,0,0,0,0,0,0,0,0,0,0,0,0,0,0,0,0,0,0,0,0,0,0,0,0,0,0,0,0,0,0,0,0,0,0,0,0,0
1071,0,0,0,0,0,0,717,0,0,0,0,0,0,0,0,0,0,0,0,0,0,0,0,0,0,0,0,0,0,0,0,0,0,0,0,0,0,0,0,0,0,0,0,0,0,0,0,0,0,0,0,0,0,0,0,0,0,0,0,0,0,57,0,0,20,0,0,0,0,0,0,0,0,0,0,0,0,0,28,0,0,0,0,0,0,0,0,0,0,0,0,0,39,0,0,0,0,0,0,0,0,0,0,0,0,0,0,0,0,0,0
10714,0,0,756,0,0,0,0,0,0,0,0,0,0,0,0,0,0,0,0,0,0,0,0,0,0,0,189,0,0,0,0,0,0,0,0,0,0,0,0,0,0,0,0,0,0,0,0,0,0,0,0,9,6,127,0,0,0,13,0,0,400,0,0,0,0,0,0,73,0,3,0,0,0,17,0,0,0,0,31,2024,1131,0,307,0,0,0,18,37,9,0,0,0,0,0,0,0,0,0,0,0,0,0,0,0,0,0,2008,0,0,0,0
10740,0,0,0,0,0,0,0,0,0,0,0,0,0,0,0,20,0,0,0,0,0,0,0,0,0,0,0,0,0,0,0,0,0,0,0,0,0,0,0,52,0,0,0,0,0,0,0,8,0,0,0,0,0,0,0,0,0,0,0,0,0,0,0,0,0,0,0,0,0,0,0,0,0,0,0,0,6,0,10,0,0,0,0,0,0,0,0,0,0,0,0,0,30,0,0,0,0,0,0,0,0,0,0,0,0,0,0,0,0,0,0
1075,0,0,0,0,0,0,626,0,0,0,0,0,0,0,0,0,0,615,413,0,0,0,0,0,0,0,0,0,4,1939,0,0,0,0,0,0,0,0,0,41777,0,0,0,0,0,0,0,0,0,0,0,148,44,126,4,47,0,0,0,0,0,0,0,0,0,0,0,0,0,0,0,0,0,25,0,0,0,0,0,0,0,0,13483,0,0,0,10,0,0,0,0,0,0,0,0,0,0,0,0,62,0,0,0,0,0,0,0,0,0,0,0
1083,0,0,0,0,0,0,0,0,0,0,0,0,0,0,0,0,0,0,0,0,0,0,0,0,0,0,0,0,0,0,0,0,0,0,0,0,0,0,0,0,0,0,0,0,0,0,0,0,0,0,0,0,0,0,0,0,0,0,0,0,11,0,0,0,0,0,0,0,0,0,0,0,0,0,0,0,0,2,0,1265,12,0,35,0,0,0,5892,0,0,0,0,0,0,0,0,0,0,0,0,0,0,0,0,0,0,0,0,0,0,0,0
1084,0,0,0,0,0,0,76,169,0,0,0,0,0,0,0,0,0,0,0,0,0,0,0,0,0,0,0,0,0,11,0,0,0,0,0,0,0,0,0,0,0,0,0,0,0,0,0,0,0,0,0,0,0,0,0,0,0,0,4,43,4,0,18,0,0,0,0,0,0,0,0,0,0,0,0,0,214,0,0,0,0,0,0,0,0,0,0,0,0,0,0,0,0,0,0,0,0,0,0,4,0,0,0,0,0,0,0,0,0,0,0
1097,0,0,0,0,0,0,0,0,0,114,0,0,0,0,54,431,4115,3782,1920,0,0,0,0,0,0,0,0,0,8,0,0,0,0,68,0,0,0,0,0,0,0,0,0,0,0,0,0,0,0,0,0,0,0,0,0,0,0,0,0,0,0,0,12526,0,0,0,0,0,0,0,0,0,0,53,0,0,1296,0,0,0,0,0,255,0,0,0,186,0,0,0,0,0,0,0,0,0,0,0,0,83,0,0,0,15,0,0,0,0,0,0,0
10972,0,0,485,0,0,0,0,0,0,0,0,0,0,0,0,0,0,0,0,0,0,0,0,0,0,0,0,0,0,0,0,0,0,0,0,0,0,0,0,0,0,0,0,0,0,0,0,0,0,0,0,0,0,0,0,0,0,0,0,78,8,0,5,0,0,0,0,0,0,0,0,0,0,199,13,0,77,0,14,0,0,0,0,0,0,0,11,0,0,0,0,0,0,0,0,0,0,0,0,15,0,0,0,0,0,0,0,0,0,0,0
10993,0,0,389,0,0,0,0,0,0,0,0,0,0,0,0,0,0,32,0,0,22,0,0,0,0,0,719,0,0,431,0,0,0,0,0,0,0,0,0,163527,0,0,0,0,0,113,0,0,0,0,0,148,311,2150,0,0,17,0,0,0,1523,0,0,0,0,0,0,412,7711,27,13,0,0,0,0,0,0,0,55,814,0,0,0,0,0,0,0,0,0,0,0,0,44,0,0,0,0,0,0,163,0,0,0,0,0,0,0,0,0,0,0
11,0,0,0,0,0,0,435,0,0,0,0,0,0,0,0,0,0,47,75,0,0,0,0,0,0,0,0,0,0,306,15,0,0,9,0,0,7,0,0,0,0,0,0,0,0,0,0,0,0,0,0,0,0,0,57,0,0,0,0,0,0,9,119,0,0,0,0,0,0,0,0,0,0,0,0,0,0,0,0,14,0,0,0,0,0,0,0,0,0,0,0,0,0,0,0,0,0,0,0,0,0,0,0,0,0,0,0,0,0,0,0
1101,0,0,0,0,0,0,0,0,0,0,0,0,0,0,0,0,0,0,0,0,0,0,0,0,0,0,0,0,0,0,0,3607,0,0,0,0,0,0,0,0,0,0,0,0,245927,31880,12205,64457,0,0,0,0,0,0,0,0,0,0,0,0,0,0,0,0,0,0,0,0,0,0,0,0,0,0,0,0,0,0,0,0,0,0,0,0,0,0,0,0,0,0,0,0,0,0,0,0,0,0,0,0,0,0,0,20,0,0,0,0,0,0,0
11011,0,0,0,0,0,0,0,0,0,0,0,0,0,0,0,0,0,0,0,0,0,0,0,0,0,0,0,0,0,0,0,0,0,0,0,0,0,0,0,0,0,593,0,0,0,0,0,0,0,0,0,0,0,0,0,0,49,0,0,0,0,0,0,0,0,0,0,0,0,0,0,22280,30,0,0,0,0,0,0,0,0,0,0,0,0,0,0,0,0,0,0,0,0,0,0,0,0,0,0,0,0,0,0,0,0,0,0,0,0,0,0
111,0,7,0,0,0,0,0,0,0,0,0,0,0,0,0,0,0,413,3008,0,0,0,12,0,0,12,7,0,6,73,0,0,0,12398,0,0,0,0,0,185,0,0,0,0,488,316,6,8,0,0,0,0,0,0,0,0,0,0,174,0,0,0,0,0,0,0,0,0,0,0,0,0,0,118,0,0,0,0,0,0,184,0,141,0,0,0,2000,0,0,0,0,0,0,0,0,0,0,0,0,36,0,0,0,39,0,0,0,0,0,0,0
1110,0,0,916,0,0,0,180,0,0,0,0,0,0,0,133,0,0,0,0,0,0,0,0,0,0,0,0,0,0,0,0,0,0,0,0,0,0,0,0,0,0,0,0,0,0,6,0,0,0,0,0,0,0,0,1215,127,280,0,0,0,19,9,0,0,0,0,0,0,0,0,0,0,0,0,0,0,0,0,0,303,0,0,0,0,0,0,63,0,0,24,0,0,0,0,0,0,0,0,0,0,0,0,0,0,0,40,0,0,0,0,0
11187,0,0,0,0,0,0,3,0,0,0,0,0,0,0,0,0,0,95,0,0,0,0,0,0,0,0,0,0,0,0,0,0,0,0,0,0,64,0,0,0,0,0,0,0,0,6,0,0,0,0,0,0,0,0,1003,124,77,0,0,0,2,0,0,0,0,0,0,0,0,0,0,0,0,0,0,0,0,0,0,90,0,0,0,0,0,0,55,0,0,0,0,0,0,0,0,0,0,0,0,0,0,0,0,0,0,0,0,0,0,0,0
11189,0,0,0,0,0,0,0,0,0,0,0,0,0,0,0,0,0,0,0,0,0,0,0,0,0,0,36,0,6546,1537,0,0,0,0,0,0,0,0,0,0,0,0,0,0,0,0,0,0,0,0,0,0,0,0,0,0,0,0,0,0,0,0,0,0,0,0,0,0,0,0,0,0,0,0,0,0,0,0,10,55,0,0,0,0,0,0,0,0,0,0,0,0,0,0,0,0,0,0,0,0,0,0,0,0,0,0,0,0,0,0,0
112,0,0,0,0,0,0,454,0,0,0,0,0,0,0,0,0,0,6126,64,0,0,0,0,0,0,925,450,0,0,0,0,0,0,0,0,0,0,0,0,0,0,0,0,0,0,0,0,0,0,0,0,0,0,0,0,0,0,0,0,0,23,0,0,0,308,0,0,148,0,93,0,0,31,1934,0,0,0,0,9,230,0,0,0,0,0,0,85,0,0,0,0,0,0,4385,0,0,0,0,0,0,0,0,0,0,0,0,0,0,0,0,0
11221,0,0,0,0,0,0,0,0,0,0,0,0,0,0,0,0,0,0,0,0,0,0,0,0,0,0,0,0,0,0,0,0,0,0,0,0,0,0,0,0,0,0,42868,0,0,0,0,0,0,0,0,0,0,0,0,0,0,0,0,0,0,0,0,0,0,0,0,0,0,0,0,0,0,0,0,0,0,0,0,0,0,0,0,0,0,0,0,496,260,817,0,0,0,0,0,0,0,0,0,0,0,0,0,0,0,0,0,0,0,0,0
11226,0,0,0,0,0,0,0,138,0,0,0,0,0,0,0,0,0,57270,1387,0,0,0,0,0,0,4449,5316,0,0,0,0,0,0,0,0,0,316,0,0,0,0,0,0,0,0,0,0,0,0,0,0,0,0,0,0,0,0,0,0,0,22,0,0,0,81,0,0,276,0,107,0,0,225,3205,24,0,0,8,13,31,0,0,0,0,0,28,0,0,0,0,0,0,0,755,0,0,0,0,0,0,0,0,0,0,0,0,0,0,0,0,0
11233,0,0,0,0,0,0,0,0,0,13048,0,0,0,0,0,0,0,0,0,0,0,0,0,0,0,0,109,0,27,0,0,0,0,0,0,0,0,0,0,0,0,0,0,0,0,0,0,0,0,0,0,0,7,259,0,0,0,0,0,0,0,0,0,0,0,0,0,0,0,0,0,0,0,0,0,0,0,0,0,0,0,0,0,0,0,0,0,0,0,0,0,0,0,0,0,0,0,0,0,0,0,0,0,0,0,0,0,0,0,0,0
11237,0,0,0,0,0,0,0,0,0,0,0,0,0,0,0,0,0,0,0,0,0,0,0,0,0,0,0,0,9,6,0,0,0,0,0,0,0,0,0,20,0,0,0,0,0,0,0,0,0,0,0,0,0,36,0,0,0,0,298,39,33,22,0,0,0,0,0,0,0,18,0,0,0,0,0,0,0,0,0,0,0,0,11,0,0,0,0,0,0,0,0,0,0,0,0,0,0,0,0,0,0,0,0,0,0,0,0,0,0,0,0
1129,0,0,0,0,0,0,0,28,0,0,0,0,0,0,6,25,0,146,446,0,0,0,0,0,0,9,259,0,67,40,0,0,0,56,0,28,35,0,3,133,0,0,0,0,0,6,19,8,0,0,0,0,0,99,4,0,0,14,23,22,138,0,66,0,0,0,0,0,0,99,0,2,0,62,0,7,286,4,278,1944,1742,3,154,0,0,0,59,0,0,0,0,0,62,22,0,0,0,0,5,62,0,0,6,20,0,0,1137,0,0,0,4
11299,0,0,0,0,0,0,0,0,0,0,0,0,0,0,103,0,0,36,0,8,0,0,0,0,0,43,38,0,116,65,0,0,39,83,0,124,0,0,20,64,0,0,0,0,227,30,10,14,0,0,0,0,0,32,0,0,0,0,0,0,0,0,13,0,0,0,0,200,177,127,8,555,0,64,0,0,0,0,236,530,19,21,3,0,0,0,0,0,0,0,0,0,0,0,0,0,0,0,0,68,0,0,285,0,0,0,0,0,0,0,0
113,0,0,0,0,0,0,0,0,0,0,0,0,0,0,0,0,0,0,0,0,66,0,0,0,0,0,0,0,0,0,0,0,0,29216,0,0,0,0,281,0,0,0,0,0,529,125,0,0,0,0,0,0,0,0,0,0,0,0,0,0,0,0,0,0,0,0,0,0,0,232,0,0,0,0,0,0,0,0,11205,9126,130,0,228,0,0,0,0,0,0,0,0,0,0,0,0,0,0,0,0,0,0,0,0,0,0,0,0,0,0,0,0
114,0,0,0,0,0,0,0,0,0,0,0,0,0,0,0,23,49,66,91,0,0,0,124,0,0,5886,29,0,8326,2093,0,599,0,3170,0,0,0,0,8,308,0,0,0,0,39169,11285,2651,12523,0,0,0,0,0,0,0,0,131,0,0,0,0,0,0,0,0,0,0,1162,0,19,0,0,32,103,0,0,287,0,0,0,0,0,0,0,0,0,0,0,0,0,0,0,0,0,0,0,0,0,0,0,0,0,0,0,0,0,0,0,0,0,0
115,0,0,216,0,0,0,522,1063,0,0,4,0,267,6,38,0,0,220,86,0,0,0,0,0,0,0,0,0,47,912,0,0,19,131,0,0,715,0,0,357,0,0,1633,0,397,23,0,24,0,0,0,20,25,770,4350,2180,291,0,0,0,58,32,0,0,0,0,0,0,0,0,0,0,0,0,0,0,2775,17,743,3288,70,2797,524,0,0,16,1135,1347,0,0,0,0,0,0,0,0,0,0,0,2095,0,0,0,0,0,238,0,0,0,0,0
11501,0,0,0,0,0,0,0,0,0,0,0,0,0,0,0,0,0,0,0,0,0,0,0,0,0,0,0,0,0,79,0,0,0,0,0,0,0,0,32,0,0,0,0,0,0,0,0,0,0,0,0,0,0,0,0,0,0,0,0,0,0,0,0,0,0,0,0,0,0,0,0,0,0,0,0,0,0,0,0,0,0,0,0,0,0,0,0,494,24,182,0,0,0,0,0,0,0,0,0,0,0,0,0,0,0,0,0,0,0,0,0
11557,0,0,0,0,0,0,0,0,0,275,0,0,0,0,0,0,0,0,0,0,0,0,0,0,0,0,0,0,0,7,0,0,0,1679,0,0,0,0,0,0,0,0,0,0,0,0,0,0,0,0,0,0,0,0,0,0,0,0,0,0,0,0,0,0,0,0,0,0,0,183,0,0,0,0,0,0,0,0,0,0,0,0,0,0,0,0,0,0,0,0,0,0,0,0,0,0,0,0,0,0,0,0,0,0,0,0,0,0,0,0,0
11589,0,0,0,0,0,0,0,0,0,0,0,0,0,0,46,152,0,0,0,0,0,0,0,0,0,64837,263,0,11815,1149,0,3585,0,16680,0,0,0,0,0,0,0,479,0,0,251879,54297,208501,109300,0,0,0,0,0,0,0,0,2156,197,0,0,0,387,0,0,12396,0,0,0,0,0,0,15741,989,812,0,0,0,0,0,0,0,0,0,0,0,0,0,0,0,0,0,0,0,0,0,0,0,0,0,0,0,0,0,0,0,0,0,0,0,0,0
11591,0,0,0,0,0,0,0,0,0,0,0,0,0,0,0,0,0,0,214,0,0,0,0,0,0,0,0,0,0,0,0,0,0,0,0,0,0,0,0,0,0,0,0,0,0,0,18,0,0,198,1599,30,175,1051,0,0,0,0,0,0,0,0,0,0,0,0,0,0,0,0,0,0,0,0,0,0,0,0,0,7772,0,7,0,0,0,0,0,0,0,0,0,0,0,0,0,0,0,0,0,0,0,0,0,0,0,0,1614,0,0,0,0
116,0,0,0,0,0,0,129,736,0,0,0,0,0,0,0,0,0,217513,4915,0,0,0,0,0,0,36,1504,0,114,1186,0,0,0,0,0,0,0,0,0,36559,0,0,0,0,0,0,15,15,0,0,0,0,0,0,0,113,0,0,0,0,37,0,0,0,0,0,0,222,0,0,66,0,1155,6696,98,0,51,0,1092,1606,5,30,484,0,0,0,66,82,0,0,0,0,0,0,0,0,0,0,0,0,0,0,0,0,0,0,3815,0,0,0,0
11663,0,0,0,0,0,0,0,0,0,0,0,10,0,0,0,0,0,0,0,0,0,0,0,0,0,0,0,0,0,0,0,0,0,0,0,0,7,0,0,204,0,0,0,0,0,0,12,0,0,0,0,0,0,0,0,0,0,0,0,0,0,0,0,0,0,0,0,0,0,0,0,0,0,0,0,0,0,0,0,0,0,0,0,0,0,13,10,0,0,0,0,0,0,0,0,0,0,0,0,36,0,0,0,0,0,0,0,0,0,0,0
1167,0,0,0,0,0,0,0,0,0,0,0,0,0,0,0,0,0,0,0,0,0,0,0,0,0,0,0,0,0,0,0,0,0,0,0,0,0,0,0,0,0,0,0,0,0,0,0,0,0,0,0,0,0,0,0,0,0,0,0,0,0,0,0,0,0,0,0,19,0,5,61,0,13,0,0,0,0,0,0,0,0,0,0,0,0,0,0,0,0,0,0,0,0,0,0,0,0,0,0,0,0,0,0,0,0,0,0,0,0,0,0
11693,0,0,0,0,0,0,0,0,0,0,0,0,0,0,0,0,0,0,0,0,0,2858,0,10,12,0,0,0,0,0,0,0,0,0,0,0,0,0,0,0,0,0,0,0,0,0,0,0,0,0,0,0,0,0,0,0,0,0,0,0,0,0,0,0,0,0,0,0,0,0,0,0,0,0,0,0,0,0,0,0,0,0,0,0,0,0,0,0,0,0,0,0,0,0,0,0,0,6,0,0,0,0,0,0,0,0,0,0,0,0,0
117,0,0,22,0,0,0,129,606,0,0,0,0,0,0,0,0,0,8,246,0,0,0,0,0,16,25,0,0,0,107,0,0,0,303,0,24,0,0,0,0,0,13,0,0,0,0,0,0,0,0,0,0,0,410,819,0,0,9,0,0,41,0,0,0,0,0,0,0,0,49,26,0,0,65,0,13,0,0,104,167,30,0,81,0,0,0,0,353,8,0,0,0,0,66,14,0,0,0,0,0,0,0,45,15,0,0,0,0,0,0,0
118,0,0,0,0,0,0,162,0,0,0,0,0,0,0,0,0,0,0,0,0,0,0,0,0,0,0,0,0,0,15,0,0,0,0,0,0,0,0,0,0,0,0,0,0,0,0,0,0,0,0,0,0,0,0,0,0,0,0,233,32,14,0,0,0,0,0,0,0,0,0,0,0,0,0,0,0,0,0,0,5,0,0,34,0,0,0,0,0,0,0,0,0,0,0,0,0,0,0,0,0,0,0,0,0,0,0,0,0,0,0,0
119,0,0,140,0,0,0,119,38,0,0,0,0,0,0,48,0,212,37,240,0,0,0,0,0,0,0,0,0,0,27,0,0,0,383,0,0,0,0,0,4667,0,0,1249,0,0,0,0,0,0,0,0,0,3,253,63,0,0,0,1651,110,365,0,57,0,0,0,0,142,1608,21,174,0,525,89,35,0,14668,38,0,419,266,2,292,0,0,0,4504,0,0,0,0,0,0,2,0,0,0,0,42,79,0,0,0,0,0,0,0,0,0,0,0
1190,0,0,4,0,0,0,0,0,0,0,0,0,0,0,0,0,0,0,0,0,0,0,0,2,0,0,0,0,14,7,0,0,0,0,0,29,0,0,20,19519,0,0,0,0,0,0,0,0,0,0,0,0,0,19,0,0,0,0,0,0,151,0,0,0,0,0,0,0,0,44,0,0,0,17,0,0,0,7,88,166,5,3,25,0,0,0,0,0,0,0,0,0,0,0,0,0,0,0,0,0,0,0,0,0,0,0,0,0,0,0,0
1197,0,0,0,0,0,0,0,0,0,0,0,0,0,0,0,0,0,0,0,0,0,0,0,0,0,0,0,0,0,0,0,0,0,0,0,0,0,0,0,0,0,359,0,0,0,0,0,0,0,0,0,0,0,0,0,0,0,0,0,0,0,0,0,0,64,0,0,0,0,0,0,34832,61,48,18,0,0,0,0,0,0,0,0,0,0,0,0,0,0,0,0,0,0,0,0,0,0,0,0,0,0,0,0,0,0,0,0,0,0,0,0
1198,0,0,0,0,0,0,0,0,0,0,0,0,0,0,0,0,0,0,0,0,0,0,0,0,0,0,0,0,10513,2866,0,0,0,20,0,0,0,0,0,191,0,0,0,0,0,0,0,0,0,0,0,0,0,12,0,0,0,0,0,0,0,0,0,0,0,0,0,0,0,0,0,0,0,0,0,0,46,0,0,0,0,0,0,0,0,0,0,0,0,0,0,0,0,0,0,0,0,0,0,0,0,0,0,0,0,0,0,0,0,0,0
12,0,0,1015,7040,0,0,0,96,0,40,0,0,0,0,579,1472,0,17452,8375,0,165,0,53,0,0,0,0,0,0,251,0,0,0,1432,0,0,8,0,0,1640,0,0,2370,0,0,314,88,0,0,759,5819,0,0,0,3,0,0,77,1874,378,956,107,1239,0,0,0,0,336,3990,505,95579,0,10,36,0,91,372,374,146,11423,1532,46,1065,0,0,42,16232,0,0,0,0,0,23,116,0,0,0,0,48,876,0,0,0,203,0,0,0,0,0,0,32
120,0,0,0,0,0,0,0,53,0,0,0,0,0,0,11,0,0,0,26,0,0,0,0,0,3,0,0,0,243,176,0,0,0,0,3,0,6,0,0,0,0,0,0,0,361,0,0,0,0,0,0,0,0,0,24,31,0,0,0,0,5,11,186,0,0,0,0,0,0,9737,0,0,0,7,0,0,0,0,0,368,0,0,0,0,0,0,57,0,0,0,0,0,0,0,0,0,0,0,0,8,0,0,44,0,0,0,0,0,0,0,0
1202,0,0,0,0,0,0,0,0,0,0,0,0,0,0,0,0,0,0,0,0,0,0,0,0,0,0,0,0,0,0,0,0,0,0,0,0,0,0,0,0,0,0,0,0,0,0,0,0,0,0,0,0,0,0,0,0,0,0,0,0,0,0,0,0,0,0,0,0,0,0,0,0,0,0,0,0,0,3,6,0,0,0,0,0,0,0,0,311,0,0,0,0,0,3,0,0,0,0,0,557,0,0,0,0,0,0,0,0,0,0,0
12032,0,0,0,0,0,0,0,0,0,0,0,0,0,0,187,0,303,80,129,0,0,0,0,0,0,0,0,0,0,0,0,0,0,0,0,0,0,0,0,0,0,0,0,0,0,0,0,0,0,0,0,0,0,0,0,0,0,0,0,0,0,0,0,0,0,0,0,0,0,0,0,0,0,0,0,0,0,0,0,0,0,0,0,0,0,0,0,0,0,0,0,0,0,0,0,0,0,0,0,0,0,0,0,0,0,0,0,0,0,0,0
1204,0,0,0,0,0,0,835,715,0,0,0,0,0,0,0,12,0,0,0,0,0,0,0,0,0,0,0,0,0,0,0,0,0,0,0,0,0,0,0,220137,0,0,0,0,0,0,0,0,0,0,0,0,0,0,0,0,0,37,0,0,16,0,104,0,0,0,0,0,0,0,0,0,0,0,0,0,0,0,3271,2610,0,0,0,0,0,0,930,0,0,0,6,0,0,75,0,0,0,0,0,0,0,0,0,0,0,0,0,0,0,0,0
1206,0,0,0,0,0,0,0,0,0,0,0,0,0,0,121,0,0,0,57,0,0,0,0,0,0,0,0,0,0,0,0,0,0,0,0,0,0,0,0,0,0,0,0,0,0,0,0,0,0,0,0,0,0,0,0,0,0,0,0,0,0,0,0,0,0,0,0,0,0,0,0,0,83,0,0,0,0,0,0,387,0,0,0,0,0,0,0,0,0,0,0,0,0,0,0,0,0,0,0,47,0,12,0,0,0,0,0,0,0,0,0
121,0,0,0,0,0,0,804,0,0,0,0,0,0,0,0,0,0,0,0,0,0,0,0,0,0,0,0,0,0,0,0,0,0,0,0,0,0,0,0,0,0,0,0,0,0,0,0,0,0,0,0,0,0,0,0,0,0,0,0,0,28,0,0,0,0,0,0,0,0,0,0,0,0,0,0,0,12,0,0,3959,0,5,0,0,0,0,0,0,0,0,0,0,0,0,0,0,0,0,0,0,0,0,0,0,0,0,0,0,0,0,0
1211,0,0,0,0,0,0,0,0,0,0,0,0,0,0,0,0,0,0,0,0,0,0,0,0,0,0,0,0,2426,1326,0,0,0,0,0,0,0,0,0,0,0,0,0,0,0,0,0,0,0,0,0,0,0,0,0,0,0,0,0,0,0,0,0,0,0,0,0,0,0,0,0,0,0,0,0,0,0,0,23,131,0,0,0,0,0,0,0,0,0,0,0,0,0,0,0,0,0,0,0,0,0,0,0,0,0,0,0,0,0,0,0
1218,0,0,215,0,0,0,98,43,0,0,0,0,132,10,44,0,0,274,26,0,0,0,0,0,0,0,0,0,13,52,0,0,0,0,0,0,2014,0,153,3271,0,0,0,0,0,0,0,0,0,0,0,0,17,618,1739,421,209,0,0,0,36,0,0,0,0,0,0,0,0,0,0,0,0,0,0,0,0,0,29,4307,0,0,0,0,0,0,130,0,0,0,0,0,0,0,0,0,0,0,0,0,0,0,0,0,0,969,0,0,0,0,0
12184,0,0,0,0,0,0,0,0,0,82,0,0,0,0,0,0,0,13143,253,0,0,0,0,0,0,11092,1867,0,0,0,0,0,0,0,0,0,0,0,0,0,0,0,0,0,0,0,0,0,0,0,0,0,0,0,0,0,0,0,0,0,0,0,0,0,45,0,0,0,0,0,0,0,59,746,35,0,0,0,0,0,0,0,0,0,0,0,0,0,0,0,0,0,0,0,0,0,0,0,0,0,0,0,0,0,0,0,0,0,0,0,0
122,0,0,0,0,0,0,0,396,0,0,0,0,0,0,0,0,0,0,0,0,0,0,0,0,0,0,0,0,0,109,0,6,0,0,0,0,0,0,0,0,0,0,0,0,0,0,0,0,0,0,0,0,0,0,0,0,0,0,97,25,16,0,0,0,0,0,0,0,0,0,0,0,0,0,0,0,0,0,0,0,0,0,0,0,0,0,0,0,0,0,0,0,0,0,0,0,0,0,0,0,0,0,0,0,0,0,0,0,0,0,0
1220,0,0,0,0,0,0,0,0,0,0,0,0,0,0,0,319,0,0,0,0,0,0,0,0,0,0,0,0,0,0,0,0,0,39,0,6,0,0,166,3081,0,0,0,0,0,10,0,0,0,0,0,0,0,0,0,0,0,0,0,0,247,0,0,0,0,0,0,0,0,0,65763,0,0,0,0,0,16,0,0,345,431,0,87,0,0,0,30,0,0,0,0,0,42,0,0,0,0,15,0,184,0,0,0,0,0,0,0,0,0,0,11
12241,0,0,0,0,0,0,0,0,0,0,0,0,0,0,0,0,0,0,0,0,0,0,0,0,0,0,0,0,863,783,0,0,0,632,0,0,0,0,0,0,0,0,0,0,0,0,0,0,0,0,0,0,0,0,0,0,0,0,0,0,0,0,0,0,0,0,0,0,0,61641,0,0,767,232,0,0,0,0,0,4772,0,0,0,0,0,0,0,0,0,0,0,0,0,0,0,0,0,0,0,0,0,0,0,0,0,0,0,0,0,0,0
1225,0,0,0,0,0,0,0,0,0,0,0,0,0,0,0,0,0,0,0,0,0,0,0,0,0,0,0,0,0,0,0,0,0,0,0,0,0,0,0,0,0,0,0,0,0,0,0,0,0,0,0,0,0,0,0,0,0,0,224,0,23,0,0,0,0,0,0,0,0,0,0,0,0,0,0,0,0,12,0,0,42,0,21,0,0,0,7255,0,0,0,0,0,0,0,0,0,0,0,30,0,0,0,0,0,0,0,0,0,0,0,0
123,0,0,0,0,0,0,292,553,0,0,0,0,0,0,0,0,0,0,0,0,0,0,0,0,0,0,0,0,0,0,0,0,0,32,0,0,0,0,0,225,0,5,0,0,0,0,0,0,0,0,0,0,0,38,6,75,0,0,0,0,17,0,0,0,0,0,0,0,0,0,0,16,6,112,4,3,0,0,134,48,0,0,0,0,0,0,0,0,0,0,0,0,0,34,6,0,0,0,0,0,0,0,0,8,0,0,0,0,0,0,0
12312,0,0,0,0,0,0,0,0,0,0,0,0,0,0,0,0,0,0,0,0,0,0,0,0,0,0,0,0,0,55,0,0,0,0,0,0,0,0,0,0,0,0,0,0,272,0,0,0,0,0,0,0,0,0,469,0,0,0,0,0,0,0,0,0,0,0,0,0,0,478,0,0,963,398,0,0,0,0,0,1249,0,0,0,0,0,0,0,0,0,0,0,0,0,0,0,0,0,0,0,0,0,0,0,0,0,0,0,0,0,0,0
1238,0,0,0,0,0,0,0,0,0,96,0,0,0,0,0,140,0,80,119,0,0,0,6780,0,0,0,0,0,0,3685,0,0,0,58,0,0,0,0,97,1007,0,0,0,0,0,0,0,0,0,0,0,0,0,0,0,0,0,0,0,0,0,0,141,0,0,0,0,0,0,0,112,0,0,21,2,0,28,0,36,0,0,0,0,0,0,0,0,0,0,0,0,0,88,0,0,0,0,0,0,0,0,0,0,0,0,0,0,0,0,0,0
124,0,0,166,0,0,0,1267,166,0,49,15,0,247,0,60,0,16,193,0,0,0,0,0,0,0,0,0,0,0,0,0,0,0,849,0,0,931,0,122,1769,0,79,0,0,0,0,38,16,0,0,0,0,18,607,3600,1102,0,0,0,0,0,15,0,0,842,0,0,0,0,0,0,1668,58,42,0,0,0,5,18,3621,63,0,0,0,0,0,322,2516,0,0,0,0,0,49,16,0,0,0,0,0,0,0,0,0,0,169,0,0,0,0,0
12438,0,0,0,0,0,0,0,0,0,0,0,0,0,0,0,0,0,0,0,0,0,0,0,0,0,0,0,0,31,94,0,0,0,0,0,0,0,0,0,464,0,0,51116,0,0,0,0,0,0,0,0,0,0,392,0,0,0,0,83,0,17,0,0,0,0,0,0,0,0,0,0,0,0,34,0,0,0,0,0,126,317,0,76,0,0,0,0,0,0,0,0,0,0,0,0,0,0,0,0,0,0,0,0,0,0,0,0,0,0,0,0
1249,0,0,0,0,0,0,0,219,0,0,320,0,0,0,15,0,0,0,0,0,0,0,0,0,0,0,0,0,0,0,0,0,0,49,0,0,0,0,0,0,0,5,0,0,0,0,0,0,0,0,0,0,0,0,0,0,0,0,15,0,0,0,0,0,0,0,0,0,0,0,0,0,0,0,0,0,0,0,0,30,0,0,0,0,0,0,0,0,0,0,0,0,0,0,0,0,0,0,0,0,0,0,0,0,0,0,0,0,0,0,0
125,0,0,0,0,0,0,0,0,0,0,0,0,0,0,0,0,0,0,0,0,14,10,0,0,0,0,0,0,0,1395,0,0,0,0,0,0,0,0,0,19031,0,0,0,0,0,0,0,0,0,0,0,223,1337,5327,0,0,0,0,0,0,689,0,0,0,0,0,0,95,0,0,0,0,0,201,0,0,22910,0,0,0,0,0,3276,0,0,0,47,0,0,0,0,0,0,0,0,0,0,0,0,0,0,0,0,0,0,0,0,0,0,0,0
1252,0,0,0,0,0,0,0,0,0,175,0,0,0,0,0,0,0,0,0,0,0,0,0,0,0,7334,34,0,2002,39,0,1524,0,34619,0,0,0,0,0,0,0,226,0,0,43109,11421,3858,16077,0,0,0,0,0,0,0,0,297,0,0,190,92,0,0,0,1314,0,0,0,0,182,0,4430,247,202,0,0,0,0,0,11613,0,0,0,0,0,0,0,0,0,0,0,0,0,0,0,0,0,0,0,0,0,0,0,0,0,0,0,0,0,0,0
1259,0,0,0,0,0,0,0,0,0,0,0,0,0,0,0,0,0,0,68,0,0,0,0,0,0,0,0,0,0,0,0,0,0,1258,0,0,0,0,0,0,0,0,0,0,240,0,0,0,0,0,0,0,0,0,0,0,0,0,0,12,0,0,0,0,0,0,0,0,0,0,0,0,0,0,0,0,0,0,0,0,0,0,0,0,0,0,0,0,0,0,0,0,0,0,0,0,0,0,0,0,0,40,186,0,0,0,0,0,0,0,0
12622,0,0,0,0,0,0,0,0,0,0,0,0,0,0,0,0,0,0,0,0,0,0,0,0,0,6666,57,0,9567,522,0,721,0,1050,0,0,0,0,0,0,0,196,0,0,83563,7596,2831,14838,0,0,0,0,0,0,0,0,136,0,0,0,0,0,0,0,558,0,0,0,0,0,0,1515,113,135,0,0,0,0,0,0,0,0,0,0,0,0,0,0,0,0,0,0,0,0,0,0,0,0,0,0,0,0,0,0,0,0,0,0,0,0,0
12688,0,0,0,0,0,0,0,0,0,0,0,0,0,0,0,0,0,0,0,0,0,0,0,0,0,0,0,0,0,96,0,0,0,0,0,0,0,0,0,0,0,0,0,0,0,0,0,0,0,0,0,0,0,0,0,8,0,0,0,0,0,0,0,0,0,0,0,0,0,0,0,0,0,0,0,0,0,0,0,0,0,0,0,0,0,0,0,257,14,104,0,0,0,0,0,0,0,0,3,20,0,0,0,0,0,0,0,0,0,0,0
1271,0,0,0,0,0,0,3102,0,0,0,0,0,0,0,7,73,0,0,0,0,8,0,0,0,0,0,0,0,0,302,0,0,0,0,0,0,0,0,0,0,0,0,0,0,0,0,0,0,0,0,0,673,1381,6057,55461,0,519,392,0,0,0,0,0,0,0,0,0,0,0,0,0,0,0,120,9,0,0,0,4689,3642,0,0,0,0,0,0,0,0,0,0,0,42,0,0,0,28,0,0,0,0,0,0,0,0,0,0,0,0,0,0,0
1272,0,336,0,0,0,0,0,845,0,80,0,0,0,0,0,0,0,0,18,0,0,0,0,0,0,0,0,0,104,0,0,0,0,9390,0,0,0,0,0,312,0,0,0,0,911,0,0,0,0,0,0,0,0,0,17,0,0,0,82,0,0,256,0,0,0,0,0,0,0,408,0,0,279,315,0,0,577,0,0,6863,716,0,1231,0,0,0,0,0,0,0,0,0,0,0,0,0,0,0,0,92,0,0,0,0,0,0,0,0,0,0,0
1278,0,0,0,0,0,0,0,0,0,0,0,0,0,0,0,0,0,0,0,0,0,0,0,0,0,0,0,0,0,0,0,0,0,15,0,0,0,0,0,0,0,0,0,0,0,0,0,0,0,0,0,0,0,0,0,0,0,0,194,0,44,0,19,0,0,0,0,20,0,0,0,0,0,0,0,0,0,10,0,1237,8,0,105,0,0,0,4540,0,0,0,0,0,0,0,0,0,0,0,51,0,0,0,0,0,0,0,0,0,0,0,0
12846,0,0,0,0,0,0,0,0,0,0,0,0,0,0,0,0,1757,0,227,0,0,0,14,0,0,0,0,0,0,0,0,0,0,1134,0,0,0,0,0,0,0,0,0,0,0,0,0,0,0,0,0,0,0,0,0,0,0,0,0,0,0,0,0,0,0,0,0,0,0,0,0,0,0,0,0,0,0,0,0,0,0,0,0,0,0,0,0,0,0,0,0,0,0,0,0,0,0,0,0,0,0,0,0,0,0,0,0,0,0,0,0
129,0,0,0,0,0,0,0,0,0,0,0,0,0,0,0,0,0,0,0,0,0,0,0,0,0,0,0,0,0,17,0,0,0,0,0,0,0,0,343,266,0,0,0,0,0,0,0,0,0,0,0,0,0,874,0,0,0,0,0,0,0,0,106,0,0,0,0,0,0,0,0,0,1558,171,127,0,0,0,0,0,0,0,0,0,0,0,0,0,0,0,0,0,0,0,0,0,0,0,0,0,0,0,0,0,0,0,0,0,0,0,0
1293,0,0,95,0,0,0,2980,408,0,0,0,0,0,0,0,0,0,0,0,0,0,0,0,0,0,0,0,0,0,0,0,0,0,0,0,0,0,0,0,0,0,0,0,0,0,0,0,0,0,0,0,0,0,0,0,0,0,0,0,0,0,0,100,0,0,0,0,0,0,0,0,0,0,0,0,0,0,0,0,0,0,0,0,0,0,81,675,0,0,0,0,0,0,0,0,0,0,0,0,1118,0,0,0,0,0,0,0,0,0,0,0
12931,0,0,0,0,0,0,0,0,0,0,0,0,0,0,0,0,0,124,17,0,0,0,0,0,0,0,0,0,0,0,0,0,0,0,0,0,0,0,0,0,0,0,0,0,0,0,0,0,0,0,0,0,0,0,0,35,0,0,0,0,0,0,0,0,0,0,0,0,0,0,0,0,0,3,0,0,0,0,0,0,0,0,0,0,0,0,0,0,0,0,0,0,0,62,0,0,0,0,0,0,0,0,0,0,0,0,0,0,0,0,0
1295,0,0,0,0,0,0,0,0,0,0,0,0,0,0,0,0,0,0,0,0,0,0,0,0,0,0,0,0,0,0,0,0,0,0,0,0,0,0,0,0,0,0,0,0,0,0,0,0,0,0,0,0,0,0,0,0,0,0,44,0,25,0,12,0,0,0,0,52,0,0,0,0,0,0,0,0,0,18,0,248,7,0,36,0,0,0,1852,0,0,0,0,0,0,0,0,0,0,0,0,0,0,0,0,0,0,0,0,0,0,0,0
130,0,0,0,0,0,0,522,1848,0,50,0,0,0,0,0,0,0,4895,113,0,0,0,21,0,0,0,410,0,0,4325,0,0,0,0,0,26,0,0,272,1288,0,0,0,0,328,0,12,0,0,0,0,362,871,6161,7,0,0,0,0,8,973,0,0,0,39,0,0,0,0,318,0,0,0,194,0,0,0,0,549,332,105,43,17013,0,0,0,0,618,182,180,0,0,9,601,0,0,0,0,0,1328,0,0,273,0,0,0,0,0,0,0,0
13015,0,0,351,0,0,0,155,442,0,0,69,0,184,0,59,0,0,159,0,0,0,0,0,0,0,0,0,0,0,0,0,0,0,0,0,0,1331,0,0,641,0,0,0,0,0,32,0,0,0,0,0,0,0,0,10334,721,1308,0,0,0,230,71,0,0,0,0,0,0,0,0,0,21,0,0,0,0,0,6,41,1468,0,0,0,0,0,0,2757,0,0,0,0,0,0,0,0,0,0,0,0,0,0,0,0,0,0,3739,0,0,0,0,0
1309,0,0,0,0,0,0,0,0,0,0,0,0,0,0,0,0,0,0,187,0,0,0,0,0,0,0,0,0,0,0,0,0,10,0,0,0,0,0,0,0,0,0,0,0,0,20,0,0,0,0,0,0,0,0,0,0,0,0,0,0,0,0,0,0,0,0,0,0,0,0,0,0,0,0,0,0,0,0,130,1525,0,13,0,0,0,0,0,0,0,0,0,0,0,0,0,0,0,0,0,0,0,0,0,0,0,0,0,0,0,0,581
1315,0,0,0,0,0,0,0,0,0,0,0,0,0,0,0,0,0,0,0,0,0,0,0,0,0,0,0,0,0,0,0,0,0,0,0,0,0,0,45,1010,0,0,0,0,26,0,0,0,0,0,0,0,0,0,9,0,0,0,0,0,0,0,0,77,0,0,0,0,0,0,0,0,124,0,0,0,0,0,0,0,0,0,0,0,0,0,0,0,0,0,0,0,0,0,0,0,0,0,0,0,0,0,0,0,0,0,0,0,0,0,0
1317,0,0,0,0,0,0,0,0,0,0,0,0,0,0,0,0,0,0,0,0,0,0,0,0,0,0,0,0,0,0,0,0,0,0,0,0,0,0,0,0,0,0,0,0,0,0,0,0,0,0,0,0,0,0,0,0,0,0,217,0,13,0,25,0,0,0,0,0,0,0,0,0,0,0,0,0,0,5,0,465,41,0,54,0,0,0,5132,0,0,0,0,0,0,0,0,0,0,0,61,0,0,0,0,0,0,0,0,0,0,0,0
132,0,0,0,0,0,0,54,17,0,0,0,9,0,0,0,0,0,0,0,0,14,0,0,0,0,0,0,0,0,2696,0,0,0,71,0,3,5,0,0,0,0,0,0,0,195,0,0,0,0,0,0,70,236,1480,0,0,0,0,0,0,184,0,0,0,0,0,0,0,0,9445,3,0,0,0,0,0,2511,0,134,1104,4,1067,360,0,0,0,215,17,0,0,0,0,0,0,0,0,0,0,0,1195,0,0,0,2,0,0,0,0,0,0,0
13211,0,0,0,0,0,0,0,0,0,0,0,0,0,0,0,0,0,0,0,0,0,0,0,0,0,0,0,0,0,0,0,0,0,0,0,0,0,0,0,0,0,0,0,0,0,508,22650,0,0,0,0,0,0,0,0,0,0,6244,0,0,0,20,0,0,0,0,0,0,0,0,0,0,0,0,0,0,0,0,0,0,0,0,0,0,0,0,0,0,0,0,0,0,0,0,0,0,0,0,0,0,0,0,0,0,0,0,0,0,0,0,0
13246,0,0,0,0,0,0,0,0,0,25,0,0,0,0,0,0,0,0,0,0,0,0,0,0,0,0,0,0,0,0,0,0,0,0,0,0,0,0,79,0,0,0,0,0,0,0,0,111,0,0,0,0,0,0,0,0,0,0,0,0,0,0,0,0,0,0,0,0,0,10,0,0,0,23,0,0,0,0,585,6420,5234,13,1277,0,0,0,0,0,0,24,0,0,0,0,0,0,0,0,4,9,0,0,0,0,0,0,0,0,0,0,0
13289,0,0,0,0,0,0,0,0,0,0,0,0,0,0,1005,1460,72,22,0,0,0,0,0,0,0,0,0,0,0,0,0,0,0,695,0,0,175,0,0,22,0,0,0,0,0,0,0,0,0,0,0,0,0,0,0,0,0,0,88,233,38,0,366,0,0,0,0,81,0,0,135,0,0,0,0,0,338,0,0,0,0,0,4581,0,0,0,24,0,0,0,0,0,0,0,0,0,0,0,0,61,0,0,0,0,0,0,0,0,0,0,0
133,0,0,0,0,0,0,0,0,0,0,0,0,0,0,0,0,0,0,0,0,0,0,0,0,0,0,0,0,0,0,0,0,0,0,0,0,0,0,0,118,0,0,0,0,0,0,0,0,0,0,0,0,0,0,0,0,0,0,522,31,54,0,0,0,0,0,0,0,0,0,0,0,0,0,0,0,0,0,13,122,0,0,0,0,0,0,0,0,0,0,0,25,0,0,0,0,0,0,0,0,0,0,0,0,0,0,0,0,0,0,0
1337,0,0,0,0,0,0,19,0,0,0,0,0,0,0,0,0,0,0,7,0,0,0,0,0,0,0,0,0,0,0,0,0,0,0,0,0,0,0,0,0,0,0,0,0,0,0,0,0,0,0,0,0,0,0,0,0,0,0,0,0,0,0,0,0,0,0,0,0,0,0,0,0,0,6,0,0,0,0,312,173,3,88,2,0,0,0,0,0,0,0,0,0,0,0,0,0,0,0,0,5,0,0,32,0,0,0,0,0,0,0,0
134,0,0,0,0,0,0,9,0,0,0,0,0,0,0,0,2,0,0,0,0,0,0,0,0,0,0,0,0,0,0,0,0,0,0,0,0,0,0,0,0,0,0,0,0,0,0,13,0,0,0,0,0,0,0,0,0,0,0,0,0,0,0,29,0,0,0,0,0,0,0,0,0,0,0,0,0,4,0,0,0,0,0,0,0,0,0,21,62,0,0,0,0,12,5,0,0,0,0,0,245,0,0,0,0,0,0,0,0,0,0,5
13479,0,0,0,0,0,0,0,0,0,0,0,0,0,0,0,0,0,0,0,0,0,0,0,0,0,0,0,0,0,0,0,0,0,0,0,0,0,0,0,0,0,0,0,0,0,0,0,0,0,0,0,0,0,0,0,0,0,0,0,0,0,0,0,0,0,0,0,0,0,0,0,0,0,0,0,0,0,0,543,11522,6164,0,471,0,0,0,0,0,0,0,0,0,0,0,0,0,0,0,0,0,0,0,0,0,0,0,0,0,0,0,0
1348,0,0,0,0,0,0,0,0,0,0,0,0,0,0,0,0,0,0,0,0,0,0,0,0,0,0,0,0,42,48,0,0,0,274,0,0,0,0,0,0,0,0,0,0,463,0,0,0,0,0,0,0,0,0,0,0,0,0,0,0,0,0,0,0,0,0,0,0,0,0,0,0,0,0,0,0,0,0,14,27,0,0,0,0,0,0,49,0,0,0,0,0,0,0,0,0,0,0,0,30,0,0,0,0,0,0,5451,0,0,0,0
135,0,0,68,0,0,0,37,86,0,273,0,0,78,0,5,0,216,112,36,0,0,0,19338,0,0,960,0,0,1888,44714,0,221,0,6519,0,0,400,0,0,270,0,0,0,0,11992,3700,585,4589,0,0,0,0,0,31,2107,205,26,0,0,0,229,4,0,0,4,0,0,122,0,14756,721,573,1548,188,76,145399,0,0,16,2995,10,0,0,0,0,0,90,0,0,0,0,0,0,8634,0,12,0,0,0,0,0,0,0,0,0,270,0,0,0,0,0
13564,0,0,0,0,0,0,846,0,0,0,0,0,0,0,0,0,0,0,0,0,0,0,0,0,0,0,0,0,0,0,0,0,0,0,0,0,0,0,0,0,0,0,0,0,0,202,0,0,0,0,0,0,0,0,0,0,0,0,0,0,0,0,0,0,0,0,0,88,7948,9,46,2783,0,0,0,0,0,0,0,0,0,0,0,0,0,0,0,0,0,0,0,0,0,0,0,0,0,0,0,142,0,0,0,42,0,0,0,0,0,0,0
1357,0,0,0,0,0,0,0,0,0,0,0,0,0,0,0,0,0,0,0,0,0,0,0,0,0,0,0,0,0,0,0,0,0,1465,0,0,458,15,0,0,0,0,0,0,0,0,0,0,0,0,0,0,0,21,0,0,0,0,0,0,0,0,0,0,0,0,0,0,0,0,0,0,0,239,33,0,191,0,0,218,18,0,0,0,0,0,0,0,0,0,0,0,0,0,0,0,0,0,0,0,0,0,0,0,0,0,0,0,0,0,0
1358,0,0,0,0,0,0,0,0,0,0,0,0,0,0,0,0,0,0,0,0,0,0,0,0,0,0,0,0,0,0,0,0,0,0,0,0,0,0,0,0,0,0,0,0,0,0,0,0,0,3725,35002,68,411,408,0,0,0,0,0,0,0,0,0,0,0,0,0,0,0,0,0,0,0,0,0,0,0,0,0,764,0,0,0,0,0,0,0,0,0,0,0,0,0,0,0,0,0,0,0,0,0,0,0,0,0,0,1322,0,0,0,0
13589,0,0,0,0,0,0,0,0,0,0,0,0,0,0,0,0,0,0,0,0,0,0,0,0,0,0,0,0,0,26,0,0,0,30,0,0,0,0,0,0,0,0,0,0,0,0,0,0,0,0,0,0,0,0,0,0,0,0,0,0,0,0,0,0,0,0,0,0,0,0,0,0,0,0,0,0,0,0,0,191,0,0,12,0,0,0,0,0,0,0,0,0,0,0,0,0,0,0,0,0,0,0,0,0,0,0,0,0,0,0,0
1365,0,0,0,0,0,0,0,0,0,0,0,0,0,0,0,0,0,0,0,0,0,0,0,0,0,13,0,0,0,307,0,0,0,991,0,28,0,0,0,0,0,73,0,0,0,0,0,0,0,0,0,0,0,197,0,0,0,0,0,0,0,0,0,0,20,0,0,129,0,0,20,2578,1033,316,50,0,0,0,0,0,0,0,0,0,0,0,0,0,0,0,0,0,0,0,0,0,0,0,0,37,0,0,0,0,0,0,0,0,0,0,0
1368,0,0,0,0,0,0,0,0,0,0,0,0,0,0,0,0,0,0,0,0,0,0,0,0,0,0,0,0,0,0,0,0,0,565,0,0,0,0,0,0,0,74,0,0,0,0,0,0,0,0,0,0,0,0,0,0,0,0,0,0,0,0,0,0,267,0,0,0,0,0,0,972,65,33,0,0,0,0,0,0,0,0,0,0,0,0,0,0,0,0,0,0,0,0,0,0,0,0,0,0,0,0,0,0,0,0,0,0,0,0,0
137,0,0,47,0,0,0,179,127,0,0,0,0,0,0,0,0,0,0,0,0,0,0,0,0,0,0,0,0,0,0,0,0,0,189,0,0,0,0,0,0,0,6,0,0,0,0,9,28,0,0,0,0,0,0,0,265,0,2,0,0,14,6,0,0,0,0,0,0,0,0,0,0,0,30,0,0,0,0,66,100,0,0,0,0,0,0,0,0,0,0,0,0,0,21,6,0,0,0,0,0,0,0,0,0,0,0,0,0,0,0,0
1373,0,0,0,0,0,0,66,798,0,21,0,0,0,0,0,0,0,1128,233670,0,0,0,35,0,0,0,71,0,7,720,0,0,0,27,0,0,0,0,33,539,0,0,0,0,7,7,11,11,0,0,0,713,1473,3452,0,29,0,0,36,31,2,0,22,0,0,0,0,43,0,2131,4,0,0,0,48,0,6537,3,291,2339,0,0,0,0,0,0,316,35,10,87,0,0,0,107,0,0,0,0,0,252,0,0,0,48,0,0,0,0,0,0,0
13742,0,0,0,0,0,0,0,0,0,0,0,0,0,0,16,0,0,347,314,0,0,0,0,0,0,0,209,0,0,342,10,0,92,0,0,0,0,0,0,6,0,0,0,0,62,0,0,0,0,0,0,18,10,191,0,0,0,0,0,0,413,0,0,0,0,0,0,47,0,282,0,0,0,134,0,0,0,0,153,314,2,0,1528,0,0,0,18,0,0,0,0,0,0,0,0,0,0,0,0,0,0,0,0,0,0,0,814,0,0,0,0
1379,0,0,0,0,0,0,0,0,0,0,0,0,0,0,0,0,0,0,0,0,0,0,0,0,0,0,0,0,0,0,0,0,0,17,0,0,0,0,0,0,0,0,0,0,0,0,0,0,0,0,0,0,0,0,6,0,0,0,333,0,15,0,5,0,0,0,0,0,0,0,0,0,0,0,0,0,7,15,0,0,36,0,24,0,0,0,2695,0,0,0,0,0,0,0,0,0,0,0,134,0,0,0,0,0,0,0,0,0,0,0,0
1382,0,0,0,0,0,0,151,31,0,0,0,0,0,0,0,0,0,0,0,0,0,0,0,0,0,0,0,0,0,6,0,0,0,0,0,0,4,0,0,0,0,0,0,0,0,0,0,0,0,0,0,0,0,0,0,0,0,0,0,0,1,0,0,0,0,0,0,0,0,44,0,0,3,1,3,0,0,0,0,274,0,0,0,0,0,0,0,0,0,0,0,0,0,0,0,0,0,0,0,17,0,0,0,0,0,0,0,0,0,0,0
1383,0,0,0,0,0,0,92,0,0,0,0,0,0,0,43,28,0,1819,307,0,0,0,0,0,0,0,6,0,0,0,0,0,0,0,0,0,0,0,0,0,0,0,0,0,0,0,0,0,0,0,0,0,0,0,0,0,0,0,0,0,0,0,15,0,0,0,0,0,0,0,0,0,0,25,0,0,0,0,0,0,0,0,0,0,0,0,0,0,0,0,0,0,0,0,0,0,0,0,0,0,0,0,0,0,0,0,0,0,0,0,0
1389,0,0,0,0,0,0,0,0,0,0,0,0,0,0,0,0,11,945,395,0,0,0,0,0,0,0,0,0,0,0,0,0,0,0,0,0,0,0,0,0,0,0,0,0,0,0,0,0,0,0,0,22,6,7,0,0,0,0,0,0,0,0,0,0,0,0,0,0,0,0,0,0,0,0,0,0,786,0,14,10,0,0,0,0,0,0,0,0,0,0,0,0,0,0,0,0,0,0,0,44,0,0,0,8,0,0,0,0,0,0,0
13893,0,0,15086,0,86494,0,0,0,0,0,0,0,0,0,0,0,0,0,0,0,0,0,0,0,0,0,0,0,0,0,0,0,0,513,0,0,0,0,0,0,0,0,0,0,0,0,0,0,0,0,0,0,0,0,0,0,0,0,0,0,0,0,0,0,0,0,0,0,0,0,0,0,545,621,37,0,0,0,237,3720,26,0,0,0,0,0,0,0,0,0,0,0,0,0,0,0,0,0,0,0,0,0,0,0,0,0,0,0,0,0,0
139,0,0,0,0,0,0,0,0,0,0,0,0,0,0,0,0,0,0,0,0,0,0,0,0,0,0,0,0,3788,1660,0,0,0,559,0,0,0,0,0,0,0,0,0,0,0,0,0,0,0,0,0,0,0,0,0,0,48,0,0,0,0,0,0,0,0,0,0,0,0,0,0,0,0,0,0,0,0,0,0,0,0,0,0,0,0,0,0,0,0,0,0,0,0,0,0,0,0,0,0,0,0,0,0,0,0,0,0,0,0,0,0
13900,0,0,0,0,0,0,2432,0,0,0,702,0,0,6,0,0,0,0,0,0,0,0,0,0,0,0,0,0,0,0,14,0,147,0,0,0,0,0,0,0,0,0,0,0,19,0,0,0,0,0,0,0,0,0,0,0,0,0,0,0,0,0,0,0,0,0,0,0,0,0,0,0,0,0,0,0,0,0,0,0,0,0,0,0,0,0,0,0,0,0,0,0,0,0,0,0,0,0,0,0,0,0,0,0,0,0,0,0,0,0,0
1393,0,0,0,0,0,0,0,0,0,0,0,0,0,0,0,0,0,0,0,0,0,0,0,0,3,0,0,0,0,0,0,0,0,953,0,0,0,0,0,0,0,0,0,0,0,0,0,0,0,0,0,0,0,0,0,0,0,0,1680,0,397,0,47,0,0,0,0,0,0,0,0,0,0,0,0,0,0,17,0,0,403,0,83,0,0,0,12547,0,0,0,0,0,0,0,0,0,0,0,20,0,0,0,0,0,0,0,0,0,0,0,0
13977,0,0,0,0,0,0,0,0,0,90,0,0,0,0,0,0,0,0,0,0,0,0,0,0,0,2887,15,0,1510,1306,0,300,0,2576,0,0,0,0,0,0,0,0,0,0,13754,7995,2257,5852,0,0,0,0,0,0,0,0,30,0,0,0,0,0,0,0,0,0,0,0,0,82,0,0,18,15,0,0,0,0,0,0,0,0,0,0,0,0,0,0,0,0,0,0,0,0,0,0,0,0,0,0,0,0,0,0,0,0,0,0,0,0,0
13983,0,0,0,0,0,0,0,0,0,0,0,0,0,0,0,0,0,0,0,0,0,0,0,0,0,0,0,0,22,77,0,0,0,0,0,0,0,0,0,0,0,0,0,0,0,0,0,0,0,0,0,0,0,161,0,0,0,0,31,0,0,0,0,0,0,0,0,0,0,0,0,0,0,0,0,0,0,0,0,35,0,0,0,0,0,0,0,0,0,0,0,0,0,238,0,0,0,0,0,0,0,0,0,0,27,620,0,0,0,0,0
13989,0,0,0,0,0,0,0,0,0,0,0,0,0,0,0,0,0,14,0,0,0,0,0,0,0,0,0,0,0,0,0,0,0,0,0,0,0,0,0,0,0,0,0,0,0,0,0,0,0,0,0,0,0,7,0,0,0,27,0,0,0,0,0,0,0,0,0,0,0,0,0,0,0,0,0,0,0,0,107,1276,1151,0,225,0,0,0,0,0,0,0,0,0,0,0,0,0,0,0,0,0,0,0,0,0,0,0,0,0,0,0,0
14,0,0,0,0,0,0,0,0,0,0,0,0,0,0,0,0,0,0,0,0,0,0,0,0,0,28,10,0,225,40,0,0,0,0,0,0,0,0,0,0,0,0,0,0,0,0,0,0,0,0,0,0,0,0,0,0,0,0,0,0,0,0,0,0,0,0,0,0,0,0,0,0,0,0,0,0,0,0,18,0,0,0,0,0,0,0,0,0,0,0,0,0,0,0,0,0,0,0,0,0,0,0,0,0,0,154,0,0,0,0,0
140,0,0,0,0,0,0,0,0,0,0,0,0,0,0,0,0,0,0,0,0,0,0,0,0,0,0,0,0,0,0,0,0,17,49,0,0,0,0,0,0,0,0,0,0,0,0,0,0,0,2350,17038,20,520,349,18,0,0,0,0,0,0,8,0,0,0,0,0,0,0,0,20,0,0,0,0,0,0,0,88,7613,5004,4,1048,0,0,5,150,983,0,0,0,0,0,0,0,0,0,0,0,18,0,0,0,0,0,0,27416,0,0,0,0
1405,0,0,0,0,0,0,0,0,0,0,0,0,0,0,0,0,0,0,0,0,0,0,0,0,0,0,0,0,0,0,0,0,0,0,0,0,0,0,0,0,0,0,0,0,0,0,0,0,0,0,0,0,0,0,0,0,0,0,37,0,5,0,0,0,0,0,0,0,0,0,0,0,0,0,0,0,0,2,0,0,0,0,17,0,0,0,624,0,0,0,0,0,0,0,0,0,0,0,0,0,0,0,0,0,0,0,0,0,0,0,0
1407,0,0,0,0,0,0,0,49,0,0,0,0,0,0,0,0,0,0,9,0,0,0,0,0,0,109885,105,0,417,505,0,889,65,257,0,0,304,0,713,718,0,0,0,0,91438,18839,3388,8339,0,0,0,0,0,25,26,0,0,0,46,0,26,87,0,0,0,0,0,0,0,88,0,0,1738,205,129,0,0,0,33601,41517,0,0,568,0,0,16,0,0,0,0,0,0,0,0,0,0,0,0,0,0,0,0,0,0,0,9,0,0,0,0,0
14098,0,0,0,0,0,10387,0,0,0,0,0,0,0,0,66,8025,1747,0,0,0,0,0,1741,0,3527,0,0,0,297,385,0,0,0,0,0,0,0,0,0,0,0,0,0,0,0,0,0,0,0,0,0,0,0,0,0,0,0,0,0,1753,592,178,0,0,0,0,0,0,0,347,0,0,0,0,0,0,0,0,0,0,0,0,0,0,5770,0,0,646,3220,2897,596,0,0,73489,0,1715,0,0,0,0,0,0,0,0,0,0,0,0,0,0,0
141,0,0,0,0,0,0,0,0,0,0,0,0,0,0,0,0,0,143,0,0,0,0,0,0,0,0,4,0,0,5,0,0,0,0,0,0,0,0,0,0,0,0,0,0,0,0,0,0,0,0,0,0,0,0,0,0,0,0,0,0,0,0,0,0,0,0,0,6,0,4,0,0,0,0,0,0,0,0,0,0,0,0,0,0,0,0,0,0,0,0,0,0,0,0,0,0,0,0,0,0,0,0,0,0,0,0,0,0,0,0,0
1415,0,0,0,0,0,0,0,0,0,0,0,0,0,0,0,0,0,0,0,0,0,0,0,0,0,0,0,0,0,0,0,0,0,0,0,0,0,0,0,0,0,0,0,0,0,0,0,0,0,0,0,0,0,0,3,0,0,0,66,0,0,0,12,0,0,0,0,0,0,0,0,0,0,0,0,0,0,14,0,0,12,0,0,0,0,0,1295,0,0,0,0,0,0,0,0,0,0,0,0,0,0,0,0,0,0,0,0,0,0,0,0
1419,0,0,0,0,0,0,925,0,0,0,0,0,0,0,0,0,0,0,0,0,0,0,0,0,0,0,0,0,0,442,0,0,0,0,0,12,0,0,0,28,0,0,0,0,273,117,0,0,0,0,0,0,0,0,9,0,0,0,0,0,0,0,0,0,0,0,0,0,0,12269,0,0,0,0,0,0,0,0,0,0,56,0,0,0,0,0,0,0,0,0,0,0,0,8,0,0,0,0,0,0,0,0,0,0,0,0,0,0,0,0,0
1421,0,0,0,0,0,0,0,0,0,0,0,0,0,0,0,0,0,0,0,0,0,0,0,0,0,0,0,0,0,0,0,0,0,131,0,0,0,0,0,0,0,0,0,0,0,0,0,0,0,0,0,0,0,0,0,0,0,0,1707,0,64,0,0,0,0,0,0,12,0,0,0,0,0,0,0,0,0,47,0,0,69,0,206,0,0,0,19223,0,0,0,0,0,0,0,0,0,0,0,81,0,0,0,0,0,0,0,0,0,0,0,0
1423,0,0,0,0,0,0,0,0,0,492,0,0,0,0,112,1613,2127,131,0,0,0,0,0,0,0,8,41,0,3638,3350,0,0,0,3473,0,0,0,0,251,84,0,0,0,0,0,0,32,70,0,0,0,0,0,0,31,0,0,0,0,353,176,18,13,0,323,0,81,0,0,11019,26,0,527,82,63,0,0,0,69,1171,208,0,89,0,0,0,35,0,0,0,0,0,0,0,0,0,0,0,0,28,0,0,0,0,0,0,0,0,0,0,0
1424,0,0,0,0,0,0,0,0,0,0,0,0,0,0,0,0,0,0,0,0,0,0,0,0,0,0,0,0,0,0,0,0,0,85,0,0,0,0,0,0,0,0,0,0,0,0,0,0,0,0,0,0,0,0,0,0,0,0,688,0,26,0,44,0,0,0,0,8,0,0,0,0,0,0,0,0,0,25,0,0,41,0,106,0,0,0,13420,0,0,0,0,0,0,0,0,0,0,0,105,0,0,0,0,0,0,0,0,0,0,0,0
1428,0,0,0,0,0,0,4,0,0,0,0,0,0,0,0,18,0,0,0,0,0,0,0,0,0,0,0,0,0,0,0,0,0,248,0,0,0,0,0,0,0,0,0,0,0,0,0,0,0,0,0,0,0,0,4,0,0,0,421,0,203,0,18,0,0,0,0,0,0,0,0,0,0,0,0,0,0,28,0,0,48,0,46,0,0,0,4288,0,0,0,0,0,0,0,0,0,0,0,15,0,0,0,0,0,0,0,0,0,0,0,0
1429,0,0,0,0,0,0,0,0,0,0,0,0,0,0,0,0,0,0,0,0,0,0,0,0,0,0,0,0,0,0,0,0,0,195,0,0,0,0,0,0,0,0,0,0,0,0,0,0,0,0,0,0,0,0,3,0,0,0,577,0,106,0,5,0,0,0,0,18,0,0,0,0,0,0,0,0,0,42,0,0,29,0,22,0,0,0,9394,0,0,0,0,0,0,0,0,0,0,0,37,0,0,0,0,0,0,0,0,0,0,0,0
1430,0,0,0,0,0,0,0,0,0,0,0,0,0,0,0,0,0,0,0,0,0,0,0,0,0,0,0,0,0,0,0,0,0,0,0,0,0,0,0,0,0,0,0,0,0,0,0,0,0,0,0,0,0,0,3,0,0,0,84,0,18,0,14,0,0,0,0,0,29,0,0,0,0,0,0,0,0,3,0,0,0,0,16,0,0,0,4678,0,0,0,0,0,0,0,0,0,0,0,0,0,0,0,0,0,0,0,0,0,0,0,0
1432,0,0,0,0,0,0,0,0,0,0,0,0,0,0,0,0,0,0,0,0,0,0,0,0,0,0,0,0,0,0,0,0,0,0,0,0,0,0,0,0,0,0,0,0,0,0,0,0,0,0,0,0,0,0,0,0,0,0,664,0,6,0,0,0,0,0,0,0,0,0,0,0,0,0,0,0,0,18,0,0,159,0,162,0,0,0,14797,0,0,0,0,0,0,0,0,0,0,0,172,0,0,0,0,0,0,0,0,0,0,0,0
1433,0,0,0,0,0,0,0,0,0,0,0,0,0,0,0,0,0,0,0,0,0,0,0,0,0,0,0,0,0,0,0,0,0,417,0,0,0,0,0,7,0,0,858,0,0,0,0,0,0,0,0,0,0,0,12,0,0,0,531,0,53,0,7,0,0,0,0,81,0,0,0,0,0,0,0,0,0,0,0,0,0,0,131,0,0,0,1832,0,0,0,0,0,0,0,0,0,0,0,0,0,0,0,0,0,0,0,0,0,0,0,0
14333,0,0,0,0,0,0,0,0,0,0,0,0,0,0,0,0,0,0,0,0,0,0,0,0,4,3,0,0,0,5,0,0,0,0,0,0,0,0,0,0,0,0,0,0,0,0,0,0,0,0,0,0,0,0,0,0,0,0,0,0,0,0,0,0,0,0,0,0,0,0,0,0,0,0,0,0,7,0,0,0,0,0,0,0,0,0,0,0,0,0,0,0,0,0,0,0,0,0,0,0,0,0,0,0,0,0,0,0,0,0,0
1437,0,0,0,0,0,0,0,0,0,0,0,0,0,0,0,0,0,0,0,0,0,0,0,0,0,0,0,0,0,0,0,0,0,923,0,0,0,0,0,0,0,0,0,0,0,0,0,0,0,0,0,0,0,0,0,0,0,0,1452,0,186,0,0,0,0,0,0,53,0,0,0,0,0,0,0,0,0,41,0,0,36,0,5,0,0,0,3061,0,0,0,0,0,0,0,0,0,0,0,0,0,0,0,0,0,0,0,0,0,0,0,0
144,0,0,0,0,0,0,0,0,0,5013,0,0,0,0,266,36,45,56,0,0,0,0,0,0,0,0,65,0,40,35,0,0,0,0,0,0,0,0,0,0,0,0,0,0,0,0,0,0,0,0,0,0,0,0,0,0,0,0,0,0,0,0,0,0,0,0,0,40,0,0,0,0,615,87,71,0,0,0,0,1131,0,11,27,0,0,0,0,0,0,0,0,0,0,0,0,0,0,0,0,0,0,0,0,0,0,0,0,0,0,0,0
1440,0,0,0,0,0,0,0,0,0,0,0,0,0,0,0,0,0,0,0,0,0,0,0,0,0,0,0,0,0,0,0,0,0,429,0,0,0,0,0,0,0,0,0,0,0,0,0,0,0,0,0,0,0,0,16,0,0,0,996,0,170,0,16,0,0,0,0,43,0,0,0,0,0,0,0,0,0,7,8,0,108,0,149,0,0,0,7805,0,0,0,0,0,0,0,0,0,0,0,24,0,0,0,0,0,0,0,0,0,0,0,0
1441,0,0,0,0,0,0,1,0,0,0,0,0,0,0,0,0,0,0,0,0,0,0,0,0,0,0,0,0,0,0,0,0,0,0,0,0,0,0,0,0,0,0,0,0,0,0,0,0,0,0,0,0,0,0,13,0,0,0,111,0,2,0,28,0,0,0,0,6,0,0,0,0,0,0,0,0,0,6,0,0,39,0,15,0,0,0,3263,0,0,0,0,0,0,0,0,0,0,0,0,0,0,0,0,0,0,0,0,0,0,0,0
14476,0,0,0,0,0,0,0,460,0,2478,0,0,0,0,0,0,0,0,0,0,0,0,0,0,79,0,0,0,0,207,0,0,0,0,0,87,0,0,260,100,0,0,0,0,0,0,0,0,0,0,0,0,0,0,0,0,488728,137798,0,0,0,0,0,0,337,0,0,0,0,0,0,0,0,0,0,0,0,0,0,0,0,31,242,0,0,0,0,1985,166,1057,0,0,0,0,0,0,0,0,0,0,0,0,0,0,0,0,0,0,0,0,0
1449,0,0,0,0,0,0,0,0,0,0,0,0,0,0,0,0,0,0,0,0,0,0,0,0,0,0,0,0,0,0,0,0,0,13,0,0,0,0,0,0,0,0,3,0,0,0,0,0,0,0,0,0,0,0,2,0,0,0,47,0,0,0,6,0,0,0,0,0,0,0,0,0,0,0,0,0,0,18,0,0,5,0,42,0,0,0,653,0,0,0,0,0,0,0,0,0,0,0,0,0,0,0,0,0,0,0,0,0,0,0,0
146,0,0,0,0,0,0,0,0,0,0,0,0,0,0,0,0,0,0,0,0,0,0,0,0,0,0,0,0,0,0,0,0,0,0,0,0,0,0,0,0,0,0,0,0,626,0,0,0,0,0,0,0,0,0,90,0,0,0,0,0,0,0,0,0,0,0,0,0,0,0,0,0,0,0,0,0,0,0,0,0,0,0,23,0,0,0,0,0,0,0,0,0,0,0,0,0,0,0,0,0,0,0,0,0,0,671,0,0,0,0,0
1460,0,0,0,0,0,0,0,0,0,0,0,0,0,0,0,0,0,0,0,0,0,0,0,0,0,0,0,0,3339,722,0,0,0,0,0,0,0,0,0,63,0,0,0,0,0,0,0,0,0,0,0,0,0,0,0,0,0,0,0,0,0,0,0,0,0,0,0,0,0,0,0,0,0,0,0,0,0,0,0,0,56,0,0,0,0,0,0,0,0,0,0,0,0,0,0,0,0,0,0,0,0,0,0,0,0,0,0,0,0,0,0
14642,0,0,0,0,0,0,0,0,0,0,0,0,0,0,0,168,0,0,0,0,0,0,0,0,0,0,0,0,31,72,0,0,0,90,0,0,0,12,0,58,0,0,0,0,0,10,19,0,0,0,0,0,0,0,0,0,0,0,0,0,0,0,21,0,0,0,0,0,0,0,0,0,0,0,0,0,45,0,29,25,0,0,95,0,0,0,0,0,0,0,0,0,0,0,0,0,0,0,0,0,0,0,0,0,0,0,0,0,0,0,0
14652,0,0,0,0,0,0,1637,233,0,0,0,0,0,0,0,0,0,0,0,0,0,0,0,0,0,0,0,0,0,0,0,0,0,0,0,0,0,0,0,0,0,0,0,0,0,0,0,0,0,0,0,0,0,0,0,0,0,0,0,0,0,0,0,0,0,0,0,0,0,0,49,0,0,0,0,0,0,0,0,0,0,0,0,0,0,0,0,0,0,0,0,0,0,0,0,0,0,0,0,2238,0,0,0,0,0,0,0,0,0,0,0
1468,0,0,0,0,0,0,0,0,0,0,0,0,0,0,0,0,0,700,103,0,7,0,4,0,0,0,0,0,0,131,0,0,0,0,0,0,0,0,0,0,0,0,0,0,0,0,0,0,0,0,0,82,108,1798,0,0,0,0,0,0,11,2,744,0,0,0,0,5,0,0,0,0,0,5,0,0,0,0,5,62,3,0,11,0,0,0,0,0,0,0,0,0,0,0,0,0,0,0,0,18,0,0,4,0,0,0,0,0,0,0,0
14753,0,0,0,0,0,0,0,0,0,0,0,0,0,0,154,0,0,0,0,0,0,0,0,0,0,0,0,0,0,0,0,34,0,0,0,0,0,0,0,0,0,0,0,0,0,0,0,0,0,0,0,4,0,0,0,0,0,0,71,0,15,0,0,0,0,0,0,0,0,0,0,0,0,0,0,0,18,0,0,0,0,0,0,0,0,0,0,0,0,0,0,0,0,0,0,0,0,0,0,0,0,0,0,0,0,0,0,0,0,0,0
148,0,0,0,0,0,0,0,220,0,0,0,0,0,0,0,0,0,0,12,0,169,0,0,0,0,0,0,0,0,404,10,0,0,0,0,0,0,0,0,24419,0,0,0,0,138,142,0,0,0,0,0,0,0,610,77,0,0,60,0,0,221,0,0,0,0,0,0,329,0,0,0,0,0,345,0,0,0,0,31,0,0,0,42,0,0,0,413,0,0,0,0,0,0,0,0,0,0,0,0,43,0,0,0,0,0,0,2614,0,0,0,0
1484,0,0,0,0,0,0,13,0,0,0,0,0,0,0,0,0,0,0,0,0,0,0,0,0,0,0,0,0,0,0,0,0,0,389,0,0,0,0,0,0,0,0,0,0,0,0,0,0,0,0,0,0,0,0,0,0,0,0,1479,0,130,0,23,0,0,0,0,69,0,0,0,0,0,0,0,0,0,16,0,0,74,0,82,0,0,0,13864,0,0,0,0,0,0,0,0,0,0,0,20,0,0,0,0,0,0,0,0,0,0,0,0
14876,0,0,16,0,0,0,22,0,0,0,0,0,0,0,0,0,0,0,0,0,0,0,0,4,0,0,0,0,0,0,0,0,0,0,0,0,0,0,0,0,0,0,0,0,0,0,0,0,0,0,0,0,0,0,1186,81,124,4,0,0,0,0,0,0,0,0,0,0,0,0,0,0,0,0,0,0,0,0,0,2533,0,0,0,0,0,0,89,0,0,0,0,0,0,0,0,0,0,0,0,0,0,0,0,0,0,1641,0,0,0,0,0
149,0,0,0,0,0,0,0,0,0,0,0,0,0,0,0,0,0,0,0,0,74,0,0,0,0,0,0,0,0,0,0,0,0,0,0,0,0,0,128,143,0,0,0,0,63,121,0,0,0,1067,18606,44,162,348,0,0,0,0,0,0,0,0,0,0,0,0,0,0,0,317,0,0,0,0,0,0,0,0,39856,81828,0,0,148,0,0,0,0,0,0,0,0,0,0,0,0,0,0,0,0,0,0,0,0,0,0,0,5890,0,0,0,0
1491,0,0,0,0,0,0,0,0,0,0,0,0,0,0,0,0,0,0,0,0,0,0,0,0,0,0,0,0,0,27,0,0,0,0,0,0,0,0,0,0,0,133,0,0,0,0,0,0,0,0,0,0,0,0,0,0,0,0,0,0,0,0,0,0,20,0,0,0,0,0,0,1596,5,0,0,0,0,0,0,0,0,0,0,0,0,0,0,0,0,0,0,0,0,0,0,0,0,0,0,0,0,0,0,0,0,0,0,0,0,0,0
14917,0,0,0,0,0,0,0,0,0,0,0,0,0,0,0,0,0,0,0,0,0,0,0,0,0,0,0,0,242,723,0,0,0,0,0,0,0,0,0,0,0,0,0,0,0,0,0,0,0,0,0,0,0,448,0,0,0,0,0,0,0,0,0,0,0,0,0,0,0,0,0,0,0,0,0,0,0,0,0,377,0,0,0,0,0,0,0,0,0,0,0,0,0,0,0,0,0,0,0,0,0,0,0,0,0,293,0,0,0,0,0
14980,0,0,0,0,0,0,34,0,0,0,0,0,0,0,0,0,0,0,0,0,0,0,0,0,0,0,0,0,0,0,0,0,0,0,0,0,0,0,0,0,0,0,0,0,0,0,0,0,0,0,0,0,0,0,0,0,0,0,0,0,0,0,0,0,0,0,0,0,0,0,0,0,0,0,0,0,0,0,0,198,0,276,38,0,0,0,0,0,0,0,0,0,0,0,0,0,0,0,0,0,0,0,0,0,0,0,0,0,0,0,0
14985,0,0,451,0,0,0,156,497,0,0,51,0,85,0,42,0,0,215,244,0,0,0,0,0,0,0,7,0,0,0,0,0,0,0,0,0,435,0,0,485,0,0,0,0,0,0,83,0,0,0,0,0,0,0,3983,947,168,0,0,0,93,0,0,0,0,0,0,0,0,0,0,0,0,0,0,0,0,25,13,16067,0,25,0,0,0,10,378,0,0,0,0,0,0,0,0,0,0,0,0,0,0,0,0,0,0,0,0,0,0,0,0
14988,0,0,0,0,0,0,0,0,0,0,0,0,0,0,0,0,0,10,0,0,0,0,16,0,0,0,0,0,0,0,0,0,0,0,0,0,0,0,0,0,0,0,0,0,0,0,0,0,0,0,0,0,0,0,0,0,0,0,0,0,0,0,0,0,0,0,0,0,0,0,0,0,0,0,0,0,0,0,0,0,0,7,44,0,0,0,0,0,0,0,0,0,0,0,0,0,0,0,0,0,0,0,0,0,0,0,0,0,0,0,0
14995,0,0,0,0,0,0,0,0,0,0,0,0,115,0,0,0,0,0,0,0,0,0,0,0,0,0,0,0,0,70,0,0,0,451,0,0,0,0,0,754,0,0,0,0,0,0,0,0,0,0,0,0,50428,0,0,0,173,164,0,0,0,0,0,0,0,0,0,0,0,0,0,0,0,0,0,0,0,0,0,750,0,0,0,0,0,0,0,90,117,123,0,0,0,0,0,0,0,0,0,0,0,0,0,0,725,5037,22679,0,0,0,28
15,0,0,0,0,0,0,2286,1552,0,0,0,0,0,0,0,0,0,0,0,0,0,0,0,0,0,0,0,0,0,201,0,0,0,0,0,0,0,0,0,0,0,0,0,0,0,0,0,0,0,0,0,0,0,0,0,0,0,0,1278,131,0,0,0,0,0,0,0,0,0,0,0,0,0,0,0,0,0,0,0,0,0,0,0,0,0,0,0,0,0,0,0,0,0,0,0,0,0,0,0,0,0,0,0,0,0,0,0,0,0,0,0
150,0,0,0,0,0,0,0,0,0,6,0,0,0,0,0,0,0,0,0,0,0,0,0,0,0,0,0,0,2287,450,0,0,0,719,0,0,0,0,0,12,0,0,0,0,0,0,0,0,0,0,0,0,0,0,0,0,0,0,0,0,0,0,0,0,0,0,0,0,0,0,0,0,0,323,0,0,29,0,0,0,0,0,0,0,0,0,0,0,0,0,0,0,0,0,0,0,0,0,0,0,0,0,0,0,0,0,0,0,0,0,0
15001,0,0,0,0,0,0,0,0,0,0,0,0,0,0,0,0,0,0,0,0,0,0,0,0,0,0,0,0,0,0,0,0,0,0,0,0,0,0,0,0,0,0,2382,0,0,0,36,0,0,0,0,0,0,0,0,0,0,0,0,0,0,0,0,0,0,0,0,0,0,0,0,0,0,0,0,0,0,0,0,508,67,0,446,0,0,0,0,0,0,0,0,0,0,0,0,0,0,0,0,0,0,0,0,0,0,0,0,0,0,0,0
15004,0,0,0,0,0,0,0,0,0,0,0,0,0,0,0,0,0,0,0,0,0,0,0,0,0,0,0,0,0,0,0,0,0,237,0,0,0,0,0,0,0,0,0,0,0,0,0,18,0,0,0,0,0,13,0,0,0,0,0,0,0,0,0,0,0,0,0,0,0,0,0,0,0,0,0,0,52,0,0,0,0,0,0,0,0,0,0,0,0,0,0,0,0,0,0,0,0,0,0,0,0,0,331,0,0,0,0,0,0,0,0
15037,0,0,0,0,0,0,0,0,0,0,0,0,0,0,0,252,23,27,134,0,0,0,0,0,0,0,371,0,382,65,0,0,0,0,0,0,0,0,0,0,0,0,0,0,0,0,0,0,0,0,0,0,0,0,0,0,0,0,0,0,0,0,0,0,0,0,0,0,0,0,0,0,0,53,12,0,0,0,0,0,0,0,0,0,0,0,0,0,0,0,0,0,0,0,0,0,0,0,0,0,0,0,0,0,0,0,0,0,0,0,0
1509,0,0,0,0,0,0,2,0,0,0,0,0,0,0,0,0,0,0,0,0,0,0,0,0,2,0,0,0,0,0,0,0,0,9,0,0,0,0,0,0,0,0,0,0,0,0,0,0,0,0,0,0,0,0,0,0,0,0,125,0,8,0,0,0,0,0,0,3,0,0,0,0,0,0,0,0,0,16,0,0,67,0,18,0,0,0,6899,0,0,0,0,0,0,0,0,0,0,0,31,0,0,0,0,0,0,0,0,0,0,0,0
15100,0,0,0,0,0,0,0,0,0,0,0,0,0,0,0,0,0,0,0,0,0,0,0,0,0,1741,13,0,15524,3951,0,1308,0,882,0,0,0,0,0,0,0,0,0,0,93627,15847,38215,42475,0,0,0,0,0,0,0,0,198,0,0,0,0,0,0,0,0,0,0,0,0,0,0,0,12,33,0,0,0,0,0,0,0,0,0,0,0,0,0,0,0,0,0,0,0,0,0,0,0,0,0,0,0,0,0,0,0,0,0,0,0,0,0
15175,0,0,0,0,0,0,0,0,0,0,0,0,0,0,0,0,0,0,0,0,0,0,0,0,0,0,0,0,0,0,0,0,0,86,0,0,0,0,0,23825,0,0,0,0,0,0,0,0,0,0,0,0,0,0,0,0,0,0,148,0,36,0,0,0,0,0,0,0,0,0,0,0,0,0,0,0,0,0,0,0,0,0,27,0,0,0,46,0,0,0,0,0,0,0,0,0,0,0,0,0,0,0,0,0,0,0,0,0,0,0,0
15198,0,0,0,0,0,0,0,0,0,0,0,0,0,0,0,0,0,0,0,0,0,0,0,0,0,0,0,0,0,0,0,0,0,0,0,83,0,0,0,0,0,0,0,0,0,0,0,0,0,0,0,0,0,34,0,0,0,0,0,0,0,0,0,0,0,0,0,0,0,0,0,0,0,0,0,0,0,0,0,0,0,0,3728,0,0,0,0,708,26,108,0,0,0,0,0,0,0,0,0,0,0,0,0,0,0,0,0,0,0,0,0
15220,0,0,0,0,0,0,0,1714,0,87662,0,0,0,0,0,0,0,0,0,0,0,0,0,0,0,0,0,0,0,0,0,0,0,0,0,0,0,0,0,0,0,0,0,0,0,0,0,0,0,0,0,0,0,0,0,0,704550,176834,0,0,0,0,0,0,109,0,0,0,0,0,0,0,0,0,0,0,0,0,0,0,0,125,441,0,0,0,0,3072,123,1237,0,0,0,0,0,0,0,0,0,0,0,0,0,0,0,0,0,0,0,0,0
1526,0,0,0,0,0,0,96,0,0,0,0,0,0,0,0,0,0,0,89,0,0,0,0,0,0,12,0,0,0,5,0,0,0,0,0,0,0,0,0,0,0,0,0,0,0,0,0,0,0,0,0,0,0,0,0,0,0,0,0,0,0,0,0,0,0,0,0,0,0,0,0,0,0,0,0,0,0,0,16,21,0,0,0,0,0,0,0,0,0,0,0,0,0,36,3,0,0,0,0,0,0,0,0,0,0,0,0,0,0,0,0
1533,0,0,0,0,0,0,0,0,0,77,0,0,0,0,0,0,3834,0,0,0,0,0,0,0,0,0,0,0,0,0,0,0,0,0,0,0,0,0,0,0,0,0,0,0,40,0,0,0,0,0,0,0,0,0,0,0,0,0,2242,222,108,0,0,0,0,0,0,0,0,0,0,0,0,4,0,0,0,0,0,0,0,0,0,0,0,0,0,0,0,0,0,0,0,0,0,0,0,0,0,0,0,0,0,0,0,0,0,0,0,0,0
1535,0,0,0,0,0,0,0,0,0,0,0,0,0,0,461,0,0,1965,1431,0,28,0,0,0,0,276,2076,0,2001,14194,0,0,307,649,0,1147,0,0,250,22,0,0,0,0,0,133,0,121,0,0,0,94,186,5272,69,0,0,0,323,0,1763,0,0,0,0,0,0,70,636,581,75,4835,0,270,0,0,77769,0,1686,6680,147,124,11574,0,0,0,333,0,0,0,0,0,0,0,0,0,0,0,0,343,0,0,156,0,0,0,0,0,0,0,0
1536,0,0,0,0,0,0,18,0,0,0,0,0,0,0,0,0,0,0,0,0,0,0,0,0,0,0,0,0,0,0,0,0,0,0,0,0,0,0,0,0,0,0,0,0,0,0,0,0,0,0,0,0,0,0,0,0,0,0,0,0,0,0,0,0,0,0,0,0,0,0,0,0,0,0,0,0,0,0,0,0,0,0,0,0,0,0,0,30,0,0,0,0,0,3,0,0,0,0,0,365,0,0,0,0,0,0,0,0,0,0,0
154,0,0,0,0,0,0,70,0,0,0,0,0,0,0,0,0,0,0,163,0,0,0,0,0,0,0,0,0,0,0,0,0,0,0,0,0,0,0,0,0,0,0,0,0,0,0,0,0,0,0,0,0,0,133,0,138,0,0,0,0,0,0,10,0,0,0,0,0,0,0,0,0,0,0,0,0,0,0,0,0,0,0,0,0,0,0,0,0,0,0,0,0,0,0,0,0,0,0,0,0,0,0,0,6,0,0,0,0,0,0,0
15406,0,0,0,0,0,0,0,0,0,0,0,0,0,14,0,0,0,0,0,0,0,0,0,0,0,0,0,0,0,0,0,0,1292,0,0,0,0,0,0,7897,0,0,0,0,545,0,0,0,0,0,0,0,0,0,0,0,0,0,0,0,0,0,0,0,0,0,0,0,0,0,0,0,0,0,0,0,0,0,0,0,0,0,0,0,0,0,0,673,34,103,0,0,0,0,0,0,0,0,0,0,0,0,0,0,0,0,0,0,0,0,0
15439,0,0,0,0,0,0,0,0,0,0,0,0,0,0,15,113,0,0,0,0,0,0,0,0,0,0,0,0,0,0,0,0,0,0,0,0,0,0,0,0,0,0,0,0,0,0,0,0,0,0,0,0,0,0,0,0,0,0,0,0,0,0,10791,0,0,0,0,0,0,63,0,0,0,0,0,0,0,0,0,0,0,0,0,0,0,0,0,0,0,0,0,0,0,0,0,0,0,0,0,0,0,0,0,0,0,0,0,0,0,0,0
15455,0,0,7505,0,4891,0,0,0,0,0,0,0,0,0,0,161,4106,0,0,0,0,0,0,0,0,0,0,0,0,0,0,0,0,360,0,0,0,0,0,0,0,0,10607,0,0,0,23,0,0,0,0,0,0,0,0,0,0,0,0,0,0,0,0,0,0,0,0,0,0,0,0,0,568,735,36,0,0,0,0,0,0,0,0,0,109,0,0,0,0,0,0,0,0,2103,0,0,0,0,0,0,0,0,0,0,78,0,0,0,0,0,0
155,0,0,0,0,0,0,238,548,0,7270,0,0,0,53,0,0,0,0,0,0,0,0,0,0,0,0,0,0,0,217,0,0,469,0,0,0,0,0,112,70,0,0,0,0,0,0,0,0,0,0,0,639,1099,4853,108,0,0,0,622,50,27,0,0,0,0,0,0,1,0,294,0,0,0,332,0,0,0,0,637,1413,0,23,114,0,0,0,0,423,58,160,0,0,0,0,0,0,0,0,0,0,0,0,44,0,0,0,0,0,0,0,0
1550,0,0,0,0,0,0,0,0,0,0,0,0,0,0,0,0,0,0,0,0,0,0,0,0,0,0,0,0,0,0,0,0,0,179,0,0,0,0,0,0,0,0,0,0,0,0,0,0,0,0,0,0,0,0,0,0,0,0,0,0,0,0,0,0,0,0,0,0,0,82661,0,0,149,96,0,0,0,0,0,0,0,0,0,0,0,0,0,0,0,0,0,0,0,0,0,0,0,0,0,0,0,0,0,0,0,0,0,0,0,0,0
15531,0,0,0,0,0,0,0,0,0,0,0,0,0,0,0,0,0,0,0,0,0,0,0,0,0,0,0,0,0,174,0,0,0,15257,0,0,0,0,0,0,0,0,0,0,0,0,0,0,0,0,0,0,0,0,0,0,0,0,0,0,0,0,0,0,0,0,0,0,0,0,0,0,0,96,0,0,0,0,0,138,0,0,0,0,0,0,0,0,0,0,0,0,0,418,0,0,0,14,0,0,0,0,0,0,0,0,0,0,0,0,0
15567,0,0,0,0,0,0,0,0,0,0,0,0,0,0,0,40,0,0,0,0,0,0,0,0,0,0,0,0,0,0,0,0,0,0,0,0,0,0,0,0,0,0,0,0,0,0,0,0,0,0,0,0,0,0,0,0,0,0,0,0,4,0,0,0,0,0,0,0,0,0,6,0,0,0,0,0,6,0,9,16,0,0,0,0,0,0,0,0,0,0,0,0,10,0,0,0,0,0,0,0,0,0,0,0,0,0,0,0,0,0,0
156,0,0,0,0,0,0,0,0,0,147,0,0,0,0,94,0,0,247,92,0,0,0,0,0,0,0,0,0,0,0,0,0,0,0,0,0,362,0,0,0,0,0,0,0,0,0,0,0,0,0,0,0,0,0,0,0,0,0,0,0,0,0,0,0,0,0,0,47,0,406,0,0,0,0,0,0,0,0,697,25690,8843,0,2158,0,0,0,0,0,0,0,0,0,0,0,0,0,0,0,0,0,0,0,0,0,0,0,0,0,0,0,0
15610,0,0,0,0,0,0,0,12,0,72,0,0,0,0,0,0,3575,0,0,0,0,0,0,0,0,0,4,0,2461,747,0,0,0,166,0,0,0,0,0,0,0,0,0,0,176,0,48,11,0,0,0,0,0,0,0,0,6,0,0,29,28,20,0,0,0,0,0,0,0,0,13,0,1660,600,398,0,0,0,0,0,0,0,0,0,0,0,0,0,0,0,0,0,0,119,0,0,0,0,0,0,0,0,0,0,0,0,0,0,0,0,0
15722,0,0,0,0,0,0,23,0,0,0,0,0,0,0,0,0,0,11,97,0,0,0,0,0,0,0,0,0,0,0,0,0,0,0,0,0,521,0,0,0,0,0,0,0,0,0,16,0,0,0,0,0,0,0,666,70,0,0,0,0,17,0,0,0,0,0,0,0,0,0,0,0,0,0,0,0,0,0,0,4399,0,7,0,0,0,0,116,0,0,0,0,0,0,0,0,0,0,0,0,0,0,0,0,0,0,170,0,0,0,0,0
15742,0,0,0,0,0,0,0,181,0,0,0,0,3,0,0,0,0,0,0,0,0,0,0,0,0,0,0,0,0,6,0,0,0,0,0,0,0,0,0,0,0,0,0,0,0,0,0,23,0,0,0,0,0,0,0,0,0,0,0,0,0,0,0,0,0,0,0,0,0,0,0,0,0,0,0,0,0,0,0,0,0,0,0,0,0,0,0,0,0,0,0,0,0,0,0,0,0,0,0,0,0,0,0,0,0,0,0,0,0,0,0
158,0,0,0,0,0,0,0,0,0,0,0,0,0,0,0,0,0,214,169,0,30,0,0,0,0,0,12,0,0,4295,0,0,0,0,0,0,0,0,0,16537,0,0,11350,0,374,0,0,0,0,0,0,174,403,3089,4112,0,0,0,0,0,234,0,0,0,0,0,0,0,0,0,0,0,0,0,9,0,3545,0,54,787,0,0,1196,0,0,0,35,0,0,0,0,0,0,0,0,0,0,0,0,0,0,0,0,0,0,0,0,0,0,0,2
15866,0,0,0,0,0,0,0,0,0,0,0,0,0,0,0,93,0,0,0,0,0,0,0,0,0,0,0,0,0,0,0,0,0,0,0,0,0,0,0,0,0,0,0,0,0,0,0,0,0,0,0,0,0,0,0,0,0,0,0,0,0,0,0,0,0,0,0,0,0,0,11,0,0,0,0,0,0,3,31,0,0,0,0,0,0,0,0,0,0,0,0,0,20,0,0,0,0,0,0,0,0,0,0,0,0,0,0,0,0,0,0
15904,0,0,0,0,0,0,0,0,0,0,0,0,0,0,0,0,0,0,0,0,0,0,0,0,0,0,0,0,0,0,0,0,0,0,0,0,0,0,0,0,0,0,0,0,0,0,0,0,0,0,0,0,0,0,0,0,0,0,0,0,0,0,0,0,0,0,0,0,0,0,0,0,0,0,0,0,0,0,9,16,0,0,27,0,0,0,0,234,0,0,0,0,0,0,0,0,0,0,0,0,0,0,0,0,0,0,0,0,0,0,0
15946,0,0,0,0,0,0,0,0,0,0,0,0,0,0,0,0,0,0,19,0,0,0,0,0,0,0,0,0,0,0,0,0,0,0,0,0,0,0,0,0,0,0,0,0,0,0,0,0,0,0,0,0,0,0,0,0,0,0,0,0,0,0,0,0,0,0,0,31,0,0,0,0,0,11,0,0,0,0,0,0,0,0,0,0,0,0,19,75,0,0,0,0,0,0,0,0,0,0,0,0,0,0,0,0,0,0,4132,0,0,0,0
15956,0,0,0,0,0,0,0,0,0,0,0,0,0,0,0,0,0,0,0,0,0,0,0,0,0,0,0,0,0,0,0,0,0,0,0,0,0,10,0,72,0,0,0,0,0,0,0,0,0,0,0,0,0,71,0,0,146,0,0,0,0,0,0,0,0,0,0,0,0,0,0,0,0,0,0,0,611,0,0,0,12,0,32,0,0,0,0,0,0,0,0,0,0,0,0,0,0,0,0,0,0,0,0,0,0,0,0,0,0,0,0
16,0,0,0,0,0,0,1395,0,0,0,0,0,12,0,14,0,0,0,22,0,0,0,0,0,0,21615,307,0,3629,1761,15,1343,89,32507,0,746,0,0,0,0,0,0,0,0,23657,9105,3348,9122,0,0,0,0,0,0,0,0,0,0,0,0,165,0,0,0,0,0,0,0,0,0,90,0,772,623,145,0,0,0,0,456,0,0,0,0,0,0,104,447,0,109,0,0,0,0,0,0,0,0,0,0,0,0,0,0,0,0,0,0,0,0,0
160,0,0,0,0,0,0,0,320,0,4271,0,0,0,0,0,0,0,0,0,0,0,0,0,0,0,0,0,0,0,0,0,0,0,0,0,0,0,0,0,0,0,0,0,0,0,0,0,0,0,0,0,0,0,0,109,0,59,0,0,0,0,0,0,0,0,0,0,0,0,0,0,0,1714,274,144,0,0,0,0,0,0,27,31,0,0,0,0,0,0,0,0,0,0,0,0,0,0,0,0,0,0,0,0,0,0,0,0,0,0,0,0
161,0,0,0,0,0,0,0,0,0,0,0,0,0,0,0,0,0,0,0,0,0,0,0,0,0,0,0,0,0,0,0,0,0,7807,0,0,0,0,0,0,0,0,0,0,0,0,0,0,0,0,0,0,0,0,0,0,0,0,0,0,0,0,0,0,0,0,0,0,0,0,0,0,0,159,0,0,0,0,0,0,0,0,0,0,0,0,0,0,0,0,0,0,0,0,0,0,0,0,0,12,0,0,23,0,0,378,0,0,0,0,0
16126,0,0,0,0,0,0,0,0,0,0,0,0,0,0,0,247,0,0,0,0,0,0,0,0,0,0,0,0,0,0,0,0,0,0,0,0,0,0,0,31,0,0,0,0,0,0,13,0,0,0,0,0,0,0,0,0,0,0,0,0,0,8,0,0,0,0,0,0,0,0,0,0,0,0,0,0,4,0,7,20,0,0,12,0,0,0,0,0,0,0,0,0,0,0,0,0,0,0,0,0,0,0,0,0,0,0,0,0,0,0,0
16129,0,0,0,0,0,0,0,0,0,0,0,0,0,0,0,0,0,0,277,0,0,0,0,0,0,0,19,0,14,253,0,0,0,0,0,0,0,0,0,0,0,0,0,0,0,0,0,0,0,0,0,0,0,0,0,0,0,15,0,0,0,0,0,0,0,0,0,0,0,0,0,0,0,7,0,0,0,0,0,0,0,0,5,0,0,0,0,0,0,0,0,0,0,0,0,0,0,0,0,0,0,0,0,0,0,0,419,0,0,0,0
16227,0,0,0,0,0,0,0,0,0,686,0,0,0,0,0,0,0,0,0,0,0,0,0,0,0,30564,66,0,0,77,0,4539,0,12769,0,0,0,0,0,0,0,133,0,0,89027,45058,9434,47755,0,0,0,0,0,0,0,0,295,0,0,0,0,0,0,0,1533,0,0,0,0,338,0,4241,198,185,0,0,0,0,0,0,0,0,0,0,0,0,0,0,0,0,0,0,0,0,0,0,0,0,0,0,0,0,0,0,0,0,0,0,0,0,0
1623,0,0,639,0,0,0,0,68,0,0,0,0,0,0,182,0,0,0,0,0,0,0,0,0,0,0,0,0,267,0,0,0,0,0,0,0,0,0,0,0,0,0,0,0,0,0,0,0,0,0,0,0,0,0,0,0,0,0,0,0,35,162,0,0,0,0,0,0,0,0,0,0,0,0,0,0,0,0,0,0,0,0,0,0,0,0,0,0,0,0,0,0,0,0,0,0,0,0,0,0,0,0,0,0,0,0,0,0,0,0,0
1630,0,0,0,0,0,0,0,0,0,0,0,0,0,0,0,0,0,0,0,0,0,0,0,0,0,0,0,0,0,0,0,0,0,18,0,0,0,0,0,0,0,0,0,0,0,0,0,0,0,0,0,0,0,0,0,0,0,0,112,0,14,0,0,0,0,0,0,0,0,0,0,0,0,0,0,0,0,30,10,0,67,0,11,0,0,0,5967,0,0,0,0,0,0,0,0,0,0,0,158,0,0,0,0,0,0,0,0,0,0,0,0
1632,0,0,0,0,0,0,0,0,0,0,0,0,0,0,0,0,0,0,8,0,0,0,0,0,0,0,0,0,0,0,0,0,0,0,0,0,0,0,0,0,0,0,9,0,0,0,0,0,0,0,0,0,0,0,0,0,0,0,82,0,3,0,5,0,0,0,0,0,0,0,0,0,0,0,0,0,0,0,0,0,12,0,36,0,0,0,1386,0,0,0,0,0,0,0,0,0,0,0,23,0,0,0,0,0,0,0,0,0,0,0,0
1633,0,0,0,0,0,0,0,0,0,0,0,0,0,0,0,0,0,0,0,0,0,0,0,0,0,0,0,0,0,0,0,0,0,0,0,0,0,0,0,0,0,0,0,0,0,0,0,0,0,0,0,0,0,0,0,34,0,0,0,0,10,0,0,0,0,0,0,0,0,0,0,0,0,0,0,0,0,0,0,38,0,0,0,0,0,0,0,0,0,0,0,0,0,0,11,0,0,0,0,0,0,0,0,0,0,0,0,0,0,0,0
16343,0,0,229,0,0,0,161,582,0,0,36,0,0,0,191,0,0,302,273,0,0,0,0,0,0,0,0,0,0,0,0,0,0,0,0,0,865,0,0,0,0,0,0,0,0,19,89,0,0,0,0,0,0,0,2909,139,430,0,0,0,127,29,0,0,0,0,0,0,0,0,0,66,0,0,0,0,0,17,48,11276,0,0,0,0,0,27,421,0,0,0,0,0,0,0,0,0,0,0,0,0,0,0,0,0,0,551,0,0,0,0,0
16351,0,0,0,0,0,0,0,0,0,0,0,0,0,0,144,0,0,0,150,0,0,0,0,0,0,0,0,0,0,0,0,0,0,16,0,0,0,0,0,0,0,6,0,0,0,0,0,0,0,0,0,0,0,0,0,414,0,11,0,0,0,0,0,0,0,0,0,0,0,0,0,0,0,0,0,32,6,0,11,83,0,0,0,0,0,0,0,0,0,0,0,0,0,0,0,0,0,0,0,0,0,0,85,0,0,0,0,0,0,0,0
16383,0,0,0,0,0,0,0,0,0,205,0,0,0,0,0,0,0,0,0,0,0,0,0,0,0,0,0,0,0,0,0,0,0,3958,0,0,0,0,0,0,0,161,0,0,0,0,0,0,0,0,0,0,0,0,0,0,0,0,0,0,0,0,0,0,1976,0,0,0,0,168,0,3707,144,39,0,0,0,0,0,0,0,0,0,0,0,0,0,0,0,0,0,0,0,0,0,0,0,0,0,0,0,0,0,0,0,0,0,0,0,0,0
164,0,0,0,0,0,0,0,0,0,0,0,0,0,0,0,0,0,0,0,0,39,0,0,0,0,0,82,0,0,1736,0,0,0,0,0,0,0,0,0,0,0,0,0,0,0,0,0,0,0,0,0,299,1256,7644,27,0,0,0,0,0,0,0,0,0,0,0,0,0,0,0,0,0,0,0,0,0,0,0,0,0,0,0,0,0,0,0,0,0,0,0,0,0,0,0,0,0,0,0,0,63,0,0,0,0,0,0,0,0,0,0,0
1640,0,0,0,0,0,0,0,216,0,0,333,0,0,0,0,0,0,0,0,0,0,0,0,0,0,0,0,0,0,0,0,0,0,0,0,0,0,0,0,0,0,0,0,0,0,0,0,0,0,0,0,0,0,0,0,0,0,0,0,0,0,0,0,0,0,0,0,19,0,0,0,0,0,0,0,0,0,0,0,0,44,0,0,0,0,0,0,0,0,0,0,0,0,0,0,0,0,0,0,0,0,0,0,0,0,0,0,0,0,0,0
1642,0,0,0,0,0,0,0,0,0,0,0,0,0,33,3064,88,4027,10662,1002,0,0,86809,309,11689,5320,5725,4757,0,93,6594,0,0,0,92,0,6011,1828,63,1157,105641,0,0,5572,0,0,0,161,28,0,0,0,237440,258,58838,0,0,9022,1068,0,0,188,139,0,0,12108,0,0,0,0,0,49,0,144,7782,2886,0,0,0,0,444,216193,101867,1715,0,0,0,0,0,0,0,0,0,0,0,0,0,0,4354,0,52,0,0,0,81,102,8856,12040,0,0,0,0
16427,0,0,0,0,0,0,0,29,0,0,0,0,0,0,0,0,0,73,181,0,0,0,0,0,0,0,0,0,11,563,0,0,0,0,0,0,0,0,0,0,0,0,0,0,173,0,0,0,0,0,0,0,0,0,0,0,0,0,0,0,29,0,0,0,0,0,0,187,0,497,0,0,0,447,0,5,0,0,0,0,0,0,0,0,0,0,60,167,47,0,0,0,0,0,0,0,0,0,0,0,0,0,0,0,0,0,5108,0,0,0,0
1649,0,0,0,0,0,0,0,0,0,0,0,0,0,0,0,0,0,0,0,0,0,0,0,0,0,0,61,0,7296,938,0,5878,0,3746,0,0,0,0,0,284,0,0,0,0,390617,56249,18787,70830,0,0,0,0,0,0,0,0,0,0,0,796,80,215,0,0,467,0,0,0,0,0,0,0,92,51,0,0,0,0,0,0,216,0,0,0,0,0,0,0,0,0,0,0,0,0,0,0,0,0,0,0,0,0,0,0,0,0,0,0,0,0,0
16490,0,0,0,0,0,0,0,0,0,0,0,0,0,0,60,0,0,482,389,0,0,0,0,0,0,103,78,0,266,2444,0,0,0,0,0,165,0,0,190,56380,0,169,0,0,0,0,0,0,0,0,0,183,808,3413,0,0,0,0,0,0,620,0,0,0,2414,0,0,635,0,722,31,5118,1982,1027,100,0,0,19,268,722,49,0,3752,0,0,0,46,1204,262,714,0,0,0,0,0,0,0,0,0,16,0,0,2367,121,0,0,3406,0,0,0,0
16496,0,0,73,0,0,0,120,165,0,0,47,0,510,0,126,0,0,575,547,0,0,0,0,0,0,0,0,0,0,0,0,0,0,0,0,0,2670,0,0,673,0,0,0,0,0,0,87,0,0,0,0,0,0,0,5592,492,0,0,0,0,32,68,0,0,0,0,0,0,0,0,0,0,0,0,0,0,0,0,58,18545,0,25,0,0,0,14,0,0,0,0,0,0,0,0,0,0,0,0,0,0,0,0,0,0,0,0,0,0,0,0,0
165,0,0,0,0,0,0,0,0,0,0,0,0,0,0,0,0,0,0,0,0,0,0,0,0,0,0,0,0,0,0,0,0,0,2762,0,0,0,0,0,0,0,178,0,0,2838,802,0,1282,0,0,0,0,0,0,0,0,0,0,0,0,0,0,0,0,76,0,0,0,0,0,0,4388,0,0,0,0,0,0,0,0,0,0,0,0,0,0,0,0,0,0,0,0,0,0,0,0,0,0,0,0,0,0,0,0,0,0,0,0,0,0,0
1652,0,0,0,0,0,0,0,0,0,0,0,0,0,0,0,0,0,0,0,0,0,0,0,0,0,0,0,0,0,0,0,0,0,0,0,0,0,0,0,0,0,0,0,0,0,0,0,0,0,0,0,0,0,0,3,0,0,0,57,0,0,0,0,0,0,0,0,0,0,0,0,0,0,0,1,0,0,19,0,0,3,0,1,0,0,0,376,0,0,0,0,0,0,0,0,0,0,0,2,2,0,0,0,0,0,0,0,0,0,0,0
1656,0,0,0,0,0,0,0,0,0,0,0,0,0,0,0,0,0,0,0,0,0,0,0,0,0,0,0,0,0,0,0,0,0,0,0,0,0,0,0,0,0,0,0,0,0,0,0,0,0,0,0,0,0,0,0,0,0,0,12,0,2,0,0,0,0,0,0,0,0,0,0,0,0,0,0,0,0,3,0,0,0,0,0,0,0,0,136,0,0,0,0,0,0,0,0,0,0,0,0,0,0,0,0,0,0,0,0,0,0,0,0
16596,0,0,0,0,0,0,97,62,0,0,7,0,0,0,0,0,0,114,0,0,0,0,0,0,0,0,0,0,0,0,0,0,0,0,0,0,0,0,0,21,0,0,0,0,0,11,0,0,0,0,0,0,0,0,899,655,33,0,0,0,9,0,0,0,2,0,0,0,0,0,0,0,0,0,0,0,0,0,0,15,0,0,0,0,0,0,201,0,0,0,0,0,0,0,0,0,0,0,0,0,0,0,0,0,0,249,0,0,0,0,0
1661,0,0,0,0,0,0,0,0,0,0,0,0,0,0,0,0,0,0,0,0,0,0,0,0,0,0,0,0,0,0,0,0,0,4,0,0,0,0,0,0,0,0,0,0,0,0,0,0,0,0,0,0,0,0,0,0,0,0,19,0,6,0,0,0,0,0,0,0,0,0,0,0,0,0,0,0,0,0,0,0,10,0,0,0,0,0,52,0,0,0,0,0,0,0,0,0,0,0,0,0,0,0,0,0,0,0,0,0,0,0,0
16615,0,0,98317,0,0,0,0,0,0,0,0,0,0,0,0,0,96,341,385,0,0,0,0,9,4442,0,0,0,0,0,0,0,0,2532,0,0,0,0,0,4173,0,0,386,0,0,0,0,0,0,0,0,0,13,0,0,0,0,0,0,0,175,227,53,0,0,77,0,7,0,472,0,0,1385,3757,67,0,17973,0,0,10970,12,7,88,0,0,0,0,0,0,0,0,0,0,5769,0,0,0,0,0,0,0,0,0,0,3,0,0,0,0,0,0
16625,0,0,0,0,0,0,0,0,0,0,0,0,0,0,0,0,0,0,0,0,0,0,0,0,0,0,0,0,0,0,0,0,0,0,0,0,0,0,0,0,0,0,0,0,0,0,0,145,0,0,0,0,0,0,0,0,0,0,0,0,0,0,0,0,0,0,0,0,0,0,38,0,0,0,0,0,0,0,0,0,0,0,50,0,0,0,53,0,0,0,0,0,0,0,0,0,0,0,0,0,0,0,0,0,0,0,0,0,0,0,0
1663,0,0,0,0,0,0,0,0,0,0,0,0,0,0,0,0,0,0,0,0,0,0,0,0,0,0,0,0,40,0,0,0,0,62,0,0,0,0,0,0,0,0,0,0,0,0,0,0,0,0,0,0,0,0,0,0,0,0,0,0,26,16,0,0,0,0,0,0,0,0,0,0,0,0,0,0,0,0,8,0,5,0,18,0,0,0,0,0,0,0,0,0,0,0,0,0,0,0,0,0,0,0,363,35,0,0,0,0,0,0,0
167,0,0,0,0,0,0,587,0,0,0,0,0,0,0,0,0,0,0,0,0,0,0,0,0,0,0,0,0,0,0,0,0,0,0,0,0,0,0,0,251,0,0,25717,0,0,0,0,0,0,0,0,0,0,0,0,0,0,0,0,0,0,0,0,0,0,0,0,471,0,0,0,0,0,205,0,0,943,0,0,176917,0,0,0,0,0,0,274,0,0,0,0,0,0,0,0,0,0,0,0,0,0,0,0,0,0,0,40865,0,0,0,0
1670,0,0,0,0,0,0,0,0,0,0,0,0,0,30,2761,24,214,8904,209,0,0,8720,170,2101,2871,592,0,0,1242,2766,0,0,0,39,0,12947,1864,211,348,48745,0,21,4032,0,0,0,67,13,0,37,0,84414,212,27799,0,0,3467,1106,0,2,108,88,0,0,18107,0,0,6779,60257,16,6,0,109,5308,72,0,0,0,0,116,77059,32181,1823,0,4,0,0,0,0,615,0,0,0,0,0,0,0,1193,0,26,0,0,0,18,67,7419,15112,0,0,0,0
16701,0,0,0,0,0,0,0,0,0,0,0,0,0,0,0,0,0,0,0,0,0,0,21228,0,0,0,0,0,181,26549,0,0,0,0,0,0,0,0,37136,0,0,0,0,0,0,0,0,0,0,0,0,0,0,0,0,0,0,0,0,0,0,0,0,0,0,0,0,0,0,0,339,0,0,0,0,0,0,0,0,0,0,0,0,0,0,0,0,0,0,0,0,0,0,0,0,0,0,0,0,0,0,0,0,0,0,0,0,0,0,0,0
1672,0,0,0,0,0,0,164,0,0,0,0,0,0,0,0,0,0,0,10,0,0,0,0,0,0,0,0,0,0,0,0,0,0,0,0,0,0,0,0,0,0,0,0,0,0,0,0,0,0,0,0,0,0,0,102,0,0,0,0,0,0,0,0,0,0,0,0,0,0,0,0,0,0,0,0,0,0,0,0,0,0,0,0,0,0,0,0,401,0,0,0,0,0,0,0,0,0,0,0,0,0,0,0,0,0,0,0,0,0,0,0
16766,0,0,0,0,0,0,0,0,0,0,0,0,0,0,0,0,0,0,0,0,0,0,0,0,0,12853,74,0,0,65,0,0,0,0,0,0,0,0,0,0,0,0,0,0,0,0,0,0,0,0,0,0,0,0,0,0,0,0,0,0,0,0,0,0,0,0,0,0,0,0,0,0,59,107,0,0,0,0,0,0,0,0,0,0,0,0,0,0,0,0,0,0,0,0,0,0,0,0,0,0,0,0,0,0,0,0,0,0,0,0,0
1682,0,0,0,0,0,0,0,0,0,0,0,0,0,0,0,0,0,0,0,0,0,0,15,0,0,0,0,0,0,14,0,0,0,0,0,0,0,0,0,0,0,0,0,0,0,0,13,57,0,0,8,0,0,118,16,0,0,0,0,0,5,0,0,0,0,0,0,13,0,6,0,0,0,15,0,0,0,0,0,419,59,0,24,0,0,0,195,0,0,0,0,0,0,0,0,0,0,0,0,0,0,0,0,0,0,0,0,4,0,0,0
16858,0,0,0,0,0,0,0,265,0,0,0,0,0,0,0,0,0,0,0,0,0,0,0,0,0,0,0,0,0,0,0,0,0,0,0,0,0,0,0,0,0,0,0,0,0,0,0,0,0,0,0,0,0,0,0,0,0,5,0,0,0,0,0,0,0,0,0,0,0,0,0,0,0,0,0,0,0,0,0,0,0,0,0,0,0,0,0,0,0,0,0,0,0,21,0,0,0,0,0,0,0,0,21,0,0,0,0,0,0,0,0
1686,0,0,0,0,0,0,0,0,0,0,0,0,0,0,0,0,0,0,260,0,0,0,0,0,0,0,0,0,0,0,0,0,0,0,0,44,0,0,0,0,0,0,0,0,770,0,418,0,0,0,0,0,0,0,0,0,0,0,0,0,0,0,0,0,0,0,0,0,0,0,0,0,0,0,0,0,0,0,0,7879,0,38,0,0,0,0,0,0,0,0,0,0,0,0,0,0,0,0,0,0,0,0,0,0,0,0,0,0,0,0,0
16877,0,0,0,0,0,0,0,0,0,0,0,0,0,0,315,0,0,0,0,0,76,0,0,0,0,0,0,0,67,5,0,0,0,17,0,10,0,0,0,0,0,0,0,0,13,0,24,0,0,0,0,9,0,0,0,0,0,0,26,0,0,0,0,0,0,0,0,18,0,0,0,0,0,0,0,39,107,428,94,61,0,0,0,0,0,0,0,0,0,0,0,0,0,0,0,0,0,0,0,0,0,0,0,0,0,0,0,0,0,0,0
1689,0,0,0,0,0,0,0,28,0,17,0,0,0,0,0,0,0,1810,306,0,0,0,0,0,0,0,0,0,0,171,0,0,0,0,0,0,0,0,0,0,0,0,0,0,0,0,0,0,0,0,0,0,0,0,0,0,0,0,0,0,0,0,0,0,0,0,0,0,0,0,8450,0,0,15,0,0,0,0,0,1809,0,0,0,0,0,0,0,0,0,0,0,0,0,0,0,0,0,0,0,0,0,0,0,0,0,0,0,0,0,0,0
16983,0,0,2,0,0,0,0,0,0,0,0,0,0,0,0,2,0,0,0,0,0,0,0,0,0,0,0,0,0,0,0,0,0,0,0,0,0,0,0,0,0,0,0,0,0,0,3,0,0,0,0,0,0,0,0,0,0,0,0,0,0,0,0,0,0,0,0,0,0,0,5,0,0,4,0,0,0,0,2,0,0,0,0,0,0,0,0,0,0,0,0,0,29,0,0,0,0,0,0,0,0,0,0,0,0,0,0,0,0,0,0
1699,0,0,0,0,0,0,0,0,0,0,0,0,0,0,72,0,0,0,0,0,0,0,0,0,0,0,0,0,354,155,0,0,0,0,0,0,0,0,0,0,0,0,0,0,0,0,0,0,0,0,0,0,0,0,0,0,0,0,0,0,22,0,0,0,0,0,0,0,0,0,0,0,0,0,0,0,0,0,0,0,0,0,0,0,0,0,0,0,0,0,0,0,0,0,0,0,0,0,0,0,0,0,0,0,0,0,2369,0,0,0,0
17,0,0,116,0,0,0,2299,347,0,94,0,0,0,0,188,0,109,23826,1023,0,0,0,0,0,0,2122,1628,0,9341,2758,0,0,156,283,0,0,4505,0,249,5138,0,0,0,0,0,0,0,0,0,0,0,0,0,0,6216,359,277,0,0,0,31,34,0,0,80,0,944,0,0,0,0,0,131,20426,27,0,190,0,0,3693,0,0,0,0,12,0,494,0,0,0,0,0,0,8251,0,0,0,0,0,0,0,28,0,0,0,1158,0,0,0,0,0
1706,0,0,0,0,0,0,0,0,0,0,0,0,0,0,0,0,0,0,0,0,0,0,0,0,0,0,0,0,0,0,0,0,0,189,0,0,0,0,0,0,0,0,0,0,0,0,0,0,0,0,0,0,0,0,0,0,0,0,0,0,0,0,0,0,0,0,0,0,0,5728,0,0,221,77,0,0,111,0,0,0,0,0,0,0,0,0,0,0,0,0,0,0,0,0,0,0,0,0,0,0,0,0,0,0,0,0,0,0,0,0,0
17180,0,0,0,0,0,0,0,0,0,0,0,0,0,0,0,0,0,0,0,0,0,0,0,0,0,0,0,0,0,0,0,0,0,0,0,0,0,0,0,0,0,0,0,0,0,0,11,7,0,0,0,0,0,0,0,0,0,0,0,0,0,0,0,0,0,0,0,0,0,0,0,0,0,0,0,0,0,0,0,0,0,0,60,0,0,0,4,0,0,0,0,0,0,0,0,0,0,0,0,0,0,0,0,0,0,0,0,0,0,0,0
17196,0,0,0,0,0,0,0,0,0,0,0,0,0,0,0,0,0,412,528,0,0,0,0,0,0,0,0,0,0,1487,0,0,0,0,0,0,0,0,0,0,0,0,0,0,0,0,0,0,0,0,0,0,0,0,0,0,0,0,0,0,655,0,0,0,0,0,0,0,0,0,0,0,0,37,0,0,0,0,0,0,0,0,0,0,0,0,0,0,0,0,0,0,0,0,0,0,0,0,0,0,0,0,0,0,0,0,0,0,0,0,0
172,0,0,48,0,0,0,96,221,0,0,0,30,0,0,0,0,0,404,692,0,13,0,0,0,0,72,404,0,5,605,0,0,0,214,0,13,50,0,0,94,0,0,0,0,28,31,0,4,0,0,0,0,0,268,0,0,0,101,0,0,506,0,49,0,0,0,0,22,1148,11,0,331,0,21,0,9,155,0,337,2780,0,2158,19268,0,0,0,334,9986,0,0,0,0,0,24,0,0,0,0,0,5935,0,0,0,6,0,0,0,0,0,0,0
17230,0,0,0,0,0,0,3127,0,0,0,800,0,0,0,0,0,0,0,0,0,0,0,0,0,0,0,0,0,0,61,0,0,0,211,0,0,0,0,0,0,0,0,0,0,0,0,0,0,0,0,0,0,0,0,0,0,0,0,52,0,0,0,0,0,0,0,0,0,0,0,0,0,0,0,0,0,0,0,0,0,0,0,0,0,0,0,0,0,0,0,0,0,0,17,0,0,0,0,0,0,0,0,0,0,0,0,0,0,0,0,0
17289,0,0,0,0,0,0,0,13,0,10,0,0,0,0,0,0,0,0,0,0,0,0,0,0,0,0,0,0,0,0,0,0,0,0,0,0,0,0,0,0,0,0,0,0,0,0,20,11,0,0,0,0,0,0,0,0,0,0,0,0,0,2,0,0,0,0,0,0,0,0,0,0,0,0,0,0,0,0,0,0,0,0,0,0,0,0,0,951,41,99,0,0,0,27,0,0,0,0,0,0,0,0,0,0,0,0,0,0,0,0,0
1730,0,0,0,0,0,0,35,0,0,0,0,0,0,0,0,0,0,0,0,0,0,0,0,0,0,0,0,0,0,0,0,0,0,0,0,0,0,0,0,0,0,0,0,0,0,0,0,0,0,0,0,0,0,0,0,0,0,0,0,0,0,0,25,0,0,0,0,0,0,0,0,0,0,0,0,0,0,0,3,112,0,693,100,0,0,0,0,400,0,0,0,0,0,0,0,0,0,0,0,540,0,0,0,0,0,0,0,0,0,0,0
17337,0,0,0,0,0,0,0,0,0,0,0,0,0,0,0,0,0,0,0,0,0,0,0,0,0,0,0,0,0,0,0,0,0,0,0,0,0,0,0,0,0,0,0,0,0,0,0,0,0,0,0,0,0,0,0,0,0,0,174,22,3,0,0,0,0,0,0,0,0,0,0,0,0,0,0,0,0,6,222,63,28,0,0,0,0,0,0,0,0,0,0,0,0,0,0,0,0,0,0,0,0,0,0,0,0,0,0,0,0,0,0
1740,0,0,0,0,0,0,0,0,0,0,0,0,0,0,0,0,0,0,0,0,0,0,0,0,0,0,0,0,0,0,0,0,0,520,0,0,0,0,0,0,0,61,0,0,0,0,0,31,0,0,0,0,0,0,0,0,0,0,0,0,0,0,0,0,255,0,0,0,0,0,0,2220,42,20,0,0,0,0,0,0,0,0,0,0,0,0,0,0,0,0,0,0,0,0,0,0,0,0,0,0,0,0,0,0,0,0,0,0,0,0,0
17405,0,0,0,0,0,0,0,0,0,0,0,0,0,0,0,0,0,0,0,0,0,0,0,0,0,0,0,0,0,0,0,0,0,0,0,0,0,0,0,0,0,0,0,0,0,0,0,0,0,0,0,0,0,0,0,0,0,0,0,0,0,0,0,0,0,0,0,0,0,0,13,0,0,0,0,0,0,0,0,13,0,0,0,0,0,0,0,0,0,0,0,0,0,0,0,0,0,0,0,0,0,0,475,43,0,0,0,0,0,0,0
17587,0,0,920,0,0,0,0,0,0,0,0,0,0,0,0,0,0,0,0,0,182,0,0,0,0,0,0,0,0,0,0,0,0,0,0,0,0,0,0,81,0,1204,0,0,837,263,0,0,0,0,0,0,0,397,0,0,0,0,0,0,0,0,35943,0,0,0,0,0,0,89,0,0,0,12,57,0,0,0,27210,26542,0,0,0,0,0,0,44,0,0,0,0,0,0,23,0,0,0,0,0,17,0,0,0,0,0,0,1480,0,0,0,0
176,0,0,0,0,0,0,58,0,0,0,0,0,0,0,0,21,0,63,0,0,0,0,0,0,0,0,0,0,0,6,0,0,0,26,0,6,2471,0,0,0,0,0,0,0,67,0,0,0,0,0,0,0,0,0,65,0,0,0,0,0,0,0,0,0,0,0,5680,0,0,0,0,0,0,0,0,0,72,0,275,662,0,1623,621,0,0,0,199,1175,0,0,0,5,0,8,0,0,0,0,0,1119,0,0,0,0,0,0,0,0,0,0,0
17696,0,0,0,0,0,0,0,0,0,0,0,0,0,0,0,0,0,0,0,0,0,0,0,0,0,0,0,0,15,0,0,0,0,0,0,0,0,0,0,0,0,0,0,0,0,0,0,0,0,0,0,0,0,0,0,0,0,0,0,0,0,0,0,0,0,0,0,0,0,0,0,0,429,72,63,0,0,0,0,0,0,0,0,0,0,0,0,0,0,0,0,0,0,0,0,0,0,0,0,0,0,0,0,0,0,0,0,0,0,0,0
1770,0,0,0,0,0,0,0,347,0,39630,0,0,0,0,0,51,0,12,0,0,0,0,1385,0,0,0,210,0,332,12789,0,0,0,0,0,0,0,0,868,0,0,0,0,0,28,0,0,0,0,0,0,0,0,131,0,33,0,28,0,0,17,0,0,0,0,0,0,161,0,37,267,0,720,284,76,0,0,0,0,0,0,77,208,0,0,0,0,0,0,0,0,0,12,88,0,0,0,0,0,0,0,0,1553,47,0,0,0,0,0,0,0
179,0,0,0,0,0,0,0,0,0,0,0,0,0,0,0,0,0,0,0,0,0,0,0,0,0,0,0,0,0,0,0,0,0,9343,0,0,0,0,0,0,0,0,0,0,39,0,0,0,0,0,0,0,0,0,0,0,0,56,0,0,0,0,13,0,0,0,0,0,0,0,0,0,0,0,0,0,0,0,0,44,0,0,0,0,13,0,0,0,0,0,0,0,0,1753,0,0,0,0,0,0,0,0,0,0,0,362,0,0,0,0,0
1794,0,0,0,0,0,0,52,0,0,0,0,0,0,0,0,1151,0,0,0,0,0,0,0,0,0,0,0,0,62,0,0,0,0,0,0,0,0,0,0,36,0,0,0,0,0,0,0,0,0,537,3079,8,60,107,0,0,0,0,4,0,0,10,294,0,0,0,3266,791,1980,22,0,0,139,44,0,0,18,0,0,130,0,0,0,0,0,0,0,0,0,0,0,0,0,0,0,0,0,0,0,0,0,0,0,0,0,0,0,0,0,0,0
17968,0,0,0,0,0,0,0,0,0,0,0,0,0,0,0,0,0,0,0,0,0,0,0,0,0,0,0,0,0,0,0,0,0,386,0,0,0,0,179,194,0,0,0,0,0,0,0,0,0,0,0,0,0,0,0,0,0,0,0,0,0,0,0,0,0,0,0,0,0,0,0,0,6,268,0,0,0,0,0,0,0,0,0,0,0,0,0,0,0,0,0,0,0,0,0,0,0,0,0,0,0,0,0,0,0,0,0,0,0,0,0
1802,0,0,0,0,0,0,0,0,0,0,0,0,0,0,0,0,87,0,0,0,0,0,0,0,0,0,0,0,0,0,0,0,0,0,0,0,0,0,69,1252,0,0,0,0,0,0,0,0,0,0,0,0,0,0,0,0,0,0,765,47,37,0,0,0,0,0,0,0,0,0,8814,0,0,29,0,0,9743,0,0,0,0,0,0,0,0,0,0,0,0,0,0,0,0,0,0,0,0,0,0,0,0,0,0,0,0,0,0,0,0,0,0
18020,0,0,0,0,0,0,0,0,0,0,0,0,0,0,0,0,0,0,0,0,0,0,0,0,0,53,0,0,0,0,0,47,0,0,0,0,0,0,0,0,0,0,0,0,201,90,84,281,0,0,0,0,0,0,0,0,0,0,0,0,0,0,0,0,4,0,0,0,0,0,0,0,0,0,0,0,0,0,0,0,0,0,0,0,0,0,0,0,0,0,0,0,0,0,0,286,0,0,0,0,0,0,0,0,0,0,0,0,0,0,0
18141,0,0,0,0,0,0,0,0,0,0,0,0,0,0,20,50,0,0,0,0,0,0,0,0,0,0,0,0,0,0,0,0,0,0,0,0,0,0,0,0,0,0,0,0,0,0,4,0,0,0,0,0,0,0,0,0,0,0,0,0,0,0,0,0,0,0,0,0,0,0,3,0,0,0,0,0,19,0,17,0,0,0,0,0,0,0,0,0,0,0,0,0,19,0,0,0,0,0,0,0,0,0,0,0,0,0,0,0,0,0,8
1820,0,0,0,0,0,0,1,5,0,0,0,0,0,0,0,0,0,0,0,0,0,0,0,0,2,0,0,0,0,0,0,0,0,0,0,0,0,0,0,0,0,0,0,0,0,0,0,0,0,0,0,0,0,0,3,0,0,0,127,0,6,2,4,0,0,0,0,0,0,0,0,0,0,0,0,0,0,8,2,0,58,0,8,0,0,0,3211,0,0,0,0,0,0,0,0,0,0,0,38,0,0,0,0,0,0,0,0,0,0,0,0
18218,0,0,0,0,0,0,0,0,0,0,0,0,0,0,23,0,0,20,0,0,0,0,0,0,0,0,0,0,0,0,0,0,0,0,0,0,0,0,0,0,0,0,0,0,0,0,0,0,0,0,0,0,0,0,0,0,0,11,0,0,0,0,0,0,0,0,0,19,0,0,0,0,0,18,0,0,0,0,0,0,0,0,44,0,0,0,15,0,0,0,0,0,0,56,0,0,0,0,0,0,0,0,0,0,0,0,1992,0,0,0,0
18243,0,0,0,0,0,0,0,0,0,0,0,0,0,0,2,26,0,0,0,0,0,0,0,0,0,0,0,0,0,0,0,0,0,0,0,0,0,0,0,0,0,0,0,0,0,0,7,0,0,0,0,0,0,0,0,0,42,0,0,0,0,0,3,0,0,0,0,0,0,0,0,0,0,0,0,0,0,0,0,0,0,0,0,0,0,0,0,0,0,0,0,0,9,0,0,0,0,0,0,0,0,0,0,0,0,0,0,0,0,0,0
18248,0,0,0,0,0,0,0,0,0,0,0,0,0,0,7,0,0,0,0,0,0,0,0,0,0,0,0,0,0,91,0,0,0,0,0,0,0,0,0,0,0,0,0,0,0,0,0,2,0,0,0,5,0,7,0,0,0,0,0,0,0,0,0,0,0,0,0,0,0,0,0,0,0,0,0,0,0,0,15,66,0,0,0,0,0,0,0,0,0,0,0,0,0,0,0,0,0,0,0,0,0,0,0,0,0,0,0,0,0,0,0
1825,0,0,0,0,0,0,0,0,0,0,0,0,0,0,0,0,0,0,0,0,0,0,0,0,0,0,0,0,0,0,0,0,0,0,0,0,0,0,0,0,0,0,0,0,0,0,0,0,0,0,0,0,0,0,0,0,0,0,69,0,5,0,0,0,0,0,0,0,0,0,0,0,0,0,0,0,0,7,2,0,11,0,0,0,0,0,609,0,0,0,0,0,0,0,0,0,0,0,30,0,0,0,0,0,0,0,0,0,0,0,0
1829,0,0,0,0,0,0,2106,0,0,0,0,0,0,0,168,0,0,0,172,0,0,0,0,0,0,0,0,0,0,0,0,0,0,47570,0,653,0,0,0,0,0,0,0,0,0,0,0,0,0,0,0,0,0,0,0,0,0,0,0,0,0,0,0,0,0,0,0,0,0,0,0,0,0,0,0,0,0,0,0,0,0,0,0,0,0,0,0,0,0,0,0,0,0,0,0,0,0,0,0,0,0,0,0,0,0,0,0,0,0,0,0
18293,0,0,0,0,0,0,0,0,0,0,0,0,0,0,0,0,0,0,0,0,0,0,0,0,0,0,0,0,0,76,0,0,0,0,0,0,0,0,0,0,0,0,0,0,0,0,0,0,0,0,0,0,0,0,17,0,0,0,0,0,0,0,0,0,0,0,0,5,0,3,0,0,0,0,0,0,0,0,0,0,0,0,0,0,0,0,0,0,0,0,0,0,0,0,0,0,0,0,0,19,0,0,0,0,0,0,0,0,0,0,0
183,0,0,0,0,0,0,107,0,0,0,0,0,0,0,0,0,0,0,0,0,0,0,0,0,0,0,0,0,0,118,0,0,0,0,0,4,0,0,0,0,0,0,60,0,74,0,0,8,0,0,0,0,0,0,28,0,0,0,0,0,0,0,61,0,0,0,0,0,0,0,0,0,0,0,0,0,0,0,371,876,12,0,75,0,0,0,242,766,0,0,0,0,0,6,0,0,0,0,0,1089,0,0,0,0,0,63,0,0,0,0,0
184,0,0,0,0,0,0,53,149,0,0,9,0,0,0,0,0,0,0,0,0,0,0,0,0,0,0,0,0,14,0,0,0,0,0,0,0,0,0,0,0,0,0,0,0,0,0,36,224,0,0,0,21,0,0,1169,277,40,0,0,0,32,0,0,0,11,0,0,0,0,0,0,0,0,68,0,0,0,0,0,660,105,28,12,0,0,24,306,0,0,0,0,0,0,0,0,0,0,0,0,0,0,0,0,4,0,61,0,0,0,0,0
18444,0,0,0,0,0,0,0,0,0,0,0,0,0,0,0,0,0,0,0,0,0,0,0,0,0,0,0,0,0,5,0,0,0,0,0,0,0,0,0,0,0,0,0,0,0,0,0,0,0,0,0,0,0,20,6,0,0,0,0,0,0,0,0,0,0,0,0,0,6,0,0,0,0,0,0,0,0,0,0,23,0,0,0,0,0,0,0,0,0,0,0,0,0,0,0,0,0,0,0,0,0,0,0,0,0,0,0,0,0,0,0
18474,0,0,0,0,0,0,0,0,0,0,0,0,0,0,0,0,0,0,0,0,71,0,11073,0,0,0,0,0,616,17634,0,0,0,0,0,0,0,0,32158,0,0,0,0,0,0,148,0,0,0,0,0,0,0,0,0,0,0,0,0,0,0,0,0,0,0,0,0,56,0,73,698,0,361,80,21,0,0,0,0,0,0,0,0,0,0,0,32,86,0,0,0,0,0,0,0,0,0,0,0,0,0,0,0,0,0,0,3336,0,0,0,0
18505,0,0,0,0,0,0,0,0,0,0,0,0,0,0,0,0,0,0,0,0,0,0,0,0,0,2086,0,0,0,0,0,310,0,0,0,0,0,0,0,0,0,0,0,0,31558,8743,2805,13590,0,0,0,0,0,0,0,0,0,0,0,0,0,0,0,0,0,0,0,0,0,0,0,0,0,0,0,0,0,0,0,0,0,0,0,0,0,0,0,0,0,0,0,0,0,0,0,0,0,0,0,0,0,0,0,0,0,0,0,0,0,0,0
18522,0,0,0,0,0,0,0,0,0,0,0,0,0,0,0,0,0,0,0,0,0,0,0,0,0,41,0,0,0,0,0,0,0,1251,0,0,0,0,0,403,0,0,4333,0,0,0,0,0,0,0,0,0,0,0,0,0,0,0,0,0,0,0,0,0,0,0,0,0,0,0,0,0,0,0,0,0,0,0,0,0,0,0,0,0,0,0,0,0,0,0,0,0,0,0,0,0,0,0,0,0,0,0,0,0,0,0,0,0,0,0,0
18557,0,0,0,0,0,0,0,0,0,7,0,0,0,0,0,0,0,0,0,0,0,0,0,0,0,0,0,0,0,0,0,0,0,0,0,0,0,0,0,7,0,0,22,0,0,0,0,0,0,0,0,0,0,0,0,0,0,0,0,0,0,0,0,0,0,0,0,0,0,10,0,101,0,0,0,0,0,0,0,0,0,0,0,0,0,0,0,0,0,0,0,0,0,0,0,0,0,0,0,0,0,0,0,0,0,0,0,0,0,0,0
186,0,0,0,0,0,0,53,42,0,0,0,0,223,0,0,0,0,579,522,0,0,0,0,0,0,0,0,0,0,0,0,0,0,0,0,0,0,0,0,19,0,0,0,0,0,0,0,0,0,0,0,41,126,587,2452,251,134,0,20,0,18,0,0,0,0,0,0,0,0,0,0,0,0,0,11,0,0,0,0,485,0,862,110,0,0,0,662,0,0,0,0,0,0,0,0,0,0,0,0,0,0,0,0,0,0,358,0,0,0,0,0
18604,0,0,0,0,0,0,0,0,0,0,0,0,0,0,0,0,0,0,0,0,0,0,0,0,0,168,159,0,0,25,0,0,0,0,0,0,0,0,0,0,0,0,0,0,0,0,0,0,0,0,0,0,0,0,0,0,0,0,0,0,0,0,0,0,0,0,0,0,0,865,0,0,0,0,1148,0,0,0,0,0,0,0,0,0,0,0,0,0,0,2886,0,0,0,0,0,0,0,0,0,0,0,0,0,0,0,0,0,0,0,0,0
18673,0,0,0,0,0,0,0,0,0,0,0,0,0,0,0,0,0,0,0,0,0,0,0,0,0,0,0,0,0,0,0,0,0,0,0,0,0,0,0,0,0,0,0,0,0,0,0,0,0,0,0,0,0,0,0,0,0,0,0,0,0,0,0,0,0,0,0,0,0,0,0,0,0,0,0,0,0,0,160,2070,30,18,0,0,0,0,0,0,0,0,0,0,0,0,0,0,0,0,0,0,0,0,0,0,0,0,0,0,0,0,0
187,0,0,0,0,0,0,250,11,0,0,0,0,0,0,0,0,0,0,0,0,0,0,0,0,0,0,0,0,0,0,0,0,0,0,0,0,0,0,0,0,0,0,0,0,0,0,0,0,0,0,0,0,0,0,0,0,0,0,0,0,0,0,0,0,0,0,0,14,0,0,0,0,0,0,0,0,15,0,0,2085,0,0,0,0,0,7,50,0,0,0,0,0,0,0,0,0,0,0,0,57,0,0,0,0,0,0,0,0,0,0,0
1872,0,0,0,0,0,0,0,0,0,0,0,0,0,29,0,0,0,0,0,0,0,0,0,0,0,0,0,0,0,0,0,0,105,0,0,0,0,0,0,0,0,0,0,0,130,0,0,0,0,0,0,0,0,0,0,26,0,0,0,0,0,0,0,0,0,0,0,0,0,0,0,0,0,0,0,0,0,0,0,0,0,0,0,0,0,0,0,0,0,0,0,0,0,0,0,0,0,0,0,0,0,0,0,0,0,0,0,0,0,0,0
18725,0,0,0,0,0,0,0,0,0,0,0,0,0,0,43,0,0,18,5,0,0,0,0,0,0,0,19,0,32,243,0,0,0,0,0,0,0,0,0,0,0,0,0,0,0,0,0,0,0,0,0,0,0,0,0,0,0,11,0,0,0,0,0,0,0,0,0,33,0,359,0,0,0,207,0,0,0,0,171,251,4,0,0,0,0,0,17,0,0,0,0,0,0,0,0,0,0,0,0,18,0,0,60,0,0,0,7952,0,0,0,0
1879,0,0,0,0,0,0,68,776,0,0,0,0,0,0,0,0,0,0,0,0,0,0,0,0,0,0,0,0,0,0,0,0,0,0,0,0,0,0,0,0,0,0,0,0,0,0,0,0,0,0,0,0,0,0,0,0,0,0,0,0,0,0,0,0,0,0,0,0,0,0,0,195,0,0,0,0,0,0,264,0,0,0,0,0,0,0,0,0,0,0,0,0,0,0,0,0,0,0,0,0,0,0,0,0,0,0,0,0,0,0,0
1885,0,0,0,0,0,0,0,0,0,42,0,0,0,0,0,0,0,0,7,0,0,0,0,0,0,0,0,0,0,0,0,0,0,0,0,0,0,0,83,64,0,0,0,0,0,0,42,0,0,2326,38682,103,219,167,0,0,38,0,0,0,0,0,0,0,0,0,0,0,0,0,0,0,0,0,0,0,0,0,0,3973,0,0,0,0,0,0,0,0,0,0,0,0,0,0,0,0,0,0,0,0,0,0,0,0,0,0,233,0,0,0,0
1887,0,0,269,0,0,0,0,0,0,0,0,0,0,0,0,0,0,0,0,0,0,0,0,0,0,0,30,0,0,0,0,0,0,135,0,0,0,0,0,0,0,0,0,0,0,0,0,0,0,0,0,0,0,0,0,0,0,0,0,0,0,0,0,0,0,0,0,0,0,0,0,0,0,0,0,0,0,0,0,76,0,0,0,0,0,0,0,0,0,0,0,0,148,1137,0,0,0,0,0,14,0,0,0,0,0,0,0,0,0,0,0
1891,0,0,0,0,0,0,0,0,0,0,0,0,0,0,0,0,0,2250,177,0,0,0,0,0,0,0,0,0,0,0,0,0,0,0,0,0,0,0,0,0,0,0,0,0,0,0,0,0,0,0,0,0,0,0,0,0,0,0,0,0,336,0,0,0,0,0,0,49,0,0,0,0,0,0,0,0,0,0,0,0,0,0,87,0,0,0,0,0,0,0,0,0,0,0,0,0,0,0,0,0,0,0,0,0,0,0,0,0,0,0,0
18984,0,0,0,0,0,0,0,0,0,0,0,0,0,0,0,6,0,0,0,0,0,0,0,0,0,0,0,0,0,0,0,0,0,0,0,0,0,0,0,0,0,0,0,0,0,0,5,0,0,0,0,0,0,0,0,0,0,0,9,0,0,0,2,0,0,0,0,0,0,0,0,0,0,0,0,0,7,0,2,0,0,0,0,0,0,0,0,0,0,0,0,0,7,0,0,0,0,0,0,0,0,0,0,0,0,0,0,0,0,0,0
19,0,0,0,0,0,0,0,0,0,91,0,0,0,0,0,0,681,0,0,0,177,0,3,0,0,0,0,0,4208,5352,0,0,0,2219,0,0,0,0,0,0,0,298,7610,0,207,220,0,0,0,0,0,1041,1979,11123,0,0,0,0,8,130,112,0,0,0,1285,0,0,0,0,79635,0,2969,349,663,47,0,136,0,0,0,0,0,311,0,0,0,56,0,0,0,0,0,0,28,0,0,0,0,0,19,0,0,0,0,0,0,0,0,0,0,0
190,0,0,137,0,0,0,0,0,0,22,0,0,0,0,0,0,0,0,0,0,27,0,0,0,0,0,0,0,16,54,0,0,0,373,0,0,0,0,0,0,0,15,0,0,86,91,0,0,0,0,0,0,0,0,0,0,6,0,0,0,0,0,0,0,75,0,0,0,0,16,0,748,29,17,0,10,0,0,28691,85015,0,874,948,0,0,0,131,0,0,0,0,0,0,0,0,0,0,0,0,0,0,0,0,0,0,0,0,0,0,0,0
1904,0,13,0,0,0,0,48,0,0,0,0,0,0,0,0,0,0,0,0,0,0,0,0,0,0,0,0,0,0,0,0,0,0,0,0,0,0,0,0,0,0,0,0,0,0,0,0,0,0,0,0,0,0,0,0,0,0,0,0,0,0,0,0,0,0,0,0,0,0,0,0,0,0,0,0,0,0,0,0,0,0,0,0,0,0,0,24,0,0,0,0,0,0,16,0,0,0,0,0,1779,0,0,0,0,0,0,0,0,0,0,0
1907,0,0,11713,0,2672,11338,0,0,0,0,0,0,1104,0,0,44,8391,1085,63,0,0,0,257,5,33703,0,1947,0,1294,371,0,0,10201,6487,0,0,0,0,2446,474596,0,0,0,0,0,31511,15636,6542,0,0,0,0,132109,0,1109,5584,1273,461,0,0,0,335,163,0,30,0,24634,10492,19641,0,0,49421,907,3299,311,655,77970,0,8914,37265,40,0,0,0,12,0,868542,1940,723,574,0,0,0,8784,0,0,0,0,0,0,0,0,0,0,15041,90043,399695,0,0,0,1613
19111,0,0,0,0,0,0,0,0,0,0,0,0,0,0,0,0,0,0,0,0,0,0,0,0,0,0,0,0,26,0,0,0,0,0,0,0,0,0,0,0,0,0,0,0,0,0,37,32,0,0,0,0,0,0,0,0,0,0,0,0,0,0,0,0,0,0,0,0,0,0,0,0,0,0,0,0,0,0,0,1377,43,0,66,0,0,0,0,0,0,0,0,0,0,0,0,0,0,0,0,0,0,0,0,0,0,0,0,0,0,0,0
1919,0,0,0,0,0,0,0,0,0,0,0,0,0,0,0,0,0,0,0,0,0,0,0,0,0,0,0,0,0,0,0,0,0,6,0,0,0,0,0,0,0,0,0,0,0,0,0,0,0,0,0,0,0,0,0,0,0,0,25,0,0,0,2,0,0,0,0,0,0,0,0,0,0,0,0,0,0,12,0,0,6,0,0,0,0,0,586,0,0,0,0,0,0,0,0,0,0,0,15,0,0,0,0,0,0,0,0,0,0,0,0
192,0,0,0,0,0,0,0,0,0,30427,0,0,0,0,0,48,6,5966,555,0,0,0,0,0,0,3162,611,0,93,46,0,0,0,0,0,0,0,0,0,55,0,0,0,0,0,0,0,0,0,0,0,0,0,0,489,0,44,0,0,0,0,0,0,0,289,0,0,0,0,0,0,0,44,61,0,0,0,0,0,0,520,29,0,0,0,0,0,0,0,0,0,0,0,0,0,0,0,0,0,0,0,0,0,0,0,0,0,0,0,0,0
19255,0,0,0,0,0,0,0,19,0,38,0,0,0,0,0,0,0,104,0,0,0,0,0,0,0,0,0,0,0,0,0,0,0,0,0,0,0,0,14,0,0,0,0,0,0,0,0,0,0,0,0,0,0,0,0,0,0,0,0,0,0,0,0,0,0,0,0,0,0,167,0,0,0,0,0,0,0,0,0,0,0,0,0,0,0,0,0,0,0,0,0,0,0,0,0,0,0,0,0,0,0,0,0,0,0,0,0,0,0,0,0
19279,0,0,0,0,0,0,0,0,0,0,0,0,0,0,0,0,0,0,0,0,0,0,0,0,0,0,0,0,0,0,0,0,0,0,0,0,0,0,0,0,0,0,0,0,0,0,0,0,0,0,0,0,0,0,0,0,0,0,0,0,0,0,0,0,0,0,0,0,0,0,0,0,0,0,0,0,0,0,6,2828,0,6568,1926,0,0,0,0,0,0,0,0,0,0,0,0,0,0,0,0,286,0,0,0,0,0,0,0,0,0,0,0
19299,0,0,0,0,0,0,0,0,0,0,0,0,0,0,0,0,0,0,0,0,0,0,0,0,0,0,0,0,0,0,0,0,0,0,0,0,0,0,0,0,0,0,0,0,0,0,0,0,0,0,0,0,0,1960,0,0,370,0,0,0,110,0,0,0,0,0,0,0,0,0,0,0,28,1612,0,0,0,0,0,0,0,0,0,0,0,0,0,0,0,0,0,0,0,257,0,0,0,0,0,0,0,0,0,0,0,0,0,0,0,0,0
1934,0,0,0,0,0,0,0,0,0,0,0,0,0,0,0,0,0,0,0,0,0,0,0,0,0,0,0,0,10,0,0,0,0,0,0,0,0,0,0,32,0,0,0,0,0,0,0,0,0,0,0,0,0,0,0,0,0,0,0,0,0,0,0,0,0,0,0,0,0,0,0,0,800,133,64,0,0,0,0,0,0,0,0,0,0,0,0,0,0,0,0,0,0,0,0,0,0,0,0,0,0,0,113,59,0,0,0,0,0,0,0
1936,0,0,0,0,0,0,200,464,0,0,0,0,0,0,0,0,0,332,131,0,0,0,0,0,0,0,0,0,0,0,0,0,0,0,0,0,0,0,0,0,0,0,0,0,0,0,0,0,0,0,0,0,0,100,0,0,0,0,0,0,0,0,0,0,0,0,0,0,0,0,0,0,0,28,0,0,0,0,176,0,0,0,0,0,0,0,0,0,0,0,0,0,0,0,0,0,0,0,0,0,0,0,0,0,0,0,0,0,0,0,0
19383,0,0,0,0,0,0,0,0,0,42582,0,0,0,0,0,85,1223,92,66,0,0,0,0,0,0,0,160,0,141,0,0,0,0,0,0,0,0,0,0,0,0,0,0,0,0,0,0,0,0,0,0,0,0,0,0,0,0,0,0,0,0,0,0,0,0,0,0,0,0,0,0,0,0,114,0,0,0,0,0,0,0,0,0,0,0,0,0,0,0,0,0,0,0,0,0,0,0,0,0,0,0,0,0,0,0,0,0,0,0,0,0
194,0,0,0,0,0,0,0,487,0,0,0,2,5,0,243,0,0,132,0,4,0,0,45,0,0,0,0,0,307,3836,0,0,41,57,0,98,26,0,0,0,0,0,1645,0,455,0,28,82,0,0,0,0,0,0,8,0,0,0,0,0,5,0,0,0,0,0,0,130,0,9101,13,0,120,48,0,0,147,8,504,2717,21,30,70,0,0,0,0,0,0,0,0,0,0,80,0,0,0,0,0,111,0,0,746,43,0,0,0,0,0,0,0
195,0,0,0,0,0,0,0,0,0,0,0,0,0,0,0,0,0,0,0,0,0,0,0,0,0,0,0,0,0,0,0,0,0,0,0,0,0,0,102,54,0,0,0,0,0,0,0,0,0,0,0,0,0,0,0,0,0,0,0,0,0,0,0,0,0,0,0,0,0,28,0,0,0,0,0,0,0,0,0,0,94,0,163,0,0,0,0,0,0,0,0,0,0,0,0,0,0,0,0,0,0,0,0,0,0,0,0,0,0,0,0
1951,0,0,0,0,0,0,0,0,0,0,0,0,0,0,0,0,0,0,0,0,0,0,0,0,0,0,0,0,0,9,0,0,0,20,0,0,0,0,0,0,0,0,0,0,0,40,6,0,0,0,0,0,0,0,0,0,0,0,0,0,0,0,0,0,0,0,0,0,124,0,24735,0,0,0,0,0,0,0,8,14,13,0,0,0,0,0,0,0,0,0,0,0,0,0,0,0,0,0,0,0,0,0,0,0,0,0,0,0,0,0,0
19515,0,0,0,0,0,0,0,0,0,0,0,0,0,0,0,0,0,0,0,0,0,0,2,0,0,0,0,0,223,3,0,0,0,0,0,0,0,0,0,0,0,0,0,0,0,0,0,0,0,0,0,0,0,227,0,0,0,0,0,0,0,0,0,0,0,0,0,0,0,0,0,0,0,0,0,0,0,0,0,0,0,0,0,0,0,0,0,0,0,0,0,0,0,0,0,0,0,0,0,0,0,0,0,0,0,0,0,0,0,0,0
19519,0,0,0,0,0,0,0,0,0,0,0,0,0,0,0,3224,14037,396,1353,0,0,0,0,0,0,0,22,0,28,8,0,0,0,0,0,0,0,0,0,307,0,0,0,0,0,0,0,0,0,0,0,0,0,0,0,0,0,0,0,0,0,0,0,0,0,0,0,0,0,170,0,0,0,0,0,0,0,0,0,0,0,6,1554,0,0,0,0,0,0,0,0,0,0,0,0,0,0,0,0,0,0,0,0,0,0,0,0,0,0,0,0
1952,0,0,0,0,0,0,0,0,0,0,0,0,0,0,0,0,0,0,0,0,0,0,0,0,0,0,0,0,0,0,0,0,0,0,0,0,0,0,0,0,0,0,0,0,0,0,0,0,0,0,0,0,0,0,0,0,0,0,49,0,0,0,0,0,0,0,0,0,0,0,0,0,0,0,0,0,0,29,0,0,11,0,0,0,0,0,274,0,0,0,0,0,0,0,0,0,0,0,0,0,0,0,0,0,0,0,0,0,0,0,0
19572,0,0,0,0,0,0,0,0,0,14,0,0,0,0,0,0,0,0,0,0,0,0,0,0,0,0,0,0,0,0,0,0,0,0,0,0,0,0,25,0,0,0,0,0,0,0,0,0,0,0,0,0,0,93,0,0,0,0,0,0,0,0,0,0,0,0,0,34,5000,251,28,0,136,94,21,0,0,0,0,0,81,14,4,0,0,0,0,0,0,0,0,0,0,0,0,0,0,0,0,0,0,0,0,0,0,0,0,0,0,0,0
196,0,0,0,0,0,0,0,0,0,0,0,0,0,0,0,0,0,47,0,0,0,0,0,0,0,0,0,0,0,0,10,0,0,0,0,0,0,0,0,0,0,0,0,0,0,0,0,0,0,0,0,0,0,0,62,0,0,0,0,0,0,0,38,0,0,0,0,0,0,0,0,0,0,0,0,0,0,0,0,0,0,0,0,0,0,0,0,0,0,0,0,0,0,0,0,0,0,0,0,0,0,0,0,0,0,0,0,0,0,0,0
19644,0,0,0,0,0,0,0,0,0,0,0,0,0,0,0,0,0,0,0,0,0,0,0,0,0,6,26,0,10,7,0,0,0,0,0,0,0,0,0,0,0,0,0,0,0,0,0,0,0,0,0,0,0,0,0,0,0,140,0,0,272,0,0,0,0,0,0,0,0,0,0,0,0,0,0,0,0,0,0,504,0,0,0,0,0,0,0,0,0,11,0,0,0,0,0,0,0,0,0,0,0,0,0,0,0,0,0,0,0,0,0
19653,0,0,0,0,0,0,0,0,0,0,0,0,0,0,0,0,0,0,0,0,0,0,0,0,0,0,0,0,0,0,0,0,0,0,0,0,0,0,0,0,0,0,0,0,0,0,0,0,0,1369,20530,0,277,97,0,0,0,0,0,0,0,0,0,0,0,0,0,0,0,0,0,0,0,0,0,0,0,0,0,0,0,0,0,0,0,0,0,0,0,0,0,0,0,0,0,0,0,0,0,0,0,0,0,0,0,0,1111,0,0,0,0
19658,0,0,0,0,0,0,0,0,0,0,0,0,0,0,80,0,0,0,0,0,0,0,0,0,0,0,0,0,0,0,0,0,0,0,0,0,0,0,0,0,0,0,0,0,0,0,0,0,0,0,0,0,0,0,0,0,0,0,0,0,432,0,0,0,0,0,0,0,0,11952,0,0,10,31,0,0,0,0,0,0,0,0,153,0,0,0,0,0,0,0,0,0,0,502,0,0,0,0,0,0,0,0,0,0,0,0,0,0,0,0,0
19691,0,0,0,0,0,0,0,191,0,69,0,0,0,0,0,0,0,0,0,0,0,0,0,0,0,0,0,0,0,0,0,0,0,0,0,0,0,0,0,0,0,0,0,0,0,0,58,237,0,0,0,0,0,0,0,0,0,0,0,0,0,0,0,0,62,0,0,0,0,0,0,0,0,0,0,0,0,0,0,0,0,0,0,0,0,0,92,0,0,0,0,0,0,0,0,0,0,0,0,0,0,0,0,0,0,0,0,0,0,0,0
19695,0,0,0,0,0,0,0,0,0,15,0,0,0,0,0,0,0,0,0,0,0,0,0,0,0,0,0,0,0,14,0,0,0,0,0,0,0,0,0,0,0,0,0,0,0,0,0,0,0,0,0,0,0,0,0,0,0,0,0,0,15,2,0,0,0,0,0,0,0,34,0,0,0,0,0,0,0,0,0,0,0,0,0,0,0,0,0,0,0,0,0,0,0,0,0,0,0,0,0,0,0,0,0,0,0,0,0,0,0,0,0
199,0,0,0,0,0,0,21,132,0,16,0,0,0,0,6,910,5203,38627,849,0,0,0,0,0,76656,3612,2390,0,864,96,0,0,0,165,0,493,0,0,243,0,34,0,0,0,388,0,0,0,0,0,0,0,0,0,0,0,0,0,0,8,55,286,0,0,184,7,0,0,0,839,0,0,376,1529,68,0,0,0,99,1657,438,7,48,0,0,21,236033,1384,159,2195,0,0,0,0,0,0,0,0,0,912,0,0,0,14,713,520,0,0,0,0,140
1992,0,0,0,0,0,0,2482,0,0,0,0,0,0,18,0,0,0,0,0,0,0,0,0,0,0,0,0,0,0,0,0,0,0,0,0,0,0,0,0,0,0,0,0,0,0,0,0,0,0,0,0,0,0,0,34,132,0,0,0,0,0,0,0,0,0,0,0,0,0,0,0,0,0,0,0,0,0,0,0,982,3,0,0,0,0,0,0,0,0,0,0,0,0,0,0,0,0,0,0,0,0,0,0,0,0,0,0,0,0,0,0
1994,0,0,0,0,0,0,98,71,0,0,0,0,0,0,0,0,0,2037,401,0,0,0,13,0,0,0,0,0,0,0,0,0,0,0,0,0,1228,0,0,0,0,0,0,0,0,0,9,10,0,0,0,0,0,0,0,0,72,0,0,0,0,0,0,0,0,0,0,0,0,7,0,0,0,0,0,0,0,8,0,1303,0,0,0,0,0,0,0,0,0,0,0,0,0,0,0,0,0,0,0,710,0,0,0,7,0,0,0,0,0,0,0
19976,0,0,0,0,0,0,0,0,0,0,0,0,0,0,0,0,0,0,0,0,0,0,0,0,0,0,0,0,0,142,0,0,0,1155,0,20,0,0,0,125,0,0,5503,0,0,0,0,0,0,0,0,0,0,0,0,0,0,0,0,0,0,0,0,0,0,0,0,0,0,0,0,0,0,0,0,0,0,0,0,27,68,0,2,0,0,0,0,0,0,0,0,0,0,0,0,0,0,0,0,0,0,0,0,0,0,0,0,0,0,0,0
2,0,0,570,0,0,0,15148,3165,0,208,2882,0,848,0,462,1954,62,1204,346,0,104,0,0,0,0,108,23,0,348,1391,0,18,167,23349,0,873,2566,0,715,8209,0,0,57464,0,3476,136,484,235,0,0,0,0,0,343,15032,891,870,0,566,0,398,40,45415,0,88,0,0,506,44,560,42,1539,432,142,0,21,1367,0,6262,69454,7987,10027,5825,0,0,84,2317,11052,122,870,0,0,118,8369,0,0,0,0,38,2910,0,60,1551,156,0,1160,3062,0,0,0,0
200,0,0,0,0,0,0,0,0,0,0,0,0,0,0,0,0,0,0,0,0,0,0,0,0,0,0,172,0,13656,2061,0,0,0,0,0,0,0,0,0,523,0,0,0,0,0,0,0,0,0,0,0,0,0,0,0,0,0,0,0,0,0,0,0,0,0,0,0,0,0,0,0,0,2222,282,329,0,0,0,31,148,169,0,0,0,0,0,0,700,0,0,0,11,0,0,0,0,0,0,0,3509,0,0,0,0,0,0,0,0,0,0,0
2002,0,0,0,0,0,0,0,0,0,0,0,0,0,0,0,0,0,0,0,0,0,0,0,0,0,0,0,0,0,0,0,0,0,54,0,0,0,0,0,0,0,0,0,0,0,0,0,0,0,0,0,0,0,0,0,0,0,0,0,0,0,0,0,0,0,0,0,0,0,5377,0,0,24,42,0,0,592,0,0,0,0,0,0,0,0,0,0,0,0,0,0,0,0,0,0,0,0,0,0,0,0,0,0,0,0,0,0,0,0,0,0
2006,0,0,68115,0,0,48,0,0,0,0,0,0,0,0,0,0,3457,686,1163,0,0,0,217,7,20466,261,0,0,0,0,0,0,1280,2194,0,0,0,14,4510,31413,0,0,0,0,0,0,77,0,0,0,0,0,201920,0,362,61,0,0,0,0,480,624,129,0,0,0,11837,31701,0,1979,0,9048,5030,18234,363,0,60635,0,14219,19528,5217,0,324,0,92,0,0,0,125,0,0,0,0,7178,0,0,0,0,0,0,0,0,0,229,999,0,0,0,0,0,70
2012,0,0,0,0,0,0,0,0,0,0,0,0,0,0,0,0,0,0,0,0,0,0,0,0,0,0,22,0,130,18,0,0,0,0,0,632,0,0,0,0,0,0,0,0,0,0,0,15,0,0,0,0,0,0,0,0,0,0,0,0,99,0,0,0,0,0,0,0,0,0,0,0,0,0,0,0,117,0,0,0,0,0,16,0,0,0,0,0,0,0,0,0,0,0,0,0,0,0,9,61,0,0,182,0,0,0,0,0,0,0,0
20162,0,0,0,0,0,0,0,0,0,0,0,0,0,0,0,0,0,0,0,0,0,0,0,0,0,0,0,0,0,0,0,0,0,568,0,0,0,0,0,0,0,0,0,0,0,0,0,0,0,0,0,0,0,0,0,0,47871,9674,0,211,23,17,0,0,5,0,0,380,0,0,0,0,0,0,0,0,0,0,0,0,0,0,0,0,0,0,0,161,13,26,0,0,0,0,0,0,0,0,0,0,0,0,0,0,0,0,0,0,0,0,0
202,0,18,0,0,0,0,447,0,0,0,0,0,0,0,0,0,0,0,0,0,0,0,0,0,0,0,0,0,0,0,0,0,0,0,0,0,0,0,0,0,0,510,0,0,306,0,0,0,0,0,0,0,0,245,81,0,0,0,0,0,0,0,0,0,0,0,0,0,0,164,24,7350,349,225,0,0,0,0,413,23007,0,0,154,0,0,61,1089,0,0,0,0,0,0,0,0,0,0,0,0,255,0,0,0,0,43,0,0,0,0,0,0
20274,0,0,0,0,0,0,0,0,0,0,0,0,0,0,0,0,0,0,0,0,0,0,0,0,0,0,0,0,34,202,0,0,0,189,0,0,0,0,0,0,0,0,0,0,155,0,0,0,0,0,0,0,0,0,0,0,0,0,0,0,0,0,0,0,0,0,0,0,0,0,0,0,0,0,0,0,0,0,0,36,0,0,0,0,0,0,0,0,0,0,0,0,0,0,0,0,0,0,0,0,0,0,0,0,0,0,0,0,0,0,0
2038,0,0,29721,0,6132,0,0,0,0,0,10,0,174,0,0,773,2726,483,209,0,0,0,179,24,13693,86,330,0,547,0,0,0,1600,1633,0,0,0,7,2207,21672,0,0,0,0,0,4097,3369,1357,0,0,0,0,132654,0,0,0,178,0,0,0,693,852,166,0,0,0,13113,8734,3249,0,0,22370,1473,4708,120,0,53185,0,15568,27039,37,12,53,0,19,0,553039,0,0,0,0,0,0,2156,0,0,0,0,0,0,0,0,0,111,84,13966,55821,0,0,0,53
20385,0,0,0,0,0,0,0,0,0,0,0,0,0,0,0,0,0,525,131,0,0,0,0,0,0,0,16,0,22,42,0,0,0,0,0,0,0,0,0,0,0,0,0,0,0,0,0,0,0,0,0,0,0,0,3612,0,0,14,0,0,0,0,0,0,0,0,0,100,393,64,0,0,0,0,0,0,0,0,0,0,0,0,0,0,0,0,0,0,0,0,0,0,0,0,0,0,0,0,0,0,0,0,0,0,0,0,0,0,0,0,0
20388,0,0,43,0,0,0,0,0,0,0,0,0,0,0,0,0,0,0,0,0,0,0,0,0,0,0,0,0,25,132,0,0,0,0,0,17,0,0,0,0,0,0,0,0,0,0,0,0,0,0,0,0,57565,0,0,0,0,0,0,0,0,0,0,0,0,0,0,0,0,0,0,0,0,0,0,0,0,0,0,0,0,0,0,0,0,0,0,0,0,0,0,0,0,0,0,0,0,0,0,13,0,0,0,0,0,0,0,0,0,0,0
20428,0,0,0,0,0,0,0,14,0,0,0,0,0,0,0,0,0,38429,321,0,0,0,0,0,0,3359,1313,0,0,0,0,0,0,0,0,0,0,0,0,0,0,0,0,0,0,0,0,0,0,0,0,0,0,0,0,0,0,0,0,0,0,0,0,0,0,0,0,0,0,0,0,0,153,25679,0,0,0,0,0,0,0,0,107,0,0,0,0,0,0,0,0,0,0,0,0,0,0,0,0,0,0,0,0,0,0,0,0,0,0,0,0
205,0,0,0,0,0,24650,0,0,0,0,0,0,0,0,209,6486,11065,0,0,0,0,13,2060,0,0,41464,14,0,0,88,108,0,0,0,0,0,0,0,0,16,0,0,0,0,1034,273,0,0,0,0,0,0,0,0,137,0,0,0,0,1828,843,536,128,0,72,0,0,0,0,492,0,0,11,50,0,0,0,0,0,0,0,0,0,0,2240,0,0,134,6899,1074,2465,43,0,27571,0,2070,0,0,0,0,0,0,0,0,0,0,0,0,0,0,0
20556,0,0,0,0,0,0,0,0,0,0,0,0,0,0,0,0,0,0,0,0,0,0,0,0,0,0,0,0,0,0,0,0,0,0,0,0,0,7,0,28,0,0,0,0,0,0,9,0,0,0,0,0,4,8,0,0,0,0,0,0,0,0,0,0,0,0,0,0,0,0,0,0,0,0,0,0,142,0,0,0,0,0,0,0,0,0,0,0,0,0,0,0,0,0,0,0,0,0,0,0,0,0,0,0,0,0,0,0,0,0,0
20593,0,0,0,0,0,0,0,0,0,0,0,0,0,0,0,0,0,0,0,0,0,0,0,0,0,0,0,0,180,4,0,0,0,0,0,0,0,0,0,0,0,0,0,0,0,0,0,0,0,0,0,0,3,33,0,0,0,0,0,0,0,0,0,0,0,0,0,0,0,0,0,0,0,0,0,0,0,0,0,0,0,0,0,0,0,0,0,0,0,0,0,0,0,0,0,0,0,0,0,0,0,0,0,0,0,0,0,0,0,0,0
20617,0,0,0,0,0,0,0,0,0,0,0,0,0,171,65836,0,1765,121603,446,0,0,0,0,0,0,0,0,0,2,2169,0,0,0,0,0,0,0,0,0,0,0,0,0,0,0,0,0,0,0,0,0,0,0,0,0,0,0,3846,0,0,0,0,0,0,0,0,0,0,0,0,0,0,0,0,0,0,0,0,0,0,0,0,0,0,0,0,0,0,0,0,0,0,0,0,0,0,0,0,0,0,0,0,0,0,0,0,0,0,0,0,0
20660,0,0,0,0,0,0,0,3684,0,89549,0,0,0,0,0,445,2751,240,110,0,0,0,0,0,0,0,985,0,641,240,0,0,0,0,0,0,0,0,0,0,0,0,0,0,0,0,0,0,0,0,0,0,0,0,0,0,100458,394258,0,0,99,0,0,0,0,0,0,495,0,19,0,0,0,318,68,0,0,0,0,0,0,313,2191,0,0,0,0,0,0,0,0,0,0,3134,0,0,0,0,0,0,0,0,0,0,0,0,0,0,0,0,0
20732,0,0,0,0,0,0,0,0,0,17729,0,0,0,0,0,0,0,0,0,0,0,0,0,0,0,0,0,0,0,112,0,0,0,0,0,0,0,0,0,0,0,0,0,0,0,0,0,0,0,0,0,0,0,0,0,0,0,0,0,0,0,0,0,0,0,0,0,0,0,25,0,0,0,0,0,0,0,0,0,0,0,5,29,0,0,0,0,0,0,0,0,0,0,0,0,0,0,0,0,25,0,0,0,0,0,0,0,0,0,0,0
2076,0,0,0,0,0,0,0,0,0,0,0,0,0,0,0,0,0,0,0,0,0,0,0,0,0,0,0,0,0,0,0,0,0,44,0,0,0,0,0,0,0,0,0,0,0,0,0,0,0,0,0,0,0,0,0,0,0,0,0,0,0,0,0,0,0,0,0,0,0,26297,0,0,198,68,0,0,0,0,0,0,0,0,0,0,0,0,0,0,0,0,0,0,0,0,0,0,0,0,0,0,0,0,0,0,0,0,0,0,0,0,0
20838,0,0,0,0,0,0,0,0,0,0,0,0,0,0,0,0,0,0,0,0,0,0,0,0,0,0,0,0,0,0,0,0,0,0,0,0,0,0,0,60,0,0,0,0,0,0,0,0,0,0,0,0,0,316,0,0,0,0,9,0,0,0,0,0,0,0,0,0,0,0,0,0,0,24,0,0,0,0,0,0,0,0,0,0,0,0,0,0,0,0,0,0,0,0,0,0,0,0,0,0,0,0,0,0,0,79,6216,0,0,0,0
20876,0,0,0,0,0,0,0,0,0,0,0,0,0,0,0,0,0,0,0,0,0,0,0,0,0,0,0,0,0,0,0,0,0,0,0,0,0,0,14,0,0,0,0,0,0,0,0,0,0,0,0,0,0,0,0,0,133,0,0,0,0,0,0,0,0,0,0,0,0,0,0,0,0,0,0,0,0,0,73,544,0,0,0,0,0,0,0,0,0,0,0,0,0,0,0,0,0,0,0,242,0,0,0,0,0,0,0,0,0,0,0
209,0,0,0,0,0,0,0,0,0,0,0,0,0,0,0,0,0,0,0,0,91,0,0,0,0,0,0,0,0,86,0,0,0,0,0,0,0,0,0,0,0,0,0,0,404,160,0,0,0,0,0,0,0,0,0,0,0,0,0,0,0,0,0,0,0,0,0,0,0,0,0,0,0,0,0,0,0,0,0,190,0,0,0,0,0,0,0,0,0,0,0,0,0,0,0,0,0,0,0,0,0,0,0,0,0,0,0,0,0,0,0
20911,0,0,0,0,0,0,0,0,0,0,0,0,0,0,0,0,0,0,10,0,0,0,0,0,0,0,0,0,0,0,0,0,4199,0,0,0,0,0,0,27251,0,0,0,0,0,6862,4393,1510,0,0,0,0,0,0,0,0,0,0,0,0,0,0,0,0,0,0,0,84,0,0,0,0,0,11,0,0,0,0,0,53,0,0,0,0,0,0,6,13,0,4,0,0,0,0,0,0,0,0,0,0,0,0,0,0,0,0,421,0,0,0,0
21,0,0,0,0,0,0,1348,199,0,0,0,0,0,0,0,0,0,0,0,0,0,0,0,0,0,0,0,0,0,339,0,0,0,0,0,0,0,0,0,0,0,0,0,0,0,0,0,0,0,0,0,0,0,0,0,0,0,0,718,149,113,0,0,0,0,0,0,0,0,0,0,0,0,0,0,0,0,0,0,121,0,0,36,0,0,0,0,0,0,0,0,0,0,0,0,0,0,0,0,0,0,0,0,0,0,0,0,0,0,0,0
21026,0,0,0,0,0,0,0,0,0,0,0,0,0,0,0,0,0,2198,177,0,0,0,0,0,0,0,0,0,0,0,0,0,0,0,0,0,0,0,0,0,0,0,37999,0,0,0,0,0,0,0,0,0,0,0,0,0,0,13,0,0,0,0,0,0,0,0,0,0,0,0,0,0,0,42,0,0,0,0,0,0,0,0,0,0,0,0,0,0,0,0,0,0,0,0,0,0,0,0,0,0,0,0,0,0,0,0,0,0,0,0,0
2106,0,0,0,0,0,0,0,0,0,0,0,0,0,0,0,0,0,0,0,0,0,0,0,0,0,0,0,0,0,0,0,0,0,0,0,0,0,0,0,0,0,0,0,0,0,0,0,8,0,0,0,0,0,0,0,0,0,0,0,0,0,0,0,0,0,0,0,0,0,0,0,0,0,0,0,0,0,0,607,851,12,0,0,0,0,0,0,0,0,0,0,0,0,0,0,0,0,0,0,60,0,0,246,0,0,0,0,0,0,0,0
21084,0,0,0,0,0,0,0,0,0,0,0,0,0,0,0,0,0,0,0,0,0,0,0,0,0,0,10,0,24,3,0,0,0,0,0,0,0,0,0,14990,0,0,0,0,0,0,0,0,0,0,0,0,0,0,0,0,0,0,0,0,0,0,0,0,0,0,0,0,0,0,0,0,0,0,0,0,0,0,0,0,0,0,0,0,0,0,0,0,0,0,0,0,0,0,0,0,0,0,0,0,0,0,0,0,0,0,0,0,0,0,0
2115,0,0,126,0,0,0,0,22,0,0,0,0,0,0,0,0,1735,2497,1024,0,7,0,10,0,0,6,0,0,26,436,0,0,0,43,0,2,130,0,0,634,0,0,0,0,14,0,5,0,0,0,0,35,147,1290,0,0,0,0,34,123,17,0,11,0,0,0,0,143,61,80,0,0,0,0,0,0,6693,0,16,581,146,1520,427,0,0,0,45,0,0,0,0,0,0,0,0,0,0,0,0,27,0,0,0,21,0,0,0,0,0,0,0
2118,0,0,0,0,0,0,0,0,0,0,0,0,0,0,0,0,0,262,115,0,0,0,0,0,0,0,0,0,0,0,0,0,0,0,0,0,0,0,0,0,0,0,0,0,0,0,0,0,0,0,0,0,0,0,0,0,0,17,0,0,0,0,0,0,0,0,0,0,0,0,0,0,0,0,4,0,0,0,0,0,0,0,640,0,0,0,0,0,0,0,0,0,0,0,0,0,0,0,0,0,0,0,0,0,0,0,0,0,0,0,0
212,0,0,0,0,0,0,18,825,0,0,0,0,0,0,0,0,0,0,58,0,0,0,0,0,0,0,0,0,31,0,0,0,0,0,0,0,0,0,0,0,0,0,0,0,0,0,0,0,0,0,0,0,0,0,124,52,0,0,0,0,0,0,0,0,0,0,0,0,0,0,0,0,0,0,0,0,0,0,0,0,0,0,0,0,0,0,31,0,0,0,0,0,0,0,0,0,0,0,0,67,0,0,0,0,0,0,0,0,0,0,0
21214,0,0,0,0,0,0,0,0,0,0,0,0,0,0,0,0,0,0,0,0,0,0,0,0,0,0,0,0,0,0,0,0,0,0,0,0,0,0,0,0,0,0,0,0,0,43,17,14,0,0,0,0,0,0,0,0,0,0,0,0,0,0,0,0,0,0,0,0,0,0,0,0,0,0,0,0,37,0,0,0,0,0,0,0,0,0,0,0,0,0,0,0,0,0,0,0,0,0,0,0,0,0,0,0,0,0,0,0,0,0,0
21241,0,0,0,0,0,0,0,0,0,0,0,0,0,0,0,0,0,0,0,0,0,0,0,0,0,0,0,0,0,0,0,0,0,0,0,0,0,0,0,0,0,159,0,0,0,0,0,0,0,0,0,0,0,54,0,0,0,0,0,0,0,0,0,0,24,0,0,0,0,0,0,4436,6,0,0,0,0,0,0,0,0,0,0,0,0,0,0,0,0,0,0,0,0,0,0,0,0,0,0,0,0,0,0,0,0,0,0,0,0,0,0
2126,0,0,0,0,0,0,0,0,0,0,0,0,0,0,0,0,0,0,0,0,0,0,0,0,0,0,0,0,0,0,0,0,0,0,0,0,0,0,0,0,0,0,0,0,0,0,13,0,0,0,0,0,0,0,0,0,0,0,146,28,34,0,0,0,0,0,0,0,0,0,0,0,0,0,0,0,0,0,0,0,0,0,0,0,0,0,0,0,0,0,0,0,0,0,0,0,0,0,0,0,0,0,0,0,0,0,0,0,0,0,0
21297,0,0,0,0,0,0,0,0,0,0,0,0,0,0,0,0,0,0,0,0,0,0,0,0,0,0,0,0,0,0,0,0,0,0,0,0,0,0,0,11,0,0,0,0,0,0,0,0,0,0,0,3,0,24,0,0,0,0,0,0,0,0,0,0,0,0,0,0,0,0,0,0,0,5,0,0,0,0,0,0,0,0,0,0,0,0,0,0,0,0,0,0,0,0,0,0,0,0,0,0,0,0,0,0,6,88,0,0,0,0,0
2139,0,0,0,0,0,0,0,0,0,22355,0,0,0,68,0,0,0,20,58,0,0,0,0,0,0,0,0,0,0,0,0,0,626,0,0,0,0,0,0,0,0,0,0,0,350,0,0,0,0,0,0,0,0,0,0,0,0,0,39,0,20,0,0,0,0,0,0,0,0,0,0,0,0,104,39,0,0,0,0,0,0,30,57,0,0,0,0,0,0,0,0,0,0,0,0,0,0,0,0,0,0,0,0,0,0,0,0,0,0,0,0
215,0,0,0,0,0,39031,407,0,0,0,0,0,0,0,181,28881,3064,37843,536,0,0,13,22807,0,0,3538,1268,0,569,3377,0,0,0,0,0,57,0,0,0,0,0,0,0,0,0,0,0,0,0,0,0,548,1207,6428,0,0,0,0,0,5543,3626,832,0,0,289,0,0,1227,0,2006,0,0,5111,1292,453,0,0,0,0,610,0,402,3328,68,26454,0,0,2016,12615,11813,3001,222,0,198020,0,2178,0,0,0,0,0,0,0,0,0,0,0,0,0,0,0
2150,0,0,87292,0,0,0,0,0,0,0,0,0,0,0,0,0,485,658,881,0,0,0,140,0,48372,0,0,0,0,0,0,0,2930,2855,0,0,0,0,2474,104933,0,0,0,0,0,6552,6236,2737,0,0,0,0,51492,0,1302,888,475,0,0,0,0,208,0,0,0,0,167509,22259,32122,0,0,13364,459,1957,55,0,132957,0,2484,36452,37,0,0,0,0,0,431635,0,0,0,0,0,0,7638,0,0,0,0,0,0,0,0,0,0,391,8557,71958,0,0,0,82
2152,0,0,0,0,0,0,0,0,0,0,0,0,0,0,0,422,0,7,0,0,0,0,0,0,0,0,0,0,15,52,0,0,0,0,0,0,0,0,0,51,0,0,0,0,0,0,0,0,0,0,0,0,0,75,0,0,40,0,0,0,146,0,149,0,0,0,0,0,0,118,27785,0,0,0,0,0,84,0,40,173,0,0,0,0,0,0,14,0,0,0,0,0,219,0,0,0,0,0,0,0,0,13,0,0,0,0,0,0,0,0,0
21524,0,0,259,0,0,0,230,354,0,0,28,0,132,0,86,0,0,225,188,0,0,0,0,0,0,0,0,0,0,0,0,0,0,0,0,140,699,0,0,158,0,0,0,0,0,14,66,0,0,0,0,0,0,0,5515,1134,232,0,0,0,108,0,0,0,0,0,0,0,0,0,0,0,0,0,0,0,0,0,12,10634,0,0,0,0,0,32,748,0,0,48,0,0,0,0,0,0,0,0,0,0,0,0,0,0,0,1696,0,0,0,0,0
216,0,0,94,2399,0,0,0,0,0,0,0,0,0,0,0,0,0,0,0,0,0,0,0,0,0,0,0,0,6,93,0,0,0,0,0,0,0,0,0,0,0,0,0,0,0,0,0,0,0,0,0,0,0,0,0,0,0,0,0,0,0,0,0,0,0,0,0,257,0,0,27,0,0,0,0,0,30,0,0,0,585,0,322,0,0,0,0,0,0,0,0,0,0,0,0,0,0,0,0,48,0,0,0,0,0,0,0,0,0,0,0
2163,0,0,0,0,0,0,126,0,0,0,0,0,0,0,0,0,0,0,0,0,0,0,0,0,0,0,0,0,6020,1359,0,0,0,0,0,0,0,0,0,0,0,0,0,0,0,0,0,0,0,0,0,0,0,0,2451,0,0,0,0,0,117,0,0,0,0,0,0,0,0,0,0,0,0,0,0,0,0,0,0,0,0,0,0,0,0,0,0,0,0,0,0,0,0,0,0,0,0,0,0,0,0,0,0,0,0,1121,0,0,0,0,0
21718,0,0,0,0,0,0,0,0,0,0,0,0,0,0,0,0,0,428,179,0,0,0,0,0,0,8,123,0,5,122,0,0,0,0,0,25,0,0,70,37665,0,0,0,0,0,0,0,0,0,0,0,40,152,1028,0,0,0,0,0,0,313,0,0,0,0,0,0,16,0,9893,5920,0,0,46,0,0,0,0,119,251,0,0,550,0,0,0,16,0,0,0,0,0,0,0,0,0,0,0,0,0,0,0,346,31,0,0,2000,0,0,0,0
21791,0,0,0,0,0,0,163,0,0,0,0,0,132,0,64,0,0,117,0,0,0,0,0,0,0,0,0,0,0,0,0,0,0,0,0,0,0,0,0,0,0,0,0,0,0,0,0,0,0,0,0,0,0,0,2415,294,0,0,0,0,25,0,0,0,0,0,0,0,0,0,0,0,0,0,0,0,0,0,0,0,0,0,0,0,0,0,222,0,0,0,0,0,0,0,0,0,0,0,0,0,0,0,0,0,0,166,0,0,0,0,0
2185,0,0,0,0,0,0,0,0,0,0,0,0,0,0,0,0,0,0,0,0,0,0,0,0,0,0,71,0,40,40,0,0,0,0,0,0,0,0,0,0,0,0,0,0,0,0,0,0,0,0,0,0,0,0,0,0,0,184,0,0,0,0,0,0,0,0,0,0,0,0,0,0,0,0,0,0,0,0,0,1358,0,3198,2382,0,0,0,0,0,0,0,0,0,0,0,0,0,0,0,0,0,0,0,0,0,0,0,0,0,0,0,0
219,0,0,0,0,0,0,0,0,0,37,0,0,0,0,0,0,1731,0,0,0,0,0,0,0,0,0,0,0,1750,903,0,0,0,1840,0,0,0,0,0,0,0,0,0,0,0,0,0,0,0,0,0,0,0,0,0,0,0,0,0,0,0,0,0,0,0,0,0,0,0,0,0,0,0,361,0,0,48,0,0,0,0,0,0,0,0,0,0,0,0,0,0,0,0,0,0,0,0,0,0,0,0,0,0,0,0,0,0,0,0,0,0
21973,0,0,48,0,0,0,0,0,0,0,0,0,0,0,0,0,0,0,0,0,0,0,0,0,0,0,0,0,0,337,0,0,0,0,0,0,0,0,0,0,0,0,0,0,0,0,0,0,0,0,0,0,0,8106,123,0,0,0,0,12,0,0,0,0,0,0,0,0,0,327,0,0,0,122,0,0,0,0,0,707,0,0,0,0,0,0,153,0,0,0,0,0,0,0,0,0,0,0,0,0,0,0,0,0,0,0,0,0,0,0,0
21980,0,0,0,0,0,0,0,0,0,0,0,0,0,0,26,24,0,3,0,0,0,0,0,0,0,0,0,0,0,0,0,0,0,0,0,0,0,0,0,0,0,0,0,0,0,0,0,0,0,0,0,0,0,0,0,0,0,0,0,0,0,0,7,0,0,0,0,0,0,0,0,0,0,0,0,0,44,0,0,0,0,0,0,0,0,0,0,0,0,0,0,0,0,0,0,0,0,0,0,0,0,0,0,0,0,0,0,0,0,0,0
22,0,0,0,0,0,0,0,0,0,0,0,0,0,0,0,0,0,0,0,0,0,0,0,0,0,0,0,0,12,0,0,0,0,0,0,0,0,0,0,0,0,0,0,0,0,0,0,0,0,0,0,0,0,0,0,0,0,0,0,0,0,0,0,0,0,0,0,0,0,0,0,0,0,0,0,0,0,0,6,1242,0,0,0,0,0,10,35,0,0,0,0,0,0,0,0,0,0,0,0,0,0,0,0,0,0,0,0,0,0,0,0
2204,0,0,146,0,0,0,453,799,0,0,33,0,723,0,0,0,0,0,0,0,0,0,0,0,0,0,15,0,0,0,0,0,0,0,0,0,445,0,0,721,0,0,0,0,0,0,0,0,0,0,0,0,0,0,1764,187,0,0,0,0,0,0,0,0,0,0,0,0,0,0,0,0,0,0,0,0,0,0,40,79,0,0,0,0,0,32,0,0,0,0,0,0,0,0,0,0,0,0,0,0,0,0,0,0,0,0,0,0,0,0,0
222,0,0,0,0,0,0,0,176,0,0,0,0,0,0,0,0,0,8,0,0,0,0,0,0,0,0,0,0,0,0,0,0,0,0,0,0,0,0,0,0,0,0,0,0,0,0,0,0,0,0,0,0,0,0,0,0,0,0,0,0,0,0,31,0,0,0,0,0,0,0,0,0,0,40,0,0,0,0,0,0,0,0,0,0,0,0,0,0,0,0,0,0,0,0,0,0,0,0,0,0,0,0,0,0,0,0,0,0,0,0,0
2234,0,0,0,0,0,0,65,463,0,0,16,0,57,0,0,0,0,196,0,0,0,0,0,0,0,0,0,0,0,0,0,0,0,0,0,0,890,0,0,0,0,0,0,0,0,0,0,0,0,0,0,0,0,0,0,339,0,0,0,0,0,0,0,0,0,0,0,0,0,0,0,0,0,0,0,0,0,0,0,0,0,0,0,0,0,0,0,0,0,0,0,0,0,0,0,0,0,0,0,0,0,0,0,0,0,0,0,0,0,0,0
2245,0,0,0,0,0,0,9,34,0,0,0,0,0,0,0,9,0,247,168,0,0,0,0,0,0,0,0,0,22,8,0,0,0,5,0,0,0,0,60,1097,0,0,453,0,7,0,0,0,0,0,0,0,0,155,0,0,0,0,0,62,453,0,31,0,0,0,0,40,0,4,10,0,0,223,3,0,28,0,41,2715,1103,3,900,0,0,0,18,0,0,0,0,0,14,0,0,0,0,0,0,21,0,0,0,0,0,0,0,0,0,0,6
2248,0,0,0,0,0,0,46,0,0,0,0,0,0,0,0,0,0,0,0,0,0,0,0,0,59374,0,588,0,0,0,0,0,0,0,0,0,0,0,4032,472,0,0,0,0,0,0,0,0,0,0,0,0,102563,0,140,0,0,0,0,0,42,0,0,0,0,0,0,10035,0,0,0,17363,0,0,0,0,0,0,13489,0,0,0,0,0,6,0,761774,0,0,0,0,0,0,0,0,0,0,0,0,0,0,0,0,67,0,0,0,0,0,0,0
2252,0,0,0,0,0,0,0,0,0,0,0,0,0,0,0,0,0,0,0,0,0,0,0,0,0,0,0,0,19,8,0,0,0,0,0,0,0,0,0,0,0,0,0,0,0,0,0,0,0,0,0,0,0,0,0,0,0,0,0,0,17,0,0,0,0,0,0,0,0,21,0,0,0,0,0,0,0,0,0,0,0,0,0,0,0,0,0,0,0,0,0,0,0,0,0,0,0,0,0,0,0,0,0,0,0,0,0,0,0,0,0
22543,0,0,0,0,0,0,0,0,0,0,0,0,0,0,0,0,0,0,0,0,0,0,0,0,0,17,0,0,0,14,0,0,0,0,0,0,0,0,0,0,0,0,0,0,0,0,0,0,0,0,0,378,847,2790,0,0,0,0,0,0,0,0,0,0,0,0,0,12,0,0,0,531,0,0,0,0,0,0,0,234,65,0,33,0,0,0,337,0,0,0,0,0,0,0,0,0,0,0,0,0,0,0,0,32,0,0,0,0,0,0,0
226,0,0,147,0,0,0,807,1754,0,0,0,0,0,0,0,128,0,0,0,0,0,0,0,0,0,0,0,0,0,0,0,0,0,0,0,0,0,0,0,0,0,0,0,0,0,0,0,0,0,0,0,0,0,0,79849,0,352,390,0,0,0,0,0,0,0,0,0,0,0,0,0,66,0,0,0,0,0,10,231,0,0,0,0,0,0,0,0,0,0,0,0,32,0,0,0,23,0,0,0,0,0,0,0,0,0,0,0,0,0,0,0
2263,0,0,83,899,0,0,0,252,0,0,0,0,0,0,0,0,0,0,0,0,0,0,0,0,0,0,0,0,0,0,0,0,0,0,0,0,0,0,0,0,0,0,0,0,0,0,0,0,0,0,0,0,0,0,51,0,0,0,0,0,0,0,0,0,0,0,0,55,0,0,0,0,0,0,0,0,0,0,0,0,0,0,0,0,0,0,0,0,0,0,0,0,0,0,0,0,0,0,0,0,0,0,0,0,0,0,0,0,0,0,0
22637,0,0,0,0,0,0,0,0,0,0,0,0,0,0,0,0,0,0,0,0,0,0,55,0,0,0,0,0,0,0,0,0,0,0,0,0,0,104,116,3812,0,0,0,0,0,0,0,0,0,109,0,12551,336,0,0,0,0,28,0,0,0,0,0,0,0,0,0,0,0,0,0,0,0,6,0,0,0,0,0,34,302,5448,214,0,0,0,0,0,0,0,0,0,0,0,0,0,0,0,0,0,0,0,0,0,22,7890,2205,0,0,0,0
22658,0,0,0,0,0,0,0,35,0,28,0,0,0,0,0,0,0,22,0,0,0,0,0,0,0,0,0,0,0,0,0,0,0,0,0,0,0,0,0,0,0,0,0,0,0,0,0,0,0,0,0,0,0,0,0,0,0,0,0,0,0,0,0,0,0,0,0,0,0,5,0,0,0,0,0,0,0,0,0,0,0,0,0,0,0,0,0,0,0,0,0,0,0,0,0,0,0,0,0,0,0,0,0,0,0,0,0,0,0,0,0
227,0,0,0,0,0,0,0,0,0,25,0,0,0,0,0,0,0,0,0,0,0,0,0,0,0,0,0,0,0,0,0,0,0,562,0,0,0,0,0,0,0,0,0,0,0,0,12,0,0,0,0,0,0,24,0,0,0,0,0,0,0,0,0,0,0,0,0,0,0,0,0,0,0,73,0,0,56,0,0,0,0,0,0,0,0,0,0,0,0,0,0,0,0,0,0,0,0,0,0,0,0,0,0,0,0,0,0,0,0,0,0
2289,0,0,0,0,0,0,0,0,0,0,0,0,0,0,295,0,0,0,0,0,0,0,0,0,0,0,0,0,0,0,0,0,0,0,0,0,0,0,0,0,0,0,0,0,0,0,0,0,0,0,0,0,0,0,48,0,0,21,0,0,0,0,0,0,0,0,0,39,0,0,0,0,0,0,0,0,0,0,0,0,0,0,0,0,0,0,0,0,0,0,0,0,0,0,0,0,0,0,0,0,0,0,0,0,0,0,0,0,0,0,0
229,0,0,0,0,0,0,0,0,0,0,0,0,0,0,0,0,0,0,0,0,0,0,0,0,0,10,109,0,966,1842,0,0,0,0,0,0,0,0,0,0,0,0,0,0,0,0,0,0,0,0,0,41,226,186,9,0,0,0,0,0,0,0,0,0,0,0,0,0,0,0,0,0,0,132,8,0,0,0,0,0,0,0,3,0,0,0,0,0,0,0,0,0,0,0,0,0,0,0,0,0,0,0,0,0,0,0,0,0,0,0,0
22984,0,0,0,0,0,0,0,0,0,0,0,0,0,0,0,0,0,0,0,0,0,0,0,0,0,0,0,0,0,0,0,0,0,0,0,0,0,0,0,21,0,0,0,0,0,0,0,0,0,0,0,0,0,11,0,0,0,0,0,0,0,0,0,0,0,0,0,0,0,0,0,0,0,0,0,0,0,0,0,56,51,0,3,0,0,0,0,0,0,0,0,0,0,0,0,0,0,0,0,0,0,0,0,0,0,0,0,0,0,0,0
23,0,0,0,0,0,0,2641,0,0,94,0,0,0,0,0,0,3065,0,0,0,0,0,0,0,0,0,0,0,690,849,0,46,0,308,0,0,0,0,0,0,0,0,0,0,0,0,0,0,0,0,0,0,0,0,0,0,0,0,794,0,65,0,0,0,0,0,0,0,0,0,0,0,0,409,0,0,413,0,0,157,0,0,95,0,0,0,0,0,0,0,0,0,0,0,0,0,0,0,0,0,0,0,0,0,0,0,0,0,0,0,0
2302,0,0,0,0,0,0,0,17,0,25,0,0,0,0,0,0,0,0,0,0,0,0,0,0,0,0,0,0,0,0,0,0,0,0,0,0,0,0,0,0,0,0,0,0,0,0,5,28,0,0,0,0,0,0,0,0,0,0,0,0,0,0,0,0,0,0,0,0,0,0,0,0,0,0,0,0,0,0,0,0,0,0,0,0,0,0,0,0,0,0,0,0,0,0,0,0,0,0,0,0,0,0,0,0,0,0,0,0,0,0,0
2303,0,0,0,0,0,0,0,0,0,0,0,0,7,0,29,37,0,6,0,0,0,0,0,0,0,0,0,0,17,0,0,0,0,0,0,373,0,0,0,0,0,0,0,0,0,0,0,0,0,0,0,0,0,0,0,0,0,0,0,12,0,0,4602,0,0,0,0,0,0,0,15,0,0,0,0,0,141,0,64,551,0,0,0,0,0,0,225,0,0,0,0,0,0,0,0,0,0,0,0,0,0,0,0,0,0,0,0,0,0,0,0
2307,0,0,0,0,0,0,0,47,0,0,0,0,0,0,0,0,0,0,0,0,0,0,0,0,0,0,0,0,0,65,0,0,0,0,0,0,160,0,0,0,0,0,0,0,0,0,7,0,0,0,0,0,7,117,0,0,0,0,0,0,0,0,13,0,0,0,0,0,0,16534,0,0,0,0,0,0,0,0,0,274,0,0,0,0,0,0,6,0,0,0,0,0,0,0,0,0,0,0,0,0,0,0,0,0,0,0,0,0,0,0,0
2316,0,0,0,0,0,0,201,24,0,0,0,0,0,0,0,0,0,0,0,0,0,0,0,0,0,0,0,0,0,0,0,0,0,0,0,0,0,0,0,0,0,0,0,0,0,0,0,0,0,0,0,0,0,0,0,0,0,0,0,0,0,0,0,0,0,0,0,0,0,0,0,0,0,0,0,0,0,0,0,0,0,0,5597,0,0,0,0,0,0,0,0,0,0,0,0,0,0,0,0,0,0,0,0,36,0,0,0,0,0,0,0
2324,0,0,0,0,0,0,0,113,0,0,0,0,0,0,0,0,0,0,0,0,0,0,0,0,0,0,0,0,0,118,0,0,0,0,0,0,0,0,0,0,0,0,1702,0,0,0,0,0,0,1992,37833,81,365,309,0,0,0,0,0,0,0,4,0,0,0,0,0,0,0,0,0,0,0,0,0,0,0,0,0,0,0,0,0,0,0,0,0,0,0,0,0,0,0,0,0,0,0,0,0,0,0,0,0,0,0,0,1861,0,0,0,0
2328,0,0,0,0,0,0,0,0,0,0,0,0,0,0,0,0,0,0,0,0,0,0,0,0,0,0,0,0,42,458,0,0,0,0,0,0,0,0,0,2246,0,0,0,0,0,0,0,0,0,0,0,0,5,37,0,0,0,0,0,0,0,0,1292,0,0,0,5682,0,0,0,0,397,0,4,0,0,840,0,33,877,186,0,32,0,0,0,20,0,0,0,0,0,0,0,0,0,0,0,0,0,0,0,43,0,0,0,180,0,0,0,0
233,0,0,0,0,0,0,96,0,0,0,0,0,0,0,0,0,0,0,0,0,0,0,0,0,0,0,0,0,0,0,0,0,0,449,0,0,0,0,0,0,0,11,0,0,0,0,0,0,0,0,0,5,0,0,0,164,0,16,0,0,0,0,0,0,0,0,0,0,0,0,0,0,0,41,0,0,0,0,8,111,0,0,0,0,0,0,0,0,0,0,0,0,0,0,0,0,0,0,0,0,0,0,21,0,0,0,0,0,0,0,0
2331,0,0,0,0,0,0,0,0,0,0,0,0,0,0,0,0,0,0,0,0,0,0,0,0,0,0,0,0,0,0,0,0,0,0,0,0,0,0,0,0,0,0,0,0,0,0,0,0,0,0,0,0,0,0,0,0,0,0,900,46,37,0,0,0,0,0,0,0,0,0,0,0,0,0,0,0,0,0,0,0,0,0,0,0,0,0,0,0,0,0,0,0,0,0,0,0,0,0,0,0,0,0,0,0,0,0,11527,0,0,0,0
2338,0,0,0,0,0,0,81,151,0,0,0,0,0,0,0,0,0,0,0,0,0,0,0,0,0,0,0,0,0,0,0,0,0,0,0,0,42,0,0,0,0,0,0,0,0,0,0,23,0,0,0,0,0,0,0,0,0,0,0,0,0,0,54,0,0,0,0,0,0,0,0,0,0,0,0,0,282,0,0,325,0,1368,269,0,0,0,0,0,0,0,0,0,0,0,0,0,0,0,0,18,0,0,0,0,0,0,0,0,0,0,0
23593,0,0,0,0,0,0,0,0,0,0,0,0,0,0,0,361,0,0,0,0,0,0,0,0,0,0,0,0,0,0,0,0,0,0,0,0,0,0,0,0,0,0,0,0,0,0,0,0,0,0,0,0,0,0,0,0,0,0,0,0,0,0,4842,0,0,0,0,0,0,0,0,0,0,0,0,0,0,0,47,462,0,0,32,0,0,0,151,0,0,0,0,0,0,0,0,0,0,0,0,0,0,0,0,0,0,0,0,0,0,0,0
236,0,3,29,0,0,0,1700,28,0,0,0,0,0,97,43,15,166,0,67,0,15,0,0,0,0,0,0,0,2,664,0,0,524,120,0,0,220,0,0,0,0,0,0,0,0,4,5,0,0,0,0,263,589,1858,790,38,44,296,4,0,24,0,0,0,5,0,0,0,0,0,0,0,5,118,0,0,28,0,9,3409,8,6,1283,0,0,8,41,0,0,0,0,0,0,0,0,0,0,0,0,0,0,0,0,0,0,76,0,0,0,0,8
2370,0,0,0,0,0,0,0,0,0,0,0,0,0,0,0,0,0,0,0,0,0,0,0,0,0,0,0,0,0,0,0,0,0,369,0,0,0,0,0,0,0,0,0,0,0,0,0,0,0,0,0,0,0,0,0,0,0,0,584,0,150,0,0,0,0,0,0,79,0,0,0,0,0,0,0,0,0,7,0,0,30,0,66,0,0,0,465,0,0,0,0,0,0,0,0,0,0,0,0,0,0,0,0,0,0,0,0,0,0,0,0
23707,0,0,0,0,0,0,0,0,0,0,0,0,0,0,0,0,0,0,0,0,0,0,0,0,0,0,0,0,0,0,0,0,0,0,0,0,0,0,0,0,0,0,0,0,0,0,0,0,0,0,0,0,0,0,0,0,0,0,0,0,0,0,0,0,0,0,0,0,0,0,0,0,0,0,0,0,1808,0,0,0,526,3,148,0,0,0,23,0,0,0,0,0,0,0,0,0,0,0,0,0,0,0,0,0,0,0,0,0,0,0,0
2376,0,0,0,0,0,0,0,0,0,0,0,0,0,0,0,0,0,0,0,0,0,0,0,0,0,0,0,0,0,0,0,0,0,429,0,0,0,0,0,0,0,157,0,0,0,0,0,0,0,0,0,0,0,0,0,0,0,0,0,0,0,0,0,0,373,0,0,0,0,0,0,3280,94,36,0,0,0,0,0,0,0,0,0,0,0,0,0,0,0,0,0,0,0,0,0,0,0,0,0,0,0,0,0,0,0,0,0,0,0,0,0
23774,0,0,0,0,0,0,0,0,0,23750,0,0,0,0,0,22,1430,40,24,0,0,0,0,0,0,0,124,0,118,58,0,0,0,0,0,0,0,0,0,0,0,0,0,0,0,0,0,0,0,0,0,0,0,0,0,0,0,0,0,0,0,0,0,0,0,0,0,0,0,0,0,0,0,95,36,0,0,0,0,0,0,14,169,0,0,0,0,0,0,0,0,0,0,0,0,0,0,0,0,0,0,0,0,0,0,0,0,0,0,0,0
238,0,0,0,0,0,0,95,0,0,0,0,0,0,0,0,0,0,0,4,0,0,0,0,0,0,0,0,0,20,0,0,0,0,99,0,134,0,0,84,19,0,0,0,0,0,78,34,0,0,963,4426,55,116,255,0,0,0,0,0,0,0,0,0,0,0,0,0,198,72,4,8,644,0,47,0,0,15,0,181,153,0,0,14,0,0,0,218,862,0,0,0,0,0,23,0,0,0,0,0,1187,0,0,557,16,0,85,323,0,0,0,0
23820,0,0,0,0,0,0,0,0,0,154,0,0,0,0,0,0,26772,0,0,0,0,0,0,0,0,258,7803,0,4940,995,0,0,0,0,0,0,0,0,0,0,0,0,0,0,0,0,0,0,0,0,0,0,0,0,0,0,0,0,0,0,6343,132,0,0,615,0,0,0,0,0,2073,0,33,138,0,0,0,0,0,0,1260,39720,47514,0,0,0,0,0,0,0,0,0,0,0,0,0,0,0,0,0,0,0,0,0,0,0,0,0,0,0,0
2389,0,0,0,0,0,0,0,0,0,0,0,0,0,0,0,0,0,0,0,0,0,0,0,0,0,0,0,0,0,0,0,0,0,54,0,0,0,0,0,0,0,0,0,0,0,0,0,0,0,0,0,0,0,0,0,0,0,0,0,0,0,0,0,0,0,0,0,0,0,18333,0,0,56,130,21,0,0,0,0,0,0,0,0,0,0,0,0,0,0,0,0,0,0,0,0,0,0,0,0,0,0,0,0,0,0,0,0,0,0,0,0
239,0,0,0,0,0,0,0,0,0,0,0,0,0,0,212,19,84,81,0,0,0,0,0,0,0,0,0,0,0,0,0,0,0,0,0,0,7,0,0,329,0,0,0,0,0,13,0,0,0,0,0,0,0,1861,538,0,0,0,5,0,0,0,49,0,0,0,0,502,0,0,0,0,44,1218,0,0,1482,0,1202,3213,0,0,26,0,0,0,338,0,0,0,0,0,0,0,0,0,0,0,0,63,0,0,0,0,0,673,0,0,0,0,0
24,0,0,0,0,0,0,0,0,0,0,0,0,0,0,0,0,0,0,0,0,0,0,0,0,0,0,0,0,0,0,0,0,0,0,0,0,0,0,0,0,0,0,0,0,0,0,0,0,0,0,0,0,0,0,0,0,0,0,0,0,0,0,0,0,0,0,0,0,0,0,0,0,6610,703,432,0,0,0,0,0,0,0,0,0,0,0,0,0,0,0,0,0,0,0,0,0,0,0,0,0,0,0,0,0,0,158,0,0,0,0,0
2428,0,0,0,0,0,0,0,0,0,0,0,0,0,0,45,0,0,0,0,0,0,0,0,0,0,0,31,0,1174,393,0,0,0,0,0,0,0,0,0,0,0,2,0,0,0,0,0,0,0,0,0,0,0,0,0,0,0,0,0,0,0,0,0,0,0,0,0,0,0,0,0,0,0,0,0,0,0,0,0,0,0,0,0,0,0,0,0,0,0,0,0,0,0,0,0,0,0,0,0,0,0,0,0,0,0,0,0,0,0,0,0
2439,0,0,0,0,0,0,0,0,0,11,0,0,0,0,0,0,0,39,25,0,0,0,0,0,0,0,0,0,0,0,0,0,0,0,0,0,0,0,0,0,0,0,0,0,0,0,0,0,0,0,0,0,0,0,0,0,0,0,0,0,0,0,0,0,0,0,0,40,0,0,0,0,0,0,0,0,0,0,14,19,0,0,0,0,0,0,197,0,0,0,0,0,0,0,0,0,0,0,0,0,0,0,0,0,0,0,0,0,0,0,0
244,0,0,0,0,0,0,255,600,0,0,0,0,0,0,85,0,99,0,0,0,0,0,0,0,0,0,0,0,3738,647,0,0,0,68,0,47,0,0,0,0,0,0,0,0,0,0,15,0,0,0,0,0,0,49,109,0,0,0,0,0,0,4,0,0,0,0,0,12,0,7,0,0,0,0,0,0,0,23,919,305,0,0,141,0,0,0,12,0,0,67,0,0,0,0,0,0,0,0,0,0,0,0,0,0,0,0,0,0,0,0,0
2440,0,0,0,0,0,0,0,0,0,0,0,0,0,0,0,0,0,167,729,0,0,0,0,0,0,0,0,0,0,135,0,0,0,0,0,0,0,0,0,0,0,0,0,0,0,0,0,0,0,0,0,0,0,0,0,0,0,0,0,0,0,0,0,0,0,0,0,32,0,38,0,0,0,37,0,0,0,0,0,0,0,0,0,0,0,0,0,0,0,0,0,0,0,0,0,0,0,0,0,0,0,0,0,0,0,0,0,0,0,0,0
2443,0,0,0,0,0,0,6509,0,0,0,0,0,0,0,0,0,0,0,0,0,0,0,0,0,0,0,0,0,0,0,0,0,0,0,0,0,0,0,0,0,0,0,0,0,0,0,0,0,0,0,0,115,276,571,0,0,0,0,0,0,0,0,0,0,891,0,0,0,0,0,0,0,176,27,0,0,0,0,0,1895,0,0,0,0,0,0,0,0,0,0,0,0,0,0,0,0,0,0,0,0,0,0,0,0,0,0,255,0,0,0,0
24481,0,0,0,0,0,0,0,0,0,0,0,0,0,0,0,0,0,0,0,0,0,0,0,0,0,0,0,0,0,0,0,0,0,0,0,0,0,0,0,0,0,0,0,0,0,0,0,0,0,0,0,0,0,0,0,0,0,0,2,0,2,0,0,0,0,0,0,0,0,0,0,0,0,0,0,0,0,0,0,0,0,0,25,0,0,0,2,0,0,0,0,0,0,0,0,0,0,0,0,0,0,0,0,0,0,0,0,0,0,0,0
2450,0,0,0,0,0,0,0,0,0,0,0,0,0,0,0,0,0,0,0,0,0,0,0,0,0,0,0,0,0,0,0,0,0,0,0,0,0,0,0,0,0,0,0,0,0,0,0,0,0,700,10126,0,30,22,0,0,0,0,0,0,0,0,0,0,0,0,0,0,0,0,0,0,0,0,0,0,0,0,0,0,0,0,0,0,0,0,0,0,0,0,0,0,0,0,0,0,0,0,0,0,0,0,0,0,0,0,162,0,0,0,0
24502,0,0,0,0,0,0,0,0,0,0,0,0,0,0,0,0,0,0,0,0,0,0,0,0,0,0,0,0,0,0,0,0,0,0,0,0,0,0,0,60,0,0,0,0,0,0,0,0,0,0,0,0,0,37,0,0,0,0,0,0,0,0,8,0,0,0,0,0,0,0,0,0,0,7,0,0,0,0,0,59,0,0,0,0,0,0,0,0,0,0,4,0,0,0,0,0,0,0,0,0,0,0,0,0,0,0,0,0,0,0,0
2468,0,0,0,0,0,0,0,0,0,0,0,0,0,0,0,0,0,525,70,0,0,0,73,0,0,0,653,0,0,242,0,0,0,25745,0,0,0,0,0,173,0,0,0,0,0,0,0,0,0,0,0,0,0,0,0,0,0,0,0,0,427,0,0,0,0,0,0,0,0,0,0,0,8,41,0,0,0,0,0,0,0,0,0,0,0,0,0,0,0,0,0,0,0,0,0,0,0,0,0,0,0,0,0,0,0,0,0,0,0,0,0
2474,0,0,0,0,0,0,219,554,0,0,0,0,0,0,17,0,0,0,0,0,0,0,0,0,0,0,0,0,0,0,0,0,0,0,0,0,0,0,0,0,0,0,0,0,0,0,0,0,0,0,0,0,0,0,0,0,0,0,0,0,0,0,0,0,0,0,0,0,0,0,0,0,0,0,0,0,0,0,150,0,0,0,0,0,0,0,0,0,0,0,0,70,0,0,0,0,0,0,0,0,0,0,0,0,0,0,0,0,0,0,0
24754,0,0,0,0,0,0,0,0,0,0,0,0,0,0,0,0,0,0,0,0,0,0,0,0,0,25,80,0,27,388,0,0,0,0,0,0,0,0,0,66,0,0,0,0,0,0,0,0,0,0,0,0,0,0,0,0,0,0,0,0,0,0,0,0,0,0,0,0,0,177,0,0,0,105,0,0,0,0,0,84,29,0,0,0,0,0,0,0,0,0,0,0,0,0,0,0,0,0,0,0,0,0,0,0,0,0,0,0,0,0,0
248,0,0,0,0,0,0,213,0,0,0,0,0,0,0,0,0,0,0,0,0,0,0,0,0,0,0,0,0,0,0,0,0,0,0,0,0,0,0,0,0,0,0,0,0,0,0,0,0,0,0,0,0,0,0,0,0,0,0,0,0,0,0,0,0,0,0,0,0,0,73,0,0,0,0,0,0,0,0,0,341,0,1298,192,0,0,0,77,0,0,0,0,0,0,0,0,0,0,0,0,0,0,0,0,0,0,0,0,0,0,0,0
249,0,0,0,0,0,0,0,0,0,0,0,0,0,0,0,0,0,0,0,0,0,0,0,0,0,0,0,0,0,0,0,0,0,0,0,0,0,0,0,0,0,156,0,0,0,0,0,0,0,0,0,0,0,0,0,0,0,0,0,0,0,0,0,0,1734,0,0,0,0,0,0,3157,240,149,0,0,0,0,0,0,0,0,0,0,0,0,0,0,0,0,0,0,0,0,0,0,0,0,0,0,0,0,0,0,0,222,0,0,0,0,0
2494,0,0,251,0,0,0,399,0,0,0,0,0,0,0,0,0,0,0,0,0,0,0,0,0,0,0,0,0,0,0,0,0,0,0,0,0,0,0,0,0,0,0,0,0,0,0,0,0,0,0,0,0,0,0,0,164,0,14,0,0,25,0,0,0,0,0,34,0,0,0,0,0,0,44,0,0,0,0,0,59,0,0,0,0,0,0,0,0,0,0,0,0,0,77,0,0,0,0,0,146,0,0,0,0,0,0,0,0,0,0,0
24956,0,0,0,0,0,70830,0,0,0,0,0,0,0,0,0,0,0,0,0,0,0,32,59541,0,0,0,0,0,0,4881,0,0,0,0,0,0,0,0,80203,0,0,0,0,0,0,0,0,0,0,0,0,0,0,0,0,0,0,0,0,16021,5238,1370,0,0,194,0,0,0,0,18639,229,0,1161,252,156,0,0,0,0,0,0,0,0,305,142441,0,0,6146,45998,83857,10156,587,0,708083,0,24751,0,0,0,0,0,0,0,0,0,0,0,0,0,0,0
25,0,0,50,0,102,0,326,26,0,36,0,0,0,0,177,8,3587,3002,1084,0,0,0,9,0,0,33,47,0,356,839,0,0,0,9,0,0,12,0,223,19421,0,0,6752,0,13,91,13,0,0,0,0,15,20,568,2,0,0,0,18,49,60,8,49,0,0,0,0,137,1139,82,30,486,0,45,0,0,138,0,7,2744,189,16,294,0,0,8,96,0,0,0,0,0,0,0,0,0,0,0,0,177,0,0,0,74,0,0,1625,0,0,0,0
2506,0,0,0,0,0,0,0,0,0,0,0,0,0,0,0,0,0,0,0,0,0,0,0,0,0,0,0,0,0,0,0,0,0,0,0,0,0,0,0,0,0,0,0,0,0,0,0,0,0,0,0,0,0,0,0,0,0,0,0,0,34,0,0,0,0,0,0,0,0,0,0,0,0,0,0,0,0,0,62,172,0,0,0,0,0,0,0,0,0,0,0,0,0,0,0,0,0,0,0,0,0,0,0,0,0,0,0,0,0,0,51
2514,0,0,0,0,0,0,0,0,0,0,0,0,0,0,0,0,0,1402,479,0,0,0,37,0,0,43,34,0,483,236,0,0,0,0,0,19,0,0,0,0,0,0,0,0,673,0,0,0,0,0,0,0,0,127,2,38,0,120,0,0,469,0,0,0,0,0,0,129,0,247,0,0,1097,227,106,0,0,0,0,70,0,0,0,0,0,0,48,15,26,0,0,0,0,0,0,0,0,0,0,0,0,0,0,196,0,0,8309,0,0,0,0
252,0,0,0,0,0,0,0,0,0,0,0,0,0,0,0,0,0,0,0,0,0,0,0,0,0,0,0,0,0,0,0,4,0,0,0,0,0,0,0,0,0,0,0,0,0,0,0,0,0,0,0,0,0,0,0,0,0,0,0,0,0,0,0,0,0,0,0,0,0,0,0,0,0,0,0,0,0,0,108891,122513,187,0,0,0,0,0,0,0,0,0,0,0,0,0,0,0,0,0,0,0,0,0,0,0,0,0,0,0,0,0,0
253,0,0,0,0,0,0,1176,248,0,12,0,0,0,0,57,0,0,0,21,0,0,0,0,0,0,3817,37,0,121,70,0,476,0,272,0,153,9,0,0,0,0,0,0,0,10615,1007,185,1680,0,0,0,0,0,14,86,0,30,0,0,0,19,74,0,0,0,0,0,141,0,10522,0,0,21,41,0,0,1388,0,8,742,66,0,61,0,0,8,184,0,0,0,0,0,0,0,0,0,0,0,0,41,0,0,0,15,0,0,0,0,0,0,0
2530,0,0,0,0,0,0,0,2,0,0,0,0,0,0,0,0,0,0,0,0,0,0,0,0,0,0,0,0,0,0,0,0,0,0,0,0,0,0,0,0,0,0,3,0,0,0,0,0,0,0,0,0,0,0,3,0,0,0,34,0,0,0,0,0,0,0,0,0,0,0,0,0,0,0,0,0,0,18,0,0,51,0,5,0,0,0,3794,0,0,0,0,0,0,0,0,0,0,0,22,0,0,0,0,0,0,0,0,0,0,0,0
25337,0,0,0,0,0,0,0,0,0,0,0,0,0,0,0,0,0,253666,7696,0,0,0,0,0,0,43005,12188,0,0,0,0,0,0,0,0,0,0,0,0,0,0,0,0,0,0,0,0,0,0,0,0,0,0,0,0,0,0,0,0,0,0,0,0,0,791,0,0,0,0,0,0,0,554,6232,145,0,0,0,0,0,0,0,0,0,0,0,0,0,0,0,0,0,0,0,0,0,0,0,0,0,0,0,0,0,0,0,0,0,0,0,0
25379,0,0,0,0,0,0,0,0,0,0,0,0,0,0,0,0,0,0,0,0,0,0,0,0,0,0,0,0,4576,503,0,0,0,0,0,0,0,0,0,0,0,97,0,0,0,0,0,0,0,0,0,0,0,0,0,0,0,0,0,0,0,0,0,0,0,0,0,0,0,0,0,1959,0,0,0,0,0,0,0,0,0,0,0,0,0,0,0,0,0,0,0,0,0,0,0,0,0,0,0,0,0,0,0,0,0,0,0,0,0,0,0
2538,0,32,0,0,0,0,98,11,0,21,2587,0,0,0,0,0,0,0,0,0,0,0,0,0,0,0,0,0,0,6,0,13,0,0,0,0,0,0,0,0,0,0,0,0,0,0,0,0,0,0,0,0,0,0,30,0,0,0,0,0,15,0,11,0,0,0,0,0,0,0,0,0,0,0,0,0,0,0,12,0,0,0,0,0,0,0,9,522,0,0,0,0,0,6,0,0,0,0,0,592,0,0,0,0,0,0,0,0,0,0,0
2550,0,0,0,0,0,0,0,0,0,0,0,0,0,0,0,10,0,160,25,0,0,0,0,0,0,0,0,0,6,12,0,0,0,30,0,0,8,0,0,0,0,0,0,0,0,0,5,0,0,0,0,0,0,0,0,0,0,0,0,36,7,0,49,0,0,0,0,46,1242,21,0,0,0,8,0,0,83,0,4,345,88,5,28,0,0,3,4,0,0,0,0,0,0,0,0,0,0,0,0,27,0,0,0,0,0,0,0,0,0,0,0
2551,0,0,0,0,0,0,554,0,0,0,0,0,0,0,0,0,0,0,0,0,0,0,0,0,0,0,0,0,0,16,0,0,0,0,0,0,0,0,0,0,0,0,0,0,0,0,0,0,0,0,0,0,0,0,0,0,0,0,87,16,17,0,0,0,0,0,0,0,0,0,0,0,0,0,0,0,0,0,0,0,0,0,0,0,0,0,0,0,0,0,0,0,0,0,0,0,0,0,0,0,0,0,0,0,0,0,0,0,0,0,0
2557,0,0,0,0,0,0,0,0,0,0,0,0,0,0,0,0,264,0,0,0,0,0,0,0,3,0,0,0,15,177,0,0,0,0,0,0,0,0,331,831,0,0,19911,0,0,0,0,0,0,0,0,0,0,0,0,0,4,0,0,0,0,0,0,0,0,0,0,0,0,0,0,0,3,396,0,0,38,0,0,0,0,0,0,0,0,0,0,0,0,0,0,0,0,0,0,0,0,0,0,0,0,0,0,0,0,0,0,0,0,0,0
256,0,0,0,0,0,0,3759,0,0,0,0,0,0,0,0,0,0,169111,2505,0,0,0,0,0,0,24456,7949,0,3766,847,0,0,0,0,0,0,0,0,0,0,0,0,0,0,0,0,0,0,0,0,0,0,0,0,0,0,0,0,0,0,0,0,0,0,667,0,0,729,0,292,0,0,511,5174,108,0,0,0,71,1034,0,0,0,0,0,0,375,0,0,0,0,0,0,0,0,0,0,0,0,0,0,0,0,0,0,0,0,0,0,0,0
2562,0,0,0,0,0,0,0,45,0,59,0,0,0,0,0,0,0,0,0,0,0,0,0,0,0,0,0,0,0,0,0,0,0,0,0,0,0,0,0,16,0,0,0,0,0,0,0,0,0,0,0,0,0,0,0,0,0,0,0,0,0,0,0,0,0,0,0,49,0,9,0,0,0,0,0,0,185,0,0,3,0,0,0,0,0,0,0,0,0,0,0,0,0,0,0,0,0,0,0,44,0,0,0,0,0,0,0,0,0,0,0
25620,0,0,0,0,0,0,0,0,0,40,0,0,0,0,0,0,0,0,0,0,0,0,0,0,0,0,0,0,5682,996,0,0,0,0,0,0,0,0,0,0,0,0,0,0,0,0,0,0,0,0,0,0,0,0,0,0,0,0,0,0,0,0,0,0,0,0,0,0,0,18,0,0,0,0,0,0,0,0,0,0,0,0,0,0,0,0,0,0,0,0,0,0,0,0,0,0,0,0,0,0,0,0,0,0,0,0,0,0,0,0,0
25644,0,0,0,0,0,0,0,0,0,0,0,0,0,0,0,0,0,0,0,0,0,0,0,0,0,0,0,0,0,0,0,0,0,0,0,0,0,0,0,0,0,0,0,0,265,0,0,0,0,0,0,0,0,170,0,0,0,0,0,0,0,0,0,0,0,0,0,0,0,0,0,0,12,138,0,0,0,0,0,0,0,0,0,0,0,0,0,0,0,0,0,0,0,0,0,0,0,0,0,0,0,0,0,0,0,0,0,0,0,0,0
2573,0,0,0,0,0,0,0,50,0,0,0,0,0,0,0,0,0,0,0,0,0,0,0,0,0,0,0,0,1098,228,0,0,0,0,0,0,0,0,0,0,0,0,85,0,0,0,0,0,0,0,0,0,0,0,0,0,0,0,0,0,0,0,0,0,0,0,0,0,0,0,0,0,0,0,0,0,0,0,0,348,0,0,0,0,0,0,0,0,0,0,0,0,0,0,0,0,0,0,0,0,0,0,0,0,0,0,0,0,0,0,0
25732,0,0,0,0,0,0,0,0,0,0,0,0,0,0,0,0,0,0,0,0,0,0,0,0,0,0,0,0,0,0,0,0,0,0,0,0,0,0,0,0,0,0,0,0,0,0,0,0,0,0,0,0,0,31,0,0,0,0,0,0,0,0,0,0,0,0,0,56,72,24,0,0,0,7,0,0,0,0,0,0,0,0,0,0,0,0,0,0,0,0,0,0,0,0,0,0,0,0,0,0,0,0,0,0,0,0,0,0,0,0,0
2579,0,0,0,0,0,0,0,0,0,0,0,0,0,0,0,0,0,0,0,0,0,0,0,0,0,81,50,0,0,107,0,0,0,0,0,0,0,0,0,0,0,0,0,0,0,0,0,0,0,0,0,0,0,0,0,0,0,0,0,0,0,0,0,0,0,0,0,0,0,0,0,0,0,0,0,0,0,0,0,0,0,0,148,0,0,0,0,0,0,0,0,0,0,0,0,0,0,0,0,0,0,0,0,0,0,0,0,0,0,0,0
2581,0,0,0,0,0,0,174,98,0,0,0,0,0,0,0,0,0,0,0,0,0,0,0,0,0,0,0,0,0,75,0,14,0,0,0,0,0,0,0,0,0,0,0,0,0,0,0,0,0,0,0,0,0,0,0,0,0,0,560,24,15,0,0,0,0,0,0,0,0,0,0,0,0,0,0,0,22,0,0,18,0,0,4,0,0,0,0,0,0,0,0,0,0,0,0,0,0,0,0,0,0,0,0,0,0,0,0,0,0,0,0
25862,0,0,0,0,0,0,0,0,0,0,0,0,0,0,26,0,1054,5,29,0,0,0,0,0,0,0,0,0,0,0,0,0,0,0,0,0,0,0,0,0,0,0,0,0,0,0,0,0,0,0,0,0,0,0,0,0,0,0,0,0,0,0,0,0,0,0,0,0,0,0,0,0,0,0,0,0,0,0,0,0,0,0,0,0,0,0,0,0,0,0,0,0,0,0,0,0,0,0,0,0,0,0,0,0,0,0,0,0,0,0,0
25901,0,0,0,0,0,0,0,0,0,0,0,0,0,0,0,0,0,0,0,0,0,0,0,0,26,20,0,0,0,75,0,0,0,0,0,18,0,0,0,0,0,0,0,0,0,0,0,0,0,0,0,0,0,0,0,0,0,0,0,0,0,0,0,0,0,0,0,0,0,0,0,0,0,0,0,0,0,0,0,0,0,0,0,0,0,0,0,0,0,0,0,0,0,0,0,0,0,0,0,0,0,0,0,0,0,0,0,0,0,0,0
2597,0,0,0,0,0,0,0,0,0,0,0,0,0,0,0,0,0,0,0,0,0,0,0,0,0,0,0,0,0,0,0,0,81,1074,0,0,152,0,0,0,0,0,0,0,0,0,0,0,0,0,0,0,0,0,0,0,0,0,0,0,0,0,0,0,0,0,0,0,0,0,0,0,0,0,0,0,0,0,0,732,0,0,0,0,0,0,0,0,0,0,0,0,0,0,64,0,0,0,0,0,0,0,0,0,0,0,0,0,0,0,0
26,0,0,0,0,0,0,0,125,0,9,0,0,0,0,0,0,345,0,0,0,0,0,0,0,0,0,0,0,0,0,0,0,0,396,0,0,0,7,219,85,0,0,0,0,0,0,0,0,0,0,0,0,0,21,0,0,0,0,0,0,0,0,0,0,0,0,0,0,0,80,0,0,0,0,0,0,23,0,0,0,142,0,53,0,0,0,0,0,0,0,0,0,0,16,0,0,0,0,0,0,0,0,0,0,0,0,0,0,0,0,0
2600,0,0,0,0,0,0,0,0,0,0,0,0,0,0,0,0,0,0,0,0,0,0,0,0,0,0,0,0,0,1578,0,0,0,0,0,0,0,0,0,0,0,0,0,0,0,0,0,0,0,0,0,0,0,0,0,0,0,0,0,0,0,0,0,0,0,0,0,159,0,0,0,0,0,29,0,0,0,0,0,0,0,0,0,0,0,0,80,0,0,0,0,0,0,0,0,0,0,0,0,0,0,0,0,0,0,0,8619,0,0,0,0
2606,0,0,0,0,0,0,0,256,0,0,0,0,0,0,0,0,0,0,0,0,0,0,7,0,0,0,210,0,0,26,0,0,0,61,0,0,0,0,0,0,0,0,0,0,0,0,0,0,0,0,0,0,0,0,49,0,10,0,0,0,0,0,0,0,0,0,1729,0,0,0,0,0,82,0,0,0,155,0,104,9342,2840,0,294,0,0,0,240,0,0,0,0,0,0,0,0,0,0,0,0,0,0,0,0,0,0,0,0,0,0,0,0
261,0,0,0,0,0,0,0,0,0,0,0,0,0,0,0,0,0,0,0,0,0,0,0,0,0,0,0,0,55,0,0,0,0,654,0,0,0,0,0,229,0,0,0,0,0,0,0,0,0,0,0,0,0,105,0,0,0,0,0,0,0,0,0,0,0,0,0,0,0,0,0,0,0,43,0,0,63,0,0,0,0,0,0,0,0,0,0,0,0,0,0,0,0,0,0,0,0,0,0,0,0,0,0,0,0,0,0,0,0,0,0
263,0,0,0,11183,0,0,0,0,0,0,0,0,0,0,0,0,0,0,0,0,0,0,0,0,0,0,0,0,0,0,0,0,334,0,0,0,0,0,0,12859,0,0,0,0,0,735,486,252,0,0,0,0,0,0,0,0,0,0,0,0,11,5,0,0,0,0,0,13,0,23,0,0,0,0,0,0,0,0,0,32,0,0,0,0,6,0,0,0,0,0,0,0,0,0,0,0,0,0,0,16,0,0,0,0,0,0,0,0,0,0,0
264,0,0,0,0,0,0,0,0,0,0,0,0,0,0,0,0,0,0,0,0,0,0,0,0,0,0,0,0,0,0,0,0,0,0,0,0,0,0,0,0,0,0,0,0,324,0,0,0,0,0,0,0,0,0,72,0,0,0,0,0,0,0,226,0,0,0,0,0,0,0,0,0,0,21,0,0,0,0,0,0,0,0,0,0,0,0,0,0,0,0,19,14,0,0,0,0,0,0,0,0,0,0,0,0,0,0,0,0,0,0,0
26419,0,0,0,0,0,0,0,0,0,0,0,0,0,0,0,0,0,9,17,0,0,0,0,0,0,0,0,0,136,0,0,0,0,0,0,0,0,0,0,0,0,0,0,0,0,0,0,0,0,0,0,0,0,0,102,0,0,0,0,0,0,0,0,0,0,0,0,0,0,38,0,0,188,174,0,0,0,0,0,0,0,0,0,0,0,0,0,0,0,0,0,0,0,0,0,0,0,0,0,0,0,0,0,0,0,0,0,0,0,0,0
26448,0,0,0,0,0,0,0,0,0,19,0,0,0,0,0,0,0,90,0,0,0,0,0,0,0,0,0,0,0,0,0,0,0,0,0,0,0,0,0,0,0,0,0,0,0,0,0,0,0,0,0,0,0,0,0,0,0,0,0,0,0,0,0,0,0,0,0,0,0,206,0,0,485,49,134,0,0,0,0,0,0,0,0,0,0,0,0,0,0,0,0,0,0,0,0,0,0,0,0,0,0,0,0,0,0,0,0,0,0,0,0
2645,0,0,0,0,0,0,0,0,0,0,0,0,0,0,0,291,0,2,0,0,0,0,0,0,0,0,0,0,0,35,0,0,0,0,0,0,0,0,0,96,0,0,0,0,0,157,0,5,0,0,0,0,0,0,0,0,12,0,0,0,83,0,67,0,0,0,0,0,0,81,51536,0,0,0,0,0,9,0,12,184,0,0,27,0,0,0,0,0,0,0,0,0,0,0,0,0,0,0,0,94,0,0,0,0,0,0,0,0,0,0,0
26484,0,0,0,0,0,0,0,0,0,0,0,0,0,0,0,22,0,102,32,0,0,0,0,0,0,0,3,0,32,33,0,0,0,0,0,0,0,0,0,0,0,0,0,0,0,0,0,0,0,0,0,0,0,0,0,0,0,0,0,0,0,0,0,0,0,0,0,67,179,14,0,0,0,0,0,0,0,0,0,36,0,0,0,0,0,0,90,0,0,0,0,0,0,0,0,0,0,0,0,0,0,0,0,0,0,0,0,0,0,0,0
26488,0,0,0,0,0,0,0,0,0,0,0,0,0,0,0,69,0,0,0,0,0,0,0,0,0,0,0,0,0,0,0,0,0,0,0,0,0,0,0,20,0,0,0,0,0,0,0,0,0,0,0,0,0,0,0,0,0,0,0,0,0,0,6,0,0,0,0,0,0,0,0,0,0,0,0,0,0,0,14,0,0,0,0,0,0,0,0,0,0,0,0,0,6,0,0,0,0,0,0,0,0,0,0,0,0,0,0,0,0,0,2
2649,0,0,44,0,0,0,0,0,0,0,0,0,0,0,0,0,0,0,0,0,0,0,18,0,10,0,0,0,0,0,0,0,0,0,0,206,0,0,6,0,0,0,0,0,0,0,0,0,0,0,0,0,0,0,0,64,0,0,0,0,0,0,0,0,0,0,0,0,0,0,0,0,0,19,0,0,74,0,248,380,0,0,29,0,0,0,0,0,0,0,0,0,0,0,0,0,0,0,0,4,0,0,0,0,0,0,0,0,0,0,0
2657,0,0,0,0,0,0,0,101,0,0,0,0,0,0,0,0,0,0,0,0,0,0,0,0,7,0,0,0,0,0,0,0,0,0,0,0,144,0,0,17727,0,0,0,0,0,0,0,0,0,0,0,0,6,457,0,0,0,0,394,31,12,0,0,0,0,0,0,0,0,0,0,0,106,8,0,0,0,0,0,445,0,0,11333,0,0,0,0,0,0,0,0,0,45,479,0,0,0,0,0,31,0,0,0,0,0,0,0,0,0,0,0
2662,0,0,0,0,0,0,0,0,0,0,0,0,0,0,0,0,0,0,0,0,0,0,0,0,0,0,0,0,0,0,0,0,0,0,0,0,0,0,0,74,0,0,0,0,0,0,0,0,0,6004,59788,54,189,655,0,0,0,0,0,0,0,0,0,0,0,0,0,0,0,0,0,0,0,0,0,0,0,0,0,0,0,0,0,0,0,0,0,2024,84,315,0,0,0,0,0,0,0,0,0,0,0,0,0,0,0,0,7612,0,0,0,0
26622,0,0,0,0,0,0,0,0,0,0,0,0,0,0,0,0,0,0,0,0,0,0,0,0,0,0,0,0,0,0,0,0,0,0,0,0,0,0,0,0,0,0,0,0,0,0,0,0,0,0,0,0,0,0,127,0,0,0,0,0,0,0,0,0,0,0,0,0,0,0,0,0,0,0,0,0,0,0,462,4464,38,0,0,0,0,0,0,0,0,0,0,0,48,673,0,0,0,0,0,0,0,0,0,0,0,0,0,0,0,0,0
2665,0,0,0,0,0,0,51,8,0,0,0,0,0,0,0,0,0,0,0,0,0,0,0,0,0,0,0,0,0,0,0,0,0,0,0,0,0,0,0,0,0,0,0,0,0,0,0,0,0,0,0,0,0,0,0,0,0,0,48,34,8,0,0,0,0,0,0,0,0,0,0,0,0,0,0,0,84,0,0,0,0,0,0,0,0,0,0,0,0,0,0,0,0,0,0,0,0,0,0,0,0,0,0,0,0,0,0,0,0,0,0
2666,0,0,0,0,0,0,0,0,0,0,0,0,0,0,0,0,0,0,0,0,0,0,0,0,0,0,0,0,0,0,0,0,0,0,0,0,0,0,0,0,0,0,0,0,0,0,0,0,0,0,0,0,0,0,0,0,0,0,0,0,0,0,0,0,0,0,0,0,0,0,0,99,0,0,0,18236,0,0,0,0,0,0,0,0,0,0,0,0,0,0,0,0,0,487,0,0,0,0,0,0,0,0,0,0,0,0,0,0,0,0,617
26672,0,0,0,0,0,0,0,0,0,0,0,0,0,0,0,0,0,0,0,0,0,0,0,0,0,0,0,0,0,0,0,0,0,0,0,0,0,0,0,0,0,0,0,0,0,0,0,0,0,0,0,0,0,0,0,0,103412,22442,0,0,0,0,0,0,75,0,0,0,0,0,0,0,0,0,0,0,0,0,0,0,0,0,0,0,0,0,0,842,0,199,0,0,0,0,0,0,0,0,0,0,0,0,0,0,0,0,0,0,0,0,0
267,0,0,0,0,0,0,1959,0,0,0,543,0,0,55,164,0,21,54,144,0,7,0,0,0,0,0,0,0,705,10,0,0,369,306,0,0,0,0,0,155,0,0,0,0,0,19,0,0,0,0,0,0,0,0,7493,355,832,0,60,0,218,0,0,0,54,0,0,0,0,157,0,0,0,0,0,0,0,0,0,958,144,0,0,0,0,0,773,0,0,0,0,0,0,336,0,0,0,0,0,0,0,0,0,0,0,1374,0,0,0,0,0
26910,0,0,0,0,0,0,0,0,0,17,0,0,0,0,0,0,0,0,0,0,0,0,0,0,0,0,0,0,0,0,0,0,0,0,0,0,0,0,0,0,0,0,0,0,0,0,0,0,0,0,0,0,0,0,0,0,0,6,0,0,0,0,0,0,0,0,0,0,0,0,0,0,0,0,0,0,0,0,0,0,0,0,0,0,0,0,0,0,0,0,0,0,0,8,0,0,0,0,0,0,0,0,26,4,0,0,0,0,0,0,0
2699,0,0,0,0,0,0,0,352,0,0,0,0,0,0,0,694,0,0,50,0,0,0,0,0,0,41,0,0,63,0,0,0,0,0,0,0,0,0,0,553,0,0,0,0,0,0,81,0,0,0,0,0,0,57,113,0,0,0,0,0,135,78,924,2486,0,0,0,0,0,59,241277,0,41,0,0,0,223,24,150,1948,0,0,105,0,0,0,44,0,0,0,0,0,450,0,0,0,0,0,0,0,0,0,0,0,0,0,0,0,0,0,0
27,0,0,0,0,0,0,623,0,0,0,0,0,0,0,0,0,0,0,0,0,0,0,0,0,0,0,0,0,0,132,0,0,0,0,0,0,0,0,0,0,0,0,0,0,0,0,0,0,0,0,0,0,0,0,0,0,0,0,121,24,22,0,0,0,0,0,0,0,0,0,0,0,0,0,0,0,0,0,0,0,0,0,23,0,0,0,0,0,0,0,0,0,0,0,0,0,0,0,0,0,0,0,0,0,0,0,0,0,0,0,0
270,0,0,0,0,0,0,0,0,0,0,0,0,0,0,0,0,0,0,0,0,0,0,0,0,0,0,0,0,97,0,0,0,0,595,0,0,0,0,0,0,0,136,0,0,0,0,0,0,0,1396,14447,0,76,112,0,0,0,0,0,31,33,0,0,0,417,0,0,0,0,0,0,1661,43,0,0,0,0,0,0,0,0,0,0,0,0,0,0,0,0,0,0,0,0,0,0,0,0,0,0,0,0,0,0,0,0,0,758,0,0,0,0
2712,0,0,0,0,0,0,0,264,0,0,0,0,0,0,60,0,0,0,0,0,0,0,0,0,0,0,0,0,0,52,0,0,0,0,0,0,37,0,0,0,0,0,0,0,0,0,0,0,0,0,0,0,0,329,0,0,0,0,0,0,0,0,0,0,0,0,0,15,0,0,0,0,0,0,0,0,0,0,0,0,0,0,0,0,0,0,0,0,0,0,0,0,0,0,0,0,0,0,0,0,0,0,0,0,0,0,0,0,0,0,0
2729,0,0,0,0,0,0,0,0,0,0,0,0,0,0,0,0,0,0,0,0,0,0,0,0,0,0,0,0,42,64,0,0,0,0,0,0,0,0,0,895,0,0,1778,0,0,0,0,0,0,0,0,12,0,304,0,0,0,0,0,0,0,0,0,0,0,0,0,0,0,0,0,0,0,37,0,0,0,0,0,26,580,0,0,0,0,0,0,0,0,0,0,0,0,1005,0,0,0,0,0,0,0,0,0,0,26,82,344,0,0,0,0
27338,0,0,0,0,0,0,0,0,0,0,0,0,0,0,0,0,0,0,0,0,0,0,0,0,0,0,0,0,0,0,0,0,549,0,0,0,0,0,0,19185,0,0,0,0,0,1734,1392,455,0,0,0,0,0,0,0,0,0,0,0,0,0,0,0,0,0,0,0,0,0,0,0,0,0,0,0,0,0,0,0,0,0,0,0,0,0,0,0,0,0,0,0,0,0,0,0,0,0,0,0,0,0,0,0,0,0,0,0,0,0,0,0
2739,0,0,0,0,0,0,0,0,0,0,0,0,0,0,0,0,0,0,113,0,0,0,0,0,0,0,0,0,32,75,0,0,0,18,0,0,0,0,0,66,0,0,16976,0,0,0,0,0,0,0,0,0,0,482,0,0,0,0,0,0,0,0,0,0,0,0,0,0,0,0,0,0,0,28,0,0,0,0,20,117,26,0,0,0,0,0,0,0,0,0,0,0,128,1192,0,0,0,0,0,0,0,0,0,0,0,0,0,0,0,0,0
2742,0,0,3880,0,4060,0,0,0,0,0,0,0,0,0,0,0,0,0,34,0,0,0,0,0,0,0,0,0,0,0,0,0,0,499,0,0,0,0,0,0,0,0,0,0,0,0,0,0,0,0,0,0,0,0,0,0,0,0,0,0,0,0,0,0,0,0,0,0,0,0,0,0,382,1058,19,0,0,0,0,0,202,0,0,0,0,0,0,0,0,0,0,0,0,0,0,0,0,0,0,0,0,0,0,0,0,0,0,0,0,0,0
27829,0,0,0,0,0,0,0,0,0,0,0,0,0,0,0,0,0,0,0,0,0,0,0,0,0,0,0,0,0,0,0,0,0,0,0,0,0,0,23,0,0,0,0,0,0,0,0,0,0,0,0,0,0,83,0,0,0,0,0,0,0,0,0,0,0,0,0,0,0,0,39,0,0,44,0,0,0,0,0,0,100,0,3,0,0,0,0,0,0,0,0,0,0,0,0,0,0,0,0,0,0,0,0,0,0,0,0,0,0,0,0
279,0,0,36,0,0,0,0,315,0,0,0,0,0,0,0,0,0,0,0,0,0,0,0,0,0,0,0,0,0,0,0,0,0,42,0,0,60,0,0,0,0,0,0,0,454,0,0,0,0,0,0,0,0,0,0,0,0,0,0,0,0,9,913,0,0,0,0,0,0,126501,0,0,0,0,0,0,0,0,0,529,0,0,0,0,0,0,90,0,0,0,0,0,0,0,0,0,0,0,0,0,0,0,0,0,0,0,0,0,0,0,0
28,0,0,0,0,0,0,1551,0,0,0,0,0,0,0,0,0,0,0,0,0,0,0,0,0,0,0,0,0,0,0,0,0,0,0,0,0,0,0,0,0,0,0,0,0,0,0,0,0,0,0,0,0,0,0,0,0,0,0,0,0,0,0,0,0,0,0,0,0,0,0,0,0,0,771,57,0,0,0,0,0,0,0,0,0,0,13,86,0,0,0,0,0,0,0,0,0,0,0,0,0,0,0,0,0,0,0,0,0,0,0,0
280,0,0,0,0,0,0,0,0,0,0,0,0,0,0,0,0,0,0,51,0,0,0,0,0,0,0,0,0,9,10,0,0,0,0,0,0,0,0,0,0,0,0,0,0,0,0,0,0,0,0,0,0,0,0,0,0,0,0,0,0,0,0,0,0,0,0,0,53,0,0,0,0,0,27,0,0,0,0,0,0,0,0,0,0,0,0,18,8,0,0,0,0,0,0,0,0,0,0,0,0,0,0,0,0,0,0,6941,0,0,0,0
2824,0,0,0,0,0,0,0,0,0,0,0,0,0,0,26,0,0,25,0,0,0,0,0,0,0,0,0,0,0,0,0,0,0,0,0,0,0,0,0,0,0,0,0,0,0,0,0,0,0,0,0,0,0,0,0,0,0,0,0,0,0,0,0,0,0,0,0,0,0,0,0,0,0,0,0,0,0,0,0,0,0,0,0,0,0,0,0,0,0,0,0,0,0,0,0,0,0,0,3,45,0,0,669,0,0,0,0,0,0,0,0
2834,0,0,0,0,0,0,0,0,0,0,0,0,0,0,0,18,0,0,0,0,0,0,0,0,0,0,0,0,0,0,0,0,0,0,0,0,0,0,0,0,0,0,0,0,0,0,0,0,0,0,0,0,0,0,0,0,23,0,0,0,0,0,11,0,0,0,0,0,0,0,4,0,0,0,0,0,15,0,4,0,0,0,6,0,0,0,0,0,0,0,0,0,11,0,0,0,0,0,0,0,0,0,0,0,0,0,0,0,0,0,0
2839,0,0,0,0,0,0,50,0,0,0,0,0,0,0,0,0,0,0,0,0,0,0,0,0,0,0,0,0,0,0,0,0,0,0,0,0,0,0,0,0,0,0,0,0,0,0,0,0,0,0,0,0,0,0,0,0,0,0,0,259,37,0,24,0,0,0,0,0,0,0,0,0,0,0,0,0,610,0,0,0,0,0,0,0,0,0,0,0,0,0,0,0,0,0,0,0,0,0,0,0,0,0,0,0,0,0,0,0,0,0,0
284,0,0,0,0,0,0,0,0,0,0,0,0,0,0,0,0,0,0,0,0,0,0,0,0,0,0,0,0,4877,2334,0,0,0,0,0,0,0,0,0,0,0,0,0,0,0,0,0,0,0,0,0,30,0,395,0,0,0,0,0,0,0,0,0,0,0,0,0,0,0,0,0,0,0,28,0,0,0,0,0,0,0,0,0,0,0,0,0,0,0,0,0,0,0,0,0,0,0,0,0,0,0,0,0,0,0,0,1961,0,0,0,0
2841,0,0,0,0,0,0,0,0,0,0,0,0,0,0,0,0,0,0,0,0,0,0,0,0,0,0,0,0,0,0,0,0,0,47,0,0,0,0,0,0,0,0,0,0,0,0,0,0,0,0,0,0,0,0,0,0,0,0,0,0,0,0,46,0,0,0,0,0,0,11965,0,0,0,0,0,0,0,0,0,1494,0,0,0,0,0,0,0,171,0,0,0,0,0,0,0,0,0,0,0,0,0,0,0,0,0,0,0,0,0,0,0
2860,0,0,0,0,0,0,0,0,0,34,0,0,0,0,0,0,549,0,0,0,0,0,0,0,0,0,0,0,0,0,0,0,0,0,0,0,0,0,0,0,0,0,0,0,0,0,0,0,0,0,0,0,0,0,0,0,0,0,0,0,616,0,0,0,0,0,0,0,0,0,0,0,0,0,0,0,0,0,0,0,0,0,367,0,0,0,0,0,0,0,0,0,0,0,0,0,0,0,0,0,0,0,0,0,0,0,0,0,0,0,0
28673,0,0,0,0,0,0,0,0,0,257632,0,0,0,0,0,0,0,0,0,0,0,0,0,0,0,0,231,0,1892,113,0,0,0,1155,0,0,0,0,0,154,0,0,0,0,0,0,0,0,0,0,0,0,0,0,0,0,0,0,0,0,0,0,0,0,0,0,0,0,0,0,0,0,0,0,0,0,0,0,0,0,0,19,22,0,0,0,0,0,0,0,0,0,0,0,0,0,0,0,0,0,0,0,0,0,0,0,0,0,0,0,0
2872,0,0,28,0,0,0,0,0,0,0,0,0,0,0,23,0,0,0,20,0,19,11,30,0,0,0,14,0,4077,1229,0,0,0,0,0,0,0,0,0,0,0,0,0,0,0,0,25,0,0,0,0,0,0,0,0,0,0,0,0,0,0,55,72,0,0,0,0,43,0,16,0,0,0,0,4,0,0,0,15,2286,0,0,0,0,0,0,0,0,0,0,0,0,0,0,0,0,0,0,0,0,0,0,572,139,0,0,0,0,0,0,0
28748,0,0,0,0,0,0,0,0,0,268,0,0,0,0,0,0,0,0,49,0,0,0,0,0,0,0,0,0,0,0,0,0,0,6729,0,0,0,0,0,0,0,445,0,0,0,0,0,0,0,0,0,0,0,0,0,0,0,0,0,0,0,0,0,0,1551,0,0,0,0,477,0,8689,127,66,0,0,0,0,0,0,0,0,0,0,0,0,0,0,0,0,0,0,0,0,0,0,0,0,0,0,0,0,0,0,0,0,0,0,0,0,0
28750,0,0,0,0,0,0,0,0,0,0,0,0,0,0,0,0,0,0,0,0,0,0,0,0,0,0,0,0,0,7,0,0,0,0,0,0,0,0,0,0,0,0,0,0,0,0,0,0,0,0,0,0,0,0,0,0,0,0,0,0,0,0,0,46,0,0,0,0,0,0,0,0,0,0,0,9,0,0,0,0,0,0,0,0,0,0,0,31,0,6,0,0,0,0,0,0,0,0,0,0,0,0,0,0,0,0,0,0,0,0,0
28775,0,0,0,0,0,0,0,0,0,0,0,0,0,0,0,0,0,0,0,0,0,0,0,0,0,0,0,0,0,843,0,0,0,0,0,0,0,0,0,0,0,0,0,0,0,0,0,0,0,0,0,799,2429,9428,0,0,0,0,0,0,0,0,0,0,0,0,0,0,0,0,0,0,23,0,0,0,0,0,0,0,0,0,0,0,0,0,0,0,0,0,0,0,0,0,0,0,0,0,0,0,0,0,0,0,0,0,0,0,0,0,0
28802,0,0,0,0,0,0,0,0,0,0,0,0,0,0,9,0,0,10,0,0,0,0,0,0,0,0,0,0,269,34,0,0,0,0,0,55,0,0,47,139,0,0,0,0,0,0,0,0,0,0,0,0,0,0,0,0,0,0,0,0,0,0,0,0,0,0,0,0,0,0,0,0,0,0,0,0,0,0,233,626,115,6,0,0,0,0,0,0,0,0,0,0,0,0,0,0,0,0,0,31,0,0,0,0,0,0,0,0,0,0,0
28876,0,0,0,0,0,0,0,0,0,0,0,0,0,0,0,0,0,0,251,0,0,0,0,0,0,0,0,0,771,309,0,0,0,0,0,0,0,0,0,0,0,0,0,0,0,0,0,0,0,0,0,0,0,12,0,0,0,0,0,0,0,0,0,0,0,0,0,0,0,0,0,0,0,43,0,0,0,0,70,2492,29,0,13,0,0,0,0,0,0,0,0,0,0,0,0,0,0,0,0,41,0,0,0,0,0,0,0,0,0,0,0
28898,0,0,0,0,0,0,0,159,0,398,0,0,0,0,0,0,327,0,0,0,0,0,0,0,0,0,0,0,0,10,0,0,0,0,0,0,0,0,157,98,0,0,0,0,0,0,0,0,0,0,0,0,0,0,0,0,17733,1815,0,0,0,0,0,0,199,0,0,122,0,0,13,0,397,171,46,0,0,0,0,0,103,0,5,0,0,0,0,329,24,137,0,0,0,0,0,0,0,0,0,0,0,0,0,0,0,0,0,0,0,0,0
289,0,0,0,0,0,0,0,0,0,0,0,0,0,0,0,0,0,0,0,0,0,0,0,0,0,0,0,0,3598,1638,0,0,0,6563,0,0,0,0,0,0,0,0,0,0,0,0,0,0,0,0,0,62,0,1145,0,0,0,0,0,0,0,0,0,0,0,0,0,0,0,0,0,0,0,88,0,0,0,0,0,40,0,0,0,0,0,0,0,0,0,0,0,0,0,0,0,0,0,0,0,0,0,0,0,0,0,1387,0,0,0,0,0
29,0,0,0,0,0,0,1056,1064,0,39,0,0,0,0,0,0,0,918,10,0,0,0,0,0,17,0,516,0,32,7479,0,0,0,0,0,23,32,0,917,89363,0,0,60876,0,607,0,40,166,0,0,0,146,576,4202,1487,307,83,35,0,0,647,0,0,0,0,0,0,596,0,54712,37,0,265,768,0,0,6192,0,187,396,19,65,30,0,0,0,438,0,0,0,0,0,0,0,0,0,0,0,0,180,0,0,0,0,0,0,28929,0,0,0,0
290,0,0,0,0,0,0,0,594,0,0,0,0,0,0,0,0,0,0,0,0,3,0,0,0,0,0,0,0,0,0,0,0,0,29938,0,0,0,0,0,0,0,0,0,0,0,0,0,0,0,0,0,0,0,0,0,0,0,0,0,0,0,0,0,0,0,0,0,0,0,0,0,0,0,0,0,0,0,0,0,0,0,0,0,0,15,0,0,0,0,0,0,0,0,17411,0,0,0,0,0,0,0,0,0,0,7,0,0,0,0,0,0
2902,0,0,0,0,0,0,0,0,0,0,0,0,0,0,0,0,0,0,0,0,0,0,0,0,0,0,0,0,0,0,0,0,0,0,0,0,0,0,0,0,0,0,0,0,0,0,0,0,0,0,0,0,0,0,28,0,0,0,0,0,0,0,0,0,0,0,0,0,0,0,0,0,0,0,0,0,28,0,19,0,0,0,0,0,0,0,0,163,0,0,0,0,0,0,0,0,0,0,0,2286,0,0,0,0,0,0,0,0,0,0,0
291,0,0,0,0,0,0,1338,154,0,0,0,0,0,0,74,9542,21701,355,905,0,0,0,0,0,0,33,0,0,0,76,0,0,0,7954,0,449,0,0,914,866,157,0,56189,0,0,0,46,0,0,4375,37462,222,1906,1509,11592,10432,996,120,0,0,70,1778,34,0,0,566,0,35931,0,2224,85,300659,544,1540,26,0,2941,0,0,19360,984,0,0,0,0,0,134708,61,0,0,0,0,0,3115,0,0,0,27,0,279,0,0,0,0,0,0,2496,0,0,0,0
29175,0,0,0,0,0,0,0,0,0,0,0,0,0,0,0,0,0,0,0,0,0,0,0,0,0,0,0,0,7310,1548,0,0,0,0,0,0,0,0,0,0,0,0,0,0,0,0,0,0,0,0,0,0,0,0,0,0,0,0,0,0,0,0,0,0,0,0,0,0,0,0,0,0,3196,299,115,0,0,0,0,0,0,0,0,0,0,0,0,0,0,0,0,0,0,0,0,0,0,0,0,0,0,0,0,0,0,0,0,0,0,0,0
29211,0,0,0,0,0,0,0,0,0,0,0,0,0,0,0,0,0,0,0,0,0,0,0,0,0,0,0,0,0,0,0,0,0,0,0,0,0,0,0,0,0,0,0,0,212,0,0,0,0,0,0,0,0,0,0,0,0,0,0,0,0,0,281,0,0,0,0,0,0,0,0,0,0,0,0,0,0,0,0,0,0,0,0,0,0,0,67,0,0,0,0,0,0,0,0,0,0,0,0,10,0,0,0,0,0,0,0,0,0,0,0
29272,0,0,0,0,0,0,0,0,0,0,0,0,0,0,0,0,0,0,0,0,0,0,0,0,258077,0,0,0,0,0,0,0,0,0,0,0,0,0,0,0,0,0,0,0,0,0,0,0,0,0,0,0,0,0,7,0,0,0,0,0,0,0,0,0,0,0,0,2,0,0,0,0,0,0,0,0,0,0,0,0,0,0,0,0,0,0,0,0,0,0,0,0,0,0,0,0,0,0,3,0,0,0,0,0,0,0,0,0,5,0,0
293,0,0,0,0,0,0,0,0,0,0,0,0,0,0,0,0,0,0,0,0,0,0,0,0,0,0,0,0,0,0,0,0,0,0,0,0,0,0,0,0,0,0,0,0,0,0,0,0,0,0,0,0,0,0,0,0,0,0,0,0,0,0,0,0,0,0,0,0,0,0,0,0,0,0,0,0,0,0,0,2153,0,0,12,0,0,0,0,34,0,0,0,0,0,0,39,0,0,0,0,0,0,0,3067,50,0,0,0,0,0,0,0
29507,0,0,0,0,0,0,0,0,0,0,0,0,0,0,0,0,0,0,0,0,0,0,0,0,0,1523,0,0,17716,557,0,115,0,438,0,0,0,0,0,0,0,0,0,0,2547,460,196,762,0,0,0,0,0,0,0,0,69,0,0,0,0,0,0,0,0,0,0,0,0,0,0,0,852,69,48,0,0,0,0,0,0,0,0,0,0,0,0,0,0,0,0,0,0,0,0,0,0,0,0,0,0,0,0,0,0,0,0,0,0,0,0
296,0,0,59,0,0,0,0,1081,0,0,0,0,0,0,14,0,0,0,0,0,0,0,0,0,0,0,0,0,0,0,0,0,0,0,0,0,0,0,331,337,0,0,0,0,0,0,11,0,0,0,0,0,0,0,0,0,0,0,0,0,0,0,0,0,0,0,0,0,0,354,0,0,0,0,0,0,0,0,7,182,201,0,0,0,0,0,0,0,0,0,0,0,0,0,0,0,0,0,0,0,0,0,0,0,0,0,0,0,0,0,0
2967,0,0,745,0,0,0,0,0,0,0,0,0,0,0,156,0,0,84,675,0,0,0,0,0,14,18,0,0,281,606,0,0,0,0,0,14,0,0,162,128,0,0,4629,0,848,0,4,0,0,0,0,75,184,1274,9,0,50,75,0,0,547,8,686,0,0,0,0,335,0,165,0,0,0,146,0,0,4,4,241,3325,149,0,434,0,0,0,288,0,0,0,0,0,34,201,0,0,0,0,0,40,0,0,535,119,0,0,0,0,0,0,0
297,0,23,0,0,0,0,48,0,0,25,0,0,0,0,25,0,0,0,0,0,0,0,0,0,0,0,0,0,0,3,0,0,0,0,0,16,0,0,0,0,0,0,0,0,125,0,0,0,0,0,0,0,0,0,17,0,0,0,0,0,0,0,0,0,0,0,0,0,0,0,0,70,57,0,0,0,0,0,4090,1810,0,0,7,0,0,0,19,0,0,0,0,0,0,0,0,0,0,0,0,2,0,0,0,0,0,0,0,0,0,0,0
298,0,0,0,0,0,0,0,0,0,44741,0,0,0,0,0,239,443,187,391,0,0,0,0,0,0,3538,491,0,23944,5456,0,605,0,673,0,0,0,0,0,0,0,0,0,0,18655,4330,2723,15856,0,0,0,0,0,0,0,0,30,0,0,0,0,0,0,0,0,0,0,0,0,0,0,0,2705,723,343,0,0,0,0,0,0,13,230,0,0,0,0,0,0,0,0,0,0,0,0,0,0,0,0,0,0,0,0,0,0,0,0,0,0,0,0
29883,0,0,0,0,0,0,0,0,0,0,0,0,0,0,0,0,0,0,0,0,0,0,0,0,0,0,0,0,0,0,0,0,0,0,0,0,0,0,0,0,0,0,0,0,149,0,0,0,0,0,0,0,0,0,0,0,0,0,0,0,0,3,205,0,0,0,0,0,0,0,0,0,0,0,0,0,0,0,0,0,0,0,0,0,0,0,56,0,0,0,0,0,0,0,0,0,0,0,0,5,0,0,0,0,0,0,0,0,0,0,0
3,0,0,0,0,0,0,137,196,0,12946,0,0,0,0,20,6,428,613,320,0,20,0,40,0,0,0,8,0,480,25,0,0,0,22,0,2,0,0,18,1219,0,0,0,0,43,11,3,0,0,10347,86632,128,1173,843,1944,93,82,0,96,7,13,8,0,0,22,0,6722,51,0,19,0,119,0,0,0,7,0,39,999,4733,3621,6,218,0,0,0,452,0,0,0,0,0,0,1048,0,0,0,0,0,0,0,0,0,0,0,0,3027,0,0,0,0
3007,0,0,0,0,0,0,0,0,0,0,0,0,0,0,0,0,0,0,0,0,0,0,0,0,0,0,0,0,0,72,0,0,0,0,0,0,0,0,0,0,0,0,0,0,0,0,0,0,0,0,0,0,0,0,0,0,0,0,0,0,0,0,37,0,0,0,0,74,0,0,0,0,0,0,0,0,0,0,0,0,0,0,107,0,13,0,0,0,0,0,0,0,0,10287,0,0,0,0,0,0,0,0,0,0,0,0,0,0,0,0,0
30133,0,0,0,0,0,0,0,0,0,0,0,0,0,0,0,0,0,0,0,0,0,0,0,0,0,0,0,0,29,471,0,0,0,0,0,0,0,0,720,1786,0,0,0,0,0,0,0,0,0,0,0,0,0,0,16,208,0,0,0,0,0,0,0,0,0,0,0,0,0,123,0,0,0,0,0,0,0,0,0,4425,0,0,59,0,0,0,0,0,0,0,0,0,0,0,0,0,0,0,0,115,0,0,0,0,0,0,1121,0,0,0,0
3033,0,0,0,0,0,0,0,0,0,0,0,0,0,0,72,0,0,0,0,0,0,0,0,0,0,0,0,0,0,0,0,0,0,9,0,0,0,0,0,0,0,0,0,0,0,0,0,0,0,0,0,0,0,0,0,0,0,0,0,0,0,0,0,0,0,0,0,0,0,0,0,0,0,0,0,0,0,0,3,455,22,3,16,0,0,0,0,0,0,0,0,0,0,0,0,0,0,0,0,0,0,0,0,0,0,0,0,0,0,0,0
30356,0,0,0,0,0,0,0,0,0,0,0,0,0,0,0,0,0,0,0,0,0,0,13997,0,0,0,0,0,2317,16545,0,0,0,0,0,0,0,0,7482,135,0,0,0,0,0,0,14,0,0,0,0,0,0,0,0,0,0,0,0,0,0,0,0,0,0,0,0,0,0,0,353,0,0,0,0,0,868,0,0,0,0,0,0,0,0,0,0,0,0,0,0,0,0,0,0,0,0,0,0,0,0,0,0,0,0,0,0,0,0,0,0
3041,0,0,0,0,0,0,3285,0,0,0,0,0,0,4,0,0,0,0,0,0,8,0,0,0,0,0,0,0,9173,2212,0,0,78,6,0,0,0,0,0,0,0,0,0,0,0,0,0,0,0,0,0,0,0,0,0,4,0,0,0,0,0,0,0,0,0,0,0,0,0,0,0,0,0,0,0,0,0,0,0,86,0,0,0,0,0,0,0,0,0,0,0,0,0,0,0,0,0,0,0,0,0,0,0,0,0,0,0,0,0,0,0
30509,0,0,0,0,0,0,0,0,0,0,0,0,0,0,0,0,0,0,0,0,0,0,0,0,0,0,5,0,0,110,0,0,0,7,0,4,0,0,0,57,0,0,0,0,0,0,0,0,0,0,0,0,0,54,0,0,0,0,25,20,185,0,13,0,0,0,0,95,0,0,0,0,15,2450,6,0,8,0,0,14,0,0,0,0,0,0,0,0,0,0,0,0,0,0,0,0,0,0,0,0,0,0,0,0,0,0,0,0,0,0,0
30532,0,0,0,0,0,0,325,1099,4523,0,43,0,566,0,174,0,1410,361,121,0,0,0,0,0,0,0,0,0,0,0,0,0,0,0,0,0,1668,0,0,127,0,0,0,0,0,28,0,0,0,0,0,0,170,0,12075,2089,654,0,0,0,118,17,0,0,20,0,0,0,0,0,0,16,0,0,0,0,0,0,0,514,0,0,0,0,0,0,1267,0,0,0,0,0,0,0,0,0,0,0,0,0,0,0,0,0,0,2031,0,0,0,0,0
30542,0,0,0,0,0,0,8,0,0,0,0,0,0,0,0,0,3,0,32,0,0,0,0,0,0,0,0,0,0,0,0,0,0,0,0,0,0,0,0,58,0,0,0,0,0,0,0,0,0,0,0,0,0,0,2089,435,0,0,0,0,0,0,0,0,0,0,0,0,0,0,0,0,0,0,0,0,0,0,0,0,0,0,0,0,0,0,0,0,0,0,0,0,0,0,0,0,0,0,0,0,0,0,0,0,0,114,0,0,0,0,0
30570,0,0,0,0,0,0,0,0,0,0,0,0,0,0,0,0,0,0,0,0,0,0,0,0,0,0,0,0,26,110,0,0,0,0,0,0,0,0,0,45,0,0,0,0,0,0,0,0,0,0,0,0,0,0,0,0,0,0,0,0,0,0,0,0,0,0,0,0,0,0,0,0,0,0,0,0,0,0,0,0,145,0,0,0,0,0,0,0,0,0,0,0,0,0,0,0,0,0,0,0,0,0,0,0,0,0,0,0,0,0,0
307,0,0,0,0,0,0,0,0,0,0,0,0,0,0,38,0,318,12,988,0,0,0,0,0,0,0,0,0,0,0,0,0,0,0,0,0,0,0,0,0,0,0,0,0,0,0,0,0,0,0,0,0,0,0,0,0,0,0,0,0,0,0,0,0,0,0,0,0,0,0,0,0,0,0,0,0,0,0,0,0,0,0,0,0,0,0,0,0,0,0,0,0,0,0,0,0,0,0,0,0,0,0,0,0,0,0,0,0,0,0,0
3088,0,86,0,0,0,0,0,0,0,0,0,0,0,0,12,0,0,0,2,0,0,0,0,0,0,0,0,0,0,0,0,0,0,0,0,0,0,0,0,0,0,0,0,0,0,0,0,0,0,0,0,0,0,0,0,0,0,0,0,210,53,0,94,0,0,0,0,73,0,0,0,0,0,0,0,0,246,0,0,0,0,0,398,0,0,0,64,0,0,0,0,0,0,0,0,0,0,0,0,80,0,0,0,0,0,0,0,0,0,0,0
309,0,0,0,0,0,0,0,0,0,19,0,0,0,0,0,0,0,0,0,0,0,0,0,0,4,0,0,0,0,0,48,0,0,0,0,0,100,0,0,152,0,0,0,7,22,0,24,0,0,0,0,0,0,0,153,0,0,0,0,0,0,10,28,0,0,0,0,97,87,82,0,0,0,5,0,3,0,0,147,962,0,0,0,0,0,0,0,0,0,0,0,0,0,0,0,0,0,0,0,0,0,0,0,0,3,0,0,0,0,0,0
30900,0,0,0,0,0,0,0,0,0,64097,0,0,0,0,0,115,1184,62,100,0,0,0,0,0,0,0,84,0,50,30,0,0,0,0,0,0,0,0,0,0,0,0,0,0,0,0,0,0,0,0,0,0,0,0,0,0,0,0,0,0,0,0,0,0,0,0,0,0,0,0,0,0,0,21,36,0,0,0,0,0,0,0,29,0,0,0,0,0,0,0,0,0,0,0,0,0,0,0,0,0,0,0,0,0,0,0,0,0,0,0,0
31,0,0,0,0,0,0,0,3044,0,0,0,0,0,0,0,0,0,0,0,0,0,0,0,0,0,0,0,0,3775,448,0,0,0,0,0,0,0,0,0,0,0,0,0,0,0,0,0,0,0,0,0,0,0,0,34,0,0,0,0,1507,367,133,24,0,0,0,0,0,0,0,0,0,0,0,0,0,0,0,0,0,0,0,0,0,0,0,0,0,0,0,0,0,0,0,0,0,0,0,0,14,0,0,0,0,0,0,0,0,0,0,0
310,0,0,176,0,0,0,0,1018,0,0,0,0,0,0,0,0,0,0,0,0,0,0,0,0,0,0,0,0,0,0,0,0,0,0,0,0,0,0,333,84,0,0,0,0,0,0,0,0,0,0,0,0,0,0,0,0,0,0,0,0,0,0,0,0,0,0,0,0,0,285,0,0,0,0,0,0,0,0,74,199,342,0,0,0,0,0,0,0,0,0,0,0,0,97,0,0,0,0,0,0,0,0,0,0,0,0,0,0,0,0,0
314,0,0,0,0,0,0,0,0,0,40865,0,0,0,0,0,0,0,0,230,0,0,0,0,0,0,0,199,0,1346,3977,0,0,0,174,0,0,0,0,0,20724,0,0,0,0,0,0,0,0,0,0,0,0,28,1672,197,0,0,0,0,0,344,0,0,0,0,0,0,0,0,35,0,0,0,51,0,0,0,0,0,2911,0,0,0,0,0,0,0,0,0,0,0,4,0,0,0,0,0,0,0,0,0,0,0,0,0,0,0,0,0,0,0
3140,0,0,0,0,0,0,242,0,0,0,0,0,0,0,0,0,0,0,0,0,0,0,0,0,0,0,0,0,0,26,0,6,0,0,0,0,0,0,0,0,0,0,0,0,0,0,0,0,0,0,0,0,0,0,0,0,0,0,338,5,0,0,0,0,0,0,0,0,0,0,0,0,0,0,0,0,0,0,0,0,0,0,0,0,0,0,0,0,0,0,0,0,0,0,0,0,0,0,0,0,0,0,0,0,0,0,0,0,0,0,0
31463,0,0,0,0,0,0,438,44,0,0,0,0,0,0,0,0,0,0,0,0,0,0,0,0,0,0,0,0,0,0,0,0,0,0,0,0,0,0,0,0,0,0,0,0,0,0,0,0,0,0,0,0,0,0,0,0,0,0,0,0,0,0,0,0,0,0,0,0,0,0,0,0,0,0,0,0,0,0,5,0,0,0,0,0,0,0,0,0,0,0,0,0,0,24,0,0,0,0,0,1693,0,0,0,0,0,0,0,0,0,0,0
315,0,0,0,0,0,0,0,0,0,0,0,0,0,0,0,0,0,0,0,0,0,0,0,0,0,0,0,0,0,0,0,0,0,0,0,0,0,0,467,75,0,0,0,0,0,0,0,0,0,0,0,0,0,0,0,0,10,0,0,0,0,0,0,0,0,0,0,0,0,6,0,0,0,0,0,0,0,0,0,0,0,0,0,0,0,0,0,0,0,0,0,0,0,0,0,0,0,0,0,0,0,0,0,0,0,0,0,0,0,0,0
316,0,0,146,0,0,0,98,93,0,0,9,0,0,0,0,0,0,143,0,0,0,0,0,0,0,0,0,0,0,0,0,0,0,0,0,0,223,0,0,86,0,0,0,0,0,0,0,0,0,0,0,0,0,0,648,222,13,0,0,0,29,5,0,0,13,0,0,0,0,0,0,0,0,0,0,0,0,0,0,0,0,0,0,0,0,0,108,0,0,0,0,0,0,0,0,0,0,0,0,0,0,0,0,0,0,57,0,0,0,0,0
31690,0,0,0,0,0,0,0,0,0,0,0,0,0,0,0,165,0,0,0,0,0,0,0,0,0,0,0,0,0,0,0,0,0,0,0,0,0,0,0,57,0,0,0,0,0,0,0,0,0,0,0,0,0,3,0,0,0,0,0,0,0,0,50,0,0,0,0,0,0,0,12,0,0,4,0,0,0,18,15,23,0,0,0,0,0,0,0,0,0,0,0,0,41,0,0,0,0,0,0,0,0,0,0,0,0,0,0,0,0,0,0
31752,0,0,0,0,0,0,0,0,0,0,0,0,0,0,0,0,0,0,0,0,0,0,127421,0,0,0,0,0,0,82955,0,0,0,0,0,0,0,0,60090,0,0,0,0,0,0,0,0,0,0,0,0,0,0,0,0,0,0,0,0,0,0,0,0,0,0,0,0,0,0,0,1070,0,681,75,85,0,0,0,0,0,0,0,0,0,0,0,0,0,0,0,0,0,0,0,0,0,0,0,0,0,0,0,0,0,0,0,0,0,0,0,0
318,0,7,0,0,0,0,4535,0,0,0,0,0,0,0,0,0,0,0,0,0,10,0,0,0,0,0,0,0,0,34,0,0,0,284,0,0,0,0,0,0,0,0,0,0,0,0,0,0,0,0,0,0,0,0,0,0,0,0,80,0,0,0,0,0,0,0,0,0,0,0,0,0,0,0,0,0,0,0,0,0,0,0,0,0,0,0,0,0,0,0,0,0,0,0,0,0,0,0,0,0,0,0,0,0,0,0,0,0,0,0,0
3180,0,0,0,0,0,0,0,0,0,0,0,0,0,0,0,0,0,91,74,0,0,0,0,0,0,0,0,0,0,0,0,0,0,0,0,0,0,0,0,11227,0,0,0,0,0,0,0,0,0,0,0,0,1,192,0,0,0,0,0,0,0,0,0,0,0,0,240,336,5216,0,0,0,0,0,0,0,0,0,95,56,8,2,552,0,0,0,0,0,0,0,0,0,0,0,0,0,0,0,0,0,0,0,0,0,0,0,0,0,0,0,0
3188,0,0,0,0,0,0,0,0,0,11,0,0,0,0,0,0,0,0,0,0,0,0,0,0,0,0,0,0,3276,1383,0,0,0,0,0,0,0,0,0,0,0,85,0,0,0,0,0,0,0,0,0,0,0,0,0,0,0,0,0,0,0,0,0,0,645,0,0,0,0,0,0,3449,81,30,0,0,0,0,0,0,0,0,0,0,0,0,0,0,0,0,0,0,0,0,0,0,0,0,0,0,0,0,0,0,0,0,0,0,0,0,0
31915,0,0,0,0,0,0,0,66,0,3063,0,0,0,0,0,0,0,0,0,0,0,0,0,0,0,0,0,0,0,0,0,0,0,0,0,0,0,0,0,0,0,0,0,0,0,0,0,0,0,0,0,0,0,0,0,0,0,0,0,0,0,0,0,0,0,0,0,0,0,0,0,0,0,0,0,0,0,0,0,0,0,21,36,0,0,0,0,0,0,0,0,0,0,0,0,0,0,0,0,0,0,0,0,0,0,0,0,0,0,0,0
3206,0,0,0,0,0,0,0,0,0,0,0,0,0,0,0,17,0,0,0,0,0,0,0,0,0,0,0,0,0,20,0,0,0,0,0,0,0,0,0,0,0,0,0,0,0,0,0,0,0,0,0,0,0,0,0,0,0,0,0,0,0,0,16,0,0,0,0,0,0,52,0,0,0,0,0,0,0,0,10,0,0,0,0,0,0,0,0,0,0,0,0,0,10,0,0,0,0,0,0,0,0,0,0,0,0,0,0,0,0,0,0
321,0,0,0,0,0,0,116,230,0,0,0,0,0,0,0,0,0,0,0,0,0,0,0,0,0,0,0,0,0,0,0,0,0,0,0,0,0,0,0,0,0,0,0,0,0,0,0,0,0,0,0,0,0,11,0,0,0,0,0,0,0,0,0,0,0,0,0,0,0,0,0,0,0,0,0,0,0,0,101,0,0,0,0,0,0,0,0,0,0,0,0,0,0,0,0,0,0,0,0,0,0,0,0,0,0,0,0,0,0,0,0
32131,0,0,0,0,0,0,0,0,0,0,0,0,0,0,0,0,0,0,0,0,0,0,0,0,0,0,0,0,0,0,0,0,0,2342,0,0,0,0,0,0,0,0,0,0,0,0,0,0,0,0,0,0,0,0,0,0,338,0,0,0,0,0,0,0,0,0,0,0,0,0,0,0,3901,564,215,0,0,0,0,0,0,0,0,0,0,0,0,0,0,0,0,0,0,0,0,0,0,0,0,0,0,0,0,0,0,0,0,0,0,0,0
32165,0,0,0,0,0,0,0,0,0,0,0,0,0,0,0,0,0,0,15,0,0,0,0,0,0,9,0,0,0,28,0,0,0,0,0,16,0,0,0,0,0,0,0,0,0,0,0,0,0,0,0,0,0,0,0,0,0,0,0,0,0,0,0,0,0,0,0,0,0,0,0,0,0,0,0,0,0,0,0,0,0,0,0,0,0,0,0,0,0,0,0,0,0,0,0,0,0,0,0,0,0,0,0,0,0,0,0,0,0,0,0
3225,0,0,73499,0,0,0,0,0,0,0,0,0,0,0,0,0,0,231,620,0,0,0,295,0,0,0,0,0,0,0,0,0,0,726,0,0,0,0,0,4013,0,0,0,0,0,0,0,0,0,0,0,0,0,0,0,0,0,0,0,0,0,0,67,0,0,0,8657,366,3947,0,0,0,2165,9753,378,0,0,0,11526,0,0,0,0,0,0,0,0,0,0,0,0,0,0,2807,0,0,0,0,0,0,0,0,0,0,0,0,0,0,0,0,65
323,0,0,0,0,0,0,0,0,0,25,0,0,0,0,0,0,0,0,0,0,0,3,0,0,0,0,0,0,0,245,0,0,63,0,0,0,0,0,0,0,0,0,65115,0,0,0,0,0,0,0,0,0,4,14,0,0,0,0,0,0,0,0,0,0,0,0,0,0,0,0,0,0,0,52,7,0,0,0,0,1561,0,2081,1565,0,0,0,34,0,0,0,0,0,0,0,0,0,0,0,0,0,0,0,0,0,0,0,0,0,0,0,0
32322,0,0,0,0,0,0,25,0,0,0,0,0,0,0,0,0,0,0,0,0,0,0,0,0,0,0,0,0,0,0,0,0,0,0,0,0,18,0,0,0,0,0,0,0,0,0,0,0,0,0,0,0,0,0,0,0,7,0,7,36,22,0,12,0,0,0,0,0,0,0,0,0,0,0,0,0,78,0,0,0,0,0,0,0,0,0,0,0,0,0,0,0,0,0,0,0,0,0,0,0,0,0,0,0,0,0,0,0,0,0,0
324,0,0,0,0,0,0,0,0,0,0,0,0,0,0,0,0,0,13,0,0,0,0,0,0,0,0,0,0,0,0,35,0,0,0,0,0,0,0,251,0,0,0,0,0,0,0,0,0,0,0,0,0,0,0,0,0,0,0,0,0,0,0,116,0,0,0,0,0,0,162,0,0,0,0,0,0,0,0,0,0,132,0,0,0,0,0,0,0,0,0,0,0,0,0,0,0,0,0,0,0,0,0,0,0,0,0,0,0,0,0,0
32423,0,0,0,0,0,0,0,66,0,0,0,0,0,0,0,0,0,0,0,0,0,0,0,0,0,0,0,0,20,0,0,0,0,0,0,0,0,0,0,0,0,0,0,0,0,0,0,0,0,0,0,0,0,0,0,0,0,0,0,4,8,0,0,0,0,0,0,0,0,0,0,0,0,0,0,0,0,0,0,0,0,0,0,0,0,0,0,0,0,0,0,0,0,155,0,0,0,0,0,0,0,0,0,0,0,0,0,0,0,0,0
32430,0,0,0,0,0,0,1428,0,0,0,0,0,0,0,0,0,0,0,0,0,0,0,0,0,0,0,0,0,0,0,0,0,0,0,0,0,0,0,0,20305,0,0,0,0,0,0,0,0,0,0,0,0,0,0,0,0,0,0,0,0,0,0,0,0,0,0,0,0,0,0,0,0,0,2,0,0,0,0,0,4,0,0,0,0,0,0,9,0,0,0,0,0,0,0,0,0,0,0,0,0,0,0,0,0,0,0,0,0,0,0,0
32444,0,0,0,0,0,0,0,0,0,43,0,0,0,0,0,0,0,0,0,0,0,0,0,0,0,0,0,0,0,29,0,0,0,0,0,0,0,0,0,0,0,0,0,0,0,0,0,0,0,0,0,0,0,0,0,0,0,0,0,0,29,15,0,0,0,0,0,0,0,122,0,0,0,0,0,0,0,0,0,0,0,0,0,0,0,0,0,0,0,0,0,0,0,0,0,0,0,0,0,0,0,0,0,0,0,0,0,0,0,0,0
32498,0,0,0,0,0,0,0,0,0,0,0,0,0,0,0,0,0,0,0,0,0,0,0,0,0,0,0,0,0,135,0,0,0,0,0,0,0,0,0,0,0,0,0,0,0,0,0,0,0,0,0,0,0,65,0,0,0,0,0,0,273,0,0,0,0,0,0,0,0,0,0,0,0,0,0,0,0,0,0,0,0,0,3905,0,0,0,0,0,0,10,0,0,0,0,0,0,0,0,0,0,0,0,0,0,0,0,0,0,0,0,0
325,235043,0,0,0,0,0,0,0,0,0,0,0,0,0,0,0,0,0,0,0,0,0,0,0,0,13871,98,0,5655,879,0,590,0,608,0,0,0,0,0,0,0,0,0,0,27864,7040,3400,15274,0,0,0,0,0,0,0,0,105,0,0,0,0,0,52,0,0,0,0,0,0,0,0,0,25,30,0,0,0,0,0,0,0,0,0,0,0,0,0,0,0,0,0,0,0,0,0,0,0,0,0,0,0,0,0,103,0,447,0,0,0,0,0
3266,0,0,0,0,0,0,0,160,0,0,0,0,0,0,63,0,0,21,0,0,0,0,0,0,0,57,16,0,0,87,0,0,54,44,0,115,0,0,18,149,0,0,0,0,0,94,50,50,0,0,0,6,0,0,22,0,0,0,15,0,7,71,0,0,0,0,0,146,44,74,26,1195,0,44,0,3,114,0,42,1085,25,65,160,0,0,13,0,0,0,0,0,0,0,13,0,0,0,0,5,199,0,0,209,22,0,0,0,0,0,0,0
3267,0,0,0,0,0,0,0,80,0,23,0,0,0,0,0,0,0,0,0,0,0,0,0,0,0,0,0,0,28,954,0,0,0,0,0,0,0,0,357,35,0,0,0,0,0,0,0,0,0,0,0,0,0,0,49,0,0,0,0,0,0,0,0,0,0,0,0,0,0,473,0,0,0,0,0,0,0,0,0,0,0,0,0,0,0,0,0,0,0,0,0,0,0,32,0,0,0,0,0,181,0,0,0,0,0,0,0,0,0,0,0
3270,0,0,7,0,0,0,0,0,0,0,0,0,26,0,84,1021,0,0,68,0,0,0,0,0,0,0,0,0,0,233,0,0,0,0,0,0,0,0,0,30,0,0,0,0,0,422,88,0,0,4570,32672,29,156,1259,0,37,0,0,0,0,298,0,363,0,0,0,7293,0,0,206,351107,0,23,0,0,0,0,22,90,5319,0,0,34,0,0,0,0,0,0,0,0,0,146,0,0,0,0,20,0,938,0,0,0,0,0,0,6091,0,0,0,0
32789,0,0,0,0,0,0,0,0,0,0,0,0,0,0,0,0,0,0,0,0,0,0,0,0,2,6,0,0,0,23,0,0,0,0,0,10,0,0,0,0,0,0,0,0,380,0,0,0,0,0,0,0,0,0,0,0,0,0,0,0,0,0,0,0,0,0,0,0,0,0,0,0,0,0,0,0,0,0,0,0,0,0,0,0,0,0,0,0,0,0,0,0,0,0,0,0,0,0,0,0,0,0,0,0,0,0,0,0,0,0,0
328,0,0,0,0,0,0,0,0,0,0,0,0,0,0,0,0,0,0,0,0,164,0,0,0,0,0,0,0,0,0,0,0,0,0,0,0,0,0,0,0,0,0,0,0,147,425,0,0,0,0,0,0,0,0,0,0,0,0,0,0,0,0,0,0,0,0,0,0,0,0,0,0,0,0,0,0,0,0,32244,20955,0,0,0,0,0,0,0,0,0,0,0,0,0,0,0,0,0,0,0,0,0,0,0,0,0,0,0,0,0,0,0
3281,0,0,0,0,0,0,312,0,0,19,0,0,0,0,0,0,0,0,0,0,0,0,0,0,0,0,0,0,0,13,0,0,0,0,0,0,0,0,111,2807,0,0,0,0,0,0,0,0,0,0,0,0,0,0,0,0,0,0,0,0,0,0,0,0,0,0,0,0,0,0,0,0,0,0,0,0,0,0,0,0,0,0,0,0,0,0,0,0,0,0,0,0,0,0,0,0,0,0,0,0,0,0,0,0,0,0,0,0,0,0,0
3282,0,0,0,0,0,0,0,0,0,0,0,0,0,0,0,0,0,0,0,0,0,0,0,0,0,0,0,0,2,0,0,0,0,0,0,0,0,0,23,25,0,0,0,0,0,0,0,0,0,0,0,0,0,0,0,0,0,0,0,7,15,0,0,0,0,0,0,0,0,0,0,0,0,0,0,0,0,0,0,0,0,0,0,0,0,0,0,0,0,0,0,0,0,503,0,0,0,0,0,0,0,0,0,0,0,0,0,0,0,0,0
32822,0,0,0,0,0,0,0,0,0,0,0,0,0,0,0,0,0,0,0,0,0,0,0,0,0,0,0,0,0,0,0,920,0,0,0,0,0,0,0,0,0,0,0,0,32062,2615,1498,4702,0,0,0,0,0,0,0,0,0,0,0,0,0,0,0,0,0,0,0,0,0,144,0,0,0,90,0,0,0,0,0,0,0,0,0,0,0,0,0,0,0,0,0,0,0,0,0,0,0,0,0,0,0,0,0,0,0,0,0,0,0,0,0
3285,0,0,0,0,0,0,0,0,0,0,0,0,0,0,130,0,0,0,0,0,0,0,0,0,0,0,0,0,0,0,0,0,0,0,0,0,0,0,0,0,0,0,0,0,0,0,0,0,0,0,0,0,0,0,0,0,0,0,8,0,0,0,0,0,0,0,0,0,0,0,0,0,0,0,0,9,80,0,0,0,0,0,0,0,0,0,0,90,0,0,0,0,0,0,0,0,0,0,0,20,0,0,0,0,0,0,0,0,0,0,0
3287,0,0,0,0,0,0,0,0,0,139,0,0,0,0,0,0,0,413,0,0,0,0,0,0,0,0,0,0,0,0,0,0,0,0,0,0,0,0,0,0,0,0,0,0,207,0,0,0,0,0,0,0,0,0,0,0,7,0,0,0,0,0,0,0,0,0,0,0,0,0,0,0,0,203,0,0,0,0,686,14760,4009,0,709,0,0,0,0,0,0,0,0,0,0,0,0,0,0,0,0,0,0,0,0,0,0,0,0,0,0,0,0
329,0,0,0,0,0,0,0,212,0,0,0,0,0,0,0,0,0,0,0,0,0,0,0,13,0,0,0,0,0,0,0,0,0,9236,5,0,0,0,0,2838,0,0,0,0,0,0,0,0,0,0,0,0,0,0,0,0,0,0,0,0,0,0,0,0,0,0,0,0,0,0,0,0,0,0,0,0,0,0,0,0,0,0,0,0,5,0,0,0,0,0,0,0,0,1704,0,0,0,0,0,0,0,0,0,0,0,0,0,0,0,0,0
33,0,0,566,0,0,0,242,787,0,0,0,0,109,0,477,301,70,2023,810,0,0,0,10,0,0,0,0,0,139,56,0,0,0,451,0,29,1306,0,219,6090,0,0,34240,0,1685,0,67,9,0,0,0,0,0,8,940,304,115,0,25,129,94,115,16488,0,0,0,0,0,0,55,47012,0,9,12,0,12,601,0,145,5601,136,0,519,0,0,0,327,1065,0,0,8,0,19,73,0,0,0,0,0,2243,0,0,0,37,0,0,0,0,0,0,0
3301,0,0,0,0,0,0,0,0,0,0,0,0,0,0,0,0,0,0,0,0,0,0,0,0,0,0,0,0,0,65,0,0,0,0,0,0,0,0,0,0,0,0,0,0,0,0,0,0,0,0,0,0,0,0,2,7,0,0,0,0,0,0,0,0,0,0,0,0,0,0,0,0,0,0,0,0,0,0,0,0,0,0,0,0,0,0,0,0,0,0,0,0,0,0,0,0,0,0,0,14,0,0,0,0,0,0,0,0,0,0,0
3304,0,0,0,0,0,0,0,0,0,0,0,0,0,0,0,0,0,0,0,0,0,0,0,0,0,0,0,0,250,161,0,0,369,1374,0,0,0,0,0,0,0,0,0,0,0,0,0,0,0,0,0,0,0,0,0,0,0,0,0,0,0,0,0,0,0,0,0,0,0,0,0,0,0,0,0,0,0,0,0,0,0,0,0,0,0,0,0,0,0,0,0,0,0,0,0,0,0,0,0,15,0,0,0,0,0,0,0,0,0,0,0
33130,0,0,0,0,0,0,0,0,0,0,0,0,0,0,0,0,0,0,0,0,0,0,0,0,0,0,0,0,45,2,0,0,0,0,0,0,0,0,0,0,0,0,0,0,0,0,0,0,0,0,0,0,0,0,0,0,0,0,0,0,0,0,0,0,0,0,0,0,0,0,0,0,0,21,0,0,0,0,0,0,0,0,0,0,0,0,0,0,0,0,0,0,0,0,0,0,0,0,0,4,0,0,0,0,0,0,0,0,0,0,0
3314,0,0,0,0,0,0,0,0,0,0,0,0,0,0,0,0,0,0,34,0,0,0,0,0,0,0,0,0,21,53,0,0,0,0,0,0,0,0,0,0,0,0,34296,0,0,0,0,0,0,0,0,0,0,225,0,0,0,0,0,0,17,0,0,0,0,0,0,0,0,0,0,0,0,15,0,0,0,0,0,0,0,0,0,0,0,0,0,0,0,0,0,0,0,0,0,0,0,0,0,0,0,0,0,0,0,0,0,0,0,0,0
332,0,0,0,0,0,0,20936,534,0,0,1682,0,0,0,0,0,7526,0,0,0,86,0,0,0,0,0,0,0,0,90,0,27,1747,1559,0,0,0,0,0,0,0,0,0,0,1506,0,25,0,0,0,0,0,0,0,455,0,0,0,0,0,0,0,0,0,0,0,0,0,0,0,0,0,0,0,0,0,0,0,0,0,0,0,0,0,0,0,0,0,0,0,0,0,0,0,0,0,0,0,0,0,0,0,0,0,0,329,0,0,0,0,0
3322,0,0,0,0,0,0,0,0,0,0,0,0,0,0,18,0,28,23,32,0,0,0,0,0,0,0,13,0,4290,652,0,0,0,0,0,0,0,0,0,0,0,20,0,0,0,0,0,0,0,0,0,0,0,0,0,0,0,0,0,0,0,0,0,0,0,0,0,0,0,0,0,0,0,0,0,0,0,0,0,0,0,0,0,0,0,0,0,0,0,0,0,0,0,0,0,0,0,0,0,0,0,0,0,0,0,0,0,0,0,0,0
333,0,0,0,0,0,0,531,904,0,0,0,0,0,0,0,74,0,12,0,0,0,0,0,0,0,0,0,0,0,0,0,0,0,0,0,0,0,0,0,0,0,0,487,0,0,0,0,0,0,0,0,0,0,0,11783,0,203,119,0,0,0,7,0,0,0,0,0,0,0,0,0,44,0,0,0,0,0,11,233,0,0,0,0,0,0,0,0,0,0,15,0,15,0,0,0,24,0,0,0,0,0,0,0,0,0,0,0,0,0,0,0
3332,0,0,6,0,0,0,0,0,0,0,0,0,0,0,0,131,0,0,0,0,0,0,0,0,0,0,0,0,0,5,0,0,0,0,0,0,0,0,0,63,0,0,0,0,0,0,4,0,0,0,0,0,0,0,0,0,0,0,0,0,5,0,24,0,0,0,0,0,0,0,9,0,0,0,0,0,5,8,5,0,0,0,0,0,0,0,0,0,0,0,0,0,7,0,0,0,0,0,0,0,0,0,0,0,0,0,0,0,0,0,0
3336,0,0,0,0,0,0,0,0,0,0,0,0,0,0,0,408,0,0,0,0,0,0,0,0,0,0,0,0,0,0,0,0,0,0,0,0,0,0,0,0,0,0,0,0,0,0,0,0,0,0,0,0,0,0,0,0,0,0,0,0,0,0,311,0,0,0,0,0,0,0,26,0,0,0,0,0,11,0,0,96,0,0,0,0,0,0,0,0,0,0,0,0,32,0,0,0,0,0,0,0,0,0,0,0,0,0,0,0,0,0,13
33406,0,0,0,0,0,0,7802,0,0,0,0,0,0,31,164,0,0,0,0,0,0,0,0,0,0,0,0,0,0,0,0,0,173,9070,0,0,0,0,0,0,0,0,0,0,28,0,0,0,0,0,0,0,0,0,0,0,0,0,0,0,0,0,0,0,370,0,0,0,0,0,0,0,0,0,0,0,0,0,0,539,47,0,8,0,0,0,0,0,0,0,0,0,0,15,0,0,0,0,0,0,0,0,0,0,0,0,0,0,0,0,0
33450,0,0,0,0,0,0,0,1782,0,14058,0,0,0,0,0,94,2107,79896,964,0,0,0,0,0,0,27889,4064,0,249,987,0,0,0,0,0,0,0,0,3847,3150,0,0,0,0,0,0,0,0,0,0,0,0,0,0,0,0,187789,25206,0,0,0,0,0,0,370,0,0,2973,0,9,0,0,173,3316,0,0,26,0,0,0,0,20,74,0,0,0,0,4432,264,1771,0,0,0,0,0,0,0,0,0,229,0,0,0,0,0,0,0,0,0,0,0
3365,0,0,0,0,0,0,0,0,0,0,0,0,0,0,0,0,0,0,0,0,0,0,0,0,0,0,0,0,0,0,0,0,0,1,0,0,0,0,0,0,0,0,0,0,0,0,0,0,0,0,0,0,0,0,3,0,0,0,23,0,1,0,0,0,0,0,0,0,0,0,0,0,0,0,0,0,0,0,0,0,8,0,0,0,0,0,16,0,0,0,0,0,0,0,0,0,0,0,0,0,0,0,0,0,0,0,0,0,0,0,0
3366,0,0,0,0,0,0,0,0,0,0,0,0,0,0,0,0,0,0,0,0,0,0,0,0,0,0,0,0,0,0,0,0,0,0,0,0,0,0,0,0,0,0,0,0,0,0,0,0,0,0,0,0,0,0,0,0,0,0,0,14,0,0,29,0,0,0,0,34,0,5,0,0,0,0,0,0,0,0,5,168,16,17,19,0,0,0,155,0,4,0,2,0,0,0,0,0,0,0,0,0,0,0,0,0,0,0,0,0,0,0,0
3377,0,0,0,0,0,0,0,0,0,17,0,0,0,0,0,0,0,0,351,0,0,0,0,0,0,0,11,0,0,5504,44,0,0,0,0,122,0,0,103,13,0,0,1115,0,5090,78,0,0,0,0,0,1135,1337,5280,0,0,0,104,0,0,1874,0,0,0,0,0,0,0,0,9887,23,0,0,99,0,0,6454,0,0,774,286,19,105,0,0,0,0,165,0,0,0,0,0,0,0,0,0,0,0,0,0,0,135,0,0,0,5718,0,0,0,0
338,0,0,0,0,0,0,0,0,0,0,0,0,0,0,0,0,0,0,0,0,0,0,0,0,0,0,0,0,0,0,0,0,0,0,0,0,0,0,0,0,0,0,6291,0,0,0,0,0,0,0,0,0,0,0,120,26,0,0,0,0,0,0,0,0,0,0,0,0,0,0,0,0,0,14,0,0,0,6,23,450,54,0,45,0,0,0,0,0,0,0,0,0,0,0,0,0,0,0,0,0,0,0,0,0,0,0,0,0,0,0,0
33979,0,0,0,0,0,0,0,43,0,1146,0,0,0,0,0,0,0,0,0,0,0,0,0,0,0,0,0,0,0,0,0,0,0,0,0,0,0,0,0,0,0,0,0,0,0,0,0,0,0,0,0,0,0,0,0,0,0,0,0,0,0,0,0,0,0,0,0,0,0,0,0,0,0,0,0,0,0,0,0,0,0,13,17,0,0,0,0,0,0,0,0,0,0,0,0,0,0,0,0,0,0,0,0,0,0,0,0,0,0,0,0
3398,0,0,0,0,0,0,0,0,0,0,0,0,0,0,0,14,0,441,0,0,0,0,0,0,0,0,0,0,0,85,0,0,0,0,0,0,0,0,0,0,0,0,0,0,0,0,0,0,0,2309,39291,65,294,196,0,0,64,0,0,0,0,0,0,0,0,0,0,61,0,84,0,0,0,83,0,0,0,0,0,0,0,0,0,0,0,0,0,0,0,0,0,0,0,0,0,8,0,0,0,0,0,0,0,0,0,0,0,0,0,0,0
34036,0,0,0,0,0,0,0,0,0,0,0,0,0,0,0,0,0,0,0,0,0,0,13674,0,0,0,0,0,0,10223,0,0,0,0,0,0,0,0,76977,0,0,0,0,0,0,0,0,0,0,0,0,0,0,0,0,0,0,0,0,0,0,0,0,0,0,0,0,0,0,0,509,0,918,138,224,0,0,0,0,0,0,0,0,0,0,0,0,0,0,0,0,0,0,0,0,0,0,0,0,0,0,0,0,0,0,0,0,0,0,0,0
341,0,0,0,0,0,0,0,201,0,0,0,0,0,0,0,0,0,0,0,0,0,0,0,0,0,0,0,0,0,0,0,0,0,0,0,0,0,0,119,188,0,0,192,0,0,0,38,55,0,0,0,0,0,88,42,0,0,0,0,0,0,0,0,0,0,0,0,0,0,0,0,0,516,0,0,7,5,0,0,31,0,10,0,0,0,0,19,0,0,0,0,0,0,0,0,0,0,0,0,10,0,0,0,0,0,0,0,0,0,0,0
342,0,0,0,0,0,0,0,0,0,0,0,0,0,0,412,0,3254,232,589,0,0,0,0,0,0,0,0,0,0,0,0,0,0,0,0,0,0,0,0,0,0,0,0,0,0,0,0,0,0,0,0,0,0,0,0,0,0,0,0,0,0,0,0,0,0,0,0,0,0,0,0,0,0,0,0,0,0,0,0,0,0,0,0,0,0,0,0,0,0,0,0,0,0,0,0,0,0,0,0,0,0,0,0,0,0,0,0,0,0,0,0
347,0,0,0,0,0,0,0,189,0,23,0,0,0,0,0,22,0,0,0,0,0,0,0,0,0,0,0,0,0,2446,0,0,0,0,0,0,0,0,0,0,0,0,0,0,0,0,25,12,0,0,0,0,0,0,0,0,9,15,0,0,0,22,0,0,0,0,0,0,0,88,0,0,0,0,0,0,0,0,0,0,0,0,0,0,0,0,0,0,0,0,0,0,0,22,0,0,0,0,0,0,0,0,0,0,0,0,0,0,0,0,0
34731,0,0,0,0,0,0,0,0,0,0,0,0,0,0,0,0,0,0,0,0,0,0,0,0,0,0,0,0,0,0,0,0,0,0,0,0,0,0,0,0,0,0,0,0,506,0,0,0,0,0,2,0,0,0,0,0,0,0,0,0,0,0,434,0,0,0,0,0,0,0,0,0,0,0,0,0,0,0,0,0,0,0,0,0,0,0,186,0,0,0,0,0,0,0,0,0,0,0,0,7,0,0,0,0,0,0,0,0,0,0,0
34764,0,4,0,0,0,0,76,0,0,0,0,0,0,0,0,0,0,0,0,0,0,0,0,0,0,0,0,0,0,0,0,0,0,0,0,0,0,0,0,0,0,0,0,0,0,0,0,0,0,0,0,0,0,0,0,0,0,0,0,0,0,0,0,0,0,0,0,0,0,0,0,0,0,0,0,0,0,0,0,0,0,0,0,0,0,0,0,1223,0,0,0,0,0,9,0,0,0,0,0,1203,0,0,0,0,0,0,0,0,0,0,0
348,0,0,0,0,0,0,52,0,0,0,0,0,0,0,0,0,0,3,0,0,0,0,0,0,0,0,0,0,0,0,0,0,0,0,0,0,0,0,0,0,0,0,0,0,0,0,0,0,0,782,2826,36,160,889,0,0,0,0,0,0,0,0,0,0,0,0,0,0,0,0,0,0,0,0,0,0,30,0,129,125,8,0,0,0,0,0,336,739,0,0,0,6,0,20,0,0,0,0,0,1414,0,0,0,0,0,0,2895,5,0,0,0
349,0,0,0,0,0,0,0,0,0,0,0,0,0,0,0,0,0,0,0,0,0,0,0,0,0,0,0,0,0,0,12,0,0,0,0,0,0,0,0,0,0,0,0,0,0,0,0,0,0,0,0,0,0,0,24,0,0,0,0,0,0,0,6,0,0,0,0,0,0,0,0,0,0,6,0,0,0,0,0,0,0,0,0,0,0,0,0,0,0,0,0,0,0,0,0,0,0,0,0,0,0,0,0,0,0,0,0,0,0,0,0
3490,0,0,59,0,0,0,0,0,0,0,0,0,0,0,0,0,0,597,489,0,0,0,0,0,0,0,0,0,0,0,0,0,0,0,0,0,0,0,0,0,0,0,0,0,0,0,0,0,0,0,0,0,15,467,0,0,0,0,221,28,811,55,0,0,0,0,0,0,0,0,0,0,0,0,0,0,0,0,0,0,0,0,0,0,0,0,0,0,0,0,0,0,0,0,0,0,0,0,0,0,0,0,0,0,0,0,0,0,0,0,0
34916,0,0,0,0,0,0,0,0,0,51,0,0,0,0,0,0,0,0,0,0,0,0,0,0,0,0,0,0,0,0,0,12,0,5,0,0,0,0,0,0,0,0,0,0,0,0,4,0,0,0,0,0,0,0,0,0,0,0,62,24,24,0,0,0,0,0,0,122,0,20,0,0,0,0,0,0,51,0,0,0,3,0,0,0,0,0,0,0,0,0,0,0,0,0,0,0,0,0,0,0,0,0,0,0,0,0,0,0,0,0,0
34953,0,0,0,0,0,0,0,0,0,12588,0,0,0,0,0,39,883,31,20,0,0,0,0,0,0,0,286,0,379,42,0,0,0,0,0,0,0,0,0,0,0,0,0,0,0,0,0,0,0,0,0,0,0,0,0,0,0,0,0,0,0,0,0,0,0,0,0,0,0,0,0,0,0,80,0,0,0,0,0,0,0,41,14,0,0,0,0,0,0,0,0,0,0,0,0,0,0,0,0,0,0,0,0,0,0,0,0,0,0,0,0
350,0,0,0,0,0,0,29,0,0,0,0,0,0,0,0,0,0,0,0,0,0,0,0,0,0,0,0,0,0,0,0,0,0,0,0,0,0,0,0,0,0,0,0,0,0,6,0,0,0,0,0,0,0,0,551,223,0,0,0,0,23,0,0,0,0,0,0,0,0,0,0,0,0,0,0,0,0,0,0,86,0,0,0,0,0,0,157,0,0,0,0,0,0,0,0,0,0,0,0,0,0,0,0,0,0,293,0,0,0,0,0
351,0,0,0,0,0,0,0,18,0,0,0,0,0,0,0,0,0,23,0,0,0,0,0,0,0,0,0,0,369,178,0,0,0,301,0,0,20,0,82,1071,0,0,0,0,18,0,0,0,0,0,0,0,0,15,99,0,0,0,0,0,0,0,0,0,0,0,0,0,0,10,0,0,245,77,0,0,30,0,649,619,6,0,0,0,0,0,0,17,0,0,0,0,0,0,10,0,0,0,0,0,0,0,42,0,0,0,0,0,0,0,0
3512,0,0,0,0,0,0,0,0,0,0,0,0,0,0,0,0,0,0,0,0,0,0,0,0,0,19,7,0,0,30,0,0,0,0,0,0,0,0,0,0,0,0,0,0,0,0,9,42,0,0,0,14,33,155,0,0,0,0,0,0,0,0,0,0,13,0,0,0,0,0,0,0,0,0,0,0,0,0,0,129,39,0,0,0,0,0,0,0,0,0,0,0,0,0,0,0,0,0,0,0,0,0,0,0,0,0,0,0,0,0,2
35125,0,0,0,0,0,0,236,0,0,0,0,0,146,0,0,0,0,203,0,0,0,0,0,0,0,0,0,0,0,0,0,0,0,0,0,0,1902,0,0,434,0,0,0,0,0,0,0,0,0,0,0,0,0,0,3691,354,22,0,0,0,0,0,0,0,0,0,0,0,0,0,0,0,0,0,0,0,0,0,0,50,0,0,0,0,0,0,0,0,0,0,0,0,0,0,0,0,0,0,0,0,0,0,0,0,0,0,0,0,0,0,0
3513,0,0,52736,0,15378,0,1849,0,0,0,0,0,0,41,0,0,0,0,155,0,0,0,0,0,0,0,57,0,10420,5935,29,0,614,618,0,0,0,0,0,0,0,0,0,0,278,0,0,0,0,0,0,0,0,0,0,0,0,0,0,0,0,0,0,0,0,0,0,0,0,0,9,0,916,3969,46,0,0,0,544,20735,14217,0,1844,0,0,0,0,0,0,0,0,0,24,350,0,0,0,0,0,0,0,0,0,0,0,0,0,0,0,0,0
3519,0,0,0,0,0,0,71,0,0,0,0,0,0,0,0,0,0,0,0,0,0,0,0,0,0,0,0,0,0,0,0,0,0,0,0,0,0,0,0,176,0,0,0,0,0,0,0,0,0,0,0,0,0,0,2410,272,214,0,0,0,74,0,0,0,0,0,0,0,0,0,0,0,0,0,0,0,0,0,0,171,0,0,292,0,0,0,420,0,0,0,0,0,0,0,0,0,0,0,0,0,0,0,0,0,0,1054,0,0,0,0,0
353,0,0,0,0,0,0,0,0,0,0,0,0,0,0,0,0,0,53,4,0,0,0,0,0,0,0,4,0,2,6,0,0,0,0,0,0,0,0,0,0,0,0,0,0,0,0,0,0,0,0,0,0,0,26,0,0,0,0,0,0,2,0,0,0,0,0,0,14,0,9,0,0,0,0,0,0,16,0,13,47,0,0,0,0,0,0,0,92,0,0,0,0,0,0,0,0,0,0,0,0,0,0,0,0,0,0,0,0,0,0,0
35419,0,0,4,0,0,0,0,0,0,0,0,0,0,0,34,0,0,0,0,0,0,0,0,0,0,0,0,0,0,0,0,0,0,0,0,0,0,0,0,0,0,0,0,0,0,0,0,0,0,0,0,0,0,0,0,0,31,0,0,0,16,0,0,0,817,0,0,0,0,0,0,0,50,0,0,0,0,0,0,0,17,0,0,0,0,0,0,0,0,0,0,0,0,0,0,0,0,0,0,0,0,0,0,0,0,0,0,0,0,0,0
355,0,0,0,0,0,0,91,783,0,6,0,0,0,0,0,0,0,0,0,0,0,0,0,0,0,0,171,0,4,4542,0,0,19,8797,0,49,0,0,0,13003,0,0,176,0,15,0,0,0,0,0,0,0,0,60,0,0,0,5,0,0,6,0,0,0,0,0,0,0,0,39,0,0,0,0,0,0,592,0,116,622,196,0,174,0,0,0,0,0,0,0,0,0,0,6,0,0,0,0,0,0,0,0,0,0,0,0,0,0,0,0,0
35520,0,0,0,0,0,0,0,0,0,0,0,0,0,0,0,0,0,0,0,0,0,0,0,0,0,0,0,0,635,463,0,0,0,0,0,0,0,0,0,0,0,0,0,0,412,0,0,0,0,0,0,0,0,0,0,0,0,0,0,0,0,0,0,0,4735,0,0,0,0,0,0,0,2454,403,0,0,0,0,0,0,2140,0,627,0,0,0,0,0,0,0,0,0,0,1317,0,0,0,0,0,75,0,0,0,0,0,0,0,0,0,0,0
3558,0,0,0,0,0,0,0,686,0,354,0,0,0,0,95,1209,0,0,0,0,0,0,0,0,0,0,0,0,0,26,0,0,0,0,0,9,67,0,0,0,0,0,0,0,1418,0,0,0,0,0,0,0,0,0,0,955,0,0,257,33,81,91,62651,0,0,0,0,0,0,168,0,0,31,48,0,31,802,0,0,1894,0,0,0,0,0,0,487,0,0,0,0,0,0,119,0,0,0,0,0,0,0,0,0,0,0,0,0,0,0,0,0
35728,0,0,0,0,0,0,0,0,0,0,0,0,0,0,0,0,0,0,0,0,0,0,0,0,0,0,0,0,13,169,0,0,0,0,0,0,0,0,189,63,0,0,0,0,82,0,0,0,0,0,0,0,0,0,0,0,0,0,0,0,0,0,0,0,0,0,0,0,0,0,0,0,0,0,0,0,0,0,0,0,0,0,357,0,0,0,0,0,0,0,0,0,0,0,0,0,0,0,0,48,0,0,0,0,0,0,0,0,0,0,0
35737,0,0,0,0,0,0,0,0,0,0,0,0,0,0,0,0,0,0,0,0,0,0,12083,0,0,0,0,0,0,0,0,0,0,0,0,0,0,0,0,0,0,0,0,0,0,0,0,0,0,0,0,0,0,0,0,0,0,0,0,0,0,0,0,0,0,0,0,0,0,0,0,0,3570,473,203,0,0,0,0,0,0,0,0,0,0,0,0,0,0,0,0,0,0,0,0,0,0,0,0,0,0,0,0,0,0,0,0,0,0,0,0
35784,0,0,0,0,0,0,0,0,0,0,0,0,0,0,0,0,0,0,0,0,0,0,0,0,0,0,0,0,0,0,0,0,0,13,0,0,0,0,0,0,0,0,0,0,0,0,0,0,0,0,0,0,0,0,7,0,0,0,29,0,0,0,0,0,0,0,0,0,0,0,0,0,0,0,0,0,0,0,0,0,0,0,0,0,0,0,98,0,0,0,0,0,0,0,0,0,0,0,0,0,0,0,0,0,0,0,0,0,0,0,0
3583,0,0,0,0,0,0,70,550,0,0,0,0,0,0,0,0,0,0,0,0,0,0,0,0,0,0,0,0,0,0,0,0,0,0,0,0,0,0,596,455,0,0,0,0,0,0,0,18,0,0,0,0,0,0,611,0,55,0,0,0,0,0,0,0,0,0,0,0,0,0,0,0,0,0,0,0,0,0,0,0,0,0,0,0,0,0,12,0,0,0,0,0,0,0,0,0,0,0,0,0,0,0,0,0,0,0,0,0,0,0,0
3584,0,0,0,0,0,0,0,0,0,0,0,0,0,0,0,103,0,492,424,0,393,0,0,0,0,0,0,0,35,152,0,0,0,103,0,0,0,0,0,0,0,0,0,0,0,0,0,0,0,0,0,0,0,0,0,0,0,0,0,0,17,0,0,0,0,0,0,30,1923,65,0,0,0,0,0,0,0,244,46,228,34,0,0,0,0,0,0,0,0,0,0,0,0,58,0,0,0,0,10,0,0,0,0,0,0,0,0,0,0,0,0
36,0,19,86,0,0,0,1418,262,0,27,0,0,19,0,208,94,411,2669,8504,0,0,0,16,0,0,14,149,0,113,8091,0,0,0,17,6,147,18,0,53,16947,0,0,3279,0,0,37,34,0,0,0,0,0,0,7,99,200,0,126,0,0,217,0,2810,324,0,0,0,110,4947,5485,24,0,0,66,0,0,334,0,712,4050,1564,7,2595,0,0,0,252,59,8,0,0,0,29,0,0,0,0,0,0,2229,0,0,742,23,0,0,1381,0,0,0,0
3604,0,0,0,0,0,0,0,0,0,0,0,0,0,0,0,0,0,0,0,0,0,0,0,0,0,0,0,0,0,0,0,0,0,0,0,0,0,0,0,0,0,0,0,0,0,0,0,0,0,0,0,0,0,0,0,0,0,0,14,0,6,0,0,0,0,0,0,0,0,0,0,0,0,0,0,0,0,0,0,0,7,0,0,0,0,0,12,0,0,0,0,0,0,0,0,0,0,0,0,0,0,0,0,0,0,0,0,0,0,0,0
361,0,0,0,0,0,0,0,0,0,0,0,0,0,0,0,0,0,50,48,0,0,0,0,0,0,0,0,0,0,0,0,0,0,0,0,0,10,0,0,0,0,0,0,0,0,0,0,0,0,0,0,0,0,0,0,0,0,0,51,73,0,0,8,0,0,0,0,4,530,3,0,0,0,0,0,0,249,0,4,173,0,0,0,0,0,0,12,0,0,0,0,0,0,0,0,0,0,0,0,20,0,0,0,0,0,0,0,0,0,0,0
36112,0,0,0,0,0,0,0,0,0,0,0,0,0,0,0,0,0,164,182,0,0,0,0,0,0,0,26,0,14,13,0,0,0,0,0,0,0,0,0,0,0,0,0,0,0,0,0,0,0,0,0,0,0,117,0,0,0,41,0,0,190,0,56,0,0,0,0,65,0,0,0,0,0,66,0,0,0,0,0,0,0,0,0,0,0,0,27,61,0,0,0,0,0,0,0,0,0,0,0,0,0,0,0,0,0,0,7070,0,0,0,0
36225,0,0,0,0,0,0,0,0,0,0,0,0,0,0,0,0,0,0,0,0,0,0,0,0,0,0,0,0,0,38,0,0,0,0,0,0,0,0,0,0,0,0,0,0,0,0,0,0,0,0,0,10,21,136,0,0,0,0,0,0,374,0,0,0,0,0,0,0,0,0,0,0,0,0,0,0,0,0,0,0,0,0,0,0,0,0,21,0,0,0,0,0,0,0,0,0,0,0,0,0,0,0,0,0,0,0,0,0,0,0,0
36252,0,0,0,0,0,0,0,0,0,0,0,0,0,0,0,0,0,0,0,0,0,0,0,0,0,3707,6,0,0,11,0,0,0,0,0,0,0,0,0,0,0,0,0,0,0,0,0,0,0,0,0,0,0,0,0,0,0,0,0,0,0,0,0,0,0,0,0,0,0,0,0,0,11,17,0,0,0,0,0,0,0,0,0,0,0,0,0,0,0,0,0,0,0,0,0,0,0,0,0,0,0,0,0,0,0,0,0,0,0,0,0
363,0,0,0,0,0,0,0,0,0,0,0,0,0,0,0,0,0,0,0,0,0,0,0,0,0,0,0,0,0,0,0,0,0,0,0,0,0,0,0,0,0,0,0,0,466,255,0,0,0,0,0,0,0,0,0,0,0,0,0,0,0,0,0,0,0,0,0,0,0,0,0,0,0,0,0,0,2248,0,0,0,0,0,9,0,0,0,0,0,0,0,0,0,0,1571,0,0,0,0,0,1777,0,0,0,0,0,0,0,0,0,0,0
3636,0,0,0,0,0,0,0,0,0,0,0,0,0,0,0,0,0,0,0,0,0,0,0,0,0,0,0,0,3113,1706,0,0,0,0,0,0,0,0,0,0,0,0,0,0,69,0,0,0,0,0,0,0,0,0,0,0,0,0,0,0,0,0,0,0,0,0,0,0,0,0,0,0,0,41,0,0,0,0,0,0,0,0,290,0,0,0,0,0,0,0,0,0,0,0,0,0,0,0,0,0,0,0,0,0,0,0,0,0,0,0,0
3639,0,0,168,0,0,0,0,85,0,0,0,0,0,0,0,0,0,0,0,0,0,0,0,0,0,0,0,0,0,0,0,0,0,0,0,0,0,0,0,0,0,0,15764,0,0,0,22,56,0,0,0,0,0,0,0,0,0,0,0,0,0,29,0,0,0,0,0,3099,0,0,0,0,0,0,0,0,0,0,0,1033,53,0,102,0,0,0,38,0,0,0,6,0,0,0,0,0,0,0,0,0,0,0,0,0,0,0,0,0,0,0,0
365,0,0,0,0,0,0,0,68,0,0,0,0,0,0,0,0,0,0,0,0,0,0,0,0,0,0,0,0,0,0,0,0,0,102,0,0,11,0,0,32,0,0,0,0,52,0,0,0,0,0,0,0,0,0,0,0,0,0,0,0,0,0,633,0,0,0,0,0,0,41991,0,0,0,0,0,0,0,0,0,595,0,0,16,0,0,0,77,0,0,0,0,0,0,0,0,0,0,0,0,11,0,0,0,0,0,0,0,0,0,0,0
36579,0,0,0,0,0,0,99,367,0,0,0,0,0,0,0,0,0,0,0,0,0,0,0,0,0,0,0,0,0,0,0,0,0,0,0,0,0,0,0,0,0,0,0,0,0,0,0,0,0,0,0,0,0,0,186,0,4,0,0,0,0,0,0,0,0,0,0,0,0,0,0,17,0,0,0,0,0,0,203,0,0,0,0,0,0,0,0,0,0,0,0,0,0,0,0,0,0,0,0,0,0,0,0,0,0,0,0,0,0,0,0
366,0,0,0,0,0,0,0,0,0,0,0,0,0,0,0,0,0,88,0,0,0,0,0,0,0,0,0,0,5,51,0,0,0,0,0,0,0,0,0,0,0,0,0,0,0,0,0,0,0,0,0,0,0,0,0,0,0,0,0,0,0,0,0,0,0,0,0,40,0,0,0,0,0,0,0,0,0,0,0,0,0,0,0,0,0,0,14,0,0,0,0,0,0,0,0,0,0,0,0,0,0,0,0,0,0,0,9151,0,0,0,0
3675,0,0,0,0,0,0,0,0,0,0,0,0,0,0,0,0,0,0,0,0,0,0,0,0,0,0,0,0,0,0,0,0,0,0,0,0,0,0,0,166,0,0,0,0,0,0,0,0,0,0,0,0,0,0,0,0,0,0,0,0,0,0,0,0,0,0,0,144,1018,0,0,0,0,0,0,0,0,0,0,0,9,0,0,0,0,0,0,0,0,0,0,0,0,29,0,0,0,0,0,0,0,0,0,13,0,0,0,0,0,0,0
3677,0,0,0,0,0,0,0,0,0,0,0,0,70,0,0,0,0,0,0,0,0,0,0,0,0,0,0,0,0,103,0,0,0,0,0,0,0,0,0,0,0,0,0,0,0,0,0,0,0,0,0,0,0,0,0,0,0,0,0,0,0,0,0,0,0,0,0,0,0,412,63,0,0,0,0,0,0,0,0,0,12,0,0,0,0,0,0,0,0,0,0,0,0,0,0,0,0,0,0,67,0,0,2193,335,0,0,0,0,0,0,0
36964,0,0,0,0,0,0,0,0,0,43,0,0,0,0,0,0,0,0,0,0,0,0,0,0,0,6,781,0,728,76,0,0,0,54,0,0,0,0,0,0,0,0,0,0,0,0,0,0,0,0,0,0,0,0,0,0,0,0,0,0,424,50,0,0,0,0,0,0,0,0,0,0,0,14,0,0,0,0,0,228,98,28,547,0,0,0,0,0,0,0,0,0,0,0,0,0,0,0,0,0,0,0,0,0,0,0,0,0,0,0,0
371,0,0,0,0,0,0,0,0,0,0,0,0,0,0,0,0,0,0,0,0,0,0,0,0,0,0,0,0,0,0,0,0,0,0,0,0,0,0,0,0,0,0,0,0,0,0,0,0,0,0,0,0,0,0,0,0,0,0,0,0,0,0,0,0,0,0,0,0,0,0,0,0,0,0,0,0,0,0,304,15358,4708,0,529,0,0,0,0,0,0,0,0,0,0,0,0,0,0,0,0,0,0,0,0,0,0,0,0,0,0,0,0
3717,0,0,0,0,0,0,0,0,0,0,0,0,0,0,0,0,0,0,0,0,0,0,0,0,0,0,0,0,0,0,0,0,0,0,0,0,0,0,0,32,0,0,0,0,10,0,0,0,0,19887,279014,295,1777,3278,0,0,0,0,0,12,0,110,43,0,0,0,0,0,0,67969,0,0,0,0,0,0,0,0,43,801,0,0,0,0,0,0,207,0,0,0,0,0,0,0,0,0,0,0,0,27,0,0,0,0,0,0,33936,0,0,0,0
372,0,0,0,0,0,0,0,0,0,0,0,0,0,0,0,0,0,0,0,0,0,0,0,0,0,0,0,0,14080,2580,0,0,0,0,0,22,0,0,0,0,0,0,0,0,541,0,0,0,0,0,0,0,0,0,0,0,0,0,0,0,0,0,0,0,0,0,0,0,0,0,0,0,0,0,0,0,0,0,0,136,0,0,0,0,0,107,0,0,0,0,0,0,0,0,0,0,0,0,0,0,0,0,0,0,0,0,0,0,0,0,0
37229,0,0,0,0,0,534,0,174,0,0,10,0,0,0,0,0,0,0,193,0,0,0,0,0,0,0,0,0,0,0,0,0,0,0,0,0,0,0,0,0,0,0,0,0,0,0,19,0,0,0,0,0,0,0,0,0,0,0,0,0,0,0,0,0,0,0,0,0,0,0,0,0,0,0,0,0,0,0,0,7660,0,0,0,0,0,20,0,0,0,0,0,0,0,0,0,0,0,0,0,0,0,0,0,0,0,0,0,0,0,0,0
3724,0,0,0,0,0,0,0,0,0,0,0,0,0,0,0,0,0,12,0,0,0,0,0,0,0,0,0,0,0,0,0,0,0,0,0,0,0,0,0,0,0,0,0,0,0,0,0,0,0,0,0,0,0,0,0,0,0,0,0,0,0,0,0,0,0,0,0,0,0,0,0,0,1289,230,340,0,0,0,0,0,0,0,0,0,0,0,0,0,0,0,0,0,0,0,0,0,0,0,0,0,0,0,0,0,0,0,0,0,0,0,0
373,0,0,0,0,0,0,0,0,0,0,0,0,0,0,0,0,0,0,0,0,0,0,0,0,0,0,0,0,0,195,0,0,0,0,0,0,0,0,0,0,0,0,0,0,0,0,0,0,0,0,0,0,0,212,0,0,0,0,0,0,373,0,0,0,0,0,0,0,0,0,0,0,0,0,0,0,0,0,0,0,0,0,0,0,0,0,601,0,0,0,0,0,0,0,0,0,0,0,0,0,0,0,0,0,0,0,0,0,0,0,0
374,0,0,0,0,0,0,918,0,0,0,0,0,0,0,0,0,0,0,0,0,0,0,0,0,0,0,269,0,0,0,0,0,0,0,0,0,0,0,0,5375,0,0,9764,0,0,0,0,0,0,0,0,32,25,158,0,0,0,19,0,53,0,0,24,0,0,0,0,0,0,521,0,0,0,94,0,0,0,0,117,300,0,0,1944,0,0,15,216,582,0,0,0,0,0,0,0,0,0,0,0,8,0,0,0,0,0,0,0,0,0,0,0
3753,0,0,0,0,0,0,0,0,0,175,0,0,0,0,0,0,2214,0,0,0,0,0,0,0,0,0,0,0,0,0,0,0,0,0,0,0,0,0,0,107,0,0,0,0,0,0,0,0,0,0,0,0,0,0,0,2395,70,35,0,0,0,0,0,0,0,0,0,0,0,0,0,0,0,0,0,0,0,0,0,0,0,0,0,0,0,0,0,0,0,0,0,0,0,0,0,0,0,0,0,0,0,0,0,0,0,0,0,0,0,0,0
3754,0,0,18,0,0,0,0,0,0,0,0,0,0,0,0,0,0,0,0,0,0,0,0,5,17,13,13,0,0,84,0,0,0,0,0,173,0,0,24,146,0,0,0,0,0,0,0,0,0,0,0,8,0,419,0,0,0,0,0,0,0,0,0,0,47,0,0,0,0,0,5,0,0,11,0,0,0,0,8,620,66,27,66,0,0,0,0,0,0,0,0,0,0,0,0,0,0,0,0,37,0,0,220,23,0,0,0,0,0,0,0
376,0,0,0,0,0,5543,0,1096,0,0,0,0,0,0,51,10486,1357,0,0,0,0,0,828,0,0,0,0,0,0,33,0,0,0,0,0,0,0,0,392,121,0,0,0,0,0,0,0,0,0,0,0,0,0,0,332,0,0,0,0,1941,466,132,0,0,16,0,0,0,0,467,0,0,0,0,0,0,0,0,0,0,0,0,0,0,2538,0,49,130,1158,1700,724,0,0,20546,0,1343,0,0,0,0,0,0,0,0,0,0,0,0,0,0,0
37604,0,0,0,0,0,0,0,0,0,0,0,0,0,0,0,0,0,0,0,0,0,0,0,0,0,0,0,0,0,0,0,0,0,0,0,0,0,0,0,0,0,0,0,0,0,0,0,0,0,0,0,0,0,0,0,0,0,0,0,0,0,0,0,0,0,0,0,81,0,0,0,0,0,39,0,0,0,0,0,0,0,0,0,0,0,0,14,0,0,0,0,0,0,0,0,0,0,0,0,0,0,0,0,0,0,0,3293,0,0,0,0
37651,0,0,0,0,0,137348,0,0,0,0,0,0,0,0,226,13405,4064,0,0,0,0,0,39820,0,0,9255,59,0,0,47438,0,2686,0,0,0,0,0,0,30407,0,0,0,0,0,149518,13797,4039,33953,0,0,0,0,0,0,0,0,1322,0,0,2154,465,650,0,0,1074,0,0,0,0,744,709,0,118,127,0,0,0,0,0,0,0,0,0,54,18224,0,0,79,17505,5034,1395,29,0,43040,0,1789,0,0,0,0,0,0,0,0,0,0,0,0,0,0,0
378,0,0,89,0,0,0,261,98,0,0,4,0,0,0,102,0,0,0,78,0,35,0,0,0,0,0,48,0,7555,1480,0,0,16,1182,0,137,0,0,60,684,0,96,0,0,0,0,0,0,0,0,0,0,23,952,0,0,0,0,0,0,11,60,0,0,587,0,0,61,0,22,28,1684,96,60,0,0,0,0,0,342,0,0,0,0,0,0,13,0,0,0,0,0,0,94,0,0,0,0,0,0,0,0,1722,113,0,0,0,0,0,0,0
379,0,0,0,0,0,0,0,0,0,18,0,0,0,0,0,0,0,30,0,0,0,0,0,0,0,0,0,0,22,85,0,0,0,83,0,0,0,0,0,77,0,0,68890,0,0,0,0,0,0,0,2,0,0,213,0,0,0,0,65,0,12,0,0,0,0,0,0,0,0,243,0,0,0,9,0,0,138,0,0,0,0,0,0,0,0,0,0,0,0,0,0,0,25,147,0,0,0,0,0,8,0,0,0,0,3,44,0,0,0,0,0
3791,0,0,0,0,0,0,0,0,0,0,0,0,0,0,0,0,0,0,0,0,0,0,0,0,0,0,0,0,0,0,0,0,0,560,0,0,0,0,0,0,0,0,6011,0,0,0,0,0,0,0,0,0,0,0,0,0,0,0,1024,0,108,0,16,0,0,0,0,137,0,0,0,0,0,0,0,0,0,0,0,0,88,0,43,0,0,0,20486,0,0,0,0,0,0,0,0,0,0,0,123,0,0,0,0,0,0,0,0,0,0,0,0
37948,0,0,0,0,0,127074,0,0,0,66,0,0,0,0,717,242570,26443,0,0,0,0,0,0,0,0,0,0,0,0,228,0,0,0,0,0,0,0,0,0,0,0,0,0,0,0,0,0,0,0,0,0,0,0,0,0,0,0,0,0,9803,5684,1611,0,0,0,0,0,0,0,0,0,0,5069,879,504,0,0,0,0,622,0,0,0,188,107703,0,0,0,0,0,0,0,0,0,0,21025,0,0,0,0,0,0,0,0,0,0,0,0,0,0,0
38,0,0,47,0,0,0,0,1254,0,62690,0,0,0,0,125,0,372,3228,3268,0,16,0,0,0,0,27,646,0,259,17228,0,0,0,0,0,27,566,0,330,0,0,0,10341,0,129,0,0,0,0,0,0,953,2416,12358,239,0,0,219,0,0,1088,0,107,0,0,0,0,261,0,197,0,0,0,254,111,0,3311,0,125,269,200,80,48222,0,0,0,214,132,6,0,0,0,0,0,0,0,0,0,0,0,0,0,0,0,0,357,2897,0,0,0,0
380,0,0,0,0,0,0,0,49,0,0,0,0,0,0,0,0,0,0,0,0,0,0,0,0,0,0,0,0,0,0,0,0,0,611,0,0,0,0,0,0,0,0,0,0,744,0,0,0,0,0,0,0,0,0,0,0,9,0,0,0,0,0,175,0,0,0,0,0,0,56323,0,0,0,0,0,0,0,0,0,768,0,0,4244,0,0,0,73,0,0,0,0,0,0,0,0,0,0,0,0,38,0,0,0,0,0,0,0,0,0,0,0
384,0,0,0,0,0,0,0,43,0,0,0,0,0,0,0,0,0,0,0,0,0,0,0,0,0,0,0,0,0,0,0,0,0,14339,0,0,0,0,0,0,0,0,0,0,0,0,0,0,0,0,0,0,0,0,0,0,0,0,0,0,0,0,0,0,0,0,0,0,0,0,29,0,0,0,0,0,0,0,0,0,0,0,0,0,11,0,0,0,0,0,0,0,0,2120,0,0,0,0,0,0,0,0,372,148,0,0,0,0,0,0,0
38431,0,0,0,0,0,0,0,0,0,0,0,0,0,0,0,0,0,0,0,0,0,0,0,0,0,0,0,0,0,12,0,0,0,0,0,4,0,0,445,89,0,0,0,0,0,0,0,0,0,0,0,0,0,0,0,0,0,0,0,0,0,0,0,0,0,0,0,213,22,0,17,0,0,116,0,0,0,0,0,0,78,0,63,0,0,0,0,0,0,0,0,0,0,0,0,0,0,0,0,0,0,0,0,0,0,0,0,0,0,0,0
38537,0,0,0,0,0,0,0,0,0,0,0,0,0,0,0,0,0,0,0,0,0,0,0,0,0,0,0,0,0,0,0,0,0,0,0,0,0,0,0,362,0,0,0,0,0,0,0,0,0,0,0,0,0,0,0,0,0,0,0,0,0,0,0,0,0,0,0,0,0,0,0,0,3268,263,408,0,5495,0,0,5523,16,0,0,0,0,0,0,0,0,0,0,0,0,1141,0,0,0,0,0,0,0,0,0,0,0,0,0,0,0,0,0
3861,0,0,0,0,0,0,0,0,0,0,0,0,0,0,0,0,0,0,1428,0,0,0,0,0,0,0,0,0,0,0,0,0,0,76,0,0,0,0,0,0,0,0,0,0,0,0,73,0,0,0,0,0,0,0,0,0,0,0,0,0,0,0,0,0,0,0,0,0,0,0,0,0,0,0,0,0,0,0,0,59283,0,44,0,0,0,0,0,0,0,0,0,0,0,0,0,0,0,0,0,0,0,0,0,0,0,0,0,0,0,0,0
387,0,0,89,0,0,0,177,0,0,0,0,0,0,0,0,0,0,0,0,0,0,0,0,0,0,0,0,0,0,0,0,0,0,8,0,0,0,0,0,0,0,0,842,0,0,0,3,0,0,0,0,0,0,0,0,26,0,0,0,0,10,0,0,0,0,0,0,0,0,0,0,0,1,37,0,0,3,0,0,89,0,0,0,0,0,0,0,0,0,0,0,0,0,17,13,0,0,0,0,0,0,0,0,0,0,0,0,0,0,0,0
3874,0,0,0,0,0,0,4,0,0,0,0,0,0,0,0,0,0,3,0,0,0,0,0,0,0,0,0,0,0,0,0,0,0,0,0,0,0,0,0,0,0,0,0,0,0,0,0,0,0,0,0,0,0,0,0,0,0,0,59,0,0,0,0,0,0,0,0,0,771,0,0,0,0,0,0,0,0,7,0,0,0,0,17,0,0,0,31,0,0,0,0,0,0,0,0,0,0,0,0,0,0,0,0,0,0,0,0,0,0,0,0
388,0,0,0,0,0,0,0,0,0,0,0,0,0,0,0,0,0,0,0,0,0,0,0,0,0,0,0,0,195,65,0,0,0,0,0,0,0,0,0,0,0,0,17030,0,0,0,0,0,0,0,0,0,0,0,0,0,0,0,0,0,0,0,0,0,0,0,0,0,0,0,0,0,0,0,0,0,0,0,0,0,84,0,0,0,0,0,0,0,0,0,0,0,0,0,0,0,0,0,0,0,0,0,0,0,0,0,0,0,0,0,0
3883,0,0,0,0,0,0,0,0,0,0,0,0,0,0,0,0,0,0,0,0,0,0,0,0,0,0,0,0,0,0,0,0,0,0,0,0,0,0,0,0,0,0,0,0,126160,58174,7635,56810,0,0,0,0,0,0,0,0,0,0,0,0,0,0,0,0,0,0,0,0,0,0,0,0,0,0,0,0,0,0,0,0,0,0,0,0,0,0,0,0,0,0,0,0,0,0,0,0,0,0,0,0,0,0,0,0,0,0,0,0,0,0,0
38832,0,0,0,0,0,0,0,0,0,0,0,0,0,0,0,0,0,0,0,0,0,0,0,0,0,0,0,0,0,0,0,0,0,0,0,0,0,0,0,0,0,0,0,0,0,0,0,0,0,0,0,0,0,0,0,0,0,0,0,0,0,0,0,0,0,0,0,0,0,21,0,0,0,0,0,0,0,0,0,276,54,9,0,0,0,0,0,0,0,0,0,0,0,0,0,0,0,0,0,0,0,0,0,0,0,0,0,0,0,0,0
3884,0,0,0,0,0,0,0,0,0,0,0,0,0,0,0,0,0,280,161,0,0,0,0,0,0,35,14,0,0,81,0,0,86,56,0,0,0,0,0,12,0,0,0,0,0,0,0,0,0,0,0,0,0,0,0,0,0,0,0,3,0,0,78,0,0,0,0,0,0,0,0,0,0,6,0,0,0,0,28,516,0,0,0,0,0,0,354,0,0,0,0,0,0,0,0,0,0,0,0,0,0,0,0,0,0,0,0,0,0,0,0
3886,0,0,0,0,0,0,251,0,0,0,0,0,0,0,74,67,0,2365,204,0,0,0,0,0,0,0,0,0,0,0,0,0,0,0,0,0,0,0,0,157,0,0,0,0,0,0,0,0,0,0,0,0,0,0,0,0,0,0,0,0,0,0,0,0,0,0,0,0,0,0,0,0,0,32,0,0,0,0,0,0,0,0,0,0,0,0,0,0,0,0,0,0,0,0,0,0,0,0,0,0,0,0,0,0,0,0,0,0,0,0,0
389,0,0,0,0,0,0,0,57,0,0,0,0,0,0,0,0,0,0,0,0,0,0,0,0,0,0,0,0,0,0,0,0,0,0,0,0,0,0,0,0,0,0,0,0,0,0,0,0,0,0,0,0,0,0,0,0,0,0,0,0,0,0,155,0,0,0,0,0,0,15483,0,0,0,0,0,0,0,0,0,153,0,0,0,0,0,0,13,0,0,0,0,0,0,0,0,0,0,0,0,0,0,0,0,0,0,0,0,0,0,0,0
3895,0,0,0,0,0,0,1536,3679,0,0,0,0,0,0,0,0,0,0,0,0,0,0,0,0,0,0,0,0,0,0,0,0,0,0,0,0,0,0,0,0,0,0,0,0,0,0,0,0,0,0,0,0,0,0,0,0,0,0,0,0,0,0,0,0,0,0,0,0,0,0,0,0,0,0,0,0,0,0,890,0,0,0,0,0,0,0,0,17,0,0,0,0,0,0,0,0,0,0,0,0,0,0,0,0,0,0,0,0,0,0,0
390,0,0,0,0,0,0,0,0,0,0,0,0,5,0,0,0,0,16,0,0,0,0,0,0,0,0,0,0,0,1202,0,0,0,0,0,0,0,0,0,0,0,0,0,0,0,0,0,29,0,0,0,0,0,0,13,0,0,54,0,0,0,0,0,0,0,0,0,63,0,7,0,0,0,17,0,0,0,0,0,0,4,0,47,0,2,0,23,12,0,0,0,0,0,0,0,0,0,0,0,0,0,0,0,0,0,0,3076,0,0,0,0
3904,0,0,104,0,0,0,7396,0,0,0,0,0,0,0,0,0,0,1974,353,0,0,0,0,0,0,82780,211,0,19,203,0,0,0,0,0,0,0,0,0,389,0,0,0,0,0,0,0,0,0,0,0,0,0,0,0,0,69,20,0,0,0,0,0,0,0,0,0,0,0,324,0,0,107,110,0,0,0,0,0,172,0,0,0,0,0,0,0,877,0,0,0,0,0,30,0,0,0,0,0,2098,0,0,0,36,0,0,0,0,0,0,19
392,0,0,0,0,0,0,0,268,0,30,0,0,0,0,0,0,0,831,340,0,0,0,0,0,0,0,592,0,204,1496,0,0,0,0,0,0,0,0,0,0,0,0,0,0,0,0,0,8,0,0,0,10,23,1839,0,0,0,0,0,0,1076,0,0,0,0,0,0,121,0,0,0,0,1,257,0,0,0,0,0,2436,83,1349,5708,0,0,0,79,1,40,0,0,0,0,313,0,0,0,0,0,0,0,0,0,0,39,0,7466,0,0,0,0
3922,0,0,0,0,0,0,0,0,0,28,0,0,0,0,0,0,4044,0,0,0,0,0,0,0,0,0,0,0,0,0,0,0,0,0,0,0,0,0,0,0,0,0,0,0,0,0,0,0,0,0,0,0,0,0,0,162,0,0,0,0,0,0,0,0,0,0,0,0,0,0,0,0,0,0,0,0,0,0,0,75,0,0,0,0,0,0,0,0,0,0,0,0,0,0,0,0,0,0,0,0,0,0,0,0,0,0,0,0,0,0,0
3927,0,0,0,0,0,0,0,0,0,0,308,0,0,0,0,0,0,0,0,0,0,0,0,0,0,0,0,0,0,0,0,0,0,0,0,0,0,0,0,0,0,0,0,0,0,0,0,0,0,0,0,0,0,0,0,0,0,0,0,0,0,0,0,0,0,0,0,0,0,0,0,0,0,0,0,0,0,0,502,12210,11090,0,782,0,0,0,0,0,0,0,0,0,0,0,0,0,0,0,0,0,0,0,0,0,0,0,0,0,0,0,0
396,0,0,0,0,0,0,0,0,0,0,0,0,0,0,0,0,0,0,175,0,0,0,0,0,0,0,0,0,0,0,0,0,0,16523,0,0,0,0,0,0,0,0,0,0,0,0,0,0,0,0,0,0,0,0,0,0,0,0,0,0,0,0,0,0,0,0,0,0,0,0,0,0,0,0,0,0,0,0,0,0,0,0,0,0,19,0,0,0,0,0,0,0,0,4708,0,0,0,0,0,0,0,0,0,0,0,0,0,0,0,0,0
399,0,0,0,0,0,0,3822,172,0,11,638,0,0,0,0,0,0,14,154,0,0,0,0,0,0,0,0,0,0,22,0,0,480,289,0,0,0,0,0,0,0,0,0,0,51,23,0,0,0,0,0,0,0,0,0,86,0,0,67,0,0,0,0,0,0,0,0,0,0,67,0,0,0,0,0,0,0,0,94,3986,1532,0,132,0,0,0,16,0,0,0,0,0,0,0,0,0,0,0,0,0,0,0,0,0,0,0,0,0,0,0,0
3995,0,0,0,0,0,0,0,0,0,0,0,0,0,0,0,0,0,0,0,0,0,0,0,0,0,0,0,0,0,0,0,0,0,0,0,0,77,0,0,0,0,0,0,0,0,0,0,0,0,0,0,0,0,0,0,0,0,0,0,0,0,0,0,0,0,0,0,1398,0,83,0,0,0,0,0,0,0,0,0,0,0,0,0,0,0,0,0,0,0,0,0,0,0,0,0,0,0,0,0,0,0,0,0,0,0,0,0,0,0,0,3107
4,0,0,0,0,0,0,248,1991,0,0,0,0,0,0,24,62,0,0,319,0,0,0,0,5,0,0,0,0,8,126,0,0,0,27,0,205,0,0,99,258,0,0,0,0,375,177,34,107,0,0,0,9,9,58,0,0,0,0,0,0,0,0,1185,0,0,0,0,15,0,0,0,0,0,12,0,0,14,0,0,369,0,7,249,0,0,0,81,0,0,0,0,0,0,0,0,0,0,0,0,460,0,0,0,5,0,0,12291,0,0,0,0
40,0,0,0,0,0,0,21,0,0,0,0,0,0,0,98,0,0,0,0,0,0,0,0,0,0,0,0,0,0,0,0,0,0,0,0,7,136,0,0,0,0,0,0,0,0,0,0,0,0,0,0,0,0,0,0,0,0,0,0,0,0,0,0,0,0,0,0,0,0,37,0,0,0,0,0,0,0,0,0,1582,0,0,0,0,0,7,91,0,0,0,0,0,0,0,0,0,0,0,0,10,0,0,0,0,0,0,0,0,0,0,0
400,0,0,0,0,0,0,0,461,0,0,0,0,0,0,234,0,0,79,0,0,0,0,26,0,0,0,0,0,344,266,0,0,0,0,0,372,0,0,0,96,0,0,0,0,1635,206,0,344,0,0,0,84,0,228,0,0,0,0,0,0,0,0,936,0,0,0,0,287,3775,28523,106,5378,0,74,0,0,29,0,683,3781,455,0,65,0,0,0,370,111,0,0,0,0,0,0,0,0,0,0,0,372,0,0,463,0,0,0,0,0,0,0,0
4020,0,0,0,0,0,0,0,0,0,0,0,0,0,0,0,0,0,0,0,0,0,0,0,0,0,0,0,0,0,0,0,0,0,0,0,0,0,0,137,2877,0,0,0,0,57,0,0,0,0,0,0,0,0,0,23,0,0,0,0,0,0,0,0,0,0,0,0,0,0,0,0,0,101,0,0,0,0,0,0,0,0,0,0,0,0,0,0,0,0,0,0,0,0,0,0,0,0,0,0,0,0,0,0,0,0,0,0,0,0,0,0
405,0,0,0,0,0,0,0,0,0,0,0,0,0,0,0,0,0,0,0,0,0,0,0,0,0,0,0,0,73,166,0,0,0,0,0,0,0,0,0,0,0,0,0,0,0,0,0,0,0,0,0,0,0,0,0,0,0,0,0,0,0,0,0,0,0,0,0,0,0,0,0,0,0,0,0,0,0,0,0,230,0,0,4,0,0,0,0,29,0,0,0,0,0,0,0,0,0,0,0,2,0,0,0,0,0,0,0,0,0,0,0
4051,0,0,0,0,0,0,0,0,0,0,0,0,0,0,0,0,0,0,0,0,0,0,0,0,0,0,0,0,35,51,0,0,0,0,0,0,0,0,0,34,0,0,0,0,0,0,0,0,0,0,0,0,0,340,0,0,0,0,0,0,0,0,0,0,0,0,0,0,0,0,0,0,0,8,0,0,0,0,0,0,0,0,0,0,0,0,0,0,0,0,0,0,17,568,0,0,0,0,0,0,0,0,0,0,0,101,0,0,0,0,0
4068,0,0,0,0,0,0,0,0,0,0,0,0,0,0,0,0,0,0,0,0,0,0,0,0,0,0,0,0,0,9,0,0,0,0,0,0,0,0,0,0,0,0,0,0,0,0,0,0,0,0,0,0,0,0,0,0,0,0,0,0,0,0,0,0,0,0,0,0,0,0,0,0,381,66,131,0,0,0,0,0,0,0,0,0,0,0,0,0,0,0,0,0,0,0,0,0,0,0,0,0,0,0,0,0,0,0,0,0,0,0,0
4079,0,0,0,0,0,0,0,0,0,0,0,0,0,0,6,132,0,0,0,0,0,0,0,0,0,0,0,0,0,0,0,0,0,0,0,0,0,0,0,134,0,0,0,0,0,0,0,0,0,0,0,0,0,0,0,0,0,0,0,0,41,0,0,0,0,0,0,0,0,135,24831,0,0,0,0,0,0,0,18,51,0,0,0,0,0,0,0,0,0,0,0,0,39,0,0,0,0,14,0,0,0,0,0,0,0,0,0,0,0,0,0
41,0,0,0,0,0,0,0,0,0,0,0,0,0,0,0,0,0,0,0,0,0,0,0,0,0,0,0,0,0,0,0,0,0,0,0,0,0,0,0,0,0,0,15521,0,0,0,0,0,0,0,0,24,10,317,0,0,0,0,0,0,0,0,0,0,0,0,0,0,0,0,0,0,0,21,0,0,0,0,0,2079,0,3912,971,0,0,0,0,0,0,0,0,0,0,0,0,0,0,0,0,0,0,0,0,0,19,0,0,0,0,0,0
4105,0,0,0,0,0,0,0,0,0,0,0,0,0,0,0,84,0,295,32,0,0,0,0,0,0,0,260,0,27,1557,0,0,0,0,0,0,0,0,0,0,0,0,0,0,0,0,0,7,0,0,0,0,0,0,0,0,0,0,25,53,17,0,96,0,0,0,0,26,1631,71,8893,0,0,30,0,0,40,0,131,560,0,0,0,0,0,0,472,0,0,0,0,0,80,28,0,0,0,0,0,15,0,2,95,5,0,0,0,0,2,0,6
412,0,0,0,0,0,0,820,2283,0,0,0,0,0,0,0,0,0,0,0,0,0,0,0,0,0,0,0,0,2753,1175,0,0,0,845,0,0,0,0,0,0,0,41,0,0,0,0,0,0,0,0,0,0,0,0,0,0,0,0,0,0,0,0,0,0,765,0,0,0,0,0,0,1159,72,35,0,0,0,26,1460,0,0,0,0,0,0,0,0,0,0,0,0,0,0,0,0,0,0,0,0,26,0,0,0,0,0,0,0,0,0,0,0
4151,0,0,0,0,0,0,0,0,0,0,0,0,0,0,0,0,0,0,0,0,0,0,0,0,0,0,0,0,0,0,0,0,0,0,0,0,0,0,22,131,0,0,0,0,0,0,0,0,0,0,0,0,0,0,0,0,0,0,0,0,0,0,0,15,0,0,0,0,0,0,0,0,0,0,0,0,0,0,185,197,73,0,5,0,0,0,0,0,0,0,0,0,0,0,0,0,0,0,0,0,0,0,0,0,0,0,0,0,0,0,0
4159,0,0,0,0,0,0,0,0,0,20039,0,0,0,0,0,267,267,55,121,0,0,0,0,0,0,0,222,0,933,90,0,0,0,4,0,0,0,0,15,0,0,2,0,0,0,0,0,0,0,0,0,0,0,87,30,0,0,0,0,0,0,0,0,0,0,0,0,0,0,6104,8,0,58,178,55,0,0,0,150,72,2,14,2640,0,0,0,0,0,0,0,0,0,0,0,0,0,0,0,0,0,0,0,0,0,0,0,0,0,0,0,0
418,0,0,0,0,0,0,0,149,0,0,0,0,0,0,0,0,0,0,0,0,0,0,0,0,0,0,0,0,0,0,16,0,911,0,0,0,0,0,0,0,0,0,0,0,0,0,0,0,0,0,0,0,0,0,18,0,0,0,0,0,0,0,0,0,0,0,0,0,0,141,0,0,0,0,0,0,0,0,0,0,0,0,0,0,0,0,0,0,0,0,0,0,0,0,0,0,0,0,0,0,0,0,0,0,0,0,0,0,0,0,0
4191,0,0,0,0,0,0,0,0,0,0,0,0,0,96,0,0,0,0,0,0,0,0,0,0,0,0,0,0,0,0,0,0,1238,0,0,0,0,0,0,0,0,0,0,0,1067,0,0,0,0,0,0,0,0,0,0,44,0,0,0,0,0,0,0,0,0,0,0,0,0,0,0,0,0,0,0,0,0,0,0,0,0,0,0,0,0,0,0,0,0,0,0,0,0,0,0,0,0,0,0,0,0,0,0,0,0,0,0,0,0,0,0
4200,0,0,0,0,0,0,0,0,0,0,0,0,0,0,0,0,0,0,0,0,0,0,0,0,0,0,0,0,0,0,0,0,0,624,0,0,0,0,0,0,0,0,0,0,0,0,0,0,0,0,0,0,0,0,18,0,0,0,3097,0,680,0,246,0,0,0,0,389,0,0,0,0,0,0,0,0,0,376,0,45,1214,0,337,0,0,0,33471,0,0,0,0,0,0,0,0,0,0,0,4684,0,0,0,0,0,0,0,0,0,0,0,0
4204,0,0,11,3404,0,0,0,0,0,0,0,0,0,0,0,0,0,0,0,0,0,0,0,0,0,0,0,0,0,108,0,0,0,0,0,0,0,0,0,0,0,0,0,0,0,0,0,0,0,0,0,0,0,0,9,0,0,0,0,0,0,0,0,0,0,0,0,0,0,0,0,0,0,0,0,0,0,0,16881,14918,0,7,0,0,0,0,0,0,0,0,0,0,0,0,0,0,0,0,0,27,0,0,0,0,0,0,0,0,0,0,0
421,0,0,0,0,0,0,0,0,0,0,0,0,0,0,0,0,0,0,0,0,0,0,0,0,0,0,0,0,280,332,0,0,0,0,0,0,0,0,47,1649,0,0,0,0,0,0,0,0,0,0,0,0,0,0,0,0,0,0,0,0,0,0,0,0,0,0,0,0,0,155,0,0,0,0,0,0,0,0,0,0,0,0,0,0,0,0,0,0,0,0,0,0,0,0,0,0,0,0,0,0,0,0,0,0,0,0,0,0,0,0,0
4210,0,0,0,0,0,0,0,0,0,0,0,0,0,0,0,0,0,0,0,0,0,0,0,0,0,0,0,0,0,0,0,0,0,0,0,0,0,0,0,0,0,0,0,0,0,0,0,0,0,0,0,0,0,0,0,0,0,0,0,0,60,0,0,0,0,0,0,0,0,58,10273,0,0,0,0,0,0,0,129,0,0,0,15,0,0,0,225,0,0,0,0,0,129,0,0,0,0,0,0,0,0,0,0,0,0,0,0,0,0,0,0
4211,0,0,0,0,0,0,0,0,0,195,0,0,0,0,0,0,0,0,0,0,0,0,0,0,0,0,0,0,0,0,0,0,0,0,0,0,0,0,0,0,0,0,0,0,0,88,0,51,0,0,0,0,0,1605,0,0,0,0,0,0,0,0,0,0,0,0,0,0,0,0,0,0,0,140,0,0,0,0,12,514,0,0,0,0,0,0,1270,0,0,0,0,0,387,3317,0,0,0,0,0,0,0,0,0,0,0,0,0,0,0,0,0
4218,0,0,0,0,0,0,0,0,0,0,0,0,0,0,30,0,43,48,61,0,0,0,0,0,0,0,0,0,0,0,0,0,0,0,0,0,0,0,0,0,0,0,0,0,0,0,0,0,0,0,0,0,0,0,0,0,0,0,0,0,0,0,0,0,0,0,0,0,0,0,0,0,0,0,0,0,0,0,20,63,0,0,0,0,0,0,0,0,0,0,0,0,0,0,0,0,0,0,0,0,0,0,0,0,0,0,0,0,0,0,0
422,0,0,0,0,0,0,0,0,0,0,0,0,0,0,0,0,0,0,0,0,0,0,0,0,0,0,0,0,0,0,0,0,0,0,0,218,0,0,0,0,0,0,0,0,0,0,0,0,0,0,0,0,0,0,0,0,0,0,0,0,0,0,45,0,0,0,0,0,0,0,0,0,0,0,0,0,0,0,0,3456,0,0,0,0,0,0,0,0,0,0,0,0,0,117,0,0,0,0,0,0,0,0,0,0,0,0,0,0,0,0,0
424,0,0,0,0,0,0,0,0,0,0,0,0,0,0,0,22,0,586,525,0,338,0,0,0,0,49,262,0,91,604,0,0,0,0,0,0,0,0,276,32767,0,0,882,0,0,0,0,0,0,0,0,0,0,125,0,0,11,0,0,0,0,0,0,0,0,0,0,332,0,108,0,0,7,41,0,0,0,0,427,723,10,64,675,0,0,0,155,0,0,0,0,0,0,229,0,0,0,0,0,0,0,0,0,0,0,0,0,0,0,0,0
4242,0,0,0,0,0,0,0,0,0,0,0,0,0,0,52,0,324,26,89,0,0,0,0,0,0,0,0,0,0,0,0,0,0,0,0,0,0,0,0,0,0,0,0,0,0,0,0,0,0,0,0,0,0,0,0,0,0,0,0,0,0,0,0,0,0,0,0,0,0,0,0,0,0,0,0,0,0,0,0,0,0,0,0,0,0,0,0,0,0,0,0,0,0,0,0,0,0,0,0,0,0,0,0,0,0,0,0,0,0,0,0
4247,0,0,105,0,0,0,0,0,0,0,0,0,0,0,47,594,0,0,44,0,0,0,0,0,0,9,0,0,0,340,0,0,0,0,0,0,0,0,0,0,0,0,0,0,0,193,0,0,0,0,0,0,0,0,0,0,14,5,0,0,58,6,202,0,0,0,0,0,10900,78,48823,0,0,11,0,0,0,0,41,417,0,0,50,0,0,0,32,0,0,0,0,0,235,6,0,0,0,0,0,0,0,0,0,0,0,0,0,0,0,0,17
4259,0,0,0,0,0,0,0,0,0,21,0,0,0,0,18,81,0,0,0,0,0,0,0,0,0,0,0,0,3,73,0,0,0,0,0,0,0,0,0,0,0,0,0,0,0,0,0,8,0,0,0,2,2,0,0,0,0,0,0,0,39,8,0,0,0,0,0,0,1051,62,19203,0,0,0,0,0,31,0,12,104,0,0,11,0,0,0,0,0,0,0,0,0,0,0,0,0,0,0,0,93,0,8,0,0,0,0,0,0,0,0,0
4270,0,0,0,0,0,0,0,0,0,0,0,0,0,0,0,0,0,0,0,0,0,0,0,0,0,0,0,0,0,7,0,0,0,0,0,0,0,0,0,0,0,0,0,0,0,0,0,0,0,0,0,0,0,0,0,0,5,0,0,0,8,0,0,0,0,0,0,0,0,39,0,0,0,0,0,0,0,0,0,0,0,0,0,0,0,0,0,0,0,0,0,0,0,0,0,0,0,0,0,0,0,0,0,0,0,0,0,0,0,0,0
428,0,0,0,0,0,0,0,0,0,0,0,0,0,0,0,0,0,0,0,0,20,0,0,0,0,25,22,0,23,33,0,0,0,0,0,0,0,0,0,0,0,0,0,0,0,0,0,0,0,0,0,0,526,2070,0,0,0,0,0,0,0,0,0,0,0,0,0,0,0,0,0,0,28,0,0,0,0,0,0,0,0,0,0,0,0,0,0,0,0,0,0,0,0,0,0,0,0,0,0,0,0,0,0,0,0,0,0,0,0,0,0
4282,0,0,0,0,0,0,0,0,0,0,0,0,0,0,8,244,0,0,0,0,0,0,0,0,0,0,0,0,0,0,0,0,0,0,0,0,0,0,0,208,0,0,0,0,0,86,0,0,0,0,0,0,0,0,0,0,0,0,0,0,24,0,102,0,0,0,0,0,0,16,34356,0,0,0,0,0,8,7,22,159,0,0,11,0,0,0,0,0,0,0,0,0,39,0,0,0,0,0,0,128,0,9,0,0,0,0,0,0,0,0,0
4291,0,0,0,0,0,0,0,0,0,0,0,0,0,0,0,271,0,0,0,0,0,0,0,0,0,0,0,0,0,78,0,0,0,0,0,0,0,0,0,0,0,0,0,0,0,0,0,0,0,0,0,0,0,229,0,0,0,0,0,0,112,0,0,0,51,0,0,0,0,0,68777,0,0,0,0,0,0,0,0,0,0,0,0,0,0,0,0,0,0,0,0,0,0,0,0,0,12,28,0,0,0,0,0,0,0,0,0,0,0,0,0
4292,0,0,0,0,0,0,0,0,0,0,0,0,0,0,0,11,0,0,70,0,0,0,0,0,0,0,0,0,0,0,0,0,0,0,0,0,0,0,0,0,0,0,0,0,0,0,0,0,0,0,0,0,0,0,0,0,0,0,5,0,0,0,0,0,0,0,0,40,0,0,0,0,0,7,0,0,2,0,0,0,0,0,0,0,0,0,11,0,0,0,0,0,7,0,0,0,0,0,0,0,0,0,0,0,0,0,881,0,0,0,0
43,0,0,0,0,0,0,106,0,0,6,0,0,0,0,0,0,0,0,0,0,0,0,0,0,0,0,0,0,0,89,0,17,0,0,0,0,0,0,0,0,0,0,0,0,0,0,0,0,0,0,0,0,0,0,0,0,0,0,175,9,18,0,0,0,0,0,0,0,0,18,0,0,0,0,0,0,0,0,0,19,0,0,0,0,0,0,0,0,0,0,0,0,0,0,0,0,0,0,0,0,0,0,0,0,0,0,0,0,0,0,0
430,0,0,0,0,0,0,0,0,0,0,0,0,0,0,0,0,0,0,0,0,0,0,0,0,0,0,0,0,363,408,0,0,0,0,0,0,0,19,0,151,0,0,0,0,0,0,0,0,0,0,0,0,0,10,0,0,0,0,0,0,0,0,0,0,0,0,0,0,0,0,0,0,0,0,0,0,295,0,0,0,0,0,0,0,0,0,0,0,0,0,0,0,0,0,0,0,0,0,0,0,0,0,0,0,0,0,0,0,0,0,0
4311,0,0,0,0,0,0,0,0,0,0,0,0,0,0,0,0,0,0,0,0,0,0,0,0,0,0,0,0,0,0,0,0,0,0,0,0,0,0,0,0,0,0,0,0,0,0,0,0,0,0,0,0,0,0,0,0,0,0,0,0,0,0,0,0,0,0,0,0,0,0,0,0,0,0,0,0,0,0,0,1283,0,2993,1120,0,0,0,0,0,0,0,0,0,0,0,0,0,0,0,0,268,0,0,0,0,0,0,0,0,0,0,0
4321,0,0,101,0,0,0,0,0,0,35,0,0,0,0,47,467,0,0,55,0,8,0,0,0,0,3,0,0,0,172,0,0,0,25,0,0,0,0,0,95,0,0,0,0,0,16,0,0,0,0,0,0,0,6,0,0,8,0,0,0,45,16,260,0,0,0,0,0,5113,63,39951,0,9,9,0,0,0,0,7,273,0,0,51,0,0,0,38,0,0,0,0,0,254,24,0,0,7,0,0,489,0,0,0,0,0,0,0,0,0,0,23
4338,0,0,0,0,0,0,0,0,0,0,0,0,0,0,53,780,43,0,0,0,0,0,0,0,0,0,0,0,0,16,0,0,0,0,0,0,0,0,0,0,0,0,0,0,0,71,0,18,0,0,0,0,0,0,0,0,0,0,0,0,55,0,118,0,0,0,0,0,0,23,52023,0,0,0,0,0,15,0,19,205,0,0,0,0,0,0,0,0,0,0,0,0,60,0,0,0,0,16,0,119,0,0,0,0,0,0,0,0,0,0,0
434,0,0,293,0,0,0,0,1078,0,12048,0,0,0,0,0,0,0,0,0,0,12,0,0,0,0,0,0,0,2,139,44,0,0,0,0,0,0,0,0,0,0,0,0,0,75,0,0,0,0,0,0,80,178,1132,66,0,0,0,0,0,50,18,0,0,0,0,0,663,0,0,0,0,0,0,0,0,0,0,69,0,0,64,359,0,0,0,0,0,0,0,0,0,0,0,0,0,0,0,0,0,0,0,0,0,0,0,0,0,0,0,0
435,0,0,0,0,0,0,0,297,0,8241,0,0,0,10,268,0,0,74,0,0,59,0,0,0,0,0,167,0,523,135,17,0,292,389,0,0,121,0,0,173,0,0,0,0,1125,60,14,86,0,0,0,0,0,336,0,12,0,0,0,0,51,0,0,0,0,0,0,0,0,281,0,0,0,186,0,0,186,0,6933,5261,0,0,23,0,0,61,241,1641,360,1824,0,0,0,188,0,0,0,0,0,0,0,0,116,0,0,0,0,0,0,0,0
4366,0,0,0,0,0,0,0,0,0,0,0,0,0,0,48,234,0,9,0,0,0,0,0,0,0,0,0,0,0,0,0,0,0,0,0,0,0,0,0,0,0,0,0,0,0,0,0,0,0,0,0,0,0,0,0,0,0,0,0,0,0,0,3719,0,0,0,0,0,0,0,0,0,0,0,0,8,8,0,0,0,0,0,0,0,0,0,19,0,0,0,0,0,0,1261,0,0,0,0,0,0,0,0,0,0,0,0,0,0,0,0,0
437,0,0,0,0,0,0,15930,0,0,0,624,0,0,28,0,0,487,0,0,0,11,0,0,0,0,0,0,0,0,0,0,0,217,349,0,0,0,0,0,0,0,0,0,0,104,10,0,0,0,0,0,0,0,0,0,0,0,0,58,0,0,0,0,0,0,0,0,0,0,0,0,0,0,0,0,0,0,0,0,0,0,0,0,0,0,0,0,0,0,0,0,0,0,0,0,0,0,0,0,0,0,22,0,0,0,0,0,0,0,0,0
4372,0,0,0,0,0,0,0,0,0,178,0,0,0,0,61,1252,0,0,19,0,0,0,0,0,0,0,0,0,0,485,0,0,0,0,0,0,2989,0,0,344,0,0,0,0,0,66,0,21,0,0,0,0,0,0,0,87,0,0,0,0,873,156,500,0,0,0,0,0,0,333,749085,0,0,0,0,0,0,0,363,1903,0,0,0,0,0,0,430,0,0,0,0,0,620,0,0,0,0,0,0,143,0,0,0,0,0,0,0,0,0,0,0
44,0,0,124,0,0,0,150,927,0,12835,0,0,0,0,0,35,19,1209,544,0,82,0,11,0,0,29,556,0,378,1829,0,0,0,1539,0,7,0,0,0,11362,0,0,8513,0,0,6,25,70,0,1115,12808,268,1068,3251,32,0,0,276,302,11,855,20,36,0,0,0,0,193,0,211,0,0,0,113,5,37,2146,591,774,6262,4760,3,7779,0,0,0,496,3703,50,77,0,0,0,8,0,0,0,0,0,993,0,0,22,0,109,3313,82324,0,0,0,0
4402,0,0,0,0,0,0,0,0,0,0,0,0,0,0,0,0,0,0,0,0,0,0,0,0,0,0,192,0,0,2293,0,0,0,0,0,0,0,0,0,0,0,0,0,0,0,0,0,0,0,0,0,825,1798,8209,0,0,0,0,0,0,0,0,0,0,0,0,0,0,0,0,0,0,0,0,0,0,0,0,0,0,0,0,0,0,0,0,0,0,0,0,0,0,0,0,0,0,0,0,0,0,0,0,0,0,0,0,0,0,0,0,0
441,0,0,0,0,0,0,0,0,0,0,0,0,0,0,0,0,0,0,0,0,0,0,0,0,0,0,0,0,0,0,0,0,0,45,0,0,0,0,0,0,0,0,0,0,0,0,0,0,0,0,0,0,0,0,12,0,0,0,0,0,0,0,0,0,0,0,0,0,0,0,0,0,0,0,0,0,0,0,101,62,0,8,0,0,0,0,306,61,0,0,0,0,0,0,0,0,0,0,0,0,0,0,0,0,0,0,0,0,0,0,0
442,0,0,0,0,0,0,0,0,0,0,0,0,0,0,0,0,0,0,0,0,0,0,0,0,0,0,0,0,0,0,0,0,0,0,0,0,0,0,0,0,0,0,0,0,187,0,0,0,0,817,1123,0,0,80,0,0,0,0,0,0,5,0,0,0,0,0,0,0,0,0,0,0,0,0,0,0,0,0,0,63,0,0,0,0,0,0,0,0,0,0,0,0,32,538,0,0,0,0,0,0,0,0,0,0,0,0,2662,0,0,0,0
443,0,0,0,0,0,0,0,6,0,0,0,0,0,0,0,0,0,0,0,0,0,0,0,0,0,0,0,0,0,107,0,0,0,2,0,0,0,0,0,10437,0,0,0,0,0,0,0,0,0,0,0,0,0,0,0,0,0,0,84,3,25,0,0,0,0,0,0,6,0,0,0,0,0,0,0,0,0,0,0,55,0,0,388,0,0,0,9,0,0,0,0,0,0,8,0,0,0,0,0,0,0,0,113,4,0,0,0,0,0,0,0
4450,0,0,0,0,0,0,0,216,0,0,0,0,0,0,13,430,0,0,0,0,0,0,0,0,0,0,0,0,16,0,0,0,0,0,0,0,0,0,0,0,0,0,0,0,0,0,0,0,0,0,0,0,0,3,0,0,0,0,0,7,6,98,6316,0,0,0,0,0,0,0,0,0,0,0,6,14,229,0,5,293,0,0,0,0,0,34,136,0,0,0,0,0,0,0,0,0,0,0,6,14,0,0,0,0,0,0,0,0,0,0,0
4478,0,0,0,0,0,0,0,0,0,0,0,0,0,0,31,8,0,13,0,0,0,0,0,0,0,0,0,0,0,0,0,0,0,0,0,0,61,0,0,0,0,0,0,0,52,0,0,0,0,0,0,0,0,0,0,0,0,0,0,0,0,17,4082,0,0,0,0,0,0,5,0,0,0,0,6,0,14,0,156,386,0,0,0,0,0,0,179,7,0,0,0,0,0,0,0,0,0,0,0,0,0,0,0,0,0,0,0,0,0,0,0
448,0,0,0,0,0,0,0,0,0,0,0,0,0,0,0,0,0,0,0,0,0,0,0,0,0,0,41,0,11617,1997,0,0,0,0,0,0,0,0,0,0,0,0,0,0,0,0,0,0,0,0,0,0,0,0,0,0,0,0,0,0,0,0,0,0,0,0,0,0,0,0,0,0,0,0,0,0,0,0,27,213,0,0,0,0,0,0,0,0,0,0,0,0,0,0,0,0,0,0,0,0,0,0,0,0,0,0,0,0,0,0,0
449,0,0,0,0,0,0,0,0,0,0,0,0,0,0,152,0,399,240,22,0,0,0,0,0,0,0,0,0,0,0,0,0,0,0,0,0,0,0,0,0,0,0,0,0,0,0,0,0,0,0,0,0,0,0,0,0,0,0,0,0,0,0,0,0,0,0,0,0,0,0,0,0,0,0,0,0,0,0,0,0,0,0,0,0,0,0,0,0,0,0,0,0,0,0,0,0,0,0,0,0,0,0,0,0,0,0,0,0,0,0,0
4492,0,0,0,0,0,0,0,0,0,0,0,0,0,0,2893,0,0,56,0,0,0,0,0,0,0,0,0,0,0,0,0,0,0,143,0,0,0,0,0,74,0,0,0,0,0,0,0,0,0,0,0,0,0,0,0,0,0,0,0,0,0,0,0,0,0,0,0,0,0,0,0,0,0,0,0,0,0,0,12,31,0,0,79,0,0,0,0,0,0,0,0,0,0,0,0,0,0,0,0,0,0,0,0,0,0,0,0,0,0,0,0
4505,0,0,0,0,0,0,0,4,0,0,0,0,0,0,0,0,0,0,0,0,0,0,0,0,0,0,0,0,0,0,0,0,0,0,0,0,0,0,0,0,0,0,0,0,0,0,0,0,0,0,0,0,0,0,0,0,0,0,43,0,0,0,0,0,0,0,0,8,0,0,0,0,0,0,0,0,0,3,0,0,2,0,0,0,0,0,6,0,0,0,0,0,0,0,0,0,0,0,20,0,0,0,0,0,0,0,0,0,0,0,0
4523,0,0,0,0,0,0,0,972,0,0,0,0,0,0,0,0,0,0,0,0,0,0,0,0,0,0,0,0,0,542,0,0,0,0,0,0,0,0,0,0,0,0,0,0,0,0,0,0,0,0,0,0,0,0,0,0,0,0,375,45,25,0,0,0,0,0,0,0,0,0,0,0,0,0,0,0,0,0,0,0,0,0,0,0,0,0,0,0,0,0,0,0,0,0,0,0,0,0,0,0,0,0,0,0,0,0,0,0,0,0,0
4542,0,0,0,0,0,0,0,0,0,29,0,0,0,0,0,0,3083,0,0,0,0,0,0,0,0,0,253,0,264,39,0,0,0,452,0,0,0,0,16,315,0,0,0,0,0,0,27,6,0,0,0,0,0,0,0,0,0,0,0,0,160,0,0,0,0,0,0,0,0,0,0,0,0,61,0,0,0,0,0,0,21,30,503,0,0,0,0,0,0,0,0,0,0,0,0,0,0,0,0,0,0,0,0,0,0,0,0,0,0,0,0
4577,0,0,0,0,0,0,0,0,0,0,7443,0,0,0,0,0,0,0,0,0,0,0,0,0,0,0,0,0,129,0,0,0,0,0,0,0,0,0,0,0,0,0,0,0,0,0,0,0,0,0,0,0,0,0,0,0,0,0,0,0,0,0,0,0,0,0,0,0,0,0,0,0,0,0,0,0,244,0,0,0,0,0,0,0,0,0,0,0,0,0,0,0,0,0,0,0,0,0,0,31,0,0,0,0,0,0,0,0,0,0,0
4578,0,0,0,0,0,0,0,0,0,0,0,0,0,0,7,770,0,0,8,0,0,0,0,0,0,0,0,0,92,31,0,0,0,0,0,0,0,0,0,0,0,0,0,0,0,0,0,0,0,0,0,0,0,37,0,0,0,0,0,0,759,0,3991,0,0,0,0,0,0,0,0,0,0,0,0,0,102,0,0,0,0,0,0,0,0,0,0,0,0,0,0,0,0,0,0,0,0,0,0,0,0,0,0,0,0,0,0,0,0,0,0
458,0,0,0,0,0,0,31,441,0,0,0,0,0,0,0,0,0,0,0,0,0,0,0,0,0,0,0,0,0,0,0,0,0,0,0,0,0,0,0,0,0,0,0,0,0,0,0,0,0,0,0,0,0,0,56,0,0,0,0,0,0,0,0,0,0,0,0,0,0,0,0,0,0,0,0,0,0,0,0,0,0,0,0,0,0,0,28,0,0,0,0,0,0,0,0,0,0,0,0,0,0,0,0,0,0,0,0,0,0,0,0
4581,0,0,0,146,0,0,0,0,0,0,0,0,0,0,0,0,0,0,0,0,0,0,0,0,0,0,0,0,0,0,0,0,0,0,0,0,0,0,0,0,0,0,0,0,0,0,0,0,0,0,0,0,0,0,0,0,0,0,0,0,0,0,0,235,0,0,0,0,0,0,0,0,0,0,0,0,0,0,0,27,0,0,0,0,0,0,0,39,0,0,0,0,0,0,0,0,0,0,0,0,0,0,0,0,0,0,0,0,0,0,0
4583,0,0,21,635,0,0,105,578,0,0,0,0,0,0,10,0,0,18660,465,0,0,0,0,0,0,2267,829,0,0,52,0,0,0,0,0,23,0,0,0,2926,0,0,0,0,0,8,54,32,0,0,0,0,0,29,0,0,0,0,0,0,0,19,0,0,7,0,0,84,0,34,0,7,67,268,16,0,13,23,447,1619,42,2,139,0,0,0,92,0,0,0,0,0,0,76,0,0,0,0,0,0,0,0,2,0,0,0,352,0,0,0,0
46,0,0,0,0,0,0,252,0,0,0,0,0,0,0,0,0,0,0,0,0,0,0,0,0,0,0,0,0,80,141,0,0,0,0,0,0,0,0,15,0,0,0,0,0,0,0,0,0,0,0,0,0,0,0,0,0,0,0,52,8,0,0,0,0,0,0,0,0,0,0,0,0,0,0,0,0,0,0,0,0,0,0,0,0,0,0,0,360,110,147,0,0,0,0,0,0,0,0,0,0,0,0,0,0,0,0,0,0,0,0,0
463,0,0,0,0,0,0,0,0,0,0,0,0,0,0,0,0,0,0,0,0,0,0,148,0,0,28,36,0,60,22,0,0,0,0,0,8661,0,0,25,100,0,0,0,0,0,0,0,0,0,0,0,0,0,117,0,0,0,165,233,48,11,0,0,0,0,0,0,0,0,0,0,0,70,0,0,0,140,0,0,0,0,0,8529,0,0,0,35,0,0,0,0,0,0,0,0,0,0,0,0,0,0,0,0,0,0,0,0,0,0,0,0
4645,0,0,0,0,0,0,0,0,0,0,0,0,0,0,0,0,0,0,0,0,0,0,0,0,0,0,0,0,0,0,0,0,0,0,0,0,0,0,0,0,0,0,35270,0,0,0,0,0,0,0,0,0,0,0,484,0,0,0,0,0,0,0,0,0,0,0,0,0,0,0,0,0,0,0,0,0,0,0,0,89,0,0,0,0,0,0,0,0,0,0,0,0,0,0,0,0,0,0,0,0,0,0,0,0,0,689,0,0,0,0,0
4646,0,0,0,0,0,0,0,0,0,0,0,0,0,0,25,0,0,106,0,0,0,0,0,0,0,0,0,0,0,0,0,0,0,0,0,0,0,0,0,0,0,0,0,0,83,0,1109,0,0,0,0,0,0,36,0,0,0,0,0,0,0,0,0,156,0,0,0,0,0,0,0,0,0,0,0,0,110,0,0,0,0,0,0,0,0,0,66,603,0,146,0,0,0,0,0,0,0,0,0,0,0,0,0,0,0,0,0,0,0,0,0
4652,0,0,0,0,0,0,0,0,0,0,0,0,0,0,0,0,0,0,0,0,6,0,0,0,0,0,500,0,276,1799,0,0,0,0,0,0,0,0,0,0,0,0,0,0,0,0,0,0,0,0,0,116,325,1170,0,0,0,0,0,0,0,0,0,0,0,0,0,58,0,0,0,0,0,45,0,0,0,0,0,0,0,0,0,0,0,0,38,148,0,0,0,0,0,0,0,0,0,0,0,0,0,0,0,0,0,0,3016,0,0,0,0
4681,0,0,0,0,0,0,0,0,0,0,0,0,0,0,0,0,0,0,0,0,0,0,0,0,0,0,0,0,0,0,0,0,0,0,0,0,0,0,0,0,0,0,0,0,0,0,0,0,0,0,0,0,0,0,0,0,0,0,0,0,0,0,4,0,0,0,0,0,0,0,0,0,0,0,0,0,5,0,102,113,114,0,13,0,0,0,0,0,0,0,0,0,0,0,0,0,0,0,0,0,0,0,0,0,0,0,0,0,0,0,0
47,0,0,0,0,0,0,0,0,0,0,0,0,0,0,0,0,0,0,0,0,0,0,0,0,0,0,0,0,269,190,0,0,0,108,0,0,0,0,0,0,0,0,0,0,0,0,0,0,0,0,0,0,0,0,0,0,0,0,0,0,0,0,0,0,0,0,0,0,0,16397,0,0,2435,297,159,0,314,0,0,0,0,0,0,0,0,0,0,0,0,0,0,0,0,0,0,0,0,0,0,0,0,0,0,0,0,0,0,0,0,0,0
4704,0,0,0,0,0,0,0,2575,0,0,0,0,0,0,0,0,0,0,0,0,0,0,0,0,0,0,0,0,0,0,0,0,0,0,0,0,0,0,0,0,0,0,0,0,0,0,0,0,0,0,0,0,0,0,7,0,0,0,0,0,0,0,0,0,0,0,0,0,0,0,0,0,429,0,0,0,0,0,0,177,0,0,0,0,0,0,0,0,0,0,0,0,0,0,0,0,0,0,0,0,0,0,0,0,0,0,0,0,0,0,0
4707,0,19,0,0,0,0,0,0,0,32,0,0,0,0,0,0,0,0,0,0,0,0,0,0,0,8,12,0,0,6,0,0,0,0,0,0,0,0,0,0,0,0,0,0,0,0,0,0,0,0,0,0,0,0,0,0,0,0,0,0,0,0,0,0,0,0,0,0,0,0,0,0,0,0,0,0,0,0,0,0,0,41,73,0,0,0,0,0,0,0,0,0,0,0,0,0,0,0,0,0,0,0,0,0,0,0,0,0,0,0,0
4715,0,0,0,0,0,0,0,0,0,0,0,0,0,0,0,0,0,0,0,0,0,0,0,0,0,0,0,0,0,0,0,0,0,0,0,0,0,0,0,0,0,0,0,0,0,0,71,114,0,0,0,25,0,0,0,0,0,0,0,0,0,0,0,0,0,0,0,0,0,0,0,0,0,0,0,0,0,0,0,0,0,0,0,0,0,0,42,0,0,0,0,0,0,0,0,0,0,0,0,0,0,0,0,0,0,0,0,0,0,0,0
4717,0,0,0,0,0,0,0,0,0,0,0,0,0,0,0,0,0,0,0,0,0,0,0,0,0,0,0,0,30,24,0,0,0,0,0,0,0,0,0,84,0,0,0,0,0,0,0,0,0,0,0,0,0,0,0,0,0,0,0,0,0,0,0,0,0,0,0,0,0,0,0,0,0,0,0,0,0,0,25,114,34,0,0,0,0,0,0,0,0,0,0,0,0,0,0,0,0,0,0,0,0,0,0,0,0,0,0,0,0,0,0
474,0,0,0,0,0,0,0,0,0,0,0,0,0,0,0,0,0,11899,563,0,0,0,0,0,0,3509,994,0,0,0,0,0,0,9808,0,0,0,0,0,0,0,0,0,0,0,0,0,0,0,0,0,0,0,0,0,0,0,0,0,0,21,7,0,0,15,0,0,0,0,0,0,0,51,448,20,0,0,0,41,2169,1293,0,140,0,0,0,0,0,0,0,0,0,0,0,0,0,0,0,0,0,0,0,16,0,0,0,0,0,0,0,0
4758,0,0,0,0,0,0,0,0,0,0,0,0,0,0,0,0,0,0,0,0,0,0,0,0,0,0,15,0,62,0,0,0,0,0,0,0,0,0,0,0,0,0,0,0,0,0,0,0,0,0,0,0,0,0,0,0,0,0,0,0,0,0,0,0,0,0,0,0,0,0,0,0,0,0,0,0,6897,0,0,0,0,0,3423,0,0,0,0,0,0,0,0,0,0,0,0,0,0,0,0,0,0,0,0,0,0,0,0,0,0,0,0
476,0,0,0,0,0,0,0,0,0,0,0,0,0,0,0,0,0,15,0,0,0,0,0,0,0,0,0,0,9,335,0,0,0,0,0,0,0,0,0,0,0,0,0,0,0,0,0,0,0,0,0,0,0,0,0,0,0,0,0,0,0,0,0,0,0,0,0,0,0,55,0,0,0,0,0,0,0,0,0,0,0,0,0,0,0,0,0,0,0,0,0,0,0,0,0,0,0,0,9,62,0,0,32,0,0,0,0,0,0,0,0
4771,0,0,0,0,0,0,0,0,0,0,1116,0,0,0,0,0,0,0,0,0,0,0,0,0,0,0,0,0,0,0,0,0,0,0,0,0,0,0,0,0,0,0,0,0,0,0,0,0,0,0,0,0,0,0,0,0,0,0,0,0,0,0,0,0,0,0,0,0,0,0,0,0,2660,195,232,0,0,0,0,0,0,0,0,0,0,0,0,0,0,0,0,0,0,0,0,0,0,0,0,0,0,0,0,0,0,0,0,0,0,0,0
4779,0,0,0,0,0,0,0,0,0,0,0,0,0,0,0,0,0,0,0,0,0,0,0,0,0,0,0,0,0,0,0,0,0,0,0,0,0,0,8,4,0,0,0,0,0,0,0,0,0,0,0,0,0,0,0,0,0,0,0,0,0,0,0,0,0,0,0,0,0,0,0,0,0,0,0,0,0,0,47808,71093,0,0,0,0,0,0,0,0,0,0,0,0,0,0,0,0,0,0,0,0,0,0,0,0,0,0,0,0,0,0,0
4787,0,0,0,0,0,0,0,0,0,0,0,0,0,0,0,17,0,0,0,0,0,0,0,0,0,0,0,0,0,7,0,0,0,0,0,0,0,0,0,0,0,0,0,0,0,0,0,0,0,0,0,0,0,0,0,0,0,0,0,0,8,0,0,0,0,0,0,0,0,18,2433,0,0,0,0,0,6,0,40,29,0,0,0,0,0,0,0,0,0,0,0,0,14,0,0,0,0,0,0,0,0,0,0,0,0,0,0,0,0,0,3
4798,0,0,378,0,0,0,0,0,0,43,0,0,0,0,0,0,0,253,0,0,0,0,0,0,0,0,0,0,0,0,0,0,0,0,0,0,0,0,0,0,0,0,0,0,0,0,0,0,0,0,0,0,0,0,0,0,0,0,0,0,0,0,0,0,0,0,0,0,0,0,0,0,0,0,0,0,0,0,0,0,0,0,0,0,0,0,0,0,0,0,0,0,0,0,0,0,0,0,0,389,0,0,0,0,0,0,0,0,0,0,0
48,0,0,0,0,0,0,619,0,0,23,0,0,142,0,0,0,885,0,0,0,0,0,0,0,0,0,0,0,277,32,0,0,0,0,0,0,0,0,0,117,0,0,0,0,0,0,0,0,0,0,0,0,0,0,2318,133,0,0,0,0,0,0,0,0,0,0,0,0,0,0,0,0,0,281,24,0,0,0,0,0,0,0,0,0,0,0,0,0,0,0,0,0,0,0,0,0,0,0,0,0,0,0,0,0,0,0,0,0,0,0,0
4836,0,0,0,0,0,0,0,0,0,0,0,0,0,0,0,0,0,0,0,0,0,0,0,0,0,0,0,0,0,168,0,0,0,0,0,0,0,0,18,0,0,0,0,0,0,0,0,0,0,0,0,0,0,0,0,0,0,0,0,0,0,0,0,0,0,0,0,10,0,0,0,0,0,11,0,0,0,0,0,0,0,0,0,0,0,0,0,0,0,0,0,0,0,0,0,0,0,0,0,0,0,0,0,0,0,0,0,0,0,0,0
4856,0,0,0,0,0,0,0,0,0,0,0,0,0,0,0,0,0,0,0,0,18,0,14,0,0,0,0,0,0,0,0,0,0,0,0,0,0,0,0,0,0,0,0,0,0,0,0,0,0,0,0,0,0,0,0,0,0,0,0,0,0,0,0,0,0,0,0,0,0,0,0,0,0,166,25,0,0,0,0,0,0,0,0,0,0,0,0,0,0,0,0,0,0,0,0,0,0,0,0,0,0,0,0,0,0,0,0,0,0,0,0
487,0,0,0,0,0,0,0,0,0,0,0,0,0,0,153,0,82,180,22,0,0,0,0,0,0,0,0,0,0,0,0,0,0,0,0,0,0,0,0,0,0,0,0,0,0,0,0,0,0,0,0,0,0,0,0,0,0,0,0,0,0,0,0,0,0,0,0,0,0,0,0,0,0,0,0,0,0,0,0,103,0,0,0,0,0,0,0,0,0,0,0,0,0,0,0,0,0,0,0,0,0,0,0,0,0,0,0,0,0,0,0
490,0,0,0,0,0,0,0,44,0,0,0,0,0,0,0,0,0,0,0,0,0,0,0,0,0,0,0,0,0,0,0,0,0,0,0,0,0,0,83,90,0,0,0,0,0,0,0,0,0,0,0,0,0,0,0,0,0,0,0,0,0,0,0,0,0,0,0,0,0,91,0,0,0,0,0,0,0,0,0,0,98,0,6,0,0,0,0,292,37,150,0,0,0,53,0,0,0,0,0,0,0,0,0,0,0,0,0,0,0,0,0
491,0,0,0,0,0,0,0,383,0,0,0,0,0,0,0,0,0,0,0,0,0,0,0,0,0,0,0,0,0,0,0,0,0,0,0,0,0,0,51,186,0,0,0,0,0,0,0,0,0,0,0,0,0,0,0,0,0,0,0,0,0,0,0,0,0,0,0,0,0,62,0,0,0,0,0,0,0,0,0,0,108,0,0,0,0,0,0,0,0,0,0,0,0,0,0,0,0,0,0,0,0,0,0,0,0,0,0,0,0,0,0
4914,0,0,0,0,0,0,0,0,0,0,0,0,0,0,0,0,0,0,51,0,0,0,0,0,4,0,0,0,0,0,0,0,0,0,0,0,0,0,0,0,0,0,0,0,0,10,0,0,0,0,0,0,0,0,0,0,0,0,59,0,0,0,0,0,0,0,0,0,112,0,0,0,0,0,0,0,0,0,0,428,291,14,229,0,0,0,35,0,0,0,0,0,0,12,0,0,3,0,0,0,0,16,0,0,0,0,0,0,0,0,0
4932,0,0,0,0,0,0,0,0,0,9,0,0,0,0,0,0,0,0,0,0,0,0,0,0,0,0,0,0,6,255,0,0,0,0,0,0,0,0,0,0,0,0,0,0,0,0,0,0,0,0,0,0,0,0,0,0,0,0,0,0,0,0,0,0,0,0,0,0,0,18,11,0,2,91,0,0,0,16,0,0,0,5,7,0,0,0,103,0,0,0,0,0,0,0,0,0,0,0,0,29,0,0,0,0,0,0,0,0,0,0,0
497,0,0,0,0,0,0,0,0,0,0,0,0,0,0,0,0,0,127,12,0,0,0,0,0,0,0,0,0,0,8,0,0,0,0,0,0,0,0,0,0,0,0,0,0,0,0,0,0,0,0,0,0,0,25,0,0,0,0,245,12,0,0,0,0,0,0,380,17,0,14,0,0,0,78,0,0,0,0,0,0,0,0,0,0,0,0,0,192,30,12,0,0,0,0,0,0,0,0,0,0,0,0,0,0,0,0,0,0,0,0,0
498,0,0,0,0,0,0,0,0,0,0,0,0,0,0,0,0,0,0,0,0,0,0,0,0,0,0,0,0,0,0,0,0,0,22,0,6,0,0,0,0,0,0,0,0,0,0,0,0,0,0,0,0,0,0,0,0,0,0,0,0,0,0,23,0,0,0,0,0,0,121,0,0,0,70,10,15,0,0,0,1058,0,0,0,0,0,0,0,0,0,0,0,0,0,0,0,0,0,0,0,0,0,0,0,0,0,0,0,0,0,0,0
4980,0,0,0,0,0,0,135,0,0,0,0,0,0,0,0,0,0,11094,1400,0,0,0,36,0,0,0,0,0,0,0,0,0,0,0,0,0,0,0,0,0,0,0,0,0,0,0,49,221,0,0,0,0,0,195,0,0,0,0,0,0,70,0,0,0,0,0,0,0,0,0,0,2234,0,0,0,0,0,0,0,2121,755,2265,662,0,0,0,0,0,0,0,0,0,0,0,0,0,0,0,0,0,0,0,335,17,0,0,0,0,0,0,0
5,0,0,159,10346,1321,0,354,74,0,48,0,0,0,0,335,96,87,53718,2242,0,79,0,98,0,0,6235,2169,0,17,3311,0,0,0,25,0,16,57,0,112,14426,0,0,255,0,612,77,29,16,0,0,0,257,907,6505,50,0,0,0,41,91,613,6,349,0,88,0,0,305,1114,21534,48201,0,191,1936,44,64,8423,183,869,11177,392,1754,2318,0,0,24,341,1335,0,0,0,8,39,78,0,0,0,0,0,2145,0,0,2232,30,0,0,1186,5,2,0,0
50,0,0,0,0,0,0,0,348,0,73,0,0,0,0,0,0,0,277,52,0,0,0,0,0,0,0,0,0,163,28,16,0,0,339,0,0,0,0,46,19379,0,0,0,0,0,0,0,84,0,0,0,0,0,319,0,0,150,32,0,0,0,0,0,0,0,0,0,32,0,17463,0,0,112,472,16,0,31,0,32533,54837,7686,1175,1592,0,0,0,11,36,0,0,0,0,0,0,0,0,0,0,0,0,0,0,0,0,0,0,0,0,0,0,22
501,0,0,350,0,0,0,170,0,0,0,0,0,0,0,0,0,0,0,0,0,0,0,0,0,0,0,0,0,0,7,0,0,0,11,0,0,0,0,0,0,0,0,1029,0,0,0,6,0,0,0,0,0,0,0,0,0,0,0,0,0,0,0,0,0,0,0,0,0,0,0,9,0,0,50,0,0,0,0,0,0,0,0,0,0,0,0,0,2,4,0,0,0,0,17,15,0,0,0,0,69,0,0,801,27,0,0,0,0,0,0,0
5034,0,0,0,0,0,0,0,0,0,0,0,0,0,0,0,0,0,0,0,0,0,0,0,0,0,0,0,0,0,29,0,0,0,0,0,5,2,0,0,30,0,0,0,0,0,0,0,0,0,0,0,0,0,0,0,0,0,0,0,0,0,0,0,0,0,0,0,0,0,0,0,0,0,0,0,0,0,0,0,0,0,0,0,0,0,0,0,122,0,0,0,0,0,0,0,0,0,0,0,0,0,0,0,0,0,0,0,0,0,0,0
505,0,0,0,0,0,0,0,0,0,0,0,0,4,0,0,0,0,0,0,0,0,0,0,0,0,0,103,0,5288,12000,0,0,0,0,0,0,0,0,0,35,0,0,0,0,0,0,0,0,0,0,0,0,0,0,0,0,0,0,0,0,0,0,0,0,0,0,0,0,0,0,0,0,2945,246,180,0,0,0,0,0,33,0,0,0,0,0,0,0,0,0,0,0,0,0,0,0,0,0,0,0,0,0,0,0,0,0,0,0,0,0,0
5053,0,0,0,0,0,0,0,0,0,0,0,0,0,0,0,0,0,18447,310,0,0,0,0,0,0,847,617,0,0,0,0,0,0,0,0,0,0,0,0,0,0,0,0,0,0,0,0,0,0,0,0,0,0,0,0,0,0,0,0,0,0,0,0,0,15,0,0,0,0,0,0,0,41,298,0,0,0,0,0,0,0,0,0,0,0,0,0,0,0,0,0,0,0,0,0,0,0,0,0,0,0,0,0,0,0,0,0,0,0,0,0
506,0,0,0,0,0,0,0,0,0,0,0,0,0,0,0,0,0,0,0,0,0,0,43278,0,0,0,311,0,22,0,0,0,0,0,0,0,0,0,12184,21849,0,0,43045,0,0,0,0,0,0,0,0,0,9,1595,0,0,0,0,0,0,0,0,0,0,0,0,0,0,0,0,1716,0,0,511,0,0,0,0,16,156,0,0,0,0,0,0,0,0,0,0,0,0,33,149,0,0,0,0,0,0,0,0,0,137,0,0,723,0,0,0,0
5073,0,0,0,0,0,0,42,0,0,22611,1057,0,73,3,92,0,0,32,104,0,0,0,0,0,0,0,199,0,295,43,0,0,0,0,0,0,294,0,761,0,0,0,121,0,0,194,31,144,0,0,0,0,0,224,1378,93,0,0,0,0,67,0,0,0,0,0,0,44,412,92,41,0,0,0,0,0,0,0,72,1844,94,10,391,0,0,0,451,0,0,0,0,0,0,0,0,0,0,0,0,68,0,0,597,277,99,3899,24559,0,0,0,0
509,0,0,0,0,0,0,0,0,0,0,0,0,0,0,0,0,0,0,0,0,0,0,0,0,0,0,0,0,0,0,0,0,52,38,0,0,0,0,0,0,0,0,0,0,0,0,0,0,0,0,0,0,0,0,0,0,0,0,0,0,0,23,0,0,0,0,0,0,0,0,0,0,0,0,0,0,0,0,0,1060,0,0,0,0,0,0,0,0,0,0,0,0,0,0,0,0,0,0,0,0,0,0,328,0,0,0,0,0,0,0,0
51,0,0,0,0,0,0,51,137,0,8,0,0,12,0,22,0,20,13,0,0,0,0,0,0,9,3,0,0,0,12,0,0,0,14203,0,130,723,0,50,112,0,0,0,0,112,0,0,0,0,0,0,0,0,0,0,0,0,0,35,0,0,2,13,0,0,0,0,82,145,0,119,565,0,39,0,0,64,0,0,104,18,7,12,0,0,0,448,1189,0,327,0,0,0,730,0,0,0,0,0,11,0,0,15,0,0,0,0,0,0,0,0
511,0,0,0,0,0,0,11492,0,0,0,571,0,0,0,52,0,616,0,0,0,0,0,0,0,0,0,0,0,0,0,16,0,1419,1116,0,0,273,0,0,0,0,0,0,0,248,2,0,0,0,0,0,0,0,0,0,0,0,0,201,24,0,0,0,0,0,0,0,0,0,335,0,0,0,0,0,0,0,18,21,905,23,0,0,0,0,0,0,0,0,0,0,0,0,34,0,0,0,0,0,0,0,85,0,0,0,0,0,0,0,0,0
5110,0,0,835,0,0,0,0,0,0,0,0,0,0,0,0,0,0,1412,2070,0,0,0,15,0,0,0,0,0,34,0,0,0,0,0,0,0,0,0,0,850,0,0,0,0,0,0,0,0,0,0,0,0,0,0,0,0,0,0,46,0,0,0,0,0,0,0,0,0,0,0,0,0,0,5,0,0,0,0,0,186,0,0,39,0,0,0,0,0,0,0,0,0,0,0,0,0,0,0,0,0,0,0,0,54,0,0,0,0,0,0,0
5131,0,0,0,0,0,0,0,0,0,0,0,0,0,0,0,0,0,60997,1208,0,0,0,0,0,0,13801,3582,0,0,0,0,0,0,0,0,0,0,0,59,2314,0,0,0,0,0,0,0,0,0,0,0,0,0,0,0,0,0,0,0,0,0,0,0,0,291,0,0,0,0,0,0,0,186,1573,18,0,0,0,0,0,0,0,0,0,0,0,0,0,0,0,0,0,0,0,0,0,0,0,0,0,0,15,0,0,0,0,0,0,0,0,0
514,0,0,0,0,0,0,0,118258,0,844424,0,0,103581,704,385363,85456,345098,363053,93922,0,81662,20072,1914,45541,27316,392152,178052,195,420057,1715044,0,0,0,2463,0,28369,104532,713,1643,67931,0,61,575,0,0,0,430,265,0,213,0,117606,830,253488,522863,1458434,137223,866958,0,238,2254,753,166615,0,644546,0,0,16880,104481,838,4949,0,468870,557752,517938,0,513065,0,0,1302,527408,164177,541038,0,0,0,0,775280,326060,1142051,0,0,0,0,0,114,0,44750,0,219813,0,116,38421,1518343,167,16487,7104,0,0,26,0
5158,0,0,0,0,0,0,0,0,0,0,0,0,0,0,0,0,0,0,0,0,0,0,62,0,0,0,0,0,64,10675,0,0,0,0,0,0,0,0,0,6491,0,0,0,0,0,0,0,0,0,0,0,0,0,0,0,0,0,228,0,0,0,0,0,0,0,0,0,0,0,0,0,0,0,0,0,0,0,0,0,68,706,15720,383,0,0,0,0,0,0,0,0,0,0,0,0,0,0,0,0,16,0,0,0,28,0,7483,876,0,0,0,0
5163,0,0,0,0,0,0,0,0,0,0,0,0,0,0,0,0,0,0,0,0,0,0,0,0,0,0,0,0,0,0,0,0,0,0,0,0,0,0,0,178,0,0,0,0,0,0,0,0,0,0,0,0,0,0,0,0,0,0,0,0,0,0,0,0,0,0,0,0,0,0,0,0,0,0,0,0,0,0,0,1274,0,2144,895,0,0,0,0,0,0,0,0,0,0,0,0,0,0,0,0,70,0,0,0,0,0,0,0,0,0,0,0
518,0,0,0,0,0,0,0,0,0,0,0,0,0,0,0,0,0,162,0,0,0,0,0,0,6,0,0,0,0,0,0,0,0,0,0,0,0,0,215,105,0,0,0,0,0,0,0,0,0,0,0,0,0,0,61,0,0,0,0,0,0,0,0,0,0,0,0,0,0,0,28,1807,68,4,0,0,0,0,0,0,0,0,0,0,0,0,0,0,0,0,0,0,0,0,0,0,0,0,0,0,0,0,0,0,0,0,0,0,0,0,0
52,0,0,0,0,0,0,1914,25,0,74,0,0,0,0,0,0,15,0,0,0,0,0,0,0,0,0,0,0,256,394,0,0,0,2399,0,0,0,0,49,0,0,0,0,0,0,0,0,0,0,0,0,0,0,0,13,0,0,0,334,75,27,0,0,0,0,0,0,0,0,0,0,0,0,217,21,0,205,0,0,0,0,0,0,0,0,0,0,0,0,0,0,0,0,12,0,0,0,0,0,0,0,0,0,0,0,0,0,0,0,0,0
521,0,0,0,0,0,0,0,0,0,0,0,0,0,0,25,0,0,25,200,0,0,0,0,0,0,0,0,0,0,0,0,0,0,0,0,0,0,0,0,0,0,0,0,0,62,0,7,0,0,0,0,0,0,0,0,359,0,0,0,0,0,0,294,0,0,0,0,0,0,4573,0,0,0,0,0,0,0,0,0,850,0,0,0,0,0,0,153,39,0,0,0,0,0,0,0,0,0,0,0,10,0,0,0,0,0,0,0,0,0,0,0
5223,0,0,0,0,0,0,0,0,0,0,0,0,0,0,9,0,0,0,19,0,0,0,0,0,0,0,0,0,0,0,0,0,0,0,0,0,0,0,0,0,0,0,0,0,0,0,0,0,0,0,0,0,0,0,0,0,0,0,0,0,0,0,0,0,0,0,0,0,0,0,53,0,0,0,0,0,0,0,11,24,6,0,0,0,0,0,0,0,0,0,0,0,0,0,0,0,0,0,0,0,0,0,0,0,0,0,0,0,0,0,0
524,0,0,0,0,0,0,0,0,0,0,0,0,0,0,0,328,0,6,0,0,0,0,0,0,0,0,0,0,0,0,0,0,0,0,0,0,0,0,0,0,0,0,0,0,0,0,0,0,0,0,0,0,0,52,0,0,0,0,0,0,9,0,7225,0,0,0,0,0,0,0,0,0,0,0,0,0,684,0,0,0,0,0,0,0,0,0,0,0,0,0,0,0,0,0,0,0,0,0,0,0,0,0,0,0,0,0,0,0,0,0,0
5240,0,0,0,0,0,0,0,74,0,175,0,0,0,0,0,0,0,0,0,0,0,0,0,0,9852,0,2570,0,7052,201,0,0,0,0,0,0,0,0,521,654,0,0,0,0,0,0,0,0,0,0,0,0,0,0,82934,23482,38696,3342,0,0,0,0,0,0,0,0,0,0,0,140,41,701865,1554,476,0,0,2358,0,2322,215,71,0,0,0,0,0,0,0,0,0,0,0,0,1997,0,0,0,0,0,0,0,0,0,0,0,0,0,0,0,0,0
525,0,0,0,0,0,0,0,0,0,0,0,0,0,0,0,0,0,0,0,0,0,0,0,0,0,0,0,0,0,0,0,0,0,0,0,0,0,0,0,0,0,0,0,0,12,0,0,0,0,0,0,0,2,0,0,0,0,0,0,0,0,0,294,0,0,0,0,0,0,0,0,0,0,0,0,0,0,0,0,0,0,0,0,0,0,0,23,0,0,0,0,0,0,0,0,0,0,0,0,0,0,0,0,0,0,0,0,0,0,0,0
530,0,0,0,0,0,0,0,0,0,0,0,0,0,0,125,0,0,0,0,0,0,0,0,0,0,0,0,0,0,0,0,0,0,0,0,0,0,0,0,0,0,0,0,0,0,0,0,0,0,0,0,0,0,599,0,0,0,0,0,0,0,23,0,0,0,0,0,0,0,0,0,0,0,26,0,0,0,0,0,0,0,0,0,0,0,0,0,0,0,0,0,0,0,0,0,0,0,0,0,0,0,0,0,0,44,147,0,0,0,0,0
5302,0,0,0,0,0,142248,0,0,0,2292,0,0,0,0,918,176917,16184,1279,506,0,0,0,480,0,0,98,57,0,7427,4402,0,0,0,43929,0,0,0,0,0,415,0,0,0,0,0,8,64,135,0,0,0,135,303,1441,0,333,0,0,0,8202,1992,1221,12,0,1300,0,0,66,0,11569,2266,0,1944,234,86,0,0,0,536,5814,2838,55774,10125,91,49642,0,97,1704,15996,25409,3342,99,251,1558302,0,9299,0,0,0,302,0,0,1042,335,0,0,0,0,0,0,0
531,0,0,46,0,0,0,0,0,0,0,0,0,0,0,0,0,0,0,0,0,281,0,0,0,0,0,0,0,3182,551,0,0,0,61,0,0,0,0,0,97,0,8,0,0,0,0,24,0,0,0,0,0,0,0,0,0,0,0,56,0,0,0,0,0,0,0,0,0,0,0,0,0,0,0,0,15,4,149,28,0,103,0,8,0,0,0,0,0,0,0,0,0,0,66,0,0,0,0,0,0,0,0,0,0,0,0,0,0,0,0,0
533,0,94,47,0,0,0,0,333,0,55,0,0,0,0,324,382,0,0,24,0,0,0,0,0,0,154,59,0,175,433,0,0,69,210,26,2806,64,0,101,400,0,0,0,0,635,253,189,252,0,0,0,0,0,24,37,0,0,0,0,0,25,50,14069,0,0,0,0,367,0,453,19,2711,0,184,0,0,228,0,380,4577,42,85,490,0,0,0,754,0,0,0,0,0,0,102536,0,0,0,0,28,322,0,0,122,38,0,0,0,0,0,0,0
5339,0,0,0,0,0,0,0,0,0,0,0,0,0,0,0,0,0,214,0,0,0,0,0,0,0,0,0,0,17,0,0,0,0,0,0,0,0,0,0,0,0,0,0,0,0,0,0,0,0,0,0,0,0,0,407,0,0,0,0,0,0,100,0,0,0,0,0,0,0,0,0,0,0,0,0,0,0,0,0,0,0,0,0,0,0,0,0,0,0,0,0,0,0,0,0,0,0,0,0,0,0,0,0,0,0,0,0,0,0,0,0
5377,0,0,0,0,0,0,0,80,0,27,0,0,0,0,0,0,37,5,5,0,0,0,2,0,0,0,0,0,0,0,0,0,0,0,0,44,0,0,0,0,0,0,0,0,0,0,19,43,0,0,0,0,0,0,0,0,0,3,0,0,0,0,0,0,0,0,0,139,0,28,59,0,0,0,0,0,0,0,0,0,0,0,0,0,0,0,0,0,0,0,0,0,0,17,0,0,0,0,0,0,0,0,0,0,0,0,0,0,0,0,0
538,0,0,0,0,0,0,0,0,0,0,0,0,0,0,23,286,309,337,63,0,0,0,0,0,0,0,51,0,0,47,0,0,0,3684,0,0,0,0,147,5697,0,18,0,0,0,0,0,0,0,0,0,0,0,0,4528,0,0,0,0,0,0,72,0,0,0,0,0,76,2524,69,40497,0,42,0,0,0,0,0,0,1656,110,0,0,0,0,0,0,0,0,0,0,0,49,0,0,0,0,4,0,79,0,0,0,0,0,0,0,0,0,0,0
540,0,0,0,0,0,0,0,0,0,0,0,0,0,0,0,0,0,0,0,0,0,0,0,0,0,0,0,0,0,0,0,0,0,10,0,0,0,0,0,12,0,0,0,0,0,0,0,0,0,0,0,0,0,0,0,0,0,0,0,0,0,0,0,0,0,0,0,0,0,0,0,0,0,0,0,0,0,0,0,16,0,0,8,0,0,0,0,0,0,0,0,0,0,0,0,0,0,0,0,0,0,0,0,0,0,0,0,0,0,0,0
541,0,0,34,0,0,0,0,224,0,0,0,0,0,0,104,1001,0,0,32,0,0,0,0,0,0,17,0,0,127,43,0,0,111,329,0,43,8,0,35,305,0,0,0,0,38,65,35,28,0,0,0,0,0,22,0,0,0,0,0,10,0,53,18674,0,0,0,0,25,0,111,0,365,0,46,0,11,208,14,366,1729,14,0,0,0,0,0,221,0,0,0,5,0,0,32,0,0,0,0,0,88,0,0,20,12,0,0,0,0,0,0,0
5413,0,0,0,0,0,0,0,0,0,0,0,0,0,0,0,0,0,0,0,0,0,0,0,0,0,0,0,0,0,0,0,0,0,0,0,0,0,0,0,0,0,0,29,0,0,0,0,0,0,3128,37369,77,402,179,0,0,0,0,0,0,14,0,0,0,0,0,0,0,0,0,0,0,0,0,0,0,0,0,0,0,0,0,0,0,0,0,0,0,0,0,0,0,0,0,0,0,0,0,0,0,0,0,0,0,0,0,1806,0,0,0,0
5429,0,0,0,0,0,0,0,0,0,0,0,0,0,0,0,0,0,0,0,0,0,0,11693,0,0,0,0,0,405,56498,0,0,0,0,0,0,0,0,49376,27732,0,0,0,0,0,0,0,0,0,0,0,0,0,206,0,0,0,0,0,0,0,0,0,0,0,0,0,0,0,23,910,0,679,37,97,0,0,0,0,0,0,0,0,0,0,0,0,0,0,0,0,0,0,0,0,0,0,0,0,24,0,0,0,67,0,0,0,0,0,0,0
544,0,0,0,0,0,0,0,0,0,0,0,0,19,0,0,0,0,0,188,0,0,0,53,0,0,0,0,0,336,50,0,0,0,0,0,268,0,0,23,105,0,0,0,0,1072,0,35,191,0,0,0,0,0,0,0,0,0,0,0,0,0,0,31,0,0,0,0,0,0,265,12,0,0,227,0,0,0,0,936,2081,42,3589,673,0,0,0,43,0,0,0,0,0,0,0,0,0,0,0,0,56,0,0,1164,77,0,0,0,0,0,0,0
547,0,0,0,0,0,0,0,0,0,26,0,0,0,0,0,0,0,0,0,0,0,0,0,0,0,0,27,0,3498,661,0,0,0,1317,0,0,0,0,0,281,0,0,0,0,0,0,0,0,0,0,0,0,0,0,0,0,0,0,0,0,0,0,0,0,0,0,0,0,0,39,0,0,0,0,0,0,0,0,0,0,122,0,0,0,0,0,0,0,0,0,0,0,0,0,0,0,0,0,0,0,0,0,0,0,0,0,0,0,0,0,0
5493,0,0,0,0,0,0,0,0,0,0,0,0,0,0,0,0,0,764,572,0,0,0,0,0,0,0,0,0,0,335,0,0,0,0,0,17,0,0,0,0,0,0,0,0,0,0,0,0,0,0,0,0,0,0,0,0,0,0,0,0,0,0,0,0,0,0,29769,190,0,78,0,0,0,0,0,0,0,0,0,5059,0,13212,2548,0,0,0,0,0,0,0,0,0,0,0,0,0,0,0,0,0,0,0,0,0,0,0,0,0,0,0,0
55,0,0,0,0,0,0,543,0,0,0,0,0,0,0,0,0,0,0,0,0,0,0,0,0,0,0,0,0,0,114,0,18,0,0,0,0,0,0,0,0,0,0,0,0,0,0,0,0,0,0,0,0,0,0,0,0,0,0,560,36,6,0,0,0,0,0,0,0,0,5,0,0,0,0,0,0,0,0,0,0,0,0,29,0,0,0,0,0,0,0,0,0,0,0,0,0,0,0,0,0,0,0,0,0,0,0,0,0,0,0,0
5555,0,0,0,0,0,0,115,293,0,33,0,44,0,0,0,0,0,0,0,0,0,0,0,0,0,298,97,0,0,341,0,0,0,0,0,0,21,0,0,0,0,0,0,0,0,0,0,0,0,0,0,0,0,0,0,0,0,0,0,0,0,0,26,0,0,0,0,0,0,0,0,0,0,0,0,0,243,0,0,0,0,0,0,0,0,0,0,0,0,0,0,0,0,0,0,0,0,0,0,0,0,0,0,0,0,0,0,0,0,0,0
5558,0,8,0,0,0,0,0,0,0,0,0,0,0,0,0,0,0,0,0,0,5,0,0,0,0,0,0,0,0,14,0,0,0,75,0,0,0,0,0,0,0,0,0,0,0,0,0,0,0,0,0,0,0,0,0,5,0,0,46,0,0,0,0,0,0,0,0,0,0,0,0,0,0,0,0,0,0,0,0,0,0,0,0,0,0,0,0,0,0,0,0,0,0,0,0,0,0,0,0,0,0,0,0,0,0,0,0,0,0,0,0
556,0,60,0,0,0,0,0,127,0,26,0,0,0,0,107,826,0,28,62,0,0,0,0,0,0,58,26,0,0,54,0,0,18,16,5,93,0,0,18,44,0,0,0,0,0,107,21,8,0,0,0,0,0,21,3,0,0,0,6,14,20,91,12648,0,0,0,0,206,913,243,19,584,0,33,0,8,444,0,309,1798,41,44,204,0,0,0,331,0,0,0,0,0,0,7,0,0,0,0,0,185,0,0,0,20,0,23,0,0,0,0,0
5577,0,0,377,0,0,0,478,534,0,0,0,0,0,0,0,0,0,100,119,0,0,0,0,0,0,0,0,0,0,0,0,0,0,0,0,0,1477,0,0,0,0,0,0,0,0,0,0,0,0,4059,39373,59,463,204,0,0,237,0,0,0,0,0,0,0,0,0,0,0,0,0,0,0,0,0,0,0,0,0,278,8115,0,0,32,0,0,0,0,0,0,0,0,0,0,0,0,14,0,0,0,0,0,0,0,0,0,0,11504,0,0,0,0
559,0,0,0,0,0,0,0,137,0,0,0,0,0,0,0,0,0,0,0,0,0,0,0,0,0,0,0,0,5706,1559,0,0,0,722,0,0,0,0,0,31,0,0,0,0,0,0,0,0,0,0,0,0,0,0,0,0,0,0,0,0,0,0,0,0,0,0,0,0,0,0,0,0,0,0,0,0,0,0,0,234,30,0,5,0,0,0,0,78,0,0,0,0,0,0,0,0,0,0,0,0,0,0,0,0,0,0,0,0,0,0,0
56,0,0,0,0,0,0,0,0,0,0,0,0,0,0,0,0,0,0,0,0,0,0,0,0,0,0,0,0,0,0,0,0,0,14,0,22,0,0,0,0,0,0,0,0,0,0,0,0,0,0,0,0,0,0,12,0,0,0,327,0,66,12,49,0,0,0,0,13,0,0,0,0,0,0,0,0,0,0,2,0,110,0,25,0,0,0,29020,0,0,0,0,0,0,0,0,0,0,0,0,0,0,0,0,0,0,0,0,0,0,0,176
5602,0,0,0,0,0,0,0,0,0,0,0,0,0,0,0,0,0,0,0,0,0,0,0,0,0,0,0,0,0,47,0,0,0,0,0,0,0,0,0,0,0,0,0,0,0,0,0,0,0,0,0,0,0,0,0,0,0,0,0,0,0,0,0,0,0,0,0,0,0,0,0,0,0,0,0,0,0,0,2,132,0,0,0,0,0,0,32,0,0,0,0,0,0,0,0,0,0,0,0,0,0,0,0,0,0,0,0,0,0,0,0
561,0,0,0,0,0,0,0,0,0,24,0,0,0,0,0,0,0,415,578,0,0,0,0,0,0,6087,632,0,0,1469,0,1314,0,260,0,0,0,0,37,2221,0,0,0,0,20376,12907,4147,12779,0,0,0,0,0,0,0,0,227,11,0,0,0,0,0,0,0,0,0,0,0,207,0,0,28,79,0,0,0,0,0,0,0,0,6995,0,0,0,0,0,0,0,0,0,0,0,0,0,0,0,0,0,0,0,0,0,0,0,0,0,0,0,0
5616,0,0,79,0,0,0,0,0,0,134774,0,0,166,0,202,0,917,232,205,0,0,0,0,0,0,0,0,0,0,0,0,0,0,0,0,0,3431,0,0,157,0,0,0,0,0,0,0,0,0,0,0,0,0,0,0,0,0,0,0,0,0,0,0,0,0,0,0,0,0,0,35,21,0,0,0,0,0,0,59,126,0,0,0,0,0,0,0,0,0,0,0,0,0,0,0,0,0,0,0,0,0,0,0,0,0,0,0,0,0,0,0
563,0,0,0,0,0,0,0,0,0,0,0,0,0,0,0,0,0,0,0,0,0,0,0,0,0,0,0,0,9,60,0,438,0,0,0,0,0,0,0,0,0,0,0,0,10223,3689,1520,4810,0,0,0,0,0,0,0,0,0,0,0,0,0,0,234,0,1148,0,0,0,0,0,0,0,74,66,0,0,0,0,0,0,0,0,0,0,0,0,0,0,0,0,0,0,0,0,0,0,0,0,0,0,0,0,0,0,0,0,0,0,0,0,0
5635,0,0,0,0,0,0,0,0,0,0,0,0,0,0,0,0,0,0,0,0,0,0,0,0,0,0,0,0,0,0,0,0,0,0,0,0,0,0,0,0,0,0,0,0,0,0,0,14,0,0,0,0,0,0,0,0,0,0,0,0,0,0,0,0,0,0,0,0,0,12,0,0,0,15,0,0,0,0,0,28,0,0,0,0,0,0,0,0,0,0,6,0,0,0,0,0,0,0,0,0,0,0,0,0,0,0,0,0,0,0,0
5653,0,0,0,0,0,0,0,0,0,0,0,0,0,0,0,0,0,0,0,0,0,0,0,0,0,0,0,0,0,0,0,0,0,11,0,0,0,0,0,0,0,0,0,0,0,0,0,0,0,0,0,0,0,0,0,0,0,0,0,0,0,0,0,0,0,0,0,0,0,176,0,0,0,83,0,0,14,0,0,0,0,0,0,0,0,0,0,0,0,0,0,0,0,0,0,0,0,0,0,0,0,0,0,0,0,0,0,0,0,0,0
5668,0,35,0,0,0,0,0,49,0,2595,5204,0,0,0,0,0,828,346,123,0,0,0,0,0,0,0,0,0,4774,1181,0,0,0,36495,0,0,0,0,0,0,0,185,0,0,0,0,0,0,0,0,0,0,21,1399,0,0,0,0,43,282,38,0,111,0,531,0,0,911,0,4934,964,4246,152,2138,0,0,261,0,0,0,195,23482,3483,0,0,0,24,0,0,0,0,0,0,0,0,0,0,0,0,39,0,0,564,496,0,0,0,0,0,0,0
57,0,0,0,0,0,0,1042,884,0,0,0,0,0,0,0,0,0,0,0,0,0,0,0,0,0,0,0,0,0,44,0,0,0,0,0,0,0,0,0,0,0,0,0,0,0,0,0,0,0,0,0,0,0,0,0,0,0,0,645,37,7,0,0,0,0,0,0,0,0,0,0,0,0,0,0,0,0,0,0,0,0,0,6,0,0,0,0,0,0,0,0,0,0,0,0,0,0,0,0,0,0,0,0,0,0,0,0,0,0,0,0
5702,0,0,0,0,0,0,0,0,0,0,0,0,11,0,4,0,0,0,23,0,0,0,0,0,0,0,0,0,0,0,0,0,0,0,0,110,0,0,0,0,0,0,0,0,0,0,0,0,0,0,0,0,0,0,0,0,0,0,0,0,0,0,0,0,0,0,0,8,0,0,0,0,0,0,0,0,0,0,0,0,0,0,0,0,0,0,0,0,0,0,0,0,0,0,0,0,0,0,0,0,0,0,0,0,0,0,0,0,0,0,0
5708,0,0,0,0,0,0,0,0,0,0,0,0,0,0,27,841,0,565,1328,0,0,0,0,0,0,14,104,0,20,1338,0,0,0,0,0,0,0,0,0,0,0,0,0,0,0,0,0,0,0,0,0,0,0,31,111,0,0,18,0,0,309,0,5432,0,0,0,0,0,0,0,0,0,0,18,0,11,208,0,0,72,0,0,3895,0,0,37,291,567,0,0,0,0,0,0,0,0,0,0,0,213,0,0,0,0,0,0,0,0,0,0,0
5749,0,0,0,0,0,0,0,597,0,0,0,0,0,0,0,0,0,0,0,0,0,0,0,0,0,0,0,0,0,0,0,0,0,0,0,0,0,0,0,0,0,0,0,0,0,9,7,0,0,0,0,0,0,0,0,0,0,0,0,0,0,0,0,0,0,0,0,0,0,0,22,0,0,0,0,0,0,5,0,23,0,0,0,0,0,0,26,0,0,0,0,0,12,0,0,0,0,0,0,0,0,0,0,0,0,0,0,0,0,0,0
579,0,0,0,0,0,0,0,0,0,0,0,0,0,0,0,0,0,0,0,0,0,0,0,0,0,0,0,0,0,0,0,0,0,0,0,0,0,0,0,0,0,0,0,0,124,0,0,0,0,0,0,0,0,0,0,0,0,0,0,0,0,0,259,0,0,0,0,0,0,0,0,0,0,0,0,7,0,0,0,74,0,0,0,0,0,0,42,0,0,0,0,0,0,0,0,0,0,0,0,4,0,0,44,0,0,0,0,0,0,0,0
5795,0,0,0,0,0,0,0,0,0,0,0,0,0,0,0,0,0,0,0,0,0,0,0,0,0,0,0,0,12392,2520,0,0,0,0,0,0,0,0,0,0,0,0,0,0,0,0,0,0,0,0,0,0,0,0,0,0,0,0,0,0,0,0,0,0,0,0,0,0,0,0,0,1555,0,0,0,0,0,0,0,0,0,0,0,0,0,0,0,0,0,0,0,0,0,0,0,0,0,0,0,32,0,0,0,0,0,0,0,0,0,0,16874
58,0,0,0,0,0,0,1104,106,0,0,0,0,0,0,918,0,0,7202,2255,0,0,0,20,0,4,0,0,0,18,0,0,0,0,939,0,34,159,0,539,9012,0,0,0,0,808,22,191,268,0,435,7628,0,0,0,58,0,0,0,49776,295,237,125,232,0,0,0,0,33,0,54,81,0,0,0,0,0,311,102,0,6196,2558,43,887,0,0,38,32284,2064,0,0,33,38,0,162,0,0,0,0,110,6720,0,0,1600,397,0,0,0,0,0,0,0
581,0,0,358,0,0,0,0,866,0,0,0,0,7,0,157,79,0,0,14,0,0,0,0,0,0,123,38,0,2094,237,0,0,79,905,0,1541,5,0,9,749,0,7,730,0,661,317,21,183,0,0,0,0,0,78,60,0,33,50,0,0,58,149,14397,0,0,0,0,0,99,409,37,3973,0,140,24,12,499,0,495,3005,5,90,372,0,0,0,1085,0,0,0,0,0,0,449,0,0,0,0,52,667,0,0,481,32,0,0,0,0,0,0,0
582,0,2,0,0,0,0,0,0,0,0,0,0,0,0,0,0,0,0,0,0,0,0,0,0,0,0,1,0,3,849,0,0,0,0,0,3,0,0,0,6669,0,0,0,0,0,0,0,0,0,0,0,0,0,0,0,0,0,0,0,0,0,0,0,0,0,0,0,0,0,0,0,0,0,0,0,0,0,0,0,0,0,0,81,0,0,0,0,0,0,0,0,0,0,0,0,0,0,0,0,0,0,0,0,0,0,0,0,0,0,0,0
5824,0,0,0,0,0,0,0,0,0,0,0,0,0,0,0,0,47,25,0,0,0,0,0,0,23,29,0,0,8,421,0,0,0,0,0,0,0,0,589,511,0,0,0,0,0,0,0,25,0,0,0,0,0,262,0,526,0,0,0,0,0,0,0,0,0,0,0,0,0,0,0,0,0,0,0,0,0,0,0,0,0,0,0,0,0,0,0,0,0,0,0,0,0,0,0,0,0,0,0,37,0,0,0,0,0,0,0,0,0,0,0
587,0,0,0,0,0,0,0,0,0,0,0,0,0,0,0,0,0,0,0,0,0,0,0,0,9,0,0,0,0,0,0,0,0,0,0,0,0,0,0,0,0,0,0,0,0,0,0,0,0,0,0,0,0,0,40,0,0,0,0,0,0,8,176,0,0,0,0,0,0,24,0,0,0,0,0,0,0,0,0,0,0,0,0,0,0,0,0,0,0,0,0,0,0,0,0,0,0,0,0,0,0,0,0,0,0,0,0,0,0,0,0
588,0,0,0,0,0,0,0,853,0,0,0,0,0,0,0,0,0,238,0,0,0,0,0,0,0,0,0,0,0,0,0,0,0,0,0,0,0,0,0,0,0,0,0,0,185,0,0,0,0,0,0,0,0,0,0,0,0,0,229,0,0,0,0,0,0,0,0,0,0,0,56,0,0,0,0,0,19,0,0,4907,0,0,40,0,0,9,1732,22,0,0,0,0,0,0,0,0,0,0,0,0,0,0,0,0,0,0,0,0,0,0,0
59,0,0,108,0,0,0,5409,77,0,58850,0,0,0,0,247,0,0,295,77,0,0,0,0,0,0,3555,1214,0,2621,1492,0,135,0,1890,0,71,0,0,0,0,0,93,0,0,8587,1371,731,3726,0,0,0,0,0,319,23,0,0,0,118,0,22,0,0,0,0,0,0,0,0,50,0,3787,151,888,57,0,102,6,0,8931,243,47,262,0,0,0,23318,204,13,129,0,0,0,0,0,0,0,0,0,25,0,0,0,0,0,0,0,0,0,0,0
5939,0,0,0,0,0,0,0,0,0,0,0,0,0,0,0,0,0,0,0,0,0,0,70848,0,0,0,0,0,0,80343,0,0,0,0,0,0,0,0,139654,0,0,0,0,0,0,0,0,0,0,0,0,0,0,672,0,0,0,0,0,0,0,0,0,0,0,0,0,0,0,0,0,0,0,0,0,0,0,0,0,0,0,0,0,0,0,0,0,0,0,0,0,0,0,0,0,0,0,0,0,0,0,0,0,0,0,0,0,0,0,0,0
5968,0,0,0,0,0,0,10,0,0,0,0,0,0,0,0,0,0,0,0,0,0,0,0,0,0,0,0,0,0,0,0,0,0,0,0,0,0,0,0,0,0,0,0,0,617,0,0,0,0,0,0,0,0,0,0,0,0,0,0,0,0,0,0,0,0,0,0,0,0,0,15,0,0,94,0,0,0,0,0,0,0,0,0,0,0,0,0,0,0,0,0,0,0,0,0,0,0,0,0,0,0,0,0,0,0,0,0,0,0,0,0
597,0,0,0,0,0,0,0,0,0,0,0,0,0,0,0,0,0,0,0,0,0,0,0,0,0,0,0,0,0,0,0,0,0,0,0,0,0,0,0,0,0,0,1800,0,0,0,0,0,0,0,0,0,0,0,19,0,0,0,0,0,0,0,0,0,0,0,0,0,0,0,0,0,63,0,0,0,0,0,0,0,0,0,7,0,0,0,0,0,0,0,0,0,0,0,0,0,0,0,0,0,0,0,0,0,0,0,0,0,0,0,0
5983,0,0,0,0,0,0,0,0,0,0,0,0,0,0,0,0,0,0,0,0,0,0,0,0,0,0,0,0,0,0,0,0,0,0,0,0,0,0,0,0,0,0,0,0,0,0,0,0,0,0,0,0,0,0,17,0,0,0,34,0,0,0,0,0,0,0,0,0,0,0,0,0,0,0,0,0,0,0,0,0,85,0,10,0,0,0,308,0,0,0,0,0,0,0,0,0,0,0,119,0,0,0,0,0,0,0,0,0,0,0,0
599,0,0,1484,0,0,0,110,186,0,0,0,0,0,0,80,0,0,547,1769,0,16,0,0,0,0,0,57,0,22,300,0,0,0,9,0,0,0,0,0,18894,0,0,0,0,0,0,0,0,0,0,0,233,311,3500,0,0,0,14,0,0,118,0,0,0,0,0,0,5,0,1420,0,0,0,284,13,0,9010,0,109,548,36,0,0,0,0,0,73,0,0,9,0,0,0,0,0,0,0,0,0,0,0,0,56,0,0,0,7218,0,0,0,0
5995,0,0,0,0,0,0,40,0,0,0,0,0,0,0,0,0,0,0,20,0,0,0,0,0,0,0,0,0,0,0,0,3,0,0,0,0,951,0,0,0,0,0,0,0,0,0,0,0,0,0,0,0,0,0,903,64,60,0,16,0,33,3,0,0,0,0,0,0,0,0,0,0,0,0,0,0,0,0,0,540,0,0,0,0,0,0,45,0,0,0,0,0,0,0,0,0,0,0,0,0,0,0,0,0,0,677,0,0,0,0,0
6,0,0,0,0,0,0,776,0,0,0,0,0,0,0,6,0,0,17,132,0,0,0,0,0,0,0,0,0,0,185,0,21,0,34,0,0,0,0,0,0,0,0,0,0,194,0,0,0,0,0,0,0,0,0,17,0,0,0,697,56,48,0,305,0,0,0,0,0,0,74,0,0,0,0,0,0,0,0,6,892,0,0,406,0,0,0,89,0,0,0,0,0,0,0,0,0,0,0,0,0,0,0,0,0,0,0,0,0,0,0,0
60,0,0,610,0,0,0,0,0,0,0,0,0,0,0,0,0,0,2,0,0,0,0,0,0,0,0,0,0,79,55,0,0,0,0,0,0,0,0,0,0,0,0,0,0,318,0,0,0,0,0,0,356,1531,4751,0,0,0,0,60,0,22,0,0,0,0,0,0,0,0,0,0,445,0,0,0,0,0,0,6,147,0,0,0,0,0,0,0,0,0,0,0,0,16,126,0,0,0,0,0,9,0,0,0,0,0,0,0,0,0,0,0
6015,0,0,0,0,0,0,0,0,0,0,0,0,0,0,0,0,0,0,0,0,0,0,43,0,0,0,0,0,0,0,0,0,0,0,0,0,0,0,0,23170,0,0,0,0,0,0,0,0,0,0,0,0,0,0,0,0,0,0,0,0,0,0,0,0,0,0,0,0,0,0,310,0,0,0,11,0,0,0,0,0,0,0,0,0,0,0,0,0,0,0,0,0,0,0,0,0,0,0,0,0,0,0,0,157,0,0,0,0,0,0,0
6037,0,0,0,0,0,0,0,0,0,0,0,0,0,0,0,0,0,0,0,0,0,0,0,0,0,0,0,0,0,0,0,0,0,0,0,0,0,0,0,0,0,0,0,0,0,0,0,0,0,0,0,0,0,0,0,0,0,0,14,0,0,0,0,0,0,0,0,0,0,0,0,0,0,0,0,0,0,0,0,0,20,0,0,0,0,0,29,0,0,0,0,0,0,0,0,0,0,0,0,0,0,0,26,0,0,0,0,0,0,0,0
6042,0,0,0,0,0,0,58,0,0,0,0,0,0,0,0,0,0,0,0,0,0,0,0,0,0,0,0,0,0,0,0,0,0,0,0,0,0,0,0,0,0,0,0,0,0,0,0,0,0,0,0,0,0,0,0,0,0,0,0,0,0,0,0,0,0,0,0,0,0,0,0,0,0,0,0,0,0,0,0,0,0,0,0,0,0,0,0,837,0,0,0,0,0,22,0,0,0,0,0,11495,0,0,0,0,0,0,0,0,0,0,0
6050,0,0,0,0,0,0,375,0,0,0,0,0,0,0,0,0,0,0,0,0,0,0,0,0,0,0,0,0,0,0,0,0,0,0,0,0,0,0,0,0,0,0,0,0,0,0,0,0,0,0,0,0,0,0,0,0,0,0,0,0,0,0,0,0,0,0,0,0,0,0,16,0,0,0,0,0,0,0,19,111,0,0,0,0,0,0,0,0,0,0,0,0,0,0,0,0,0,0,0,37,0,0,0,0,0,0,0,0,0,0,0
6058,0,0,0,0,0,0,0,85,0,0,0,0,0,0,0,7,0,0,0,0,0,0,0,0,0,0,0,0,23,0,0,0,0,0,0,163,0,0,2,0,0,0,0,0,0,15,4,0,0,0,0,0,0,0,0,0,6,0,0,0,22,6,0,0,0,0,0,0,0,7,5,0,0,0,0,0,0,0,4,11,0,0,0,0,0,0,0,0,0,0,0,0,21,0,0,0,0,0,0,0,0,0,0,0,0,0,0,0,0,0,0
606,0,0,0,0,0,0,0,27,0,0,0,0,0,0,0,0,0,14513,688,0,22,0,0,0,0,2181,1025,0,13,2571,0,0,0,0,0,0,0,0,306,1273,0,0,0,0,28,0,0,0,0,0,0,799,1226,9620,0,0,0,0,0,0,0,0,0,0,22,0,0,289,0,16,0,0,84,684,30,0,3615,0,0,0,0,0,118,0,0,0,116,0,0,0,0,0,0,227,0,0,0,0,0,0,0,0,82,0,0,229,1905,0,0,0,0
6095,0,0,0,0,0,0,0,0,0,0,0,0,0,0,0,0,0,0,0,0,0,0,0,0,0,0,0,0,10,191,0,0,0,0,0,0,0,0,0,0,0,0,0,0,0,0,0,0,0,0,0,0,0,0,32,206,0,0,0,0,0,0,0,0,0,0,0,0,0,0,0,0,0,0,0,0,0,0,0,0,0,0,0,0,0,0,0,0,0,0,0,0,0,0,0,0,0,0,0,41,0,0,0,0,0,0,0,0,0,0,0
6123,0,0,0,0,0,0,0,0,0,0,0,0,0,0,0,0,0,0,0,0,0,0,0,0,0,0,0,0,87,33,0,0,0,0,0,0,0,0,0,0,0,0,13154,0,0,0,0,0,0,0,0,0,0,114,0,0,0,0,0,0,0,0,0,0,0,0,0,0,0,0,0,0,0,0,0,0,0,0,13,38,68,0,4,0,0,0,0,0,0,0,0,0,40,387,0,0,0,0,0,0,0,0,0,0,0,68,0,0,0,0,0
6141,0,0,0,0,0,0,0,0,169,44232,0,0,0,0,0,30,0,45,43,0,0,0,0,0,0,0,11,0,0,0,0,0,0,0,0,0,0,0,0,0,0,0,0,0,0,0,0,0,0,0,0,0,0,0,0,0,0,0,0,0,0,0,0,0,0,0,0,0,0,0,0,0,0,26,0,0,0,0,0,0,0,21,102,0,0,0,0,0,0,0,0,0,0,0,0,0,0,0,0,0,0,0,0,0,0,0,0,0,0,0,0
6142,0,0,0,0,0,0,0,0,0,0,0,0,0,0,0,0,0,0,0,0,0,0,0,0,0,0,0,0,0,0,0,21,0,0,0,0,0,0,0,0,0,0,0,0,0,0,0,0,0,0,0,0,0,0,0,0,0,0,221,37,12,0,0,0,0,0,0,0,0,0,0,0,0,0,0,0,24,0,0,0,0,0,0,0,0,0,0,0,0,0,0,0,0,0,0,0,0,0,0,0,0,0,0,0,0,0,0,0,0,0,0
6148,0,0,0,0,0,0,0,0,0,0,0,0,0,0,45,0,0,0,0,0,0,0,0,0,0,0,0,0,0,0,0,0,0,0,0,0,0,0,0,0,0,0,0,0,0,81,0,0,0,0,0,0,0,0,0,0,0,0,0,0,0,0,0,0,0,0,0,30,0,0,0,0,0,0,0,0,0,0,0,385,0,0,0,0,0,0,308,0,0,0,0,0,0,0,0,0,0,0,0,0,0,0,0,0,0,0,0,0,0,0,0
615,0,0,556,0,0,0,0,0,0,15,0,0,0,0,4,0,33,8,222,0,0,0,0,0,6,24,0,0,96,420,0,0,0,0,0,28,0,0,0,0,0,0,0,0,0,0,0,0,0,0,0,0,0,0,0,0,0,0,0,0,0,0,265,0,0,0,0,82,0,23932,0,0,0,815,0,0,0,0,19,168,0,3,0,0,0,0,24,0,0,0,0,0,0,0,0,0,0,0,0,28,0,0,0,0,0,0,0,0,0,0,0
617,0,0,0,0,0,0,0,0,0,0,0,0,0,0,0,0,0,0,0,0,0,0,0,0,0,0,0,0,2661,1405,0,0,0,0,0,0,0,0,32,47,0,0,0,0,0,0,0,0,0,0,0,0,0,0,0,0,0,0,0,0,0,0,0,0,0,0,0,0,0,0,0,0,0,0,0,0,0,0,0,0,0,0,784,0,0,0,0,0,0,0,0,0,0,0,0,0,0,0,0,0,0,0,0,0,0,0,0,0,0,0,0
619,0,0,0,0,0,0,0,0,0,0,0,0,0,0,0,0,0,0,0,0,0,0,0,0,0,0,0,0,0,0,0,0,0,26,0,0,0,0,0,16,0,0,0,0,0,0,0,0,0,0,0,0,0,0,0,0,0,0,0,0,0,0,0,0,0,0,0,0,0,0,0,0,0,0,0,0,0,0,0,81,122,0,0,0,0,0,0,0,0,0,0,0,0,0,0,0,0,0,0,0,0,0,0,0,0,0,0,0,0,0,0
6195,0,0,0,0,0,0,0,0,0,0,0,0,0,0,0,0,0,0,0,0,0,0,0,0,0,0,0,0,0,0,0,0,0,24,0,0,0,0,0,0,0,0,0,0,0,0,0,0,0,0,0,0,0,0,0,0,0,0,0,0,0,0,0,0,0,0,0,0,0,0,0,0,0,0,0,0,0,0,0,0,0,0,0,0,0,0,0,678,25,164,0,0,0,0,0,0,0,0,0,0,0,0,0,0,0,0,0,0,0,0,0
62,0,0,0,0,0,0,7589,0,0,0,2049,0,0,0,0,49,0,157701,4362,0,0,0,0,0,0,19535,5497,0,1435,1355,0,842,674,986,0,0,0,0,144,5126,0,0,0,0,11043,4771,2184,4901,0,0,0,0,0,0,0,0,68,292,0,0,33,0,24,0,37,0,0,641,0,19282,3246,197,766,1982,63,18497,0,0,26,7262,9,0,25,0,0,0,228,0,0,0,0,0,89,5073,0,0,6,23,0,0,0,0,555,0,0,15,0,0,0,0,0
620,0,0,0,0,0,0,0,51,0,44,0,0,0,0,0,0,0,0,0,0,0,0,0,0,0,0,0,0,0,0,0,0,0,0,0,0,0,0,0,8,0,0,0,0,0,0,31,13,0,0,0,0,0,0,0,0,0,0,0,0,23,0,0,0,0,0,0,0,0,0,0,0,0,0,0,0,0,0,0,0,0,0,0,0,0,0,0,0,0,0,0,0,0,215,0,0,0,0,0,0,0,0,1814,23,0,0,0,0,0,0,0
6211,0,0,0,0,0,0,0,0,0,0,0,0,0,0,0,0,0,0,0,0,0,0,0,0,0,0,0,0,248,345,0,0,0,0,0,0,0,0,0,0,0,0,129006,0,0,0,0,0,0,0,0,0,0,1918,0,0,0,0,0,0,0,0,0,0,0,0,0,0,0,0,0,0,0,72,0,0,0,0,212,589,0,0,0,0,0,0,0,0,0,0,0,0,0,0,0,0,0,0,0,0,0,0,0,0,0,1138,0,0,0,0,0
6218,0,0,94,0,0,0,0,0,0,0,0,0,0,0,82,0,0,0,55,0,0,0,0,0,0,0,0,0,0,0,0,0,0,101,0,0,0,0,0,0,0,0,0,0,0,0,0,0,0,0,0,0,0,0,0,0,0,0,0,0,0,0,0,0,0,0,0,0,0,0,0,0,0,0,0,0,0,0,0,301,0,0,0,0,0,0,0,0,0,0,0,0,0,0,0,0,0,0,0,0,0,0,0,0,0,0,0,0,0,0,0
6219,0,0,0,0,0,0,0,0,0,0,0,0,0,0,29,0,0,0,188,0,0,0,0,0,0,0,0,0,0,0,0,0,0,0,0,0,0,0,0,256,0,0,0,0,0,0,0,0,0,0,0,0,0,0,0,0,0,0,0,0,0,0,0,0,0,0,2619,1195,17124,0,0,0,0,218,0,0,0,0,0,222,0,0,0,0,0,0,85,372,0,0,0,0,0,0,0,0,0,0,0,0,0,0,0,0,0,0,1413,0,0,0,0
6243,0,0,15943,0,14809,0,0,0,0,0,0,0,0,0,0,0,0,173,101,0,0,0,13,10,15601,15,0,0,17,4,0,0,4,266,0,0,0,0,6,1246,0,0,0,0,0,0,0,0,0,0,0,0,66,0,259,110,25,0,0,0,0,108,66,0,0,3,372,179,8578,0,0,3488,586,1614,86,0,13530,0,2561,0,0,0,0,0,0,0,0,0,0,0,0,0,0,1463,0,0,0,0,0,0,0,0,0,0,0,0,0,0,0,0,0
6247,0,0,0,0,0,0,0,0,0,0,0,0,0,0,0,142,5134,88,1106,0,0,0,0,0,0,0,226,0,101,34,0,0,0,0,0,0,0,0,0,0,0,0,0,0,0,0,0,0,0,0,0,0,0,0,0,0,0,0,0,0,0,0,0,0,0,0,0,0,0,0,0,0,0,0,0,0,0,0,0,0,0,0,0,0,0,0,0,0,0,0,0,0,0,0,0,0,0,0,0,0,0,0,0,0,0,0,0,0,0,0,0
625,0,0,0,0,0,0,0,0,0,0,0,0,0,0,0,0,0,0,0,0,0,0,0,0,0,0,0,0,0,90,0,0,0,0,0,0,0,0,0,0,0,0,0,0,0,0,0,0,0,0,0,0,0,0,0,26,0,0,0,0,0,0,0,0,0,0,0,0,0,0,0,0,0,0,0,0,0,0,0,0,0,5,0,0,0,0,0,0,0,0,0,0,0,0,0,0,0,0,0,13,0,0,0,0,0,0,0,0,0,0,0
626,0,0,0,0,0,0,0,0,0,0,0,0,0,0,14,0,297,27,60,0,0,0,0,0,0,0,0,0,2389,561,0,0,0,0,0,0,0,0,0,0,0,0,0,0,0,0,0,0,0,0,0,0,0,0,0,0,0,0,0,0,0,0,0,0,0,0,0,0,0,0,0,0,0,0,0,0,0,0,16,214,0,0,0,0,0,0,0,0,0,0,0,0,0,0,0,0,0,0,0,0,0,0,0,0,0,0,0,0,0,0,0
629,0,0,0,0,0,0,0,0,0,0,0,0,0,0,0,0,0,0,0,0,0,0,0,0,0,0,0,0,0,0,0,0,0,0,0,0,0,0,0,0,0,0,0,0,0,0,0,0,0,817,6890,7,33,95,0,0,0,0,0,0,0,0,0,0,0,0,0,0,0,0,0,0,0,0,0,0,0,0,0,0,0,0,0,0,0,0,0,0,0,0,0,0,0,0,0,0,0,0,0,0,0,0,0,0,0,0,630,0,0,0,0
63,0,0,15,0,0,0,0,284,0,0,0,0,0,0,0,0,0,39,0,0,0,0,0,0,0,6,239,0,57,32,0,0,0,111,0,0,0,0,340,10651,0,0,0,0,0,0,0,0,0,0,0,0,61,2096,0,0,0,0,0,0,0,0,0,0,0,0,0,179,0,0,0,0,0,43,0,0,0,0,0,953,0,4528,734,0,0,15,304,21,0,0,0,0,0,0,0,0,0,0,0,36,0,0,0,22,0,0,2004,0,0,0,0
6305,0,0,0,0,0,0,0,764,0,2,0,0,0,0,0,0,489,13,17,0,0,0,0,0,14,42,0,0,0,169,0,0,0,0,0,69,4,0,289,114,0,0,0,0,0,0,32,58,0,0,0,0,5,168,0,0,0,0,0,0,0,0,0,0,0,0,0,257,0,0,0,0,0,75,0,0,0,0,0,0,93,0,5,0,0,0,71,0,0,0,0,0,0,0,0,0,0,0,0,12,0,0,0,2,0,0,0,0,0,0,0
635,0,0,591,0,0,0,128,610,0,0,0,0,38,0,58,0,46,67,0,0,0,0,0,0,0,0,0,0,0,0,0,0,0,0,0,0,147,0,0,0,0,0,0,0,0,0,0,0,0,0,0,0,0,0,6147,457,120,0,0,0,71,5,0,0,36,0,0,0,0,0,0,0,0,0,0,0,0,0,0,31,0,0,0,0,0,0,148,0,0,0,0,0,0,0,0,0,0,0,0,0,0,0,0,0,0,231,0,0,0,0,0
6358,0,0,16662,0,18409,0,0,0,0,0,0,0,0,0,0,0,0,0,114,0,0,0,0,0,0,0,0,0,0,0,0,0,0,514,0,0,0,0,0,946,0,0,0,0,0,0,0,0,0,0,0,0,0,0,0,0,0,0,0,0,0,0,67,0,0,0,15259,554,6016,0,0,0,661,3407,56,0,0,0,0,0,0,0,0,0,0,0,0,0,0,0,0,0,0,0,0,0,0,0,0,0,0,0,0,0,0,0,0,0,0,0,0
6370,0,0,0,0,0,0,0,0,0,0,0,0,0,0,0,138,452,0,143,0,0,2,41,0,0,52,0,0,11,3,0,0,0,0,0,0,0,0,335,15,0,0,0,0,0,0,0,0,0,0,0,0,0,0,0,0,0,0,0,0,0,0,0,0,0,0,27723,248,1239,107,0,57,113,174,47,0,0,0,1776,508,107,0,0,0,0,0,0,0,0,8,0,0,0,0,0,0,0,0,0,0,0,0,0,14,484,218,130,0,0,0,0
64,0,0,318,0,0,0,193,666,0,69,0,0,0,0,24,65,0,3075,2584,0,0,0,183,0,0,0,931,0,323,6791,0,0,0,1446,0,0,43,0,836,74638,0,0,0,0,1158,0,63,93,0,0,0,292,1214,6177,235,202,0,202,0,0,603,0,232,0,0,0,0,387,0,32130,95,0,468,1010,0,0,12107,0,1088,6717,0,3689,46524,0,0,0,959,4833,0,0,0,0,0,0,0,0,0,0,0,6153,0,0,1884,156,0,0,4509,0,0,0,0
643,0,0,0,0,0,0,0,0,0,0,0,0,0,0,0,0,0,0,0,0,0,0,0,0,0,0,0,0,0,0,0,0,0,0,0,0,0,0,0,167,0,0,0,0,0,0,0,0,0,0,0,0,0,0,0,0,0,0,0,0,0,0,0,0,0,0,0,0,0,0,0,0,0,0,0,0,0,0,0,0,87,0,37,0,0,0,0,0,0,0,0,0,0,26,0,0,0,0,0,0,0,0,0,18,0,0,0,0,0,0,0
6444,0,0,0,0,0,0,967,3242,0,70,0,0,0,0,0,0,373,0,0,0,0,0,0,0,0,0,0,0,28,74,0,0,0,0,0,0,0,0,0,0,0,0,0,0,0,0,0,0,0,0,0,0,0,0,0,0,0,0,81,0,15,0,0,0,0,0,0,0,0,0,79,0,0,0,0,0,0,0,857,0,0,0,0,0,0,0,0,0,0,0,0,0,0,0,0,0,0,0,0,0,0,0,0,0,0,0,0,0,0,0,0
645,0,0,0,0,0,0,0,418,0,38292,0,0,0,0,0,0,0,0,0,0,0,0,0,0,0,0,241,0,224,74,0,0,0,0,0,0,0,0,0,0,0,0,0,0,0,0,0,0,0,0,0,0,0,0,0,0,0,0,0,0,0,0,0,0,0,0,0,0,0,0,0,0,0,94,20,0,0,0,0,0,0,40,101,0,0,0,0,0,0,0,0,0,0,0,0,0,0,0,0,0,0,0,0,0,0,0,0,0,0,0,0
6468,0,59,0,0,0,0,842,42,0,0,0,0,0,0,0,0,0,0,0,0,0,0,0,0,0,0,0,0,0,0,0,0,0,181,0,0,0,0,0,0,0,0,0,4,0,0,0,0,0,0,0,0,0,0,0,0,0,0,12,0,0,0,0,0,0,0,0,0,0,0,0,0,0,0,0,0,0,0,1636,1754,16,27,1242,0,0,60,372,0,0,0,0,0,0,0,0,0,0,0,0,0,0,0,0,0,0,188,0,0,0,0,0
6523,0,0,0,0,0,0,0,0,0,0,0,0,0,0,0,0,0,0,0,0,0,0,0,0,0,0,0,0,0,0,0,0,0,0,0,0,0,0,0,0,0,0,0,0,0,0,0,0,0,0,0,0,0,0,0,0,0,0,0,0,0,0,0,0,0,0,0,0,0,0,0,0,0,0,0,0,0,0,302,4070,3890,0,335,0,0,0,0,0,0,0,0,0,0,0,0,0,0,0,0,0,0,0,0,0,0,0,0,0,0,0,0
6547,0,0,0,0,0,0,0,0,0,818,0,0,0,0,13,0,0,0,33,0,0,0,0,0,0,23504,174,0,19068,3477,0,1908,0,21790,0,0,0,0,0,0,0,1651,0,0,84243,22797,5321,32055,0,0,0,0,0,0,0,0,645,0,0,294,78,69,0,0,1219,0,0,0,0,1440,0,32201,4356,892,239,0,0,0,0,0,0,0,0,0,0,0,0,0,0,0,0,0,0,0,0,0,0,0,0,0,0,0,0,0,0,0,0,0,0,0,0
659,0,0,0,0,0,0,0,0,0,0,0,0,0,0,258,0,0,0,0,0,0,0,0,0,0,0,0,0,0,0,0,0,0,29,0,0,0,0,0,0,0,0,0,0,0,0,0,0,0,0,0,0,0,0,19,0,0,0,354,0,79,0,76,0,0,0,0,45,0,0,0,0,0,0,0,0,0,51,18,0,77,0,290,0,0,0,7483,0,0,0,0,0,0,13,0,0,0,0,168,4630,0,0,0,0,0,0,0,0,0,0,0
66,0,0,21,0,0,0,0,37,0,0,0,0,0,0,29,24,0,0,72,0,0,0,0,0,2,2,0,0,6,42,0,0,0,0,0,8,0,0,54,585,0,0,0,0,26,0,6,0,0,0,0,0,0,115,0,7,0,0,0,5,3,0,1000,0,0,0,0,81,515,251,4,0,415,121,47,0,91,0,0,0,78,0,108,0,0,0,158,0,0,0,0,0,0,1361,0,0,0,0,0,6,0,0,474,59,0,0,0,0,0,0,0
6616,0,0,0,0,0,0,0,0,0,32,0,0,0,0,165,0,0,877,592,0,11,0,0,0,0,51,981,0,956,3386,0,0,298,887,0,257,0,0,0,9007,0,0,0,0,0,0,0,0,0,0,0,281,586,5753,0,0,0,18,0,0,1584,0,0,0,0,0,0,0,0,0,0,0,0,204,0,0,21098,0,58,7011,0,0,4895,0,0,0,14,0,0,0,0,0,0,0,72,0,0,0,0,0,0,0,0,21,0,0,0,0,0,0,0
664,0,0,0,0,0,0,0,0,0,0,0,0,0,0,0,0,0,0,0,0,0,0,0,0,0,0,413,0,0,0,0,0,0,0,0,0,0,0,0,0,0,0,0,0,0,0,0,0,0,0,0,0,0,0,0,0,0,0,0,0,0,0,32,0,0,0,0,0,0,0,0,0,0,0,0,0,0,0,0,113,0,0,30,0,0,0,0,2237,0,0,0,0,0,0,0,0,0,0,0,0,0,0,0,0,0,0,0,0,0,0,0
6672,0,0,0,0,0,0,0,14,0,0,0,0,0,0,0,0,0,0,0,0,0,0,0,0,0,0,0,0,0,0,0,0,0,0,0,0,0,0,0,14,0,0,0,0,0,0,0,0,0,0,0,0,0,0,0,0,0,0,0,0,0,0,0,0,0,0,131,0,0,0,0,0,0,0,0,0,0,0,0,4,0,0,0,0,0,0,0,0,0,0,0,0,0,0,0,0,0,0,0,0,0,0,0,0,0,0,0,0,0,0,0
6681,0,0,0,0,0,0,0,0,0,0,0,0,0,0,25,15,0,0,156,0,0,0,0,0,0,101117,443,0,15011,3743,0,5136,0,5685,0,0,0,0,0,0,0,422,0,0,154676,67008,99837,70578,0,0,0,0,0,0,58,0,1372,91,0,86,40,37,0,0,2866,0,0,0,0,0,0,12720,4348,913,415,0,0,0,0,0,0,0,0,0,0,0,0,0,0,0,0,0,0,0,0,0,0,0,0,0,0,0,0,0,0,0,0,0,0,0,0
67,0,0,136,0,0,351,0,336,0,0,0,0,0,0,0,0,0,0,0,0,375,0,0,0,0,0,242,0,0,0,0,0,0,1007,0,145,0,0,0,10726,0,0,0,0,4,0,79,6,0,0,0,0,0,433,58,0,118305,10978,735,0,429,0,0,0,0,0,0,48,0,32,0,0,0,25,0,82,123,1755,138,0,189,0,48,0,0,0,4674,0,0,0,0,0,0,136,0,0,0,0,0,0,0,0,0,0,0,0,0,0,0,0,0
670,0,0,0,0,0,0,0,0,0,0,0,0,0,0,0,0,0,0,0,0,0,0,0,0,0,0,0,0,0,0,0,0,0,34,0,16,0,0,0,0,0,0,0,6,0,0,0,0,0,0,0,0,0,0,0,0,0,0,744,0,38,0,10,0,0,0,0,14,0,0,0,47,0,0,0,0,0,35,0,0,43,0,185,0,0,0,8134,0,0,0,0,0,0,0,0,0,0,0,176,0,0,0,0,0,0,0,0,0,0,0,0
6700,0,0,0,0,0,0,0,51,0,24,0,0,0,0,157,0,0,28,39,0,0,0,83,0,0,0,0,0,728,21,0,0,0,840,0,0,0,0,0,0,0,0,0,0,0,0,20,0,0,0,0,0,0,0,0,0,0,0,0,0,0,0,0,0,0,0,0,246,0,128,0,0,0,0,0,0,0,0,23408,522,0,0,0,0,11,0,0,0,0,0,0,0,0,0,0,0,0,0,0,0,0,0,0,0,0,0,0,0,0,0,0
671,0,0,0,0,0,0,0,0,0,0,0,0,0,0,23,0,145,14,51,0,0,0,0,0,0,0,0,0,0,0,0,0,0,0,0,0,0,0,0,0,0,0,0,0,0,0,0,0,0,0,0,0,0,0,0,0,0,0,0,0,0,0,0,0,0,0,0,0,0,0,0,0,0,0,0,0,0,0,0,0,0,0,0,0,0,0,0,0,0,0,0,0,0,0,0,0,0,0,0,0,0,0,0,0,0,0,0,0,0,0,0
673,0,0,0,0,0,0,0,0,0,26,0,0,0,0,0,0,550,0,0,0,40,0,0,0,0,0,0,0,0,0,0,0,0,7235,0,0,0,0,0,0,0,0,0,0,119,167,0,0,0,0,0,0,0,0,0,115,12,0,0,0,0,0,0,0,0,0,0,0,0,0,0,0,0,0,0,0,0,0,6037,4926,0,0,0,0,0,0,0,0,0,0,0,0,0,0,0,0,0,0,0,0,0,0,0,0,0,0,0,0,0,0,0
6745,0,0,0,0,0,0,0,317,0,0,41,0,0,0,0,0,0,0,0,0,0,0,0,0,0,0,0,0,0,0,0,0,0,67,0,0,0,0,0,0,0,0,0,0,0,0,0,0,0,0,0,0,6,106,0,0,0,0,0,14,199,0,0,0,0,0,0,0,0,0,51,0,0,0,0,0,751,0,82,358,0,0,0,0,0,18,39,0,0,0,0,0,79,0,0,0,0,0,0,0,0,0,0,0,0,0,0,0,0,0,0
678,0,0,0,0,0,0,0,723,0,2682,0,0,0,0,0,0,0,0,0,0,0,0,0,0,0,0,180,0,13,839,0,0,0,0,0,0,0,0,0,0,0,0,0,0,0,0,0,0,0,0,0,0,0,0,0,0,0,0,0,0,0,0,0,0,0,0,0,0,0,0,0,0,0,0,0,0,0,0,0,0,0,38,104,0,0,0,0,0,0,0,0,0,0,0,0,0,0,0,0,0,0,0,0,0,0,0,0,0,0,0,0
6782,0,123,0,0,0,0,0,0,0,0,0,0,0,0,156,0,0,32,0,0,0,0,0,0,0,0,0,0,0,0,0,0,0,2103,0,0,0,0,519,27893,0,0,0,0,0,0,0,0,0,0,0,0,0,411,0,0,0,0,0,0,0,0,0,0,0,0,0,0,0,0,0,0,43,385,0,0,0,0,0,589,0,0,0,0,0,0,139,0,0,0,0,0,0,0,0,0,0,0,0,0,0,0,0,0,0,0,0,0,0,0,0
6831,0,0,0,0,0,0,0,9,0,10,0,0,0,0,0,0,0,12,0,0,0,0,0,0,0,0,0,0,0,0,0,0,0,0,0,0,0,0,2,0,0,0,0,0,0,0,0,0,0,0,0,0,0,0,0,0,0,0,0,0,12,0,0,0,0,0,0,118,0,0,0,0,0,0,0,0,0,0,0,0,0,0,0,0,0,0,0,1004,66,106,0,0,0,0,0,0,0,0,0,0,0,0,0,0,0,0,0,0,0,0,0
6891,0,0,0,0,0,0,0,99,0,0,0,0,0,0,0,0,0,0,0,0,0,0,0,0,0,0,0,0,0,0,0,0,0,0,0,0,0,0,256,332,0,0,0,0,0,0,0,0,0,0,0,0,0,0,0,0,0,0,0,0,0,0,0,0,0,0,0,0,0,99,0,0,0,0,0,0,0,0,0,0,161,0,0,0,0,0,0,0,0,0,0,0,0,19,0,0,0,0,0,0,0,0,0,0,0,0,0,0,0,0,0
69,0,0,0,0,0,0,4309,0,0,0,1255,0,0,39,0,0,0,37926,1413,0,12,0,0,0,0,6600,2196,0,0,12,0,0,603,11206,0,0,0,0,0,0,0,0,0,0,731,0,0,0,0,0,0,0,0,0,0,0,0,0,0,0,0,0,0,0,262,0,0,811,12242,174,0,0,600,1348,63,0,0,0,0,990,0,0,0,0,0,0,380,0,0,0,0,0,0,11175,0,0,0,0,0,0,0,0,0,0,0,0,0,0,0,0,0
6900,0,0,0,0,0,0,0,0,0,0,0,0,0,0,0,604,0,0,20,0,0,0,0,0,0,0,0,0,0,34,0,0,0,0,0,0,0,0,0,0,0,0,0,0,0,0,0,0,0,0,0,0,0,0,0,188,38,0,0,0,10,0,34740,0,0,0,0,0,0,0,0,0,0,225,0,0,979,0,63,2102,0,0,0,0,0,0,427,0,0,0,0,0,0,0,39,0,0,0,0,79,0,0,0,0,0,0,0,0,0,0,0
697,0,0,0,0,0,0,0,0,0,0,0,0,0,0,0,0,0,0,0,0,0,0,0,0,0,0,0,0,0,225,0,0,0,25,0,0,0,0,0,0,0,0,0,0,0,0,0,0,0,0,0,0,0,0,0,0,0,0,0,0,0,0,0,0,0,0,0,0,0,0,0,0,525,75,51,0,0,0,0,0,0,0,0,0,0,0,0,0,0,0,0,0,0,0,0,0,0,0,0,0,0,0,0,0,0,0,0,0,0,0,0
7,0,0,0,0,0,22051,0,0,0,0,889,0,0,0,128,8340,23912,401,151,0,0,0,939,0,0,0,0,0,1192,647,0,0,0,0,0,0,0,0,0,0,0,0,0,0,0,0,0,0,0,0,0,0,0,0,0,0,114,0,0,1051,273,216,47,0,54,0,0,0,0,476,7,0,5128,962,415,0,0,0,0,1962,0,0,0,22,5726,0,0,0,3240,1723,1716,0,0,101059,0,1123,0,0,0,0,0,0,0,0,0,0,0,0,0,0,0
701,0,0,0,0,0,0,0,0,0,0,0,0,0,0,0,0,0,0,0,0,272,0,0,0,0,0,0,0,0,0,0,0,0,0,0,0,0,0,0,0,0,0,0,0,2800,1212,0,0,0,0,0,0,0,0,0,0,0,0,0,0,2303,732,0,0,0,0,0,0,0,0,0,0,0,0,0,0,0,0,73430,104763,0,0,0,0,0,0,0,0,0,0,0,0,0,0,0,0,0,0,0,0,0,0,0,0,0,0,0,0,0,0,0
7021,0,0,0,0,0,0,0,0,0,0,0,0,0,0,0,165,0,0,0,0,0,0,0,0,0,0,0,0,0,0,0,0,0,0,0,0,0,0,0,30,0,0,0,0,0,9,0,5,0,0,0,0,0,0,0,0,0,0,0,0,0,0,418,0,0,0,0,0,0,0,6,0,6,2,0,0,56,0,16,212,0,0,0,0,0,0,0,0,0,0,0,0,60,0,0,0,0,0,0,164,0,0,0,0,0,0,0,0,0,0,9
7025,0,0,0,0,0,0,292,1129,0,0,0,0,0,0,0,0,0,0,0,0,0,0,0,0,0,0,0,0,0,0,0,0,0,0,0,0,0,0,0,0,0,0,0,0,0,0,0,0,0,0,0,0,0,0,10539,0,373,0,0,0,0,0,0,0,0,0,0,0,0,0,0,0,0,0,0,0,0,0,414,0,0,0,0,0,0,0,0,0,0,0,0,0,0,0,0,0,0,0,0,0,0,0,0,0,0,0,0,0,0,0,0
7032,0,0,0,0,0,0,0,0,0,0,0,0,0,0,0,0,0,0,0,0,0,0,0,0,0,0,0,0,7559,2044,0,0,30,4414,0,0,0,0,0,0,0,0,0,0,0,0,0,0,0,0,0,0,0,0,0,0,0,0,0,0,0,0,0,0,0,0,0,0,0,0,0,0,0,0,0,0,0,0,0,0,0,0,0,0,0,0,0,0,0,0,0,0,0,0,0,0,0,0,0,1621,0,0,0,9524,0,0,0,0,0,0,0
7037,0,0,189,0,0,0,0,0,0,0,0,0,0,0,0,0,0,0,0,0,0,0,0,0,0,0,0,0,652,0,0,0,0,624,0,107,0,0,0,0,0,0,0,0,93,10,0,0,0,0,0,0,0,0,0,0,0,0,0,181,57,33,0,0,0,0,0,0,0,0,0,0,0,0,0,0,92,0,239,630,0,0,18,0,0,0,0,0,0,0,0,0,77,0,0,0,0,0,0,0,0,0,0,0,18,0,0,0,0,0,0
706,0,0,0,0,0,0,0,159,0,0,0,0,0,0,90,180,0,65,4,0,0,0,0,0,0,30,46,0,100,65,0,0,19,115,0,61,0,0,0,102,0,0,0,0,0,31,64,55,0,0,0,0,0,8,0,0,0,0,0,0,16,133,6721,0,0,0,0,148,0,186,14,415,0,89,0,0,401,6,390,763,10,22,44,0,0,30,225,0,0,0,0,0,0,79,0,0,0,0,12,109,0,0,68,0,0,0,0,0,0,0,0
7064,0,0,0,0,0,0,440,26,0,0,0,0,0,0,0,0,0,0,0,0,0,0,0,0,0,0,0,0,0,0,0,0,0,0,0,0,0,0,0,0,0,0,0,0,0,0,0,0,0,0,0,0,0,0,0,0,0,0,0,0,0,0,0,0,0,0,0,0,0,0,13,0,0,0,0,0,0,0,0,0,0,0,0,0,0,0,0,0,0,0,0,0,0,0,0,0,0,9,0,0,0,0,0,0,0,0,0,0,0,0,0
7067,0,0,0,0,0,0,0,0,0,0,0,0,0,0,0,0,0,0,0,0,0,0,0,0,0,0,0,0,0,0,0,0,0,0,0,0,0,0,230,34,0,0,0,0,0,0,0,0,0,0,0,0,0,0,0,0,0,0,0,0,0,0,0,0,0,0,0,0,0,0,0,115,0,0,0,0,0,0,0,0,23,0,0,0,0,0,0,0,0,0,0,0,10,43,0,0,0,0,0,0,0,0,0,0,0,0,0,0,0,0,0
709,0,0,0,0,0,0,0,0,0,0,0,0,0,0,127,0,0,0,0,0,0,0,0,0,0,0,0,0,0,0,0,0,0,0,0,0,0,0,0,0,0,0,0,0,0,0,0,0,0,0,0,0,0,0,0,0,0,0,0,0,0,0,0,0,0,0,0,16,0,0,0,0,0,0,0,0,0,0,7,792,70,6,33,0,0,0,0,0,0,0,0,0,0,0,0,0,0,0,0,0,0,0,0,0,0,0,0,0,0,0,0
7121,0,0,0,0,0,0,0,0,0,0,0,0,0,0,0,0,0,0,0,0,0,0,0,0,0,0,0,0,0,0,0,0,0,38,0,0,0,0,0,0,0,0,0,0,0,0,0,0,0,0,0,0,0,0,0,0,0,0,0,0,0,0,0,0,0,0,0,0,0,4,0,0,0,0,0,0,17737,0,0,0,0,0,14102,0,0,0,0,0,0,0,0,0,0,0,0,0,0,0,0,0,0,0,0,0,0,0,0,0,0,0,0
715,0,0,0,0,0,0,0,0,0,0,0,0,0,0,0,0,0,0,0,0,0,0,0,0,0,0,0,0,0,0,0,0,0,0,0,0,0,0,0,0,0,0,0,0,0,0,0,0,0,0,0,0,0,0,0,0,0,0,0,0,0,0,0,0,0,0,0,0,0,0,0,0,0,0,0,0,0,0,6,0,0,0,0,0,0,0,0,155,0,0,0,0,0,7,0,0,0,0,0,1148,0,0,0,0,0,0,0,0,0,0,0
7168,0,0,0,0,0,0,0,0,0,0,0,0,0,0,0,0,0,0,0,0,0,0,0,0,0,0,0,0,0,156,0,0,0,0,0,0,0,0,0,0,0,223,0,0,0,0,0,0,0,0,0,0,0,184,0,0,0,0,0,219,69,18,0,0,0,0,0,172,0,0,0,0,0,65,0,0,0,0,0,0,0,0,2618,0,0,0,41,0,18,0,0,0,0,0,0,0,0,0,0,0,0,0,0,0,0,0,9459,0,0,0,0
72,0,0,0,0,0,0,0,0,0,0,0,0,0,0,98,106,0,0,6,0,0,0,0,0,0,0,0,0,355,0,0,0,0,73,0,38,0,0,0,50,0,0,0,0,0,0,0,0,0,0,0,0,0,122,39,0,0,0,0,0,0,4,5718,0,0,0,0,0,0,183,0,0,0,150,0,0,120,0,93,3335,2567,0,823,0,0,12,167,114,7,40,0,0,0,121,0,0,0,0,0,0,0,0,0,0,0,0,0,0,0,0,0
723,0,0,0,0,0,0,0,0,0,0,0,0,0,0,0,0,0,0,0,0,0,0,0,0,0,0,0,0,0,0,0,0,0,0,0,0,0,0,0,0,0,0,0,0,0,0,0,0,0,4120,42088,168,386,1094,0,0,0,0,0,0,0,31,0,0,0,0,0,0,0,0,0,0,0,0,0,0,0,0,0,0,0,0,0,0,0,0,0,0,0,0,0,0,0,0,0,0,0,0,0,0,0,0,0,0,0,0,1752,0,0,0,0
7231,0,0,0,0,0,0,0,0,0,34932,0,0,0,0,0,174,2682,78,47,0,0,0,0,0,0,0,22,0,32,20,0,0,0,0,0,0,0,0,0,0,0,0,0,0,0,0,0,0,0,0,0,0,0,0,0,0,0,0,0,0,0,0,0,0,0,0,0,0,0,0,0,0,0,129,0,0,0,0,0,0,0,0,206,0,0,0,0,0,0,0,0,0,0,0,0,0,0,0,0,0,0,0,0,0,0,0,0,0,0,0,0
7241,0,0,0,0,0,0,0,0,0,0,0,0,0,0,0,0,0,0,0,0,0,0,0,0,0,0,0,0,0,0,0,0,252,0,0,0,0,0,0,0,0,0,0,0,0,0,0,0,0,0,0,0,0,0,0,0,0,0,0,0,0,0,34,0,0,0,0,0,0,0,0,0,0,0,0,0,0,0,101,406,0,0,0,0,0,12,91,0,0,0,0,0,0,0,0,0,0,0,0,0,0,0,0,11,0,0,0,0,0,0,0
7245,0,0,0,0,0,0,0,0,0,0,0,0,0,0,0,0,0,3890,584,0,0,0,0,0,0,0,0,0,7,0,0,0,0,0,0,0,0,0,0,0,0,0,0,0,0,0,0,0,0,0,0,0,0,71,0,0,0,0,0,0,0,0,0,0,0,0,0,0,0,0,0,0,0,5,0,0,95,0,0,0,0,0,0,0,0,0,106,0,0,0,0,0,0,0,0,0,0,0,0,0,0,0,0,0,0,0,0,0,0,0,2
729,0,0,0,0,0,0,0,0,0,38,0,0,0,0,0,0,0,0,0,0,0,0,0,0,0,0,0,0,0,0,0,0,0,0,0,0,0,0,0,0,0,0,0,0,0,0,0,0,0,0,0,0,0,0,0,0,0,0,0,0,0,0,42,0,0,0,0,0,0,0,0,0,0,0,0,0,0,0,0,144,0,0,0,0,0,0,34,0,0,0,0,0,43,479,0,0,0,0,0,0,0,0,0,24,0,0,0,0,0,0,0
7331,0,0,0,0,0,0,0,0,0,0,0,0,0,0,0,42,0,0,0,0,0,0,0,0,0,0,0,0,0,0,0,0,0,28,0,0,0,0,0,10,0,0,0,0,0,0,0,0,0,0,0,0,0,0,0,0,0,0,0,0,0,5,0,0,0,0,0,0,0,0,0,0,0,0,0,0,0,0,3,154,0,0,0,0,0,0,0,0,0,0,0,0,0,0,0,0,0,0,0,0,0,0,0,0,0,0,0,0,0,0,0
7348,0,0,0,0,0,0,0,0,0,0,0,0,0,0,144,0,0,0,71,0,0,0,0,0,0,0,0,0,33,0,0,0,0,0,0,0,0,0,0,0,0,0,0,0,0,0,0,0,0,0,0,0,0,0,0,0,0,0,0,0,8,0,0,0,0,0,0,0,0,0,0,0,0,0,0,0,0,0,0,762,0,0,0,0,0,0,0,0,0,0,0,0,0,0,0,0,0,0,0,0,0,0,0,0,0,0,0,0,0,0,0
7370,0,0,0,0,0,0,0,0,0,0,0,0,0,0,0,0,0,0,0,0,0,0,0,0,0,0,0,0,471,7,0,0,0,0,0,0,0,0,0,0,0,0,0,0,0,0,0,0,0,0,0,11,9,0,0,0,0,0,0,0,0,0,0,0,0,0,0,0,0,0,0,0,0,0,0,0,0,0,0,13,0,0,0,0,0,0,0,0,0,0,0,0,0,0,0,0,0,0,0,0,0,0,0,0,0,0,0,0,0,0,0
7376,0,0,0,0,0,0,0,0,0,78883,0,0,0,0,0,218,1484,147,170,0,0,0,0,0,0,0,266,0,132,98,0,0,0,0,0,0,0,0,0,0,0,0,0,0,0,0,0,0,0,0,0,0,0,0,0,0,0,0,0,0,0,0,0,0,0,0,0,0,0,0,0,0,0,263,39,0,0,0,0,0,0,37,315,0,0,0,0,0,0,0,0,0,0,0,0,0,0,0,0,0,0,0,0,0,0,0,0,0,0,0,0
740,0,0,0,0,0,0,194,870,0,0,0,0,0,0,0,0,0,0,0,0,0,0,0,0,0,0,0,0,0,0,0,0,0,0,0,0,0,0,0,0,0,0,0,0,0,0,0,0,0,2441,11616,46,644,270,0,0,0,0,0,0,0,0,0,0,0,0,0,0,0,0,0,0,0,0,0,0,0,8,271,0,0,0,0,0,0,0,0,0,0,0,0,0,0,0,0,0,0,0,0,0,0,0,0,0,0,0,162,0,0,0,0
7423,0,0,0,0,0,0,0,0,0,0,0,0,0,0,0,0,0,0,0,0,0,0,0,0,0,0,0,0,0,0,0,0,0,0,0,0,0,0,0,0,0,0,0,0,36,0,0,0,0,0,0,0,0,0,0,0,0,0,0,0,0,0,0,0,0,0,0,0,0,6,0,0,0,0,0,0,0,0,0,440,0,980,181,0,0,0,0,0,0,0,0,0,0,0,0,0,0,0,0,0,0,0,0,0,0,0,0,0,0,0,0
7458,0,0,0,0,0,0,0,0,0,0,0,0,0,0,244,0,0,0,0,0,0,0,0,0,0,0,0,0,0,0,0,0,0,0,0,0,0,0,0,1069,0,0,0,0,0,0,0,0,0,0,0,0,0,0,0,0,0,0,0,0,0,0,0,0,0,0,0,0,0,0,0,0,0,0,0,0,0,0,0,2129,0,0,0,0,0,0,0,0,0,0,0,0,0,0,0,0,0,0,0,0,0,0,0,0,0,0,0,0,0,0,4590
749,0,0,55,0,0,0,0,0,0,0,0,0,0,0,0,0,1263,1020,283,6,231,0,4,0,2,0,0,0,0,0,0,0,0,0,0,0,0,0,0,131,0,0,0,0,0,0,0,10,0,0,0,0,0,0,0,0,0,0,26,0,4,5,0,42,0,0,0,0,0,20,0,0,0,20,0,64,121,237,14,87,71,0,95,0,0,0,10,0,0,0,0,0,0,0,0,0,0,0,0,120,0,0,0,18,0,0,0,0,2,0,0
750,0,0,0,0,0,0,0,0,0,0,0,0,0,0,0,0,0,0,0,0,0,0,0,0,0,0,0,0,0,0,0,0,0,0,0,0,0,0,0,0,0,0,0,0,0,0,0,0,0,0,0,0,0,0,0,0,0,0,0,0,0,0,0,0,0,0,0,0,0,0,0,0,0,0,0,0,0,0,57,501,71,0,32,0,0,17,50,0,0,0,0,0,0,0,0,0,0,0,0,0,0,0,0,0,0,0,0,0,0,0,0
7549,0,0,0,0,0,0,0,0,0,0,0,0,0,0,0,0,0,0,0,0,0,0,0,0,0,0,0,0,0,0,0,0,0,0,0,0,0,0,0,0,0,0,0,0,0,0,0,0,0,0,0,0,0,0,0,0,0,0,0,0,0,0,0,0,0,0,0,0,0,0,0,0,0,0,0,0,0,8,0,0,8,0,0,0,0,0,40,0,0,0,0,0,0,0,0,0,0,0,3,0,0,0,0,0,0,0,0,0,0,0,0
755,0,0,0,0,0,0,0,0,0,0,0,0,0,0,0,0,0,0,0,0,978,0,0,0,0,0,0,0,0,0,0,0,0,65,0,279,0,0,0,0,0,0,0,0,0,0,84,0,0,0,0,0,0,0,0,0,0,0,66,0,39,0,0,0,0,0,0,0,0,0,0,0,0,0,0,77,228,2216,185,0,0,0,0,0,0,0,0,0,0,0,0,0,0,310,0,0,0,0,0,0,0,0,0,0,0,0,0,0,0,0,0
7566,0,0,0,0,0,0,0,0,0,0,0,0,0,0,84,0,527,1640,864,0,0,0,0,0,0,0,0,0,0,29,0,0,0,0,0,0,0,0,0,0,0,0,0,0,0,0,0,0,0,0,0,0,0,51,0,0,0,0,0,0,0,0,0,0,0,0,0,19,4583,14,0,0,0,0,0,0,0,0,0,0,0,0,0,0,0,0,0,0,0,0,0,0,0,0,0,0,0,0,0,0,0,0,0,0,0,0,0,0,0,0,0
757,0,0,0,0,0,0,270,849,0,5285,0,0,0,0,0,0,0,0,0,0,0,0,48,0,0,0,0,0,0,92,0,0,0,7627,0,0,0,0,0,0,0,0,0,0,1075,0,15,19,0,0,0,334,931,5259,0,0,0,105,0,0,0,0,0,0,0,0,0,264,0,624,0,0,11,616,0,0,0,0,341,9402,4443,35,665,0,17,0,0,2051,89,215,0,0,0,0,0,0,0,0,0,46,0,0,665,27,634,10894,160060,0,0,0,0
76,0,0,0,0,0,0,197,0,0,47,0,0,0,0,21,0,443,39,0,0,0,0,0,0,0,0,0,0,0,32,0,11,0,626,0,0,0,0,0,46,0,0,0,0,0,0,0,0,0,0,0,0,0,0,0,0,0,0,339,54,35,0,0,0,0,0,0,0,0,0,0,0,13,299,12,0,64,0,0,0,0,0,0,0,0,0,0,0,0,0,0,0,0,0,17,0,0,0,0,0,0,0,0,0,0,0,0,0,0,0,0
761,0,0,0,0,0,0,0,0,0,0,0,0,0,0,0,0,0,0,0,0,0,0,0,0,0,0,0,0,30,0,0,0,0,0,0,0,0,0,57,735,0,0,0,0,0,0,0,0,0,0,0,0,0,0,0,0,0,0,0,0,0,0,0,0,0,0,0,0,0,0,0,0,0,0,0,0,0,0,0,0,0,0,0,0,0,0,0,0,0,0,0,0,0,0,0,0,0,0,0,0,0,0,182,0,0,0,0,0,0,0,0
766,0,0,0,0,0,0,0,0,0,0,0,0,0,0,0,0,0,0,0,0,0,0,0,0,0,0,0,0,0,0,0,0,0,0,0,0,0,0,0,0,0,0,0,0,0,0,0,0,0,0,0,0,0,0,0,0,0,0,0,0,0,0,0,0,0,0,0,0,0,0,0,0,0,0,0,0,0,0,182,4127,4535,0,345,0,0,0,0,0,0,0,0,0,0,0,0,0,0,0,0,0,0,0,0,0,0,0,0,0,0,0,0
7685,0,0,0,0,0,0,0,0,0,0,0,0,0,0,0,0,0,0,0,0,0,0,0,0,0,0,0,0,0,0,0,0,0,0,0,0,0,0,0,0,0,0,0,0,15,0,0,0,0,0,0,0,0,0,0,0,0,0,0,0,0,0,2,0,0,0,0,0,0,0,6,0,0,0,0,0,0,0,0,0,0,0,0,0,0,0,38,0,0,0,2,0,0,0,0,0,0,0,0,0,0,0,0,0,0,0,0,0,0,0,0
7698,0,0,0,0,0,0,41,295,0,0,0,0,0,0,0,0,0,1048,192,0,0,0,21,0,0,94,15,0,41,87,0,0,0,22,0,0,0,0,0,239,0,0,0,0,0,20,0,0,0,0,0,0,0,0,0,87,0,0,0,0,262,0,0,0,0,0,0,0,0,0,0,0,0,207,0,0,0,0,0,34,0,0,0,0,0,0,0,0,0,0,0,0,0,0,0,0,0,0,0,0,0,0,0,103,0,0,0,0,0,0,0
77,0,0,0,0,0,0,0,661,0,58009,0,0,0,0,82,24,5576,1659,2249,0,0,0,0,0,0,0,1556,0,13824,8247,0,0,0,0,0,0,0,0,0,24163,0,0,0,0,0,0,0,0,0,0,0,0,0,1551,0,0,0,55,0,0,1324,0,0,0,0,0,0,155,0,0,0,0,0,552,0,0,0,0,0,1489,0,5296,11092,0,0,0,117,0,0,0,0,0,0,0,11,0,0,0,0,0,0,0,0,0,0,0,11098,0,0,0,0
7766,0,0,0,0,0,0,13834,0,0,0,0,0,0,36,0,0,0,0,0,0,0,0,0,0,0,0,0,0,0,0,0,0,932,2080,0,0,0,0,0,0,0,0,0,0,82,0,0,0,0,0,0,0,0,0,0,224,0,0,0,0,0,0,0,0,0,0,0,0,0,0,0,0,0,0,0,0,0,0,0,0,0,0,0,0,0,0,0,0,0,0,0,0,0,17,0,0,0,0,0,0,0,0,0,0,0,0,0,0,0,0,0
7767,0,0,0,0,0,0,0,0,0,0,0,0,0,0,0,0,0,0,0,0,19,0,0,0,0,0,0,0,1223,990,0,0,0,0,0,0,0,0,267,1416,0,0,0,0,0,0,0,0,0,0,0,0,0,0,0,0,0,0,0,0,0,0,0,0,0,0,0,0,0,0,0,0,0,0,0,0,0,0,0,431,0,0,0,0,0,0,0,0,0,0,0,0,0,0,0,0,0,0,0,0,0,0,0,0,0,0,0,0,0,0,0
78,0,0,23,0,73,0,164,123,0,5,0,0,0,0,151,187,0,3168,958,0,0,0,16,0,0,0,273,0,14,1469,0,0,0,75,0,16,16,0,85,2359,0,0,0,0,239,9,28,15,0,0,0,503,1906,5723,17,0,0,0,16,144,455,4,56,0,0,0,0,135,659,103,36319,0,116,55,30,0,4926,0,35,5722,401,18,1495,0,0,12,132,26,25,0,0,0,6,0,0,0,0,0,0,201,0,0,0,33,0,0,2450,0,0,0,0
7838,0,0,0,0,0,0,0,0,0,0,0,0,0,0,0,0,0,0,0,0,0,0,0,0,0,0,0,0,161,10,0,0,0,0,0,0,0,0,37,0,0,0,0,0,0,0,0,0,0,0,0,9,10,87,25,0,0,0,0,6,0,0,0,0,0,0,0,0,0,0,0,0,0,0,0,0,0,4,183,5561,4750,3,664,0,0,0,0,0,0,0,0,0,0,0,0,0,0,0,0,0,0,0,0,0,0,0,0,0,0,0,0
7854,0,0,0,0,0,0,35,0,0,0,0,0,0,0,0,0,0,65,0,0,0,0,0,0,0,5,0,0,0,55,0,0,0,0,0,0,4,0,0,0,0,0,0,0,0,6,0,0,0,0,0,0,0,0,777,46,0,0,0,0,32,0,0,0,0,0,0,0,0,0,0,0,0,57,0,0,0,0,16,321,0,0,223,0,0,0,311,0,0,0,0,0,0,0,0,0,0,0,0,0,0,0,32,0,0,0,0,0,0,0,0
7882,0,0,0,0,0,0,0,0,0,0,0,0,0,0,0,0,0,0,0,0,0,0,0,0,0,0,0,0,8,1325,0,0,0,0,0,0,0,0,0,0,0,0,0,0,0,0,0,0,0,0,0,0,0,0,0,0,0,0,0,0,0,0,0,0,0,0,0,0,0,0,0,0,0,0,0,0,0,0,0,0,0,0,0,0,0,0,7,0,0,0,0,0,0,0,0,0,0,0,0,0,0,0,0,0,0,0,2430,0,0,0,0
7911,0,0,0,0,0,0,46,0,0,0,0,0,0,0,0,0,0,0,0,0,0,0,0,0,0,0,0,0,0,0,0,0,0,0,0,0,0,0,0,0,0,0,0,0,0,0,0,0,0,0,0,0,0,0,0,0,0,0,0,0,0,0,0,0,0,0,0,0,0,0,0,0,0,0,0,0,0,0,0,0,0,0,0,0,0,0,0,286,0,0,0,6,0,0,0,0,0,0,0,1878,0,0,0,0,0,0,0,0,0,0,0
7918,0,0,0,0,0,0,0,0,0,0,0,0,0,0,0,4,0,0,0,0,0,0,0,0,0,0,0,0,0,0,0,0,0,148,0,0,0,0,0,0,0,0,0,0,0,0,0,0,0,0,0,0,0,0,0,0,0,0,0,0,50,0,0,0,0,0,0,16,0,0,0,0,0,0,0,0,0,0,0,0,0,0,0,0,0,0,42,0,0,0,0,0,0,0,0,0,0,0,0,0,0,0,0,0,0,0,0,0,0,0,0
792,0,0,0,0,0,0,0,0,0,0,0,0,0,0,0,0,0,0,0,0,0,0,0,0,0,0,0,0,0,0,0,0,0,0,0,0,0,0,0,0,0,0,0,0,0,0,0,0,0,0,0,0,0,0,0,0,0,0,0,0,0,0,0,0,0,0,0,0,0,0,0,0,0,0,0,0,0,0,0,0,0,0,0,0,0,0,0,0,0,0,0,0,0,0,0,0,0,0,0,301409,72,228,1536,1308866,0,0,0,0,0,0,0
793,0,0,0,0,0,0,0,171,0,0,0,0,0,0,137,0,0,0,0,0,0,0,0,0,0,0,0,0,0,0,0,0,0,0,0,0,0,0,0,0,0,0,0,0,211,0,0,0,0,0,0,0,0,0,0,0,0,0,0,0,0,0,0,0,0,0,0,0,0,0,0,0,0,0,0,0,78,0,0,428,0,1779,504,0,0,0,0,0,0,0,0,0,0,190,0,0,0,0,10,15,0,0,0,3,0,0,0,0,0,0,0
7964,0,0,220,0,0,0,0,0,0,55,0,0,0,0,0,0,0,5388,11017,0,0,0,0,0,0,0,35,0,211,23,0,0,0,18,0,0,0,0,0,0,0,10,0,0,65,0,19,0,0,0,0,11,0,0,0,0,0,0,0,0,0,0,0,0,0,0,0,0,0,0,0,0,0,0,0,0,0,0,82109,84548,0,0,0,0,0,0,0,0,0,0,0,0,0,0,0,0,0,0,0,0,0,0,0,0,0,0,0,0,0,0,0
7970,0,0,0,0,0,0,0,0,0,77012,0,0,0,0,0,46,158,28,54,0,0,0,0,0,0,0,81,0,165,0,0,0,0,0,0,0,0,0,0,0,0,0,0,0,0,0,0,0,0,0,0,0,0,0,0,0,0,0,0,0,0,0,0,0,0,0,0,0,0,0,0,0,0,35,0,0,0,0,0,0,0,13,344,0,0,0,0,0,0,0,0,0,0,0,0,0,0,0,0,0,0,0,0,0,0,0,0,0,0,0,0
799,0,0,0,0,0,0,2780,0,0,0,0,0,0,0,0,0,0,71516,1449,0,10,0,30,0,0,84,0,0,0,286,0,0,0,124,0,0,0,0,0,0,0,0,0,0,0,0,16,0,0,0,0,792,1941,7436,9,0,0,0,0,0,0,0,0,0,0,0,0,0,0,29,0,0,0,0,0,0,0,0,0,0,0,0,0,0,0,0,2,0,0,0,0,0,0,8,0,0,0,0,0,0,0,0,0,44,0,0,0,0,0,0,0
7995,0,0,0,0,0,0,0,0,0,0,0,0,0,0,0,0,0,0,0,0,0,0,0,0,0,0,0,0,0,0,0,0,0,0,0,0,0,0,15,88,0,0,0,0,0,0,0,0,0,0,0,0,0,0,0,0,0,0,0,0,0,0,0,0,0,0,0,0,0,0,0,0,0,0,0,0,6932,0,0,326,0,917,160,0,0,0,0,0,0,0,0,0,0,0,0,0,0,0,0,0,0,0,0,0,0,0,0,0,0,0,0
8,0,0,0,0,0,0,295,0,0,0,0,0,0,0,19,0,0,0,0,0,0,0,0,0,0,0,34,0,0,0,0,0,0,0,0,7,0,0,0,0,0,0,0,0,0,0,0,0,0,0,0,0,0,0,13,0,0,0,0,0,72,0,0,0,0,0,0,0,0,0,0,0,0,0,0,0,0,0,0,0,0,0,0,0,0,0,128,0,0,0,0,0,0,18,0,0,0,0,0,0,0,0,0,0,0,0,0,0,0,0,0
80,0,18,0,0,0,0,12,0,0,0,504,0,0,0,115,99,0,201,121,0,0,0,0,0,0,0,0,0,8,33,0,0,0,752,0,0,9,0,0,0,0,0,17,0,0,15,17,5,0,0,0,0,0,0,13,0,0,0,1477,386,249,0,124,0,0,0,0,246,580,168,0,0,0,0,0,0,1216,85,50,5613,1381,38,551,0,0,5,9131,3095,29,276,0,0,0,0,0,0,0,0,26,78,0,0,0,0,0,0,0,0,0,0,0
800,0,0,59,0,0,0,30,0,0,0,0,0,0,0,29,0,0,163,0,0,0,0,0,0,0,0,0,0,0,0,0,0,0,0,0,0,0,0,126,3455,0,0,0,0,0,0,0,0,0,0,0,0,0,0,1455,52,210,0,0,0,26,0,0,0,0,0,0,0,0,0,0,0,0,0,0,0,0,0,0,0,0,0,0,0,0,0,281,0,0,0,0,0,0,0,0,0,0,0,0,0,0,0,0,0,0,60,0,0,0,0,0
801,0,0,0,0,0,0,0,0,0,0,0,0,0,0,20,0,0,0,0,0,0,0,0,0,0,0,0,0,0,0,0,0,0,0,0,0,0,0,0,0,0,0,0,0,0,0,11,0,0,0,0,0,11,209,0,0,0,0,0,0,0,0,0,0,2287,0,0,0,0,0,0,0,1150,206,167,0,0,0,0,0,0,0,0,0,0,0,0,0,0,0,0,0,0,0,0,0,0,0,0,30,0,0,0,28,0,0,0,0,0,0,0
803,0,0,0,0,0,0,0,0,0,0,0,0,0,0,0,0,0,0,0,0,0,0,0,0,0,0,0,0,0,106,0,0,0,0,0,0,0,0,0,4745,0,0,0,0,32,0,0,0,0,0,0,0,0,0,0,0,0,0,0,0,0,0,0,0,0,0,0,0,0,0,0,0,0,0,0,0,0,0,0,0,0,0,97,0,0,0,0,0,0,0,0,0,0,0,0,0,0,0,0,0,0,0,0,0,0,0,0,0,0,0,0
807,0,0,0,0,0,0,0,0,0,0,0,0,0,0,0,0,0,0,0,0,0,0,0,0,0,0,0,0,0,0,0,0,0,0,0,0,0,0,0,0,0,0,0,0,100,54,0,0,0,0,0,0,0,0,0,0,0,0,0,0,0,0,0,0,0,0,0,0,0,0,0,0,0,0,0,0,0,0,11354,7115,0,0,0,0,0,0,0,0,0,0,0,0,0,0,0,0,0,0,0,0,0,0,0,0,0,0,0,0,0,0,0
8102,0,0,0,0,0,0,0,0,0,0,0,0,0,0,0,0,0,0,0,0,0,0,0,0,0,0,0,0,125,52,0,0,0,0,0,0,0,0,0,0,0,0,0,0,0,0,0,0,0,0,0,29,0,196,0,0,0,0,0,0,0,0,0,0,0,0,0,0,0,0,0,0,0,0,0,0,0,0,16,77,0,0,0,0,0,0,0,0,0,0,0,0,0,0,0,0,0,0,0,0,0,0,0,0,0,0,0,0,0,0,0
8158,0,0,0,0,0,0,0,0,0,60,0,0,0,0,0,0,3931,0,0,0,0,0,0,0,0,0,0,0,0,0,0,0,0,0,0,0,0,0,0,0,0,0,0,0,0,0,0,0,0,0,0,0,0,0,0,1697,0,28,0,0,0,0,0,0,0,0,0,0,0,0,0,0,0,0,0,0,0,0,0,0,0,0,0,0,0,0,0,0,0,0,0,0,0,0,0,0,0,0,0,0,0,0,0,0,0,0,0,0,0,0,0
8164,0,0,0,0,0,0,0,0,0,0,0,0,0,0,0,0,0,254,345,0,0,0,0,0,0,0,0,0,0,0,0,0,0,0,0,0,1152,0,0,0,0,0,0,0,0,0,0,0,0,0,0,0,0,0,277,44,0,0,0,0,0,0,0,0,0,0,0,0,0,0,0,0,0,0,0,0,0,0,63,229,0,0,0,0,0,0,0,0,0,0,0,0,0,0,0,0,0,0,0,0,0,0,0,0,0,0,0,0,0,0,0
817,0,0,0,0,0,0,0,0,0,0,0,0,0,0,0,0,0,8,54,0,0,0,0,0,0,0,0,0,0,926,22,0,0,0,0,0,0,0,0,0,0,0,0,0,0,0,0,0,0,0,0,0,0,0,111,0,0,0,0,0,0,0,40,0,0,0,0,0,0,0,0,0,0,0,0,0,0,0,0,8552,0,30,12,0,0,0,0,0,0,0,0,0,0,0,0,0,0,0,0,0,0,0,0,0,0,0,0,0,0,0,0
8193,0,0,0,0,0,0,0,0,0,23497,0,0,0,0,0,0,0,0,0,0,0,0,0,0,0,0,0,0,0,0,0,0,0,0,0,0,0,0,0,0,0,0,0,0,0,0,0,0,0,0,0,0,0,0,0,0,0,0,0,0,0,0,0,0,0,0,0,0,0,0,0,0,0,0,0,0,0,0,0,0,0,0,0,0,0,0,0,1575,77,309,0,0,0,0,0,0,0,0,0,0,0,0,0,0,0,0,0,0,0,0,0
820,0,30,0,0,0,0,0,82,0,29,0,0,0,0,137,482,0,14,0,0,0,0,0,0,0,0,13,0,23,30,0,0,0,0,0,46,0,0,0,60,0,0,0,0,0,0,24,182,0,0,0,0,0,0,0,0,0,0,0,0,0,0,12562,0,0,0,0,7,0,0,7,0,0,0,0,0,345,0,333,337,0,43,181,0,0,0,23,0,0,0,0,0,0,11,0,0,0,0,0,0,0,0,0,0,0,0,0,0,0,0,0
822,0,0,0,0,0,0,0,642,0,0,0,0,0,0,0,0,1007,75,0,0,0,0,0,0,0,0,0,0,0,0,0,0,0,0,0,0,0,0,282,133,0,0,0,0,0,0,0,0,0,0,0,0,0,0,64,0,0,0,0,0,0,0,0,0,0,0,0,0,0,225,0,0,0,81,29,0,0,0,0,0,0,34,89,0,0,0,0,0,0,0,0,0,0,0,0,0,0,0,0,0,0,0,0,0,0,0,0,0,0,0,0
827,0,0,5,0,0,1578,6,159,0,0,0,0,0,0,28,0,0,31,40,0,0,0,0,0,0,0,0,0,0,0,0,0,0,0,0,0,99,0,0,0,0,0,0,0,0,0,9,0,0,0,0,0,0,0,0,0,0,0,94,0,0,0,0,0,0,0,0,0,0,0,0,0,0,0,0,0,0,30,0,5255,5,9,0,0,0,9,1355,0,0,0,0,0,0,0,0,0,0,0,0,0,0,0,0,0,0,0,0,0,0,0,0
8317,0,0,0,0,0,0,0,0,0,0,0,0,0,0,0,0,0,0,0,0,0,0,0,0,0,0,0,0,0,0,0,0,0,0,0,0,0,0,0,0,0,0,0,0,0,0,0,0,0,0,0,0,0,0,0,0,0,0,0,0,0,0,0,0,0,0,0,0,0,0,0,0,0,0,0,0,0,0,2,193,0,583,214,0,0,0,0,0,0,0,0,0,0,0,0,0,0,0,0,0,0,0,0,0,0,0,0,0,0,0,0
833,0,0,67,0,0,0,0,0,0,0,0,0,0,0,0,0,0,0,0,0,0,0,0,0,0,0,0,0,78,0,0,0,0,102,0,0,0,0,0,0,0,0,0,0,0,0,0,0,0,0,0,0,0,0,0,0,0,19,0,0,0,0,0,0,0,0,0,0,0,0,0,0,0,0,0,0,0,0,0,0,0,0,75,0,0,0,0,0,0,0,0,0,0,0,0,0,0,0,0,0,0,0,215,33,0,0,0,0,0,0,0
840,0,0,0,0,0,0,16,22,0,0,0,13,0,0,0,0,0,0,0,0,0,0,0,0,0,0,0,0,0,0,0,0,0,0,0,0,8,0,0,0,0,0,0,0,0,0,0,0,0,0,0,0,0,0,0,0,0,0,0,0,0,0,0,0,0,0,0,0,0,0,0,0,0,0,0,0,0,0,0,0,0,0,0,0,0,0,212,0,0,0,0,0,0,0,0,0,0,0,0,121,0,0,0,0,0,0,0,0,0,0,0
842,0,0,0,0,0,0,0,0,0,0,0,0,0,0,0,0,3681,0,0,0,0,0,0,0,0,0,31,0,40,20,0,0,0,0,0,0,0,0,0,0,0,0,0,0,0,0,0,0,0,0,0,0,0,0,0,0,0,0,0,0,0,0,0,0,0,0,0,0,0,0,0,0,0,0,0,0,0,0,0,0,0,7,0,0,0,0,0,0,0,0,0,0,0,0,0,0,0,0,0,0,0,0,0,0,0,0,0,0,0,0,0
843,0,0,0,0,0,0,0,0,0,0,0,0,0,0,0,0,0,0,0,0,14,0,0,0,0,0,0,0,0,627,0,0,0,0,0,0,0,0,0,0,0,0,0,0,0,0,0,0,0,0,0,54,136,742,0,0,0,0,0,0,0,0,0,0,0,0,0,0,0,6714,0,0,101,0,8,0,9,0,0,0,403,0,242,0,0,0,0,0,0,0,0,0,0,0,0,0,0,0,0,0,0,0,0,0,0,0,0,0,0,0,0
8462,0,0,0,67224,0,0,0,0,0,1721,0,0,0,0,17,0,0,0,0,0,0,0,0,0,0,0,0,0,0,492,0,0,0,0,0,0,0,0,0,0,0,0,0,0,0,0,0,0,0,1990,9309,0,140,476,0,0,0,0,0,0,0,43,0,0,0,0,0,0,0,0,51,0,0,0,0,0,0,0,45,171,0,0,0,0,0,0,0,0,0,0,0,0,0,0,0,0,0,0,0,0,0,0,0,0,0,0,15798,0,0,0,0
8469,0,0,0,0,0,0,2177,0,0,0,656,0,0,30,0,0,895,0,0,0,0,0,0,0,0,0,0,0,0,0,15,0,959,542,0,0,0,0,0,0,0,0,0,0,1317,7,0,0,0,0,0,0,0,0,0,32,0,0,87,6,0,0,0,0,0,0,0,0,0,0,0,0,0,0,0,0,0,0,0,0,0,0,0,0,0,0,4,0,0,0,0,0,0,11,0,0,0,0,0,0,0,0,0,0,0,0,0,0,0,0,0
85,0,0,0,0,0,0,0,0,0,0,0,0,0,0,80,17,0,2521,343,0,0,0,0,0,0,0,178,0,3070,800,0,0,0,727,0,0,0,0,0,0,0,0,1233,0,0,0,0,0,0,0,0,0,0,0,0,0,41,0,0,0,2,0,0,0,0,0,0,0,0,146,0,0,91,60,0,0,16,0,124,2450,3064,0,135,0,0,0,0,15,0,0,0,0,61,0,0,0,0,0,0,0,0,0,32,0,0,0,0,0,0,0,0
850,0,0,0,0,0,0,0,0,0,0,0,0,0,0,0,0,0,4987,1352,0,0,0,0,0,0,0,0,0,7641,4042,0,0,0,0,0,0,0,0,0,0,0,0,81172,0,0,0,0,0,0,0,0,0,0,537,0,0,0,0,0,0,0,0,0,0,0,0,0,0,0,0,0,0,1758,544,159,0,0,0,27,95,0,0,0,0,0,0,0,0,0,0,0,0,0,0,0,0,0,0,0,0,0,0,0,0,0,0,0,0,0,0,0
8510,0,0,0,0,0,0,0,0,0,43405,0,0,0,0,0,214,126,50,104,0,0,0,0,0,0,55400,340,0,182,138,0,0,0,143,0,0,0,0,1211,1200,0,0,0,0,0,0,0,0,0,0,0,0,0,810,0,0,0,0,0,0,0,0,0,0,0,0,0,0,0,0,0,0,3512,2024,341,0,0,0,0,0,61,65,292,0,0,0,0,383,81,262,0,0,0,0,0,0,0,0,0,0,0,0,0,0,0,0,0,0,0,0,0
8545,0,0,0,0,0,0,0,0,0,0,0,0,0,0,0,0,0,0,0,0,18,0,0,0,0,0,0,0,130,222,0,0,0,0,0,0,0,0,0,0,0,0,0,0,0,0,0,0,0,0,0,0,0,0,0,0,0,0,0,0,0,0,0,0,0,0,0,206,0,0,0,0,0,0,0,0,18938,0,0,0,0,0,0,0,0,0,0,0,0,0,0,0,0,0,0,0,0,0,0,0,0,0,0,0,0,0,0,0,0,0,0
860,0,0,0,0,0,0,0,0,0,25,0,0,0,0,0,0,0,0,0,0,0,0,0,0,0,0,0,0,60,0,0,0,0,453,0,0,0,0,0,0,0,86,0,0,0,0,13,13,0,0,0,0,0,0,0,0,0,0,0,0,0,0,0,0,0,0,0,0,0,0,0,1603,0,0,0,0,0,0,0,0,0,0,0,0,0,0,26,0,0,0,0,0,0,0,0,0,0,0,0,0,0,0,0,0,0,0,0,0,0,0,0
863,0,0,0,0,0,0,0,0,0,205,0,0,0,0,0,0,0,0,0,0,0,0,0,0,0,0,0,0,0,0,0,0,0,853,0,0,0,0,0,0,0,0,0,0,0,0,0,0,0,0,0,0,0,0,0,0,28830,1977,0,238,114,75,0,0,0,0,0,0,0,0,0,0,1296,359,189,0,0,0,13,60,0,0,0,0,0,0,0,0,0,0,0,0,0,0,0,0,0,0,0,32,0,0,0,0,0,0,0,0,0,0,0
864,0,0,0,0,0,0,0,0,0,0,0,0,0,0,0,0,0,0,0,0,0,0,0,0,0,0,0,0,35,2226,0,0,0,0,0,0,0,0,210,6955,0,0,0,0,0,0,0,0,0,0,0,0,0,0,67,315,0,0,0,0,0,0,0,0,0,0,0,0,0,0,207,0,0,0,0,0,0,0,0,8021,0,0,0,0,0,0,0,0,0,0,0,0,0,0,0,0,0,0,0,211,0,0,0,0,0,0,0,0,0,0,0
8687,0,0,0,0,0,0,0,0,0,0,0,0,0,0,0,0,0,0,0,0,0,0,0,0,0,15478,30,0,0,11,0,0,0,0,0,0,0,0,0,0,0,0,0,0,0,0,0,0,0,0,0,0,0,0,0,0,0,0,0,0,0,0,0,0,0,0,0,0,0,0,0,0,18,40,0,0,0,0,0,0,0,0,0,0,0,0,0,0,0,0,0,0,0,0,0,0,0,0,0,0,0,0,0,0,0,0,0,0,0,0,0
8689,0,0,0,0,0,0,0,0,0,269115,0,0,94131,0,22760,770,131625,137861,19984,0,17059,251886,10938,0,0,279540,461618,32,113429,127118,0,0,0,316,0,0,20499,0,0,0,16,48,0,0,0,49864,25184,40880,0,0,0,0,0,0,94251,501349,108607,644706,0,24,323,11,51607,0,277008,0,0,0,0,86,16901,0,218932,169711,987700,0,77877,0,0,0,23885,13975,48596,0,4196,0,0,267485,229259,1197509,0,0,0,0,0,0,0,0,0,202399,0,0,10335,113643,0,0,0,0,0,0,0
8693,0,0,0,0,0,0,0,0,0,0,0,0,0,0,0,0,39225,4412,12020,0,0,0,0,0,0,0,0,0,0,0,0,0,0,0,0,11434,3263,0,0,0,0,0,0,0,0,0,0,0,0,0,0,0,0,0,0,0,0,0,0,0,15,45,0,0,0,0,0,0,0,0,0,0,0,0,0,0,0,0,0,0,0,0,0,0,0,0,0,0,0,0,0,0,0,0,0,0,0,0,0,0,0,0,0,0,0,0,0,0,0,0,0
87,0,0,0,0,0,0,623,1572,0,0,0,0,0,0,108,0,0,4605,881,0,0,0,19,0,0,0,0,0,0,0,0,0,0,0,0,0,0,0,3,16,0,0,0,0,397,24,23,42,0,0,0,14,0,21,25,0,79,0,0,9,0,0,0,0,0,0,0,23,0,0,8,81,0,36,3,0,0,18,2184,666,35,721,100,0,0,0,259,0,0,0,0,0,0,0,0,0,0,0,0,116,0,0,107,0,0,0,1290,0,0,0,0
8711,0,0,0,0,0,0,14,0,0,0,0,0,0,0,0,0,0,0,0,0,0,0,0,0,0,0,0,0,0,0,0,0,0,0,0,32,0,0,0,0,0,0,0,0,0,0,0,0,0,0,0,0,0,0,0,0,0,0,0,0,0,0,4,0,0,0,0,0,0,0,0,0,0,0,0,0,0,3,86,45,8,0,3,0,0,0,2,66,0,0,0,0,0,0,0,0,0,0,0,91,0,0,0,0,0,0,0,0,0,0,0
873,0,0,0,0,0,0,0,0,0,0,0,0,0,0,0,0,0,0,0,0,0,0,0,0,0,0,0,0,6678,3107,0,0,0,0,0,0,0,0,0,0,0,0,0,0,0,0,586,0,0,0,0,0,0,0,0,0,0,0,0,0,0,0,0,0,0,0,0,0,0,0,0,0,0,5,0,0,0,0,0,0,24,0,0,0,0,0,0,0,0,0,0,0,0,0,0,0,0,0,0,0,0,0,0,0,0,0,0,0,0,0,0
874,0,0,0,0,0,0,0,0,0,0,0,0,0,0,0,0,0,0,259,0,0,0,0,0,0,0,0,0,9,720,0,0,0,0,0,137,0,0,47,156,0,0,0,0,0,0,0,0,0,0,0,0,0,0,0,0,0,61,0,0,0,0,0,0,0,0,0,128,0,96,0,0,18,722,0,0,0,0,0,0,0,0,184,0,0,0,0,0,0,0,0,0,0,0,0,0,0,0,0,0,0,0,0,0,0,0,0,0,0,0,0
8742,0,0,0,0,0,0,0,0,0,0,0,0,0,0,0,0,0,33945,0,0,0,13381,298,27040,27976,1257,0,0,1943,0,0,0,0,59,0,0,0,0,0,0,0,0,0,0,0,0,0,0,0,0,0,0,0,174527,0,0,16568,2363,0,0,1013,428,0,0,0,0,0,0,0,0,44,0,355,37778,820,0,0,0,0,0,323151,0,0,0,43,0,0,0,0,0,0,0,0,0,0,0,0,672,0,0,0,0,0,0,0,0,0,0,0,0,0
876,0,3,0,0,0,0,0,0,0,0,0,0,0,0,0,0,0,1028,181,0,0,0,0,0,0,0,9,0,5,43,0,0,0,22,0,0,0,0,0,6626,0,0,0,0,0,0,0,0,0,0,0,0,0,48,0,0,0,0,12,0,0,0,0,0,0,0,0,0,0,0,5,150,0,7,0,0,0,0,0,21,0,0,0,0,0,0,0,0,0,0,0,0,0,8,0,0,0,0,0,0,0,0,0,0,0,0,30,0,0,0,0
8780,0,0,0,0,0,0,0,0,0,0,0,0,0,0,0,300,166,22,26,0,0,0,0,0,0,0,0,0,0,0,0,0,0,0,0,0,0,0,441,0,20,0,0,0,268,0,0,0,0,0,0,0,0,115,0,0,0,0,0,0,0,0,0,0,0,0,0,0,0,499,0,0,124,284,0,0,0,0,14,0,474,4,0,0,0,0,0,0,0,0,0,0,0,0,0,0,0,0,0,0,0,0,0,0,976,1186,98,0,0,0,0
8781,0,0,0,0,0,0,0,0,0,0,0,0,0,0,0,0,0,0,0,0,0,0,0,0,33905,0,0,0,0,0,0,0,0,0,0,0,0,0,0,0,0,0,0,0,0,0,0,0,0,0,0,0,0,0,0,0,0,0,0,0,0,114,0,0,0,0,0,0,0,0,0,0,0,38,0,0,0,0,0,2232,0,4,0,0,51,0,0,0,0,0,0,0,0,0,0,0,0,0,0,0,0,0,0,0,0,0,0,0,0,0,0
88,0,0,91,0,0,0,22,0,0,0,0,0,0,0,188,0,448,3569,1169,0,0,0,17,0,4,0,0,0,17,53,0,0,0,220,0,12,30,0,0,1460,0,0,0,0,92,8,8,0,0,0,0,0,0,0,5,0,0,0,30,92,44,0,371,0,0,0,0,267,2175,124,0,0,0,67,0,0,744,0,27,6063,306,27,332,0,0,12,214,0,0,0,0,0,0,0,0,0,0,0,0,188,0,0,0,59,0,0,0,0,0,0,0
881,0,0,19,0,0,0,295,75,0,0,0,0,14,0,16,68,0,16,50,0,0,0,0,0,0,0,0,0,0,0,0,0,0,0,0,0,105,0,0,2,0,0,499,0,0,0,43,0,0,0,0,0,0,39,408,0,44,2,0,0,0,0,0,0,7,0,0,0,0,0,4279,2,0,0,0,0,33,0,17,3611,0,853,194,0,0,0,13,0,0,0,0,0,0,0,0,0,0,0,0,50,0,0,0,0,0,0,0,0,0,0,0
882,0,0,0,0,0,0,0,0,0,0,0,0,0,0,0,0,0,0,0,0,0,0,0,0,0,0,0,0,0,9,0,0,0,0,0,0,0,0,0,0,0,0,0,0,0,0,0,0,0,0,0,0,0,0,0,0,0,0,0,0,0,0,0,0,0,0,0,258,0,0,0,0,0,0,0,0,0,0,0,0,0,0,0,0,0,0,0,1733,24,231,0,0,0,0,0,0,0,0,0,0,0,0,0,0,0,0,0,0,0,0,0
8841,0,0,0,0,0,0,13339,0,0,0,2232,0,0,162,0,0,0,0,0,0,0,0,0,0,0,0,0,0,0,0,20,0,2290,732,0,0,0,3,0,0,0,0,0,0,35,0,0,0,0,0,0,0,28,645,0,0,0,0,338,64,0,0,0,0,0,0,0,0,0,0,0,0,0,84,0,0,0,0,0,0,10,0,0,0,0,0,0,0,0,0,0,0,0,0,0,0,0,0,0,0,0,0,400,7,0,0,0,0,0,0,0
885,0,0,0,0,0,0,0,0,0,0,0,0,11,0,0,0,0,0,0,0,0,0,0,0,0,0,0,0,0,0,0,0,0,0,0,0,0,0,0,0,0,0,0,0,0,0,0,0,0,0,0,0,0,0,0,0,0,0,0,0,0,0,0,0,0,0,0,0,0,0,44,0,0,0,0,0,0,0,0,12,0,0,0,0,0,0,0,0,0,0,0,0,0,0,0,0,0,0,0,0,0,0,888,196,0,0,0,0,0,0,0
8865,0,0,0,0,0,0,0,0,0,0,0,0,0,9,0,0,0,0,0,0,0,0,0,0,0,0,0,0,0,0,0,0,308,0,0,0,0,0,0,0,0,0,0,0,0,21,0,0,0,0,0,0,0,0,0,0,0,0,92,0,0,0,0,0,0,0,0,0,0,0,0,0,0,0,0,0,0,0,0,0,0,0,0,0,0,0,0,0,0,0,0,0,0,0,0,0,0,0,0,0,0,0,0,0,0,0,0,0,0,0,0
887,0,0,0,0,0,0,0,0,0,0,0,0,0,0,0,0,0,0,0,0,0,0,0,0,0,0,0,0,0,0,0,0,0,335,0,0,0,0,0,0,0,0,0,0,0,0,0,0,0,0,0,0,0,0,0,0,0,0,0,0,0,0,0,0,0,0,0,0,0,56156,0,0,327,233,0,0,0,0,0,0,0,0,0,0,0,0,0,0,0,0,0,0,0,0,0,0,0,0,0,0,0,0,0,0,0,0,0,0,0,0,0
8913,0,0,0,0,0,0,0,0,0,0,0,25,0,0,0,0,0,0,0,0,0,0,0,0,0,0,0,0,0,0,0,0,0,0,0,0,5,0,0,0,0,0,0,0,0,0,0,0,0,0,0,0,0,0,50,0,0,0,0,0,0,0,0,0,0,0,0,0,0,0,0,0,0,0,0,0,83,0,0,11,0,0,0,0,0,4,0,0,0,0,0,0,0,0,0,0,0,0,0,0,0,0,0,0,0,0,0,0,0,0,0
8914,0,0,0,0,0,0,0,480,0,42815,0,0,0,0,0,129,2704,50,162,0,0,0,0,0,0,0,277,0,307,54,0,0,0,0,0,0,0,0,0,0,0,0,0,0,0,0,0,0,0,0,0,0,0,0,0,214,0,0,0,0,0,0,0,0,0,0,0,0,0,0,0,0,0,80,12,0,0,0,0,0,0,62,147,0,0,0,0,0,0,0,0,0,0,0,0,0,0,0,0,0,0,0,0,0,0,0,0,0,0,0,0
894,0,0,0,0,0,0,676,14,0,24,0,0,11697,4,13525,1928,6685,41612,1163,0,4642,20,136,0,0,1003,910,0,799,99,0,0,385,727,0,0,4539,0,0,10164,8,61,0,0,0,919,542,205,0,0,0,0,0,293,1577,11327,335489,253604,0,0,7,7,6969,0,118,0,0,12044,183471,220,1997,495,26744,7237,146460,0,36117,0,0,0,2,0,72,0,11,0,0,0,0,870,0,0,0,145,0,0,0,0,0,3275,4,0,0,0,0,0,0,0,0,0,0
9,0,0,2934,0,0,0,2317,935,0,125,0,0,0,0,628,78,0,13578,9746,0,0,0,70,0,0,0,0,0,0,417,0,0,0,3711,0,0,126,0,0,3467,0,0,630,0,0,312,44,0,0,0,0,0,0,36,246698,369,1944,1006,8745,519,1930,18,437,0,0,0,0,217,3656,375,13,48,0,129,0,0,624,194,397,14023,1402,0,3742,0,0,34,40967,0,0,0,0,155,14,165,19,107,0,0,56,2354,0,0,0,185,0,0,0,0,0,0,0
906,0,0,1497,0,8274,0,148,648,0,0,0,0,0,0,89,0,0,379,345,0,0,0,0,0,0,0,0,0,0,0,0,0,22,0,0,0,512,0,0,0,0,0,0,0,0,0,0,0,0,0,0,0,0,0,2768,1189,281,0,739,0,93,0,18,0,0,0,0,0,0,0,0,0,0,0,0,0,0,27,0,4776,58,0,31,0,0,0,5555,0,0,0,0,0,0,0,0,0,0,0,37,0,0,0,0,0,0,0,0,0,0,0,0
909,0,0,0,0,0,0,0,0,0,6,0,0,0,0,0,0,0,295,150,0,0,0,0,0,11,31,413,0,21,774,0,0,0,0,0,63,0,0,0,16349,0,0,1122,0,273,0,0,0,0,0,0,16,3,184,18,282,0,0,0,0,387,0,0,0,0,0,0,60,0,24866,0,0,43,40,0,0,46,0,36,86,7,30,4918,0,0,0,54,14,0,0,0,0,0,0,0,0,0,0,0,107,0,0,0,0,0,0,22640,0,0,0,0
9116,0,0,0,0,0,85517,0,346,0,22,0,0,0,0,153,61357,6641,0,0,0,0,0,3743,0,0,0,0,0,0,0,0,0,0,0,0,0,0,0,0,0,0,0,0,0,0,0,0,0,0,0,0,0,0,0,0,0,0,0,0,2072,1396,406,0,0,77,0,0,0,0,1846,0,0,0,0,0,0,0,0,0,17,0,0,0,71,31654,0,0,2846,45994,59607,1890,144,0,275250,0,2141,0,0,0,0,0,0,0,0,0,0,0,0,0,0,0
913,0,64,46,0,0,0,0,55,0,33,0,0,0,0,0,0,0,0,0,0,0,0,0,0,0,0,0,0,0,0,0,0,0,0,0,0,0,0,0,0,0,0,0,0,0,0,0,0,0,633,3163,14,59,454,651,0,34,0,0,0,6,0,0,0,0,0,0,0,0,0,0,0,0,0,0,0,0,0,0,0,0,0,0,0,0,0,5,0,0,0,0,0,0,109,0,0,0,0,0,0,0,0,0,0,0,0,590,0,0,0,0
9151,0,0,0,0,0,0,0,0,0,0,0,0,0,0,0,0,0,0,0,0,0,0,0,0,0,0,0,0,0,97,0,0,0,0,0,0,0,0,39,186,0,0,0,0,0,0,0,0,0,0,0,672,718,1819,0,0,0,0,0,0,0,0,0,0,0,0,0,0,0,0,0,0,0,0,0,0,0,0,0,0,120,0,33,0,0,0,0,0,0,0,0,0,0,0,0,0,0,0,0,0,0,0,0,0,0,0,0,0,0,0,0
918,0,0,0,0,0,0,0,0,0,8,0,0,0,0,0,0,0,0,0,0,0,0,0,0,0,0,0,0,2,43,0,0,0,0,0,0,0,0,0,0,0,0,0,0,0,0,0,0,0,0,0,0,0,3,15,0,0,0,0,0,0,10,0,0,0,0,0,0,7193,62,0,0,0,0,0,0,0,0,0,0,0,0,17,0,0,0,0,0,0,0,0,0,0,0,0,0,0,0,0,0,0,0,0,0,0,0,0,0,0,0,0
9236,0,0,0,0,0,0,0,193,0,5936,0,0,0,0,0,0,0,0,0,0,0,0,0,0,0,0,0,0,0,0,0,0,0,0,0,0,0,0,262,135,0,0,0,0,0,0,0,0,0,0,0,0,0,0,0,0,0,0,0,0,0,0,0,0,0,0,0,0,0,131,0,0,0,0,0,0,0,0,0,0,0,0,0,0,0,0,41,0,0,0,0,0,0,0,0,0,0,0,0,0,0,0,0,0,0,0,0,0,0,0,0
924,0,0,0,0,0,0,0,75,0,1162,0,0,0,0,0,0,0,0,0,0,14,0,0,0,0,0,0,0,0,400,0,0,0,0,0,0,0,0,0,0,0,0,0,0,127,9,0,0,0,0,0,0,0,0,0,0,0,0,0,0,0,0,0,0,0,0,0,0,0,0,2,138,0,0,0,1,0,0,0,0,0,0,0,0,31,0,226,0,0,0,0,0,0,9494,0,0,0,0,0,0,0,0,0,0,0,0,0,0,0,0,0
9298,0,0,0,0,0,0,0,0,0,0,0,0,0,0,0,0,0,0,0,0,0,0,0,0,0,0,0,0,157,305,0,0,0,0,0,0,0,0,66,28,0,0,0,0,0,0,0,0,0,0,0,0,0,0,0,0,0,0,0,0,0,0,0,0,42,0,0,0,0,51,0,0,0,0,0,0,0,0,128,8830,2604,0,792,0,0,0,0,0,0,0,0,0,0,0,0,0,0,0,0,50,0,0,0,0,0,0,0,0,0,0,0
93,0,0,9,0,0,0,1157,0,0,0,400,0,0,4,0,0,0,24127,152,0,6,0,0,0,0,2784,758,0,0,13,0,0,139,7619,0,0,0,0,74,971,0,0,0,0,11,0,0,26,0,0,0,0,0,8,0,256,0,0,16,0,73,0,0,0,13,0,0,0,0,43,759,305,73,1035,14,0,0,0,5,1900,3,0,0,0,5,0,49,0,0,0,0,0,0,1131,0,0,3,0,0,0,0,0,7,0,0,0,0,0,0,0,0
937,0,0,0,0,0,0,0,0,0,0,0,0,0,0,0,0,0,0,0,0,0,0,0,0,0,0,0,0,0,0,0,0,0,0,0,0,0,0,0,0,0,0,0,0,0,0,0,0,0,0,0,0,0,40,0,0,0,0,0,0,0,0,0,0,0,0,0,0,0,0,0,265,0,0,0,4,0,0,0,37,0,0,12,0,0,0,0,0,0,0,0,0,0,0,0,0,0,0,0,0,0,0,0,0,0,0,0,0,0,0,0
939,0,0,0,0,0,0,0,0,0,0,0,0,0,0,0,0,0,6,0,0,114,0,0,0,0,0,0,0,0,0,0,0,0,0,0,0,0,0,0,0,0,0,0,0,0,0,6,4,0,0,0,0,0,0,0,0,0,9,48,0,0,0,17,0,0,0,0,0,0,0,0,0,0,0,0,81,44,281,58,15,0,0,1026,0,0,0,5,0,0,0,0,0,0,0,0,0,0,0,2,17,0,0,0,0,0,0,0,0,0,0,0
94,0,0,552,0,0,247,736,228,0,43,0,0,0,0,0,0,0,145253,6262,0,546,0,21,0,0,36734,5017,0,13547,1264,0,0,0,61,0,24,0,0,0,736,0,0,24534,0,0,0,85,0,0,0,0,0,0,24,121,0,0,0,0,12,29,0,151,20,254,0,0,760,0,309,0,0,349,3294,126,252,557,831,257,42345,164,33,78,0,0,0,50,0,0,0,0,0,0,1927,0,0,0,0,0,160,0,0,62,116,0,0,0,0,0,0,0
940,0,0,0,0,0,0,0,0,0,0,0,0,0,0,46,0,0,16,0,7,0,0,0,0,0,73,142,0,194,139,0,0,0,946,0,70,0,0,0,0,0,0,0,0,0,7,0,0,0,0,0,0,0,104,0,0,35,0,0,0,0,0,0,0,0,0,0,0,0,0,22,1486,0,17,0,0,0,0,0,228,23,65,1037,0,0,0,0,0,0,0,0,0,0,0,0,0,0,0,0,122,0,0,0,0,0,0,0,0,0,0,0
942,0,0,0,0,0,0,0,28614,0,146372,0,0,91259,120,98711,7837,158458,422522,90739,0,15230,369395,5585,36339,9229,306634,1357138,117,195665,300264,0,0,0,1168,0,35632,40881,54,425,20733,0,112,0,0,0,2143746,501266,2491948,0,0,0,181926,917,249593,109438,543269,80758,742677,67,35,1077,354,47690,0,455095,0,0,18323,107635,708,7045,0,356742,393209,2380747,0,33009,0,0,138,457967,44950,275215,0,2310,0,0,540704,288489,884592,0,0,0,0,0,101,0,17077,0,141917,4,0,2814,102937,38,13175,8021,0,0,0,0
9452,0,0,0,0,0,0,0,0,0,0,0,0,0,0,0,0,0,0,0,0,0,0,0,0,0,0,0,0,0,0,0,0,0,0,0,0,0,0,0,0,0,0,0,0,0,0,0,0,0,0,0,0,5,116,0,0,0,0,0,0,0,0,0,0,0,0,0,0,0,0,0,0,9,176,0,0,0,0,0,0,0,0,0,0,0,0,0,0,0,0,0,0,0,0,0,0,0,0,0,0,0,0,0,0,0,0,0,0,0,0,0
947,0,0,0,0,0,0,0,38063,0,19438,0,0,0,0,0,0,0,1360,363,0,0,0,863,0,0,0,0,0,440,10217,0,0,0,0,0,0,0,0,5143,44501,0,0,0,0,0,0,0,0,0,0,0,0,27,817,0,0,331960,100669,0,0,484,0,0,0,0,0,0,0,0,11405,109,0,1115,671,97,0,0,0,158,7582,11643,0,5195,0,0,0,0,676,0,0,0,0,0,0,0,0,0,0,0,0,0,0,0,0,0,0,0,0,0,0,0
95,0,23,9,0,0,0,0,76,0,0,0,0,0,0,0,0,0,1136,10,0,277,0,0,0,0,50,70,0,22,1507,0,0,0,425,0,0,0,0,0,0,0,0,0,0,0,0,30,20,0,0,0,0,31,768,0,0,0,0,0,0,0,0,0,0,0,0,0,150,0,167,0,1542,0,102,0,55,9,38,103,3185,0,0,2699,0,0,65,178,0,0,9,0,0,0,257,0,0,0,0,0,4,0,0,0,0,0,0,0,0,0,0,0
9522,0,0,0,0,0,449,3,75,0,0,0,0,0,0,0,0,0,0,9,0,0,0,0,0,0,0,0,0,20,0,0,0,0,0,0,0,0,0,0,0,0,0,0,0,0,0,0,0,0,0,0,0,0,0,58,0,0,0,0,0,0,0,0,0,0,0,0,0,0,0,0,0,0,0,0,0,0,0,0,0,0,0,0,0,0,0,8,43,0,0,0,0,0,0,0,0,0,0,0,0,0,0,0,0,0,0,0,0,0,0,0
953,0,0,0,0,0,0,0,0,0,0,0,0,0,0,0,0,0,0,0,0,0,0,0,0,0,0,0,0,0,0,0,0,0,0,0,0,0,0,0,0,0,0,0,0,0,0,0,0,0,0,0,0,8,200,0,0,0,0,0,0,0,0,0,0,0,0,0,335,0,0,0,0,0,248,0,0,0,0,0,0,0,0,0,0,0,0,0,0,0,0,0,0,0,0,0,0,0,0,0,0,0,0,0,0,0,0,0,0,0,0,0
954,0,0,0,0,0,0,0,772,0,5804,0,0,0,0,0,0,0,43,202,0,0,0,0,0,0,0,0,0,0,0,0,0,0,0,0,302,0,0,0,0,0,0,0,0,0,0,58,29,0,0,0,0,0,0,306,0,47081,18760,0,0,0,0,0,0,0,0,0,0,0,0,0,0,0,0,0,0,0,0,15326,13115,0,0,0,0,0,0,0,945,18,268,0,0,0,0,0,0,0,0,0,1860,0,0,0,53,0,0,0,0,0,0,0
9552,0,0,0,0,0,0,0,0,0,0,0,0,0,0,0,0,0,0,0,0,0,0,0,0,0,0,0,0,0,22,0,0,222,0,0,0,0,0,0,0,0,0,0,0,0,10,0,0,0,0,0,0,0,0,0,33,0,0,19,0,0,0,0,0,0,0,0,0,0,0,0,0,0,0,0,0,0,0,0,0,0,0,0,0,0,0,0,0,0,0,0,0,0,0,0,0,0,0,0,0,0,0,0,0,0,0,0,0,0,0,0
957,0,0,0,0,0,0,0,0,0,0,0,0,0,0,0,0,133,26,175,0,0,0,0,0,22,64,0,0,0,91,0,0,0,0,0,71,8,0,0,0,0,0,0,0,0,0,0,0,0,0,0,0,0,0,0,0,0,0,0,0,0,0,0,0,0,0,0,0,0,0,36,0,0,0,0,0,0,0,0,0,0,0,0,0,0,0,7,0,0,0,0,0,0,0,0,0,0,0,0,0,0,0,0,0,0,0,0,0,0,0,0
9572,0,0,0,0,0,0,0,0,0,39,0,0,0,0,0,0,0,0,173,0,0,0,0,0,0,0,0,0,0,0,0,0,0,40,0,0,0,0,0,222,0,12,0,0,0,0,0,0,0,0,0,0,0,0,0,0,0,10,0,0,0,0,0,0,0,0,0,0,0,0,0,0,0,0,0,0,11,0,0,0,0,0,0,0,0,0,0,0,0,0,0,0,0,0,0,0,0,0,0,0,0,0,801,0,0,0,0,0,0,0,0
9589,0,0,0,0,0,0,0,0,0,0,0,0,0,0,0,0,143,0,0,0,0,0,0,0,0,0,0,0,251,26,0,0,0,0,0,0,0,0,0,82902,0,0,0,0,0,0,0,0,0,0,0,0,0,0,0,0,0,0,0,0,0,0,0,0,20,0,0,45,0,0,0,0,0,37,0,0,123,0,0,1747,0,0,0,0,0,0,0,0,0,0,0,0,0,0,0,0,0,0,0,0,0,0,0,0,0,0,0,0,0,0,0
959,0,0,0,0,0,0,0,0,0,0,0,0,0,0,466,0,36,20,0,0,0,0,0,0,0,0,0,0,0,0,0,0,0,0,0,0,0,0,0,0,0,0,0,0,0,0,0,0,0,0,0,0,0,47,0,0,0,0,0,0,0,0,0,0,0,0,0,0,0,0,0,0,0,0,0,0,0,0,0,0,0,0,0,0,0,0,0,0,0,0,0,0,0,0,0,0,0,0,0,0,0,0,0,0,0,0,0,0,0,0,0
967,0,0,0,0,0,0,0,0,0,0,0,0,0,0,0,0,0,0,0,0,0,0,0,0,0,0,0,0,1964,324,0,0,0,0,0,0,0,0,0,0,0,0,0,0,0,0,0,0,0,0,0,0,0,0,3160,294,0,0,0,0,0,0,0,0,0,0,0,0,0,0,0,0,0,0,0,0,0,0,0,0,0,0,0,0,0,0,194,0,0,0,0,0,0,0,0,0,0,0,0,0,0,0,0,0,0,0,0,0,0,0,0
968,0,0,0,0,0,0,0,0,0,0,0,0,0,0,0,0,0,0,0,0,0,0,0,0,0,0,82,0,5949,2309,0,0,0,0,0,0,0,0,0,235,0,0,0,0,0,0,0,0,0,0,0,0,0,0,0,0,0,0,0,0,0,0,0,0,0,0,0,0,0,0,0,0,0,0,0,0,0,0,0,0,164,0,0,0,0,0,0,0,0,0,0,0,0,0,0,0,0,0,0,0,0,0,0,0,0,0,0,0,0,0,0
97,0,0,0,0,0,0,0,0,0,44,0,0,0,0,0,0,0,0,0,0,0,0,101134,0,0,0,0,0,281,116666,0,0,0,300,0,0,0,0,122693,0,0,0,0,0,0,0,0,0,0,0,0,0,0,0,0,0,0,0,0,0,0,0,0,0,0,0,0,0,0,52969,1060,0,386,76,0,0,0,0,0,0,0,8361,5376,0,0,0,0,0,0,0,0,0,0,0,0,0,0,0,0,0,0,0,0,0,0,0,0,0,0,0,0
9706,0,0,0,0,0,0,0,0,0,0,0,0,0,0,0,0,0,0,0,0,0,0,0,0,0,0,0,0,0,0,0,0,0,0,0,0,0,0,0,0,0,0,0,0,0,0,0,0,0,0,0,0,0,0,0,0,0,0,0,0,0,0,0,0,0,0,0,0,0,0,0,0,0,0,0,0,0,0,0,0,6,0,5,0,0,0,47,0,0,0,0,0,0,0,0,0,0,0,52,0,0,0,0,0,0,0,0,0,0,0,0
971,0,0,0,0,0,0,0,47,0,0,0,0,0,0,0,0,0,0,0,0,0,0,0,0,0,0,0,0,0,0,0,0,0,0,0,0,0,0,0,0,0,0,0,0,0,0,0,0,0,4563,34612,138,678,1427,0,0,0,0,0,0,0,0,0,0,0,0,0,0,0,0,0,0,0,0,0,0,0,0,0,0,0,0,0,0,0,0,0,0,0,0,0,0,0,0,0,0,0,0,0,0,0,0,0,0,0,0,5037,0,0,0,0
9729,0,0,0,0,0,0,1064,0,0,0,0,0,0,0,0,0,0,0,0,0,0,0,0,0,0,0,0,0,0,0,0,0,0,0,0,0,0,0,0,0,0,0,0,0,0,0,0,0,0,0,0,0,0,0,0,0,0,0,0,0,4,0,0,0,0,0,0,0,0,0,0,0,0,157,0,0,0,0,0,0,0,0,0,0,0,0,0,0,0,0,0,0,0,172,0,0,0,0,0,0,0,0,0,0,0,0,0,0,0,0,0
9759,0,0,0,0,0,0,0,0,0,0,0,0,0,0,0,0,0,0,0,0,0,0,0,0,0,0,0,0,6,29,0,0,0,0,0,0,0,0,0,0,0,0,0,0,0,0,0,0,0,0,0,10,5,19,0,0,0,0,0,0,0,0,0,0,0,0,0,0,0,0,0,0,0,0,0,0,0,0,0,0,0,0,0,0,0,0,19,0,0,0,0,0,0,0,0,0,0,0,0,0,0,0,0,0,0,0,0,0,0,0,0
979,0,0,0,0,0,0,40,0,0,0,0,0,0,0,0,0,0,94649,3555,0,0,0,0,0,0,42990,5571,0,0,0,0,0,0,0,0,0,0,0,0,0,0,0,0,0,89,0,0,0,0,0,0,0,0,0,0,0,0,0,0,37,41,0,0,0,266,0,0,635,0,0,120,0,342,4932,95,0,0,0,0,199,0,0,1042,0,0,0,0,0,0,0,0,0,0,3859,0,0,0,0,0,0,0,0,0,0,0,0,0,0,0,0,0
9851,0,0,0,0,0,0,0,0,0,0,0,0,0,0,0,60,4,161,66,0,0,0,0,0,0,0,9,0,4431,915,0,0,0,0,0,0,0,0,0,0,0,0,0,0,0,0,0,0,0,0,0,0,0,0,0,0,0,0,0,0,0,0,0,0,0,0,0,54,1071,25,0,0,0,0,0,0,0,0,0,0,0,0,0,0,0,0,0,0,0,0,0,0,0,0,0,0,0,0,0,0,0,0,0,0,0,0,0,0,0,0,0
986,0,0,0,0,0,0,0,0,0,0,0,0,0,0,0,0,0,0,0,0,0,0,0,0,0,0,0,0,0,170,0,0,0,0,0,0,0,0,0,0,0,0,0,0,0,0,0,0,0,0,0,0,0,0,0,0,0,0,17,0,2,0,0,0,0,0,0,0,0,0,0,0,0,28,0,0,0,0,0,0,0,0,0,0,0,0,0,0,0,0,0,0,0,0,13,0,0,0,0,0,0,0,162,25,0,0,0,0,0,0,0
9863,0,0,0,0,0,0,0,0,0,0,0,0,0,0,0,0,0,0,0,0,0,0,0,0,0,1102,0,0,2714,1024,0,209,0,418,0,0,0,0,0,0,0,0,0,0,20891,1042,727,4773,0,0,0,0,0,0,0,0,18,0,0,0,0,0,0,0,0,0,0,0,0,0,0,0,798,105,42,0,0,0,0,0,0,0,0,0,0,0,0,0,0,0,0,0,0,0,0,0,0,0,0,0,0,0,0,0,0,0,0,0,0,0,0
99,0,0,0,0,0,0,0,0,0,0,0,0,0,0,0,0,0,0,0,0,0,0,0,0,0,0,0,0,0,0,0,0,0,0,0,0,0,0,0,0,0,0,0,0,0,0,0,0,0,0,0,0,0,0,0,0,0,0,0,0,0,0,0,0,145,0,0,154,0,0,0,0,10,14,0,0,0,0,0,985,0,0,0,0,0,0,0,0,0,0,0,0,0,0,0,0,0,0,0,0,0,0,0,0,0,0,0,0,0,0,0
991,0,0,0,0,0,0,0,0,0,0,0,0,0,0,92,0,0,0,119,0,0,0,0,0,0,0,0,0,0,0,0,0,0,152,0,0,1743,0,0,287,0,0,0,0,24,0,0,0,0,0,0,0,0,0,0,0,0,0,0,0,0,0,0,0,0,0,0,0,0,60,0,0,0,5,0,0,144,0,42,33,0,0,0,0,0,0,0,0,0,0,0,0,0,0,0,0,0,0,0,0,0,0,0,0,0,0,0,0,0,0,0
9915,0,0,0,0,0,0,0,0,0,0,0,0,0,0,0,135,0,0,0,0,0,0,0,0,0,38313,175,0,0,146,0,0,0,0,0,0,0,0,0,0,0,0,0,0,0,0,0,0,0,0,0,0,0,0,0,0,0,0,0,0,0,0,0,0,0,0,0,0,0,0,0,0,143,229,0,0,0,0,0,0,0,0,0,0,0,0,0,0,0,0,0,0,0,0,0,0,0,0,0,0,0,0,0,0,0,0,0,0,0,0,0
9953,0,0,451,0,0,0,105,0,0,0,0,0,0,0,0,0,0,137,0,0,0,0,0,0,0,0,0,0,0,0,0,0,0,0,0,0,1206,0,0,0,0,0,0,0,0,0,0,0,0,0,0,0,0,0,4392,206,380,0,0,0,91,0,0,0,0,0,0,0,0,0,0,0,0,0,0,0,0,0,21,843,0,0,0,0,0,0,522,0,0,0,0,0,0,0,0,0,0,0,0,0,0,0,0,0,0,37,0,0,0,0,0
9959,0,0,0,0,0,0,0,0,0,0,0,0,0,0,0,0,0,0,0,0,0,0,0,0,0,0,0,0,103,2626,0,0,0,0,0,0,0,0,1233,2218,0,0,0,0,0,0,0,354,0,0,0,0,0,2872,231,433,0,0,0,0,0,0,0,0,0,0,0,951,0,496,27,0,0,2238,86,0,0,0,0,0,727,0,448,0,0,0,317,0,0,0,0,0,0,0,0,0,0,0,0,99,0,0,0,0,0,0,0,0,0,0,0
998,0,0,0,0,0,0,0,0,0,0,0,0,0,0,0,0,0,0,0,0,0,0,0,0,0,0,0,0,0,0,0,0,0,0,0,0,0,0,0,0,0,0,0,0,0,0,0,0,0,0,0,0,0,0,0,0,0,0,0,0,0,0,10,0,0,0,0,0,0,0,0,0,0,0,0,11,0,0,13187,0,0,0,0,0,0,0,95382,0,0,0,0,0,0,0,0,0,0,0,0,0,0,0,0,0,0,0,0,0,0,0,0
No_PHROG,512329,202385,170716,46080,9433,224928,848011,242570,221710,899132,125080,145807,344570,234711,230643,270679,410691,1626500,636678,466998,110568,3220727,390893,40409,941970,596448,3914592,29,778713,1193398,163768,1219885,443811,258027,245192,67764,412770,127385,824472,2325527,800,129181,533257,1176766,1550638,3935356,1744366,4374129,176940,296014,945317,540059,852182,242153,739178,956836,1638967,3251543,187593,755276,149167,1302884,349321,28929,382702,1682681,271601,166784,590664,287160,445318,1812071,498096,706750,963208,684097,777532,204363,686995,1128040,241962,243030,211707,807,182035,647453,3846492,386868,137260,321873,583363,188502,2918671,6180776,703518,144414,910350,781907,326902,148150,530254,69974,559834,1770200,18768,178940,798368,581354,433984,560981,104894
acr,0,0,0,0,0,0,0,217,0,78,1013,0,0,0,60,0,0,43,10,0,0,0,0,0,0,0,123,0,33,55,0,1272,0,428,0,0,0,0,0,0,0,0,0,0,15955,7648,2596,16164,0,0,0,0,0,0,20,0,0,0,0,0,33,0,0,0,0,0,0,0,0,10,0,0,1600,234,85,0,240,0,0,2060,0,0,5283,15,3011,0,0,50,0,37,0,0,0,453,0,0,0,0,0,0,0,20,39,4,0,0,0,0,0,0,0
defensefinder,0,0,0,0,0,0,0,0,0,0,0,0,0,0,158,0,0,0,0,0,0,0,0,0,0,0,0,0,38,236,0,0,0,0,0,0,0,0,249,305,0,0,0,0,0,0,0,0,0,0,0,261,649,4301,0,0,0,0,0,0,0,0,0,0,0,0,0,0,0,0,0,0,0,27,0,0,0,0,0,1572,0,0,0,0,0,0,0,0,0,0,0,0,0,0,0,0,0,0,0,0,0,0,2014,0,0,0,0,0,0,0,0
netflax,0,0,7,0,0,0,385,1838,0,0,0,0,0,0,0,0,0,321,21,0,0,0,0,0,0,0,0,0,0,0,0,0,0,0,0,0,0,0,0,0,0,0,0,0,0,0,0,0,0,0,0,0,20,152,0,0,0,0,0,0,283,11,0,0,0,0,0,0,0,0,12,4,0,7,0,0,0,7,1025,0,0,0,0,0,0,0,0,0,0,0,0,0,0,0,0,0,0,0,0,0,0,0,0,0,139,3118,43773,0,0,0,0
vfdb,0,0,0,0,0,0,168,0,0,0,0,0,547,0,0,0,0,70913,861,0,0,0,0,0,0,10675,3021,0,189,0,0,0,0,0,0,0,2180,0,0,140159,0,0,0,0,0,0,0,0,0,0,0,0,0,0,2653,194,141,0,0,0,0,0,0,0,143,0,0,0,0,1505,0,0,288,2375,48,0,0,0,0,442,0,0,1125,0,0,0,0,0,0,0,0,0,0,0,0,0,0,0,0,0,0,1481518,0,0,0,0,0,0,0,0,0
